Date_x,Date_y,MinTemp,MaxTemp,RainFall,Evaporation,Sunshine,WindGustDir_x,WindGustDir_y,WindGustSpeed,WindDir9am_x,WindDir9am_y,WindDir3pm_x,WindDir3pm_y,WindSpeed9am,WindSpeed3pm,Humidity9am,Humidity3pm,Pressure9am,Pressure3pm,Cloud9am,Cloud3pm,Temp9am,Temp3pm,RainToday
1,0,22.2,33.9,0,9,6.9,-1.83697e-16,-1,44,-0.707107,0.707107,0.92388,0.382683,4,13,60,65,1007.4,1005.1,5,7,29.7,30.9,0
0.999852,0.0172134,23.2,31.5,0,7.4,0.7,-0.382683,0.92388,30,-0.92388,-0.382683,6.12323e-17,1,11,17,74,47,1009.9,1009.7,8,8,25,29.4,0
0.999407,0.0344216,21.8,26,4.4,5.4,0,-0.92388,0.382683,41,-0.707107,0.707107,-0.92388,0.382683,15,15,85,86,1015.3,1015.1,8,8,22.7,22.1,1
0.998667,0.0516197,20.1,27.5,4.8,4.2,7,-0.382683,0.92388,35,-0.707107,0.707107,-0.707107,0.707107,17,17,55,45,1017.4,1014.7,7,7,25.6,26.3,1
0.99763,0.0688024,20.4,29,0,7.8,7.7,-0.92388,0.382683,30,-0.707107,0.707107,6.12323e-17,1,11,19,65,54,1014.1,1012.1,7,7,25.8,27.7,0
0.996298,0.0859648,20.8,30.5,0,6.4,12.7,6.12323e-17,1,30,-0.382683,0.92388,6.12323e-17,1,9,15,58,49,1013.5,1011.1,3,2,27.3,29.6,0
0.994671,0.103102,20.9,29.8,0,8.6,11.4,0.707107,0.707107,30,6.12323e-17,1,0.707107,0.707107,9,17,62,57,1013,1010.2,3,7,27.2,28.4,0
0.990532,0.137279,23.1,30.2,0.6,4.4,2.8,-0.92388,0.382683,43,-1,1.22465e-16,-0.92388,0.382683,9,24,74,47,1011.8,1010.4,8,7,24.9,28.9,0
0.988023,0.154309,19,29.1,0.2,6.4,9.6,-0.707107,0.707107,43,-0.707107,0.707107,-0.382683,0.92388,20,22,52,51,1012.4,1010.4,3,5,26,26.3,0
0.98522,0.171293,19.6,28.7,0,9,8.9,-0.382683,0.92388,33,-0.707107,0.707107,6.12323e-17,1,9,17,55,56,1012.6,1010.6,7,7,25.5,26.2,0
0.982126,0.188227,18.6,29.5,0,7.6,9.5,-0.382683,0.92388,35,6.12323e-17,1,6.12323e-17,1,9,15,60,54,1014.6,1013.2,7,7,26,27.8,0
0.97874,0.205104,20.2,30.2,0,7.6,11.5,6.12323e-17,1,37,-0.382683,0.92388,6.12323e-17,1,17,20,55,53,1017.2,1015.4,6,4,26.3,27.2,0
0.975065,0.221922,18.8,29.3,0,9.4,13,0.707107,0.707107,33,6.12323e-17,1,-0.382683,0.92388,13,17,49,39,1017.2,1015.3,3,3,26.7,28.5,0
0.9711,0.238673,19,31.7,0,8.4,12.8,0.92388,0.382683,30,-1.83697e-16,-1,0.382683,0.92388,7,17,59,45,1016.4,1013.1,3,1,26.1,29.7,0
0.966848,0.255353,19.8,32.9,0,9,12.4,0.707107,0.707107,31,0.382683,-0.92388,0.707107,0.707107,7,15,54,52,1013.8,1010,1,6,28.1,31.1,0
0.962309,0.271958,23.2,31.1,0,9,7.1,-0.382683,0.92388,52,-0.382683,0.92388,-0.707107,0.707107,15,22,65,61,1012.6,1014,7,7,27.9,26.1,0
0.957485,0.288482,20.3,27.8,0,8.8,5.8,-0.382683,0.92388,33,-0.382683,0.92388,-0.382683,0.92388,13,17,56,56,1019.4,1018.1,7,7,25.4,25.1,0
0.952378,0.304921,18.7,28.9,0,7.6,9,0.382683,0.92388,31,-0.707107,0.707107,0.382683,0.92388,13,15,49,50,1019.2,1016.7,7,7,26.4,26.5,0
0.946988,0.32127,19.3,30.9,0,8.6,12.5,0.382683,0.92388,26,0.382683,0.92388,0.382683,0.92388,9,17,49,42,1017.7,1015.5,4,3,27.4,29.3,0
0.941317,0.337523,21.9,31.5,0,8.2,11.7,0.707107,0.707107,35,0.92388,0.382683,0.92388,0.382683,11,17,63,54,1016.5,1013.5,5,1,28.4,30.2,0
0.935368,0.353676,25,32.3,0,9.2,8.2,0.707107,0.707107,43,0.92388,-0.382683,0.92388,0.382683,11,17,64,58,1014.5,1010.6,5,6,28.4,30.6,0
0.929141,0.369725,24.2,29.9,26.6,7,0.5,0.92388,0.382683,30,1,0,0.92388,0.382683,2,13,84,77,1012.4,1009.5,7,7,26.6,28.3,1
0.92264,0.385663,23.6,32.5,4.4,2.8,3.8,0.92388,0.382683,30,-0.707107,-0.707107,0.707107,0.707107,6,13,68,64,1011.5,1007.9,7,7,29.3,30.3,1
0.915864,0.401488,25.2,31,0,3.6,3.1,0.382683,0.92388,26,0.382683,0.92388,0.707107,0.707107,7,15,81,80,1013,1012.9,7,7,27.3,27.9,0
0.908818,0.417194,23.1,30.5,29.8,6.4,7.4,0.707107,0.707107,28,0.92388,0.382683,-0.382683,0.92388,7,11,73,51,1016.3,1015,6,6,27.3,29.5,1
0.901502,0.432776,22.1,30.5,1.8,5.8,10.4,6.12323e-17,1,39,-0.382683,0.92388,-0.707107,0.707107,15,20,68,55,1016.7,1015.1,6,4,26.9,28,1
0.893919,0.448229,20.8,30.1,0.2,8.6,10.2,-0.382683,0.92388,35,-0.382683,0.92388,-0.382683,0.92388,15,19,61,54,1016.1,1015.3,6,1,27.8,28.6,0
0.886071,0.46355,21.1,29,0,7,5.2,6.12323e-17,1,35,0.382683,0.92388,0.382683,0.92388,13,19,67,66,1017.3,1015.5,7,7,26.2,26.7,0
0.860961,0.508671,22.1,27.9,0.8,7.4,0.1,-0.707107,0.707107,28,-0.92388,-0.382683,-0.382683,0.92388,4,13,80,60,1015.4,1012.9,7,7,23.9,27.3,0
0.852078,0.523416,23,28.4,1,5.6,1.5,-0.382683,0.92388,37,-0.707107,0.707107,-0.382683,0.92388,19,17,80,62,1012.8,1010.4,7,8,23.6,26.9,0
0.842942,0.538005,21.9,29.8,6.2,2.4,8.7,0.707107,0.707107,28,-0.92388,0.382683,0.382683,0.92388,6,13,77,59,1011.1,1008,7,4,24.9,28.4,1
0.833556,0.552435,22.7,30.6,0.6,5.8,11.8,0.382683,0.92388,33,-0.382683,0.92388,6.12323e-17,1,15,19,62,51,1009.2,1007.1,3,2,28.8,29.4,0
0.823923,0.566702,22,30.4,0,9.2,11.8,6.12323e-17,1,33,-0.707107,0.707107,-0.382683,0.92388,11,19,60,55,1009,1007.3,7,3,28.1,30,0
0.814046,0.5808,21.9,31.1,0,9,12.1,6.12323e-17,1,33,-0.707107,0.707107,6.12323e-17,1,11,19,60,53,1011.4,1010.6,7,2,27.3,29.5,0
0.803928,0.594727,22.1,30.8,0,9,9,0.382683,0.92388,31,6.12323e-17,1,-0.382683,0.92388,17,17,55,47,1014.4,1012.5,4,2,28.3,29.7,0
0.793572,0.608477,20.2,30.8,0,8.4,12.2,0.382683,0.92388,50,-1,1.22465e-16,0.382683,0.92388,7,11,62,50,1012.6,1009.4,6,2,27.1,30.3,0
0.78298,0.622047,20.5,36.1,0,7.4,12,-0.382683,-0.92388,31,-1.83697e-16,-1,0.92388,0.382683,7,13,60,50,1010,1006.5,0,1,27.8,33.1,0
0.772157,0.635432,24.4,32.3,0,7.2,7.5,0.382683,0.92388,28,6.12323e-17,1,0.707107,0.707107,4,11,66,61,1011,1007.3,7,7,28.5,29.9,0
0.761104,0.64863,23.3,31.5,1.4,8,9.7,-1,1.22465e-16,30,0.707107,0.707107,6.12323e-17,1,9,17,64,52,1005.8,1004.7,7,7,27.5,30.7,1
0.749826,0.661635,21.7,28,0,6.8,3.3,-0.92388,0.382683,31,-0.92388,0.382683,6.12323e-17,1,13,9,62,82,1012.2,1011.6,7,7,25.5,24.3,0
0.738326,0.674444,20.6,23.5,23.8,8,0,-0.92388,0.382683,48,-0.92388,0.382683,-0.707107,0.707107,9,7,91,91,1016.7,1014.9,8,8,21.8,21.8,1
0.726608,0.687053,20.1,25.6,36.8,1.6,0.1,-1,1.22465e-16,35,-0.707107,0.707107,-0.92388,-0.382683,13,6,91,73,1011.5,1007.4,8,8,21.5,25.2,1
0.714673,0.699458,20.8,31.8,2,1.2,11.4,-0.92388,-0.382683,24,-0.382683,-0.92388,0.92388,0.382683,11,9,62,54,1007,1004.8,2,5,25.5,29.5,1
0.702527,0.711657,21.1,30.8,0,5.8,9.3,-0.382683,0.92388,30,-1,1.22465e-16,6.12323e-17,1,11,15,59,56,1009.7,1006.8,2,7,26.7,28.9,0
0.690173,0.723644,21.6,28.4,0,6.4,2.3,0.707107,0.707107,30,-1,1.22465e-16,6.12323e-17,1,6,11,65,73,1009.5,1008.1,7,8,26.7,25.6,0
0.677615,0.735417,22.3,27.8,17.4,3.2,2.5,6.12323e-17,1,26,-0.92388,0.382683,-0.707107,0.707107,7,9,76,70,1008.1,1004.9,7,7,26.1,27.5,1
0.664855,0.746972,21.7,31.6,2.2,2,10.3,-1.83697e-16,-1,31,-0.707107,0.707107,0.382683,0.92388,7,13,72,62,1009.4,1006.1,4,2,27.2,31.1,1
0.651899,0.758306,23.6,32.5,3.4,7.6,5,-1.83697e-16,-1,33,-0.707107,-0.707107,6.12323e-17,1,4,13,76,68,1011.1,1008.2,7,6,26.5,29.7,1
0.638749,0.769415,20.9,28.7,35.2,6.2,1.9,-1.83697e-16,-1,28,-0.707107,-0.707107,0.382683,0.92388,6,9,87,72,1011.7,1009.3,7,7,23.1,27.7,1
0.611886,0.790946,20.8,29.7,0,6.8,11.3,0.382683,0.92388,31,-0.382683,0.92388,6.12323e-17,1,11,19,65,53,1016.6,1015.1,3,1,27,28.7,0
0.598181,0.801361,19.8,29.8,0,8,10.8,0.382683,0.92388,28,-1.83697e-16,-1,0.707107,0.707107,2,15,61,55,1016.9,1015.3,1,2,27.4,28.7,0
0.584298,0.811539,20.4,27.9,0,7,1.5,0.707107,0.707107,22,-1.83697e-16,-1,0.382683,0.92388,6,11,70,64,1016.8,1014,7,7,25.3,26.7,0
0.570242,0.821477,20.9,30.3,0,3.6,10.1,-0.707107,0.707107,43,-0.92388,0.382683,-0.707107,0.707107,13,20,59,55,1015.2,1012.9,3,3,27.3,27.8,0
0.556017,0.831171,19.9,30.1,0,7.2,11.9,-0.382683,0.92388,44,-1,1.22465e-16,6.12323e-17,1,11,15,51,51,1015.2,1011.8,1,3,25.3,27.9,0
0.541628,0.840618,19.2,32.2,0,7.4,11.8,0.92388,0.382683,26,-0.707107,-0.707107,0.707107,0.707107,7,9,56,45,1012.9,1009.4,2,3,25.3,30.8,0
0.527078,0.849817,20,33.8,0,6.8,9.2,6.12323e-17,1,22,-1,1.22465e-16,0.92388,0.382683,6,9,63,53,1011.4,1008.1,0,7,27.4,31.7,0
0.512371,0.858764,23,32.2,0,5.8,10,6.12323e-17,1,28,-0.707107,-0.707107,0.382683,0.92388,6,13,57,55,1014,1012,6,6,28.9,29.8,0
0.497513,0.867456,24,30.5,0.2,6,9.8,0.382683,0.92388,24,6.12323e-17,1,0.707107,0.707107,7,13,72,58,1017,1014,6,3,27.8,30.1,0
0.482508,0.875892,23.3,31.1,0.2,4.8,10.6,0.382683,0.92388,30,0.707107,0.707107,0.707107,0.707107,11,13,59,56,1014.6,1010,5,3,29,30,0
0.467359,0.884068,20.5,31.5,0,7.8,10.7,-0.382683,-0.92388,39,-0.382683,-0.92388,-0.382683,-0.92388,15,7,32,22,1010.4,1007,1,1,24.5,31.3,0
0.452072,0.891981,20.4,28.8,0,9,9.8,0.382683,0.92388,26,-0.92388,0.382683,0.382683,0.92388,7,15,55,50,1013.2,1010.6,7,2,25,28.4,0
0.436651,0.899631,20.2,29.8,0,6.2,11.2,0.707107,0.707107,28,-1.83697e-16,-1,0.707107,0.707107,9,17,62,53,1014.8,1011.4,4,3,26.1,28.6,0
0.421101,0.907014,20.2,30.2,0,7,11.2,6.12323e-17,1,35,6.12323e-17,1,-0.382683,0.92388,15,19,60,54,1014.8,1012.9,4,5,27.1,27.9,0
0.405426,0.914128,20.7,26.4,0,9.8,0,-0.92388,0.382683,35,-0.707107,0.707107,-0.707107,0.707107,19,17,59,79,1016.1,1013.6,7,8,25.7,23.6,0
0.38963,0.920971,21.9,27.4,3.4,3.8,0.1,-0.707107,0.707107,50,-0.707107,0.707107,-0.707107,0.707107,17,20,70,61,1014.8,1013.5,8,8,25.8,25.8,1
0.37372,0.927542,20.6,25.8,4.4,6,2.9,-0.382683,0.92388,35,-0.92388,0.382683,-0.707107,0.707107,15,15,88,82,1017.4,1015.7,7,7,22.3,23,1
0.357698,0.933837,19.9,27.7,5.6,4.4,6.2,0.382683,0.92388,35,-0.382683,0.92388,-0.382683,0.92388,19,15,69,59,1019.8,1017.5,7,7,24.6,26.1,1
0.341571,0.939856,20.4,25.3,3,6.4,3.9,0.382683,0.92388,30,-0.382683,0.92388,6.12323e-17,1,7,15,75,80,1017.7,1016,6,7,24,22.9,1
0.325342,0.945596,19.2,28,6,3.2,9.2,0.382683,0.92388,24,-0.92388,-0.382683,0.707107,0.707107,7,11,73,60,1016.7,1013.1,5,4,24.1,27.4,1
0.309017,0.951057,19.8,29.6,3,5.6,10.8,0.707107,0.707107,24,-0.92388,0.382683,0.707107,0.707107,6,13,66,55,1014.8,1010.2,4,1,26.2,28.4,1
0.2926,0.956235,20.2,30.5,0,6.4,9.3,-0.92388,-0.382683,46,-1.83697e-16,-1,0.707107,0.707107,7,13,65,57,1012.5,1007.3,3,1,25.9,29.3,0
0.276097,0.96113,18.2,30.3,13.2,8.2,10,-0.382683,0.92388,24,-1.83697e-16,-1,0.382683,0.92388,9,13,72,58,1012.6,1009.8,1,2,23.9,28.3,1
0.259512,0.96574,21.1,28.8,0,4,6.3,-0.382683,0.92388,33,-0.707107,0.707107,6.12323e-17,1,9,17,68,59,1016.7,1014.4,7,8,25.7,27.1,0
0.24285,0.970064,21.2,26.9,0,6,0,-0.707107,0.707107,30,-1,1.22465e-16,-0.382683,0.92388,7,13,72,68,1016.9,1014.4,8,7,24.2,25.4,0
0.226116,0.9741,19.8,29.1,0,3.4,5,-0.707107,0.707107,33,6.12323e-17,1,-0.382683,0.92388,9,17,74,55,1015.8,1012.1,7,5,24.8,28.4,0
0.209315,0.977848,20.8,29.3,0.2,5.4,8.5,-0.92388,0.382683,35,-0.92388,0.382683,-0.707107,0.707107,13,20,68,48,1015,1012.1,6,2,25.4,27.9,0
0.192452,0.981306,19.3,28.6,0,6,10.8,-0.707107,0.707107,37,-1,1.22465e-16,-0.707107,0.707107,11,17,56,51,1015.2,1013,1,3,25.7,27.4,0
0.175531,0.984474,18.3,28.6,0,6.2,11,-0.92388,0.382683,30,-0.92388,-0.382683,-0.382683,0.92388,7,17,63,47,1017.2,1015.1,2,2,25.2,27,0
0.158559,0.987349,18.1,28.4,0,6.2,10.9,-0.707107,0.707107,31,-0.92388,0.382683,-0.707107,0.707107,9,15,59,45,1019.4,1017.1,1,2,25.4,27.6,0
0.14154,0.989932,18,28.5,0,8,9.1,6.12323e-17,1,31,-0.92388,0.382683,-0.382683,0.92388,9,13,55,49,1021.9,1019.6,2,5,24.6,27.8,0
0.124479,0.992222,17.7,28.6,0,5.8,11,6.12323e-17,1,30,-0.92388,-0.382683,-0.382683,0.92388,9,13,58,43,1021.9,1018.8,2,2,24.5,27.9,0
0.107381,0.994218,17.3,29.4,0,6.2,11,-0.382683,0.92388,30,-0.92388,-0.382683,6.12323e-17,1,7,17,62,44,1019.7,1016.8,1,1,24.2,28.6,0
0.0902516,0.995919,19.9,28.7,0,5.2,10.5,-0.92388,0.382683,46,-1,1.22465e-16,-0.707107,0.707107,11,22,61,48,1020.1,1017.7,3,3,25.4,27.5,0
0.0730951,0.997325,19,28.6,3.2,7.6,10.5,-0.707107,0.707107,43,-0.707107,0.707107,-0.382683,0.92388,13,22,63,49,1018.8,1015.8,1,3,24.7,27,1
0.055917,0.998435,20.1,27.2,2.2,7,6.8,-0.92388,0.382683,31,-0.382683,-0.92388,-0.707107,0.707107,9,11,81,84,1014.4,1011.7,7,6,22.5,22.7,1
0.0387223,0.99925,19.4,30,3,4,9.6,-0.382683,-0.92388,30,-1.83697e-16,-1,-1.83697e-16,-1,13,7,59,47,1009.7,1007.1,3,4,24.8,28,1
0.0215161,0.999769,19,30.5,0.2,4.4,10.7,6.12323e-17,1,28,-0.92388,0.382683,0.382683,0.92388,7,15,67,56,1012.9,1010.9,3,1,26.2,28.9,0
0.00430354,0.999991,21.1,24.8,13,4,0,-0.382683,0.92388,54,-0.92388,0.382683,-0.92388,0.382683,15,15,93,94,1015.6,1014.6,8,8,21.3,21.4,1
-0.0129103,0.999917,20.1,28.1,66.2,1.8,6.8,6.12323e-17,1,30,-0.382683,0.92388,0.382683,0.92388,7,15,83,67,1017.9,1015.1,6,5,24.7,26.9,1
-0.0301203,0.999546,21.9,28.1,41,4,4.5,-0.92388,0.382683,22,0.382683,0.92388,0.92388,0.382683,7,11,92,66,1017.2,1013.6,7,7,22.6,26.8,1
-0.0473214,0.99888,20.8,28.1,0.8,3.6,3.2,6.12323e-17,1,28,-0.92388,-0.382683,-0.382683,0.92388,7,11,73,75,1015.7,1012.2,7,7,24.9,25.4,0
-0.0645084,0.997917,21.4,29.2,1,2.2,7.5,-0.382683,0.92388,28,-0.92388,-0.382683,-0.382683,0.92388,9,11,72,65,1016,1013.1,7,7,23.8,26.5,0
-0.0816764,0.996659,20,25.7,1.2,2.8,0.9,-0.382683,0.92388,35,-1,1.22465e-16,-0.707107,0.707107,15,11,70,76,1019.8,1019,7,7,23.7,22.2,1
-0.0988201,0.995105,18.1,26.6,1.8,3.6,10.4,-0.92388,0.382683,39,-0.707107,0.707107,-0.382683,0.92388,9,19,57,47,1023.3,1020.6,2,4,23.8,24.8,1
-0.115935,0.993257,17,25.6,0,5.2,4.1,-0.707107,0.707107,30,-0.92388,0.382683,6.12323e-17,1,13,13,62,62,1022.6,1020.2,7,8,23.2,23.6,0
-0.133015,0.991114,17.7,25.8,5.6,3,6.8,-0.382683,0.92388,33,-0.92388,-0.382683,-0.382683,0.92388,7,11,73,80,1023.4,1021.5,7,7,22.7,21.4,1
-0.150055,0.988678,18.3,25.8,2.2,3.8,2.6,0.382683,0.92388,28,-0.707107,-0.707107,-0.707107,0.707107,4,7,74,78,1024.5,1022.9,7,8,22.6,23.2,1
-0.167052,0.985948,19.3,26.5,14.6,4.4,3.7,6.12323e-17,1,30,-1,1.22465e-16,0.382683,0.92388,7,13,90,67,1023.5,1020.7,8,7,21.1,24.9,1
-0.200891,0.979614,21.2,27.5,43.8,0.6,3.2,6.12323e-17,1,30,6.12323e-17,1,6.12323e-17,1,6,6,77,67,1014.9,1011.9,7,8,25.1,26.6,1
-0.217723,0.976011,20.3,30.7,0.4,1.6,9.7,6.12323e-17,1,28,-0.707107,-0.707107,-0.382683,-0.92388,11,9,74,45,1012.5,1009.2,3,3,25.3,30.2,0
-0.234491,0.972118,19.8,29.5,0,4,10.6,-0.382683,0.92388,22,-0.707107,-0.707107,6.12323e-17,1,9,13,68,41,1014.5,1011.5,1,2,23.9,27.6,0
-0.25119,0.967938,15.6,29.7,0,6.4,10.4,-0.707107,-0.707107,30,-0.92388,-0.382683,-0.707107,0.707107,6,11,64,34,1014.8,1011.5,4,2,22,28.8,0
-0.267814,0.963471,16.5,27.9,0.6,5,10.4,-0.382683,0.92388,24,-0.92388,-0.382683,-1,1.22465e-16,9,7,64,40,1016.3,1012.9,2,2,22.4,27.8,0
-0.284359,0.958718,16.7,27.2,0.2,4.6,10.6,-0.92388,0.382683,28,-0.382683,-0.92388,-0.92388,-0.382683,13,15,57,41,1014.1,1010.8,1,5,22.2,25.7,0
-0.30082,0.953681,18.6,27.3,0,3.6,10.2,-0.92388,-0.382683,31,-0.707107,-0.707107,-0.92388,-0.382683,11,13,54,41,1012.6,1010.1,1,6,22.6,26.9,0
-0.317191,0.948362,17.9,26.4,0,5.6,8.7,-0.92388,-0.382683,35,-0.707107,-0.707107,-0.92388,-0.382683,13,9,59,80,1014.9,1013.4,6,6,21.9,21.1,0
-0.333469,0.942761,16.5,27.2,1,4.2,9.8,-0.92388,0.382683,31,-0.92388,-0.382683,-0.92388,-0.382683,11,11,62,43,1017.9,1014.4,2,3,21.9,26.5,0
-0.349647,0.936881,17,26.9,0.2,3.6,10,-0.382683,-0.92388,28,-0.707107,-0.707107,-1,1.22465e-16,11,11,58,43,1017.8,1014.9,1,2,22,26.3,0
-0.365723,0.930724,14.7,27.2,0,1.4,9.5,0.92388,0.382683,46,-0.707107,-0.707107,0.707107,0.707107,7,13,64,49,1016.7,1011.5,1,1,20.6,25.3,0
-0.381689,0.924291,15.8,30.3,0,4,9.8,0.92388,-0.382683,28,0.707107,0.707107,0.92388,-0.382683,7,9,68,41,1011.7,1007.5,1,2,22.7,29.8,0
-0.397543,0.917584,17.9,28.9,0,4.8,10.7,0.382683,-0.92388,33,-1.83697e-16,-1,0.382683,-0.92388,15,17,40,28,1012.1,1008,1,1,25.1,28.4,0
-0.413279,0.910605,14.3,26.5,0,6.2,10.7,-1.83697e-16,-1,31,-0.707107,-0.707107,-1.83697e-16,-1,9,17,45,30,1016,1013.3,0,0,21.9,25.7,0
-0.428892,0.903356,12.6,26.1,0,6.4,10.8,-0.707107,-0.707107,20,-0.382683,-0.92388,-0.707107,0.707107,9,6,40,25,1020.7,1016.5,0,0,19.5,25.8,0
-0.444378,0.895839,12.1,25.5,0,3.4,9.5,6.12323e-17,1,20,-0.382683,-0.92388,0.382683,0.92388,11,11,59,40,1020.6,1016.5,5,3,17.6,24.4,0
-0.459733,0.888057,13.3,26.4,0,3.2,10.3,-0.707107,0.707107,43,-0.92388,-0.382683,-1.83697e-16,-1,9,15,64,29,1018,1014.6,1,1,19.7,25.8,0
-0.474951,0.880012,13.1,24.6,0,5,6.3,-0.382683,0.92388,26,-0.707107,-0.707107,-0.382683,0.92388,11,9,57,55,1022.6,1019.9,1,7,18.8,22.4,0
-0.490029,0.871706,15.6,24.8,0,4.2,9.7,0.382683,0.92388,26,-0.707107,-0.707107,-0.382683,0.92388,9,13,62,54,1024,1020.5,7,4,20.1,22.5,0
-0.504961,0.863142,14.2,24.8,0,4,7.7,0.382683,0.92388,31,-0.707107,-0.707107,-0.382683,0.92388,9,11,69,48,1024.3,1021.8,5,5,18.7,22.3,0
-0.519744,0.854322,14.9,24.9,0,3.2,9,6.12323e-17,1,31,-0.707107,-0.707107,-0.382683,0.92388,9,17,66,55,1025.6,1023.6,2,3,19.3,22.5,0
-0.534373,0.845249,13.4,24.4,0,3.6,9.5,-0.707107,0.707107,30,-0.92388,-0.382683,-0.382683,0.92388,11,19,66,45,1027.4,1024.2,3,2,19.4,22.5,0
-0.548843,0.835925,14,24.4,0,5,6.3,-0.707107,0.707107,35,-0.92388,-0.382683,-0.707107,0.707107,7,15,64,59,1025.8,1022,5,7,19.7,21.5,0
-0.563151,0.826354,16.6,24.4,1.4,3.6,4.4,-0.92388,0.382683,22,-0.92388,-0.382683,-0.382683,0.92388,9,7,69,63,1024.2,1020.5,7,7,19.8,22.1,1
-0.577292,0.816538,14.4,25.8,2.2,2.2,9.9,-0.92388,0.382683,24,-0.707107,-0.707107,6.12323e-17,1,9,13,73,45,1024.1,1020.9,1,4,20.2,24.4,1
-0.591261,0.80648,12.5,25.4,0.2,4,9.4,-1.83697e-16,-1,24,-0.707107,-0.707107,-0.707107,-0.707107,11,9,66,42,1022.6,1018.2,1,2,18.9,25.1,0
-0.605056,0.796183,12.4,25.4,0,3.6,10,-0.707107,-0.707107,50,-0.707107,-0.707107,-0.92388,0.382683,9,7,69,37,1020.3,1017.5,1,1,18.2,24.7,0
-0.618671,0.78565,14.1,23.6,0,4,10,6.12323e-17,1,35,-0.92388,-0.382683,-0.382683,0.92388,7,15,62,46,1021.9,1018.9,1,2,19.7,22.5,0
-0.632103,0.774884,13.8,21.5,0,4.4,1.3,-0.92388,-0.382683,17,-0.707107,-0.707107,0.92388,-0.382683,9,2,73,59,1020.8,1017.3,7,7,16.6,20.9,0
-0.645348,0.763889,12,24.3,0,1.4,9.2,0.92388,-0.382683,24,-0.707107,-0.707107,-1.83697e-16,-1,9,7,75,37,1018.5,1014.2,5,3,16.4,23.4,0
-0.658402,0.752667,12.5,25.4,0,3.6,9.8,-1.83697e-16,-1,26,-0.707107,-0.707107,0.382683,-0.92388,7,9,67,30,1017.2,1013.4,2,1,17.4,25.1,0
-0.67126,0.741222,10.2,24.9,0,3.6,10.1,0.382683,-0.92388,26,-0.707107,-0.707107,-1.83697e-16,-1,2,11,52,23,1018.1,1014.4,1,1,17.8,24.6,0
-0.683919,0.729558,9,26.2,0,4,10.4,0.382683,-0.92388,31,-0.707107,-0.707107,-0.382683,-0.92388,7,15,46,21,1016.6,1012.5,0,1,19.1,25.9,0
-0.696376,0.717677,12.6,26.2,0,5,7.1,-0.382683,0.92388,22,-0.707107,-0.707107,-0.382683,0.92388,7,15,48,57,1017,1015.2,1,7,19.9,22.8,0
-0.708627,0.705584,15.6,24.5,0,2.8,4.1,-0.707107,0.707107,39,-0.707107,-0.707107,6.12323e-17,1,7,19,69,67,1019.8,1017.9,7,7,19.5,20.6,0
-0.720667,0.693281,17,21.4,56.6,2.6,0,0.382683,0.92388,37,-0.382683,0.92388,-0.382683,0.92388,9,17,92,65,1019.7,1015.2,8,8,17.2,21,1
-0.755493,0.655156,13.2,23,0,1.4,6.5,6.12323e-17,1,24,-0.707107,-0.707107,0.707107,0.707107,7,6,77,58,1011.1,1008.8,3,7,17.3,21.7,0
-0.766659,0.642055,15.1,22.8,5.4,1.6,4.4,-0.707107,0.707107,41,-0.382683,-0.92388,-0.382683,0.92388,19,11,85,70,1008.1,1010.4,7,6,17.7,20.5,1
-0.777597,0.628763,16.8,22.7,2.2,2.6,7.3,-0.707107,0.707107,39,-0.92388,-0.382683,-0.707107,0.707107,7,15,68,65,1020.4,1019.5,4,7,21,20.9,1
-0.788305,0.615285,14.8,23.7,2.2,2.4,3,-0.707107,0.707107,31,-0.707107,-0.707107,-0.707107,0.707107,7,11,75,46,1023.1,1020.5,7,6,18.1,22.5,1
-0.798779,0.601624,15.3,22.3,0,2.6,3.1,-0.382683,0.92388,20,-0.707107,-0.707107,6.12323e-17,1,6,13,69,63,1022.9,1020,7,7,18.6,21.1,0
-0.809017,0.587785,13.8,24.1,0,2.6,4,0.707107,0.707107,17,-0.382683,-0.92388,1,0,6,7,87,58,1021.1,1018,6,5,16.3,21.8,0
-0.819015,0.573772,14.6,25.1,0,1,8.4,-0.707107,-0.707107,17,-0.707107,-0.707107,-0.382683,-0.92388,6,6,76,47,1020.4,1016.8,2,6,18.6,24.5,0
-0.82877,0.559589,14.6,24.6,0,2.4,7.7,-0.92388,0.382683,24,-0.707107,-0.707107,0.382683,0.92388,7,11,80,64,1020.7,1017.1,2,3,18.9,21.7,0
-0.83828,0.54524,14.5,23.5,5.2,2.6,8,-0.707107,0.707107,28,-0.707107,-0.707107,-0.707107,0.707107,9,7,76,52,1023.7,1021.3,6,5,17.5,22.2,1
-0.847541,0.53073,12.8,22.4,0.2,2.6,8.2,-0.707107,0.707107,33,-0.707107,-0.707107,-0.707107,0.707107,6,17,67,60,1028.4,1025.9,3,6,17.7,20.7,0
-0.856551,0.516062,13.6,21.7,2,3.4,5.3,6.12323e-17,1,35,-0.382683,-0.92388,-0.707107,0.707107,9,13,71,64,1029,1025.8,6,5,17.1,19.5,1
-0.865307,0.501242,14.5,21.2,4.2,1.6,2.6,6.12323e-17,1,31,-0.92388,-0.382683,0.707107,0.707107,9,17,76,86,1026.8,1024.2,7,7,18.1,16.6,1
-0.873807,0.486273,14.1,21.3,6,1.8,2.5,6.12323e-17,1,26,-0.707107,-0.707107,6.12323e-17,1,6,9,82,84,1023.8,1020.4,7,7,17.4,18.6,1
-0.882048,0.47116,15.2,22.7,1.4,2.4,2.9,-0.382683,-0.92388,13,-1.83697e-16,-1,-0.707107,-0.707107,4,7,93,68,1020.7,1015.9,8,5,16.4,21.7,1
-0.890028,0.455907,14.8,24.4,1.2,0.2,7.2,-0.92388,-0.382683,30,-0.382683,-0.92388,-0.707107,-0.707107,7,13,85,60,1017.1,1013.4,2,6,18.2,21.3,1
-0.897743,0.440519,12.4,24.3,0,1.6,10,-1.83697e-16,-1,22,-0.707107,-0.707107,-0.707107,-0.707107,9,6,63,31,1015.5,1011.8,0,1,18.2,23.9,0
-0.905193,0.425,12.7,23.4,0.2,2,7.9,-0.382683,-0.92388,41,0.92388,-0.382683,-1.83697e-16,-1,7,22,73,43,1013.7,1009.4,4,1,19.9,23,0
-0.912375,0.409356,8.6,22,1.2,4.4,10,-1.83697e-16,-1,26,0.707107,-0.707107,-1.83697e-16,-1,9,13,46,39,1015.9,1012.8,1,1,18.5,21.5,1
-0.919286,0.39359,7.7,21.6,0,4,9.9,-1.83697e-16,-1,39,-1.83697e-16,-1,-1.83697e-16,-1,7,17,54,36,1018,1014,1,1,17.4,21.4,0
-0.925925,0.377708,8.2,20.4,0,5.4,9.7,-1.83697e-16,-1,43,-1.83697e-16,-1,-0.382683,-0.92388,13,19,47,35,1019,1015.5,3,3,15.6,19.7,0
-0.932289,0.361714,7.6,16.5,0,5,10,-1.83697e-16,-1,35,-0.382683,-0.92388,0.382683,-0.92388,17,13,49,30,1021.8,1018.9,0,0,10.7,16.2,0
-0.938377,0.345612,5.5,19.9,0,2.4,9.9,-0.707107,-0.707107,20,-0.707107,-0.707107,-0.92388,0.382683,7,6,56,42,1024.1,1020.4,0,1,10.7,19.2,0
-0.944188,0.329408,7.8,22,0,2,9.8,0.707107,-0.707107,17,-0.707107,-0.707107,0.707107,-0.707107,7,7,70,46,1021.7,1017.2,1,1,13.1,21.9,0
-0.949718,0.313107,8.6,24.1,0,2.4,9.5,0.92388,-0.382683,20,-0.707107,-0.707107,0.707107,-0.707107,6,9,73,39,1018.7,1014,1,4,13.6,23.3,0
-0.959933,0.280231,9.6,22.4,0.4,0.6,9.8,-0.382683,-0.92388,24,-0.92388,-0.382683,-0.707107,-0.707107,7,6,69,35,1017.8,1015.9,0,1,15.5,22.2,0
-0.964614,0.263665,8.9,22.3,0,2.2,9.8,-1.83697e-16,-1,20,-0.707107,-0.707107,0.707107,0.707107,9,6,66,40,1022.6,1020,1,1,14,22.2,0
-0.96901,0.247022,12,21.1,0,2.4,4.9,-0.92388,-0.382683,22,-0.382683,-0.92388,-0.92388,0.382683,9,9,70,60,1022.3,1020.2,2,7,16.2,19.4,0
-0.973118,0.230306,12.9,22.8,0,1.9,8.7,-0.382683,0.92388,28,-0.92388,-0.382683,-0.382683,0.92388,9,11,72,59,1021.8,1019.1,1,3,16.8,20.3,0
-0.976938,0.213521,13.5,22.1,0,2.6,8.3,0.382683,0.92388,30,-0.92388,-0.382683,-0.382683,0.92388,9,11,75,59,1021.7,1019.8,4,4,17.8,20.9,0
-0.980469,0.196673,14.7,20,0.4,2.8,0,-0.382683,0.92388,31,-0.382683,-0.92388,0.92388,0.382683,4,4,90,89,1022.1,1019.3,8,8,16.9,18.9,0
-0.983709,0.179767,16.8,19.8,24.4,0.2,0,-0.92388,-0.382683,31,-0.92388,-0.382683,6.12323e-17,1,6,6,95,92,1019.3,1016.6,8,8,18.5,18.6,1
-0.986658,0.162807,14.8,23.1,31.2,0.2,7.1,-0.382683,-0.92388,52,-0.382683,-0.92388,-0.92388,-0.382683,13,11,72,59,1017.2,1014.3,3,2,17.9,22.7,1
-0.989314,0.145799,11.3,23.2,0,2.2,5.2,-0.707107,0.707107,15,-0.707107,-0.707107,0.707107,-0.707107,6,6,95,51,1019.2,1015.2,6,8,13.5,22,0
-0.991677,0.128748,10.9,19.3,0.2,1.4,1,-1.83697e-16,-1,13,-0.707107,-0.707107,0.382683,0.92388,7,6,91,70,1018.4,1014.5,7,7,12.7,19.1,0
-0.993747,0.111659,12.7,19.8,0,0.8,0.2,0.382683,-0.92388,20,-0.92388,-0.382683,1,0,6,6,89,76,1013.9,1010.9,8,8,15.8,16.7,0
-0.995521,0.0945367,13.7,20.3,14.8,0.4,4.7,-0.382683,-0.92388,31,-0.707107,-0.707107,-1.83697e-16,-1,7,15,90,59,1006.6,1002.6,7,3,14.6,19.8,1
-0.997001,0.0773865,8.8,20.4,0,2.2,8.4,0.707107,-0.707107,24,-0.382683,-0.92388,0.382683,-0.92388,7,9,67,54,1008.8,1006.8,1,5,17.4,19.2,0
-0.998186,0.0602133,8.2,21.4,0,3.2,9,-1.83697e-16,-1,24,-0.707107,-0.707107,-0.707107,-0.707107,11,9,57,38,1014.9,1013.2,0,1,14.8,20.6,0
-0.999963,0.008607,12.5,23.2,0,1.6,8.9,-1.83697e-16,-1,43,6.12323e-17,1,-1.83697e-16,-1,2,22,66,21,1012.2,1010.1,2,1,19.4,22.3,0
-0.999963,-0.008607,12.7,20.8,0,7,9.7,-1.83697e-16,-1,54,-1.83697e-16,-1,-1.83697e-16,-1,17,26,44,34,1011.3,1006.4,1,1,17.1,20.2,0
-0.999667,-0.0258184,10.6,19.1,0,8,9.9,-1.83697e-16,-1,44,-1.83697e-16,-1,-1.83697e-16,-1,17,24,50,34,1015.1,1013,0,1,13,18.4,0
-0.999074,-0.0430222,7.4,18.3,0,5.2,6.6,-1.83697e-16,-1,26,-0.707107,-0.707107,-0.707107,-0.707107,13,9,56,43,1017.7,1015.3,7,7,12.5,17.4,0
-0.998186,-0.0602133,7.2,20.6,0,1.4,7.2,0.382683,0.92388,24,-0.707107,-0.707107,-0.382683,0.92388,7,11,69,57,1021.3,1018.5,5,6,12.4,19,0
-0.997001,-0.0773865,11.6,16.4,0,1.4,0,-0.92388,-0.382683,17,-0.92388,-0.382683,-0.92388,-0.382683,2,4,83,87,1019.9,1018.2,8,8,13.8,16.1,0
-0.995521,-0.0945367,11.9,19.1,3.4,2.8,2.9,-0.382683,0.92388,43,-0.92388,-0.382683,-0.707107,0.707107,9,15,68,52,1023.1,1021.6,7,7,15.5,18.2,1
-0.993747,-0.111659,11.1,20.7,0,1.8,9.3,-1,1.22465e-16,41,-0.707107,-0.707107,-0.92388,0.382683,9,15,69,47,1023.1,1020.2,2,2,15.2,19.9,0
-0.991677,-0.128748,13,20.4,0,2.6,8.1,-0.92388,0.382683,37,-0.92388,-0.382683,-0.92388,0.382683,11,15,62,51,1020.6,1017.7,4,6,16.5,19.7,0
-0.989314,-0.145799,11.2,21.7,0,3.2,8.2,-0.92388,0.382683,31,-0.707107,-0.707107,-1,1.22465e-16,11,9,66,51,1019.3,1016.6,1,3,15.6,19.9,0
-0.986658,-0.162807,8.9,22.5,0,2.4,9.9,1,0,17,-0.707107,-0.707107,0.707107,-0.707107,7,6,77,44,1018.7,1014.3,0,1,13.5,22.3,0
-0.983709,-0.179767,7.9,25.5,0,2.6,10,-1.83697e-16,-1,26,-1,1.22465e-16,0.382683,-0.92388,2,13,73,35,1014.1,1008.7,0,1,15.1,25,0
-0.980469,-0.196673,11.3,19.4,0,3,6.8,0.382683,-0.92388,30,-0.382683,-0.92388,0.707107,-0.707107,7,11,55,55,1011.9,1009,5,3,17.2,19.2,0
-0.976938,-0.213521,6.2,19.7,0,2.6,7.2,-1.83697e-16,-1,30,-0.382683,-0.92388,0.707107,-0.707107,4,9,63,32,1013.5,1010.4,0,2,13.2,18.7,0
-0.973118,-0.230306,10.9,17.1,0,1.6,8.8,-1.83697e-16,-1,39,-1.83697e-16,-1,0.382683,-0.92388,13,22,61,50,1014,1011.1,1,1,13.6,15.9,0
-0.96901,-0.247022,8.2,19.9,0,6.2,10,-1.83697e-16,-1,33,-0.382683,-0.92388,-0.92388,-0.382683,15,7,57,40,1017,1015.8,1,1,12.8,18.8,0
-0.964614,-0.263665,8.6,21.7,0,4,9,0.92388,-0.382683,19,-0.707107,-0.707107,6.12323e-17,1,9,11,66,50,1023.3,1020.1,1,3,13.6,20,0
-0.959933,-0.280231,11,22.5,0,1.6,9.2,0.382683,-0.92388,22,-0.92388,-0.382683,1,0,2,7,72,53,1023.7,1020.2,1,3,16.8,21.5,0
-0.954967,-0.296713,8.1,22.9,0,1.8,9.6,0.92388,0.382683,19,-1,1.22465e-16,0.707107,0.707107,2,9,58,48,1027.4,1023.8,1,1,14.3,21.6,0
-0.949718,-0.313107,10,23.5,0,2.8,9.2,-1.83697e-16,-1,46,-0.707107,-0.707107,0.382683,0.92388,9,11,81,52,1027,1021.3,1,1,14.2,21.9,0
-0.944188,-0.329408,10.6,24.4,0,2.6,9.1,0.92388,-0.382683,48,-1.83697e-16,-1,0.707107,-0.707107,4,9,62,43,1021.7,1016.3,1,6,18.4,24.1,0
-0.938377,-0.345612,14.7,25.8,0,4,6.4,-0.382683,-0.92388,31,1,0,-1.83697e-16,-1,6,15,60,42,1015.9,1012.7,4,1,19.8,25.2,0
-0.932289,-0.361714,9.9,21.7,0,4,9.6,-0.92388,0.382683,24,-0.707107,-0.707107,-0.707107,0.707107,9,9,46,34,1022.2,1020.9,1,2,15.2,19.9,0
-0.925925,-0.377708,10.6,20.9,0,3.4,8.9,-1,1.22465e-16,28,-0.707107,-0.707107,-0.382683,0.92388,7,17,69,53,1025.4,1022.8,3,2,14.2,19,0
-0.919286,-0.39359,11.5,21.7,0,3,9.2,0.92388,0.382683,22,-0.382683,-0.92388,0.92388,0.382683,9,9,77,55,1023,1018.4,6,6,14.8,20.3,0
-0.912375,-0.409356,11.6,23.1,0.2,3.2,9.9,-1.83697e-16,-1,39,0.707107,-0.707107,-1.83697e-16,-1,6,15,66,30,1017,1014.6,1,0,19,23.1,0
-0.905193,-0.425,9.7,22.2,0,5.2,10.1,-0.382683,-0.92388,19,-0.707107,-0.707107,-1.83697e-16,-1,9,7,54,32,1023,1020.3,1,1,15.4,21.9,0
-0.897743,-0.440519,9,22,0,2.4,10,-1.83697e-16,-1,20,-0.707107,-0.707107,-1.83697e-16,-1,9,11,65,35,1024.9,1022.1,1,1,13.8,21.3,0
-0.890028,-0.455907,8.3,21.8,0,3,9.6,0.707107,0.707107,19,-0.707107,-0.707107,0.707107,0.707107,9,9,65,45,1025.2,1021.3,1,1,13.7,20.3,0
-0.882048,-0.47116,8.3,21.3,0,3,10.2,-1.83697e-16,-1,28,-0.707107,-0.707107,0.382683,-0.92388,7,7,61,30,1022.7,1019.2,0,0,14.7,21,0
-0.873807,-0.486273,8.4,22.5,0,3.2,9.8,-1.83697e-16,-1,19,-0.707107,-0.707107,0.382683,0.92388,9,11,60,52,1025.4,1022.3,1,1,13.7,19.3,0
-0.865307,-0.501242,8.8,23,0,5.4,10,-0.92388,-0.382683,20,-0.707107,-0.707107,0.92388,0.382683,9,9,69,42,1027.2,1024.1,1,1,14.4,21.8,0
-0.856551,-0.516062,9.4,24.3,0,3.2,9.1,0.382683,-0.92388,24,-0.92388,-0.382683,0.382683,-0.92388,6,11,73,36,1024.8,1020.1,0,0,15,24.1,0
-0.847541,-0.53073,9.1,22.8,0,3,9.8,0.707107,0.707107,22,-0.707107,-0.707107,0.707107,0.707107,7,11,66,52,1023.4,1019.3,5,7,15.5,20.9,0
-0.83828,-0.54524,10.8,23.4,0,2.8,9.8,0.382683,0.92388,22,-0.707107,-0.707107,0.382683,0.92388,9,13,69,46,1021.5,1018.8,6,1,16.3,22,0
-0.82877,-0.559589,11.3,22.5,0,2.8,10.1,-0.382683,0.92388,26,-0.707107,-0.707107,0.382683,0.92388,9,13,72,49,1023.6,1020,1,1,15.9,21.5,0
-0.819015,-0.573772,10.4,23.7,0,3.6,10,0.382683,0.92388,19,-0.707107,-0.707107,0.92388,0.382683,7,9,73,50,1021.6,1016.6,1,1,15.9,22.8,0
-0.809017,-0.587785,10.5,22.7,0,2.8,10,6.12323e-17,1,28,-0.707107,-0.707107,6.12323e-17,1,9,15,69,47,1019.7,1016.7,1,1,16.4,20.5,0
-0.798779,-0.601624,8.2,22,0,5,9.8,0.707107,0.707107,19,-0.707107,-0.707107,0.707107,0.707107,11,9,59,43,1021.3,1017.6,1,1,14.3,21.1,0
-0.788305,-0.615285,9.3,22.5,0,2.6,10.1,0.382683,0.92388,22,-0.92388,-0.382683,0.382683,0.92388,6,13,71,48,1022.9,1019.7,4,1,15.1,21.1,0
-0.777597,-0.628763,9.5,23,0,2.4,10.1,0.707107,0.707107,24,-0.707107,-0.707107,0.707107,0.707107,6,13,70,40,1022.2,1017.8,1,1,16.2,21.9,0
-0.766659,-0.642055,11.7,23.5,0,3.6,6.9,6.12323e-17,1,56,-0.92388,-0.382683,0.707107,0.707107,6,13,75,62,1018.7,1013.3,7,4,16.8,22.1,0
-0.755493,-0.655156,10.6,26.8,2.8,3,10,0.707107,0.707107,19,-0.382683,0.92388,0.92388,0.382683,2,9,67,51,1016.4,1012.1,1,1,19.5,25.3,1
-0.744104,-0.668064,12.1,26.4,0,2.8,9.5,-1.83697e-16,-1,30,-0.707107,-0.707107,-0.92388,-0.382683,7,7,53,22,1018.1,1014.8,1,0,18.6,26.4,0
-0.732494,-0.680773,10.8,23.4,0,4,10.5,0.92388,0.382683,20,-0.92388,-0.382683,0.707107,0.707107,7,11,68,48,1021.6,1018,1,1,16.5,22.6,0
-0.720667,-0.693281,10.2,25.4,0,4,10.8,0.92388,0.382683,24,-1,1.22465e-16,0.92388,0.382683,4,15,68,51,1022.2,1017.4,0,0,16.6,23,0
-0.708627,-0.705584,11.2,27.8,0,4.6,10.4,-1.83697e-16,-1,41,-0.707107,-0.707107,0.382683,0.92388,7,9,69,52,1019,1014.6,0,1,18.5,26.1,0
-0.696376,-0.717677,13.3,23.4,0.2,5,10.6,6.12323e-17,1,31,-0.92388,-0.382683,-0.382683,0.92388,7,17,50,32,1024.9,1023.5,1,1,19.2,21.7,0
-0.683919,-0.729558,10.9,23.4,0,5.2,10.5,-0.707107,0.707107,24,-0.707107,-0.707107,6.12323e-17,1,9,7,58,43,1027.9,1023.4,1,1,17.1,20.6,0
-0.67126,-0.741222,10.7,22.7,0,3.4,9.4,6.12323e-17,1,22,-0.707107,-0.707107,0.92388,0.382683,7,7,68,41,1023,1017.8,1,6,17.5,22.3,0
-0.645348,-0.763889,14.5,28.1,0,4.6,8.9,6.12323e-17,1,48,0.707107,-0.707107,0.382683,0.92388,2,13,62,50,1014.7,1010.5,1,1,21.2,26.1,0
-0.632103,-0.774884,14.2,28.3,0,5.6,10.5,0.382683,0.92388,24,-0.92388,-0.382683,0.707107,0.707107,4,15,70,54,1015.7,1011.4,0,1,21.4,25.4,0
-0.605056,-0.796183,17.6,33.4,0,5.8,10.8,-1.83697e-16,-1,39,0.382683,-0.92388,0.382683,-0.92388,15,17,29,23,1011.8,1008.3,0,1,29.2,33.1,0
-0.591261,-0.80648,18,30,0,7.2,10.2,-1.83697e-16,-1,37,-1.83697e-16,-1,-1.83697e-16,-1,11,17,21,8,1016.8,1013.6,1,3,23.6,29.5,0
-0.577292,-0.816538,10.8,26.5,0,5.6,9.1,6.12323e-17,1,22,-0.382683,-0.92388,0.382683,0.92388,9,11,39,36,1020.1,1016.3,6,3,17.5,25.1,0
-0.563151,-0.826354,15.8,29.3,0,2.8,9.6,0.92388,-0.382683,28,-0.382683,-0.92388,0.92388,0.382683,7,11,62,57,1018.8,1013.7,1,1,21.6,26,0
-0.548843,-0.835925,19.2,27.1,0,3.8,9.2,0.92388,0.382683,35,0.92388,-0.382683,0.707107,0.707107,7,17,79,65,1016.8,1010.1,4,1,22,25.2,0
-0.534373,-0.845249,18,29.2,0,5.8,8.4,-0.382683,-0.92388,35,-0.382683,-0.92388,-1.83697e-16,-1,15,17,40,26,1014.2,1011.9,6,4,25.3,27.8,0
-0.519744,-0.854322,12.7,22.2,1,9.2,2.8,-1.83697e-16,-1,30,-0.382683,-0.92388,-0.382683,-0.92388,11,13,70,38,1019.6,1016.4,8,5,14.1,20.3,0
-0.504961,-0.863142,8.5,23.2,0.2,2.6,10.6,0.382683,0.92388,26,-0.92388,-0.382683,0.382683,0.92388,7,13,45,47,1022.3,1019.6,0,1,17.1,21.8,0
-0.490029,-0.871706,11.8,23.6,0,2.4,10.6,6.12323e-17,1,26,-0.92388,-0.382683,0.707107,0.707107,6,13,64,50,1024.4,1021.7,1,1,18.8,21.7,0
-0.474951,-0.880012,11.6,23.9,0,5.2,9.9,0.707107,0.707107,28,-1.83697e-16,-1,0.382683,0.92388,7,15,61,49,1024.4,1020.6,5,2,18.7,21.6,0
-0.459733,-0.888057,13.7,24.5,0,4.6,6.7,0.92388,0.382683,33,-0.707107,-0.707107,0.707107,0.707107,6,15,68,62,1020.5,1015.7,7,7,20.2,22.5,0
-0.444378,-0.895839,16.1,27.3,7.8,4.6,8.2,-0.382683,0.92388,35,0.382683,-0.92388,-1.83697e-16,-1,11,15,85,37,1015.3,1011.6,6,3,17.3,26.6,1
-0.428892,-0.903356,14,25.2,0,5,10.5,0.382683,0.92388,26,-0.92388,-0.382683,0.382683,0.92388,7,15,65,56,1018.6,1015.1,1,2,20.4,23.1,0
-0.413279,-0.910605,15.5,25.1,0,6.2,3.4,-1.83697e-16,-1,39,1,0,0.92388,0.382683,13,15,64,66,1013.8,1010,3,6,23.4,23.9,0
-0.397543,-0.917584,16.2,27.3,15.2,3.6,9.1,-1.83697e-16,-1,33,-1.83697e-16,-1,-0.707107,-0.707107,9,11,63,20,1011.1,1007.9,1,2,21.5,27,1
-0.381689,-0.924291,11.6,25.5,0,4,11.2,-0.382683,-0.92388,35,-1.83697e-16,-1,-1.83697e-16,-1,9,15,46,25,1015.3,1012.1,0,1,20,24.7,0
-0.365723,-0.930724,10.1,26.1,0,5.6,10.6,0.707107,-0.707107,22,-0.92388,-0.382683,0.707107,0.707107,6,11,45,27,1019.3,1015.4,0,2,19.4,24.5,0
-0.349647,-0.936881,11.8,26.3,0,4.8,11.2,6.12323e-17,1,33,-0.382683,-0.92388,0.382683,0.92388,7,13,39,25,1023.1,1019.5,1,1,19.7,24.4,0
-0.333469,-0.942761,10.9,25.4,0,5.4,11,0.707107,-0.707107,30,-0.92388,-0.382683,0.382683,0.92388,7,13,53,42,1026.7,1023.9,0,1,20.1,24.4,0
-0.317191,-0.948362,12,25.3,0,5,11.1,0.382683,0.92388,28,-0.92388,-0.382683,0.382683,0.92388,6,13,62,47,1026.5,1022.5,1,1,19.9,24,0
-0.30082,-0.953681,12.4,26.6,0,4.8,10.6,0.382683,0.92388,22,-0.707107,-0.707107,0.707107,0.707107,6,11,65,49,1023.2,1018.6,2,1,20.1,25.1,0
-0.284359,-0.958718,12.5,25.7,0,4.8,10.4,0.382683,0.92388,24,-1.83697e-16,-1,0.382683,0.92388,7,11,70,50,1022.1,1017.7,1,1,20.3,24.5,0
-0.267814,-0.963471,13.8,26.2,0,3.8,11,6.12323e-17,1,24,-0.707107,-0.707107,0.382683,0.92388,7,15,63,51,1022.9,1019.7,1,1,21.2,24.3,0
-0.25119,-0.967938,14,26.1,0,6,10.3,0.382683,0.92388,28,-1,1.22465e-16,0.92388,0.382683,6,13,62,51,1024.8,1020.7,6,1,21.3,24.5,0
-0.234491,-0.972118,13.9,28.4,0,5.6,10.1,0.92388,0.382683,28,0.707107,-0.707107,0.382683,0.92388,7,15,58,55,1022.1,1016.4,1,1,22.8,25.8,0
-0.217723,-0.976011,16.4,27.3,0,5.2,9.5,6.12323e-17,1,26,-0.92388,0.382683,0.382683,0.92388,7,15,62,57,1019.7,1014,4,6,24.3,25.8,0
-0.200891,-0.979614,18.5,32.2,0,4,10.7,6.12323e-17,1,31,-0.382683,-0.92388,6.12323e-17,1,7,17,62,48,1015.8,1011.8,1,1,24.5,27.5,0
-0.183998,-0.982927,17,29.3,0,6,9.5,0.707107,0.707107,24,0.382683,-0.92388,0.707107,0.707107,7,15,67,59,1014.9,1010.2,4,1,23.7,26.5,0
-0.167052,-0.985948,21,28,0.2,5.4,9.9,0.707107,0.707107,33,0.707107,0.707107,0.382683,0.92388,7,17,69,60,1014.4,1009.1,3,1,24.7,26.8,0
-0.150055,-0.988678,19.8,27.7,0,8,5.2,-1.83697e-16,-1,57,-1.83697e-16,-1,-1.83697e-16,-1,19,26,48,13,1007.4,1005.9,3,7,26.6,25.9,0
-0.133015,-0.991114,15.5,30,0,10.8,11.2,-1.83697e-16,-1,33,-0.382683,-0.92388,-0.707107,-0.707107,13,11,35,16,1015.4,1011.5,0,0,21.5,29.6,0
-0.115935,-0.993257,10.1,28.4,0,10.6,11.2,0.92388,0.382683,30,-0.707107,-0.707107,0.707107,0.707107,7,13,31,29,1017.8,1012.7,0,0,22.2,25.9,0
-0.0988201,-0.995105,13.6,34.2,0,6.2,9.7,-0.382683,-0.92388,48,0.92388,-0.382683,0.382683,-0.92388,9,17,44,13,1012.3,1005.3,0,0,23.6,33.9,0
-0.0816764,-0.996659,15.3,24.7,0,10.6,11.2,-1.83697e-16,-1,54,-0.382683,-0.92388,-1.83697e-16,-1,17,22,23,14,1013.7,1008.6,0,0,19.4,24.1,0
-0.0645084,-0.997917,8.7,25.6,0,10.6,11.6,0.382683,-0.92388,44,-1.83697e-16,-1,-1.83697e-16,-1,19,24,27,14,1011.7,1006.2,0,0,18.8,24.8,0
-0.0473214,-0.99888,10,26.8,0,10.4,11.6,0.382683,0.92388,31,-0.382683,-0.92388,0.92388,0.382683,13,11,30,27,1014.7,1011.5,0,0,19.8,24,0
-0.0301203,-0.999546,12.5,26.1,0,6,11.6,0.382683,0.92388,28,-0.382683,-0.92388,0.382683,0.92388,6,15,47,31,1020.6,1016.9,1,1,21.6,24.8,0
-0.0129103,-0.999917,14.1,28.3,0,5.4,10.7,0.707107,0.707107,31,0.707107,-0.707107,0.92388,0.382683,7,13,52,45,1020.7,1015.3,0,0,22.5,25.9,0
0.00430354,-0.999991,14.6,28.7,0,7.4,10.7,1,0,44,6.12323e-17,1,0.707107,0.707107,7,15,52,49,1016.1,1010.4,0,2,24,26.6,0
0.0215161,-0.999769,19.7,34.1,0,7.6,9.3,-1.83697e-16,-1,46,0.382683,-0.92388,-1.83697e-16,-1,11,19,45,18,1009.4,1004.9,5,3,28.1,33.6,0
0.0387223,-0.99925,17.5,26.6,0,9.8,9.7,0.382683,0.92388,31,-0.707107,0.707107,6.12323e-17,1,11,20,55,58,1016.6,1013.9,4,4,24,23.3,0
0.055917,-0.998435,16.1,28.4,0.4,8.8,10.6,-1,1.22465e-16,31,-0.92388,0.382683,6.12323e-17,1,9,17,59,50,1018,1013.5,3,1,23,24.3,0
0.0730951,-0.997325,16.1,27.4,0,4,10.9,6.12323e-17,1,30,-0.707107,0.707107,0.382683,0.92388,9,15,56,48,1018.7,1014.9,4,1,23.1,25.3,0
0.0902516,-0.995919,17.1,28.4,0,7.4,9.2,0.92388,0.382683,30,0.92388,-0.382683,1,0,11,13,54,72,1015.6,1010.1,4,5,24.3,22.9,0
0.107381,-0.994218,11.8,27,2.4,6.6,12,-0.382683,-0.92388,35,-0.707107,-0.707107,0.382683,0.92388,13,15,28,33,1016.4,1013.3,0,1,19.7,23.3,1
0.124479,-0.992222,13.3,26.5,0,6.6,11.7,-0.382683,0.92388,31,-0.92388,-0.382683,6.12323e-17,1,11,19,34,41,1022.1,1018.5,1,2,21.1,23.6,0
0.14154,-0.989932,13.7,24.9,0,7.8,11,-0.382683,0.92388,35,-0.92388,0.382683,6.12323e-17,1,15,19,48,48,1025.9,1022.5,1,3,21.3,21.5,0
0.158559,-0.987349,15,22.4,0,7,2.5,0.382683,-0.92388,24,-0.382683,0.92388,0.382683,0.92388,9,7,63,68,1024.1,1020.6,7,7,19.6,18.9,0
0.175531,-0.984474,13,26.8,1,2.2,10.7,1,0,43,0.707107,0.707107,0.92388,0.382683,9,19,61,58,1017.6,1010.8,1,1,21.2,24.5,0
0.192452,-0.981306,18.3,35,1.8,6.6,8.8,-0.382683,-0.92388,93,0.92388,-0.382683,0.707107,-0.707107,13,20,56,25,1009.1,1002.2,2,7,26.7,34,1
0.209315,-0.977848,16.6,31.4,10.2,8.6,9.2,-1.83697e-16,-1,59,0.382683,-0.92388,-1.83697e-16,-1,24,28,20,14,1008.8,1004.4,1,0,27.2,30.6,1
0.226116,-0.9741,12.1,31,0.2,13.8,11.8,-1.83697e-16,-1,30,-0.92388,-0.382683,1,0,9,11,23,23,1013.8,1008.7,0,0,25.5,29.4,0
0.24285,-0.970064,12.9,29.6,0,9.8,12.1,-1.83697e-16,-1,43,-0.382683,-0.92388,-0.382683,-0.92388,15,19,23,14,1013.8,1010.3,0,0,26.4,29.2,0
0.259512,-0.96574,14.7,26.2,0,11.8,12.1,0.707107,0.707107,28,-1,1.22465e-16,0.382683,0.92388,9,15,21,37,1019.9,1018.1,2,1,22.7,24,0
0.276097,-0.96113,14.6,25.7,0,7.8,9.6,0.382683,0.92388,31,-0.382683,0.92388,6.12323e-17,1,7,20,48,50,1024.6,1022.2,2,3,21.8,22.5,0
0.2926,-0.956235,14.5,25.2,0,7,10.5,-0.382683,0.92388,30,-0.92388,0.382683,6.12323e-17,1,7,15,48,51,1026.5,1023.4,3,2,22.7,22.7,0
0.309017,-0.951057,14.2,25.7,0,7,11.9,0.382683,0.92388,28,6.12323e-17,1,0.382683,0.92388,9,17,48,46,1025.9,1022.3,3,1,23.3,24.4,0
0.325342,-0.945596,14.5,28.1,0,6.4,11.6,0.382683,0.92388,30,0.707107,0.707107,0.92388,0.382683,9,13,49,48,1025,1020.8,1,1,24.4,25.7,0
0.341571,-0.939856,15.2,28,0,7.8,11.4,0.707107,0.707107,30,0.382683,-0.92388,0.707107,0.707107,9,13,50,45,1023,1020.9,1,1,24.9,26.3,0
0.357698,-0.933837,16.1,28.3,0,6.4,11.7,0.707107,0.707107,31,1,0,0.382683,0.92388,13,15,48,46,1023,1019,2,4,24.3,26.1,0
0.37372,-0.927542,16,28.8,0,8,10.9,0.92388,0.382683,35,0.707107,-0.707107,0.92388,0.382683,11,17,45,54,1019.9,1014.4,1,1,24.4,26.1,0
0.38963,-0.920971,16.7,28.9,0.4,7.2,11.9,-0.707107,-0.707107,46,-0.707107,0.707107,0.92388,0.382683,6,19,56,57,1015.6,1011.5,1,1,25.7,25.9,0
0.405426,-0.914128,18.9,28.5,0,9.4,6.9,-1.83697e-16,-1,44,1,0,0.92388,0.382683,11,13,50,60,1014.7,1013.4,7,7,27.3,24.5,0
0.421101,-0.907014,18.1,26.9,35.4,12.2,11.3,6.12323e-17,1,37,0.382683,0.92388,0.382683,0.92388,19,19,61,54,1022.4,1020.9,7,4,24.7,25.1,1
0.436651,-0.899631,17.9,26.9,1.2,6.6,6.5,-0.382683,0.92388,31,0.382683,0.92388,-0.382683,0.92388,13,15,59,85,1023.3,1021.1,3,7,25.5,20.9,1
0.452072,-0.891981,17.7,26.3,4.4,7,11.9,6.12323e-17,1,33,0.382683,0.92388,6.12323e-17,1,15,15,48,47,1023.8,1021.9,7,5,23,24.4,1
0.467359,-0.884068,16.7,26,0,5.6,9.6,0.382683,0.92388,26,-0.382683,0.92388,0.382683,0.92388,7,13,79,49,1023.6,1021,7,4,19.8,24.6,0
0.482508,-0.875892,16.3,27.2,0,5.8,11.7,6.12323e-17,1,31,-0.382683,-0.92388,0.382683,0.92388,4,15,52,49,1022.9,1019.9,6,1,24.4,25.1,0
0.497513,-0.867456,18.3,24.8,0.4,7.6,6.4,-0.92388,0.382683,39,-0.92388,0.382683,6.12323e-17,1,7,17,67,59,1024.4,1021.3,7,4,22.5,23,0
0.512371,-0.858764,14.2,26.6,0,4.6,12.6,0.382683,0.92388,28,0.707107,-0.707107,1,0,7,11,50,42,1023.2,1018.9,3,0,22.7,26.3,0
0.527078,-0.849817,14.9,29.3,0,9.2,12.5,0.92388,0.382683,26,0.382683,-0.92388,0.707107,0.707107,7,13,47,51,1019.3,1014.4,1,0,24.3,27.3,0
0.541628,-0.840618,18.2,32,0,6.8,12.5,0.382683,0.92388,30,6.12323e-17,1,0.92388,0.382683,7,17,45,50,1016.6,1012.4,1,1,27.3,29.3,0
0.556017,-0.831171,19.8,29.7,0,8,9.7,-0.707107,-0.707107,46,-0.707107,0.707107,0.382683,0.92388,7,17,56,58,1016.4,1014.4,7,2,27,27.7,0
0.570242,-0.821477,18.3,25.5,0.4,6.6,3.1,0.382683,0.92388,28,-0.382683,0.92388,0.382683,0.92388,9,15,73,62,1021.5,1020.2,7,6,24.2,25.2,0
0.584298,-0.811539,18.9,26.6,7,4.6,10.3,-0.382683,0.92388,33,0.382683,0.92388,0.382683,0.92388,15,17,63,55,1024.9,1023.3,5,4,24,25.6,1
0.598181,-0.801361,16.8,27.4,0.2,8,12,6.12323e-17,1,35,-0.382683,0.92388,-0.382683,0.92388,17,15,47,47,1026.4,1023.4,6,5,25.2,25.2,0
0.611886,-0.790946,18.8,25.6,17,8,3.4,6.12323e-17,1,35,6.12323e-17,1,6.12323e-17,1,15,17,62,54,1023.7,1020.7,7,7,22.9,23.9,1
0.625411,-0.780296,17.2,25.6,1.6,4.6,10.9,-0.382683,0.92388,39,-0.707107,0.707107,6.12323e-17,1,11,19,66,49,1021.7,1019.8,2,3,22,24.7,1
0.638749,-0.769415,15.4,26.2,0.2,8,12.4,0.707107,0.707107,26,6.12323e-17,1,0.707107,0.707107,6,13,59,50,1022.5,1020.1,4,2,23.4,25.4,0
0.651899,-0.758306,16.1,27.5,0,6.6,12.1,0.707107,0.707107,28,0.92388,-0.382683,0.382683,0.92388,7,17,54,53,1021.7,1018.3,3,1,24.1,25.2,0
0.664855,-0.746972,17.5,27.8,0,7.8,7.5,6.12323e-17,1,22,6.12323e-17,1,0.382683,0.92388,9,11,52,58,1017.2,1014.1,7,7,24.2,25.1,0
0.677615,-0.735417,19.2,28.1,0,4.8,11.3,0.707107,0.707107,30,0.707107,0.707107,0.382683,0.92388,9,15,53,55,1016,1013,2,1,26.2,26.5,0
0.690173,-0.723644,18.9,30.4,0,9.8,11.8,0.707107,0.707107,31,0.382683,0.92388,0.707107,0.707107,7,15,54,53,1013.6,1009.8,1,1,26,28.5,0
0.702527,-0.711657,19.6,31.4,0,8,12.2,0.92388,-0.382683,35,1,0,0.707107,0.707107,7,15,51,58,1011.7,1007,0,1,28.2,28.9,0
0.714673,-0.699458,20.9,34.4,0,9.6,11.2,-0.382683,0.92388,50,1,0,0.92388,0.382683,9,15,46,53,1007.3,1002.7,1,1,29.7,31.1,0
0.726608,-0.687053,20.7,28.2,3.2,8,8.1,0.382683,0.92388,30,-0.382683,0.92388,0.382683,0.92388,15,15,60,61,1013,1011.4,7,3,25.3,26.5,1
0.761104,-0.64863,22.5,30.7,0,9.2,12.4,0.92388,0.382683,35,0.92388,-0.382683,0.92388,0.382683,11,17,56,57,1014.3,1011.1,1,1,27.7,28.7,0
0.772157,-0.635432,22,31.7,0,7.6,11,0.707107,0.707107,35,0.92388,-0.382683,0.92388,0.382683,11,17,48,61,1014.6,1012,1,2,29.2,29.2,0
0.78298,-0.622047,22.2,31.3,0,9.6,11.7,0.707107,0.707107,28,0.92388,0.382683,0.92388,0.382683,9,15,52,46,1016.4,1013.5,3,1,28.9,29.6,0
0.793572,-0.608477,22.4,29.8,1.2,10,12.5,0.382683,0.92388,41,0.382683,0.92388,0.382683,0.92388,17,20,58,43,1020.8,1019.3,3,2,27.5,28.7,1
0.803928,-0.594727,21.6,30.2,0.2,9.4,10,6.12323e-17,1,35,0.382683,0.92388,6.12323e-17,1,15,20,54,46,1021.6,1018.5,4,3,26.8,27.6,0
0.814046,-0.5808,21,28.6,0,7.4,11,0.382683,0.92388,35,0.382683,0.92388,0.382683,0.92388,17,17,60,61,1019.7,1016.4,3,5,27.6,26.8,0
0.823923,-0.566702,22,31.2,0,7.8,12.3,0.92388,0.382683,33,0.707107,-0.707107,0.707107,0.707107,11,17,52,53,1015.5,1010.6,1,1,27.6,28.8,0
0.833556,-0.552435,22,34.2,0,10,6.4,0.92388,0.382683,24,0.707107,-0.707107,0.707107,0.707107,7,9,51,61,1010.3,1006.1,5,7,29.5,30,0
0.87796,-0.478734,18,28.3,6.6,4.8,12.1,0.382683,0.92388,33,-0.707107,0.707107,6.12323e-17,1,15,19,52,53,1021,1018.2,3,2,24.7,25.2,1
0.886071,-0.46355,17.1,30.5,0,8.4,12.7,0.707107,0.707107,30,-0.92388,0.382683,0.707107,0.707107,6,15,50,45,1019.6,1015.6,1,1,26.6,28.4,0
0.893919,-0.448229,19.3,29.8,0,9.8,12.9,0.92388,0.382683,37,0.92388,0.382683,0.92388,0.382683,11,15,52,51,1017.3,1012.4,1,1,26.8,28.4,0
0.901502,-0.432776,20.4,30.6,0,10.2,12.9,0.92388,0.382683,33,0.707107,0.707107,0.92388,0.382683,7,15,43,52,1014.7,1012.5,1,1,28.3,28.9,0
0.908818,-0.417194,22.2,30.5,0,10.8,12.7,0.92388,0.382683,37,0.707107,-0.707107,0.92388,0.382683,11,19,56,52,1016.7,1012.7,3,1,28.1,29.2,0
0.915864,-0.401488,22.2,31.9,0,9.6,12.5,0.707107,0.707107,35,0.92388,0.382683,0.707107,0.707107,9,19,48,59,1013.4,1009.1,1,1,29,29.4,0
0.92264,-0.385663,22.3,32.7,0,9.6,12.6,0.382683,0.92388,33,1,0,0.92388,0.382683,9,15,47,55,1011.8,1008.3,1,0,28.8,30.3,0
0.929141,-0.369725,22.6,33,0,10.4,12.4,0.707107,0.707107,33,0.382683,0.92388,0.707107,0.707107,9,19,47,58,1012.6,1009.6,1,1,29.5,29.9,0
0.935368,-0.353676,23.2,33.2,0,9,8.8,0.707107,0.707107,30,0.92388,0.382683,0.92388,0.382683,9,17,62,57,1013.6,1010.2,5,4,28.6,29.2,0
0.941317,-0.337523,23.6,30.8,0,8,7.2,6.12323e-17,1,31,-0.92388,0.382683,0.382683,0.92388,13,15,62,53,1015.9,1012.2,7,7,27.7,29.8,0
0.952378,-0.304921,24.4,31.8,0.2,7.6,5.9,6.12323e-17,1,30,0.382683,0.92388,0.382683,0.92388,6,15,59,53,1017,1015.2,7,7,28.4,29.2,0
0.962309,-0.271958,20,30,12.2,5,12.7,6.12323e-17,1,31,0.707107,-0.707107,0.707107,0.707107,7,20,59,53,1021.2,1018.8,7,2,26.7,27.9,1
0.966848,-0.255353,20.5,30.5,0,9.6,11.8,0.92388,0.382683,33,0.707107,0.707107,0.707107,0.707107,15,19,45,56,1021.2,1017.8,3,2,27.5,27.4,0
0.9711,-0.238673,22,31.6,0,8.8,12.8,0.707107,0.707107,33,1,0,0.92388,0.382683,11,15,49,49,1017.3,1013.9,3,1,28.7,30,0
0.975065,-0.221922,23,30.8,0,7.8,2.5,-1.83697e-16,-1,31,0.707107,0.707107,0.92388,0.382683,6,11,51,51,1015.8,1012.7,8,8,28.3,28,0
0.97874,-0.205104,21.9,28.1,4.8,5.2,0,-1.83697e-16,-1,22,-0.382683,-0.92388,-0.92388,0.382683,6,2,73,92,1016.5,1015.2,8,8,24.5,22,1
0.982126,-0.188227,20.9,29,34,5,5.5,6.12323e-17,1,30,-0.707107,0.707107,-0.382683,0.92388,6,9,61,65,1015.8,1014,5,7,26.6,25.4,1
0.98522,-0.171293,20.9,32,0,3.6,8.2,-0.92388,0.382683,41,-0.92388,0.382683,0.382683,0.92388,2,17,60,59,1015,1011.6,5,6,27.1,27.7,0
0.988023,-0.154309,20.9,30.2,13,6.4,10.3,0.382683,0.92388,33,-0.707107,-0.707107,6.12323e-17,1,4,20,67,58,1015.2,1013,5,4,26.7,27.9,1
0.990532,-0.137279,21.4,30,1.6,10.6,7.4,0.382683,0.92388,30,1,0,0.382683,0.92388,4,17,71,57,1015.5,1012.7,6,2,26.1,28.1,1
0.992749,-0.120208,21.9,29.1,0.2,5.4,6.7,0.382683,0.92388,39,0.382683,0.92388,0.382683,0.92388,19,15,72,70,1013.3,1011,7,7,26.3,27,0
0.994671,-0.103102,23,29.7,13.2,5,5.9,0.707107,0.707107,33,0.382683,0.92388,0.382683,0.92388,15,20,79,77,1013.4,1012.1,6,6,27,27,1
0.996298,-0.0859648,22.7,29.3,21,7.6,3.5,0.382683,0.92388,35,0.707107,0.707107,0.382683,0.92388,17,19,73,71,1016,1013.7,7,7,26.7,27.2,1
0.99763,-0.0688024,23.1,28.5,21.6,4.9,3.3,0.707107,0.707107,26,0.92388,0.382683,0.382683,0.92388,7,15,92,73,1015.6,1012.5,8,4,23.6,27.7,1
0.998667,-0.0516197,22.9,29.1,35,4,3.3,0.382683,0.92388,30,-0.92388,-0.382683,0.382683,0.92388,2,11,87,77,1016.5,1015.2,7,8,25.4,26.3,1
0.999407,-0.0344216,22.8,28.6,7.8,4,8.1,0.382683,0.92388,33,0.382683,0.92388,0.382683,0.92388,15,17,66,58,1018.8,1016.4,5,7,27.8,27.9,1
0.999852,-0.0172134,20.7,28.6,0.4,8,6.6,6.12323e-17,1,31,0.382683,0.92388,0.382683,0.92388,17,15,74,56,1018,1015.5,6,6,25,28.4,0
1,0,23.6,29.6,1.4,7.6,6,0.382683,0.92388,31,0.707107,0.707107,0.92388,0.382683,13,13,61,66,1016,1013.5,7,7,27.4,27.8,1
0.999852,0.0172134,23.9,30.8,0.8,6.4,11.3,0.707107,0.707107,30,0.707107,-0.707107,0.707107,0.707107,7,13,62,66,1012.5,1009,2,3,28.7,29.2,0
0.999407,0.0344216,24.9,32.2,0,7.4,3.3,6.12323e-17,1,33,0.707107,-0.707107,-0.382683,0.92388,4,17,65,76,1010.7,1010.7,4,8,30,25.6,0
0.998667,0.0516197,23.4,27.7,20.6,4.2,0,-0.92388,0.382683,43,-0.707107,0.707107,-0.382683,0.92388,15,15,70,65,1015.8,1015.1,8,7,26.2,26.4,1
0.99763,0.0688024,21.1,27.8,0,4,0.7,-0.382683,0.92388,31,-0.92388,0.382683,-0.382683,0.92388,9,17,69,56,1017.3,1015.7,7,7,24.9,27.7,0
0.996298,0.0859648,21.8,29.3,0,4.8,3.3,0.382683,0.92388,24,6.12323e-17,1,0.382683,0.92388,11,11,81,64,1015.5,1013.1,8,7,24.7,28.3,0
0.994671,0.103102,22.4,28.6,0.6,4.4,1.8,0.707107,0.707107,26,-0.382683,0.92388,6.12323e-17,1,11,17,73,62,1014.8,1012.9,7,7,26.9,27.5,0
0.992749,0.120208,22.3,30.3,0.2,5.4,6.8,0.382683,0.92388,33,-0.382683,0.92388,0.382683,0.92388,15,19,63,55,1017.6,1016.1,7,3,26.6,29.3,0
0.990532,0.137279,21.7,30.2,0,4.6,12.9,0.382683,0.92388,35,6.12323e-17,1,6.12323e-17,1,13,15,65,48,1019.2,1017,3,3,28.1,29.6,0
0.988023,0.154309,21,30.6,0,7.2,13.2,6.12323e-17,1,28,-0.92388,0.382683,0.382683,0.92388,6,17,60,52,1017.7,1014.6,2,1,27.7,29.2,0
0.98522,0.171293,20.8,30.5,0,7,12.2,0.382683,0.92388,33,-0.707107,0.707107,6.12323e-17,1,9,19,61,52,1016.7,1014.3,3,2,28.1,29.6,0
0.982126,0.188227,21.3,31,0,8,12.2,-0.382683,0.92388,31,0.707107,0.707107,0.382683,0.92388,6,15,58,61,1015,1012.6,3,2,27.9,29,0
0.97874,0.205104,20.9,30.1,0,10.8,10.6,0.92388,0.382683,39,0.382683,0.92388,0.707107,0.707107,9,15,58,54,1014.8,1011.5,3,1,27.7,29,0
0.975065,0.221922,23.2,30.7,0,5.8,10.7,6.12323e-17,1,28,-0.92388,0.382683,0.382683,0.92388,6,19,59,49,1015.6,1012.9,6,1,28,29.4,0
0.9711,0.238673,21.5,30.8,0,9.2,10.5,6.12323e-17,1,33,6.12323e-17,1,-0.382683,0.92388,11,15,65,42,1015.5,1013,7,4,26.6,30.2,0
0.966848,0.255353,21.3,29.9,0,8.2,8.6,0.707107,0.707107,26,0.382683,0.92388,0.707107,0.707107,4,13,54,55,1012.7,1009.3,6,1,27.4,29.1,0
0.962309,0.271958,22.1,32.4,0,7.8,11.8,0.707107,0.707107,30,0.707107,-0.707107,0.92388,0.382683,9,13,55,55,1008.3,1004,1,3,27.7,30.9,0
0.957485,0.288482,22.1,35.1,4.4,7.6,12.7,0.382683,0.92388,30,-0.707107,-0.707107,0.707107,0.707107,9,17,62,57,1004.2,1000.2,1,3,29.4,31.9,1
0.952378,0.304921,17.3,32.8,0,9,12.9,6.12323e-17,1,50,-0.707107,-0.707107,0.382683,0.92388,9,19,42,50,1008.3,1006,1,1,26.2,28.5,0
0.946988,0.32127,20.2,33,0.2,8.6,13,0.92388,0.382683,26,-0.92388,-0.382683,0.382683,0.92388,6,13,56,39,1012.2,1009,1,0,27.1,30.7,0
0.941317,0.337523,21.3,32.6,0,8.4,10.5,0.382683,0.92388,24,-0.382683,-0.92388,0.92388,0.382683,6,13,60,50,1013.4,1010.4,6,6,28.4,30.3,0
0.935368,0.353676,22.4,30.9,0,7,6.3,0.707107,0.707107,26,0.382683,0.92388,0.707107,0.707107,6,13,56,57,1015.2,1013.7,6,6,27.9,28.8,0
0.929141,0.369725,21.3,32.1,0,5.6,13,6.12323e-17,1,28,0.707107,-0.707107,0.382683,0.92388,6,13,59,50,1014.4,1011.4,2,1,28.3,30.5,0
0.92264,0.385663,21.8,31.7,0,9,12.8,6.12323e-17,1,31,0.382683,0.92388,0.382683,0.92388,11,17,54,50,1014.2,1011.9,2,1,28.6,30.3,0
0.915864,0.401488,21.5,32.5,0,9,11.6,0.382683,0.92388,28,1,0,0.92388,0.382683,7,13,59,47,1015,1012.2,5,3,28.9,31.9,0
0.908818,0.417194,22.4,32.8,0,9.2,12,0.707107,0.707107,31,-0.382683,-0.92388,0.707107,0.707107,4,15,59,56,1014.1,1011.1,5,1,28.3,30.6,0
0.901502,0.432776,21.9,33.6,0,9.2,11.8,-0.707107,0.707107,41,-1.83697e-16,-1,0.92388,0.382683,6,15,58,51,1012.7,1010,1,1,28.3,30.9,0
0.893919,0.448229,24.1,33.8,0,6.8,9.9,0.382683,0.92388,28,6.12323e-17,1,0.707107,0.707107,7,17,58,44,1011.3,1007.9,4,3,29.7,32.2,0
0.886071,0.46355,21.1,32.6,3.6,9.8,7,-1,1.22465e-16,31,-1.83697e-16,-1,0.707107,0.707107,9,9,72,60,1010.2,1008,6,8,25.6,28.8,1
0.87796,0.478734,22.8,31.2,3,4.8,7.5,-0.92388,-0.382683,46,-0.92388,0.382683,-0.707107,0.707107,9,22,65,57,1012.4,1011.4,7,7,27.7,27.9,1
0.869589,0.493776,22.7,28.1,5.4,8.6,1.9,0.382683,0.92388,50,0.382683,0.92388,6.12323e-17,1,11,17,76,68,1010.7,1008.8,8,8,26.3,26.7,1
0.860961,0.508671,22,28.2,17.4,2.8,0.3,0.382683,0.92388,46,6.12323e-17,1,-0.382683,0.92388,22,20,69,60,1009.3,1008.3,8,7,26.2,26.5,1
0.852078,0.523416,22,29.3,2.6,6.4,5,6.12323e-17,1,46,-0.382683,0.92388,-0.382683,0.92388,19,13,57,64,1009.4,1007.6,7,7,26.9,27.5,1
0.842942,0.538005,22,30.2,2.4,7.4,11.8,6.12323e-17,1,31,6.12323e-17,1,6.12323e-17,1,17,19,57,51,1009.7,1008.1,6,2,27.7,28.9,1
0.833556,0.552435,21.5,30.9,0,7.4,10.2,0.707107,0.707107,26,-0.382683,0.92388,0.382683,0.92388,4,15,61,60,1011.1,1008.9,3,6,28.1,28.4,0
0.823923,0.566702,21.8,31.5,0,7.4,11.9,6.12323e-17,1,28,0.707107,0.707107,0.707107,0.707107,9,17,62,46,1011.3,1009,7,3,28.5,30.1,0
0.814046,0.5808,24.6,31.6,0,7.2,10.2,6.12323e-17,1,39,0.92388,-0.382683,0.707107,0.707107,6,17,65,62,1012.6,1010.9,7,7,28.2,29.9,0
0.803928,0.594727,22.3,26.7,89,8.2,0.1,-0.92388,0.382683,30,-0.92388,0.382683,-0.707107,0.707107,11,13,90,73,1017.7,1015.8,8,8,22.3,26,1
0.793572,0.608477,22,30.3,0.8,2,5.2,6.12323e-17,1,37,-0.92388,0.382683,6.12323e-17,1,11,22,77,53,1019.1,1017,7,6,25.3,28.4,0
0.78298,0.622047,21.3,29.2,0.2,6.8,8.3,-0.707107,0.707107,48,-0.707107,0.707107,-0.707107,0.707107,13,17,71,66,1019.9,1018.2,6,7,25.8,26.2,0
0.772157,0.635432,21.4,29.9,7,5.8,9.3,-0.707107,0.707107,33,-0.707107,0.707107,-0.382683,0.92388,11,19,65,54,1018.9,1016.3,7,3,26.5,29.1,1
0.761104,0.64863,21.4,29.5,0,6.6,12.1,6.12323e-17,1,28,6.12323e-17,1,0.707107,0.707107,4,15,63,52,1018.1,1015,3,2,26.9,29,0
0.749826,0.661635,21,31.1,0,7,11.8,0.707107,0.707107,26,-0.707107,-0.707107,0.707107,0.707107,7,15,67,54,1015.4,1011.9,4,2,27.1,29.7,0
0.738326,0.674444,21.6,31.1,0,6.8,11.3,0.707107,0.707107,30,-0.382683,-0.92388,0.707107,0.707107,6,19,62,56,1013.5,1011.2,3,5,28,29.6,0
0.726608,0.687053,23.6,31.4,0,7.6,12.1,0.92388,0.382683,35,0.707107,-0.707107,0.707107,0.707107,11,17,59,61,1013.1,1008.6,5,2,28,30.3,0
0.714673,0.699458,24.7,33.1,0,8,11.9,0.92388,0.382683,37,0.92388,-0.382683,0.92388,0.382683,11,19,61,66,1010.6,1006.5,2,1,30.1,30.9,0
0.702527,0.711657,24.3,32,17.4,7.4,4.2,0.382683,-0.92388,30,1,0,0.707107,0.707107,7,9,72,89,1010.4,1007.9,7,7,28.9,27,1
0.690173,0.723644,21.3,28.3,121.4,4.2,0.7,-0.382683,0.92388,24,-0.92388,-0.382683,-0.382683,0.92388,7,13,85,65,1013.8,1012,8,8,22.6,27.4,1
0.677615,0.735417,22.5,30,0,2.2,3.8,6.12323e-17,1,37,-1,1.22465e-16,-0.707107,0.707107,11,20,69,52,1016.8,1015.5,7,7,25.9,28.4,0
0.664855,0.746972,20.4,29.1,0,5.8,7.9,-0.707107,0.707107,35,-0.92388,0.382683,-0.382683,0.92388,11,17,60,54,1019.6,1017.7,6,6,26.3,27.4,0
0.651899,0.758306,20.8,29.3,0.4,6.2,5.8,6.12323e-17,1,37,-0.707107,0.707107,6.12323e-17,1,9,15,67,61,1019.5,1017.1,3,7,25.1,27.3,0
0.638749,0.769415,21.4,29.9,2.2,5.6,9.4,0.382683,0.92388,31,-0.382683,-0.92388,0.382683,0.92388,6,9,76,50,1019.8,1017,7,3,25.7,29.1,1
0.625411,0.780296,20.3,31,0.2,7,10.6,-0.707107,0.707107,48,-0.92388,-0.382683,0.382683,0.92388,7,15,64,66,1019.2,1015.6,6,3,27,29.3,0
0.611886,0.790946,22.7,33.5,0,6,11.6,0.382683,0.92388,20,-0.382683,-0.92388,0.382683,0.92388,11,13,66,53,1015.8,1011.8,2,1,27.8,32.3,0
0.598181,0.801361,24,30.4,0,6.4,6.5,-0.92388,0.382683,43,-0.92388,0.382683,-0.707107,0.707107,13,17,67,66,1017.2,1016.9,7,7,27.6,26.9,0
0.584298,0.811539,23.6,29.1,0,6.6,3.2,-0.707107,0.707107,43,-0.707107,0.707107,-0.707107,0.707107,13,13,67,73,1021.3,1020.8,7,7,25.9,24.4,0
0.570242,0.821477,19.6,28.5,1.4,5,6.7,-0.382683,0.92388,46,-0.382683,-0.92388,-0.382683,0.92388,7,17,71,50,1022.2,1018.9,5,6,24,27.5,1
0.556017,0.831171,20.2,27.4,0.6,6.6,2.2,6.12323e-17,1,35,-1,1.22465e-16,-0.707107,0.707107,7,20,76,67,1018.9,1016.1,7,8,24.6,26.2,0
0.541628,0.840618,21.9,29.8,9.4,2.6,6.4,0.382683,0.92388,28,-0.707107,0.707107,0.382683,0.92388,9,17,76,65,1017.1,1013.8,4,7,26.6,28.5,1
0.527078,0.849817,22.9,26.4,26.8,6.6,0,-0.92388,0.382683,31,-0.707107,0.707107,-0.707107,0.707107,6,11,92,82,1013.6,1010.3,8,8,23.6,23.8,1
0.512371,0.858764,20.9,23.9,60.6,3.2,0,-0.382683,0.92388,37,6.12323e-17,1,-0.382683,0.92388,13,15,93,91,1010.5,1008.2,8,8,21.1,21.9,1
0.497513,0.867456,20.9,27.2,23.6,3.2,0.8,6.12323e-17,1,44,0.382683,0.92388,-0.382683,0.92388,20,15,84,76,1011.6,1009.5,8,5,23.3,26.4,1
0.482508,0.875892,21.5,27,20,4.4,0.2,-0.707107,0.707107,35,-0.382683,0.92388,-0.382683,0.92388,13,15,65,58,1013.2,1011.1,8,7,25.8,26.4,1
0.467359,0.884068,23,28.5,0.2,5,1.2,6.12323e-17,1,35,6.12323e-17,1,6.12323e-17,1,15,17,69,81,1011.9,1009.2,8,8,25.9,25.9,0
0.452072,0.891981,23,27,9,4.6,0.2,6.12323e-17,1,39,6.12323e-17,1,6.12323e-17,1,13,15,90,90,1011.9,1010.9,8,8,24.3,23.2,1
0.436651,0.899631,21.9,27.2,3.4,2,2.2,-0.382683,0.92388,35,6.12323e-17,1,0.382683,0.92388,15,17,70,64,1014.4,1012.1,7,7,26.5,26.9,1
0.421101,0.907014,22.5,27.2,0.6,2.8,0,6.12323e-17,1,15,-0.382683,-0.92388,0.382683,0.92388,6,6,81,64,1016.3,1014.1,7,7,23.9,26.9,0
0.405426,0.914128,20.5,32.6,0,2.2,10.7,0.707107,0.707107,22,-0.707107,-0.707107,-0.92388,-0.382683,11,7,78,51,1017,1013.7,1,3,24.4,32.2,0
0.38963,0.920971,22.7,33.1,0,5.8,8.7,-0.382683,0.92388,31,-0.707107,-0.707107,6.12323e-17,1,7,17,76,65,1017.9,1016,7,7,26.9,29,0
0.37372,0.927542,21.8,30,0,5.6,9.4,-0.92388,-0.382683,39,-1,1.22465e-16,-0.92388,-0.382683,13,15,58,54,1022.1,1021.1,4,5,27.2,28.6,0
0.357698,0.933837,20.1,28.1,1.2,5.6,7.9,-0.382683,0.92388,50,-0.707107,0.707107,-0.707107,0.707107,20,22,58,52,1028.1,1026.2,3,6,25.5,26.1,1
0.341571,0.939856,18.8,27.4,0.6,6.4,6.4,-0.707107,0.707107,48,-0.707107,0.707107,-0.382683,0.92388,19,24,53,67,1027.5,1025.7,5,6,25.4,22.3,0
0.325342,0.945596,18.4,27.5,0.6,5.6,8.4,-0.92388,0.382683,37,-0.92388,0.382683,-0.707107,0.707107,11,11,68,72,1024.5,1021.7,5,3,24.1,24.1,0
0.309017,0.951057,18.4,28,4.8,6,8.4,-0.92388,0.382683,31,-0.92388,0.382683,-0.92388,0.382683,13,17,68,55,1023.1,1019.4,5,6,23.2,26.2,1
0.2926,0.956235,19,28.3,0.2,6,7.5,-0.382683,0.92388,39,-0.92388,0.382683,-0.382683,0.92388,13,19,62,45,1020.5,1018,5,3,24.6,27.3,0
0.24285,0.970064,18.4,28.6,0,6.2,10.6,-0.382683,0.92388,30,6.12323e-17,1,-0.382683,0.92388,19,17,55,44,1022.4,1020.3,4,2,25.9,27.2,0
0.226116,0.9741,17.2,28.4,0,8,3.1,-0.382683,0.92388,37,-0.707107,0.707107,-0.382683,0.92388,15,17,59,73,1021.7,1019.8,7,7,24.7,24.4,0
0.209315,0.977848,20.9,28.2,1,4.2,2.3,0.707107,0.707107,30,6.12323e-17,1,6.12323e-17,1,17,13,62,66,1020.6,1017.9,7,8,27.3,26.2,0
0.192452,0.981306,20.5,28.5,0,2.8,1.9,0.92388,0.382683,20,-0.382683,-0.92388,0.707107,0.707107,7,9,71,68,1018.4,1016.5,8,8,25.5,26.7,0
0.175531,0.984474,20.7,30,0,2.6,7.2,6.12323e-17,1,30,-0.707107,-0.707107,6.12323e-17,1,7,15,69,61,1019.4,1016.5,5,6,26.5,28.1,0
0.14154,0.989932,18.4,28.8,0,5.6,10.3,-0.707107,0.707107,28,-0.92388,-0.382683,6.12323e-17,1,6,17,62,54,1022.9,1019.8,1,3,24.9,27.4,0
0.124479,0.992222,20.4,28.7,3.4,6.4,9,0.92388,0.382683,22,-0.707107,-0.707107,0.382683,0.92388,7,11,77,59,1022.6,1018.8,5,4,23.1,27.7,1
0.107381,0.994218,18.4,29.1,0,3.8,10.9,0.707107,0.707107,24,-0.707107,-0.707107,0.382683,0.92388,6,11,69,58,1021.1,1018.3,1,1,25.4,26.7,0
0.0902516,0.995919,20.5,28.6,0,5.8,8,6.12323e-17,1,28,-0.92388,-0.382683,6.12323e-17,1,6,13,69,50,1020.2,1017,7,5,25.6,27.6,0
0.0730951,0.997325,20.7,27.8,1.2,6.6,4.7,0.382683,0.92388,30,-0.92388,0.382683,0.707107,0.707107,6,11,83,61,1021.3,1017.8,7,4,22,26.9,1
0.055917,0.998435,19.5,26.1,3.2,3.8,1.6,0.92388,0.382683,24,-0.707107,-0.707107,0.382683,0.92388,6,13,76,71,1019.8,1016.8,5,6,24.2,24.7,1
0.0215161,0.999769,20.5,27.7,1.4,2.8,6.3,-0.382683,0.92388,26,-0.707107,-0.707107,6.12323e-17,1,7,13,76,62,1016.7,1013.7,7,5,23.6,25.9,1
0.00430354,0.999991,19.7,27.9,0,4,9,6.12323e-17,1,31,-0.92388,0.382683,-0.382683,0.92388,9,17,65,53,1017.4,1014.4,3,5,25.4,27,0
-0.0129103,0.999917,19.1,27.6,0,6,9.3,-0.382683,0.92388,35,-0.92388,0.382683,6.12323e-17,1,11,11,62,59,1018.7,1015.4,3,4,24.6,25.9,0
-0.0301203,0.999546,18.9,26.5,0,6,8.7,-0.382683,0.92388,31,-0.92388,-0.382683,-0.382683,0.92388,7,11,61,54,1018.6,1015.6,3,3,23.6,26.2,0
-0.0473214,0.99888,17.9,27.7,0,4,10.2,-0.382683,-0.92388,46,-0.92388,-0.382683,6.12323e-17,1,9,15,60,54,1018.9,1015.9,1,3,23.5,25.1,0
-0.0645084,0.997917,17.8,26.1,0,6,6.2,6.12323e-17,1,22,-0.707107,-0.707107,0.382683,0.92388,6,11,68,55,1020.5,1018.3,6,7,22.9,25.3,0
-0.0816764,0.996659,17.5,27.7,0,4,7.8,0.707107,0.707107,22,-0.382683,-0.92388,0.92388,0.382683,7,9,76,51,1021.7,1018,7,7,21.7,26.9,0
-0.133015,0.991114,21,31,0,6,7.6,0.92388,0.382683,17,0.382683,-0.92388,0.707107,0.707107,2,7,67,61,1012.5,1008.5,7,3,25.2,29.1,0
-0.150055,0.988678,21.2,31.3,0,4,7.6,0.707107,0.707107,20,-0.92388,0.382683,0.707107,0.707107,2,9,85,63,1013,1009.1,4,2,24,29.6,0
-0.167052,0.985948,23.2,26,0.2,4.2,0,-1.83697e-16,-1,20,-0.382683,-0.92388,-1.83697e-16,-1,2,2,78,76,1012.6,1010.3,7,7,25.8,25,0
-0.183998,0.982927,18.5,24.4,2,2,1.4,-0.707107,0.707107,26,-0.382683,-0.92388,-0.707107,0.707107,2,11,81,54,1018,1016.5,8,7,19.3,24.1,1
-0.200891,0.979614,16.5,26.9,0,3.2,8.3,-0.382683,0.92388,28,-0.92388,-0.382683,-0.707107,0.707107,7,11,64,47,1020.3,1017.8,1,7,22.1,26.6,0
-0.217723,0.976011,16.2,27.4,0,3.6,7.4,-0.382683,0.92388,26,-0.92388,-0.382683,6.12323e-17,1,4,13,65,49,1020.7,1017.8,7,3,22.7,26.3,0
-0.234491,0.972118,17.3,24.6,0,5,0.7,-0.707107,0.707107,26,0.707107,0.707107,-0.382683,0.92388,4,13,78,50,1023.3,1021,7,7,19.2,24.1,0
-0.25119,0.967938,17,27.5,0.4,2.6,10.4,-0.382683,0.92388,30,-1,1.22465e-16,6.12323e-17,1,6,13,63,48,1023.9,1021.3,1,3,23.8,26.5,0
-0.267814,0.963471,18.1,26.8,0.6,5.4,6.1,-0.382683,0.92388,33,-0.92388,0.382683,-0.382683,0.92388,2,11,80,68,1024.5,1020.7,7,4,20.8,23.6,0
-0.284359,0.958718,18.5,26.2,4.6,3.4,4.6,-0.707107,0.707107,30,-0.92388,0.382683,6.12323e-17,1,7,9,74,67,1022.7,1020.2,8,7,22.6,23.3,1
-0.30082,0.953681,17.9,26.4,1,3.8,3.9,6.12323e-17,1,28,-1,1.22465e-16,0.382683,-0.92388,4,4,79,78,1021.1,1018.4,7,7,22.6,22.3,0
-0.317191,0.948362,18.2,23.1,10.2,2.4,0,-0.707107,0.707107,22,-0.707107,0.707107,-0.707107,-0.707107,7,4,93,88,1021.3,1019.3,8,7,20.1,20.5,1
-0.333469,0.942761,17.8,25.6,12.8,1,5.3,6.12323e-17,1,22,-0.92388,-0.382683,0.382683,0.92388,4,4,71,66,1022.3,1019.7,7,5,22.8,24.3,1
-0.349647,0.936881,18,28.4,0.2,3.2,10.5,-0.382683,0.92388,19,-0.92388,-0.382683,6.12323e-17,1,6,9,72,56,1021.6,1018,1,1,23.1,26.7,0
-0.365723,0.930724,18.5,25.5,0.8,3.4,3.4,0.92388,-0.382683,17,-0.92388,-0.382683,0.382683,0.92388,2,6,83,76,1019.5,1016.2,5,7,22.5,24.3,0
-0.381689,0.924291,18.3,29.3,2.2,2.6,9.5,-0.382683,-0.92388,22,0.707107,0.707107,0.382683,0.92388,2,9,74,66,1016.9,1012.2,4,6,23.4,27.4,1
-0.397543,0.917584,16.7,26.4,0,4,10.3,-0.92388,0.382683,20,-0.92388,-0.382683,-0.382683,0.92388,6,4,48,43,1021.3,1019.6,3,2,21.9,23.9,0
-0.413279,0.910605,13.5,25.9,0,4.8,7.5,0.382683,0.92388,17,-0.92388,-0.382683,0.382683,0.92388,6,7,57,53,1022.7,1019.4,3,7,20.1,24.3,0
-0.428892,0.903356,16.5,27.4,0,3,8.5,0.382683,0.92388,15,-0.707107,-0.707107,0.382683,0.92388,4,9,69,53,1022.2,1018.5,5,1,22.7,26.5,0
-0.444378,0.895839,18,29.3,0,3,9.5,-1.83697e-16,-1,19,-0.707107,-0.707107,-1.83697e-16,-1,2,9,72,36,1021.5,1017.6,2,3,22.8,29,0
-0.459733,0.888057,13,28.3,0,3,10.1,-0.382683,0.92388,26,-0.382683,-0.92388,-0.382683,0.92388,4,11,54,59,1022.3,1019.5,1,2,21,25.8,0
-0.474951,0.880012,17.8,27,0,4.8,10,6.12323e-17,1,28,-0.92388,-0.382683,6.12323e-17,1,4,15,67,59,1025.3,1022.4,4,3,22.6,24.4,0
-0.490029,0.871706,17.6,27,0.6,4,10.1,6.12323e-17,1,24,-0.92388,-0.382683,0.382683,0.92388,2,9,66,52,1026.1,1022.9,2,2,23,26,0
-0.504961,0.863142,16.7,26.4,0.2,4,9.1,-0.707107,0.707107,31,-0.707107,-0.707107,-0.382683,0.92388,4,13,67,53,1025,1021.3,2,5,22.7,24.9,0
-0.519744,0.854322,17.8,21.2,4.2,4.8,0.9,-0.382683,0.92388,13,-0.382683,-0.92388,6.12323e-17,1,4,7,91,87,1021.3,1017.3,8,7,19.4,20.3,1
-0.577292,0.816538,11.6,26.4,0,3.4,9.1,-0.707107,0.707107,24,-0.707107,-0.707107,6.12323e-17,1,7,9,60,55,1019.6,1016.4,6,5,18.8,23.7,0
-0.591261,0.80648,14.3,25.7,0,2.8,9.7,-0.92388,0.382683,22,-0.92388,-0.382683,-0.707107,0.707107,4,7,67,51,1020.5,1016.9,1,2,21.1,24.1,0
-0.605056,0.796183,16.3,24.1,0,3.2,4.5,-0.92388,0.382683,19,-0.707107,-0.707107,0.707107,0.707107,6,6,67,66,1019.9,1016.5,2,7,20.6,22.8,0
-0.618671,0.78565,15.3,25.8,0,1.8,7.4,-0.382683,-0.92388,30,-0.707107,-0.707107,0.707107,0.707107,2,4,75,67,1017.1,1013,6,6,20,23.5,0
-0.632103,0.774884,14.6,27.3,12.2,0.8,9.4,-1.83697e-16,-1,33,-0.707107,-0.707107,-0.382683,-0.92388,6,11,82,26,1015.4,1012.4,0,1,18.7,26.8,1
-0.645348,0.763889,11.3,24.4,0.2,6.6,9.9,0.382683,-0.92388,24,-0.92388,-0.382683,0.382683,-0.92388,6,9,46,24,1019.6,1014.9,0,1,18.1,23.8,0
-0.658402,0.752667,9.7,25.3,0,2.6,10,-0.382683,-0.92388,20,-0.382683,-0.92388,-0.92388,-0.382683,6,4,46,25,1017.5,1012.9,0,1,16,24.6,0
-0.67126,0.741222,9.9,25.1,0,2.4,10.1,-0.382683,-0.92388,19,-0.707107,-0.707107,-0.707107,-0.707107,7,4,56,29,1016.6,1013.3,1,3,15.8,25,0
-0.683919,0.729558,12.8,20.6,0,2.8,0,-0.707107,-0.707107,13,-0.92388,-0.382683,-1.83697e-16,-1,6,4,73,56,1019.1,1016.5,8,8,15,19.8,0
-0.696376,0.717677,12.5,20.8,0,1.8,1.3,-0.92388,-0.382683,19,-0.707107,-0.707107,-0.707107,-0.707107,4,6,76,63,1018.1,1014.9,7,7,15.6,19.9,0
-0.708627,0.705584,10.7,23.5,0,1.4,9.6,-1.83697e-16,-1,19,-0.707107,-0.707107,-1.83697e-16,-1,6,6,63,38,1016.2,1012.9,1,2,17,23.1,0
-0.720667,0.693281,11.2,24.4,0,2.8,9.1,-0.382683,-0.92388,19,-0.707107,-0.707107,-0.382683,0.92388,9,4,56,48,1018.2,1016.2,1,3,17.9,23.3,0
-0.732494,0.680773,12.4,23.4,0,2.6,6.8,-0.382683,0.92388,19,-1,1.22465e-16,-0.382683,0.92388,6,6,65,56,1020.8,1017.9,6,7,19.4,22.4,0
-0.744104,0.668064,16.4,19.7,4,2.8,0.1,-0.707107,-0.707107,37,-0.707107,-0.707107,-1,1.22465e-16,4,6,91,81,1019.3,1015.3,8,7,16.5,19.4,1
-0.755493,0.655156,11.9,23.7,18.6,1.8,10,-0.382683,-0.92388,19,-0.707107,-0.707107,-1,1.22465e-16,6,6,80,40,1017.3,1014.6,1,2,15.8,23.2,1
-0.766659,0.642055,11.5,22.5,0,2.8,5.6,-1,1.22465e-16,26,-0.707107,-0.707107,-0.92388,0.382683,6,7,65,59,1018.9,1016.8,1,7,18.1,21.1,0
-0.777597,0.628763,16,23.4,0,2,2.5,0.382683,0.92388,20,-0.707107,-0.707107,6.12323e-17,1,4,9,74,57,1019.5,1015.6,7,7,18.3,21.9,0
-0.788305,0.615285,16.4,21.5,3.6,3,0.1,0.92388,-0.382683,13,-0.707107,-0.707107,0.707107,-0.707107,2,2,88,75,1013.3,1008.6,8,7,17.5,21,1
-0.798779,0.601624,13.7,23.1,0,1.8,9.3,-1.83697e-16,-1,41,-1.83697e-16,-1,-0.382683,-0.92388,13,13,63,42,1007,1005,1,5,21.5,21.2,0
-0.809017,0.587785,14.5,23.9,0,4,6.5,-0.92388,-0.382683,30,-1.83697e-16,-1,-0.92388,0.382683,11,7,56,62,1012.5,1012,1,7,19.3,21.4,0
-0.819015,0.573772,13.7,22.3,0,3.2,4.5,6.12323e-17,1,24,-0.707107,-0.707107,6.12323e-17,1,6,13,74,76,1019.4,1017.2,6,7,18.1,19.4,0
-0.82877,0.559589,17.1,21,6.4,1.8,0.4,0.382683,-0.92388,28,0.707107,-0.707107,-1.83697e-16,-1,4,15,92,69,1013.2,1009.3,8,7,19.3,19.2,1
-0.83828,0.54524,11.6,19.8,2.8,1.6,9.6,-1.83697e-16,-1,37,0.382683,-0.92388,-1.83697e-16,-1,13,15,55,42,1011.2,1008.7,1,2,17.6,19.4,1
-0.847541,0.53073,13.3,21.5,0,4,9,-1.83697e-16,-1,39,-1.83697e-16,-1,-1.83697e-16,-1,13,13,63,47,1013.3,1010.7,1,2,16.6,20.6,0
-0.856551,0.516062,11.8,22.4,0,2.6,5.2,-1.83697e-16,-1,19,-0.707107,-0.707107,-0.382683,-0.92388,7,4,60,61,1017,1014.8,1,7,18.4,20.9,0
-0.865307,0.501242,15.8,20.3,0.4,2.2,0,-0.382683,-0.92388,20,-0.707107,-0.707107,-0.707107,-0.707107,6,6,84,77,1017,1014.8,8,7,17.6,19.4,0
-0.873807,0.486273,16.1,23.3,0,1.8,8.6,-1.83697e-16,-1,24,-0.707107,-0.707107,-0.707107,-0.707107,9,7,70,55,1016.8,1014,2,5,18.8,21.6,0
-0.882048,0.47116,10.4,21.9,0,2.4,10,-1.83697e-16,-1,35,-1.83697e-16,-1,-1.83697e-16,-1,4,13,63,49,1013.3,1009.6,1,1,17.7,21.2,0
-0.890028,0.455907,15.6,25.2,0,3.4,9.6,-0.382683,-0.92388,26,-0.707107,-0.707107,-1.83697e-16,-1,7,9,57,43,1010.4,1008.4,1,1,19.5,24.4,0
-0.897743,0.440519,13.3,22.5,0,4.2,9.5,-1.83697e-16,-1,31,-0.92388,0.382683,-1.83697e-16,-1,2,13,55,32,1014.1,1012.5,1,1,18.1,21.9,0
-0.905193,0.425,10.3,22.3,0,6.2,6.3,-0.707107,-0.707107,19,-0.707107,-0.707107,-0.92388,-0.382683,7,4,51,50,1020.6,1018.7,2,7,16.2,20.7,0
-0.912375,0.409356,11.5,22.8,0,2,5.4,-0.92388,0.382683,17,-0.92388,-0.382683,-0.382683,0.92388,6,7,67,58,1022.4,1018.6,5,6,17,20.1,0
-0.919286,0.39359,12.5,23.9,0,1.2,7.4,-1.83697e-16,-1,26,-0.382683,-0.92388,0.382683,-0.92388,2,7,78,53,1018.6,1012.7,7,7,15.8,22.2,0
-0.925925,0.377708,9.5,19.4,0,4,4.9,-1.83697e-16,-1,33,-1.83697e-16,-1,-0.382683,-0.92388,11,9,44,35,1019.4,1017,3,7,14.9,18.9,0
-0.932289,0.361714,11.5,21.3,0,3.6,4.5,-0.382683,-0.92388,17,-0.707107,-0.707107,0.707107,-0.707107,4,4,60,45,1021.7,1017.6,8,1,13,21.1,0
-0.938377,0.345612,9,19.7,0,2.4,10,-1.83697e-16,-1,22,-0.707107,-0.707107,0.382683,-0.92388,7,9,47,33,1020,1017.9,1,1,13.8,18.9,0
-0.944188,0.329408,8.7,21.6,0,2.8,6.5,-0.382683,0.92388,28,-0.707107,-0.707107,-0.707107,0.707107,7,11,55,52,1025.5,1024,7,7,14.5,19.8,0
-0.949718,0.313107,12.3,21.9,0,1.6,6.4,6.12323e-17,1,33,-0.707107,-0.707107,-0.382683,0.92388,4,13,78,53,1029.4,1027,7,3,15.2,20.8,0
-0.954967,0.296713,12.9,22.1,0,3.4,7,-0.707107,0.707107,31,-0.92388,-0.382683,-0.707107,0.707107,6,15,71,46,1029.1,1025.5,6,2,17.1,21.1,0
-0.959933,0.280231,13.2,21.3,0,3.4,1.6,-0.92388,0.382683,22,-0.707107,-0.707107,6.12323e-17,1,6,9,65,47,1027.2,1023.9,6,7,17.3,20.4,0
-0.964614,0.263665,10.8,22.4,0,2.8,4.8,-0.707107,-0.707107,15,-0.707107,-0.707107,0.707107,0.707107,4,4,71,55,1023.1,1018.7,6,7,15.5,21.7,0
-0.96901,0.247022,14.8,20.4,0,1.2,0.6,-0.92388,-0.382683,15,-0.382683,-0.92388,0.707107,-0.707107,2,4,81,63,1018.9,1015.5,7,8,16.9,20.1,0
-0.973118,0.230306,15.6,22.3,0,1.4,4.4,-0.707107,-0.707107,17,-0.707107,-0.707107,-1.83697e-16,-1,4,4,66,34,1019.7,1018,6,2,16.5,21.9,0
-0.976938,0.213521,9.4,23,0,2.2,10,-0.382683,-0.92388,17,-0.382683,-0.92388,0.382683,0.92388,6,6,58,46,1025.3,1023.3,1,1,14.6,21.8,0
-0.980469,0.196673,9.8,22.1,0,2.6,9.7,-0.382683,0.92388,20,-0.707107,-0.707107,-0.707107,0.707107,7,9,70,48,1029.5,1027.5,1,1,14.3,21.9,0
-0.989314,0.145799,12.5,22.1,4.4,1.8,8.1,6.12323e-17,1,26,-0.707107,-0.707107,6.12323e-17,1,6,11,76,59,1028.8,1025.2,4,3,16.3,20.4,1
-0.991677,0.128748,9.9,21.7,0,3.4,5.9,-0.707107,0.707107,17,-0.707107,-0.707107,6.12323e-17,1,4,4,72,61,1027.1,1023.6,1,3,15.3,20.1,0
-0.993747,0.111659,12.5,21.3,0,2.4,5.3,0.92388,0.382683,17,-0.92388,-0.382683,0.382683,0.92388,4,6,92,67,1023.5,1019.3,7,4,14.3,20.6,0
-0.998186,0.0602133,8.2,16,0,2.2,0.6,-0.382683,-0.92388,22,-0.707107,-0.707107,-1.83697e-16,-1,4,6,50,34,1020.7,1018.6,6,6,12.2,15.9,0
-0.999074,0.0430222,7.5,18.8,0.8,0.2,1.4,-0.707107,-0.707107,13,-0.707107,-0.707107,0.92388,0.382683,2,4,90,73,1021.2,1018.5,8,7,11.2,18.1,0
-0.999667,0.0258184,11.2,19.3,2.2,1.2,1.3,-1.83697e-16,-1,19,-0.92388,-0.382683,-0.707107,-0.707107,6,2,52,52,1023.9,1022.1,7,7,13.8,18.2,1
-0.999963,0.008607,11.9,15.9,0.2,1.6,0,-0.707107,-0.707107,13,-0.707107,-0.707107,-0.707107,-0.707107,4,2,74,69,1026.2,1023.3,8,8,13.2,15.7,0
-0.999963,-0.008607,12.4,18.9,8.6,0.4,9.2,-1.83697e-16,-1,31,-0.382683,-0.92388,-1.83697e-16,-1,9,13,68,39,1025.2,1022.7,4,1,13.2,17.9,1
-0.999667,-0.0258184,6.7,21.3,0,5,9.6,-0.707107,-0.707107,19,-0.707107,-0.707107,-0.707107,0.707107,6,7,59,46,1027.6,1023.6,1,2,12.4,20.3,0
-0.999074,-0.0430222,11.9,22.6,0,3.2,8.6,-0.92388,0.382683,20,-0.92388,-0.382683,6.12323e-17,1,6,7,65,50,1025,1020.8,3,3,16,20.9,0
-0.998186,-0.0602133,13.3,22.5,0,2.2,2.9,-1.83697e-16,-1,26,-0.92388,-0.382683,-1.83697e-16,-1,2,11,67,62,1020.2,1015.7,6,7,17.8,20.9,0
-0.997001,-0.0773865,13.5,16.9,0,3.6,0,-1.83697e-16,-1,28,-1.83697e-16,-1,-0.707107,-0.707107,9,6,55,45,1020.8,1018.3,7,8,14.4,16.1,0
-0.995521,-0.0945367,12.6,21.2,0.4,2.6,3.5,-0.92388,0.382683,28,-0.707107,-0.707107,-0.707107,0.707107,7,13,74,51,1020.9,1017.9,7,7,15.5,20.2,0
-0.993747,-0.111659,13.2,22.2,0,2.8,7.6,-0.92388,0.382683,39,-0.707107,-0.707107,-0.707107,0.707107,7,17,62,56,1022.9,1021.5,2,5,17.8,19.9,0
-0.991677,-0.128748,12.8,22.5,0,3.4,4.5,6.12323e-17,1,28,-0.382683,-0.92388,-0.382683,0.92388,4,11,75,58,1027.3,1023.4,7,3,15.4,20.9,0
-0.989314,-0.145799,11.6,21.3,0,2.6,2.2,6.12323e-17,1,15,-0.707107,-0.707107,0.382683,0.92388,6,2,80,59,1026.6,1023.4,7,7,14.4,20.7,0
-0.986658,-0.162807,11.6,23.6,0,1.6,9.9,-0.382683,0.92388,17,-0.707107,-0.707107,0.707107,0.707107,4,7,83,51,1024.2,1020.6,1,1,15.5,22.4,0
-0.983709,-0.179767,11.6,23.9,0,1.6,9.8,1,0,20,-0.707107,-0.707107,0.707107,0.707107,2,9,78,53,1023,1018.8,1,7,16.8,22,0
-0.980469,-0.196673,12.6,22.8,0,2.8,6.7,-1.83697e-16,-1,46,1,0,-1.83697e-16,-1,6,13,66,45,1017.8,1015.7,4,4,20.2,20,0
-0.964614,-0.263665,8.1,23.6,0,3.8,9.9,0.92388,0.382683,13,-0.707107,-0.707107,0.92388,0.382683,4,4,71,33,1025.5,1021,1,1,13.4,22.9,0
-0.949718,-0.313107,10.9,20.3,0,3.4,5.8,-1,1.22465e-16,17,-0.707107,-0.707107,-0.92388,0.382683,6,6,65,44,1022.5,1019.6,6,7,14.8,19.1,0
-0.944188,-0.329408,9,21.4,0,3.6,10,-1,1.22465e-16,24,-0.707107,-0.707107,-0.92388,0.382683,7,7,60,26,1025.4,1022.9,1,2,14.4,20.4,0
-0.938377,-0.345612,8.3,21.5,0,2.8,9.8,-0.707107,0.707107,26,-0.707107,-0.707107,-0.707107,0.707107,6,9,55,49,1028.3,1025.7,1,3,14.7,19.6,0
-0.932289,-0.361714,11.6,21.4,0,3.6,2.2,-0.707107,0.707107,22,-0.707107,-0.707107,-0.707107,0.707107,6,9,69,57,1027.8,1024.4,6,7,15.1,20.2,0
-0.919286,-0.39359,14.4,21.4,2,1.8,4.8,-0.707107,0.707107,24,-0.92388,-0.382683,-0.382683,0.92388,6,9,81,60,1029.5,1027.3,7,7,16.3,20.3,1
-0.912375,-0.409356,13.1,20.7,0.2,3.6,2.2,-0.382683,0.92388,30,-0.92388,-0.382683,-0.382683,0.92388,4,9,67,74,1030.9,1027.5,7,7,17.6,19,0
-0.905193,-0.425,14.9,23.2,5.2,1.2,5.1,0.707107,0.707107,28,-0.707107,-0.707107,0.92388,0.382683,4,11,84,64,1026.5,1022.1,7,7,18.2,21.6,1
-0.897743,-0.440519,17,23.9,8,2.6,4.2,0.707107,0.707107,15,-1.83697e-16,-1,0.92388,0.382683,6,6,86,73,1022.6,1018.7,6,7,19.1,22.3,1
-0.890028,-0.455907,15.3,26.4,0,0.2,8,0.707107,0.707107,20,-0.707107,-0.707107,0.707107,0.707107,2,9,95,61,1021.1,1017.5,8,1,17.5,24.3,0
-0.882048,-0.47116,16.3,26.8,0,2.6,5.5,0.382683,-0.92388,37,0.92388,0.382683,0.382683,-0.92388,4,9,69,58,1019.1,1016.4,1,7,22.6,25.4,0
-0.873807,-0.486273,13.9,24,0,5,8,-1.83697e-16,-1,26,-0.707107,-0.707107,-1.83697e-16,-1,6,9,58,38,1023.9,1019.2,6,1,19.3,23.6,0
-0.865307,-0.501242,12.5,20.4,0,4.6,10.2,-1.83697e-16,-1,35,-1.83697e-16,-1,-1.83697e-16,-1,11,19,44,27,1021.2,1016,1,0,16.3,19.9,0
-0.856551,-0.516062,10.2,20.7,0,9.2,10.2,-1.83697e-16,-1,39,-1.83697e-16,-1,-1.83697e-16,-1,17,13,54,38,1014.9,1012.2,1,1,13.8,20.2,0
-0.847541,-0.53073,9.2,22.7,0,3.4,10.2,-0.382683,-0.92388,20,-0.382683,-0.92388,-0.707107,0.707107,6,2,53,28,1019.6,1016.4,0,1,16,22.6,0
-0.83828,-0.54524,8.8,22.5,0,4.6,5.9,6.12323e-17,1,19,-0.707107,-0.707107,0.707107,0.707107,6,6,70,45,1020.2,1015.8,6,7,12.8,20.9,0
-0.82877,-0.559589,12.7,22.4,0,2.6,9.9,-1.83697e-16,-1,28,-0.382683,-0.92388,-0.382683,-0.92388,9,7,53,20,1019.3,1015.9,3,1,17.1,22.1,0
-0.819015,-0.573772,8.1,20.1,0,4.8,10,6.12323e-17,1,20,-0.382683,-0.92388,6.12323e-17,1,7,11,47,29,1023.1,1019.6,1,1,14.7,18.9,0
-0.809017,-0.587785,6.6,22.2,0,4,10.1,0.382683,0.92388,19,-0.707107,-0.707107,0.707107,0.707107,6,9,58,37,1022.4,1018.3,1,1,13.4,21.4,0
-0.798779,-0.601624,9.6,23.1,0,3.6,4.2,0.382683,0.92388,28,-0.382683,-0.92388,0.707107,0.707107,4,7,70,52,1023.6,1020.6,6,6,14.2,21.4,0
-0.788305,-0.615285,14.1,19.7,2.8,1.4,0,6.12323e-17,1,31,0.92388,0.382683,0.92388,0.382683,4,4,92,93,1020.8,1017,7,8,17.9,19.3,1
-0.777597,-0.628763,16.1,19,78,8.4,2.1,-1.83697e-16,-1,28,0.707107,-0.707107,-1.83697e-16,-1,2,9,89,51,1014.7,1011.1,8,7,16.9,17.7,1
-0.766659,-0.642055,12.5,19.6,0,4.8,10,-1.83697e-16,-1,65,-1.83697e-16,-1,-1.83697e-16,-1,19,28,53,33,1012.2,1008.2,1,1,15.1,19,0
-0.755493,-0.655156,10.4,20.5,0.2,6.6,10.1,-1.83697e-16,-1,33,-0.382683,-0.92388,-1.83697e-16,-1,17,9,51,35,1013.6,1011.5,1,0,13.8,19.9,0
-0.744104,-0.668064,6.1,22.2,0,5,10.2,0.707107,0.707107,26,-0.92388,0.382683,0.707107,0.707107,2,9,61,45,1018.8,1014.9,0,0,14.3,20.9,0
-0.720667,-0.693281,7.6,23.5,0,5.2,10.7,-1.83697e-16,-1,37,-0.382683,-0.92388,0.382683,-0.92388,6,13,42,30,1017.5,1013.8,1,1,17.9,23.1,0
-0.708627,-0.705584,10.2,21.9,0,6.2,10.7,6.12323e-17,1,22,-0.707107,-0.707107,-0.382683,0.92388,7,9,47,45,1021.7,1019.2,1,1,16.7,20.6,0
-0.696376,-0.717677,9.5,23.4,0,4,10.5,6.12323e-17,1,22,-0.707107,-0.707107,0.707107,0.707107,6,7,65,46,1023.4,1018.9,1,1,16,22.1,0
-0.683919,-0.729558,11.7,27.8,0,4.4,10,-1.83697e-16,-1,22,-0.92388,-0.382683,0.707107,0.707107,4,9,68,54,1017.9,1013.3,1,1,19.6,25.8,0
-0.67126,-0.741222,17.5,18.1,8.6,1.8,0,-0.92388,-0.382683,19,0.382683,-0.92388,1,0,6,4,85,86,1017.8,1013.8,8,8,18.1,17.1,1
-0.658402,-0.752667,6.9,21.8,4.6,3.2,10.8,-1.83697e-16,-1,31,-0.707107,-0.707107,-1.83697e-16,-1,6,7,50,34,1020,1016.5,1,0,16,21.8,1
-0.645348,-0.763889,8.1,22.3,0,3.8,10.6,6.12323e-17,1,17,-0.707107,-0.707107,0.382683,0.92388,7,9,46,42,1023,1019.2,0,1,15.2,21.5,0
-0.618671,-0.78565,14,21.1,10.2,1,6.6,0.382683,-0.92388,37,-1.83697e-16,-1,0.382683,-0.92388,15,20,58,45,1015,1012.5,2,7,17.9,18.8,1
-0.605056,-0.796183,15,18.6,0.2,5.6,0,-1.83697e-16,-1,35,-1.83697e-16,-1,0.382683,-0.92388,9,9,61,53,1013.8,1010.4,8,8,15.4,18.3,0
-0.591261,-0.80648,14.1,20.8,0,4,7,0.382683,-0.92388,43,-1.83697e-16,-1,-1.83697e-16,-1,9,15,59,33,1013,1008.6,7,2,14.9,20.7,0
-0.577292,-0.816538,10.3,22.4,0,5,10.8,-1.83697e-16,-1,41,-0.382683,-0.92388,-1.83697e-16,-1,11,15,43,31,1016.1,1013.3,1,0,17.5,21.5,0
-0.563151,-0.826354,7.4,23.7,0,6.4,9.9,0.382683,0.92388,17,-0.707107,-0.707107,0.382683,0.92388,6,11,50,37,1021.7,1018.6,6,4,17.6,21.6,0
-0.548843,-0.835925,12.3,22.4,0,4,7.4,-0.382683,0.92388,28,-0.382683,-0.92388,6.12323e-17,1,4,13,58,46,1026.4,1023.3,3,5,17.7,20.9,0
-0.534373,-0.845249,10.7,23.2,0,4,8.4,6.12323e-17,1,22,-0.707107,-0.707107,0.382683,0.92388,7,11,62,49,1026.3,1022.6,1,7,17.6,20,0
-0.519744,-0.854322,11.4,24.2,0,4,10.7,0.382683,0.92388,19,-0.707107,-0.707107,0.707107,0.707107,6,9,63,46,1026.1,1023,1,2,17.7,22,0
-0.504961,-0.863142,12.1,24.8,0,3.6,9.9,0.707107,0.707107,26,-0.382683,-0.92388,0.707107,0.707107,4,13,63,52,1024.4,1019.4,1,4,19,22.9,0
-0.490029,-0.871706,11.8,28.4,0,4,10.5,0.92388,0.382683,20,0.707107,0.707107,1,0,4,7,59,35,1021.2,1016,0,1,21,28.1,0
-0.474951,-0.880012,15.2,27.1,0,4.4,9.6,6.12323e-17,1,37,-0.92388,-0.382683,-0.382683,0.92388,4,11,57,62,1020.2,1018.7,4,1,23,25,0
-0.459733,-0.888057,18.5,25.7,0,4,9.8,0.707107,0.707107,39,1,0,0.92388,0.382683,7,17,74,65,1021.3,1016.7,4,3,22.4,24.5,0
-0.428892,-0.903356,17.3,25.1,26.8,2,6.1,0.707107,0.707107,17,-0.707107,-0.707107,-1.83697e-16,-1,4,6,78,42,1020.3,1017,7,4,19.6,24.4,1
-0.413279,-0.910605,11.9,25.4,0,4,10.8,-0.92388,-0.382683,19,-0.382683,-0.92388,-0.382683,-0.92388,7,4,51,31,1023.4,1019.5,1,1,18.8,25.1,0
-0.397543,-0.917584,11.6,23.8,0,4,10.2,-0.382683,0.92388,39,-0.707107,-0.707107,-0.382683,0.92388,6,11,62,57,1024.4,1020.6,5,2,17.9,22.6,0
-0.381689,-0.924291,14.1,25.4,0,3.2,9.8,0.92388,0.382683,26,-0.382683,-0.92388,0.92388,0.382683,4,11,66,60,1020.8,1015.2,1,3,20.2,23.6,0
-0.365723,-0.930724,18.7,24.1,0,7,0.9,0.382683,-0.92388,30,1,0,0.707107,-0.707107,4,7,67,67,1010.8,1008.2,7,7,22.3,24,0
-0.349647,-0.936881,12.2,25.3,3.2,1.8,11.1,-1.83697e-16,-1,22,-0.707107,-0.707107,0.382683,0.92388,4,13,40,34,1017.8,1016.2,0,1,20.5,22.8,1
-0.333469,-0.942761,12.5,23.6,0,5.8,9.5,0.382683,0.92388,20,-0.92388,-0.382683,0.382683,0.92388,2,9,55,53,1022.5,1019.4,2,1,20,21.4,0
-0.30082,-0.953681,16.1,25.1,0,4.8,4.4,0.707107,0.707107,20,-0.92388,-0.382683,0.382683,0.92388,2,9,70,69,1016.2,1011.9,6,7,22.7,23.7,0
-0.284359,-0.958718,17.9,26.1,0.4,4,10.7,-1.83697e-16,-1,52,-1.83697e-16,-1,-0.382683,-0.92388,17,15,40,32,1012.7,1011.1,2,1,21.4,25.7,0
-0.267814,-0.963471,13.4,23.9,0,10.2,2.5,0.382683,-0.92388,30,-0.382683,-0.92388,0.382683,-0.92388,6,9,49,35,1018.5,1014.6,6,7,18.4,22.7,0
-0.25119,-0.967938,15.7,21.9,0,6.8,1,0.382683,-0.92388,24,-0.382683,-0.92388,6.12323e-17,1,9,6,40,39,1020.1,1019.4,8,8,19,19.8,0
-0.234491,-0.972118,13,24.1,0,3.2,3.6,-1.83697e-16,-1,24,-0.707107,-0.707107,-0.382683,-0.92388,4,9,53,27,1019.9,1015.9,7,8,17.3,22.1,0
-0.217723,-0.976011,16,21,0,3.6,0.4,-0.92388,0.382683,17,-0.707107,-0.707107,-0.92388,0.382683,4,7,55,41,1020.7,1018.7,8,8,17,20.4,0
-0.200891,-0.979614,13.1,19.7,8.6,1.2,0,-0.92388,0.382683,15,-0.707107,-0.707107,-0.92388,0.382683,2,2,92,91,1021.4,1018.5,8,8,15,19.3,1
-0.183998,-0.982927,15,24.4,22.4,0,0.4,-1.83697e-16,-1,19,-0.92388,-0.382683,-1.83697e-16,-1,6,7,93,78,1021.1,1018.7,7,7,18.1,22.8,1
-0.167052,-0.985948,17.2,24,0,3,4.5,6.12323e-17,1,28,-0.707107,0.707107,-0.382683,0.92388,7,6,79,79,1024.2,1022.1,7,8,20.9,19.9,0
-0.150055,-0.988678,15.1,25.1,0,3.2,5.9,0.382683,0.92388,19,-1.83697e-16,-1,0.92388,0.382683,4,9,76,58,1022.8,1019.9,7,5,19.3,23.6,0
-0.133015,-0.991114,17.2,25.5,0.2,3.6,6,0.382683,0.92388,19,0.382683,0.92388,0.707107,0.707107,2,7,64,60,1023.2,1020.1,7,7,22.3,23,0
-0.0988201,-0.995105,13.9,26.6,5.4,3,5.9,6.12323e-17,1,19,0.707107,0.707107,0.382683,0.92388,2,7,64,62,1019.8,1016.8,7,7,22.1,24.4,1
-0.0816764,-0.996659,16.4,27.8,0.2,3.8,10,1,0,24,-0.382683,-0.92388,0.92388,0.382683,2,7,68,60,1018.9,1014.1,3,3,23.4,25.2,0
-0.0473214,-0.99888,18.2,28.1,31.4,4.4,5.6,-0.707107,0.707107,26,-0.707107,-0.707107,6.12323e-17,1,7,7,77,71,1012.5,1010.9,6,6,22.9,23,1
-0.0301203,-0.999546,16.5,21.9,0.4,3.8,5.7,-0.707107,0.707107,35,-1,1.22465e-16,-0.382683,0.92388,9,17,59,54,1020.9,1020.6,6,5,21.3,21,0
-0.0129103,-0.999917,14.2,21.9,0,3.8,0.7,-0.707107,0.707107,28,-0.707107,0.707107,-0.382683,0.92388,9,9,60,53,1026.2,1023.7,7,7,19.4,20.2,0
0.00430354,-0.999991,14.8,21.1,3.4,3.8,2.5,-0.707107,0.707107,26,-0.92388,0.382683,-0.382683,0.92388,6,7,73,79,1026.3,1022.4,7,8,19.6,19.3,1
0.0215161,-0.999769,16.5,23.5,6.6,3.2,0,-0.707107,0.707107,17,-0.707107,-0.707107,-0.382683,0.92388,2,7,91,82,1023.8,1020.1,8,8,18.3,20.9,1
0.0387223,-0.99925,17.3,28.1,2,0.4,11.4,-1,1.22465e-16,22,-0.707107,-0.707107,0.92388,0.382683,7,6,65,61,1017.9,1013.6,1,4,23.3,26.1,1
0.055917,-0.998435,17.2,28.3,2.2,3.6,10,-0.707107,0.707107,24,-0.707107,-0.707107,-0.707107,-0.707107,7,4,65,50,1017.1,1014.2,2,6,23.8,27.3,1
0.0730951,-0.997325,18.5,29.4,0,6.6,11.4,0.382683,0.92388,22,-0.382683,-0.92388,0.382683,0.92388,7,13,59,56,1018.4,1014.8,2,5,23.9,26.4,0
0.0902516,-0.995919,17.7,29.9,0,5.6,8.1,0.707107,0.707107,19,0.707107,-0.707107,0.707107,0.707107,4,7,66,59,1017.5,1013.1,4,7,24.5,27.3,0
0.107381,-0.994218,18.5,22.6,54,4.2,0,-0.707107,0.707107,43,-0.92388,-0.382683,-0.707107,0.707107,4,11,85,81,1019.1,1017.1,8,8,21.3,21.1,1
0.124479,-0.992222,16.9,19.3,23.4,1.2,0,-0.92388,0.382683,33,-0.92388,0.382683,-0.92388,0.382683,6,13,86,86,1021.6,1019.8,8,8,18.8,17.6,1
0.14154,-0.989932,16,19.6,8,2,0,-0.707107,0.707107,44,-1,1.22465e-16,-0.707107,0.707107,9,17,89,89,1023,1021.7,8,8,17.9,17.7,1
0.158559,-0.987349,15.1,22.2,93.6,13,0,6.12323e-17,1,37,-0.382683,0.92388,-0.707107,0.707107,11,11,90,89,1026.2,1024.8,8,8,19.1,19.6,1
0.175531,-0.984474,17.4,22.9,22.4,1.6,2.4,0.382683,0.92388,37,-0.382683,0.92388,6.12323e-17,1,11,17,72,60,1027.9,1024.4,8,7,20.1,22.6,1
0.192452,-0.981306,14.8,23.9,4.2,3.4,6.6,6.12323e-17,1,31,0.382683,0.92388,0.382683,0.92388,13,9,48,53,1022.7,1019.1,5,7,22.5,21.9,1
0.209315,-0.977848,14.8,25.6,0.2,7,5.6,0.92388,0.382683,22,0.92388,-0.382683,0.707107,0.707107,4,9,62,66,1017.7,1013.6,5,7,22.5,23.2,0
0.226116,-0.9741,18.5,25.3,0,3,0,0.92388,0.382683,41,1,0,0.92388,0.382683,6,11,71,81,1011.1,1005.4,8,8,22.4,22.3,0
0.24285,-0.970064,14.6,20.8,22.2,4.8,10.3,-1.83697e-16,-1,54,-1.83697e-16,-1,-1.83697e-16,-1,26,20,48,36,1008.3,1007.1,1,1,16.3,20.2,1
0.259512,-0.96574,9.7,22.2,0,9.6,12.3,-1.83697e-16,-1,26,-0.707107,-0.707107,0.92388,0.382683,7,6,38,35,1016.4,1013.1,0,0,16.7,21.5,0
0.276097,-0.96113,11,23.7,0,8.6,12.3,6.12323e-17,1,20,0.382683,-0.92388,0.382683,0.92388,4,7,59,40,1020.5,1017.5,1,1,19.4,22.6,0
0.2926,-0.956235,12.9,26.7,0,4.8,11.7,-0.382683,0.92388,31,-0.92388,-0.382683,-0.382683,0.92388,4,15,57,45,1022.1,1019.8,1,1,22.2,25.2,0
0.309017,-0.951057,16.3,22.2,0.8,6.4,4.7,-0.707107,0.707107,31,-0.92388,0.382683,6.12323e-17,1,4,7,87,78,1026.5,1024.2,5,7,19.4,19.9,0
0.325342,-0.945596,15.8,22.6,1.6,4,3.4,6.12323e-17,1,24,6.12323e-17,1,6.12323e-17,1,11,9,52,52,1025.9,1022.2,7,7,21.8,21.2,1
0.341571,-0.939856,13,25.4,0,3,11.7,6.12323e-17,1,22,-0.92388,0.382683,6.12323e-17,1,4,11,55,47,1023.2,1019,3,2,22,24.2,0
0.357698,-0.933837,14.9,26.6,0,5.8,12,0.382683,0.92388,22,0.707107,0.707107,0.707107,0.707107,4,9,59,51,1020.3,1015.9,2,1,22.3,25.2,0
0.37372,-0.927542,15.9,27.1,0,5.4,10.1,0.92388,0.382683,30,0.92388,0.382683,0.707107,0.707107,7,9,58,51,1018.2,1014.1,2,3,24.5,25.6,0
0.405426,-0.914128,18.1,26.4,0,4.8,7.6,0.382683,0.92388,20,6.12323e-17,1,0.382683,0.92388,6,9,66,63,1019,1015.3,7,3,23,24.7,0
0.421101,-0.907014,19.5,28,0.4,3.6,10.1,0.382683,0.92388,24,-0.382683,-0.92388,0.707107,0.707107,6,13,65,57,1017.1,1013.6,3,2,24.3,25.5,0
0.436651,-0.899631,18.3,27.4,0.2,6.2,8.3,-0.707107,0.707107,33,-1,1.22465e-16,-0.382683,0.92388,4,13,61,88,1017,1015.8,4,7,25.4,19.2,0
0.452072,-0.891981,16.9,26.5,26.8,7,11.7,6.12323e-17,1,26,-0.382683,0.92388,0.382683,0.92388,9,11,58,51,1018.6,1016.4,2,4,24.4,25.4,1
0.467359,-0.884068,16.6,26.5,0,4.6,11.7,0.382683,0.92388,26,0.382683,0.92388,0.382683,0.92388,9,9,56,56,1019,1016,3,6,23.9,24.2,0
0.482508,-0.875892,15.8,25.7,0,6,6.2,0.92388,0.382683,19,-0.707107,0.707107,0.382683,0.92388,2,6,63,57,1017.3,1014.3,7,5,22.5,25,0
0.497513,-0.867456,16.4,23.3,0,4.2,0.3,0.92388,-0.382683,15,6.12323e-17,1,1,0,6,4,66,67,1015.5,1012.9,8,8,21.9,22.2,0
0.512371,-0.858764,18.1,27.4,0.2,3.2,12.8,-0.382683,-0.92388,35,-1.83697e-16,-1,-0.382683,-0.92388,6,9,54,30,1015.5,1011.9,3,1,22.6,27.3,0
0.527078,-0.849817,14.9,26,0,9.2,10.7,-0.382683,0.92388,31,-0.92388,0.382683,6.12323e-17,1,7,15,50,55,1018.1,1015.3,3,3,23.1,24.4,0
0.541628,-0.840618,19.1,22.6,6.2,5.2,0,6.12323e-17,1,28,0.382683,-0.92388,1,0,4,2,89,79,1018.1,1015.3,8,8,19.4,20.2,1
0.556017,-0.831171,17.3,23.5,19.6,1.2,1.1,6.12323e-17,1,30,-0.382683,0.92388,-0.382683,0.92388,7,4,68,65,1016,1013.1,7,7,21.5,22.7,1
0.570242,-0.821477,16.6,27.4,2.6,3,12.2,-0.707107,0.707107,31,-1,1.22465e-16,-1,1.22465e-16,6,11,57,41,1016.8,1014.2,1,2,23.3,26.9,1
0.584298,-0.811539,18.2,26.4,0,5.2,10.9,6.12323e-17,1,30,-0.707107,0.707107,6.12323e-17,1,11,15,63,53,1019.6,1017.9,7,4,23.4,25.5,0
0.598181,-0.801361,19,26.2,0,7,2.8,6.12323e-17,1,24,0.382683,0.92388,0.382683,0.92388,11,13,63,61,1021.9,1020.3,8,7,24.2,24.3,0
0.611886,-0.790946,20.4,26.1,0.6,4.8,3.5,6.12323e-17,1,30,0.382683,0.92388,0.382683,0.92388,9,13,67,62,1024.8,1023.3,7,7,24.1,24.6,0
0.625411,-0.780296,16.7,26.4,0.8,5.6,8.8,1,0,26,0.382683,0.92388,0.382683,0.92388,11,11,55,57,1023.7,1020.3,4,7,25,24.8,0
0.638749,-0.769415,16.9,28,0,5.4,12.2,0.707107,0.707107,26,0.707107,0.707107,0.707107,0.707107,2,11,55,65,1018,1014.5,4,5,25.1,25.5,0
0.651899,-0.758306,19,28,0,6.6,11,0.707107,0.707107,28,0.92388,0.382683,0.92388,0.382683,7,11,71,55,1016.9,1015,5,4,24.6,25.7,0
0.664855,-0.746972,21.7,27.1,0,7.8,12.5,0.382683,0.92388,30,0.382683,0.92388,0.707107,0.707107,15,11,58,56,1020.6,1019,4,3,25.7,26.1,0
0.677615,-0.735417,21.2,27.9,0,6,7.5,0.382683,0.92388,28,1,0,0.382683,0.92388,6,13,64,57,1020.7,1017.8,7,3,25.4,26.2,0
0.690173,-0.723644,17.7,28.2,0.2,5.6,12.4,0.707107,0.707107,28,0.707107,0.707107,0.707107,0.707107,9,11,53,49,1016.9,1013.2,6,4,25.9,26.3,0
0.702527,-0.711657,21.3,27.8,0,8.4,8.4,0.382683,0.92388,31,1,0,0.92388,0.382683,6,9,57,59,1013.6,1010.3,7,5,26.1,26.6,0
0.714673,-0.699458,20.8,29.5,0,8,9.3,0.382683,0.92388,24,0.707107,-0.707107,0.707107,0.707107,7,9,52,50,1013.6,1010.3,7,4,25.9,28.3,0
0.726608,-0.687053,20.6,25.2,5.2,8,3,-0.92388,0.382683,17,-0.92388,-0.382683,-0.707107,0.707107,2,7,72,83,1013.7,1012,8,8,25.1,22.7,1
0.738326,-0.674444,18.3,27.5,9.4,2.4,1.7,-0.92388,0.382683,33,-0.382683,-0.92388,-0.382683,0.92388,6,11,79,65,1015.8,1015,8,7,22.5,25.6,1
0.749826,-0.661635,20,25.5,0.2,5.4,0.6,-0.382683,0.92388,41,-0.707107,0.707107,-0.707107,0.707107,13,11,56,66,1021.7,1020.5,7,7,24.2,23,0
0.761104,-0.64863,18.2,25.1,1,5,1.7,6.12323e-17,1,33,-1,1.22465e-16,-0.382683,0.92388,4,11,70,49,1021.5,1020.2,8,8,23.7,24.9,0
0.772157,-0.635432,17.7,26.6,4.4,5.8,10.4,-0.382683,0.92388,37,-0.92388,0.382683,-0.382683,0.92388,6,15,74,47,1021.4,1019.8,5,4,23,25.8,1
0.78298,-0.622047,16.6,26.6,0.2,9.4,10.4,6.12323e-17,1,41,6.12323e-17,1,6.12323e-17,1,22,17,44,47,1023.4,1022,6,6,25,25.4,0
0.793572,-0.608477,18.5,26.4,1,7.4,5,6.12323e-17,1,37,-0.707107,0.707107,-0.382683,0.92388,15,13,65,47,1023.6,1021.5,7,6,22.4,25.6,0
0.803928,-0.594727,17.3,26.1,0,7,5.3,6.12323e-17,1,37,-0.382683,0.92388,6.12323e-17,1,9,11,53,57,1021.4,1019.7,6,7,24,23.8,0
0.814046,-0.5808,19.1,27.4,0.2,5.2,7.1,6.12323e-17,1,33,6.12323e-17,1,0.382683,0.92388,6,15,68,50,1019.1,1016.4,7,7,22.8,25.7,0
0.823923,-0.566702,17.2,26.7,1.8,7,10.2,6.12323e-17,1,33,0.382683,0.92388,0.382683,0.92388,17,13,54,50,1017.8,1015,4,2,25.3,25.6,1
0.833556,-0.552435,18.9,26.3,0,8.8,3.2,0.382683,0.92388,24,0.382683,0.92388,0.382683,0.92388,7,11,58,50,1015.3,1012.2,7,7,24.1,25.1,0
0.842942,-0.538005,17.6,28,0,6.6,11,0.382683,0.92388,28,0.382683,0.92388,0.707107,0.707107,4,11,61,51,1012.7,1010.3,6,2,24.8,27,0
0.852078,-0.523416,19.4,27.3,4.2,6.8,8.1,6.12323e-17,1,31,0.707107,0.707107,0.382683,0.92388,9,13,60,56,1012.8,1010.5,7,7,25.2,26.8,1
0.860961,-0.508671,21.5,25.5,3.8,6.6,0.5,0.382683,0.92388,35,0.382683,0.92388,0.382683,0.92388,15,6,71,91,1013.8,1012.6,8,8,24.6,21.7,1
0.869589,-0.493776,19.5,26.9,58.6,6.4,0.5,0.707107,0.707107,28,0.92388,0.382683,0.382683,0.92388,2,13,84,72,1016.8,1015.2,8,7,23.1,24.3,1
0.87796,-0.478734,20.2,24.9,1.2,4.4,0,0.382683,0.92388,30,-0.707107,0.707107,0.707107,0.707107,4,11,77,70,1017,1013.3,8,8,22.8,23.7,1
0.886071,-0.46355,21.3,24.3,0.2,3.2,0.1,0.382683,0.92388,33,0.382683,0.92388,0.382683,0.92388,15,11,71,82,1011.3,1008.9,8,8,24.1,22.2,0
0.893919,-0.448229,19.6,26.1,50.6,4.2,1.2,6.12323e-17,1,28,-0.707107,0.707107,0.382683,0.92388,4,13,94,72,1010.4,1008.1,8,7,21,24.9,1
0.901502,-0.432776,20.3,26.4,0.8,0.8,2.1,-0.382683,0.92388,30,-0.707107,0.707107,-0.382683,0.92388,7,7,71,82,1010.9,1009.2,7,7,25.8,25,0
0.908818,-0.417194,20.9,28.3,8.4,3.2,8.7,6.12323e-17,1,37,-0.92388,0.382683,6.12323e-17,1,9,9,75,84,1013.7,1012.1,7,5,25.8,24.8,1
0.915864,-0.401488,21.1,27.9,5.4,6.4,10.9,6.12323e-17,1,26,0.382683,0.92388,0.382683,0.92388,9,13,69,66,1016.8,1015.2,5,7,25.9,26.9,1
0.92264,-0.385663,21.6,28.9,0,6.2,11.4,0.707107,0.707107,24,0.382683,0.92388,0.707107,0.707107,9,11,65,62,1016.9,1014.2,3,1,26.9,27.8,0
0.929141,-0.369725,21.7,30.4,0,8,12,0.707107,0.707107,31,0.92388,-0.382683,0.707107,0.707107,7,15,59,65,1013,1008.1,4,4,27.3,28.4,0
0.935368,-0.353676,24.1,30.7,0,7.2,3.7,-1.83697e-16,-1,48,1,0,-0.92388,-0.382683,7,6,65,89,1007.9,1004.9,6,7,28.3,25.4,0
0.941317,-0.337523,20.4,27.2,80.4,12.4,0,-1.83697e-16,-1,15,0.707107,-0.707107,0.707107,0.707107,2,6,81,86,1008.8,1006.9,8,8,23.9,23.7,1
0.946988,-0.32127,22,30.2,1.6,2,9.2,0.382683,0.92388,30,-0.92388,-0.382683,6.12323e-17,1,2,13,67,62,1010.8,1008.8,7,1,27.2,28.7,1
0.952378,-0.304921,20.8,29.1,0,5.8,9.1,-0.382683,0.92388,33,-0.92388,0.382683,-0.382683,0.92388,7,13,64,60,1011.8,1009.1,6,3,26.5,29,0
0.957485,-0.288482,20.5,32.1,0.2,5.8,12.4,0.707107,0.707107,24,-0.707107,-0.707107,0.382683,0.92388,4,11,62,55,1011.2,1006.8,1,2,27,29.2,0
0.975065,-0.221922,21.3,24.2,9.8,5.2,0,-0.382683,-0.92388,22,-0.707107,-0.707107,-1,1.22465e-16,4,6,72,90,1006.7,1005.2,7,8,22.6,19,1
0.97874,-0.205104,17.3,28.1,57.4,3.8,12.3,-1.83697e-16,-1,48,-1.83697e-16,-1,-1.83697e-16,-1,17,24,64,31,1002.6,1003.6,7,1,24.1,27.2,1
0.98522,-0.171293,17.8,23.1,0,8,0,-0.707107,0.707107,24,-0.707107,0.707107,-0.707107,-0.707107,7,4,75,88,1016.6,1015.5,7,8,22.1,20.6,0
0.988023,-0.154309,19.2,29.1,12.8,0.6,2.9,-0.382683,0.92388,24,-0.707107,-0.707107,6.12323e-17,1,6,9,87,65,1016.9,1014.8,8,7,21.8,28,1
0.990532,-0.137279,21.8,27.7,0.2,3.2,0.2,-0.92388,0.382683,41,-0.707107,0.707107,-0.382683,0.92388,15,11,71,81,1016.9,1015.3,7,8,26.8,25.2,0
0.992749,-0.120208,21.9,26.2,36.2,6.6,0.2,-0.92388,0.382683,15,-1,1.22465e-16,-0.92388,0.382683,2,6,90,85,1014.8,1011.9,8,8,24.8,24.9,1
0.996298,-0.0859648,21.6,26.6,60.2,0.6,0,-1.83697e-16,-1,33,1,0,-0.707107,-0.707107,2,7,94,92,1002.3,1000.1,8,8,24.2,21.4,1
0.99763,-0.0688024,21.1,25.1,34,2,0,-0.707107,0.707107,46,-0.707107,0.707107,-0.707107,0.707107,17,9,73,70,1012.7,1013.1,8,8,23.6,23.5,1
0.998667,-0.0516197,20.4,27.5,1,3.4,0,-0.707107,0.707107,33,-0.707107,0.707107,-0.707107,0.707107,17,11,58,56,1015.8,1013.3,8,7,24.5,27.1,0
0.999407,-0.0344216,19.4,30.4,0,4.4,11.4,6.12323e-17,1,30,-0.92388,0.382683,6.12323e-17,1,7,15,58,57,1015.5,1013.2,6,3,26.7,29.1,0
0.999852,-0.0172134,20.4,29.5,0,6.8,12.6,-0.382683,0.92388,35,-0.382683,0.92388,6.12323e-17,1,9,17,58,52,1015.3,1013.3,4,1,26.9,28.3,0
1,0,21.7,28.4,0.4,6.6,0,-0.382683,0.92388,30,-0.92388,0.382683,-0.707107,0.707107,7,6,89,90,1014.4,1012.9,8,8,23,24.1,0
0.999852,0.0172134,22.7,29.6,3,2.2,11.2,6.12323e-17,1,26,0.707107,0.707107,0.707107,0.707107,7,11,68,63,1013.9,1010.7,4,3,27.4,28.4,1
0.999407,0.0344216,22.9,32.1,0,6.2,6.9,6.12323e-17,1,24,-0.707107,-0.707107,-0.382683,0.92388,4,6,67,58,1009.7,1006.3,5,5,27.8,28.6,0
0.998667,0.0516197,22.2,30.7,0,5.4,7.8,-0.382683,0.92388,28,-1,1.22465e-16,6.12323e-17,1,7,13,60,64,1007.8,1006,6,7,28.5,28.7,0
0.99763,0.0688024,21.7,29.3,0,5.2,0,-1.83697e-16,-1,26,6.12323e-17,1,0.707107,0.707107,6,9,65,64,1008.1,1004.4,6,6,26.8,27.4,0
0.996298,0.0859648,20.5,24.8,41.8,4.6,0,-0.382683,-0.92388,22,-0.382683,0.92388,-1,1.22465e-16,7,4,82,91,1005.4,1004.8,8,8,23.9,19.9,1
0.992749,0.120208,21.1,27.3,11.6,2,2.1,-0.707107,0.707107,37,-0.92388,0.382683,-0.92388,0.382683,15,15,65,73,1008.1,1005.1,7,8,26.7,25.9,1
0.98522,0.171293,23.8,28.6,15.4,2,0,6.12323e-17,1,33,6.12323e-17,1,6.12323e-17,1,15,15,88,94,1007.7,1007.4,8,8,25,24.1,1
0.97874,0.205104,22.1,28.4,0.4,7.8,6.9,0.382683,0.92388,31,-0.382683,0.92388,-0.382683,0.92388,13,13,58,57,1013.1,1010.8,3,5,27.2,27.1,0
0.975065,0.221922,19.4,28.9,0,8.2,11.8,6.12323e-17,1,31,-0.382683,0.92388,6.12323e-17,1,11,13,60,59,1011.5,1009,7,5,26.1,27.1,0
0.9711,0.238673,20.2,28.8,0.4,7.2,9.2,6.12323e-17,1,26,-0.707107,-0.707107,6.12323e-17,1,4,7,77,52,1009.3,1006.6,7,5,24,28,0
0.957485,0.288482,23.2,34.9,0,7.2,10.1,0.382683,0.92388,30,-0.707107,-0.707107,6.12323e-17,1,6,11,57,53,1003.8,1003.5,1,3,31.6,31.2,0
0.952378,0.304921,23.4,31.2,3.4,4.6,10.3,-0.707107,-0.707107,33,6.12323e-17,1,0.382683,0.92388,7,13,70,71,1007.4,1005.7,6,7,29.4,28.7,1
0.946988,0.32127,20.6,29.8,36.2,4.2,8.6,-0.707107,0.707107,33,-1,1.22465e-16,-0.382683,0.92388,4,11,67,70,1008.8,1008.6,6,7,28,26.5,1
0.941317,0.337523,20.7,28.5,4.4,6,8,-0.382683,0.92388,43,-0.707107,0.707107,-0.707107,0.707107,11,15,77,51,1012.2,1010.7,7,5,23.8,27.9,1
0.935368,0.353676,18.9,29.4,0,6.4,12.5,-0.92388,0.382683,39,-1,1.22465e-16,-0.382683,0.92388,9,20,54,48,1012.9,1011.7,3,4,26.7,27.8,0
0.929141,0.369725,18.8,29.8,0,9.8,11.6,-0.382683,0.92388,37,-0.92388,0.382683,-0.707107,0.707107,9,11,49,43,1010.9,1008.4,3,2,26.6,28.7,0
0.92264,0.385663,19.1,29.4,0,8.4,12.5,0.707107,0.707107,20,0.92388,0.382683,0.382683,0.92388,2,7,52,47,1010.2,1007.3,1,1,26.1,28.9,0
0.915864,0.401488,20.2,30.4,0,5.8,12.8,0.92388,0.382683,24,1,0,0.707107,0.707107,4,11,58,56,1011.4,1009.9,1,1,28.2,28.9,0
0.908818,0.417194,21.5,30.5,0,7.4,12.8,0.382683,0.92388,28,-0.382683,0.92388,0.382683,0.92388,2,11,57,59,1015.3,1013.7,3,1,27.3,28.9,0
0.901502,0.432776,20.6,31,0,7,12.6,6.12323e-17,1,22,-0.707107,0.707107,0.707107,0.707107,4,9,61,56,1015.5,1012.5,3,1,27.2,29.9,0
0.893919,0.448229,21.9,31.4,0,8.2,9.6,-0.707107,0.707107,31,-0.92388,0.382683,-0.382683,0.92388,6,15,65,54,1013.5,1013.1,5,3,27.8,30.1,0
0.886071,0.46355,23.1,29.7,0.2,8,10.4,6.12323e-17,1,46,-0.707107,0.707107,-0.707107,0.707107,15,17,58,44,1018,1016.1,5,2,25.5,29.1,0
0.87796,0.478734,20.8,30,0,8,4.1,-0.382683,0.92388,31,-0.382683,0.92388,6.12323e-17,1,11,15,63,62,1019.6,1017.6,7,7,27,27.4,0
0.869589,0.493776,21.1,31.1,0,5.8,12.4,0.382683,0.92388,24,0.382683,0.92388,0.707107,0.707107,9,9,61,55,1018.3,1015.3,3,3,27.6,30,0
0.860961,0.508671,23.2,30.7,3.6,7.6,6.8,0.382683,0.92388,26,0.382683,0.92388,0.382683,0.92388,9,11,81,67,1017.5,1014.8,5,7,27.1,29.7,1
0.803928,0.594727,24.2,30.4,1.6,4.6,1.8,-0.707107,0.707107,31,-0.707107,-0.707107,-0.707107,0.707107,4,13,81,58,1018.2,1014.9,7,7,24.6,29.2,1
0.78298,0.622047,21,29,14.2,2.2,8.3,-0.707107,0.707107,43,-0.707107,0.707107,-0.382683,0.92388,13,17,59,45,1019.9,1019,5,3,26.6,28.3,1
0.738326,0.674444,20.7,30.8,0,6.4,10.4,6.12323e-17,1,22,-0.382683,-0.92388,0.382683,0.92388,6,11,65,59,1016.1,1013.1,5,3,26.4,28.9,0
0.726608,0.687053,21.4,31.8,0,6.4,12,6.12323e-17,1,33,-0.707107,0.707107,6.12323e-17,1,11,17,61,48,1016.1,1014.3,5,3,27.8,30.5,0
0.702527,0.711657,20.3,28.8,21,4.8,3.6,-0.707107,0.707107,30,-1,1.22465e-16,-1,1.22465e-16,6,2,79,84,1016.9,1014.4,5,6,25.4,24.7,1
0.690173,0.723644,21.9,28.7,2.2,3.6,7,6.12323e-17,1,20,-0.92388,0.382683,-1.83697e-16,-1,4,2,75,80,1014.6,1012.3,7,5,26.6,26.5,1
0.677615,0.735417,21,31.3,19,4.4,11.7,6.12323e-17,1,24,-0.707107,0.707107,6.12323e-17,1,6,15,69,60,1013.7,1011.5,3,2,27,29.6,1
0.664855,0.746972,22.1,31.9,0,8,12.2,0.382683,0.92388,20,6.12323e-17,1,0.382683,0.92388,6,9,68,56,1014.1,1011.4,4,1,28.2,30.3,0
0.651899,0.758306,22.1,35.3,0,3.6,12.3,0.382683,0.92388,20,-0.382683,-0.92388,0.707107,0.707107,4,9,55,51,1011.9,1007.3,0,1,28.7,33.6,0
0.638749,0.769415,24.4,34.5,0,8,8.1,0.382683,-0.92388,41,0.382683,-0.92388,0.382683,0.92388,4,13,65,67,1008.1,1004.6,4,6,30.7,30.3,0
0.625411,0.780296,21.9,28.4,68.8,10.6,9.1,-0.707107,0.707107,48,-0.92388,0.382683,-0.707107,0.707107,22,17,59,55,1014.4,1014.5,5,7,25.8,26,1
0.598181,0.801361,18.8,27.7,3.6,6.6,9,-0.92388,0.382683,30,-1,1.22465e-16,-0.382683,0.92388,4,11,63,54,1017.3,1014.4,6,5,23.9,27,1
0.584298,0.811539,18.3,29.3,0,4.2,11.2,6.12323e-17,1,22,-0.707107,-0.707107,0.382683,0.92388,4,11,61,56,1015.2,1012.4,2,2,25.5,27.9,0
0.570242,0.821477,19.2,30.6,0,7.4,11,0.382683,0.92388,22,-0.707107,-0.707107,0.382683,0.92388,4,11,63,49,1014.3,1010.9,2,1,26,28.5,0
0.527078,0.849817,21.9,33.2,0,7.4,11.9,0.92388,0.382683,24,0.707107,-0.707107,0.92388,0.382683,4,9,61,54,1011.3,1008.1,1,1,27.9,32.2,0
0.512371,0.858764,20.4,30.9,22.6,7,8,-0.92388,0.382683,30,-0.707107,-0.707107,6.12323e-17,1,7,11,78,55,1013.2,1010.2,6,1,25.9,30.4,1
0.497513,0.867456,23.8,33.1,1.2,5,7.1,-0.92388,0.382683,28,-0.382683,-0.92388,0.382683,0.92388,4,11,76,60,1012,1007.8,4,3,26.7,30.9,1
0.482508,0.875892,22.6,25,23.4,1.2,0,-0.92388,0.382683,17,-0.92388,0.382683,-0.92388,0.382683,2,9,91,87,1011.8,1009,8,8,23.1,24.1,1
0.467359,0.884068,21.1,27,29.2,2.2,0,-0.707107,0.707107,41,-0.707107,-0.707107,-0.92388,0.382683,4,11,87,59,1014.2,1014.2,8,8,24.1,26.8,1
0.452072,0.891981,19.2,27.4,1.4,5,8.2,-0.707107,0.707107,48,-0.707107,0.707107,-0.707107,0.707107,13,20,57,44,1020.5,1019.4,3,3,25.3,26.4,1
0.436651,0.899631,18.5,27.5,0.4,6.6,9.5,-0.382683,0.92388,33,-0.707107,0.707107,-0.382683,0.92388,7,15,63,45,1020.4,1017.7,7,3,23.2,26.6,0
0.421101,0.907014,18.1,27,0.8,6.2,10,-0.382683,0.92388,33,0.707107,0.707107,6.12323e-17,1,4,11,76,53,1018.7,1016,7,3,23.1,25.4,0
0.38963,0.920971,19.7,27.6,0.2,6.8,4.7,0.707107,0.707107,24,6.12323e-17,1,0.707107,0.707107,4,9,60,58,1015.7,1013.2,6,7,26.4,27.2,0
0.37372,0.927542,20.7,29.2,0,3.2,8.6,0.382683,0.92388,26,0.382683,0.92388,0.382683,0.92388,6,13,61,58,1016.5,1015.3,6,7,26.9,27.8,0
0.357698,0.933837,21.2,28.9,0.2,5.6,7.9,6.12323e-17,1,30,0.382683,0.92388,0.382683,0.92388,11,13,64,58,1020.1,1018.7,6,6,27.4,27.6,0
0.2926,0.956235,21.3,30.4,0,5.6,8.5,0.382683,0.92388,22,-1,1.22465e-16,0.382683,0.92388,4,9,68,61,1018.1,1014.8,6,6,26.2,28.7,0
0.259512,0.96574,21.8,28.7,0,5,0.2,0.382683,0.92388,15,-0.382683,-0.92388,0.382683,0.92388,6,2,76,62,1015,1011.2,7,7,24.4,27.9,0
0.24285,0.970064,22.3,23.9,1.4,2.4,0,6.12323e-17,1,22,-0.707107,0.707107,-0.92388,0.382683,7,6,80,92,1011.9,1008.4,8,8,23.6,21.7,1
0.226116,0.9741,20.3,27.2,32.6,2,0,-0.707107,0.707107,26,-0.707107,-0.707107,-0.707107,0.707107,2,7,94,78,1007.8,1004.2,8,8,22.4,25.5,1
0.209315,0.977848,22.2,31.1,1.2,1.4,8.1,0.382683,0.92388,15,-0.707107,-0.707107,0.382683,0.92388,4,9,70,68,1005.1,1001.9,5,5,26.9,28.6,1
0.192452,0.981306,23.1,34.5,0,3,8.5,0.382683,-0.92388,28,-1.83697e-16,-1,0.382683,-0.92388,4,13,76,39,1003.2,1000.1,7,2,27.4,33.9,0
0.175531,0.984474,19.6,32.4,0,5.4,11.6,-1.83697e-16,-1,30,-0.382683,-0.92388,0.382683,-0.92388,6,11,48,40,1006.7,1003.4,1,3,28,31.8,0
0.158559,0.987349,20.7,30.9,0,7.8,11.2,-1.83697e-16,-1,31,-1.83697e-16,-1,-1.83697e-16,-1,9,15,52,34,1009.8,1006.5,1,2,26.3,30.3,0
0.14154,0.989932,16.3,29.9,0,7.8,8.6,-1.83697e-16,-1,37,-0.707107,-0.707107,-1.83697e-16,-1,4,15,43,34,1011.7,1008.7,1,4,25.8,29.3,0
0.124479,0.992222,19.1,28.7,0,8,10.7,-0.707107,0.707107,31,-0.92388,-0.382683,-0.707107,0.707107,4,13,56,48,1014.8,1013.8,3,3,25.7,27.4,0
0.107381,0.994218,19.4,27,0,8,5.2,-0.707107,0.707107,41,-1,1.22465e-16,-0.707107,0.707107,9,13,57,52,1020,1018.2,5,7,25.2,25.8,0
0.0902516,0.995919,18.1,26.8,0,7.2,4.8,-0.707107,0.707107,35,-1,1.22465e-16,-0.707107,0.707107,6,13,59,69,1022.6,1020.6,4,6,24.7,23.8,0
0.0730951,0.997325,19.2,26.6,6,3.2,0.9,6.12323e-17,1,28,-0.92388,-0.382683,6.12323e-17,1,2,13,75,52,1022.3,1019.7,7,8,24.2,25.5,1
0.0387223,0.99925,19.3,27.6,16,1,6.6,-0.382683,-0.92388,22,-0.707107,-0.707107,6.12323e-17,1,2,9,79,70,1020,1017.6,7,7,22.8,25.4,1
-0.474951,0.880012,14.7,27.1,0.2,3.4,10.1,-1.83697e-16,-1,20,-0.382683,-0.92388,-1,1.22465e-16,6,6,66,37,1015.3,1011.5,0,1,20.8,26.3,0
-0.490029,0.871706,14.1,27.6,0,3,10.1,6.12323e-17,1,17,-0.92388,-0.382683,0.382683,0.92388,4,4,66,47,1015.6,1012.2,1,3,20.9,25.7,0
-0.519744,0.854322,14.8,25.3,19.6,3.4,8.8,-0.382683,-0.92388,20,-0.707107,-0.707107,-0.92388,0.382683,6,6,72,47,1014,1011.5,1,3,19.6,24.4,1
-0.534373,0.845249,14.2,25.6,0.2,3.4,8.8,-0.92388,0.382683,26,-0.382683,-0.92388,-0.707107,-0.707107,6,7,61,45,1016.3,1014.5,1,3,20.1,25.4,0
-0.548843,0.835925,14.3,24.9,0,4,9.6,-0.707107,-0.707107,19,-0.707107,-0.707107,-1.83697e-16,-1,7,6,53,43,1020.4,1016.5,6,6,19.6,23.3,0
-0.563151,0.826354,12.3,25,0,4,10,-1.83697e-16,-1,13,-0.707107,-0.707107,-1.83697e-16,-1,6,4,67,38,1018.3,1014.3,1,3,18.1,24,0
-0.591261,0.80648,16.2,18.9,5.6,2,0.1,-0.92388,-0.382683,17,-0.707107,-0.707107,-1.83697e-16,-1,4,4,90,84,1013.4,1009.7,8,7,16.8,16.6,1
-0.605056,0.796183,13.2,22.5,3.8,1.6,10.1,-0.382683,-0.92388,31,-0.382683,-0.92388,-1.83697e-16,-1,11,13,69,47,1011.8,1009.8,2,2,16.9,20.8,1
-0.618671,0.78565,10.3,21.5,0,3.4,10.2,0.382683,-0.92388,35,-1.83697e-16,-1,0.382683,-0.92388,4,13,49,32,1014.7,1010.9,0,0,18,21.2,0
-0.632103,0.774884,11.8,21.7,0,5.4,10.2,-1.83697e-16,-1,41,-0.382683,-0.92388,-1.83697e-16,-1,11,17,44,36,1014.9,1010.6,1,1,16.4,21.2,0
-0.645348,0.763889,7.9,22.9,0,5.6,10.3,-1.83697e-16,-1,22,-0.707107,-0.707107,-0.707107,-0.707107,6,7,47,35,1016.6,1012.2,0,1,16.2,22.3,0
-0.658402,0.752667,8.2,23,0,4,10.3,-1.83697e-16,-1,28,-0.707107,-0.707107,-0.382683,-0.92388,6,6,48,31,1016.2,1014.4,2,2,18.3,22.7,0
-0.67126,0.741222,11.5,23.2,0,4,10,-0.707107,-0.707107,19,-0.707107,-0.707107,-1,1.22465e-16,6,4,43,32,1026,1024.5,1,2,16.5,22.2,0
-0.683919,0.729558,10.5,23.7,0,4.4,8.1,-1.83697e-16,-1,17,-0.707107,-0.707107,0.92388,-0.382683,6,2,59,79,1029.5,1026,2,5,17.4,18.7,0
-0.696376,0.717677,11.2,24.9,0.4,3.2,8.1,-0.382683,0.92388,19,-0.707107,-0.707107,-0.382683,0.92388,4,9,75,53,1027.7,1024.2,1,2,16.6,22.2,0
-0.708627,0.705584,12.1,23.8,0.2,4,7.3,-0.707107,0.707107,28,-0.707107,-0.707107,-0.707107,0.707107,4,9,64,51,1028.6,1025.7,3,5,18,22.7,0
-0.720667,0.693281,14.5,22.5,0.2,3,6.5,-0.92388,0.382683,28,-0.92388,-0.382683,-0.707107,0.707107,4,6,77,87,1028.3,1026.2,5,7,18.6,19.3,0
-0.732494,0.680773,14.2,24.1,4.2,3,8.9,-0.382683,0.92388,24,-0.92388,-0.382683,6.12323e-17,1,4,7,73,57,1027,1023.9,1,6,18.9,22.4,1
-0.744104,0.668064,14.1,23.2,0.4,3,4.5,6.12323e-17,1,22,-0.382683,-0.92388,-0.707107,0.707107,4,9,85,77,1025.7,1022.2,7,4,17,21.1,0
-0.755493,0.655156,17,24.5,10.8,2.2,4.7,6.12323e-17,1,15,-0.707107,-0.707107,0.382683,0.92388,4,7,89,64,1022.9,1017.9,7,7,18.7,23.1,1
-0.777597,0.628763,14.1,22.6,11.4,0.8,9.7,-1.83697e-16,-1,31,-1.83697e-16,-1,-1.83697e-16,-1,9,9,63,42,1009.3,1005.4,1,3,18.9,22.1,1
-0.788305,0.615285,11.7,19.4,0,5.6,10.1,-1.83697e-16,-1,44,-1.83697e-16,-1,-1.83697e-16,-1,11,15,61,46,1009.6,1006.5,1,1,16,19.2,0
-0.798779,0.601624,11,22.2,0,6,9.6,-0.382683,-0.92388,24,-0.382683,-0.92388,-1.83697e-16,-1,7,7,55,43,1013.4,1012.2,1,2,16.4,21.1,0
-0.809017,0.587785,9.6,23.7,0,3.2,9.8,-0.707107,-0.707107,19,-0.707107,-0.707107,-0.382683,-0.92388,6,4,64,39,1018.8,1015.8,1,1,16.3,22.6,0
-0.819015,0.573772,10.4,22.8,0,3,5.5,-0.707107,0.707107,15,-0.707107,-0.707107,6.12323e-17,1,6,6,71,59,1021.5,1019.2,1,7,15.6,20.8,0
-0.82877,0.559589,14.4,23.1,0,2.8,7.5,-0.382683,0.92388,24,-0.92388,-0.382683,6.12323e-17,1,4,13,69,64,1023,1018.8,4,5,17.9,20.7,0
-0.83828,0.54524,14.4,22.7,12,2,8.3,-0.382683,-0.92388,22,-0.707107,-0.707107,-0.382683,-0.92388,4,4,87,51,1018.1,1013.7,4,4,16.4,21.9,1
-0.847541,0.53073,10.4,19.9,0.2,2,7.9,-0.382683,0.92388,19,-0.707107,-0.707107,-0.382683,-0.92388,6,6,76,56,1015.2,1012.7,5,6,14.3,19.6,0
-0.865307,0.501242,12.5,24,0,0.4,7.4,-0.707107,-0.707107,26,-0.707107,-0.707107,-0.92388,-0.382683,7,7,72,54,1017.6,1015.4,1,6,18.6,22.2,0
-0.873807,0.486273,13.4,23.9,0,3.4,9.8,-0.382683,-0.92388,19,-0.382683,-0.92388,-1.83697e-16,-1,9,9,59,44,1018.6,1015.2,0,1,18.6,23.2,0
-0.882048,0.47116,10.5,24.3,0,2.8,9.8,0.382683,-0.92388,19,-1.83697e-16,-1,0.382683,-0.92388,4,7,73,40,1018.9,1015.2,0,2,15.1,23.5,0
-0.890028,0.455907,11.1,22.8,0,2.8,2.1,-0.382683,-0.92388,13,-0.707107,-0.707107,-1.83697e-16,-1,4,6,80,49,1018.9,1014.7,7,6,14.5,21.9,0
-0.897743,0.440519,10.6,25.8,0,4,10.1,-1.83697e-16,-1,20,-0.707107,-0.707107,0.382683,-0.92388,2,6,69,39,1017.4,1014.5,1,2,17.9,25.1,0
-0.919286,0.39359,12.2,12.6,0,2.8,0,-1.83697e-16,-1,22,-1.83697e-16,-1,-1.83697e-16,-1,7,7,42,45,1017.4,1014.9,7,7,12.4,12,0
-0.925925,0.377708,6.8,20.4,0,3.4,9.2,-1.83697e-16,-1,28,-0.382683,-0.92388,-1.83697e-16,-1,7,6,51,33,1017.8,1015.9,1,2,12.4,19.6,0
-0.932289,0.361714,9.5,15.5,0,2.4,0,-0.382683,-0.92388,17,-0.382683,-0.92388,-0.382683,-0.92388,4,4,68,65,1020.6,1017.8,8,8,12.1,15.3,0
-0.938377,0.345612,12.1,18.8,3.8,0.4,1.7,-0.707107,-0.707107,26,-0.707107,-0.707107,-0.382683,-0.92388,4,11,93,79,1016.9,1014,8,7,14.1,17,1
-0.944188,0.329408,12.5,22.5,0.2,3.2,9.5,-0.382683,-0.92388,28,-0.382683,-0.92388,-0.92388,-0.382683,9,6,70,54,1014.2,1010.3,3,2,16.5,21.9,0
-0.949718,0.313107,9.6,20.1,0,3.6,9.8,-1.83697e-16,-1,33,-1.83697e-16,-1,0.382683,-0.92388,13,15,66,54,1012.1,1009.8,1,4,16.1,19.1,0
-0.959933,0.280231,7.7,22,0,2.2,9.5,-0.382683,-0.92388,30,-1.83697e-16,-1,-0.382683,-0.92388,11,9,65,48,1015.6,1012.5,1,2,15,20.7,0
-0.964614,0.263665,8,21.7,0,3.4,10.2,-1.83697e-16,-1,43,-0.382683,-0.92388,-1.83697e-16,-1,4,11,60,43,1014.1,1009.3,1,2,17.4,21.1,0
-0.96901,0.247022,8.5,20.3,0,5.8,9.7,-1.83697e-16,-1,35,-0.382683,-0.92388,-1.83697e-16,-1,9,17,45,33,1013.6,1010.5,1,1,15.1,19.7,0
-0.973118,0.230306,7.7,20.1,0,5,9.1,-0.382683,-0.92388,19,-0.382683,-0.92388,-0.382683,-0.92388,7,4,58,41,1017.5,1015.2,0,0,13.5,19.5,0
-0.983709,0.179767,8.2,18.5,0,3.6,9.9,-0.382683,-0.92388,37,-1.83697e-16,-1,-1.83697e-16,-1,11,13,58,30,1015.9,1013.8,1,0,14.8,18,0
-0.986658,0.162807,6,20.5,0,6.4,9.9,-0.382683,-0.92388,17,-0.707107,-0.707107,0.382683,-0.92388,6,6,57,33,1020.4,1018.1,0,0,12.7,20.1,0
-0.989314,0.145799,7.7,23.1,0,3,9.6,-0.707107,-0.707107,17,-0.707107,-0.707107,-0.92388,0.382683,4,4,63,45,1025.5,1023,1,2,13.6,23,0
-0.991677,0.128748,12.3,22.5,0.2,2.8,9.4,6.12323e-17,1,30,-0.92388,-0.382683,-0.382683,0.92388,6,13,69,48,1028.5,1025.9,1,1,17,20.9,0
-0.993747,0.111659,13,22.7,0,3.6,9.1,0.707107,0.707107,24,-0.382683,-0.92388,-0.382683,0.92388,6,7,69,56,1028.4,1024.9,2,1,16.8,20.5,0
-0.995521,0.0945367,12.5,22.6,0,2.8,0.1,-0.382683,-0.92388,13,-0.382683,-0.92388,0.707107,0.707107,2,4,77,47,1027.3,1024.3,7,6,15,21.3,0
-0.997001,0.0773865,12,22.4,0,2.2,8.8,6.12323e-17,1,30,-0.92388,-0.382683,-0.707107,0.707107,6,11,62,58,1029.3,1026.8,1,3,16.6,20.3,0
-0.998186,0.0602133,13.8,19.3,0,3.6,4.1,-0.382683,0.92388,37,-0.92388,0.382683,-0.707107,0.707107,9,13,74,67,1030.6,1028.8,7,7,16.4,18.9,0
-0.999074,0.0430222,12.3,20.8,6.4,1.8,4.9,-0.92388,0.382683,37,-0.707107,-0.707107,-0.92388,0.382683,4,13,82,53,1031.1,1027.6,5,4,15.3,19.5,1
-0.999667,0.0258184,11.4,21.6,0.2,3,8.8,-0.707107,0.707107,22,-0.707107,-0.707107,-0.92388,0.382683,7,7,70,48,1026.5,1022.7,2,6,15.9,21,0
-0.999963,0.008607,11.3,22.1,0,2.8,8.7,-0.707107,0.707107,24,-0.382683,-0.92388,-0.707107,-0.707107,7,2,71,47,1024.6,1021,6,2,15.8,21.1,0
-0.999963,-0.008607,12.3,20.9,0,3,1.2,-0.382683,-0.92388,15,-0.707107,-0.707107,0.707107,0.707107,4,6,72,63,1023.4,1021,7,7,15.9,19.2,0
-0.999667,-0.0258184,10.6,23.5,0,2.8,9.5,-1.83697e-16,-1,19,-0.707107,-0.707107,0.382683,-0.92388,4,7,79,39,1022.5,1017.2,0,1,14.8,23,0
-0.999074,-0.0430222,11.1,22.3,0,2.6,10.2,-1.83697e-16,-1,43,-1.83697e-16,-1,-1.83697e-16,-1,9,17,55,27,1017.3,1013,1,0,19.5,21.6,0
-0.998186,-0.0602133,7.2,21.4,0,8.2,9.9,-0.382683,-0.92388,31,-0.382683,-0.92388,-1.83697e-16,-1,11,13,35,26,1016.2,1012.8,0,0,16.3,20.9,0
-0.997001,-0.0773865,7.4,20.9,0,6.2,9.9,-1.83697e-16,-1,39,-0.382683,-0.92388,-1.83697e-16,-1,4,13,36,32,1017.9,1015.9,0,1,17.2,20.6,0
-0.995521,-0.0945367,6.5,20.8,0,5,9.7,0.382683,-0.92388,22,-0.707107,-0.707107,-0.707107,-0.707107,4,4,53,32,1024.4,1020.8,1,1,14,20.3,0
-0.993747,-0.111659,9,20,0,4,10.1,-1.83697e-16,-1,33,-1.83697e-16,-1,-1.83697e-16,-1,13,15,41,28,1020.8,1016.9,0,0,13.7,19.7,0
-0.991677,-0.128748,6.8,19.2,0,6,10,-0.382683,-0.92388,33,-0.707107,-0.707107,0.382683,-0.92388,6,11,47,29,1019.2,1015.1,0,0,12.1,19,0
-0.989314,-0.145799,10,21.9,0,7.2,9.9,-1.83697e-16,-1,35,-1.83697e-16,-1,0.382683,-0.92388,9,9,42,29,1018.9,1017.8,5,2,14.7,20.7,0
-0.986658,-0.162807,6.7,21.6,0,5,9.9,0.92388,0.382683,15,-0.707107,-0.707107,-0.707107,-0.707107,4,2,62,36,1024.9,1021.2,1,0,11.6,21.3,0
-0.983709,-0.179767,5.6,23.5,0,2.4,9.6,-1.83697e-16,-1,20,-0.707107,-0.707107,-0.382683,-0.92388,2,4,63,21,1022.2,1018.5,7,3,11.7,23,0
-0.973118,-0.230306,12,16.4,10.8,2.6,0.6,-0.92388,0.382683,22,-0.92388,-0.382683,-1,1.22465e-16,4,4,91,77,1028.1,1024.1,8,7,13.1,15.9,1
-0.96901,-0.247022,12.2,21.8,1,1.2,7.8,-0.92388,0.382683,17,-0.707107,-0.707107,-0.92388,0.382683,6,2,74,58,1022.8,1019,1,3,15.6,20.6,0
-0.964614,-0.263665,10.1,23.4,0.2,2.6,9.9,-0.707107,-0.707107,19,-0.707107,-0.707107,-0.382683,-0.92388,6,6,80,40,1019.4,1015.2,1,3,14.8,23.2,0
-0.959933,-0.280231,8.3,19.6,0,3.2,10.2,-0.382683,-0.92388,37,-1.83697e-16,-1,-1.83697e-16,-1,7,17,60,30,1016.7,1012.4,1,0,15.6,18.9,0
-0.954967,-0.296713,10,18,0,6,10,-1.83697e-16,-1,43,-1.83697e-16,-1,-1.83697e-16,-1,13,20,56,49,1012,1009.3,1,1,13.5,17.2,0
-0.949718,-0.313107,10.8,23.2,0,6.2,10,-1.83697e-16,-1,30,-0.382683,-0.92388,0.382683,-0.92388,7,15,51,34,1012,1008.2,0,1,17.6,22.8,0
-0.944188,-0.329408,12.3,23.6,0,6.2,10,-0.92388,-0.382683,30,-0.382683,-0.92388,-0.92388,-0.382683,9,9,51,40,1012.1,1009.4,1,1,17.2,22.6,0
-0.938377,-0.345612,11.4,22.1,0,4,9.8,-0.92388,-0.382683,24,-0.382683,-0.92388,-0.707107,-0.707107,7,7,54,35,1014.8,1013.4,1,3,16.5,20.8,0
-0.932289,-0.361714,8.4,21.3,0,4.8,9.8,-0.382683,-0.92388,17,-0.707107,-0.707107,0.382683,-0.92388,4,7,56,34,1019.3,1016.5,0,2,14.7,20.1,0
-0.925925,-0.377708,7.7,22.2,0,2.4,10.1,-0.382683,-0.92388,19,-0.707107,-0.707107,-0.382683,-0.92388,4,4,67,30,1021.4,1018.2,0,1,12.4,22,0
-0.919286,-0.39359,7.5,24.1,0.2,3.6,7.6,-1.83697e-16,-1,22,-0.707107,-0.707107,0.382683,-0.92388,4,6,62,28,1024.1,1019.9,3,6,13,22.2,0
-0.912375,-0.409356,8.8,22.9,0,3.2,9.7,-0.382683,-0.92388,22,-0.707107,-0.707107,-1.83697e-16,-1,2,6,56,30,1025.4,1022.5,1,2,15.5,22.4,0
-0.905193,-0.425,7.2,21.5,0,4,9.7,-0.92388,0.382683,20,-0.92388,-0.382683,-0.707107,0.707107,6,7,59,42,1027.9,1024.1,1,2,13.8,21.4,0
-0.897743,-0.440519,10.8,21.8,0,4,8.2,6.12323e-17,1,26,-0.707107,-0.707107,-0.382683,0.92388,7,9,63,49,1026.5,1023.2,3,4,15.5,20.4,0
-0.890028,-0.455907,10.1,21.4,0,3.2,8.5,0.382683,0.92388,30,-0.707107,-0.707107,-0.382683,0.92388,4,11,67,52,1024.7,1021.5,2,5,15.2,19.1,0
-0.882048,-0.47116,9,22.4,0,4,8.7,-0.382683,0.92388,20,-0.707107,-0.707107,6.12323e-17,1,6,7,69,49,1023.8,1020.1,1,3,14.7,19.2,0
-0.873807,-0.486273,8.8,23,0,3.4,10,6.12323e-17,1,19,-0.92388,-0.382683,0.382683,0.92388,4,7,72,40,1024.5,1021,1,1,14.6,21.6,0
-0.865307,-0.501242,9.8,23.2,0,3.4,9.8,6.12323e-17,1,17,-0.707107,-0.707107,0.382683,0.92388,4,7,74,50,1025.3,1022.2,1,1,14.8,21.7,0
-0.856551,-0.516062,9.7,22.9,0,3.2,10,6.12323e-17,1,24,-0.707107,-0.707107,-0.382683,0.92388,4,9,73,43,1026.4,1024,1,2,15.5,21.7,0
-0.847541,-0.53073,9.1,21.9,0,4,9.9,6.12323e-17,1,22,-0.707107,-0.707107,6.12323e-17,1,4,11,72,50,1029.1,1026.9,1,2,15.4,19.9,0
-0.83828,-0.54524,10.3,21.7,0,3.6,4.8,6.12323e-17,1,30,-0.382683,-0.92388,0.382683,0.92388,6,9,67,53,1028.9,1025.8,6,5,16.6,21.4,0
-0.82877,-0.559589,9.5,23.5,0,2.8,9,0.707107,0.707107,20,-0.382683,-0.92388,0.92388,0.382683,6,6,73,49,1026.2,1021.4,1,4,15.4,21.9,0
-0.819015,-0.573772,13.9,24.8,0,2.8,7.3,0.707107,0.707107,19,-0.707107,-0.707107,0.707107,0.707107,4,9,65,54,1020.9,1016,3,2,18.7,22.6,0
-0.809017,-0.587785,12.9,23.9,0,4,10.1,-1.83697e-16,-1,31,-1.83697e-16,-1,0.382683,-0.92388,13,9,61,31,1014.1,1009.2,6,2,18.6,23.4,0
-0.798779,-0.601624,5.3,22.1,0,6.4,10.2,-1.83697e-16,-1,37,0.382683,-0.92388,0.382683,-0.92388,6,15,44,24,1012.5,1008,1,3,16.4,21.4,0
-0.788305,-0.615285,5.6,22.8,0,6,10.1,0.382683,-0.92388,33,0.92388,0.382683,-1.83697e-16,-1,4,13,45,25,1012.4,1007.4,0,1,16.4,22.3,0
-0.777597,-0.628763,9.7,21,0,4.6,4.5,0.382683,0.92388,17,-0.382683,-0.92388,0.707107,0.707107,6,9,59,53,1010.4,1006.6,6,7,13.2,19,0
-0.766659,-0.642055,9.2,22.7,0,2.2,10.3,-1.83697e-16,-1,20,-0.707107,-0.707107,0.382683,-0.92388,6,4,53,25,1015.7,1013.6,0,1,15.1,22.6,0
-0.755493,-0.655156,9.1,22.5,0,4,10.8,-0.382683,0.92388,22,-0.382683,-0.92388,0.382683,0.92388,7,11,59,48,1023.2,1020.4,1,3,15.9,21.1,0
-0.744104,-0.668064,11,22.4,0,4,7.3,-0.382683,-0.92388,20,-0.707107,-0.707107,0.382683,0.92388,4,7,78,54,1025.1,1021.4,5,6,14.5,19.3,0
-0.732494,-0.680773,9.5,22.5,2.2,3.8,10.4,0.707107,0.707107,19,-0.707107,-0.707107,0.707107,0.707107,6,7,74,45,1024.2,1019.5,1,3,14.4,20.9,1
-0.720667,-0.693281,10.5,23.6,0,4,10.5,6.12323e-17,1,24,-0.707107,-0.707107,0.382683,0.92388,7,9,67,54,1021.6,1017.5,2,3,16.2,21.1,0
-0.708627,-0.705584,11.4,21.8,0,4,4.9,0.382683,0.92388,22,-0.707107,-0.707107,0.707107,0.707107,4,6,70,60,1020.5,1017.8,3,6,16.3,19.1,0
-0.696376,-0.717677,13.8,21.8,0,3.4,5.6,-1.83697e-16,-1,43,0.707107,0.707107,-1.83697e-16,-1,4,17,81,34,1015,1012.3,6,1,16.2,21.3,0
-0.683919,-0.729558,6,21.4,0,4.6,10.8,-1.83697e-16,-1,33,-0.382683,-0.92388,-0.382683,-0.92388,9,11,42,33,1017.9,1014.6,1,2,16.1,21.1,0
-0.67126,-0.741222,8.7,22.2,0,5.2,7.8,-1,1.22465e-16,26,-0.707107,-0.707107,-1,1.22465e-16,7,9,55,50,1021.6,1018.8,1,7,15.4,20,0
-0.658402,-0.752667,12.1,21.5,3,4.4,1.9,-0.707107,0.707107,37,-0.92388,-0.382683,-0.707107,0.707107,6,17,89,51,1026.4,1024.2,8,7,13.2,19.9,1
-0.645348,-0.763889,12.4,21.2,8,5.8,8.3,-0.707107,0.707107,48,-0.707107,-0.707107,-0.92388,0.382683,6,20,70,49,1028.2,1026.1,6,5,16,20.3,1
-0.632103,-0.774884,13.9,21.6,15.2,3.2,6.6,-0.382683,0.92388,44,-0.707107,-0.707107,-0.382683,0.92388,4,11,88,74,1026.9,1024.2,3,5,17,20,1
-0.618671,-0.78565,13.4,22.3,6.8,3.6,5.2,-0.92388,0.382683,35,-0.92388,-0.382683,-0.707107,0.707107,6,15,66,55,1025.7,1022.7,7,7,17.8,20.6,1
-0.605056,-0.796183,14.2,23,0,4,6.1,-0.92388,0.382683,24,-0.707107,-0.707107,-0.382683,0.92388,7,9,61,64,1025,1022.4,7,4,19,21.2,0
-0.591261,-0.80648,13.2,22.1,0,4,5.2,6.12323e-17,1,20,-0.707107,-0.707107,6.12323e-17,1,6,13,69,65,1025.2,1021.7,1,7,19.3,21.6,0
-0.577292,-0.816538,16.1,20.3,5.2,4,0,0.707107,0.707107,22,6.12323e-17,1,0.382683,0.92388,7,7,94,93,1021.9,1015.7,8,8,17.9,18.9,1
-0.563151,-0.826354,15.4,24.9,23.6,2,8.4,-1.83697e-16,-1,20,-0.382683,-0.92388,0.382683,0.92388,7,6,69,56,1019.7,1016.5,5,4,19.4,22.5,1
-0.548843,-0.835925,13.7,25.4,0,2.6,10.2,6.12323e-17,1,19,-0.707107,-0.707107,0.707107,0.707107,4,7,73,54,1020.7,1017.3,1,3,19,24.2,0
-0.534373,-0.845249,15.9,22.5,0,3.6,2.8,0.707107,0.707107,28,-1.83697e-16,-1,0.382683,0.92388,2,7,76,62,1020.8,1017,7,7,17.8,21.2,0
-0.519744,-0.854322,12.5,24.2,12.8,2.8,10.9,6.12323e-17,1,20,-0.707107,-0.707107,0.382683,0.92388,7,9,80,52,1022.7,1019.4,1,1,16.1,22.3,1
-0.504961,-0.863142,12.8,23.9,0,3.6,10.8,6.12323e-17,1,22,-0.92388,-0.382683,0.707107,0.707107,2,9,69,45,1024,1019.8,1,2,18.4,22.8,0
-0.490029,-0.871706,13.1,23.8,0,3.6,9.9,-0.382683,0.92388,31,-0.92388,-0.382683,-0.382683,0.92388,4,13,69,54,1025.1,1022.9,1,5,19.4,20.6,0
-0.474951,-0.880012,11.8,22.1,0,5.6,9.2,-0.707107,0.707107,30,-0.92388,-0.382683,-0.382683,0.92388,6,11,58,40,1029.2,1026,3,6,18.3,21.4,0
-0.459733,-0.888057,12.6,21.6,0,5.8,8.3,-0.707107,0.707107,24,-0.92388,-0.382683,6.12323e-17,1,4,11,57,53,1029,1025.7,6,3,17.8,20.2,0
-0.444378,-0.895839,13.4,22.5,0.4,3.8,9.2,6.12323e-17,1,33,-0.92388,-0.382683,6.12323e-17,1,4,15,72,42,1028.5,1024.6,3,2,18.7,21.4,0
-0.428892,-0.903356,12.2,23.5,0.2,5,10,0.382683,0.92388,22,-0.382683,-0.92388,6.12323e-17,1,4,11,62,56,1024.6,1019.9,4,4,18.5,21.7,0
-0.413279,-0.910605,12.6,25.3,0,3.4,10.6,0.382683,0.92388,22,-0.707107,-0.707107,0.707107,0.707107,7,9,73,43,1020.8,1017.4,1,1,18.8,24.2,0
-0.397543,-0.917584,12.7,25.2,0,4.8,11,0.382683,0.92388,26,-1.83697e-16,-1,0.707107,0.707107,4,11,65,44,1020.6,1016.2,1,8,19.8,24,0
-0.381689,-0.924291,15.2,22.7,0,5,2,0.382683,-0.92388,37,1,0,-0.707107,-0.707107,7,7,67,80,1012.6,1008.4,6,7,19.7,14.5,0
-0.365723,-0.930724,10.7,19.6,14.6,4.2,11.2,-1.83697e-16,-1,46,-1.83697e-16,-1,-1.83697e-16,-1,19,22,50,28,1013.4,1010.1,1,1,13.8,19,1
-0.349647,-0.936881,7,22.9,0,9.2,11.2,-0.382683,-0.92388,31,-1.83697e-16,-1,-1.83697e-16,-1,13,13,42,27,1017.2,1012.8,0,1,15.8,22.6,0
-0.333469,-0.942761,8.8,21.6,0,7.4,8.3,0.382683,0.92388,26,-0.92388,-0.382683,0.707107,0.707107,6,6,42,38,1021,1020,1,7,17.7,19,0
-0.317191,-0.948362,11.4,22.2,0,4.6,9.6,6.12323e-17,1,24,-1,1.22465e-16,0.382683,0.92388,6,9,55,52,1027.8,1024.5,3,2,18.4,20.2,0
-0.30082,-0.953681,9.7,26.2,0,4.8,10.8,0.382683,-0.92388,24,-0.92388,-0.382683,0.92388,0.382683,4,7,59,36,1027.1,1021.5,0,0,18.7,24.9,0
-0.284359,-0.958718,10.2,27.7,0,6,11.3,0.707107,0.707107,20,-0.707107,-0.707107,0.382683,0.92388,6,9,49,21,1024.2,1019.4,0,1,18.9,25.8,0
-0.267814,-0.963471,10.3,29.4,0,5.4,11.3,-1.83697e-16,-1,20,-0.707107,-0.707107,0.707107,0.707107,2,6,43,21,1021.4,1016.2,0,1,20.2,28.5,0
-0.25119,-0.967938,11.2,31.6,0,5.6,11,0.92388,0.382683,17,-0.707107,-0.707107,0.92388,0.382683,2,7,44,23,1019.8,1016.1,0,0,21.7,30.5,0
-0.234491,-0.972118,13.9,32.3,0,5.8,10.6,0.707107,0.707107,19,-0.382683,-0.92388,0.707107,0.707107,4,7,47,25,1021.1,1017.2,0,0,21.7,30.2,0
-0.217723,-0.976011,13.9,30.6,0,5.2,10.6,0.382683,0.92388,24,-0.92388,-0.382683,0.382683,0.92388,4,11,48,28,1021.2,1016.6,0,0,21.8,28.4,0
-0.200891,-0.979614,13.6,26.3,0,4.4,10.3,0.92388,0.382683,31,0.382683,0.92388,0.707107,0.707107,4,9,55,57,1018.1,1012.7,0,8,21.9,23.9,0
-0.183998,-0.982927,15.8,25.1,0,5,11.2,6.12323e-17,1,31,-0.707107,0.707107,6.12323e-17,1,15,15,56,46,1019.2,1017.1,2,1,22.5,23.6,0
-0.167052,-0.985948,14.2,24.7,0,7.2,11,-0.382683,0.92388,26,-0.382683,0.92388,0.382683,0.92388,6,13,55,45,1024.7,1021.3,3,1,21.9,23.3,0
-0.150055,-0.988678,12.3,25.7,0,6.2,10.7,0.382683,0.92388,22,-1.83697e-16,-1,0.707107,0.707107,4,9,58,51,1022.8,1017.8,1,1,20.5,24.3,0
-0.133015,-0.991114,14.8,26.4,0,5.2,9.9,1,0,24,0.382683,-0.92388,0.92388,0.382683,2,9,65,52,1020.2,1016,7,2,21,24.9,0
-0.115935,-0.993257,17.5,26.1,0.2,6.4,9.4,0.707107,0.707107,28,0.707107,-0.707107,0.707107,0.707107,11,13,62,66,1015.4,1009,4,5,22.3,23.1,0
-0.0988201,-0.995105,13.5,23.8,0,4.8,8.2,-0.707107,0.707107,28,-0.92388,-0.382683,-0.707107,0.707107,6,9,53,55,1017.4,1015.6,2,7,20.6,21.6,0
-0.0816764,-0.996659,13.1,23.3,0,4.8,11.2,6.12323e-17,1,24,-1,1.22465e-16,-0.382683,0.92388,6,11,54,47,1021.7,1018.2,1,2,20.8,22.3,0
-0.0645084,-0.997917,12.4,22.6,0,5.8,3.1,0.707107,0.707107,19,-0.382683,-0.92388,0.382683,0.92388,2,6,57,54,1020,1016.5,7,7,20,21.1,0
-0.0473214,-0.99888,16.9,22.1,0,4,3.1,0.92388,-0.382683,28,1,0,0.92388,-0.382683,4,9,69,66,1013.2,1006.7,8,2,18.5,21.4,0
-0.0301203,-0.999546,9.9,26.3,3.2,3.8,11.6,0.382683,-0.92388,39,-0.382683,-0.92388,-1.83697e-16,-1,15,15,30,21,1011,1006.2,0,0,20.9,25.4,1
-0.0129103,-0.999917,12,27.4,0,8,9.4,-1.83697e-16,-1,44,-0.382683,-0.92388,-0.382683,-0.92388,6,15,55,23,1006,1001.9,1,3,18.9,25.5,0
0.00430354,-0.999991,12.4,22.5,0,9.4,11.5,-1.83697e-16,-1,48,-0.382683,-0.92388,-0.382683,-0.92388,15,20,40,30,1010.5,1009,1,5,17.9,20.8,0
0.0215161,-0.999769,13.3,22.6,0,9.6,6,-0.92388,0.382683,28,-1,1.22465e-16,0.707107,0.707107,9,4,50,72,1018.1,1016.5,2,7,20,17.9,0
0.0387223,-0.99925,10.6,24.7,6,5.2,11.4,-0.92388,0.382683,28,-0.382683,-0.92388,0.382683,0.92388,6,13,53,44,1022,1018.1,0,1,18.3,22.1,1
0.055917,-0.998435,12.2,22.6,0.2,5.8,7.3,6.12323e-17,1,19,-0.92388,0.382683,6.12323e-17,1,6,6,56,52,1021.9,1017.4,7,7,19.6,21.1,0
0.0902516,-0.995919,15.9,26.3,5.4,2.4,8.4,-1.83697e-16,-1,20,-0.707107,-0.707107,1,0,4,6,68,51,1014,1009.3,4,3,21.3,25.6,1
0.107381,-0.994218,15.5,24.7,14.6,6.4,3.6,-0.382683,-0.92388,43,-0.382683,-0.92388,0.382683,-0.92388,13,9,93,46,1011.6,1005.9,8,7,15.6,23.6,1
0.124479,-0.992222,12.7,29.1,1.4,1.4,11.1,-1.83697e-16,-1,33,-1,1.22465e-16,-1.83697e-16,-1,4,9,53,29,1010.9,1005.6,1,7,23.1,28.3,1
0.14154,-0.989932,14.8,25.8,0,5.4,5.1,-1.83697e-16,-1,19,-0.707107,-0.707107,-0.707107,-0.707107,6,6,67,39,1012,1008.4,7,4,18.5,25.1,0
0.158559,-0.987349,14.2,27.7,0,3.8,11.8,0.707107,0.707107,28,1,0,1,0,2,7,52,44,1012.8,1008.3,2,2,23.4,26,0
0.175531,-0.984474,15.7,27.6,0,5.8,10.9,0.382683,0.92388,24,-0.707107,0.707107,0.382683,0.92388,6,13,65,59,1015.2,1012.1,5,1,22.9,25.5,0
0.192452,-0.981306,18.5,27.3,0,4,6.8,6.12323e-17,1,30,6.12323e-17,1,0.707107,0.707107,9,13,69,63,1019.2,1016.1,7,7,24.1,25.1,0
0.209315,-0.977848,17.1,26.9,30.8,8.6,7.8,6.12323e-17,1,24,-1,1.22465e-16,6.12323e-17,1,2,13,78,62,1017.8,1013.1,7,2,21.4,25.7,1
0.226116,-0.9741,19.4,27.5,13.8,4.4,5.8,-1,1.22465e-16,28,-0.92388,-0.382683,0.382683,0.92388,4,9,83,68,1009.3,1004.8,8,1,22.1,25,1
0.24285,-0.970064,15.2,29.3,6.2,5.6,12,0.382683,0.92388,20,-0.382683,-0.92388,0.382683,0.92388,4,11,64,49,1014.2,1013.2,0,1,23.5,26.9,1
0.259512,-0.96574,19.7,22.5,0.6,4.2,1,-0.92388,0.382683,54,-0.707107,0.707107,-0.707107,0.707107,13,17,74,63,1025.9,1026.5,7,7,21.3,20.3,0
0.276097,-0.96113,16.9,23.8,0.4,5.8,9,-0.707107,0.707107,33,-0.382683,0.92388,-0.382683,0.92388,15,19,42,47,1031,1028.5,5,6,21.4,22.5,0
0.2926,-0.956235,15.9,23.2,0,7.8,8.8,6.12323e-17,1,31,-0.92388,0.382683,6.12323e-17,1,7,15,65,48,1029.9,1026.4,7,7,20.6,22.4,0
0.309017,-0.951057,15.3,24,0,6.4,5.7,6.12323e-17,1,26,6.12323e-17,1,6.12323e-17,1,7,13,52,50,1028.3,1024.7,7,6,21.6,23.2,0
0.325342,-0.945596,16.1,25.6,0,4,10.4,6.12323e-17,1,30,-0.382683,0.92388,6.12323e-17,1,11,13,59,51,1025.8,1022.5,7,5,22.2,24.1,0
0.341571,-0.939856,15.6,25.2,0,6,7.9,0.382683,0.92388,30,-0.382683,0.92388,6.12323e-17,1,6,17,63,63,1024.5,1022.2,7,6,22.3,22.8,0
0.357698,-0.933837,15.3,25.1,0,6,12,6.12323e-17,1,28,6.12323e-17,1,0.382683,0.92388,7,11,56,53,1023.8,1020.8,4,2,22.7,24,0
0.37372,-0.927542,14.4,26.4,0,5.2,11.5,6.12323e-17,1,24,-0.382683,-0.92388,0.707107,0.707107,4,9,60,47,1019.9,1015.3,5,7,23,25.6,0
0.38963,-0.920971,16.2,28.3,0,5.8,11.1,0.92388,0.382683,28,6.12323e-17,1,0.92388,0.382683,2,11,58,58,1015.5,1011.5,2,6,25.1,26.4,0
0.405426,-0.914128,20.3,27.4,0,6.2,7.1,6.12323e-17,1,30,-0.92388,0.382683,6.12323e-17,1,6,11,69,62,1015.8,1013.4,7,2,24.3,25.5,0
0.421101,-0.907014,16.8,25.7,6.2,7.2,6.1,-0.92388,0.382683,35,-1,1.22465e-16,-0.707107,0.707107,6,15,68,67,1018,1015.9,5,5,23.6,23.3,1
0.436651,-0.899631,19.3,23.9,0,5.6,0.8,-0.707107,0.707107,22,-0.382683,0.92388,6.12323e-17,1,11,9,62,62,1019,1016.2,6,7,23,23.3,0
0.452072,-0.891981,19.8,26.4,0,4.8,5.7,0.382683,0.92388,19,0.92388,-0.382683,0.707107,0.707107,4,7,62,60,1016.2,1013.1,8,2,22.6,24.9,0
0.467359,-0.884068,18.2,27.8,0,4,7.3,-0.707107,0.707107,26,0.707107,-0.707107,0.92388,0.382683,2,9,66,60,1014.1,1010.3,6,6,24.6,27.3,0
0.482508,-0.875892,20.3,25.6,28.4,5,1.5,-0.707107,0.707107,39,-0.707107,0.707107,-0.707107,0.707107,17,15,71,60,1015.7,1014.9,8,7,22.9,23.2,1
0.497513,-0.867456,18.1,24.9,0,7.2,8.9,-1,1.22465e-16,24,-0.92388,0.382683,6.12323e-17,1,9,7,58,51,1018.7,1014.4,6,6,22.2,24.1,0
0.512371,-0.858764,18.1,28,0,5,12,0.382683,0.92388,26,0.92388,0.382683,0.92388,0.382683,6,7,58,55,1014,1008.9,4,3,24.2,27,0
0.527078,-0.849817,17.1,28.2,0,6.2,12.3,-0.707107,0.707107,30,-1,1.22465e-16,0.382683,0.92388,4,13,54,62,1010.8,1007.6,1,1,26,26.4,0
0.541628,-0.840618,20.4,26.9,0,6.6,9.8,6.12323e-17,1,30,-0.382683,0.92388,0.382683,0.92388,13,17,57,54,1016.4,1014.7,3,2,24.2,25.5,0
0.556017,-0.831171,18.6,25.2,0,9.4,7,6.12323e-17,1,20,-0.382683,0.92388,0.382683,0.92388,7,9,64,49,1020.3,1017.5,7,7,23,24.5,0
0.570242,-0.821477,16.1,26.5,0,5.2,9.9,0.707107,0.707107,28,0.707107,0.707107,0.707107,0.707107,6,11,55,49,1018.2,1014.8,3,6,23.1,24.9,0
0.584298,-0.811539,15.8,27,0,9.2,12,0.707107,0.707107,26,0.92388,0.382683,0.92388,0.382683,7,9,52,53,1018.5,1015.4,1,1,25.5,26,0
0.598181,-0.801361,18,27.6,0,7.4,13.1,0.92388,0.382683,28,0.707107,-0.707107,0.707107,0.707107,9,11,53,46,1019.7,1016.1,2,1,24.3,26.7,0
0.611886,-0.790946,18,28.4,0,7.8,12.4,0.707107,0.707107,28,0.92388,-0.382683,0.707107,0.707107,7,11,55,56,1019.6,1016,2,1,25.8,26.9,0
0.625411,-0.780296,18.1,29.9,0,8,12.2,0.92388,0.382683,28,1,0,0.707107,0.707107,6,11,48,55,1017.5,1014,1,2,26.8,28,0
0.638749,-0.769415,21.6,29.3,0,8.6,9.7,6.12323e-17,1,28,0.382683,0.92388,0.382683,0.92388,7,15,66,54,1020,1017.9,7,1,25.5,27.9,0
0.651899,-0.758306,21.4,28.2,0,8.2,12.5,6.12323e-17,1,22,0.707107,0.707107,0.382683,0.92388,7,7,56,47,1019.2,1016.3,4,1,25.8,27.2,0
0.664855,-0.746972,20.5,28.5,0,7.6,11,0.707107,0.707107,30,1,0,0.707107,0.707107,6,11,56,55,1017.7,1013.7,6,7,25.8,26.8,0
0.677615,-0.735417,22.1,29.9,0,8,12.2,0.382683,0.92388,30,0.92388,0.382683,0.707107,0.707107,9,13,51,58,1016.5,1013.3,2,1,27.1,27.3,0
0.690173,-0.723644,19.4,32.4,0,9,12.2,0.382683,0.92388,22,1,0,0.92388,0.382683,4,11,51,52,1017.3,1014.6,0,1,27.9,29.6,0
0.702527,-0.711657,21.9,30.4,0,8,10.5,0.92388,0.382683,26,0.92388,-0.382683,0.707107,0.707107,6,13,50,45,1018.7,1015.5,1,3,28.6,28.3,0
0.714673,-0.699458,21.8,28.9,0,8.4,6.5,0.382683,0.92388,20,0.382683,0.92388,0.92388,0.382683,9,7,53,52,1019.1,1015.8,6,7,26.8,27.7,0
0.726608,-0.687053,20.8,28.5,0,6.2,3.8,0.707107,0.707107,22,0.92388,0.382683,0.707107,0.707107,6,7,60,52,1018.8,1015.5,6,5,25.9,27,0
0.738326,-0.674444,18.7,28.6,0,7,12.5,0.382683,0.92388,24,0.382683,0.92388,0.382683,0.92388,7,11,54,50,1019.1,1016.2,3,1,26.4,26.9,0
0.749826,-0.661635,19,29.6,0,9.4,12.4,0.92388,0.382683,30,0.707107,0.707107,0.92388,0.382683,9,13,54,53,1018.1,1013.3,2,1,26.4,27.8,0
0.761104,-0.64863,19.5,29.9,0,11.4,12.5,6.12323e-17,1,28,0.707107,-0.707107,0.92388,0.382683,6,9,50,39,1016.1,1013.2,2,1,27.4,28.8,0
0.772157,-0.635432,19.7,29,0,11.2,9.2,0.707107,0.707107,39,0.707107,0.707107,0.707107,0.707107,9,15,55,57,1015.3,1011.1,7,7,25.9,27.5,0
0.78298,-0.622047,22.4,30.9,0,10,7.1,0.707107,0.707107,28,1,0,0.707107,0.707107,6,13,59,69,1014.1,1011.6,7,6,28.2,27.9,0
0.793572,-0.608477,20.4,24.8,1.6,6.8,0,-0.707107,-0.707107,17,-0.92388,-0.382683,-1,1.22465e-16,4,4,90,80,1018.6,1016.4,7,7,20.9,24.1,1
0.814046,-0.5808,22.8,29.5,0.6,7.6,5.9,1,0,28,1,0,0.92388,0.382683,9,9,55,70,1013.9,1010.9,6,7,27.7,26.2,0
0.823923,-0.566702,20.9,33.9,3.2,7.2,12.6,0.707107,0.707107,24,-0.92388,-0.382683,0.382683,0.92388,4,13,60,56,1012.3,1009.5,1,2,27.7,29.9,1
0.852078,-0.523416,20.8,29,0,9.4,7.5,0.382683,0.92388,26,0.382683,0.92388,0.382683,0.92388,7,9,57,61,1016.4,1012.6,7,4,27.4,27.9,0
0.860961,-0.508671,21.9,28.3,0,6.2,0.9,-0.707107,0.707107,35,-0.382683,-0.92388,-0.707107,0.707107,6,11,65,71,1011.7,1010.6,7,7,27.4,23.5,0
0.869589,-0.493776,16.7,24.9,13,5,2.3,-0.92388,0.382683,33,-0.92388,-0.382683,-0.707107,0.707107,7,13,58,57,1015.3,1014.2,7,7,22.8,23.6,1
0.87796,-0.478734,15.8,27.1,0,7,12.2,6.12323e-17,1,30,-0.707107,0.707107,6.12323e-17,1,13,13,49,44,1017.8,1014.9,3,2,24,25.3,0
0.886071,-0.46355,16.4,27.9,0,9.8,8.7,6.12323e-17,1,22,0.382683,0.92388,0.707107,0.707107,4,9,58,54,1015.6,1011.2,7,7,24.5,26,0
0.893919,-0.448229,19.4,25.6,0,6.8,2.4,-0.382683,0.92388,37,-0.92388,0.382683,-0.382683,0.92388,11,15,64,58,1015.3,1013.4,7,7,23.2,23.3,0
0.901502,-0.432776,17.9,23.6,0,8.6,0,-0.92388,0.382683,33,-0.92388,0.382683,-0.707107,0.707107,15,15,55,57,1015.5,1013.2,7,7,22.1,21.7,0
0.908818,-0.417194,16.8,19.9,5.8,12.2,0,-0.707107,0.707107,20,-1,1.22465e-16,6.12323e-17,1,7,7,93,93,1011.2,1009.5,8,8,17.3,18,1
0.915864,-0.401488,17.3,25.4,36,2.8,1.7,-0.707107,0.707107,37,-0.92388,-0.382683,-0.707107,0.707107,6,17,96,69,1008.8,1007.8,8,7,19.6,23,1
0.92264,-0.385663,16.9,27.5,2.4,3.8,10.8,6.12323e-17,1,24,-0.92388,0.382683,6.12323e-17,1,9,11,58,62,1012.5,1010.5,4,7,24.9,25.4,1
0.929141,-0.369725,18.7,26.9,19.4,4.8,2.2,0.707107,0.707107,20,-0.92388,-0.382683,0.707107,0.707107,2,9,91,82,1011.6,1006.6,7,6,20.7,23,1
0.935368,-0.353676,18.5,30.4,1.6,5,6.8,-0.382683,-0.92388,30,-0.707107,0.707107,0.382683,-0.92388,4,4,72,88,1005.5,1004.1,2,7,26.8,24.6,1
0.941317,-0.337523,21.3,32.9,10,3.2,10.2,-1.83697e-16,-1,33,-0.92388,-0.382683,-1.83697e-16,-1,4,15,74,41,1002.2,999.1,6,4,27.2,32.4,1
0.946988,-0.32127,18.4,31.1,0,5.2,11.1,0.382683,0.92388,28,0.92388,-0.382683,0.382683,0.92388,4,15,54,66,1006,1005,1,3,26.1,27.2,0
0.952378,-0.304921,19.2,28.4,2,8.2,10.6,6.12323e-17,1,31,-0.92388,0.382683,6.12323e-17,1,4,17,67,62,1013,1011.1,4,5,26.1,26.4,1
0.957485,-0.288482,18.5,24.6,1.2,7.2,0,-0.707107,0.707107,26,6.12323e-17,1,-0.382683,0.92388,7,15,83,71,1017,1015.1,8,8,21.5,22.2,1
0.962309,-0.271958,19.6,25.7,0.2,2,2.4,-0.707107,0.707107,30,-0.382683,0.92388,-0.382683,0.92388,11,17,55,55,1018.2,1017.3,8,6,23.8,23.4,0
0.966848,-0.255353,17.3,27.1,0,6.6,10.9,0.382683,0.92388,35,-0.707107,0.707107,-0.382683,0.92388,11,19,52,50,1019.8,1017.6,5,4,24.2,24.9,0
0.9711,-0.238673,16.8,25.5,0,9.2,2.1,6.12323e-17,1,24,-0.707107,0.707107,0.382683,0.92388,7,9,60,54,1018.6,1016,7,8,24.4,24.3,0
0.975065,-0.221922,17.6,27,0,5.8,6,0.382683,0.92388,28,0.92388,0.382683,0.707107,0.707107,6,11,61,54,1015.3,1011.9,7,7,23.8,25.9,0
0.97874,-0.205104,19.1,29.1,0,7,12.2,0.92388,0.382683,26,0.707107,-0.707107,0.92388,0.382683,6,9,54,51,1013.2,1011.4,6,4,26,27.3,0
0.982126,-0.188227,21.7,27.9,0,7.2,9.3,0.382683,0.92388,24,-1.83697e-16,-1,0.382683,0.92388,2,15,76,56,1015.2,1013,5,3,24.3,26.3,0
0.98522,-0.171293,19,28.2,3.4,7.8,10.9,6.12323e-17,1,33,-0.382683,0.92388,6.12323e-17,1,13,15,61,52,1014.9,1012.9,6,7,26.1,26.9,1
0.988023,-0.154309,20.6,27.6,0.4,7.4,0.9,-0.707107,0.707107,33,-0.707107,0.707107,-0.707107,0.707107,15,13,66,86,1011,1009.4,7,8,25.9,22.7,0
0.990532,-0.137279,20.4,27.6,29.6,3.6,4.2,-0.707107,0.707107,37,-0.707107,0.707107,-0.382683,0.92388,13,17,87,62,1009.1,1007.5,8,7,23.9,26.4,1
0.992749,-0.120208,19.4,28.9,1.8,6.6,12.3,-0.707107,0.707107,37,-0.707107,0.707107,-0.382683,0.92388,11,19,62,52,1008.6,1006.4,3,1,25.7,27.5,1
0.994671,-0.103102,18.7,31.5,0,10.4,13.1,0.382683,0.92388,26,-0.382683,-0.92388,6.12323e-17,1,9,13,55,50,1007.5,1003.9,1,1,25.6,29.1,0
0.996298,-0.0859648,21.4,32.5,0,7.4,4.5,-0.707107,0.707107,43,-0.382683,-0.92388,6.12323e-17,1,4,4,67,48,1004.6,1001.1,7,6,26.6,31.7,0
0.99763,-0.0688024,18.5,28.9,5.4,3.2,11,-0.92388,0.382683,24,-0.92388,-0.382683,-0.707107,0.707107,7,4,56,56,1008.1,1006,2,6,26,27.4,1
0.998667,-0.0516197,19.7,28.1,0,2.4,7.8,6.12323e-17,1,30,-0.92388,-0.382683,-0.382683,0.92388,4,9,57,56,1010.4,1009.3,7,7,24.6,26.8,0
0.999407,-0.0344216,20.2,28.4,0,7.4,5.3,-0.707107,0.707107,43,-1,1.22465e-16,-0.382683,0.92388,6,19,56,61,1014.5,1013.1,6,6,24.6,25.5,0
0.999852,-0.0172134,18.8,25.9,0.2,6.2,5.5,-0.707107,0.707107,33,-0.92388,0.382683,-0.92388,0.382683,11,13,58,59,1016.5,1014.7,6,7,25.1,24.5,0
1,0,18,27.9,2.4,5.6,13.1,6.12323e-17,1,33,-0.92388,0.382683,-0.382683,0.92388,9,15,55,46,1016.4,1013.9,4,3,25.1,26.9,1
0.999852,0.0172134,17.8,28.4,0,8,13,6.12323e-17,1,28,-0.92388,0.382683,6.12323e-17,1,7,11,53,45,1018,1015.7,2,2,25.8,27.2,0
0.998667,0.0516197,17.4,28.8,0,7.6,12.7,0.92388,0.382683,28,-0.382683,0.92388,0.707107,0.707107,2,9,52,48,1017.4,1013,2,2,25.3,28.3,0
0.99763,0.0688024,19.8,27.7,0,7.8,6.6,0.382683,0.92388,26,0.382683,0.92388,0.707107,0.707107,2,11,68,59,1015.5,1013.2,7,3,26.3,26.2,0
0.996298,0.0859648,18.6,31.3,0,7.2,8.3,0.707107,0.707107,22,-0.707107,-0.707107,0.382683,0.92388,4,11,62,54,1012.2,1009.5,7,2,25.5,29.1,0
0.994671,0.103102,21.4,28.2,0,7,5.8,6.12323e-17,1,20,-0.382683,0.92388,6.12323e-17,1,4,9,75,65,1014.9,1012.7,7,5,24.2,27,0
0.992749,0.120208,23.4,30.5,0,6.4,11.6,0.382683,0.92388,26,0.92388,-0.382683,0.92388,0.382683,6,11,65,62,1013.1,1009.1,2,1,26.9,28.9,0
0.990532,0.137279,22.8,33.8,0,8,12.7,0.382683,0.92388,24,0.707107,-0.707107,0.382683,0.92388,6,11,54,57,1007.8,1003.5,2,2,29.7,33,0
0.988023,0.154309,24.6,32.9,0,9,10.6,6.12323e-17,1,28,-1,1.22465e-16,6.12323e-17,1,4,15,71,56,1008.7,1005.5,6,1,28.6,30.4,0
0.98522,0.171293,23.2,37.1,0,7.6,11.9,-1.83697e-16,-1,33,-0.382683,-0.92388,-0.382683,-0.92388,9,11,37,16,1007.3,1003.1,7,5,31.5,36.3,0
0.982126,0.188227,20.9,28.6,0,12.4,9.6,-0.707107,0.707107,35,-0.707107,0.707107,6.12323e-17,1,7,17,46,49,1012.1,1011.4,4,5,27.2,25.8,0
0.97874,0.205104,20.8,28.1,0,10.6,9.7,6.12323e-17,1,28,6.12323e-17,1,0.382683,0.92388,6,11,55,53,1016.4,1013.6,5,5,24.8,25.9,0
0.975065,0.221922,19.1,27,0,8,3.1,0.382683,0.92388,26,0.382683,0.92388,0.382683,0.92388,6,13,61,57,1015.3,1012.5,7,7,24.6,25.8,0
0.9711,0.238673,19.7,26.3,2.4,7.2,2.8,0.382683,0.92388,37,-0.382683,0.92388,-0.707107,0.707107,11,6,64,63,1014.5,1013,7,7,25.1,25.1,1
0.966848,0.255353,18.8,25,44.4,3.6,0.2,-0.707107,0.707107,43,-0.382683,0.92388,-0.382683,0.92388,9,13,90,75,1016.5,1015,7,7,21.6,23.8,1
0.962309,0.271958,19.4,26.3,34.2,3.6,0,-0.707107,0.707107,26,6.12323e-17,1,-0.707107,0.707107,9,6,96,93,1016,1013.6,7,7,22.2,22.7,1
0.957485,0.288482,20,29.4,5.4,1.6,7.5,6.12323e-17,1,20,-0.382683,-0.92388,0.382683,0.92388,6,11,72,70,1012.7,1010.7,2,7,26.2,27.6,1
0.952378,0.304921,20.7,30.9,0,5,12.3,-0.382683,0.92388,31,-0.707107,0.707107,-0.382683,0.92388,7,17,65,62,1013.9,1011.7,3,2,27.5,29.1,0
0.946988,0.32127,20.6,30.3,0,10,8.8,-0.707107,0.707107,35,-0.92388,0.382683,-0.707107,0.707107,7,17,64,61,1013.7,1011.9,7,4,26.7,27.5,0
0.941317,0.337523,20,30.2,0,7.6,9.7,-0.382683,0.92388,35,-0.92388,0.382683,-0.707107,0.707107,7,15,56,63,1012.5,1010.3,3,7,27.1,27.3,0
0.935368,0.353676,21.1,29.6,0,8,9.7,0.382683,0.92388,37,-0.382683,0.92388,-0.382683,0.92388,13,11,58,56,1014.3,1012.3,7,7,26.9,28.1,0
0.929141,0.369725,21.1,27.5,0.6,6.6,0.5,-0.92388,0.382683,30,-0.382683,0.92388,-0.382683,0.92388,9,7,73,91,1013.6,1012.7,7,8,26.6,23.2,0
0.92264,0.385663,21.1,23.5,31.2,2.2,0,6.12323e-17,1,33,-0.382683,0.92388,-0.382683,0.92388,9,13,97,96,1012,1009.9,8,8,23,22.6,1
0.915864,0.401488,21.3,26.6,168.4,2.6,0.7,0.707107,0.707107,26,-1,1.22465e-16,0.707107,0.707107,2,6,98,88,1008.5,1005.8,8,8,23.3,24.6,1
0.901502,0.432776,23.2,25.4,8.6,3.2,0,-0.382683,0.92388,33,6.12323e-17,1,-0.382683,0.92388,2,13,95,97,1011.3,1009.3,8,8,24.2,24,1
0.886071,0.46355,21.8,26.3,18,4.6,0,6.12323e-17,1,30,-0.382683,0.92388,0.382683,0.92388,4,7,98,95,1010.2,1007.8,8,8,23.3,25,1
0.87796,0.478734,22.3,28.2,15.8,2.2,6.3,0.707107,0.707107,26,0.382683,0.92388,0.707107,0.707107,11,11,83,72,1009.4,1006.7,6,5,25.9,27.6,1
0.852078,0.523416,22.4,28.4,0.4,7,9.9,6.12323e-17,1,33,0.382683,0.92388,0.382683,0.92388,17,11,66,60,1006.2,1004.2,6,6,27.1,27.1,0
0.833556,0.552435,20.3,29.4,0.2,4.4,8.6,-0.382683,0.92388,22,-0.92388,0.382683,-0.707107,0.707107,6,9,61,55,1003.8,1001.5,2,6,26.9,28.1,0
0.823923,0.566702,19.9,31.7,0,5.8,11.1,6.12323e-17,1,24,-0.707107,-0.707107,0.382683,0.92388,4,9,63,54,1003.7,999.5,3,2,26.4,30.3,0
0.814046,0.5808,22.3,34,0,7,11.2,6.12323e-17,1,22,0.382683,-0.92388,6.12323e-17,1,4,15,68,62,1001.1,998.8,1,5,27.6,30.4,0
0.803928,0.594727,23.3,30.5,0,5,10.6,-0.382683,-0.92388,31,-0.707107,0.707107,0.382683,0.92388,6,9,65,65,1004.8,1002.2,4,2,28.6,29.1,0
0.78298,0.622047,19.9,30.5,32.2,6.4,12.1,-0.707107,0.707107,35,-0.92388,-0.382683,-0.707107,0.707107,7,17,68,59,1010.1,1008.1,3,4,26.5,27.6,1
0.772157,0.635432,19.8,29,0,6.4,12,6.12323e-17,1,24,-1,1.22465e-16,6.12323e-17,1,6,11,62,57,1012.4,1009.8,2,1,26,27.6,0
0.761104,0.64863,20,30.2,0,6.4,10.6,0.707107,0.707107,22,-0.707107,-0.707107,6.12323e-17,1,4,9,75,59,1012.4,1008.9,6,3,24.8,29.3,0
0.749826,0.661635,20.7,32.2,1.2,7.8,10,-0.707107,-0.707107,35,-0.707107,-0.707107,0.382683,0.92388,2,13,69,58,1014.3,1010.9,1,2,27.2,30.8,1
0.738326,0.674444,21,29.5,14.8,6.6,8.1,-0.707107,0.707107,35,0.707107,0.707107,0.382683,0.92388,4,13,73,65,1015.9,1013.1,3,5,27.2,28.5,1
0.726608,0.687053,20.9,29.3,1.6,6.4,10.9,6.12323e-17,1,33,-0.707107,0.707107,-0.382683,0.92388,9,17,64,63,1017.4,1015.2,1,3,26.6,27.6,1
0.714673,0.699458,19.9,29.7,0,7.8,11.6,-0.707107,0.707107,35,-0.707107,0.707107,-0.382683,0.92388,11,17,61,52,1018.5,1015.7,2,1,26.1,28.1,0
0.702527,0.711657,19.6,29.4,0,9.6,11.6,-0.707107,0.707107,31,-0.92388,0.382683,-0.382683,0.92388,9,13,60,53,1017.8,1015.4,2,2,26.5,28.1,0
0.690173,0.723644,20.1,29.9,0,9.2,11.9,-0.382683,0.92388,35,-0.92388,-0.382683,-0.382683,0.92388,7,13,64,55,1016.9,1014.2,2,3,26.2,28.4,0
0.677615,0.735417,20.1,29.7,0,8.6,8.7,6.12323e-17,1,26,-1,1.22465e-16,0.382683,0.92388,7,11,65,61,1016.9,1014.3,4,5,26.4,29.1,0
0.664855,0.746972,21.5,31.3,0,5.6,8.9,0.382683,0.92388,22,-1,1.22465e-16,0.382683,0.92388,4,11,68,61,1017.3,1013.4,4,3,27.4,30.3,0
0.651899,0.758306,21.9,32.4,0,6,11.2,0.707107,0.707107,22,-1.83697e-16,-1,0.92388,0.382683,4,7,75,59,1013.9,1009.6,6,6,26.5,30,0
0.638749,0.769415,22.6,31.2,20,7,5.3,-0.382683,0.92388,26,1,0,0.707107,0.707107,6,6,83,77,1009.4,1006.3,7,7,26.1,27.8,1
0.625411,0.780296,22.9,29.5,0.2,5.4,9.5,-0.382683,0.92388,33,-0.92388,0.382683,6.12323e-17,1,11,15,64,62,1013.7,1011.9,2,7,26.5,27.5,0
0.611886,0.790946,21.1,23.5,5.2,6.4,0,-0.707107,0.707107,19,-0.707107,-0.707107,-0.92388,0.382683,2,9,87,94,1018.5,1018.3,8,8,22.9,21.6,1
0.598181,0.801361,20.1,27.1,10.4,5,0,-0.92388,0.382683,24,-0.707107,0.707107,-0.382683,0.92388,6,9,92,94,1020.1,1018.6,8,8,21.4,22.3,1
0.584298,0.811539,20.7,28.9,58.4,3,5.7,6.12323e-17,1,39,6.12323e-17,1,6.12323e-17,1,13,17,84,79,1019.7,1017.9,7,7,27,26.4,1
0.570242,0.821477,22.3,29.2,14,3.8,6.2,6.12323e-17,1,28,-0.382683,0.92388,-0.382683,0.92388,9,11,74,71,1020.8,1017.8,5,6,26.5,26,1
0.541628,0.840618,21.1,29.7,0,7.2,11.6,0.382683,0.92388,26,6.12323e-17,1,0.382683,0.92388,15,9,64,58,1016.8,1014.8,2,3,27.1,28.6,0
0.512371,0.858764,20.6,31.2,0,6.6,10.8,0.707107,0.707107,24,-1.83697e-16,-1,0.707107,0.707107,4,11,68,57,1013,1009,7,7,26.8,29.7,0
0.497513,0.867456,19.5,32.1,0,8,11.2,0.382683,0.92388,20,-0.707107,-0.707107,0.707107,0.707107,4,7,61,50,1011,1008.5,6,1,27.4,31.4,0
0.482508,0.875892,22.7,28.1,0.8,6.8,6,6.12323e-17,1,28,-0.707107,0.707107,-0.382683,0.92388,9,7,78,88,1015.2,1013.5,7,7,26.6,26.9,0
0.467359,0.884068,21,30,16.4,4.4,4.5,6.12323e-17,1,28,-0.382683,0.92388,6.12323e-17,1,4,6,86,76,1015.5,1012.8,7,7,26.2,27.4,1
0.452072,0.891981,23.1,25.9,22.2,4.4,0,6.12323e-17,1,22,6.12323e-17,1,-0.382683,0.92388,9,11,98,91,1012.5,1009.9,8,8,23.9,24.7,1
0.436651,0.899631,21.6,26.1,7.6,2.6,2.9,-0.707107,0.707107,28,-0.92388,0.382683,-0.92388,0.382683,7,9,78,70,1012.7,1010.9,7,6,25.1,25,1
0.421101,0.907014,19.2,28.7,7.4,2.8,10.3,-0.707107,0.707107,30,-1,1.22465e-16,-0.382683,0.92388,7,9,66,53,1012,1008.1,1,5,24.4,27.2,1
0.405426,0.914128,18.3,29,0,7,9.6,6.12323e-17,1,20,-0.92388,-0.382683,0.382683,0.92388,4,9,63,62,1011.5,1007.8,4,4,24.2,26.6,0
0.38963,0.920971,19.9,31.7,0,7,11.7,-0.707107,-0.707107,24,-0.707107,-0.707107,-0.92388,-0.382683,7,6,68,32,1011.5,1008.3,1,1,25.1,30.7,0
0.37372,0.927542,16.9,31.4,0,4.6,11.5,6.12323e-17,1,20,-0.382683,-0.92388,0.382683,0.92388,7,7,50,50,1013.3,1011.4,1,2,24.7,29.4,0
0.341571,0.939856,20.3,27.6,0.2,4.6,8.6,6.12323e-17,1,31,-0.707107,0.707107,6.12323e-17,1,4,13,67,60,1018.7,1017.3,4,4,25.7,25.8,0
0.325342,0.945596,18.4,28.4,0,7,9.8,-0.707107,0.707107,39,-0.707107,0.707107,-0.382683,0.92388,9,17,61,50,1020.5,1017.7,5,6,25.8,27.6,0
0.2926,0.956235,20.5,27.3,8.2,2,2.8,0.707107,0.707107,26,-0.92388,0.382683,6.12323e-17,1,9,13,79,79,1016,1012.8,7,8,25.2,25.3,1
0.276097,0.96113,20.3,29.7,0.6,4.2,11.1,-0.707107,0.707107,26,-0.92388,0.382683,6.12323e-17,1,9,13,72,61,1014.1,1010.9,2,1,26.3,28,0
0.259512,0.96574,22.5,28.4,0.4,5.6,2.4,-1,1.22465e-16,31,-0.92388,-0.382683,6.12323e-17,1,4,11,82,79,1013.4,1010.5,7,8,26.8,25.7,0
0.24285,0.970064,20.1,26,22.2,4,0,-0.707107,0.707107,33,-0.92388,-0.382683,-0.707107,0.707107,4,13,88,68,1015.7,1013.6,8,7,23,25.2,1
0.226116,0.9741,18.4,28.1,0.2,4.4,6.3,-0.382683,0.92388,28,-0.92388,-0.382683,-0.92388,-0.382683,6,2,73,68,1016,1012.2,3,7,23.3,25.8,0
0.209315,0.977848,20.7,27.9,4.4,3.8,7.1,-0.707107,0.707107,37,-0.382683,0.92388,-0.382683,0.92388,13,15,84,65,1014,1010.7,5,4,24.5,27.1,1
0.192452,0.981306,19.4,28.3,3.4,5,2.6,-0.382683,0.92388,22,-0.382683,0.92388,-0.382683,0.92388,7,11,76,73,1009.4,1005.7,7,7,24.5,25.3,1
0.175531,0.984474,22.2,25.1,0.2,4,0,0.382683,0.92388,26,-0.382683,0.92388,-0.707107,0.707107,11,9,83,97,1006.8,1004.9,8,8,24.9,21.7,0
0.158559,0.987349,19.8,30.1,16,0.8,3.4,0.382683,-0.92388,19,-0.707107,-0.707107,-1.83697e-16,-1,4,4,93,66,1004.4,1001.8,7,5,21.7,29.2,1
0.14154,0.989932,18.5,27.9,0,4.2,9.2,-0.382683,0.92388,28,-0.707107,-0.707107,6.12323e-17,1,6,13,48,64,1010.9,1010.8,6,5,24.3,26.7,0
0.124479,0.992222,19,26.8,0,5.4,8.6,-0.707107,0.707107,33,-0.707107,0.707107,-0.382683,0.92388,11,15,60,60,1018.6,1017.8,6,3,24.6,24.4,0
0.107381,0.994218,17,26.5,0,8,10.8,6.12323e-17,1,28,-0.92388,0.382683,-0.382683,0.92388,6,13,64,52,1021.4,1019.2,2,1,24.4,25.4,0
0.0902516,0.995919,16.8,26.9,0,7,8,6.12323e-17,1,33,-1,1.22465e-16,-0.382683,0.92388,6,15,66,54,1021.6,1019,1,6,23.9,25.4,0
0.0730951,0.997325,18,27.2,0,5.2,9.2,-0.707107,0.707107,30,-0.707107,0.707107,-0.382683,0.92388,7,15,65,50,1020.4,1017,5,2,24.5,26.1,0
0.055917,0.998435,18,27.6,0,6.8,8.2,-0.92388,0.382683,30,-0.92388,-0.382683,-0.382683,0.92388,6,13,65,58,1018.4,1014.7,3,4,23.8,26.1,0
0.0387223,0.99925,18.1,28.2,0.2,5,9.5,6.12323e-17,1,30,-0.707107,-0.707107,6.12323e-17,1,4,13,69,65,1016.4,1013.6,1,3,24.6,25.8,0
0.0215161,0.999769,17.5,28.5,2,6.2,11,-0.707107,0.707107,30,-0.92388,-0.382683,-0.707107,0.707107,6,13,70,55,1016.8,1013.4,1,1,23.6,26.7,1
0.00430354,0.999991,17.6,28.7,0.2,6,8.2,-0.92388,0.382683,30,-0.382683,-0.92388,-0.92388,-0.382683,6,6,69,52,1016,1012.4,1,4,23.3,27.7,0
-0.0129103,0.999917,18,30.3,0,6.6,10.7,-0.707107,0.707107,20,-0.707107,-0.707107,-0.382683,-0.92388,7,6,65,42,1015.6,1011.9,1,3,23.8,29.8,0
-0.0301203,0.999546,18.3,30.5,0,5.2,10.4,-0.707107,0.707107,24,-0.92388,-0.382683,-1,1.22465e-16,6,6,66,39,1015.6,1012.2,1,2,23.9,29.8,0
-0.0473214,0.99888,17.7,28.8,0,5.2,10.5,0.382683,0.92388,24,-0.382683,-0.92388,-0.382683,0.92388,7,11,68,53,1016.8,1014,1,2,23.9,26.6,0
-0.0645084,0.997917,17.9,28.4,0,6.6,8.7,6.12323e-17,1,26,-0.707107,-0.707107,-0.382683,0.92388,4,11,70,53,1019.3,1016.1,2,2,23.5,26.1,0
-0.0816764,0.996659,17.7,27.4,0,8,10.6,6.12323e-17,1,26,-1,1.22465e-16,-0.382683,0.92388,6,13,63,58,1020,1016.4,5,4,23.5,24.7,0
-0.0988201,0.995105,16.1,29.3,0,6.4,10.6,0.382683,-0.92388,15,-0.92388,-0.382683,-0.707107,0.707107,4,6,68,45,1018.3,1014.3,1,1,22.6,28.2,0
-0.115935,0.993257,17.5,27.3,0,4.6,8.8,6.12323e-17,1,22,-0.92388,-0.382683,6.12323e-17,1,4,11,70,67,1020,1016.9,2,6,23.5,25.7,0
-0.133015,0.991114,17,30.5,0,4.8,10.7,0.707107,0.707107,20,-0.92388,-0.382683,0.707107,0.707107,4,6,80,59,1017.6,1013.1,1,1,22.4,28.6,0
-0.150055,0.988678,18.5,28.4,0,5.8,9.5,-0.382683,0.92388,35,-0.707107,-0.707107,6.12323e-17,1,6,17,62,57,1018,1016.7,4,2,22.9,23.6,0
-0.167052,0.985948,15.1,24.4,0,7.8,8.7,-0.382683,0.92388,31,-0.92388,-0.382683,-0.382683,0.92388,7,13,56,50,1025,1022.9,2,4,20.4,23.4,0
-0.183998,0.982927,14.9,24.9,0,6.2,8.6,-0.707107,0.707107,39,-1,1.22465e-16,-0.707107,0.707107,7,9,61,69,1027.9,1026.4,1,5,21.1,21,0
-0.200891,0.979614,16.1,25.8,3.4,4.6,6.3,-0.382683,0.92388,30,-0.382683,-0.92388,-0.382683,0.92388,6,11,88,59,1028.6,1025.9,6,7,18.9,23.9,1
-0.217723,0.976011,17.2,25.2,2.4,4.4,6.5,-0.382683,0.92388,28,-0.707107,-0.707107,-0.382683,0.92388,4,7,78,72,1025.8,1022.3,3,2,22.3,23.6,1
-0.234491,0.972118,18.3,23.9,12.4,3.4,5.1,-0.92388,0.382683,20,-0.92388,-0.382683,-0.92388,0.382683,4,6,90,93,1023.8,1020.5,7,7,21.1,21.7,1
-0.25119,0.967938,18.6,25.3,7.6,3.6,3.7,6.12323e-17,1,20,-0.92388,-0.382683,6.12323e-17,1,4,9,91,72,1021,1017.5,7,7,21.8,23.2,1
-0.267814,0.963471,18.4,25.4,7.2,3.8,4.6,6.12323e-17,1,26,-0.707107,0.707107,6.12323e-17,1,2,9,92,61,1018.2,1014.8,7,3,20.8,24.6,1
-0.284359,0.958718,17.7,26.6,0,2.8,10,-0.382683,0.92388,26,-0.92388,0.382683,-0.382683,0.92388,2,13,73,67,1016.7,1013.1,5,3,23.2,24.6,0
-0.30082,0.953681,18,27.9,0.2,5.6,10.5,6.12323e-17,1,19,-0.707107,-0.707107,0.382683,0.92388,6,7,73,62,1016.5,1013.3,3,2,23.4,26.9,0
-0.317191,0.948362,18.6,27.2,0.2,3.6,3.4,-0.382683,0.92388,24,-0.707107,-0.707107,-0.707107,0.707107,4,11,78,72,1016.3,1013.2,6,7,24.3,25,0
-0.333469,0.942761,18.1,29.9,0,3.2,10.4,0.382683,0.92388,17,-0.382683,-0.92388,0.382683,0.92388,6,9,72,61,1014.6,1011.1,1,3,23.6,27.8,0
-0.349647,0.936881,18.2,28.6,0.2,3.4,8.7,0.382683,-0.92388,22,-0.382683,-0.92388,0.707107,0.707107,6,7,79,65,1015.5,1012,8,7,22.5,26.6,0
-0.365723,0.930724,18.2,27.6,0,3.2,6.5,0.382683,0.92388,17,-1.83697e-16,-1,0.707107,0.707107,6,7,98,68,1016.1,1011.9,7,7,20.5,26.3,0
-0.381689,0.924291,20.4,25.8,0,2.6,1,-1.83697e-16,-1,22,-0.707107,-0.707107,-1,1.22465e-16,2,6,88,81,1014,1012,7,8,24.1,24.3,0
-0.397543,0.917584,19.3,22.8,0.2,3.4,1.9,-1.83697e-16,-1,30,-1.83697e-16,-1,0.382683,-0.92388,7,7,73,49,1015.5,1012,7,7,20.8,22.7,0
-0.413279,0.910605,11.6,24.4,0,3.4,10.5,-1.83697e-16,-1,20,-0.92388,-0.382683,-0.382683,-0.92388,6,4,44,32,1018.3,1015.8,1,2,18.1,23.7,0
-0.428892,0.903356,13.9,20.4,0.2,4,0.1,-0.92388,0.382683,19,-0.707107,-0.707107,-0.382683,-0.92388,6,6,83,79,1021.8,1019,8,8,16.2,19.6,0
-0.474951,0.880012,16.9,24.6,0,3,8.2,-0.707107,0.707107,35,-0.92388,-0.382683,-0.707107,0.707107,6,13,67,55,1023.2,1020.5,1,2,21.3,23.5,0
-0.490029,0.871706,15.1,23.7,0,4.8,4.2,-0.707107,0.707107,28,-1,1.22465e-16,-0.382683,0.92388,6,7,72,63,1025.4,1022.4,1,7,21,22.7,0
-0.504961,0.863142,17.1,24.3,4.2,2.2,7.1,6.12323e-17,1,20,-0.92388,-0.382683,6.12323e-17,1,4,9,83,57,1023.4,1019.5,7,2,20,23,1
-0.519744,0.854322,16.1,25,0,4.6,7.7,0.382683,0.92388,22,-0.707107,-0.707107,0.382683,0.92388,4,6,74,70,1019.5,1015.8,3,6,20.8,23.5,0
-0.534373,0.845249,16.8,24.8,7.8,3.2,6.7,-0.707107,0.707107,20,-0.382683,-0.92388,-0.382683,0.92388,4,7,85,68,1017.5,1013.4,7,5,19.2,23.7,1
-0.548843,0.835925,14.8,25.2,0,3.6,10.2,-1.83697e-16,-1,22,-0.707107,-0.707107,-1.83697e-16,-1,6,9,68,39,1014.8,1011.8,1,1,20.6,24.4,0
-0.563151,0.826354,10.6,24.7,0,4.8,10.2,-0.382683,-0.92388,17,-0.707107,-0.707107,-0.382683,-0.92388,4,4,56,31,1018,1014.9,1,1,17.4,24.1,0
-0.577292,0.816538,11.2,25.4,0,3.6,10.3,-0.707107,-0.707107,15,-0.707107,-0.707107,0.707107,0.707107,6,2,64,42,1018.6,1014.5,2,1,17.4,24.9,0
-0.591261,0.80648,11.8,26.3,0,4,10.2,6.12323e-17,1,17,-0.707107,-0.707107,-1,1.22465e-16,6,4,65,35,1018.1,1015.3,2,1,17.5,26,0
-0.605056,0.796183,12.8,26.1,0,2.6,9.9,0.382683,0.92388,13,-0.707107,-0.707107,0.707107,0.707107,4,7,73,43,1022.7,1019.9,0,1,18.5,24.6,0
-0.618671,0.78565,13.1,26.7,0,3.4,9.7,0.707107,0.707107,17,-0.707107,-0.707107,0.92388,0.382683,4,7,73,49,1024.3,1020.2,1,1,18.9,24.9,0
-0.632103,0.774884,13.4,25.8,0,3.6,10.1,0.92388,-0.382683,15,-0.707107,-0.707107,0.92388,0.382683,4,6,81,53,1023.1,1018.2,1,1,18.9,24.3,0
-0.645348,0.763889,13.4,27.2,0,3.8,10.1,-1.83697e-16,-1,13,-0.707107,-0.707107,0.707107,-0.707107,2,6,83,38,1019.1,1014.6,0,1,17.6,27.1,0
-0.658402,0.752667,12.8,25.8,0,3.2,10,-1.83697e-16,-1,39,-1.83697e-16,-1,-1.83697e-16,-1,4,20,59,29,1016.3,1013.1,0,0,20.8,25.1,0
-0.67126,0.741222,10,21.4,0,7.2,9.9,-0.382683,-0.92388,22,-0.707107,-0.707107,0.382683,0.92388,6,7,43,35,1020,1018.4,0,1,16.1,20,0
-0.683919,0.729558,8.1,23.4,0,5.4,9.5,-0.707107,-0.707107,19,-0.707107,-0.707107,-0.707107,-0.707107,7,4,52,38,1022.5,1018.7,1,1,15.2,23.2,0
-0.696376,0.717677,10.2,24.3,0,4.8,9.9,-0.382683,-0.92388,17,-0.707107,-0.707107,-1,1.22465e-16,7,2,67,36,1022.8,1019.4,1,1,16.4,23.4,0
-0.708627,0.705584,10.9,24.9,0,3.8,9.8,6.12323e-17,1,20,-0.707107,-0.707107,0.92388,0.382683,7,4,69,60,1023.6,1020.4,1,2,16.8,22.8,0
-0.720667,0.693281,11.9,24.1,0,3.8,8.7,6.12323e-17,1,19,-0.707107,-0.707107,-0.382683,0.92388,6,7,76,48,1024.2,1021.1,1,5,17.3,22,0
-0.732494,0.680773,10.8,24.4,0,3.4,9.3,-0.382683,0.92388,17,-0.92388,-0.382683,0.382683,0.92388,4,9,75,51,1023.8,1020.4,1,1,17,22.6,0
-0.744104,0.668064,11.3,24,0,3.8,9.4,-0.382683,0.92388,20,-0.92388,-0.382683,6.12323e-17,1,2,7,78,49,1023.8,1020.5,1,5,16.5,22.1,0
-0.755493,0.655156,11.7,22.9,0,3.2,5.9,-0.92388,0.382683,20,-0.707107,-0.707107,6.12323e-17,1,6,7,72,61,1024.5,1022,3,6,17,22,0
-0.766659,0.642055,13.7,24.8,0,2.2,9.8,0.382683,0.92388,17,-0.382683,-0.92388,0.92388,0.382683,6,6,76,50,1025.8,1022.3,2,3,18.4,23.8,0
-0.777597,0.628763,13,23.7,0,3.8,7.4,0.382683,0.92388,20,-0.382683,-0.92388,0.92388,0.382683,4,7,79,57,1026.3,1022.8,2,5,17.9,23.5,0
-0.809017,0.587785,11.3,19.7,10.6,1.8,8.2,-1.83697e-16,-1,30,-1.83697e-16,-1,-1.83697e-16,-1,9,13,67,45,1019.2,1015,6,3,13.2,19.3,1
-0.819015,0.573772,8.4,22.6,0.2,4,8.9,-0.707107,-0.707107,22,-0.707107,-0.707107,-0.92388,0.382683,6,4,56,45,1018.7,1015.8,1,3,14.8,21.2,0
-0.82877,0.559589,10.2,22.7,0,3,8.7,-0.92388,0.382683,26,-0.707107,-0.707107,-1,1.22465e-16,7,9,63,51,1021.6,1019.5,1,6,15.7,21.9,0
-0.83828,0.54524,13.3,22.5,0,3.2,9.6,-0.707107,0.707107,35,-0.92388,-0.382683,-0.707107,0.707107,6,17,70,56,1025.3,1024.2,1,4,18.2,22.1,0
-0.847541,0.53073,13.2,22.9,0,3.6,7.2,-0.707107,0.707107,35,-0.92388,-0.382683,-0.707107,0.707107,2,11,85,56,1029.5,1026.7,6,4,16.7,21.8,0
-0.856551,0.516062,14.7,21,13.2,3.6,2.4,-0.707107,0.707107,31,-1,1.22465e-16,-0.92388,0.382683,7,7,91,72,1028.6,1026.1,6,8,16.9,19.1,1
-0.865307,0.501242,13.7,22,6,0,3.2,-0.382683,0.92388,26,-0.92388,0.382683,6.12323e-17,1,6,11,88,85,1024.9,1021.6,7,7,18.5,19.1,1
-0.873807,0.486273,15.2,22.4,13,1.6,0.8,0.382683,0.92388,26,-0.707107,-0.707107,6.12323e-17,1,2,9,94,82,1019.6,1015.6,7,7,16.8,20.4,1
-0.890028,0.455907,13.8,22.4,0.2,1,9.7,-1.83697e-16,-1,44,-1.83697e-16,-1,-1.83697e-16,-1,9,19,74,47,1007.7,1004.5,1,2,18.8,21.5,0
-0.897743,0.440519,12.1,17.9,0,6.6,9.9,0.382683,-0.92388,46,-1.83697e-16,-1,0.382683,-0.92388,17,20,55,43,1007.6,1004.1,1,2,14.7,17.2,0
-0.905193,0.425,10.7,22,0,5.6,8.3,-1.83697e-16,-1,30,-0.382683,-0.92388,-1,1.22465e-16,11,7,58,42,1011,1010.3,1,2,14.7,21.6,0
-0.912375,0.409356,12.1,21.1,0,5.4,7.5,-0.707107,0.707107,22,-0.707107,-0.707107,-0.382683,0.92388,7,9,68,51,1018.2,1016.7,1,4,16.3,20.1,0
-0.919286,0.39359,11,20.7,0,3.2,4,-0.92388,0.382683,28,-0.92388,-0.382683,-0.382683,0.92388,6,11,72,57,1022.8,1020.8,6,7,15.3,18.8,0
-0.925925,0.377708,12.7,20.3,0,2.4,6,-0.92388,0.382683,26,-0.382683,-0.92388,-0.707107,0.707107,6,11,79,61,1023.8,1020.5,6,5,14.9,18.9,0
-0.932289,0.361714,12.8,17.9,7,0.2,0,-0.92388,0.382683,22,-0.707107,-0.707107,-0.92388,0.382683,4,7,98,80,1021.1,1016.5,7,7,13.2,17.2,1
-0.938377,0.345612,13.2,19,5.2,1.6,0.4,-0.707107,-0.707107,30,-0.92388,-0.382683,-0.707107,-0.707107,7,11,79,82,1012.8,1009.8,7,8,15.9,15.6,1
-0.944188,0.329408,14,21.9,1.6,2.4,8.8,-0.707107,-0.707107,33,-0.707107,-0.707107,-0.92388,-0.382683,7,7,66,59,1010.2,1009.5,1,1,18.9,20.8,1
-0.949718,0.313107,13.5,22.7,0.4,3.4,7.9,-1,1.22465e-16,26,-0.92388,-0.382683,-1,1.22465e-16,7,4,68,53,1014.9,1013.3,2,2,17.5,21.9,0
-0.954967,0.296713,12.7,23.3,0.2,3.6,9,-1.83697e-16,-1,24,-0.707107,-0.707107,-0.92388,-0.382683,7,6,72,52,1017.3,1015.3,0,2,17.2,21.8,0
-0.959933,0.280231,10.2,23.5,0,3,9.8,-0.707107,-0.707107,13,-0.707107,-0.707107,1,0,2,4,79,53,1020.5,1017.7,1,1,15.3,22.2,0
-0.96901,0.247022,13.2,23.4,0,2.2,9.9,-1.83697e-16,-1,26,-1.83697e-16,-1,-1.83697e-16,-1,7,9,64,33,1021.3,1018.4,1,0,18,22.8,0
-0.973118,0.230306,9.2,21.2,0,3.2,9.9,-0.382683,-0.92388,20,-0.382683,-0.92388,-0.382683,-0.92388,9,2,56,41,1022.6,1018.9,0,0,15.1,20.9,0
-0.976938,0.213521,8.4,21.8,0,2.8,10,-1.83697e-16,-1,20,-0.382683,-0.92388,-1.83697e-16,-1,6,11,71,39,1022.4,1018.4,0,1,13.8,20.3,0
-0.980469,0.196673,8.5,22.6,0,2,9.8,0.707107,0.707107,19,-0.707107,-0.707107,0.92388,0.382683,6,6,67,53,1023,1019.9,1,2,13.8,20.9,0
-0.983709,0.179767,8.2,22.9,0,3.4,9.8,0.707107,-0.707107,19,-1,1.22465e-16,0.92388,-0.382683,2,6,98,38,1021.8,1017.1,1,0,10.6,22.4,0
-0.989314,0.145799,12.9,19.1,0,3.2,0.4,-0.382683,-0.92388,24,-0.382683,-0.92388,0.707107,-0.707107,9,4,53,41,1022.2,1020.4,7,7,14.4,18.2,0
-0.991677,0.128748,11.8,19.6,0,3.8,1.2,-0.707107,0.707107,22,-0.382683,-0.92388,-0.707107,0.707107,6,9,68,55,1027.7,1025.4,6,7,13.8,18.6,0
-0.993747,0.111659,13.4,17.4,0.2,2.8,0.2,-0.382683,-0.92388,17,-0.707107,-0.707107,-0.382683,-0.92388,6,4,60,63,1027.9,1024.6,8,8,14.2,17.3,0
-0.995521,0.0945367,13.3,16.1,0,2,0,-0.382683,-0.92388,17,-1,1.22465e-16,-0.92388,-0.382683,2,2,76,90,1025.1,1023.5,8,8,15.8,14.1,0
-0.997001,0.0773865,11.9,15.1,27.2,2,0,-0.92388,0.382683,37,-0.382683,-0.92388,-0.92388,-0.382683,6,4,98,98,1024.2,1020.8,8,8,12.6,14.3,1
-0.998186,0.0602133,12.6,19,21.4,1.4,0,-0.92388,0.382683,33,-0.707107,-0.707107,-0.92388,0.382683,6,17,98,89,1017.5,1012.4,8,7,14.7,17.8,1
-0.999074,0.0430222,14.7,23.3,13.2,1.2,8.8,-0.92388,0.382683,24,-0.707107,-0.707107,-1,1.22465e-16,6,6,88,61,1012.5,1010,4,3,18,22.7,1
-0.999667,0.0258184,11.6,23,0,2,9.8,-1.83697e-16,-1,17,-0.707107,-0.707107,-0.707107,-0.707107,7,2,87,47,1015.8,1012.7,1,1,15.4,22.9,0
-0.999963,0.008607,9.8,23.4,0,1.6,9.5,-1.83697e-16,-1,22,-0.92388,-0.382683,0.382683,-0.92388,4,7,84,49,1018.4,1014.4,1,2,13.9,22.9,0
-0.999963,-0.008607,6.5,19.6,0,3.4,10.1,-1.83697e-16,-1,26,-0.382683,-0.92388,-1.83697e-16,-1,7,11,48,34,1019.8,1016.3,0,0,13.9,19.1,0
-0.999667,-0.0258184,6,19.5,0,3.6,10.2,0.382683,-0.92388,15,-0.707107,-0.707107,-1.83697e-16,-1,4,4,58,42,1020.1,1016.8,0,0,12.9,18.9,0
-0.999074,-0.0430222,6.8,19.3,0,2.8,10.1,-0.707107,-0.707107,20,-0.92388,-0.382683,-0.382683,-0.92388,4,6,58,35,1022.9,1021,1,0,12.4,18.9,0
-0.998186,-0.0602133,7.1,22,0,2.4,9.2,-0.707107,-0.707107,20,-0.382683,-0.92388,-0.92388,-0.382683,7,6,61,43,1025.8,1023.2,1,3,13.3,21,0
-0.997001,-0.0773865,9.9,20.4,0,3.2,9.6,-0.707107,0.707107,33,-0.92388,-0.382683,-0.92388,0.382683,9,11,65,52,1027.1,1024.9,1,2,15.3,18.9,0
-0.995521,-0.0945367,10.7,21.4,0,3.4,4.8,-0.382683,0.92388,26,-0.707107,-0.707107,-0.382683,0.92388,4,11,75,53,1028,1025.6,3,5,15,19.8,0
-0.993747,-0.111659,10.7,21.3,0,2.8,9.3,6.12323e-17,1,24,-0.707107,-0.707107,-0.382683,0.92388,6,11,77,53,1028.4,1025.9,2,3,14.1,19.5,0
-0.991677,-0.128748,11.4,21,0,3,7.7,6.12323e-17,1,28,-0.707107,-0.707107,-0.382683,0.92388,4,13,74,66,1029,1025.2,3,3,15.3,19.1,0
-0.989314,-0.145799,12.3,18.7,4.2,2.4,0,6.12323e-17,1,22,-0.92388,0.382683,6.12323e-17,1,2,9,98,83,1025.9,1022.6,7,8,15.9,17.5,1
-0.980469,-0.196673,18.7,22.9,19.2,1.4,0.8,-0.707107,-0.707107,17,0.707107,0.707107,0.707107,0.707107,2,6,98,95,1017.1,1013.8,7,8,21,21.3,1
-0.976938,-0.213521,17.8,24.5,12,0.2,4.3,0.382683,-0.92388,28,-0.382683,-0.92388,-1.83697e-16,-1,6,9,82,57,1016.9,1014.8,6,7,19.9,21.9,1
-0.973118,-0.230306,15.7,21.1,0.4,3.4,4.8,-1.83697e-16,-1,30,-1.83697e-16,-1,-0.382683,-0.92388,9,11,75,39,1020.4,1018,8,2,15.8,20.6,0
-0.96901,-0.247022,8.5,21.3,0.2,3.6,4,-0.382683,0.92388,22,-0.707107,-0.707107,6.12323e-17,1,6,13,64,52,1026.8,1024.1,0,6,13.8,20.6,0
-0.964614,-0.263665,12,21.4,2,2.8,6,-0.382683,0.92388,20,-0.707107,-0.707107,6.12323e-17,1,2,9,78,58,1026.4,1022.1,7,3,15.4,21.1,1
-0.959933,-0.280231,13.2,20.8,0.6,2.6,0.7,0.382683,0.92388,13,-1,1.22465e-16,0.382683,0.92388,2,6,92,63,1021.1,1015.8,8,7,15.7,20,0
-0.954967,-0.296713,13.9,22.2,7.4,3.4,9.6,-0.92388,0.382683,22,-0.707107,-0.707107,-0.92388,-0.382683,7,7,81,50,1016.1,1013.5,1,3,16.9,21.2,1
-0.949718,-0.313107,9.8,21.9,0.2,1.8,9.8,-0.382683,-0.92388,20,-0.707107,-0.707107,-0.707107,-0.707107,9,6,59,46,1020.4,1017.6,1,3,14.9,21.6,0
-0.944188,-0.329408,12.7,22,0,3.8,6.4,-0.92388,-0.382683,22,-0.707107,-0.707107,-0.92388,-0.382683,7,9,63,58,1021.8,1020.2,6,6,16.9,20.1,0
-0.938377,-0.345612,12.4,21.2,0,3.6,7.8,-0.707107,-0.707107,31,-0.707107,-0.707107,-0.92388,-0.382683,7,9,64,58,1023,1021.2,1,6,17.1,18.2,0
-0.932289,-0.361714,10.9,21.5,0,3.6,8.2,-1,1.22465e-16,22,-0.707107,-0.707107,-0.92388,-0.382683,6,7,68,48,1022.7,1019.7,1,2,15.5,21.3,0
-0.925925,-0.377708,11.2,22.1,0,3,9,-0.707107,0.707107,20,-0.707107,-0.707107,-1,1.22465e-16,6,4,67,48,1024.4,1021.3,1,6,15.9,20.3,0
-0.919286,-0.39359,10.5,21.3,0,3.8,7.2,-1,1.22465e-16,20,-0.92388,-0.382683,0.382683,0.92388,6,7,73,57,1022.9,1020.3,3,4,15.5,20.4,0
-0.912375,-0.409356,12.8,22,0,2.2,6.4,0.707107,0.707107,17,-0.382683,-0.92388,0.707107,0.707107,6,9,75,57,1019.9,1015.1,5,6,16.4,20.3,0
-0.905193,-0.425,10.3,22.6,0,2.2,7.4,-1.83697e-16,-1,26,-0.707107,-0.707107,0.92388,-0.382683,6,6,82,46,1015,1010.2,2,4,14.9,20,0
-0.897743,-0.440519,7.7,19.8,0,3.6,10.3,0.382683,-0.92388,31,-1.83697e-16,-1,-1.83697e-16,-1,11,11,54,39,1017.4,1015.1,1,2,14.2,19.6,0
-0.890028,-0.455907,6.6,20.4,0,6,9.7,-1.83697e-16,-1,20,-0.707107,-0.707107,-0.707107,-0.707107,4,6,62,41,1022.2,1019.1,0,2,13.6,19.9,0
-0.882048,-0.47116,7.9,21.6,0,4.2,9.9,-0.382683,-0.92388,17,-0.707107,-0.707107,-1.83697e-16,-1,6,6,66,32,1021.4,1017.2,1,1,13.9,21,0
-0.873807,-0.486273,8.5,21.4,0,3.6,10,-0.707107,-0.707107,22,-0.92388,-0.382683,-1.83697e-16,-1,7,2,54,36,1023.3,1019.1,1,2,14.4,21.2,0
-0.865307,-0.501242,7.8,21.1,0,3.6,10,-0.382683,-0.92388,20,-0.707107,-0.707107,-0.382683,-0.92388,4,6,70,32,1022.4,1017.7,0,1,13.9,21.1,0
-0.856551,-0.516062,4.6,20.7,0,2.4,10.4,0.382683,-0.92388,22,-0.707107,-0.707107,-0.92388,-0.382683,6,2,52,28,1021.6,1018.2,0,0,13.4,20.3,0
-0.847541,-0.53073,4.1,21.6,0,3.6,9.3,-1.83697e-16,-1,24,-0.707107,-0.707107,-0.382683,-0.92388,2,9,61,26,1020.3,1016.4,1,2,12.5,21.3,0
-0.83828,-0.54524,5.4,22.5,0,4.4,10.2,0.382683,0.92388,19,-0.707107,-0.707107,-0.92388,-0.382683,4,4,54,28,1021.3,1017.1,0,0,13.8,22.1,0
-0.82877,-0.559589,5.9,23.6,0,4,10.2,-1.83697e-16,-1,26,-0.382683,-0.92388,-1,1.22465e-16,6,4,65,25,1021.4,1016.1,0,1,12.1,23.1,0
-0.819015,-0.573772,7.1,25.1,0,3.6,10.3,-0.382683,-0.92388,28,-0.92388,-0.382683,-1.83697e-16,-1,2,11,58,22,1019.9,1016.6,0,1,14.4,24.9,0
-0.798779,-0.601624,6.7,23.7,0,3.4,10.1,0.92388,-0.382683,19,-0.707107,-0.707107,0.382683,-0.92388,4,7,57,16,1024.3,1019.3,0,0,13.2,23.4,0
-0.788305,-0.615285,7.3,25.5,0,3.8,8.7,-1.83697e-16,-1,30,-0.92388,-0.382683,0.382683,-0.92388,2,17,50,23,1018.1,1011.4,5,3,16.2,24.7,0
-0.777597,-0.628763,10.5,19.3,0,6,10.3,-0.707107,-0.707107,39,-0.707107,-0.707107,-0.382683,-0.92388,9,13,41,22,1015.7,1012.2,1,0,13.8,18.8,0
-0.766659,-0.642055,9.7,21.9,0,7,10.2,-1.83697e-16,-1,28,-0.382683,-0.92388,-0.92388,-0.382683,7,6,40,28,1017.9,1014.8,1,5,14.6,20.8,0
-0.755493,-0.655156,9,22.1,0,4.6,7.2,-0.707107,0.707107,20,-0.707107,-0.707107,-1,1.22465e-16,6,7,51,38,1020.7,1017.9,3,6,16.6,20.9,0
-0.744104,-0.668064,10,21.7,0,4,9.7,-0.707107,0.707107,20,-0.707107,-0.707107,-0.707107,0.707107,6,6,57,47,1024.6,1021.5,1,4,15.7,19.6,0
-0.732494,-0.680773,8.1,23.3,0,3.4,10,-1.83697e-16,-1,22,-0.382683,-0.92388,0.382683,-0.92388,4,7,72,28,1024.2,1019.8,1,5,13.9,23,0
-0.720667,-0.693281,7.8,24.8,0,3.2,10.2,-1.83697e-16,-1,24,-0.92388,-0.382683,0.382683,-0.92388,2,6,60,26,1022.5,1017.8,0,1,14.8,24.3,0
-0.696376,-0.717677,10.4,26.6,0,4,9.9,0.92388,-0.382683,30,0.382683,0.92388,0.707107,0.707107,2,7,68,50,1015.8,1010.4,3,3,17.8,23.7,0
-0.683919,-0.729558,12.5,21.6,0,4.8,10.9,0.382683,-0.92388,43,-1.83697e-16,-1,-1.83697e-16,-1,9,17,28,21,1016.7,1013.7,1,1,17.3,20.9,0
-0.67126,-0.741222,7.3,20.4,0,7.6,8.9,-1.83697e-16,-1,19,-0.707107,-0.707107,0.707107,0.707107,9,7,39,34,1021.7,1019.4,2,8,15.6,18.9,0
-0.658402,-0.752667,11.4,22.6,0,3,9.7,6.12323e-17,1,20,-0.382683,-0.92388,0.382683,0.92388,4,11,55,44,1023.1,1018.9,2,1,16.1,20.7,0
-0.645348,-0.763889,10.5,22.3,0,3.6,7.2,0.382683,0.92388,20,-0.92388,0.382683,0.382683,0.92388,4,9,69,49,1023.1,1019.3,7,7,17.4,21.1,0
-0.632103,-0.774884,11.4,24.1,0,2.8,8.1,0.382683,0.92388,17,-0.382683,-0.92388,0.382683,0.92388,6,6,79,57,1021.5,1016.7,6,2,16.4,22.7,0
-0.618671,-0.78565,12.8,26.1,0,2.2,10.2,0.92388,0.382683,22,0.382683,0.92388,0.707107,0.707107,2,11,67,64,1020.1,1015.5,1,1,21.7,24.9,0
-0.605056,-0.796183,17.9,27.6,0,3.8,7.1,0.92388,-0.382683,22,0.707107,-0.707107,0.382683,0.92388,4,9,77,63,1018.9,1014.7,6,5,21.4,25.2,0
-0.591261,-0.80648,11.7,25.6,0,4,10.5,-0.382683,-0.92388,20,-0.382683,-0.92388,-0.707107,-0.707107,7,4,34,18,1021.1,1016.3,1,0,18.9,25.3,0
-0.577292,-0.816538,9.5,25.8,0,5.4,10.9,0.382683,-0.92388,20,-0.707107,-0.707107,-1,1.22465e-16,6,4,54,24,1019.8,1014.8,0,1,16.5,24.9,0
-0.563151,-0.826354,13.2,22.6,0,5,9.2,-0.382683,0.92388,28,-0.707107,0.707107,6.12323e-17,1,13,11,58,43,1022.2,1019.6,7,2,19.5,20.9,0
-0.548843,-0.835925,10.6,22.4,0,7,9.8,0.382683,0.92388,19,-0.92388,-0.382683,0.707107,0.707107,4,9,60,46,1024.9,1020.8,1,2,17.3,21.1,0
-0.534373,-0.845249,10.4,22.9,0,4.6,10.6,1,0,20,-0.707107,-0.707107,0.707107,0.707107,6,11,66,53,1023.2,1017.7,5,1,16.2,21.5,0
-0.519744,-0.854322,11.3,25.6,0,4.4,10.3,0.707107,0.707107,24,0.92388,0.382683,0.707107,0.707107,4,11,63,60,1018.6,1013.1,1,1,19.9,23.7,0
-0.504961,-0.863142,15.8,22.2,0.2,4.6,2.3,-1.83697e-16,-1,24,-1.83697e-16,-1,-1.83697e-16,-1,7,4,68,41,1016.1,1014.5,6,7,19.8,21,0
-0.490029,-0.871706,9.3,22.2,0,6.4,10.5,-1.83697e-16,-1,26,-0.92388,-0.382683,-1.83697e-16,-1,6,6,35,23,1020.4,1016.8,0,0,15.8,22.1,0
-0.474951,-0.880012,7.3,22.4,0,4.8,11,-1,1.22465e-16,20,-0.707107,-0.707107,0.707107,0.707107,6,9,55,36,1024,1019.8,0,1,14.8,20.7,0
-0.459733,-0.888057,8.6,24.6,0,4,10.9,0.92388,0.382683,15,-0.382683,-0.92388,0.382683,0.92388,4,7,60,40,1023.9,1018.8,0,1,16.5,22.9,0
-0.444378,-0.895839,10.2,24.6,0,4,10.8,0.92388,0.382683,20,-0.382683,-0.92388,0.92388,0.382683,9,7,62,41,1025.3,1021.1,1,1,16.9,23.6,0
-0.428892,-0.903356,11.1,23.7,0,6.6,10.7,0.707107,0.707107,30,-0.707107,-0.707107,0.707107,0.707107,4,13,65,43,1024.1,1019,1,1,18.5,22.2,0
-0.413279,-0.910605,14.6,27.3,0,5.8,10.6,0.707107,-0.707107,33,0.707107,-0.707107,0.92388,0.382683,11,11,52,49,1019.9,1014.8,1,1,21.5,24.5,0
-0.397543,-0.917584,15.6,27.4,0,6.4,9.6,6.12323e-17,1,20,0.92388,-0.382683,0.382683,0.92388,7,9,56,52,1015.4,1010.2,1,1,22.1,25.4,0
-0.381689,-0.924291,12.1,27.1,0,7.8,11.2,-0.382683,-0.92388,30,-0.382683,-0.92388,0.382683,-0.92388,11,13,25,16,1018.1,1013.2,0,0,19.1,26.5,0
-0.365723,-0.930724,12.3,24.5,0,8,10.8,-0.382683,0.92388,24,-0.382683,-0.92388,0.382683,0.92388,7,13,36,55,1020.9,1018.9,1,2,19.4,22.8,0
-0.349647,-0.936881,16,23.3,0,6.2,5,-0.707107,0.707107,24,-0.382683,0.92388,0.382683,0.92388,11,9,52,54,1026.1,1023.1,7,8,20.7,21.7,0
-0.333469,-0.942761,12.4,25,0,4,10.1,6.12323e-17,1,19,-0.382683,-0.92388,0.382683,0.92388,7,9,66,39,1025.6,1020.9,1,1,19.3,24.6,0
-0.317191,-0.948362,13.1,25.6,0,4.6,10.6,0.707107,0.707107,22,0.92388,-0.382683,0.382683,0.92388,2,11,62,43,1024.1,1019.9,1,1,20.8,24.3,0
-0.30082,-0.953681,14,25.3,0,4.8,10.5,0.92388,0.382683,30,1,0,0.92388,0.382683,6,9,61,57,1018.7,1011.8,1,1,21.4,24.3,0
-0.284359,-0.958718,13,23.2,0,7.6,10.5,-0.382683,-0.92388,28,-0.707107,-0.707107,-0.382683,0.92388,7,9,35,35,1017.5,1015.1,1,1,17.6,22.2,0
-0.267814,-0.963471,10.9,23.4,0,6.8,10.4,0.707107,0.707107,26,-0.707107,-0.707107,6.12323e-17,1,6,11,53,45,1023.1,1019.9,1,1,18.6,21.8,0
-0.25119,-0.967938,11.1,23.5,0,5.4,10.6,6.12323e-17,1,19,-1.83697e-16,-1,0.707107,0.707107,6,9,60,46,1022.6,1017.7,5,5,17.5,22.3,0
-0.234491,-0.972118,13.3,23.6,0,4.6,7.5,6.12323e-17,1,24,-1,1.22465e-16,0.707107,0.707107,4,11,63,51,1020.3,1017,3,7,20.9,22.4,0
-0.217723,-0.976011,15,21.1,0.2,4.6,4.3,6.12323e-17,1,26,6.12323e-17,1,0.382683,0.92388,9,11,70,72,1019.8,1016.9,8,5,19.8,19.6,0
-0.200891,-0.979614,13.2,27.6,1.2,3.8,10.6,0.707107,0.707107,31,-1,1.22465e-16,0.707107,0.707107,2,11,73,55,1018.7,1013.6,3,2,19.4,24.5,1
-0.183998,-0.982927,14.8,28.4,0.2,3.8,10.8,0.382683,0.92388,22,-0.382683,-0.92388,0.707107,0.707107,6,11,67,53,1019.2,1014.5,1,0,21.4,25.1,0
-0.167052,-0.985948,15.1,26.2,0,3,3.5,0.92388,-0.382683,20,0.707107,-0.707107,1,0,2,6,84,75,1018.2,1014.2,7,7,19.2,22.3,0
-0.150055,-0.988678,13.8,29.9,0.2,2.2,10.8,6.12323e-17,1,28,-0.707107,-0.707107,0.382683,0.92388,4,15,59,55,1014.9,1010.9,1,1,24.7,25.4,0
-0.133015,-0.991114,16.4,30.8,0,4,10.4,0.707107,0.707107,22,-0.92388,-0.382683,0.382683,0.92388,6,9,65,54,1013.3,1009.3,1,1,23.7,27.1,0
-0.115935,-0.993257,18.2,30.6,0,6,4.4,0.92388,-0.382683,28,0.382683,-0.92388,0.707107,0.707107,6,6,83,66,1013.1,1009.1,7,8,19.8,24.6,0
-0.0988201,-0.995105,15.9,25.6,0.6,4.6,10.6,6.12323e-17,1,31,-0.382683,0.92388,-0.382683,0.92388,13,15,58,53,1018.5,1016.9,2,5,22.9,23.8,0
-0.0816764,-0.996659,15.3,24.7,0,7,6.9,0.382683,0.92388,28,6.12323e-17,1,6.12323e-17,1,9,13,53,42,1021.6,1018.5,4,3,21.7,23.2,0
-0.0645084,-0.997917,14.2,26.1,0,6.4,9.9,0.382683,0.92388,22,0.707107,0.707107,0.382683,0.92388,4,11,51,49,1022,1017.9,3,2,22.7,23.9,0
-0.0473214,-0.99888,13.8,25.5,0,4.8,10.8,0.707107,0.707107,28,1,0,0.92388,0.382683,7,15,56,59,1019.9,1014.8,1,1,22.5,23.9,0
-0.0301203,-0.999546,14.9,29.3,0,7.8,7.5,-1.83697e-16,-1,28,1,0,0.707107,0.707107,9,7,50,53,1016.3,1011.5,5,6,22.6,25.5,0
-0.0129103,-0.999917,17.8,23.8,3.2,5.2,0.8,6.12323e-17,1,20,-0.707107,-0.707107,6.12323e-17,1,4,6,70,57,1018.9,1017.2,8,7,20.6,23.7,1
0.00430354,-0.999991,15.2,21.9,0.6,2.6,0,-0.382683,0.92388,26,-0.92388,-0.382683,-0.382683,0.92388,4,11,86,58,1024.8,1023.5,8,8,16.8,20.1,0
0.0387223,-0.99925,14.2,25.1,0,7.6,9.6,0.382683,0.92388,30,-1,1.22465e-16,0.382683,0.92388,6,9,52,46,1028,1024,7,2,21.4,23.5,0
0.055917,-0.998435,12.6,27.9,0,5.6,11.5,0.92388,-0.382683,28,-1,1.22465e-16,0.707107,0.707107,4,9,58,48,1024.7,1019.4,2,0,21.7,24.9,0
0.0730951,-0.997325,12.9,29,0,7,11.3,0.707107,0.707107,26,-0.707107,-0.707107,0.92388,0.382683,2,11,56,49,1022.6,1017.9,0,1,23.5,27,0
0.0902516,-0.995919,14.3,30.9,0,5.4,11.4,0.707107,0.707107,20,6.12323e-17,1,0.707107,0.707107,6,11,45,48,1018.4,1013.1,0,1,26.1,28.6,0
0.107381,-0.994218,15.2,31.6,0,6.8,10.8,-0.707107,0.707107,43,0.707107,0.707107,0.382683,0.92388,4,11,45,43,1013.3,1006.5,0,2,27,30.3,0
0.124479,-0.992222,18.1,24.8,0,7.8,6.1,6.12323e-17,1,26,-0.382683,0.92388,6.12323e-17,1,6,9,64,62,1014.8,1010.6,7,3,20.5,22.6,0
0.14154,-0.989932,16.6,31.2,0,5,11.2,0.382683,-0.92388,33,0.382683,-0.92388,-1.83697e-16,-1,6,11,60,19,1012.1,1006.7,4,1,23.6,30.8,0
0.158559,-0.987349,17.2,28.3,0,9,9.1,0.92388,0.382683,31,0.382683,0.92388,0.92388,0.382683,6,11,66,68,1014.6,1008.8,7,1,22.9,26.9,0
0.175531,-0.984474,20.9,24.2,0.6,5.8,0,-1.83697e-16,-1,44,1,0,-0.707107,-0.707107,7,4,79,92,1009.1,1007.6,8,8,22.5,17.1,0
0.192452,-0.981306,12.7,20,11.6,1.4,11.9,-1.83697e-16,-1,57,-1.83697e-16,-1,-0.382683,-0.92388,24,20,43,30,1015.2,1014.4,2,1,15.2,19.3,1
0.209315,-0.977848,8.8,25.4,0,11.8,12.1,0.92388,0.382683,24,-0.707107,-0.707107,0.92388,0.382683,6,7,37,26,1022.3,1017.6,0,1,19.8,23.5,0
0.226116,-0.9741,11.3,27.9,0,6.8,11.8,-0.707107,0.707107,41,-0.707107,-0.707107,0.382683,0.92388,6,11,47,33,1023.3,1018.9,1,1,20.4,24.7,0
0.259512,-0.96574,13.9,26.2,0,6.2,11.8,0.707107,0.707107,28,6.12323e-17,1,0.707107,0.707107,6,13,56,49,1024.6,1020.4,3,1,22.9,24.4,0
0.276097,-0.96113,13.9,28.7,0,6.8,12,0.707107,0.707107,22,1,0,0.92388,0.382683,6,11,45,46,1020.9,1015.8,0,0,24.1,26.5,0
0.2926,-0.956235,16.5,28.6,0,9,10.3,0.707107,0.707107,30,-0.382683,0.92388,0.382683,0.92388,7,17,57,63,1020.5,1017.6,2,4,25.9,25.5,0
0.309017,-0.951057,19.4,27.2,0.4,5.6,11.5,0.707107,0.707107,28,1,0,0.707107,0.707107,7,11,58,58,1020.1,1015.6,2,8,24.7,25.6,0
0.325342,-0.945596,16.7,30.2,0,8,11.2,0.707107,0.707107,28,0.92388,-0.382683,0.707107,0.707107,6,11,49,57,1016.4,1011,1,1,26.9,28.2,0
0.341571,-0.939856,16.3,31.6,0,6.6,11.2,6.12323e-17,1,24,0.382683,0.92388,0.707107,0.707107,4,9,53,46,1015.6,1012.2,0,1,27.3,29.4,0
0.357698,-0.933837,20.6,33.2,0,5.6,11.2,-0.382683,0.92388,41,0.707107,0.707107,0.707107,0.707107,4,9,53,51,1013.8,1007.6,6,2,27.5,30,0
0.37372,-0.927542,15.3,24.8,0,9.4,10.7,-0.707107,0.707107,37,-1,1.22465e-16,-0.382683,0.92388,9,13,35,46,1021.2,1018.6,1,7,21.6,22,0
0.38963,-0.920971,14.8,25.7,0,8.8,11.9,-0.707107,0.707107,39,-0.92388,0.382683,6.12323e-17,1,11,19,45,44,1022.1,1017.6,3,2,21.9,24.1,0
0.405426,-0.914128,13.7,26.5,0,8,11.1,0.382683,0.92388,26,-0.382683,-0.92388,0.382683,0.92388,7,13,52,42,1018.1,1012.5,7,3,21.1,25.2,0
0.421101,-0.907014,13.7,31.3,0,7.8,11.4,0.707107,0.707107,24,0.382683,0.92388,0.92388,0.382683,4,11,50,54,1010.9,1006.3,0,0,24.8,27.3,0
0.436651,-0.899631,18.9,29.6,0,5.4,8.8,6.12323e-17,1,37,-0.92388,0.382683,6.12323e-17,1,7,20,55,51,1011,1010.7,2,7,27,25.5,0
0.452072,-0.891981,18.1,23.4,8.2,8.4,0.2,-0.382683,0.92388,37,-0.707107,0.707107,-0.382683,0.92388,15,15,55,54,1022.1,1020.2,7,7,21.3,21.3,1
0.467359,-0.884068,16,25.6,0,5.6,3.7,-0.382683,0.92388,30,-0.92388,0.382683,-0.382683,0.92388,13,11,58,43,1022.1,1018.8,7,6,20.9,23.4,0
0.482508,-0.875892,14.8,25.7,0,5.8,5.8,0.382683,0.92388,19,-0.382683,0.92388,0.382683,0.92388,4,9,59,55,1019.5,1016.1,6,6,22.2,23.9,0
0.497513,-0.867456,16.8,29.2,0,4,8.9,-0.382683,0.92388,31,-0.92388,-0.382683,0.707107,0.707107,6,9,56,74,1017.7,1014.7,2,5,25.1,24,0
0.512371,-0.858764,15.8,29.6,0.4,4.8,12.5,0.92388,0.382683,31,0.92388,0.382683,0.707107,0.707107,6,15,59,59,1014.9,1008.7,1,6,25,26.9,0
0.527078,-0.849817,18.6,29.4,0,6,10.6,6.12323e-17,1,46,-0.382683,0.92388,-0.382683,0.92388,13,20,52,52,1008.6,1009.8,5,1,27.8,25.3,0
0.541628,-0.840618,19.4,26.5,0,11,7.4,0.382683,0.92388,30,6.12323e-17,1,6.12323e-17,1,11,13,57,51,1017.7,1016.3,7,7,22.6,23.8,0
0.556017,-0.831171,17.6,26.3,0.6,7,9.1,0.382683,0.92388,22,6.12323e-17,1,6.12323e-17,1,6,9,71,49,1020.6,1017.6,6,3,21.2,24.4,0
0.570242,-0.821477,15.6,27.1,0.2,9.6,12.2,0.382683,0.92388,26,0.92388,-0.382683,0.382683,0.92388,2,13,58,52,1020.6,1017.7,5,1,23.5,25.2,0
0.584298,-0.811539,15.5,27,0,6.6,11.3,0.382683,0.92388,30,0.382683,0.92388,0.382683,0.92388,6,15,49,50,1019.8,1016.9,5,2,24.9,24.9,0
0.598181,-0.801361,15.7,28,0,6.8,8.2,6.12323e-17,1,22,0.707107,0.707107,0.707107,0.707107,4,11,65,53,1017.8,1014.4,6,6,22.6,26,0
0.611886,-0.790946,19.8,28,0,4.2,8,0.707107,0.707107,33,0.382683,0.92388,0.707107,0.707107,9,17,73,60,1015.9,1013.5,7,2,24.4,25.8,0
0.625411,-0.780296,21.5,29.3,0,9.6,8.3,0.707107,0.707107,33,1,0,0.92388,0.382683,7,13,57,61,1016.8,1013.9,2,7,27,25.1,0
0.638749,-0.769415,20.4,22.4,8,5.4,0,0.382683,-0.92388,22,0.382683,-0.92388,-0.92388,0.382683,4,6,88,91,1017,1015.2,8,8,22.1,19.8,1
0.651899,-0.758306,16.9,25.8,22,3,7.1,-0.92388,0.382683,46,-0.92388,0.382683,-0.707107,0.707107,15,19,62,37,1021.8,1019.9,7,2,22.3,24.6,1
0.664855,-0.746972,15.3,25.8,0,8,11.7,6.12323e-17,1,30,-0.707107,0.707107,6.12323e-17,1,9,13,58,45,1024.9,1021.2,7,2,21.3,24.2,0
0.677615,-0.735417,14.1,26.8,0,7.2,11.9,0.707107,0.707107,22,0.382683,-0.92388,0.92388,0.382683,4,9,50,48,1022.1,1018,1,2,23.4,25.5,0
0.690173,-0.723644,14.8,27.9,0,8,12.3,0.707107,0.707107,26,1,0,0.92388,0.382683,6,13,53,56,1019.5,1015.6,1,1,24.3,26.3,0
0.702527,-0.711657,17.8,28.5,0,6.6,11.6,0.707107,0.707107,33,0.707107,0.707107,0.707107,0.707107,6,13,56,59,1016.6,1012,1,2,25.7,27.1,0
0.714673,-0.699458,17.9,31.1,0,7.6,12.1,0.707107,0.707107,30,0.707107,-0.707107,0.707107,0.707107,7,13,39,59,1012.1,1007,1,1,27.4,28.9,0
0.726608,-0.687053,22.4,27.2,0,8,4.7,-0.382683,-0.92388,70,0.382683,0.92388,0.92388,0.382683,6,6,71,61,1011.9,1009.7,7,3,25.9,26.5,0
0.749826,-0.661635,17.6,34.4,16.6,5.8,12.4,0.382683,-0.92388,35,-1.83697e-16,-1,0.382683,-0.92388,6,13,71,20,1011.4,1007,1,2,26,33.7,1
0.761104,-0.64863,18.2,28.1,0,9,12,0.382683,0.92388,26,-1,1.22465e-16,0.382683,0.92388,6,9,44,43,1017,1014.6,6,1,23.4,25.7,0
0.772157,-0.635432,17.7,28.1,0,8,12.1,-0.707107,0.707107,28,-0.707107,0.707107,6.12323e-17,1,9,13,56,61,1017,1013.7,4,4,25.5,24.7,0
0.78298,-0.622047,18.1,28.9,0,5.6,9,0.382683,0.92388,24,-1.83697e-16,-1,0.92388,0.382683,4,7,58,57,1014.2,1010.5,2,7,25.1,27.1,0
0.793572,-0.608477,22.4,28.1,0,7.8,8.6,0.382683,0.92388,26,0.382683,0.92388,0.382683,0.92388,7,9,58,60,1017,1015.3,3,7,26,25.7,0
0.803928,-0.594727,19.1,27.7,0,7,11.6,0.707107,0.707107,26,0.382683,0.92388,0.382683,0.92388,11,11,58,57,1019.3,1016.7,7,7,24.4,26,0
0.814046,-0.5808,19.8,28.1,0,6.8,11.7,0.382683,0.92388,28,0.92388,0.382683,0.707107,0.707107,7,9,57,54,1019,1016.3,3,1,26,27,0
0.823923,-0.566702,21.2,28.8,0,7.6,9.7,6.12323e-17,1,30,0.92388,0.382683,0.707107,0.707107,4,13,65,46,1019.1,1015.7,3,3,25,27.6,0
0.833556,-0.552435,19,29.4,0,7.8,11,0.92388,0.382683,26,0.707107,-0.707107,0.92388,0.382683,6,7,62,53,1018.1,1015,7,7,25.6,28.1,0
0.842942,-0.538005,20.7,30.3,0,8.4,11.2,0.707107,0.707107,26,0.707107,0.707107,0.92388,0.382683,4,11,59,54,1016.8,1013.7,6,7,27.3,28.4,0
0.852078,-0.523416,20.5,29.9,5,7,11.3,0.92388,0.382683,20,6.12323e-17,1,0.92388,0.382683,4,9,57,53,1016.6,1013.9,2,1,26.6,29.2,1
0.860961,-0.508671,20,30.6,0,7,13.2,0.707107,0.707107,26,6.12323e-17,1,0.92388,0.382683,6,11,58,48,1017.2,1015,1,1,27.6,29.6,0
1,0,20.1,30.1,0,7.2,8.9,0.382683,0.92388,22,0.382683,0.92388,0.382683,0.92388,6,11,63,51,1016.2,1013,6,7,27.8,28.2,0
0.999852,0.0172134,21.4,34.8,0,8,13.1,-0.707107,0.707107,30,-0.707107,-0.707107,0.382683,0.92388,4,13,56,47,1011.4,1007.7,1,1,28.6,32.9,0
0.999407,0.0344216,23.5,30.7,0,11.8,11.7,-0.382683,0.92388,37,-0.707107,0.707107,6.12323e-17,1,15,19,54,53,1015.3,1013,3,1,28.1,28.3,0
0.998667,0.0516197,21.6,29.8,0,10.8,12.1,0.382683,0.92388,33,-0.382683,0.92388,-0.382683,0.92388,11,15,51,44,1016,1013.9,5,2,27,28.8,0
0.99763,0.0688024,21.7,28.5,0,9.8,6.1,0.382683,0.92388,33,-0.382683,0.92388,0.382683,0.92388,6,13,58,60,1017,1015.5,6,5,26.3,27.4,0
0.996298,0.0859648,21.1,29.2,2,7.4,6.5,6.12323e-17,1,31,-0.92388,0.382683,6.12323e-17,1,7,19,79,54,1018.4,1017.4,6,6,25.5,27.8,1
0.994671,0.103102,19.8,30.5,0.2,8.8,8.9,-0.382683,0.92388,35,6.12323e-17,1,-0.382683,0.92388,17,11,54,49,1019.3,1016.9,7,7,26.7,28.5,0
0.992749,0.120208,20.4,30.3,0,10.4,11.2,0.92388,0.382683,28,-1.83697e-16,-1,0.707107,0.707107,2,13,66,54,1014,1008.1,6,1,25.8,29.8,0
0.990532,0.137279,21.6,33.3,0,8.8,12.6,0.707107,0.707107,35,1,0,0.92388,0.382683,6,15,54,59,1004.7,999.3,1,2,28.6,30.8,0
0.988023,0.154309,23.5,31.7,0,10,11.1,6.12323e-17,1,30,0.382683,0.92388,0.382683,0.92388,6,17,54,57,1006,1005.9,5,7,30.6,30.3,0
0.98522,0.171293,25.8,33.4,0,9.8,11.4,0.707107,0.707107,30,0.707107,0.707107,0.92388,0.382683,9,13,66,48,1012.1,1009.9,5,3,29.7,31.9,0
0.982126,0.188227,26.1,34.2,0,9.4,9.8,0.707107,0.707107,30,0.92388,-0.382683,0.92388,0.382683,6,11,56,60,1012.7,1009.3,1,1,31.9,31.7,0
0.97874,0.205104,24.6,33.9,0,9.8,12.9,0.707107,0.707107,28,0.707107,-0.707107,0.707107,0.707107,4,11,60,57,1011.1,1007.9,1,1,29.9,31.4,0
0.975065,0.221922,24.2,32.1,0,10.8,3.1,-0.707107,0.707107,46,-0.92388,0.382683,-0.707107,0.707107,7,17,51,69,1008.7,1009.5,7,7,30.9,26.3,0
0.9711,0.238673,21.9,29.4,0,6.6,6.3,-0.92388,0.382683,33,-0.707107,0.707107,6.12323e-17,1,15,15,63,51,1016.7,1014.4,7,6,23.7,28.1,0
0.966848,0.255353,19.9,29.9,0,6.8,12.3,6.12323e-17,1,28,-0.382683,0.92388,0.382683,0.92388,4,11,53,52,1015.5,1013,3,2,26.5,29.1,0
0.962309,0.271958,19.9,30,0,7.8,11.5,0.382683,0.92388,28,0.382683,0.92388,0.382683,0.92388,4,13,56,47,1013.5,1010.3,4,1,26.9,28.8,0
0.957485,0.288482,21.4,32.6,0,7.6,12.3,0.707107,0.707107,31,0.92388,-0.382683,0.92388,0.382683,7,11,57,52,1011.6,1006.8,1,1,27.9,30.3,0
0.952378,0.304921,23.1,35.4,0,10.2,11.2,0.382683,0.92388,30,-1.83697e-16,-1,0.707107,0.707107,4,13,56,57,1008.7,1006,5,1,30.1,31.9,0
0.946988,0.32127,23.5,32.2,1.2,8.4,10.8,0.382683,0.92388,31,0.92388,0.382683,6.12323e-17,1,4,13,65,56,1012.6,1010,3,2,27.8,30.5,1
0.941317,0.337523,22.1,29.7,1.2,9.4,6.1,-0.707107,0.707107,26,-1,1.22465e-16,-0.707107,0.707107,4,7,73,72,1012.5,1009.9,6,7,26.3,26.6,1
0.929141,0.369725,21.1,31.3,0.4,6.4,6.6,6.12323e-17,1,26,-0.382683,0.92388,0.382683,0.92388,4,13,65,63,1012.7,1010.3,6,6,27.8,28.7,0
0.92264,0.385663,23,26.7,0,6.2,0,0.707107,0.707107,24,-0.707107,0.707107,-0.382683,0.92388,7,4,79,81,1012.7,1010.6,7,8,25.5,25.7,0
0.915864,0.401488,22.6,27.4,21.6,4.8,0,0.382683,0.92388,44,0.382683,0.92388,6.12323e-17,1,9,13,90,92,1010.2,1008.1,8,8,24.7,24.2,1
0.908818,0.417194,23.1,26.1,39.2,1.6,0,0.707107,0.707107,44,0.382683,0.92388,6.12323e-17,1,17,15,92,91,1008.1,1006,8,8,24.9,25.1,1
0.901502,0.432776,23.2,25.3,54.6,2,0,6.12323e-17,1,70,6.12323e-17,1,6.12323e-17,1,22,24,92,97,1003.3,999,8,8,24.2,23.7,1
0.893919,0.448229,23.1,28.8,145,2.1,3.2,6.12323e-17,1,67,0.382683,0.92388,0.707107,0.707107,37,13,90,76,998.4,998.1,8,7,25.2,27.4,1
0.527078,0.849817,22.6,26.7,0,4.8,0,6.12323e-17,1,17,1,0,0.707107,0.707107,4,6,78,81,1009.9,1008,8,8,24.9,25.2,0
0.512371,0.858764,20.6,23.9,14.8,2.6,0.3,6.12323e-17,1,22,-0.92388,-0.382683,-0.382683,0.92388,6,9,92,97,1009.6,1009.7,7,8,23.1,20.7,1
0.497513,0.867456,20.3,26.3,91.6,1.8,0.3,-0.382683,0.92388,20,-0.707107,0.707107,-1,1.22465e-16,2,4,89,87,1013.3,1011.1,8,8,23.1,23.8,1
0.482508,0.875892,20.5,28.1,11.8,2.8,7.6,6.12323e-17,1,39,-0.382683,0.92388,-0.382683,0.92388,15,17,74,76,1014.5,1012.7,4,5,26.1,24.6,1
0.467359,0.884068,20.7,27.5,4.6,6.8,4.7,6.12323e-17,1,41,6.12323e-17,1,-0.382683,0.92388,17,15,84,79,1016.4,1014.8,7,7,23.2,23.4,1
0.452072,0.891981,20,27.3,2.2,5.6,6.5,-0.707107,0.707107,39,-0.382683,0.92388,6.12323e-17,1,13,11,73,85,1017,1015.1,7,6,24.1,23.2,1
0.421101,0.907014,19.4,28.1,1.8,6.4,6.5,6.12323e-17,1,33,-0.707107,0.707107,-0.707107,0.707107,13,11,64,61,1019,1016.3,7,5,25.4,26.3,1
0.405426,0.914128,19.8,26.7,5,4.2,5.9,-0.707107,0.707107,41,-0.92388,0.382683,-0.382683,0.92388,9,13,72,60,1018.6,1016.2,7,7,24.8,25.6,1
0.38963,0.920971,19.2,28.3,3.2,6,7.5,6.12323e-17,1,30,-0.92388,-0.382683,-0.382683,0.92388,4,15,77,52,1017.5,1014.7,7,4,23.6,27.4,1
0.37372,0.927542,19.7,28,0.8,7,8.4,-0.707107,0.707107,37,-0.707107,0.707107,-0.382683,0.92388,11,15,66,57,1016.9,1014.8,6,5,25.9,26.4,0
0.357698,0.933837,18.9,27.6,0.2,7,8.5,-0.707107,0.707107,43,-0.92388,0.382683,-0.707107,0.707107,11,13,68,64,1016.3,1013.7,4,6,25.2,24.5,0
0.341571,0.939856,19.3,28.5,1.4,5,8.9,-0.707107,0.707107,35,-0.707107,0.707107,-0.382683,0.92388,11,15,64,57,1011.9,1008.2,1,6,24.8,27.1,1
0.325342,0.945596,17.9,29.9,0,8,8,-0.92388,0.382683,22,-0.382683,-0.92388,-0.707107,0.707107,6,13,62,51,1009.3,1006.7,2,7,24.8,28.3,0
0.309017,0.951057,18.3,30.8,0,4.8,10.5,6.12323e-17,1,19,-0.382683,-0.92388,0.707107,0.707107,6,7,63,50,1014.1,1011.5,1,1,24.8,28.1,0
0.2926,0.956235,20.1,31.2,0,5.4,11.1,0.382683,0.92388,22,-0.707107,-0.707107,0.92388,0.382683,4,7,65,55,1015.2,1011.2,1,1,25.9,29.5,0
0.276097,0.96113,20.3,32.4,0,5.2,10.2,-0.707107,0.707107,43,0.707107,0.707107,0.707107,0.707107,2,7,70,62,1010.7,1007,0,2,27.2,30.8,0
0.259512,0.96574,20.3,27.1,0,8,7.2,-0.707107,0.707107,35,-0.707107,0.707107,6.12323e-17,1,7,19,62,55,1017.6,1016.1,7,4,24.1,25.6,0
0.24285,0.970064,17.5,26.8,0,7,8.4,0.382683,0.92388,37,6.12323e-17,1,6.12323e-17,1,6,17,64,50,1020.8,1019.2,4,7,24.2,25,0
0.226116,0.9741,20.3,27.2,0,8.4,1.2,6.12323e-17,1,35,-0.92388,-0.382683,-0.382683,0.92388,4,13,70,72,1022.5,1019.9,7,7,23.3,22.3,0
0.209315,0.977848,19.2,26.9,5,2.6,5.6,6.12323e-17,1,26,-0.382683,0.92388,0.382683,0.92388,4,13,69,67,1021,1017.9,5,7,25,25.4,1
0.192452,0.981306,20.8,28.1,0.4,5,4.9,0.382683,0.92388,19,0.382683,-0.92388,0.382683,0.92388,2,9,79,73,1020.9,1017.3,7,7,24.7,26.4,0
0.175531,0.984474,21.4,31.2,0,4,8.6,0.707107,0.707107,20,-1.83697e-16,-1,0.92388,0.382683,6,9,72,63,1019.2,1014.8,7,1,26,29.1,0
0.14154,0.989932,19.5,30.8,21.2,8.8,10.3,6.12323e-17,1,24,-0.382683,-0.92388,6.12323e-17,1,4,9,75,60,1017.4,1014,4,1,25.3,30,1
0.124479,0.992222,19.7,29.1,0,4.8,10.8,6.12323e-17,1,24,6.12323e-17,1,6.12323e-17,1,7,15,69,54,1019.5,1016.5,3,3,25.8,27.7,0
0.107381,0.994218,20.7,28.2,0.4,5.6,9.3,6.12323e-17,1,28,-0.92388,0.382683,0.382683,0.92388,6,11,77,59,1020.1,1017.4,6,2,25,27.6,0
0.0902516,0.995919,19.4,28.2,0.6,5.6,9.6,6.12323e-17,1,20,-1,1.22465e-16,6.12323e-17,1,2,7,76,59,1020.1,1016.4,6,3,25.4,26,0
0.0730951,0.997325,18.7,30.2,0.2,5.4,6.8,-0.92388,0.382683,20,-0.707107,-0.707107,-1,1.22465e-16,4,7,70,51,1015.8,1012.8,1,5,24.6,29.4,0
0.055917,0.998435,21.1,26.7,0,6.2,3,-0.707107,0.707107,24,-0.707107,0.707107,6.12323e-17,1,11,11,63,60,1017.1,1013.7,7,2,24.6,25.8,0
0.0387223,0.99925,18,28.3,0,3.8,4.7,-1.83697e-16,-1,33,-0.92388,-0.382683,0.382683,0.92388,4,6,73,73,1014.7,1011.1,5,8,23.6,24.6,0
0.0215161,0.999769,18.3,26.4,24.2,5.6,5.9,6.12323e-17,1,20,-0.707107,-0.707107,6.12323e-17,1,7,7,73,64,1014.7,1012.2,6,7,22.1,25.1,1
0.00430354,0.999991,18.2,28.4,0,3.2,8,0.382683,0.92388,20,-0.92388,-0.382683,-0.382683,0.92388,6,9,65,58,1015.4,1012.8,1,4,23.7,25.8,0
-0.0129103,0.999917,19,28,0,3.6,6.5,-0.382683,0.92388,26,-0.92388,-0.382683,6.12323e-17,1,4,11,70,58,1017.7,1015.4,2,3,24.4,26.4,0
-0.0301203,0.999546,17.6,26.8,2.4,4.4,8.4,-0.382683,0.92388,37,-0.92388,0.382683,-0.707107,0.707107,7,13,65,56,1023.2,1021.3,7,5,22.9,25.1,1
-0.0473214,0.99888,17.8,26.1,6,8.6,9.2,-0.92388,0.382683,39,-1,1.22465e-16,-0.707107,0.707107,6,15,72,52,1025.5,1023.2,2,4,22.9,24.3,1
-0.0645084,0.997917,16.9,24.6,2,6.4,2.7,-0.707107,0.707107,30,-0.92388,-0.382683,-1,1.22465e-16,4,4,76,68,1024.4,1020.7,7,8,21.4,22.1,1
-0.0816764,0.996659,17.7,24.9,0.2,4.8,3.1,-0.382683,0.92388,24,-0.707107,-0.707107,6.12323e-17,1,6,2,71,68,1022.2,1019.5,7,7,21.8,22,0
-0.0988201,0.995105,16.9,25,1.4,1.6,5.5,6.12323e-17,1,35,-0.92388,0.382683,0.382683,0.92388,4,9,79,66,1022.7,1020.5,7,7,20.8,24.1,1
-0.115935,0.993257,16.7,25.9,0.4,3.2,8.8,-0.92388,0.382683,26,-0.707107,0.707107,6.12323e-17,1,7,11,71,56,1023.5,1019.9,6,6,21.7,24.7,0
-0.133015,0.991114,17.3,23.9,0.4,5.2,2.1,6.12323e-17,1,30,-0.92388,0.382683,6.12323e-17,1,7,7,79,67,1021.8,1019.1,7,7,20.1,23,0
-0.150055,0.988678,17.1,25.8,0.4,7,6.4,-0.382683,0.92388,39,-1,1.22465e-16,-0.382683,0.92388,6,11,66,66,1021,1019.4,3,7,23.3,23.5,0
-0.167052,0.985948,18.2,23.7,0.2,2.2,1.7,6.12323e-17,1,30,-0.92388,0.382683,-0.707107,0.707107,7,7,76,79,1021,1017.8,8,7,21.4,22.7,0
-0.183998,0.982927,18.4,22.5,36.6,4.3,0,-0.92388,0.382683,26,-1,1.22465e-16,-0.92388,-0.382683,2,4,96,92,1016.9,1013.5,8,8,20.2,20.9,1
-0.200891,0.979614,17.1,28.3,17.4,2.6,8.1,-0.382683,-0.92388,19,-0.707107,-0.707107,-0.92388,0.382683,7,4,71,52,1013.8,1010.9,1,7,22.4,26.5,1
-0.217723,0.976011,17.6,27.5,0,1.8,7.2,0.707107,0.707107,19,-0.707107,-0.707107,0.707107,0.707107,4,9,84,63,1012.8,1009.1,7,5,21.3,26.3,0
-0.234491,0.972118,17.3,29.2,0,2.6,6,0.382683,-0.92388,43,-0.382683,-0.92388,-0.92388,-0.382683,2,6,85,71,1013.5,1011.8,5,7,21.1,21,0
-0.25119,0.967938,16.3,26.9,6,2.6,9.8,0.382683,0.92388,19,-1.83697e-16,-1,6.12323e-17,1,2,6,72,57,1015.3,1011.7,1,1,22.9,26.4,1
-0.267814,0.963471,18.4,29.9,7,7,9,-1.83697e-16,-1,24,-1.83697e-16,-1,-1.83697e-16,-1,4,7,77,52,1014.9,1010.7,1,5,22.9,29.3,1
-0.284359,0.958718,13.8,28.2,0,4.2,10.4,-1.83697e-16,-1,31,-0.707107,-0.707107,-0.382683,-0.92388,4,11,52,27,1012.9,1008.9,1,2,22.2,27.9,0
-0.30082,0.953681,14,25.5,0,6.8,10.7,-1.83697e-16,-1,30,-0.707107,-0.707107,-0.382683,-0.92388,4,13,43,25,1011.7,1008.1,2,1,20,24.9,0
-0.317191,0.948362,12,26.2,0,6.4,10.8,6.12323e-17,1,17,-0.707107,-0.707107,0.707107,0.707107,6,6,52,50,1014.1,1011.3,1,2,19.6,24.1,0
-0.333469,0.942761,15,27.4,0,3.2,10.2,0.382683,0.92388,20,-0.382683,-0.92388,0.707107,0.707107,4,7,77,54,1014.7,1010.2,5,1,20.6,26,0
-0.349647,0.936881,16.4,30.2,0,6,10.1,0.382683,0.92388,19,-0.707107,-0.707107,0.707107,0.707107,2,7,69,56,1013.3,1010.6,1,5,22.4,28.2,0
-0.365723,0.930724,17.1,26.6,0,3.2,10.5,6.12323e-17,1,20,-0.707107,-0.707107,6.12323e-17,1,6,11,69,53,1018.4,1015.7,1,1,21.4,26.1,0
-0.381689,0.924291,16,28.6,0,4,10.5,-1.83697e-16,-1,15,-0.382683,-0.92388,-1.83697e-16,-1,6,7,71,38,1020.6,1017.4,1,1,21.4,27.9,0
-0.397543,0.917584,15.4,26.8,0,3.2,10,-0.382683,0.92388,20,-0.92388,-0.382683,6.12323e-17,1,4,9,65,68,1022.7,1020.4,2,7,21.7,24,0
-0.413279,0.910605,16,26.1,0,4,9,0.382683,0.92388,20,-0.382683,-0.92388,-0.382683,0.92388,6,9,72,41,1023.4,1019.8,3,6,21.5,25.2,0
-0.428892,0.903356,14.1,27.6,0,3.8,10.6,-0.707107,-0.707107,13,-0.707107,-0.707107,-0.382683,0.92388,2,6,71,47,1022.3,1018.9,1,1,20.6,26.5,0
-0.444378,0.895839,15.8,27.2,0,4,10.4,0.707107,0.707107,19,-0.382683,-0.92388,0.382683,0.92388,6,9,73,59,1023.6,1021.4,1,1,21.3,26.1,0
-0.459733,0.888057,16.6,27,0,4,7.4,0.382683,0.92388,22,-0.707107,-0.707107,6.12323e-17,1,4,9,81,57,1023.5,1020.8,7,1,20.1,25.5,0
-0.474951,0.880012,15.9,27.3,0,3.6,8.6,-0.382683,0.92388,20,-0.707107,-0.707107,0.382683,0.92388,6,7,74,59,1021.2,1017.3,2,5,21.4,25.1,0
-0.490029,0.871706,15.9,27.3,0,3.2,8.5,-0.707107,0.707107,39,-0.382683,-0.92388,-0.707107,0.707107,4,17,83,62,1018.8,1017.7,0,3,20.1,24.8,0
-0.504961,0.863142,16.8,24.8,0,5.4,9.6,-0.707107,0.707107,26,-0.707107,-0.707107,-0.382683,0.92388,7,7,60,51,1025.2,1021.3,2,3,20.4,23.7,0
-0.519744,0.854322,12.9,28.6,0,4.8,10.1,-1.83697e-16,-1,28,-0.707107,-0.707107,-0.382683,-0.92388,4,9,71,34,1021.7,1016.1,1,1,19.1,28.1,0
-0.534373,0.845249,14.8,24,0,4.8,7,6.12323e-17,1,26,-0.707107,-0.707107,0.382683,0.92388,4,6,67,68,1021.9,1018.3,5,5,20.7,22.4,0
-0.548843,0.835925,14.8,23.9,0,2.6,7.8,6.12323e-17,1,26,-0.92388,-0.382683,-0.382683,0.92388,2,9,70,63,1023.1,1020.2,3,4,20.4,21.7,0
-0.563151,0.826354,14.9,23.9,0,4.4,8.4,-0.382683,0.92388,26,-0.707107,-0.707107,-0.382683,0.92388,6,13,73,57,1025.6,1023.1,3,7,19.1,22.4,0
-0.577292,0.816538,15,24,0,4.4,9.1,-0.92388,0.382683,31,-0.707107,-0.707107,-0.382683,0.92388,4,9,69,49,1028.4,1025.5,5,3,20.1,22.3,0
-0.591261,0.80648,14.3,24.4,0,5,7.5,-0.707107,0.707107,30,-0.92388,-0.382683,-0.92388,0.382683,2,11,71,58,1028.8,1025.5,5,3,19.1,21.7,0
-0.605056,0.796183,15.8,23.5,1.2,3.4,4.8,-0.382683,0.92388,30,-0.707107,-0.707107,-0.382683,0.92388,6,13,78,65,1027.6,1025,6,4,18.2,21.6,1
-0.618671,0.78565,13.9,22.6,0.8,2.4,3,-0.707107,0.707107,26,-0.707107,-0.707107,-0.382683,0.92388,4,7,81,89,1026.6,1024.1,6,8,18,18.4,0
-0.632103,0.774884,14.8,23.8,4.6,2.2,6.5,-0.707107,0.707107,22,-1,1.22465e-16,-0.707107,0.707107,4,9,87,69,1025.9,1022.2,7,6,17.3,21.9,1
-0.658402,0.752667,17.6,23.9,1.8,1.2,4.2,-1.83697e-16,-1,26,-0.382683,-0.92388,-1.83697e-16,-1,2,6,96,62,1014.6,1010.5,8,7,18.6,23.6,1
-0.67126,0.741222,15.4,23.2,1.2,2.6,9.4,-0.707107,-0.707107,20,-0.382683,-0.92388,-1.83697e-16,-1,11,7,54,35,1014.8,1012.2,7,7,18.5,22.2,1
-0.683919,0.729558,15.4,18.6,0,4,0,-0.382683,-0.92388,19,-0.382683,-0.92388,0.382683,-0.92388,2,7,55,55,1015,1012.7,7,7,17.2,17.7,0
-0.696376,0.717677,9.9,23.4,0,1.6,10.2,0.382683,-0.92388,39,-1.83697e-16,-1,-0.382683,-0.92388,6,13,55,35,1016.8,1012.7,0,1,18.5,23.1,0
-0.708627,0.705584,8.6,22.8,0,5.2,10.2,-1.83697e-16,-1,35,-0.707107,-0.707107,-1.83697e-16,-1,4,13,46,32,1017.1,1012.6,0,1,17.8,22.2,0
-0.720667,0.693281,8.6,21.6,0,5.4,10.1,-1.83697e-16,-1,30,-0.382683,-0.92388,-1.83697e-16,-1,7,11,45,33,1018.5,1015,0,0,16.6,20.9,0
-0.732494,0.680773,8.3,22.3,0,5,9.6,0.707107,-0.707107,17,-0.707107,-0.707107,0.382683,-0.92388,4,7,59,32,1019.5,1015.1,6,1,14.4,21.9,0
-0.744104,0.668064,9.2,21.8,0,3.6,6,-0.707107,-0.707107,13,-0.707107,-0.707107,-0.382683,-0.92388,4,2,58,42,1019.6,1015.4,7,7,14.1,20.7,0
-0.755493,0.655156,11.2,18,0,1.8,0,0.707107,0.707107,24,-0.707107,-0.707107,-0.382683,-0.92388,7,7,69,83,1015.6,1012.7,8,8,15,14.4,0
-0.766659,0.642055,11.6,22.1,5,0.4,10,-1.83697e-16,-1,33,-1.83697e-16,-1,-1.83697e-16,-1,9,15,69,48,1010.2,1007.3,2,3,17.9,21.3,1
-0.777597,0.628763,10.4,20.8,0,7,7.3,-0.382683,-0.92388,44,-1.83697e-16,-1,-0.382683,-0.92388,20,17,68,60,1010.2,1008.9,1,7,16,17.4,0
-0.788305,0.615285,14.2,24.4,1,4.8,8.3,-0.707107,-0.707107,30,-0.707107,-0.707107,-0.92388,-0.382683,7,7,54,49,1018,1018,1,7,19.3,21.7,0
-0.798779,0.601624,12,23.8,0,4.6,8.2,-0.382683,-0.92388,19,-0.707107,-0.707107,-0.92388,-0.382683,7,4,58,45,1024.6,1021.2,2,4,17.3,23,0
-0.809017,0.587785,11.7,24.5,0,3.2,9.2,-0.707107,0.707107,28,-0.707107,-0.707107,-0.707107,0.707107,6,13,65,47,1025.8,1023.8,1,1,17.4,23,0
-0.819015,0.573772,14.9,22.2,1.6,4,3.8,6.12323e-17,1,31,-0.707107,-0.707107,-0.382683,0.92388,6,7,72,85,1028.2,1026.9,3,7,18.9,18.6,1
-0.82877,0.559589,13.7,23.2,4.4,3.2,6.3,6.12323e-17,1,30,-0.92388,0.382683,6.12323e-17,1,6,13,77,60,1030.4,1027.9,7,6,19.3,21.3,1
-0.83828,0.54524,14.1,21.4,0.8,3,1.8,0.382683,0.92388,17,-0.382683,-0.92388,-0.707107,0.707107,4,6,86,96,1028.1,1026.4,6,7,17.4,17.6,0
-0.847541,0.53073,14.3,23.1,17.4,3.8,8.5,0.382683,0.92388,26,-0.707107,-0.707107,6.12323e-17,1,4,13,90,60,1028.1,1025,6,5,18.9,21.6,1
-0.856551,0.516062,13.4,22.2,2.6,4,0.9,-0.382683,0.92388,13,-0.707107,-0.707107,0.382683,0.92388,4,4,85,59,1024.1,1019.1,7,7,17,21.7,1
-0.865307,0.501242,15.1,24.7,0,1.8,5.3,-1.83697e-16,-1,37,0.92388,0.382683,-1.83697e-16,-1,4,17,72,79,1013.8,1009.1,7,7,20.4,20.4,0
-0.873807,0.486273,12.9,22.7,1.4,3.2,10.1,-0.382683,-0.92388,26,-0.382683,-0.92388,-0.707107,-0.707107,7,7,59,36,1016.1,1015.6,1,1,17.9,21.8,1
-0.882048,0.47116,9.9,23.6,0,4,9.8,-0.382683,-0.92388,20,-0.707107,-0.707107,-0.707107,0.707107,7,2,57,45,1024,1021.6,0,4,16.1,22.7,0
-0.890028,0.455907,11.7,20.9,0,2.4,0.2,-0.382683,-0.92388,13,-0.382683,-0.92388,0.382683,-0.92388,6,4,75,65,1026.1,1023.2,8,7,15.4,20.6,0
-0.905193,0.425,14.8,24.5,0,2.2,3.3,-1,1.22465e-16,11,-0.707107,-0.707107,0.382683,-0.92388,6,2,78,55,1025.5,1021.7,7,6,17.6,23.5,0
-0.912375,0.409356,13.4,23,0,1.8,2.6,-0.92388,0.382683,26,-0.707107,-0.707107,-0.92388,0.382683,6,4,85,83,1026.1,1024.1,7,8,15.8,19.6,0
-0.919286,0.39359,15.8,22.1,6,0.6,1.3,-0.382683,0.92388,33,-0.382683,0.92388,-0.707107,0.707107,2,13,92,57,1026.1,1022.9,7,7,17.3,20.6,1
-0.925925,0.377708,15.1,18.7,3,4.2,0,-1.83697e-16,-1,15,-1,1.22465e-16,-0.382683,-0.92388,2,6,95,97,1022.4,1019.7,8,8,16.4,17.6,1
-0.938377,0.345612,16.3,22,0.2,0,1.5,0.92388,0.382683,26,-0.382683,-0.92388,0.707107,0.707107,4,13,97,83,1018.1,1013.5,8,6,17.9,21.3,0
-0.944188,0.329408,15.9,22.8,2.4,1.6,1.7,-0.382683,-0.92388,13,-0.707107,-0.707107,-0.382683,-0.92388,4,6,85,74,1012.2,1009.3,6,7,20,21.5,1
-0.949718,0.313107,14.8,20.9,0,2,10,-1.83697e-16,-1,35,-1.83697e-16,-1,-1.83697e-16,-1,11,15,58,45,1011.5,1008.5,1,1,17.5,20.7,0
-0.954967,0.296713,11.4,20.1,0,4,9.9,-1.83697e-16,-1,39,-1.83697e-16,-1,-1.83697e-16,-1,13,19,60,48,1011.8,1011.3,1,1,15.9,18.8,0
-0.959933,0.280231,10.8,21.7,0,5.8,9.8,-1.83697e-16,-1,13,-0.707107,-0.707107,-0.707107,-0.707107,4,2,63,45,1014.9,1011.2,1,1,15.5,21.3,0
-0.964614,0.263665,8.9,20.3,0,2.2,9.8,-1.83697e-16,-1,33,-1.83697e-16,-1,-1.83697e-16,-1,9,13,50,36,1011.7,1008.1,1,1,15.1,19.6,0
-0.96901,0.247022,6.7,20.2,0,4.6,9.8,-1.83697e-16,-1,22,-0.382683,-0.92388,0.382683,-0.92388,7,11,54,31,1014.1,1011.4,1,1,14,19.3,0
-0.973118,0.230306,8.6,20.1,0,3,9.1,-0.707107,-0.707107,24,-0.382683,-0.92388,-0.92388,-0.382683,11,4,53,35,1018,1016.2,1,4,13.9,19,0
-0.976938,0.213521,12.3,19.3,0,4.8,1,-0.707107,-0.707107,15,-0.707107,-0.707107,-0.382683,-0.92388,4,6,63,58,1020.7,1017.7,7,7,14.8,18.8,0
-0.980469,0.196673,12.3,13.6,2.6,2.2,0,-0.382683,-0.92388,13,-0.707107,-0.707107,-0.707107,-0.707107,4,4,92,90,1019.8,1017.3,8,8,12.7,13.4,1
-0.983709,0.179767,9.8,20.7,6,0.2,9.2,-1.83697e-16,-1,17,-0.382683,-0.92388,-0.707107,0.707107,6,4,86,50,1021.7,1019.3,1,3,12.4,20.1,1
-0.986658,0.162807,8.6,22.1,0,2.6,8,-0.382683,-0.92388,19,-0.707107,-0.707107,-1,1.22465e-16,6,4,73,45,1024.7,1021.2,3,5,14.2,20.4,0
-0.989314,0.145799,10.5,21,0,2.6,9.6,-1.83697e-16,-1,26,-0.707107,-0.707107,-0.382683,-0.92388,4,7,70,33,1022,1017.6,2,2,16,20.7,0
-0.991677,0.128748,5.7,19.4,0,3.2,8.3,-1.83697e-16,-1,37,-0.707107,0.707107,-1.83697e-16,-1,4,9,61,34,1018.7,1013.5,1,3,12.7,19.1,0
-0.993747,0.111659,7.3,20.1,0,5,10.1,-1.83697e-16,-1,24,-0.382683,-0.92388,-0.382683,-0.92388,9,9,61,35,1016.8,1013.2,1,1,12.9,19.9,0
-0.995521,0.0945367,11.1,19.6,0,2.4,3.3,-0.382683,-0.92388,17,-0.382683,-0.92388,-0.707107,0.707107,6,7,74,89,1018.6,1016.1,6,8,15.5,17.5,0
-0.997001,0.0773865,14.7,22.1,1.8,0.8,2.1,-0.382683,0.92388,22,-0.382683,-0.92388,-0.382683,0.92388,7,9,84,68,1020.6,1017.7,7,6,16.5,19.9,1
-0.999074,0.0430222,13.9,15.9,2.4,0.6,0.1,-0.382683,-0.92388,19,-0.92388,-0.382683,-0.92388,-0.382683,4,6,89,88,1019.8,1017,8,7,15.1,15.3,1
-0.999667,0.0258184,13.1,17.9,8.8,0.8,0.8,-0.382683,-0.92388,28,-0.707107,-0.707107,-0.382683,-0.92388,9,7,93,90,1014.1,1010.6,7,8,14.3,16.4,1
-0.999963,0.008607,14.1,23.3,15.4,1.2,3.7,-0.707107,-0.707107,26,-0.707107,-0.707107,-1,1.22465e-16,6,9,79,61,1015,1014.8,7,5,17.9,22.4,1
-0.999963,-0.008607,15.7,23.6,0,2,8.5,-0.92388,0.382683,24,-0.707107,-0.707107,-0.707107,0.707107,6,11,69,61,1022.2,1020.7,2,3,18.7,22.4,0
-0.999667,-0.0258184,16.5,23.9,0.4,3,8.9,6.12323e-17,1,19,-0.707107,-0.707107,0.707107,0.707107,4,6,76,49,1022,1017.4,3,5,19.5,23.1,0
-0.999074,-0.0430222,13.4,23.8,0,3.4,4.7,0.382683,0.92388,15,-0.92388,0.382683,0.382683,0.92388,2,7,78,70,1018.2,1014.4,5,6,18.8,22.8,0
-0.998186,-0.0602133,12.5,25.4,0,2,9.7,0.382683,0.92388,13,-0.382683,-0.92388,0.92388,0.382683,6,6,82,31,1021.7,1019.1,1,1,16.1,24.4,0
-0.997001,-0.0773865,11.4,22.8,0,3.2,9.2,6.12323e-17,1,19,-0.707107,-0.707107,6.12323e-17,1,4,9,72,52,1026.1,1024.1,7,2,14.9,21.6,0
-0.995521,-0.0945367,12.1,22.8,0,3.2,9.6,-1.83697e-16,-1,17,-0.707107,-0.707107,-1.83697e-16,-1,4,6,69,47,1030.6,1027.3,6,1,15.7,21.6,0
-0.993747,-0.111659,10.7,20.6,0,3.4,5.8,-0.92388,0.382683,30,-0.92388,-0.382683,-0.382683,0.92388,6,9,66,56,1030.2,1027.3,2,7,15.3,18.7,0
-0.991677,-0.128748,12.6,17.4,1.6,2.6,0,-0.707107,-0.707107,17,-0.707107,-0.707107,-0.382683,0.92388,6,6,94,76,1030.1,1028,8,8,13.6,17.3,1
-0.989314,-0.145799,12.9,21.4,0.6,0.4,9.6,-0.382683,0.92388,22,-0.707107,-0.707107,-0.382683,0.92388,4,9,76,57,1031.6,1029.4,3,2,16.6,19.5,0
-0.986658,-0.162807,12.4,20.7,0.2,5,5.2,-0.92388,0.382683,19,-0.92388,-0.382683,-0.707107,0.707107,4,4,75,62,1030,1026.4,6,7,16.7,19.8,0
-0.983709,-0.179767,10.1,21.8,0,3.2,9.2,6.12323e-17,1,19,-0.92388,-0.382683,-0.382683,0.92388,4,7,87,53,1028.2,1025.1,3,2,13.6,19.9,0
-0.980469,-0.196673,11.6,19.6,1.6,2.2,2.3,-0.382683,-0.92388,15,-0.92388,-0.382683,-0.707107,-0.707107,4,2,95,71,1027.4,1025.1,7,7,13,18.4,1
-0.976938,-0.213521,12.9,20.3,0.2,0.6,3.1,6.12323e-17,1,22,-0.707107,-0.707107,1,0,4,6,84,71,1026.7,1023.8,7,7,16.1,18.7,0
-0.973118,-0.230306,13.1,22.2,0,1.6,8.7,6.12323e-17,1,22,-0.707107,-0.707107,0.382683,0.92388,6,9,80,65,1026.8,1024,2,6,16.8,20.4,0
-0.96901,-0.247022,13.5,22.1,0.2,2.6,8.1,6.12323e-17,1,20,-0.382683,-0.92388,0.382683,0.92388,6,11,88,58,1025.8,1022.9,5,4,16.3,20.9,0
-0.964614,-0.263665,12.4,22.2,0.4,3.2,7,6.12323e-17,1,20,-0.382683,-0.92388,0.382683,0.92388,4,7,81,65,1024.8,1022,5,5,17.9,21,0
-0.959933,-0.280231,13.2,23.5,1.6,1.4,5.1,0.382683,0.92388,20,-0.707107,-0.707107,0.707107,0.707107,2,7,92,69,1021.9,1017.5,5,7,17.9,21.6,1
-0.954967,-0.296713,16.3,23.4,2.8,1.4,3.5,-1.83697e-16,-1,37,0.92388,-0.382683,0.382683,-0.92388,4,6,84,85,1015.5,1012.5,5,7,20.1,17.8,1
-0.949718,-0.313107,13,22.2,0.2,2.4,9.2,-1.83697e-16,-1,19,-1.83697e-16,-1,0.382683,-0.92388,9,9,64,43,1018.7,1016.1,1,6,16.9,21.5,0
-0.944188,-0.329408,11.8,18,0.2,3.6,1,-0.707107,-0.707107,13,-0.707107,-0.707107,-0.707107,-0.707107,6,2,68,67,1021.5,1020,7,8,13.9,15.9,0
-0.938377,-0.345612,11.8,20,3,1.4,9.4,-1.83697e-16,-1,26,-0.707107,-0.707107,-1.83697e-16,-1,4,11,65,33,1022.8,1018.9,5,1,15.3,19.7,1
-0.932289,-0.361714,7.9,21.3,0,4.8,9.8,-0.707107,0.707107,26,-0.707107,-0.707107,-0.707107,-0.707107,7,4,57,41,1023.1,1020.6,1,1,13.4,20.9,0
-0.925925,-0.377708,12.1,21.6,0,3.4,6.2,-0.382683,0.92388,26,-0.707107,-0.707107,-0.382683,0.92388,6,9,56,59,1026.9,1024.4,5,6,16.9,19.8,0
-0.919286,-0.39359,14.2,22.3,0,2.8,6,6.12323e-17,1,15,-0.92388,0.382683,0.382683,0.92388,4,7,72,67,1027.5,1024.9,7,6,16.6,19.4,0
-0.912375,-0.409356,11.1,22.3,0,2.6,9.5,-0.382683,0.92388,22,-0.707107,-0.707107,6.12323e-17,1,4,13,81,56,1028.9,1026.4,2,4,15.8,20.6,0
-0.905193,-0.425,11.4,22.1,0,3.2,5.6,6.12323e-17,1,33,-0.382683,-0.92388,6.12323e-17,1,4,13,77,53,1028.7,1025.9,1,4,17.1,20.8,0
-0.897743,-0.440519,13.1,21.8,1,2.8,4.9,6.12323e-17,1,19,-0.92388,-0.382683,-0.382683,-0.92388,4,2,86,73,1025.4,1022,3,6,16.3,19.4,0
-0.882048,-0.47116,10.7,22.8,0.6,2.2,9,-0.707107,-0.707107,20,-0.92388,-0.382683,-0.92388,-0.382683,6,6,69,54,1017.6,1015.3,1,5,17.1,22,0
-0.873807,-0.486273,12.4,22.7,0,3.4,7.7,-0.92388,0.382683,24,-0.92388,-0.382683,-0.92388,0.382683,4,6,67,55,1019.5,1016.8,5,7,18.2,21.6,0
-0.865307,-0.501242,11.4,24.3,0,2.6,9.1,0.92388,-0.382683,15,-0.707107,-0.707107,0.92388,0.382683,6,7,75,55,1020,1015.7,1,3,16.7,22.5,0
-0.856551,-0.516062,11.6,24.1,0,3,10.3,0.382683,-0.92388,33,-0.707107,-0.707107,-1.83697e-16,-1,2,11,51,22,1018.7,1014.7,0,0,18.5,23.4,0
-0.83828,-0.54524,8.9,23.9,0,4.6,10.1,0.382683,-0.92388,22,-0.92388,0.382683,-1.83697e-16,-1,4,9,53,34,1021,1016.8,0,1,17.2,23,0
-0.82877,-0.559589,8.5,24.8,0,3.6,10,-1.83697e-16,-1,24,-0.707107,-0.707107,0.382683,-0.92388,2,7,64,30,1019.6,1014.5,3,2,15.4,24.5,0
-0.819015,-0.573772,9.2,25.9,0,3.4,10,0.382683,-0.92388,20,-0.92388,-0.382683,0.382683,-0.92388,2,7,60,29,1016.8,1011.4,1,1,16.6,25.2,0
-0.809017,-0.587785,9.1,22.6,0,3.6,10.3,-1.83697e-16,-1,46,-0.707107,-0.707107,-1.83697e-16,-1,2,20,55,25,1011.4,1008.1,0,1,17.3,21.3,0
-0.798779,-0.601624,9.8,23,0,9.2,10.2,-0.707107,-0.707107,28,-0.707107,-0.707107,0.382683,-0.92388,11,7,46,36,1017.2,1014,0,1,16.1,22.6,0
-0.788305,-0.615285,8.8,26.5,0,4,10.1,-0.382683,-0.92388,19,-0.707107,-0.707107,-0.707107,-0.707107,4,4,47,28,1017.4,1015.3,0,1,17.4,26.2,0
-0.777597,-0.628763,10.8,26.9,0,3,10,0.382683,0.92388,15,-0.707107,-0.707107,0.382683,0.92388,2,9,58,37,1019.6,1015.8,4,1,17.5,25.3,0
-0.755493,-0.655156,13.1,28,0,3.8,10.1,6.12323e-17,1,26,-0.382683,-0.92388,6.12323e-17,1,2,13,56,47,1015.1,1013.7,1,1,21.9,24.9,0
-0.744104,-0.668064,13.2,25.1,0,4.6,7.7,0.707107,0.707107,22,-0.92388,-0.382683,0.382683,0.92388,2,11,70,69,1017.7,1012.6,1,6,19.9,22.9,0
-0.732494,-0.680773,13.4,25.7,0.2,3,10.6,-1.83697e-16,-1,35,-0.382683,-0.92388,-0.382683,-0.92388,6,13,43,19,1017.1,1014.9,1,0,21.9,24.9,0
-0.720667,-0.693281,10.2,21.8,0,8.2,10.4,0.382683,0.92388,22,-0.92388,-0.382683,0.382683,0.92388,6,13,46,52,1024,1019.4,1,1,16.4,20.9,0
-0.708627,-0.705584,11.5,24.4,0,3.6,9.3,0.382683,0.92388,28,-0.707107,-0.707107,0.707107,0.707107,2,11,69,59,1019.3,1013.7,6,2,17.7,22.4,0
-0.696376,-0.717677,14.1,26.5,0,3.8,10.5,6.12323e-17,1,20,-0.92388,-0.382683,-0.382683,-0.92388,4,2,87,29,1019.4,1015.6,1,1,16.4,26.3,0
-0.683919,-0.729558,13,26.1,0,4,10.4,-1.83697e-16,-1,26,-0.707107,-0.707107,-1.83697e-16,-1,4,9,69,30,1017,1010.5,6,5,18.6,24.9,0
-0.67126,-0.741222,10.7,21.4,0,4,10.7,-1.83697e-16,-1,39,0.382683,-0.92388,-1.83697e-16,-1,7,19,40,22,1013.8,1011.2,1,1,18.8,20.5,0
-0.658402,-0.752667,7.7,20.8,0,8.2,10.7,-0.382683,-0.92388,22,-0.382683,-0.92388,0.707107,-0.707107,7,6,38,21,1017.5,1013.3,1,0,13.4,20.1,0
-0.645348,-0.763889,6.8,21.9,0,6,10.8,-1.83697e-16,-1,22,-0.92388,-0.382683,-1.83697e-16,-1,6,6,41,22,1018.2,1014.3,1,3,15,21.4,0
-0.632103,-0.774884,6,23.9,0,2.8,11,0.382683,-0.92388,41,-0.382683,-0.92388,-1.83697e-16,-1,2,19,48,20,1019,1014.6,1,0,15.3,23,0
-0.618671,-0.78565,9,25.7,0,7.4,11,-0.382683,-0.92388,24,-0.382683,-0.92388,0.382683,0.92388,4,13,36,31,1020.4,1018.7,0,0,19.7,23.2,0
-0.605056,-0.796183,11,24.5,0,4.8,10,6.12323e-17,1,24,-0.707107,-0.707107,0.382683,0.92388,6,11,61,53,1026.3,1022.4,1,1,18.1,22.7,0
-0.591261,-0.80648,12.6,25,0,3.4,9.9,0.92388,0.382683,19,-0.707107,-0.707107,0.92388,0.382683,4,9,71,52,1025.5,1021.2,1,1,19.1,23.1,0
-0.577292,-0.816538,12.1,25.8,0,4.2,10.5,0.707107,0.707107,20,-0.707107,-0.707107,0.92388,0.382683,4,7,69,51,1023.3,1018.4,1,1,19.3,24.2,0
-0.563151,-0.826354,11.2,28.5,0,3.6,10.6,0.382683,-0.92388,19,-0.707107,-0.707107,0.707107,-0.707107,2,6,63,26,1021.2,1017,0,1,19.7,28.3,0
-0.548843,-0.835925,13.4,25.9,0,4.4,10.6,6.12323e-17,1,24,-0.707107,-0.707107,0.382683,0.92388,4,11,61,52,1024.4,1020.2,1,1,20.1,23.7,0
-0.534373,-0.845249,13.1,25.4,0,4.8,10.3,0.92388,0.382683,26,-0.707107,-0.707107,0.92388,0.382683,4,9,71,53,1024,1019.5,1,1,19.7,23.6,0
-0.519744,-0.854322,14.2,26.8,0,4.6,10.2,0.707107,0.707107,19,0.92388,0.382683,0.707107,0.707107,4,9,67,58,1023.3,1019.2,1,2,21.8,25.9,0
-0.504961,-0.863142,16.6,26.1,0,4.2,9.6,-0.382683,0.92388,30,-0.707107,0.707107,-0.382683,0.92388,9,11,59,47,1025.7,1023.4,2,3,23.7,23.8,0
-0.490029,-0.871706,13.7,25.6,0,6.6,6.7,6.12323e-17,1,31,-0.707107,-0.707107,-0.382683,0.92388,4,13,64,54,1029.3,1026.4,7,3,19.6,23.2,0
-0.474951,-0.880012,15.1,23.5,0,5.2,8.9,-0.382683,0.92388,41,-0.92388,0.382683,-0.707107,0.707107,6,15,66,49,1031.1,1028.7,6,3,19.4,22.1,0
-0.459733,-0.888057,12.6,23.5,0.4,7.2,10.5,-0.382683,0.92388,31,-0.92388,-0.382683,-0.382683,0.92388,4,15,52,44,1031.4,1029.2,2,2,20.6,21.8,0
-0.444378,-0.895839,12.2,24.3,0,6.4,9.8,0.707107,0.707107,24,-0.92388,-0.382683,-0.382683,0.92388,4,7,59,44,1030.5,1026.8,2,1,19.6,23.1,0
-0.428892,-0.903356,11,24.7,0,4.6,10.7,0.382683,0.92388,20,-0.707107,-0.707107,0.707107,0.707107,6,7,65,46,1029.9,1025.4,1,0,18.1,23.6,0
-0.413279,-0.910605,12.3,25.6,0,4.2,10.6,1,0,24,-1.83697e-16,-1,0.92388,0.382683,4,7,63,54,1028.4,1023.5,0,0,20,23.5,0
-0.397543,-0.917584,12.1,26.2,0,5.8,10.1,0.707107,0.707107,20,-0.382683,0.92388,0.707107,0.707107,4,9,63,49,1025.3,1020.6,1,3,21.4,24,0
-0.381689,-0.924291,12,25,0,5.2,10.4,0.382683,0.92388,22,-0.382683,0.92388,0.707107,0.707107,4,7,62,45,1023.6,1018.8,1,1,21.4,24.1,0
-0.365723,-0.930724,15.7,26.5,0,6,7.1,0.707107,0.707107,26,0.382683,-0.92388,0.707107,0.707107,4,9,66,60,1016.9,1011.4,5,7,21.7,24.1,0
-0.349647,-0.936881,13.1,31.5,0,3.6,10.7,0.92388,0.382683,20,-0.707107,-0.707107,0.707107,0.707107,2,7,59,44,1013.7,1008.7,1,1,22,27.7,0
-0.333469,-0.942761,15.2,30.9,0,4.8,10.6,0.382683,0.92388,28,-0.707107,-0.707107,0.382683,0.92388,6,15,44,66,1014.6,1010.6,1,1,23.2,25.4,0
-0.317191,-0.948362,16.9,26.1,0,5.6,8,6.12323e-17,1,30,-0.382683,0.92388,6.12323e-17,1,9,15,58,60,1017.4,1016,2,3,24.2,23.2,0
-0.30082,-0.953681,19.6,26,0.2,6.2,8.8,0.707107,0.707107,31,0.707107,0.707107,0.707107,0.707107,9,13,71,71,1016.7,1010.5,5,2,23.2,25,0
-0.284359,-0.958718,15.1,27.8,0,5,10.7,0.382683,0.92388,24,-0.92388,0.382683,0.707107,0.707107,7,9,52,48,1016.9,1013.3,1,1,24,25.8,0
-0.25119,-0.967938,17,29.1,11.8,3.8,8.2,0.382683,-0.92388,37,1,0,0.707107,-0.707107,6,9,75,45,1009.4,1003,6,4,21.7,29,1
-0.234491,-0.972118,12.6,29.4,0.2,5,11.3,-1.83697e-16,-1,37,0.382683,-0.92388,-1.83697e-16,-1,6,13,41,22,1010.4,1006.1,1,0,23.7,29.2,0
-0.217723,-0.976011,12.6,30,0,5,9.5,0.382683,0.92388,22,0.92388,0.382683,0.382683,0.92388,4,11,60,52,1010.1,1004.3,0,1,22.9,28.9,0
-0.200891,-0.979614,15.2,28.1,0,5.8,11.4,-1.83697e-16,-1,37,-0.382683,-0.92388,-1.83697e-16,-1,7,15,28,20,1012.4,1008.6,0,0,24,27.9,0
-0.183998,-0.982927,10.9,25,0,11.4,11,0.382683,0.92388,24,-0.92388,-0.382683,6.12323e-17,1,2,13,32,43,1014.7,1011.7,0,1,22.4,23.3,0
-0.167052,-0.985948,14.7,25.4,0,5.8,10.5,0.382683,0.92388,28,-1,1.22465e-16,0.92388,0.382683,2,11,57,57,1016.1,1012.3,2,1,21.6,23.9,0
-0.150055,-0.988678,14.4,27.9,0,6,11,0.707107,0.707107,20,-0.707107,-0.707107,0.707107,0.707107,6,7,65,47,1017.4,1012.3,5,1,21.6,27.4,0
-0.133015,-0.991114,15.3,32.8,0,4.8,10.4,0.707107,-0.707107,28,0.382683,0.92388,0.707107,0.707107,4,13,57,44,1013.4,1007.5,1,2,23.9,29.4,0
-0.115935,-0.993257,16.3,31.2,0,7.8,10.8,6.12323e-17,1,24,-0.707107,-0.707107,0.707107,0.707107,4,13,48,26,1012.3,1010.2,0,0,27.7,29.3,0
-0.0988201,-0.995105,18.6,29.3,0,6.4,9.8,0.92388,0.382683,26,6.12323e-17,1,0.707107,0.707107,2,9,73,61,1013.7,1008.9,2,0,24.3,28.1,0
-0.0816764,-0.996659,19.3,28.1,0,5.6,11,-0.382683,0.92388,37,-0.707107,0.707107,6.12323e-17,1,19,20,45,51,1017.9,1015.4,0,0,26,24.8,0
-0.0645084,-0.997917,18,27.1,0.2,8.8,2.1,0.382683,0.92388,20,-0.92388,-0.382683,0.382683,-0.92388,4,6,83,52,1017.8,1012.8,8,6,19.4,25.1,0
-0.0473214,-0.99888,14.8,30.1,0.4,1.6,11,6.12323e-17,1,39,-0.92388,-0.382683,6.12323e-17,1,6,17,52,55,1015.9,1013.4,1,2,26.6,25.4,0
-0.0301203,-0.999546,16.4,27,0,7,9.5,0.92388,0.382683,22,0.707107,0.707107,0.707107,0.707107,4,9,66,63,1021.1,1017.2,7,5,22.9,24.6,0
-0.0129103,-0.999917,18.4,30.8,0,5.2,10.2,0.707107,0.707107,33,1,0,0.92388,0.382683,7,13,63,60,1018.7,1012.3,2,7,24.7,28.1,0
0.00430354,-0.999991,18,29.7,1.2,8,9.2,-1.83697e-16,-1,24,0.707107,0.707107,0.707107,0.707107,6,11,61,39,1017.1,1012.5,2,1,23.5,27.5,1
0.0215161,-0.999769,17.1,32.6,0,6.2,11.1,-1.83697e-16,-1,44,0.92388,0.382683,-1.83697e-16,-1,2,17,56,19,1012,1008,1,2,26.5,31.2,0
0.0387223,-0.99925,12.8,24.9,0,15,11.3,6.12323e-17,1,26,-0.92388,-0.382683,0.382683,0.92388,6,13,33,35,1019.9,1016.9,0,1,20.8,22.4,0
0.055917,-0.998435,12.7,29.4,0,6.2,11.4,-0.92388,0.382683,19,-0.707107,-0.707107,0.382683,0.92388,4,11,52,36,1019.3,1013.4,0,0,21.1,26.1,0
0.0730951,-0.997325,13.4,31.6,0,6.6,11.8,0.707107,0.707107,26,6.12323e-17,1,0.707107,0.707107,6,11,50,39,1014.5,1008.5,0,0,24.4,29.5,0
0.0902516,-0.995919,15.2,34.7,0,5.4,10.5,-0.707107,0.707107,43,6.12323e-17,1,0.382683,0.92388,2,9,45,37,1009.6,1004,0,3,26.9,30.8,0
0.107381,-0.994218,18.2,31,0,7.4,10.5,0.382683,0.92388,33,-1.83697e-16,-1,0.707107,0.707107,4,13,57,54,1013,1009,4,2,23.9,25.5,0
0.124479,-0.992222,15.1,26.2,0,8.2,11.9,0.382683,0.92388,28,-0.382683,0.92388,0.707107,0.707107,4,11,46,49,1021.5,1018.9,2,1,23.2,23.7,0
0.14154,-0.989932,14.3,28.3,0,6.8,11.5,0.707107,0.707107,30,-1.83697e-16,-1,0.707107,0.707107,4,15,52,52,1019.9,1013.3,0,0,23.4,26.8,0
0.158559,-0.987349,16.3,31.7,0,7.8,11.6,-0.382683,0.92388,41,1,0,0.382683,0.92388,6,11,40,46,1012.8,1009.2,0,1,27,30.1,0
0.175531,-0.984474,20.7,28,0,7.6,8.6,0.707107,0.707107,30,6.12323e-17,1,0.707107,0.707107,11,11,77,60,1018.2,1014.1,7,5,23.8,26.9,0
0.192452,-0.981306,18.7,30.9,0,7.6,11.2,0.92388,0.382683,31,0.92388,-0.382683,0.707107,0.707107,9,13,49,55,1015,1008.5,1,1,25.9,27.4,0
0.209315,-0.977848,20.9,29,0,10.6,11.7,-1.83697e-16,-1,48,-1.83697e-16,-1,-0.707107,-0.707107,13,9,26,14,1013.1,1012,1,0,24.9,28.3,0
0.226116,-0.9741,13.8,27,0,12,12.2,0.382683,0.92388,26,1,0,0.382683,0.92388,4,11,53,40,1022.2,1019,2,1,22.8,24.9,0
0.24285,-0.970064,16,26.6,0,6.6,8.8,0.92388,0.382683,31,1,0,0.707107,0.707107,7,15,54,51,1023.7,1019.1,2,6,23.2,24,0
0.259512,-0.96574,15.8,27.8,0,8.4,11.8,0.707107,0.707107,33,1,0,0.92388,0.382683,9,15,48,57,1020.3,1015.4,1,2,25.3,25.4,0
0.276097,-0.96113,18.4,24.8,0,8,2,6.12323e-17,1,31,-1,1.22465e-16,-0.707107,0.707107,7,6,72,88,1020.4,1019.8,7,7,22.3,20,0
0.2926,-0.956235,15,27.4,12.2,4.4,11.9,6.12323e-17,1,30,-1,1.22465e-16,6.12323e-17,1,7,15,50,50,1024.5,1020,1,2,23.6,25.4,1
0.309017,-0.951057,16.9,27.4,0,7.6,10,6.12323e-17,1,28,-0.382683,0.92388,0.382683,0.92388,7,17,62,62,1022.8,1018.9,4,6,23.9,24.3,0
0.325342,-0.945596,18,28,0,6,11.7,0.382683,0.92388,24,0.92388,0.382683,0.382683,0.92388,4,11,58,53,1020.7,1017.1,6,1,24.8,26.6,0
0.341571,-0.939856,17.8,28.4,0,8,11.2,0.707107,0.707107,26,0.707107,-0.707107,0.707107,0.707107,7,11,61,47,1019.3,1014.9,2,1,24.3,26.4,0
0.357698,-0.933837,19.5,29.6,0,7.6,11.4,0.382683,0.92388,31,0.707107,-0.707107,0.92388,0.382683,9,13,56,56,1015.7,1011.1,1,1,25.4,27.3,0
0.37372,-0.927542,20.1,33,0,10.6,7.4,-1.83697e-16,-1,24,1,0,-1.83697e-16,-1,7,4,47,44,1013.2,1011.6,4,8,28.1,28.4,0
0.38963,-0.920971,19.2,26.2,0.2,5.2,8.7,-0.382683,0.92388,39,-0.707107,0.707107,6.12323e-17,1,19,15,56,55,1021.6,1019.5,7,3,23.9,23.6,0
0.405426,-0.914128,16.8,29.2,0,7.6,11.9,0.707107,0.707107,26,0.92388,0.382683,1,0,6,9,55,50,1020.9,1015.6,1,1,25.3,27.9,0
0.421101,-0.907014,17.9,26.7,0,7.8,11.5,-0.382683,0.92388,30,-0.382683,0.92388,0.382683,0.92388,11,15,57,48,1021.9,1019,6,1,24,25.2,0
0.436651,-0.899631,16.6,26.8,0,9.6,10.3,0.707107,0.707107,37,0.707107,0.707107,0.707107,0.707107,7,13,59,57,1022,1017.1,7,1,23.6,25.4,0
0.452072,-0.891981,19,31.3,0,8,7.7,0.707107,0.707107,35,1,0,6.12323e-17,1,9,13,51,80,1015.5,1010.7,1,7,26,24.5,0
0.467359,-0.884068,16.5,27.2,8.8,6.6,6.8,6.12323e-17,1,37,-0.92388,0.382683,-0.382683,0.92388,11,17,67,51,1015.6,1013.6,7,1,21.9,25.4,1
0.482508,-0.875892,18.4,26.3,0.2,8.4,10.2,6.12323e-17,1,31,-0.382683,0.92388,6.12323e-17,1,11,13,58,51,1020.4,1017.8,4,2,22.7,25.1,0
0.497513,-0.867456,15.6,26.5,0,9,12.5,0.382683,0.92388,30,6.12323e-17,1,0.382683,0.92388,6,13,46,38,1023.1,1020,4,2,24.5,25.2,0
0.512371,-0.858764,15.5,28.2,0,8.4,12.3,0.707107,0.707107,26,0.707107,0.707107,0.92388,0.382683,4,11,52,46,1022,1017.5,3,5,24.8,26.1,0
0.527078,-0.849817,17.1,31.3,0,7.6,12.2,0.382683,0.92388,24,-0.707107,-0.707107,0.707107,0.707107,2,11,47,53,1018.3,1012.5,1,1,25.4,28.6,0
0.541628,-0.840618,20,26.1,0,8.4,8.2,6.12323e-17,1,37,-0.707107,0.707107,-0.382683,0.92388,9,19,56,56,1017.7,1016.8,4,7,23.9,23,0
0.556017,-0.831171,16.7,24.9,0,14.4,10.3,-0.382683,0.92388,61,6.12323e-17,1,6.12323e-17,1,13,19,50,54,1024.3,1021.5,3,2,22.2,23.1,0
0.570242,-0.821477,15.9,26.3,0,5,9.7,0.707107,0.707107,26,-0.382683,0.92388,0.382683,0.92388,9,13,38,45,1022.9,1018.8,7,7,23.4,23.6,0
0.584298,-0.811539,14.5,27.8,0,7.6,12.5,0.382683,0.92388,24,-1.83697e-16,-1,0.707107,0.707107,4,11,47,43,1019.3,1015.1,1,1,23.4,26,0
0.598181,-0.801361,15.1,29.2,0,7.4,12.1,0.707107,0.707107,31,-1.83697e-16,-1,0.92388,0.382683,4,13,49,39,1016.6,1012.9,0,1,24.7,26.6,0
0.611886,-0.790946,17.1,29.7,0,9.6,12.2,0.707107,0.707107,37,0.92388,0.382683,0.707107,0.707107,6,11,46,57,1014.6,1010.4,0,2,26.6,26.4,0
0.625411,-0.780296,20.3,30.9,0,9.6,8.2,-1,1.22465e-16,31,-0.707107,0.707107,6.12323e-17,1,2,13,51,57,1012.2,1010.5,2,6,27.2,27.1,0
0.638749,-0.769415,20.7,28.7,4,7.4,6.1,0.707107,0.707107,31,1,0,0.92388,0.382683,9,13,53,57,1014.5,1011.3,7,7,26.4,26.8,1
0.651899,-0.758306,21.2,29.1,1.8,6.4,10.7,0.707107,0.707107,33,0.92388,0.382683,0.92388,0.382683,9,13,59,53,1015.7,1012.8,5,2,26,27.6,1
0.664855,-0.746972,19,30.1,5.8,7.6,10.9,0.382683,0.92388,30,0.382683,-0.92388,0.382683,0.92388,7,15,61,60,1015.9,1012.2,3,3,26,28.1,1
0.677615,-0.735417,19.4,27.7,12.8,6.4,6.6,-0.92388,0.382683,35,0.92388,-0.382683,0.382683,0.92388,6,13,67,64,1015.4,1010.1,6,2,25.8,27.4,1
0.690173,-0.723644,17.1,29.1,22.4,7.4,11.6,0.707107,0.707107,24,0.382683,0.92388,0.707107,0.707107,9,9,64,63,1013.7,1009.3,1,5,25.5,26.7,1
0.702527,-0.711657,20.2,27.2,0,8,6.9,0.382683,0.92388,33,6.12323e-17,1,0.382683,0.92388,9,17,58,63,1011.3,1007.4,6,6,24.7,24.8,0
0.714673,-0.699458,18.4,25.5,0,5.6,2.2,0.382683,0.92388,20,-0.382683,0.92388,0.382683,0.92388,4,4,64,70,1012,1010.2,8,7,22.9,23.1,0
0.726608,-0.687053,17.3,28.4,9.2,3,9.1,-0.707107,-0.707107,39,0.382683,-0.92388,0.92388,0.382683,4,7,65,53,1011,1006.2,1,6,22.2,25,1
0.738326,-0.674444,14.7,31,5.8,6.4,12.4,-0.382683,-0.92388,28,-1.83697e-16,-1,6.12323e-17,1,13,15,51,47,1008.9,1005.6,1,6,24.1,27.3,1
0.749826,-0.661635,17.6,28.8,0,8,12.9,6.12323e-17,1,28,-1.83697e-16,-1,6.12323e-17,1,6,11,57,56,1011.1,1008.2,3,2,25.1,27.4,0
0.761104,-0.64863,17.8,28.8,0,7.6,13,6.12323e-17,1,26,-0.92388,0.382683,0.382683,0.92388,6,11,56,53,1012.9,1009.8,3,1,25.5,27.4,0
0.772157,-0.635432,18.8,28.1,0,7.6,9.1,0.382683,0.92388,26,-0.707107,0.707107,0.382683,0.92388,4,11,55,60,1012.3,1009.2,2,7,26.2,25.7,0
0.78298,-0.622047,22.1,29.4,0.2,7.2,8.4,-1.83697e-16,-1,43,0.92388,-0.382683,0.92388,0.382683,6,13,62,62,1009.5,1004.9,7,1,26.3,27.8,0
0.793572,-0.608477,19.9,31.2,10.6,7.6,8.7,-1,1.22465e-16,37,0.92388,-0.382683,0.92388,0.382683,6,4,67,72,1006.8,1002.1,5,5,27.4,25.2,1
0.803928,-0.594727,20.2,29.3,8.8,6.8,11.3,0.707107,0.707107,30,-0.92388,0.382683,6.12323e-17,1,4,15,59,61,1006.1,1003.8,4,7,27,26,1
0.814046,-0.5808,20.4,27.2,0,7.8,11.5,-0.382683,0.92388,35,-0.707107,0.707107,-0.382683,0.92388,6,15,54,55,1011.7,1010.5,5,2,25.2,25.5,0
0.823923,-0.566702,16.3,27.1,0,10.4,12.7,0.382683,0.92388,28,-1,1.22465e-16,0.382683,0.92388,6,11,45,49,1016.5,1013.6,1,2,24.3,25.2,0
0.833556,-0.552435,17.1,28.9,0,7,12.9,0.707107,0.707107,28,0.92388,0.382683,0.707107,0.707107,6,11,56,56,1015.1,1010.9,1,1,25.4,27.1,0
0.842942,-0.538005,18.4,33.5,0,8.6,10.1,0.707107,0.707107,33,-1.83697e-16,-1,0.92388,0.382683,6,11,49,60,1009.9,1005.4,5,7,27.4,29.6,0
0.852078,-0.523416,19.1,24.4,23.4,8.8,1.6,-0.707107,0.707107,35,-0.92388,-0.382683,-1,1.22465e-16,6,9,94,74,1013,1014.4,8,7,19.4,21.9,1
0.860961,-0.508671,16,25.6,14,3.6,12.8,-0.707107,0.707107,39,-0.92388,0.382683,-0.382683,0.92388,7,17,50,48,1022,1019.2,4,2,24,23.6,1
0.869589,-0.493776,16,27,0,9,13.1,6.12323e-17,1,28,-0.92388,0.382683,6.12323e-17,1,7,13,45,45,1021.1,1016.5,2,2,23.6,25.2,0
0.87796,-0.478734,15.2,27.8,0,8,13,6.12323e-17,1,28,-1,1.22465e-16,0.382683,0.92388,6,11,47,52,1016.9,1013.3,2,2,24.4,25.8,0
0.886071,-0.46355,16.2,28.3,0,8.2,12.5,0.92388,0.382683,26,-1.83697e-16,-1,0.707107,0.707107,6,9,57,47,1013.3,1007.8,3,6,23.2,27.1,0
0.893919,-0.448229,19.9,35.5,0,8.8,9.4,0.382683,-0.92388,30,0.707107,-0.707107,0.92388,0.382683,7,11,51,49,1004.4,999.3,2,6,27.8,31.4,0
0.901502,-0.432776,17.6,29.8,0.8,8.6,12.8,-0.382683,-0.92388,28,-0.707107,-0.707107,6.12323e-17,1,9,15,24,36,1013.7,1012.1,5,1,23.4,25.6,0
0.908818,-0.417194,15,26.9,0,3.8,12.9,6.12323e-17,1,26,6.12323e-17,1,0.382683,0.92388,7,11,46,37,1021,1018.1,1,1,24.5,26.3,0
0.915864,-0.401488,17,27.6,0,12.2,13.1,6.12323e-17,1,24,0.707107,0.707107,0.92388,0.382683,4,7,49,48,1019.9,1016.4,4,2,24.6,27,0
0.92264,-0.385663,16.9,27.7,0,8.6,13.1,0.382683,0.92388,31,0.92388,0.382683,0.92388,0.382683,7,13,52,48,1015.9,1011.6,2,4,25.7,26.4,0
0.929141,-0.369725,19.5,29.6,0,9.6,10,0.707107,0.707107,28,0.707107,0.707107,0.707107,0.707107,6,11,54,55,1010.8,1007.6,7,7,26.3,27.1,0
0.935368,-0.353676,22.8,30.8,0,9.4,3.6,0.707107,0.707107,22,1,0,0.707107,0.707107,7,9,54,65,1009.3,1006.2,7,6,27.6,27.5,0
0.941317,-0.337523,21.3,27.3,2,3.4,0.2,0.382683,-0.92388,17,-0.707107,-0.707107,-0.707107,0.707107,6,2,85,83,1009.6,1008.7,8,8,23.3,24.4,1
0.946988,-0.32127,19.2,30.1,0.4,1.4,11.9,0.382683,0.92388,28,-0.382683,0.92388,6.12323e-17,1,4,6,58,70,1012.5,1010.7,1,4,26.9,26.1,0
0.952378,-0.304921,19.4,30.2,0.4,6.8,12.9,0.382683,0.92388,26,-0.707107,-0.707107,0.382683,0.92388,2,13,64,56,1014.7,1011.7,4,2,25.8,28.2,0
0.957485,-0.288482,20.5,30.5,0.2,8,10.7,6.12323e-17,1,26,6.12323e-17,1,0.382683,0.92388,6,13,62,47,1016.7,1013.8,3,2,27.1,28.7,0
0.962309,-0.271958,21.3,29.7,0,9.8,10,6.12323e-17,1,28,0.382683,0.92388,0.382683,0.92388,7,15,50,49,1018.3,1015.6,5,5,27.3,28,0
0.966848,-0.255353,20.7,28,0,9,6.9,6.12323e-17,1,33,-0.382683,0.92388,6.12323e-17,1,9,17,61,52,1019.3,1017.7,7,5,24.6,26.1,0
0.9711,-0.238673,18.1,29.3,0,7.8,12.6,6.12323e-17,1,39,-0.707107,0.707107,-0.382683,0.92388,11,19,55,38,1021.4,1019.9,5,1,25.5,27,0
0.975065,-0.221922,18.1,28.7,0.2,10.6,11.2,6.12323e-17,1,31,-0.382683,0.92388,-0.382683,0.92388,13,13,50,40,1022.1,1019.8,5,2,26,27.4,0
0.97874,-0.205104,17.7,29.2,0,9.2,13.2,6.12323e-17,1,26,-0.382683,0.92388,0.382683,0.92388,7,13,54,50,1021.1,1017.2,3,1,26.9,27.5,0
0.982126,-0.188227,20.1,30.9,0,9,12.3,0.707107,0.707107,28,0.92388,-0.382683,0.707107,0.707107,4,13,49,42,1017.4,1014.1,2,1,27.1,28.8,0
0.98522,-0.171293,19,30,0,9.4,12.7,0.382683,0.92388,26,0.92388,-0.382683,0.382683,0.92388,4,11,54,52,1017.6,1014.9,2,2,26.2,28.4,0
0.988023,-0.154309,21.5,30.1,0,9,12.9,0.707107,0.707107,31,1,0,0.707107,0.707107,9,11,51,54,1016,1013.2,3,3,26.7,28.1,0
0.990532,-0.137279,19.7,32.5,0,11,12,0.382683,0.92388,26,-0.92388,-0.382683,0.92388,0.382683,6,9,49,47,1015.9,1013.3,3,6,28,30.8,0
0.992749,-0.120208,22.7,30.7,0,10,9.3,0.382683,0.92388,26,0.382683,0.92388,0.707107,0.707107,7,9,62,54,1017,1014,7,7,26.8,29,0
0.994671,-0.103102,22.5,32.7,0,7.8,9.8,0.707107,0.707107,24,0.707107,-0.707107,0.707107,0.707107,7,11,52,57,1012.9,1008.7,4,6,28.8,29,0
0.996298,-0.0859648,22.6,31,0,7.2,6.5,-0.382683,0.92388,33,6.12323e-17,1,-0.707107,0.707107,9,15,76,60,1010.6,1008.2,7,7,26.1,27.3,0
0.99763,-0.0688024,22,29.8,0,7.8,4.1,0.382683,0.92388,26,0.382683,0.92388,0.382683,0.92388,6,9,59,61,1011.7,1008.5,7,3,27,28.5,0
0.998667,-0.0516197,23.4,34.8,0,6,11.5,-0.382683,-0.92388,33,0.707107,-0.707107,0.92388,0.382683,4,9,55,52,1009.3,1004.7,1,1,29.5,33,0
0.999407,-0.0344216,22,31.1,1.2,11,8.8,-0.382683,0.92388,31,-0.382683,0.92388,-0.382683,0.92388,7,13,57,51,1012.9,1009.6,7,2,26.6,28.2,1
0.999852,-0.0172134,23.2,29,0,9,0.5,6.12323e-17,1,20,-0.382683,0.92388,-0.382683,0.92388,6,9,66,60,1011.2,1009.5,8,6,25.8,28,0
1,0,20.6,30.6,0,3.4,12.5,0.382683,0.92388,31,-0.707107,0.707107,0.382683,0.92388,7,11,52,52,1015.2,1013.1,4,1,28.8,28.9,0
0.999852,0.0172134,21.1,31.8,0,9,8.6,0.707107,0.707107,24,0.92388,-0.382683,0.92388,0.382683,6,9,58,54,1011.9,1008.1,7,7,26.8,29.8,0
0.999407,0.0344216,22.7,34.5,1,8.6,11.2,0.92388,0.382683,35,0.92388,0.382683,0.92388,0.382683,4,15,55,57,1006.7,1001.7,2,2,30.6,32,0
0.998667,0.0516197,23.8,38.7,0,10.4,12.8,6.12323e-17,1,30,1,0,0.707107,0.707107,7,15,45,47,1001.3,997.5,1,1,34.4,35.5,0
0.99763,0.0688024,23.9,33.6,0,11,6.1,0.382683,0.92388,26,-0.92388,-0.382683,0.382683,0.92388,4,13,64,59,1008.4,1005.5,8,4,27.8,31.6,0
0.996298,0.0859648,25.9,34.8,0,4.2,6.4,-1.83697e-16,-1,46,0.707107,0.707107,0.382683,0.92388,2,11,68,66,1007.9,1004.9,6,6,29.4,30.3,0
0.992749,0.120208,21.8,29.6,0.4,13,9.3,-0.382683,0.92388,33,6.12323e-17,1,-0.382683,0.92388,15,17,50,48,1018.3,1016.7,7,7,27.3,28.1,0
0.990532,0.137279,20.4,28.6,0.2,8.2,4.9,6.12323e-17,1,31,-0.707107,0.707107,6.12323e-17,1,9,13,66,41,1020.9,1018.7,8,7,23.6,27.1,0
0.988023,0.154309,19.4,27.8,1.4,7,1.5,6.12323e-17,1,30,-0.92388,0.382683,0.382683,0.92388,7,9,65,61,1020.4,1018.3,5,7,25.8,25.9,1
0.98522,0.171293,19.6,29.8,0,4.4,10.5,0.382683,0.92388,26,6.12323e-17,1,6.12323e-17,1,7,11,52,45,1018.9,1015.2,5,2,27.2,28.8,0
0.982126,0.188227,19.5,30.6,0,8.4,10.5,6.12323e-17,1,33,-0.92388,0.382683,6.12323e-17,1,6,15,51,50,1016.5,1014.3,4,2,27.8,28.6,0
0.97874,0.205104,19.5,29.6,0,8.4,13.2,-0.382683,0.92388,35,-0.92388,0.382683,6.12323e-17,1,11,15,58,51,1018.3,1016.4,4,1,25.9,28.2,0
0.975065,0.221922,20.4,30.2,0,9.2,12.7,6.12323e-17,1,33,6.12323e-17,1,6.12323e-17,1,11,15,49,55,1019.7,1018.8,4,4,27.3,27.1,0
0.9711,0.238673,19.1,30.4,0,8.6,12.2,6.12323e-17,1,31,6.12323e-17,1,6.12323e-17,1,13,19,56,49,1021.3,1019.4,3,2,27.4,28.4,0
0.962309,0.271958,20.8,30.8,0.2,10.4,12.2,6.12323e-17,1,35,6.12323e-17,1,6.12323e-17,1,13,15,55,47,1016.4,1013.5,3,1,26.5,28.8,0
0.957485,0.288482,20.1,30.4,0,9.6,11.4,0.382683,0.92388,37,-0.707107,0.707107,6.12323e-17,1,6,11,54,44,1014.1,1010.7,4,2,27.3,29.8,0
0.952378,0.304921,20.1,31.8,0,9.6,12.2,0.382683,0.92388,28,-0.707107,0.707107,0.382683,0.92388,6,15,56,51,1009.7,1006.2,4,1,26.6,29.3,0
0.946988,0.32127,20.5,33.5,0,8,12.6,0.707107,0.707107,30,-1,1.22465e-16,0.707107,0.707107,6,13,58,48,1009.1,1005.6,2,1,28.3,31.7,0
0.941317,0.337523,23.6,32.9,0,8.6,12.5,0.92388,0.382683,39,0.92388,0.382683,0.92388,0.382683,6,15,53,62,1009.6,1005.2,1,1,30.2,31.1,0
0.935368,0.353676,25.5,35.3,0,10,8.2,6.12323e-17,1,33,-1,1.22465e-16,6.12323e-17,1,6,15,55,54,1011.4,1010.6,5,3,31,33.4,0
0.929141,0.369725,23.9,30.1,2.2,8.4,3.9,-0.707107,0.707107,35,0.707107,-0.707107,6.12323e-17,1,4,9,80,89,1016.6,1015.1,6,8,26.6,23.9,1
0.915864,0.401488,23.6,28.7,2,3,1.2,-0.707107,0.707107,37,-1.83697e-16,-1,-0.707107,0.707107,9,19,69,65,1009.6,1009.3,7,7,27.8,26.7,1
0.908818,0.417194,21.4,28.5,1.2,6.4,8.9,-0.707107,0.707107,46,-0.707107,0.707107,-0.707107,0.707107,11,19,60,46,1018.7,1017.7,7,6,25.3,27.4,1
0.901502,0.432776,19.8,28.6,0,9.2,7.3,-0.382683,0.92388,37,-0.382683,0.92388,6.12323e-17,1,13,20,49,50,1020,1018.9,7,7,25.8,26.4,0
0.893919,0.448229,21.5,26.7,0,9.4,3.7,6.12323e-17,1,37,6.12323e-17,1,6.12323e-17,1,20,20,61,63,1019.5,1017.2,7,7,24.6,24.8,0
0.886071,0.46355,19.7,27.4,0.8,6.8,4.5,6.12323e-17,1,35,-0.382683,0.92388,6.12323e-17,1,4,13,78,60,1017.2,1015.2,7,6,23.3,25.4,0
0.87796,0.478734,21.4,28.4,0.2,8.4,3.6,6.12323e-17,1,35,-0.382683,0.92388,6.12323e-17,1,6,19,64,49,1017.5,1015.9,7,5,25,26.3,0
0.869589,0.493776,22.7,26.9,0,6.8,1.2,0.707107,0.707107,33,6.12323e-17,1,-0.382683,0.92388,15,15,54,57,1014.8,1013.3,7,7,25,25.6,0
0.860961,0.508671,21.5,28.8,0,6.6,10.9,6.12323e-17,1,35,6.12323e-17,1,6.12323e-17,1,19,13,56,55,1013.2,1011.4,7,3,25.8,27.5,0
0.852078,0.523416,21,30,0,9,9.2,6.12323e-17,1,28,-0.382683,0.92388,6.12323e-17,1,9,15,57,49,1014.3,1012.1,5,2,26.8,28.4,0
0.842942,0.538005,19.7,28.7,1.6,9.6,7.4,6.12323e-17,1,31,6.12323e-17,1,6.12323e-17,1,7,13,63,59,1013.6,1012.2,5,5,24.7,26.3,1
0.833556,0.552435,19,29.7,0.6,7,10.6,0.382683,0.92388,31,-0.92388,0.382683,6.12323e-17,1,4,17,62,54,1013.5,1012,4,1,25.5,27.9,0
0.823923,0.566702,20,29.9,0,7.2,9.1,-0.92388,0.382683,39,-0.92388,0.382683,-0.707107,0.707107,17,17,53,46,1015.6,1013.6,3,6,26.4,28.6,0
0.814046,0.5808,19.1,27.4,0.2,8.8,4.5,-0.92388,0.382683,31,-0.707107,0.707107,6.12323e-17,1,13,13,55,57,1016,1013.9,7,8,24.7,25.8,0
0.803928,0.594727,19.6,28.6,0,8,2.9,0.382683,0.92388,30,-0.92388,0.382683,6.12323e-17,1,9,13,60,58,1016.5,1015.3,7,7,24.5,25.5,0
0.793572,0.608477,19.9,29.2,0,6.4,10.7,6.12323e-17,1,28,6.12323e-17,1,0.382683,0.92388,11,13,56,55,1018.1,1016.5,6,3,25.8,27.6,0
0.78298,0.622047,21.8,29.1,0,8.6,3.9,6.12323e-17,1,22,6.12323e-17,1,0.382683,0.92388,9,9,59,66,1019.8,1017.1,7,7,26.8,26.4,0
0.772157,0.635432,21.9,28.8,0,5,5.1,6.12323e-17,1,24,-0.707107,0.707107,0.382683,0.92388,2,11,67,56,1016.8,1014.4,7,4,25.3,28.4,0
0.761104,0.64863,19.5,29.2,0,7.2,10.7,0.382683,0.92388,24,-0.707107,-0.707107,0.707107,0.707107,6,11,59,51,1016.5,1013.3,6,6,25.5,28.2,0
0.749826,0.661635,19.2,29.8,0,8,12.1,0.707107,0.707107,30,-0.92388,0.382683,0.382683,0.92388,6,11,56,47,1016.2,1013.5,3,1,26.1,28.9,0
0.714673,0.699458,23.2,31.6,0,8,8.7,0.707107,0.707107,35,0.707107,0.707107,0.707107,0.707107,4,15,60,60,1006.6,1002.6,7,4,27.8,29.6,0
0.702527,0.711657,23.7,32.6,0,9.4,12,0.707107,0.707107,35,0.92388,0.382683,0.92388,0.382683,7,17,59,65,1006.2,1002.1,6,1,29.6,30.4,0
0.690173,0.723644,23.4,34.1,0,10.8,9.7,6.12323e-17,1,33,0.707107,0.707107,6.12323e-17,1,6,17,52,64,1009.3,1008.7,1,4,30.4,28.7,0
0.677615,0.735417,23.4,31.3,8.4,7.8,9.3,0.382683,0.92388,24,-0.707107,0.707107,0.382683,0.92388,4,9,85,61,1012.1,1008.2,6,2,25.3,29.9,1
0.664855,0.746972,23,31.9,0.2,7.4,11.7,0.707107,0.707107,33,0.92388,0.382683,0.92388,0.382683,7,13,57,58,1009.4,1005.3,1,1,29.1,30.3,0
0.651899,0.758306,25.6,33.4,0,9,7.9,0.92388,0.382683,26,0.92388,-0.382683,0.707107,0.707107,9,15,64,60,1009.4,1007.1,6,1,29.3,31.2,0
0.638749,0.769415,24.6,34,0,9.6,9.1,-0.92388,0.382683,31,-0.707107,-0.707107,6.12323e-17,1,6,15,64,64,1012,1009.9,6,4,30.3,30.5,0
0.625411,0.780296,23.2,27.4,2.2,8.2,0,-0.707107,0.707107,31,-0.707107,0.707107,-0.707107,0.707107,13,13,65,67,1015.5,1015,7,7,25.5,25,1
0.611886,0.790946,21.2,30.2,0,8,10,-0.707107,0.707107,43,-0.707107,0.707107,-0.382683,0.92388,17,19,49,44,1017.8,1015.6,6,3,26.6,28.3,0
0.598181,0.801361,19.6,28.5,1.2,8.4,7.8,-0.92388,0.382683,28,-0.707107,0.707107,-0.382683,0.92388,9,17,68,46,1018.1,1015.4,1,4,24.9,27.3,1
0.584298,0.811539,19.9,29.6,1.4,9.2,8.4,6.12323e-17,1,31,-0.92388,0.382683,6.12323e-17,1,9,15,64,51,1016.9,1013.3,4,6,25.4,28.3,1
0.570242,0.821477,19.1,29.5,0,8.4,10.7,0.382683,0.92388,24,-0.92388,-0.382683,0.382683,0.92388,4,13,58,50,1016.1,1013.1,4,2,25.9,28.6,0
0.556017,0.831171,19.3,30.7,0,7.2,12.2,0.707107,0.707107,24,0.382683,-0.92388,0.707107,0.707107,6,13,56,46,1016.5,1013.7,2,1,26.6,29,0
0.541628,0.840618,20.6,30.9,0,8,7.4,6.12323e-17,1,35,-0.382683,0.92388,6.12323e-17,1,9,17,59,48,1017.9,1015.1,5,4,27.1,28.9,0
0.527078,0.849817,19.9,30.4,0.6,8,10.2,0.382683,0.92388,30,-0.382683,0.92388,6.12323e-17,1,7,13,55,46,1016,1013.2,3,2,26.8,28.9,0
0.512371,0.858764,20,30.2,0,7.4,10,6.12323e-17,1,28,6.12323e-17,1,6.12323e-17,1,6,13,53,46,1016.3,1014.4,2,3,27.2,28.6,0
0.497513,0.867456,20.3,27.8,1.6,9.4,6.4,6.12323e-17,1,43,6.12323e-17,1,-0.382683,0.92388,9,13,86,65,1021.4,1019.8,6,6,22.3,25,1
0.482508,0.875892,19.5,28.6,4.6,7,8.3,-0.382683,0.92388,48,-0.707107,0.707107,-0.382683,0.92388,7,13,67,49,1023,1020.5,5,6,25.1,26.5,1
0.467359,0.884068,19,27.9,3.4,6.6,5.1,0.382683,0.92388,26,-0.92388,0.382683,0.382683,0.92388,7,13,82,52,1020,1016.2,7,3,21.6,26.4,1
0.452072,0.891981,18,29.1,0,5,11.7,0.707107,0.707107,28,-1,1.22465e-16,0.382683,0.92388,4,13,56,50,1018.5,1016.4,2,3,25.8,27.9,0
0.436651,0.899631,18.5,28.8,0,8.4,6.3,0.92388,0.382683,28,-0.707107,0.707107,0.382683,0.92388,9,13,65,50,1019.8,1017.5,6,3,24.3,27.4,0
0.421101,0.907014,18.1,28.9,0.2,6.4,10.3,6.12323e-17,1,37,-0.382683,0.92388,6.12323e-17,1,9,17,62,43,1020,1017.9,4,5,25.3,28.1,0
0.405426,0.914128,19.5,28.3,1.2,9.6,1.9,6.12323e-17,1,37,-0.382683,0.92388,6.12323e-17,1,11,17,62,67,1020.2,1018.2,7,7,25.2,24,1
0.38963,0.920971,19.7,28.9,2.2,7,7.3,-0.382683,0.92388,35,-0.707107,0.707107,-0.382683,0.92388,11,15,67,44,1020.1,1018.2,5,7,24.5,27.5,1
0.37372,0.927542,19.1,28.7,4.6,8.8,7.9,-0.707107,0.707107,35,-0.382683,0.92388,-0.707107,0.707107,4,15,86,41,1020.4,1017.4,7,2,22.5,27.9,1
0.357698,0.933837,19.5,29.3,0.8,7,10.4,6.12323e-17,1,30,-0.92388,0.382683,0.382683,0.92388,7,15,63,51,1018.5,1015.2,3,2,24.6,27.5,0
0.341571,0.939856,18.6,29.6,0,7.8,11,6.12323e-17,1,33,-0.707107,0.707107,6.12323e-17,1,9,19,58,45,1018.4,1015.5,3,2,26.2,28,0
0.325342,0.945596,19.3,29,0,8,8.4,6.12323e-17,1,30,-1,1.22465e-16,6.12323e-17,1,4,15,57,48,1017.3,1013.9,3,3,26.1,27.3,0
0.309017,0.951057,18.6,30.2,0.6,6.6,11.1,0.382683,0.92388,24,-1,1.22465e-16,0.707107,0.707107,4,9,61,48,1015.9,1011.4,3,1,25.1,28.2,0
0.2926,0.956235,19.6,32.8,0,6.8,10.4,0.707107,0.707107,28,1,0,0.707107,0.707107,7,9,54,55,1014.4,1008.5,1,1,26.8,30.5,0
0.276097,0.96113,21.6,31.8,4.6,8.4,10.7,0.382683,0.92388,30,-0.92388,0.382683,6.12323e-17,1,6,15,61,54,1015.9,1013.8,1,1,28.1,30,1
0.24285,0.970064,23.8,30.6,0,6.6,8.7,6.12323e-17,1,26,6.12323e-17,1,6.12323e-17,1,7,15,67,54,1022,1019,7,2,26.4,28.9,0
0.226116,0.9741,20.6,30,0.6,9.6,10.4,0.382683,0.92388,35,6.12323e-17,1,6.12323e-17,1,15,20,56,50,1022,1019.4,5,5,27.6,27.7,0
0.209315,0.977848,19.2,29,0.2,7.8,8.7,0.707107,0.707107,28,-0.382683,0.92388,0.382683,0.92388,9,9,64,51,1019.7,1016.4,6,2,25.3,28.7,0
0.192452,0.981306,19.6,29.5,0.6,6.2,9.9,6.12323e-17,1,24,-1,1.22465e-16,0.382683,0.92388,6,13,64,55,1018.2,1015.3,6,1,25.7,27.6,0
0.175531,0.984474,19.2,31.6,0,7,10.8,0.382683,0.92388,24,-1,1.22465e-16,0.382683,0.92388,4,13,68,55,1018.3,1014.2,7,2,25.4,28.7,0
0.158559,0.987349,20.1,28.8,0,5.2,5.2,0.92388,0.382683,24,-1.83697e-16,-1,0.707107,0.707107,4,9,61,60,1016,1012.8,6,7,26,27.4,0
0.14154,0.989932,19.8,26.5,22.4,5,1.1,-0.92388,-0.382683,22,-0.382683,-0.92388,-0.707107,0.707107,4,6,81,85,1018.1,1016.8,7,8,24,23.4,1
0.124479,0.992222,21.7,27.2,21.6,3.4,0,0.382683,0.92388,39,0.382683,0.92388,0.382683,0.92388,17,20,76,68,1019.1,1017.6,8,7,25.4,26,1
0.107381,0.994218,21.1,23.8,5.6,3,0,6.12323e-17,1,37,-0.707107,0.707107,0.382683,0.92388,4,11,89,91,1020.4,1016.1,8,8,23,23.3,1
0.0730951,0.997325,21.8,32.6,3.2,2.8,10.1,1,0,15,0.707107,-0.707107,0.92388,0.382683,4,6,75,59,1016.7,1012.9,7,7,26.5,30.6,1
0.055917,0.998435,22.7,25.6,0.8,6,0.5,-0.92388,0.382683,22,-1,1.22465e-16,-0.707107,-0.707107,6,4,88,87,1018.8,1016.5,7,8,25.1,24.3,0
0.0387223,0.99925,20.3,29.3,2.2,0,9.5,6.12323e-17,1,28,-0.707107,-0.707107,6.12323e-17,1,7,15,74,61,1019.8,1016.8,3,3,25.6,27.4,1
0.0215161,0.999769,19.7,29.3,0.6,6.4,10.3,6.12323e-17,1,24,-0.707107,0.707107,6.12323e-17,1,7,13,66,50,1019.3,1015.9,2,1,26.1,28.2,0
0.00430354,0.999991,19.2,29.9,0,6.8,10.5,0.382683,0.92388,22,-1,1.22465e-16,0.382683,0.92388,4,13,67,53,1017.8,1014.6,4,2,25.6,27.9,0
-0.0129103,0.999917,19.1,29.5,0,6.2,10.8,0.382683,0.92388,24,-0.707107,0.707107,0.707107,0.707107,4,11,64,53,1017.9,1015.5,2,2,25.7,28.1,0
-0.0301203,0.999546,18.9,29.5,0,5,9.8,0.707107,0.707107,20,-0.382683,-0.92388,0.707107,0.707107,4,9,70,60,1018.8,1015.7,2,3,24.4,27.7,0
-0.0473214,0.99888,19.9,30.9,0,5.8,10.5,0.707107,0.707107,19,0.382683,-0.92388,0.707107,0.707107,4,7,71,48,1019.3,1015.3,3,2,25.9,29.3,0
-0.0645084,0.997917,21.1,31,0,5.6,8.6,-0.707107,0.707107,35,-1,1.22465e-16,0.382683,0.92388,4,7,66,54,1017.5,1013.7,3,5,26.3,29.7,0
-0.0816764,0.996659,19.6,27.8,1.8,5.8,6.2,-0.707107,0.707107,37,-0.92388,-0.382683,-0.707107,0.707107,11,11,68,54,1020.2,1017.6,5,6,22.6,25,1
-0.0988201,0.995105,17.8,27,0,6.2,5.5,-0.92388,0.382683,26,-0.92388,-0.382683,-1,1.22465e-16,9,9,59,58,1019.9,1017,3,6,23.1,25.3,0
-0.115935,0.993257,18.4,27.8,0,3.2,8.8,-0.382683,0.92388,26,-0.707107,-0.707107,6.12323e-17,1,6,11,64,55,1019.9,1016,4,6,23.4,26.1,0
-0.133015,0.991114,17.3,26.3,0,6.6,9.2,1,0,15,-0.382683,-0.92388,0.707107,0.707107,4,6,66,58,1017.4,1013.4,7,5,22.8,25.9,0
-0.150055,0.988678,16.4,29.7,0,4,10.2,0.707107,0.707107,19,0.382683,-0.92388,0.92388,0.382683,4,9,66,60,1012.1,1007.2,1,2,23.2,28.6,0
-0.167052,0.985948,20.4,31.3,0,4.8,5.4,0.707107,-0.707107,24,0.382683,-0.92388,0.707107,-0.707107,4,6,60,54,1010.2,1007.9,2,5,27.1,28.8,0
-0.183998,0.982927,22.8,24.6,0,5.2,0,-0.707107,0.707107,20,-0.382683,0.92388,-0.382683,0.92388,7,4,73,87,1014,1012.6,8,8,24.2,21.9,0
-0.200891,0.979614,20.3,24.9,8.8,2.8,0.5,-0.707107,0.707107,41,-0.92388,0.382683,-0.707107,0.707107,6,15,73,79,1013.7,1011.7,7,6,23.1,22.6,1
-0.217723,0.976011,17.8,25.8,0,2.4,7.5,-0.92388,0.382683,28,-0.707107,-0.707107,-0.92388,0.382683,7,9,62,56,1016.6,1013.7,6,6,23,24.3,0
-0.234491,0.972118,15.8,28.2,0,4.6,9.8,-1.83697e-16,-1,24,-0.382683,-0.92388,-1,1.22465e-16,9,6,58,41,1016.9,1013.1,1,2,21.6,27.9,0
-0.25119,0.967938,16.2,28,0,5.6,10.7,0.382683,0.92388,19,-0.382683,-0.92388,0.382683,-0.92388,7,7,59,39,1018.4,1014.2,1,2,21.9,27.7,0
-0.267814,0.963471,16.6,28.4,0,4,10,-1.83697e-16,-1,20,-0.382683,-0.92388,-1.83697e-16,-1,6,7,69,39,1017.4,1013,1,1,21.9,27.8,0
-0.284359,0.958718,14.5,28.6,0,4.8,11.1,-1.83697e-16,-1,20,-0.382683,-0.92388,0.382683,-0.92388,7,7,51,31,1016.9,1012.9,0,0,22,27.6,0
-0.30082,0.953681,15.3,28.5,0,7,10.7,0.382683,0.92388,17,-0.707107,-0.707107,1,0,4,6,61,35,1018.6,1015.5,1,1,22,27.5,0
-0.317191,0.948362,15.9,29.2,0,5.2,10.8,0.707107,0.707107,19,-0.382683,-0.92388,0.92388,0.382683,6,7,63,43,1021.4,1017.8,1,1,22.1,27.6,0
-0.333469,0.942761,16.8,27.5,0,5,10.5,6.12323e-17,1,20,-0.707107,-0.707107,0.707107,0.707107,6,9,68,41,1022,1018.4,1,7,22.7,26.8,0
-0.349647,0.936881,16.6,28.2,0,4.8,9.4,0.92388,0.382683,17,-0.382683,-0.92388,0.707107,0.707107,4,6,70,46,1020,1015.5,6,5,21.8,26.7,0
-0.365723,0.930724,16.2,29,0,5.6,10.2,0.707107,0.707107,17,-0.382683,-0.92388,0.707107,0.707107,6,6,73,53,1018.1,1013.6,5,2,21.6,27.7,0
-0.381689,0.924291,17.2,28.9,0,3.6,10.7,6.12323e-17,1,26,-0.707107,-0.707107,6.12323e-17,1,6,15,74,51,1019.2,1015.6,3,2,21.5,27.1,0
-0.397543,0.917584,17.2,29.1,0,5,9.6,0.382683,0.92388,15,-0.707107,-0.707107,-1.83697e-16,-1,7,4,69,46,1019.3,1014.5,3,7,22.2,28.7,0
-0.413279,0.910605,19.1,29.4,0,4.4,6.8,-0.707107,0.707107,31,-0.707107,-0.707107,-0.92388,0.382683,4,7,78,45,1019.1,1015.8,6,4,22.2,28.7,0
-0.428892,0.903356,18.7,24.6,2.6,5.6,2.7,-0.92388,0.382683,37,-1,1.22465e-16,-0.707107,0.707107,4,17,90,59,1021.7,1018.9,7,7,19.2,23.8,1
-0.444378,0.895839,16.5,26,0.4,2.4,8.5,-0.92388,0.382683,24,-0.707107,-0.707107,6.12323e-17,1,7,6,73,48,1020.3,1016.7,7,4,20.5,24.1,0
-0.459733,0.888057,14.5,27.1,0,4.4,5.5,-1,1.22465e-16,17,-0.707107,-0.707107,0.707107,0.707107,4,4,68,60,1016.5,1012.6,3,7,21.1,25,0
-0.474951,0.880012,18.4,27.4,4.6,0.2,7.3,0.382683,0.92388,17,-0.92388,-0.382683,0.707107,0.707107,7,6,80,60,1015.6,1012.2,3,2,21.7,24.9,1
-0.504961,0.863142,15.4,21.1,13.8,6,9,0.382683,-0.92388,44,-1.83697e-16,-1,-1.83697e-16,-1,20,20,52,33,1005.8,1004.3,5,6,16.9,19.2,1
-0.577292,0.816538,15.3,24.2,0,4.6,3.5,-0.707107,0.707107,33,-0.92388,-0.382683,-1,1.22465e-16,7,7,61,59,1022,1019.3,5,7,20.5,21.2,0
-0.591261,0.80648,14.7,24.7,0,4,8.9,-0.92388,0.382683,28,-0.707107,-0.707107,-0.382683,0.92388,9,13,63,47,1024.3,1021.1,2,7,19.9,23.4,0
-0.605056,0.796183,15.6,24,0,6,1.8,6.12323e-17,1,28,-0.382683,-0.92388,6.12323e-17,1,4,9,64,64,1024.6,1021.9,7,8,19.1,20.7,0
-0.618671,0.78565,13.7,25.4,0.2,2.8,9.4,-0.707107,-0.707107,15,-0.382683,-0.92388,0.707107,0.707107,7,6,76,48,1024.6,1021.4,1,1,18.6,23.6,0
-0.632103,0.774884,13.8,24.7,0,2.4,7.5,-0.707107,0.707107,26,-0.92388,-0.382683,6.12323e-17,1,9,11,68,61,1026.6,1023.9,2,4,19.7,22.4,0
-0.645348,0.763889,13.9,24.8,3.6,4,10.2,-0.707107,0.707107,30,-0.707107,-0.707107,-0.382683,0.92388,7,17,70,53,1026.5,1023.3,1,5,19.4,23.6,1
-0.658402,0.752667,15.1,23.2,0,5,6.3,-0.707107,0.707107,31,-0.92388,-0.382683,-0.382683,0.92388,6,15,70,68,1026.1,1023.5,6,7,19.6,21.4,0
-0.67126,0.741222,15.2,24.8,0,3,9.6,6.12323e-17,1,31,-0.707107,-0.707107,6.12323e-17,1,6,15,68,47,1026.5,1024.1,2,2,20.5,23.7,0
-0.683919,0.729558,15.2,23,0.4,5.8,3.9,6.12323e-17,1,33,-0.707107,-0.707107,-0.382683,0.92388,6,6,69,69,1027.7,1026,6,7,20.4,22.4,0
-0.696376,0.717677,14.8,24.6,1.2,1.6,6,0.382683,0.92388,31,-0.382683,-0.92388,-0.707107,0.707107,2,9,70,61,1029.9,1026.8,7,5,19,22.4,1
-0.708627,0.705584,15,25.1,0.6,3.4,5.4,6.12323e-17,1,30,-0.707107,-0.707107,-0.382683,0.92388,4,7,71,55,1028.4,1026.5,5,7,20.7,22.2,0
-0.720667,0.693281,14.4,24.7,0.2,4,2.1,0.382683,0.92388,17,-0.707107,-0.707107,6.12323e-17,1,4,7,76,54,1027.8,1024.4,7,7,18,23.2,0
-0.732494,0.680773,14.6,24.7,0,2.4,5.1,-1.83697e-16,-1,15,-0.707107,-0.707107,6.12323e-17,1,6,6,69,56,1024.7,1021.3,3,8,18.8,22.9,0
-0.744104,0.668064,14.7,25.1,0,2.8,10,-0.382683,0.92388,28,-0.707107,-0.707107,-0.707107,0.707107,6,11,71,59,1022.9,1020.8,1,3,19.7,23.2,0
-0.755493,0.655156,17.8,26.1,1.2,2,7.4,0.382683,0.92388,22,-0.707107,-0.707107,6.12323e-17,1,2,11,74,61,1023.9,1020.5,3,5,21.5,23.5,1
-0.777597,0.628763,16.7,27,0.6,1.6,10.1,-0.382683,-0.92388,24,-0.382683,-0.92388,-0.707107,-0.707107,2,7,79,46,1017.8,1014.2,2,5,21.4,25.8,0
-0.788305,0.615285,13.5,28.4,0,4,10.4,-0.707107,-0.707107,15,-0.707107,-0.707107,-1.83697e-16,-1,4,2,71,36,1020.9,1018.4,0,1,19.2,27.9,0
-0.798779,0.601624,13.5,28.4,0.2,4.4,10.1,0.707107,0.707107,15,-0.707107,-0.707107,0.382683,0.92388,6,7,71,42,1024.6,1021.3,5,3,18.6,26.4,0
-0.809017,0.587785,13.8,26.9,0,2.8,9.7,0.382683,0.92388,22,-0.707107,-0.707107,0.707107,0.707107,6,11,73,60,1023.6,1018.2,5,6,19.9,24.8,0
-0.82877,0.559589,15.3,28.6,0,3.4,9.7,6.12323e-17,1,22,-0.707107,-0.707107,0.382683,0.92388,4,9,77,51,1021.7,1018.4,1,1,20.2,25.9,0
-0.83828,0.54524,18.8,24.9,0,3.6,3.1,6.12323e-17,1,22,-0.707107,-0.707107,6.12323e-17,1,4,11,69,54,1024.1,1021,7,7,20,24,0
-0.847541,0.53073,16,23.4,0.6,3.4,3.8,6.12323e-17,1,20,-0.382683,-0.92388,6.12323e-17,1,6,7,89,80,1023.6,1020.3,8,7,17.9,20.8,0
-0.856551,0.516062,14.4,24.8,0.4,3,8.3,0.382683,0.92388,15,-0.707107,-0.707107,0.382683,0.92388,6,7,86,53,1021.1,1017.7,7,6,17,23.5,0
-0.865307,0.501242,13.8,25.8,0,2.4,9.7,0.382683,0.92388,19,-0.707107,-0.707107,0.707107,0.707107,6,7,75,57,1019.7,1016.3,1,4,18.7,24.6,0
-0.873807,0.486273,16.8,24.6,0,3,5,0.382683,-0.92388,19,-0.382683,-0.92388,-1.83697e-16,-1,6,6,92,66,1019.7,1017.1,7,7,18.4,23.6,0
-0.882048,0.47116,15.1,25.8,0,1.8,7.8,-0.382683,-0.92388,13,-0.707107,-0.707107,0.382683,0.92388,4,6,69,64,1022.5,1020.6,3,7,19.5,23.4,0
-0.890028,0.455907,13.8,26.1,0,3.6,9.1,-0.707107,0.707107,22,-0.707107,-0.707107,-1,1.22465e-16,6,6,66,46,1023.5,1019.7,1,5,18.5,24.9,0
-0.897743,0.440519,14.4,25.9,0,3.4,9.1,-0.707107,0.707107,19,-0.92388,-0.382683,6.12323e-17,1,6,9,71,55,1022.3,1018.6,1,2,19.2,23,0
-0.905193,0.425,13.3,24.4,0,3.6,9.8,-0.92388,-0.382683,24,-0.707107,-0.707107,-0.92388,-0.382683,7,11,64,43,1022.8,1019.3,2,6,18.6,23,0
-0.912375,0.409356,13.9,23.3,0,5,6.5,-0.707107,-0.707107,20,-0.92388,-0.382683,-0.707107,0.707107,7,7,62,53,1022.3,1019.6,6,7,18,22,0
-0.919286,0.39359,14.4,22.4,0,4.4,3.9,-0.707107,0.707107,28,-0.707107,-0.707107,-0.707107,0.707107,9,11,57,51,1022.6,1020.7,7,7,18.3,20.9,0
-0.925925,0.377708,13.6,23.9,0,4,9.2,-0.92388,0.382683,41,-0.707107,-0.707107,-0.707107,0.707107,6,15,62,50,1023.9,1019.6,4,3,18,21.8,0
-0.932289,0.361714,13.9,22.8,0,4.6,4.9,-0.707107,0.707107,30,-0.382683,-0.92388,-0.707107,0.707107,7,15,69,47,1022.5,1019.3,5,1,16.7,21.3,0
-0.938377,0.345612,14.4,23.6,0,4.6,6.5,-0.707107,0.707107,26,-0.707107,-0.707107,6.12323e-17,1,6,9,58,55,1020.9,1018.4,2,7,18.7,21.7,0
-0.944188,0.329408,14.6,24.1,1.4,3.6,6.8,-0.382683,0.92388,20,-0.92388,-0.382683,0.707107,0.707107,6,7,83,57,1020.3,1016.1,3,7,17.6,22.5,1
-0.949718,0.313107,15.3,21,0.8,2.6,0.4,-1.83697e-16,-1,26,-0.707107,-0.707107,0.92388,-0.382683,2,7,88,70,1015.9,1011.7,7,7,17.5,20.4,0
-0.954967,0.296713,9.8,20.6,0.6,2.2,9.8,-1.83697e-16,-1,43,-0.382683,-0.92388,-1.83697e-16,-1,6,13,57,42,1015.8,1013.9,2,2,16.6,19.7,0
-0.959933,0.280231,10.2,21.6,0,5.4,9.5,-1.83697e-16,-1,20,-0.382683,-0.92388,-0.92388,-0.382683,9,4,57,38,1021.7,1020.4,6,4,15.2,20.6,0
-0.964614,0.263665,8.5,22.9,0,3.4,9.8,-1,1.22465e-16,15,-0.707107,-0.707107,-0.92388,-0.382683,6,6,62,37,1024.8,1021.8,1,1,14.9,22.1,0
-0.96901,0.247022,9.6,24.3,0,2,9.2,-0.382683,0.92388,20,-0.707107,-0.707107,-1,1.22465e-16,4,4,61,45,1027.3,1024.5,1,4,16.4,22.4,0
-0.973118,0.230306,13.8,20.3,0,3.4,1.5,-0.382683,-0.92388,15,-0.707107,-0.707107,-0.707107,0.707107,6,7,78,83,1027,1024.3,7,7,17.3,17.9,0
-0.976938,0.213521,15.7,22.5,5.8,0.6,3.3,-1.83697e-16,-1,13,-0.707107,-0.707107,-0.92388,-0.382683,4,2,90,65,1024.5,1019.8,7,3,17.4,21.8,1
-0.980469,0.196673,14.9,25.6,0,1.4,7.9,-0.92388,-0.382683,15,-0.382683,-0.92388,-0.707107,-0.707107,4,4,87,46,1021.6,1017.7,7,2,17.1,25.2,0
-0.983709,0.179767,13.2,24.2,5.2,3.4,9.1,0.382683,-0.92388,19,-0.707107,-0.707107,-0.707107,-0.707107,4,4,93,47,1021.3,1017.1,2,1,15,23.6,1
-0.986658,0.162807,10.8,24.1,0.2,2.4,9.2,0.382683,0.92388,17,-0.707107,-0.707107,0.707107,0.707107,6,9,77,52,1019.8,1014.4,3,5,15,22.4,0
-0.989314,0.145799,10.2,20.9,0,2.2,2.3,-1.83697e-16,-1,43,0.382683,-0.92388,-1.83697e-16,-1,11,19,47,30,1014.5,1012.1,7,7,18.1,20.1,0
-0.991677,0.128748,13.4,21.8,0,5.4,8.8,-0.382683,-0.92388,35,-0.382683,-0.92388,-1.83697e-16,-1,9,13,46,36,1019.8,1016.5,6,1,15.7,21.7,0
-0.993747,0.111659,10,24.2,0,6.8,9.9,-1.83697e-16,-1,22,-0.707107,-0.707107,-0.92388,-0.382683,6,4,47,26,1024.1,1021.5,0,0,16.3,24.2,0
-0.995521,0.0945367,6.8,23.6,0,3.4,9.9,0.382683,0.92388,15,-0.707107,-0.707107,0.707107,0.707107,4,7,66,39,1023.9,1019.3,0,0,11.8,21.5,0
-0.998186,0.0602133,12.3,19.9,1.6,3.6,10,-1.83697e-16,-1,54,-1.83697e-16,-1,-1.83697e-16,-1,9,20,41,34,1013.7,1010.7,0,1,15.6,19,1
-0.999074,0.0430222,5.2,19.1,0.2,8,9.9,-1.83697e-16,-1,43,-0.707107,-0.707107,-1.83697e-16,-1,6,20,44,30,1019.2,1017.5,1,2,15,18.4,0
-0.999667,0.0258184,5.2,19.8,0,7,10.2,-1.83697e-16,-1,28,-0.382683,-0.92388,-1,1.22465e-16,7,6,49,25,1025.7,1023.3,0,0,12.1,18.9,0
-0.999963,0.008607,5.3,21.2,0,2.6,10.2,-0.92388,-0.382683,20,-0.707107,-0.707107,0.382683,-0.92388,6,6,63,30,1026.4,1022.9,1,1,11.6,20.7,0
-0.999963,-0.008607,7.4,22.6,0,3.6,9.8,-0.382683,-0.92388,17,-0.707107,-0.707107,6.12323e-17,1,4,7,60,45,1027.1,1023.1,1,1,13.8,21.8,0
-0.999667,-0.0258184,9.4,23.9,0,3,8.7,6.12323e-17,1,15,-0.707107,-0.707107,0.92388,0.382683,6,4,78,47,1024.7,1020.5,3,4,13.7,21.9,0
-0.999074,-0.0430222,11.5,24.4,0.4,2.6,9.8,-0.707107,-0.707107,20,-0.382683,-0.92388,-0.707107,-0.707107,4,6,78,41,1019.5,1014.8,1,3,16.4,23.6,0
-0.998186,-0.0602133,5.3,20.5,0,4,10.2,-1.83697e-16,-1,31,-0.382683,-0.92388,-1.83697e-16,-1,7,13,43,27,1016.7,1012,0,0,15.1,20.4,0
-0.997001,-0.0773865,8,19.9,0,7.6,10,-1.83697e-16,-1,26,-0.382683,-0.92388,-0.382683,-0.92388,11,6,43,28,1016.4,1013.4,0,1,13.5,19.7,0
-0.995521,-0.0945367,6.2,21.7,0,4,9.9,0.92388,0.382683,15,-0.382683,-0.92388,0.707107,0.707107,6,6,55,34,1018.4,1013.5,0,0,12.6,20.6,0
-0.991677,-0.128748,10,20,0,5,9.8,0.382683,-0.92388,48,-1.83697e-16,-1,-1.83697e-16,-1,17,26,28,25,1013.5,1011.9,0,1,15.8,18.7,0
-0.989314,-0.145799,9.3,22.4,0,9.6,9.9,-0.382683,-0.92388,33,-1.83697e-16,-1,0.707107,-0.707107,9,6,38,19,1021.4,1017.9,0,0,14.6,21.6,0
-0.986658,-0.162807,2.6,22.6,0,4.6,9.9,-1.83697e-16,-1,22,-0.707107,-0.707107,-1.83697e-16,-1,4,11,46,22,1021.4,1017.6,0,0,14.4,21.7,0
-0.983709,-0.179767,7.5,21.8,0,4.8,9.7,-0.382683,0.92388,20,-0.382683,-0.92388,-0.382683,0.92388,7,6,44,27,1022.9,1021.1,0,2,14.2,20.6,0
-0.980469,-0.196673,10.5,21.4,0,3.8,9,-0.382683,0.92388,30,-0.707107,-0.707107,-0.707107,0.707107,9,15,59,45,1028.5,1024.7,2,2,14.7,20.1,0
-0.976938,-0.213521,12.5,20.5,0,4.2,2.6,-0.707107,0.707107,22,-0.92388,-0.382683,1,0,2,2,82,67,1025.3,1021.3,7,7,14.4,18.9,0
-0.964614,-0.263665,7.3,18.7,0.2,6.6,9.9,-1.83697e-16,-1,56,-1.83697e-16,-1,-1.83697e-16,-1,15,22,41,23,1014.8,1011.7,1,0,16.2,17.8,0
-0.959933,-0.280231,6.7,20.3,0,9,10,-0.382683,-0.92388,28,-1.83697e-16,-1,-1.83697e-16,-1,11,13,47,23,1019.4,1016.1,0,1,11.8,19.7,0
-0.954967,-0.296713,8.2,23.2,0,5,10.1,-1.83697e-16,-1,24,-0.707107,-0.707107,-1,1.22465e-16,6,6,46,33,1021.4,1018.9,6,5,14.4,22.2,0
-0.949718,-0.313107,11,22.2,0,3.8,6.9,-0.382683,0.92388,20,-0.382683,-0.92388,-0.382683,0.92388,6,7,70,56,1023.5,1020.1,4,7,15.7,20.3,0
-0.944188,-0.329408,10.5,22.6,0,3.2,7.1,-0.707107,0.707107,28,-0.382683,-0.92388,0.382683,-0.92388,6,4,78,47,1022.7,1018.2,2,3,15.5,21.4,0
-0.938377,-0.345612,9.4,22.8,2.4,3.6,9.8,6.12323e-17,1,20,-0.707107,-0.707107,0.707107,0.707107,7,6,76,54,1023.7,1020.3,1,3,14.5,19.8,1
-0.932289,-0.361714,11.2,23.3,0.2,3,9.5,6.12323e-17,1,19,-0.92388,-0.382683,0.707107,0.707107,4,9,65,49,1023.2,1021.2,2,1,16.5,21.5,0
-0.925925,-0.377708,10.1,23.8,0,3.6,9.9,0.707107,0.707107,22,-0.382683,-0.92388,0.707107,0.707107,4,9,75,57,1027.1,1023.7,1,3,16.4,22.6,0
-0.919286,-0.39359,12.2,22.7,0,2.6,0.5,-1.83697e-16,-1,20,-0.707107,-0.707107,0.707107,0.707107,4,6,88,65,1027.6,1023.1,7,8,16.2,21.4,0
-0.912375,-0.409356,12,24.4,8,2.4,10.3,-0.382683,-0.92388,22,-0.707107,-0.707107,-0.382683,-0.92388,6,6,80,32,1023.8,1020.7,1,1,17.4,23.6,1
-0.905193,-0.425,9.4,23.7,0.2,3.4,9.8,-1.83697e-16,-1,22,-0.707107,-0.707107,-1.83697e-16,-1,4,7,72,32,1024.4,1020.1,1,1,14.7,23.2,0
-0.897743,-0.440519,7.3,25.1,0,3.2,10.2,-1.83697e-16,-1,24,-1.83697e-16,-1,-1.83697e-16,-1,4,11,59,20,1023.1,1018.9,0,0,14.4,24.5,0
-0.890028,-0.455907,7.8,25.9,0,4.8,9.8,0.382683,-0.92388,17,-0.382683,-0.92388,-0.92388,-0.382683,4,4,58,17,1023.2,1018.4,0,0,13.7,25.3,0
-0.865307,-0.501242,12.3,21.4,0,7.6,10.1,-0.382683,-0.92388,28,-0.382683,-0.92388,-0.382683,0.92388,11,6,29,9,1023.3,1021.9,1,0,15,20.6,0
-0.856551,-0.516062,9.8,21.4,0,7,8.5,-0.707107,0.707107,28,-0.92388,-0.382683,-0.707107,0.707107,6,11,52,50,1029,1026.5,3,3,15.2,19.5,0
-0.847541,-0.53073,11.9,20.2,2,4,3.2,-0.92388,0.382683,31,-0.382683,-0.92388,-0.707107,0.707107,6,13,82,47,1030.6,1029,7,7,15.7,19.1,1
-0.819015,-0.573772,9,24,0,4,10,-0.382683,-0.92388,15,-0.382683,-0.92388,-0.707107,0.707107,4,4,67,25,1028.9,1024.5,1,1,15.6,23.2,0
-0.809017,-0.587785,9.4,23.3,0,3.8,6.7,-0.92388,-0.382683,17,-0.92388,-0.382683,6.12323e-17,1,7,7,62,42,1030.2,1026.9,1,6,16,21.6,0
-0.798779,-0.601624,11,21.9,0,4,3,6.12323e-17,1,28,-0.92388,-0.382683,-0.382683,0.92388,6,11,67,64,1030,1026.9,2,7,17.2,19.1,0
-0.788305,-0.615285,11.6,24.6,0,2.8,9.8,0.92388,0.382683,19,-0.707107,-0.707107,0.92388,-0.382683,6,4,73,45,1026.2,1020.5,1,2,17.3,23.4,0
-0.777597,-0.628763,11.3,25.9,0,4.6,9.9,-0.382683,0.92388,26,-0.707107,-0.707107,6.12323e-17,1,6,11,64,33,1022.2,1018.4,1,2,17,23.5,0
-0.766659,-0.642055,11.4,22.1,0,4,9.3,-0.382683,0.92388,30,-1,1.22465e-16,-0.382683,0.92388,4,13,60,52,1025.2,1022.9,1,6,17.8,19.7,0
-0.755493,-0.655156,12.1,22.6,0,5.6,9.2,6.12323e-17,1,28,-0.92388,-0.382683,-0.382683,0.92388,7,15,59,48,1028.4,1026.3,2,3,16.6,19.8,0
-0.744104,-0.668064,10.8,21.6,0,3.4,5.5,-0.382683,0.92388,30,-0.707107,-0.707107,-0.382683,0.92388,7,13,62,44,1030.5,1028,3,2,17.2,20.9,0
-0.732494,-0.680773,12,20.9,0,4,0.6,-0.707107,0.707107,30,-0.382683,-0.92388,-0.382683,0.92388,4,13,73,57,1028.3,1024,7,7,15.8,19.6,0
-0.720667,-0.693281,13.6,17.4,4,2.2,0,0.707107,0.707107,26,-0.707107,0.707107,0.382683,0.92388,2,6,95,92,1021,1015.9,8,8,15.3,17.1,1
-0.696376,-0.717677,11.7,20.9,0,7.2,9.8,0.382683,-0.92388,56,-1.83697e-16,-1,-1.83697e-16,-1,20,20,55,44,1011.6,1008.5,5,3,15.5,19.2,0
-0.683919,-0.729558,13.6,24.3,0,9,10.6,-1.83697e-16,-1,39,-1.83697e-16,-1,-1.83697e-16,-1,15,15,53,35,1013.8,1011,1,1,18.1,23.5,0
-0.67126,-0.741222,9.8,24.2,0,6.4,9.9,6.12323e-17,1,24,-0.382683,-0.92388,0.382683,0.92388,7,9,54,47,1020.2,1017.7,0,2,17.9,21.7,0
-0.658402,-0.752667,12.1,23.2,0,6.6,10.2,-0.382683,0.92388,39,-0.92388,-0.382683,-0.707107,0.707107,7,17,58,52,1023.2,1020.7,1,3,18.3,21.4,0
-0.645348,-0.763889,14,17.1,3.2,4.2,0,-0.92388,0.382683,24,-0.92388,-0.382683,-0.92388,0.382683,6,13,83,88,1025.9,1023.2,8,8,15.8,15.9,1
-0.632103,-0.774884,13.8,18.5,22.4,4,0,-0.92388,0.382683,37,-0.707107,-0.707107,-0.92388,0.382683,7,11,93,85,1023.8,1022.2,8,8,14.7,15.8,1
-0.618671,-0.78565,14,22.8,6,1.4,3.5,-0.707107,0.707107,31,-1,1.22465e-16,-0.92388,0.382683,7,11,72,43,1023.9,1020.4,8,7,18,22.5,1
-0.605056,-0.796183,13.7,24,0,4.2,8.9,-0.707107,0.707107,26,-0.92388,-0.382683,-1,1.22465e-16,9,9,64,51,1021.7,1017.9,1,2,19.3,22.7,0
-0.591261,-0.80648,12.8,23.9,0,4,9.1,-0.707107,0.707107,28,-0.707107,-0.707107,-0.707107,0.707107,6,9,64,40,1018.3,1014.3,1,1,18.4,23.7,0
-0.577292,-0.816538,12,23.8,0,4,7.4,-1.83697e-16,-1,35,-0.382683,-0.92388,-1,1.22465e-16,9,11,65,48,1016.3,1012.2,1,7,18.4,21,0
-0.563151,-0.826354,12.7,23.7,3.6,4.4,7.6,-0.92388,-0.382683,35,-0.92388,-0.382683,-1,1.22465e-16,13,11,63,37,1016.2,1017.2,5,2,19.5,22.6,1
-0.548843,-0.835925,12.3,23.9,0,6,10.9,6.12323e-17,1,20,-0.707107,-0.707107,-1,1.22465e-16,7,6,52,32,1023.2,1018.7,1,1,17.4,22.8,0
-0.534373,-0.845249,9.7,24.3,0,4,10.5,0.707107,0.707107,19,-0.92388,-0.382683,-0.92388,0.382683,7,6,61,40,1020.4,1016.2,1,2,16.7,23.1,0
-0.519744,-0.854322,13.6,25.8,0,4,10.9,6.12323e-17,1,24,-0.707107,-0.707107,0.707107,0.707107,6,9,58,46,1019.2,1015.5,1,1,19.5,23.2,0
-0.504961,-0.863142,13.4,25.3,0,4.6,10.3,0.707107,0.707107,24,-0.382683,-0.92388,0.92388,0.382683,4,9,69,56,1019.8,1014.9,1,1,19.8,22.8,0
-0.490029,-0.871706,12,29.1,0,4.6,6.7,0.382683,-0.92388,43,0.92388,-0.382683,0.707107,-0.707107,4,9,60,27,1013.6,1005.9,7,4,18.3,29,0
-0.474951,-0.880012,10.9,23.1,0,10.8,10.9,-1.83697e-16,-1,44,-1.83697e-16,-1,-1.83697e-16,-1,15,11,37,18,1012.7,1009.3,1,1,16.3,22.5,0
-0.459733,-0.888057,10,23.9,0,8.8,10.1,0.382683,-0.92388,26,-0.707107,-0.707107,-0.707107,-0.707107,6,6,31,15,1015,1011,1,1,17.3,23.7,0
-0.444378,-0.895839,9.1,23.8,0,5.8,10.7,0.382683,0.92388,24,-0.707107,-0.707107,0.707107,0.707107,6,9,48,38,1018.2,1015.4,1,3,16.7,21.5,0
-0.428892,-0.903356,11.5,23.4,0,6.4,8.2,-0.707107,0.707107,30,-0.382683,-0.92388,-0.382683,0.92388,9,11,56,50,1025.1,1022.7,1,7,17.6,20.3,0
-0.413279,-0.910605,12.9,23.1,0,6.4,8.5,-0.382683,0.92388,30,-0.707107,0.707107,-0.382683,0.92388,11,15,56,52,1027.1,1024,5,6,19.5,20.9,0
-0.397543,-0.917584,13.8,23,3,4.4,5.6,-0.382683,0.92388,33,-0.92388,0.382683,6.12323e-17,1,7,11,70,52,1025.9,1022.1,6,5,18.9,21.3,1
-0.381689,-0.924291,12.4,23.6,0,4,10.5,0.707107,0.707107,24,-0.382683,-0.92388,0.382683,0.92388,4,13,66,59,1022.6,1018.3,5,3,19.3,22.4,0
-0.365723,-0.930724,13.3,28.3,0,4,10.3,0.707107,0.707107,26,0.382683,-0.92388,0.707107,0.707107,6,7,63,65,1016.9,1011,2,5,21.3,23.8,0
-0.349647,-0.936881,11.7,27,0,3.8,10.6,0.707107,0.707107,22,-0.382683,-0.92388,0.707107,0.707107,6,9,50,33,1017.8,1015.1,0,0,20.7,24.5,0
-0.333469,-0.942761,13.8,25.2,0,4,10.2,0.707107,0.707107,28,-1,1.22465e-16,6.12323e-17,1,6,11,69,49,1022.6,1020.4,5,2,20.6,23.8,0
-0.317191,-0.948362,15.1,24.2,0,5,7.2,0.707107,0.707107,24,0.707107,0.707107,0.707107,0.707107,7,7,55,52,1024.2,1021.8,5,7,22.2,22.3,0
-0.30082,-0.953681,12.8,24.7,0,4.2,10.1,0.382683,0.92388,22,-0.382683,-0.92388,0.707107,0.707107,6,9,66,50,1023.4,1018.8,1,1,19.6,23.2,0
-0.284359,-0.958718,12.8,26.3,0,5,10.4,0.92388,0.382683,24,-0.382683,-0.92388,0.707107,0.707107,6,13,63,50,1019.8,1014.3,1,1,20.1,23.7,0
-0.267814,-0.963471,13.3,26.9,0,5.4,9.7,0.707107,0.707107,30,1,0,0.707107,0.707107,6,13,49,62,1017,1011.3,1,4,22.4,24.3,0
-0.25119,-0.967938,11.9,29.5,0,6.2,11,0.707107,-0.707107,33,-0.707107,-0.707107,0.382683,-0.92388,6,20,35,18,1015.2,1010.5,0,1,24.4,28.8,0
-0.234491,-0.972118,11.1,27.3,0,9,11.3,-0.382683,-0.92388,26,-0.382683,-0.92388,0.382683,-0.92388,7,6,25,15,1019.5,1015.2,1,0,22.2,26.8,0
-0.217723,-0.976011,11.2,24.7,0,7.6,11,0.382683,0.92388,28,-0.707107,-0.707107,0.92388,0.382683,4,11,51,43,1021.5,1016.4,1,1,20.2,23.1,0
-0.200891,-0.979614,14.4,24,0,5.6,6.9,6.12323e-17,1,31,-1,1.22465e-16,6.12323e-17,1,6,15,66,54,1022,1018.8,5,4,19.5,21.9,0
-0.183998,-0.982927,12.6,24.4,0,5.6,10.1,6.12323e-17,1,33,-0.92388,0.382683,-0.382683,0.92388,9,15,52,47,1026.5,1023.9,5,4,20.8,22.6,0
-0.167052,-0.985948,13.4,23.4,0.6,6.8,7.1,-0.382683,0.92388,35,-0.707107,0.707107,6.12323e-17,1,9,17,67,53,1027.7,1025.5,6,7,20.2,21.4,0
-0.150055,-0.988678,15.5,23.9,3,4.8,9.7,6.12323e-17,1,31,-0.707107,0.707107,6.12323e-17,1,11,13,53,41,1028.7,1025.3,6,3,21.1,22.2,1
-0.133015,-0.991114,13.9,23.4,0.8,6.2,6.8,6.12323e-17,1,24,0.382683,-0.92388,0.707107,0.707107,6,11,76,56,1025,1020.4,7,3,19.1,22.4,0
-0.115935,-0.993257,14.8,26.3,0,5,7.5,0.707107,0.707107,39,0.382683,-0.92388,0.707107,0.707107,9,13,56,61,1019.1,1011.1,5,3,22.8,24.6,0
-0.0988201,-0.995105,13.9,25.5,9.8,5.2,10.2,-1.83697e-16,-1,26,-0.382683,-0.92388,0.382683,0.92388,9,11,56,57,1015.5,1013.2,1,5,21.7,22.8,1
-0.0816764,-0.996659,14.5,26.6,0,6.6,9.5,-1,1.22465e-16,26,-1.83697e-16,-1,0.382683,0.92388,6,13,60,47,1019.3,1015.2,4,2,21.1,24.7,0
-0.0645084,-0.997917,15,23.9,10.4,5,9.2,0.707107,0.707107,24,-0.707107,0.707107,0.382683,0.92388,11,9,62,53,1022.4,1019.2,2,2,20.3,23.1,1
-0.0473214,-0.99888,13.2,24.9,0,5.8,10.4,0.382683,0.92388,24,-0.382683,0.92388,0.382683,0.92388,2,11,59,52,1021.5,1017.3,2,1,21.2,23.7,0
-0.0301203,-0.999546,13.6,26.2,0,6,10.8,0.707107,0.707107,28,0.92388,0.382683,0.707107,0.707107,4,9,53,53,1021,1016.9,0,0,22.6,25.1,0
-0.0129103,-0.999917,15.9,31.4,0,5.6,10.3,-0.707107,0.707107,43,0.707107,-0.707107,0.707107,0.707107,6,11,55,53,1017.6,1011.8,0,1,23.4,27.5,0
0.00430354,-0.999991,17.6,23.2,0,7,7.7,-0.707107,0.707107,37,6.12323e-17,1,0.382683,0.92388,7,11,55,53,1022.3,1019.6,7,5,20.3,22,0
0.0215161,-0.999769,13.3,26,0,8.8,10.2,0.382683,0.92388,26,6.12323e-17,1,0.92388,0.382683,4,7,58,55,1020.3,1017,0,1,21.4,24.7,0
0.055917,-0.998435,15.7,26.9,0,7,10.8,0.707107,0.707107,26,0.382683,-0.92388,0.707107,0.707107,4,11,56,45,1021.9,1017.6,4,1,23.1,25.3,0
0.0730951,-0.997325,14.4,27.2,0,7.2,11.2,0.382683,0.92388,24,6.12323e-17,1,0.382683,0.92388,2,11,49,39,1020.4,1015.9,1,1,23.6,25.6,0
0.0902516,-0.995919,14.4,26.9,0,7.4,10.9,0.707107,0.707107,28,0.92388,-0.382683,0.707107,0.707107,9,11,47,52,1016.8,1012.1,0,2,24,25.1,0
0.107381,-0.994218,16.9,31.7,0,6,8.8,-0.382683,0.92388,37,0.707107,-0.707107,6.12323e-17,1,4,17,55,67,1013.9,1011.7,1,4,25.5,25.3,0
0.124479,-0.992222,19.4,25.3,0,5.2,7.3,6.12323e-17,1,33,-0.707107,0.707107,6.12323e-17,1,11,13,56,49,1020.4,1018.2,6,4,23.5,24,0
0.14154,-0.989932,14.9,25.4,0,8,9.9,0.707107,0.707107,24,0.707107,-0.707107,0.707107,0.707107,6,11,58,50,1020.8,1016.7,4,1,21.6,24,0
0.158559,-0.987349,17.7,26.4,0,6.6,7.7,6.12323e-17,1,24,-1,1.22465e-16,0.382683,0.92388,2,11,62,52,1019.3,1015.3,7,1,21.7,25.2,0
0.175531,-0.984474,17.4,26.2,0,5.8,10.2,0.382683,0.92388,28,6.12323e-17,1,0.382683,0.92388,6,15,58,57,1019.6,1016.6,4,1,23.9,23.7,0
0.192452,-0.981306,16.2,26.9,0,7,10.5,0.382683,0.92388,37,1,0,0.92388,0.382683,7,13,57,56,1016.7,1011.5,3,3,23.2,25.2,0
0.209315,-0.977848,17.3,27.7,3.2,8.6,10.9,-1.83697e-16,-1,41,0.707107,-0.707107,-1.83697e-16,-1,13,19,60,26,1010.7,1008.4,6,1,23.4,26.8,1
0.226116,-0.9741,13.3,26.2,0,12.4,12.5,0.382683,-0.92388,35,-1.83697e-16,-1,-1.83697e-16,-1,13,13,34,25,1015.9,1012.3,0,1,18.3,25.3,0
0.24285,-0.970064,13.2,26.7,0,7.6,12.1,6.12323e-17,1,26,-0.92388,-0.382683,0.382683,0.92388,7,11,45,37,1019.2,1015.7,1,1,22.8,25.7,0
0.259512,-0.96574,15.5,30.2,0,5.2,11.9,6.12323e-17,1,30,-1,1.22465e-16,0.382683,0.92388,7,13,54,38,1020.7,1016.6,2,4,23.8,26.7,0
0.276097,-0.96113,16.1,26.5,0,7.8,11.8,-0.382683,0.92388,39,-1,1.22465e-16,-0.382683,0.92388,9,15,48,46,1026,1023.3,1,2,23.2,24,0
0.2926,-0.956235,15.2,26.9,0,7.6,12.1,6.12323e-17,1,30,-0.707107,0.707107,0.382683,0.92388,6,17,47,46,1027.7,1023.2,2,1,23.1,24.5,0
0.309017,-0.951057,14.2,26.6,0,8.8,12.3,0.707107,0.707107,24,-0.92388,0.382683,0.382683,0.92388,4,13,49,46,1025.6,1021.7,1,1,22.4,24.7,0
0.325342,-0.945596,16.6,27.1,0,7.2,3.4,-0.382683,0.92388,37,-0.92388,0.382683,-0.382683,0.92388,17,19,53,55,1027.1,1024.4,7,6,23.2,23.7,0
0.341571,-0.939856,16.6,25.5,0,7.8,9.2,6.12323e-17,1,31,-0.92388,0.382683,6.12323e-17,1,9,17,48,48,1025.6,1022,5,2,22.2,24,0
0.357698,-0.933837,12.7,27,0,7.6,11.6,0.707107,0.707107,30,0.707107,-0.707107,0.707107,0.707107,4,9,50,47,1022.6,1017.3,1,1,22.2,25.7,0
0.37372,-0.927542,16.1,27.3,0,7.8,11,0.707107,0.707107,31,0.92388,0.382683,0.707107,0.707107,6,13,50,54,1022.8,1019.3,1,1,24.8,25,0
0.38963,-0.920971,17.3,28.6,0,10,11.7,0.382683,0.92388,30,1,0,0.707107,0.707107,6,13,49,57,1020.6,1015,2,1,24.6,26.2,0
0.421101,-0.907014,20.5,34,0,8,9.8,0.707107,0.707107,26,0.92388,0.382683,0.382683,0.92388,6,15,55,59,1011.6,1005.8,0,2,27.4,29.2,0
0.436651,-0.899631,21.2,34.2,2.6,9.8,10.5,6.12323e-17,1,37,-0.382683,0.92388,0.382683,0.92388,7,11,29,58,1010.3,1009.2,1,1,33.9,28.1,1
0.452072,-0.891981,17.5,30.7,0,7.4,11.6,6.12323e-17,1,35,-1,1.22465e-16,6.12323e-17,1,7,20,50,35,1014.8,1013.1,1,0,27.9,28.2,0
0.497513,-0.867456,20.9,30.9,0,9.2,11.6,0.92388,0.382683,35,0.92388,-0.382683,0.92388,0.382683,7,15,58,61,1016.5,1009.5,7,1,26.9,27.7,0
0.512371,-0.858764,21.2,31.2,0,8.8,8.7,6.12323e-17,1,37,-1,1.22465e-16,-0.382683,0.92388,6,20,50,55,1014.4,1014.5,5,3,30,26.2,0
0.527078,-0.849817,20.6,23.8,0,11.6,1.2,6.12323e-17,1,30,-0.382683,0.92388,-0.382683,0.92388,11,13,56,54,1022.3,1020.7,7,7,23.6,22.9,0
0.541628,-0.840618,15.3,26.4,0,5.3,10.2,6.12323e-17,1,28,0.382683,0.92388,0.382683,0.92388,6,15,56,49,1023.8,1020.4,4,3,22.4,23.7,0
0.556017,-0.831171,16.3,27,0,7,9.3,0.382683,0.92388,30,0.707107,0.707107,0.382683,0.92388,6,13,54,50,1021.4,1016.8,6,2,23.5,24.8,0
0.570242,-0.821477,18.2,28.4,0,8.8,9,0.707107,0.707107,33,0.92388,-0.382683,0.707107,0.707107,4,15,49,53,1015.9,1011.6,1,3,24.8,26.4,0
0.584298,-0.811539,19.5,29.1,9.2,7.8,10.6,0.382683,0.92388,24,1,0,0.92388,0.382683,2,11,59,53,1017.1,1015,5,7,26,27.7,1
0.598181,-0.801361,20.7,29.1,0,7.6,12,0.382683,0.92388,31,-0.382683,0.92388,0.707107,0.707107,7,13,47,44,1021.2,1018.2,1,1,26,26.9,0
0.611886,-0.790946,17,28.5,0,9.2,12.5,0.707107,0.707107,24,0.382683,-0.92388,0.382683,0.92388,7,13,50,50,1020.1,1017,1,1,24.8,26.7,0
0.625411,-0.780296,19.9,29.2,0,8,10.6,0.707107,0.707107,28,1,0,0.92388,0.382683,7,13,53,50,1019.2,1015.5,5,7,26.9,26.9,0
0.638749,-0.769415,18.8,29.9,0,9,10.2,0.707107,0.707107,28,0.382683,0.92388,0.382683,0.92388,6,13,53,52,1016.6,1013.8,1,1,25.9,28.1,0
0.651899,-0.758306,22.1,28.3,0,7.4,8.1,-0.382683,0.92388,30,0.382683,0.92388,6.12323e-17,1,7,15,61,63,1016.8,1014.3,6,5,25.8,25.7,0
0.664855,-0.746972,20.3,28.6,9.2,5.4,7.6,6.12323e-17,1,28,-0.707107,0.707107,0.382683,0.92388,4,13,78,61,1018.5,1016.2,7,6,23.9,26.2,1
0.677615,-0.735417,20.9,30,0.2,7.2,12.5,0.92388,0.382683,31,1,0,0.707107,0.707107,7,11,47,57,1018.7,1014.1,1,2,27.9,28.7,0
0.690173,-0.723644,21.4,32.2,0,6,12.9,0.707107,0.707107,30,0.382683,0.92388,0.92388,0.382683,6,13,51,56,1013.4,1007.3,0,0,29.6,30.9,0
0.702527,-0.711657,23,38.9,0,9,10.8,-1.83697e-16,-1,35,0.382683,0.92388,0.707107,0.707107,6,7,51,54,1007.2,1003.8,5,7,31.3,33.2,0
0.714673,-0.699458,23.4,30.3,0,6.2,11.9,6.12323e-17,1,31,-0.382683,0.92388,6.12323e-17,1,11,15,53,57,1013,1011.5,1,6,28.9,26.6,0
0.726608,-0.687053,22.3,28.3,2.6,9.6,4.2,0.382683,0.92388,24,-1,1.22465e-16,0.707107,0.707107,4,11,86,73,1016.2,1012.5,8,4,24,27.8,1
0.738326,-0.674444,24,30,13.8,5,4.5,-0.707107,-0.707107,41,0.382683,0.92388,0.382683,0.92388,11,17,74,79,1017.7,1014,7,7,27.4,25.9,1
0.749826,-0.661635,19.1,28.9,56,7,10.8,0.707107,0.707107,33,0.707107,0.707107,0.707107,0.707107,7,13,64,64,1018.2,1014.6,4,4,26.4,27.9,1
0.761104,-0.64863,22.8,30.4,0,6.6,11.7,0.707107,0.707107,37,0.92388,-0.382683,0.707107,0.707107,7,13,62,67,1015.6,1011.1,5,5,28.4,28.9,0
0.772157,-0.635432,24.2,31.5,0,10.2,10.8,0.707107,0.707107,37,0.92388,-0.382683,0.707107,0.707107,4,15,59,67,1014.8,1011.6,5,2,29.6,29.1,0
0.78298,-0.622047,24.1,30.4,0,9.8,11.2,0.707107,0.707107,33,0.92388,0.382683,0.92388,0.382683,6,13,58,54,1017.8,1014.2,6,2,29.5,29.2,0
0.793572,-0.608477,22.6,30.5,0,11,12.2,0.707107,0.707107,35,0.92388,-0.382683,0.707107,0.707107,9,15,52,65,1017.6,1013.1,3,5,28.2,27.6,0
0.803928,-0.594727,21.4,31.1,0,10.2,12.1,0.92388,0.382683,28,0.707107,-0.707107,0.92388,0.382683,7,9,48,52,1015.3,1011.6,3,5,28,29.9,0
0.814046,-0.5808,23.4,29.1,3.6,7.8,5.1,0.382683,0.92388,24,1,0,0.382683,0.92388,7,11,79,63,1017.2,1014.7,7,7,24.5,27.8,1
0.823923,-0.566702,23.4,32,3,6.8,10.4,-0.707107,-0.707107,83,0.92388,-0.382683,0.707107,0.707107,6,13,54,51,1016.3,1012.1,6,1,28.7,30.1,1
0.833556,-0.552435,17.8,27.4,43.4,9.4,6.4,-0.382683,0.92388,35,-0.707107,0.707107,6.12323e-17,1,7,17,71,59,1018.7,1017.9,7,7,25.2,24.9,1
0.842942,-0.538005,19.4,27.3,1,7.8,12.3,0.382683,0.92388,31,-0.382683,0.92388,6.12323e-17,1,11,13,48,47,1019.4,1016.6,3,2,24.8,25.7,0
0.852078,-0.523416,16.4,27.8,0,9.6,12.9,0.707107,0.707107,26,0.707107,-0.707107,0.382683,0.92388,4,15,50,48,1017.3,1013.7,3,5,25.2,26.5,0
0.860961,-0.508671,19.1,28.4,0,7.6,11.4,0.92388,0.382683,26,0.382683,0.92388,0.707107,0.707107,7,11,51,46,1015.3,1012.2,3,1,25.1,26.8,0
0.869589,-0.493776,21.6,29.1,0,9.6,6.1,0.382683,0.92388,24,0.707107,0.707107,0.707107,0.707107,9,11,64,54,1016.4,1014.4,7,5,25.8,26.5,0
0.87796,-0.478734,20.2,29.8,0.2,8,12.5,0.382683,0.92388,31,1,0,0.707107,0.707107,2,15,59,62,1017.8,1014.7,3,3,27.1,27.5,0
0.886071,-0.46355,22.7,30.3,0,7.8,9.9,0.707107,0.707107,33,0.92388,-0.382683,0.707107,0.707107,9,15,59,57,1016.8,1013.2,6,7,27.6,28,0
0.893919,-0.448229,23.5,30,0,9.2,4.5,0.382683,0.92388,26,0.92388,-0.382683,0.707107,0.707107,6,9,58,62,1012.8,1008.9,7,7,26.3,27.3,0
0.908818,-0.417194,22,30.3,1.4,4,11.1,0.92388,0.382683,31,0.92388,-0.382683,0.707107,0.707107,7,13,65,62,1008.6,1006.4,7,3,26.5,29,1
0.915864,-0.401488,24.4,30.4,0,7.4,3.3,0.707107,0.707107,30,0.92388,0.382683,0.92388,0.382683,6,6,73,79,1012.2,1010.4,7,8,28.4,27.7,0
0.92264,-0.385663,21.7,33.2,25.2,5,8.5,0.382683,0.92388,28,0.382683,-0.92388,0.92388,0.382683,6,13,64,59,1014.4,1010,6,6,27.9,30.1,1
0.935368,-0.353676,24.4,32.2,0,7.4,4.1,0.382683,-0.92388,30,0.92388,-0.382683,0.382683,-0.92388,7,13,67,87,1009.9,1005.4,5,7,29.2,24.4,0
0.941317,-0.337523,20.4,24.7,27,9.8,0.8,-0.707107,0.707107,30,-0.92388,0.382683,0.707107,0.707107,6,4,75,76,1009.1,1008.2,8,7,20.6,22.9,1
0.946988,-0.32127,18.7,24.9,3.8,5,0.1,-0.92388,0.382683,35,-0.92388,0.382683,-0.707107,0.707107,11,17,64,57,1011.2,1009.2,8,8,22.3,24,1
0.952378,-0.304921,18.7,26.3,0,4.8,4,-0.707107,0.707107,28,-0.92388,0.382683,-0.382683,0.92388,9,13,56,57,1010.4,1008.5,6,7,23.9,25.2,0
0.957485,-0.288482,17.6,28.8,0,7.2,13.3,0.707107,0.707107,26,-1,1.22465e-16,6.12323e-17,1,6,13,49,50,1011.5,1008.7,2,1,25.1,27.5,0
0.962309,-0.271958,17.5,30,0,7.8,11.5,0.707107,0.707107,26,0.92388,0.382683,0.707107,0.707107,7,11,54,58,1010.5,1005.7,6,3,26.2,27.9,0
0.966848,-0.255353,22.4,35,0,7.8,12.6,0.707107,0.707107,24,0.382683,0.92388,0.707107,0.707107,2,9,58,40,1006.7,1003.1,1,3,29.9,33.8,0
0.9711,-0.238673,24.2,32.4,1.2,8,6.6,-1.83697e-16,-1,56,0.707107,0.707107,0.707107,0.707107,7,9,67,69,1010.5,1005.7,6,7,29,30.1,1
0.975065,-0.221922,20.8,34.7,16.8,9.2,9.9,6.12323e-17,1,28,0.382683,-0.92388,-0.382683,-0.92388,7,7,65,24,1011.7,1008.2,4,1,26,34.2,1
0.97874,-0.205104,21.8,29.1,0,6.8,12.5,6.12323e-17,1,33,-0.382683,0.92388,6.12323e-17,1,11,13,58,47,1016,1013.5,2,1,26.3,28.1,0
0.982126,-0.188227,20.7,29.3,0,10.4,10.6,0.382683,0.92388,24,0.92388,0.382683,0.707107,0.707107,6,13,62,55,1018.3,1015.6,4,1,25,27.4,0
0.98522,-0.171293,18.9,28.5,0,7.2,12.1,0.382683,0.92388,30,-0.382683,0.92388,6.12323e-17,1,9,19,56,53,1017.9,1015.5,2,2,25.5,26.8,0
0.988023,-0.154309,19.1,28.8,0,9.4,11.9,6.12323e-17,1,30,6.12323e-17,1,0.92388,0.382683,6,13,55,54,1016.9,1014.1,3,3,26.3,27.3,0
0.990532,-0.137279,20.8,30.3,0,8,12.1,0.707107,0.707107,24,0.92388,0.382683,0.707107,0.707107,4,13,55,52,1014.3,1011.5,1,1,27.3,28.7,0
0.992749,-0.120208,21,30.2,0,9,11.2,0.707107,0.707107,24,0.92388,0.382683,0.707107,0.707107,4,11,63,52,1013.9,1009.9,3,3,26.3,29.4,0
0.994671,-0.103102,24.4,31.7,0,8.8,6.9,0.707107,0.707107,22,1,0,0.92388,0.382683,6,9,61,57,1011.8,1009.1,6,7,28.1,30,0
0.996298,-0.0859648,20.9,23.4,7.2,8.6,0,-0.707107,-0.707107,30,-0.707107,-0.707107,-0.707107,-0.707107,2,6,89,90,1014.5,1013.9,8,8,21.9,21.4,1
0.99763,-0.0688024,19.6,27,22.4,0.2,0.3,-0.382683,-0.92388,13,-0.707107,-0.707107,-0.707107,-0.707107,2,4,95,74,1014.8,1011.4,8,7,21.1,26,1
0.999407,-0.0344216,22.1,35.5,1,5.2,11.7,-0.92388,0.382683,22,0.382683,-0.92388,1,0,4,6,70,51,1009.4,1005.6,5,2,29,34,0
0.999852,-0.0172134,23.8,33.9,0,5.8,10.7,6.12323e-17,1,30,-0.92388,0.382683,0.382683,0.92388,4,13,55,62,1009.6,1009.2,2,6,31,30.5,0
1,0,25.2,31.3,12.2,7,12.1,6.12323e-17,1,26,0.92388,0.382683,0.707107,0.707107,6,13,67,64,1014.9,1012.7,5,4,29.4,30.2,1
0.999852,0.0172134,24.8,30.5,0.2,9,10.3,0.382683,0.92388,28,0.707107,0.707107,0.707107,0.707107,9,13,68,69,1018.2,1016.6,5,7,28.1,27.8,0
0.999407,0.0344216,24.6,28.9,1.2,4.2,4.2,6.12323e-17,1,35,0.382683,0.92388,0.707107,0.707107,6,11,82,64,1019.4,1017.3,8,6,25.6,28.3,1
0.998667,0.0516197,21.1,30.2,16.8,7.6,12,0.382683,0.92388,26,6.12323e-17,1,0.382683,0.92388,9,13,59,53,1018,1014.5,4,3,27.6,28.8,1
0.99763,0.0688024,21.8,28.1,0,8.8,3.8,-0.382683,0.92388,20,-0.382683,0.92388,-0.92388,-0.382683,6,4,69,80,1015.9,1015.2,7,7,26.8,23.7,0
0.996298,0.0859648,21.5,29.5,21.6,5.8,12.1,6.12323e-17,1,33,-0.382683,0.92388,6.12323e-17,1,15,17,62,48,1017.5,1016.4,7,3,26.9,28.5,1
0.994671,0.103102,20.6,27.1,0,9,3.6,-0.92388,0.382683,33,-0.707107,0.707107,-0.382683,0.92388,15,9,64,59,1017.7,1016.1,7,7,26.9,26.3,0
0.992749,0.120208,19.8,28.4,1.8,5.6,3.9,6.12323e-17,1,31,-0.707107,0.707107,6.12323e-17,1,11,7,68,70,1016,1013.4,6,7,25.5,25.7,1
0.990532,0.137279,20.8,29.5,3.6,4.2,11.8,6.12323e-17,1,26,6.12323e-17,1,0.382683,0.92388,4,13,63,60,1013.4,1010.5,4,2,26.8,28.8,1
0.988023,0.154309,22.1,30.2,0,7.6,10.9,0.707107,0.707107,28,0.707107,0.707107,0.382683,0.92388,11,13,63,55,1012.8,1010.9,3,6,28,29.1,0
0.98522,0.171293,23.4,28.2,0,7.8,0.9,0.382683,0.92388,19,-1.83697e-16,-1,6.12323e-17,1,4,9,76,75,1011.6,1008,7,7,26.8,26.8,0
0.982126,0.188227,22.5,30.4,14.6,4.2,1.1,-0.382683,0.92388,31,-0.707107,-0.707107,-0.382683,0.92388,4,6,81,94,1009.9,1007.5,8,8,25.9,23.5,1
0.97874,0.205104,22.6,28.4,38.6,2.6,2.2,0.382683,0.92388,24,6.12323e-17,1,0.707107,0.707107,7,13,78,69,1009.7,1007,7,7,26.4,26.9,1
0.966848,0.255353,23.1,32.5,0,10.4,13.1,0.382683,0.92388,24,-0.92388,-0.382683,0.707107,0.707107,4,13,56,60,1008.8,1006,1,1,29.2,30.8,0
0.962309,0.271958,24,35.3,0,8,12.7,0.382683,0.92388,24,-0.382683,-0.92388,0.92388,0.382683,6,9,67,60,1009.4,1005.6,1,3,29,32,0
0.957485,0.288482,25.9,36.7,0,8,11.7,6.12323e-17,1,30,-0.92388,-0.382683,0.382683,0.92388,6,13,65,52,1009.5,1005.7,3,2,31,33.5,0
0.952378,0.304921,26.5,31.8,0,7.6,9.3,0.382683,0.92388,31,-0.707107,0.707107,0.382683,0.92388,13,15,71,58,1008.7,1006.8,4,3,29.6,30.6,0
0.946988,0.32127,20.6,29.2,35.8,10.8,9.4,-0.382683,0.92388,35,0.382683,0.92388,6.12323e-17,1,13,17,67,58,1012.7,1008.8,7,6,25.9,27.5,1
0.941317,0.337523,21.3,30,0.2,7.4,8,6.12323e-17,1,28,-0.92388,0.382683,-0.382683,0.92388,6,13,82,64,1009.9,1007.7,7,7,23.6,27.6,0
0.935368,0.353676,23.2,28.6,1,9.2,2.1,0.382683,0.92388,31,-0.382683,0.92388,6.12323e-17,1,7,13,67,77,1009.6,1008,8,8,27.6,26.4,0
0.92264,0.385663,20,30.8,65.2,3,5.4,-0.382683,0.92388,22,-0.707107,0.707107,6.12323e-17,1,7,2,84,59,1006.3,1004.4,8,6,24.8,30.3,1
0.915864,0.401488,22.1,36.7,0,3.4,12.6,-1.83697e-16,-1,28,0.382683,-0.92388,0.707107,0.707107,4,9,67,59,1006.2,1002.6,1,2,29.3,32.2,0
0.908818,0.417194,24.9,33.1,0,6.2,7.8,-0.382683,0.92388,30,0.382683,0.92388,-0.382683,0.92388,4,15,66,54,1006.8,1004.9,3,6,31,32,0
0.901502,0.432776,23.7,30.2,0,7.8,9.2,6.12323e-17,1,30,-0.382683,0.92388,6.12323e-17,1,9,13,62,63,1007.7,1005,5,5,28.5,28.1,0
0.893919,0.448229,19.5,28.1,5.2,7.2,1,-0.92388,0.382683,33,-0.707107,-0.707107,-0.92388,0.382683,7,11,85,61,1006.8,1005.4,7,8,21,26.1,1
0.886071,0.46355,20.4,28.9,0,4.6,11,6.12323e-17,1,26,-0.92388,-0.382683,6.12323e-17,1,7,15,53,58,1008.9,1006.4,5,3,24.8,26.6,0
0.87796,0.478734,20.2,29,3.8,7.8,11.2,0.707107,0.707107,22,0.707107,0.707107,0.92388,0.382683,4,9,63,58,1009.9,1006.3,6,2,25.2,28.3,1
0.869589,0.493776,19.8,31.8,0,7.4,11.4,-0.92388,0.382683,33,6.12323e-17,1,0.707107,0.707107,6,13,62,62,1008.2,1003.5,1,2,26.8,29.8,0
0.860961,0.508671,20.3,34.4,17.2,7.8,12.8,0.382683,0.92388,24,-0.707107,-0.707107,-0.707107,-0.707107,4,7,71,26,1007.6,1003.6,1,1,26.8,34.2,1
0.852078,0.523416,22.1,29.6,0,5.6,8.8,-0.92388,0.382683,43,-0.92388,0.382683,-0.382683,0.92388,9,17,66,56,1010,1008.5,6,2,26.8,27.9,0
0.823923,0.566702,20.7,29.2,0,6.8,9.6,-0.92388,0.382683,39,-0.707107,0.707107,-0.382683,0.92388,15,15,50,51,1017.6,1016.9,4,3,26.5,28.3,0
0.814046,0.5808,20.2,28.3,2.8,8.8,10.4,-0.92388,0.382683,37,-0.707107,0.707107,-0.382683,0.92388,17,17,60,44,1022.6,1020.7,5,1,25.6,27.9,1
0.803928,0.594727,19.5,29.3,0.2,11,11.2,6.12323e-17,1,26,-0.92388,0.382683,6.12323e-17,1,11,11,73,54,1023.5,1019.9,7,7,22.3,27,0
0.793572,0.608477,20.8,29.9,0.2,7.4,11.9,0.382683,0.92388,22,-0.92388,0.382683,0.382683,0.92388,4,11,60,58,1020.5,1017.8,2,1,25.9,28.7,0
0.78298,0.622047,19.6,30.3,0,6.4,12.5,-0.707107,0.707107,33,-0.707107,0.707107,6.12323e-17,1,9,17,61,45,1019.5,1018.2,3,3,26.7,29.6,0
0.772157,0.635432,20.6,29,5.2,9,9.4,-0.382683,0.92388,39,-0.707107,0.707107,6.12323e-17,1,7,13,80,89,1020.5,1019.6,2,7,24.6,22.6,1
0.761104,0.64863,20.3,28.9,12.2,8,9,6.12323e-17,1,30,-1,1.22465e-16,-0.382683,0.92388,9,11,82,47,1020.2,1017.6,6,1,22.5,28.5,1
0.749826,0.661635,20.6,28.9,8.4,7.2,9.6,6.12323e-17,1,28,-0.382683,0.92388,-0.382683,0.92388,7,11,68,54,1019.3,1017.2,7,4,26.6,28.4,1
0.738326,0.674444,20.2,29.6,1.6,7.4,8.2,-0.382683,0.92388,35,-0.382683,0.92388,6.12323e-17,1,11,17,70,68,1019.7,1018.7,5,6,26.4,25.7,1
0.726608,0.687053,19.8,29,0.4,6.6,10.2,-0.92388,0.382683,30,-0.707107,0.707107,6.12323e-17,1,9,15,65,49,1021.4,1017.9,5,3,26.1,28,0
0.714673,0.699458,21.1,28.8,0.2,8.4,9.5,6.12323e-17,1,24,-1.83697e-16,-1,6.12323e-17,1,4,11,72,49,1018.5,1014.9,6,3,24.1,27.9,0
0.702527,0.711657,19.5,29.4,0.4,8,11.8,-0.382683,0.92388,26,-0.707107,0.707107,6.12323e-17,1,7,13,62,48,1016.8,1013.6,3,3,26.8,28.3,0
0.690173,0.723644,20.1,29.1,0.4,9,11.6,-0.707107,0.707107,33,-0.382683,0.92388,-0.707107,0.707107,11,11,60,62,1016.2,1014.8,6,4,26.2,26.3,0
0.677615,0.735417,20.2,29.2,0.2,8.2,5.9,-0.382683,0.92388,35,-0.382683,0.92388,-0.382683,0.92388,15,9,60,86,1016.4,1014.8,5,5,27.6,24.3,0
0.664855,0.746972,22.5,26.8,4.6,5.2,0,-0.707107,0.707107,33,-0.382683,0.92388,-0.382683,0.92388,13,13,79,89,1016.5,1014.2,8,8,25.5,24.6,1
0.651899,0.758306,21.8,22.6,54,4.8,0,-0.707107,0.707107,30,-0.92388,0.382683,-0.707107,-0.707107,2,6,95,95,1012.3,1009.8,8,8,22.4,22,1
0.638749,0.769415,21.4,27.3,89.2,6,0,-0.92388,0.382683,37,-1,1.22465e-16,-0.92388,0.382683,6,9,96,96,1007.3,1003.7,8,8,22,23.9,1
0.611886,0.790946,22.6,30.6,4.4,4.6,10.9,-0.92388,0.382683,33,-0.92388,0.382683,-0.707107,0.707107,9,13,72,59,1011.6,1009.2,7,2,26.6,30.1,1
0.598181,0.801361,22.3,30.8,0.4,6.6,10.5,-0.707107,0.707107,31,-0.707107,0.707107,6.12323e-17,1,11,20,74,60,1012,1008.7,6,1,25.9,28.8,0
0.584298,0.811539,21.8,29.8,0,6.6,10.6,-0.92388,0.382683,31,-0.707107,0.707107,6.12323e-17,1,7,15,69,60,1012.4,1009.7,7,3,26.4,28.8,0
0.570242,0.821477,20.5,29.8,0.2,8,9.9,6.12323e-17,1,22,-0.707107,0.707107,6.12323e-17,1,6,11,62,60,1010.1,1007,3,3,26.4,27.8,0
0.556017,0.831171,22.1,30.2,1.8,6.4,8.4,0.382683,0.92388,20,-1.83697e-16,-1,0.707107,0.707107,6,9,83,56,1009.2,1006.6,7,1,24.3,29.5,1
0.541628,0.840618,22.6,30.1,0.2,6.2,9.4,0.382683,0.92388,24,0.92388,-0.382683,6.12323e-17,1,4,11,65,64,1011.1,1008.6,4,3,27.2,28.6,0
0.527078,0.849817,21.8,31.3,0,6.2,9.5,0.92388,0.382683,20,-1.83697e-16,-1,0.707107,0.707107,6,7,73,59,1011.1,1007.8,4,1,27,30.2,0
0.512371,0.858764,23,31.6,0,6.4,11.3,-0.707107,0.707107,33,-0.92388,-0.382683,-0.382683,0.92388,7,15,64,57,1013,1011,5,4,27.8,29.1,0
0.497513,0.867456,21.1,30.6,0,8.4,11.5,0.382683,0.92388,24,-0.707107,0.707107,0.382683,0.92388,7,15,63,56,1015.9,1012.6,3,1,27.2,29.1,0
0.482508,0.875892,19.9,30.5,0,7,11.8,0.382683,0.92388,22,0.707107,-0.707107,0.92388,0.382683,4,7,60,50,1014.8,1010.9,2,1,27.2,29.9,0
0.452072,0.891981,23.1,28.6,0,8.4,6.3,-0.92388,0.382683,37,6.12323e-17,1,0.382683,0.92388,9,9,59,57,1009.7,1006.3,7,4,27.3,27.5,0
0.436651,0.899631,20.6,30.2,0,4.8,10.9,0.382683,0.92388,24,-1.83697e-16,-1,0.707107,0.707107,6,11,67,62,1010.9,1009.4,1,2,26.3,29.3,0
0.421101,0.907014,21,30.9,0,6.4,11.3,6.12323e-17,1,24,-1,1.22465e-16,0.382683,0.92388,4,11,65,57,1013,1010.3,2,2,27.4,29.3,0
0.405426,0.914128,22.8,31.6,0,6.6,10.3,0.382683,0.92388,24,-0.92388,-0.382683,0.382683,0.92388,6,9,69,57,1012.6,1010,5,3,27.5,30.1,0
0.38963,0.920971,23.6,30.6,0,5.8,10.8,6.12323e-17,1,30,6.12323e-17,1,6.12323e-17,1,9,13,66,57,1014.6,1012.9,2,1,28.4,29.7,0
0.37372,0.927542,21.3,30.1,0,8.4,10,6.12323e-17,1,33,-0.382683,0.92388,6.12323e-17,1,9,15,65,57,1015.7,1013.2,4,3,27.7,28.9,0
0.357698,0.933837,20.9,29.9,0,8,10,6.12323e-17,1,28,-0.92388,0.382683,-0.382683,0.92388,7,13,65,46,1014.5,1011.8,7,2,26.2,28.5,0
0.341571,0.939856,19.9,29.5,0,7.6,9,-0.707107,0.707107,35,-0.707107,0.707107,-0.382683,0.92388,9,17,60,51,1014,1011.9,1,2,26.9,28.8,0
0.325342,0.945596,19.9,28.8,0,7.6,9.9,-0.382683,0.92388,31,-0.707107,-0.707107,-0.382683,0.92388,9,11,60,50,1014.5,1010.3,7,2,24.2,27.8,0
0.309017,0.951057,17.8,32.3,0,7,11.2,6.12323e-17,1,37,-0.707107,-0.707107,-0.92388,-0.382683,7,9,58,31,1009.7,1006.2,1,4,24.3,31.1,0
0.2926,0.956235,19,28.5,0,7.4,11.1,6.12323e-17,1,26,-0.92388,-0.382683,-0.382683,0.92388,9,13,52,52,1014.8,1011.9,1,2,24.6,26.5,0
0.276097,0.96113,21.1,28.8,0,7.4,9.7,0.382683,0.92388,20,-0.382683,-0.92388,0.382683,0.92388,2,7,51,49,1016.5,1013.1,1,1,26.1,26.9,0
0.259512,0.96574,21.8,28.9,0,8,7.4,-0.707107,-0.707107,31,-0.707107,-0.707107,0.707107,-0.707107,11,7,61,56,1018.1,1011,7,3,24.4,28.5,0
0.24285,0.970064,19.8,33.5,7.6,4.8,11.1,0.382683,0.92388,20,0.92388,-0.382683,0.382683,0.92388,6,13,55,58,1013.2,1009.4,1,1,27.8,31.6,1
0.226116,0.9741,23.9,32.4,0,6.4,8.1,0.92388,0.382683,20,-0.707107,-0.707107,0.92388,0.382683,4,7,76,62,1014.5,1011.5,7,1,27.3,31.7,0
0.209315,0.977848,24.7,30.3,0.2,5.8,1.9,6.12323e-17,1,57,0.707107,0.707107,0.707107,-0.707107,4,6,80,98,1017.6,1016.5,7,8,26.5,22.3,0
0.175531,0.984474,20.1,28.3,81.8,3.2,8.8,6.12323e-17,1,19,-0.92388,0.382683,0.707107,0.707107,6,9,81,57,1018.3,1014.4,6,1,23.6,27.6,1
0.158559,0.987349,20,30.5,0,5,10.6,0.707107,0.707107,20,-0.707107,-0.707107,0.707107,0.707107,6,9,76,59,1017,1012.6,6,1,24.8,29.1,0
0.14154,0.989932,22.7,31.7,0,7.2,9.4,0.707107,0.707107,24,0.707107,-0.707107,0.707107,0.707107,6,9,66,67,1015.6,1013,2,1,27.5,29.9,0
0.124479,0.992222,23.4,30.7,3.8,6,8.3,6.12323e-17,1,24,1,0,0.707107,0.707107,6,9,72,64,1018.1,1015,6,4,28.2,28.9,1
0.107381,0.994218,22.5,31.1,0,6,8.4,6.12323e-17,1,26,-0.707107,-0.707107,-0.382683,0.92388,6,9,74,65,1018.8,1015.8,6,4,27,28.1,0
0.0902516,0.995919,22.3,28.5,0,5.8,4.7,0.382683,0.92388,24,-0.92388,0.382683,6.12323e-17,1,7,13,75,50,1020.9,1018.7,7,5,25.5,27.8,0
0.0730951,0.997325,19.9,28.5,0,6,9.9,0.382683,0.92388,24,0.382683,0.92388,0.382683,0.92388,11,11,59,53,1023.3,1020.9,5,3,26.2,27.4,0
0.055917,0.998435,19.9,28.1,0,5.8,4.6,0.382683,0.92388,26,-0.707107,-0.707107,0.382683,0.92388,4,9,73,55,1024.1,1020.7,7,6,23.1,25.7,0
0.0387223,0.99925,19.8,26.1,0,5.8,0.5,6.12323e-17,1,22,-0.707107,-0.707107,0.382683,0.92388,4,7,74,64,1023.3,1020.3,7,7,23,24.8,0
0.00430354,0.999991,19.3,26.7,8.8,2.4,3,0.382683,0.92388,30,-1,1.22465e-16,-1,1.22465e-16,6,4,75,83,1019.5,1015.8,5,7,24.7,24.2,1
-0.0129103,0.999917,21,27.7,38.4,6,8.1,6.12323e-17,1,28,-1,1.22465e-16,0.382683,0.92388,2,15,87,67,1019.1,1015.9,7,3,24,26.8,1
-0.0301203,0.999546,21,28.5,0.4,5.6,6.3,0.382683,0.92388,19,-0.382683,-0.92388,0.707107,0.707107,2,7,84,64,1014.9,1009.9,7,7,23.6,27.9,0
-0.0473214,0.99888,21.7,28.5,1.8,1.8,8.2,0.382683,-0.92388,33,0.707107,-0.707107,0.382683,-0.92388,6,17,85,52,1008.8,1005.8,6,3,24.1,27.9,1
-0.0988201,0.995105,16.8,26.5,0,6,10.8,-0.382683,-0.92388,33,-1.83697e-16,-1,-1.83697e-16,-1,7,11,34,28,1017.4,1014.2,3,1,21,26.3,0
-0.115935,0.993257,14.1,26.9,0,9,10.5,0.382683,0.92388,20,-0.707107,-0.707107,0.707107,0.707107,7,7,51,45,1019.3,1016.5,5,4,20.5,25.6,0
-0.133015,0.991114,16.8,27.2,0,5.2,9,6.12323e-17,1,20,-0.92388,-0.382683,-1,1.22465e-16,6,6,55,46,1020.8,1017.6,1,6,22.2,25.8,0
-0.150055,0.988678,19,26.5,0,6.2,7.9,-0.92388,0.382683,26,-0.92388,-0.382683,-0.382683,0.92388,7,13,65,55,1019.6,1016.4,7,4,21.5,25.6,0
-0.167052,0.985948,16.7,28.7,0,5.2,10.4,-1.83697e-16,-1,20,-0.707107,-0.707107,0.707107,0.707107,6,7,65,56,1018.7,1014.5,1,4,22.3,25.6,0
-0.183998,0.982927,18.4,27,0,4.6,9.4,-0.707107,0.707107,28,-0.92388,-0.382683,6.12323e-17,1,4,11,65,53,1019.9,1017.5,2,3,23.3,25.7,0
-0.200891,0.979614,16.8,26.6,0,5.2,9.6,-0.92388,0.382683,24,-0.707107,-0.707107,6.12323e-17,1,6,6,64,52,1022.4,1020.3,2,3,22,26.6,0
-0.217723,0.976011,17.7,26.3,0,4.8,8.3,6.12323e-17,1,24,-0.92388,-0.382683,0.707107,0.707107,6,6,69,63,1025.5,1023,6,7,23.2,24.6,0
-0.234491,0.972118,16.7,28.2,0.2,4.2,10.8,-0.382683,0.92388,20,-0.707107,-0.707107,0.382683,0.92388,6,9,71,53,1026.4,1022.3,1,1,22.3,26.5,0
-0.25119,0.967938,17.1,28,0,3.4,10.6,6.12323e-17,1,20,-0.707107,-0.707107,0.707107,0.707107,4,11,73,58,1024.6,1020.5,3,2,23.1,26.1,0
-0.267814,0.963471,18.6,27.7,3.4,4.6,10.3,0.382683,0.92388,24,-0.707107,-0.707107,0.382683,0.92388,4,9,81,62,1023.1,1018.8,3,5,22.5,26.3,1
-0.284359,0.958718,19.3,29,0.4,4,7.1,0.92388,0.382683,19,-0.382683,-0.92388,1,0,4,6,83,63,1019.6,1016.2,6,7,22.8,26.9,0
-0.30082,0.953681,19.7,21.3,14.6,6.4,0,-1.83697e-16,-1,26,-0.92388,-0.382683,-0.92388,-0.382683,4,2,87,86,1018.2,1016.3,7,8,20.8,20.6,1
-0.317191,0.948362,14.6,21.3,2,2.4,9.4,-1.83697e-16,-1,35,-1.83697e-16,-1,-0.382683,-0.92388,13,15,49,45,1017.6,1014.9,6,1,17.1,19.9,1
-0.333469,0.942761,12,23.8,0.2,3.8,10.8,-1.83697e-16,-1,28,-1.83697e-16,-1,-1.83697e-16,-1,13,6,61,45,1014.8,1011.2,1,1,17.5,23.3,0
-0.349647,0.936881,12.8,25.7,0,4,11,-0.382683,-0.92388,17,-0.382683,-0.92388,-1,1.22465e-16,9,6,61,40,1013.3,1009.3,1,1,19.4,25.5,0
-0.365723,0.930724,15.6,28.3,0,4,9.3,0.382683,-0.92388,24,-0.707107,-0.707107,-0.382683,-0.92388,6,4,70,44,1011.2,1007.5,7,2,20.2,28,0
-0.397543,0.917584,16.7,23.4,0,8,11,-1.83697e-16,-1,50,-0.382683,-0.92388,-1.83697e-16,-1,15,15,42,30,1012,1010.7,0,1,19.3,22.7,0
-0.459733,0.888057,16.6,18,7.8,4.2,0,-0.92388,0.382683,22,-0.707107,-0.707107,-0.92388,-0.382683,4,6,90,91,1026.4,1022.2,8,8,17.3,17.1,1
-0.474951,0.880012,16.2,21,56.2,3.4,0,-1,1.22465e-16,33,-0.707107,0.707107,-0.92388,-0.382683,9,13,95,95,1017.2,1009.5,8,8,17.9,17.5,1
-0.490029,0.871706,16.6,24.9,182.6,1.6,9.5,-0.92388,-0.382683,19,0.382683,-0.92388,-0.382683,-0.92388,6,7,71,58,1013,1010,1,1,19.8,24.4,1
-0.504961,0.863142,16.7,24.2,0,3.4,7,-1.83697e-16,-1,24,-0.92388,0.382683,-1.83697e-16,-1,4,13,69,64,1012.4,1010,7,7,20.6,22.7,0
-0.519744,0.854322,15.8,27.3,0,3.4,10.1,-1.83697e-16,-1,17,-0.382683,-0.92388,0.707107,0.707107,6,6,79,49,1014.3,1011.4,0,1,20.3,26.6,0
-0.591261,0.80648,11.7,23.7,0,4,10.3,-1.83697e-16,-1,20,-0.707107,-0.707107,0.382683,-0.92388,6,9,60,34,1018.9,1015.2,1,0,17.6,23.4,0
-0.605056,0.796183,9.9,25.1,0,4.8,10.3,0.382683,-0.92388,22,-0.707107,-0.707107,0.382683,-0.92388,6,11,50,29,1017.4,1013,0,0,18,24.5,0
-0.618671,0.78565,10.3,26,0,5.2,10.2,0.382683,-0.92388,39,-1.83697e-16,-1,-1.83697e-16,-1,9,15,41,33,1016.3,1012.7,0,0,19.9,25.3,0
-0.645348,0.763889,9.8,24.9,0,3,10.2,-1.83697e-16,-1,30,-1.83697e-16,-1,-1.83697e-16,-1,6,9,52,36,1016.2,1012.9,0,1,19.5,24.9,0
-0.658402,0.752667,9.7,20.9,0,8,10.3,-1.83697e-16,-1,24,-0.382683,-0.92388,0.707107,-0.707107,11,4,39,30,1023.9,1022.4,0,0,13.6,20.6,0
-0.67126,0.741222,8.1,24.1,0,4.8,9.5,-1.83697e-16,-1,20,-0.707107,-0.707107,-0.382683,0.92388,6,7,49,44,1027.4,1024.9,1,1,16.2,22.6,0
-0.683919,0.729558,14.2,24,0,4,7.6,-0.707107,0.707107,35,-0.92388,-0.382683,-0.707107,0.707107,7,17,65,67,1029.3,1027.8,1,6,20.1,20.6,0
-0.696376,0.717677,14.9,23,1,3.8,5.2,-0.92388,0.382683,28,-1.83697e-16,-1,-0.382683,0.92388,7,13,76,57,1030.1,1027.4,4,7,19.7,21.8,0
-0.708627,0.705584,16.9,22.9,6.6,2.2,6.2,-0.707107,0.707107,31,-0.92388,-0.382683,-0.382683,0.92388,7,15,89,76,1027.7,1024.9,6,5,18.7,20.2,1
-0.720667,0.693281,15.9,22.7,0.8,3.2,2.9,-0.92388,-0.382683,13,-1,1.22465e-16,1,0,6,2,78,77,1022.6,1018.9,6,6,19.3,21.7,0
-0.744104,0.668064,17.2,25.2,0.2,3,4.4,-0.707107,-0.707107,22,0.707107,0.707107,-1.83697e-16,-1,2,9,89,71,1018.9,1016,7,7,20.1,22.3,0
-0.755493,0.655156,15.4,19.9,1.4,2.8,9.9,-1.83697e-16,-1,46,-1.83697e-16,-1,-1.83697e-16,-1,13,17,56,45,1017.6,1014.8,2,1,17.2,19.3,1
-0.766659,0.642055,14,22.8,0,6.8,8.9,-0.382683,0.92388,35,-0.707107,-0.707107,-0.707107,0.707107,9,13,56,43,1023.2,1023,1,2,18.7,21.5,0
-0.777597,0.628763,13.7,23.6,0,5,9.6,-0.92388,0.382683,24,-0.92388,-0.382683,-0.382683,0.92388,7,9,65,53,1028.4,1026.7,1,1,18.3,22.3,0
-0.788305,0.615285,12.7,23.5,0,4.6,9.3,-0.92388,0.382683,20,-0.707107,-0.707107,-0.382683,0.92388,4,11,69,49,1030.9,1027.6,1,7,18.3,22.2,0
-0.82877,0.559589,13.1,25.5,0,3,9.7,0.707107,0.707107,15,-0.382683,-0.92388,-0.707107,0.707107,6,2,81,59,1024.8,1021.2,5,5,17.6,25.2,0
-0.83828,0.54524,15.3,27.6,0,2.2,9.5,0.92388,0.382683,15,-0.707107,-0.707107,0.707107,0.707107,2,2,84,55,1023,1018.1,6,6,18.3,25.4,0
-0.856551,0.516062,18.2,20.5,0,2.8,0,0.382683,-0.92388,30,-1.83697e-16,-1,-1.83697e-16,-1,11,13,68,50,1016.8,1014.6,7,7,19.2,19.2,0
-0.865307,0.501242,9,19.5,0,5.2,10.1,-0.382683,-0.92388,20,-0.382683,-0.92388,-0.382683,-0.92388,6,6,56,42,1022.6,1019.2,0,1,14.1,19,0
-0.873807,0.486273,7,19.7,0,3,6,-0.92388,-0.382683,15,-0.707107,-0.707107,-0.707107,-0.707107,6,6,63,45,1022.9,1019.2,7,7,12.7,18.6,0
-0.882048,0.47116,7.4,22.3,0,2,9.8,-0.92388,-0.382683,17,-0.92388,-0.382683,-0.382683,-0.92388,4,7,67,45,1022.5,1018.5,1,1,13.4,21.5,0
-0.890028,0.455907,7,21.4,0,2.4,10.3,-1.83697e-16,-1,31,-0.382683,-0.92388,0.382683,-0.92388,6,13,45,30,1019.4,1015.6,0,1,16.1,20.5,0
-0.897743,0.440519,9.7,22.1,0,5.8,7.9,-0.382683,-0.92388,28,-0.707107,-0.707107,-0.707107,-0.707107,9,9,53,56,1022.6,1022.4,1,4,16,21,0
-0.905193,0.425,12.3,22.8,0,3,8.5,-0.92388,0.382683,26,-0.92388,-0.382683,-0.92388,0.382683,6,9,69,53,1028.4,1026.1,3,3,17.5,21.6,0
-0.912375,0.409356,11.8,24.5,0.2,3.8,9.1,0.382683,0.92388,15,-0.707107,-0.707107,0.707107,0.707107,6,6,71,56,1028,1024.2,1,6,17.1,21.1,0
-0.919286,0.39359,11.7,24.2,0,3.4,3.5,-0.707107,-0.707107,17,-0.707107,-0.707107,-1.83697e-16,-1,7,4,74,51,1025.7,1022.7,7,7,16.6,23,0
-0.925925,0.377708,12.7,24.2,0,1,6.1,-0.707107,0.707107,26,-0.707107,-0.707107,-0.382683,0.92388,7,11,76,53,1026.1,1024.4,5,7,17.2,22.6,0
-0.932289,0.361714,15.1,21.8,0,7.4,2.9,-0.707107,0.707107,35,-0.92388,0.382683,-0.707107,0.707107,11,13,69,79,1029.6,1028.2,4,7,20.9,18.5,0
-0.938377,0.345612,13.4,20.1,4.6,3.4,5.5,-0.707107,0.707107,28,-0.92388,-0.382683,-0.707107,0.707107,7,9,75,69,1030.6,1026.9,7,7,16.6,19,1
-0.944188,0.329408,14.2,21.4,1.2,0.6,4.3,-0.382683,0.92388,31,-0.382683,-0.92388,-0.707107,0.707107,4,13,85,76,1028.1,1025,7,7,17.7,19.4,1
-0.949718,0.313107,15.6,22.2,4.2,3.4,4,-0.382683,0.92388,22,-1.83697e-16,-1,-0.92388,0.382683,4,9,92,67,1026.8,1023.2,8,7,16.6,21.2,1
-0.954967,0.296713,16,23.2,4,0.8,6.5,-0.382683,0.92388,24,-0.92388,-0.382683,-0.707107,0.707107,6,7,91,60,1025.6,1022.5,7,2,17.6,22.1,1
-0.96901,0.247022,12,22.7,2.4,1,7.8,0.382683,-0.92388,26,-0.707107,-0.707107,0.382683,-0.92388,2,11,98,48,1017.2,1014,3,1,14.2,22.4,1
-0.973118,0.230306,10.4,21.6,0,2.6,9.2,-1.83697e-16,-1,35,-0.382683,-0.92388,-0.382683,-0.92388,9,11,62,39,1017.1,1014,2,4,16.9,21.3,0
-0.976938,0.213521,9.2,20.9,0,4.6,9.2,-0.707107,-0.707107,20,-0.707107,-0.707107,-0.707107,-0.707107,7,6,65,44,1020.5,1018.3,1,2,14.9,19.4,0
-0.980469,0.196673,10,21.1,0,3.2,9.5,-0.382683,0.92388,20,-0.707107,-0.707107,-0.707107,0.707107,7,7,63,46,1025.5,1023.3,1,1,14.7,20.6,0
-0.983709,0.179767,12.6,20.5,0,3.8,3,-0.92388,0.382683,17,-0.707107,-0.707107,-0.382683,0.92388,4,7,71,61,1028.2,1026,5,7,15.6,19.6,0
-0.986658,0.162807,12.2,20.6,0,2.2,2.4,-1.83697e-16,-1,15,-1.83697e-16,-1,-1,1.22465e-16,6,2,83,64,1027.7,1025.1,7,7,14.7,20.1,0
-0.989314,0.145799,12.5,19.6,0,1.4,1.5,-0.92388,0.382683,17,-0.707107,-0.707107,-0.382683,0.92388,4,4,84,66,1025.6,1022,8,7,15.4,19.1,0
-0.991677,0.128748,11.2,19.6,0,1,1.9,-1.83697e-16,-1,19,-0.707107,-0.707107,-0.382683,-0.92388,7,7,96,71,1022.2,1019.9,7,7,13.2,18.6,0
-0.993747,0.111659,12.6,22.7,0.2,2.2,6.8,-0.92388,0.382683,31,-0.92388,-0.382683,-0.707107,0.707107,6,11,73,60,1026.2,1025.1,2,3,17.8,21.3,0
-0.995521,0.0945367,14.9,22.6,0,3.2,6.8,-0.707107,0.707107,20,-0.707107,-0.707107,-1,1.22465e-16,7,9,66,68,1030.6,1027.6,4,5,18.3,20.7,0
-0.997001,0.0773865,14.6,22.2,2.4,2.4,4.6,0.707107,0.707107,22,-0.707107,-0.707107,6.12323e-17,1,4,7,85,71,1030.8,1027.8,2,6,17.7,21,1
-0.998186,0.0602133,15.4,18.4,7,2.2,0,-0.92388,0.382683,24,-0.707107,-0.707107,-0.92388,0.382683,2,6,95,86,1031.4,1028.5,8,7,16.3,17.8,1
-0.999074,0.0430222,14.2,23.1,4,1.4,8.3,-0.92388,-0.382683,19,-0.707107,-0.707107,0.707107,0.707107,6,6,83,56,1028,1023.9,1,3,16.9,21.7,1
-0.999667,0.0258184,12.4,23.3,0.2,2.8,7.4,0.382683,-0.92388,17,-0.707107,-0.707107,-1.83697e-16,-1,4,7,86,53,1024.5,1020.5,7,3,15.8,22.7,0
-0.999963,0.008607,12.2,19.6,0,1.2,8.7,-1.83697e-16,-1,33,-0.382683,-0.92388,-1.83697e-16,-1,6,13,66,32,1022.4,1018.1,1,4,16.5,19.4,0
-0.999963,-0.008607,7.8,20.7,0,4.4,9.5,-1.83697e-16,-1,26,-0.707107,-0.707107,-0.92388,-0.382683,9,6,53,39,1023.2,1021,0,2,12.8,20.5,0
-0.999667,-0.0258184,9.9,21.3,0,3.4,6.8,-0.92388,-0.382683,17,-0.382683,-0.92388,0.382683,-0.92388,6,6,67,50,1024.3,1020.7,3,1,14.5,20.8,0
-0.999074,-0.0430222,9.7,22.8,0,2.8,9.7,-1.83697e-16,-1,20,-0.382683,-0.92388,0.382683,-0.92388,6,9,80,37,1023.1,1019.6,2,1,14.7,22,0
-0.998186,-0.0602133,9.3,24.1,0,2.4,9.8,0.382683,-0.92388,19,-0.382683,-0.92388,0.382683,-0.92388,4,7,72,41,1020,1015.3,1,1,14.4,23.6,0
-0.997001,-0.0773865,10.2,23,0,2.8,10,-1.83697e-16,-1,20,-0.92388,-0.382683,-1,1.22465e-16,4,6,56,24,1018.6,1016.5,0,0,16.9,22.6,0
-0.995521,-0.0945367,7,20.4,0,5,6.8,-0.92388,0.382683,24,-0.92388,-0.382683,-0.707107,0.707107,6,9,61,56,1024.2,1023.1,1,7,14.7,18.7,0
-0.993747,-0.111659,11.9,19.4,0,2,5.4,-0.707107,0.707107,24,-0.382683,-0.92388,-0.382683,0.92388,6,7,71,62,1028.1,1025.5,2,6,15.6,18.2,0
-0.991677,-0.128748,9.7,20.2,0.2,2.2,1.6,0.707107,0.707107,24,-0.707107,-0.707107,0.382683,0.92388,6,7,74,73,1025.9,1021.4,5,7,14.8,17.9,0
-0.989314,-0.145799,11.4,21.2,0.4,1.8,7.7,0.92388,-0.382683,24,-0.92388,-0.382683,0.707107,0.707107,4,7,92,72,1019.7,1013.9,6,6,13.7,20.2,0
-0.986658,-0.162807,12.2,18.3,0.6,2.8,9.9,-1.83697e-16,-1,54,-0.382683,-0.92388,-1.83697e-16,-1,19,19,50,28,1015.4,1011.3,1,0,13,17.8,0
-0.983709,-0.179767,8.4,18.2,0.2,6.8,9.7,0.382683,-0.92388,48,-1.83697e-16,-1,-1.83697e-16,-1,13,22,49,42,1015.9,1012.3,1,2,12.9,16.8,0
-0.980469,-0.196673,10.2,19.2,0,7.4,10,-0.382683,-0.92388,41,-1.83697e-16,-1,-1.83697e-16,-1,9,19,49,37,1018,1014.2,1,1,13.3,18.4,0
-0.976938,-0.213521,5.4,18.2,0,3.8,3.2,-0.707107,-0.707107,11,-0.707107,-0.707107,-0.707107,0.707107,4,4,66,45,1020.2,1016.8,7,6,11.1,16.7,0
-0.973118,-0.230306,7.6,17.4,0,2.6,5.2,-1.83697e-16,-1,19,-0.92388,-0.382683,0.382683,-0.92388,4,7,80,49,1019.6,1015.3,7,7,10.5,16.1,0
-0.96901,-0.247022,6.9,16.1,0,3.2,9.7,-1.83697e-16,-1,56,-1.83697e-16,-1,-1.83697e-16,-1,19,20,57,48,1018.2,1015.8,1,1,10.1,14.3,0
-0.964614,-0.263665,6.9,19.4,0,5,10,-0.382683,-0.92388,22,-0.382683,-0.92388,0.707107,0.707107,9,2,52,37,1023.4,1022.2,0,1,11.9,18.9,0
-0.959933,-0.280231,8.2,19.3,0,3.2,5.1,-0.382683,0.92388,26,-0.707107,-0.707107,-0.92388,0.382683,9,7,63,60,1028.2,1025.4,4,6,13.9,18.4,0
-0.954967,-0.296713,11.7,20.9,0,2.8,7.3,6.12323e-17,1,35,-0.382683,-0.92388,-0.382683,0.92388,6,13,74,53,1030.4,1027.8,7,1,14.4,19.7,0
-0.949718,-0.313107,10.6,21.6,0.2,4,6.6,0.382683,0.92388,31,-0.382683,-0.92388,6.12323e-17,1,6,15,77,58,1031,1028.5,7,7,15.3,19.7,0
-0.944188,-0.329408,10.1,18.7,2.8,3,0,-0.382683,0.92388,19,-0.707107,-0.707107,-0.382683,0.92388,2,4,86,92,1029.6,1025.4,8,8,13.3,17.7,1
-0.938377,-0.345612,12.9,23.1,4.4,0.4,8.1,6.12323e-17,1,17,-1,1.22465e-16,6.12323e-17,1,4,7,86,70,1025.6,1022,4,2,17.6,21.5,1
-0.932289,-0.361714,14.1,24.4,0,1.6,6.6,-1.83697e-16,-1,24,-0.707107,-0.707107,0.707107,0.707107,4,9,97,65,1022.7,1017.7,7,5,17,23.7,0
-0.925925,-0.377708,16.5,24.3,0,2.4,4.1,-1.83697e-16,-1,22,-0.382683,-0.92388,-1.83697e-16,-1,6,6,76,52,1022.2,1018.8,7,1,17.6,24.1,0
-0.919286,-0.39359,13.1,25.1,0.2,1.6,6,-1.83697e-16,-1,26,-0.382683,-0.92388,-0.382683,-0.92388,2,11,79,64,1021.6,1017.7,6,7,17.2,23.8,0
-0.912375,-0.409356,13.5,22.9,0,3.6,9.2,-1.83697e-16,-1,24,0.382683,-0.92388,-1.83697e-16,-1,11,11,53,35,1024.6,1021.6,1,5,18.2,21.9,0
-0.905193,-0.425,10,21.4,0,4.8,9.1,-0.382683,0.92388,22,-0.707107,-0.707107,-1,1.22465e-16,7,4,51,36,1030.2,1027.6,3,2,14.8,21.3,0
-0.897743,-0.440519,7.8,21.7,0,4.6,10,-0.382683,-0.92388,19,-0.707107,-0.707107,-0.92388,0.382683,7,7,54,32,1032.4,1027.9,1,1,14,20.8,0
-0.890028,-0.455907,10.2,22.8,0,4,10.1,-0.707107,-0.707107,19,-0.707107,-0.707107,0.382683,0.92388,7,6,60,48,1028.5,1024,1,1,15.2,21.9,0
-0.882048,-0.47116,9.7,24.1,0,3,10.2,-1.83697e-16,-1,24,-0.92388,-0.382683,-1.83697e-16,-1,4,7,81,35,1024.5,1020.1,1,0,13.6,23.5,0
-0.873807,-0.486273,9.1,23.6,0,3,10,0.382683,0.92388,19,-0.382683,-0.92388,0.382683,0.92388,4,9,63,49,1024.4,1020.8,0,1,14.5,22.2,0
-0.865307,-0.501242,10,25.7,0,4,10.1,1,0,22,-0.92388,-0.382683,0.707107,0.707107,4,9,68,56,1023.5,1018.8,0,1,15.6,23.6,0
-0.856551,-0.516062,10.6,26.7,0,3.6,9.8,-0.382683,-0.92388,26,-0.382683,-0.92388,0.382683,0.92388,6,9,71,54,1019.5,1014.3,2,1,18.6,25.1,0
-0.847541,-0.53073,13.5,21.8,0,3.8,6.8,-1.83697e-16,-1,30,-0.707107,-0.707107,-1,1.22465e-16,6,6,47,52,1019.6,1016.7,4,5,16.9,20,0
-0.83828,-0.54524,7.9,19.1,0,5.6,10.3,0.382683,-0.92388,33,-0.382683,-0.92388,-1.83697e-16,-1,9,15,44,29,1017.2,1013.1,0,0,12.2,18.6,0
-0.82877,-0.559589,6.1,21.1,0,5.6,10.2,-0.382683,-0.92388,26,-0.382683,-0.92388,-1.83697e-16,-1,9,6,46,27,1018,1014.8,0,1,14.2,20.5,0
-0.819015,-0.573772,7.7,21.4,0,3.2,9.7,-0.707107,-0.707107,24,-0.382683,-0.92388,-0.92388,0.382683,9,2,47,32,1022.4,1019.5,0,3,14.3,20,0
-0.809017,-0.587785,7.5,22.1,0,3.4,10.1,0.382683,0.92388,19,-0.92388,-0.382683,0.382683,0.92388,6,7,56,33,1022.8,1018.9,0,2,13.2,20.4,0
-0.798779,-0.601624,7.8,22.5,0,4.4,10.2,0.382683,0.92388,20,-0.707107,-0.707107,0.382683,0.92388,6,9,63,48,1023.5,1019.2,1,1,14.5,20.9,0
-0.788305,-0.615285,9.3,23,0,2.8,10,0.382683,0.92388,19,-0.382683,-0.92388,0.707107,0.707107,4,9,72,55,1021.4,1016.2,1,1,15.4,21.6,0
-0.777597,-0.628763,8.6,26.4,0,2.4,10.1,0.707107,0.707107,20,-0.92388,-0.382683,0.92388,0.382683,4,7,62,52,1019.5,1015,0,1,14.6,23.3,0
-0.766659,-0.642055,11.8,28.4,0.2,4,7.8,-1.83697e-16,-1,46,-0.382683,0.92388,0.92388,-0.382683,2,7,69,47,1013.8,1007.3,3,3,18.3,24.4,0
-0.755493,-0.655156,12.3,22.3,3.6,7,10.5,-1.83697e-16,-1,39,-0.382683,-0.92388,-0.382683,-0.92388,15,15,39,23,1018,1016.4,0,0,15.4,21.8,1
-0.744104,-0.668064,8.4,23,0,6.8,10.2,-0.707107,-0.707107,17,-0.707107,-0.707107,-0.92388,0.382683,7,4,48,27,1025.2,1022.1,0,0,15.3,22.4,0
-0.732494,-0.680773,8,22.6,0,4,9.1,0.382683,0.92388,20,-0.707107,-0.707107,0.382683,0.92388,6,7,62,56,1028.1,1025.1,4,2,13.4,19.9,0
-0.720667,-0.693281,10.7,21.7,0,3.8,4.3,-0.707107,0.707107,22,-0.707107,-0.707107,-0.707107,0.707107,9,7,66,62,1026.2,1022.4,5,7,16.4,19.5,0
-0.708627,-0.705584,11.3,23.4,0,2.8,10.3,0.707107,0.707107,20,-0.382683,-0.92388,1,0,6,6,73,49,1020.6,1015.5,1,3,17,21.9,0
-0.696376,-0.717677,10.3,24.2,0,3.2,10.5,6.12323e-17,1,19,-0.707107,-0.707107,0.382683,0.92388,7,9,53,37,1020.6,1017.5,0,1,17,22.1,0
-0.683919,-0.729558,10,22.8,0,4.8,10,-0.92388,0.382683,20,-0.707107,-0.707107,6.12323e-17,1,6,9,60,48,1024.9,1022.4,2,2,15.6,20.5,0
-0.67126,-0.741222,11.4,22.1,0,4.4,6.3,6.12323e-17,1,28,-0.707107,-0.707107,6.12323e-17,1,6,11,65,53,1027.2,1024.4,2,6,17.5,20.6,0
-0.658402,-0.752667,15.3,22.4,0.4,3,2.6,-0.707107,0.707107,31,-1,1.22465e-16,0.382683,0.92388,2,13,76,77,1026.6,1024.1,7,8,18.5,18.7,0
-0.645348,-0.763889,16.9,24.5,2.2,4,9.5,6.12323e-17,1,20,-0.92388,-0.382683,0.92388,0.382683,4,9,83,64,1025.8,1021.6,5,3,19.7,23.5,1
-0.618671,-0.78565,17.1,25.3,0,2.4,8.2,0.707107,0.707107,20,1,0,0.707107,0.707107,6,9,65,67,1021.6,1017,2,6,22.6,23.4,0
-0.605056,-0.796183,16.8,29.1,2.2,4.6,9.9,-1.83697e-16,-1,28,-1.83697e-16,-1,0.382683,0.92388,6,4,75,55,1019.2,1016,1,2,21.9,27.2,1
-0.591261,-0.80648,15.7,28.5,0,5.2,10.2,-1.83697e-16,-1,20,-0.382683,-0.92388,0.707107,-0.707107,9,9,44,36,1021.1,1017.1,3,2,21.7,28.1,0
-0.577292,-0.816538,16.2,23.9,0,4,0.3,-0.707107,-0.707107,30,-0.92388,-0.382683,-0.707107,-0.707107,2,7,52,74,1021.8,1019.9,7,8,18.9,16.9,0
-0.563151,-0.826354,14.8,24.7,5,1.6,6.1,-1.83697e-16,-1,19,-0.382683,-0.92388,-0.707107,0.707107,4,4,84,44,1022.4,1018.5,7,1,17.5,24.4,1
-0.548843,-0.835925,11.9,22.9,0.2,4,5.2,0.382683,0.92388,19,-0.707107,-0.707107,0.382683,0.92388,6,7,58,54,1023.4,1018.5,7,7,17.4,21,0
-0.534373,-0.845249,14.1,23.2,13.6,5.6,9.2,-1.83697e-16,-1,33,-1.83697e-16,-1,-1.83697e-16,-1,7,15,59,29,1017.9,1013.6,4,1,18.1,22.3,1
-0.519744,-0.854322,11.3,23.7,0.2,10,11.1,-1.83697e-16,-1,26,-0.382683,-0.92388,-1.83697e-16,-1,7,11,44,25,1016.9,1013,1,1,17.8,22.9,0
-0.474951,-0.880012,16.3,25.3,2.4,3,7.6,0.382683,-0.92388,48,1,0,-1.83697e-16,-1,6,19,85,21,1011.6,1008.6,7,1,19.7,25.3,1
-0.459733,-0.888057,12.7,24.9,0.2,8.2,9.8,-1.83697e-16,-1,26,-0.382683,-0.92388,0.92388,0.382683,9,7,45,44,1018.4,1016.6,1,3,18.6,22.7,0
-0.444378,-0.895839,12,23.6,0,6.8,9.3,6.12323e-17,1,22,-0.92388,-0.382683,-0.382683,0.92388,6,11,61,53,1022.7,1018.8,1,3,19.4,21.3,0
-0.428892,-0.903356,13.4,24,0,4.2,6.1,0.92388,0.382683,19,-1.83697e-16,-1,0.707107,0.707107,6,7,69,53,1023.9,1019.5,6,6,19.2,23.2,0
-0.413279,-0.910605,13.8,25.5,0,4,8.6,0.707107,0.707107,26,0.707107,0.707107,0.707107,0.707107,2,11,68,65,1023.1,1019.3,3,3,21,22.3,0
-0.397543,-0.917584,14.8,28.1,0,5,9.5,-1.83697e-16,-1,31,0.92388,-0.382683,0.707107,-0.707107,6,6,54,38,1020.3,1014.6,3,4,21.9,27.3,0
-0.381689,-0.924291,10.7,25.6,0,6.6,10.8,0.382683,-0.92388,28,-0.382683,-0.92388,-1.83697e-16,-1,7,6,36,21,1022.6,1018.6,0,0,18.9,25.2,0
-0.365723,-0.930724,11,25,0,5.2,10.8,6.12323e-17,1,37,-0.707107,-0.707107,6.12323e-17,1,6,13,54,47,1027.6,1025.1,1,2,19.1,22.1,0
-0.349647,-0.936881,13.3,21.6,0,6.2,1.9,-0.707107,0.707107,35,-0.707107,-0.707107,-0.382683,0.92388,6,11,60,67,1030.2,1027.8,7,7,19.2,19.6,0
-0.333469,-0.942761,15.7,24.5,0,3.4,7.1,-0.382683,0.92388,31,-0.92388,-0.382683,-0.382683,0.92388,4,9,52,42,1029.3,1025.1,6,4,20.8,23.7,0
-0.317191,-0.948362,13.2,25.4,0,5,9.4,6.12323e-17,1,28,-0.382683,-0.92388,-0.382683,0.92388,4,11,62,49,1028.1,1024.6,3,3,20,23.6,0
-0.30082,-0.953681,12.7,25.4,0,5.2,8.3,0.707107,0.707107,24,-0.92388,-0.382683,0.707107,0.707107,4,11,62,52,1026.9,1023,5,5,19.4,23.8,0
-0.284359,-0.958718,13.4,25.6,0,4.6,10.8,0.707107,0.707107,24,-0.382683,-0.92388,0.707107,0.707107,4,11,64,56,1023.2,1018.3,2,1,21.1,23.5,0
-0.267814,-0.963471,13,27.4,0,5,10.4,-0.382683,-0.92388,26,0.707107,-0.707107,0.382683,0.92388,2,11,65,54,1019.7,1014.6,1,2,21.1,25.7,0
-0.234491,-0.972118,12.5,22.8,18,0.8,7.3,-0.92388,0.382683,37,-1,1.22465e-16,-1,1.22465e-16,13,13,56,80,1018.3,1018.4,1,7,18.1,17.4,1
-0.217723,-0.976011,13,24,0.6,4.4,9,-0.92388,0.382683,33,-1,1.22465e-16,6.12323e-17,1,7,19,53,48,1021.7,1018.3,3,7,20.5,22.4,0
-0.200891,-0.979614,13.4,23.3,0,5.6,9,-0.92388,0.382683,31,-0.92388,-0.382683,-0.92388,0.382683,7,9,58,60,1020.7,1017.3,2,5,20.3,21,0
-0.183998,-0.982927,14.2,24.3,1.6,5.2,10.8,6.12323e-17,1,24,-1,1.22465e-16,6.12323e-17,1,7,9,59,56,1021,1017.5,2,2,20.8,22.1,1
-0.167052,-0.985948,13.5,29.4,0,5.4,10.3,0.382683,-0.92388,28,0.382683,-0.92388,-1.83697e-16,-1,2,7,60,27,1018.2,1012.9,0,5,21.7,27.8,0
-0.150055,-0.988678,14.7,23.5,0,6,7.6,0.382683,0.92388,28,-0.382683,-0.92388,-0.382683,0.92388,9,11,51,57,1019,1016.7,2,5,19.1,18.9,0
-0.133015,-0.991114,11.1,23.1,0.6,5.4,11.2,6.12323e-17,1,28,-0.92388,-0.382683,0.382683,0.92388,7,20,39,41,1022,1017.8,1,1,17.4,20.6,0
-0.115935,-0.993257,9.4,23.4,0.2,6.8,6.9,-1,1.22465e-16,26,-0.382683,-0.92388,-1,1.22465e-16,9,6,51,39,1022.8,1019.3,2,4,18.7,22.6,0
-0.0988201,-0.995105,13.7,23.1,0,3.6,8.1,-0.382683,0.92388,35,-1,1.22465e-16,-0.92388,0.382683,9,13,53,55,1022.9,1019.5,3,5,20.6,20.4,0
-0.0816764,-0.996659,12.4,24.1,0.4,5.4,8.4,6.12323e-17,1,24,-0.707107,-0.707107,0.382683,0.92388,6,7,57,90,1022.2,1018.8,2,5,19.7,15.8,0
-0.0645084,-0.997917,11.8,24.8,12.2,4.4,10.5,0.707107,0.707107,22,-0.92388,-0.382683,0.707107,0.707107,6,7,68,51,1021.4,1016.7,3,1,18.5,24,1
-0.0473214,-0.99888,13.1,25.7,0,4,8.2,0.382683,-0.92388,31,-1,1.22465e-16,0.707107,-0.707107,2,6,61,73,1021.8,1018.2,1,7,22.1,16.2,0
-0.0301203,-0.999546,12,26.6,7.8,6.4,10.8,0.707107,0.707107,26,0.707107,0.707107,0.707107,0.707107,4,15,59,57,1023,1019.3,0,3,21.7,24.2,1
-0.0129103,-0.999917,14,27.7,0,5,10.8,0.382683,0.92388,22,0.707107,0.707107,0.382683,0.92388,2,11,53,46,1026.9,1024,0,2,22.6,25.7,0
0.00430354,-0.999991,14.8,29.3,0,5,11.3,0.382683,0.92388,26,-0.707107,-0.707107,0.382683,0.92388,4,9,64,21,1031.1,1028.3,1,1,22.3,28.3,0
0.0215161,-0.999769,15.8,27.8,0,6.8,11.6,6.12323e-17,1,26,-0.92388,0.382683,6.12323e-17,1,9,13,55,41,1032.7,1028.2,1,1,23.6,26,0
0.0387223,-0.99925,14.2,29,0,7.4,11.3,0.707107,0.707107,17,-0.382683,-0.92388,0.707107,0.707107,4,7,64,40,1029.3,1024.9,0,0,22.3,27.7,0
0.055917,-0.998435,13.3,33.8,0,6,11.4,0.382683,0.92388,20,-0.707107,-0.707107,0.707107,0.707107,6,7,45,17,1026.7,1022.9,0,0,24.9,31.4,0
0.0730951,-0.997325,12.9,30.7,0,7.2,10,0.382683,0.92388,20,0.382683,-0.92388,0.707107,0.707107,4,9,51,21,1027,1023.3,0,0,23.9,29.8,0
0.0902516,-0.995919,14.6,28.3,0,6.2,11.4,0.707107,0.707107,20,0.92388,0.382683,0.382683,0.92388,4,7,58,48,1027,1024.2,1,0,23.9,27.1,0
0.107381,-0.994218,17.2,25.7,0,6.4,5.8,-0.707107,0.707107,39,-0.707107,0.707107,-0.707107,0.707107,11,13,59,61,1032,1029.2,6,7,23.3,23.6,0
0.124479,-0.992222,18.5,25.1,5.8,6.6,2.6,-0.382683,0.92388,33,-0.707107,0.707107,6.12323e-17,1,15,15,73,60,1032.1,1028.7,7,5,20.8,23,1
0.14154,-0.989932,17.2,25.6,0.2,4.6,9.6,6.12323e-17,1,26,-0.382683,0.92388,0.382683,0.92388,13,9,52,48,1029.8,1026.3,5,3,22.6,23.8,0
0.158559,-0.987349,14.7,25.9,0,7.2,11.3,0.382683,0.92388,26,0.92388,0.382683,0.707107,0.707107,6,11,48,48,1026.5,1022.1,3,1,23.1,24.6,0
0.175531,-0.984474,15.1,27.4,0,7.2,11.4,0.707107,0.707107,31,0.92388,-0.382683,0.707107,0.707107,9,13,51,53,1023.5,1018.3,1,1,23.8,25.6,0
0.192452,-0.981306,16.6,28,0,7.6,9.1,6.12323e-17,1,30,0.707107,0.707107,0.707107,0.707107,6,13,53,65,1020.8,1017.5,1,7,25.3,24.6,0
0.226116,-0.9741,17.6,26.9,4.4,3.2,10.2,6.12323e-17,1,28,-0.382683,0.92388,0.382683,0.92388,7,11,60,51,1025.4,1021.8,4,2,24.5,25.7,1
0.24285,-0.970064,16.9,26.6,0,6.8,11.8,0.382683,0.92388,26,-0.707107,0.707107,0.382683,0.92388,9,13,58,54,1025,1022,3,4,24.1,25.5,0
0.259512,-0.96574,16.3,27.6,0,6.8,10.8,0.382683,0.92388,24,-1.83697e-16,-1,0.382683,0.92388,6,13,59,49,1024.7,1021.4,3,1,23.3,26.3,0
0.276097,-0.96113,17.3,27.1,0,5.8,11.2,6.12323e-17,1,35,6.12323e-17,1,6.12323e-17,1,7,15,55,51,1025.7,1023.5,6,2,24.2,25.8,0
0.2926,-0.956235,15.2,26.5,0,7.4,11.2,0.382683,0.92388,30,6.12323e-17,1,-0.382683,0.92388,7,15,61,50,1026,1022.8,4,3,23.9,25,0
0.309017,-0.951057,14.4,26.8,0,7.4,12,0.382683,0.92388,24,-1.83697e-16,-1,0.382683,0.92388,4,13,58,52,1024.4,1020.9,3,2,23.8,25.1,0
0.325342,-0.945596,15.5,27.2,0,5.6,12.1,0.382683,0.92388,31,0.382683,0.92388,0.707107,0.707107,6,13,55,46,1020.5,1015.9,1,1,24.1,25.7,0
0.341571,-0.939856,16.6,29.3,0,9,6.9,-1.83697e-16,-1,65,0.707107,0.707107,0.707107,0.707107,9,13,52,63,1014.8,1008.5,3,4,25.6,25.8,0
0.357698,-0.933837,18.9,27.3,20.8,7.4,10.7,-0.382683,0.92388,33,-1,1.22465e-16,-0.382683,0.92388,4,17,69,50,1017.3,1015.2,1,1,23.6,26.1,1
0.37372,-0.927542,17.4,24.3,0,7.6,2.8,-0.382683,0.92388,22,-0.382683,0.92388,-0.382683,0.92388,9,9,61,67,1023.2,1020.4,7,7,22.7,22,0
0.38963,-0.920971,18.4,25.4,1.2,4,6.5,0.382683,0.92388,24,0.92388,0.382683,0.707107,0.707107,4,9,62,59,1024.2,1020.9,7,6,23.1,24.1,1
0.405426,-0.914128,17.9,28.4,0,6.2,10.2,0.707107,0.707107,33,0.382683,-0.92388,0.707107,0.707107,7,15,62,68,1021.5,1017,3,4,24.2,24.7,0
0.421101,-0.907014,17.9,30.7,4.8,7.4,10.5,-0.382683,0.92388,37,0.707107,-0.707107,-0.707107,0.707107,4,17,53,62,1018.5,1016.7,1,4,25.9,26.2,1
0.436651,-0.899631,17.6,22.3,13.2,7.6,1.3,-0.707107,0.707107,22,-0.92388,0.382683,-0.382683,0.92388,7,7,74,82,1022.4,1019.9,7,8,21,20.2,1
0.452072,-0.891981,17.3,23.1,5,3.4,0.4,6.12323e-17,1,22,-0.707107,0.707107,-0.382683,0.92388,6,9,80,64,1022.3,1019.9,7,7,19.9,21.6,1
0.467359,-0.884068,18,24.1,0.2,4,5.5,6.12323e-17,1,24,-0.382683,0.92388,0.382683,0.92388,6,9,56,57,1023.1,1020.8,7,7,22.7,22.7,0
0.482508,-0.875892,16.2,25.2,0,4.8,11.6,0.382683,0.92388,26,0.92388,0.382683,0.382683,0.92388,7,13,54,50,1022.7,1019.7,3,2,22.9,23.8,0
0.497513,-0.867456,16.6,27,0,6.6,8.5,0.707107,0.707107,26,0.707107,-0.707107,0.707107,0.707107,7,9,56,48,1020.6,1016.4,7,7,23.6,24.9,0
0.512371,-0.858764,18.8,29.5,0,9,12,0.382683,0.92388,33,0.382683,-0.92388,0.707107,0.707107,6,15,51,61,1018.4,1014,3,2,25.8,26.7,0
0.527078,-0.849817,18.3,30.5,0,8,11.5,0.707107,0.707107,28,0.707107,0.707107,0.707107,0.707107,6,13,51,57,1015.4,1012.8,1,3,28.1,27.9,0
0.541628,-0.840618,20.1,29.8,11.6,9,9.4,0.92388,0.382683,24,0.382683,0.92388,0.92388,0.382683,2,7,72,63,1015.9,1011.8,6,3,25.6,27.7,1
0.556017,-0.831171,22.1,29.1,0,5.8,8.8,0.707107,0.707107,22,0.382683,-0.92388,0.382683,0.92388,6,11,63,64,1014.5,1010.9,6,7,26.1,27.6,0
0.570242,-0.821477,19.8,29.3,19,7.8,5.5,0.92388,-0.382683,26,0.707107,0.707107,0.382683,0.92388,2,13,67,69,1013.3,1008.7,7,3,25,26.7,1
0.584298,-0.811539,19.5,33.3,0,4,9.2,-0.92388,0.382683,37,0.707107,-0.707107,0.382683,0.92388,6,13,48,52,1011.3,1007.6,4,5,29.2,30,0
0.598181,-0.801361,22.1,25,0.4,7.8,0.7,-0.707107,0.707107,28,6.12323e-17,1,0.707107,0.707107,11,6,75,71,1014.5,1012.4,8,8,23.6,24.2,0
0.611886,-0.790946,18.3,25.9,14,3.8,0.4,-0.382683,0.92388,39,-1,1.22465e-16,-0.382683,0.92388,6,17,78,55,1017.1,1014.4,7,7,21.7,24.5,1
0.625411,-0.780296,17,26.6,0,5.6,11.9,0.382683,0.92388,24,6.12323e-17,1,0.382683,0.92388,2,11,59,53,1016.2,1013,4,2,23.3,24.8,0
0.638749,-0.769415,17.3,26.5,0,6.4,8.9,0.382683,0.92388,28,-0.707107,0.707107,6.12323e-17,1,7,15,70,46,1019.1,1017.3,7,3,22.1,26,0
0.651899,-0.758306,17.2,26.4,0,7.2,7.8,6.12323e-17,1,26,-0.382683,0.92388,0.382683,0.92388,11,9,60,60,1021.2,1018.1,7,7,24.2,24.6,0
0.664855,-0.746972,19,28.1,0,6.6,12.3,0.707107,0.707107,28,0.707107,0.707107,0.707107,0.707107,4,11,65,56,1016.6,1012.1,5,1,24.5,27,0
0.677615,-0.735417,19.8,26.7,1,7,3.2,1,0,24,-1,1.22465e-16,0.92388,0.382683,4,4,81,80,1012.9,1006.8,7,7,22.7,23.8,0
0.690173,-0.723644,19.7,27.3,10.6,3.6,8.8,-0.707107,0.707107,41,-0.92388,-0.382683,-0.707107,0.707107,9,19,65,54,1010.9,1009.5,7,5,24.5,25.9,1
0.702527,-0.711657,17.9,27,0.2,6.4,9.8,-0.382683,0.92388,35,-0.92388,0.382683,6.12323e-17,1,9,13,47,54,1016,1013.7,4,7,24.6,24.7,0
0.714673,-0.699458,16.5,26,0.6,7,12.6,6.12323e-17,1,28,-0.707107,0.707107,0.707107,0.707107,7,11,55,51,1019.5,1017.6,5,2,23.8,23.9,0
0.726608,-0.687053,16.1,28.2,0,7.6,13,1,0,22,0.707107,0.707107,0.92388,0.382683,4,7,53,48,1020.1,1016.5,2,1,24.1,27.4,0
0.738326,-0.674444,17.2,33.4,0,7,11.9,0.382683,0.92388,22,1,0,0.382683,0.92388,2,11,54,53,1018,1014.1,0,1,26.8,30.2,0
0.749826,-0.661635,18.7,30.9,0,8,12.7,0.707107,0.707107,26,0.382683,0.92388,0.92388,0.382683,7,11,48,46,1017.5,1014,0,1,30.1,29.9,0
0.761104,-0.64863,19.9,33.3,0,9.2,12.2,-0.382683,0.92388,41,0.382683,0.92388,0.382683,0.92388,6,13,39,54,1015.5,1011.2,0,0,29.6,30.3,0
0.772157,-0.635432,22.4,28.4,0,9,1.8,-0.707107,0.707107,31,6.12323e-17,1,-0.382683,0.92388,13,9,71,73,1017.9,1015.1,8,8,24.6,24.5,0
0.78298,-0.622047,22,29.9,0,3.8,11.6,0.707107,0.707107,31,0.382683,0.92388,0.707107,0.707107,7,13,59,59,1014.6,1010.7,3,1,27.5,28.4,0
0.793572,-0.608477,20.2,30.5,0,7.8,11.1,6.12323e-17,1,24,6.12323e-17,1,6.12323e-17,1,6,13,59,62,1014.7,1012.4,3,5,28.1,28.2,0
0.803928,-0.594727,23.3,31,0,9.6,12.4,0.707107,0.707107,24,1,0,0.707107,0.707107,6,9,60,54,1016.1,1012.2,4,1,27.7,29.7,0
0.814046,-0.5808,21.6,31.8,0,8.4,12.1,0.707107,0.707107,31,1,0,0.92388,0.382683,6,13,56,62,1013.4,1008.3,1,2,28.2,29.7,0
0.823923,-0.566702,23.5,31.1,0,8.6,10.1,6.12323e-17,1,35,6.12323e-17,1,0.382683,0.92388,15,11,59,57,1012.1,1010.1,3,3,28.1,29.8,0
0.833556,-0.552435,23.1,30.4,0,8.2,7.3,6.12323e-17,1,24,0.92388,-0.382683,0.707107,0.707107,4,11,62,65,1014.5,1012.4,6,5,27.4,29.4,0
0.842942,-0.538005,24.1,31,0.2,6.7,8.7,0.382683,-0.92388,57,0.92388,0.382683,0.707107,0.707107,7,15,58,64,1013.6,1009.1,3,6,29.7,29,0
0.852078,-0.523416,20.6,31.8,16.6,11,10.3,0.707107,0.707107,28,0.92388,0.382683,0.707107,0.707107,7,11,63,65,1012.7,1009.8,3,6,29,29.9,1
0.860961,-0.508671,22.1,31.3,0,8,8.2,0.707107,0.707107,30,0.92388,0.382683,0.707107,0.707107,6,11,58,64,1015.6,1013.2,3,8,29.2,28.5,0
0.869589,-0.493776,23.8,27.9,0.4,7.6,0.2,0.382683,-0.92388,22,0.92388,-0.382683,0.382683,-0.92388,6,6,69,75,1016.2,1015.1,7,7,26.6,25.1,0
0.87796,-0.478734,21.2,27.9,2,2,6.9,-0.707107,0.707107,35,-0.92388,-0.382683,-0.92388,0.382683,7,13,78,42,1020.5,1019.9,7,7,24.1,26.5,1
0.886071,-0.46355,17.3,25.6,0.2,10,4.2,-0.92388,0.382683,33,-1,1.22465e-16,-0.92388,0.382683,9,11,52,56,1022,1019.8,7,7,23.8,24,0
0.893919,-0.448229,16.9,28.4,0,5.6,12.7,-0.382683,0.92388,33,-1,1.22465e-16,-0.382683,0.92388,7,17,51,48,1020.2,1016.9,4,2,25.4,25.8,0
0.901502,-0.432776,17.5,29.1,0,9,13.1,6.12323e-17,1,35,-0.382683,0.92388,6.12323e-17,1,6,15,50,42,1018.9,1016.1,3,1,25.9,27.1,0
0.908818,-0.417194,18,29.8,0,9.6,13.1,0.382683,0.92388,28,-0.382683,0.92388,0.382683,0.92388,6,11,55,54,1019.9,1017.6,2,5,27.5,28.4,0
0.915864,-0.401488,18.3,30.7,0,4,12.8,0.382683,0.92388,26,0.707107,0.707107,0.707107,0.707107,7,11,51,51,1021.6,1018.5,3,2,28.5,28.8,0
0.92264,-0.385663,20.7,30.8,0,8.4,8.7,0.707107,0.707107,26,0.707107,-0.707107,0.707107,0.707107,6,11,58,59,1020,1016.3,7,7,27.5,27.7,0
0.929141,-0.369725,23.1,32.3,0,8.8,8.7,-0.707107,0.707107,41,-0.382683,-0.92388,0.92388,0.382683,4,7,56,60,1016.4,1012.5,6,6,28.2,28.4,0
0.935368,-0.353676,20,32.5,0.6,7.8,9.4,0.92388,0.382683,33,0.92388,0.382683,0.707107,0.707107,4,11,60,67,1012.4,1007,1,5,28.9,28.3,0
0.946988,-0.32127,19.7,27.3,9.8,4.4,4.5,6.12323e-17,1,28,-0.92388,-0.382683,-0.707107,0.707107,6,11,91,41,1018.7,1016.6,8,4,20.7,26.7,1
0.952378,-0.304921,17.6,29.1,0.8,3.8,12.8,0.382683,0.92388,24,0.707107,0.707107,0.382683,0.92388,6,11,55,52,1017.9,1014.8,5,1,26.4,27.6,0
0.957485,-0.288482,19.8,29.9,0,7.2,8.5,6.12323e-17,1,31,0.92388,0.382683,0.382683,0.92388,4,13,59,56,1016.1,1012.8,7,7,26.1,27.6,0
0.962309,-0.271958,21.9,27.3,0,7.2,1.3,6.12323e-17,1,20,6.12323e-17,1,-0.382683,0.92388,6,6,58,51,1015.7,1013.3,7,7,25.9,26.5,0
0.966848,-0.255353,19.8,29.7,3.8,4.8,10.1,6.12323e-17,1,33,-0.382683,0.92388,-0.382683,0.92388,11,15,52,42,1015.1,1013.5,7,4,26,28.2,1
0.9711,-0.238673,18.7,28.6,3.2,9,10.9,0.707107,0.707107,28,-0.382683,0.92388,0.382683,0.92388,7,11,59,49,1017.1,1014.8,7,2,25.6,27.2,1
0.975065,-0.221922,18.4,28.7,0,7.6,13.2,0.382683,0.92388,30,0.707107,-0.707107,0.382683,0.92388,6,15,58,52,1017.3,1015.3,3,1,25.1,27.2,0
0.97874,-0.205104,18.8,30.1,0,10,12.1,0.707107,0.707107,28,0.92388,0.382683,0.382683,0.92388,6,13,43,59,1019.1,1016.2,3,3,28,27.7,0
0.982126,-0.188227,21.9,31.2,0,7.4,11.5,0.707107,0.707107,26,0.707107,0.707107,0.92388,0.382683,6,11,45,39,1019,1015.9,2,1,28.2,29.6,0
0.98522,-0.171293,21.6,30.5,0,10.4,9.6,0.707107,0.707107,24,0.382683,0.92388,0.707107,0.707107,7,11,53,55,1018.2,1014.9,6,7,27.1,27.5,0
0.988023,-0.154309,20.8,30.6,0,8.2,12,6.12323e-17,1,28,0.382683,0.92388,0.382683,0.92388,7,13,49,45,1014.7,1011,6,2,28.2,29.3,0
0.990532,-0.137279,20.8,28.1,3.2,8.8,1.3,-0.92388,0.382683,28,-0.92388,-0.382683,0.382683,0.92388,6,7,63,59,1014.2,1011.9,7,7,26,26.9,1
0.992749,-0.120208,19.7,28.4,9.2,4.6,10.3,-0.707107,0.707107,26,-0.707107,-0.707107,-0.707107,0.707107,7,13,64,54,1014.1,1011.4,7,6,24.8,27.1,1
0.994671,-0.103102,19,32,0.4,7.2,12.9,1,0,24,-0.382683,0.92388,0.707107,0.707107,2,9,57,52,1012.6,1008.8,5,2,26.1,30.4,0
0.996298,-0.0859648,23.6,31.2,0.8,8.8,0.8,-0.707107,0.707107,26,0.92388,0.382683,0.382683,0.92388,4,4,65,76,1012.7,1010.5,8,8,28.1,27.6,0
0.99763,-0.0688024,20.1,29,0.8,5.8,5.1,-0.92388,0.382683,35,-0.707107,0.707107,-0.707107,0.707107,13,11,51,56,1017.1,1014.8,6,7,25.6,25.9,0
0.998667,-0.0516197,18.5,26.5,0,9,8.2,-0.92388,0.382683,33,-1,1.22465e-16,-0.707107,0.707107,11,11,51,51,1016.9,1014.8,4,6,23.4,25.2,0
0.999407,-0.0344216,19.1,29.8,0,8,11.6,-0.92388,0.382683,33,-1,1.22465e-16,-0.382683,0.92388,7,13,47,48,1015.9,1013.5,3,3,26.2,27.1,0
0.999852,-0.0172134,19.4,29.9,0,10.8,11.4,6.12323e-17,1,35,-0.92388,0.382683,-0.707107,0.707107,7,17,44,43,1015,1012.5,7,1,26,28.2,0
