Date_x,Date_y,RainFall,Sunshine,WindGustDir_x,WindGustSpeed,WindDir9am_x,WindDir9am_y,WindDir3pm_x,WindDir3pm_y,WindSpeed3pm,Humidity9am,Humidity3pm,Pressure9am,Pressure3pm,Cloud3pm,dewDiffTemp3pm,dewDiffTemp9am,diffTemp3pm9am,diffPress3pm9am
1,0,0.0,6.9,-1.83697e-16,44.0,-0.707107,0.707107,0.92388,0.382683,13.0,60.0,65.0,1007.4,1005.1,7.0,7.36338,8.61109,1.2,-2.3
0.999852,0.0172134,0.0,0.7,-0.382683,30.0,-0.92388,-0.382683,6.12323e-17,1,16.999999999999996,74.0,47.0,1009.9,1009.7,8.0,12.5072,4.96624,4.4,-0.2
0.999407,0.0344216,4.4,0.0,-0.92388,41.0,-0.707107,0.707107,-0.92388,0.382683,14.999999999999998,85.0,86.0,1015.3,1015.1,8.0,2.4564,2.65711,-0.6,-0.2
0.998667,0.0516197,4.8,7.0,-0.382683,35.0,-0.707107,0.707107,-0.707107,0.707107,16.999999999999996,55.0,45.0,1017.4,1014.7,7.0,12.8949,9.72347,0.7,-2.7
0.99763,0.0688024,0.0,7.700000000000001,-0.92388,30.0,-0.707107,0.707107,6.12323e-17,1,19.0,65.0,53.99999999999999,1014.1,1012.1,7.0,10.1678,7.0901,1.9,-2
0.996298,0.0859648,0.0,12.7,6.12323e-17,30.0,-0.382683,0.92388,6.12323e-17,1,14.999999999999998,58.00000000000001,49.00000000000001,1013.5,1011.1,2.0,11.8648,9.00202,2.3,-2.4
0.994671,0.103102,0.0,11.4,0.707107,30.0,6.12323e-17,1,0.707107,0.707107,16.999999999999996,62.0,56.99999999999999,1013.0,1010.2,7.0,9.3552,7.92699,1.2,-2.8
0.990532,0.137279,0.6,2.8,-0.92388,43.0,-1,1.22465e-16,-0.92388,0.382683,24.0,74.0,47.0,1011.8,1010.4,7.0,12.4615,4.9625,4,-1.4
0.988023,0.154309,0.2,9.6,-0.707107,43.0,-0.707107,0.707107,-0.382683,0.92388,22.0,52.0,51.0,1012.4,1010.4,5.0,10.9575,10.6306,0.3,-2
0.98522,0.171293,0.0,8.9,-0.382683,33.0,-0.707107,0.707107,6.12323e-17,1,16.999999999999996,55.0,56.0,1012.6000000000001,1010.6,7.0,9.48322,9.71622,0.7,-2
0.982126,0.188227,0.0,9.5,-0.382683,35.0,6.12323e-17,1,6.12323e-17,1,14.999999999999998,60.0,53.99999999999999,1014.6,1013.2,7.0,10.1753,8.37817,1.8,-1.4
0.97874,0.205104,0.0,11.5,6.12323e-17,37.0,-0.382683,0.92388,6.12323e-17,1,19.999999999999996,55.0,53.0,1017.2,1015.4,4.0,10.4255,9.77428,0.9,-1.8
0.975065,0.221922,0.0,13.0,0.707107,33.0,6.12323e-17,1,-0.382683,0.92388,16.999999999999996,49.0,39.0,1017.2,1015.3,3.0,15.3188,11.6144,1.8,-1.9
0.9711,0.238673,0.0,12.8,0.92388,30.0,-1.83697e-16,-1,0.382683,0.92388,16.999999999999996,59.0,45.0,1016.4,1013.1,1.0,13.2208,8.65124,3.6,-3.3
0.966848,0.255353,0.0,12.4,0.707107,31.0,0.382683,-0.92388,0.707107,0.707107,14.999999999999998,54.0,52.0,1013.8,1010.0,6.0,11.0372,10.1979,3,-3.8
0.962309,0.271958,0.0,7.1,-0.382683,52.0,-0.382683,0.92388,-0.707107,0.707107,22.0,65.0,61.0,1012.6000000000001,1014.0,7.0,8.12147,7.20202,-1.8,1.4
0.957485,0.288482,0.0,5.8,-0.382683,33.0,-0.382683,0.92388,-0.382683,0.92388,16.999999999999996,56.0,56.0,1019.4,1018.1,7.0,9.40573,9.42684,-0.3,-1.3
0.952378,0.304921,0.0,9.0,0.382683,31.0,-0.707107,0.707107,0.382683,0.92388,14.999999999999998,49.0,50.0,1019.2,1016.7,7.0,11.2828,11.5886,0.1,-2.5
0.946988,0.32127,0.0,12.5,0.382683,26.0,0.382683,0.92388,0.382683,0.92388,16.999999999999996,49.0,42.0,1017.7,1015.5,3.0,14.2604,11.6746,1.9,-2.2
0.941317,0.337523,0.0,11.7,0.707107,35.0,0.92388,0.382683,0.92388,0.382683,16.999999999999996,63.0,53.99999999999999,1016.5,1013.5,1.0,10.3565,7.73798,1.8,-3
0.935368,0.353676,0.0,8.2,0.707107,43.0,0.92388,-0.382683,0.92388,0.382683,16.999999999999996,64.0,58.0,1014.5,1010.6,6.0,9.22371,7.48164,2.2,-3.9
0.929141,0.369725,26.6,0.5,0.92388,30.0,1,0,0.92388,0.382683,13.0,84.0,77.0,1012.4,1009.5,7.0,4.42991,2.93397,1.7,-2.9
0.92264,0.385663,4.4,3.8,0.92388,30.0,-0.707107,-0.707107,0.707107,0.707107,13.0,68.0,64.0,1011.5,1007.9,7.0,7.58734,6.53355,1,-3.6
0.915864,0.401488,0.0,3.1,0.382683,26.0,0.382683,0.92388,0.707107,0.707107,14.999999999999998,80.99999999999999,80.0,1013.0,1012.9,7.0,3.78002,3.5564,0.6,-0.1
0.908818,0.417194,29.800000000000004,7.4,0.707107,28.0,0.92388,0.382683,-0.382683,0.92388,11.0,73.0,51.0,1016.3,1015.0,6.0,11.2191,5.27651,2.2,-1.3
0.901502,0.432776,1.8000000000000003,10.4,6.12323e-17,39.0,-0.382683,0.92388,-0.707107,0.707107,19.999999999999996,68.0,55.0,1016.7,1015.1,4.0,9.8982,6.41803,1.1,-1.6
0.893919,0.448229,0.2,10.2,-0.382683,35.0,-0.382683,0.92388,-0.382683,0.92388,19.0,61.0,53.99999999999999,1016.1,1015.3,1.0,10.2355,8.22485,0.8,-0.8
0.886071,0.46355,0.0,5.2,6.12323e-17,35.0,0.382683,0.92388,0.382683,0.92388,19.0,67.0,66.0,1017.3,1015.5,7.0,6.89158,6.62363,0.5,-1.8
0.860961,0.508671,0.8,0.1,-0.707107,28.0,-0.92388,-0.382683,-0.382683,0.92388,13.0,80.0,60.00000000000001,1015.4,1012.9,7.0,8.45966,3.6678,3.4,-2.5
0.852078,0.523416,1.0,1.5,-0.382683,37.0,-0.707107,0.707107,-0.382683,0.92388,16.999999999999996,80.0,62.0,1012.8,1010.4,8.0,7.90931,3.65946,3.3,-2.4
0.842942,0.538005,6.2,8.7,0.707107,28.0,-0.92388,0.382683,0.382683,0.92388,13.0,77.0,59.0,1011.1,1008.0,4.0,8.80024,4.31831,3.5,-3.1
0.833556,0.552435,0.6,11.8,0.382683,33.0,-0.382683,0.92388,6.12323e-17,1,19.0,62.0,51.0,1009.2,1007.1,2.0,11.2109,8.02159,0.6,-2.1
0.823923,0.566702,0.0,11.8,6.12323e-17,33.0,-0.707107,0.707107,-0.382683,0.92388,19.0,60.0,55.0,1009.0,1007.3,3.0,10.045,8.50999,1.9,-1.7
0.814046,0.5808,0.0,12.1,6.12323e-17,33.0,-0.707107,0.707107,6.12323e-17,1,19.0,60.0,53.0,1011.4000000000001,1010.6,2.0,10.6037,8.45966,2.2,-0.8
0.803928,0.594727,0.0,9.0,0.382683,31.0,6.12323e-17,1,-0.382683,0.92388,16.999999999999996,55.0,47.0,1014.4,1012.5,2.0,12.5346,9.92015,1.4,-1.9
0.793572,0.608477,0.0,12.2,0.382683,50.0,-1,1.22465e-16,0.382683,0.92388,11.0,62.0,50.0,1012.6000000000001,1009.4,2.0,11.6025,7.9211,3.2,-3.2
0.78298,0.622047,0.0,12.0,-0.382683,31.0,-1.83697e-16,-1,0.92388,0.382683,13.0,60.0,50.0,1010.0,1006.5,1.0,11.8409,8.4911,5.3,-3.5
0.772157,0.635432,0.0,7.499999999999999,0.382683,28.0,6.12323e-17,1,0.707107,0.707107,11.0,66.0,61.0,1011.0,1007.3,7.0,8.35343,6.98449,1.4,-3.7
0.761104,0.64863,1.4,9.7,-1,30.0,0.707107,0.707107,6.12323e-17,1,16.999999999999996,64.0,52.0,1005.8,1004.7,7.0,11.005,7.43183,3.2,-1.1
0.749826,0.661635,0.0,3.3,-0.92388,31.0,-0.92388,0.382683,6.12323e-17,1,9.0,62.0,82.0,1012.2,1011.6,7.0,3.27694,7.82708,-1.2,-0.6
0.738326,0.674444,23.8,0.0,-0.92388,48.00000000000001,-0.92388,0.382683,-0.707107,0.707107,7.000000000000001,90.99999999999999,91.0,1016.7,1014.9,8.0,1.53792,1.53792,0,-1.8
0.726608,0.687053,36.8,0.1,-1,35.0,-0.707107,0.707107,-0.92388,-0.382683,6.0,90.99999999999999,73.0,1011.5,1007.4,8.0,5.19404,1.53437,3.7,-4.1
0.714673,0.699458,2.0,11.4,-0.92388,24.000000000000004,-0.382683,-0.92388,0.92388,0.382683,9.0,62.0,53.99999999999999,1007.0,1004.8,5.0,10.3035,7.82708,4,-2.2
0.702527,0.711657,0.0,9.3,-0.382683,30.0,-1,1.22465e-16,6.12323e-17,1,14.999999999999998,59.0,56.0,1009.7,1006.8,7.0,9.6747,8.68999,2.2,-2.9
0.690173,0.723644,0.0,2.3,0.707107,30.0,-1,1.22465e-16,6.12323e-17,1,11.0,65.0,73.0,1009.5,1008.1,8.0,5.2097,7.13796,-1.1,-1.4
0.677615,0.735417,17.4,2.5,6.12323e-17,26.0,-0.92388,0.382683,-0.707107,0.707107,9.0,76.0,70.0,1008.1,1004.9,7.0,5.97317,4.5717,1.4,-3.2
0.664855,0.746972,2.2,10.3,-1.83697e-16,31.0,-0.707107,0.707107,0.382683,0.92388,13.0,72.0,62.0,1009.4,1006.1,2.0,8.15853,5.49887,3.9,-3.3
0.651899,0.758306,3.4,5.0,-1.83697e-16,33.0,-0.707107,-0.707107,6.12323e-17,1,13.0,76.0,68.0,1011.1,1008.2,6.0,6.5529,4.58546,3.2,-2.9
0.638749,0.769415,35.2,1.9,-1.83697e-16,28.0,-0.707107,-0.707107,0.382683,0.92388,9.0,87.0,72.0,1011.6999999999999,1009.3,7.0,5.51943,2.28718,4.6,-2.4
0.611886,0.790946,0.0,11.3,0.382683,31.0,-0.382683,0.92388,6.12323e-17,1,19.0,65.0,53.0,1016.6,1015.1,1.0,10.5415,7.15395,1.7,-1.5
0.598181,0.801361,0.0,10.8,0.382683,28.0,-1.83697e-16,-1,0.707107,0.707107,14.999999999999998,61.0,55.0,1016.9,1015.3,2.0,9.94945,8.20047,1.3,-1.6
0.584298,0.811539,0.0,1.5,0.707107,22.0,-1.83697e-16,-1,0.382683,0.92388,11.0,70.0,64.0,1016.8,1014.0,7.0,7.38768,5.87557,1.4,-2.8
0.570242,0.821477,0.0,10.1,-0.707107,43.0,-0.92388,0.382683,-0.707107,0.707107,19.999999999999996,59.0,55.0,1015.2,1012.9,3.0,9.88359,8.72883,0.5,-2.3
0.556017,0.831171,0.0,11.9,-0.382683,44.0,-1,1.22465e-16,6.12323e-17,1,14.999999999999998,51.0,51.0,1015.2,1011.8,3.0,11.088,10.8764,2.6,-3.4
0.541628,0.840618,0.0,11.8,0.92388,26.0,-0.707107,-0.707107,0.707107,0.707107,9.0,56.0,45.0,1012.9,1009.4,3.0,13.3271,9.4198,5.5,-3.5
0.527078,0.849817,0.0,9.2,6.12323e-17,22.0,-1,1.22465e-16,0.92388,0.382683,9.0,63.0,53.0,1011.4000000000001,1008.1,7.0,10.7755,7.68077,4.3,-3.3
0.512371,0.858764,0.0,10.0,6.12323e-17,28.0,-0.707107,-0.707107,0.382683,0.92388,13.0,57.0,55.0,1014.0,1012.0,6.0,10.0302,9.38977,0.9,-2
0.497513,0.867456,0.2,9.8,0.382683,24.000000000000004,6.12323e-17,1,0.707107,0.707107,13.0,72.0,58.0,1017.0,1014.0,3.0,9.18996,5.52354,2.3,-3
0.482508,0.875892,0.2,10.6,0.382683,30.0,0.707107,0.707107,0.707107,0.707107,13.0,59.0,56.0,1014.6,1010.0,3.0,9.75324,8.83931,1,-4.6
0.467359,0.884068,0.0,10.7,-0.382683,39.0,-0.382683,-0.92388,-0.382683,-0.92388,7.000000000000001,32.0,22.0,1010.4,1007.0,1.0,24.2807,17.7878,6.8,-3.4
0.452072,0.891981,0.0,9.8,0.382683,26.0,-0.92388,0.382683,0.382683,0.92388,14.999999999999998,55.0,50.0,1013.2,1010.6,2.0,11.4421,9.68002,3.4,-2.6
0.436651,0.899631,0.0,11.2,0.707107,28.0,-1.83697e-16,-1,0.707107,0.707107,16.999999999999996,62.0,53.0,1014.8,1011.4,3.0,10.5338,7.86227,2.5,-3.4
0.421101,0.907014,0.0,11.2,6.12323e-17,35.0,6.12323e-17,1,-0.382683,0.92388,19.0,60.0,53.99999999999999,1014.8,1012.9,5.0,10.1828,8.4471,0.8,-1.9
0.405426,0.914128,0.0,0.0,-0.92388,35.0,-0.707107,0.707107,-0.707107,0.707107,16.999999999999996,59.0,79.0,1016.1,1013.6,8.0,3.86269,8.62546,-2.1,-2.5
0.38963,0.920971,3.4,0.1,-0.707107,50.0,-0.707107,0.707107,-0.707107,0.707107,19.999999999999996,70.0,61.0,1014.8,1013.5,8.0,8.1033,5.89768,0,-1.3
0.37372,0.927542,4.4,2.9,-0.382683,35.0,-0.92388,0.382683,-0.707107,0.707107,14.999999999999998,88.0,82.0,1017.4,1015.7,7.0,3.2447,2.08818,0.7,-1.7
0.357698,0.933837,5.6,6.2,0.382683,35.0,-0.382683,0.92388,-0.382683,0.92388,14.999999999999998,69.0,59.0,1019.8,1017.5,7.0,8.65124,6.07501,1.5,-2.3
0.341571,0.939856,3.0,3.9,0.382683,30.0,-0.382683,0.92388,6.12323e-17,1,14.999999999999998,75.0,80.0,1017.7,1016.0,7.0,3.64001,4.71309,-1.1,-1.7
0.325342,0.945596,6.0,9.2,0.382683,24.000000000000004,-0.92388,-0.382683,0.707107,0.707107,11.0,73.0,60.00000000000001,1016.7,1013.1,4.0,8.46594,5.15109,3.3,-3.6
0.309017,0.951057,3.0,10.8,0.707107,24.000000000000004,-0.92388,0.382683,0.707107,0.707107,13.0,66.0,55.0,1014.8,1010.2,1.0,9.92747,6.86587,2.2,-4.6
0.2926,0.956235,0.0,9.3,-0.92388,46.0,-1.83697e-16,-1,0.707107,0.707107,13.0,65.0,56.99999999999999,1012.5,1007.3,1.0,9.41747,7.09541,3.4,-5.2
0.276097,0.96113,13.2,10.0,-0.382683,24.000000000000004,-1.83697e-16,-1,0.382683,0.92388,13.0,72.0,58.0,1012.6000000000001,1009.8,2.0,9.06892,5.3641,4.4,-2.8
0.259512,0.96574,0.0,6.3,-0.382683,33.0,-0.707107,0.707107,6.12323e-17,1,16.999999999999996,68.0,59.0,1016.7,1014.4,8.0,8.71587,6.36065,1.4,-2.3
0.24285,0.970064,0.0,0.0,-0.707107,30.0,-1,1.22465e-16,-0.382683,0.92388,13.0,72.0,68.0,1016.9,1014.4,7.0,6.34634,5.37628,1.2,-2.5
0.226116,0.9741,0.0,5.0,-0.707107,33.0,6.12323e-17,1,-0.382683,0.92388,16.999999999999996,74.0,55.0,1015.8,1012.1,5.0,9.92747,4.95876,3.6,-3.7
0.209315,0.977848,0.2,8.5,-0.92388,35.0,-0.92388,0.382683,-0.707107,0.707107,19.999999999999996,68.0,48.0,1015.0,1012.1,2.0,12.041,6.34634,2.5,-2.9
0.192452,0.981306,0.0,10.8,-0.707107,37.0,-1,1.22465e-16,-0.707107,0.707107,16.999999999999996,56.0,51.0,1015.2,1013.0,3.0,11.0471,9.44796,1.7,-2.2
0.175531,0.984474,0.0,11.0,-0.92388,30.0,-0.92388,-0.382683,-0.382683,0.92388,16.999999999999996,63.0,47.0,1017.2,1015.1,2.0,12.2886,7.55563,1.8,-2.1
0.158559,0.987349,0.0,10.9,-0.707107,31.0,-0.92388,0.382683,-0.707107,0.707107,14.999999999999998,59.0,45.0,1019.4,1017.1,2.0,13.019,8.60614,2.2,-2.3
0.14154,0.989932,0.0,9.1,6.12323e-17,31.0,-0.92388,0.382683,-0.382683,0.92388,13.0,55.0,49.00000000000001,1021.9,1019.6,5.0,11.7091,9.6511,3.2,-2.3
0.124479,0.992222,0.0,11.0,6.12323e-17,30.0,-0.92388,-0.382683,-0.382683,0.92388,13.0,58.00000000000001,43.0,1021.9,1018.8,2.0,13.7522,8.81596,3.4,-3.1
0.107381,0.994218,0.0,11.0,-0.382683,30.0,-0.92388,-0.382683,6.12323e-17,1,16.999999999999996,62.0,44.0,1019.7,1016.8,1.0,13.4654,7.75109,4.4,-2.9
0.0902516,0.995919,0.0,10.5,-0.92388,46.0,-1,1.22465e-16,-0.707107,0.707107,22.0,61.0,48.0,1020.1,1017.7,3.0,12.0056,8.07909,2.1,-2.4
0.0730951,0.997325,3.2,10.5,-0.707107,43.0,-0.707107,0.707107,-0.382683,0.92388,22.0,63.0,49.00000000000001,1018.8,1015.8,3.0,11.6401,7.52733,2.3,-3
0.055917,0.998435,2.2,6.8,-0.92388,31.0,-0.382683,-0.92388,-0.707107,0.707107,11.0,80.99999999999999,84.0,1014.4,1011.7,6.0,2.84849,3.42956,0.2,-2.7
0.0387223,0.99925,3.0,9.6,-0.382683,30.0,-1.83697e-16,-1,-1.83697e-16,-1,7.000000000000001,59.0,47.0,1009.7,1007.1,4.0,12.3794,8.56757,3.2,-2.6
0.0215161,0.999769,0.2,10.7,6.12323e-17,28.0,-0.92388,0.382683,0.382683,0.92388,14.999999999999998,67.0,56.0,1012.9,1010.9,1.0,9.6747,6.62363,2.7,-2
0.00430354,0.999991,13.000000000000002,0.0,-0.382683,54.0,-0.92388,0.382683,-0.92388,0.382683,14.999999999999998,93.0,94.0,1015.6,1014.6,8.0,1.00795,1.18047,0.1,-1
-0.0129103,0.999917,66.2,6.8,6.12323e-17,30.0,-0.382683,0.92388,0.382683,0.92388,14.999999999999998,83.0,67.0,1017.9,1015.1,5.0,6.65837,3.08849,2.2,-2.8
-0.0301203,0.999546,41.0,4.5,-0.92388,22.0,0.382683,0.92388,0.92388,0.382683,11.0,92.0,66.0,1017.2,1013.6,7.0,6.89672,1.36901,4.2,-3.6
-0.0473214,0.99888,0.8,3.2,6.12323e-17,28.0,-0.92388,-0.382683,-0.382683,0.92388,11.0,73.0,75.0,1015.7,1012.2,7.0,4.7632,5.18231,0.5,-3.5
-0.0645084,0.997917,1.0,7.499999999999999,-0.382683,28.0,-0.92388,-0.382683,-0.382683,0.92388,11.0,72.0,65.0,1016.0,1013.1,7.0,7.12731,5.36004,2.7,-2.9
-0.0816764,0.996659,1.2,0.9,-0.382683,35.0,-1,1.22465e-16,-0.707107,0.707107,11.0,70.0,76.0,1019.8,1019.0,7.0,4.43866,5.80509,-1.5,-0.8
-0.0988201,0.995105,1.8000000000000003,10.4,-0.92388,39.0,-0.707107,0.707107,-0.382683,0.92388,19.0,57.0,47.0,1023.3,1020.6,4.0,12.0898,9.04005,1,-2.7
-0.115935,0.993257,0.0,4.1,-0.707107,30.0,-0.92388,0.382683,6.12323e-17,1,13.0,62.0,62.0,1022.6,1020.2,8.0,7.71614,7.69288,0.4,-2.4
-0.133015,0.991114,5.6,6.8,-0.382683,33.0,-0.92388,-0.382683,-0.382683,0.92388,11.0,73.0,80.0,1023.4,1021.4999999999999,7.0,3.59852,5.09668,-1.3,-1.9
-0.150055,0.988678,2.2,2.6,0.382683,28.0,-0.707107,-0.707107,-0.707107,0.707107,7.000000000000001,74.0,78.0,1024.5,1022.9,8.0,4.05584,4.87676,0.6,-1.6
-0.167052,0.985948,14.6,3.7,6.12323e-17,30.0,-1,1.22465e-16,0.382683,0.92388,13.0,90.0,67.0,1023.5,1020.7,7.0,6.55934,1.70769,3.8,-2.8
-0.200891,0.979614,43.8,3.2,6.12323e-17,30.0,6.12323e-17,1,6.12323e-17,1,6.0,77.0,67.0,1014.9,1011.9,8.0,6.64347,4.32484,1.5,-3
-0.217723,0.976011,0.4,9.7,6.12323e-17,28.0,-0.707107,-0.707107,-0.382683,-0.92388,9.0,74.0,45.0,1012.5,1009.2,3.0,13.2691,4.97748,4.9,-3.3
-0.234491,0.972118,0.0,10.6,-0.382683,22.0,-0.707107,-0.707107,6.12323e-17,1,13.0,68.0,41.0,1014.5,1011.5,2.0,14.4541,6.27505,3.7,-3
-0.25119,0.967938,0.0,10.4,-0.707107,30.0,-0.92388,-0.382683,-0.707107,0.707107,11.0,64.0,34.0,1014.8,1011.5,2.0,17.4429,7.13091,6.8,-3.3
-0.267814,0.963471,0.6,10.4,-0.382683,24.000000000000004,-0.92388,-0.382683,-1,1.22465e-16,7.000000000000001,64.0,40.0,1016.3,1012.9,2.0,14.8538,7.15259,5.4,-3.4
-0.284359,0.958718,0.2,10.6,-0.92388,28.0,-0.382683,-0.92388,-0.92388,-0.382683,14.999999999999998,57.0,41.0,1014.1,1010.8,5.0,14.2534,8.93165,3.5,-3.3
-0.30082,0.953681,0.0,10.2,-0.92388,31.0,-0.707107,-0.707107,-0.92388,-0.382683,13.0,54.0,41.0,1012.6000000000001,1010.1,6.0,14.38,9.78798,4.3,-2.5
-0.317191,0.948362,0.0,8.7,-0.92388,35.0,-0.707107,-0.707107,-0.92388,-0.382683,9.0,59.0,80.0,1014.9,1013.4,6.0,3.59025,8.38234,-0.8,-1.5
-0.333469,0.942761,1.0,9.8,-0.92388,31.0,-0.92388,-0.382683,-0.92388,-0.382683,11.0,62.0,43.0,1017.9,1014.4,3.0,13.6113,7.61753,4.6,-3.5
-0.349647,0.936881,0.2,10.0,-0.382683,28.0,-0.707107,-0.707107,-1,1.22465e-16,11.0,58.00000000000001,43.0,1017.8,1014.9,2.0,13.5912,8.65142,4.3,-2.9
-0.365723,0.930724,0.0,9.5,0.92388,46.0,-0.707107,-0.707107,0.707107,0.707107,13.0,64.0,49.00000000000001,1016.7,1011.5,1.0,11.4944,7.05528,4.7,-5.2
-0.381689,0.924291,0.0,9.8,0.92388,28.0,0.707107,0.707107,0.92388,-0.382683,9.0,68.0,41.0,1011.6999999999999,1007.5,2.0,14.6882,6.21829,7.1,-4.2
-0.397543,0.917584,0.0,10.7,0.382683,33.0,-1.83697e-16,-1,0.382683,-0.92388,16.999999999999996,40.0,28.0,1012.1,1008.0,1.0,20.2839,14.5615,3.3,-4.1
-0.413279,0.910605,0.0,10.7,-1.83697e-16,31.0,-0.707107,-0.707107,-1.83697e-16,-1,16.999999999999996,45.0,30.000000000000004,1016.0,1013.3,0.0,18.889,12.4788,3.8,-2.7
-0.428892,0.903356,0.0,10.8,-0.707107,20.0,-0.382683,-0.92388,-0.707107,0.707107,6.0,40.0,25.0,1020.7,1016.5,0.0,21.5315,13.964,6.3,-4.2
-0.444378,0.895839,0.0,9.5,6.12323e-17,20.0,-0.382683,-0.92388,0.382683,0.92388,11.0,59.0,40.0,1020.6,1016.5,3.0,14.4862,8.11129,6.8,-4.1
-0.459733,0.888057,0.0,10.3,-0.707107,43.0,-0.92388,-0.382683,-1.83697e-16,-1,14.999999999999998,64.0,29.0,1018.0,1014.6,1.0,19.3959,7.00687,6.1,-3.4
-0.474951,0.880012,0.0,6.3,-0.382683,26.0,-0.707107,-0.707107,-0.382683,0.92388,9.0,57.0,55.0,1022.6,1019.9,7.0,9.49282,8.70341,3.6,-2.7
-0.490029,0.871706,0.0,9.7,0.382683,26.0,-0.707107,-0.707107,-0.382683,0.92388,13.0,62.0,53.99999999999999,1024.0,1020.5,4.0,9.7806,7.51378,2.4,-3.5
-0.504961,0.863142,0.0,7.700000000000001,0.382683,31.0,-0.707107,-0.707107,-0.382683,0.92388,11.0,69.0,48.0,1024.3,1021.8,5.0,11.5497,5.80781,3.6,-2.5
-0.519744,0.854322,0.0,9.0,6.12323e-17,31.0,-0.707107,-0.707107,-0.382683,0.92388,16.999999999999996,66.0,55.0,1025.6,1023.6,3.0,9.49999,6.51597,3.2,-2
-0.534373,0.845249,0.0,9.5,-0.707107,30.0,-0.92388,-0.382683,-0.382683,0.92388,19.0,66.0,45.0,1027.4,1024.2,2.0,12.5351,6.52097,3.1,-3.2
-0.548843,0.835925,0.0,6.3,-0.707107,35.0,-0.92388,-0.382683,-0.707107,0.707107,14.999999999999998,64.0,59.0,1025.8,1022.0,7.0,8.35694,7.00687,1.8,-3.8
-0.563151,0.826354,1.4,4.4,-0.92388,22.0,-0.92388,-0.382683,-0.382683,0.92388,7.000000000000001,69.0,63.00000000000001,1024.2,1020.5,7.0,7.381,5.85718,2.3,-3.7
-0.577292,0.816538,2.2,9.9,-0.92388,24.000000000000004,-0.707107,-0.707107,6.12323e-17,1,13.0,73.0,45.0,1024.1,1020.9,4.0,12.7144,5.00023,4.2,-3.2
-0.591261,0.80648,0.2,9.4,-1.83697e-16,24.000000000000004,-0.707107,-0.707107,-0.707107,-0.707107,9.0,66.0,42.0,1022.6,1018.2,2.0,13.8269,6.49596,6.2,-4.4
-0.605056,0.796183,0.0,10.0,-0.707107,50.0,-0.707107,-0.707107,-0.92388,0.382683,7.000000000000001,69.0,37.0,1020.3,1017.5,1.0,15.6799,5.78544,6.5,-2.8
-0.618671,0.78565,0.0,10.0,6.12323e-17,35.0,-0.92388,-0.382683,-0.382683,0.92388,14.999999999999998,62.0,46.00000000000001,1021.9,1018.9,2.0,12.2063,7.49082,2.8,-3
-0.632103,0.774884,0.0,1.3,-0.92388,17.0,-0.707107,-0.707107,0.92388,-0.382683,2.0,73.0,59.0,1020.8,1017.3,7.0,8.31892,4.86292,4.3,-3.5
-0.645348,0.763889,0.0,9.2,0.92388,24.000000000000004,-0.707107,-0.707107,-1.83697e-16,-1,7.000000000000001,75.0,37.0,1018.5,1014.2,3.0,15.5295,4.44565,7,-4.3
-0.658402,0.752667,0.0,9.8,-1.83697e-16,26.0,-0.707107,-0.707107,0.382683,-0.92388,9.0,67.0,30.000000000000004,1017.2,1013.4,1.0,18.8061,6.19444,7.7,-3.8
-0.67126,0.741222,0.0,10.1,0.382683,26.0,-0.707107,-0.707107,-1.83697e-16,-1,11.0,52.0,23.000000000000004,1018.1,1014.4,1.0,22.5173,9.99225,6.8,-3.7
-0.683919,0.729558,0.0,10.4,0.382683,31.0,-0.707107,-0.707107,-0.382683,-0.92388,14.999999999999998,46.0,21.0,1016.6,1012.5,1.0,24.0103,11.8967,6.8,-4.1
-0.696376,0.717677,0.0,7.1,-0.382683,22.0,-0.707107,-0.707107,-0.382683,0.92388,14.999999999999998,48.00000000000001,56.99999999999999,1017.0,1015.2,7.0,8.97223,11.3421,2.9,-1.8
-0.708627,0.705584,0.0,4.1,-0.707107,39.0,-0.707107,-0.707107,6.12323e-17,1,19.0,69.0,67.0,1019.8,1017.9,7.0,6.34888,5.8437,1.1,-1.9
-0.720667,0.693281,56.6,0.0,0.382683,37.0,-0.382683,0.92388,-0.382683,0.92388,16.999999999999996,92.0,65.0,1019.7,1015.2,8.0,6.83749,1.31294,3.8,-4.5
-0.755493,0.655156,0.0,6.5,6.12323e-17,24.000000000000004,-0.707107,-0.707107,0.707107,0.707107,6.0,77.0,58.0,1011.1,1008.8,7.0,8.63177,4.07391,4.4,-2.3
-0.766659,0.642055,5.4,4.4,-0.707107,41.0,-0.382683,-0.92388,-0.382683,0.92388,11.0,85.0,70.0,1008.1,1010.4,6.0,5.66537,2.55655,2.8,2.3
-0.777597,0.628763,2.2,7.299999999999999,-0.707107,39.0,-0.92388,-0.382683,-0.707107,0.707107,14.999999999999998,68.0,65.0,1020.4,1019.5,7.0,6.83228,6.13832,-0.1,-0.9
-0.788305,0.615285,2.2,3.0,-0.707107,31.0,-0.707107,-0.707107,-0.707107,0.707107,11.0,75.0,46.00000000000001,1023.1,1020.5,6.0,12.2063,4.50481,4.4,-2.6
-0.798779,0.601624,0.0,3.1,-0.382683,20.0,-0.707107,-0.707107,6.12323e-17,1,13.0,69.0,63.00000000000001,1022.9,1020.0,7.0,7.32509,5.80333,2.5,-2.9
-0.809017,0.587785,0.0,4.0,0.707107,17.0,-0.382683,-0.92388,1,0,7.000000000000001,87.0,58.0,1021.1,1018.0,5.0,8.63832,2.16996,5.5,-3.1
-0.819015,0.573772,0.0,8.4,-0.707107,17.0,-0.707107,-0.707107,-0.382683,-0.92388,6.0,76.0,47.0,1020.4,1016.8,6.0,12.0628,4.31757,5.9,-3.6
-0.82877,0.559589,0.0,7.700000000000001,-0.92388,24.000000000000004,-0.707107,-0.707107,0.382683,0.92388,11.0,80.0,64.0,1020.7,1017.1,3.0,7.11467,3.52988,2.8,-3.6
-0.83828,0.54524,5.2,8.0,-0.707107,28.0,-0.707107,-0.707107,-0.707107,0.707107,7.000000000000001,76.0,52.0,1023.7,1021.3000000000001,5.0,10.3324,4.2809,4.7,-2.4
-0.847541,0.53073,0.2,8.2,-0.707107,33.0,-0.707107,-0.707107,-0.707107,0.707107,16.999999999999996,67.0,60.00000000000001,1028.4,1025.9,6.0,8.04992,6.20884,3,-2.5
-0.856551,0.516062,2.0,5.3,6.12323e-17,35.0,-0.382683,-0.92388,-0.707107,0.707107,13.0,71.0,64.0,1029.0,1025.8,5.0,6.99613,5.30384,2.4,-3.2
-0.865307,0.501242,4.2,2.6,6.12323e-17,31.0,-0.92388,-0.382683,0.707107,0.707107,16.999999999999996,76.0,86.0,1026.8,1024.2,7.0,2.35396,4.30089,-1.5,-2.6
-0.873807,0.486273,6.0,2.5,6.12323e-17,26.0,-0.707107,-0.707107,6.12323e-17,1,9.0,82.0,84.0,1023.8,1020.4,7.0,2.75997,3.10763,1.2,-3.4
-0.882048,0.47116,1.4,2.9,-0.382683,13.0,-1.83697e-16,-1,-0.707107,-0.707107,7.000000000000001,93.0,68.0,1020.7,1015.9,5.0,6.17119,1.13633,5.3,-4.8
-0.890028,0.455907,1.2,7.2,-0.92388,30.0,-0.382683,-0.92388,-0.707107,-0.707107,13.0,85.0,60.00000000000001,1017.1,1013.4,6.0,8.08676,2.56652,3.1,-3.7
-0.897743,0.440519,0.0,10.0,-1.83697e-16,22.0,-0.707107,-0.707107,-0.707107,-0.707107,6.0,63.0,31.0,1015.5,1011.8,1.0,18.1684,7.16411,5.7,-3.7
-0.905193,0.425,0.2,7.9,-0.382683,41.0,0.92388,-0.382683,-1.83697e-16,-1,22.0,73.0,43.0,1013.7,1009.4,1.0,13.2621,4.98871,3.1,-4.3
-0.912375,0.409356,1.2,10.0,-1.83697e-16,26.0,0.707107,-0.707107,-1.83697e-16,-1,13.0,46.0,39.0,1015.9,1012.8,1.0,14.5458,11.8424,3,-3.1
-0.919286,0.39359,0.0,9.9,-1.83697e-16,39.0,-1.83697e-16,-1,-1.83697e-16,-1,16.999999999999996,54.0,36.0,1018.0,1014.0,1.0,15.6956,9.40789,4,-4
-0.925925,0.377708,0.0,9.7,-1.83697e-16,43.0,-1.83697e-16,-1,-0.382683,-0.92388,19.0,47.0,35.0,1019.0,1015.5,3.0,15.8973,11.2754,4.1,-3.5
-0.932289,0.361714,0.0,10.0,-1.83697e-16,35.0,-0.382683,-0.92388,0.382683,-0.92388,13.0,49.0,30.000000000000004,1021.8,1018.9,0.0,17.5966,10.2785,5.5,-2.9
-0.938377,0.345612,0.0,9.9,-0.707107,20.0,-0.707107,-0.707107,-0.92388,0.382683,6.0,56.0,42.0,1024.1,1020.4,1.0,13.2287,8.41972,8.5,-3.7
-0.944188,0.329408,0.0,9.8,0.707107,17.0,-0.707107,-0.707107,0.707107,-0.707107,7.000000000000001,70.0,46.00000000000001,1021.7,1017.2,1.0,12.1514,5.34865,8.8,-4.5
-0.949718,0.313107,0.0,9.5,0.92388,20.0,-0.707107,-0.707107,0.707107,-0.707107,9.0,73.0,39.0,1018.7,1014.0,4.0,14.7427,4.74993,9.7,-4.7
-0.959933,0.280231,0.4,9.8,-0.382683,24.000000000000004,-0.92388,-0.382683,-0.707107,-0.707107,6.0,69.0,35.0,1017.8,1015.9,1.0,16.1979,5.66535,6.7,-1.9
-0.964614,0.263665,0.0,9.8,-1.83697e-16,20.0,-0.707107,-0.707107,0.707107,0.707107,6.0,66.0,40.0,1022.6,1020.0,1.0,14.2506,6.25326,8.2,-2.6
-0.96901,0.247022,0.0,4.9,-0.92388,22.0,-0.382683,-0.92388,-0.92388,0.382683,9.0,70.0,60.00000000000001,1022.3,1020.2,7.0,7.97037,5.48024,3.2,-2.1
-0.973118,0.230306,0.0,8.7,-0.382683,28.0,-0.92388,-0.382683,-0.382683,0.92388,11.0,72.0,59.0,1021.8,1019.1,3.0,8.28098,5.07971,3.5,-2.7
-0.976938,0.213521,0.0,8.3,0.382683,30.0,-0.92388,-0.382683,-0.382683,0.92388,11.0,75.0,59.0,1021.7,1019.8,4.0,8.31892,4.49434,3.1,-1.9
-0.980469,0.196673,0.4,0.0,-0.382683,31.0,-0.382683,-0.92388,0.92388,0.382683,4.0,90.0,89.0,1022.1,1019.3,8.0,1.85563,1.65289,2,-2.8
-0.983709,0.179767,24.4,0.0,-0.92388,31.0,-0.92388,-0.382683,6.12323e-17,1,6.0,95.0,92.00000000000001,1019.3000000000001,1016.6,8.0,1.32737,0.81754,0.1,-2.7
-0.986658,0.162807,31.2,7.1,-0.382683,52.0,-0.382683,-0.92388,-0.92388,-0.382683,11.0,72.0,59.0,1017.2,1014.3,2.0,8.43324,5.12327,4.8,-2.9
-0.989314,0.145799,0.0,5.2,-0.707107,15.0,-0.707107,-0.707107,0.707107,-0.707107,6.0,95.0,51.0,1019.2,1015.2,8.0,10.6107,0.785991,8.5,-4
-0.991677,0.128748,0.2,1.0,-1.83697e-16,13.0,-0.707107,-0.707107,0.382683,0.92388,6.0,90.99999999999999,70.0,1018.4,1014.5,7.0,5.60477,1.43224,6.4,-3.9
-0.993747,0.111659,0.0,0.2,0.382683,20.0,-0.92388,-0.382683,1,0,6.0,89.0,76.0,1013.9,1010.9,8.0,4.25433,1.81122,0.9,-3
-0.995521,0.0945367,14.8,4.7,-0.382683,31.0,-0.707107,-0.707107,-1.83697e-16,-1,14.999999999999998,90.0,59.0,1006.6,1002.6,3.0,8.24942,1.62326,5.2,-4
-0.997001,0.0773865,0.0,8.4,0.707107,24.000000000000004,-0.382683,-0.92388,0.382683,-0.92388,9.0,67.0,53.99999999999999,1008.8,1006.8,5.0,9.53864,6.19444,1.8,-2
-0.998186,0.0602133,0.0,9.0,-1.83697e-16,24.000000000000004,-0.707107,-0.707107,-0.707107,-0.707107,9.0,57.0,38.0,1014.9,1013.2,1.0,14.8234,8.43854,5.8,-1.7
-0.999963,0.008607,0.0,8.9,-1.83697e-16,43.0,6.12323e-17,1,-1.83697e-16,-1,22.0,66.0,21.0,1012.2,1010.1,1.0,23.388,6.52097,2.9,-2.1
-0.999963,-0.008607,0.0,9.7,-1.83697e-16,54.0,-1.83697e-16,-1,-1.83697e-16,-1,26.0,44.0,34.0,1011.3,1006.4,1.0,16.3699,12.3545,3.1,-4.9
-0.999667,-0.0258184,0.0,9.9,-1.83697e-16,44.0,-1.83697e-16,-1,-1.83697e-16,-1,24.0,50.0,34.0,1015.1,1013.0,1.0,16.1493,10.1814,5.4,-2.1
-0.999074,-0.0430222,0.0,6.6,-1.83697e-16,26.0,-0.707107,-0.707107,-0.707107,-0.707107,9.0,56.0,43.0,1017.7,1015.3,7.0,12.7124,8.54009,4.9,-2.4
-0.998186,-0.0602133,0.0,7.2,0.382683,24.000000000000004,-0.707107,-0.707107,-0.382683,0.92388,11.0,69.0,56.99999999999999,1021.3,1018.5,6.0,8.71676,5.52899,6.6,-2.8
-0.997001,-0.0773865,0.0,0.0,-0.92388,17.0,-0.92388,-0.382683,-0.92388,-0.382683,4.0,83.0,87.0,1019.9000000000001,1018.2,8.0,2.16656,2.83862,2.3,-1.7
-0.995521,-0.0945367,3.4,2.9,-0.382683,43.0,-0.92388,-0.382683,-0.707107,0.707107,14.999999999999998,68.0,52.0,1023.1,1021.6,7.0,10.023,5.88306,2.7,-1.5
-0.993747,-0.111659,0.0,9.3,-1,41.0,-0.707107,-0.707107,-0.92388,0.382683,14.999999999999998,69.0,47.0,1023.1,1020.2,2.0,11.6527,5.65208,4.7,-2.9
-0.991677,-0.128748,0.0,8.1,-0.92388,37.0,-0.92388,-0.382683,-0.92388,0.382683,14.999999999999998,62.0,51.0,1020.6,1017.7,6.0,10.4273,7.30837,3.2,-2.9
-0.989314,-0.145799,0.0,8.2,-0.92388,31.0,-0.707107,-0.707107,-1,1.22465e-16,9.0,66.0,51.0,1019.3000000000001,1016.6,3.0,10.4432,6.33201,4.3,-2.7
-0.986658,-0.162807,0.0,9.9,1,17.0,-0.707107,-0.707107,0.707107,-0.707107,6.0,77.0,44.0,1018.7,1014.3,1.0,12.8512,3.95434,8.8,-4.4
-0.983709,-0.179767,0.0,10.0,-1.83697e-16,26.0,-1,1.22465e-16,0.382683,-0.92388,13.0,73.0,35.0,1014.1,1008.7,1.0,16.5377,4.80627,9.9,-5.4
-0.980469,-0.196673,0.0,6.8,0.382683,30.0,-0.382683,-0.92388,0.707107,-0.707107,11.0,55.0,55.0,1011.9,1009.0,3.0,9.26484,9.1237,2,-2.9
-0.976938,-0.213521,0.0,7.2,-1.83697e-16,30.0,-0.382683,-0.92388,0.707107,-0.707107,9.0,63.0,32.0,1013.5,1010.4,2.0,17.0352,6.89066,5.5,-3.1
-0.973118,-0.230306,0.0,8.8,-1.83697e-16,39.0,-1.83697e-16,-1,0.382683,-0.92388,22.0,61.0,50.0,1014.0,1011.1,1.0,10.4134,7.38081,2.3,-2.9
-0.96901,-0.247022,0.0,10.0,-1.83697e-16,33.0,-0.382683,-0.92388,-0.92388,-0.382683,7.000000000000001,57.0,40.0,1017.0,1015.8,1.0,13.8902,8.30759,6,-1.2
-0.964614,-0.263665,0.0,9.0,0.92388,19.0,-0.707107,-0.707107,6.12323e-17,1,11.0,66.0,50.0,1023.3,1020.1,3.0,10.7457,6.23364,6.4,-3.2
-0.959933,-0.280231,0.0,9.2,0.382683,22.0,-0.92388,-0.382683,1,0,7.000000000000001,72.0,53.0,1023.7,1020.2,3.0,9.99009,5.07971,4.7,-3.5
-0.954967,-0.296713,0.0,9.6,0.92388,19.0,-1,1.22465e-16,0.707107,0.707107,9.0,58.00000000000001,48.0,1027.4,1023.7999999999998,1.0,11.4889,8.15405,7.3,-3.6
-0.949718,-0.313107,0.0,9.2,-1.83697e-16,46.0,-0.707107,-0.707107,0.382683,0.92388,11.0,80.99999999999999,52.0,1027.0,1021.3000000000001,1.0,10.309,3.21561,7.7,-5.7
-0.944188,-0.329408,0.0,9.1,0.92388,48.00000000000001,-1.83697e-16,-1,0.707107,-0.707107,9.0,62.0,43.0,1021.7,1016.3,6.0,13.3714,7.41644,5.7,-5.4
-0.938377,-0.345612,0.0,6.4,-0.382683,31.0,1,0,-1.83697e-16,-1,14.999999999999998,60.0,42.0,1015.9,1012.7,1.0,13.8372,7.99481,5.4,-3.2
-0.932289,-0.361714,0.0,9.6,-0.92388,24.000000000000004,-0.707107,-0.707107,-0.707107,0.707107,9.0,46.0,34.0,1022.2,1020.9,2.0,16.333,11.5462,4.7,-1.3
-0.925925,-0.377708,0.0,8.9,-1,28.0,-0.707107,-0.707107,-0.382683,0.92388,16.999999999999996,69.0,53.0,1025.4,1022.8000000000001,2.0,9.80195,5.60797,4.8,-2.6
-0.919286,-0.39359,0.0,9.2,0.92388,22.0,-0.382683,-0.92388,0.92388,0.382683,9.0,77.0,55.0,1023.0,1018.4,6.0,9.3429,3.99505,5.5,-4.6
-0.912375,-0.409356,0.2,9.9,-1.83697e-16,39.0,0.707107,-0.707107,-1.83697e-16,-1,14.999999999999998,66.0,30.000000000000004,1017.0,1014.6,0.0,18.5311,6.50096,4.1,-2.4
-0.905193,-0.425,0.0,10.1,-0.382683,19.0,-0.707107,-0.707107,-1.83697e-16,-1,7.000000000000001,54.0,32.0,1023.0,1020.3,1.0,17.4486,9.26363,6.5,-2.7
-0.897743,-0.440519,0.0,10.0,-1.83697e-16,20.0,-0.707107,-0.707107,-1.83697e-16,-1,11.0,65.0,35.0,1024.9,1022.1,1.0,16.0894,6.46695,7.5,-2.8
-0.890028,-0.455907,0.0,9.6,0.707107,19.0,-0.707107,-0.707107,0.707107,0.707107,9.0,65.0,45.0,1025.2,1021.3000000000001,1.0,12.3291,6.46188,6.6,-3.9
-0.882048,-0.47116,0.0,10.2,-1.83697e-16,28.0,-0.707107,-0.707107,0.382683,-0.92388,7.000000000000001,61.0,30.000000000000004,1022.7,1019.2,0.0,18.2443,7.44461,6.3,-3.5
-0.873807,-0.486273,0.0,9.8,-1.83697e-16,19.0,-0.707107,-0.707107,0.382683,0.92388,11.0,60.0,52.0,1025.4,1022.2999999999998,1.0,10.1076,7.62612,5.6,-3.1
-0.865307,-0.501242,0.0,10.0,-0.92388,20.0,-0.707107,-0.707107,0.92388,0.382683,9.0,69.0,42.0,1027.2,1024.1,1.0,13.4908,5.61678,7.4,-3.1
-0.856551,-0.516062,0.0,9.1,0.382683,24.000000000000004,-0.92388,-0.382683,0.382683,-0.92388,11.0,73.0,36.0,1024.8,1020.1,0.0,16.0143,4.8025,9.1,-4.7
-0.847541,-0.53073,0.0,9.8,0.707107,22.0,-0.707107,-0.707107,0.707107,0.707107,11.0,66.0,52.0,1023.4,1019.3,7.0,10.2313,6.32707,5.4,-4.1
-0.83828,-0.54524,0.0,9.8,0.382683,22.0,-0.707107,-0.707107,0.382683,0.92388,13.0,69.0,46.00000000000001,1021.5,1018.8,1.0,12.1605,5.7008,5.7,-2.7
-0.82877,-0.559589,0.0,10.1,-0.382683,26.0,-0.707107,-0.707107,0.382683,0.92388,13.0,72.0,49.00000000000001,1023.6,1020.0,1.0,11.1717,5.0442,5.6,-3.6
-0.819015,-0.573772,0.0,10.0,0.382683,19.0,-0.707107,-0.707107,0.92388,0.382683,9.0,73.0,50.0,1021.6,1016.6,1.0,10.9755,4.83644,6.9,-5
-0.809017,-0.587785,0.0,10.0,6.12323e-17,28.0,-0.707107,-0.707107,6.12323e-17,1,14.999999999999998,69.0,47.0,1019.7,1016.7,1.0,11.7058,5.70524,4.1,-3
-0.798779,-0.601624,0.0,9.8,0.707107,19.0,-0.707107,-0.707107,0.707107,0.707107,9.0,59.0,43.0,1021.3,1017.6,1.0,13.0744,7.90619,6.8,-3.7
-0.788305,-0.615285,0.0,10.1,0.382683,22.0,-0.92388,-0.382683,0.382683,0.92388,13.0,71.0,48.0,1022.9,1019.7,1.0,11.4456,5.22175,6,-3.2
-0.777597,-0.628763,0.0,10.1,0.707107,24.000000000000004,-0.707107,-0.707107,0.707107,0.707107,13.0,70.0,40.0,1022.2,1017.8,1.0,14.2186,5.48024,5.7,-4.4
-0.766659,-0.642055,0.0,6.9,6.12323e-17,56.0,-0.92388,-0.382683,0.707107,0.707107,13.0,75.0,62.0,1018.7,1013.3,4.0,7.6291,4.45953,5.3,-5.4
-0.755493,-0.655156,2.8,10.0,0.707107,19.0,-0.382683,0.92388,0.92388,0.382683,9.0,67.0,51.0,1016.4,1012.1,1.0,10.8764,6.29558,5.8,-4.3
-0.744104,-0.668064,0.0,9.5,-1.83697e-16,30.0,-0.707107,-0.707107,-0.92388,-0.382683,7.000000000000001,53.00000000000001,22.0,1018.1,1014.8,0.0,23.4427,9.77201,7.8,-3.3
-0.732494,-0.680773,0.0,10.5,0.92388,20.0,-0.92388,-0.382683,0.707107,0.707107,11.0,68.0,48.0,1021.6,1018.0,1.0,11.5757,5.92908,6.1,-3.6
-0.720667,-0.693281,0.0,10.8,0.92388,24.000000000000004,-1,1.22465e-16,0.92388,0.382683,14.999999999999998,68.0,51.0,1022.2,1017.4,0.0,10.6909,5.93369,6.4,-4.8
-0.708627,-0.705584,0.0,10.4,-1.83697e-16,41.0,-0.707107,-0.707107,0.382683,0.92388,9.0,69.0,52.0,1019.0,1014.6,1.0,10.6385,5.79886,7.6,-4.4
-0.696376,-0.717677,0.2,10.6,6.12323e-17,31.0,-0.92388,-0.382683,-0.382683,0.92388,16.999999999999996,50.0,32.0,1024.9,1023.5000000000001,1.0,17.4226,10.6805,2.5,-1.4
-0.683919,-0.729558,0.0,10.5,-0.707107,24.000000000000004,-0.707107,-0.707107,6.12323e-17,1,7.000000000000001,58.00000000000001,43.0,1027.9,1023.3999999999999,1.0,13.0252,8.33327,3.5,-4.5
-0.67126,-0.741222,0.0,9.4,6.12323e-17,22.0,-0.707107,-0.707107,0.92388,0.382683,7.000000000000001,68.0,41.0,1023.0,1017.8,6.0,13.8975,5.97527,4.8,-5.2
-0.645348,-0.763889,0.0,8.9,6.12323e-17,48.00000000000001,0.707107,-0.707107,0.382683,0.92388,13.0,62.0,50.0,1014.7,1010.5,1.0,11.2493,7.5771,4.9,-4.2
-0.632103,-0.774884,0.0,10.5,0.382683,24.000000000000004,-0.92388,-0.382683,0.707107,0.707107,14.999999999999998,70.0,53.99999999999999,1015.7,1011.4,1.0,9.99565,5.7045,4,-4.3
-0.605056,-0.796183,0.0,10.8,-1.83697e-16,39.0,0.382683,-0.92388,0.382683,-0.92388,16.999999999999996,29.000000000000004,23.000000000000004,1011.8,1008.3,1.0,23.9337,19.8808,3.9,-3.5
-0.591261,-0.80648,0.0,10.2,-1.83697e-16,37.0,-1.83697e-16,-1,-1.83697e-16,-1,16.999999999999996,21.0,8.0,1016.8,1013.6,3.0,37.7256,23.6119,5.9,-3.2
-0.577292,-0.816538,0.0,9.1,6.12323e-17,22.0,-0.382683,-0.92388,0.382683,0.92388,11.0,39.0,36.0,1020.1,1016.3,3.0,16.1331,14.1125,7.6,-3.8
-0.563151,-0.826354,0.0,9.6,0.92388,28.0,-0.382683,-0.92388,0.92388,0.382683,11.0,62.0,56.99999999999999,1018.8,1013.7,1.0,9.19013,7.60019,4.4,-5.1
-0.548843,-0.835925,0.0,9.2,0.92388,35.0,0.92388,-0.382683,0.707107,0.707107,16.999999999999996,79.0,65.0,1016.8,1010.1,1.0,7.05828,3.81588,3.2,-6.7
-0.534373,-0.845249,0.0,8.4,-0.382683,35.0,-0.382683,-0.92388,-1.83697e-16,-1,16.999999999999996,40.0,26.0,1014.2,1011.9,4.0,21.2775,14.5831,2.5,-2.3
-0.519744,-0.854322,1.0,2.8,-1.83697e-16,30.0,-0.382683,-0.92388,-0.382683,-0.92388,13.0,70.0,38.0,1019.5999999999999,1016.4,5.0,14.79,5.39093,6.2,-3.2
-0.504961,-0.863142,0.2,10.6,0.382683,26.0,-0.92388,-0.382683,0.382683,0.92388,13.0,45.0,47.0,1022.3,1019.6,1.0,11.8213,12.0323,4.7,-2.7
-0.490029,-0.871706,0.0,10.6,6.12323e-17,26.0,-0.92388,-0.382683,0.707107,0.707107,13.0,64.0,50.0,1024.4,1021.7,1.0,10.885,6.95861,2.9,-2.7
-0.474951,-0.880012,0.0,9.9,0.707107,28.0,-1.83697e-16,-1,0.382683,0.92388,14.999999999999998,61.0,49.00000000000001,1024.4,1020.6,2.0,11.1801,7.67886,2.9,-3.8
-0.459733,-0.888057,0.0,6.700000000000001,0.92388,33.0,-0.707107,-0.707107,0.707107,0.707107,14.999999999999998,68.0,62.0,1020.5000000000001,1015.7,7.0,7.65226,6.10087,2.3,-4.8
-0.444378,-0.895839,7.8,8.2,-0.382683,35.0,0.382683,-0.92388,-1.83697e-16,-1,14.999999999999998,85.0,37.0,1015.3,1011.6,3.0,15.9009,2.54859,9.3,-3.7
-0.428892,-0.903356,0.0,10.5,0.382683,26.0,-0.92388,-0.382683,0.382683,0.92388,14.999999999999998,65.0,56.0,1018.6,1015.1,2.0,9.26564,6.80623,2.7,-3.5
-0.413279,-0.910605,0.0,3.4,-1.83697e-16,39.0,1,0,0.92388,0.382683,14.999999999999998,64.0,66.0,1013.8,1010.0,6.0,6.74825,7.20693,0.5,-3.8
-0.397543,-0.917584,15.199999999999998,9.1,-1.83697e-16,33.0,-1.83697e-16,-1,-0.707107,-0.707107,11.0,63.0,20.000000000000004,1011.1,1007.9,2.0,24.8874,7.34743,5.5,-3.2
-0.381689,-0.924291,0.0,11.2,-0.382683,35.0,-1.83697e-16,-1,-1.83697e-16,-1,14.999999999999998,46.0,25.0,1015.3,1012.1,1.0,21.3594,11.9783,4.7,-3.2
-0.365723,-0.930724,0.0,10.6,0.707107,22.0,-0.92388,-0.382683,0.707107,0.707107,11.0,45.0,26.999999999999996,1019.3000000000001,1015.4,2.0,20.2355,12.2453,5.1,-3.9
-0.349647,-0.936881,0.0,11.2,6.12323e-17,33.0,-0.382683,-0.92388,0.382683,0.92388,13.0,39.0,25.0,1023.1,1019.5,1.0,21.3125,14.35,4.7,-3.6
-0.333469,-0.942761,0.0,11.0,0.707107,30.0,-0.92388,-0.382683,0.382683,0.92388,13.0,53.00000000000001,42.0,1026.7,1023.9000000000001,1.0,13.7553,9.88452,4.3,-2.8
-0.317191,-0.948362,0.0,11.1,0.382683,28.0,-0.92388,-0.382683,0.382683,0.92388,13.0,62.0,47.0,1026.5,1022.5,1.0,12.0179,7.5023,4.1,-4
-0.30082,-0.953681,0.0,10.6,0.382683,22.0,-0.707107,-0.707107,0.707107,0.707107,11.0,65.0,49.00000000000001,1023.2,1018.6,1.0,11.4773,6.79063,5,-4.6
-0.284359,-0.958718,0.0,10.4,0.382683,24.000000000000004,-1.83697e-16,-1,0.382683,0.92388,11.0,70.0,50.0,1022.1,1017.7,1.0,11.1162,5.65669,4.2,-4.4
-0.267814,-0.963471,0.0,11.0,6.12323e-17,24.000000000000004,-0.707107,-0.707107,0.382683,0.92388,14.999999999999998,63.0,51.0,1022.9,1019.7,1.0,10.7955,7.33067,3.1,-3.2
-0.25119,-0.967938,0.0,10.3,0.382683,28.0,-1,1.22465e-16,0.92388,0.382683,13.0,62.0,51.0,1024.8,1020.7,1.0,10.8117,7.58287,3.2,-4.1
-0.234491,-0.972118,0.0,10.1,0.92388,28.0,0.707107,-0.707107,0.382683,0.92388,14.999999999999998,58.00000000000001,55.0,1022.1,1016.4,1.0,9.73797,8.70391,3,-5.7
-0.217723,-0.976011,0.0,9.5,6.12323e-17,26.0,-0.92388,0.382683,0.382683,0.92388,14.999999999999998,62.0,56.99999999999999,1019.7,1014.0,6.0,9.17643,7.75692,1.5,-5.7
-0.200891,-0.979614,0.0,10.7,6.12323e-17,31.0,-0.382683,-0.92388,6.12323e-17,1,16.999999999999996,62.0,48.0,1015.8,1011.8,1.0,12.0056,7.76859,3,-4
-0.183998,-0.982927,0.0,9.5,0.707107,24.000000000000004,0.382683,-0.92388,0.707107,0.707107,14.999999999999998,67.0,59.0,1014.9,1010.2,1.0,8.67707,6.50027,2.8,-4.7
-0.167052,-0.985948,0.2,9.9,0.707107,33.0,0.707107,0.707107,0.382683,0.92388,16.999999999999996,69.0,60.00000000000001,1014.4,1009.1,1.0,8.42827,6.07959,2.1,-5.3
-0.150055,-0.988678,0.0,5.2,-1.83697e-16,57.0,-1.83697e-16,-1,-1.83697e-16,-1,26.0,48.00000000000001,13.0,1007.4,1005.9,7.0,30.5338,11.9261,-0.7,-1.5
-0.133015,-0.991114,0.0,11.2,-1.83697e-16,33.0,-0.382683,-0.92388,-0.707107,-0.707107,11.0,35.0,16.0,1015.4,1011.5,0.0,28.4959,16.1135,8.1,-3.9
-0.115935,-0.993257,0.0,11.2,0.92388,30.0,-0.707107,-0.707107,0.707107,0.707107,13.0,31.0,29.0,1017.8,1012.7,0.0,19.4101,17.9412,3.7,-5.1
-0.0988201,-0.995105,0.0,9.7,-0.382683,48.00000000000001,0.92388,-0.382683,0.382683,-0.92388,16.999999999999996,44.0,13.0,1012.3,1005.3,0.0,32.3017,12.9768,10.3,-7
-0.0816764,-0.996659,0.0,11.2,-1.83697e-16,54.0,-0.382683,-0.92388,-1.83697e-16,-1,22.0,23.0,14.0,1013.7,1008.6,0.0,29.1692,21.6702,4.7,-5.1
-0.0645084,-0.997917,0.0,11.6,0.382683,44.0,-1.83697e-16,-1,-1.83697e-16,-1,24.0,27.0,14.0,1011.6999999999999,1006.2,0.0,29.3166,19.3978,6,-5.5
-0.0473214,-0.99888,0.0,11.6,0.382683,31.0,-0.382683,-0.92388,0.92388,0.382683,11.0,30.0,26.999999999999996,1014.7,1011.5,0.0,20.1613,18.0813,4.2,-3.2
-0.0301203,-0.999546,0.0,11.6,0.382683,28.0,-0.382683,-0.92388,0.382683,0.92388,14.999999999999998,47.0,31.0,1020.6,1016.9,1.0,18.2893,11.8035,3.2,-3.7
-0.0129103,-0.999917,0.0,10.7,0.707107,31.0,0.707107,-0.707107,0.92388,0.382683,13.0,52.0,45.0,1020.7,1015.3,0.0,12.8568,10.3558,3.4,-5.4
0.00430354,-0.999991,0.0,10.7,1,44.0,6.12323e-17,1,0.707107,0.707107,14.999999999999998,52.0,49.00000000000001,1016.1,1010.4,2.0,11.6058,10.4731,2.6,-5.7
0.0215161,-0.999769,0.0,9.3,-1.83697e-16,46.0,0.382683,-0.92388,-1.83697e-16,-1,19.0,45.0,18.0,1009.4,1004.9,3.0,27.6164,13.067,5.5,-4.5
0.0387223,-0.99925,0.0,9.7,0.382683,31.0,-0.707107,0.707107,6.12323e-17,1,19.999999999999996,55.0,58.0,1016.6,1013.9,4.0,8.73679,9.60781,-0.7,-2.7
0.055917,-0.998435,0.4,10.6,-1,31.0,-0.92388,0.382683,6.12323e-17,1,16.999999999999996,59.0,50.0,1018.0,1013.5,1.0,11.0996,8.45237,1.3,-4.5
0.0730951,-0.997325,0.0,10.9,6.12323e-17,30.0,-0.707107,0.707107,0.382683,0.92388,14.999999999999998,56.0,48.0,1018.7,1014.9,1.0,11.8117,9.26564,2.2,-3.8
0.0902516,-0.995919,0.0,9.2,0.92388,30.0,0.92388,-0.382683,1,0,13.0,54.0,72.0,1015.6,1010.1,5.0,5.32359,9.91381,-1.4,-5.5
0.107381,-0.994218,2.4,12.0,-0.382683,35.0,-0.707107,-0.707107,0.382683,0.92388,14.999999999999998,28.0,33.0,1016.4,1013.3,1.0,17.1861,19.0266,3.6,-3.1
0.124479,-0.992222,0.0,11.7,-0.382683,31.0,-0.92388,-0.382683,6.12323e-17,1,19.0,34.0,41.0,1022.1,1018.5,2.0,14.0331,16.4807,2.5,-3.6
0.14154,-0.989932,0.0,11.0,-0.382683,35.0,-0.92388,0.382683,6.12323e-17,1,19.0,48.00000000000001,48.0,1025.9,1022.5,3.0,11.4803,11.4629,0.2,-3.4
0.158559,-0.987349,0.0,2.5,0.382683,24.000000000000004,-0.382683,0.92388,0.382683,0.92388,7.000000000000001,63.0,68.0,1024.1,1020.6,7.0,6.04024,7.24161,-0.7,-3.5
0.175531,-0.984474,1.0,10.7,1,43.0,0.707107,0.707107,0.92388,0.382683,19.0,61.0,58.0,1017.6,1010.8,1.0,8.81596,7.82705,3.3,-6.8
0.192452,-0.981306,1.8000000000000003,8.8,-0.382683,93.0,0.92388,-0.382683,0.707107,-0.707107,19.999999999999996,56.0,25.0,1009.1,1002.2,7.0,22.8343,9.51854,7.3,-6.9
0.209315,-0.977848,10.2,9.2,-1.83697e-16,58.99999999999999,0.382683,-0.92388,-1.83697e-16,-1,28.000000000000004,20.0,14.0,1008.8,1004.4,0.0,30.5511,24.9232,3.4,-4.4
0.226116,-0.9741,0.2,11.8,-1.83697e-16,30.0,-0.92388,-0.382683,1,0,11.0,23.0,23.000000000000004,1013.8,1008.7,0.0,23.3123,22.6654,3.9,-5.1
0.24285,-0.970064,0.0,12.1,-1.83697e-16,43.0,-0.382683,-0.92388,-0.382683,-0.92388,19.0,23.0,14.0,1013.8,1010.3,0.0,30.251,22.814,2.8,-3.5
0.259512,-0.96574,0.0,12.1,0.707107,28.0,-1,1.22465e-16,0.382683,0.92388,14.999999999999998,21.0,37.0,1019.9000000000001,1018.1,1.0,15.5988,23.4568,1.3,-1.8
0.276097,-0.96113,0.0,9.6,0.382683,31.0,-0.382683,0.92388,6.12323e-17,1,19.999999999999996,48.00000000000001,50.0,1024.6,1022.1999999999999,3.0,10.9508,11.5063,0.7,-2.4
0.2926,-0.956235,0.0,10.5,-0.382683,30.0,-0.92388,0.382683,6.12323e-17,1,14.999999999999998,48.00000000000001,51.0,1026.5,1023.3999999999999,2.0,10.6668,11.5844,0,-3.1
0.309017,-0.951057,0.0,11.9,0.382683,28.0,6.12323e-17,1,0.382683,0.92388,16.999999999999996,48.00000000000001,46.00000000000001,1025.9,1022.2999999999998,1.0,12.381,11.6367,1.1,-3.6
0.325342,-0.945596,0.0,11.6,0.382683,30.0,0.707107,0.707107,0.92388,0.382683,13.0,49.0,48.0,1025.0,1020.8,1.0,11.8468,11.4175,1.3,-4.2
0.341571,-0.939856,0.0,11.4,0.707107,30.0,0.382683,-0.92388,0.707107,0.707107,13.0,50.0,45.0,1023.0,1020.9,1.0,12.8949,11.1494,1.4,-2.1
0.357698,-0.933837,0.0,11.7,0.707107,31.0,1,0,0.382683,0.92388,14.999999999999998,48.00000000000001,46.00000000000001,1023.0,1019.0,4.0,12.5383,11.724,1.8,-4
0.37372,-0.927542,0.0,10.9,0.92388,35.0,0.707107,-0.707107,0.92388,0.382683,16.999999999999996,45.0,53.99999999999999,1019.9000000000001,1014.4,1.0,10.0479,12.7144,1.7,-5.5
0.38963,-0.920971,0.4,11.9,-0.707107,46.0,-0.707107,0.707107,0.92388,0.382683,19.0,56.0,56.99999999999999,1015.6,1011.5,1.0,9.18328,9.44796,0.2,-4.1
0.405426,-0.914128,0.0,6.9,-1.83697e-16,44.0,1,0,0.92388,0.382683,13.0,50.0,60.00000000000001,1014.7,1013.4,7.0,8.28462,11.3497,-2.8,-1.3
0.421101,-0.907014,35.4,11.3,6.12323e-17,37.0,0.382683,0.92388,0.382683,0.92388,19.0,61.0,53.99999999999999,1022.4,1020.9,4.0,9.9733,8.03681,0.4,-1.5
0.436651,-0.899631,1.2,6.5,-0.382683,31.0,0.382683,0.92388,-0.382683,0.92388,14.999999999999998,59.0,85.0,1023.3,1021.0999999999999,7.0,2.62069,8.61258,-4.6,-2.2
0.452072,-0.891981,4.4,11.9,6.12323e-17,33.0,0.382683,0.92388,6.12323e-17,1,14.999999999999998,48.00000000000001,47.0,1023.8,1021.8999999999999,5.0,12.0538,11.6105,1.4,-1.9
0.467359,-0.884068,0.0,9.6,0.382683,26.0,-0.382683,0.92388,0.382683,0.92388,13.0,79.0,49.00000000000001,1023.6,1021.0,4.0,11.4346,3.75197,4.8,-2.6
0.482508,-0.875892,0.0,11.7,6.12323e-17,31.0,-0.382683,-0.92388,0.382683,0.92388,14.999999999999998,52.0,49.00000000000001,1022.9,1019.9,1.0,11.4773,10.5045,0.7,-3
0.497513,-0.867456,0.4,6.4,-0.92388,39.0,-0.92388,0.382683,6.12323e-17,1,16.999999999999996,67.0,59.0,1024.4,1021.3000000000001,4.0,8.45237,6.44146,0.5,-3.1
0.512371,-0.858764,0.0,12.6,0.382683,28.0,0.707107,-0.707107,1,0,11.0,50.0,42.0,1023.2,1018.9,0.0,13.9501,10.9673,3.6,-4.3
0.527078,-0.849817,0.0,12.5,0.92388,26.0,0.382683,-0.92388,0.707107,0.707107,13.0,47.0,51.0,1019.3000000000001,1014.4,0.0,11.039,12.0449,3,-4.9
0.541628,-0.840618,0.0,12.5,0.382683,30.0,6.12323e-17,1,0.92388,0.382683,16.999999999999996,45.0,50.0,1016.6,1012.4,1.0,11.518,12.9903,2,-4.2
0.556017,-0.831171,0.0,9.7,-0.707107,46.0,-0.707107,0.707107,0.382683,0.92388,16.999999999999996,56.0,58.0,1016.4,1014.4,2.0,9.02875,9.53976,0.7,-2
0.570242,-0.821477,0.4,3.1,0.382683,28.0,-0.382683,0.92388,0.382683,0.92388,14.999999999999998,73.0,62.0,1021.5,1020.2,6.0,7.80951,5.15499,1,-1.3
0.584298,-0.811539,6.999999999999999,10.3,-0.382683,33.0,0.382683,0.92388,0.382683,0.92388,16.999999999999996,63.0,55.0,1024.9,1023.3,4.0,9.72347,7.48779,1.6,-1.6
0.598181,-0.801361,0.2,12.0,6.12323e-17,35.0,-0.382683,0.92388,-0.382683,0.92388,14.999999999999998,47.0,47.0,1026.4,1023.3999999999999,5.0,12.1258,12.1258,0,-3
0.611886,-0.790946,17.0,3.4,6.12323e-17,35.0,6.12323e-17,1,6.12323e-17,1,16.999999999999996,62.0,53.99999999999999,1023.7,1020.7,7.0,9.88414,7.67546,1,-3
0.625411,-0.780296,1.6,10.9,-0.382683,39.0,-0.707107,0.707107,6.12323e-17,1,19.0,66.0,49.00000000000001,1021.7,1019.8,3.0,11.4431,6.65182,2.7,-1.9
0.638749,-0.769415,0.2,12.4,0.707107,26.0,6.12323e-17,1,0.707107,0.707107,13.0,59.0,50.0,1022.5,1020.1,2.0,11.191,8.4779,2,-2.4
0.651899,-0.758306,0.0,12.1,0.707107,28.0,0.92388,-0.382683,0.382683,0.92388,16.999999999999996,54.0,53.0,1021.7,1018.3,1.0,10.2717,9.89897,1.1,-3.4
0.664855,-0.746972,0.0,7.499999999999999,6.12323e-17,22.0,6.12323e-17,1,0.382683,0.92388,11.0,52.0,58.0,1017.2,1014.1,7.0,8.85567,10.4888,0.9,-3.1
0.677615,-0.735417,0.0,11.3,0.707107,30.0,0.707107,0.707107,0.382683,0.92388,14.999999999999998,53.00000000000001,55.0,1016.0,1013.0,1.0,9.78882,10.3484,0.3,-3
0.690173,-0.723644,0.0,11.8,0.707107,31.0,0.382683,0.92388,0.707107,0.707107,14.999999999999998,54.0,53.0,1013.6,1009.8,1.0,10.526,10.0404,2.5,-3.8
0.702527,-0.711657,0.0,12.2,0.92388,35.0,1,0,0.707107,0.707107,14.999999999999998,51.0,58.0,1011.6999999999999,1007.0,1.0,9.10918,11.1125,0.7,-4.7
0.714673,-0.699458,0.0,11.2,-0.382683,50.0,1,0,0.92388,0.382683,14.999999999999998,46.0,53.0,1007.3,1002.7,1.0,10.7285,12.8745,1.4,-4.6
0.726608,-0.687053,3.2,8.1,0.382683,30.0,-0.382683,0.92388,0.382683,0.92388,14.999999999999998,60.0,61.0,1013.0,1011.4,3.0,8.14574,8.33445,1.2,-1.6
0.761104,-0.64863,0.0,12.4,0.92388,35.0,0.92388,-0.382683,0.92388,0.382683,16.999999999999996,56.0,56.99999999999999,1014.3,1011.1,1.0,9.37594,9.58937,1,-3.2
0.772157,-0.635432,0.0,11.0,0.707107,35.0,0.92388,-0.382683,0.92388,0.382683,16.999999999999996,48.00000000000001,61.0,1014.6,1012.0,2.0,8.31047,12.1565,0,-2.6
0.78298,-0.622047,0.0,11.7,0.707107,28.0,0.92388,0.382683,0.92388,0.382683,14.999999999999998,52.0,46.00000000000001,1016.4,1013.5,1.0,12.8651,10.8609,0.7,-2.9
0.793572,-0.608477,1.2,12.5,0.382683,41.0,0.382683,0.92388,0.382683,0.92388,19.999999999999996,58.00000000000001,43.0,1020.8,1019.3,2.0,13.833,9.01538,1.2,-1.5
0.803928,-0.594727,0.2,10.0,6.12323e-17,35.0,0.382683,0.92388,6.12323e-17,1,19.999999999999996,54.0,46.00000000000001,1021.6,1018.5,3.0,12.6778,10.1003,0.8,-3.1
0.814046,-0.5808,0.0,11.0,0.382683,35.0,0.382683,0.92388,0.382683,0.92388,16.999999999999996,60.0,61.0,1019.7,1016.4,5.0,8.16397,8.47851,-0.8,-3.3
0.823923,-0.566702,0.0,12.3,0.92388,33.0,0.707107,-0.707107,0.707107,0.707107,16.999999999999996,52.0,53.0,1015.5,1010.6,1.0,10.5493,10.7573,1.2,-4.9
0.833556,-0.552435,0.0,6.4,0.92388,24.000000000000004,0.707107,-0.707107,0.707107,0.707107,9.0,51.0,61.0,1010.3,1006.1,7.0,8.35958,11.2191,0.5,-4.2
0.87796,-0.478734,6.6,12.1,0.382683,33.0,-0.707107,0.707107,6.12323e-17,1,19.0,52.0,53.0,1021.0,1018.2,2.0,10.2717,10.5281,0.5,-2.8
0.886071,-0.46355,0.0,12.7,0.707107,30.0,-0.92388,0.382683,0.707107,0.707107,14.999999999999998,50.0,45.0,1019.5999999999999,1015.6,1.0,13.0957,11.2911,1.8,-4
0.893919,-0.448229,0.0,12.9,0.92388,37.0,0.92388,0.382683,0.92388,0.382683,14.999999999999998,52.0,51.0,1017.3,1012.4,1.0,11.1289,10.6939,1.6,-4.9
0.901502,-0.432776,0.0,12.9,0.92388,33.0,0.707107,0.707107,0.92388,0.382683,14.999999999999998,42.99999999999999,52.0,1014.7,1012.5,1.0,10.8609,13.7926,0.6,-2.2
0.908818,-0.417194,0.0,12.7,0.92388,37.0,0.707107,-0.707107,0.92388,0.382683,19.0,56.0,52.0,1016.7,1012.7,1.0,10.8848,9.61777,1.1,-4
0.915864,-0.401488,0.0,12.5,0.707107,35.0,0.92388,0.382683,0.707107,0.707107,19.0,48.00000000000001,59.0,1013.4,1009.1,1.0,8.8654,12.1387,0.4,-4.3
0.92264,-0.385663,0.0,12.6,0.382683,33.0,1,0,0.92388,0.382683,14.999999999999998,47.0,55.0,1011.8,1008.3,0.0,10.0671,12.4523,1.5,-3.5
0.929141,-0.369725,0.0,12.4,0.707107,33.0,0.382683,0.92388,0.707107,0.707107,19.0,47.0,58.0,1012.6000000000001,1009.6,1.0,9.17647,12.5163,0.4,-3
0.935368,-0.353676,0.0,8.8,0.707107,30.0,0.92388,0.382683,0.92388,0.382683,16.999999999999996,62.0,56.99999999999999,1013.6,1010.2,4.0,9.41054,8.00973,0.6,-3.4
0.941317,-0.337523,0.0,7.2,6.12323e-17,31.0,-0.92388,0.382683,0.382683,0.92388,14.999999999999998,62.0,53.0,1015.9,1012.2,7.0,10.627,7.95649,2.1,-3.7
0.952378,-0.304921,0.2,5.9,6.12323e-17,30.0,0.382683,0.92388,0.382683,0.92388,14.999999999999998,59.0,53.0,1017.0,1015.2,7.0,10.5803,8.80024,0.8,-1.8
0.962309,-0.271958,12.2,12.7,6.12323e-17,31.0,0.707107,-0.707107,0.707107,0.707107,19.999999999999996,59.0,53.0,1021.2,1018.8,2.0,10.4795,8.68999,1.2,-2.4
0.966848,-0.255353,0.0,11.8,0.92388,33.0,0.707107,0.707107,0.707107,0.707107,19.0,45.0,56.0,1021.2,1017.8,2.0,9.56809,13.0095,-0.1,-3.4
0.9711,-0.238673,0.0,12.8,0.707107,33.0,1,0,0.92388,0.382683,14.999999999999998,49.0,49.00000000000001,1017.3,1013.9,1.0,11.8996,11.7868,1.3,-3.4
0.975065,-0.221922,0.0,2.5,-1.83697e-16,31.0,0.707107,0.707107,0.92388,0.382683,11.0,51.0,51.0,1015.8,1012.7,8.0,11.0962,11.1207,-0.3,-3.1
0.97874,-0.205104,4.8,0.0,-1.83697e-16,22.0,-0.382683,-0.92388,-0.92388,0.382683,2.0,73.0,92.00000000000001,1016.5,1015.2,8.0,1.36272,5.16669,-2.5,-1.3
0.982126,-0.188227,34.0,5.5,6.12323e-17,30.0,-0.707107,0.707107,-0.382683,0.92388,9.0,61.0,65.0,1015.8,1014.0,7.0,7.06888,8.15181,-1.2,-1.8
0.98522,-0.171293,0.0,8.2,-0.92388,41.0,-0.92388,0.382683,0.382683,0.92388,16.999999999999996,60.0,59.0,1015.0,1011.6,6.0,8.75476,8.4471,0.6,-3.4
0.988023,-0.154309,13.000000000000002,10.3,0.382683,33.0,-0.707107,-0.707107,6.12323e-17,1,19.999999999999996,67.0,58.0,1015.2,1013.0,4.0,9.04213,6.64844,1.2,-2.2
0.990532,-0.137279,1.6,7.4,0.382683,30.0,1,0,0.382683,0.92388,16.999999999999996,71.0,56.99999999999999,1015.5,1012.7,2.0,9.33449,5.68096,2,-2.8
0.992749,-0.120208,0.2,6.700000000000001,0.382683,39.0,0.382683,0.92388,0.382683,0.92388,14.999999999999998,72.0,70.0,1013.3,1011.0,7.0,5.95092,5.46195,0.7,-2.3
0.994671,-0.103102,13.2,5.9,0.707107,33.0,0.382683,0.92388,0.382683,0.92388,19.999999999999996,79.0,77.0,1013.4,1012.1,6.0,4.38708,3.96311,0,-1.3
0.996298,-0.0859648,21.0,3.5,0.382683,35.0,0.707107,0.707107,0.382683,0.92388,19.0,73.0,71.0,1016.0,1013.7,7.0,5.72792,5.25288,0.5,-2.3
0.99763,-0.0688024,21.6,3.3,0.707107,26.0,0.92388,0.382683,0.382683,0.92388,14.999999999999998,92.0,73.0,1015.6,1012.5,4.0,5.2923,1.37952,4.1,-3.1
0.998667,-0.0516197,35.0,3.3,0.382683,30.0,-0.92388,-0.382683,0.382683,0.92388,11.0,87.0,77.0,1016.5,1015.2,8.0,4.3641,2.32752,0.9,-1.3
0.999407,-0.0344216,7.8,8.1,0.382683,33.0,0.382683,0.92388,0.382683,0.92388,16.999999999999996,66.0,58.0,1018.8,1016.4,7.0,9.04213,6.94828,0.1,-2.4
0.999852,-0.0172134,0.4,6.6,6.12323e-17,31.0,0.382683,0.92388,0.382683,0.92388,14.999999999999998,74.0,56.0,1018.0,1015.5,6.0,9.6391,4.96624,3.4,-2.5
1,0,1.4,6.0,0.382683,31.0,0.707107,0.707107,0.92388,0.382683,13.0,61.0,66.0,1016.0,1013.5,7.0,6.94828,8.20047,0.4,-2.5
0.999852,0.0172134,0.8,11.3,0.707107,30.0,0.707107,-0.707107,0.707107,0.707107,13.0,62.0,66.0,1012.5,1009.0,3.0,7.02079,8.01566,0.5,-3.5
0.999407,0.0344216,0.0,3.3,6.12323e-17,33.0,0.707107,-0.707107,-0.382683,0.92388,16.999999999999996,65.0,76.0,1010.7,1010.7,8.0,4.55454,7.31479,-4.4,0
0.998667,0.0516197,20.6,0.0,-0.92388,43.0,-0.707107,0.707107,-0.382683,0.92388,14.999999999999998,70.0,65.0,1015.8,1015.1,7.0,7.12199,5.9154,0.2,-0.7
0.99763,0.0688024,0.0,0.7,-0.382683,31.0,-0.92388,0.382683,-0.382683,0.92388,16.999999999999996,69.0,56.0,1017.3,1015.7,7.0,9.58937,6.08875,2.8,-1.6
0.996298,0.0859648,0.0,3.3,0.382683,24.000000000000004,6.12323e-17,1,0.382683,0.92388,11.0,80.99999999999999,64.0,1015.5,1013.1,7.0,7.4761,3.48741,3.6,-2.4
0.994671,0.103102,0.6,1.8,0.707107,26.0,-0.382683,0.92388,6.12323e-17,1,16.999999999999996,73.0,62.0,1014.8,1012.9,7.0,7.94469,5.26076,0.6,-1.9
0.992749,0.120208,0.2,6.8,0.382683,33.0,-0.382683,0.92388,0.382683,0.92388,19.0,63.0,55.0,1017.6,1016.1,3.0,9.99348,7.63515,2.7,-1.5
0.990532,0.137279,0.0,12.9,0.382683,35.0,6.12323e-17,1,6.12323e-17,1,14.999999999999998,65.0,48.0,1019.2,1017.0,3.0,12.1921,7.21272,1.5,-2.2
0.988023,0.154309,0.0,13.2,6.12323e-17,28.0,-0.92388,0.382683,0.382683,0.92388,16.999999999999996,60.0,52.0,1017.7,1014.6,1.0,10.8848,8.4848,1.5,-3.1
0.98522,0.171293,0.0,12.2,0.382683,33.0,-0.707107,0.707107,6.12323e-17,1,19.0,61.0,52.0,1016.7,1014.3,2.0,10.9168,8.24316,1.5,-2.4
0.982126,0.188227,0.0,12.2,-0.382683,31.0,0.707107,0.707107,0.382683,0.92388,14.999999999999998,58.00000000000001,61.0,1015.0,1012.6,2.0,8.29821,9.04213,1.1,-2.4
0.97874,0.205104,0.0,10.6,0.92388,39.0,0.382683,0.92388,0.707107,0.707107,14.999999999999998,58.00000000000001,53.99999999999999,1014.8,1011.5,1.0,10.2657,9.02875,1.3,-3.3
0.975065,0.221922,0.0,10.7,6.12323e-17,28.0,-0.92388,0.382683,0.382683,0.92388,19.0,59.0,49.00000000000001,1015.6,1012.9,1.0,11.8475,8.77424,1.4,-2.7
0.9711,0.238673,0.0,10.5,6.12323e-17,33.0,6.12323e-17,1,-0.382683,0.92388,14.999999999999998,65.0,42.0,1015.5,1013.0,4.0,14.3541,7.13263,3.6,-2.5
0.966848,0.255353,0.0,8.6,0.707107,26.0,0.382683,0.92388,0.707107,0.707107,13.0,54.0,55.0,1012.7,1009.3,1.0,9.97879,10.1453,1.7,-3.4
0.962309,0.271958,0.0,11.8,0.707107,30.0,0.707107,-0.707107,0.92388,0.382683,13.0,55.0,55.0,1008.3,1004.0,3.0,10.1113,9.87628,3.2,-4.3
0.957485,0.288482,4.4,12.7,0.382683,30.0,-0.707107,-0.707107,0.707107,0.707107,16.999999999999996,62.0,56.99999999999999,1004.2,1000.2,3.0,9.59848,8.0572,2.5,-4
0.952378,0.304921,0.0,12.9,6.12323e-17,50.0,-0.707107,-0.707107,0.382683,0.92388,19.0,42.0,50.0,1008.3,1006.0,1.0,11.4505,13.9399,2.3,-2.3
0.946988,0.32127,0.2,13.0,0.92388,26.0,-0.92388,-0.382683,0.382683,0.92388,13.0,56.0,39.0,1012.2,1009.0,0.0,15.5657,9.54684,3.6,-3.2
0.941317,0.337523,0.0,10.5,0.382683,24.000000000000004,-0.382683,-0.92388,0.92388,0.382683,13.0,60.0,50.0,1013.4,1010.4,6.0,11.6025,8.5289,1.9,-3
0.935368,0.353676,0.0,6.3,0.707107,26.0,0.382683,0.92388,0.707107,0.707107,13.0,56.0,56.99999999999999,1015.2,1013.7,6.0,9.38285,9.60357,0.9,-1.5
0.929141,0.369725,0.0,13.0,6.12323e-17,28.0,0.707107,-0.707107,0.382683,0.92388,13.0,59.0,50.0,1014.4,1011.4,1.0,11.6195,8.79374,2.2,-3
0.92264,0.385663,0.0,12.8,6.12323e-17,31.0,0.382683,0.92388,0.382683,0.92388,16.999999999999996,54.0,50.0,1014.2,1011.9,1.0,11.6025,10.2355,1.7,-2.3
0.915864,0.401488,0.0,11.6,0.382683,28.0,1,0,0.92388,0.382683,13.0,59.0,47.0,1015.0,1012.2,3.0,12.7368,8.83279,3,-2.8
0.908818,0.417194,0.0,12.0,0.707107,31.0,-0.382683,-0.92388,0.707107,0.707107,14.999999999999998,59.0,56.0,1014.1,1011.1,1.0,9.79621,8.79374,2.3,-3
0.901502,0.432776,0.0,11.8,-0.707107,41.0,-1.83697e-16,-1,0.92388,0.382683,14.999999999999998,58.00000000000001,51.0,1012.7,1010.0,1.0,11.3345,9.06892,2.6,-2.7
0.893919,0.448229,0.0,9.9,0.382683,28.0,6.12323e-17,1,0.707107,0.707107,16.999999999999996,58.00000000000001,44.0,1011.3,1007.9,3.0,13.8225,9.16299,2.5,-3.4
0.886071,0.46355,3.6000000000000005,7.0,-1,31.0,-1.83697e-16,-1,0.707107,0.707107,9.0,72.0,60.00000000000001,1010.2,1008.0,8.0,8.55415,5.43332,3.2,-2.2
0.87796,0.478734,3.0,7.499999999999999,-0.92388,46.0,-0.92388,0.382683,-0.707107,0.707107,22.0,65.0,56.99999999999999,1012.4,1011.4,7.0,9.32069,7.19132,0.2,-1
0.869589,0.493776,5.4,1.9,0.382683,50.0,0.382683,0.92388,6.12323e-17,1,16.999999999999996,76.0,68.0,1010.7,1008.8,8.0,6.40845,4.57858,0.4,-1.9
0.860961,0.508671,17.4,0.3,0.382683,46.0,6.12323e-17,1,-0.382683,0.92388,19.999999999999996,69.0,60.00000000000001,1009.3,1008.3,7.0,8.40947,6.14848,0.3,-1
0.852078,0.523416,2.6,5.0,6.12323e-17,46.0,-0.382683,0.92388,-0.382683,0.92388,13.0,57.0,64.0,1009.4,1007.6,7.0,7.43183,9.25186,0.6,-1.8
0.842942,0.538005,2.4,11.8,6.12323e-17,31.0,6.12323e-17,1,6.12323e-17,1,19.0,57.0,51.0,1009.7,1008.1,2.0,11.1699,9.30691,1.2,-1.6
0.833556,0.552435,0.0,10.2,0.707107,26.0,-0.382683,0.92388,0.382683,0.92388,14.999999999999998,61.0,60.00000000000001,1011.1,1008.9,6.0,8.5289,8.24316,0.3,-2.2
0.823923,0.566702,0.0,11.9,6.12323e-17,28.0,0.707107,0.707107,0.707107,0.707107,16.999999999999996,62.0,46.00000000000001,1011.3,1009.0,3.0,12.9121,8.00381,1.6,-2.3
0.814046,0.5808,0.0,10.2,6.12323e-17,39.0,0.92388,-0.382683,0.707107,0.707107,16.999999999999996,65.0,62.0,1012.6000000000001,1010.9,7.0,8.08694,7.21807,1.7,-1.7
0.803928,0.594727,89.0,0.1,-0.92388,30.0,-0.92388,0.382683,-0.707107,0.707107,13.0,90.0,73.0,1017.7,1015.8,8.0,5.22538,1.72351,3.7,-1.9
0.793572,0.608477,0.8,5.2,6.12323e-17,37.0,-0.92388,0.382683,6.12323e-17,1,22.0,77.0,53.0,1019.1,1017.0,6.0,10.5183,4.33137,3.1,-2.1
0.78298,0.622047,0.2,8.3,-0.707107,48.00000000000001,-0.707107,0.707107,-0.707107,0.707107,16.999999999999996,71.0,66.0,1019.9000000000001,1018.2,7.0,6.86587,5.66818,0.4,-1.7
0.772157,0.635432,6.999999999999999,9.3,-0.707107,33.0,-0.707107,0.707107,-0.382683,0.92388,19.0,65.0,53.99999999999999,1018.9,1016.3,3.0,10.2733,7.12731,2.6,-2.6
0.761104,0.64863,0.0,12.1,6.12323e-17,28.0,6.12323e-17,1,0.707107,0.707107,14.999999999999998,63.0,52.0,1018.1,1015.0,2.0,10.8689,7.65224,2.1,-3.1
0.749826,0.661635,0.0,11.8,0.707107,26.0,-0.707107,-0.707107,0.707107,0.707107,14.999999999999998,67.0,53.99999999999999,1015.4,1011.9,2.0,10.3186,6.66831,2.6,-3.5
0.738326,0.674444,0.0,11.3,0.707107,30.0,-0.382683,-0.92388,0.707107,0.707107,19.0,62.0,56.0,1013.5,1011.2,5.0,9.72465,7.97422,1.6,-2.3
0.726608,0.687053,0.0,12.1,0.92388,35.0,0.707107,-0.707107,0.707107,0.707107,16.999999999999996,59.0,61.0,1013.1,1008.6,2.0,8.37803,8.77424,2.3,-4.5
0.714673,0.699458,0.0,11.9,0.92388,37.0,0.92388,-0.382683,0.92388,0.382683,19.0,61.0,66.0,1010.6,1006.5,1.0,7.10932,8.36573,0.8,-4.1
0.702527,0.711657,17.4,4.2,0.382683,30.0,1,0,0.707107,0.707107,9.0,72.0,89.0,1010.4,1007.9,7.0,1.97418,5.56893,-1.9,-2.5
0.690173,0.723644,121.4,0.7,-0.382683,24.000000000000004,-0.92388,-0.382683,-0.382683,0.92388,13.0,85.0,65.0,1013.8,1012.0,8.0,7.17529,2.65508,4.8,-1.8
0.677615,0.735417,0.0,3.8,6.12323e-17,37.0,-1,1.22465e-16,-0.707107,0.707107,19.999999999999996,69.0,52.0,1016.8,1015.5,7.0,10.821,6.13467,2.5,-1.3
0.664855,0.746972,0.0,7.9,-0.707107,35.0,-0.92388,0.382683,-0.382683,0.92388,16.999999999999996,60.0,53.99999999999999,1019.5999999999999,1017.7,6.0,10.1453,8.39694,1.1,-1.9
0.651899,0.758306,0.4,5.8,6.12323e-17,37.0,-0.707107,0.707107,6.12323e-17,1,14.999999999999998,67.0,61.0,1019.5,1017.1,7.0,8.19438,6.56921,2.2,-2.4
0.638749,0.769415,2.2,9.4,0.382683,31.0,-0.382683,-0.92388,0.382683,0.92388,9.0,76.0,50.0,1019.8,1017.0,3.0,11.5011,4.55797,3.4,-2.8
0.625411,0.780296,0.2,10.6,-0.707107,48.00000000000001,-0.92388,-0.382683,0.382683,0.92388,14.999999999999998,64.0,66.0,1019.2,1015.6,3.0,7.02598,7.40422,2.3,-3.6
0.611886,0.790946,0.0,11.6,0.382683,20.0,-0.382683,-0.92388,0.382683,0.92388,13.0,66.0,53.0,1015.8,1011.8,1.0,10.8226,6.94828,4.5,-4
0.598181,0.801361,0.0,6.5,-0.92388,43.0,-0.92388,0.382683,-0.707107,0.707107,16.999999999999996,67.0,66.0,1017.2,1016.9,7.0,6.90187,6.6932,-0.7,-0.3
0.584298,0.811539,0.0,3.2,-0.707107,43.0,-0.707107,0.707107,-0.707107,0.707107,13.0,67.0,73.0,1021.3,1020.8,7.0,5.16279,6.60877,-1.5,-0.5
0.570242,0.821477,1.4,6.700000000000001,-0.382683,46.0,-0.382683,-0.92388,-0.382683,0.92388,16.999999999999996,71.0,50.0,1022.2,1018.9,6.0,11.3665,5.59183,3.5,-3.3
0.556017,0.831171,0.6,2.2,6.12323e-17,35.0,-1,1.22465e-16,-0.707107,0.707107,19.999999999999996,76.0,67.0,1018.9,1016.1,8.0,6.62363,4.52031,1.6,-2.8
0.541628,0.840618,9.4,6.4,0.382683,28.0,-0.707107,0.707107,0.382683,0.92388,16.999999999999996,76.0,65.0,1017.1,1013.8,7.0,7.23415,4.5889,1.9,-3.3
0.527078,0.849817,26.8,0.0,-0.92388,31.0,-0.707107,0.707107,-0.707107,0.707107,11.0,92.0,82.0,1013.6,1010.3,8.0,3.26452,1.37952,0.2,-3.3
0.512371,0.858764,60.599999999999994,0.0,-0.382683,37.0,6.12323e-17,1,-0.382683,0.92388,14.999999999999998,93.0,91.0,1010.5,1008.2,8.0,1.5391,1.17865,0.8,-2.3
0.497513,0.867456,23.599999999999998,0.8,6.12323e-17,44.0,0.382683,0.92388,-0.382683,0.92388,14.999999999999998,84.0,76.0,1011.6,1009.5,5.0,4.58202,2.86155,3.1,-2.1
0.482508,0.875892,20.0,0.2,-0.707107,35.0,-0.382683,0.92388,-0.382683,0.92388,14.999999999999998,65.0,58.0,1013.2,1011.1,7.0,8.94201,7.0901,0.6,-2.1
0.467359,0.884068,0.2,1.2,6.12323e-17,35.0,6.12323e-17,1,6.12323e-17,1,16.999999999999996,69.0,81.0,1011.9,1009.2,8.0,3.51917,6.13467,0,-2.7
0.452072,0.891981,9.0,0.2,6.12323e-17,39.0,6.12323e-17,1,6.12323e-17,1,14.999999999999998,90.0,90.0,1011.9,1010.9,8.0,1.73543,1.75004,-1.1,-1
0.436651,0.899631,3.4,2.2,-0.382683,35.0,6.12323e-17,1,0.382683,0.92388,16.999999999999996,70.0,64.0,1014.4,1012.1,7.0,7.39871,5.92871,0.4,-2.3
0.421101,0.907014,0.6,0.0,6.12323e-17,15.0,-0.382683,-0.92388,0.382683,0.92388,6.0,80.99999999999999,64.0,1016.3,1014.1,7.0,7.39871,3.46632,3,-2.2
0.405426,0.914128,0.0,10.7,0.707107,22.0,-0.707107,-0.707107,-0.92388,-0.382683,7.000000000000001,78.0,51.0,1017.0,1013.7,3.0,11.4422,4.09295,7.8,-3.3
0.38963,0.920971,0.0,8.7,-0.382683,31.0,-0.707107,-0.707107,6.12323e-17,1,16.999999999999996,76.0,65.0,1017.9,1016.0,7.0,7.26098,4.59923,2.1,-1.9
0.37372,0.927542,0.0,9.4,-0.92388,39.0,-1,1.22465e-16,-0.92388,-0.382683,14.999999999999998,58.00000000000001,53.99999999999999,1022.1,1021.0999999999999,5.0,10.2355,8.99534,1.4,-1
0.357698,0.933837,1.2,7.9,-0.382683,50.0,-0.707107,0.707107,-0.707107,0.707107,22.0,58.00000000000001,52.0,1028.1,1026.2,6.0,10.6385,8.88219,0.6,-1.9
0.341571,0.939856,0.6,6.4,-0.707107,48.00000000000001,-0.707107,0.707107,-0.382683,0.92388,24.0,53.00000000000001,67.0,1027.5,1025.7,6.0,6.43169,10.287,-3.1,-1.8
0.325342,0.945596,0.6,8.4,-0.92388,37.0,-0.92388,0.382683,-0.707107,0.707107,11.0,68.0,72.0,1024.5,1021.7,3.0,5.37222,6.28453,0,-2.8
0.309017,0.951057,4.8,8.4,-0.92388,31.0,-0.92388,0.382683,-0.92388,0.382683,16.999999999999996,68.0,55.0,1023.1,1019.4,6.0,9.76701,6.24191,3,-3.7
0.2926,0.956235,0.2,7.499999999999999,-0.382683,39.0,-0.92388,0.382683,-0.382683,0.92388,19.0,62.0,45.0,1020.5000000000001,1018.0,3.0,12.9903,7.77443,2.7,-2.5
0.24285,0.970064,0.0,10.6,-0.382683,30.0,6.12323e-17,1,-0.382683,0.92388,16.999999999999996,55.0,44.0,1022.4,1020.3,2.0,13.3277,9.74523,1.3,-2.1
0.226116,0.9741,0.0,3.1,-0.382683,37.0,-0.707107,0.707107,-0.382683,0.92388,16.999999999999996,59.0,73.0,1021.7,1019.8,7.0,5.16279,8.56115,-0.3,-1.9
0.209315,0.977848,1.0,2.3,0.707107,30.0,6.12323e-17,1,6.12323e-17,1,13.0,62.0,66.0,1020.6,1017.9,8.0,6.86587,7.93289,-1.1,-2.7
0.192452,0.981306,0.0,1.9,0.92388,20.0,-0.382683,-0.92388,0.707107,0.707107,9.0,71.0,68.0,1018.4,1016.5,8.0,6.40845,5.65542,1.2,-1.9
0.175531,0.984474,0.0,7.2,6.12323e-17,30.0,-0.707107,-0.707107,6.12323e-17,1,14.999999999999998,69.0,61.0,1019.4,1016.5,6.0,8.24316,6.1623,1.6,-2.9
0.14154,0.989932,0.0,10.3,-0.707107,28.0,-0.92388,-0.382683,6.12323e-17,1,16.999999999999996,62.0,53.99999999999999,1022.9,1019.8,3.0,10.1453,7.79196,2.5,-3.1
0.124479,0.992222,3.4,9.0,0.92388,22.0,-0.707107,-0.707107,0.382683,0.92388,11.0,77.0,59.0,1022.6,1018.8,4.0,8.75476,4.25979,4.6,-3.8
0.107381,0.994218,0.0,10.9,0.707107,24.000000000000004,-0.707107,-0.707107,0.382683,0.92388,11.0,69.0,58.0,1021.1,1018.3,1.0,8.96199,6.11169,1.3,-2.8
0.0902516,0.995919,0.0,8.0,6.12323e-17,28.0,-0.92388,-0.382683,6.12323e-17,1,13.0,69.0,50.0,1020.1999999999999,1017.0,5.0,11.3749,6.12087,2,-3.2
0.0730951,0.997325,1.2,4.7,0.382683,30.0,-0.92388,0.382683,0.707107,0.707107,11.0,83.0,61.0,1021.3,1017.8,4.0,8.17005,3.02562,4.9,-3.5
0.055917,0.998435,3.2,1.6,0.92388,24.000000000000004,-0.707107,-0.707107,0.382683,0.92388,13.0,76.0,71.0,1019.8,1016.8,6.0,5.62146,4.50665,0.5,-3
0.0215161,0.999769,1.4,6.3,-0.382683,26.0,-0.707107,-0.707107,6.12323e-17,1,13.0,76.0,62.0,1016.7,1013.7,5.0,7.85053,4.4862,2.3,-3
0.00430354,0.999991,0.0,9.0,6.12323e-17,31.0,-0.92388,0.382683,-0.382683,0.92388,16.999999999999996,65.0,53.0,1017.4,1014.4,5.0,10.41,7.06888,1.6,-3
-0.0129103,0.999917,0.0,9.3,-0.382683,35.0,-0.92388,0.382683,6.12323e-17,1,11.0,62.0,59.0,1018.7,1015.4,4.0,8.63834,7.77443,1.3,-3.3
-0.0301203,0.999546,0.0,8.7,-0.382683,31.0,-0.92388,-0.382683,-0.382683,0.92388,11.0,61.0,53.99999999999999,1018.6,1015.6,3.0,10.0554,7.9706,2.6,-3
-0.0473214,0.99888,0.0,10.2,-0.382683,46.0,-0.92388,-0.382683,6.12323e-17,1,14.999999999999998,60.0,53.99999999999999,1018.9,1015.9,3.0,9.9733,8.22254,1.6,-3
-0.0645084,0.997917,0.0,6.2,6.12323e-17,22.0,-0.707107,-0.707107,0.382683,0.92388,11.0,68.0,55.0,1020.5000000000001,1018.3,7.0,9.70173,6.22773,2.4,-2.2
-0.0816764,0.996659,0.0,7.8,0.707107,22.0,-0.382683,-0.92388,0.92388,0.382683,9.0,76.0,51.0,1021.7,1018.0,7.0,11.0064,4.42175,5.2,-3.7
-0.133015,0.991114,0.0,7.6,0.92388,17.0,0.382683,-0.92388,0.707107,0.707107,7.000000000000001,67.0,61.0,1012.5,1008.5,3.0,8.30434,6.57415,3.9,-4
-0.150055,0.988678,0.0,7.6,0.707107,20.0,-0.92388,0.382683,0.707107,0.707107,9.0,85.0,63.00000000000001,1013.0,1009.1,2.0,7.8069,2.68357,5.6,-3.9
-0.167052,0.985948,0.2,0.0,-1.83697e-16,20.0,-0.382683,-0.92388,-1.83697e-16,-1,2.0,78.0,76.0,1012.6000000000001,1010.3,7.0,4.53398,4.13644,-0.8,-2.3
-0.183998,0.982927,2.0,1.4,-0.707107,26.0,-0.382683,-0.92388,-0.707107,0.707107,11.0,80.99999999999999,53.99999999999999,1018.0,1016.5,7.0,9.89897,3.34627,4.8,-1.5
-0.200891,0.979614,0.0,8.3,-0.382683,28.0,-0.92388,-0.382683,-0.707107,0.707107,11.0,64.0,47.0,1020.3,1017.8,7.0,12.2523,7.13633,4.5,-2.5
-0.217723,0.976011,0.0,7.4,-0.382683,26.0,-0.92388,-0.382683,6.12323e-17,1,13.0,65.0,49.00000000000001,1020.7,1017.8,3.0,11.58,6.92645,3.6,-2.9
-0.234491,0.972118,0.0,0.7,-0.707107,26.0,0.707107,0.707107,-0.382683,0.92388,13.0,78.0,50.0,1023.3,1021.0,7.0,11.083,3.93337,4.9,-2.3
-0.25119,0.967938,0.4,10.4,-0.382683,30.0,-1,1.22465e-16,6.12323e-17,1,13.0,63.0,48.0,1023.9,1021.3000000000001,3.0,11.9173,7.47652,2.7,-2.6
-0.267814,0.963471,0.6,6.1,-0.382683,33.0,-0.92388,0.382683,-0.382683,0.92388,11.0,80.0,68.0,1024.5,1020.7,4.0,6.26083,3.58199,2.8,-3.8
-0.284359,0.958718,4.6,4.6,-0.707107,30.0,-0.92388,0.382683,6.12323e-17,1,9.0,74.0,67.0,1022.7,1020.2,7.0,6.48064,4.87676,0.7,-2.5
-0.30082,0.953681,1.0,3.9,6.12323e-17,28.0,-1,1.22465e-16,0.382683,-0.92388,4.0,79.0,78.0,1021.1,1018.4,7.0,4.02812,3.8334,-0.3,-2.7
-0.317191,0.948362,10.2,0.0,-0.707107,22.0,-0.707107,0.707107,-0.707107,-0.707107,4.0,93.0,88.0,1021.3,1019.3,7.0,2.05948,1.16958,0.4,-2
-0.333469,0.942761,12.8,5.3,6.12323e-17,22.0,-0.92388,-0.382683,0.382683,0.92388,4.0,71.0,66.0,1022.3,1019.7,5.0,6.76863,5.54121,1.5,-2.6
-0.349647,0.936881,0.2,10.5,-0.382683,19.0,-0.92388,-0.382683,6.12323e-17,1,9.0,72.0,56.0,1021.6,1018.0,1.0,9.51854,5.33168,3.6,-3.6
-0.365723,0.930724,0.8,3.4,0.92388,17.0,-0.92388,-0.382683,0.382683,0.92388,6.0,83.0,76.0,1019.5,1016.2,7.0,4.51006,3.03722,1.8,-3.3
-0.381689,0.924291,2.2,9.5,-0.382683,22.0,0.707107,0.707107,0.382683,0.92388,9.0,74.0,66.0,1016.9,1012.2,6.0,6.92764,4.9065,4,-4.7
-0.397543,0.917584,0.0,10.3,-0.92388,20.0,-0.92388,-0.382683,-0.382683,0.92388,4.0,48.00000000000001,43.0,1021.3,1019.6,2.0,13.3515,11.5149,2,-1.7
-0.413279,0.910605,0.0,7.499999999999999,0.382683,17.0,-0.92388,-0.382683,0.382683,0.92388,7.000000000000001,57.0,53.0,1022.7,1019.4,7.0,10.2028,8.79034,4.2,-3.3
-0.428892,0.903356,0.0,8.5,0.382683,15.0,-0.707107,-0.707107,0.382683,0.92388,9.0,69.0,53.0,1022.2,1018.5,1.0,10.3715,5.98832,3.8,-3.7
-0.444378,0.895839,0.0,9.5,-1.83697e-16,19.0,-0.707107,-0.707107,-1.83697e-16,-1,9.0,72.0,36.0,1021.5,1017.6,3.0,16.6004,5.31954,6.2,-3.9
-0.459733,0.888057,0.0,10.1,-0.382683,26.0,-0.382683,-0.92388,-0.382683,0.92388,11.0,54.0,59.0,1022.3,1019.5,2.0,8.6319,9.67026,4.8,-2.8
-0.474951,0.880012,0.0,10.0,6.12323e-17,28.0,-0.92388,-0.382683,6.12323e-17,1,14.999999999999998,67.0,59.0,1025.3,1022.4000000000001,3.0,8.5419,6.44636,1.8,-2.9
-0.490029,0.871706,0.6,10.1,6.12323e-17,24.000000000000004,-0.92388,-0.382683,0.382683,0.92388,9.0,66.0,52.0,1026.1,1022.9,2.0,10.6306,6.70249,3,-3.2
-0.504961,0.863142,0.2,9.1,-0.707107,31.0,-0.707107,-0.707107,-0.382683,0.92388,13.0,67.0,53.0,1025.0,1021.3000000000001,5.0,10.2487,6.45125,2.2,-3.7
-0.519744,0.854322,4.2,0.9,-0.382683,13.0,-0.382683,-0.92388,6.12323e-17,1,7.000000000000001,90.99999999999999,87.0,1021.3,1017.3,7.0,2.23855,1.50968,0.9,-4
-0.577292,0.816538,0.0,9.1,-0.707107,24.000000000000004,-0.707107,-0.707107,6.12323e-17,1,9.0,60.0,55.0,1019.5999999999999,1016.4,5.0,9.5862,7.93379,4.9,-3.2
-0.591261,0.80648,0.0,9.7,-0.92388,22.0,-0.92388,-0.382683,-0.707107,0.707107,7.000000000000001,67.0,51.0,1020.5000000000001,1016.9,2.0,10.7794,6.37318,3,-3.6
-0.605056,0.796183,0.0,4.5,-0.92388,19.0,-0.707107,-0.707107,0.707107,0.707107,6.0,67.0,66.0,1019.9000000000001,1016.5,7.0,6.69234,6.34888,2.2,-3.4
-0.618671,0.78565,0.0,7.4,-0.382683,30.0,-0.707107,-0.707107,0.707107,0.707107,4.0,75.0,67.0,1017.1,1013.0,6.0,6.49045,4.57138,3.5,-4.1
-0.632103,0.774884,12.2,9.4,-1.83697e-16,33.0,-0.707107,-0.707107,-0.382683,-0.92388,11.0,82.0,26.0,1015.4,1012.4,1.0,21.1239,3.13919,8.1,-3
-0.645348,0.763889,0.2,9.9,0.382683,24.000000000000004,-0.92388,-0.382683,0.382683,-0.92388,9.0,46.0,24.0,1019.5999999999999,1014.9,1.0,21.7918,11.8063,5.7,-4.7
-0.658402,0.752667,0.0,10.0,-0.382683,20.0,-0.382683,-0.92388,-0.92388,-0.382683,4.0,46.0,25.0,1017.5,1012.9,1.0,21.3437,11.6177,8.6,-4.6
-0.67126,0.741222,0.0,10.1,-0.382683,19.0,-0.707107,-0.707107,-0.707107,-0.707107,4.0,56.0,29.0,1016.6,1013.3,3.0,19.2826,8.76291,9.2,-3.3
-0.683919,0.729558,0.0,0.0,-0.707107,13.0,-0.92388,-0.382683,-1.83697e-16,-1,4.0,73.0,56.0,1019.1,1016.5,8.0,9.0367,4.8025,4.8,-2.6
-0.696376,0.717677,0.0,1.3,-0.92388,19.0,-0.707107,-0.707107,-0.707107,-0.707107,6.0,76.0,63.00000000000001,1018.1,1014.9,7.0,7.25827,4.21792,4.3,-3.2
-0.708627,0.705584,0.0,9.6,-1.83697e-16,19.0,-0.707107,-0.707107,-1.83697e-16,-1,6.0,63.0,38.0,1016.2,1012.9,2.0,15.1034,7.09801,6.1,-3.3
-0.720667,0.693281,0.0,9.1,-0.382683,19.0,-0.707107,-0.707107,-0.382683,0.92388,4.0,56.0,48.0,1018.2,1016.2,3.0,11.6367,8.90614,5.4,-2
-0.732494,0.680773,0.0,6.8,-0.382683,19.0,-1,1.22465e-16,-0.382683,0.92388,6.0,65.0,56.0,1020.8,1017.9,7.0,9.21685,6.75428,3,-2.9
-0.744104,0.668064,4.0,0.1,-0.707107,37.0,-0.707107,-0.707107,-1,1.22465e-16,6.0,90.99999999999999,81.0,1019.3000000000001,1015.3,7.0,3.34886,1.47592,2.9,-4
-0.755493,0.655156,18.6,10.0,-0.382683,19.0,-0.707107,-0.707107,-1,1.22465e-16,6.0,80.0,40.0,1017.3,1014.6,2.0,14.3575,3.44568,7.4,-2.7
-0.766659,0.642055,0.0,5.6,-1,26.0,-0.707107,-0.707107,-0.92388,0.382683,7.000000000000001,65.0,59.0,1018.9,1016.8,7.0,8.33158,6.68704,3,-2.1
-0.777597,0.628763,0.0,2.5,0.382683,20.0,-0.707107,-0.707107,6.12323e-17,1,9.0,74.0,56.99999999999999,1019.5,1015.6,7.0,8.9114,4.71843,3.6,-3.9
-0.788305,0.615285,3.6000000000000005,0.1,0.92388,13.0,-0.707107,-0.707107,0.707107,-0.707107,2.0,88.0,75.0,1013.3,1008.6,7.0,4.60661,2.01209,3.5,-4.7
-0.798779,0.601624,0.0,9.3,-1.83697e-16,41.0,-1.83697e-16,-1,-0.382683,-0.92388,13.0,63.0,42.0,1007.0,1005.0,5.0,13.4301,7.34743,-0.3,-2
-0.809017,0.587785,0.0,6.5,-0.92388,30.0,-1.83697e-16,-1,-0.92388,0.382683,7.000000000000001,56.0,62.0,1012.5,1012.0,7.0,7.58864,9.00226,2.1,-0.5
-0.819015,0.573772,0.0,4.5,6.12323e-17,24.000000000000004,-0.707107,-0.707107,6.12323e-17,1,13.0,74.0,76.0,1019.4,1017.2,7.0,4.34434,4.71112,1.3,-2.2
-0.82877,0.559589,6.4,0.4,0.382683,28.0,0.707107,-0.707107,-1.83697e-16,-1,14.999999999999998,92.0,69.0,1013.2,1009.3,7.0,5.83023,1.33461,-0.1,-3.9
-0.83828,0.54524,2.8,9.6,-1.83697e-16,37.0,0.382683,-0.92388,-1.83697e-16,-1,14.999999999999998,55.0,42.0,1011.2,1008.7,2.0,13.2488,9.15185,1.8,-2.5
-0.847541,0.53073,0.0,9.0,-1.83697e-16,39.0,-1.83697e-16,-1,-1.83697e-16,-1,13.0,63.0,47.0,1013.3,1010.7,2.0,11.7147,7.07605,4,-2.6
-0.856551,0.516062,0.0,5.2,-1.83697e-16,19.0,-0.707107,-0.707107,-0.382683,-0.92388,4.0,60.0,61.0,1017.0,1014.8,7.0,7.80919,7.90944,2.5,-2.2
-0.865307,0.501242,0.4,0.0,-0.382683,20.0,-0.707107,-0.707107,-0.707107,-0.707107,6.0,84.0,77.0,1017.0,1014.8,7.0,4.14074,2.73859,1.8,-2.2
-0.873807,0.486273,0.0,8.6,-1.83697e-16,24.000000000000004,-0.707107,-0.707107,-0.707107,-0.707107,7.000000000000001,70.0,55.0,1016.8,1014.0,5.0,9.43557,5.59182,2.8,-2.8
-0.882048,0.47116,0.0,10.0,-1.83697e-16,35.0,-1.83697e-16,-1,-1.83697e-16,-1,13.0,63.0,49.00000000000001,1013.3,1009.6,1.0,11.1464,7.13654,3.5,-3.7
-0.890028,0.455907,0.0,9.6,-0.382683,26.0,-0.707107,-0.707107,-1.83697e-16,-1,9.0,57.0,43.0,1010.4,1008.4,1.0,13.4013,8.75017,4.9,-2
-0.897743,0.440519,0.0,9.5,-1.83697e-16,31.0,-0.92388,0.382683,-1.83697e-16,-1,13.0,55.0,32.0,1014.1,1012.5,1.0,17.4486,9.18708,3.8,-1.6
-0.905193,0.425,0.0,6.3,-0.707107,19.0,-0.707107,-0.707107,-0.92388,-0.382683,4.0,51.0,50.0,1020.6,1018.7,7.0,10.8029,10.1513,4.5,-1.9
-0.912375,0.409356,0.0,5.4,-0.92388,17.0,-0.92388,-0.382683,-0.382683,0.92388,7.000000000000001,67.0,58.0,1022.4,1018.6,6.0,8.52737,6.17526,3.1,-3.8
-0.919286,0.39359,0.0,7.4,-1.83697e-16,26.0,-0.382683,-0.92388,0.382683,-0.92388,7.000000000000001,78.0,53.0,1018.6,1012.7,7.0,10.0431,3.83072,6.4,-5.9
-0.925925,0.377708,0.0,4.9,-1.83697e-16,33.0,-1.83697e-16,-1,-0.382683,-0.92388,9.0,44.0,35.0,1019.4,1017.0,7.0,15.8017,12.1472,4,-2.4
-0.932289,0.361714,0.0,4.5,-0.382683,17.0,-0.707107,-0.707107,0.707107,-0.707107,4.0,60.0,45.0,1021.7,1017.6,1.0,12.4038,7.58435,8.1,-4.1
-0.938377,0.345612,0.0,10.0,-1.83697e-16,22.0,-0.707107,-0.707107,0.382683,-0.92388,9.0,47.0,33.0,1020.0,1017.9,1.0,16.63,11.1193,5.1,-2.1
-0.944188,0.329408,0.0,6.5,-0.382683,28.0,-0.707107,-0.707107,-0.707107,0.707107,11.0,55.0,52.0,1025.5,1024.0,7.0,10.1462,8.93483,5.3,-1.5
-0.949718,0.313107,0.0,6.4,6.12323e-17,33.0,-0.707107,-0.707107,-0.382683,0.92388,13.0,78.0,53.0,1029.4,1027.0,3.0,9.93724,3.81274,5.6,-2.4
-0.954967,0.296713,0.0,7.0,-0.707107,31.0,-0.92388,-0.382683,-0.707107,0.707107,14.999999999999998,71.0,46.00000000000001,1029.1,1025.5,2.0,12.0783,5.30384,4,-3.6
-0.959933,0.280231,0.0,1.6,-0.92388,22.0,-0.707107,-0.707107,6.12323e-17,1,9.0,65.0,47.0,1027.2,1023.9000000000001,7.0,11.6969,6.64582,3.1,-3.3
-0.964614,0.263665,0.0,4.8,-0.707107,15.0,-0.707107,-0.707107,0.707107,0.707107,4.0,71.0,55.0,1023.1,1018.7,7.0,9.44272,5.23812,6.2,-4.4
-0.96901,0.247022,0.0,0.6,-0.92388,15.0,-0.382683,-0.92388,0.707107,-0.707107,4.0,80.99999999999999,63.00000000000001,1018.9,1015.5,8.0,7.26938,3.28446,3.2,-3.4
-0.973118,0.230306,0.0,4.4,-0.707107,17.0,-0.707107,-0.707107,-1.83697e-16,-1,4.0,66.0,34.0,1019.7,1018.0,2.0,16.5795,6.37652,5.4,-1.7
-0.976938,0.213521,0.0,10.0,-0.382683,17.0,-0.382683,-0.92388,0.382683,0.92388,6.0,58.00000000000001,46.00000000000001,1025.3,1023.3,1.0,12.1422,8.17317,7.2,-2
-0.980469,0.196673,0.0,9.7,-0.382683,20.0,-0.707107,-0.707107,-0.707107,0.707107,9.0,70.0,48.0,1029.5,1027.5,1.0,11.5149,5.3994,7.6,-2
-0.989314,0.145799,4.4,8.1,6.12323e-17,26.0,-0.707107,-0.707107,6.12323e-17,1,11.0,76.0,59.0,1028.8,1025.2,3.0,8.28729,4.24107,4.1,-3.6
-0.991677,0.128748,0.0,5.9,-0.707107,17.0,-0.707107,-0.707107,6.12323e-17,1,4.0,72.0,61.0,1027.1,1023.6,3.0,7.76167,5.0206,4.8,-3.5
-0.993747,0.111659,0.0,5.3,0.92388,17.0,-0.92388,-0.382683,0.382683,0.92388,6.0,92.0,67.0,1023.5,1019.3,4.0,6.34888,1.28331,6.3,-4.2
-0.998186,0.0602133,0.0,0.6,-0.382683,22.0,-0.707107,-0.707107,-1.83697e-16,-1,6.0,50.0,34.0,1020.7,1018.6,6.0,15.8453,10.1178,3.7,-2.1
-0.999074,0.0430222,0.8,1.4,-0.707107,13.0,-0.707107,-0.707107,0.92388,0.382683,4.0,90.0,73.0,1021.2,1018.5,7.0,4.91991,1.57994,6.9,-2.7
-0.999667,0.0258184,2.2,1.3,-1.83697e-16,19.0,-0.92388,-0.382683,-0.707107,-0.707107,2.0,52.0,52.0,1023.9,1022.1,7.0,10.023,9.68777,4.4,-1.8
-0.999963,0.008607,0.2,0.0,-0.707107,13.0,-0.707107,-0.707107,-0.707107,-0.707107,2.0,74.0,69.0,1026.2,1023.3,8.0,5.6742,4.53396,2.5,-2.9
-0.999963,-0.008607,8.6,9.2,-1.83697e-16,31.0,-0.382683,-0.92388,-1.83697e-16,-1,13.0,68.0,39.0,1025.2,1022.7,1.0,14.1556,5.77789,4.7,-2.5
-0.999667,-0.0258184,0.0,9.6,-0.707107,19.0,-0.707107,-0.707107,-0.707107,0.707107,7.000000000000001,59.0,46.00000000000001,1027.6,1023.6,2.0,12.0055,7.78927,7.9,-4
-0.999074,-0.0430222,0.0,8.6,-0.92388,20.0,-0.92388,-0.382683,6.12323e-17,1,7.000000000000001,65.0,50.0,1025.0,1020.8,3.0,10.8193,6.57911,4.9,-4.2
-0.998186,-0.0602133,0.0,2.9,-1.83697e-16,26.0,-0.92388,-0.382683,-1.83697e-16,-1,11.0,67.0,62.0,1020.1999999999999,1015.7,7.0,7.55981,6.21364,3.1,-4.5
-0.997001,-0.0773865,0.0,0.0,-1.83697e-16,28.0,-1.83697e-16,-1,-0.707107,-0.707107,6.0,55.0,45.0,1020.8,1018.3,8.0,11.9402,8.92787,1.7,-2.5
-0.995521,-0.0945367,0.4,3.5,-0.92388,28.0,-0.707107,-0.707107,-0.707107,0.707107,13.0,74.0,51.0,1020.9,1017.9,7.0,10.4671,4.61671,4.7,-3
-0.993747,-0.111659,0.0,7.6,-0.92388,39.0,-0.707107,-0.707107,-0.707107,0.707107,16.999999999999996,62.0,56.0,1022.9,1021.4999999999999,5.0,9.0436,7.38223,2.1,-1.4
-0.991677,-0.128748,0.0,4.5,6.12323e-17,28.0,-0.382683,-0.92388,-0.382683,0.92388,11.0,75.0,58.0,1027.3,1023.3999999999999,3.0,8.57949,4.41103,5.5,-3.9
-0.989314,-0.145799,0.0,2.2,6.12323e-17,15.0,-0.707107,-0.707107,0.382683,0.92388,2.0,80.0,59.0,1026.6,1023.3999999999999,7.0,8.30626,3.40798,6.3,-3.2
-0.986658,-0.162807,0.0,9.9,-0.382683,17.0,-0.707107,-0.707107,0.707107,0.707107,7.000000000000001,83.0,51.0,1024.2,1020.6,1.0,10.6427,2.8769,6.9,-3.6
-0.983709,-0.179767,0.0,9.8,1,20.0,-0.707107,-0.707107,0.707107,0.707107,9.0,78.0,53.0,1023.0,1018.8,7.0,10.0279,3.86077,5.2,-4.2
-0.980469,-0.196673,0.0,6.700000000000001,-1.83697e-16,46.0,1,0,-1.83697e-16,-1,13.0,66.0,45.0,1017.8,1015.7,4.0,12.3011,6.5611,-0.2,-2.1
-0.964614,-0.263665,0.0,9.9,0.92388,13.0,-0.707107,-0.707107,0.92388,0.382683,4.0,71.0,33.0,1025.5,1021.0,1.0,17.1352,5.15248,9.5,-4.5
-0.949718,-0.313107,0.0,5.8,-1,17.0,-0.707107,-0.707107,-0.92388,0.382683,6.0,65.0,44.0,1022.5,1019.6,7.0,12.5444,6.51781,4.3,-2.9
-0.944188,-0.329408,0.0,10.0,-1,24.000000000000004,-0.707107,-0.707107,-0.92388,0.382683,7.000000000000001,60.0,26.0,1025.4,1022.9,2.0,20.1529,7.668,6,-2.5
-0.938377,-0.345612,0.0,9.8,-0.707107,26.0,-0.707107,-0.707107,-0.707107,0.707107,9.0,55.0,49.00000000000001,1028.3,1025.7,3.0,11.0119,8.94876,4.9,-2.6
-0.932289,-0.361714,0.0,2.2,-0.707107,22.0,-0.707107,-0.707107,-0.707107,0.707107,9.0,69.0,56.99999999999999,1027.8,1024.4,7.0,8.79705,5.64766,5.1,-3.4
-0.919286,-0.39359,2.0,4.8,-0.707107,24.000000000000004,-0.92388,-0.382683,-0.382683,0.92388,9.0,80.99999999999999,60.00000000000001,1029.5,1027.3,7.0,8.0254,3.2691,4,-2.2
-0.912375,-0.409356,0.2,2.2,-0.382683,30.0,-0.92388,-0.382683,-0.382683,0.92388,9.0,67.0,74.0,1030.9,1027.5,7.0,4.74403,6.20403,1.4,-3.4
-0.905193,-0.425,5.2,5.1,0.707107,28.0,-0.707107,-0.707107,0.92388,0.382683,11.0,84.0,64.0,1026.5,1022.1,7.0,7.10926,2.75141,3.4,-4.4
-0.897743,-0.440519,8.0,4.2,0.707107,15.0,-1.83697e-16,-1,0.92388,0.382683,6.0,85.99999999999999,73.0,1022.6,1018.7,7.0,5.08119,2.40026,3.2,-3.9
-0.890028,-0.455907,0.0,8.0,0.707107,20.0,-0.707107,-0.707107,0.707107,0.707107,9.0,95.0,61.0,1021.1,1017.5,1.0,8.0127,0.811181,6.8,-3.6
-0.882048,-0.47116,0.0,5.5,0.382683,37.0,0.92388,0.382683,0.382683,-0.92388,9.0,69.0,58.0,1019.1,1016.4,7.0,8.87556,5.98377,2.8,-2.7
-0.873807,-0.486273,0.0,8.0,-1.83697e-16,26.0,-0.707107,-0.707107,-1.83697e-16,-1,9.0,58.00000000000001,38.0,1023.9,1019.2,1.0,15.1597,8.4754,4.3,-4.7
-0.865307,-0.501242,0.0,10.2,-1.83697e-16,35.0,-1.83697e-16,-1,-1.83697e-16,-1,19.0,44.0,26.999999999999996,1021.2,1016.0,0.0,19.5582,12.2789,3.6,-5.2
-0.856551,-0.516062,0.0,10.2,-1.83697e-16,39.0,-1.83697e-16,-1,-1.83697e-16,-1,13.0,54.0,38.0,1014.9,1012.2,1.0,14.7789,9.14899,6.4,-2.7
-0.847541,-0.53073,0.0,10.2,-0.382683,20.0,-0.382683,-0.92388,-0.707107,0.707107,2.0,53.00000000000001,28.0,1019.5999999999999,1016.4,1.0,19.4416,9.57846,6.6,-3.2
-0.83828,-0.54524,0.0,5.9,6.12323e-17,19.0,-0.707107,-0.707107,0.707107,0.707107,6.0,70.0,45.0,1020.1999999999999,1015.8,7.0,12.3851,5.336,8.1,-4.4
-0.82877,-0.559589,0.0,9.9,-1.83697e-16,28.0,-0.382683,-0.92388,-0.382683,-0.92388,7.000000000000001,53.00000000000001,20.000000000000004,1019.3000000000001,1015.9,1.0,24.0163,9.66012,5,-3.4
-0.819015,-0.573772,0.0,10.0,6.12323e-17,20.0,-0.382683,-0.92388,6.12323e-17,1,11.0,47.0,29.0,1023.1,1019.6,1.0,18.429,11.1972,4.2,-3.5
-0.809017,-0.587785,0.0,10.1,0.382683,19.0,-0.707107,-0.707107,0.707107,0.707107,9.0,58.00000000000001,37.0,1022.4,1018.3,1.0,15.2995,8.09685,8,-4.1
-0.798779,-0.601624,0.0,4.2,0.382683,28.0,-0.382683,-0.92388,0.707107,0.707107,7.000000000000001,70.0,52.0,1023.6,1020.6,6.0,10.2702,5.39516,7.2,-3
-0.788305,-0.615285,2.8,0.0,6.12323e-17,31.0,0.92388,0.382683,0.92388,0.382683,4.0,92.0,93.0,1020.8,1017.0,8.0,1.16235,1.32014,1.4,-3.8
-0.777597,-0.628763,78.0,2.1,-1.83697e-16,28.0,0.707107,-0.707107,-1.83697e-16,-1,9.0,89.0,51.0,1014.7,1011.1,7.0,10.2692,1.82692,0.8,-3.6
-0.766659,-0.642055,0.0,10.0,-1.83697e-16,65.0,-1.83697e-16,-1,-1.83697e-16,-1,28.000000000000004,53.00000000000001,33.0,1012.2,1008.2,1.0,16.6425,9.51189,3.9,-4
-0.755493,-0.655156,0.2,10.1,-1.83697e-16,33.0,-0.382683,-0.92388,-1.83697e-16,-1,9.0,51.0,35.0,1013.6,1011.5,0.0,15.9213,9.96404,6.1,-2.1
-0.744104,-0.668064,0.0,10.2,0.707107,26.0,-0.92388,0.382683,0.707107,0.707107,9.0,61.0,45.0,1018.8,1014.9,0.0,12.3851,7.42138,6.6,-3.9
-0.720667,-0.693281,0.0,10.7,-1.83697e-16,37.0,-0.382683,-0.92388,0.382683,-0.92388,13.0,42.0,30.000000000000004,1017.5,1013.8,1.0,18.5311,13.0986,5.2,-3.7
-0.708627,-0.705584,0.0,10.7,6.12323e-17,22.0,-0.707107,-0.707107,-0.382683,0.92388,9.0,47.0,45.0,1021.7,1019.2,1.0,12.3571,11.3714,3.9,-2.5
-0.696376,-0.717677,0.0,10.5,6.12323e-17,22.0,-0.707107,-0.707107,0.707107,0.707107,7.000000000000001,65.0,46.00000000000001,1023.4,1018.9,1.0,12.1697,6.57911,6.1,-4.5
-0.683919,-0.729558,0.0,10.0,-1.83697e-16,22.0,-0.92388,-0.382683,0.707107,0.707107,9.0,68.0,53.99999999999999,1017.9,1013.3,1.0,10.0255,6.07285,6.2,-4.6
-0.67126,-0.741222,8.6,0.0,-0.92388,19.0,0.382683,-0.92388,1,0,4.0,85.0,86.0,1017.8,1013.8,8.0,2.36319,2.56453,-1,-4
-0.658402,-0.752667,4.6,10.8,-1.83697e-16,31.0,-0.707107,-0.707107,-1.83697e-16,-1,7.000000000000001,50.0,34.0,1020.0,1016.5,0.0,16.5671,10.4215,5.8,-3.5
-0.645348,-0.763889,0.0,10.6,6.12323e-17,17.0,-0.707107,-0.707107,0.382683,0.92388,9.0,46.0,42.0,1023.0,1019.2,1.0,13.4604,11.5462,6.3,-3.8
-0.618671,-0.78565,10.2,6.6,0.382683,37.0,-1.83697e-16,-1,0.382683,-0.92388,19.999999999999996,58.00000000000001,45.0,1015.0,1012.5,7.0,12.1895,8.38482,0.9,-2.5
-0.605056,-0.796183,0.2,0.0,-1.83697e-16,35.0,-1.83697e-16,-1,0.382683,-0.92388,9.0,61.0,53.0,1013.8,1010.4,8.0,9.74958,7.48535,2.9,-3.4
-0.591261,-0.80648,0.0,7.0,0.382683,43.0,-1.83697e-16,-1,-1.83697e-16,-1,14.999999999999998,59.0,33.0,1013.0,1008.6,2.0,16.8564,7.94329,5.8,-4.4
-0.577292,-0.816538,0.0,10.8,-1.83697e-16,41.0,-0.382683,-0.92388,-1.83697e-16,-1,14.999999999999998,42.99999999999999,31.0,1016.1,1013.3,0.0,17.848,12.7221,4,-2.8
-0.563151,-0.826354,0.0,9.9,0.382683,17.0,-0.707107,-0.707107,0.382683,0.92388,11.0,50.0,37.0,1021.7,1018.6,4.0,15.3224,10.5506,4,-3.1
-0.548843,-0.835925,0.0,7.4,-0.382683,28.0,-0.382683,-0.92388,6.12323e-17,1,13.0,58.00000000000001,46.00000000000001,1026.4,1023.3,5.0,12.0601,8.37191,3.2,-3.1
-0.534373,-0.845249,0.0,8.4,6.12323e-17,22.0,-0.707107,-0.707107,0.382683,0.92388,11.0,62.0,49.00000000000001,1026.3,1022.5999999999999,7.0,11.0455,7.37085,2.4,-3.7
-0.519744,-0.854322,0.0,10.7,0.382683,19.0,-0.707107,-0.707107,0.707107,0.707107,9.0,63.0,46.00000000000001,1026.1,1022.9999999999999,2.0,12.1605,7.13654,4.3,-3.1
-0.504961,-0.863142,0.0,9.9,0.707107,26.0,-0.382683,-0.92388,0.707107,0.707107,13.0,63.0,52.0,1024.4,1019.4,4.0,10.387,7.20835,3.9,-5
-0.490029,-0.871706,0.0,10.5,0.92388,20.0,0.707107,0.707107,1,0,7.000000000000001,59.0,35.0,1021.2,1016.0,1.0,16.9178,8.32525,7.1,-5.2
-0.474951,-0.880012,0.0,9.6,6.12323e-17,37.0,-0.92388,-0.382683,-0.382683,0.92388,11.0,57.0,62.0,1020.1999999999999,1018.7,1.0,7.79781,8.98577,2,-1.5
-0.459733,-0.888057,0.0,9.8,0.707107,39.0,1,0,0.92388,0.382683,16.999999999999996,74.0,65.0,1021.3,1016.7,3.0,7.02125,4.86934,2.1,-4.6
-0.428892,-0.903356,26.8,6.1,0.707107,17.0,-0.707107,-0.707107,-1.83697e-16,-1,6.0,78.0,42.0,1020.3,1017.0,4.0,13.7553,3.94553,4.8,-3.3
-0.413279,-0.910605,0.0,10.8,-0.92388,19.0,-0.382683,-0.92388,-0.382683,-0.92388,4.0,51.0,31.0,1023.4,1019.5,1.0,18.3297,10.356,6.3,-3.9
-0.397543,-0.917584,0.0,10.2,-0.382683,39.0,-0.707107,-0.707107,-0.382683,0.92388,11.0,62.0,56.99999999999999,1024.4,1020.6,2.0,8.95869,7.38793,4.7,-3.8
-0.381689,-0.924291,0.0,9.8,0.92388,26.0,-0.382683,-0.92388,0.92388,0.382683,11.0,66.0,60.00000000000001,1020.8,1015.2,3.0,8.22874,6.5611,3.4,-5.6
-0.365723,-0.930724,0.0,0.9,0.382683,30.0,1,0,0.707107,-0.707107,7.000000000000001,67.0,67.0,1010.7999999999998,1008.2,7.0,6.51502,6.43169,1.7,-2.6
-0.349647,-0.936881,3.2,11.1,-1.83697e-16,22.0,-0.707107,-0.707107,0.382683,0.92388,13.0,40.0,34.0,1017.8,1016.2,1.0,16.6909,14.0698,2.3,-1.6
-0.333469,-0.942761,0.0,9.5,0.382683,20.0,-0.92388,-0.382683,0.382683,0.92388,9.0,55.0,53.0,1022.5,1019.4,1.0,9.98253,9.32158,1.4,-3.1
-0.30082,-0.953681,0.0,4.4,0.707107,20.0,-0.92388,-0.382683,0.382683,0.92388,9.0,70.0,69.0,1016.2,1011.9,7.0,6.03387,5.76125,1,-4.3
-0.284359,-0.958718,0.4,10.7,-1.83697e-16,52.0,-1.83697e-16,-1,-0.382683,-0.92388,14.999999999999998,40.0,32.0,1012.7,1011.1,1.0,17.9455,14.1654,4.3,-1.6
-0.267814,-0.963471,0.0,2.5,0.382683,30.0,-0.382683,-0.92388,0.382683,-0.92388,9.0,49.0,35.0,1018.5,1014.6,7.0,16.2584,10.9117,4.3,-3.9
-0.25119,-0.967938,0.0,1.0,0.382683,24.000000000000004,-0.382683,-0.92388,6.12323e-17,1,6.0,40.0,39.0,1020.1,1019.4,8.0,14.3609,13.9113,0.8,-0.7
-0.234491,-0.972118,0.0,3.6,-1.83697e-16,24.000000000000004,-0.707107,-0.707107,-0.382683,-0.92388,9.0,53.00000000000001,26.999999999999996,1019.9000000000001,1015.9,8.0,19.8808,9.675,4.8,-4
-0.217723,-0.976011,0.0,0.4,-0.92388,17.0,-0.707107,-0.707107,-0.92388,0.382683,7.000000000000001,55.0,41.0,1020.7,1018.7,8.0,13.7005,9.10965,3.4,-2
-0.200891,-0.979614,8.6,0.0,-0.92388,15.0,-0.707107,-0.707107,-0.92388,0.382683,2.0,92.0,91.0,1021.4,1018.5,8.0,1.50851,1.29043,4.3,-2.9
-0.183998,-0.982927,22.4,0.4,-1.83697e-16,19.0,-0.92388,-0.382683,-1.83697e-16,-1,7.000000000000001,93.0,78.0,1021.1,1018.7,7.0,4.04351,1.15155,4.7,-2.4
-0.167052,-0.985948,0.0,4.5,6.12323e-17,28.0,-0.707107,0.707107,-0.382683,0.92388,6.0,79.0,79.0,1024.2,1022.1,8.0,3.75486,3.78386,-1,-2.1
-0.150055,-0.988678,0.0,5.9,0.382683,19.0,-1.83697e-16,-1,0.92388,0.382683,9.0,76.0,58.0,1022.8,1019.9,5.0,8.75655,4.34099,4.3,-2.9
-0.133015,-0.991114,0.2,6.0,0.382683,19.0,0.382683,0.92388,0.707107,0.707107,7.000000000000001,64.0,60.00000000000001,1023.2,1020.1,7.0,8.19159,7.14717,0.7,-3.1
-0.0988201,-0.995105,5.4,5.9,6.12323e-17,19.0,0.707107,0.707107,0.382683,0.92388,7.000000000000001,64.0,62.0,1019.8,1016.8,7.0,7.76276,7.13633,2.3,-3
-0.0816764,-0.996659,0.2,10.0,1,24.000000000000004,-0.382683,-0.92388,0.92388,0.382683,7.000000000000001,68.0,60.00000000000001,1018.9,1014.1,3.0,8.32822,6.25137,1.8,-4.8
-0.0473214,-0.99888,31.399999999999995,5.6,-0.707107,26.0,-0.707107,-0.707107,6.12323e-17,1,7.000000000000001,77.0,71.0,1012.5,1010.9,6.0,5.54963,4.25332,0.1,-1.6
-0.0301203,-0.999546,0.4,5.7,-0.707107,35.0,-1,1.22465e-16,-0.382683,0.92388,16.999999999999996,59.0,53.99999999999999,1020.9,1020.6,5.0,9.67026,8.34426,-0.3,-0.3
-0.0129103,-0.999917,0.0,0.7,-0.707107,28.0,-0.707107,0.707107,-0.382683,0.92388,9.0,60.0,53.0,1026.2,1023.6999999999999,7.0,9.89204,7.97037,0.8,-2.5
0.00430354,-0.999991,3.4,2.5,-0.707107,26.0,-0.92388,0.382683,-0.382683,0.92388,7.000000000000001,73.0,79.0,1026.3,1022.4000000000001,8.0,3.73752,4.97721,-0.3,-3.9
0.0215161,-0.999769,6.6,0.0,-0.707107,17.0,-0.707107,-0.707107,-0.382683,0.92388,7.000000000000001,90.99999999999999,82.0,1023.8,1020.1,8.0,3.19296,1.49683,2.6,-3.7
0.0387223,-0.99925,2.0,11.4,-1,22.0,-0.707107,-0.707107,0.92388,0.382683,6.0,65.0,61.0,1017.9,1013.6,4.0,8.12147,6.95798,2.8,-4.3
0.055917,-0.998435,2.2,10.0,-0.707107,24.000000000000004,-0.707107,-0.707107,-0.707107,-0.707107,4.0,65.0,50.0,1017.1,1014.2,6.0,11.3497,6.98431,3.5,-2.9
0.0730951,-0.997325,0.0,11.4,0.382683,22.0,-0.382683,-0.92388,0.382683,0.92388,13.0,59.0,56.0,1018.4,1014.8,5.0,9.49734,8.50987,2.5,-3.6
0.0902516,-0.995919,0.0,8.1,0.707107,19.0,0.707107,-0.707107,0.707107,0.707107,7.000000000000001,66.0,59.0,1017.5,1013.1,7.0,8.72883,6.77884,2.8,-4.4
0.107381,-0.994218,53.99999999999999,0.0,-0.707107,43.0,-0.92388,-0.382683,-0.707107,0.707107,11.0,85.0,81.0,1019.1,1017.1,8.0,3.393,2.62876,-0.2,-2
0.124479,-0.992222,23.4,0.0,-0.92388,33.0,-0.92388,0.382683,-0.92388,0.382683,13.0,85.99999999999999,86.0,1021.6,1019.8,8.0,2.37243,2.39468,-1.2,-1.8
0.14154,-0.989932,8.0,0.0,-0.707107,44.0,-1,1.22465e-16,-0.707107,0.707107,16.999999999999996,89.0,89.0,1023.0,1021.7,8.0,1.83838,1.84125,-0.2,-1.3
0.158559,-0.987349,93.6,0.0,6.12323e-17,37.0,-0.382683,0.92388,-0.707107,0.707107,11.0,90.0,89.0,1026.2,1024.8,8.0,1.86573,1.68149,0.5,-1.4
0.175531,-0.984474,22.4,2.4,0.382683,37.0,-0.382683,0.92388,6.12323e-17,1,16.999999999999996,72.0,60.00000000000001,1027.9,1024.4,7.0,8.16686,5.21095,2.5,-3.5
0.192452,-0.981306,4.2,6.6,6.12323e-17,31.0,0.382683,0.92388,0.382683,0.92388,9.0,48.00000000000001,53.0,1022.7,1019.1,7.0,10.0203,11.567,-0.6,-3.6
0.209315,-0.977848,0.2,5.6,0.92388,22.0,0.92388,-0.382683,0.707107,0.707107,9.0,62.0,66.0,1017.7,1013.6,7.0,6.71264,7.65226,0.7,-4.1
0.226116,-0.9741,0.0,0.0,0.92388,41.0,1,0,0.92388,0.382683,11.0,71.0,81.0,1011.1,1005.4,8.0,3.42433,5.52438,-0.1,-5.7
0.24285,-0.970064,22.2,10.3,-1.83697e-16,54.0,-1.83697e-16,-1,-1.83697e-16,-1,19.999999999999996,48.00000000000001,36.0,1008.3,1007.1,1.0,15.5549,11.0341,3.9,-1.2
0.259512,-0.96574,0.0,12.3,-1.83697e-16,26.0,-0.707107,-0.707107,0.92388,0.382683,6.0,38.0,35.0,1016.4,1013.1,0.0,16.1135,14.3917,4.8,-3.3
0.276097,-0.96113,0.0,12.3,6.12323e-17,20.0,0.382683,-0.92388,0.382683,0.92388,7.000000000000001,59.0,40.0,1020.5000000000001,1017.5,1.0,14.2933,8.22422,3.2,-3
0.2926,-0.956235,0.0,11.7,-0.382683,31.0,-0.92388,-0.382683,-0.382683,0.92388,14.999999999999998,57.0,45.0,1022.1,1019.8,1.0,12.7902,8.93165,3,-2.3
0.309017,-0.951057,0.8,4.7,-0.707107,31.0,-0.92388,0.382683,6.12323e-17,1,7.000000000000001,87.0,78.0,1026.5,1024.2,7.0,3.95467,2.22302,0.5,-2.3
0.325342,-0.945596,1.6,3.4,6.12323e-17,24.000000000000004,6.12323e-17,1,6.12323e-17,1,9.0,52.0,52.0,1025.9,1022.1999999999999,7.0,10.2546,10.3013,-0.6,-3.7
0.341571,-0.939856,0.0,11.7,6.12323e-17,22.0,-0.92388,0.382683,6.12323e-17,1,11.0,55.0,47.0,1023.2,1019.0,2.0,12.0359,9.46417,2.2,-4.2
0.357698,-0.933837,0.0,12.0,0.382683,22.0,0.707107,0.707107,0.707107,0.707107,9.0,59.0,51.0,1020.3,1015.9,1.0,10.8683,8.40777,2.9,-4.4
0.37372,-0.927542,0.0,10.1,0.92388,30.0,0.92388,0.382683,0.707107,0.707107,9.0,58.00000000000001,51.0,1018.2,1014.1,3.0,10.9007,8.81596,1.1,-4.1
0.405426,-0.914128,0.0,7.6,0.382683,20.0,6.12323e-17,1,0.382683,0.92388,9.0,66.0,63.00000000000001,1019.0,1015.3,3.0,7.52733,6.70249,1.7,-3.7
0.421101,-0.907014,0.4,10.1,0.382683,24.000000000000004,-0.382683,-0.92388,0.707107,0.707107,13.0,65.0,56.99999999999999,1017.1,1013.6,2.0,9.15591,7.01068,1.2,-3.5
0.436651,-0.899631,0.2,8.3,-0.707107,33.0,-1,1.22465e-16,-0.382683,0.92388,13.0,61.0,88.0,1017.0,1015.8,7.0,2.03887,8.07909,-6.2,-1.2
0.452072,-0.891981,26.8,11.7,6.12323e-17,26.0,-0.382683,0.92388,0.382683,0.92388,11.0,58.00000000000001,51.0,1018.6,1016.4,4.0,10.8845,8.80935,1,-2.2
0.467359,-0.884068,0.0,11.7,0.382683,26.0,0.382683,0.92388,0.382683,0.92388,9.0,56.0,56.0,1019.0,1016.0,6.0,9.34257,9.32156,0.3,-3
0.482508,-0.875892,0.0,6.2,0.92388,19.0,-0.707107,0.707107,0.382683,0.92388,6.0,63.0,56.99999999999999,1017.3,1014.3,5.0,9.12176,7.40342,2.5,-3
0.497513,-0.867456,0.0,0.3,0.92388,15.0,6.12323e-17,1,1,0,4.0,66.0,67.0,1015.5,1012.9,8.0,6.4268,6.64677,0.3,-2.6
0.512371,-0.858764,0.2,12.8,-0.382683,35.0,-1.83697e-16,-1,-0.382683,-0.92388,9.0,54.0,30.000000000000004,1015.5,1011.9,1.0,19.1109,9.78798,4.7,-3.6
0.527078,-0.849817,0.0,10.7,-0.382683,31.0,-0.92388,0.382683,6.12323e-17,1,14.999999999999998,50.0,55.0,1018.1,1015.3,3.0,9.63666,11.0003,1.3,-2.8
0.541628,-0.840618,6.2,0.0,6.12323e-17,28.0,0.382683,-0.92388,1,0,2.0,89.0,79.0,1018.1,1015.3,8.0,3.76355,1.86284,0.8,-2.8
0.556017,-0.831171,19.6,1.1,6.12323e-17,30.0,-0.382683,0.92388,-0.382683,0.92388,4.0,68.0,65.0,1016.0,1013.1,7.0,6.92645,6.16179,1.2,-2.9
0.570242,-0.821477,2.6,12.2,-0.707107,31.0,-1,1.22465e-16,-1,1.22465e-16,11.0,57.0,41.0,1016.8,1014.2,2.0,14.38,9.00611,3.6,-2.6
0.584298,-0.811539,0.0,10.9,6.12323e-17,30.0,-0.707107,0.707107,6.12323e-17,1,14.999999999999998,63.0,53.0,1019.5999999999999,1017.9,4.0,10.2947,7.45399,2.1,-1.7
0.598181,-0.801361,0.0,2.8,6.12323e-17,24.000000000000004,0.382683,0.92388,0.382683,0.92388,13.0,63.0,61.0,1021.9,1020.3,7.0,8.0127,7.49908,0.1,-1.6
0.611886,-0.790946,0.6,3.5,6.12323e-17,30.0,0.382683,0.92388,0.382683,0.92388,13.0,67.0,62.0,1024.8,1023.3,7.0,7.77443,6.51993,0.5,-1.5
0.625411,-0.780296,0.8,8.8,1,26.0,0.382683,0.92388,0.382683,0.92388,11.0,55.0,56.99999999999999,1023.7,1020.3,7.0,9.10812,9.68002,-0.2,-3.4
0.638749,-0.769415,0.0,12.2,0.707107,26.0,0.707107,0.707107,0.707107,0.707107,11.0,55.0,65.0,1018.0,1014.5,5.0,7.07418,9.68725,0.4,-3.5
0.651899,-0.758306,0.0,11.0,0.707107,28.0,0.92388,0.382683,0.92388,0.382683,11.0,71.0,55.0,1016.9,1015.0,4.0,9.73072,5.61722,1.1,-1.9
0.664855,-0.746972,0.0,12.5,0.382683,30.0,0.382683,0.92388,0.707107,0.707107,11.0,58.00000000000001,56.0,1020.6,1019.0,3.0,9.47616,8.89547,0.4,-1.6
0.677615,-0.735417,0.0,7.499999999999999,0.382683,28.0,1,0,0.382683,0.92388,13.0,64.0,56.99999999999999,1020.7,1017.8,3.0,9.20383,7.31622,0.8,-2.9
0.690173,-0.723644,0.2,12.4,0.707107,28.0,0.707107,0.707107,0.707107,0.707107,11.0,53.00000000000001,49.00000000000001,1016.9,1013.2,4.0,11.58,10.3254,0.4,-3.7
0.702527,-0.711657,0.0,8.4,0.382683,31.0,1,0,0.92388,0.382683,9.0,57.0,59.0,1013.6,1010.3,5.0,8.68353,9.19698,0.5,-3.3
0.714673,-0.699458,0.0,9.3,0.382683,24.000000000000004,0.707107,-0.707107,0.707107,0.707107,9.0,52.0,50.0,1013.6,1010.3,4.0,11.4337,10.6227,2.4,-3.3
0.726608,-0.687053,5.2,3.0,-0.92388,17.0,-0.92388,-0.382683,-0.707107,0.707107,7.000000000000001,72.0,83.0,1013.7,1012.0,8.0,3.04186,5.41292,-2.4,-1.7
0.738326,-0.674444,9.4,1.7,-0.92388,33.0,-0.382683,-0.92388,-0.382683,0.92388,11.0,79.0,65.0,1015.8,1015.0,7.0,7.07949,3.83048,3.1,-0.8
0.749826,-0.661635,0.2,0.6,-0.382683,41.0,-0.707107,0.707107,-0.707107,0.707107,11.0,56.0,66.0,1021.7,1020.5,7.0,6.70249,9.34257,-1.2,-1.2
0.761104,-0.64863,1.0,1.7,6.12323e-17,33.0,-1,1.22465e-16,-0.382683,0.92388,11.0,70.0,49.00000000000001,1021.5,1020.2,8.0,11.4602,5.80509,1.2,-1.3
0.772157,-0.635432,4.4,10.4,-0.382683,37.0,-0.92388,0.382683,-0.382683,0.92388,14.999999999999998,74.0,47.0,1021.4,1019.8,4.0,12.18,4.89162,2.8,-1.6
0.78298,-0.622047,0.2,10.4,6.12323e-17,41.0,6.12323e-17,1,6.12323e-17,1,16.999999999999996,44.0,47.0,1023.4,1022.0,6.0,12.1439,13.1128,0.4,-1.4
0.793572,-0.608477,1.0,5.0,6.12323e-17,37.0,-0.707107,0.707107,-0.382683,0.92388,13.0,65.0,47.0,1023.6,1021.4999999999999,6.0,12.1619,6.91071,3.2,-2.1
0.803928,-0.594727,0.0,5.3,6.12323e-17,37.0,-0.382683,0.92388,6.12323e-17,1,11.0,53.00000000000001,56.99999999999999,1021.4,1019.7,7.0,9.04005,10.1799,-0.2,-1.7
0.814046,-0.5808,0.2,7.1,6.12323e-17,33.0,6.12323e-17,1,0.382683,0.92388,14.999999999999998,68.0,50.0,1019.1,1016.4,7.0,11.216,6.22301,2.9,-2.7
0.823923,-0.566702,1.8000000000000003,10.2,6.12323e-17,33.0,0.382683,0.92388,0.382683,0.92388,13.0,54.0,50.0,1017.8,1015.0,2.0,11.2076,9.98819,0.3,-2.8
0.833556,-0.552435,0.0,3.2,0.382683,24.000000000000004,0.382683,0.92388,0.382683,0.92388,11.0,58.00000000000001,50.0,1015.3,1012.2,7.0,11.166,8.78953,1,-3.1
0.842942,-0.538005,0.0,11.0,0.382683,28.0,0.382683,0.92388,0.707107,0.707107,11.0,61.0,51.0,1012.7,1010.3,2.0,11.0145,8.04285,2.2,-2.4
0.852078,-0.523416,4.2,8.1,6.12323e-17,31.0,0.707107,0.707107,0.382683,0.92388,13.0,60.0,56.0,1012.8,1010.5,7.0,9.52561,8.32822,1.6,-2.3
0.860961,-0.508671,3.7999999999999994,0.5,0.382683,35.0,0.382683,0.92388,0.382683,0.92388,6.0,71.0,91.0,1013.8,1012.6,8.0,1.53673,5.61722,-2.9,-1.2
0.869589,-0.493776,58.60000000000001,0.5,0.707107,28.0,0.92388,0.382683,0.382683,0.92388,13.0,84.0,72.0,1016.8,1015.2,7.0,5.38035,2.85719,1.2,-1.6
0.87796,-0.478734,1.2,0.0,0.382683,30.0,-0.707107,0.707107,0.707107,0.707107,11.0,77.0,70.0,1017.0,1013.3,8.0,5.80509,4.25008,0.9,-3.7
0.886071,-0.46355,0.2,0.1,0.382683,33.0,0.382683,0.92388,0.382683,0.92388,11.0,71.0,82.0,1011.3,1008.9,8.0,3.22494,5.59606,-1.9,-2.4
0.893919,-0.448229,50.6,1.2,6.12323e-17,28.0,-0.707107,0.707107,0.382683,0.92388,13.0,94.0,72.0,1010.4,1008.1,7.0,5.40477,1.00485,3.9,-2.3
0.901502,-0.432776,0.8,2.1,-0.382683,30.0,-0.707107,0.707107,-0.382683,0.92388,7.000000000000001,71.0,82.0,1010.9,1009.2,7.0,3.29436,5.66818,-0.8,-1.7
0.908818,-0.417194,8.4,8.7,6.12323e-17,37.0,-0.92388,0.382683,6.12323e-17,1,9.0,75.0,84.0,1013.7,1012.1,5.0,2.89436,4.77756,-1,-1.6
0.915864,-0.401488,5.4,10.9,6.12323e-17,26.0,0.382683,0.92388,0.382683,0.92388,13.0,69.0,66.0,1016.8,1015.2,7.0,6.90187,6.13467,1,-1.6
0.92264,-0.385663,0.0,11.4,0.707107,24.000000000000004,0.382683,0.92388,0.707107,0.707107,11.0,65.0,62.0,1016.9,1014.2,1.0,7.9624,7.14862,0.9,-2.7
0.929141,-0.369725,0.0,12.0,0.707107,31.0,0.92388,-0.382683,0.707107,0.707107,14.999999999999998,59.0,65.0,1013.0,1008.1,4.0,7.22879,8.72883,1.1,-4.9
0.935368,-0.353676,0.0,3.7,-1.83697e-16,48.00000000000001,1,0,-0.92388,-0.382683,6.0,65.0,89.0,1007.9,1004.9,7.0,1.95048,7.22343,-2.9,-3
0.941317,-0.337523,80.4,0.0,-1.83697e-16,15.0,0.707107,-0.707107,0.707107,0.707107,6.0,80.99999999999999,86.0,1008.8,1006.9,8.0,2.4866,3.46632,-0.2,-1.9
0.946988,-0.32127,1.6,9.2,0.382683,30.0,-0.92388,-0.382683,6.12323e-17,1,13.0,67.0,62.0,1010.7999999999998,1008.8,1.0,8.01566,6.67329,1.5,-2
0.952378,-0.304921,0.0,9.1,-0.382683,33.0,-0.92388,0.382683,-0.382683,0.92388,13.0,64.0,60.00000000000001,1011.8,1009.1,3.0,8.56679,7.37667,2.5,-2.7
0.957485,-0.288482,0.2,12.4,0.707107,24.000000000000004,-0.707107,-0.707107,0.382683,0.92388,11.0,62.0,55.0,1011.2,1006.8,2.0,9.98613,7.9152,2.2,-4.4
0.975065,-0.221922,9.8,0.0,-0.382683,22.0,-0.707107,-0.707107,-1,1.22465e-16,6.0,72.0,90.0,1006.7,1005.2,8.0,1.68018,5.31146,-3.6,-1.5
0.97874,-0.205104,57.4,12.3,-1.83697e-16,48.00000000000001,-1.83697e-16,-1,-1.83697e-16,-1,24.0,64.0,31.0,1002.6,1003.6,1.0,18.6134,7.24509,3.1,1
0.98522,-0.171293,0.0,0.0,-0.707107,24.000000000000004,-0.707107,0.707107,-0.707107,-0.707107,4.0,75.0,88.0,1016.6,1015.5,8.0,2.06107,4.64551,-1.5,-1.1
0.988023,-0.154309,12.8,2.9,-0.382683,24.000000000000004,-0.707107,-0.707107,6.12323e-17,1,9.0,87.0,65.0,1016.9,1014.8,7.0,7.20737,2.26454,6.2,-2.1
0.990532,-0.137279,0.2,0.2,-0.92388,41.0,-0.707107,0.707107,-0.382683,0.92388,11.0,71.0,81.0,1016.9,1015.3,8.0,3.50063,5.71082,-1.6,-1.6
0.992749,-0.120208,36.2,0.2,-0.92388,15.0,-1,1.22465e-16,-0.92388,0.382683,6.0,90.0,85.0,1014.8,1011.9,8.0,2.70197,1.7567,0.1,-2.9
0.996298,-0.0859648,60.2,0.0,-1.83697e-16,33.0,1,0,-0.707107,-0.707107,7.000000000000001,94.0,92.00000000000001,1002.2999999999998,1000.1,8.0,1.35645,1.02981,-2.8,-2.2
0.99763,-0.0688024,34.0,0.0,-0.707107,46.0,-0.707107,0.707107,-0.707107,0.707107,9.0,73.0,70.0,1012.7,1013.1,8.0,5.79631,5.13163,-0.1,0.4
0.998667,-0.0516197,1.0,0.0,-0.707107,33.0,-0.707107,0.707107,-0.707107,0.707107,11.0,58.00000000000001,56.0,1015.8,1013.3,7.0,9.54684,8.81596,2.6,-2.5
0.999407,-0.0344216,0.0,11.4,6.12323e-17,30.0,-0.92388,0.382683,6.12323e-17,1,14.999999999999998,58.00000000000001,56.99999999999999,1015.5,1013.2,3.0,9.40362,8.96199,2.4,-2.3
0.999852,-0.0172134,0.0,12.6,-0.382683,35.0,-0.382683,0.92388,6.12323e-17,1,16.999999999999996,58.00000000000001,52.0,1015.3,1013.3,1.0,10.813,8.97532,1.4,-2
1,0,0.4,0.0,-0.382683,30.0,-0.92388,0.382683,-0.707107,0.707107,6.0,89.0,90.0,1014.4,1012.9,8.0,1.74738,1.91518,1.1,-1.5
0.999852,0.0172134,3.0,11.2,6.12323e-17,26.0,0.707107,0.707107,0.707107,0.707107,11.0,68.0,63.00000000000001,1013.9,1010.7,3.0,7.73798,6.44201,1,-3.2
0.999407,0.0344216,0.0,6.9,6.12323e-17,24.000000000000004,-0.707107,-0.707107,-0.382683,0.92388,6.0,67.0,58.0,1009.7,1006.3,5.0,9.08904,6.70317,0.8,-3.4
0.998667,0.0516197,0.0,7.8,-0.382683,28.0,-1,1.22465e-16,6.12323e-17,1,13.0,60.0,64.0,1007.8,1006.0,7.0,7.49829,8.53521,0.2,-1.8
0.99763,0.0688024,0.0,0.0,-1.83697e-16,26.0,6.12323e-17,1,0.707107,0.707107,9.0,65.0,64.0,1008.1,1004.4,6.0,7.4263,7.14329,0.6,-3.7
0.996298,0.0859648,41.8,0.0,-0.382683,22.0,-0.382683,0.92388,-1,1.22465e-16,4.0,82.0,91.0,1005.4,1004.8,8.0,1.51554,3.267,-4,-0.6
0.992749,0.120208,11.599999999999998,2.1,-0.707107,37.0,-0.92388,0.382683,-0.92388,0.382683,14.999999999999998,65.0,73.0,1008.1,1005.1,8.0,5.22146,7.13796,-0.8,-3
0.98522,0.171293,15.399999999999999,0.0,6.12323e-17,33.0,6.12323e-17,1,6.12323e-17,1,14.999999999999998,88.0,94.0,1007.7,1007.4,8.0,1.02902,2.13159,-0.9,-0.3
0.97874,0.205104,0.4,6.9,0.382683,31.0,-0.382683,0.92388,-0.382683,0.92388,13.0,58.00000000000001,56.99999999999999,1013.1,1010.8,5.0,9.26561,8.99534,-0.1,-2.3
0.975065,0.221922,0.0,11.8,6.12323e-17,31.0,-0.382683,0.92388,6.12323e-17,1,13.0,60.0,59.0,1011.5,1009.0,5.0,8.71587,8.38443,1,-2.5
0.9711,0.238673,0.4,9.2,6.12323e-17,26.0,-0.707107,-0.707107,6.12323e-17,1,7.000000000000001,77.0,52.0,1009.3,1006.6,5.0,10.7892,4.289,4,-2.7
0.957485,0.288482,0.0,10.1,0.382683,30.0,-0.707107,-0.707107,6.12323e-17,1,11.0,57.0,53.0,1003.8,1003.5,3.0,10.7363,9.57751,-0.4,-0.3
0.952378,0.304921,3.4,10.3,-0.707107,33.0,6.12323e-17,1,0.382683,0.92388,13.0,70.0,71.0,1007.4,1005.7,7.0,5.79226,6.05808,-0.7,-1.7
0.946988,0.32127,36.2,8.6,-0.707107,33.0,-1,1.22465e-16,-0.382683,0.92388,11.0,67.0,70.0,1008.8,1008.6,7.0,5.92871,6.71314,-1.5,-0.2
0.941317,0.337523,4.4,8.0,-0.382683,43.0,-0.707107,0.707107,-0.707107,0.707107,14.999999999999998,77.0,51.0,1012.2,1010.7,5.0,11.088,4.2825,4.1,-1.5
0.935368,0.353676,0.0,12.5,-0.92388,39.0,-1,1.22465e-16,-0.382683,0.92388,19.999999999999996,54.0,48.0,1012.9,1011.7,4.0,12.0322,10.0928,1.1,-1.2
0.929141,0.369725,0.0,11.6,-0.382683,37.0,-0.92388,0.382683,-0.707107,0.707107,11.0,49.0,43.0,1010.9,1008.4,2.0,13.833,11.6058,2.1,-2.5
0.92264,0.385663,0.0,12.5,0.707107,20.0,0.92388,0.382683,0.382683,0.92388,7.000000000000001,52.0,47.0,1010.2,1007.3,1.0,12.4615,10.6385,2.8,-2.9
0.915864,0.401488,0.0,12.8,0.92388,24.000000000000004,1,0,0.707107,0.707107,11.0,58.00000000000001,56.0,1011.4000000000001,1009.9,1.0,9.6747,9.06222,0.7,-1.5
0.908818,0.417194,0.0,12.8,0.382683,28.0,-0.382683,0.92388,0.382683,0.92388,11.0,57.0,59.0,1015.3,1013.7,1.0,8.83279,9.27937,1.6,-1.6
0.901502,0.432776,0.0,12.6,6.12323e-17,22.0,-0.707107,0.707107,0.707107,0.707107,9.0,61.0,56.0,1015.5,1012.5,1.0,9.74609,8.1883,2.7,-3
0.893919,0.448229,0.0,9.6,-0.707107,31.0,-0.92388,0.382683,-0.382683,0.92388,14.999999999999998,65.0,53.99999999999999,1013.5,1013.1,3.0,10.3489,7.19667,2.3,-0.4
0.886071,0.46355,0.2,10.4,6.12323e-17,46.0,-0.707107,0.707107,-0.707107,0.707107,16.999999999999996,58.00000000000001,44.0,1018.0,1016.1,2.0,13.5147,8.88219,3.6,-1.9
0.87796,0.478734,0.0,4.1,-0.382683,31.0,-0.382683,0.92388,6.12323e-17,1,14.999999999999998,63.0,62.0,1019.5999999999999,1017.6,7.0,7.93879,7.65794,0.4,-2
0.869589,0.493776,0.0,12.4,0.382683,24.000000000000004,0.382683,0.92388,0.707107,0.707107,9.0,61.0,55.0,1018.3,1015.3,3.0,10.045,8.21266,2.4,-3
0.860961,0.508671,3.6000000000000005,6.8,0.382683,26.0,0.382683,0.92388,0.382683,0.92388,11.0,80.99999999999999,67.0,1017.5,1014.8,7.0,6.79822,3.55107,2.6,-2.7
0.803928,0.594727,1.6,1.8,-0.707107,31.0,-0.707107,-0.707107,-0.707107,0.707107,13.0,80.99999999999999,58.0,1018.2,1014.9,7.0,9.12934,3.48477,4.6,-3.3
0.78298,0.622047,14.2,8.3,-0.707107,43.0,-0.707107,0.707107,-0.382683,0.92388,16.999999999999996,59.0,45.0,1019.9000000000001,1019.0,3.0,13.0861,8.68353,1.7,-0.9
0.738326,0.674444,0.0,10.4,6.12323e-17,22.0,-0.382683,-0.92388,0.382683,0.92388,11.0,65.0,59.0,1016.1,1013.1,3.0,8.83279,7.12199,2.5,-3
0.726608,0.687053,0.0,12.0,6.12323e-17,33.0,-0.707107,0.707107,6.12323e-17,1,16.999999999999996,61.0,48.0,1016.1,1014.3,3.0,12.2725,8.22485,2.7,-1.8
0.702527,0.711657,21.0,3.6,-0.707107,30.0,-1,1.22465e-16,-1,1.22465e-16,2.0,79.0,84.0,1016.9,1014.4,6.0,2.89217,3.91569,-0.7,-2.5
0.690173,0.723644,2.2,7.0,6.12323e-17,20.0,-0.92388,0.382683,-1.83697e-16,-1,2.0,75.0,80.0,1014.6,1012.3,5.0,3.74055,4.80635,-0.1,-2.3
0.677615,0.735417,19.0,11.7,6.12323e-17,24.000000000000004,-0.707107,0.707107,6.12323e-17,1,14.999999999999998,69.0,60.00000000000001,1013.7,1011.5,2.0,8.60476,6.18537,2.6,-2.2
0.664855,0.746972,0.0,12.2,0.382683,20.0,6.12323e-17,1,0.382683,0.92388,9.0,68.0,56.0,1014.1,1011.4,1.0,9.77472,6.48048,2.1,-2.7
0.651899,0.758306,0.0,12.3,0.382683,20.0,-0.382683,-0.92388,0.707107,0.707107,9.0,55.0,51.0,1011.9,1007.3,1.0,11.5586,9.94945,4.9,-4.6
0.638749,0.769415,0.0,8.1,0.382683,41.0,0.382683,-0.92388,0.382683,0.92388,13.0,65.0,67.0,1008.1,1004.6,6.0,6.82838,7.35257,-0.4,-3.5
0.625411,0.780296,68.8,9.1,-0.707107,48.00000000000001,-0.92388,0.382683,-0.707107,0.707107,16.999999999999996,59.0,55.0,1014.4,1014.5,7.0,9.75249,8.6319,0.2,0.1
0.598181,0.801361,3.6000000000000005,9.0,-0.92388,30.0,-1,1.22465e-16,-0.382683,0.92388,11.0,63.0,53.99999999999999,1017.3,1014.4,5.0,10.1153,7.48215,3.1,-2.9
0.584298,0.811539,0.0,11.2,6.12323e-17,22.0,-0.707107,-0.707107,0.382683,0.92388,11.0,61.0,56.0,1015.2,1012.4,2.0,9.60357,8.08514,2.4,-2.8
0.570242,0.821477,0.0,11.0,0.382683,22.0,-0.707107,-0.707107,0.382683,0.92388,11.0,63.0,49.00000000000001,1014.3,1010.9,1.0,11.7695,7.60102,2.5,-3.4
0.527078,0.849817,0.0,11.9,0.92388,24.000000000000004,0.707107,-0.707107,0.92388,0.382683,9.0,61.0,53.99999999999999,1011.3,1008.1,1.0,10.5087,8.23096,4.3,-3.2
0.512371,0.858764,22.6,8.0,-0.92388,30.0,-0.707107,-0.707107,6.12323e-17,1,11.0,78.0,55.0,1013.2,1010.2,1.0,10.0744,4.13956,4.5,-3
0.497513,0.867456,1.2,7.1,-0.92388,28.0,-0.382683,-0.92388,0.382683,0.92388,11.0,76.0,60.00000000000001,1012.0000000000001,1007.8,3.0,8.6873,4.59234,4.2,-4.2
0.482508,0.875892,23.4,0.0,-0.92388,17.0,-0.92388,0.382683,-0.92388,0.382683,9.0,90.99999999999999,87.0,1011.8,1009.0,8.0,2.30468,1.55332,1,-2.8
0.467359,0.884068,29.2,0.0,-0.707107,41.0,-0.707107,-0.707107,-0.92388,0.382683,11.0,87.0,59.0,1014.2,1014.2,8.0,8.69646,2.30468,2.7,0
0.452072,0.891981,1.4,8.2,-0.707107,48.00000000000001,-0.707107,0.707107,-0.707107,0.707107,19.999999999999996,57.0,44.0,1020.5000000000001,1019.4,3.0,13.2494,9.14225,1.1,-1.1
0.436651,0.899631,0.4,9.5,-0.382683,33.0,-0.707107,0.707107,-0.382683,0.92388,14.999999999999998,63.0,45.0,1020.4,1017.7,3.0,12.9235,7.44274,3.4,-2.7
0.421101,0.907014,0.8,10.0,-0.382683,33.0,0.707107,0.707107,6.12323e-17,1,11.0,76.0,53.0,1018.7,1016.0,3.0,10.287,4.46919,2.3,-2.7
0.38963,0.920971,0.2,4.7,0.707107,24.000000000000004,6.12323e-17,1,0.707107,0.707107,9.0,60.0,58.0,1015.7,1013.2,7.0,8.99534,8.4032,0.8,-2.5
0.37372,0.927542,0.0,8.6,0.382683,26.0,0.382683,0.92388,0.382683,0.92388,13.0,61.0,58.0,1016.5,1015.3,7.0,9.03544,8.17005,0.9,-1.2
0.357698,0.933837,0.2,7.9,6.12323e-17,30.0,0.382683,0.92388,0.382683,0.92388,13.0,64.0,58.0,1020.1,1018.7,6.0,9.02207,7.4263,0.2,-1.4
0.2926,0.956235,0.0,8.5,0.382683,22.0,-1,1.22465e-16,0.382683,0.92388,9.0,68.0,61.0,1018.1,1014.8,6.0,8.27984,6.38453,2.5,-3.3
0.259512,0.96574,0.0,0.2,0.382683,15.0,-0.382683,-0.92388,0.382683,0.92388,2.0,76.0,62.0,1015.0,1011.2,7.0,7.96831,4.51348,3.5,-3.8
0.24285,0.970064,1.4,0.0,6.12323e-17,22.0,-0.707107,0.707107,-0.92388,0.382683,6.0,80.0,92.00000000000001,1011.9,1008.4,8.0,1.35959,3.65946,-1.9,-3.5
0.226116,0.9741,32.6,0.0,-0.707107,26.0,-0.707107,-0.707107,-0.707107,0.707107,7.000000000000001,94.0,78.0,1007.8,1004.2,8.0,4.1271,1.01573,3.1,-3.6
0.209315,0.977848,1.2,8.1,0.382683,15.0,-0.707107,-0.707107,0.382683,0.92388,9.0,70.0,68.0,1005.1,1001.9,5.0,6.49975,5.94647,1.7,-3.2
0.192452,0.981306,0.0,8.5,0.382683,28.0,-1.83697e-16,-1,0.382683,-0.92388,13.0,76.0,39.0,1003.1999999999999,1000.1,2.0,15.928,4.61648,6.5,-3.1
0.175531,0.984474,0.0,11.6,-1.83697e-16,30.0,-0.382683,-0.92388,0.382683,-0.92388,11.0,48.00000000000001,40.0,1006.7,1003.4,3.0,15.2918,12.0499,3.8,-3.3
0.158559,0.987349,0.0,11.2,-1.83697e-16,31.0,-1.83697e-16,-1,-1.83697e-16,-1,14.999999999999998,52.0,34.0,1009.8,1006.5,2.0,17.6333,10.6543,4,-3.3
0.14154,0.989932,0.0,8.6,-1.83697e-16,37.0,-0.707107,-0.707107,-1.83697e-16,-1,14.999999999999998,42.99999999999999,34.0,1011.6999999999999,1008.7,4.0,17.5063,13.5411,3.5,-3
0.124479,0.992222,0.0,10.7,-0.707107,31.0,-0.92388,-0.382683,-0.707107,0.707107,13.0,56.0,48.0,1014.8,1013.8,3.0,11.9968,9.44796,1.7,-1
0.107381,0.994218,0.0,5.2,-0.707107,41.0,-1,1.22465e-16,-0.707107,0.707107,13.0,57.0,52.0,1020.0,1018.2,7.0,10.6148,9.13541,0.6,-1.8
0.0902516,0.995919,0.0,4.8,-0.707107,35.0,-1,1.22465e-16,-0.707107,0.707107,13.0,59.0,69.0,1022.6,1020.6,6.0,6.03843,8.56115,-0.9,-2
0.0730951,0.997325,6.0,0.9,6.12323e-17,28.0,-0.92388,-0.382683,6.12323e-17,1,13.0,75.0,52.0,1022.3,1019.7,8.0,10.5911,4.72023,1.3,-2.6
0.0387223,0.99925,16.0,6.6,-0.382683,22.0,-0.707107,-0.707107,6.12323e-17,1,9.0,79.0,70.0,1020.0,1017.6,7.0,5.87999,3.83925,2.6,-2.4
-0.474951,0.880012,0.2,10.1,-1.83697e-16,20.0,-0.382683,-0.92388,-1,1.22465e-16,6.0,66.0,37.0,1015.3,1011.5,1.0,15.8659,6.59127,5.5,-3.8
-0.490029,0.871706,0.0,10.1,6.12323e-17,17.0,-0.92388,-0.382683,0.382683,0.92388,4.0,66.0,47.0,1015.6,1012.2,3.0,12.1709,6.59631,4.8,-3.4
-0.519744,0.854322,19.6,8.8,-0.382683,20.0,-0.707107,-0.707107,-0.92388,0.382683,6.0,72.0,47.0,1014.0,1011.5,3.0,12.0538,5.19096,4.8,-2.5
-0.534373,0.845249,0.2,8.8,-0.92388,26.0,-0.382683,-0.92388,-0.707107,-0.707107,7.000000000000001,61.0,45.0,1016.3,1014.5,3.0,12.8092,7.76167,5.3,-1.8
-0.548843,0.835925,0.0,9.6,-0.707107,19.0,-0.707107,-0.707107,-1.83697e-16,-1,6.0,53.00000000000001,43.0,1020.4,1016.5,6.0,13.2919,9.84695,3.7,-3.9
-0.563151,0.826354,0.0,10.0,-1.83697e-16,13.0,-0.707107,-0.707107,-1.83697e-16,-1,4.0,67.0,38.0,1018.3,1014.3,3.0,15.2048,6.22806,5.9,-4
-0.591261,0.80648,5.6,0.1,-0.92388,17.0,-0.707107,-0.707107,-1.83697e-16,-1,4.0,90.0,84.0,1013.4,1009.7,7.0,2.71729,1.6516,-0.2,-3.7
-0.605056,0.796183,3.7999999999999994,10.1,-0.382683,31.0,-0.382683,-0.92388,-1.83697e-16,-1,13.0,69.0,47.0,1011.8,1009.8,2.0,11.7324,5.72746,3.9,-2
-0.618671,0.78565,0.0,10.2,0.382683,35.0,-1.83697e-16,-1,0.382683,-0.92388,13.0,49.0,32.0,1014.7,1010.9,0.0,17.3577,10.8783,3.2,-3.8
-0.632103,0.774884,0.0,10.2,-1.83697e-16,41.0,-0.382683,-0.92388,-1.83697e-16,-1,16.999999999999996,44.0,36.0,1014.9,1010.6,1.0,15.6721,12.2883,4.8,-4.3
-0.645348,0.763889,0.0,10.3,-1.83697e-16,22.0,-0.707107,-0.707107,-0.707107,-0.707107,7.000000000000001,47.0,35.0,1016.6,1012.2,1.0,16.21,11.3277,6.1,-4.4
-0.658402,0.752667,0.0,10.3,-1.83697e-16,28.0,-0.707107,-0.707107,-0.382683,-0.92388,6.0,48.00000000000001,31.0,1016.2,1014.4,2.0,18.0079,11.2047,4.4,-1.8
-0.67126,0.741222,0.0,10.0,-0.707107,19.0,-0.707107,-0.707107,-1,1.22465e-16,4.0,42.99999999999999,32.0,1026.0,1024.5,2.0,17.4875,12.625,5.7,-1.5
-0.683919,0.729558,0.0,8.1,-1.83697e-16,17.0,-0.707107,-0.707107,0.92388,-0.382683,2.0,59.0,79.0,1029.5,1026.0,5.0,3.72021,8.09878,1.3,-3.5
-0.696376,0.717677,0.4,8.1,-0.382683,19.0,-0.707107,-0.707107,-0.382683,0.92388,9.0,75.0,53.0,1027.7,1024.2,2.0,10.0431,4.45259,5.6,-3.5
-0.708627,0.705584,0.2,7.299999999999999,-0.707107,28.0,-0.707107,-0.707107,-0.707107,0.707107,9.0,64.0,51.0,1028.6,1025.7,5.0,10.6668,6.91586,4.7,-2.9
-0.720667,0.693281,0.2,6.5,-0.92388,28.0,-0.92388,-0.382683,-0.707107,0.707107,6.0,77.0,87.0,1028.3,1026.2,7.0,2.2213,4.11522,0.7,-2.1
-0.732494,0.680773,4.2,8.9,-0.382683,24.000000000000004,-0.92388,-0.382683,6.12323e-17,1,7.000000000000001,73.0,56.99999999999999,1027.0,1023.9000000000001,6.0,8.94517,4.95043,3.5,-3.1
-0.744104,0.668064,0.4,4.5,6.12323e-17,22.0,-0.382683,-0.92388,-0.707107,0.707107,9.0,85.0,77.0,1025.7,1022.1999999999999,4.0,4.19524,2.54263,4.1,-3.5
-0.755493,0.655156,10.8,4.7,6.12323e-17,15.0,-0.707107,-0.707107,0.382683,0.92388,7.000000000000001,89.0,64.0,1022.9,1017.9,7.0,7.19061,1.85275,4.4,-5
-0.777597,0.628763,11.4,9.7,-1.83697e-16,31.0,-1.83697e-16,-1,-1.83697e-16,-1,9.0,63.0,42.0,1009.3,1005.4,3.0,13.5212,7.20281,3.2,-3.9
-0.788305,0.615285,0.0,10.1,-1.83697e-16,44.0,-1.83697e-16,-1,-1.83697e-16,-1,14.999999999999998,61.0,46.00000000000001,1009.6,1006.5,1.0,11.9057,7.52036,3.2,-3.1
-0.798779,0.601624,0.0,9.6,-0.382683,24.000000000000004,-0.382683,-0.92388,-1.83697e-16,-1,7.000000000000001,55.0,43.0,1013.4,1012.2,2.0,13.0744,9.06754,4.7,-1.2
-0.809017,0.587785,0.0,9.8,-0.707107,19.0,-0.707107,-0.707107,-0.382683,-0.92388,4.0,64.0,39.0,1018.8,1015.8,1.0,14.666,6.82543,6.3,-3
-0.819015,0.573772,0.0,5.5,-0.707107,15.0,-0.707107,-0.707107,6.12323e-17,1,6.0,71.0,59.0,1021.5,1019.2,7.0,8.31259,5.24221,5.2,-2.3
-0.82877,0.559589,0.0,7.499999999999999,-0.382683,24.000000000000004,-0.92388,-0.382683,6.12323e-17,1,13.0,69.0,64.0,1023.0,1018.8,5.0,7.06067,5.77203,2.8,-4.2
-0.83828,0.54524,12.0,8.3,-0.382683,22.0,-0.707107,-0.707107,-0.382683,-0.92388,4.0,87.0,51.0,1018.1,1013.7,4.0,10.6027,2.17167,5.5,-4.4
-0.847541,0.53073,0.2,7.9,-0.382683,19.0,-0.707107,-0.707107,-0.382683,-0.92388,6.0,76.0,56.0,1015.2,1012.7,6.0,9.02292,4.1751,5.3,-2.5
-0.865307,0.501242,0.0,7.4,-0.707107,26.0,-0.707107,-0.707107,-0.92388,-0.382683,7.000000000000001,72.0,53.99999999999999,1017.6,1015.4,6.0,9.75849,5.15109,3.6,-2.2
-0.873807,0.486273,0.0,9.8,-0.382683,19.0,-0.382683,-0.92388,-1.83697e-16,-1,9.0,59.0,44.0,1018.6,1015.2,1.0,12.9381,8.17394,4.6,-3.4
-0.882048,0.47116,0.0,9.8,0.382683,19.0,-1.83697e-16,-1,0.382683,-0.92388,7.000000000000001,73.0,40.0,1018.9,1015.2,2.0,14.3896,4.80627,8.4,-3.7
-0.890028,0.455907,0.0,2.1,-0.382683,13.0,-0.707107,-0.707107,-1.83697e-16,-1,6.0,80.0,49.00000000000001,1018.9,1014.7,6.0,11.2054,3.41067,7.4,-4.2
-0.897743,0.440519,0.0,10.1,-1.83697e-16,20.0,-0.707107,-0.707107,0.382683,-0.92388,6.0,69.0,39.0,1017.4,1014.5,2.0,14.941,5.77203,7.2,-2.9
-0.919286,0.39359,0.0,0.0,-1.83697e-16,22.0,-1.83697e-16,-1,-1.83697e-16,-1,7.000000000000001,42.0,45.0,1017.4,1014.9,7.0,11.5664,12.5548,-0.4,-2.5
-0.925925,0.377708,0.0,9.2,-1.83697e-16,28.0,-0.382683,-0.92388,-1.83697e-16,-1,6.0,51.0,33.0,1017.8,1015.9,2.0,16.7179,9.85559,7.2,-1.9
-0.932289,0.361714,0.0,0.0,-0.382683,17.0,-0.382683,-0.92388,-0.382683,-0.92388,4.0,68.0,65.0,1020.6,1017.8,8.0,6.54332,5.72791,3.2,-2.8
-0.938377,0.345612,3.7999999999999994,1.7,-0.707107,26.0,-0.707107,-0.707107,-0.382683,-0.92388,11.0,93.0,79.0,1016.9,1014.0,7.0,3.6714,1.11589,2.9,-2.9
-0.944188,0.329408,0.2,9.5,-0.382683,28.0,-0.382683,-0.92388,-0.92388,-0.382683,6.0,70.0,53.99999999999999,1014.2,1010.3,2.0,9.73639,5.49306,5.4,-3.9
-0.949718,0.313107,0.0,9.8,-1.83697e-16,33.0,-1.83697e-16,-1,0.382683,-0.92388,14.999999999999998,66.0,53.99999999999999,1012.1,1009.8,4.0,9.53135,6.35672,3,-2.3
-0.959933,0.280231,0.0,9.5,-0.382683,30.0,-1.83697e-16,-1,-0.382683,-0.92388,9.0,65.0,48.0,1015.6,1012.5,2.0,11.4111,6.52801,5.7,-3.1
-0.964614,0.263665,0.0,10.2,-1.83697e-16,43.0,-0.382683,-0.92388,-1.83697e-16,-1,11.0,60.0,43.0,1014.1,1009.3,2.0,13.0744,7.84874,3.7,-4.8
-0.96901,0.247022,0.0,9.7,-1.83697e-16,35.0,-0.382683,-0.92388,-1.83697e-16,-1,16.999999999999996,45.0,33.0,1013.6,1010.5,1.0,16.7304,11.8485,4.6,-3.1
-0.973118,0.230306,0.0,9.1,-0.382683,19.0,-0.382683,-0.92388,-0.382683,-0.92388,4.0,58.00000000000001,41.0,1017.5,1015.2,0.0,13.6076,8.1032,6,-2.3
-0.983709,0.179767,0.0,9.9,-0.382683,37.0,-1.83697e-16,-1,-1.83697e-16,-1,13.0,58.00000000000001,30.000000000000004,1015.9,1013.8,0.0,17.8382,8.18592,3.2,-2.1
-0.986658,0.162807,0.0,9.9,-0.382683,17.0,-0.707107,-0.707107,0.382683,-0.92388,6.0,57.0,33.0,1020.4,1018.1,0.0,16.7808,8.30107,7.4,-2.3
-0.989314,0.145799,0.0,9.6,-0.707107,17.0,-0.707107,-0.707107,-0.92388,0.382683,4.0,63.0,45.0,1025.5,1022.9999999999999,2.0,12.5822,6.91235,9.4,-2.5
-0.991677,0.128748,0.2,9.4,6.12323e-17,30.0,-0.92388,-0.382683,-0.382683,0.92388,13.0,69.0,48.0,1028.5,1025.9,1.0,11.4283,5.73191,3.9,-2.6
-0.993747,0.111659,0.0,9.1,0.707107,24.000000000000004,-0.382683,-0.92388,-0.382683,0.92388,7.000000000000001,69.0,56.0,1028.4,1024.9,1.0,9.08503,5.72302,3.7,-3.5
-0.995521,0.0945367,0.0,0.1,-0.382683,13.0,-0.382683,-0.92388,0.707107,0.707107,4.0,77.0,47.0,1027.3,1024.3,6.0,11.7768,4.00133,6.3,-3
-0.997001,0.0773865,0.0,8.8,6.12323e-17,30.0,-0.92388,-0.382683,-0.707107,0.707107,11.0,62.0,58.0,1029.3,1026.8,3.0,8.54039,7.31404,3.7,-2.5
-0.998186,0.0602133,0.0,4.1,-0.382683,37.0,-0.92388,0.382683,-0.707107,0.707107,13.0,74.0,67.0,1030.6,1028.8,7.0,6.2666,4.64928,2.5,-1.8
-0.999074,0.0430222,6.4,4.9,-0.92388,37.0,-0.707107,-0.707107,-0.92388,0.382683,13.0,82.0,53.0,1031.1,1027.6,4.0,9.83944,3.05698,4.2,-3.5
-0.999667,0.0258184,0.2,8.8,-0.707107,22.0,-0.707107,-0.707107,-0.92388,0.382683,7.000000000000001,70.0,48.0,1026.5,1022.7,6.0,11.437,5.46744,5.1,-3.8
-0.999963,0.008607,0.0,8.7,-0.707107,24.000000000000004,-0.382683,-0.92388,-0.707107,-0.707107,2.0,71.0,47.0,1024.6,1021.0,2.0,11.759,5.25041,5.3,-3.6
-0.999963,-0.008607,0.0,1.2,-0.382683,15.0,-0.707107,-0.707107,0.707107,0.707107,6.0,72.0,63.00000000000001,1023.4,1021.0,7.0,7.21943,5.0442,3.3,-2.4
-0.999667,-0.0258184,0.0,9.5,-1.83697e-16,19.0,-0.707107,-0.707107,0.382683,-0.92388,7.000000000000001,79.0,39.0,1022.5,1017.2,1.0,14.7098,3.6087,8.2,-5.3
-0.999074,-0.0430222,0.0,10.2,-1.83697e-16,43.0,-1.83697e-16,-1,-1.83697e-16,-1,16.999999999999996,55.0,26.999999999999996,1017.3,1013.0,0.0,19.8072,9.28609,2.1,-4.3
-0.998186,-0.0602133,0.0,9.9,-0.382683,31.0,-0.382683,-0.92388,-1.83697e-16,-1,13.0,35.0,26.0,1016.2,1012.8,0.0,20.228,15.4928,4.6,-3.4
-0.997001,-0.0773865,0.0,9.9,-1.83697e-16,39.0,-0.382683,-0.92388,-1.83697e-16,-1,13.0,36.0,32.0,1017.9,1015.9,1.0,17.2801,15.2058,3.4,-2
-0.995521,-0.0945367,0.0,9.7,0.382683,22.0,-0.707107,-0.707107,-0.707107,-0.707107,4.0,53.00000000000001,32.0,1024.4,1020.8,1.0,17.2413,9.43084,6.3,-3.6
-0.993747,-0.111659,0.0,10.1,-1.83697e-16,33.0,-1.83697e-16,-1,-1.83697e-16,-1,14.999999999999998,41.0,28.0,1020.8,1016.9,0.0,19.0266,13.0164,6,-3.9
-0.991677,-0.128748,0.0,10.0,-0.382683,33.0,-0.707107,-0.707107,0.382683,-0.92388,11.0,47.0,29.0,1019.2,1015.1,0.0,18.4428,10.9727,6.9,-4.1
-0.989314,-0.145799,0.0,9.9,-1.83697e-16,35.0,-1.83697e-16,-1,0.382683,-0.92388,9.0,42.0,29.0,1018.9,1017.8,2.0,18.679,12.7808,6,-1.1
-0.986658,-0.162807,0.0,9.9,0.92388,15.0,-0.707107,-0.707107,-0.707107,-0.707107,2.0,62.0,36.0,1024.9,1021.2,0.0,15.6838,7.03323,9.7,-3.7
-0.983709,-0.179767,0.0,9.6,-1.83697e-16,20.0,-0.707107,-0.707107,-0.382683,-0.92388,4.0,63.0,21.0,1022.2,1018.5,3.0,23.5084,6.80963,11.3,-3.7
-0.973118,-0.230306,10.8,0.6,-0.92388,22.0,-0.92388,-0.382683,-1,1.22465e-16,4.0,90.99999999999999,77.0,1028.1,1024.1,7.0,4.02965,1.43681,2.8,-4
-0.96901,-0.247022,1.0,7.8,-0.92388,17.0,-0.707107,-0.707107,-0.92388,0.382683,2.0,74.0,58.0,1022.8,1019.0,3.0,8.55993,4.62032,5,-3.8
-0.964614,-0.263665,0.2,9.9,-0.707107,19.0,-0.707107,-0.707107,-0.382683,-0.92388,6.0,80.0,40.0,1019.4,1015.2,3.0,14.3575,3.41873,8.4,-4.2
-0.959933,-0.280231,0.0,10.2,-0.382683,37.0,-1.83697e-16,-1,-1.83697e-16,-1,16.999999999999996,60.0,30.000000000000004,1016.7,1012.4,0.0,17.9596,7.74005,3.3,-4.3
-0.954967,-0.296713,0.0,10.0,-1.83697e-16,43.0,-1.83697e-16,-1,-1.83697e-16,-1,19.999999999999996,56.0,49.00000000000001,1012.0000000000001,1009.3,1.0,10.8118,8.60732,3.7,-2.7
-0.949718,-0.313107,0.0,10.0,-1.83697e-16,30.0,-0.382683,-0.92388,0.382683,-0.92388,14.999999999999998,51.0,34.0,1012.0000000000001,1008.2,1.0,16.6909,10.2613,5.2,-3.8
-0.944188,-0.329408,0.0,10.0,-0.92388,30.0,-0.382683,-0.92388,-0.92388,-0.382683,9.0,51.0,40.0,1012.1,1009.4,1.0,14.2933,10.2298,5.4,-2.7
-0.938377,-0.345612,0.0,9.8,-0.92388,24.000000000000004,-0.382683,-0.92388,-0.707107,-0.707107,7.000000000000001,54.0,35.0,1014.8,1013.4,3.0,16.0293,9.34284,4.3,-1.4
-0.932289,-0.361714,0.0,9.8,-0.382683,17.0,-0.707107,-0.707107,0.382683,-0.92388,7.000000000000001,56.0,34.0,1019.3000000000001,1016.5,2.0,16.3576,8.68833,5.4,-2.8
-0.925925,-0.377708,0.0,10.1,-0.382683,19.0,-0.707107,-0.707107,-0.382683,-0.92388,4.0,67.0,30.000000000000004,1021.4,1018.2,1.0,18.3806,5.95683,9.6,-3.2
-0.919286,-0.39359,0.2,7.6,-1.83697e-16,22.0,-0.707107,-0.707107,0.382683,-0.92388,6.0,62.0,28.0,1024.1,1019.9,6.0,19.3841,7.11132,9.2,-4.2
-0.912375,-0.409356,0.0,9.7,-0.382683,22.0,-0.707107,-0.707107,-1.83697e-16,-1,6.0,56.0,30.000000000000004,1025.4,1022.5,2.0,18.4352,8.74254,6.9,-2.9
-0.905193,-0.425,0.0,9.7,-0.92388,20.0,-0.92388,-0.382683,-0.707107,0.707107,7.000000000000001,59.0,42.0,1027.9,1024.1,2.0,13.4503,7.87534,7.6,-3.8
-0.897743,-0.440519,0.0,8.2,6.12323e-17,26.0,-0.707107,-0.707107,-0.382683,0.92388,9.0,63.0,49.00000000000001,1026.5,1023.2,4.0,11.0791,7.01581,4.9,-3.3
-0.890028,-0.455907,0.0,8.5,0.382683,30.0,-0.707107,-0.707107,-0.382683,0.92388,11.0,67.0,52.0,1024.7,1021.4999999999999,5.0,10.0922,6.08933,3.9,-3.2
-0.882048,-0.47116,0.0,8.7,-0.382683,20.0,-0.707107,-0.707107,6.12323e-17,1,7.000000000000001,69.0,49.00000000000001,1023.8,1020.1,3.0,10.9785,5.63,4.5,-3.7
-0.873807,-0.486273,0.0,10.0,6.12323e-17,19.0,-0.92388,-0.382683,0.382683,0.92388,7.000000000000001,72.0,40.0,1024.5,1021.0,1.0,14.1867,4.99313,7,-3.5
-0.865307,-0.501242,0.0,9.8,6.12323e-17,17.0,-0.707107,-0.707107,0.382683,0.92388,7.000000000000001,74.0,50.0,1025.3,1022.1999999999999,1.0,10.885,4.59145,6.9,-3.1
-0.856551,-0.516062,0.0,10.0,6.12323e-17,24.000000000000004,-0.707107,-0.707107,-0.382683,0.92388,9.0,73.0,43.0,1026.4,1024.0,2.0,13.1335,4.82134,6.2,-2.4
-0.847541,-0.53073,0.0,9.9,6.12323e-17,22.0,-0.707107,-0.707107,6.12323e-17,1,11.0,72.0,50.0,1029.1,1026.9,2.0,10.7375,5.02453,4.5,-2.2
-0.83828,-0.54524,0.0,4.8,6.12323e-17,30.0,-0.382683,-0.92388,0.382683,0.92388,9.0,67.0,53.0,1028.9,1025.8,5.0,9.98253,6.15611,4.8,-3.1
-0.82877,-0.559589,0.0,9.0,0.707107,20.0,-0.382683,-0.92388,0.92388,0.382683,6.0,73.0,49.00000000000001,1026.2,1021.4,4.0,11.2054,4.81757,6.5,-4.8
-0.819015,-0.573772,0.0,7.299999999999999,0.707107,19.0,-0.707107,-0.707107,0.707107,0.707107,9.0,65.0,53.99999999999999,1020.9,1016.0,2.0,9.78798,6.71803,3.9,-4.9
-0.809017,-0.587785,0.0,10.1,-1.83697e-16,31.0,-1.83697e-16,-1,0.382683,-0.92388,9.0,61.0,31.0,1014.1,1009.2,2.0,18.1015,7.67296,4.8,-4.9
-0.798779,-0.601624,0.0,10.2,-1.83697e-16,37.0,0.382683,-0.92388,0.382683,-0.92388,14.999999999999998,44.0,24.0,1012.5,1008.0,3.0,21.41,12.2883,5,-4.5
-0.788305,-0.615285,0.0,10.1,0.382683,33.0,0.92388,0.382683,-1.83697e-16,-1,13.0,45.0,25.0,1012.4,1007.4,1.0,20.986,11.9678,5.9,-5
-0.777597,-0.628763,0.0,4.5,0.382683,17.0,-0.382683,-0.92388,0.707107,0.707107,9.0,59.0,53.0,1010.4,1006.6,7.0,9.80195,7.8384,5.8,-3.8
-0.766659,-0.642055,0.0,10.3,-1.83697e-16,20.0,-0.707107,-0.707107,0.382683,-0.92388,4.0,53.00000000000001,25.0,1015.7,1013.6,1.0,21.0325,9.51189,7.5,-2.1
-0.755493,-0.655156,0.0,10.8,-0.382683,22.0,-0.382683,-0.92388,0.382683,0.92388,11.0,59.0,48.0,1023.2,1020.4,3.0,11.4456,8.00532,5.2,-2.8
-0.744104,-0.668064,0.0,7.299999999999999,-0.382683,20.0,-0.707107,-0.707107,0.382683,0.92388,7.000000000000001,78.0,53.99999999999999,1025.1,1021.4,6.0,9.54593,3.79183,4.8,-3.7
-0.732494,-0.680773,2.2,10.4,0.707107,19.0,-0.707107,-0.707107,0.707107,0.707107,7.000000000000001,74.0,45.0,1024.2,1019.5,3.0,12.3851,4.57704,6.5,-4.7
-0.720667,-0.693281,0.0,10.5,6.12323e-17,24.000000000000004,-0.707107,-0.707107,0.382683,0.92388,9.0,67.0,53.99999999999999,1021.6,1017.5,3.0,9.6776,6.137,4.9,-4.1
-0.708627,-0.705584,0.0,4.9,0.382683,22.0,-0.707107,-0.707107,0.707107,0.707107,6.0,70.0,60.00000000000001,1020.5000000000001,1017.8,6.0,7.95207,5.48452,2.8,-2.7
-0.696376,-0.717677,0.0,5.6,-1.83697e-16,43.0,0.707107,0.707107,-1.83697e-16,-1,16.999999999999996,80.99999999999999,34.0,1015.0,1012.3,1.0,16.5054,3.26654,5.1,-2.7
-0.683919,-0.729558,0.0,10.8,-1.83697e-16,33.0,-0.382683,-0.92388,-0.382683,-0.92388,11.0,42.0,33.0,1017.9,1014.6,2.0,16.907,12.9194,5,-3.3
-0.67126,-0.741222,0.0,7.8,-1,26.0,-0.707107,-0.707107,-1,1.22465e-16,9.0,55.0,50.0,1021.6,1018.8,7.0,10.7457,8.99758,4.6,-2.8
-0.658402,-0.752667,3.0,1.9,-0.707107,37.0,-0.92388,-0.382683,-0.707107,0.707107,16.999999999999996,89.0,51.0,1026.4,1024.2,7.0,10.4432,1.77439,6.7,-2.2
-0.645348,-0.763889,8.0,8.3,-0.707107,48.00000000000001,-0.707107,-0.707107,-0.92388,0.382683,19.999999999999996,70.0,49.00000000000001,1028.2,1026.1,5.0,11.0707,5.47171,4.3,-2.1
-0.632103,-0.774884,15.199999999999998,6.6,-0.382683,44.0,-0.707107,-0.707107,-0.382683,0.92388,11.0,88.0,74.0,1026.9,1024.2,5.0,4.78072,2.00424,3,-2.7
-0.618671,-0.78565,6.8,5.2,-0.92388,35.0,-0.92388,-0.382683,-0.707107,0.707107,14.999999999999998,66.0,55.0,1025.7,1022.7,7.0,9.36425,6.44108,2.8,-3
-0.605056,-0.796183,0.0,6.1,-0.92388,24.000000000000004,-0.707107,-0.707107,-0.382683,0.92388,9.0,61.0,64.0,1025.0,1022.4000000000001,4.0,7.08764,7.69657,2.2,-2.6
-0.591261,-0.80648,0.0,5.2,6.12323e-17,20.0,-0.707107,-0.707107,6.12323e-17,1,13.0,69.0,65.0,1025.2,1021.7,7.0,6.86883,5.83472,2.3,-3.5
-0.577292,-0.816538,5.2,0.0,0.707107,22.0,6.12323e-17,1,0.382683,0.92388,7.000000000000001,94.0,93.0,1021.9,1015.7,8.0,1.15874,0.980953,1,-6.2
-0.563151,-0.826354,23.599999999999998,8.4,-1.83697e-16,20.0,-0.382683,-0.92388,0.382683,0.92388,6.0,69.0,56.0,1019.7,1016.5,4.0,9.22381,5.83921,3.1,-3.2
-0.548843,-0.835925,0.0,10.2,6.12323e-17,19.0,-0.707107,-0.707107,0.707107,0.707107,7.000000000000001,73.0,53.99999999999999,1020.7,1017.3,3.0,9.90639,4.95425,5.2,-3.4
-0.534373,-0.845249,0.0,2.8,0.707107,28.0,-1.83697e-16,-1,0.382683,0.92388,7.000000000000001,76.0,62.0,1020.8,1017.0,7.0,7.5771,4.29089,3.4,-3.8
-0.519744,-0.854322,12.8,10.9,6.12323e-17,20.0,-0.707107,-0.707107,0.382683,0.92388,9.0,80.0,52.0,1022.7,1019.4,1.0,10.3402,3.45379,6.2,-3.3
-0.504961,-0.863142,0.0,10.8,6.12323e-17,22.0,-0.92388,-0.382683,0.707107,0.707107,9.0,69.0,45.0,1024.0,1019.8,2.0,12.5634,5.79438,4.4,-4.2
-0.490029,-0.871706,0.0,9.9,-0.382683,31.0,-0.92388,-0.382683,-0.382683,0.92388,13.0,69.0,53.99999999999999,1025.1,1022.9,5.0,9.64093,5.83921,1.2,-2.2
-0.474951,-0.880012,0.0,9.2,-0.707107,30.0,-0.92388,-0.382683,-0.382683,0.92388,11.0,58.00000000000001,40.0,1029.2,1026.0,6.0,14.1654,8.41065,3.1,-3.2
-0.459733,-0.888057,0.0,8.3,-0.707107,24.000000000000004,-0.92388,-0.382683,6.12323e-17,1,11.0,57.0,53.0,1029.0,1025.7,3.0,9.89204,8.63682,2.4,-3.3
-0.444378,-0.895839,0.4,9.2,6.12323e-17,33.0,-0.92388,-0.382683,6.12323e-17,1,14.999999999999998,72.0,42.0,1028.5,1024.6,2.0,13.4503,5.15507,2.7,-3.9
-0.428892,-0.903356,0.2,10.0,0.382683,22.0,-0.382683,-0.92388,6.12323e-17,1,11.0,62.0,56.0,1024.6,1019.9,4.0,9.16818,7.42215,3.2,-4.7
-0.413279,-0.910605,0.0,10.6,0.382683,22.0,-0.707107,-0.707107,0.707107,0.707107,9.0,73.0,43.0,1020.8,1017.4,1.0,13.3814,4.94661,5.4,-3.4
-0.397543,-0.917584,0.0,11.0,0.382683,26.0,-1.83697e-16,-1,0.707107,0.707107,11.0,65.0,44.0,1020.6,1016.2,8.0,13.0156,6.77504,4.2,-4.4
-0.381689,-0.924291,0.0,2.0,0.382683,37.0,1,0,-0.707107,-0.707107,7.000000000000001,67.0,80.0,1012.6000000000001,1008.4,7.0,3.41067,6.30526,-5.2,-4.2
-0.365723,-0.930724,14.6,11.2,-1.83697e-16,46.0,-1.83697e-16,-1,-1.83697e-16,-1,22.0,50.0,28.0,1013.4,1010.1,1.0,18.9271,10.2451,5.2,-3.3
-0.349647,-0.936881,0.0,11.2,-0.382683,31.0,-1.83697e-16,-1,-1.83697e-16,-1,13.0,42.0,26.999999999999996,1017.2,1012.8,1.0,19.9544,12.8896,6.8,-4.4
-0.333469,-0.942761,0.0,8.3,0.382683,26.0,-0.92388,-0.382683,0.707107,0.707107,6.0,42.0,38.0,1021.0,1020.0,7.0,14.6456,13.0786,1.3,-1
-0.317191,-0.948362,0.0,9.6,6.12323e-17,24.000000000000004,-1,1.22465e-16,0.382683,0.92388,9.0,55.0,52.0,1027.8,1024.5,2.0,10.1771,9.20826,1.8,-3.3
-0.30082,-0.953681,0.0,10.8,0.382683,24.000000000000004,-0.92388,-0.382683,0.92388,0.382683,7.000000000000001,59.0,36.0,1027.1,1021.4999999999999,0.0,16.1093,8.18021,6.2,-5.6
-0.284359,-0.958718,0.0,11.3,0.707107,20.0,-0.707107,-0.707107,0.382683,0.92388,9.0,49.0,21.0,1024.2,1019.4,1.0,23.9929,10.9534,6.9,-4.8
-0.267814,-0.963471,0.0,11.3,-1.83697e-16,20.0,-0.707107,-0.707107,0.707107,0.707107,6.0,42.99999999999999,21.0,1021.4,1016.2,1.0,24.4643,12.9859,8.3,-5.2
-0.25119,-0.967938,0.0,11.0,0.92388,17.0,-0.707107,-0.707107,0.92388,0.382683,7.000000000000001,44.0,23.000000000000004,1019.8,1016.1,0.0,23.4963,12.7934,8.8,-3.7
-0.234491,-0.972118,0.0,10.6,0.707107,19.0,-0.382683,-0.92388,0.707107,0.707107,7.000000000000001,47.0,25.0,1021.1,1017.2,0.0,22.2262,11.8124,8.5,-3.9
-0.217723,-0.976011,0.0,10.6,0.382683,24.000000000000004,-0.92388,-0.382683,0.382683,0.92388,11.0,48.00000000000001,28.0,1021.2,1016.6,0.0,20.2839,11.5063,6.6,-4.6
-0.200891,-0.979614,0.0,10.3,0.92388,31.0,0.382683,0.92388,0.707107,0.707107,9.0,55.0,56.99999999999999,1018.1,1012.7,8.0,9.04685,9.45702,2,-5.4
-0.183998,-0.982927,0.0,11.2,6.12323e-17,31.0,-0.707107,0.707107,6.12323e-17,1,14.999999999999998,56.0,46.00000000000001,1019.2,1017.1,1.0,12.3073,9.22381,1.1,-2.1
-0.167052,-0.985948,0.0,11.0,-0.382683,26.0,-0.382683,0.92388,0.382683,0.92388,13.0,55.0,45.0,1024.7,1021.3000000000001,1.0,12.6105,9.45702,1.4,-3.4
-0.150055,-0.988678,0.0,10.7,0.382683,22.0,-1.83697e-16,-1,0.707107,0.707107,9.0,58.00000000000001,51.0,1022.8,1017.8,1.0,10.7955,8.55341,3.8,-5
-0.133015,-0.991114,0.0,9.9,1,24.000000000000004,0.382683,-0.92388,0.92388,0.382683,9.0,65.0,52.0,1020.1999999999999,1016.0,2.0,10.5439,6.83749,3.9,-4.2
-0.115935,-0.993257,0.2,9.4,0.707107,28.0,0.707107,-0.707107,0.707107,0.707107,13.0,62.0,66.0,1015.4,1009.0,5.0,6.70757,7.64067,0.8,-6.4
-0.0988201,-0.995105,0.0,8.2,-0.707107,28.0,-0.92388,-0.382683,-0.707107,0.707107,9.0,53.00000000000001,55.0,1017.4,1015.6,7.0,9.43557,9.92216,1,-1.8
-0.0816764,-0.996659,0.0,11.2,6.12323e-17,24.000000000000004,-1,1.22465e-16,-0.382683,0.92388,11.0,54.0,47.0,1021.7,1018.2,2.0,11.8658,9.65559,1.5,-3.5
-0.0645084,-0.997917,0.0,3.1,0.707107,19.0,-0.382683,-0.92388,0.382683,0.92388,6.0,57.0,53.99999999999999,1020.0,1016.5,7.0,9.6776,8.78364,1.1,-3.5
-0.0473214,-0.99888,0.0,3.1,0.92388,28.0,1,0,0.92388,-0.382683,9.0,69.0,66.0,1013.2,1006.7,2.0,6.62152,5.79886,2.9,-6.5
-0.0301203,-0.999546,3.2,11.6,0.382683,39.0,-0.382683,-0.92388,-1.83697e-16,-1,14.999999999999998,30.0,21.0,1011.0,1006.2,0.0,23.9234,18.2307,4.5,-4.8
-0.0129103,-0.999917,0.0,9.4,-1.83697e-16,44.0,-0.382683,-0.92388,-0.382683,-0.92388,14.999999999999998,55.0,23.000000000000004,1006.0,1001.9,3.0,22.6654,9.2436,6.6,-4.1
0.00430354,-0.999991,0.0,11.5,-1.83697e-16,48.00000000000001,-0.382683,-0.92388,-0.382683,-0.92388,19.999999999999996,40.0,30.000000000000004,1010.5,1009.0,5.0,18.2171,13.7955,2.9,-1.5
0.0215161,-0.999769,0.0,6.0,-0.92388,28.0,-1,1.22465e-16,0.707107,0.707107,4.0,50.0,72.0,1018.1,1016.5,7.0,5.12327,10.7457,-2.1,-1.6
0.0387223,-0.99925,6.0,11.4,-0.92388,28.0,-0.382683,-0.92388,0.382683,0.92388,13.0,53.00000000000001,44.0,1022.0,1018.1,1.0,12.8319,9.74958,3.8,-3.9
0.055917,-0.998435,0.2,7.299999999999999,6.12323e-17,19.0,-0.92388,0.382683,6.12323e-17,1,6.0,56.0,52.0,1021.9,1017.4,7.0,10.2469,9.02292,1.5,-4.5
0.0902516,-0.995919,5.4,8.4,-1.83697e-16,20.0,-0.707107,-0.707107,1,0,6.0,68.0,51.0,1014.0,1009.3,3.0,10.9007,6.1524,4.3,-4.7
0.107381,-0.994218,14.6,3.6,-0.382683,43.0,-0.382683,-0.92388,0.382683,-0.92388,9.0,93.0,46.00000000000001,1011.6,1005.9,7.0,12.3073,1.1292,8,-5.7
0.124479,-0.992222,1.4,11.1,-1.83697e-16,33.0,-1,1.22465e-16,-1.83697e-16,-1,9.0,53.00000000000001,29.0,1010.9,1005.6,7.0,19.7519,10.1114,5.2,-5.3
0.14154,-0.989932,0.0,5.1,-1.83697e-16,19.0,-0.707107,-0.707107,-0.707107,-0.707107,6.0,67.0,39.0,1012.0000000000001,1008.4,4.0,14.941,6.24732,6.6,-3.6
0.158559,-0.987349,0.0,11.8,0.707107,28.0,1,0,1,0,7.000000000000001,52.0,44.0,1012.8,1008.3,2.0,13.2103,10.4261,2.6,-4.5
0.175531,-0.984474,0.0,10.9,0.382683,24.000000000000004,-0.707107,0.707107,0.382683,0.92388,13.0,65.0,59.0,1015.2,1012.1,1.0,8.61258,6.93695,2.6,-3.1
0.192452,-0.981306,0.0,6.8,6.12323e-17,30.0,6.12323e-17,1,0.707107,0.707107,13.0,69.0,63.00000000000001,1019.2,1016.1,7.0,7.54997,6.05213,1,-3.1
0.209315,-0.977848,30.799999999999997,7.8,6.12323e-17,24.000000000000004,-1,1.22465e-16,6.12323e-17,1,13.0,78.0,62.0,1017.8,1013.1,2.0,7.8388,4.0005,4.3,-4.7
0.226116,-0.9741,13.8,5.8,-1,28.0,-0.92388,-0.382683,0.382683,0.92388,9.0,83.0,68.0,1009.3,1004.8,1.0,6.32729,3.02794,2.9,-4.5
0.24285,-0.970064,6.2,12.0,0.382683,20.0,-0.382683,-0.92388,0.382683,0.92388,11.0,64.0,49.00000000000001,1014.2,1013.2,1.0,11.6315,7.21238,3.4,-1
0.259512,-0.96574,0.6,1.0,-0.92388,54.0,-0.707107,0.707107,-0.707107,0.707107,16.999999999999996,74.0,63.00000000000001,1025.9,1026.5,7.0,7.28051,4.82862,-1,0.6
0.276097,-0.96113,0.4,9.0,-0.707107,33.0,-0.382683,0.92388,-0.382683,0.92388,19.0,42.0,47.0,1031.0,1028.5,6.0,11.8837,13.4503,1.1,-2.5
0.2926,-0.956235,0.0,8.8,6.12323e-17,31.0,-0.92388,0.382683,6.12323e-17,1,14.999999999999998,65.0,48.0,1029.9,1026.4,7.0,11.5583,6.81664,1.8,-3.5
0.309017,-0.951057,0.0,5.7,6.12323e-17,26.0,6.12323e-17,1,6.12323e-17,1,13.0,52.0,50.0,1028.3,1024.7,6.0,11.0085,10.2857,1.6,-3.6
0.325342,-0.945596,0.0,10.4,6.12323e-17,30.0,-0.382683,0.92388,6.12323e-17,1,13.0,59.0,51.0,1025.8,1022.5,5.0,10.7794,8.40141,1.9,-3.3
0.341571,-0.939856,0.0,7.9,0.382683,30.0,-0.382683,0.92388,6.12323e-17,1,16.999999999999996,63.0,63.00000000000001,1024.5,1022.1999999999999,6.0,7.42026,7.3922,0.5,-2.3
0.357698,-0.933837,0.0,12.0,6.12323e-17,28.0,6.12323e-17,1,0.382683,0.92388,11.0,56.0,53.0,1023.8,1020.8,2.0,10.1799,9.23774,1.3,-3
0.37372,-0.927542,0.0,11.5,6.12323e-17,24.000000000000004,-0.382683,-0.92388,0.707107,0.707107,9.0,60.0,47.0,1019.9000000000001,1015.3,7.0,12.1619,8.19159,2.6,-4.6
0.38963,-0.920971,0.0,11.1,0.92388,28.0,6.12323e-17,1,0.92388,0.382683,11.0,58.00000000000001,58.0,1015.5,1011.5,6.0,8.94201,8.85567,1.3,-4
0.405426,-0.914128,0.0,7.1,6.12323e-17,30.0,-0.92388,0.382683,6.12323e-17,1,11.0,69.0,62.0,1015.8,1013.4,2.0,7.82708,6.06128,1.2,-2.4
0.421101,-0.907014,6.2,6.1,-0.92388,35.0,-1,1.22465e-16,-0.707107,0.707107,14.999999999999998,68.0,67.0,1018.0,1015.9,5.0,6.48064,6.26083,-0.3,-2.1
0.436651,-0.899631,0.0,0.8,-0.707107,22.0,-0.382683,0.92388,6.12323e-17,1,9.0,62.0,62.0,1019.0,1016.2,7.0,7.69869,7.68126,0.3,-2.8
0.452072,-0.891981,0.0,5.7,0.382683,19.0,0.92388,-0.382683,0.707107,0.707107,7.000000000000001,62.0,60.00000000000001,1016.2,1013.1,2.0,8.30952,7.65806,2.3,-3.1
0.467359,-0.884068,0.0,7.299999999999999,-0.707107,26.0,0.707107,-0.707107,0.92388,0.382683,9.0,66.0,60.00000000000001,1014.1,1010.3,6.0,8.45966,6.78394,2.7,-3.8
0.482508,-0.875892,28.4,1.5,-0.707107,39.0,-0.707107,0.707107,-0.707107,0.707107,14.999999999999998,71.0,60.00000000000001,1015.7,1014.9,7.0,8.20396,5.54542,0.3,-0.8
0.497513,-0.867456,0.0,8.9,-1,24.000000000000004,-0.92388,0.382683,6.12323e-17,1,7.000000000000001,58.00000000000001,51.0,1018.7,1014.4,6.0,10.7794,8.66453,1.9,-4.3
0.512371,-0.858764,0.0,12.0,0.382683,26.0,0.92388,0.382683,0.92388,0.382683,7.000000000000001,58.00000000000001,55.0,1014.0,1008.9,3.0,9.82522,8.79613,2.8,-5.1
0.527078,-0.849817,0.0,12.3,-0.707107,30.0,-1,1.22465e-16,0.382683,0.92388,13.0,54.0,62.0,1010.7999999999998,1007.6,1.0,7.8799,10.0404,0.4,-3.2
0.541628,-0.840618,0.0,9.8,6.12323e-17,30.0,-0.382683,0.92388,0.382683,0.92388,16.999999999999996,57.0,53.99999999999999,1016.4,1014.7,2.0,10.0031,9.06725,1.3,-1.7
0.556017,-0.831171,0.0,7.0,6.12323e-17,20.0,-0.382683,0.92388,0.382683,0.92388,9.0,64.0,49.00000000000001,1020.3,1017.5,7.0,11.4261,7.18517,1.5,-2.8
0.570242,-0.821477,0.0,9.9,0.707107,28.0,0.707107,0.707107,0.707107,0.707107,11.0,55.0,49.00000000000001,1018.2,1014.8,6.0,11.4602,9.54304,1.8,-3.4
0.584298,-0.811539,0.0,12.0,0.707107,26.0,0.92388,0.382683,0.92388,0.382683,9.0,52.0,53.0,1018.5,1015.4,1.0,10.3331,10.5911,0.5,-3.1
0.598181,-0.801361,0.0,13.1,0.92388,28.0,0.707107,-0.707107,0.707107,0.707107,11.0,53.00000000000001,46.00000000000001,1019.7,1016.1,1.0,12.594,10.2028,2.4,-3.6
0.611886,-0.790946,0.0,12.4,0.707107,28.0,0.92388,-0.382683,0.707107,0.707107,11.0,55.0,56.0,1019.5999999999999,1016.0,1.0,9.53268,9.73797,1.1,-3.6
0.625411,-0.780296,0.0,12.2,0.92388,28.0,1,0,0.707107,0.707107,11.0,48.00000000000001,55.0,1017.5,1014.0,2.0,9.8982,11.9437,1.2,-3.5
0.638749,-0.769415,0.0,9.7,6.12323e-17,28.0,0.382683,0.92388,0.382683,0.92388,14.999999999999998,66.0,53.99999999999999,1020.0,1017.9,1.0,10.1828,6.82997,2.4,-2.1
0.651899,-0.758306,0.0,12.5,6.12323e-17,22.0,0.707107,0.707107,0.382683,0.92388,7.000000000000001,56.0,47.0,1019.2,1016.3,1.0,12.3067,9.45501,1.4,-2.9
0.664855,-0.746972,0.0,11.0,0.707107,30.0,1,0,0.707107,0.707107,11.0,56.0,55.0,1017.7,1013.7,7.0,9.81065,9.45501,1,-4
0.677615,-0.735417,0.0,12.2,0.382683,30.0,0.92388,0.382683,0.707107,0.707107,13.0,51.0,58.0,1016.5,1013.3,1.0,9.00202,11.0227,0.2,-3.2
0.690173,-0.723644,0.0,12.2,0.382683,22.0,1,0,0.92388,0.382683,11.0,51.0,52.0,1017.3,1014.6,1.0,10.9168,11.088,1.7,-2.7
0.702527,-0.711657,0.0,10.5,0.92388,26.0,0.92388,-0.382683,0.707107,0.707107,13.0,50.0,45.0,1018.7,1015.5,3.0,13.0861,11.4589,-0.3,-3.2
0.714673,-0.699458,0.0,6.5,0.382683,20.0,0.382683,0.92388,0.92388,0.382683,7.000000000000001,53.00000000000001,52.0,1019.1,1015.8,7.0,10.7653,10.3946,0.9,-3.3
0.726608,-0.687053,0.0,3.8,0.707107,22.0,0.92388,0.382683,0.707107,0.707107,7.000000000000001,60.0,52.0,1018.8,1015.5,5.0,10.7097,8.37192,1.1,-3.3
0.738326,-0.674444,0.0,12.5,0.382683,24.000000000000004,0.382683,0.92388,0.382683,0.92388,11.0,54.0,50.0,1019.1,1016.2,1.0,11.3162,10.0703,0.5,-2.9
0.749826,-0.661635,0.0,12.4,0.92388,30.0,0.707107,0.707107,0.92388,0.382683,13.0,54.0,53.0,1018.1,1013.3,1.0,10.4718,10.0703,1.4,-4.8
0.761104,-0.64863,0.0,12.5,6.12323e-17,28.0,0.707107,-0.707107,0.92388,0.382683,9.0,50.0,39.0,1016.1,1013.2,1.0,15.3524,11.3581,1.4,-2.9
0.772157,-0.635432,0.0,9.2,0.707107,39.0,0.707107,0.707107,0.707107,0.707107,14.999999999999998,55.0,56.99999999999999,1015.3,1011.1,7.0,9.29313,9.74523,1.6,-4.2
0.78298,-0.622047,0.0,7.1,0.707107,28.0,1,0,0.707107,0.707107,13.0,59.0,69.0,1014.1,1011.6,6.0,6.22701,8.78723,-0.3,-2.5
0.793572,-0.608477,1.6,0.0,-0.707107,17.0,-0.92388,-0.382683,-1,1.22465e-16,4.0,90.0,80.0,1018.6,1016.4,7.0,3.67338,1.70506,3.2,-2.2
0.814046,-0.5808,0.6,5.9,1,28.0,1,0,0.92388,0.382683,9.0,55.0,70.0,1013.9,1010.9,7.0,5.9154,9.87628,-1.5,-3
0.823923,-0.566702,3.2,12.6,0.707107,24.000000000000004,-0.92388,-0.382683,0.382683,0.92388,13.0,60.0,56.0,1012.3,1009.5,2.0,9.74609,8.4848,2.2,-2.8
0.852078,-0.523416,0.0,7.499999999999999,0.382683,26.0,0.382683,0.92388,0.382683,0.92388,9.0,57.0,61.0,1016.4,1012.6,4.0,8.23096,9.28625,0.5,-3.8
0.860961,-0.508671,0.0,0.9,-0.707107,35.0,-0.382683,-0.92388,-0.707107,0.707107,11.0,65.0,71.0,1011.6999999999999,1010.6,7.0,5.57071,7.17529,-3.9,-1.1
0.869589,-0.493776,13.000000000000002,2.3,-0.92388,33.0,-0.92388,-0.382683,-0.707107,0.707107,13.0,58.00000000000001,56.99999999999999,1015.3,1014.2,7.0,9.02647,8.70391,0.8,-1.1
0.87796,-0.478734,0.0,12.2,6.12323e-17,30.0,-0.707107,0.707107,6.12323e-17,1,13.0,49.0,44.0,1017.8,1014.9,2.0,13.142,11.3835,1.3,-2.9
0.886071,-0.46355,0.0,8.7,6.12323e-17,22.0,0.382683,0.92388,0.707107,0.707107,9.0,58.00000000000001,53.99999999999999,1015.6,1011.2,7.0,10.0404,8.81596,1.5,-4.4
0.893919,-0.448229,0.0,2.4,-0.382683,37.0,-0.92388,0.382683,-0.382683,0.92388,14.999999999999998,64.0,58.0,1015.3,1013.4,7.0,8.73679,7.19605,0.1,-1.9
0.901502,-0.432776,0.0,0.0,-0.92388,33.0,-0.92388,0.382683,-0.707107,0.707107,14.999999999999998,55.0,56.99999999999999,1015.5,1013.2,7.0,8.89791,9.47133,-0.4,-2.3
0.908818,-0.417194,5.799999999999999,0.0,-0.707107,20.0,-1,1.22465e-16,6.12323e-17,1,7.000000000000001,93.0,93.0,1011.2,1009.5,8.0,1.15065,1.14437,0.7,-1.7
0.915864,-0.401488,36.0,1.7,-0.707107,37.0,-0.92388,-0.382683,-0.707107,0.707107,16.999999999999996,96.00000000000001,69.0,1008.8,1007.8,7.0,6.00197,0.656663,3.4,-1
0.92264,-0.385663,2.4,10.8,6.12323e-17,24.000000000000004,-0.92388,0.382683,6.12323e-17,1,11.0,58.00000000000001,62.0,1012.5,1010.5,7.0,7.82122,8.84242,0.5,-2
0.929141,-0.369725,19.4,2.2,0.707107,20.0,-0.92388,-0.382683,0.707107,0.707107,9.0,90.99999999999999,82.0,1011.6,1006.6,6.0,3.2447,1.52494,2.3,-5
0.935368,-0.353676,1.6,6.8,-0.382683,30.0,-0.707107,0.707107,0.382683,-0.92388,4.0,72.0,88.0,1005.5,1004.1,7.0,2.12513,5.48244,-2.2,-1.4
0.941317,-0.337523,10.0,10.2,-1.83697e-16,33.0,-0.92388,-0.382683,-1.83697e-16,-1,14.999999999999998,74.0,41.0,1002.2,999.1,4.0,14.9671,5.04897,5.2,-3.1
0.946988,-0.32127,0.0,11.1,0.382683,28.0,0.92388,-0.382683,0.382683,0.92388,14.999999999999998,54.0,66.0,1006.0,1005.0,3.0,6.91732,10.0479,1.1,-1
0.952378,-0.304921,2.0,10.6,6.12323e-17,31.0,-0.92388,0.382683,6.12323e-17,1,16.999999999999996,67.0,62.0,1013.0,1011.1,5.0,7.8799,6.61867,0.3,-1.9
0.957485,-0.288482,1.2,0.0,-0.707107,26.0,6.12323e-17,1,-0.382683,0.92388,14.999999999999998,83.0,71.0,1017.0,1015.1,8.0,5.51598,3.01405,0.7,-1.9
0.962309,-0.271958,0.2,2.4,-0.707107,30.0,-0.382683,0.92388,-0.382683,0.92388,16.999999999999996,55.0,55.0,1018.2,1017.3,6.0,9.56461,9.5934,-0.4,-0.9
0.966848,-0.255353,0.0,10.9,0.382683,35.0,-0.707107,0.707107,-0.382683,0.92388,19.0,52.0,50.0,1019.8,1017.6,4.0,11.1494,10.4888,0.7,-2.2
0.9711,-0.238673,0.0,2.1,6.12323e-17,24.000000000000004,-0.707107,0.707107,0.382683,0.92388,9.0,60.0,53.99999999999999,1018.6,1016.0,8.0,9.91381,8.27841,-0.1,-2.6
0.975065,-0.221922,0.0,6.0,0.382683,28.0,0.92388,0.382683,0.707107,0.707107,11.0,61.0,53.99999999999999,1015.3,1011.9,7.0,10.0329,7.98262,2.1,-3.4
0.97874,-0.205104,0.0,12.2,0.92388,26.0,0.707107,-0.707107,0.92388,0.382683,9.0,54.0,51.0,1013.2,1011.4,4.0,11.039,10.0404,1.3,-1.8
0.982126,-0.188227,0.0,9.3,0.382683,24.000000000000004,-1.83697e-16,-1,0.382683,0.92388,14.999999999999998,76.0,56.0,1015.2,1013.0,3.0,9.49028,4.51006,2,-2.2
0.98522,-0.171293,3.4,10.9,6.12323e-17,33.0,-0.382683,0.92388,6.12323e-17,1,14.999999999999998,61.0,52.0,1014.9,1012.9,7.0,10.7018,8.12147,0.8,-2
0.988023,-0.154309,0.4,0.9,-0.707107,33.0,-0.707107,0.707107,-0.707107,0.707107,13.0,66.0,86.0,1011.0,1009.4,8.0,2.4677,6.85048,-3.2,-1.6
0.990532,-0.137279,29.6,4.2,-0.707107,37.0,-0.707107,0.707107,-0.382683,0.92388,16.999999999999996,87.0,62.0,1009.1,1007.5,7.0,7.8799,2.30117,2.5,-1.6
0.992749,-0.120208,1.8000000000000003,12.3,-0.707107,37.0,-0.707107,0.707107,-0.382683,0.92388,19.0,62.0,52.0,1008.6,1006.4,1.0,10.7494,7.8388,1.8,-2.2
0.994671,-0.103102,0.0,13.1,0.382683,26.0,-0.382683,-0.92388,6.12323e-17,1,13.0,55.0,50.0,1007.5,1003.9,1.0,11.5011,9.72347,3.5,-3.6
0.996298,-0.0859648,0.0,4.5,-0.707107,43.0,-0.382683,-0.92388,6.12323e-17,1,4.0,67.0,48.0,1004.6,1001.1,6.0,12.38,6.64347,5.1,-3.5
0.99763,-0.0688024,5.4,11.0,-0.92388,24.000000000000004,-0.92388,-0.382683,-0.707107,0.707107,4.0,56.0,56.0,1008.1,1006.0,6.0,9.56809,9.46911,1.4,-2.1
0.998667,-0.0516197,0.0,7.8,6.12323e-17,30.0,-0.92388,-0.382683,-0.382683,0.92388,9.0,57.0,56.0,1010.4,1009.3,7.0,9.52561,9.09449,2.2,-1.1
0.999407,-0.0344216,0.0,5.3,-0.707107,43.0,-1,1.22465e-16,-0.382683,0.92388,19.0,56.0,61.0,1014.5,1013.1,6.0,8.08514,9.37062,0.9,-1.4
0.999852,-0.0172134,0.2,5.5,-0.707107,33.0,-0.92388,0.382683,-0.92388,0.382683,13.0,58.00000000000001,59.0,1016.5,1014.7,7.0,8.54832,8.85567,-0.6,-1.8
1,0,2.4,13.1,6.12323e-17,33.0,-0.92388,0.382683,-0.382683,0.92388,14.999999999999998,55.0,46.00000000000001,1016.4,1013.9,3.0,12.6126,9.68725,1.8,-2.5
0.999852,0.0172134,0.0,13.0,6.12323e-17,28.0,-0.92388,0.382683,6.12323e-17,1,11.0,53.00000000000001,45.0,1018.0,1015.7,2.0,12.9808,10.3177,1.4,-2.3
0.998667,0.0516197,0.0,12.7,0.92388,28.0,-0.382683,0.92388,0.707107,0.707107,9.0,52.0,48.0,1017.4,1013.0,2.0,12.0765,10.5754,3,-4.4
0.99763,0.0688024,0.0,6.6,0.382683,26.0,0.382683,0.92388,0.707107,0.707107,11.0,68.0,59.0,1015.5,1013.2,3.0,8.65769,6.38931,-0.1,-2.3
0.996298,0.0859648,0.0,8.3,0.707107,22.0,-0.707107,-0.707107,0.382683,0.92388,11.0,62.0,53.99999999999999,1012.2,1009.5,2.0,10.2733,7.82708,3.6,-2.7
0.994671,0.103102,0.0,5.8,6.12323e-17,20.0,-0.382683,0.92388,6.12323e-17,1,9.0,75.0,65.0,1014.9,1012.7,5.0,7.15395,4.72023,2.8,-2.2
0.992749,0.120208,0.0,11.6,0.382683,26.0,0.92388,-0.382683,0.92388,0.382683,11.0,65.0,62.0,1013.1,1009.1,1.0,8.02752,7.14862,2,-4
0.990532,0.137279,0.0,12.7,0.382683,24.000000000000004,0.707107,-0.707107,0.382683,0.92388,11.0,54.0,56.99999999999999,1007.8,1003.5,2.0,9.67556,10.3186,3.3,-4.3
0.988023,0.154309,0.0,10.6,6.12323e-17,28.0,-1,1.22465e-16,6.12323e-17,1,14.999999999999998,71.0,56.0,1008.7,1005.5,1.0,9.78188,5.78796,1.8,-3.2
0.98522,0.171293,0.0,11.9,-1.83697e-16,33.0,-0.382683,-0.92388,-0.382683,-0.92388,11.0,37.0,16.0,1007.3,1003.1,5.0,29.8625,16.4776,4.8,-4.2
0.982126,0.188227,0.0,9.6,-0.707107,35.0,-0.707107,0.707107,6.12323e-17,1,16.999999999999996,46.0,49.00000000000001,1012.1,1011.4,5.0,11.5371,12.6405,-1.4,-0.7
0.97874,0.205104,0.0,9.7,6.12323e-17,28.0,6.12323e-17,1,0.382683,0.92388,11.0,55.0,53.0,1016.4,1013.6,5.0,10.3254,9.66556,1.1,-2.8
0.975065,0.221922,0.0,3.1,0.382683,26.0,0.382683,0.92388,0.382683,0.92388,13.0,61.0,56.99999999999999,1015.3,1012.5,7.0,9.17643,8.03078,1.2,-2.8
0.9711,0.238673,2.4,2.8,0.382683,37.0,-0.382683,0.92388,-0.707107,0.707107,6.0,64.0,63.00000000000001,1014.5,1013.0,7.0,7.54997,7.29977,0,-1.5
0.966848,0.255353,44.4,0.2,-0.707107,43.0,-0.382683,0.92388,-0.382683,0.92388,13.0,90.0,75.0,1016.5,1015.0,7.0,4.70596,1.71428,2.2,-1.5
0.962309,0.271958,34.2,0.0,-0.707107,26.0,6.12323e-17,1,-0.707107,0.707107,6.0,96.00000000000001,93.0,1016.0,1013.6,7.0,1.19324,0.669984,0.5,-2.4
0.957485,0.288482,5.4,7.499999999999999,6.12323e-17,20.0,-0.382683,-0.92388,0.382683,0.92388,11.0,72.0,70.0,1012.7,1010.7,7.0,5.97762,5.45785,1.4,-2
0.952378,0.304921,0.0,12.3,-0.382683,31.0,-0.707107,0.707107,-0.382683,0.92388,16.999999999999996,65.0,62.0,1013.9,1011.7,2.0,8.03939,7.18063,1.6,-2.2
0.946988,0.32127,0.0,8.8,-0.707107,35.0,-0.92388,0.382683,-0.707107,0.707107,16.999999999999996,64.0,61.0,1013.7,1011.9,4.0,8.20656,7.38768,0.8,-1.8
0.941317,0.337523,0.0,9.7,-0.382683,35.0,-0.92388,0.382683,-0.707107,0.707107,14.999999999999998,56.0,63.00000000000001,1012.5,1010.3,7.0,7.67506,9.54684,0.2,-2.2
0.935368,0.353676,0.0,9.7,0.382683,37.0,-0.382683,0.92388,-0.382683,0.92388,11.0,58.00000000000001,56.0,1014.3,1012.3,7.0,9.61777,8.97532,1.2,-2
0.929141,0.369725,0.6,0.5,-0.92388,30.0,-0.382683,0.92388,-0.382683,0.92388,7.000000000000001,73.0,91.0,1013.6,1012.7,8.0,1.55451,5.24895,-3.4,-0.9
0.92264,0.385663,31.2,0.0,6.12323e-17,33.0,-0.382683,0.92388,-0.382683,0.92388,13.0,97.0,96.0,1012.0000000000001,1009.9,8.0,0.672045,0.503315,-0.4,-2.1
0.915864,0.401488,168.4,0.7,0.707107,26.0,-1,1.22465e-16,0.707107,0.707107,6.0,98.0,88.0,1008.5,1005.8,8.0,2.12513,0.33482,1.3,-2.7
0.901502,0.432776,8.6,0.0,-0.382683,33.0,6.12323e-17,1,-0.382683,0.92388,13.0,95.0,96.99999999999999,1011.3,1009.3,8.0,0.50718,0.854262,-0.2,-2
0.886071,0.46355,18.0,0.0,6.12323e-17,30.0,-0.382683,0.92388,0.382683,0.92388,7.000000000000001,98.0,95.0,1010.2,1007.8,8.0,0.85948,0.33482,1.7,-2.4
0.87796,0.478734,15.8,6.3,0.707107,26.0,0.382683,0.92388,0.707107,0.707107,11.0,83.0,72.0,1009.4,1006.7,5.0,5.51531,3.11663,1.7,-2.7
0.852078,0.523416,0.4,9.9,6.12323e-17,33.0,0.382683,0.92388,0.382683,0.92388,11.0,66.0,60.00000000000001,1006.2,1004.2,6.0,8.4471,6.91217,0,-2
0.833556,0.552435,0.2,8.6,-0.382683,22.0,-0.92388,0.382683,-0.707107,0.707107,9.0,61.0,55.0,1003.8,1001.5,6.0,9.90552,8.17005,1.2,-2.3
0.823923,0.566702,0.0,11.1,6.12323e-17,24.000000000000004,-0.707107,-0.707107,0.382683,0.92388,9.0,63.0,53.99999999999999,1003.7,999.5,2.0,10.3641,7.62376,3.9,-4.2
0.814046,0.5808,0.0,11.2,6.12323e-17,22.0,0.382683,-0.92388,6.12323e-17,1,14.999999999999998,68.0,62.0,1001.1,998.8,5.0,8.11673,6.45162,2.8,-2.3
0.803928,0.594727,0.0,10.6,-0.382683,31.0,-0.707107,0.707107,0.382683,0.92388,9.0,65.0,65.0,1004.8,1002.2,2.0,7.26635,7.23951,0.5,-2.6
0.78298,0.622047,32.2,12.1,-0.707107,35.0,-0.92388,-0.382683,-0.707107,0.707107,16.999999999999996,68.0,59.0,1010.1,1008.1,4.0,8.74827,6.39887,1.1,-2
0.772157,0.635432,0.0,12.0,6.12323e-17,24.000000000000004,-1,1.22465e-16,6.12323e-17,1,11.0,62.0,56.99999999999999,1012.4,1009.8,1.0,9.30002,7.8564,1.6,-2.6
0.761104,0.64863,0.0,10.6,0.707107,22.0,-0.707107,-0.707107,6.12323e-17,1,9.0,75.0,59.0,1012.4,1008.9,3.0,8.85888,4.74169,4.5,-3.5
0.749826,0.661635,1.2,10.0,-0.707107,35.0,-0.707107,-0.707107,0.382683,0.92388,13.0,69.0,58.0,1014.3,1010.9,2.0,9.23723,6.19462,3.6,-3.4
0.738326,0.674444,14.8,8.1,-0.707107,35.0,0.707107,0.707107,0.382683,0.92388,13.0,73.0,65.0,1015.9,1013.1,5.0,7.23415,5.27257,1.3,-2.8
0.726608,0.687053,1.6,10.9,6.12323e-17,33.0,-0.707107,0.707107,-0.382683,0.92388,16.999999999999996,64.0,63.00000000000001,1017.4,1015.2,3.0,7.69219,7.38217,1,-2.2
0.714673,0.699458,0.0,11.6,-0.707107,35.0,-0.707107,0.707107,-0.382683,0.92388,16.999999999999996,61.0,52.0,1018.5,1015.7,1.0,10.7971,8.12147,2,-2.8
0.702527,0.711657,0.0,11.6,-0.707107,31.0,-0.92388,0.382683,-0.382683,0.92388,13.0,60.0,53.0,1017.8,1015.4,2.0,10.495,8.40947,1.6,-2.4
0.690173,0.723644,0.0,11.9,-0.382683,35.0,-0.92388,-0.382683,-0.382683,0.92388,13.0,64.0,55.0,1016.9,1014.2,3.0,9.92747,7.36016,2.2,-2.7
0.677615,0.735417,0.0,8.7,6.12323e-17,26.0,-1,1.22465e-16,0.382683,0.92388,11.0,65.0,61.0,1016.9,1014.3,5.0,8.30434,7.12199,2.7,-2.6
0.664855,0.746972,0.0,8.9,0.382683,22.0,-1,1.22465e-16,0.382683,0.92388,11.0,68.0,61.0,1017.3,1013.4,3.0,8.37803,6.44201,2.9,-3.9
0.651899,0.758306,0.0,11.2,0.707107,22.0,-1.83697e-16,-1,0.92388,0.382683,7.000000000000001,75.0,59.0,1013.9,1009.6,6.0,8.90461,4.80274,3.5,-4.3
0.638749,0.769415,20.0,5.3,-0.382683,26.0,1,0,0.707107,0.707107,6.0,83.0,77.0,1009.4,1006.3,7.0,4.41341,3.12134,1.7,-3.1
0.625411,0.780296,0.2,9.5,-0.382683,33.0,-0.92388,0.382683,6.12323e-17,1,14.999999999999998,64.0,62.0,1013.7,1011.9,7.0,7.94469,7.37667,1,-1.8
0.611886,0.790946,5.2,0.0,-0.707107,19.0,-0.707107,-0.707107,-0.92388,0.382683,9.0,87.0,94.0,1018.5,1018.3,8.0,1.0095,2.28369,-1.3,-0.2
0.598181,0.801361,10.4,0.0,-0.92388,24.000000000000004,-0.707107,0.707107,-0.382683,0.92388,9.0,92.0,94.0,1020.1,1018.6,8.0,1.01495,1.35645,0.9,-1.5
0.584298,0.811539,58.4,5.7,6.12323e-17,39.0,6.12323e-17,1,6.12323e-17,1,16.999999999999996,84.0,79.0,1019.7,1017.9,7.0,3.94529,2.9428,-0.6,-1.8
0.570242,0.821477,13.999999999999998,6.2,6.12323e-17,28.0,-0.382683,0.92388,-0.382683,0.92388,11.0,74.0,71.0,1020.8,1017.8,6.0,5.6767,5.02258,-0.5,-3
0.541628,0.840618,0.0,11.6,0.382683,26.0,6.12323e-17,1,0.382683,0.92388,9.0,64.0,58.0,1016.8,1014.8,3.0,9.08904,7.40974,1.5,-2
0.512371,0.858764,0.0,10.8,0.707107,24.000000000000004,-1.83697e-16,-1,0.707107,0.707107,11.0,68.0,56.99999999999999,1013.0,1009.0,7.0,9.44521,6.41324,2.9,-4
0.497513,0.867456,0.0,11.2,0.382683,20.0,-0.707107,-0.707107,0.707107,0.707107,7.000000000000001,61.0,50.0,1011.0,1008.5,1.0,11.6959,8.20047,4,-2.5
0.482508,0.875892,0.8,6.0,6.12323e-17,28.0,-0.707107,0.707107,-0.382683,0.92388,7.000000000000001,78.0,88.0,1015.2,1013.5,7.0,2.16241,4.1614,0.3,-1.7
0.467359,0.884068,16.4,4.5,6.12323e-17,28.0,-0.382683,0.92388,6.12323e-17,1,6.0,85.99999999999999,76.0,1015.5,1012.8,7.0,4.61648,2.53416,1.2,-2.7
0.452072,0.891981,22.2,0.0,6.12323e-17,22.0,6.12323e-17,1,-0.382683,0.92388,11.0,98.0,91.0,1012.5,1009.9,8.0,1.57238,0.33636,0.8,-2.6
0.436651,0.899631,7.599999999999999,2.9,-0.707107,28.0,-0.92388,0.382683,-0.92388,0.382683,9.0,78.0,70.0,1012.7,1010.9,6.0,5.86232,4.11467,-0.1,-1.8
0.421101,0.907014,7.4,10.3,-0.707107,30.0,-1,1.22465e-16,-0.382683,0.92388,9.0,66.0,53.0,1012.0000000000001,1008.1,5.0,10.4255,6.77373,2.8,-3.9
0.405426,0.914128,0.0,9.6,6.12323e-17,20.0,-0.92388,-0.382683,0.382683,0.92388,9.0,63.0,62.0,1011.5,1007.8,4.0,7.89166,7.49908,2.4,-3.7
0.38963,0.920971,0.0,11.7,-0.707107,24.000000000000004,-0.707107,-0.707107,-0.92388,-0.382683,6.0,68.0,32.0,1011.5,1008.3,1.0,18.6092,6.33205,5.6,-3.2
0.37372,0.927542,0.0,11.5,6.12323e-17,20.0,-0.382683,-0.92388,0.382683,0.92388,7.000000000000001,50.0,50.0,1013.3,1011.4,2.0,11.5264,11.1328,4.7,-1.9
0.341571,0.939856,0.2,8.6,6.12323e-17,31.0,-0.707107,0.707107,6.12323e-17,1,13.0,67.0,60.00000000000001,1018.7,1017.3,4.0,8.36567,6.59887,0.1,-1.4
0.325342,0.945596,0.0,9.8,-0.707107,39.0,-0.707107,0.707107,-0.382683,0.92388,16.999999999999996,61.0,50.0,1020.5000000000001,1017.7,6.0,11.3749,8.1033,1.8,-2.8
0.2926,0.956235,8.2,2.8,0.707107,26.0,-0.92388,0.382683,6.12323e-17,1,13.0,79.0,79.0,1016.0,1012.8,8.0,3.91274,3.90979,0.1,-3.2
0.276097,0.96113,0.6,11.1,-0.707107,26.0,-0.92388,0.382683,6.12323e-17,1,13.0,72.0,61.0,1014.1,1010.9,1.0,8.23706,5.46195,1.7,-3.2
0.259512,0.96574,0.4,2.4,-1,31.0,-0.92388,-0.382683,6.12323e-17,1,11.0,82.0,79.0,1013.4,1010.5,8.0,3.92456,3.33937,-1.1,-2.9
0.24285,0.970064,22.2,0.0,-0.707107,33.0,-0.92388,-0.382683,-0.707107,0.707107,13.0,88.0,68.0,1015.7,1013.6,7.0,6.33681,2.09939,2.2,-2.1
0.226116,0.9741,0.2,6.3,-0.382683,28.0,-0.92388,-0.382683,-0.92388,-0.382683,2.0,73.0,68.0,1016.0,1012.2,7.0,6.36542,5.11996,2.5,-3.8
0.209315,0.977848,4.4,7.1,-0.707107,37.0,-0.382683,0.92388,-0.382683,0.92388,14.999999999999998,84.0,65.0,1014.0,1010.7,4.0,7.15928,2.88778,2.6,-3.3
0.192452,0.981306,3.4,2.6,-0.382683,22.0,-0.382683,0.92388,-0.382683,0.92388,11.0,76.0,73.0,1009.4,1005.7,7.0,5.19795,4.51689,0.8,-3.7
0.175531,0.984474,0.2,0.0,0.382683,26.0,-0.382683,0.92388,-0.707107,0.707107,9.0,83.0,96.99999999999999,1006.8,1004.9,8.0,0.498313,3.09317,-3.2,-1.9
0.158559,0.987349,16.0,3.4,0.382683,19.0,-0.707107,-0.707107,-1.83697e-16,-1,4.0,93.0,66.0,1004.4,1001.8,5.0,7.02079,1.18411,7.5,-2.6
0.14154,0.989932,0.0,9.2,-0.382683,28.0,-0.707107,-0.707107,6.12323e-17,1,13.0,48.00000000000001,64.0,1010.9,1010.8,5.0,7.38768,11.724,2.4,-0.1
0.124479,0.992222,0.0,8.6,-0.707107,33.0,-0.707107,0.707107,-0.382683,0.92388,14.999999999999998,60.0,60.00000000000001,1018.6,1017.8,3.0,8.27841,8.29085,-0.2,-0.8
0.107381,0.994218,0.0,10.8,6.12323e-17,28.0,-0.92388,0.382683,-0.382683,0.92388,13.0,64.0,52.0,1021.4,1019.2,1.0,10.5832,7.26148,1,-2.2
0.0902516,0.995919,0.0,8.0,6.12323e-17,33.0,-1,1.22465e-16,-0.382683,0.92388,14.999999999999998,66.0,53.99999999999999,1021.6,1019.0,6.0,9.99565,6.74825,1.5,-2.6
0.0730951,0.997325,0.0,9.2,-0.707107,30.0,-0.707107,0.707107,-0.382683,0.92388,14.999999999999998,65.0,50.0,1020.4,1017.0,2.0,11.2493,7.02125,1.6,-3.4
0.055917,0.998435,0.0,8.2,-0.92388,30.0,-0.92388,-0.382683,-0.382683,0.92388,13.0,65.0,58.0,1018.4,1014.7,4.0,8.92205,6.98431,2.3,-3.7
0.0387223,0.99925,0.2,9.5,6.12323e-17,30.0,-0.707107,-0.707107,6.12323e-17,1,13.0,69.0,65.0,1016.4,1013.6,3.0,7.0901,6.07501,1.2,-2.8
0.0215161,0.999769,2.0,11.0,-0.707107,30.0,-0.92388,-0.382683,-0.707107,0.707107,13.0,70.0,55.0,1016.8,1013.4,1.0,9.80337,5.8007,3.1,-3.4
0.00430354,0.999991,0.2,8.2,-0.92388,30.0,-0.382683,-0.92388,-0.92388,-0.382683,6.0,69.0,52.0,1016.0,1012.4,4.0,10.7653,6.01563,4.4,-3.6
-0.0129103,0.999917,0.0,10.7,-0.707107,20.0,-0.707107,-0.707107,-0.382683,-0.92388,6.0,65.0,42.0,1015.6,1011.9,3.0,14.3125,6.98431,6,-3.7
-0.0301203,0.999546,0.0,10.4,-0.707107,24.000000000000004,-0.92388,-0.382683,-1,1.22465e-16,6.0,66.0,39.0,1015.6,1012.2,2.0,15.4644,6.74825,5.9,-3.4
-0.0473214,0.99888,0.0,10.5,0.382683,24.000000000000004,-0.382683,-0.92388,-0.382683,0.92388,11.0,68.0,53.0,1016.8,1014.0,2.0,10.3792,6.27505,2.7,-2.8
-0.0645084,0.997917,0.0,8.7,6.12323e-17,26.0,-0.707107,-0.707107,-0.382683,0.92388,11.0,70.0,53.0,1019.3000000000001,1016.1,2.0,10.3407,5.79631,2.6,-3.2
-0.0816764,0.996659,0.0,10.6,6.12323e-17,26.0,-1,1.22465e-16,-0.382683,0.92388,13.0,63.0,58.0,1020.0,1016.4,4.0,8.82919,7.45962,1.2,-3.6
-0.0988201,0.995105,0.0,10.6,0.382683,15.0,-0.92388,-0.382683,-0.707107,0.707107,6.0,68.0,45.0,1018.3,1014.3,1.0,13.0766,6.21357,5.6,-4
-0.115935,0.993257,0.0,8.8,6.12323e-17,22.0,-0.92388,-0.382683,6.12323e-17,1,11.0,70.0,67.0,1020.0,1016.9,6.0,6.59887,5.79631,2.2,-3.1
-0.133015,0.991114,0.0,10.7,0.707107,20.0,-0.92388,-0.382683,0.707107,0.707107,6.0,80.0,59.0,1017.6,1013.1,1.0,8.81325,3.62615,6.2,-4.5
-0.150055,0.988678,0.0,9.5,-0.382683,35.0,-0.707107,-0.707107,6.12323e-17,1,16.999999999999996,62.0,56.99999999999999,1018.0,1016.7,2.0,9.02647,7.67546,0.7,-1.3
-0.167052,0.985948,0.0,8.7,-0.382683,31.0,-0.92388,-0.382683,-0.382683,0.92388,13.0,56.0,50.0,1025.0,1022.9,4.0,11.0251,9.07812,3,-2.1
-0.183998,0.982927,0.0,8.6,-0.707107,39.0,-1,1.22465e-16,-0.707107,0.707107,9.0,61.0,69.0,1027.9,1026.4,5.0,5.91127,7.82109,-0.1,-1.5
-0.200891,0.979614,3.4,6.3,-0.382683,30.0,-0.382683,-0.92388,-0.382683,0.92388,11.0,88.0,59.0,1028.6,1025.9,7.0,8.50987,2.03413,5,-2.7
-0.217723,0.976011,2.4,6.5,-0.382683,28.0,-0.707107,-0.707107,-0.382683,0.92388,7.000000000000001,78.0,72.0,1025.8,1022.2999999999998,2.0,5.35193,4.02812,1.3,-3.5
-0.234491,0.972118,12.4,5.1,-0.92388,20.0,-0.92388,-0.382683,-0.92388,0.382683,6.0,90.0,93.0,1023.8,1020.5,7.0,1.18411,1.70769,0.6,-3.3
-0.25119,0.967938,7.599999999999999,3.7,6.12323e-17,20.0,-0.92388,-0.382683,6.12323e-17,1,9.0,90.99999999999999,72.0,1021.0,1017.5,7.0,5.33573,1.53792,1.4,-3.5
-0.267814,0.963471,7.200000000000001,4.6,6.12323e-17,26.0,-0.707107,0.707107,6.12323e-17,1,9.0,92.0,61.0,1018.2,1014.8,3.0,8.03078,1.35019,3.8,-3.4
-0.284359,0.958718,0.0,10.0,-0.382683,26.0,-0.92388,0.382683,-0.382683,0.92388,13.0,73.0,67.0,1016.7,1013.1,3.0,6.54455,5.11608,1.4,-3.6
-0.30082,0.953681,0.2,10.5,6.12323e-17,19.0,-0.707107,-0.707107,0.382683,0.92388,7.000000000000001,73.0,62.0,1016.5,1013.3,2.0,7.90931,5.12385,3.5,-3.2
-0.317191,0.948362,0.2,3.4,-0.382683,24.000000000000004,-0.707107,-0.707107,-0.707107,0.707107,11.0,78.0,72.0,1016.3,1013.2,7.0,5.40884,4.08985,0.7,-3.1
-0.333469,0.942761,0.0,10.4,0.382683,17.0,-0.382683,-0.92388,0.382683,0.92388,9.0,72.0,61.0,1014.6,1011.1,3.0,8.22485,5.35193,4.2,-3.5
-0.349647,0.936881,0.2,8.7,0.382683,22.0,-0.382683,-0.92388,0.707107,0.707107,7.000000000000001,79.0,65.0,1015.5,1012.0,7.0,7.13263,3.83048,4.1,-3.5
-0.365723,0.930724,0.0,6.5,0.382683,17.0,-1.83697e-16,-1,0.707107,0.707107,7.000000000000001,98.0,68.0,1016.1,1011.9,7.0,6.38931,0.327679,5.8,-4.2
-0.381689,0.924291,0.0,1.0,-1.83697e-16,22.0,-0.707107,-0.707107,-1,1.22465e-16,6.0,88.0,81.0,1014.0,1012.0,8.0,3.47686,2.11707,0.2,-2
-0.397543,0.917584,0.2,1.9,-1.83697e-16,30.0,-1.83697e-16,-1,0.382683,-0.92388,7.000000000000001,73.0,49.00000000000001,1015.5,1012.0,7.0,11.2731,5.02329,1.9,-3.5
-0.413279,0.910605,0.0,10.5,-1.83697e-16,20.0,-0.92388,-0.382683,-0.382683,-0.92388,4.0,44.0,32.0,1018.3,1015.8,2.0,17.6831,12.4493,5.6,-2.5
-0.428892,0.903356,0.2,0.1,-0.92388,19.0,-0.707107,-0.707107,-0.382683,-0.92388,6.0,83.0,79.0,1021.8,1019.0,8.0,3.74618,2.89274,3.4,-2.8
-0.474951,0.880012,0.0,8.2,-0.707107,35.0,-0.92388,-0.382683,-0.707107,0.707107,13.0,67.0,55.0,1023.2,1020.5,2.0,9.5718,6.38292,2.2,-2.7
-0.490029,0.871706,0.0,4.2,-0.707107,28.0,-1,1.22465e-16,-0.382683,0.92388,7.000000000000001,72.0,63.00000000000001,1025.4,1022.4000000000001,7.0,7.41464,5.24702,1.7,-3
-0.504961,0.863142,4.2,7.1,6.12323e-17,20.0,-0.92388,-0.382683,6.12323e-17,1,9.0,83.0,56.99999999999999,1023.4,1019.5,2.0,8.98577,2.97947,3,-3.9
-0.519744,0.854322,0.0,7.700000000000001,0.382683,22.0,-0.707107,-0.707107,0.382683,0.92388,6.0,74.0,70.0,1019.5,1015.8,6.0,5.79631,4.81017,2.7,-3.7
-0.534373,0.845249,7.8,6.700000000000001,-0.707107,20.0,-0.382683,-0.92388,-0.382683,0.92388,7.000000000000001,85.0,68.0,1017.5,1013.4,5.0,6.26557,2.58652,4.5,-4.1
-0.548843,0.835925,0.0,10.2,-1.83697e-16,22.0,-0.707107,-0.707107,-1.83697e-16,-1,9.0,68.0,39.0,1014.8,1011.8,1.0,14.8637,6.11958,3.8,-3
-0.563151,0.826354,0.0,10.2,-0.382683,17.0,-0.707107,-0.707107,-0.382683,-0.92388,4.0,56.0,31.0,1018.0,1014.9,1.0,18.1953,8.87194,6.7,-3.1
-0.577292,0.816538,0.0,10.3,-0.707107,15.0,-0.707107,-0.707107,0.707107,0.707107,2.0,64.0,42.0,1018.6,1014.5,1.0,13.8065,6.88388,7.5,-4.1
-0.591261,0.80648,0.0,10.2,6.12323e-17,17.0,-0.707107,-0.707107,-1,1.22465e-16,4.0,65.0,35.0,1018.1,1015.3,1.0,16.6599,6.65611,8.5,-2.8
-0.605056,0.796183,0.0,9.9,0.382683,13.0,-0.707107,-0.707107,0.707107,0.707107,7.000000000000001,73.0,43.0,1022.7,1019.9,1.0,13.4212,4.93516,6.1,-2.8
-0.618671,0.78565,0.0,9.7,0.707107,17.0,-0.707107,-0.707107,0.92388,0.382683,7.000000000000001,73.0,49.00000000000001,1024.3,1020.2,1.0,11.4602,4.95043,6,-4.1
-0.632103,0.774884,0.0,10.1,0.92388,15.0,-0.707107,-0.707107,0.92388,0.382683,6.0,80.99999999999999,53.0,1023.1,1018.2,1.0,10.2028,3.33593,5.4,-4.9
-0.645348,0.763889,0.0,10.1,-1.83697e-16,13.0,-0.707107,-0.707107,0.707107,-0.707107,6.0,83.0,38.0,1019.1,1014.6,1.0,15.5564,2.92454,9.5,-4.5
-0.658402,0.752667,0.0,10.0,-1.83697e-16,39.0,-1.83697e-16,-1,-1.83697e-16,-1,19.999999999999996,59.0,29.0,1016.3,1013.1,0.0,19.2968,8.31259,4.3,-3.2
-0.67126,0.741222,0.0,9.9,-0.382683,22.0,-0.707107,-0.707107,0.382683,0.92388,7.000000000000001,42.99999999999999,35.0,1020.0,1018.4,1.0,15.9333,12.5863,3.9,-1.6
-0.683919,0.729558,0.0,9.5,-0.707107,19.0,-0.707107,-0.707107,-0.707107,-0.707107,4.0,52.0,38.0,1022.5,1018.7,1.0,15.1146,9.79382,8,-3.8
-0.696376,0.717677,0.0,9.9,-0.382683,17.0,-0.707107,-0.707107,-1,1.22465e-16,2.0,67.0,36.0,1022.8,1019.4,1.0,15.9314,6.14655,7,-3.4
-0.708627,0.705584,0.0,9.8,6.12323e-17,20.0,-0.707107,-0.707107,0.92388,0.382683,4.0,69.0,60.00000000000001,1023.6,1020.4,2.0,8.17922,5.72302,6,-3.2
-0.720667,0.693281,0.0,8.7,6.12323e-17,19.0,-0.707107,-0.707107,-0.382683,0.92388,7.000000000000001,76.0,48.0,1024.2,1021.0999999999999,5.0,11.5236,4.27425,4.7,-3.1
-0.732494,0.680773,0.0,9.3,-0.382683,17.0,-0.92388,-0.382683,0.382683,0.92388,9.0,75.0,51.0,1023.8,1020.4,1.0,10.6588,4.46648,5.6,-3.4
-0.744104,0.668064,0.0,9.4,-0.382683,20.0,-0.92388,-0.382683,6.12323e-17,1,7.000000000000001,78.0,49.00000000000001,1023.8,1020.5,5.0,11.2223,3.85174,5.6,-3.3
-0.755493,0.655156,0.0,5.9,-0.92388,20.0,-0.707107,-0.707107,6.12323e-17,1,7.000000000000001,72.0,61.0,1024.5,1022.0,6.0,7.87476,5.08762,5,-2.5
-0.766659,0.642055,0.0,9.8,0.382683,17.0,-0.382683,-0.92388,0.92388,0.382683,6.0,76.0,50.0,1025.8,1022.2999999999998,3.0,11.0582,4.31089,5.4,-3.5
-0.777597,0.628763,0.0,7.4,0.382683,20.0,-0.382683,-0.92388,0.92388,0.382683,7.000000000000001,79.0,56.99999999999999,1026.3,1022.8000000000001,5.0,9.01968,3.6972,5.6,-3.5
-0.809017,0.587785,10.6,8.2,-1.83697e-16,30.0,-1.83697e-16,-1,-1.83697e-16,-1,13.0,67.0,45.0,1019.2,1015.0,3.0,12.236,5.99454,6.1,-4.2
-0.819015,0.573772,0.2,8.9,-0.707107,22.0,-0.707107,-0.707107,-0.92388,0.382683,4.0,56.0,45.0,1018.7,1015.8,3.0,12.4132,8.6951,6.4,-2.9
-0.82877,0.559589,0.0,8.7,-0.92388,26.0,-0.707107,-0.707107,-1,1.22465e-16,9.0,63.0,51.0,1021.6,1019.5,6.0,10.6027,7.02674,6.2,-2.1
-0.83828,0.54524,0.0,9.6,-0.707107,35.0,-0.92388,-0.382683,-0.707107,0.707107,16.999999999999996,70.0,56.0,1025.3,1024.2,4.0,9.19597,5.56597,3.9,-1.1
-0.847541,0.53073,0.0,7.2,-0.707107,35.0,-0.92388,-0.382683,-0.707107,0.707107,11.0,85.0,56.0,1029.5,1026.7,4.0,9.17512,2.53667,5.1,-2.8
-0.856551,0.516062,13.2,2.4,-0.707107,31.0,-1,1.22465e-16,-0.92388,0.382683,7.000000000000001,90.99999999999999,72.0,1028.6,1026.1,8.0,5.171,1.48055,2.2,-2.5
-0.865307,0.501242,6.0,3.2,-0.382683,26.0,-0.92388,0.382683,6.12323e-17,1,11.0,88.0,85.0,1024.9,1021.6,7.0,2.58452,2.02782,0.6,-3.3
-0.873807,0.486273,13.000000000000002,0.8,0.382683,26.0,-0.707107,-0.707107,6.12323e-17,1,9.0,94.0,82.0,1019.5999999999999,1015.6,7.0,3.1807,0.972544,3.6,-4
-0.890028,0.455907,0.2,9.7,-1.83697e-16,44.0,-1.83697e-16,-1,-1.83697e-16,-1,19.0,74.0,47.0,1007.7,1004.5,2.0,11.7946,4.73671,2.7,-3.2
-0.897743,0.440519,0.0,9.9,0.382683,46.0,-1.83697e-16,-1,0.382683,-0.92388,19.999999999999996,55.0,43.0,1007.6,1004.1,2.0,12.6929,8.94876,2.5,-3.5
-0.905193,0.425,0.0,8.3,-1.83697e-16,30.0,-0.382683,-0.92388,-1,1.22465e-16,7.000000000000001,58.00000000000001,42.0,1011.0,1010.3,2.0,13.4705,8.17954,6.9,-0.7
-0.912375,0.409356,0.0,7.499999999999999,-0.707107,22.0,-0.707107,-0.707107,-0.382683,0.92388,9.0,68.0,51.0,1018.2,1016.7,4.0,10.4591,5.91986,3.8,-1.5
-0.919286,0.39359,0.0,4.0,-0.92388,28.0,-0.92388,-0.382683,-0.382683,0.92388,11.0,72.0,56.99999999999999,1022.8,1020.8,7.0,8.70341,5.0206,3.5,-2
-0.925925,0.377708,0.0,6.0,-0.92388,26.0,-0.382683,-0.92388,-0.707107,0.707107,11.0,79.0,61.0,1023.8,1020.5,5.0,7.69066,3.61153,4,-3.3
-0.932289,0.361714,6.999999999999999,0.0,-0.92388,22.0,-0.707107,-0.707107,-0.92388,0.382683,7.000000000000001,98.0,80.0,1021.1,1016.5,7.0,3.48358,0.309424,4,-4.6
-0.938377,0.345612,5.2,0.4,-0.707107,30.0,-0.92388,-0.382683,-0.707107,-0.707107,11.0,79.0,82.0,1012.8,1009.8,8.0,3.06419,3.63998,-0.3,-3
-0.944188,0.329408,1.6,8.8,-0.707107,33.0,-0.707107,-0.707107,-0.92388,-0.382683,7.000000000000001,66.0,59.0,1010.2,1009.5,1.0,8.31259,6.49596,1.9,-0.7
-0.949718,0.313107,0.4,7.9,-1,26.0,-0.92388,-0.382683,-1,1.22465e-16,4.0,68.0,53.0,1014.9,1013.3,2.0,10.0203,5.97527,4.4,-1.6
-0.954967,0.296713,0.2,9.0,-1.83697e-16,24.000000000000004,-0.707107,-0.707107,-0.92388,-0.382683,6.0,72.0,52.0,1017.3,1015.3,2.0,10.3013,5.09553,4.6,-2
-0.959933,0.280231,0.0,9.8,-0.707107,13.0,-0.707107,-0.707107,1,0,4.0,79.0,53.0,1020.5000000000001,1017.7,1.0,10.0431,3.6229,6.9,-2.8
-0.96901,0.247022,0.0,9.9,-1.83697e-16,26.0,-1.83697e-16,-1,-1.83697e-16,-1,9.0,64.0,33.0,1021.3,1018.4,0.0,17.1225,6.91586,4.8,-2.9
-0.973118,0.230306,0.0,9.9,-0.382683,20.0,-0.382683,-0.92388,-0.382683,-0.92388,2.0,56.0,41.0,1022.6,1018.9,0.0,13.7522,8.71541,5.8,-3.7
-0.976938,0.213521,0.0,10.0,-1.83697e-16,20.0,-0.382683,-0.92388,-1.83697e-16,-1,11.0,71.0,39.0,1022.4,1018.4,1.0,14.4151,5.16874,6.5,-4
-0.980469,0.196673,0.0,9.8,0.707107,19.0,-0.707107,-0.707107,0.92388,0.382683,6.0,67.0,53.0,1023.0,1019.9,2.0,9.94478,6.0229,7.1,-3.1
-0.983709,0.179767,0.0,9.8,0.707107,19.0,-1,1.22465e-16,0.92388,-0.382683,6.0,98.0,38.0,1021.8,1017.1,0.0,15.0247,0.303048,11.8,-4.7
-0.989314,0.145799,0.0,0.4,-0.382683,24.000000000000004,-0.382683,-0.92388,0.707107,-0.707107,4.0,53.00000000000001,41.0,1022.2,1020.4,7.0,13.474,9.46027,3.8,-1.8
-0.991677,0.128748,0.0,1.2,-0.707107,22.0,-0.382683,-0.92388,-0.707107,0.707107,9.0,68.0,55.0,1027.7,1025.4,7.0,9.22239,5.80523,4.8,-2.3
-0.993747,0.111659,0.2,0.2,-0.382683,17.0,-0.707107,-0.707107,-0.382683,-0.92388,4.0,60.0,63.00000000000001,1027.9,1024.6,8.0,7.11451,7.65602,3.1,-3.3
-0.995521,0.0945367,0.0,0.0,-0.382683,17.0,-1,1.22465e-16,-0.92388,-0.382683,2.0,76.0,90.0,1025.1,1023.5000000000001,8.0,1.61685,4.22453,-1.7,-1.6
-0.997001,0.0773865,27.2,0.0,-0.92388,37.0,-0.382683,-0.92388,-0.92388,-0.382683,4.0,98.0,98.00000000000001,1024.2,1020.8,8.0,0.312141,0.307946,1.7,-3.4
-0.998186,0.0602133,21.4,0.0,-0.92388,33.0,-0.707107,-0.707107,-0.92388,0.382683,16.999999999999996,98.0,89.0,1017.5,1012.4,7.0,1.83981,0.313132,3.1,-5.1
-0.999074,0.0430222,13.2,8.8,-0.92388,24.000000000000004,-0.707107,-0.707107,-1,1.22465e-16,6.0,88.0,61.0,1012.5,1010.0,3.0,7.91662,2.01995,4.7,-2.5
-0.999667,0.0258184,0.0,9.8,-1.83697e-16,17.0,-0.707107,-0.707107,-0.707107,-0.707107,2.0,87.0,47.0,1015.8,1012.7,1.0,11.9194,2.15468,7.5,-3.1
-0.999963,0.008607,0.0,9.5,-1.83697e-16,22.0,-0.92388,-0.382683,0.382683,-0.92388,7.000000000000001,84.0,49.00000000000001,1018.4,1014.4,2.0,11.29,2.6602,9,-4
-0.999963,-0.008607,0.0,10.1,-1.83697e-16,26.0,-0.382683,-0.92388,-1.83697e-16,-1,11.0,48.00000000000001,34.0,1019.8,1016.3,0.0,16.2349,10.831,5.2,-3.5
-0.999667,-0.0258184,0.0,10.2,0.382683,15.0,-0.707107,-0.707107,-1.83697e-16,-1,4.0,58.00000000000001,42.0,1020.1,1016.8,0.0,13.1986,8.06516,6,-3.3
-0.999074,-0.0430222,0.0,10.1,-0.707107,20.0,-0.92388,-0.382683,-0.382683,-0.92388,6.0,58.00000000000001,35.0,1022.9,1021.0,0.0,15.8017,8.03352,6.5,-1.9
-0.998186,-0.0602133,0.0,9.2,-0.707107,20.0,-0.382683,-0.92388,-0.92388,-0.382683,6.0,61.0,43.0,1025.8,1023.2,3.0,13.0645,7.36346,7.7,-2.6
-0.997001,-0.0773865,0.0,9.6,-0.707107,33.0,-0.92388,-0.382683,-0.92388,0.382683,11.0,65.0,52.0,1027.1,1024.9,2.0,10.0768,6.54332,3.6,-2.2
-0.995521,-0.0945367,0.0,4.8,-0.382683,26.0,-0.707107,-0.707107,-0.382683,0.92388,11.0,75.0,53.0,1028.0,1025.6,5.0,9.86197,4.39722,4.8,-2.4
-0.993747,-0.111659,0.0,9.3,6.12323e-17,24.000000000000004,-0.707107,-0.707107,-0.382683,0.92388,11.0,77.0,53.0,1028.4,1025.9,3.0,9.83944,3.9731,5.4,-2.5
-0.991677,-0.128748,0.0,7.700000000000001,6.12323e-17,28.0,-0.707107,-0.707107,-0.382683,0.92388,13.0,74.0,66.0,1029.0,1025.2,3.0,6.50596,4.60948,3.8,-3.8
-0.989314,-0.145799,4.2,0.0,6.12323e-17,22.0,-0.92388,0.382683,6.12323e-17,1,9.0,98.0,83.0,1025.9,1022.5999999999999,8.0,2.92227,0.316115,1.6,-3.3
-0.980469,-0.196673,19.2,0.8,-0.707107,17.0,0.707107,0.707107,0.707107,0.707107,6.0,98.0,95.0,1017.1,1013.8,8.0,0.835479,0.328949,0.3,-3.3
-0.976938,-0.213521,12.0,4.3,0.382683,28.0,-0.382683,-0.92388,-1.83697e-16,-1,9.0,82.0,56.99999999999999,1016.9,1014.8,7.0,8.9114,3.16846,2,-2.1
-0.973118,-0.230306,0.4,4.8,-1.83697e-16,30.0,-1.83697e-16,-1,-0.382683,-0.92388,11.0,75.0,39.0,1020.4,1018.0,2.0,14.4477,4.42486,4.8,-2.4
-0.96901,-0.247022,0.2,4.0,-0.382683,22.0,-0.707107,-0.707107,6.12323e-17,1,13.0,64.0,52.0,1026.8,1024.1,6.0,10.2081,6.69351,6.8,-2.7
-0.964614,-0.263665,2.0,6.0,-0.382683,20.0,-0.707107,-0.707107,6.12323e-17,1,9.0,78.0,58.0,1026.4,1022.1,3.0,8.59255,3.81873,5.7,-4.3
-0.959933,-0.280231,0.6,0.7,0.382683,13.0,-1,1.22465e-16,0.382683,0.92388,6.0,92.0,63.00000000000001,1021.1,1015.8,7.0,7.26382,1.29757,4.3,-5.3
-0.954967,-0.296713,7.4,9.6,-0.92388,22.0,-0.707107,-0.707107,-0.92388,-0.382683,7.000000000000001,80.99999999999999,50.0,1016.1,1013.5,3.0,10.8439,3.28446,4.3,-2.6
-0.949718,-0.313107,0.2,9.8,-0.382683,20.0,-0.707107,-0.707107,-0.707107,-0.707107,6.0,59.0,46.00000000000001,1020.4,1017.6,3.0,12.124,7.94329,6.7,-2.8
-0.944188,-0.329408,0.0,6.4,-0.92388,22.0,-0.707107,-0.707107,-0.92388,-0.382683,9.0,63.0,58.0,1021.8,1020.2,6.0,8.52737,7.09252,3.2,-1.6
-0.938377,-0.345612,0.0,7.8,-0.707107,31.0,-0.707107,-0.707107,-0.92388,-0.382683,9.0,64.0,58.0,1023.0,1021.2,6.0,8.40419,6.86792,1.1,-1.8
-0.932289,-0.361714,0.0,8.2,-1,22.0,-0.707107,-0.707107,-0.92388,-0.382683,7.000000000000001,68.0,48.0,1022.7,1019.7,2.0,11.4629,5.88306,5.8,-3
-0.925925,-0.377708,0.0,9.0,-0.707107,20.0,-0.707107,-0.707107,-1,1.22465e-16,4.0,67.0,48.0,1024.4,1021.3000000000001,6.0,11.3765,6.12268,4.4,-3.1
-0.919286,-0.39359,0.0,7.2,-1,20.0,-0.92388,-0.382683,0.382683,0.92388,7.000000000000001,73.0,56.99999999999999,1022.9,1020.3,4.0,8.81046,4.82134,4.9,-2.6
-0.912375,-0.409356,0.0,6.4,0.707107,17.0,-0.382683,-0.92388,0.707107,0.707107,9.0,75.0,56.99999999999999,1019.9000000000001,1015.1,6.0,8.80375,4.44565,3.9,-4.8
-0.905193,-0.425,0.0,7.4,-1.83697e-16,26.0,-0.707107,-0.707107,0.92388,-0.382683,6.0,82.0,46.00000000000001,1015.0,1010.2,4.0,11.9783,3.04738,5.1,-4.8
-0.897743,-0.440519,0.0,10.3,0.382683,31.0,-1.83697e-16,-1,-1.83697e-16,-1,11.0,54.0,39.0,1017.4,1015.1,2.0,14.3392,9.17759,5.4,-2.3
-0.890028,-0.455907,0.0,9.7,-1.83697e-16,20.0,-0.707107,-0.707107,-0.707107,-0.707107,6.0,62.0,41.0,1022.2,1019.1,2.0,13.6489,7.14492,6.3,-3.1
-0.882048,-0.47116,0.0,9.9,-0.382683,17.0,-0.707107,-0.707107,-1.83697e-16,-1,6.0,66.0,32.0,1021.4,1017.2,1.0,17.3318,6.24835,7.1,-4.2
-0.873807,-0.486273,0.0,10.0,-0.707107,22.0,-0.92388,-0.382683,-1.83697e-16,-1,2.0,54.0,36.0,1023.3,1019.1,2.0,15.6721,9.1919,6.8,-4.2
-0.865307,-0.501242,0.0,10.0,-0.382683,20.0,-0.707107,-0.707107,-0.382683,-0.92388,6.0,70.0,32.0,1022.4,1017.7,1.0,17.3448,5.38246,7.2,-4.7
-0.856551,-0.516062,0.0,10.4,0.382683,22.0,-0.707107,-0.707107,-0.92388,-0.382683,2.0,52.0,28.0,1021.6,1018.2,0.0,19.1121,9.65757,6.9,-3.4
-0.847541,-0.53073,0.0,9.3,-1.83697e-16,24.000000000000004,-0.707107,-0.707107,-0.382683,-0.92388,9.0,61.0,26.0,1020.3,1016.4,2.0,20.2882,7.31728,8.8,-3.9
-0.83828,-0.54524,0.0,10.2,0.382683,19.0,-0.707107,-0.707107,-0.92388,-0.382683,4.0,54.0,28.0,1021.3,1017.1,0.0,19.3697,9.14899,8.3,-4.2
-0.82877,-0.559589,0.0,10.2,-1.83697e-16,26.0,-0.382683,-0.92388,-1,1.22465e-16,4.0,65.0,25.0,1021.4,1016.1,1.0,21.1101,6.38093,11,-5.3
-0.819015,-0.573772,0.0,10.3,-0.382683,28.0,-0.92388,-0.382683,-1.83697e-16,-1,11.0,58.00000000000001,22.0,1019.9000000000001,1016.6,1.0,23.1889,8.16042,10.5,-3.3
-0.798779,-0.601624,0.0,10.1,0.92388,19.0,-0.707107,-0.707107,0.382683,-0.92388,7.000000000000001,57.0,16.0,1024.3,1019.3,0.0,27.2567,8.3337,10.2,-5
-0.788305,-0.615285,0.0,8.7,-1.83697e-16,30.0,-0.92388,-0.382683,0.382683,-0.92388,16.999999999999996,50.0,23.000000000000004,1018.1,1011.4,3.0,22.5337,10.4376,8.5,-6.7
-0.777597,-0.628763,0.0,10.3,-0.707107,39.0,-0.707107,-0.707107,-0.382683,-0.92388,13.0,41.0,22.0,1015.7,1012.2,0.0,22.1696,13.0264,5,-3.5
-0.766659,-0.642055,0.0,10.2,-1.83697e-16,28.0,-0.382683,-0.92388,-0.92388,-0.382683,6.0,40.0,28.0,1017.9,1014.8,5.0,19.1835,13.4509,6.2,-3.1
-0.755493,-0.655156,0.0,7.2,-0.707107,20.0,-0.707107,-0.707107,-1,1.22465e-16,7.000000000000001,51.0,38.0,1020.7,1017.9,6.0,14.8569,10.1827,4.3,-2.8
-0.744104,-0.668064,0.0,9.7,-0.707107,20.0,-0.707107,-0.707107,-0.707107,0.707107,6.0,57.0,47.0,1024.6,1021.4999999999999,4.0,11.6262,8.49779,3.9,-3.1
-0.732494,-0.680773,0.0,10.0,-1.83697e-16,22.0,-0.382683,-0.92388,0.382683,-0.92388,7.000000000000001,72.0,28.0,1024.2,1019.8,5.0,19.4991,4.96573,9.1,-4.4
-0.720667,-0.693281,0.0,10.2,-1.83697e-16,24.000000000000004,-0.92388,-0.382683,0.382683,-0.92388,6.0,60.0,26.0,1022.5,1017.8,1.0,20.7421,7.69198,9.5,-4.7
-0.696376,-0.717677,0.0,9.9,0.92388,30.0,0.382683,0.92388,0.707107,0.707107,7.000000000000001,68.0,50.0,1015.8,1010.4,3.0,11.0499,5.98916,5.9,-5.4
-0.683919,-0.729558,0.0,10.9,0.382683,43.0,-1.83697e-16,-1,-1.83697e-16,-1,16.999999999999996,28.0,21.0,1016.7,1013.7,1.0,23.148,18.6863,3.6,-3
-0.67126,-0.741222,0.0,8.9,-1.83697e-16,19.0,-0.707107,-0.707107,0.707107,0.707107,7.000000000000001,39.0,34.0,1021.7,1019.4,8.0,16.2105,13.9089,3.3,-2.3
-0.658402,-0.752667,0.0,9.7,6.12323e-17,20.0,-0.382683,-0.92388,0.382683,0.92388,11.0,55.0,44.0,1023.1,1018.9,1.0,12.6974,9.04652,4.6,-4.2
-0.645348,-0.763889,0.0,7.2,0.382683,20.0,-0.92388,0.382683,0.382683,0.92388,9.0,69.0,49.00000000000001,1023.1,1019.3,7.0,11.1379,5.74973,3.7,-3.8
-0.632103,-0.774884,0.0,8.1,0.382683,17.0,-0.382683,-0.92388,0.382683,0.92388,6.0,79.0,56.99999999999999,1021.5,1016.7,2.0,8.96546,3.65424,6.3,-4.8
-0.618671,-0.78565,0.0,10.2,0.92388,22.0,0.382683,0.92388,0.707107,0.707107,11.0,67.0,64.0,1020.1,1015.5,1.0,7.28882,6.4024,3.2,-4.6
-0.605056,-0.796183,0.0,7.1,0.92388,22.0,0.707107,-0.707107,0.382683,0.92388,9.0,77.0,63.00000000000001,1018.9,1014.7,5.0,7.55563,4.20489,3.8,-4.2
-0.591261,-0.80648,0.0,10.5,-0.382683,20.0,-0.382683,-0.92388,-0.707107,-0.707107,4.0,34.0,18.0,1021.1,1016.3,0.0,26.0336,16.2105,6.4,-4.8
-0.577292,-0.816538,0.0,10.9,0.382683,20.0,-0.707107,-0.707107,-1,1.22465e-16,4.0,54.0,24.0,1019.8,1014.8,1.0,21.9678,9.34284,8.4,-5
-0.563151,-0.826354,0.0,9.2,-0.382683,28.0,-0.707107,0.707107,6.12323e-17,1,11.0,58.00000000000001,43.0,1022.2,1019.6,2.0,13.0547,8.48838,1.4,-2.6
-0.548843,-0.835925,0.0,9.8,0.382683,19.0,-0.92388,-0.382683,0.707107,0.707107,9.0,60.0,46.00000000000001,1024.9,1020.8,2.0,12.0783,7.84269,3.8,-4.1
-0.534373,-0.845249,0.0,10.6,1,20.0,-0.707107,-0.707107,0.707107,0.707107,11.0,66.0,53.0,1023.2,1017.7,1.0,9.99009,6.36167,5.3,-5.5
-0.519744,-0.854322,0.0,10.3,0.707107,24.000000000000004,0.92388,0.382683,0.707107,0.707107,11.0,63.0,60.00000000000001,1018.6,1013.1,1.0,8.23494,7.25827,3.8,-5.5
-0.504961,-0.863142,0.2,2.3,-1.83697e-16,24.000000000000004,-1.83697e-16,-1,-1.83697e-16,-1,4.0,68.0,41.0,1016.1,1014.5,7.0,13.7626,6.08218,1.2,-1.6
-0.490029,-0.871706,0.0,10.5,-1.83697e-16,26.0,-0.92388,-0.382683,-1.83697e-16,-1,6.0,35.0,23.000000000000004,1020.4,1016.8,0.0,22.1082,15.4337,6.3,-3.6
-0.474951,-0.880012,0.0,11.0,-1,20.0,-0.707107,-0.707107,0.707107,0.707107,9.0,55.0,36.0,1024.0,1019.8,1.0,15.6134,8.95572,5.9,-4.2
-0.459733,-0.888057,0.0,10.9,0.92388,15.0,-0.382683,-0.92388,0.382683,0.92388,7.000000000000001,60.0,40.0,1023.9,1018.8,1.0,14.3254,7.79431,6.4,-5.1
-0.444378,-0.895839,0.0,10.8,0.92388,20.0,-0.382683,-0.92388,0.92388,0.382683,7.000000000000001,62.0,41.0,1025.3,1021.0999999999999,1.0,14.0331,7.33106,6.7,-4.2
-0.428892,-0.903356,0.0,10.7,0.707107,30.0,-0.707107,-0.707107,0.707107,0.707107,13.0,65.0,43.0,1024.1,1019.0,1.0,13.1829,6.70769,3.7,-5.1
-0.413279,-0.910605,0.0,10.6,0.707107,33.0,0.707107,-0.707107,0.92388,0.382683,11.0,52.0,49.00000000000001,1019.9000000000001,1014.8,1.0,11.4261,10.2779,3,-5.1
-0.397543,-0.917584,0.0,9.6,6.12323e-17,20.0,0.92388,-0.382683,0.382683,0.92388,9.0,56.0,52.0,1015.4,1010.2,1.0,10.5832,9.19597,3.3,-5.2
-0.381689,-0.924291,0.0,11.2,-0.382683,30.0,-0.382683,-0.92388,0.382683,-0.92388,13.0,25.0,16.0,1018.1,1013.2,0.0,27.8732,20.493,7.4,-4.9
-0.365723,-0.930724,0.0,10.8,-0.382683,24.000000000000004,-0.382683,-0.92388,0.382683,0.92388,13.0,36.0,55.0,1020.9,1018.9,2.0,9.5215,15.4614,3.4,-2
-0.349647,-0.936881,0.0,5.0,-0.707107,24.000000000000004,-0.382683,0.92388,0.382683,0.92388,9.0,52.0,53.99999999999999,1026.1,1023.1000000000001,8.0,9.72168,10.2158,1,-3
-0.333469,-0.942761,0.0,10.1,6.12323e-17,19.0,-0.382683,-0.92388,0.382683,0.92388,9.0,66.0,39.0,1025.6,1020.9,1.0,14.8858,6.51597,5.3,-4.7
-0.317191,-0.948362,0.0,10.6,0.707107,22.0,0.92388,-0.382683,0.382683,0.92388,11.0,62.0,43.0,1024.1,1019.9,1.0,13.3913,7.55405,3.5,-4.2
-0.30082,-0.953681,0.0,10.5,0.92388,30.0,1,0,0.92388,0.382683,9.0,61.0,56.99999999999999,1018.7,1011.8,1.0,9.07405,7.83896,2.9,-6.9
-0.284359,-0.958718,0.0,10.5,-0.382683,28.0,-0.707107,-0.707107,-0.382683,0.92388,9.0,35.0,35.0,1017.5,1015.1,1.0,16.1979,15.6469,4.6,-2.4
-0.267814,-0.963471,0.0,10.4,0.707107,26.0,-0.707107,-0.707107,6.12323e-17,1,11.0,53.00000000000001,45.0,1023.1,1019.9,1.0,12.4694,9.77201,3.2,-3.2
-0.25119,-0.967938,0.0,10.6,6.12323e-17,19.0,-1.83697e-16,-1,0.707107,0.707107,9.0,60.0,46.00000000000001,1022.6,1017.7,5.0,12.188,7.8548,4.8,-4.9
-0.234491,-0.972118,0.0,7.499999999999999,6.12323e-17,24.000000000000004,-1,1.22465e-16,0.707107,0.707107,11.0,63.0,51.0,1020.3,1017.0,7.0,10.6427,7.31393,1.5,-3.3
-0.217723,-0.976011,0.2,4.3,6.12323e-17,26.0,6.12323e-17,1,0.382683,0.92388,11.0,70.0,72.0,1019.8,1016.9,5.0,5.19096,5.63503,-0.2,-2.9
-0.200891,-0.979614,1.2,10.6,0.707107,31.0,-1,1.22465e-16,0.707107,0.707107,11.0,73.0,55.0,1018.7,1013.6,2.0,9.64388,4.96955,5.1,-5.1
-0.183998,-0.982927,0.2,10.8,0.382683,22.0,-0.382683,-0.92388,0.707107,0.707107,11.0,67.0,53.0,1019.2,1014.5,0.0,10.264,6.38779,3.7,-4.7
-0.167052,-0.985948,0.0,3.5,0.92388,20.0,0.707107,-0.707107,1,0,6.0,84.0,75.0,1018.2,1014.2,7.0,4.6526,2.77284,3.1,-4
-0.150055,-0.988678,0.2,10.8,6.12323e-17,28.0,-0.707107,-0.707107,0.382683,0.92388,14.999999999999998,59.0,55.0,1014.9,1010.9,1.0,9.70897,8.56115,0.7,-4
-0.133015,-0.991114,0.0,10.4,0.707107,22.0,-0.92388,-0.382683,0.382683,0.92388,9.0,65.0,53.99999999999999,1013.3,1009.3,1.0,10.1228,6.97904,3.4,-4
-0.115935,-0.993257,0.0,4.4,0.92388,28.0,0.382683,-0.92388,0.707107,0.707107,6.0,83.0,66.0,1013.1,1009.1,8.0,6.78394,2.97487,4.8,-4
-0.0988201,-0.995105,0.6,10.6,6.12323e-17,31.0,-0.382683,0.92388,-0.382683,0.92388,14.999999999999998,58.00000000000001,53.0,1018.5,1016.9,5.0,10.1647,8.71048,0.9,-1.6
-0.0816764,-0.996659,0.0,6.9,0.382683,28.0,6.12323e-17,1,6.12323e-17,1,13.0,53.00000000000001,42.0,1021.6,1018.5,3.0,13.6329,10.0052,1.5,-3.1
-0.0645084,-0.997917,0.0,9.9,0.382683,22.0,0.707107,0.707107,0.382683,0.92388,11.0,51.0,49.00000000000001,1022.0,1017.9,2.0,11.375,10.6668,1.2,-4.1
-0.0473214,-0.99888,0.0,10.8,0.707107,28.0,1,0,0.92388,0.382683,14.999999999999998,56.0,59.0,1019.9000000000001,1014.8,1.0,8.50987,9.22381,1.4,-5.1
-0.0301203,-0.999546,0.0,7.499999999999999,-1.83697e-16,28.0,1,0,0.707107,0.707107,7.000000000000001,50.0,53.0,1016.3,1011.5,6.0,10.2947,10.959,2.9,-4.8
-0.0129103,-0.999917,3.2,0.8,6.12323e-17,20.0,-0.707107,-0.707107,6.12323e-17,1,6.0,70.0,56.99999999999999,1018.9,1017.2,7.0,9.03326,5.66971,3.1,-1.7
0.00430354,-0.999991,0.6,0.0,-0.382683,26.0,-0.92388,-0.382683,-0.382683,0.92388,11.0,85.99999999999999,58.0,1024.8,1023.5000000000001,8.0,8.52737,2.35765,3.3,-1.3
0.0387223,-0.99925,0.0,9.6,0.382683,30.0,-1,1.22465e-16,0.382683,0.92388,9.0,52.0,46.00000000000001,1028.0,1024.0,2.0,12.2981,10.2702,2.1,-4
0.055917,-0.998435,0.0,11.5,0.92388,28.0,-1,1.22465e-16,0.707107,0.707107,9.0,58.00000000000001,48.0,1024.7,1019.4,0.0,11.7766,8.63177,3.2,-5.3
0.0730951,-0.997325,0.0,11.3,0.707107,26.0,-0.707107,-0.707107,0.92388,0.382683,11.0,56.0,49.00000000000001,1022.6,1017.9,1.0,11.6401,9.29358,3.5,-4.7
0.0902516,-0.995919,0.0,11.4,0.707107,20.0,6.12323e-17,1,0.707107,0.707107,11.0,45.0,48.0,1018.4,1013.1,1.0,12.1031,12.8758,2.5,-5.3
0.107381,-0.994218,0.0,10.8,-0.707107,43.0,0.707107,0.707107,0.382683,0.92388,11.0,45.0,43.0,1013.3,1006.5,2.0,13.9953,12.9617,3.3,-6.8
0.124479,-0.992222,0.0,6.1,6.12323e-17,26.0,-0.382683,0.92388,6.12323e-17,1,9.0,64.0,62.0,1014.8,1010.6,3.0,7.65806,7.04989,2.1,-4.2
0.14154,-0.989932,0.0,11.2,0.382683,33.0,0.382683,-0.92388,-1.83697e-16,-1,11.0,60.0,19.0,1012.1,1006.7,1.0,26.3077,8.22874,7.2,-5.4
0.158559,-0.987349,0.0,9.1,0.92388,31.0,0.382683,0.92388,0.92388,0.382683,11.0,66.0,68.0,1014.6,1008.8,1.0,6.41803,6.69741,4,-5.8
0.175531,-0.984474,0.6,0.0,-1.83697e-16,44.0,1,0,-0.707107,-0.707107,4.0,79.0,92.00000000000001,1009.1,1007.6,8.0,1.31192,3.83048,-5.4,-1.5
0.192452,-0.981306,11.599999999999998,11.9,-1.83697e-16,57.0,-1.83697e-16,-1,-0.382683,-0.92388,19.999999999999996,42.99999999999999,30.000000000000004,1015.2,1014.4,1.0,18.0136,12.4994,4.1,-0.8
0.209315,-0.977848,0.0,12.1,0.92388,24.000000000000004,-0.707107,-0.707107,0.92388,0.382683,7.000000000000001,37.0,26.0,1022.3,1017.6,1.0,20.6206,15.1166,3.7,-4.7
0.226116,-0.9741,0.0,11.8,-0.707107,41.0,-0.707107,-0.707107,0.382683,0.92388,11.0,47.0,33.0,1023.3,1018.9,1.0,17.3648,11.6969,4.3,-4.4
0.259512,-0.96574,0.0,11.8,0.707107,28.0,6.12323e-17,1,0.707107,0.707107,13.0,56.0,49.00000000000001,1024.6,1020.4,1.0,11.4175,9.25169,1.5,-4.2
0.276097,-0.96113,0.0,12.0,0.707107,22.0,1,0,0.92388,0.382683,11.0,45.0,46.00000000000001,1020.9,1015.8,0.0,12.5754,12.686,2.4,-5.1
0.2926,-0.956235,0.0,10.3,0.707107,30.0,-0.382683,0.92388,0.382683,0.92388,16.999999999999996,57.0,63.00000000000001,1020.5000000000001,1017.6,4.0,7.57263,9.18328,-0.4,-2.9
0.309017,-0.951057,0.4,11.5,0.707107,28.0,1,0,0.707107,0.707107,11.0,58.00000000000001,58.0,1020.1,1015.6,8.0,8.88883,8.82919,0.9,-4.5
0.325342,-0.945596,0.0,11.2,0.707107,28.0,0.92388,-0.382683,0.707107,0.707107,11.0,49.0,56.99999999999999,1016.4,1011.0,1.0,9.34139,11.6315,1.3,-5.4
0.341571,-0.939856,0.0,11.2,6.12323e-17,24.000000000000004,0.382683,0.92388,0.707107,0.707107,9.0,53.00000000000001,46.00000000000001,1015.6,1012.2,1.0,12.8463,10.4332,2.1,-3.4
0.357698,-0.933837,0.0,11.2,-0.382683,41.0,0.707107,0.707107,0.707107,0.707107,9.0,53.00000000000001,51.0,1013.8,1007.6,2.0,11.2603,10.4486,2.5,-6.2
0.37372,-0.927542,0.0,10.7,-0.707107,37.0,-1,1.22465e-16,-0.382683,0.92388,13.0,35.0,46.00000000000001,1021.2,1018.6,7.0,12.1605,16.1256,0.4,-2.6
0.38963,-0.920971,0.0,11.9,-0.707107,39.0,-0.92388,0.382683,6.12323e-17,1,19.0,45.0,44.0,1022.1,1017.6,2.0,13.0253,12.4788,2.2,-4.5
0.405426,-0.914128,0.0,11.1,0.382683,26.0,-0.382683,-0.92388,0.382683,0.92388,13.0,52.0,42.0,1018.1,1012.5,3.0,13.8372,10.2469,4.1,-5.6
0.421101,-0.907014,0.0,11.4,0.707107,24.000000000000004,0.382683,0.92388,0.92388,0.382683,11.0,50.0,53.99999999999999,1010.9,1006.3,0.0,10.1378,11.1411,2.5,-4.6
0.436651,-0.899631,0.0,8.8,6.12323e-17,37.0,-0.92388,0.382683,6.12323e-17,1,19.999999999999996,55.0,51.0,1011.0,1010.7,7.0,10.8926,9.82522,-1.5,-0.3
0.452072,-0.891981,8.2,0.2,-0.382683,37.0,-0.707107,0.707107,-0.382683,0.92388,14.999999999999998,55.0,53.99999999999999,1022.1,1020.2,7.0,9.69228,9.41415,0,-1.9
0.467359,-0.884068,0.0,3.7,-0.382683,30.0,-0.92388,0.382683,-0.382683,0.92388,11.0,58.00000000000001,43.0,1022.1,1018.8,6.0,13.3018,8.57949,2.5,-3.3
0.482508,-0.875892,0.0,5.8,0.382683,19.0,-0.382683,0.92388,0.382683,0.92388,9.0,59.0,55.0,1019.5,1016.1,6.0,9.6006,8.40141,1.7,-3.4
0.497513,-0.867456,0.0,8.9,-0.382683,31.0,-0.92388,-0.382683,0.707107,0.707107,9.0,56.0,74.0,1017.7,1014.7,5.0,4.92886,9.40573,-1.1,-3
0.512371,-0.858764,0.4,12.5,0.92388,31.0,0.92388,0.382683,0.707107,0.707107,14.999999999999998,59.0,59.0,1014.9,1008.7,6.0,8.70293,8.58042,1.9,-6.2
0.527078,-0.849817,0.0,10.6,6.12323e-17,46.0,-0.382683,0.92388,-0.382683,0.92388,19.999999999999996,52.0,52.0,1008.6,1009.8,1.0,10.5754,10.7732,-2.5,1.2
0.541628,-0.840618,0.0,7.4,0.382683,30.0,6.12323e-17,1,6.12323e-17,1,13.0,57.0,51.0,1017.7,1016.3,7.0,10.7552,8.95869,1.2,-1.4
0.556017,-0.831171,0.6,9.1,0.382683,22.0,6.12323e-17,1,6.12323e-17,1,9.0,71.0,49.00000000000001,1020.6,1017.6,3.0,11.4175,5.47406,3.2,-3
0.570242,-0.821477,0.2,12.2,0.382683,26.0,0.92388,-0.382683,0.382683,0.92388,13.0,58.00000000000001,52.0,1020.6,1017.7,1.0,10.5675,8.74996,1.7,-2.9
0.584298,-0.811539,0.0,11.3,0.382683,30.0,0.382683,0.92388,0.382683,0.92388,14.999999999999998,49.0,50.0,1019.8,1016.9,2.0,11.1494,11.4602,0,-2.9
0.598181,-0.801361,0.0,8.2,6.12323e-17,22.0,0.707107,0.707107,0.707107,0.707107,11.0,65.0,53.0,1017.8,1014.4,6.0,10.3331,6.9212,3.4,-3.4
0.611886,-0.790946,0.0,8.0,0.707107,33.0,0.382683,0.92388,0.707107,0.707107,16.999999999999996,73.0,60.00000000000001,1015.9,1013.5,2.0,8.36567,5.16279,1.4,-2.4
0.625411,-0.780296,0.0,8.3,0.707107,33.0,1,0,0.92388,0.382683,13.0,57.0,61.0,1016.8,1013.9,7.0,8.06096,9.25874,-1.9,-2.9
0.638749,-0.769415,8.0,0.0,0.382683,22.0,0.382683,-0.92388,-0.92388,0.382683,6.0,88.0,91.0,1017.0,1015.2,8.0,1.51437,2.08498,-2.3,-1.8
0.651899,-0.758306,22.0,7.1,-0.92388,46.0,-0.92388,0.382683,-0.707107,0.707107,19.0,62.0,37.0,1021.8,1019.9,2.0,15.6683,7.64067,2.3,-1.9
0.664855,-0.746972,0.0,11.7,6.12323e-17,30.0,-0.707107,0.707107,6.12323e-17,1,13.0,58.00000000000001,45.0,1024.9,1021.2,2.0,12.6955,8.60561,2.9,-3.7
0.677615,-0.735417,0.0,11.9,0.707107,22.0,0.382683,-0.92388,0.92388,0.382683,9.0,50.0,48.0,1022.1,1018.0,2.0,11.8292,11.0251,2.1,-4.1
0.690173,-0.723644,0.0,12.3,0.707107,26.0,1,0,0.92388,0.382683,13.0,53.00000000000001,56.0,1019.5,1015.6,1.0,9.49028,10.2028,2,-3.9
0.702527,-0.711657,0.0,11.6,0.707107,33.0,0.707107,0.707107,0.707107,0.707107,13.0,56.0,59.0,1016.6,1012.0,2.0,8.71587,9.44796,1.4,-4.6
0.714673,-0.699458,0.0,12.1,0.707107,30.0,0.707107,-0.707107,0.707107,0.707107,13.0,39.0,59.0,1012.1,1007.0,1.0,8.83279,15.1961,1.5,-5.1
0.726608,-0.687053,0.0,4.7,-0.382683,70.0,0.382683,0.92388,0.92388,0.382683,6.0,71.0,61.0,1011.9,1009.7,3.0,8.14574,5.67244,0.6,-2.2
0.749826,-0.661635,16.6,12.4,0.382683,35.0,-1.83697e-16,-1,0.382683,-0.92388,13.0,71.0,20.000000000000004,1011.4000000000001,1007.0,2.0,26.1011,5.6767,7.7,-4.4
0.761104,-0.64863,0.0,12.0,0.382683,26.0,-1,1.22465e-16,0.382683,0.92388,9.0,44.0,43.0,1017.0,1014.6,1.0,13.5311,12.9574,2.3,-2.4
0.772157,-0.635432,0.0,12.1,-0.707107,28.0,-0.707107,0.707107,6.12323e-17,1,13.0,56.0,61.0,1017.0,1013.7,4.0,8.03681,9.43387,-0.8,-3.3
0.78298,-0.622047,0.0,9.0,0.382683,24.000000000000004,-1.83697e-16,-1,0.92388,0.382683,7.000000000000001,58.00000000000001,56.99999999999999,1014.2,1010.5,7.0,9.26561,8.85567,2,-3.7
0.793572,-0.608477,0.0,8.6,0.382683,26.0,0.382683,0.92388,0.382683,0.92388,9.0,58.00000000000001,60.00000000000001,1017.0,1015.3,7.0,8.35942,8.9154,-0.3,-1.7
0.803928,-0.594727,0.0,11.6,0.707107,26.0,0.382683,0.92388,0.382683,0.92388,11.0,58.00000000000001,56.99999999999999,1019.3000000000001,1016.7,7.0,9.19013,8.80935,1.6,-2.6
0.814046,-0.5808,0.0,11.7,0.382683,28.0,0.92388,0.382683,0.707107,0.707107,9.0,57.0,53.99999999999999,1019.0,1016.3,1.0,10.1153,9.19013,1,-2.7
0.823923,-0.566702,0.0,9.7,6.12323e-17,30.0,0.92388,0.382683,0.707107,0.707107,13.0,65.0,46.00000000000001,1019.1,1015.7,3.0,12.6778,7.04769,2.6,-3.4
0.833556,-0.552435,0.0,11.0,0.92388,26.0,0.707107,-0.707107,0.92388,0.382683,7.000000000000001,62.0,53.0,1018.1,1015.0,7.0,10.495,7.83294,2.5,-3.1
0.842942,-0.538005,0.0,11.2,0.707107,26.0,0.707107,0.707107,0.92388,0.382683,11.0,59.0,53.99999999999999,1016.8,1013.7,7.0,10.2205,8.72883,1.1,-3.1
0.852078,-0.523416,5.0,11.3,0.92388,20.0,6.12323e-17,1,0.92388,0.382683,9.0,57.0,53.0,1016.6,1013.9,1.0,10.5803,9.23126,2.6,-2.7
0.860961,-0.508671,0.0,13.2,0.707107,26.0,6.12323e-17,1,0.92388,0.382683,11.0,58.00000000000001,48.0,1017.2,1015.0,1.0,12.1921,9.02207,2,-2.2
1,0,0.0,8.9,0.382683,22.0,0.382683,0.92388,0.382683,0.92388,11.0,63.0,51.0,1016.2,1013.0,7.0,11.1125,7.70362,0.4,-3.2
0.999852,0.0172134,0.0,13.1,-0.707107,30.0,-0.707107,-0.707107,0.382683,0.92388,13.0,56.0,47.0,1011.4000000000001,1007.7,1.0,12.8292,9.65333,4.3,-3.7
0.999407,0.0344216,0.0,11.7,-0.382683,37.0,-0.707107,0.707107,6.12323e-17,1,19.0,54.0,53.0,1015.3,1013.0,1.0,10.5105,10.1979,0.2,-2.3
0.998667,0.0516197,0.0,12.1,0.382683,33.0,-0.382683,0.92388,-0.382683,0.92388,14.999999999999998,51.0,44.0,1016.0,1013.9,2.0,13.4851,11.0145,1.8,-2.1
0.99763,0.0688024,0.0,6.1,0.382683,33.0,-0.382683,0.92388,0.382683,0.92388,13.0,58.00000000000001,60.00000000000001,1017.0,1015.5,5.0,8.46594,8.93535,1.1,-1.5
0.996298,0.0859648,2.0,6.5,6.12323e-17,31.0,-0.92388,0.382683,6.12323e-17,1,19.0,79.0,53.99999999999999,1018.4,1017.4,6.0,10.1753,3.91865,2.3,-1
0.994671,0.103102,0.2,8.9,-0.382683,35.0,6.12323e-17,1,-0.382683,0.92388,11.0,54.0,49.00000000000001,1019.3000000000001,1016.9,7.0,11.7695,10.0928,1.8,-2.4
0.992749,0.120208,0.0,11.2,0.92388,28.0,-1.83697e-16,-1,0.707107,0.707107,13.0,66.0,53.99999999999999,1014.0,1008.1,1.0,10.3262,6.84535,4,-5.9
0.990532,0.137279,0.0,12.6,0.707107,35.0,1,0,0.92388,0.382683,14.999999999999998,54.0,59.0,1004.7000000000002,999.3,2.0,8.95703,10.2355,2.2,-5.4
0.988023,0.154309,0.0,11.1,6.12323e-17,30.0,0.382683,0.92388,0.382683,0.92388,16.999999999999996,54.0,56.99999999999999,1006.0,1005.9,7.0,9.48689,10.3869,-0.3,-0.1
0.98522,0.171293,0.0,11.4,0.707107,30.0,0.707107,0.707107,0.92388,0.382683,13.0,66.0,48.0,1012.1,1009.9,3.0,12.398,7.04677,2.2,-2.2
0.982126,0.188227,0.0,9.8,0.707107,30.0,0.92388,-0.382683,0.92388,0.382683,11.0,56.0,60.00000000000001,1012.7,1009.3,1.0,8.73828,9.88962,-0.2,-3.4
0.97874,0.205104,0.0,12.9,0.707107,28.0,0.707107,-0.707107,0.707107,0.707107,11.0,60.0,56.99999999999999,1011.1,1007.9,1.0,9.56354,8.62377,1.5,-3.2
0.975065,0.221922,0.0,3.1,-0.707107,46.0,-0.92388,0.382683,-0.707107,0.707107,16.999999999999996,51.0,69.0,1008.7,1009.5,7.0,6.15308,11.3345,-4.6,0.8
0.9711,0.238673,0.0,6.3,-0.92388,33.0,-0.707107,0.707107,6.12323e-17,1,14.999999999999998,63.0,51.0,1016.7,1014.4,6.0,11.1043,7.47088,4.4,-2.3
0.966848,0.255353,0.0,12.3,6.12323e-17,28.0,-0.382683,0.92388,0.382683,0.92388,11.0,53.00000000000001,52.0,1015.5,1013.0,2.0,10.8768,10.3715,2.6,-2.5
0.962309,0.271958,0.0,11.5,0.382683,28.0,0.382683,0.92388,0.382683,0.92388,13.0,56.0,47.0,1013.5,1010.3,1.0,12.4523,9.53268,1.9,-3.2
0.957485,0.288482,0.0,12.3,0.707107,31.0,0.92388,-0.382683,0.92388,0.382683,11.0,57.0,52.0,1011.6,1006.8,1.0,10.9729,9.32069,2.4,-4.8
0.952378,0.304921,0.0,11.2,0.382683,30.0,-1.83697e-16,-1,0.707107,0.707107,13.0,56.0,56.99999999999999,1008.7,1006.0,1.0,9.59848,9.7604,1.8,-2.7
0.946988,0.32127,1.2,10.8,0.382683,31.0,0.92388,0.382683,6.12323e-17,1,13.0,65.0,56.0,1012.6000000000001,1010.0,2.0,9.78904,7.19667,2.7,-2.6
0.941317,0.337523,1.2,6.1,-0.707107,26.0,-1,1.22465e-16,-0.707107,0.707107,7.000000000000001,73.0,72.0,1012.5,1009.9,7.0,5.47424,5.23716,0.3,-2.6
0.929141,0.369725,0.4,6.6,6.12323e-17,26.0,-0.382683,0.92388,0.382683,0.92388,13.0,65.0,63.00000000000001,1012.7,1010.3,6.0,7.75518,7.19667,0.9,-2.4
0.92264,0.385663,0.0,0.0,0.707107,24.000000000000004,-0.707107,0.707107,-0.382683,0.92388,4.0,79.0,81.0,1012.7,1010.6,8.0,3.51387,3.91865,0.2,-2.1
0.915864,0.401488,21.6,0.0,0.382683,44.0,0.382683,0.92388,6.12323e-17,1,13.0,90.0,92.00000000000001,1010.2,1008.1,8.0,1.38585,1.75537,-0.5,-2.1
0.908818,0.417194,39.2,0.0,0.707107,44.0,0.382683,0.92388,6.12323e-17,1,14.999999999999998,92.0,91.0,1008.1,1006.0,8.0,1.57716,1.39325,0.2,-2.1
0.901502,0.432776,54.6,0.0,6.12323e-17,70.0,6.12323e-17,1,6.12323e-17,1,24.0,92.0,96.99999999999999,1003.3,999.0,8.0,0.506019,1.38585,-0.5,-4.3
0.893919,0.448229,145.0,3.2,6.12323e-17,67.0,0.382683,0.92388,0.707107,0.707107,13.0,90.0,76.0,998.4,998.1,7.0,4.61648,1.76204,2.2,-0.3
0.527078,0.849817,0.0,0.0,6.12323e-17,17.0,1,0,0.707107,0.707107,6.0,78.0,81.0,1009.9,1008.0,8.0,3.50063,4.10845,0.3,-1.9
0.512371,0.858764,14.8,0.3,6.12323e-17,22.0,-0.92388,-0.382683,-0.382683,0.92388,9.0,92.0,96.99999999999999,1009.6,1009.7,8.0,0.494482,1.37426,-2.4,0.1
0.497513,0.867456,91.6,0.3,-0.382683,20.0,-0.707107,0.707107,-1,1.22465e-16,4.0,89.0,87.0,1013.3,1011.1,8.0,2.29942,1.91665,0.7,-2.2
0.482508,0.875892,11.799999999999999,7.6,6.12323e-17,39.0,-0.382683,0.92388,-0.382683,0.92388,16.999999999999996,74.0,76.0,1014.5,1012.7,5.0,4.52031,5.00752,-1.5,-1.8
0.467359,0.884068,4.6,4.7,6.12323e-17,41.0,6.12323e-17,1,-0.382683,0.92388,14.999999999999998,84.0,79.0,1016.4,1014.8,7.0,3.85683,2.85937,0.2,-1.6
0.452072,0.891981,2.2,6.5,-0.707107,39.0,-0.382683,0.92388,6.12323e-17,1,11.0,73.0,85.0,1017.0,1015.1,6.0,2.66727,5.15109,-0.9,-1.9
0.421101,0.907014,1.8000000000000003,6.5,6.12323e-17,33.0,-0.707107,0.707107,-0.707107,0.707107,11.0,64.0,61.0,1019.0,1016.3,5.0,8.1336,7.31622,0.9,-2.7
0.405426,0.914128,5.0,5.9,-0.707107,41.0,-0.92388,0.382683,-0.382683,0.92388,13.0,72.0,60.00000000000001,1018.6,1016.2,7.0,8.35318,5.40069,0.8,-2.4
0.38963,0.920971,3.2,7.499999999999999,6.12323e-17,30.0,-0.92388,-0.382683,-0.382683,0.92388,14.999999999999998,77.0,52.0,1017.5,1014.7,4.0,10.7415,4.27601,3.8,-2.8
0.37372,0.927542,0.8,8.4,-0.707107,37.0,-0.707107,0.707107,-0.382683,0.92388,14.999999999999998,66.0,56.99999999999999,1016.9,1014.8,5.0,9.21754,6.85048,0.5,-2.1
0.357698,0.933837,0.2,8.5,-0.707107,43.0,-0.92388,0.382683,-0.707107,0.707107,13.0,68.0,64.0,1016.3,1013.7,6.0,7.26694,6.33681,-0.7,-2.6
0.341571,0.939856,1.4,8.9,-0.707107,35.0,-0.707107,0.707107,-0.382683,0.92388,14.999999999999998,64.0,56.99999999999999,1011.9,1008.2,6.0,9.26561,7.28335,2.3,-3.7
0.325342,0.945596,0.0,8.0,-0.92388,22.0,-0.382683,-0.92388,-0.707107,0.707107,13.0,62.0,51.0,1009.3,1006.7,7.0,11.1207,7.78612,3.5,-2.6
0.309017,0.951057,0.0,10.5,6.12323e-17,19.0,-0.382683,-0.92388,0.707107,0.707107,7.000000000000001,63.0,50.0,1014.1,1011.5,1.0,11.4169,7.53298,3.3,-2.6
0.2926,0.956235,0.0,11.1,0.382683,22.0,-0.707107,-0.707107,0.92388,0.382683,7.000000000000001,65.0,55.0,1015.2,1011.2,1.0,10.0082,7.09541,3.6,-4
0.276097,0.96113,0.0,10.2,-0.707107,43.0,0.707107,0.707107,0.707107,0.707107,7.000000000000001,70.0,62.0,1010.7,1007.0,2.0,8.1406,5.95981,3.6,-3.7
0.259512,0.96574,0.0,7.2,-0.707107,35.0,-0.707107,0.707107,6.12323e-17,1,19.0,62.0,55.0,1017.6,1016.1,4.0,9.72347,7.74526,1.5,-1.5
0.24285,0.970064,0.0,8.4,0.382683,37.0,6.12323e-17,1,6.12323e-17,1,16.999999999999996,64.0,50.0,1020.8,1019.2,7.0,11.1577,7.25055,0.8,-1.6
0.226116,0.9741,0.0,1.2,6.12323e-17,35.0,-0.92388,-0.382683,-0.382683,0.92388,13.0,70.0,72.0,1022.5,1019.9,7.0,5.29935,5.78753,-1,-2.6
0.209315,0.977848,5.0,5.6,6.12323e-17,26.0,-0.382683,0.92388,0.382683,0.92388,13.0,69.0,67.0,1021.0,1017.9,7.0,6.58403,6.09333,0.4,-3.1
0.192452,0.981306,0.4,4.9,0.382683,19.0,0.382683,-0.92388,0.382683,0.92388,9.0,79.0,73.0,1020.9,1017.3,7.0,5.24109,3.89504,1.7,-3.6
0.175531,0.984474,0.0,8.6,0.707107,20.0,-1.83697e-16,-1,0.92388,0.382683,9.0,72.0,63.00000000000001,1019.2,1014.8,1.0,7.77814,5.44967,3.1,-4.4
0.14154,0.989932,21.2,10.3,6.12323e-17,24.000000000000004,-0.382683,-0.92388,6.12323e-17,1,9.0,75.0,60.00000000000001,1017.4,1014.0,1.0,8.63011,4.75961,4.7,-3.4
0.124479,0.992222,0.0,10.8,6.12323e-17,24.000000000000004,6.12323e-17,1,6.12323e-17,1,14.999999999999998,69.0,53.99999999999999,1019.5,1016.5,3.0,10.1678,6.13007,1.9,-3
0.107381,0.994218,0.4,9.3,6.12323e-17,28.0,-0.92388,0.382683,0.382683,0.92388,11.0,77.0,59.0,1020.1,1017.4,2.0,8.74827,4.32157,2.6,-2.7
0.0902516,0.995919,0.6,9.6,6.12323e-17,20.0,-1,1.22465e-16,6.12323e-17,1,7.000000000000001,76.0,59.0,1020.1,1016.4,3.0,8.64479,4.54768,0.6,-3.7
0.0730951,0.997325,0.2,6.8,-0.92388,20.0,-0.707107,-0.707107,-1,1.22465e-16,7.000000000000001,70.0,51.0,1015.8,1012.8,5.0,11.2109,5.84468,4.8,-3
0.055917,0.998435,0.0,3.0,-0.707107,24.000000000000004,-0.707107,0.707107,6.12323e-17,1,11.0,63.0,60.00000000000001,1017.1,1013.7,2.0,8.36567,7.52167,1.2,-3.4
0.0387223,0.99925,0.0,4.7,-1.83697e-16,33.0,-0.92388,-0.382683,0.382683,0.92388,6.0,73.0,73.0,1014.7,1011.1,8.0,5.17059,5.13163,1,-3.6
0.0215161,0.999769,24.199999999999996,5.9,6.12323e-17,20.0,-0.707107,-0.707107,6.12323e-17,1,7.000000000000001,73.0,64.0,1014.7,1012.2,7.0,7.29977,5.07345,3,-2.5
0.00430354,0.999991,0.0,8.0,0.382683,20.0,-0.92388,-0.382683,-0.382683,0.92388,9.0,65.0,58.0,1015.4,1012.8,4.0,8.90211,6.97904,2.1,-2.6
-0.0129103,0.999917,0.0,6.5,-0.382683,26.0,-0.92388,-0.382683,6.12323e-17,1,11.0,70.0,58.0,1017.7,1015.4,3.0,8.94201,5.83587,2,-2.3
-0.0301203,0.999546,2.4,8.4,-0.382683,37.0,-0.92388,0.382683,-0.707107,0.707107,13.0,65.0,56.0,1023.2,1021.3000000000001,5.0,9.40573,6.93695,2.2,-1.9
-0.0473214,0.99888,6.0,9.2,-0.92388,39.0,-1,1.22465e-16,-0.707107,0.707107,14.999999999999998,72.0,52.0,1025.5,1023.2,4.0,10.4967,5.32359,1.4,-2.3
-0.0645084,0.997917,2.0,2.7,-0.707107,30.0,-0.92388,-0.382683,-1,1.22465e-16,4.0,76.0,68.0,1024.4,1020.7,8.0,6.19001,4.41161,0.7,-3.7
-0.0816764,0.996659,0.2,3.1,-0.382683,24.000000000000004,-0.707107,-0.707107,6.12323e-17,1,2.0,71.0,68.0,1022.2,1019.5,7.0,6.1853,5.4992,0.2,-2.7
-0.0988201,0.995105,1.4,5.5,6.12323e-17,35.0,-0.92388,0.382683,0.382683,0.92388,9.0,79.0,66.0,1022.7,1020.5,7.0,6.75844,3.78095,3.3,-2.2
-0.115935,0.993257,0.4,8.8,-0.92388,26.0,-0.707107,0.707107,6.12323e-17,1,11.0,71.0,56.0,1023.5,1019.9,6.0,9.37763,5.495,3,-3.6
-0.133015,0.991114,0.4,2.1,6.12323e-17,30.0,-0.92388,0.382683,6.12323e-17,1,7.000000000000001,79.0,67.0,1021.8,1019.1,7.0,6.46594,3.76065,2.9,-2.7
-0.150055,0.988678,0.4,6.4,-0.382683,39.0,-1,1.22465e-16,-0.382683,0.92388,11.0,66.0,66.0,1021.0,1019.4,7.0,6.72789,6.71773,0.2,-1.6
-0.167052,0.985948,0.2,1.7,6.12323e-17,30.0,-0.92388,0.382683,-0.707107,0.707107,7.000000000000001,76.0,79.0,1021.0,1017.8,7.0,3.83632,4.41161,1.3,-3.2
-0.183998,0.982927,36.6,0.0,-0.92388,26.0,-1,1.22465e-16,-0.92388,-0.382683,4.0,96.00000000000001,92.00000000000001,1016.9,1013.5,8.0,1.35123,0.659725,0.7,-3.4
-0.200891,0.979614,17.4,8.1,-0.382683,19.0,-0.707107,-0.707107,-0.92388,0.382683,4.0,71.0,52.0,1013.8,1010.9,7.0,10.6701,5.52438,4.1,-2.9
-0.217723,0.976011,0.0,7.2,0.707107,19.0,-0.707107,-0.707107,0.707107,0.707107,9.0,84.0,63.00000000000001,1012.8,1009.1,5.0,7.61807,2.8181,5,-3.7
-0.234491,0.972118,0.0,6.0,0.382683,43.0,-0.382683,-0.92388,-0.92388,-0.382683,6.0,85.0,71.0,1013.5,1011.8,7.0,5.4657,2.62473,-0.1,-1.7
-0.25119,0.967938,6.0,9.8,0.382683,19.0,-1.83697e-16,-1,6.12323e-17,1,6.0,72.0,56.99999999999999,1015.3,1011.7,1.0,9.21754,5.32359,3.5,-3.6
-0.267814,0.963471,6.999999999999999,9.0,-1.83697e-16,24.000000000000004,-1.83697e-16,-1,-1.83697e-16,-1,7.000000000000001,77.0,52.0,1014.9,1010.7,5.0,10.8928,4.25332,6.4,-4.2
-0.284359,0.958718,0.0,10.4,-1.83697e-16,31.0,-0.707107,-0.707107,-0.382683,-0.92388,11.0,52.0,26.999999999999996,1012.9,1008.9,2.0,20.7429,10.3324,5.7,-4
-0.30082,0.953681,0.0,10.7,-1.83697e-16,30.0,-0.707107,-0.707107,-0.382683,-0.92388,13.0,42.99999999999999,25.0,1011.6999999999999,1008.1,1.0,21.3906,12.9662,4.9,-3.6
-0.317191,0.948362,0.0,10.8,6.12323e-17,17.0,-0.707107,-0.707107,0.707107,0.707107,6.0,52.0,50.0,1014.1,1011.3,2.0,11.083,10.1308,4.5,-2.8
-0.333469,0.942761,0.0,10.2,0.382683,20.0,-0.382683,-0.92388,0.707107,0.707107,7.000000000000001,77.0,53.99999999999999,1014.7,1010.2,1.0,10.0404,4.17917,5.4,-4.5
-0.349647,0.936881,0.0,10.1,0.382683,19.0,-0.707107,-0.707107,0.707107,0.707107,7.000000000000001,69.0,56.0,1013.3,1010.6,5.0,9.62488,5.97469,5.8,-2.7
-0.365723,0.930724,0.0,10.5,6.12323e-17,20.0,-0.707107,-0.707107,6.12323e-17,1,11.0,69.0,53.0,1018.4,1015.7,1.0,10.3407,5.92936,4.7,-2.7
-0.381689,0.924291,0.0,10.5,-1.83697e-16,15.0,-0.382683,-0.92388,-1.83697e-16,-1,7.000000000000001,71.0,38.0,1020.6,1017.4,1.0,15.6478,5.48244,6.5,-3.2
-0.397543,0.917584,0.0,10.0,-0.382683,20.0,-0.92388,-0.382683,6.12323e-17,1,9.0,65.0,68.0,1022.7,1020.4,7.0,6.27979,6.87405,2.3,-2.3
-0.413279,0.910605,0.0,9.0,0.382683,20.0,-0.382683,-0.92388,-0.382683,0.92388,9.0,72.0,41.0,1023.4,1019.8,6.0,14.2008,5.26712,3.7,-3.6
-0.428892,0.903356,0.0,10.6,-0.707107,13.0,-0.707107,-0.707107,-0.382683,0.92388,6.0,71.0,47.0,1022.3,1018.9,1.0,12.2433,5.44899,5.9,-3.4
-0.444378,0.895839,0.0,10.4,0.707107,19.0,-0.382683,-0.92388,0.382683,0.92388,9.0,73.0,59.0,1023.6,1021.4,1.0,8.65124,5.04256,4.8,-2.2
-0.459733,0.888057,0.0,7.4,0.382683,22.0,-0.707107,-0.707107,6.12323e-17,1,9.0,80.99999999999999,56.99999999999999,1023.5,1020.8,1.0,9.15591,3.367,5.4,-2.7
-0.474951,0.880012,0.0,8.6,-0.382683,20.0,-0.707107,-0.707107,0.382683,0.92388,7.000000000000001,74.0,59.0,1021.2,1017.3,5.0,8.58684,4.83231,3.7,-3.9
-0.490029,0.871706,0.0,8.5,-0.707107,39.0,-0.382683,-0.92388,-0.707107,0.707107,16.999999999999996,83.0,62.0,1018.8,1017.7,3.0,7.78612,2.98177,4.7,-1.1
-0.504961,0.863142,0.0,9.6,-0.707107,26.0,-0.707107,-0.707107,-0.382683,0.92388,7.000000000000001,60.0,51.0,1025.2,1021.3000000000001,3.0,10.7472,8.03153,3.3,-3.9
-0.519744,0.854322,0.0,10.1,-1.83697e-16,28.0,-0.707107,-0.707107,-0.382683,-0.92388,9.0,71.0,34.0,1021.7,1016.1,1.0,17.3544,5.38655,9,-5.6
-0.534373,0.845249,0.0,7.0,6.12323e-17,26.0,-0.707107,-0.707107,0.382683,0.92388,6.0,67.0,68.0,1021.9,1018.3,5.0,6.20414,6.35374,1.7,-3.6
-0.548843,0.835925,0.0,7.8,6.12323e-17,26.0,-0.92388,-0.382683,-0.382683,0.92388,9.0,70.0,63.00000000000001,1023.1,1020.2,4.0,7.35861,5.66103,1.3,-2.9
-0.563151,0.826354,0.0,8.4,-0.382683,26.0,-0.707107,-0.707107,-0.382683,0.92388,13.0,73.0,56.99999999999999,1025.6,1023.1000000000001,7.0,8.94517,4.95808,3.3,-2.5
-0.577292,0.816538,0.0,9.1,-0.92388,31.0,-0.707107,-0.707107,-0.382683,0.92388,9.0,69.0,49.00000000000001,1028.4,1025.5,3.0,11.2392,5.87068,2.2,-2.9
-0.591261,0.80648,0.0,7.499999999999999,-0.707107,30.0,-0.92388,-0.382683,-0.92388,0.382683,11.0,71.0,58.0,1028.8,1025.5,3.0,8.63177,5.38655,2.6,-3.3
-0.605056,0.796183,1.2,4.8,-0.382683,30.0,-0.707107,-0.707107,-0.382683,0.92388,13.0,78.0,65.0,1027.6,1025.0,4.0,6.86883,3.90304,3.4,-2.6
-0.618671,0.78565,0.8,3.0,-0.707107,26.0,-0.707107,-0.707107,-0.382683,0.92388,7.000000000000001,80.99999999999999,89.0,1026.6,1024.1,8.0,1.84843,3.31272,0.4,-2.5
-0.632103,0.774884,4.6,6.5,-0.707107,22.0,-1,1.22465e-16,-0.707107,0.707107,9.0,87.0,69.0,1025.9,1022.1999999999999,6.0,5.952,2.18701,4.6,-3.7
-0.658402,0.752667,1.8000000000000003,4.2,-1.83697e-16,26.0,-0.382683,-0.92388,-1.83697e-16,-1,6.0,96.00000000000001,62.0,1014.6,1010.5,7.0,7.71614,0.651575,5,-4.1
-0.67126,0.741222,1.2,9.4,-0.707107,20.0,-0.382683,-0.92388,-1.83697e-16,-1,7.000000000000001,54.0,35.0,1014.8,1012.2,7.0,16.1979,9.48769,3.7,-2.6
-0.683919,0.729558,0.0,0.0,-0.382683,19.0,-0.382683,-0.92388,0.382683,-0.92388,7.000000000000001,55.0,55.0,1015.0,1012.7,7.0,9.15889,9.1237,0.5,-2.3
-0.696376,0.717677,0.0,10.2,0.382683,39.0,-1.83697e-16,-1,-0.382683,-0.92388,13.0,55.0,35.0,1016.8,1012.7,1.0,16.3068,9.21532,4.6,-4.1
-0.708627,0.705584,0.0,10.2,-1.83697e-16,35.0,-0.707107,-0.707107,-1.83697e-16,-1,13.0,46.0,32.0,1017.1,1012.6,1.0,17.4875,11.7793,4.4,-4.5
-0.720667,0.693281,0.0,10.1,-1.83697e-16,30.0,-0.382683,-0.92388,-1.83697e-16,-1,11.0,45.0,33.0,1018.5,1015.0,0.0,16.8817,11.9862,4.3,-3.5
-0.732494,0.680773,0.0,9.6,0.707107,17.0,-0.707107,-0.707107,0.382683,-0.92388,7.000000000000001,59.0,32.0,1019.5,1015.1,1.0,17.4486,7.91237,7.5,-4.4
-0.744104,0.668064,0.0,6.0,-0.707107,13.0,-0.707107,-0.707107,-0.382683,-0.92388,2.0,58.00000000000001,42.0,1019.5999999999999,1015.4,7.0,13.3796,8.14133,6.6,-4.2
-0.755493,0.655156,0.0,0.0,0.707107,24.000000000000004,-0.707107,-0.707107,-0.382683,-0.92388,7.000000000000001,69.0,83.0,1015.6,1012.7,8.0,2.8521,5.64324,-0.6,-2.9
-0.766659,0.642055,5.0,10.0,-1.83697e-16,33.0,-1.83697e-16,-1,-1.83697e-16,-1,14.999999999999998,69.0,48.0,1010.2,1007.3,3.0,11.4629,5.77203,3.4,-2.9
-0.777597,0.628763,0.0,7.299999999999999,-0.382683,44.0,-1.83697e-16,-1,-0.382683,-0.92388,16.999999999999996,68.0,60.00000000000001,1010.2,1008.9,7.0,7.84874,5.90605,1.4,-1.3
-0.788305,0.615285,1.0,8.3,-0.707107,30.0,-0.707107,-0.707107,-0.92388,-0.382683,7.000000000000001,54.0,49.00000000000001,1018.0,1018.0,7.0,11.1885,9.54593,2.4,0
-0.798779,0.601624,0.0,8.2,-0.382683,19.0,-0.707107,-0.707107,-0.92388,-0.382683,4.0,58.00000000000001,45.0,1024.6,1021.2,4.0,12.5822,8.34614,5.7,-3.4
-0.809017,0.587785,0.0,9.2,-0.707107,28.0,-0.707107,-0.707107,-0.707107,0.707107,13.0,65.0,47.0,1025.8,1023.7999999999998,1.0,11.9283,6.65097,5.6,-2
-0.819015,0.573772,1.6,3.8,6.12323e-17,31.0,-0.707107,-0.707107,-0.382683,0.92388,7.000000000000001,72.0,85.0,1028.2,1026.9,7.0,2.57451,5.16303,-0.3,-1.3
-0.82877,0.559589,4.4,6.3,6.12323e-17,30.0,-0.92388,0.382683,6.12323e-17,1,13.0,77.0,60.00000000000001,1030.4,1027.9,6.0,8.08676,4.13755,2,-2.5
-0.83828,0.54524,0.8,1.8,0.382683,17.0,-0.382683,-0.92388,-0.707107,0.707107,6.0,85.99999999999999,96.0,1028.1,1026.4,7.0,0.646507,2.36873,0.2,-1.7
-0.847541,0.53073,17.4,8.5,0.382683,26.0,-0.707107,-0.707107,6.12323e-17,1,13.0,90.0,60.00000000000001,1028.1,1025.0,5.0,8.10521,1.67888,2.7,-3.1
-0.856551,0.516062,2.6,0.9,-0.382683,13.0,-0.707107,-0.707107,0.382683,0.92388,4.0,85.0,59.0,1024.1,1019.1,7.0,8.36963,2.54263,4.7,-5
-0.865307,0.501242,0.0,5.3,-1.83697e-16,37.0,0.92388,0.382683,-1.83697e-16,-1,16.999999999999996,72.0,79.0,1013.8,1009.1,7.0,3.76935,5.22296,0,-4.7
-0.873807,0.486273,1.4,10.1,-0.382683,26.0,-0.382683,-0.92388,-0.707107,-0.707107,7.000000000000001,59.0,36.0,1016.1,1015.6,1.0,15.7426,8.13006,3.9,-0.5
-0.882048,0.47116,0.0,9.8,-0.382683,20.0,-0.707107,-0.707107,-0.707107,0.707107,2.0,57.0,45.0,1024.0,1021.6,4.0,12.554,8.52419,6.6,-2.4
-0.890028,0.455907,0.0,0.2,-0.382683,13.0,-0.382683,-0.92388,0.382683,-0.92388,4.0,75.0,65.0,1026.1,1023.2,7.0,6.81664,4.41103,5.2,-2.9
-0.905193,0.425,0.0,3.3,-1,11.0,-0.707107,-0.707107,0.382683,-0.92388,2.0,78.0,55.0,1025.5,1021.7,6.0,9.5718,3.8849,5.9,-3.8
-0.912375,0.409356,0.0,2.6,-0.92388,26.0,-0.707107,-0.707107,-0.92388,0.382683,4.0,85.0,83.0,1026.1,1024.1,8.0,2.97028,2.51885,3.8,-2
-0.919286,0.39359,6.0,1.3,-0.382683,33.0,-0.382683,0.92388,-0.707107,0.707107,13.0,92.0,56.99999999999999,1026.1,1022.9,7.0,8.82389,1.31397,3.3,-3.2
-0.925925,0.377708,3.0,0.0,-1.83697e-16,15.0,-1,1.22465e-16,-0.382683,-0.92388,6.0,95.0,96.99999999999999,1022.4,1019.7,8.0,0.482699,0.804214,1.2,-2.7
-0.938377,0.345612,0.2,1.5,0.92388,26.0,-0.382683,-0.92388,0.707107,0.707107,13.0,97.0,83.0,1018.1,1013.5,6.0,3.00943,0.483833,3.4,-4.6
-0.944188,0.329408,2.4,1.7,-0.382683,13.0,-0.707107,-0.707107,-0.382683,-0.92388,6.0,85.0,74.0,1012.2,1009.3,7.0,4.83601,2.60257,1.5,-2.9
-0.949718,0.313107,0.0,10.0,-1.83697e-16,35.0,-1.83697e-16,-1,-1.83697e-16,-1,14.999999999999998,58.00000000000001,45.0,1011.5,1008.5,1.0,12.3664,8.35902,3.2,-3
-0.954967,0.296713,0.0,9.9,-1.83697e-16,39.0,-1.83697e-16,-1,-1.83697e-16,-1,19.0,60.0,48.0,1011.8,1011.3,1.0,11.2475,7.75812,2.9,-0.5
-0.959933,0.280231,0.0,9.8,-1.83697e-16,13.0,-0.707107,-0.707107,-0.707107,-0.707107,2.0,63.0,45.0,1014.9,1011.2,1.0,12.4225,7.01581,5.8,-3.7
-0.964614,0.263665,0.0,9.8,-1.83697e-16,33.0,-1.83697e-16,-1,-1.83697e-16,-1,13.0,50.0,36.0,1011.6999999999999,1008.1,1.0,15.4848,10.3492,4.5,-3.6
-0.96901,0.247022,0.0,9.8,-1.83697e-16,22.0,-0.382683,-0.92388,0.382683,-0.92388,11.0,54.0,31.0,1014.1,1011.4,1.0,17.5566,9.16328,5.3,-2.7
-0.973118,0.230306,0.0,9.1,-0.707107,24.000000000000004,-0.382683,-0.92388,-0.92388,-0.382683,4.0,53.00000000000001,35.0,1018.0,1016.2,4.0,15.8137,9.42349,5.1,-1.8
-0.976938,0.213521,0.0,1.0,-0.707107,15.0,-0.707107,-0.707107,-0.382683,-0.92388,6.0,63.0,58.0,1020.7,1017.7,7.0,8.44299,6.9776,4,-3
-0.980469,0.196673,2.6,0.0,-0.382683,13.0,-0.707107,-0.707107,-0.707107,-0.707107,4.0,92.0,90.0,1019.8,1017.3,8.0,1.6079,1.26711,0.7,-2.5
-0.983709,0.179767,6.0,9.2,-1.83697e-16,17.0,-0.382683,-0.92388,-0.707107,0.707107,4.0,85.99999999999999,50.0,1021.7,1019.3,3.0,10.7539,2.2772,7.7,-2.4
-0.986658,0.162807,0.0,8.0,-0.382683,19.0,-0.707107,-0.707107,-1,1.22465e-16,4.0,73.0,45.0,1024.7,1021.2,5.0,12.3384,4.77243,6.2,-3.5
-0.989314,0.145799,0.0,9.6,-1.83697e-16,26.0,-0.707107,-0.707107,-0.382683,-0.92388,7.000000000000001,70.0,33.0,1022.0,1017.6,2.0,16.8564,5.47171,4.7,-4.4
-0.991677,0.128748,0.0,8.3,-1.83697e-16,37.0,-0.707107,0.707107,-1.83697e-16,-1,9.0,61.0,34.0,1018.7,1013.5,3.0,16.2349,7.32881,6.4,-5.2
-0.993747,0.111659,0.0,10.1,-1.83697e-16,24.000000000000004,-0.382683,-0.92388,-0.382683,-0.92388,9.0,61.0,35.0,1016.8,1013.2,1.0,15.9213,7.34035,7,-3.6
-0.995521,0.0945367,0.0,3.3,-0.382683,17.0,-0.382683,-0.92388,-0.707107,0.707107,7.000000000000001,74.0,89.0,1018.6,1016.1,8.0,1.83551,4.61671,2,-2.5
-0.997001,0.0773865,1.8000000000000003,2.1,-0.382683,22.0,-0.382683,-0.92388,-0.382683,0.92388,9.0,84.0,68.0,1020.6,1017.7,6.0,6.08685,2.71516,3.4,-2.9
-0.999074,0.0430222,2.4,0.1,-0.382683,19.0,-0.92388,-0.382683,-0.92388,-0.382683,6.0,89.0,88.0,1019.8,1017.0,7.0,1.97768,1.80127,0.2,-2.8
-0.999667,0.0258184,8.8,0.8,-0.382683,28.0,-0.707107,-0.707107,-0.382683,-0.92388,7.000000000000001,93.0,90.0,1014.1,1010.6,8.0,1.64643,1.11766,2.1,-3.5
-0.999963,0.008607,15.399999999999999,3.7,-0.707107,26.0,-0.707107,-0.707107,-1,1.22465e-16,9.0,79.0,61.0,1015.0,1014.8,5.0,7.89866,3.6972,4.5,-0.2
-0.999963,-0.008607,0.0,8.5,-0.92388,24.000000000000004,-0.707107,-0.707107,-0.707107,0.707107,11.0,69.0,61.0,1022.2,1020.7,3.0,7.89866,5.80781,3.7,-1.5
-0.999667,-0.0258184,0.4,8.9,6.12323e-17,19.0,-0.707107,-0.707107,0.707107,0.707107,6.0,76.0,49.00000000000001,1022.0,1017.4,5.0,11.307,4.34769,3.6,-4.6
-0.999074,-0.0430222,0.0,4.7,0.382683,15.0,-0.92388,0.382683,0.382683,0.92388,7.000000000000001,78.0,70.0,1018.2,1014.4,6.0,5.76562,3.92122,4,-3.8
-0.998186,-0.0602133,0.0,9.7,0.382683,13.0,-0.382683,-0.92388,0.92388,0.382683,6.0,82.0,31.0,1021.7,1019.1,1.0,18.2355,3.07623,8.3,-2.6
-0.997001,-0.0773865,0.0,9.2,6.12323e-17,19.0,-0.707107,-0.707107,6.12323e-17,1,9.0,72.0,52.0,1026.1,1024.1,2.0,10.2857,5.00489,6.7,-2
-0.995521,-0.0945367,0.0,9.6,-1.83697e-16,17.0,-0.707107,-0.707107,-1.83697e-16,-1,6.0,69.0,47.0,1030.6,1027.3,1.0,11.8035,5.6742,5.9,-3.3
-0.993747,-0.111659,0.0,5.8,-0.92388,30.0,-0.92388,-0.382683,-0.382683,0.92388,9.0,66.0,56.0,1030.2,1027.3,7.0,8.961,6.31721,3.4,-2.9
-0.991677,-0.128748,1.6,0.0,-0.707107,17.0,-0.707107,-0.707107,-0.382683,0.92388,6.0,94.0,76.0,1030.1,1028.0,8.0,4.27425,0.948287,3.7,-2.1
-0.989314,-0.145799,0.6,9.6,-0.382683,22.0,-0.707107,-0.707107,-0.382683,0.92388,9.0,76.0,56.99999999999999,1031.6,1029.4,2.0,8.75017,4.25101,2.9,-2.2
-0.986658,-0.162807,0.2,5.2,-0.92388,19.0,-0.92388,-0.382683,-0.707107,0.707107,4.0,75.0,62.0,1030.0,1026.4,7.0,7.49656,4.45606,3.1,-3.6
-0.983709,-0.179767,0.0,9.2,6.12323e-17,19.0,-0.92388,-0.382683,-0.382683,0.92388,7.000000000000001,87.0,53.0,1028.2,1025.1,2.0,9.86948,2.12427,6.3,-3.1
-0.980469,-0.196673,1.6,2.3,-0.382683,15.0,-0.92388,-0.382683,-0.707107,-0.707107,2.0,95.0,71.0,1027.4,1025.1,7.0,5.35753,0.78287,5.4,-2.3
-0.976938,-0.213521,0.2,3.1,6.12323e-17,22.0,-0.707107,-0.707107,1,0,6.0,84.0,71.0,1026.7,1023.7999999999998,7.0,5.36995,2.70667,2.6,-2.9
-0.973118,-0.230306,0.0,8.7,6.12323e-17,22.0,-0.707107,-0.707107,0.382683,0.92388,9.0,80.0,65.0,1026.8,1024.0,6.0,6.80623,3.47273,3.6,-2.8
-0.96901,-0.247022,0.2,8.1,6.12323e-17,20.0,-0.382683,-0.92388,0.382683,0.92388,11.0,88.0,58.0,1025.8,1022.9,4.0,8.57949,1.99328,4.6,-2.9
-0.964614,-0.263665,0.4,7.0,6.12323e-17,20.0,-0.382683,-0.92388,0.382683,0.92388,7.000000000000001,80.99999999999999,65.0,1024.8,1022.0,5.0,6.83749,3.31014,3.1,-2.8
-0.959933,-0.280231,1.6,5.1,0.382683,20.0,-0.707107,-0.707107,0.707107,0.707107,7.000000000000001,92.0,69.0,1021.9,1017.5,7.0,5.93841,1.32014,3.7,-4.4
-0.954967,-0.296713,2.8,3.5,-1.83697e-16,37.0,0.92388,-0.382683,0.382683,-0.92388,6.0,84.0,85.0,1015.5,1012.5,7.0,2.55855,2.79219,-2.3,-3
-0.949718,-0.313107,0.2,9.2,-1.83697e-16,19.0,-1.83697e-16,-1,0.382683,-0.92388,9.0,64.0,43.0,1018.7,1016.1,6.0,13.1138,6.85728,4.6,-2.6
-0.944188,-0.329408,0.2,1.0,-0.707107,13.0,-0.707107,-0.707107,-0.707107,-0.707107,2.0,68.0,67.0,1021.5,1020.0,8.0,6.12268,5.8098,2,-1.5
-0.938377,-0.345612,3.0,9.4,-1.83697e-16,26.0,-0.707107,-0.707107,-1.83697e-16,-1,11.0,65.0,33.0,1022.8,1018.9,1.0,16.7304,6.54332,4.4,-3.9
-0.932289,-0.361714,0.0,9.8,-0.707107,26.0,-0.707107,-0.707107,-0.707107,-0.707107,4.0,57.0,41.0,1023.1,1020.6,1.0,13.7522,8.34677,7.5,-2.5
-0.925925,-0.377708,0.0,6.2,-0.382683,26.0,-0.707107,-0.707107,-0.382683,0.92388,9.0,56.0,59.0,1026.9,1024.4,6.0,8.24942,8.8378,2.9,-2.5
-0.919286,-0.39359,0.0,6.0,6.12323e-17,15.0,-0.92388,0.382683,0.382683,0.92388,7.000000000000001,72.0,67.0,1027.5,1024.9,6.0,6.29075,5.07181,2.8,-2.6
-0.912375,-0.409356,0.0,9.5,-0.382683,22.0,-0.707107,-0.707107,6.12323e-17,1,13.0,80.99999999999999,56.0,1028.9,1026.4,4.0,9.09195,3.25632,4.8,-2.5
-0.905193,-0.425,0.0,5.6,6.12323e-17,33.0,-0.382683,-0.92388,6.12323e-17,1,13.0,77.0,53.0,1028.7,1025.9,4.0,9.93724,4.06757,3.7,-2.8
-0.897743,-0.440519,1.0,4.9,6.12323e-17,19.0,-0.92388,-0.382683,-0.382683,-0.92388,2.0,85.99999999999999,73.0,1025.4,1022.0,6.0,4.96955,2.34844,3.1,-3.4
-0.882048,-0.47116,0.6,9.0,-0.707107,20.0,-0.92388,-0.382683,-0.92388,-0.382683,6.0,69.0,53.99999999999999,1017.6,1015.3,5.0,9.74375,5.73636,4.9,-2.3
-0.873807,-0.486273,0.0,7.700000000000001,-0.92388,24.000000000000004,-0.92388,-0.382683,-0.92388,0.382683,6.0,67.0,55.0,1019.5,1016.8,7.0,9.43557,6.23287,3.4,-2.7
-0.865307,-0.501242,0.0,9.1,0.92388,15.0,-0.707107,-0.707107,0.92388,0.382683,7.000000000000001,75.0,55.0,1020.0,1015.7,3.0,9.49999,4.45606,5.8,-4.3
-0.856551,-0.516062,0.0,10.3,0.382683,33.0,-0.707107,-0.707107,-1.83697e-16,-1,11.0,51.0,22.0,1018.7,1014.7,0.0,22.9363,10.3323,4.9,-4
-0.83828,-0.54524,0.0,10.1,0.382683,22.0,-0.92388,0.382683,-1.83697e-16,-1,9.0,53.00000000000001,34.0,1021.0,1016.8,1.0,16.7158,9.66756,5.8,-4.2
-0.82877,-0.559589,0.0,10.0,-1.83697e-16,24.000000000000004,-0.707107,-0.707107,0.382683,-0.92388,7.000000000000001,64.0,30.000000000000004,1019.5999999999999,1014.5,2.0,18.7234,6.7778,9.1,-5.1
-0.819015,-0.573772,0.0,10.0,0.382683,20.0,-0.92388,-0.382683,0.382683,-0.92388,7.000000000000001,60.0,29.0,1016.8,1011.4,1.0,19.3109,7.80035,8.6,-5.4
-0.809017,-0.587785,0.0,10.3,-1.83697e-16,46.0,-0.707107,-0.707107,-1.83697e-16,-1,19.999999999999996,55.0,25.0,1011.4000000000001,1008.1,1.0,20.8314,9.13073,4,-3.3
-0.798779,-0.601624,0.0,10.2,-0.707107,28.0,-0.707107,-0.707107,0.382683,-0.92388,7.000000000000001,46.0,36.0,1017.2,1014.0,1.0,15.8368,11.6266,6.5,-3.2
-0.788305,-0.615285,0.0,10.1,-0.382683,19.0,-0.707107,-0.707107,-0.707107,-0.707107,4.0,47.0,28.0,1017.4,1015.3,1.0,19.9624,11.4326,8.8,-2.1
-0.777597,-0.628763,0.0,10.0,0.382683,15.0,-0.707107,-0.707107,0.382683,0.92388,9.0,58.00000000000001,37.0,1019.5999999999999,1015.8,1.0,15.7495,8.35902,7.8,-3.8
-0.755493,-0.655156,0.0,10.1,6.12323e-17,26.0,-0.382683,-0.92388,6.12323e-17,1,13.0,56.0,47.0,1015.1,1013.7,1.0,12.0988,9.18207,3,-1.4
-0.744104,-0.668064,0.0,7.700000000000001,0.707107,22.0,-0.92388,-0.382683,0.382683,0.92388,11.0,70.0,69.0,1017.7,1012.6,6.0,5.99742,5.63936,3,-5.1
-0.732494,-0.680773,0.2,10.6,-1.83697e-16,35.0,-0.382683,-0.92388,-0.382683,-0.92388,13.0,42.99999999999999,19.0,1017.1,1014.9,0.0,25.2185,13.1533,3,-2.2
-0.720667,-0.693281,0.0,10.4,0.382683,22.0,-0.92388,-0.382683,0.382683,0.92388,13.0,46.0,52.0,1024.0,1019.4,1.0,10.2313,11.6535,4.5,-4.6
-0.708627,-0.705584,0.0,9.3,0.382683,28.0,-0.707107,-0.707107,0.707107,0.707107,11.0,69.0,59.0,1019.3000000000001,1013.7,2.0,8.41413,5.76311,4.7,-5.6
-0.696376,-0.717677,0.0,10.5,6.12323e-17,20.0,-0.92388,-0.382683,-0.382683,-0.92388,2.0,87.0,29.0,1019.4,1015.6,1.0,19.4669,2.17167,9.9,-3.8
-0.683919,-0.729558,0.0,10.4,-1.83697e-16,26.0,-0.707107,-0.707107,-1.83697e-16,-1,9.0,69.0,30.000000000000004,1017.0,1010.5,5.0,18.7785,5.80333,6.3,-6.5
-0.67126,-0.741222,0.0,10.7,-1.83697e-16,39.0,0.382683,-0.92388,-1.83697e-16,-1,19.0,40.0,22.0,1013.8,1011.2,1.0,22.4515,13.8902,1.7,-2.6
-0.658402,-0.752667,0.0,10.7,-0.382683,22.0,-0.382683,-0.92388,0.707107,-0.707107,6.0,38.0,21.0,1017.5,1013.3,0.0,23.0114,14.031,6.7,-4.2
-0.645348,-0.763889,0.0,10.8,-1.83697e-16,22.0,-0.92388,-0.382683,-1.83697e-16,-1,6.0,41.0,22.0,1018.2,1014.3,3.0,22.6015,13.1478,6.4,-3.9
-0.632103,-0.774884,0.0,11.0,0.382683,41.0,-0.382683,-0.92388,-1.83697e-16,-1,19.0,48.00000000000001,20.000000000000004,1019.0,1014.6,0.0,24.1752,10.9492,7.7,-4.4
-0.618671,-0.78565,0.0,11.0,-0.382683,24.000000000000004,-0.382683,-0.92388,0.382683,0.92388,13.0,36.0,31.0,1020.4,1018.7,0.0,18.0747,15.4964,3.5,-1.7
-0.605056,-0.796183,0.0,10.0,6.12323e-17,24.000000000000004,-0.707107,-0.707107,0.382683,0.92388,11.0,61.0,53.0,1026.3,1022.4000000000001,1.0,10.081,7.6435,4.6,-3.9
-0.591261,-0.80648,0.0,9.9,0.92388,19.0,-0.707107,-0.707107,0.92388,0.382683,9.0,71.0,52.0,1025.5,1021.2,1.0,10.4027,5.38655,4,-4.3
-0.577292,-0.816538,0.0,10.5,0.707107,20.0,-0.707107,-0.707107,0.92388,0.382683,7.000000000000001,69.0,51.0,1023.3,1018.4,1.0,10.7875,5.83472,4.9,-4.9
-0.563151,-0.826354,0.0,10.6,0.382683,19.0,-0.707107,-0.707107,0.707107,-0.707107,6.0,63.0,26.0,1021.2,1017.0,1.0,21.3545,7.24716,8.6,-4.2
-0.548843,-0.835925,0.0,10.6,6.12323e-17,24.000000000000004,-0.707107,-0.707107,0.382683,0.92388,11.0,61.0,52.0,1024.4,1020.2,1.0,10.4496,7.76167,3.6,-4.2
-0.534373,-0.845249,0.0,10.3,0.92388,26.0,-0.707107,-0.707107,0.92388,0.382683,9.0,71.0,53.0,1024.0,1019.5,1.0,10.1494,5.41148,3.9,-4.5
-0.519744,-0.854322,0.0,10.2,0.707107,19.0,0.92388,0.382683,0.707107,0.707107,9.0,67.0,58.0,1023.3,1019.2,2.0,8.90875,6.40728,4.1,-4.1
-0.504961,-0.863142,0.0,9.6,-0.382683,30.0,-0.707107,0.707107,-0.382683,0.92388,11.0,59.0,47.0,1025.7,1023.3999999999999,3.0,12,8.49708,0.1,-2.3
-0.490029,-0.871706,0.0,6.700000000000001,6.12323e-17,31.0,-0.707107,-0.707107,-0.382683,0.92388,13.0,64.0,53.99999999999999,1029.3,1026.4,3.0,9.8323,7.0015,3.6,-2.9
-0.474951,-0.880012,0.0,8.9,-0.382683,41.0,-0.92388,0.382683,-0.707107,0.707107,14.999999999999998,66.0,49.00000000000001,1031.1,1028.7,3.0,11.2223,6.52097,2.7,-2.4
-0.459733,-0.888057,0.4,10.5,-0.382683,31.0,-0.92388,-0.382683,-0.382683,0.92388,14.999999999999998,52.0,44.0,1031.4,1029.2,2.0,12.803,10.2081,1.2,-2.2
-0.444378,-0.895839,0.0,9.8,0.707107,24.000000000000004,-0.92388,-0.382683,-0.382683,0.92388,7.000000000000001,59.0,44.0,1030.5,1026.8,1.0,12.9284,8.23682,3.5,-3.7
-0.428892,-0.903356,0.0,10.7,0.382683,20.0,-0.707107,-0.707107,0.707107,0.707107,7.000000000000001,65.0,46.00000000000001,1029.9,1025.4,0.0,12.3073,6.68704,5.5,-4.5
-0.413279,-0.910605,0.0,10.6,1,24.000000000000004,-1.83697e-16,-1,0.92388,0.382683,7.000000000000001,63.0,53.99999999999999,1028.4,1023.5000000000001,0.0,9.8545,7.26382,3.5,-4.9
-0.397543,-0.917584,0.0,10.1,0.707107,20.0,-0.382683,0.92388,0.707107,0.707107,9.0,63.0,49.00000000000001,1025.3,1020.6,3.0,11.3835,7.34184,2.6,-4.7
-0.381689,-0.924291,0.0,10.4,0.382683,22.0,-0.382683,0.92388,0.707107,0.707107,7.000000000000001,62.0,45.0,1023.6,1018.8,1.0,12.686,7.58864,2.7,-4.8
-0.365723,-0.930724,0.0,7.1,0.707107,26.0,0.382683,-0.92388,0.707107,0.707107,9.0,66.0,60.00000000000001,1016.9,1011.4,7.0,8.25976,6.63666,2.4,-5.5
-0.349647,-0.936881,0.0,10.7,0.92388,20.0,-0.707107,-0.707107,0.707107,0.707107,7.000000000000001,59.0,44.0,1013.7,1008.7,1.0,13.3768,8.38869,5.7,-5
-0.333469,-0.942761,0.0,10.6,0.382683,28.0,-0.707107,-0.707107,0.382683,0.92388,14.999999999999998,44.0,66.0,1014.6,1010.6,1.0,6.82485,12.9381,2.2,-4
-0.317191,-0.948362,0.0,8.0,6.12323e-17,30.0,-0.382683,0.92388,6.12323e-17,1,14.999999999999998,58.00000000000001,60.00000000000001,1017.4,1016.0,3.0,8.20396,8.79613,-1,-1.4
-0.30082,-0.953681,0.2,8.8,0.707107,31.0,0.707107,0.707107,0.707107,0.707107,13.0,71.0,71.0,1016.7,1010.5,2.0,5.63419,5.55806,1.8,-6.2
-0.284359,-0.958718,0.0,10.7,0.382683,24.000000000000004,-0.92388,0.382683,0.707107,0.707107,9.0,52.0,48.0,1016.9,1013.3,1.0,11.8556,10.4731,1.8,-3.6
-0.25119,-0.967938,11.799999999999999,8.2,0.382683,37.0,1,0,0.707107,-0.707107,9.0,75.0,45.0,1009.4,1003.0,4.0,13.1534,4.63135,7.3,-6.4
-0.234491,-0.972118,0.2,11.3,-1.83697e-16,37.0,0.382683,-0.92388,-1.83697e-16,-1,13.0,41.0,22.0,1010.4,1006.1,0.0,23.9199,14.0435,5.5,-4.3
-0.217723,-0.976011,0.0,9.5,0.382683,22.0,0.92388,0.382683,0.382683,0.92388,11.0,60.0,52.0,1010.1,1004.3,1.0,10.8609,8.1854,6,-5.8
-0.200891,-0.979614,0.0,11.4,-1.83697e-16,37.0,-0.382683,-0.92388,-1.83697e-16,-1,14.999999999999998,28.0,20.000000000000004,1012.4,1008.6,0.0,25.0489,19.6434,3.9,-3.8
-0.183998,-0.982927,0.0,11.0,0.382683,24.000000000000004,-0.92388,-0.382683,6.12323e-17,1,13.0,32.0,43.0,1014.7,1011.7,1.0,13.2919,17.5136,0.9,-3
-0.167052,-0.985948,0.0,10.5,0.382683,28.0,-1,1.22465e-16,0.92388,0.382683,11.0,57.0,56.99999999999999,1016.1,1012.3,1.0,9.04685,8.89117,2.3,-3.8
-0.150055,-0.988678,0.0,11.0,0.707107,20.0,-0.707107,-0.707107,0.707107,0.707107,7.000000000000001,65.0,47.0,1017.4,1012.3,1.0,12.3249,6.86883,5.8,-5.1
-0.133015,-0.991114,0.0,10.4,0.707107,28.0,0.382683,0.92388,0.707107,0.707107,13.0,57.0,44.0,1013.4,1007.5,2.0,13.5444,9.04685,5.5,-5.9
-0.115935,-0.993257,0.0,10.8,6.12323e-17,24.000000000000004,-0.707107,-0.707107,0.707107,0.707107,13.0,48.00000000000001,26.0,1012.3,1010.2,0.0,21.5088,12.0233,1.6,-2.1
-0.0988201,-0.995105,0.0,9.8,0.92388,26.0,6.12323e-17,1,0.707107,0.707107,9.0,73.0,61.0,1013.7,1008.9,0.0,8.24316,5.15889,3.8,-4.8
-0.0816764,-0.996659,0.0,11.0,-0.382683,37.0,-0.707107,0.707107,6.12323e-17,1,19.999999999999996,45.0,51.0,1017.9,1015.4,0.0,10.8359,12.8663,-1.2,-2.5
-0.0645084,-0.997917,0.2,2.1,0.382683,20.0,-0.92388,-0.382683,0.382683,-0.92388,6.0,83.0,52.0,1017.8,1012.8,6.0,10.5596,2.96569,5.7,-5
-0.0473214,-0.99888,0.4,11.0,6.12323e-17,39.0,-0.92388,-0.382683,6.12323e-17,1,16.999999999999996,52.0,55.0,1015.9,1013.4,2.0,9.70897,10.678,-1.2,-2.5
-0.0301203,-0.999546,0.0,9.5,0.92388,22.0,0.707107,0.707107,0.707107,0.707107,9.0,66.0,63.00000000000001,1021.1,1017.2,5.0,7.52167,6.69741,1.7,-3.9
-0.0129103,-0.999917,0.0,10.2,0.707107,33.0,1,0,0.92388,0.382683,13.0,63.0,60.00000000000001,1018.7,1012.3,7.0,8.50999,7.52733,3.4,-6.4
0.00430354,-0.999991,1.2,9.2,-1.83697e-16,24.000000000000004,0.707107,0.707107,0.707107,0.707107,11.0,61.0,39.0,1017.1,1012.5,1.0,15.2072,7.96459,4,-4.6
0.0215161,-0.999769,0.0,11.1,-1.83697e-16,44.0,0.92388,0.382683,-1.83697e-16,-1,16.999999999999996,56.0,19.0,1012.0000000000001,1008.0,2.0,26.3823,9.5044,4.7,-4
0.0387223,-0.99925,0.0,11.3,6.12323e-17,26.0,-0.92388,-0.382683,0.382683,0.92388,13.0,33.0,35.0,1019.9000000000001,1016.9,1.0,16.2221,16.8691,1.6,-3
0.055917,-0.998435,0.0,11.4,-0.92388,19.0,-0.707107,-0.707107,0.382683,0.92388,11.0,52.0,36.0,1019.3000000000001,1013.4,0.0,16.2523,10.2469,5,-5.9
0.0730951,-0.997325,0.0,11.8,0.707107,26.0,6.12323e-17,1,0.707107,0.707107,11.0,50.0,39.0,1014.5,1008.5,0.0,15.4308,11.1079,5.1,-6
0.0902516,-0.995919,0.0,10.5,-0.707107,43.0,6.12323e-17,1,0.382683,0.92388,9.0,45.0,37.0,1009.6,1004.0,3.0,16.3946,12.9521,3.9,-5.6
0.107381,-0.994218,0.0,10.5,0.382683,33.0,-1.83697e-16,-1,0.707107,0.707107,13.0,57.0,53.99999999999999,1013.0,1009.0,2.0,10.0031,9.04685,1.6,-4
0.124479,-0.992222,0.0,11.9,0.382683,28.0,-0.382683,0.92388,0.707107,0.707107,11.0,46.0,49.00000000000001,1021.5,1018.9,1.0,11.3579,12.2705,0.5,-2.6
0.14154,-0.989932,0.0,11.5,0.707107,30.0,-1.83697e-16,-1,0.707107,0.707107,14.999999999999998,52.0,52.0,1019.9000000000001,1013.3,0.0,10.6939,10.4261,3.4,-6.6
0.158559,-0.987349,0.0,11.6,-0.382683,41.0,1,0,0.382683,0.92388,11.0,40.0,46.00000000000001,1012.8,1009.2,1.0,12.9121,14.7669,3.1,-3.6
0.175531,-0.984474,0.0,8.6,0.707107,30.0,6.12323e-17,1,0.707107,0.707107,11.0,77.0,60.00000000000001,1018.2,1014.1,5.0,8.43454,4.2825,3.1,-4.1
0.192452,-0.981306,0.0,11.2,0.92388,31.0,0.92388,-0.382683,0.707107,0.707107,13.0,49.0,55.0,1015.0,1008.5,1.0,9.85438,11.5457,1.5,-6.5
0.209315,-0.977848,0.0,11.7,-1.83697e-16,48.00000000000001,-1.83697e-16,-1,-0.707107,-0.707107,9.0,26.0,14.0,1013.1,1012.0,0.0,30.0588,20.8334,3.4,-1.1
0.226116,-0.9741,0.0,12.2,0.382683,26.0,1,0,0.382683,0.92388,11.0,53.00000000000001,40.0,1022.2,1019.0,1.0,14.54,10.0886,2.1,-3.2
0.24285,-0.970064,0.0,8.8,0.92388,31.0,1,0,0.707107,0.707107,14.999999999999998,54.0,51.0,1023.7,1019.1,6.0,10.7713,9.8323,0.8,-4.6
0.259512,-0.96574,0.0,11.8,0.707107,33.0,1,0,0.92388,0.382683,14.999999999999998,48.00000000000001,56.99999999999999,1020.3,1015.4,2.0,9.14908,11.8117,0.1,-4.9
0.276097,-0.96113,0.0,2.0,6.12323e-17,31.0,-1,1.22465e-16,-0.707107,0.707107,6.0,72.0,88.0,1020.4,1019.8,7.0,2.05154,5.29935,-2.3,-0.6
0.2926,-0.956235,12.2,11.9,6.12323e-17,30.0,-1,1.22465e-16,6.12323e-17,1,14.999999999999998,50.0,50.0,1024.5,1020.0,2.0,11.191,11.0416,1.8,-4.5
0.309017,-0.951057,0.0,10.0,6.12323e-17,28.0,-0.382683,0.92388,0.382683,0.92388,16.999999999999996,62.0,62.0,1022.8,1018.9,6.0,7.75692,7.7336,0.4,-3.9
0.325342,-0.945596,0.0,11.7,0.382683,24.000000000000004,0.92388,0.382683,0.382683,0.92388,11.0,58.00000000000001,53.0,1020.7,1017.1,1.0,10.3792,8.8358,1.8,-3.6
0.341571,-0.939856,0.0,11.2,0.707107,26.0,0.707107,-0.707107,0.707107,0.707107,11.0,61.0,47.0,1019.3000000000001,1014.9,1.0,12.2342,8.0127,2.1,-4.4
0.357698,-0.933837,0.0,11.4,0.382683,31.0,0.707107,-0.707107,0.92388,0.382683,13.0,56.0,56.0,1015.7,1011.1,1.0,9.56101,9.42684,1.9,-4.6
0.37372,-0.927542,0.0,7.4,-1.83697e-16,24.000000000000004,1,0,-1.83697e-16,-1,4.0,47.0,44.0,1013.2,1011.6,8.0,13.4457,12.3885,0.3,-1.6
0.38963,-0.920971,0.2,8.7,-0.382683,39.0,-0.707107,0.707107,6.12323e-17,1,14.999999999999998,56.0,55.0,1021.6,1019.5,3.0,9.579,9.32156,-0.3,-2.1
0.405426,-0.914128,0.0,11.9,0.707107,26.0,0.92388,0.382683,1,0,9.0,55.0,50.0,1020.9,1015.6,1.0,11.4001,9.70173,2.6,-5.3
0.421101,-0.907014,0.0,11.5,-0.382683,30.0,-0.382683,0.92388,0.382683,0.92388,14.999999999999998,57.0,48.0,1021.9,1019.0,1.0,11.8029,9.05364,1.2,-2.9
0.436651,-0.899631,0.0,10.3,0.707107,37.0,0.707107,0.707107,0.707107,0.707107,13.0,59.0,56.99999999999999,1022.0,1017.1,1.0,9.14908,8.49068,1.8,-4.9
0.452072,-0.891981,0.0,7.700000000000001,0.707107,35.0,1,0,6.12323e-17,1,13.0,51.0,80.0,1015.5,1010.7,7.0,3.68453,10.9332,-1.5,-4.8
0.467359,-0.884068,8.8,6.8,6.12323e-17,37.0,-0.92388,0.382683,-0.382683,0.92388,16.999999999999996,67.0,51.0,1015.6,1013.6,1.0,10.8845,6.41216,3.5,-2
0.482508,-0.875892,0.2,10.2,6.12323e-17,31.0,-0.382683,0.92388,6.12323e-17,1,13.0,58.00000000000001,51.0,1020.4,1017.8,2.0,10.8602,8.69734,2.4,-2.6
0.497513,-0.867456,0.0,12.5,0.382683,30.0,6.12323e-17,1,0.382683,0.92388,13.0,46.0,38.0,1023.1,1020.0,2.0,15.3404,12.3902,0.7,-3.1
0.512371,-0.858764,0.0,12.3,0.707107,26.0,0.707107,0.707107,0.92388,0.382683,11.0,52.0,46.00000000000001,1022.0,1017.5,5.0,12.5383,10.536,1.3,-4.5
0.527078,-0.849817,0.0,12.2,0.382683,24.000000000000004,-0.707107,-0.707107,0.707107,0.707107,11.0,47.0,53.0,1018.3,1012.5,1.0,10.5338,12.1439,3.2,-5.8
0.541628,-0.840618,0.0,8.2,6.12323e-17,37.0,-0.707107,0.707107,-0.382683,0.92388,19.0,56.0,56.0,1017.7,1016.8,7.0,9.25866,9.32156,-0.9,-0.9
0.556017,-0.831171,0.0,10.3,-0.382683,61.0,6.12323e-17,1,6.12323e-17,1,19.0,50.0,53.99999999999999,1024.3,1021.4999999999999,2.0,9.82491,10.9261,0.9,-2.8
0.570242,-0.821477,0.0,9.7,0.707107,26.0,-0.382683,0.92388,0.382683,0.92388,13.0,38.0,45.0,1022.9,1018.8,7.0,12.6388,15.1371,0.2,-4.1
0.584298,-0.811539,0.0,12.5,0.382683,24.000000000000004,-1.83697e-16,-1,0.707107,0.707107,11.0,47.0,43.0,1019.3000000000001,1015.1,1.0,13.5612,11.9641,2.6,-4.2
0.598181,-0.801361,0.0,12.1,0.707107,31.0,-1.83697e-16,-1,0.92388,0.382683,13.0,49.0,39.0,1016.6,1012.9,1.0,15.1071,11.4431,1.9,-3.7
0.611886,-0.790946,0.0,12.2,0.707107,37.0,0.92388,0.382683,0.707107,0.707107,11.0,46.0,56.99999999999999,1014.6,1010.4,2.0,9.21754,12.5847,-0.2,-4.2
0.625411,-0.780296,0.0,8.2,-1,31.0,-0.707107,0.707107,6.12323e-17,1,13.0,51.0,56.99999999999999,1012.2,1010.5,6.0,9.26561,11.0308,-0.1,-1.7
0.638749,-0.769415,4.0,6.1,0.707107,31.0,1,0,0.92388,0.382683,13.0,53.00000000000001,56.99999999999999,1014.5,1011.3,7.0,9.24499,10.3638,0.4,-3.2
0.651899,-0.758306,1.8000000000000003,10.7,0.707107,33.0,0.92388,0.382683,0.92388,0.382683,13.0,59.0,53.0,1015.7,1012.8,2.0,10.4563,8.64479,1.6,-2.9
0.664855,-0.746972,5.799999999999999,10.9,0.382683,30.0,0.382683,-0.92388,0.382683,0.92388,14.999999999999998,61.0,60.00000000000001,1015.9,1012.2,3.0,8.50999,8.11541,2.1,-3.7
0.677615,-0.735417,12.8,6.6,-0.92388,35.0,0.92388,-0.382683,0.382683,0.92388,13.0,67.0,64.0,1015.4,1010.1,2.0,7.4263,6.60382,1.6,-5.3
0.690173,-0.723644,22.4,11.6,0.707107,24.000000000000004,0.382683,0.92388,0.707107,0.707107,9.0,64.0,63.00000000000001,1013.7,1009.3,5.0,7.64084,7.3217,1.2,-4.4
0.702527,-0.711657,0.0,6.9,0.382683,33.0,6.12323e-17,1,0.382683,0.92388,16.999999999999996,58.00000000000001,63.00000000000001,1011.3,1007.4,6.0,7.53298,8.82919,0.1,-3.9
0.714673,-0.699458,0.0,2.2,0.382683,20.0,-0.382683,0.92388,0.382683,0.92388,4.0,64.0,70.0,1012.0000000000001,1010.2,7.0,5.77876,7.17974,0.2,-1.8
0.726608,-0.687053,9.2,9.1,-0.707107,39.0,0.382683,-0.92388,0.92388,0.382683,7.000000000000001,65.0,53.0,1011.0,1006.2,6.0,10.2564,6.90023,2.8,-4.8
0.738326,-0.674444,5.799999999999999,12.4,-0.382683,28.0,-1.83697e-16,-1,6.12323e-17,1,14.999999999999998,51.0,47.0,1008.9,1005.6,6.0,12.3158,10.7794,3.2,-3.3
0.749826,-0.661635,0.0,12.9,6.12323e-17,28.0,-1.83697e-16,-1,6.12323e-17,1,11.0,57.0,56.0,1011.1,1008.2,2.0,9.56809,9.12859,2.3,-2.9
0.761104,-0.64863,0.0,13.0,6.12323e-17,26.0,-0.92388,0.382683,0.382683,0.92388,11.0,56.0,53.0,1012.9,1009.8,1.0,10.4409,9.43387,1.9,-3.1
0.772157,-0.635432,0.0,9.1,0.382683,26.0,-0.707107,0.707107,0.382683,0.92388,11.0,55.0,60.00000000000001,1012.3,1009.2,7.0,8.35942,9.76701,-0.5,-3.1
0.78298,-0.622047,0.2,8.4,-1.83697e-16,43.0,0.92388,-0.382683,0.92388,0.382683,13.0,62.0,62.0,1009.5,1004.9,1.0,7.9624,7.87402,1.5,-4.6
0.793572,-0.608477,10.6,8.7,-1,37.0,0.92388,-0.382683,0.92388,0.382683,4.0,67.0,72.0,1006.8,1002.1,5.0,5.41699,6.68324,-2.2,-4.7
0.803928,-0.594727,8.8,11.3,0.707107,30.0,-0.92388,0.382683,6.12323e-17,1,14.999999999999998,59.0,61.0,1006.1,1003.8,7.0,8.11541,8.7094,-1,-2.3
0.814046,-0.5808,0.0,11.5,-0.382683,35.0,-0.707107,0.707107,-0.382683,0.92388,14.999999999999998,54.0,55.0,1011.6999999999999,1010.5,2.0,9.71622,9.98074,0.3,-1.2
0.823923,-0.566702,0.0,12.7,0.382683,28.0,-1,1.22465e-16,0.382683,0.92388,11.0,45.0,49.00000000000001,1016.5,1013.6,2.0,11.4858,12.7049,0.9,-2.9
0.833556,-0.552435,0.0,12.9,0.707107,28.0,0.92388,0.382683,0.707107,0.707107,11.0,56.0,56.0,1015.1,1010.9,1.0,9.54684,9.42684,1.7,-4.2
0.842942,-0.538005,0.0,10.1,0.707107,33.0,-1.83697e-16,-1,0.92388,0.382683,11.0,49.0,60.00000000000001,1009.9,1005.4,7.0,8.60476,11.6746,2.2,-4.5
0.852078,-0.523416,23.4,1.6,-0.707107,35.0,-0.92388,-0.382683,-1,1.22465e-16,9.0,94.0,74.0,1013.0,1014.4,7.0,4.85081,0.992478,2.5,1.4
0.860961,-0.508671,13.999999999999998,12.8,-0.707107,39.0,-0.92388,0.382683,-0.382683,0.92388,16.999999999999996,50.0,48.0,1022.0,1019.2,2.0,11.6629,11.0747,-0.4,-2.8
0.869589,-0.493776,0.0,13.1,6.12323e-17,28.0,-0.92388,0.382683,6.12323e-17,1,13.0,45.0,45.0,1021.1,1016.5,2.0,12.7902,12.6388,1.6,-4.6
0.87796,-0.478734,0.0,13.0,6.12323e-17,28.0,-1,1.22465e-16,0.382683,0.92388,11.0,47.0,52.0,1016.9,1013.3,2.0,10.6148,12.0538,1.4,-3.6
0.886071,-0.46355,0.0,12.5,0.92388,26.0,-1.83697e-16,-1,0.707107,0.707107,9.0,57.0,47.0,1013.3,1007.8,6.0,12.2976,8.99933,3.9,-5.5
0.893919,-0.448229,0.0,9.4,0.382683,30.0,0.707107,-0.707107,0.92388,0.382683,11.0,51.0,49.00000000000001,1004.4,999.3,6.0,12.0215,11.0798,3.6,-5.1
0.901502,-0.432776,0.8,12.8,-0.382683,28.0,-0.707107,-0.707107,6.12323e-17,1,14.999999999999998,24.000000000000004,36.0,1013.7,1012.1,1.0,16.1926,21.7279,2.2,-1.6
0.908818,-0.417194,0.0,12.9,6.12323e-17,26.0,6.12323e-17,1,0.382683,0.92388,11.0,46.0,37.0,1021.0,1018.1,1.0,15.8659,12.3902,1.8,-2.9
0.915864,-0.401488,0.0,13.1,6.12323e-17,24.000000000000004,0.707107,0.707107,0.92388,0.382683,7.000000000000001,49.0,48.0,1019.9000000000001,1016.4,2.0,11.9614,11.4346,2.4,-3.5
0.92264,-0.385663,0.0,13.1,0.382683,31.0,0.92388,0.382683,0.92388,0.382683,13.0,52.0,48.0,1015.9,1011.6,4.0,11.9084,10.6069,0.7,-4.3
0.929141,-0.369725,0.0,10.0,0.707107,28.0,0.707107,0.707107,0.707107,0.707107,11.0,54.0,55.0,1010.7999999999998,1007.6,7.0,9.8325,10.0628,0.8,-3.2
0.935368,-0.353676,0.0,3.6,0.707107,22.0,1,0,0.707107,0.707107,9.0,54.0,65.0,1009.3,1006.2,6.0,7.18063,10.1603,-0.1,-3.1
0.941317,-0.337523,2.0,0.2,0.382683,17.0,-0.707107,-0.707107,-0.707107,0.707107,2.0,85.0,83.0,1009.6,1008.7,8.0,3.08147,2.66931,1.1,-0.9
0.946988,-0.32127,0.4,11.9,0.382683,28.0,-0.382683,0.92388,6.12323e-17,1,6.0,58.00000000000001,70.0,1012.5,1010.7,4.0,5.91097,8.97532,-0.8,-1.8
0.952378,-0.304921,0.4,12.9,0.382683,26.0,-0.707107,-0.707107,0.382683,0.92388,13.0,64.0,56.0,1014.7,1011.7,2.0,9.62488,7.33817,2.4,-3
0.957485,-0.288482,0.2,10.7,6.12323e-17,26.0,6.12323e-17,1,0.382683,0.92388,13.0,62.0,47.0,1016.7,1013.8,2.0,12.4432,7.9211,1.6,-2.9
0.962309,-0.271958,0.0,10.0,6.12323e-17,28.0,0.382683,0.92388,0.382683,0.92388,14.999999999999998,50.0,49.00000000000001,1018.3,1015.6,5.0,11.7263,11.3497,0.7,-2.7
0.966848,-0.255353,0.0,6.9,6.12323e-17,33.0,-0.382683,0.92388,6.12323e-17,1,16.999999999999996,61.0,52.0,1019.3000000000001,1017.7,5.0,10.6385,8.03078,1.5,-1.6
0.9711,-0.238673,0.0,12.6,6.12323e-17,39.0,-0.707107,0.707107,-0.382683,0.92388,19.0,55.0,38.0,1021.4,1019.9,1.0,15.545,9.71622,1.5,-1.5
0.975065,-0.221922,0.2,11.2,6.12323e-17,31.0,-0.382683,0.92388,-0.382683,0.92388,13.0,50.0,40.0,1022.1,1019.8,2.0,14.8103,11.241,1.4,-2.3
0.97874,-0.205104,0.0,13.2,6.12323e-17,26.0,-0.382683,0.92388,0.382683,0.92388,13.0,54.0,50.0,1021.1,1017.2,1.0,11.3665,10.1078,0.6,-3.9
0.982126,-0.188227,0.0,12.3,0.707107,28.0,0.92388,-0.382683,0.707107,0.707107,13.0,49.0,42.0,1017.4,1014.1,1.0,14.2085,11.6487,1.7,-3.3
0.98522,-0.171293,0.0,12.7,0.382683,26.0,0.92388,-0.382683,0.382683,0.92388,11.0,54.0,52.0,1017.6,1014.9,2.0,10.821,10.0554,2.2,-2.7
0.988023,-0.154309,0.0,12.9,0.707107,31.0,1,0,0.707107,0.707107,11.0,51.0,53.99999999999999,1016.0,1013.2,3.0,10.1979,10.9901,1.4,-2.8
0.990532,-0.137279,0.0,12.0,0.382683,26.0,-0.92388,-0.382683,0.92388,0.382683,9.0,49.0,47.0,1015.9,1013.3,6.0,12.6355,11.7263,2.8,-2.6
0.992749,-0.120208,0.0,9.3,0.382683,26.0,0.382683,0.92388,0.707107,0.707107,9.0,62.0,53.99999999999999,1017.0,1014.0,7.0,10.2657,7.90343,2.2,-3
0.994671,-0.103102,0.0,9.8,0.707107,24.000000000000004,0.707107,-0.707107,0.707107,0.707107,11.0,52.0,56.99999999999999,1012.9,1008.7,6.0,9.39669,10.8529,0.2,-4.2
0.996298,-0.0859648,0.0,6.5,-0.382683,33.0,6.12323e-17,1,-0.707107,0.707107,14.999999999999998,76.0,60.00000000000001,1010.6,1008.2,7.0,8.45966,4.5717,1.2,-2.4
0.99763,-0.0688024,0.0,4.1,0.382683,26.0,0.382683,0.92388,0.382683,0.92388,9.0,59.0,61.0,1011.6999999999999,1008.5,3.0,8.26761,8.7094,1.5,-3.2
0.998667,-0.0516197,0.0,11.5,-0.382683,33.0,0.707107,-0.707107,0.92388,0.382683,9.0,55.0,52.0,1009.3,1004.7,1.0,11.1905,10.0082,3.5,-4.6
0.999407,-0.0344216,1.2,8.8,-0.382683,31.0,-0.382683,0.92388,-0.382683,0.92388,13.0,57.0,51.0,1012.9,1009.6,2.0,11.1125,9.23126,1.6,-3.3
0.999852,-0.0172134,0.0,0.5,6.12323e-17,20.0,-0.382683,0.92388,-0.382683,0.92388,9.0,66.0,60.00000000000001,1011.2,1009.5,6.0,8.50369,6.84535,2.2,-1.7
1,0,0.0,12.5,0.382683,31.0,-0.707107,0.707107,0.382683,0.92388,11.0,52.0,52.0,1015.2,1013.1,1.0,10.8609,10.8529,0.1,-2.1
0.999852,0.0172134,0.0,8.6,0.707107,24.000000000000004,0.92388,-0.382683,0.92388,0.382683,9.0,58.00000000000001,53.99999999999999,1011.9,1008.1,7.0,10.3262,8.96866,3,-3.8
0.999407,0.0344216,1.0,11.2,0.92388,35.0,0.92388,0.382683,0.92388,0.382683,14.999999999999998,55.0,56.99999999999999,1006.7,1001.7,2.0,9.60547,10.0892,1.4,-5
0.998667,0.0516197,0.0,12.8,6.12323e-17,30.0,1,0,0.707107,0.707107,14.999999999999998,45.0,47.0,1001.3,997.5,1.0,13.071,13.6778,1.1,-3.8
0.99763,0.0688024,0.0,6.1,0.382683,26.0,-0.92388,-0.382683,0.382683,0.92388,13.0,64.0,59.0,1008.4,1005.5,4.0,9.00958,7.44842,3.8,-2.9
0.996298,0.0859648,0.0,6.4,-1.83697e-16,46.0,0.707107,0.707107,0.382683,0.92388,11.0,68.0,66.0,1007.9,1004.9,6.0,7.07801,6.53838,0.9,-3
0.992749,0.120208,0.4,9.3,-0.382683,33.0,6.12323e-17,1,-0.382683,0.92388,16.999999999999996,50.0,48.0,1018.3,1016.7,7.0,12.0588,11.3497,0.8,-1.6
0.990532,0.137279,0.2,4.9,6.12323e-17,31.0,-0.707107,0.707107,6.12323e-17,1,13.0,66.0,41.0,1020.9,1018.7,7.0,14.4012,6.73298,3.5,-2.2
0.988023,0.154309,1.4,1.5,6.12323e-17,30.0,-0.92388,0.382683,0.382683,0.92388,9.0,65.0,61.0,1020.4,1018.3,7.0,8.10935,7.0901,0.1,-2.1
0.98522,0.171293,0.0,10.5,0.382683,26.0,6.12323e-17,1,6.12323e-17,1,11.0,52.0,45.0,1018.9,1015.2,2.0,13.1342,10.7256,1.6,-3.7
0.982126,0.188227,0.0,10.5,6.12323e-17,33.0,-0.92388,0.382683,6.12323e-17,1,14.999999999999998,51.0,50.0,1016.5,1014.3,2.0,11.4589,11.0798,0.8,-2.2
0.97874,0.205104,0.0,13.2,-0.382683,35.0,-0.92388,0.382683,6.12323e-17,1,14.999999999999998,58.00000000000001,51.0,1018.3,1016.4,1.0,11.1125,8.90875,2.3,-1.9
0.975065,0.221922,0.0,12.7,6.12323e-17,33.0,6.12323e-17,1,6.12323e-17,1,14.999999999999998,49.0,55.0,1019.7,1018.8,4.0,9.8325,11.666,-0.2,-0.9
0.9711,0.238673,0.0,12.2,6.12323e-17,31.0,6.12323e-17,1,6.12323e-17,1,19.0,56.0,49.00000000000001,1021.3,1019.4,2.0,11.7609,9.56809,1,-1.9
0.962309,0.271958,0.2,12.2,6.12323e-17,35.0,6.12323e-17,1,6.12323e-17,1,14.999999999999998,55.0,47.0,1016.4,1013.5,1.0,12.4523,9.78882,2.3,-2.9
0.957485,0.288482,0.0,11.4,0.382683,37.0,-0.707107,0.707107,6.12323e-17,1,11.0,54.0,44.0,1014.1,1010.7,2.0,13.5839,10.1378,2.5,-3.4
0.952378,0.304921,0.0,12.2,0.382683,28.0,-0.707107,0.707107,0.382683,0.92388,14.999999999999998,56.0,51.0,1009.7,1006.2,1.0,11.2027,9.51147,2.7,-3.5
0.946988,0.32127,0.0,12.6,0.707107,30.0,-1,1.22465e-16,0.707107,0.707107,13.0,58.00000000000001,48.0,1009.1,1005.6,1.0,12.38,9.06892,3.4,-3.5
0.941317,0.337523,0.0,12.5,0.92388,39.0,0.92388,0.382683,0.92388,0.382683,14.999999999999998,53.00000000000001,62.0,1009.6,1005.2,1.0,8.15853,10.6582,0.9,-4.4
0.935368,0.353676,0.0,8.2,6.12323e-17,33.0,-1,1.22465e-16,6.12323e-17,1,14.999999999999998,55.0,53.99999999999999,1011.4000000000001,1010.6,3.0,10.6005,10.1187,2.4,-0.8
0.929141,0.369725,2.2,3.9,-0.707107,35.0,0.707107,-0.707107,6.12323e-17,1,9.0,80.0,89.0,1016.6,1015.1,8.0,1.92838,3.74336,-2.7,-1.5
0.915864,0.401488,2.0,1.2,-0.707107,37.0,-1.83697e-16,-1,-0.707107,0.707107,19.0,69.0,65.0,1009.6,1009.3,7.0,7.13796,6.22238,-1.1,-0.3
0.908818,0.417194,1.2,8.9,-0.707107,46.0,-0.707107,0.707107,-0.707107,0.707107,19.0,60.0,46.00000000000001,1018.7,1017.7,6.0,12.6592,8.33445,2.1,-1
0.901502,0.432776,0.0,7.299999999999999,-0.382683,37.0,-0.382683,0.92388,6.12323e-17,1,19.999999999999996,49.0,50.0,1020.0,1018.9,7.0,11.2744,11.5371,0.6,-1.1
0.893919,0.448229,0.0,3.7,6.12323e-17,37.0,6.12323e-17,1,6.12323e-17,1,19.999999999999996,61.0,63.00000000000001,1019.5,1017.2,7.0,7.53298,8.03078,0.2,-2.3
0.886071,0.46355,0.8,4.5,6.12323e-17,35.0,-0.382683,0.92388,6.12323e-17,1,13.0,78.0,60.00000000000001,1017.2,1015.2,6.0,8.34069,4.05893,2.1,-2
0.87796,0.478734,0.2,3.6,6.12323e-17,35.0,-0.382683,0.92388,6.12323e-17,1,19.0,64.0,49.00000000000001,1017.5,1015.9,5.0,11.58,7.2943,1.3,-1.6
0.869589,0.493776,0.0,1.2,0.707107,33.0,6.12323e-17,1,-0.382683,0.92388,14.999999999999998,54.0,56.99999999999999,1014.8,1013.3,7.0,9.16275,9.96585,0.6,-1.5
0.860961,0.508671,0.0,10.9,6.12323e-17,35.0,6.12323e-17,1,6.12323e-17,1,13.0,56.0,55.0,1013.2,1011.4,3.0,9.86168,9.45501,1.7,-1.8
0.852078,0.523416,0.0,9.2,6.12323e-17,28.0,-0.382683,0.92388,6.12323e-17,1,14.999999999999998,57.0,49.00000000000001,1014.3,1012.1,2.0,11.7609,9.24499,1.6,-2.2
0.842942,0.538005,1.6,7.4,6.12323e-17,31.0,6.12323e-17,1,6.12323e-17,1,13.0,63.0,59.0,1013.6,1012.2,5.0,8.66415,7.52733,1.6,-1.4
0.833556,0.552435,0.6,10.6,0.382683,31.0,-0.92388,0.382683,6.12323e-17,1,16.999999999999996,62.0,53.99999999999999,1013.5,1012.0,1.0,10.1828,7.82708,2.4,-1.5
0.823923,0.566702,0.0,9.1,-0.92388,39.0,-0.92388,0.382683,-0.707107,0.707107,16.999999999999996,53.00000000000001,46.00000000000001,1015.6,1013.6,6.0,12.7713,10.3638,2.2,-2
0.814046,0.5808,0.2,4.5,-0.92388,31.0,-0.707107,0.707107,6.12323e-17,1,13.0,55.0,56.99999999999999,1016.0,1013.9,8.0,9.17643,9.65833,1.1,-2.1
0.803928,0.594727,0.0,2.9,0.382683,30.0,-0.92388,0.382683,6.12323e-17,1,13.0,60.0,58.0,1016.5,1015.3,7.0,8.88219,8.28462,1,-1.2
0.793572,0.608477,0.0,10.7,6.12323e-17,28.0,6.12323e-17,1,0.382683,0.92388,13.0,56.0,55.0,1018.1,1016.5,3.0,9.86898,9.45501,1.8,-1.6
0.78298,0.622047,0.0,3.9,6.12323e-17,22.0,6.12323e-17,1,0.382683,0.92388,9.0,59.0,66.0,1019.8,1017.1,7.0,6.87615,8.69646,-0.4,-2.7
0.772157,0.635432,0.0,5.1,6.12323e-17,24.000000000000004,-0.707107,0.707107,0.382683,0.92388,11.0,67.0,56.0,1016.8,1014.4,4.0,9.6391,6.57909,3.1,-2.4
0.761104,0.64863,0.0,10.7,0.382683,24.000000000000004,-0.707107,-0.707107,0.707107,0.707107,11.0,59.0,51.0,1016.5,1013.3,6.0,11.1125,8.61258,2.7,-3.2
0.749826,0.661635,0.0,12.1,0.707107,30.0,-0.92388,0.382683,0.382683,0.92388,11.0,56.0,47.0,1016.2,1013.5,1.0,12.4615,9.47616,2.8,-2.7
0.714673,0.699458,0.0,8.7,0.707107,35.0,0.707107,0.707107,0.707107,0.707107,14.999999999999998,60.0,60.00000000000001,1006.6,1002.6,4.0,8.60476,8.4911,1.8,-4
0.702527,0.711657,0.0,12.0,0.707107,35.0,0.92388,0.382683,0.92388,0.382683,16.999999999999996,59.0,65.0,1006.2,1002.1,1.0,7.33636,8.87846,0.8,-4.1
0.690173,0.723644,0.0,9.7,6.12323e-17,33.0,0.707107,0.707107,6.12323e-17,1,16.999999999999996,52.0,64.0,1009.3,1008.7,4.0,7.49829,10.9809,-1.7,-0.6
0.677615,0.735417,8.4,9.3,0.382683,24.000000000000004,-0.707107,0.707107,0.382683,0.92388,9.0,85.0,61.0,1012.1,1008.2,2.0,8.35343,2.71016,4.6,-3.9
0.664855,0.746972,0.2,11.7,0.707107,33.0,0.92388,0.382683,0.92388,0.382683,13.0,57.0,58.0,1009.4,1005.3,1.0,9.20345,9.40362,1.2,-4.1
0.651899,0.758306,0.0,7.9,0.92388,26.0,0.92388,-0.382683,0.707107,0.707107,14.999999999999998,64.0,60.00000000000001,1009.4,1007.1,1.0,8.7064,7.53162,1.9,-2.3
0.638749,0.769415,0.0,9.1,-0.92388,31.0,-0.707107,-0.707107,6.12323e-17,1,14.999999999999998,64.0,64.0,1012.0000000000001,1009.9,4.0,7.59851,7.58734,0.2,-2.1
0.625411,0.780296,2.2,0.0,-0.707107,31.0,-0.707107,0.707107,-0.707107,0.707107,13.0,65.0,67.0,1015.5,1015.0,7.0,6.56428,7.07418,-0.5,-0.5
0.611886,0.790946,0.0,10.0,-0.707107,43.0,-0.707107,0.707107,-0.382683,0.92388,19.0,49.0,44.0,1017.8,1015.6,3.0,13.4358,11.6058,1.7,-2.2
0.598181,0.801361,1.2,7.8,-0.92388,28.0,-0.707107,0.707107,-0.382683,0.92388,16.999999999999996,68.0,46.00000000000001,1018.1,1015.4,4.0,12.6499,6.32253,2.4,-2.7
0.584298,0.811539,1.4,8.4,6.12323e-17,31.0,-0.92388,0.382683,6.12323e-17,1,14.999999999999998,64.0,51.0,1016.9,1013.3,6.0,11.1207,7.31622,2.9,-3.6
0.570242,0.821477,0.0,10.7,0.382683,24.000000000000004,-0.92388,-0.382683,0.382683,0.92388,13.0,58.00000000000001,50.0,1016.1,1013.1,2.0,11.4589,8.90875,2.7,-3
0.556017,0.831171,0.0,12.2,0.707107,24.000000000000004,0.382683,-0.92388,0.707107,0.707107,13.0,56.0,46.00000000000001,1016.5,1013.7,1.0,12.8088,9.51147,2.4,-2.8
0.541628,0.840618,0.0,7.4,6.12323e-17,35.0,-0.382683,0.92388,6.12323e-17,1,16.999999999999996,59.0,48.0,1017.9,1015.1,4.0,12.1298,8.71587,1.8,-2.8
0.527078,0.849817,0.6,10.2,0.382683,30.0,-0.382683,0.92388,6.12323e-17,1,13.0,55.0,46.00000000000001,1016.0,1013.2,2.0,12.7994,9.81065,2.1,-2.8
0.512371,0.858764,0.0,10.0,6.12323e-17,28.0,6.12323e-17,1,6.12323e-17,1,13.0,53.00000000000001,46.00000000000001,1016.3,1014.4,3.0,12.7713,10.4255,1.4,-1.9
0.497513,0.867456,1.6,6.4,6.12323e-17,43.0,6.12323e-17,1,-0.382683,0.92388,13.0,85.99999999999999,65.0,1021.4,1019.8,6.0,7.04769,2.46016,2.7,-1.6
0.482508,0.875892,4.6,8.3,-0.382683,48.00000000000001,-0.707107,0.707107,-0.382683,0.92388,13.0,67.0,49.00000000000001,1023.0,1020.5,6.0,11.5972,6.56921,1.4,-2.5
0.467359,0.884068,3.4,5.1,0.382683,26.0,-0.92388,0.382683,0.382683,0.92388,13.0,82.0,52.0,1020.0,1016.2,3.0,10.6622,3.21016,4.8,-3.8
0.452072,0.891981,0.0,11.7,0.707107,28.0,-1,1.22465e-16,0.382683,0.92388,13.0,56.0,50.0,1018.5,1016.4,3.0,11.4001,9.45501,2.1,-2.1
0.436651,0.899631,0.0,6.3,0.92388,28.0,-0.707107,0.707107,0.382683,0.92388,13.0,65.0,50.0,1019.8,1017.5,3.0,11.3581,7.01068,3.1,-2.3
0.421101,0.907014,0.2,10.3,6.12323e-17,37.0,-0.382683,0.92388,6.12323e-17,1,16.999999999999996,62.0,43.0,1020.0,1017.9,5.0,13.7724,7.81536,2.8,-2.1
0.405426,0.914128,1.2,1.9,6.12323e-17,37.0,-0.382683,0.92388,6.12323e-17,1,16.999999999999996,62.0,67.0,1020.1999999999999,1018.2,7.0,6.51502,7.80951,-1.2,-2
0.38963,0.920971,2.2,7.299999999999999,-0.382683,35.0,-0.707107,0.707107,-0.382683,0.92388,14.999999999999998,67.0,44.0,1020.1,1018.2,7.0,13.3572,6.53962,3,-1.9
0.37372,0.927542,4.6,7.9,-0.707107,35.0,-0.382683,0.92388,-0.707107,0.707107,14.999999999999998,85.99999999999999,41.0,1020.4,1017.4,2.0,14.4859,2.46393,5.4,-3
0.357698,0.933837,0.8,10.4,6.12323e-17,30.0,-0.92388,0.382683,0.382683,0.92388,14.999999999999998,63.0,51.0,1018.5,1015.2,2.0,11.0553,7.52167,2.9,-3.3
0.341571,0.939856,0.0,11.0,6.12323e-17,33.0,-0.707107,0.707107,6.12323e-17,1,19.0,58.00000000000001,45.0,1018.4,1015.5,2.0,13.0574,8.9287,1.8,-2.9
0.325342,0.945596,0.0,8.4,6.12323e-17,30.0,-1,1.22465e-16,6.12323e-17,1,14.999999999999998,57.0,48.0,1017.3,1013.9,3.0,11.9879,9.19698,1.2,-3.4
0.309017,0.951057,0.6,11.1,0.382683,24.000000000000004,-1,1.22465e-16,0.707107,0.707107,9.0,61.0,48.0,1015.9,1011.4,1.0,12.0676,8.06096,3.1,-4.5
0.2926,0.956235,0.0,10.4,0.707107,28.0,1,0,0.707107,0.707107,9.0,54.0,55.0,1014.4,1008.5,1.0,10.0818,10.1003,3.7,-5.9
0.276097,0.96113,4.6,10.7,0.382683,30.0,-0.92388,0.382683,6.12323e-17,1,14.999999999999998,61.0,53.99999999999999,1015.9,1013.8,1.0,10.3414,8.24316,1.9,-2.1
0.24285,0.970064,0.0,8.7,6.12323e-17,26.0,6.12323e-17,1,6.12323e-17,1,14.999999999999998,67.0,53.99999999999999,1022.0,1019.0,2.0,10.2582,6.63355,2.5,-3
0.226116,0.9741,0.6,10.4,0.382683,35.0,6.12323e-17,1,6.12323e-17,1,19.999999999999996,56.0,50.0,1022.0,1019.4,5.0,11.3833,9.58227,0.1,-2.6
0.209315,0.977848,0.2,8.7,0.707107,28.0,-0.382683,0.92388,0.382683,0.92388,9.0,64.0,51.0,1019.7,1016.4,2.0,11.1535,7.31074,3.4,-3.3
0.192452,0.981306,0.6,9.9,6.12323e-17,24.000000000000004,-1,1.22465e-16,0.382683,0.92388,13.0,64.0,55.0,1018.2,1015.3,1.0,9.86898,7.33268,1.9,-2.9
0.175531,0.984474,0.0,10.8,0.382683,24.000000000000004,-1,1.22465e-16,0.382683,0.92388,13.0,68.0,55.0,1018.3,1014.2,2.0,9.94945,6.34634,3.3,-4.1
0.158559,0.987349,0.0,5.2,0.92388,24.000000000000004,-1.83697e-16,-1,0.707107,0.707107,9.0,61.0,60.00000000000001,1016.0,1012.8,7.0,8.46594,8.11541,1.4,-3.2
0.14154,0.989932,22.4,1.1,-0.92388,22.0,-0.382683,-0.92388,-0.707107,0.707107,6.0,80.99999999999999,85.0,1018.1,1016.8,8.0,2.67134,3.46895,-0.6,-1.3
0.124479,0.992222,21.6,0.0,0.382683,39.0,0.382683,0.92388,0.382683,0.92388,19.999999999999996,76.0,68.0,1019.1,1017.6,7.0,6.37497,4.54768,0.6,-1.5
0.107381,0.994218,5.6,0.0,6.12323e-17,37.0,-0.707107,0.707107,0.382683,0.92388,11.0,89.0,91.0,1020.4,1016.1,8.0,1.55569,1.91518,0.3,-4.3
0.0730951,0.997325,3.2,10.1,1,15.0,0.707107,-0.707107,0.92388,0.382683,6.0,75.0,59.0,1016.7,1012.9,7.0,8.94391,4.80274,4.1,-3.8
0.055917,0.998435,0.8,0.5,-0.92388,22.0,-1,1.22465e-16,-0.707107,-0.707107,4.0,88.0,87.0,1018.8,1016.5,8.0,2.30819,2.13321,-0.8,-2.3
0.0387223,0.99925,2.2,9.5,6.12323e-17,28.0,-0.707107,-0.707107,6.12323e-17,1,14.999999999999998,74.0,61.0,1019.8,1016.8,3.0,8.20047,4.98874,1.8,-3
0.0215161,0.999769,0.6,10.3,6.12323e-17,24.000000000000004,-0.707107,0.707107,6.12323e-17,1,13.0,66.0,50.0,1019.3000000000001,1015.9,1.0,11.4253,6.86074,2.1,-3.4
0.00430354,0.999991,0.0,10.5,0.382683,22.0,-1,1.22465e-16,0.382683,0.92388,13.0,67.0,53.0,1017.8,1014.6,2.0,10.4795,6.59392,2.3,-3.2
-0.0129103,0.999917,0.0,10.8,0.382683,24.000000000000004,-0.707107,0.707107,0.707107,0.707107,11.0,64.0,53.0,1017.9,1015.5,2.0,10.495,7.33268,2.4,-2.4
-0.0301203,0.999546,0.0,9.8,0.707107,20.0,-0.382683,-0.92388,0.707107,0.707107,9.0,70.0,60.00000000000001,1018.8,1015.7,3.0,8.4848,5.83587,3.3,-3.1
-0.0473214,0.99888,0.0,10.5,0.707107,19.0,0.382683,-0.92388,0.707107,0.707107,7.000000000000001,71.0,48.0,1019.3000000000001,1015.3,2.0,12.1654,5.67244,3.4,-4
-0.0645084,0.997917,0.0,8.6,-0.707107,35.0,-1,1.22465e-16,0.382683,0.92388,7.000000000000001,66.0,53.99999999999999,1017.5,1013.7,5.0,10.3186,6.87101,3.4,-3.8
-0.0816764,0.996659,1.8000000000000003,6.2,-0.707107,37.0,-0.92388,-0.382683,-0.707107,0.707107,11.0,68.0,53.99999999999999,1020.1999999999999,1017.6,6.0,9.96585,6.21357,2.4,-2.6
-0.0988201,0.995105,0.0,5.5,-0.92388,26.0,-0.92388,-0.382683,-1,1.22465e-16,9.0,59.0,58.0,1019.9000000000001,1017.0,6.0,8.86893,8.45875,2.2,-2.9
-0.115935,0.993257,0.0,8.8,-0.382683,26.0,-0.707107,-0.707107,6.12323e-17,1,11.0,64.0,55.0,1019.9000000000001,1016.0,6.0,9.75975,7.20693,2.7,-3.9
-0.133015,0.991114,0.0,9.2,1,15.0,-0.382683,-0.92388,0.707107,0.707107,6.0,66.0,58.0,1017.4,1013.4,5.0,8.90875,6.69234,3.1,-4
-0.150055,0.988678,0.0,10.2,0.707107,19.0,0.382683,-0.92388,0.92388,0.382683,9.0,66.0,60.00000000000001,1012.1,1007.2,2.0,8.54152,6.71264,5.4,-4.9
-0.167052,0.985948,0.0,5.4,0.707107,24.000000000000004,0.382683,-0.92388,0.707107,-0.707107,6.0,60.0,53.99999999999999,1010.2,1007.9,5.0,10.2506,8.4471,1.7,-2.3
-0.183998,0.982927,0.0,0.0,-0.707107,20.0,-0.382683,0.92388,-0.382683,0.92388,4.0,73.0,87.0,1014.0,1012.6,8.0,2.26628,5.15499,-2.3,-1.4
-0.200891,0.979614,8.8,0.5,-0.707107,41.0,-0.92388,0.382683,-0.707107,0.707107,14.999999999999998,73.0,79.0,1013.7,1011.7,6.0,3.8334,5.1122,-0.5,-2
-0.217723,0.976011,0.0,7.499999999999999,-0.92388,28.0,-0.707107,-0.707107,-0.92388,0.382683,9.0,62.0,56.0,1016.6,1013.7,6.0,9.34957,7.68126,1.3,-2.9
-0.234491,0.972118,0.0,9.8,-1.83697e-16,24.000000000000004,-0.382683,-0.92388,-1,1.22465e-16,6.0,58.00000000000001,41.0,1016.9,1013.1,2.0,14.4859,8.62523,6.3,-3.8
-0.25119,0.967938,0.0,10.7,0.382683,19.0,-0.382683,-0.92388,0.382683,-0.92388,7.000000000000001,59.0,39.0,1018.4,1014.2,2.0,15.2295,8.38234,5.8,-4.2
-0.267814,0.963471,0.0,10.0,-1.83697e-16,20.0,-0.382683,-0.92388,-1.83697e-16,-1,7.000000000000001,69.0,39.0,1017.4,1013.0,1.0,15.2407,5.952,5.9,-4.4
-0.284359,0.958718,0.0,11.1,-1.83697e-16,20.0,-0.382683,-0.92388,0.382683,-0.92388,7.000000000000001,51.0,31.0,1016.9,1012.9,0.0,18.6677,10.6107,5.6,-4
-0.30082,0.953681,0.0,10.7,0.382683,17.0,-0.707107,-0.707107,1,0,6.0,61.0,35.0,1018.6,1015.5,1.0,16.8439,7.87476,5.5,-3.1
-0.317191,0.948362,0.0,10.8,0.707107,19.0,-0.382683,-0.92388,0.92388,0.382683,7.000000000000001,63.0,43.0,1021.4,1017.8,1.0,13.7219,7.381,5.5,-3.6
-0.333469,0.942761,0.0,10.5,6.12323e-17,20.0,-0.707107,-0.707107,0.707107,0.707107,9.0,68.0,41.0,1022.0,1018.4,7.0,14.3694,6.21829,4.1,-3.6
-0.349647,0.936881,0.0,9.4,0.92388,17.0,-0.382683,-0.92388,0.707107,0.707107,6.0,70.0,46.00000000000001,1020.0,1015.5,5.0,12.594,5.72193,4.9,-4.5
-0.365723,0.930724,0.0,10.2,0.707107,17.0,-0.382683,-0.92388,0.707107,0.707107,6.0,73.0,53.0,1018.1,1013.6,2.0,10.4641,5.05413,6.1,-4.5
-0.381689,0.924291,0.0,10.7,6.12323e-17,26.0,-0.707107,-0.707107,6.12323e-17,1,14.999999999999998,74.0,51.0,1019.2,1015.6,2.0,11.0227,4.83601,5.6,-3.6
-0.397543,0.917584,0.0,9.6,0.382683,15.0,-0.707107,-0.707107,-1.83697e-16,-1,4.0,69.0,46.00000000000001,1019.3000000000001,1014.5,7.0,12.7806,5.96561,6.5,-4.8
-0.413279,0.910605,0.0,6.8,-0.707107,31.0,-0.707107,-0.707107,-0.92388,0.382683,7.000000000000001,78.0,45.0,1019.1,1015.8,4.0,13.1246,4.02505,6.5,-3.3
-0.428892,0.903356,2.6,2.7,-0.92388,37.0,-1,1.22465e-16,-0.707107,0.707107,16.999999999999996,90.0,59.0,1021.7,1018.9,7.0,8.50348,1.68279,4.6,-2.8
-0.444378,0.895839,0.4,8.5,-0.92388,24.000000000000004,-0.707107,-0.707107,6.12323e-17,1,6.0,73.0,48.0,1020.3,1016.7,4.0,11.7065,5.01175,3.6,-3.6
-0.459733,0.888057,0.0,5.5,-1,17.0,-0.707107,-0.707107,0.707107,0.707107,4.0,68.0,60.00000000000001,1016.5,1012.6,7.0,8.31575,6.14301,3.9,-3.9
-0.474951,0.880012,4.6,7.299999999999999,0.382683,17.0,-0.92388,-0.382683,0.707107,0.707107,6.0,80.0,60.00000000000001,1015.6,1012.2,2.0,8.30952,3.6068,3.2,-3.4
-0.504961,0.863142,13.8,9.0,0.382683,44.0,-1.83697e-16,-1,-1.83697e-16,-1,19.999999999999996,52.0,33.0,1005.8,1004.3,6.0,16.6676,9.92335,2.3,-1.5
-0.577292,0.816538,0.0,3.5,-0.707107,33.0,-0.92388,-0.382683,-1,1.22465e-16,7.000000000000001,61.0,59.0,1022.0,1019.3,7.0,8.33792,7.78541,0.7,-2.7
-0.591261,0.80648,0.0,8.9,-0.92388,28.0,-0.707107,-0.707107,-0.382683,0.92388,13.0,63.0,47.0,1024.3,1021.0999999999999,7.0,11.9641,7.25827,3.5,-3.2
-0.605056,0.796183,0.0,1.8,6.12323e-17,28.0,-0.382683,-0.92388,6.12323e-17,1,9.0,64.0,64.0,1024.6,1021.8999999999999,8.0,7.06067,6.97468,1.6,-2.7
-0.618671,0.78565,0.2,9.4,-0.707107,15.0,-0.382683,-0.92388,0.707107,0.707107,6.0,76.0,48.0,1024.6,1021.4,1.0,11.6629,4.31757,5,-3.2
-0.632103,0.774884,0.0,7.499999999999999,-0.707107,26.0,-0.92388,-0.382683,6.12323e-17,1,11.0,68.0,61.0,1026.6,1023.9000000000001,4.0,7.89866,6.07751,2.7,-2.7
-0.645348,0.763889,3.6000000000000005,10.2,-0.707107,30.0,-0.707107,-0.707107,-0.382683,0.92388,16.999999999999996,70.0,53.0,1026.5,1023.3,5.0,10.1494,5.61773,4.2,-3.2
-0.658402,0.752667,0.0,6.3,-0.707107,31.0,-0.92388,-0.382683,-0.382683,0.92388,14.999999999999998,70.0,68.0,1026.1,1023.5000000000001,7.0,6.15709,5.62637,1.8,-2.6
-0.67126,0.741222,0.0,9.6,6.12323e-17,31.0,-0.707107,-0.707107,6.12323e-17,1,14.999999999999998,68.0,47.0,1026.5,1024.1,2.0,11.991,6.1149,3.2,-2.4
-0.683919,0.729558,0.4,3.9,6.12323e-17,33.0,-0.707107,-0.707107,-0.382683,0.92388,6.0,69.0,69.0,1027.7,1026.0,7.0,5.97469,5.8842,2,-1.7
-0.696376,0.717677,1.2,6.0,0.382683,31.0,-0.382683,-0.92388,-0.707107,0.707107,9.0,70.0,61.0,1029.9,1026.8,5.0,7.89866,5.60045,3.4,-3.1
-0.708627,0.705584,0.6,5.4,6.12323e-17,30.0,-0.707107,-0.707107,-0.382683,0.92388,7.000000000000001,71.0,55.0,1028.4,1026.5,7.0,9.47849,5.45316,1.5,-1.9
-0.720667,0.693281,0.2,2.1,0.382683,17.0,-0.707107,-0.707107,6.12323e-17,1,7.000000000000001,76.0,53.99999999999999,1027.8,1024.4,7.0,9.8323,4.29755,5.2,-3.4
-0.732494,0.680773,0.0,5.1,-1.83697e-16,15.0,-0.707107,-0.707107,6.12323e-17,1,6.0,69.0,56.0,1024.7,1021.3000000000001,8.0,9.25169,5.81229,4.1,-3.4
-0.744104,0.668064,0.0,10.0,-0.382683,28.0,-0.707107,-0.707107,-0.707107,0.707107,11.0,71.0,59.0,1022.9,1020.8,3.0,8.46513,5.41148,3.5,-2.1
-0.755493,0.655156,1.2,7.4,0.382683,22.0,-0.707107,-0.707107,6.12323e-17,1,11.0,74.0,61.0,1023.9,1020.5,5.0,7.96459,4.83601,2,-3.4
-0.777597,0.628763,0.6,10.1,-0.382683,24.000000000000004,-0.382683,-0.92388,-0.707107,-0.707107,7.000000000000001,79.0,46.00000000000001,1017.8,1014.2,5.0,12.5104,3.7984,4.4,-3.6
-0.788305,0.615285,0.0,10.4,-0.707107,15.0,-0.707107,-0.707107,-1.83697e-16,-1,2.0,71.0,36.0,1020.9,1018.4,1.0,16.4679,5.3907,8.7,-2.5
-0.798779,0.601624,0.2,10.1,0.707107,15.0,-0.707107,-0.707107,0.382683,0.92388,7.000000000000001,71.0,42.0,1024.6,1021.3000000000001,3.0,13.9604,5.36581,7.8,-3.3
-0.809017,0.587785,0.0,9.7,0.382683,22.0,-0.707107,-0.707107,0.707107,0.707107,11.0,73.0,60.00000000000001,1023.6,1018.2,6.0,8.30329,4.98871,4.9,-5.4
-0.82877,0.559589,0.0,9.7,6.12323e-17,22.0,-0.707107,-0.707107,0.382683,0.92388,9.0,77.0,51.0,1021.7,1018.4,1.0,10.925,4.16634,5.7,-3.3
-0.83828,0.54524,0.0,3.1,6.12323e-17,22.0,-0.707107,-0.707107,6.12323e-17,1,11.0,69.0,53.99999999999999,1024.1,1021.0,7.0,9.89155,5.86618,4,-3.1
-0.847541,0.53073,0.6,3.8,6.12323e-17,20.0,-0.382683,-0.92388,6.12323e-17,1,7.000000000000001,89.0,80.0,1023.6,1020.3,7.0,3.58199,1.84125,2.9,-3.3
-0.856551,0.516062,0.4,8.3,0.382683,15.0,-0.707107,-0.707107,0.382683,0.92388,7.000000000000001,85.99999999999999,53.0,1021.1,1017.7,6.0,10.1418,2.36134,6.5,-3.4
-0.865307,0.501242,0.0,9.7,0.382683,19.0,-0.707107,-0.707107,0.707107,0.707107,7.000000000000001,75.0,56.99999999999999,1019.7,1016.3,4.0,9.09449,4.52578,5.9,-3.4
-0.873807,0.486273,0.0,5.0,0.382683,19.0,-0.382683,-0.92388,-1.83697e-16,-1,6.0,92.0,66.0,1019.7,1017.1,7.0,6.73298,1.3253,5.2,-2.6
-0.882048,0.47116,0.0,7.8,-0.382683,13.0,-0.707107,-0.707107,0.382683,0.92388,6.0,69.0,64.0,1022.5,1020.6,7.0,7.20693,5.8437,3.9,-1.9
-0.890028,0.455907,0.0,9.1,-0.707107,22.0,-0.707107,-0.707107,-1,1.22465e-16,6.0,66.0,46.00000000000001,1023.5,1019.7,5.0,12.4271,6.47597,6.4,-3.8
-0.897743,0.440519,0.0,9.1,-0.707107,19.0,-0.92388,-0.382683,6.12323e-17,1,9.0,71.0,55.0,1022.3,1018.6,2.0,9.53586,5.3907,3.8,-3.7
-0.905193,0.425,0.0,9.8,-0.92388,24.000000000000004,-0.707107,-0.707107,-0.92388,-0.382683,11.0,64.0,43.0,1022.8,1019.3,6.0,13.2621,6.94791,4.4,-3.5
-0.912375,0.409356,0.0,6.5,-0.707107,20.0,-0.92388,-0.382683,-0.707107,0.707107,7.000000000000001,62.0,53.0,1022.3,1019.6,7.0,10.0279,7.39363,4,-2.7
-0.919286,0.39359,0.0,3.9,-0.707107,28.0,-0.707107,-0.707107,-0.707107,0.707107,11.0,57.0,51.0,1022.6,1020.7,7.0,10.5228,8.67008,2.6,-1.9
-0.925925,0.377708,0.0,9.2,-0.92388,41.0,-0.707107,-0.707107,-0.707107,0.707107,14.999999999999998,62.0,50.0,1023.9,1019.6,3.0,10.8932,7.39363,3.8,-4.3
-0.932289,0.361714,0.0,4.9,-0.707107,30.0,-0.382683,-0.92388,-0.707107,0.707107,14.999999999999998,69.0,47.0,1022.5,1019.3,1.0,11.7768,5.71857,4.6,-3.2
-0.938377,0.345612,0.0,6.5,-0.707107,26.0,-0.707107,-0.707107,6.12323e-17,1,9.0,58.00000000000001,55.0,1020.9,1018.4,7.0,9.44272,8.43652,3,-2.5
-0.944188,0.329408,1.4,6.8,-0.382683,20.0,-0.92388,-0.382683,0.707107,0.707107,7.000000000000001,83.0,56.99999999999999,1020.3,1016.1,7.0,8.95193,2.92454,4.9,-4.2
-0.949718,0.313107,0.8,0.4,-1.83697e-16,26.0,-0.707107,-0.707107,0.92388,-0.382683,7.000000000000001,88.0,70.0,1015.9,1011.7,7.0,5.66103,2.01209,2.9,-4.2
-0.954967,0.296713,0.6,9.8,-1.83697e-16,43.0,-0.382683,-0.92388,-1.83697e-16,-1,13.0,57.0,42.0,1015.8,1013.9,2.0,13.2789,8.55724,3.1,-1.9
-0.959933,0.280231,0.0,9.5,-1.83697e-16,20.0,-0.382683,-0.92388,-0.92388,-0.382683,4.0,57.0,38.0,1021.7,1020.4,4.0,14.8234,8.46485,5.4,-1.3
-0.964614,0.263665,0.0,9.8,-1,15.0,-0.707107,-0.707107,-0.92388,-0.382683,6.0,62.0,37.0,1024.8,1021.8,1.0,15.3798,7.21797,7.2,-3
-0.96901,0.247022,0.0,9.2,-0.382683,20.0,-0.707107,-0.707107,-1,1.22465e-16,4.0,61.0,45.0,1027.3,1024.5,4.0,12.5257,7.54374,6,-2.8
-0.973118,0.230306,0.0,1.5,-0.382683,15.0,-0.707107,-0.707107,-0.707107,0.707107,7.000000000000001,78.0,83.0,1027.0,1024.3,7.0,2.93138,3.87584,0.6,-2.7
-0.976938,0.213521,5.799999999999999,3.3,-1.83697e-16,13.0,-0.707107,-0.707107,-0.92388,-0.382683,2.0,90.0,65.0,1024.5,1019.8,3.0,6.87928,1.65937,4.4,-4.7
-0.980469,0.196673,0.0,7.9,-0.92388,15.0,-0.382683,-0.92388,-0.707107,-0.707107,4.0,87.0,46.00000000000001,1021.6,1017.7,2.0,12.4549,2.1836,8.1,-3.9
-0.983709,0.179767,5.2,9.1,0.382683,19.0,-0.707107,-0.707107,-0.707107,-0.707107,4.0,93.0,47.0,1021.3,1017.1,1.0,11.9821,1.12387,8.6,-4.2
-0.986658,0.162807,0.2,9.2,0.382683,17.0,-0.707107,-0.707107,0.707107,0.707107,9.0,77.0,52.0,1019.8,1014.4,5.0,10.348,4.00133,7.4,-5.4
-0.989314,0.145799,0.0,2.3,-1.83697e-16,43.0,0.382683,-0.92388,-1.83697e-16,-1,19.0,47.0,30.000000000000004,1014.5,1012.1,7.0,18.122,11.494,2,-2.4
-0.991677,0.128748,0.0,8.8,-0.382683,35.0,-0.382683,-0.92388,-1.83697e-16,-1,13.0,46.0,36.0,1019.8,1016.5,1.0,15.7308,11.5909,6,-3.3
-0.993747,0.111659,0.0,9.9,-1.83697e-16,22.0,-0.707107,-0.707107,-0.92388,-0.382683,4.0,47.0,26.0,1024.1,1021.4999999999999,0.0,20.7269,11.3364,7.9,-2.6
-0.995521,0.0945367,0.0,9.9,0.382683,15.0,-0.707107,-0.707107,0.707107,0.707107,7.000000000000001,66.0,39.0,1023.9,1019.3,0.0,14.5458,6.14575,9.7,-4.6
-0.998186,0.0602133,1.6,10.0,-1.83697e-16,54.0,-1.83697e-16,-1,-1.83697e-16,-1,19.999999999999996,41.0,34.0,1013.7,1010.7,1.0,16.2227,13.2087,3.4,-3
-0.999074,0.0430222,0.2,9.9,-1.83697e-16,43.0,-0.707107,-0.707107,-1.83697e-16,-1,19.999999999999996,44.0,30.000000000000004,1019.2,1017.5,2.0,17.8921,12.1565,3.4,-1.7
-0.999667,0.0258184,0.0,10.2,-1.83697e-16,28.0,-0.382683,-0.92388,-1,1.22465e-16,6.0,49.0,25.0,1025.7,1023.3,0.0,20.4624,10.3923,6.8,-2.4
-0.999963,0.008607,0.0,10.2,-0.92388,20.0,-0.707107,-0.707107,0.382683,-0.92388,6.0,63.0,30.000000000000004,1026.4,1022.9,1.0,18.2035,6.80425,9.1,-3.5
-0.999963,-0.008607,0.0,9.8,-0.382683,17.0,-0.707107,-0.707107,6.12323e-17,1,7.000000000000001,60.0,45.0,1027.1,1023.1000000000001,1.0,12.4694,7.6321,8,-4
-0.999667,-0.0258184,0.0,8.7,6.12323e-17,15.0,-0.707107,-0.707107,0.92388,0.382683,4.0,78.0,47.0,1024.7,1020.5,4.0,11.8302,3.76799,8.2,-4.2
-0.999074,-0.0430222,0.4,9.8,-0.707107,20.0,-0.382683,-0.92388,-0.707107,-0.707107,6.0,78.0,41.0,1019.5,1014.8,3.0,14.0331,3.84874,7.2,-4.7
-0.998186,-0.0602133,0.0,10.2,-1.83697e-16,31.0,-0.382683,-0.92388,-1.83697e-16,-1,13.0,42.99999999999999,26.999999999999996,1016.7,1012.0,0.0,19.6313,12.4898,5.3,-4.7
-0.997001,-0.0773865,0.0,10.0,-1.83697e-16,26.0,-0.382683,-0.92388,-0.382683,-0.92388,6.0,42.99999999999999,28.0,1016.4,1013.4,1.0,19.0266,12.336,6.2,-3
-0.995521,-0.0945367,0.0,9.9,0.92388,15.0,-0.382683,-0.92388,0.707107,0.707107,6.0,55.0,34.0,1018.4,1013.5,0.0,16.4191,8.80306,8,-4.9
-0.991677,-0.128748,0.0,9.8,0.382683,48.00000000000001,-1.83697e-16,-1,-1.83697e-16,-1,26.0,28.0,25.0,1013.5,1011.9,1.0,20.4317,18.4751,2.9,-1.6
-0.989314,-0.145799,0.0,9.9,-0.382683,33.0,-1.83697e-16,-1,0.707107,-0.707107,6.0,38.0,19.0,1021.4,1017.9,0.0,24.6184,14.1616,7,-3.5
-0.986658,-0.162807,0.0,9.9,-1.83697e-16,22.0,-0.707107,-0.707107,-1.83697e-16,-1,11.0,46.0,22.0,1021.4,1017.6,0.0,22.6516,11.4749,7.3,-3.8
-0.983709,-0.179767,0.0,9.7,-0.382683,20.0,-0.382683,-0.92388,-0.382683,0.92388,6.0,44.0,26.999999999999996,1022.9,1021.0999999999999,2.0,19.6605,12.0815,6.4,-1.8
-0.980469,-0.196673,0.0,9.0,-0.382683,30.0,-0.707107,-0.707107,-0.707107,0.707107,14.999999999999998,59.0,45.0,1028.5,1024.7,2.0,12.3104,7.93092,5.4,-3.8
-0.976938,-0.213521,0.0,2.6,-0.707107,22.0,-0.92388,-0.382683,1,0,2.0,82.0,67.0,1025.3,1021.3000000000001,7.0,6.2666,3.0354,4.5,-4
-0.964614,-0.263665,0.2,9.9,-1.83697e-16,56.0,-1.83697e-16,-1,-1.83697e-16,-1,22.0,41.0,23.000000000000004,1014.8,1011.7,0.0,21.4126,13.2697,1.6,-3.1
-0.959933,-0.280231,0.0,10.0,-0.382683,28.0,-1.83697e-16,-1,-1.83697e-16,-1,13.0,47.0,23.000000000000004,1019.4,1016.1,1.0,21.7187,10.947,7.9,-3.3
-0.954967,-0.296713,0.0,10.1,-1.83697e-16,24.000000000000004,-0.707107,-0.707107,-1,1.22465e-16,6.0,46.0,33.0,1021.4,1018.9,5.0,17.0463,11.4749,7.8,-2.5
-0.949718,-0.313107,0.0,6.9,-0.382683,20.0,-0.382683,-0.92388,-0.382683,0.92388,7.000000000000001,70.0,56.0,1023.5,1020.1,7.0,9.07121,5.45891,4.6,-3.4
-0.944188,-0.329408,0.0,7.1,-0.707107,28.0,-0.382683,-0.92388,0.382683,-0.92388,4.0,78.0,47.0,1022.7,1018.2,3.0,11.7857,3.82173,5.9,-4.5
-0.938377,-0.345612,2.4,9.8,6.12323e-17,20.0,-0.707107,-0.707107,0.707107,0.707107,6.0,76.0,53.99999999999999,1023.7,1020.3,3.0,9.58241,4.18167,5.3,-3.4
-0.932289,-0.361714,0.2,9.5,6.12323e-17,19.0,-0.92388,-0.382683,0.707107,0.707107,9.0,65.0,49.00000000000001,1023.2,1021.2,1.0,11.1717,6.60473,5,-2
-0.925925,-0.377708,0.0,9.9,0.707107,22.0,-0.382683,-0.92388,0.707107,0.707107,9.0,75.0,56.99999999999999,1027.1,1023.6999999999999,3.0,8.95869,4.44565,6.2,-3.4
-0.919286,-0.39359,0.0,0.5,-1.83697e-16,20.0,-0.707107,-0.707107,0.707107,0.707107,6.0,88.0,65.0,1027.6,1023.1000000000001,8.0,6.85837,1.99172,5.2,-4.5
-0.912375,-0.409356,8.0,10.3,-0.382683,22.0,-0.707107,-0.707107,-0.382683,-0.92388,6.0,80.0,32.0,1023.8,1020.7,1.0,17.6701,3.48902,6.2,-3.1
-0.905193,-0.425,0.2,9.8,-1.83697e-16,22.0,-0.707107,-0.707107,-1.83697e-16,-1,7.000000000000001,72.0,32.0,1024.4,1020.1,1.0,17.6178,4.99705,8.5,-4.3
-0.897743,-0.440519,0.0,10.2,-1.83697e-16,24.000000000000004,-1.83697e-16,-1,-1.83697e-16,-1,11.0,59.0,20.000000000000004,1023.1,1018.9,0.0,24.4412,7.91237,10.1,-4.2
-0.890028,-0.455907,0.0,9.8,0.382683,17.0,-0.382683,-0.92388,-0.92388,-0.382683,4.0,58.00000000000001,17.0,1023.2,1018.4,0.0,26.8129,8.1159,11.6,-4.8
-0.865307,-0.501242,0.0,10.1,-0.382683,28.0,-0.382683,-0.92388,-0.382683,0.92388,6.0,29.000000000000004,9.0,1023.3,1021.8999999999999,0.0,33.9864,17.8925,5.6,-1.4
-0.856551,-0.516062,0.0,8.5,-0.707107,28.0,-0.92388,-0.382683,-0.707107,0.707107,11.0,52.0,50.0,1029.0,1026.5,3.0,10.7049,9.79382,4.3,-2.5
-0.847541,-0.53073,2.0,3.2,-0.92388,31.0,-0.382683,-0.92388,-0.707107,0.707107,13.0,82.0,47.0,1030.6,1029.0,7.0,11.5821,3.0666,3.4,-1.6
-0.819015,-0.573772,0.0,10.0,-0.382683,15.0,-0.382683,-0.92388,-0.707107,0.707107,4.0,67.0,25.0,1028.9,1024.5,1.0,21.1257,6.10837,7.6,-4.4
-0.809017,-0.587785,0.0,6.700000000000001,-0.92388,17.0,-0.92388,-0.382683,6.12323e-17,1,7.000000000000001,62.0,42.0,1030.2,1026.9,6.0,13.4705,7.28006,5.6,-3.3
-0.798779,-0.601624,0.0,3.0,6.12323e-17,28.0,-0.92388,-0.382683,-0.382683,0.92388,11.0,67.0,64.0,1030.0,1026.9,7.0,6.97468,6.18484,1.9,-3.1
-0.788305,-0.615285,0.0,9.8,0.92388,19.0,-0.707107,-0.707107,0.92388,-0.382683,4.0,73.0,45.0,1026.2,1020.5,2.0,12.6199,4.88947,6.1,-5.7
-0.777597,-0.628763,0.0,9.9,-0.382683,26.0,-0.707107,-0.707107,6.12323e-17,1,11.0,64.0,33.0,1022.2,1018.4,2.0,17.2116,6.8626,6.5,-3.8
-0.766659,-0.642055,0.0,9.3,-0.382683,30.0,-1,1.22465e-16,-0.382683,0.92388,13.0,60.0,52.0,1025.2,1022.9,6.0,10.1385,7.873,1.9,-2.3
-0.755493,-0.655156,0.0,9.2,6.12323e-17,28.0,-0.92388,-0.382683,-0.382683,0.92388,14.999999999999998,59.0,48.0,1028.4,1026.3,3.0,11.3335,8.04887,3.2,-2.1
-0.744104,-0.668064,0.0,5.5,-0.382683,30.0,-0.707107,-0.707107,-0.382683,0.92388,13.0,62.0,44.0,1030.5,1028.0,2.0,12.7165,7.3481,3.7,-2.5
-0.732494,-0.680773,0.0,0.6,-0.707107,30.0,-0.382683,-0.92388,-0.382683,0.92388,13.0,73.0,56.99999999999999,1028.3,1024.0,7.0,8.75686,4.83267,3.8,-4.3
-0.720667,-0.693281,4.0,0.0,0.707107,26.0,-0.707107,0.707107,0.382683,0.92388,6.0,95.0,92.00000000000001,1021.0,1015.9,8.0,1.31192,0.797277,1.8,-5.1
-0.696376,-0.717677,0.0,9.8,0.382683,56.0,-1.83697e-16,-1,-1.83697e-16,-1,19.999999999999996,55.0,44.0,1011.6,1008.5,3.0,12.554,9.00456,3.7,-3.1
-0.683919,-0.729558,0.0,10.6,-1.83697e-16,39.0,-1.83697e-16,-1,-1.83697e-16,-1,14.999999999999998,53.00000000000001,35.0,1013.8,1011.0,1.0,16.3553,9.73464,5.4,-2.8
-0.67126,-0.741222,0.0,9.9,6.12323e-17,24.000000000000004,-0.382683,-0.92388,0.382683,0.92388,9.0,54.0,47.0,1020.1999999999999,1017.7,2.0,11.8124,9.44412,3.8,-2.5
-0.658402,-0.752667,0.0,10.2,-0.382683,39.0,-0.92388,-0.382683,-0.707107,0.707107,16.999999999999996,58.00000000000001,52.0,1023.2,1020.7,3.0,10.2702,8.41065,3.1,-2.5
-0.645348,-0.763889,3.2,0.0,-0.92388,24.000000000000004,-0.92388,-0.382683,-0.92388,0.382683,13.0,83.0,88.0,1025.9,1023.2,8.0,1.98703,2.88368,0.1,-2.7
-0.632103,-0.774884,22.4,0.0,-0.92388,37.0,-0.707107,-0.707107,-0.92388,0.382683,11.0,93.0,85.0,1023.8,1022.1999999999999,8.0,2.51885,1.1212,1.1,-1.6
-0.618671,-0.78565,6.0,3.5,-0.707107,31.0,-1,1.22465e-16,-0.92388,0.382683,11.0,72.0,43.0,1023.9,1020.4,7.0,13.2126,5.12724,4.5,-3.5
-0.605056,-0.796183,0.0,8.9,-0.707107,26.0,-0.92388,-0.382683,-1,1.22465e-16,9.0,64.0,51.0,1021.7,1017.9,2.0,10.6668,6.9854,3.4,-3.8
-0.591261,-0.80648,0.0,9.1,-0.707107,28.0,-0.707107,-0.707107,-0.707107,0.707107,9.0,64.0,40.0,1018.3,1014.3,1.0,14.411,6.93722,5.3,-4
-0.577292,-0.816538,0.0,7.4,-1.83697e-16,35.0,-0.382683,-0.92388,-1,1.22465e-16,11.0,65.0,48.0,1016.3,1012.2,7.0,11.437,6.70253,2.6,-4.1
-0.563151,-0.826354,3.6000000000000005,7.6,-0.92388,35.0,-0.92388,-0.382683,-1,1.22465e-16,11.0,63.0,37.0,1016.2,1017.2,2.0,15.4373,7.23606,3.1,1
-0.548843,-0.835925,0.0,10.9,6.12323e-17,20.0,-0.707107,-0.707107,-1,1.22465e-16,6.0,52.0,32.0,1023.2,1018.7,1.0,17.5657,9.9616,5.4,-4.5
-0.534373,-0.845249,0.0,10.5,0.707107,19.0,-0.92388,-0.382683,-0.92388,0.382683,6.0,61.0,40.0,1020.4,1016.2,2.0,14.3468,7.5613,6.4,-4.2
-0.519744,-0.854322,0.0,10.9,6.12323e-17,24.000000000000004,-0.707107,-0.707107,0.707107,0.707107,9.0,58.00000000000001,46.00000000000001,1019.2,1015.5,1.0,12.2705,8.48838,3.7,-3.7
-0.504961,-0.863142,0.0,10.3,0.707107,24.000000000000004,-0.382683,-0.92388,0.92388,0.382683,9.0,69.0,56.0,1019.8,1014.9,1.0,9.24471,5.85718,3,-4.9
-0.490029,-0.871706,0.0,6.700000000000001,0.382683,43.0,0.92388,-0.382683,0.707107,-0.707107,9.0,60.0,26.999999999999996,1013.6,1005.9,4.0,20.9083,7.90336,10.7,-7.7
-0.474951,-0.880012,0.0,10.9,-1.83697e-16,44.0,-1.83697e-16,-1,-1.83697e-16,-1,11.0,37.0,18.0,1012.7,1009.3,1.0,25.5091,14.7202,6.2,-3.4
-0.459733,-0.888057,0.0,10.1,0.382683,26.0,-0.707107,-0.707107,-0.707107,-0.707107,6.0,31.0,15.000000000000002,1015.0,1011.0,1.0,28.1744,17.2936,6.4,-4
-0.444378,-0.895839,0.0,10.7,0.382683,24.000000000000004,-0.707107,-0.707107,0.707107,0.707107,9.0,48.00000000000001,38.0,1018.2,1015.4,3.0,14.9239,11.0681,4.8,-2.8
-0.428892,-0.903356,0.0,8.2,-0.707107,30.0,-0.382683,-0.92388,-0.382683,0.92388,11.0,56.0,50.0,1025.1,1022.7,7.0,10.7702,8.88561,2.7,-2.4
-0.413279,-0.910605,0.0,8.5,-0.382683,30.0,-0.707107,0.707107,-0.382683,0.92388,14.999999999999998,56.0,52.0,1027.1,1024.0,6.0,10.2313,9.01603,1.4,-3.1
-0.397543,-0.917584,3.0,5.6,-0.382683,33.0,-0.92388,0.382683,6.12323e-17,1,11.0,70.0,52.0,1025.9,1022.1,5.0,10.2624,5.59613,2.4,-3.8
-0.381689,-0.924291,0.0,10.5,0.707107,24.000000000000004,-0.382683,-0.92388,0.382683,0.92388,13.0,66.0,59.0,1022.6,1018.3,3.0,8.41413,6.51597,3.1,-4.3
-0.365723,-0.930724,0.0,10.3,0.707107,26.0,0.382683,-0.92388,0.707107,0.707107,7.000000000000001,63.0,65.0,1016.9,1011.0,5.0,6.98431,7.33625,2.5,-5.9
-0.349647,-0.936881,0.0,10.6,0.707107,22.0,-0.382683,-0.92388,0.707107,0.707107,9.0,50.0,33.0,1017.8,1015.1,0.0,17.3392,10.8029,3.8,-2.7
-0.333469,-0.942761,0.0,10.2,0.707107,28.0,-1,1.22465e-16,6.12323e-17,1,11.0,69.0,49.00000000000001,1022.6,1020.4,2.0,11.3664,5.89322,3.2,-2.2
-0.317191,-0.948362,0.0,7.2,0.707107,24.000000000000004,0.707107,0.707107,0.707107,0.707107,7.000000000000001,55.0,52.0,1024.2,1021.8,7.0,10.3402,9.47849,0.1,-2.4
-0.30082,-0.953681,0.0,10.1,0.382683,22.0,-0.382683,-0.92388,0.707107,0.707107,9.0,66.0,50.0,1023.4,1018.8,1.0,11.0085,6.53099,3.6,-4.6
-0.284359,-0.958718,0.0,10.4,0.92388,24.000000000000004,-0.382683,-0.92388,0.707107,0.707107,13.0,63.0,50.0,1019.8,1014.3,1.0,11.0499,7.26938,3.6,-5.5
-0.267814,-0.963471,0.0,9.7,0.707107,30.0,1,0,0.707107,0.707107,13.0,49.0,62.0,1017.0,1011.3,4.0,7.75692,11.2477,1.9,-5.7
-0.25119,-0.967938,0.0,11.0,0.707107,33.0,-0.707107,-0.707107,0.382683,-0.92388,19.999999999999996,35.0,18.0,1015.2,1010.5,1.0,26.6959,16.4646,4.4,-4.7
-0.234491,-0.972118,0.0,11.3,-0.382683,26.0,-0.382683,-0.92388,0.382683,-0.92388,6.0,25.0,15.000000000000002,1019.5,1015.2,0.0,28.8098,20.9706,4.6,-4.3
-0.217723,-0.976011,0.0,11.0,0.382683,28.0,-0.707107,-0.707107,0.92388,0.382683,11.0,51.0,43.0,1021.5,1016.4,1.0,13.272,10.4671,2.9,-5.1
-0.200891,-0.979614,0.0,6.9,6.12323e-17,31.0,-1,1.22465e-16,6.12323e-17,1,14.999999999999998,66.0,53.99999999999999,1022.0,1018.8,4.0,9.73639,6.52598,2.4,-3.2
-0.183998,-0.982927,0.0,10.1,6.12323e-17,33.0,-0.92388,0.382683,-0.382683,0.92388,14.999999999999998,52.0,47.0,1026.5,1023.9000000000001,4.0,11.8926,10.2236,1.8,-2.6
-0.167052,-0.985948,0.6,7.1,-0.382683,35.0,-0.707107,0.707107,6.12323e-17,1,16.999999999999996,67.0,53.0,1027.7,1025.5,7.0,9.98253,6.32948,1.2,-2.2
-0.150055,-0.988678,3.0,9.7,6.12323e-17,31.0,-0.707107,0.707107,6.12323e-17,1,13.0,53.00000000000001,41.0,1028.7,1025.3,3.0,13.8871,9.95987,1.1,-3.4
-0.133015,-0.991114,0.8,6.8,6.12323e-17,24.000000000000004,0.382683,-0.92388,0.707107,0.707107,11.0,76.0,56.0,1025.0,1020.4,3.0,9.21685,4.33429,3.3,-4.6
-0.115935,-0.993257,0.0,7.499999999999999,0.707107,39.0,0.382683,-0.92388,0.707107,0.707107,13.0,56.0,61.0,1019.1,1011.1,3.0,8.03078,9.24471,1.8,-8
-0.0988201,-0.995105,9.8,10.2,-1.83697e-16,26.0,-0.382683,-0.92388,0.382683,0.92388,11.0,56.0,56.99999999999999,1015.5,1013.2,5.0,8.97223,9.16818,1.1,-2.3
-0.0816764,-0.996659,0.0,9.5,-1,26.0,-1.83697e-16,-1,0.382683,0.92388,13.0,60.0,47.0,1019.3000000000001,1015.2,2.0,12.0808,8.07447,3.6,-4.1
-0.0645084,-0.997917,10.4,9.2,0.707107,24.000000000000004,-0.707107,0.707107,0.382683,0.92388,9.0,62.0,53.0,1022.4,1019.2,2.0,10.1114,7.52528,2.8,-3.2
-0.0473214,-0.99888,0.0,10.4,0.382683,24.000000000000004,-0.382683,0.92388,0.382683,0.92388,11.0,59.0,52.0,1021.5,1017.3,1.0,10.4496,8.33792,2.5,-4.2
-0.0301203,-0.999546,0.0,10.8,0.707107,28.0,0.92388,0.382683,0.707107,0.707107,9.0,53.00000000000001,53.0,1021.0,1016.9,0.0,10.264,10.0734,2.5,-4.1
-0.0129103,-0.999917,0.0,10.3,-0.707107,43.0,0.707107,-0.707107,0.707107,0.707107,11.0,55.0,53.0,1017.6,1011.8,1.0,10.4486,9.56461,4.1,-5.8
0.00430354,-0.999991,0.0,7.700000000000001,-0.707107,37.0,6.12323e-17,1,0.382683,0.92388,11.0,55.0,53.0,1022.3,1019.6,5.0,10.0279,9.3429,1.7,-2.7
0.0215161,-0.999769,0.0,10.2,0.382683,26.0,6.12323e-17,1,0.92388,0.382683,7.000000000000001,58.00000000000001,55.0,1020.3,1017.0,1.0,9.65833,8.61215,3.3,-3.3
0.055917,-0.998435,0.0,10.8,0.707107,26.0,0.382683,-0.92388,0.707107,0.707107,11.0,56.0,45.0,1021.9,1017.6,1.0,12.7997,9.26564,2.2,-4.3
0.0730951,-0.997325,0.0,11.2,0.382683,24.000000000000004,6.12323e-17,1,0.382683,0.92388,11.0,49.0,39.0,1020.4,1015.9,1.0,14.9963,11.3494,2,-4.5
0.0902516,-0.995919,0.0,10.9,0.707107,28.0,0.92388,-0.382683,0.707107,0.707107,11.0,47.0,52.0,1016.8,1012.1,2.0,10.5596,12.0179,1.1,-4.7
0.107381,-0.994218,0.0,8.8,-0.382683,37.0,0.707107,-0.707107,6.12323e-17,1,16.999999999999996,55.0,67.0,1013.9,1011.7,4.0,6.57909,9.71622,-0.2,-2.2
0.124479,-0.992222,0.0,7.299999999999999,6.12323e-17,33.0,-0.707107,0.707107,6.12323e-17,1,13.0,56.0,49.00000000000001,1020.4,1018.2,4.0,11.3835,9.29358,0.5,-2.2
0.14154,-0.989932,0.0,9.9,0.707107,24.000000000000004,0.707107,-0.707107,0.707107,0.707107,11.0,58.00000000000001,50.0,1020.8,1016.7,1.0,11.0747,8.62523,2.4,-4.1
0.158559,-0.987349,0.0,7.700000000000001,6.12323e-17,24.000000000000004,-1,1.22465e-16,0.382683,0.92388,11.0,62.0,52.0,1019.3000000000001,1015.3,1.0,10.5675,7.60596,3.5,-4
0.175531,-0.984474,0.0,10.2,0.382683,28.0,6.12323e-17,1,0.382683,0.92388,14.999999999999998,58.00000000000001,56.99999999999999,1019.5999999999999,1016.6,1.0,9.03326,8.77633,-0.2,-3
0.192452,-0.981306,0.0,10.5,0.382683,37.0,1,0,0.92388,0.382683,13.0,57.0,56.0,1016.7,1011.5,3.0,9.41277,8.99933,2,-5.2
0.209315,-0.977848,3.2,10.9,-1.83697e-16,41.0,0.707107,-0.707107,-1.83697e-16,-1,19.0,60.0,26.0,1010.7,1008.4,1.0,21.1239,8.21635,3.4,-2.3
0.226116,-0.9741,0.0,12.5,0.382683,35.0,-1.83697e-16,-1,-1.83697e-16,-1,13.0,34.0,25.0,1015.9,1012.3,1.0,21.4531,16.1371,7,-3.6
0.24285,-0.970064,0.0,12.1,6.12323e-17,26.0,-0.92388,-0.382683,0.382683,0.92388,11.0,45.0,37.0,1019.2,1015.7,1.0,15.796,12.5634,2.9,-3.5
0.259512,-0.96574,0.0,11.9,6.12323e-17,30.0,-1,1.22465e-16,0.382683,0.92388,13.0,54.0,38.0,1020.7,1016.6,4.0,15.5108,9.87672,2.9,-4.1
0.276097,-0.96113,0.0,11.8,-0.382683,39.0,-1,1.22465e-16,-0.382683,0.92388,14.999999999999998,48.00000000000001,46.00000000000001,1026.0,1023.3,2.0,12.3441,11.628,0.8,-2.7
0.2926,-0.956235,0.0,12.1,6.12323e-17,30.0,-0.707107,0.707107,0.382683,0.92388,16.999999999999996,47.0,46.00000000000001,1027.7,1023.2,1.0,12.3902,11.9373,1.4,-4.5
0.309017,-0.951057,0.0,12.3,0.707107,24.000000000000004,-0.92388,0.382683,0.382683,0.92388,13.0,49.0,46.00000000000001,1025.6,1021.7,1.0,12.4087,11.2477,2.3,-3.9
0.325342,-0.945596,0.0,3.4,-0.382683,37.0,-0.92388,0.382683,-0.382683,0.92388,19.0,53.00000000000001,55.0,1027.1,1024.4,6.0,9.5862,10.119,0.5,-2.7
0.341571,-0.939856,0.0,9.2,6.12323e-17,31.0,-0.92388,0.382683,6.12323e-17,1,16.999999999999996,48.00000000000001,48.0,1025.6,1022.0,2.0,11.6978,11.541,1.8,-3.6
0.357698,-0.933837,0.0,11.6,0.707107,30.0,0.707107,-0.707107,0.707107,0.707107,9.0,50.0,47.0,1022.6,1017.3,1.0,12.1709,10.9261,3.5,-5.3
0.37372,-0.927542,0.0,11.0,0.707107,31.0,0.92388,0.382683,0.707107,0.707107,13.0,50.0,53.99999999999999,1022.8,1019.3,1.0,9.96585,11.1411,0.2,-3.5
0.38963,-0.920971,0.0,11.7,0.382683,30.0,1,0,0.707107,0.707107,13.0,49.0,56.99999999999999,1020.6,1015.0,1.0,9.20383,11.4346,1.6,-5.6
0.421101,-0.907014,0.0,9.8,0.707107,26.0,0.92388,0.382683,0.382683,0.92388,14.999999999999998,55.0,59.0,1011.6,1005.8,2.0,8.85235,9.85438,1.8,-5.8
0.436651,-0.899631,2.6,10.5,6.12323e-17,37.0,-0.382683,0.92388,0.382683,0.92388,11.0,29.000000000000004,58.0,1010.3,1009.2,1.0,9.05552,20.5602,-5.8,-1.1
0.452072,-0.891981,0.0,11.6,6.12323e-17,35.0,-1,1.22465e-16,6.12323e-17,1,19.999999999999996,50.0,35.0,1014.8,1013.1,0.0,16.9301,11.4001,0.3,-1.7
0.497513,-0.867456,0.0,11.6,0.92388,35.0,0.92388,-0.382683,0.92388,0.382683,14.999999999999998,58.00000000000001,61.0,1016.5,1009.5,1.0,8.21876,8.97532,0.8,-7
0.512371,-0.858764,0.0,8.7,6.12323e-17,37.0,-1,1.22465e-16,-0.382683,0.92388,19.999999999999996,50.0,55.0,1014.4,1014.5,3.0,9.76701,11.5771,-3.8,0.1
0.527078,-0.849817,0.0,1.2,6.12323e-17,30.0,-0.382683,0.92388,-0.382683,0.92388,13.0,56.0,53.99999999999999,1022.3,1020.7,7.0,9.81013,9.30057,-0.7,-1.6
0.541628,-0.840618,0.0,10.2,6.12323e-17,28.0,0.382683,0.92388,0.382683,0.92388,14.999999999999998,56.0,49.00000000000001,1023.8,1020.4,3.0,11.3579,9.21685,1.3,-3.4
0.556017,-0.831171,0.0,9.3,0.382683,30.0,0.707107,0.707107,0.382683,0.92388,13.0,54.0,50.0,1021.4,1016.8,2.0,11.1411,9.8545,1.3,-4.6
0.570242,-0.821477,0.0,9.0,0.707107,33.0,0.92388,-0.382683,0.707107,0.707107,14.999999999999998,49.0,53.0,1015.9,1011.6,3.0,10.3638,11.4516,1.6,-4.3
0.584298,-0.811539,9.2,10.6,0.382683,24.000000000000004,1,0,0.92388,0.382683,11.0,59.0,53.0,1017.1,1015.0,7.0,10.4641,8.64479,1.7,-2.1
0.598181,-0.801361,0.0,12.0,0.382683,31.0,-0.382683,0.92388,0.707107,0.707107,13.0,47.0,44.0,1021.2,1018.2,1.0,13.2983,12.198,0.9,-3
0.611886,-0.790946,0.0,12.5,0.707107,24.000000000000004,0.382683,-0.92388,0.382683,0.92388,13.0,50.0,50.0,1020.1,1017.0,1.0,11.2995,11.1411,1.9,-3.1
0.625411,-0.780296,0.0,10.6,0.707107,28.0,1,0,0.92388,0.382683,13.0,53.00000000000001,50.0,1019.2,1015.5,7.0,11.3162,10.4023,0,-3.7
0.638749,-0.769415,0.0,10.2,0.707107,28.0,0.382683,0.92388,0.382683,0.92388,13.0,53.00000000000001,52.0,1016.6,1013.8,1.0,10.7971,10.3254,2.2,-2.8
0.651899,-0.758306,0.0,8.1,-0.382683,30.0,0.382683,0.92388,6.12323e-17,1,14.999999999999998,61.0,63.00000000000001,1016.8,1014.3,5.0,7.58398,8.1033,-0.1,-2.5
0.664855,-0.746972,9.2,7.6,6.12323e-17,28.0,-0.707107,0.707107,0.382683,0.92388,13.0,78.0,61.0,1018.5,1016.2,6.0,8.12754,4.07747,2.3,-2.3
0.677615,-0.735417,0.2,12.5,0.92388,31.0,1,0,0.707107,0.707107,11.0,47.0,56.99999999999999,1018.7,1014.1,2.0,9.37594,12.3703,0.8,-4.6
0.690173,-0.723644,0.0,12.9,0.707107,30.0,0.382683,0.92388,0.92388,0.382683,13.0,51.0,56.0,1013.4,1007.3,0.0,9.81773,11.2274,1.3,-6.1
0.702527,-0.711657,0.0,10.8,-1.83697e-16,35.0,0.382683,0.92388,0.707107,0.707107,7.000000000000001,51.0,53.99999999999999,1007.2,1003.8,7.0,10.5852,11.3676,1.9,-3.4
0.714673,-0.699458,0.0,11.9,6.12323e-17,31.0,-0.382683,0.92388,6.12323e-17,1,14.999999999999998,53.00000000000001,56.99999999999999,1013.0,1011.5,6.0,9.23126,10.557,-2.3,-1.5
0.726608,-0.687053,2.6,4.2,0.382683,24.000000000000004,-1,1.22465e-16,0.707107,0.707107,11.0,85.99999999999999,73.0,1016.2,1012.5,4.0,5.29625,2.49228,3.8,-3.7
0.738326,-0.674444,13.8,4.5,-0.707107,41.0,0.382683,0.92388,0.382683,0.92388,16.999999999999996,74.0,79.0,1017.7,1014.0,7.0,3.93048,5.05653,-1.5,-3.7
0.749826,-0.661635,55.99999999999999,10.8,0.707107,33.0,0.707107,0.707107,0.707107,0.707107,13.0,64.0,64.0,1018.2,1014.6,4.0,7.45395,7.37116,1.5,-3.6
0.761104,-0.64863,0.0,11.7,0.707107,37.0,0.92388,-0.382683,0.707107,0.707107,13.0,62.0,67.0,1015.6,1011.1,5.0,6.75812,7.99789,0.5,-4.5
0.772157,-0.635432,0.0,10.8,0.707107,37.0,0.92388,-0.382683,0.707107,0.707107,14.999999999999998,59.0,67.0,1014.8,1011.6,2.0,6.76814,8.87846,-0.5,-3.2
0.78298,-0.622047,0.0,11.2,0.707107,33.0,0.92388,0.382683,0.92388,0.382683,13.0,58.00000000000001,53.99999999999999,1017.8,1014.2,2.0,10.2808,9.14953,-0.3,-3.6
0.793572,-0.608477,0.0,12.2,0.707107,35.0,0.92388,-0.382683,0.707107,0.707107,14.999999999999998,52.0,65.0,1017.6,1013.1,5.0,7.18598,10.8051,-0.6,-4.5
0.803928,-0.594727,0.0,12.1,0.92388,28.0,0.707107,-0.707107,0.92388,0.382683,9.0,48.00000000000001,52.0,1015.3,1011.6,5.0,10.9408,12.0499,1.9,-3.7
0.814046,-0.5808,3.6000000000000005,5.1,0.382683,24.000000000000004,1,0,0.382683,0.92388,11.0,79.0,63.00000000000001,1017.2,1014.7,7.0,7.70362,3.88915,3.3,-2.5
0.823923,-0.566702,3.0,10.4,-0.707107,83.0,0.92388,-0.382683,0.707107,0.707107,13.0,54.0,51.0,1016.3,1012.1,1.0,11.2685,10.2431,1.4,-4.2
0.833556,-0.552435,43.4,6.4,-0.382683,35.0,-0.707107,0.707107,6.12323e-17,1,16.999999999999996,71.0,59.0,1018.7,1017.9,7.0,8.57399,5.64268,-0.3,-0.8
0.842942,-0.538005,1.0,12.3,0.382683,31.0,-0.382683,0.92388,6.12323e-17,1,13.0,48.00000000000001,47.0,1019.4,1016.6,2.0,12.1709,11.7678,0.9,-2.8
0.852078,-0.523416,0.0,12.9,0.707107,26.0,0.707107,-0.707107,0.382683,0.92388,14.999999999999998,50.0,48.0,1017.3,1013.7,5.0,11.9173,11.1743,1.3,-3.6
0.860961,-0.508671,0.0,11.4,0.92388,26.0,0.382683,0.92388,0.707107,0.707107,11.0,51.0,46.00000000000001,1015.3,1012.2,1.0,12.6033,10.8602,1.7,-3.1
0.869589,-0.493776,0.0,6.1,0.382683,24.000000000000004,0.707107,0.707107,0.707107,0.707107,11.0,64.0,53.99999999999999,1016.4,1014.4,5.0,10.0778,7.33817,0.7,-2
0.87796,-0.478734,0.2,12.5,0.382683,31.0,1,0,0.707107,0.707107,14.999999999999998,59.0,62.0,1017.8,1014.7,3.0,7.94469,8.71587,0.4,-3.1
0.886071,-0.46355,0.0,9.9,0.707107,33.0,0.92388,-0.382683,0.707107,0.707107,14.999999999999998,59.0,56.99999999999999,1016.8,1013.2,7.0,9.32759,8.74827,0.4,-3.6
0.893919,-0.448229,0.0,4.5,0.382683,26.0,0.92388,-0.382683,0.707107,0.707107,9.0,58.00000000000001,62.0,1012.8,1008.9,7.0,7.93289,8.93535,1,-3.9
0.908818,-0.417194,1.4,11.1,0.92388,31.0,0.92388,-0.382683,0.707107,0.707107,13.0,65.0,62.0,1008.6,1006.4,3.0,8.03345,7.12731,2.5,-2.2
0.915864,-0.401488,0.0,3.3,0.707107,30.0,0.92388,0.382683,0.92388,0.382683,6.0,73.0,79.0,1012.2,1010.4,8.0,3.98394,5.31997,-0.7,-1.8
0.92264,-0.385663,25.2,8.5,0.382683,28.0,0.382683,-0.92388,0.92388,0.382683,13.0,64.0,59.0,1014.4,1010.0,6.0,8.91116,7.45395,2.2,-4.4
0.935368,-0.353676,0.0,4.1,0.382683,30.0,0.92388,-0.382683,0.382683,-0.92388,13.0,67.0,87.0,1009.9,1005.4,7.0,2.30994,6.77315,-4.8,-4.5
0.941317,-0.337523,26.999999999999996,0.8,-0.707107,30.0,-0.92388,0.382683,0.707107,0.707107,4.0,75.0,76.0,1009.1,1008.2,7.0,4.4624,4.5925,2.3,-0.9
0.946988,-0.32127,3.7999999999999994,0.1,-0.92388,35.0,-0.92388,0.382683,-0.707107,0.707107,16.999999999999996,64.0,56.99999999999999,1011.2,1009.2,8.0,9.05364,7.14717,1.7,-2
0.952378,-0.304921,0.0,4.0,-0.707107,28.0,-0.92388,0.382683,-0.382683,0.92388,13.0,56.0,56.99999999999999,1010.4,1008.5,7.0,9.13541,9.32156,1.3,-1.9
0.957485,-0.288482,0.0,13.3,0.707107,26.0,-1,1.22465e-16,6.12323e-17,1,13.0,49.0,50.0,1011.5,1008.7,1.0,11.3665,11.4773,2.4,-2.8
0.962309,-0.271958,0.0,11.5,0.707107,26.0,0.92388,0.382683,0.707107,0.707107,11.0,54.0,58.0,1010.5,1005.7,3.0,9.04213,10.0554,1.7,-4.8
0.966848,-0.255353,0.0,12.6,0.707107,24.000000000000004,0.382683,0.92388,0.707107,0.707107,9.0,58.00000000000001,40.0,1006.7,1003.1,3.0,15.5131,9.17647,3.9,-3.6
0.9711,-0.238673,1.2,6.6,-1.83697e-16,56.0,0.707107,0.707107,0.707107,0.707107,9.0,67.0,69.0,1010.5,1005.7,7.0,6.32937,6.76313,1.1,-4.8
0.975065,-0.221922,16.8,9.9,6.12323e-17,28.0,0.382683,-0.92388,-0.382683,-0.92388,7.000000000000001,65.0,24.0,1011.6999999999999,1008.2,1.0,23.4818,7.10072,8.2,-3.5
0.97874,-0.205104,0.0,12.5,6.12323e-17,33.0,-0.382683,0.92388,6.12323e-17,1,13.0,58.00000000000001,47.0,1016.0,1013.5,1.0,12.3885,8.93535,1.8,-2.5
0.982126,-0.188227,0.0,10.6,0.382683,24.000000000000004,0.92388,0.382683,0.707107,0.707107,13.0,62.0,55.0,1018.3,1015.6,1.0,9.85438,7.79781,2.4,-2.7
0.98522,-0.171293,0.0,12.1,0.382683,30.0,-0.382683,0.92388,6.12323e-17,1,19.0,56.0,53.0,1017.9,1015.5,2.0,10.3946,9.43387,1.3,-2.4
0.988023,-0.154309,0.0,11.9,6.12323e-17,30.0,6.12323e-17,1,0.92388,0.382683,13.0,55.0,53.99999999999999,1016.9,1014.1,3.0,10.1378,9.77428,1,-2.8
0.990532,-0.137279,0.0,12.1,0.707107,24.000000000000004,0.92388,0.382683,0.707107,0.707107,13.0,55.0,52.0,1014.3,1011.5,1.0,10.8449,9.84708,1.4,-2.8
0.992749,-0.120208,0.0,11.2,0.707107,24.000000000000004,0.92388,0.382683,0.707107,0.707107,11.0,63.0,52.0,1013.9,1009.9,3.0,10.9008,7.61807,3.1,-4
0.994671,-0.103102,0.0,6.9,0.707107,22.0,1,0,0.92388,0.382683,9.0,61.0,56.99999999999999,1011.8,1009.1,7.0,9.46604,8.24316,1.9,-2.7
0.996298,-0.0859648,7.200000000000001,0.0,-0.707107,30.0,-0.707107,-0.707107,-0.707107,-0.707107,6.0,89.0,90.0,1014.5,1013.9,8.0,1.71164,1.89911,-0.5,-0.6
0.99763,-0.0688024,22.4,0.3,-0.382683,13.0,-0.707107,-0.707107,-0.707107,-0.707107,4.0,95.0,74.0,1014.8,1011.4,7.0,5.00376,0.834191,4.9,-3.4
0.999407,-0.0344216,1.0,11.7,-0.92388,22.0,0.382683,-0.92388,1,0,6.0,70.0,51.0,1009.4,1005.6,2.0,11.592,6.04016,5,-3.8
0.999852,-0.0172134,0.0,10.7,6.12323e-17,30.0,-0.92388,0.382683,0.382683,0.92388,13.0,55.0,62.0,1009.6,1009.2,6.0,8.12269,10.1187,-0.5,-0.4
1,0,12.2,12.1,6.12323e-17,26.0,0.92388,0.382683,0.707107,0.707107,13.0,67.0,64.0,1014.9,1012.7,4.0,7.58176,6.78317,0.8,-2.2
0.999852,0.0172134,0.2,10.3,0.382683,28.0,0.707107,0.707107,0.707107,0.707107,13.0,68.0,69.0,1018.2,1016.6,7.0,6.22238,6.47566,-0.3,-1.6
0.999407,0.0344216,1.2,4.2,6.12323e-17,35.0,0.382683,0.92388,0.707107,0.707107,11.0,82.0,64.0,1019.4,1017.3,6.0,7.4761,3.30933,2.7,-2.1
0.998667,0.0516197,16.8,12.0,0.382683,26.0,6.12323e-17,1,0.382683,0.92388,13.0,59.0,53.0,1018.0,1014.5,3.0,10.5493,8.74827,1.2,-3.5
0.99763,0.0688024,0.0,3.8,-0.382683,20.0,-0.382683,0.92388,-0.92388,-0.382683,4.0,69.0,80.0,1015.9,1015.2,7.0,3.66224,6.17614,-3.1,-0.7
0.996298,0.0859648,21.6,12.1,6.12323e-17,33.0,-0.382683,0.92388,6.12323e-17,1,16.999999999999996,62.0,48.0,1017.5,1016.4,3.0,12.0942,7.90931,1.6,-1.1
0.994671,0.103102,0.0,3.6,-0.92388,33.0,-0.707107,0.707107,-0.382683,0.92388,9.0,64.0,59.0,1017.7,1016.1,7.0,8.66415,7.39871,-0.6,-1.6
0.992749,0.120208,1.8000000000000003,3.9,6.12323e-17,31.0,-0.707107,0.707107,6.12323e-17,1,7.000000000000001,68.0,70.0,1016.0,1013.4,7.0,5.89326,6.35111,0.2,-2.6
0.990532,0.137279,3.6000000000000005,11.8,6.12323e-17,26.0,6.12323e-17,1,0.382683,0.92388,13.0,63.0,60.00000000000001,1013.4,1010.5,2.0,8.55415,7.64654,2,-2.9
0.988023,0.154309,0.0,10.9,0.707107,28.0,0.707107,0.707107,0.382683,0.92388,13.0,63.0,55.0,1012.8,1010.9,6.0,9.97879,7.71507,1.1,-1.9
0.98522,0.171293,0.0,0.9,0.382683,19.0,-1.83697e-16,-1,6.12323e-17,1,9.0,76.0,75.0,1011.6,1008.0,7.0,4.81356,4.59579,0,-3.6
0.982126,0.188227,14.6,1.1,-0.382683,31.0,-0.707107,-0.707107,-0.382683,0.92388,6.0,80.99999999999999,94.0,1009.9,1007.5,8.0,1.02432,3.51917,-2.4,-2.4
0.97874,0.205104,38.6,2.2,0.382683,24.000000000000004,6.12323e-17,1,0.707107,0.707107,13.0,78.0,69.0,1009.7,1007.0,7.0,6.18076,4.15515,0.5,-2.7
0.966848,0.255353,0.0,13.1,0.382683,24.000000000000004,-0.92388,-0.382683,0.707107,0.707107,13.0,56.0,60.00000000000001,1008.8,1006.0,1.0,8.68093,9.69609,1.6,-2.8
0.962309,0.271958,0.0,12.7,0.382683,24.000000000000004,-0.382683,-0.92388,0.92388,0.382683,9.0,67.0,60.00000000000001,1009.4,1005.6,3.0,8.75744,6.76313,3,-3.8
0.957485,0.288482,0.0,11.7,6.12323e-17,30.0,-0.92388,-0.382683,0.382683,0.92388,13.0,65.0,52.0,1009.5,1005.7,2.0,11.231,7.36879,2.5,-3.8
0.952378,0.304921,0.0,9.3,0.382683,31.0,-0.707107,0.707107,0.382683,0.92388,14.999999999999998,71.0,58.0,1008.7,1006.8,3.0,9.22371,5.83104,1,-1.9
0.946988,0.32127,35.8,9.4,-0.382683,35.0,0.382683,0.92388,6.12323e-17,1,16.999999999999996,67.0,58.0,1012.7,1008.8,6.0,9.01538,6.60877,1.6,-3.9
0.941317,0.337523,0.2,8.0,6.12323e-17,28.0,-0.92388,0.382683,-0.382683,0.92388,13.0,82.0,64.0,1009.9,1007.7,7.0,7.43735,3.25956,4,-2.2
0.935368,0.353676,1.0,2.1,0.382683,31.0,-0.382683,0.92388,6.12323e-17,1,13.0,67.0,77.0,1009.6,1008.0,8.0,4.36737,6.6932,-1.2,-1.6
0.92264,0.385663,65.2,5.4,-0.382683,22.0,-0.707107,0.707107,6.12323e-17,1,2.0,84.0,59.0,1006.3,1004.4,6.0,8.92425,2.89436,5.5,-1.9
0.915864,0.401488,0.0,12.6,-1.83697e-16,28.0,0.382683,-0.92388,0.707107,0.707107,9.0,67.0,59.0,1006.2,1002.6,2.0,9.0491,6.77816,2.9,-3.6
0.908818,0.417194,0.0,7.8,-0.382683,30.0,0.382683,0.92388,-0.382683,0.92388,14.999999999999998,66.0,53.99999999999999,1006.8,1004.9,6.0,10.4934,7.11454,1,-1.9
0.901502,0.432776,0.0,9.2,6.12323e-17,30.0,-0.382683,0.92388,6.12323e-17,1,13.0,62.0,63.00000000000001,1007.7,1005.0,5.0,7.72079,8.00381,-0.4,-2.7
0.893919,0.448229,5.2,1.0,-0.92388,33.0,-0.707107,-0.707107,-0.92388,0.382683,11.0,85.0,61.0,1006.8,1005.4,8.0,8.12147,2.62271,5.1,-1.4
0.886071,0.46355,0.0,11.0,6.12323e-17,26.0,-0.92388,-0.382683,6.12323e-17,1,14.999999999999998,53.00000000000001,58.0,1008.9,1006.4,3.0,8.95533,10.2411,1.8,-2.5
0.87796,0.478734,3.7999999999999994,11.2,0.707107,22.0,0.707107,0.707107,0.92388,0.382683,9.0,63.0,58.0,1009.9,1006.3,2.0,9.06892,7.55563,3.1,-3.6
0.869589,0.493776,0.0,11.4,-0.92388,33.0,6.12323e-17,1,0.707107,0.707107,13.0,62.0,62.0,1008.2,1003.5,2.0,8.08099,7.90343,3,-4.7
0.860961,0.508671,17.2,12.8,0.382683,24.000000000000004,-0.707107,-0.707107,-0.707107,-0.707107,7.000000000000001,71.0,26.0,1007.6,1003.6,1.0,22.2726,5.71082,7.4,-4
0.852078,0.523416,0.0,8.8,-0.92388,43.0,-0.92388,0.382683,-0.382683,0.92388,16.999999999999996,66.0,56.0,1010.0,1008.5,2.0,9.60357,6.89672,1.1,-1.5
0.823923,0.566702,0.0,9.6,-0.92388,39.0,-0.707107,0.707107,-0.382683,0.92388,14.999999999999998,50.0,51.0,1017.6,1016.9,3.0,11.1207,11.2828,1.8,-0.7
0.814046,0.5808,2.8,10.4,-0.92388,37.0,-0.707107,0.707107,-0.382683,0.92388,16.999999999999996,60.0,44.0,1022.6,1020.7,1.0,13.3965,8.35318,2.3,-1.9
0.803928,0.594727,0.2,11.2,6.12323e-17,26.0,-0.92388,0.382683,6.12323e-17,1,11.0,73.0,53.99999999999999,1023.5,1019.9,7.0,10.1153,5.08119,4.7,-3.6
0.793572,0.608477,0.2,11.9,0.382683,22.0,-0.92388,0.382683,0.382683,0.92388,11.0,60.0,58.0,1020.5000000000001,1017.8,1.0,9.09575,8.37192,2.8,-2.7
0.78298,0.622047,0.0,12.5,-0.707107,33.0,-0.707107,0.707107,6.12323e-17,1,16.999999999999996,61.0,45.0,1019.5,1018.2,3.0,13.2112,8.15789,2.9,-1.3
0.772157,0.635432,5.2,9.4,-0.382683,39.0,-0.707107,0.707107,6.12323e-17,1,13.0,80.0,89.0,1020.5000000000001,1019.6,7.0,1.90933,3.68732,-2,-0.9
0.761104,0.64863,12.2,9.0,6.12323e-17,30.0,-1,1.22465e-16,-0.382683,0.92388,11.0,82.0,47.0,1020.1999999999999,1017.6,1.0,12.425,3.23234,6,-2.6
0.749826,0.661635,8.4,9.6,6.12323e-17,28.0,-0.382683,0.92388,-0.382683,0.92388,11.0,68.0,53.99999999999999,1019.3000000000001,1017.2,4.0,10.2205,6.40366,1.8,-2.1
0.738326,0.674444,1.6,8.2,-0.382683,35.0,-0.382683,0.92388,6.12323e-17,1,16.999999999999996,70.0,68.0,1019.7,1018.7,6.0,6.36065,5.92427,-0.7,-1
0.726608,0.687053,0.4,10.2,-0.92388,30.0,-0.707107,0.707107,6.12323e-17,1,14.999999999999998,65.0,49.00000000000001,1021.4,1017.9,3.0,11.7263,7.10604,1.9,-3.5
0.714673,0.699458,0.2,9.5,6.12323e-17,24.000000000000004,-1.83697e-16,-1,6.12323e-17,1,11.0,72.0,49.00000000000001,1018.5,1014.9,3.0,11.7177,5.37222,3.8,-3.6
0.702527,0.711657,0.4,11.8,-0.382683,26.0,-0.707107,0.707107,6.12323e-17,1,13.0,62.0,48.0,1016.8,1013.6,3.0,12.0765,7.90343,1.5,-3.2
0.690173,0.723644,0.4,11.6,-0.707107,33.0,-0.382683,0.92388,-0.707107,0.707107,11.0,60.0,62.0,1016.2,1014.8,4.0,7.87402,8.39068,0.1,-1.4
0.677615,0.735417,0.2,5.9,-0.382683,35.0,-0.382683,0.92388,-0.382683,0.92388,9.0,60.0,86.0,1016.4,1014.8,5.0,2.49797,8.47851,-3.3,-1.6
0.664855,0.746972,4.6,0.0,-0.707107,33.0,-0.382683,0.92388,-0.382683,0.92388,13.0,79.0,89.0,1016.5,1014.2,8.0,1.93868,3.91865,-0.9,-2.3
0.651899,0.758306,53.99999999999999,0.0,-0.707107,30.0,-0.92388,0.382683,-0.707107,-0.707107,6.0,95.0,95.0,1012.3,1009.8,8.0,0.839994,0.842579,-0.4,-2.5
0.638749,0.769415,89.2,0.0,-0.92388,37.0,-1,1.22465e-16,-0.92388,0.382683,9.0,96.00000000000001,96.0,1007.3,1003.7,8.0,0.678766,0.668954,1.9,-3.6
0.611886,0.790946,4.4,10.9,-0.92388,33.0,-0.92388,0.382683,-0.707107,0.707107,13.0,72.0,59.0,1011.6,1009.2,2.0,8.91116,5.47424,3.5,-2.4
0.598181,0.801361,0.4,10.5,-0.707107,31.0,-0.707107,0.707107,6.12323e-17,1,19.999999999999996,74.0,60.00000000000001,1012.0000000000001,1008.7,1.0,8.55415,5.00001,2.9,-3.3
0.584298,0.811539,0.0,10.6,-0.92388,31.0,-0.707107,0.707107,6.12323e-17,1,14.999999999999998,69.0,60.00000000000001,1012.4,1009.7,3.0,8.55415,6.15769,2.4,-2.7
0.570242,0.821477,0.2,9.9,6.12323e-17,22.0,-0.707107,0.707107,6.12323e-17,1,11.0,62.0,60.00000000000001,1010.1,1007.0,3.0,8.4911,7.8799,1.4,-3.1
0.556017,0.831171,1.8000000000000003,8.4,0.382683,20.0,-1.83697e-16,-1,0.707107,0.707107,9.0,83.0,56.0,1009.2,1006.6,1.0,9.7175,3.07913,5.2,-2.6
0.541628,0.840618,0.2,9.4,0.382683,24.000000000000004,0.92388,-0.382683,6.12323e-17,1,11.0,65.0,64.0,1011.1,1008.6,3.0,7.49274,7.16462,1.4,-2.5
0.527078,0.849817,0.0,9.5,0.92388,20.0,-1.83697e-16,-1,0.707107,0.707107,7.000000000000001,73.0,59.0,1011.1,1007.8,1.0,8.9177,5.26469,3.2,-3.3
0.512371,0.858764,0.0,11.3,-0.707107,33.0,-0.92388,-0.382683,-0.382683,0.92388,14.999999999999998,64.0,56.99999999999999,1013.0,1011.0,4.0,9.40362,7.44842,1.3,-2
0.497513,0.867456,0.0,11.5,0.382683,24.000000000000004,-0.707107,0.707107,0.382683,0.92388,14.999999999999998,63.0,56.0,1015.9,1012.6,1.0,9.68896,7.66935,1.9,-3.3
0.482508,0.875892,0.0,11.8,0.382683,22.0,0.707107,-0.707107,0.92388,0.382683,7.000000000000001,60.0,50.0,1014.8,1010.9,1.0,11.5687,8.45337,2.7,-3.9
0.452072,0.891981,0.0,6.3,-0.92388,37.0,6.12323e-17,1,0.382683,0.92388,9.0,59.0,56.99999999999999,1009.7,1006.3,4.0,9.29313,8.72883,0.2,-3.4
0.436651,0.899631,0.0,10.9,0.382683,24.000000000000004,-1.83697e-16,-1,0.707107,0.707107,11.0,67.0,62.0,1010.9,1009.4,2.0,8.05126,6.62859,3,-1.5
0.421101,0.907014,0.0,11.3,6.12323e-17,24.000000000000004,-1,1.22465e-16,0.382683,0.92388,11.0,65.0,56.99999999999999,1013.0,1010.3,2.0,9.41747,7.17529,1.9,-2.7
0.405426,0.914128,0.0,10.3,0.382683,24.000000000000004,-0.92388,-0.382683,0.382683,0.92388,9.0,69.0,56.99999999999999,1012.6000000000001,1010.0,3.0,9.47299,6.20849,2.6,-2.6
0.38963,0.920971,0.0,10.8,6.12323e-17,30.0,6.12323e-17,1,6.12323e-17,1,13.0,66.0,56.99999999999999,1014.6,1012.9,1.0,9.44521,6.97931,1.3,-1.7
0.37372,0.927542,0.0,10.0,6.12323e-17,33.0,-0.382683,0.92388,6.12323e-17,1,14.999999999999998,65.0,56.99999999999999,1015.7,1013.2,3.0,9.38977,7.19132,1.2,-2.5
0.357698,0.933837,0.0,10.0,6.12323e-17,28.0,-0.92388,0.382683,-0.382683,0.92388,13.0,65.0,46.00000000000001,1014.5,1011.8,2.0,12.7619,7.11135,2.3,-2.7
0.341571,0.939856,0.0,9.0,-0.707107,35.0,-0.707107,0.707107,-0.382683,0.92388,16.999999999999996,60.0,51.0,1014.0,1011.9,2.0,11.1617,8.43454,1.9,-2.1
0.325342,0.945596,0.0,9.9,-0.382683,31.0,-0.707107,-0.707107,-0.382683,0.92388,11.0,60.0,50.0,1014.5,1010.3,2.0,11.3917,8.26598,3.6,-4.2
0.309017,0.951057,0.0,11.2,6.12323e-17,37.0,-0.707107,-0.707107,-0.92388,-0.382683,9.0,58.00000000000001,31.0,1009.7,1006.2,4.0,19.1457,8.80274,6.8,-3.5
0.2926,0.956235,0.0,11.1,6.12323e-17,26.0,-0.92388,-0.382683,-0.382683,0.92388,13.0,52.0,52.0,1014.8,1011.9,2.0,10.6701,10.5203,1.9,-2.9
0.276097,0.96113,0.0,9.7,0.382683,20.0,-0.382683,-0.92388,0.382683,0.92388,7.000000000000001,51.0,49.00000000000001,1016.5,1013.1,1.0,11.6315,10.9413,0.8,-3.4
0.259512,0.96574,0.0,7.4,-0.707107,31.0,-0.707107,-0.707107,0.707107,-0.707107,7.000000000000001,61.0,56.0,1018.1,1011.0,3.0,9.64622,8.01873,4.1,-7.1
0.24285,0.970064,7.599999999999999,11.1,0.382683,20.0,0.92388,-0.382683,0.382683,0.92388,13.0,55.0,58.0,1013.2,1009.4,1.0,9.29141,9.88359,3.8,-3.8
0.226116,0.9741,0.0,8.1,0.92388,20.0,-0.707107,-0.707107,0.92388,0.382683,7.000000000000001,76.0,62.0,1014.5,1011.5,1.0,8.19443,4.61303,4.4,-3
0.209315,0.977848,0.2,1.9,6.12323e-17,57.0,0.707107,0.707107,0.707107,-0.707107,6.0,80.0,98.00000000000001,1017.6,1016.5,8.0,0.332261,3.74055,-4.2,-1.1
0.175531,0.984474,81.8,8.8,6.12323e-17,19.0,-0.92388,0.382683,0.707107,0.707107,9.0,80.99999999999999,56.99999999999999,1018.3,1014.4,1.0,9.30002,3.45843,4,-3.9
0.158559,0.987349,0.0,10.6,0.707107,20.0,-0.707107,-0.707107,0.707107,0.707107,9.0,76.0,59.0,1017.0,1012.6,1.0,8.84583,4.52714,4.3,-4.4
0.14154,0.989932,0.0,9.4,0.707107,24.000000000000004,0.707107,-0.707107,0.707107,0.707107,9.0,66.0,67.0,1015.6,1013.0,1.0,6.80827,6.9328,2.4,-2.6
0.124479,0.992222,3.7999999999999994,8.3,6.12323e-17,24.000000000000004,1,0,0.707107,0.707107,9.0,72.0,64.0,1018.1,1015.0,4.0,7.50939,5.54003,0.7,-3.1
0.107381,0.994218,0.0,8.4,6.12323e-17,26.0,-0.707107,-0.707107,-0.382683,0.92388,9.0,74.0,65.0,1018.8,1015.8,4.0,7.21272,5.04142,1.1,-3
0.0902516,0.995919,0.0,4.7,0.382683,24.000000000000004,-0.92388,0.382683,6.12323e-17,1,13.0,75.0,50.0,1020.9,1018.7,5.0,11.3917,4.76678,2.3,-2.2
0.0730951,0.997325,0.0,9.9,0.382683,24.000000000000004,0.382683,0.92388,0.382683,0.92388,11.0,59.0,53.0,1023.3,1020.9,3.0,10.4409,8.65769,1.2,-2.4
0.055917,0.998435,0.0,4.6,0.382683,26.0,-0.707107,-0.707107,0.382683,0.92388,9.0,73.0,55.0,1024.1,1020.7,6.0,9.73072,5.1122,2.6,-3.4
0.0387223,0.99925,0.0,0.5,6.12323e-17,22.0,-0.707107,-0.707107,0.382683,0.92388,7.000000000000001,74.0,64.0,1023.3,1020.3,7.0,7.28335,4.89162,1.8,-3
0.00430354,0.999991,8.8,3.0,0.382683,30.0,-1,1.22465e-16,-1,1.22465e-16,4.0,75.0,83.0,1019.5,1015.8,7.0,3.0768,4.73811,-0.5,-3.7
-0.0129103,0.999917,38.4,8.1,6.12323e-17,28.0,-1,1.22465e-16,0.382683,0.92388,14.999999999999998,87.0,67.0,1019.1,1015.9,3.0,6.6534,2.30293,2.8,-3.2
-0.0301203,0.999546,0.4,6.3,0.382683,19.0,-0.382683,-0.92388,0.707107,0.707107,7.000000000000001,84.0,64.0,1014.9,1009.9,7.0,7.45395,2.8681,4.3,-5
-0.0473214,0.99888,1.8000000000000003,8.2,0.382683,33.0,0.707107,-0.707107,0.382683,-0.92388,16.999999999999996,85.0,52.0,1008.8,1005.8,3.0,10.7812,2.68561,3.8,-3
-0.0988201,0.995105,0.0,10.8,-0.382683,33.0,-1.83697e-16,-1,-1.83697e-16,-1,11.0,34.0,28.0,1017.4,1014.2,1.0,19.977,16.4684,5.3,-3.2
-0.115935,0.993257,0.0,10.5,0.382683,20.0,-0.707107,-0.707107,0.707107,0.707107,7.000000000000001,51.0,45.0,1019.3000000000001,1016.5,4.0,12.8282,10.4909,5.1,-2.8
-0.133015,0.991114,0.0,9.0,6.12323e-17,20.0,-0.92388,-0.382683,-1,1.22465e-16,6.0,55.0,46.00000000000001,1020.8,1017.6,6.0,12.5104,9.47849,3.6,-3.2
-0.150055,0.988678,0.0,7.9,-0.92388,26.0,-0.92388,-0.382683,-0.382683,0.92388,13.0,65.0,55.0,1019.5999999999999,1016.4,4.0,9.72347,6.8636,4.1,-3.2
-0.167052,0.985948,0.0,10.4,-1.83697e-16,20.0,-0.707107,-0.707107,0.707107,0.707107,7.000000000000001,65.0,56.0,1018.7,1014.5,4.0,9.44092,6.90547,3.3,-4.2
-0.183998,0.982927,0.0,9.4,-0.707107,28.0,-0.92388,-0.382683,6.12323e-17,1,11.0,65.0,53.0,1019.9000000000001,1017.5,3.0,10.31,6.95798,2.4,-2.4
-0.200891,0.979614,0.0,9.6,-0.92388,24.000000000000004,-0.707107,-0.707107,6.12323e-17,1,6.0,64.0,52.0,1022.4,1020.3,3.0,10.678,7.13091,4.6,-2.1
-0.217723,0.976011,0.0,8.3,6.12323e-17,24.000000000000004,-0.92388,-0.382683,0.707107,0.707107,6.0,69.0,63.00000000000001,1025.5,1022.9999999999999,7.0,7.52167,6.01107,1.4,-2.5
-0.234491,0.972118,0.2,10.8,-0.382683,20.0,-0.707107,-0.707107,0.382683,0.92388,9.0,71.0,53.0,1026.4,1022.2999999999998,1.0,10.3715,5.52018,4.2,-4.1
-0.25119,0.967938,0.0,10.6,6.12323e-17,20.0,-0.707107,-0.707107,0.707107,0.707107,11.0,73.0,58.0,1024.6,1020.5,2.0,8.92205,5.1122,3,-4.1
-0.267814,0.963471,3.4,10.3,0.382683,24.000000000000004,-0.707107,-0.707107,0.382683,0.92388,9.0,80.99999999999999,62.0,1023.1,1018.8,5.0,7.87402,3.42956,3.8,-4.3
-0.284359,0.958718,0.4,7.1,0.92388,19.0,-0.382683,-0.92388,1,0,6.0,83.0,63.00000000000001,1019.5999999999999,1016.2,7.0,7.65224,3.04418,4.1,-3.4
-0.30082,0.953681,14.6,0.0,-1.83697e-16,26.0,-0.92388,-0.382683,-0.92388,-0.382683,2.0,87.0,86.0,1018.2,1016.3,8.0,2.42824,2.24719,-0.2,-1.9
-0.317191,0.948362,2.0,9.4,-1.83697e-16,35.0,-1.83697e-16,-1,-0.382683,-0.92388,14.999999999999998,49.0,45.0,1017.6,1014.9,1.0,12.2918,10.8035,2.8,-2.7
-0.333469,0.942761,0.2,10.8,-1.83697e-16,28.0,-1.83697e-16,-1,-1.83697e-16,-1,6.0,61.0,45.0,1014.8,1011.2,1.0,12.6105,7.60821,5.8,-3.6
-0.349647,0.936881,0.0,11.0,-0.382683,17.0,-0.382683,-0.92388,-1,1.22465e-16,6.0,61.0,40.0,1013.3,1009.3,1.0,14.6046,7.72021,6.1,-4
-0.365723,0.930724,0.0,9.3,0.382683,24.000000000000004,-0.707107,-0.707107,-0.382683,-0.92388,4.0,70.0,44.0,1011.2,1007.5,2.0,13.4063,5.65236,7.8,-3.7
-0.397543,0.917584,0.0,11.0,-1.83697e-16,50.0,-0.382683,-0.92388,-1.83697e-16,-1,14.999999999999998,42.0,30.000000000000004,1012.0000000000001,1010.7,1.0,18.4763,13.2387,3.4,-1.3
-0.459733,0.888057,7.8,0.0,-0.92388,22.0,-0.707107,-0.707107,-0.92388,-0.382683,6.0,90.0,91.0,1026.4,1022.1999999999999,8.0,1.48287,1.65807,-0.2,-4.2
-0.474951,0.880012,56.2,0.0,-1,33.0,-0.707107,0.707107,-0.92388,-0.382683,13.0,95.0,95.0,1017.2,1009.5,8.0,0.811181,0.813722,-0.4,-7.7
-0.490029,0.871706,182.6,9.5,-0.92388,19.0,0.382683,-0.92388,-0.382683,-0.92388,7.000000000000001,71.0,58.0,1013.0,1010.0,1.0,8.80935,5.41564,4.6,-3
-0.504961,0.863142,0.0,7.0,-1.83697e-16,24.000000000000004,-0.92388,0.382683,-1.83697e-16,-1,13.0,69.0,64.0,1012.4,1010.0,7.0,7.16887,5.89322,2.1,-2.4
-0.519744,0.854322,0.0,10.1,-1.83697e-16,17.0,-0.382683,-0.92388,0.707107,0.707107,6.0,79.0,49.00000000000001,1014.3,1011.4,1.0,11.6058,3.76645,6.3,-2.9
-0.591261,0.80648,0.0,10.3,-1.83697e-16,20.0,-0.707107,-0.707107,0.382683,-0.92388,9.0,60.0,34.0,1018.9,1015.2,0.0,16.7654,7.86087,5.8,-3.7
-0.605056,0.796183,0.0,10.3,0.382683,22.0,-0.707107,-0.707107,0.382683,-0.92388,11.0,50.0,29.0,1017.4,1013.0,0.0,19.212,10.583,6.5,-4.4
-0.618671,0.78565,0.0,10.2,0.382683,39.0,-1.83697e-16,-1,-1.83697e-16,-1,14.999999999999998,41.0,33.0,1016.3,1012.7,0.0,17.4417,13.6489,5.4,-3.6
-0.645348,0.763889,0.0,10.2,-1.83697e-16,30.0,-1.83697e-16,-1,-1.83697e-16,-1,9.0,52.0,36.0,1016.2,1012.9,1.0,16.1093,10.123,5.4,-3.3
-0.658402,0.752667,0.0,10.3,-1.83697e-16,24.000000000000004,-0.382683,-0.92388,0.707107,-0.707107,4.0,39.0,30.000000000000004,1023.9,1022.4000000000001,0.0,18.1899,13.696,7,-1.5
-0.67126,0.741222,0.0,9.5,-1.83697e-16,20.0,-0.707107,-0.707107,-0.382683,0.92388,7.000000000000001,49.0,44.0,1027.4,1024.9,1.0,12.8801,10.7289,6.4,-2.5
-0.683919,0.729558,0.0,7.6,-0.707107,35.0,-0.92388,-0.382683,-0.707107,0.707107,16.999999999999996,65.0,67.0,1029.3,1027.8,6.0,6.34888,6.79063,0.5,-1.5
-0.696376,0.717677,1.0,5.2,-0.92388,28.0,-1.83697e-16,-1,-0.382683,0.92388,13.0,76.0,56.99999999999999,1030.1,1027.4,7.0,8.90465,4.3544,2.1,-2.7
-0.708627,0.705584,6.6,6.2,-0.707107,31.0,-0.92388,-0.382683,-0.382683,0.92388,14.999999999999998,89.0,76.0,1027.7,1024.9,5.0,4.37119,1.85275,1.5,-2.8
-0.720667,0.693281,0.8,2.9,-0.92388,13.0,-1,1.22465e-16,1,0,2.0,78.0,77.0,1022.6,1018.9,6.0,4.21455,3.93641,2.4,-3.7
-0.744104,0.668064,0.2,4.4,-0.707107,22.0,0.707107,0.707107,-1.83697e-16,-1,9.0,89.0,71.0,1018.9,1016.0,7.0,5.52018,1.87296,2.2,-2.9
-0.755493,0.655156,1.4,9.9,-1.83697e-16,46.0,-1.83697e-16,-1,-1.83697e-16,-1,16.999999999999996,56.0,45.0,1017.6,1014.8,1.0,12.236,8.85827,2.1,-2.8
-0.766659,0.642055,0.0,8.9,-0.382683,35.0,-0.707107,-0.707107,-0.707107,0.707107,13.0,56.0,43.0,1023.2,1022.9999999999999,2.0,13.1138,8.961,2.8,-0.2
-0.777597,0.628763,0.0,9.6,-0.92388,24.000000000000004,-0.92388,-0.382683,-0.382683,0.92388,9.0,65.0,53.0,1028.4,1026.7,1.0,10.0507,6.69736,4,-1.7
-0.788305,0.615285,0.0,9.3,-0.92388,20.0,-0.707107,-0.707107,-0.382683,0.92388,11.0,69.0,49.00000000000001,1030.9,1027.6,7.0,11.2308,5.78991,3.9,-3.3
-0.82877,0.559589,0.0,9.7,0.707107,15.0,-0.382683,-0.92388,-0.707107,0.707107,2.0,80.99999999999999,59.0,1024.8,1021.2,5.0,8.59327,3.30243,7.6,-3.6
-0.83828,0.54524,0.0,9.5,0.92388,15.0,-0.707107,-0.707107,0.707107,0.707107,2.0,84.0,55.0,1023.0,1018.1,6.0,9.70897,2.75355,7.1,-4.9
-0.856551,0.516062,0.0,0.0,0.382683,30.0,-1.83697e-16,-1,-1.83697e-16,-1,13.0,68.0,50.0,1016.8,1014.6,7.0,10.6805,6.0542,0,-2.2
-0.865307,0.501242,0.0,10.1,-0.382683,20.0,-0.382683,-0.92388,-0.382683,-0.92388,6.0,56.0,42.0,1022.6,1019.2,1.0,13.2086,8.64778,4.9,-3.4
-0.873807,0.486273,0.0,6.0,-0.92388,15.0,-0.707107,-0.707107,-0.707107,-0.707107,6.0,63.0,45.0,1022.9,1019.2,7.0,12.171,6.8636,5.9,-3.7
-0.882048,0.47116,0.0,9.8,-0.92388,17.0,-0.92388,-0.382683,-0.382683,-0.92388,7.000000000000001,67.0,45.0,1022.5,1018.5,1.0,12.4413,6.00399,8.1,-4
-0.890028,0.455907,0.0,10.3,-1.83697e-16,31.0,-0.382683,-0.92388,0.382683,-0.92388,13.0,45.0,30.000000000000004,1019.4,1015.6,1.0,18.1763,11.9402,4.4,-3.8
-0.897743,0.440519,0.0,7.9,-0.382683,28.0,-0.707107,-0.707107,-0.707107,-0.707107,9.0,53.00000000000001,56.0,1022.6,1022.4000000000001,4.0,9.11963,9.57846,5,-0.2
-0.905193,0.425,0.0,8.5,-0.92388,26.0,-0.92388,-0.382683,-0.92388,0.382683,9.0,69.0,53.0,1028.4,1026.1,3.0,9.99765,5.75419,4.1,-2.3
-0.912375,0.409356,0.2,9.1,0.382683,15.0,-0.707107,-0.707107,0.707107,0.707107,6.0,71.0,56.0,1028.0,1024.2,6.0,9.12656,5.30384,4,-3.8
-0.919286,0.39359,0.0,3.5,-0.707107,17.0,-0.707107,-0.707107,-1.83697e-16,-1,4.0,74.0,51.0,1025.7,1022.7,7.0,10.6909,4.65654,6.4,-3
-0.925925,0.377708,0.0,6.1,-0.707107,26.0,-0.707107,-0.707107,-0.382683,0.92388,11.0,76.0,53.0,1026.1,1024.4,7.0,10.0734,4.27093,5.4,-1.7
-0.932289,0.361714,0.0,2.9,-0.707107,35.0,-0.92388,0.382683,-0.707107,0.707107,13.0,69.0,79.0,1029.6,1028.2,7.0,3.71445,5.90676,-2.4,-1.4
-0.938377,0.345612,4.6,5.5,-0.707107,28.0,-0.92388,-0.382683,-0.707107,0.707107,9.0,75.0,69.0,1030.6,1026.9,7.0,5.82126,4.45259,2.4,-3.7
-0.944188,0.329408,1.2,4.3,-0.382683,31.0,-0.382683,-0.92388,-0.707107,0.707107,13.0,85.0,76.0,1028.1,1025.0,7.0,4.34434,2.55655,1.7,-3.1
-0.949718,0.313107,4.2,4.0,-0.382683,22.0,-1.83697e-16,-1,-0.92388,0.382683,9.0,92.0,67.0,1026.8,1023.2,7.0,6.37805,1.30678,4.6,-3.6
-0.954967,0.296713,4.0,6.5,-0.382683,24.000000000000004,-0.92388,-0.382683,-0.707107,0.707107,7.000000000000001,90.99999999999999,60.00000000000001,1025.6,1022.5,2.0,8.13601,1.48868,4.5,-3.1
-0.96901,0.247022,2.4,7.8,0.382683,26.0,-0.707107,-0.707107,0.382683,-0.92388,11.0,98.0,48.0,1017.2,1014.0,1.0,11.5583,0.311894,8.2,-3.2
-0.973118,0.230306,0.0,9.2,-1.83697e-16,35.0,-0.382683,-0.92388,-0.382683,-0.92388,11.0,62.0,39.0,1017.1,1014.0,4.0,14.524,7.33106,4.4,-3.1
-0.976938,0.213521,0.0,9.2,-0.707107,20.0,-0.707107,-0.707107,-0.707107,-0.707107,6.0,65.0,44.0,1020.5000000000001,1018.3,2.0,12.573,6.52291,4.5,-2.2
-0.980469,0.196673,0.0,9.5,-0.382683,20.0,-0.707107,-0.707107,-0.707107,0.707107,7.000000000000001,63.0,46.00000000000001,1025.5,1023.3,1.0,12.0328,6.97215,5.9,-2.2
-0.983709,0.179767,0.0,3.0,-0.92388,17.0,-0.707107,-0.707107,-0.382683,0.92388,7.000000000000001,71.0,61.0,1028.2,1026.0,7.0,7.73205,5.24221,4,-2.2
-0.986658,0.162807,0.0,2.4,-1.83697e-16,15.0,-1.83697e-16,-1,-1,1.22465e-16,2.0,83.0,64.0,1027.7,1025.1,7.0,7.02836,2.85885,5.4,-2.6
-0.989314,0.145799,0.0,1.5,-0.92388,17.0,-0.707107,-0.707107,-0.382683,0.92388,4.0,84.0,66.0,1025.6,1022.0,7.0,6.50596,2.69184,3.7,-3.6
-0.991677,0.128748,0.0,1.9,-1.83697e-16,19.0,-0.707107,-0.707107,-0.382683,-0.92388,7.000000000000001,96.00000000000001,71.0,1022.2,1019.9,7.0,5.36581,0.624442,5.4,-2.3
-0.993747,0.111659,0.2,6.8,-0.92388,31.0,-0.92388,-0.382683,-0.707107,0.707107,11.0,73.0,60.00000000000001,1026.2,1025.1,3.0,8.08676,4.90848,3.5,-1.1
-0.995521,0.0945367,0.0,6.8,-0.707107,20.0,-0.707107,-0.707107,-1,1.22465e-16,9.0,66.0,68.0,1030.6,1027.6,5.0,6.12426,6.46599,2.4,-3
-0.997001,0.0773865,2.4,4.6,0.707107,22.0,-0.707107,-0.707107,6.12323e-17,1,7.000000000000001,85.0,71.0,1030.8,1027.8,6.0,5.4657,2.55655,3.3,-3
-0.998186,0.0602133,6.999999999999999,0.0,-0.92388,24.000000000000004,-0.707107,-0.707107,-0.92388,0.382683,6.0,95.0,86.0,1031.4,1028.5,7.0,2.37613,0.803582,1.5,-2.9
-0.999074,0.0430222,4.0,8.3,-0.92388,19.0,-0.707107,-0.707107,0.707107,0.707107,6.0,83.0,56.0,1028.0,1023.9000000000001,3.0,9.16818,2.90862,4.8,-4.1
-0.999667,0.0258184,0.2,7.4,0.382683,17.0,-0.707107,-0.707107,-1.83697e-16,-1,7.000000000000001,85.99999999999999,53.0,1024.5,1020.5,3.0,10.081,2.33924,6.9,-4
-0.999963,0.008607,0.0,8.7,-1.83697e-16,33.0,-0.382683,-0.92388,-1.83697e-16,-1,13.0,66.0,32.0,1022.4,1018.1,4.0,17.1252,6.37652,2.9,-4.3
-0.999963,-0.008607,0.0,9.5,-1.83697e-16,26.0,-0.707107,-0.707107,-0.92388,-0.382683,6.0,53.00000000000001,39.0,1023.2,1021.0,2.0,14.4369,9.3428,7.7,-2.2
-0.999667,-0.0258184,0.0,6.8,-0.92388,17.0,-0.382683,-0.92388,0.382683,-0.92388,6.0,67.0,50.0,1024.3,1020.7,1.0,10.8111,6.05607,6.3,-3.6
-0.999074,-0.0430222,0.0,9.7,-1.83697e-16,20.0,-0.382683,-0.92388,0.382683,-0.92388,9.0,80.0,37.0,1023.1,1019.6,1.0,15.3683,3.41604,7.3,-3.5
-0.998186,-0.0602133,0.0,9.8,0.382683,19.0,-0.382683,-0.92388,0.382683,-0.92388,7.000000000000001,72.0,41.0,1020.0,1015.3,1.0,14.0331,4.98529,9.2,-4.7
-0.997001,-0.0773865,0.0,10.0,-1.83697e-16,20.0,-0.92388,-0.382683,-1,1.22465e-16,6.0,56.0,24.0,1018.6,1016.5,0.0,21.6005,8.8378,5.7,-2.1
-0.995521,-0.0945367,0.0,6.8,-0.92388,24.000000000000004,-0.92388,-0.382683,-0.707107,0.707107,9.0,61.0,56.0,1024.2,1023.1000000000001,7.0,8.961,7.44461,4,-1.1
-0.993747,-0.111659,0.0,5.4,-0.707107,24.000000000000004,-0.382683,-0.92388,-0.382683,0.92388,7.000000000000001,71.0,62.0,1028.1,1025.5,6.0,7.40503,5.24221,2.6,-2.6
-0.991677,-0.128748,0.2,1.6,0.707107,24.000000000000004,-0.707107,-0.707107,0.382683,0.92388,7.000000000000001,74.0,73.0,1025.9,1021.4,7.0,4.91229,4.59145,3.1,-4.5
-0.989314,-0.145799,0.4,7.700000000000001,0.92388,24.000000000000004,-0.92388,-0.382683,0.707107,0.707107,7.000000000000001,92.0,72.0,1019.7,1013.9,6.0,5.21495,1.27722,6.5,-5.8
-0.986658,-0.162807,0.6,9.9,-1.83697e-16,54.0,-0.382683,-0.92388,-1.83697e-16,-1,19.0,50.0,28.0,1015.4,1011.3,0.0,18.757,10.1814,4.8,-4.1
-0.983709,-0.179767,0.2,9.7,0.382683,48.00000000000001,-1.83697e-16,-1,-1.83697e-16,-1,22.0,49.0,42.0,1015.9,1012.3,2.0,12.9889,10.4576,3.9,-3.6
-0.980469,-0.196673,0.0,10.0,-0.382683,41.0,-1.83697e-16,-1,-1.83697e-16,-1,19.0,49.0,37.0,1018.0,1014.2,1.0,14.9575,10.4903,5.1,-3.8
-0.976938,-0.213521,0.0,3.2,-0.707107,11.0,-0.707107,-0.707107,-0.707107,0.707107,4.0,66.0,45.0,1020.1999999999999,1016.8,6.0,11.9954,6.11174,5.6,-3.4
-0.973118,-0.230306,0.0,5.2,-1.83697e-16,19.0,-0.92388,-0.382683,0.382683,-0.92388,7.000000000000001,80.0,49.00000000000001,1019.5999999999999,1015.3,7.0,10.7206,3.30405,5.6,-4.3
-0.96901,-0.247022,0.0,9.7,-1.83697e-16,56.0,-1.83697e-16,-1,-1.83697e-16,-1,19.999999999999996,57.0,48.0,1018.2,1015.8,1.0,10.8647,8.13237,4.2,-2.4
-0.964614,-0.263665,0.0,10.0,-0.382683,22.0,-0.382683,-0.92388,0.707107,0.707107,2.0,52.0,37.0,1023.4,1022.1999999999999,1.0,15.0142,9.54472,7,-1.2
-0.959933,-0.280231,0.0,5.1,-0.382683,26.0,-0.707107,-0.707107,-0.92388,0.382683,7.000000000000001,63.0,60.00000000000001,1028.2,1025.4,6.0,7.90944,6.92863,4.5,-2.8
-0.954967,-0.296713,0.0,7.299999999999999,6.12323e-17,35.0,-0.382683,-0.92388,-0.382683,0.92388,13.0,74.0,53.0,1030.4,1027.8,1.0,9.85445,4.57704,5.3,-2.6
-0.949718,-0.313107,0.2,6.6,0.382683,31.0,-0.382683,-0.92388,6.12323e-17,1,14.999999999999998,77.0,58.0,1031.0,1028.5,7.0,8.50136,4.01076,4.4,-2.5
-0.944188,-0.329408,2.8,0.0,-0.382683,19.0,-0.707107,-0.707107,-0.382683,0.92388,4.0,85.99999999999999,92.00000000000001,1029.6,1025.4,8.0,1.31808,2.29354,4.4,-4.2
-0.938377,-0.345612,4.4,8.1,6.12323e-17,17.0,-1,1.22465e-16,6.12323e-17,1,7.000000000000001,85.99999999999999,70.0,1025.6,1022.0,2.0,5.70885,2.37243,3.9,-3.6
-0.932289,-0.361714,0.0,6.6,-1.83697e-16,24.000000000000004,-0.707107,-0.707107,0.707107,0.707107,9.0,97.0,65.0,1022.7,1017.7,5.0,6.97904,0.480435,6.7,-5
-0.925925,-0.377708,0.0,4.1,-1.83697e-16,22.0,-0.382683,-0.92388,-1.83697e-16,-1,6.0,76.0,52.0,1022.2,1018.8,1.0,10.481,4.28423,6.5,-3.4
-0.919286,-0.39359,0.2,6.0,-1.83697e-16,26.0,-0.382683,-0.92388,-0.382683,-0.92388,11.0,79.0,64.0,1021.6,1017.7,7.0,7.22873,3.67712,6.6,-3.9
-0.912375,-0.409356,0.0,9.2,-1.83697e-16,24.000000000000004,0.382683,-0.92388,-1.83697e-16,-1,11.0,53.00000000000001,35.0,1024.6,1021.6,5.0,16.1617,9.74211,3.7,-3
-0.905193,-0.425,0.0,9.1,-0.382683,22.0,-0.707107,-0.707107,-1,1.22465e-16,4.0,51.0,36.0,1030.2,1027.6,2.0,15.6838,10.0419,6.5,-2.6
-0.897743,-0.440519,0.0,10.0,-0.382683,19.0,-0.707107,-0.707107,-0.92388,0.382683,7.000000000000001,54.0,32.0,1032.4,1027.9,1.0,17.3059,9.16328,6.8,-4.5
-0.890028,-0.455907,0.0,10.1,-0.707107,19.0,-0.707107,-0.707107,0.382683,0.92388,6.0,60.0,48.0,1028.5,1024.0,1.0,11.5149,7.716,6.7,-4.5
-0.882048,-0.47116,0.0,10.2,-1.83697e-16,24.000000000000004,-0.92388,-0.382683,-1.83697e-16,-1,7.000000000000001,80.99999999999999,35.0,1024.5,1020.1,0.0,16.3553,3.2004,9.9,-4.4
-0.873807,-0.486273,0.0,10.0,0.382683,19.0,-0.382683,-0.92388,0.382683,0.92388,9.0,63.0,49.00000000000001,1024.4,1020.8,1.0,11.2308,6.96126,7.7,-3.6
-0.865307,-0.501242,0.0,10.1,1,22.0,-0.92388,-0.382683,0.707107,0.707107,9.0,68.0,56.0,1023.5,1018.8,1.0,9.30057,5.88766,8,-4.7
-0.856551,-0.516062,0.0,9.8,-0.382683,26.0,-0.382683,-0.92388,0.382683,0.92388,9.0,71.0,53.99999999999999,1019.5,1014.3,1.0,9.9733,5.36581,6.5,-5.2
-0.847541,-0.53073,0.0,6.8,-1.83697e-16,30.0,-0.707107,-0.707107,-1,1.22465e-16,6.0,47.0,52.0,1019.5999999999999,1016.7,5.0,10.1617,11.3889,3.1,-2.9
-0.83828,-0.54524,0.0,10.3,0.382683,33.0,-0.382683,-0.92388,-1.83697e-16,-1,14.999999999999998,44.0,29.0,1017.2,1013.1,0.0,18.3874,11.895,6.4,-4.1
-0.82877,-0.559589,0.0,10.2,-0.382683,26.0,-0.382683,-0.92388,-1.83697e-16,-1,6.0,46.0,26.999999999999996,1018.0,1014.8,1.0,19.6459,11.4571,6.3,-3.2
-0.819015,-0.573772,0.0,9.7,-0.707107,24.000000000000004,-0.382683,-0.92388,-0.92388,0.382683,2.0,47.0,32.0,1022.4,1019.5,3.0,17.2025,11.1625,5.7,-2.9
-0.809017,-0.587785,0.0,10.1,0.382683,19.0,-0.92388,-0.382683,0.382683,0.92388,7.000000000000001,56.0,33.0,1022.8,1018.9,2.0,16.8186,8.58712,7.2,-3.9
-0.798779,-0.601624,0.0,10.2,0.382683,20.0,-0.707107,-0.707107,0.382683,0.92388,9.0,63.0,48.0,1023.5,1019.2,1.0,11.4283,6.96126,6.4,-4.3
-0.788305,-0.615285,0.0,10.0,0.382683,19.0,-0.382683,-0.92388,0.707107,0.707107,9.0,72.0,55.0,1021.4,1016.2,1.0,9.43557,5.02453,6.2,-5.2
-0.777597,-0.628763,0.0,10.1,0.707107,20.0,-0.92388,-0.382683,0.92388,0.382683,7.000000000000001,62.0,52.0,1019.5,1015.0,1.0,10.4183,7.20108,8.7,-4.5
-0.766659,-0.642055,0.2,7.8,-1.83697e-16,46.0,-0.382683,0.92388,0.92388,-0.382683,7.000000000000001,69.0,47.0,1013.8,1007.3,3.0,12.0538,5.78991,6.1,-6.5
-0.755493,-0.655156,3.6000000000000005,10.5,-1.83697e-16,39.0,-0.382683,-0.92388,-0.382683,-0.92388,14.999999999999998,39.0,23.000000000000004,1018.0,1016.4,0.0,22.0593,13.8875,6.4,-1.6
-0.744104,-0.668064,0.0,10.2,-0.707107,17.0,-0.707107,-0.707107,-0.92388,0.382683,4.0,48.00000000000001,26.999999999999996,1025.2,1022.1,0.0,19.9249,10.9492,7.1,-3.1
-0.732494,-0.680773,0.0,9.1,0.382683,20.0,-0.707107,-0.707107,0.382683,0.92388,7.000000000000001,62.0,56.0,1028.1,1025.1,2.0,9.0436,7.13371,6.5,-3
-0.720667,-0.693281,0.0,4.3,-0.707107,22.0,-0.707107,-0.707107,-0.707107,0.707107,7.000000000000001,66.0,62.0,1026.2,1022.4000000000001,7.0,7.47936,6.37157,3.1,-3.8
-0.708627,-0.705584,0.0,10.3,0.707107,20.0,-0.382683,-0.92388,1,0,6.0,73.0,49.00000000000001,1020.6,1015.5,3.0,11.2054,4.87809,4.9,-5.1
-0.696376,-0.717677,0.0,10.5,6.12323e-17,19.0,-0.707107,-0.707107,0.382683,0.92388,9.0,53.00000000000001,37.0,1020.6,1017.5,1.0,15.3798,9.65268,5.1,-3.1
-0.683919,-0.729558,0.0,10.0,-0.92388,20.0,-0.707107,-0.707107,6.12323e-17,1,9.0,60.0,48.0,1024.9,1022.4000000000001,2.0,11.3938,7.74005,4.9,-2.5
-0.67126,-0.741222,0.0,6.3,6.12323e-17,28.0,-0.707107,-0.707107,6.12323e-17,1,11.0,65.0,53.0,1027.2,1024.4,6.0,9.92216,6.65611,3.1,-2.8
-0.658402,-0.752667,0.4,2.6,-0.707107,31.0,-1,1.22465e-16,0.382683,0.92388,13.0,76.0,77.0,1026.6,1024.1,8.0,4.11841,4.31423,0.2,-2.5
-0.645348,-0.763889,2.2,9.5,6.12323e-17,20.0,-0.92388,-0.382683,0.92388,0.382683,9.0,83.0,64.0,1025.8,1021.6,3.0,7.21238,2.97257,3.8,-4.2
-0.618671,-0.78565,0.0,8.2,0.707107,20.0,1,0,0.707107,0.707107,9.0,65.0,67.0,1021.6,1017.0,6.0,6.48555,6.9212,0.8,-4.6
-0.605056,-0.796183,2.2,9.9,-1.83697e-16,28.0,-1.83697e-16,-1,0.382683,0.92388,4.0,75.0,55.0,1019.2,1016.0,2.0,9.83979,4.63843,5.3,-3.2
-0.591261,-0.80648,0.0,10.2,-1.83697e-16,20.0,-0.382683,-0.92388,0.707107,-0.707107,9.0,44.0,36.0,1021.1,1017.1,2.0,16.492,12.7934,6.4,-4
-0.577292,-0.816538,0.0,0.3,-0.707107,30.0,-0.92388,-0.382683,-0.707107,-0.707107,7.000000000000001,52.0,74.0,1021.8,1019.9,8.0,4.66743,10.0768,-2,-1.9
-0.563151,-0.826354,5.0,6.1,-1.83697e-16,19.0,-0.382683,-0.92388,-0.707107,0.707107,4.0,84.0,44.0,1022.4,1018.5,1.0,13.0544,2.73645,6.9,-3.9
-0.548843,-0.835925,0.2,5.2,0.382683,19.0,-0.707107,-0.707107,0.382683,0.92388,7.000000000000001,58.00000000000001,53.99999999999999,1023.4,1018.5,7.0,9.67026,8.35258,3.6,-4.9
-0.534373,-0.845249,13.6,9.2,-1.83697e-16,33.0,-1.83697e-16,-1,-1.83697e-16,-1,14.999999999999998,59.0,29.0,1017.9,1013.6,1.0,18.9026,8.14258,4.2,-4.3
-0.519744,-0.854322,0.2,11.1,-1.83697e-16,26.0,-0.382683,-0.92388,-1.83697e-16,-1,11.0,44.0,25.0,1016.9,1013.0,1.0,21.0791,12.4208,5.1,-3.9
-0.474951,-0.880012,2.4,7.6,0.382683,48.00000000000001,1,0,-1.83697e-16,-1,19.0,85.0,21.0,1011.6,1008.6,1.0,23.906,2.59655,5.6,-3
-0.459733,-0.888057,0.2,9.8,-1.83697e-16,26.0,-0.382683,-0.92388,0.92388,0.382683,7.000000000000001,45.0,44.0,1018.4,1016.6,3.0,12.8898,12.171,4.1,-1.8
-0.444378,-0.895839,0.0,9.3,6.12323e-17,22.0,-0.92388,-0.382683,-0.382683,0.92388,11.0,61.0,53.0,1022.7,1018.8,3.0,9.97497,7.72021,1.9,-3.9
-0.428892,-0.903356,0.0,6.1,0.92388,19.0,-1.83697e-16,-1,0.707107,0.707107,7.000000000000001,69.0,53.0,1023.9,1019.5,6.0,10.119,5.83023,4,-4.4
-0.413279,-0.910605,0.0,8.6,0.707107,26.0,0.707107,0.707107,0.707107,0.707107,11.0,68.0,65.0,1023.1,1019.3,3.0,6.90547,6.13832,1.3,-3.8
-0.397543,-0.917584,0.0,9.5,-1.83697e-16,31.0,0.92388,-0.382683,0.707107,-0.707107,6.0,54.0,38.0,1020.3,1014.6,4.0,15.5792,9.73639,5.4,-5.7
-0.381689,-0.924291,0.0,10.8,0.382683,28.0,-0.382683,-0.92388,-1.83697e-16,-1,6.0,36.0,21.0,1022.6,1018.6,0.0,23.8887,15.4031,6.3,-4
-0.365723,-0.930724,0.0,10.8,6.12323e-17,37.0,-0.707107,-0.707107,6.12323e-17,1,13.0,54.0,47.0,1027.6,1025.1,2.0,11.848,9.53135,3,-2.5
-0.349647,-0.936881,0.0,1.9,-0.707107,35.0,-0.707107,-0.707107,-0.382683,0.92388,11.0,60.0,67.0,1030.2,1027.8,7.0,6.30042,7.95817,0.4,-2.4
-0.333469,-0.942761,0.0,7.1,-0.382683,31.0,-0.92388,-0.382683,-0.382683,0.92388,9.0,52.0,42.0,1029.3,1025.1,4.0,13.6838,10.2236,2.9,-4.2
-0.317191,-0.948362,0.0,9.4,6.12323e-17,28.0,-0.382683,-0.92388,-0.382683,0.92388,11.0,62.0,49.00000000000001,1028.1,1024.6,3.0,11.3494,7.50804,3.6,-3.5
-0.30082,-0.953681,0.0,8.3,0.707107,24.000000000000004,-0.92388,-0.382683,0.707107,0.707107,11.0,62.0,52.0,1026.9,1022.9999999999999,5.0,10.4575,7.47363,4.4,-3.9
-0.284359,-0.958718,0.0,10.8,0.707107,24.000000000000004,-0.382683,-0.92388,0.707107,0.707107,11.0,64.0,56.0,1023.2,1018.3,1.0,9.29358,7.08224,2.4,-4.9
-0.267814,-0.963471,0.0,10.4,-0.382683,26.0,0.707107,-0.707107,0.382683,0.92388,11.0,65.0,53.99999999999999,1019.7,1014.6,2.0,10.018,6.84271,4.6,-5.1
-0.234491,-0.972118,18.0,7.299999999999999,-0.92388,37.0,-1,1.22465e-16,-1,1.22465e-16,13.0,56.0,80.0,1018.3,1018.4,7.0,3.48902,8.91984,-0.7,0.1
-0.217723,-0.976011,0.6,9.0,-0.92388,33.0,-1,1.22465e-16,6.12323e-17,1,19.0,53.00000000000001,48.0,1021.7,1018.3,7.0,11.5583,9.91463,1.9,-3.4
-0.200891,-0.979614,0.0,9.0,-0.92388,31.0,-0.92388,-0.382683,-0.92388,0.382683,9.0,58.00000000000001,60.00000000000001,1020.7,1017.3,5.0,8.06833,8.54039,0.7,-3.4
-0.183998,-0.982927,1.6,10.8,6.12323e-17,24.000000000000004,-1,1.22465e-16,6.12323e-17,1,9.0,59.0,56.0,1021.0,1017.5,2.0,9.19597,8.31259,1.3,-3.5
-0.167052,-0.985948,0.0,10.3,0.382683,28.0,0.382683,-0.92388,-1.83697e-16,-1,7.000000000000001,60.0,26.999999999999996,1018.2,1012.9,5.0,20.7279,8.11137,6.1,-5.3
-0.150055,-0.988678,0.0,7.6,0.382683,28.0,-0.382683,-0.92388,-0.382683,0.92388,11.0,51.0,56.99999999999999,1019.0,1016.7,5.0,8.71008,10.3798,-0.2,-2.3
-0.133015,-0.991114,0.6,11.2,6.12323e-17,28.0,-0.92388,-0.382683,0.382683,0.92388,19.999999999999996,39.0,41.0,1022.0,1017.8,1.0,13.7212,14.1018,3.2,-4.2
-0.115935,-0.993257,0.2,6.9,-1,26.0,-0.382683,-0.92388,-1,1.22465e-16,6.0,51.0,39.0,1022.8,1019.3,4.0,14.666,10.3481,3.9,-3.5
-0.0988201,-0.995105,0.0,8.1,-0.382683,35.0,-1,1.22465e-16,-0.92388,0.382683,13.0,53.00000000000001,55.0,1022.9,1019.5,5.0,9.35002,9.92216,-0.2,-3.4
-0.0816764,-0.996659,0.4,8.4,6.12323e-17,24.000000000000004,-0.707107,-0.707107,0.382683,0.92388,7.000000000000001,57.0,90.0,1022.2,1018.8,5.0,1.63869,8.76355,-3.9,-3.4
-0.0645084,-0.997917,12.2,10.5,0.707107,22.0,-0.92388,-0.382683,0.707107,0.707107,7.000000000000001,68.0,51.0,1021.4,1016.7,1.0,10.7713,6.02164,5.5,-4.7
-0.0473214,-0.99888,0.0,8.2,0.382683,31.0,-1,1.22465e-16,0.707107,-0.707107,6.0,61.0,73.0,1021.8,1018.2,7.0,4.84778,7.88073,-5.9,-3.6
-0.0301203,-0.999546,7.8,10.8,0.707107,26.0,0.707107,0.707107,0.707107,0.707107,14.999999999999998,59.0,56.99999999999999,1023.0,1019.3,3.0,9.06725,8.36963,2.5,-3.7
-0.0129103,-0.999917,0.0,10.8,0.382683,22.0,0.707107,0.707107,0.382683,0.92388,11.0,53.00000000000001,46.00000000000001,1026.9,1024.0,2.0,12.5012,10.0734,3.1,-2.9
0.00430354,-0.999991,0.0,11.3,0.382683,26.0,-0.707107,-0.707107,0.382683,0.92388,9.0,64.0,21.0,1031.1,1028.3,1.0,24.4292,7.14717,6,-2.8
0.0215161,-0.999769,0.0,11.6,6.12323e-17,26.0,-0.92388,0.382683,6.12323e-17,1,13.0,55.0,41.0,1032.7,1028.2,1.0,14.285,9.579,2.4,-4.5
0.0387223,-0.99925,0.0,11.3,0.707107,17.0,-0.382683,-0.92388,0.707107,0.707107,7.000000000000001,64.0,40.0,1029.3,1024.9,0.0,14.8429,7.14717,5.4,-4.4
0.055917,-0.998435,0.0,11.4,0.382683,20.0,-0.707107,-0.707107,0.707107,0.707107,7.000000000000001,45.0,17.0,1026.7,1022.9,0.0,28.0049,12.7618,6.5,-3.8
0.0730951,-0.997325,0.0,10.0,0.382683,20.0,0.382683,-0.92388,0.707107,0.707107,9.0,51.0,21.0,1027.0,1023.3,0.0,24.6927,10.7633,5.9,-3.7
0.0902516,-0.995919,0.0,11.4,0.707107,20.0,0.92388,0.382683,0.382683,0.92388,7.000000000000001,58.00000000000001,48.0,1027.0,1024.2,0.0,11.9702,8.77633,3.2,-2.8
0.107381,-0.994218,0.0,5.8,-0.707107,39.0,-0.707107,0.707107,-0.707107,0.707107,13.0,59.0,61.0,1032.0,1029.2,7.0,7.9706,8.47152,0.3,-2.8
0.124479,-0.992222,5.799999999999999,2.6,-0.382683,33.0,-0.707107,0.707107,6.12323e-17,1,14.999999999999998,73.0,60.00000000000001,1032.1,1028.7,5.0,8.19159,5.02329,2.2,-3.4
0.14154,-0.989932,0.2,9.6,6.12323e-17,26.0,-0.382683,0.92388,0.382683,0.92388,9.0,52.0,48.0,1029.8,1026.3,3.0,11.6803,10.3636,1.2,-3.5
0.158559,-0.987349,0.0,11.3,0.382683,26.0,0.92388,0.382683,0.707107,0.707107,11.0,48.00000000000001,48.0,1026.5,1022.1,1.0,11.7503,11.6193,1.5,-4.4
0.175531,-0.984474,0.0,11.4,0.707107,31.0,0.92388,-0.382683,0.707107,0.707107,13.0,51.0,53.0,1023.5,1018.3,1.0,10.3023,10.7552,1.8,-5.2
0.192452,-0.981306,0.0,9.1,6.12323e-17,30.0,0.707107,0.707107,0.707107,0.707107,13.0,53.00000000000001,65.0,1020.8,1017.5,7.0,7.02653,10.2793,-0.7,-3.3
0.226116,-0.9741,4.4,10.2,6.12323e-17,28.0,-0.382683,0.92388,0.382683,0.92388,11.0,60.0,51.0,1025.4,1021.8,2.0,10.9088,8.28462,1.2,-3.6
0.24285,-0.970064,0.0,11.8,0.382683,26.0,-0.707107,0.707107,0.382683,0.92388,13.0,58.00000000000001,53.99999999999999,1025.0,1022.0,4.0,10.0031,8.78953,1.4,-3
0.259512,-0.96574,0.0,10.8,0.382683,24.000000000000004,-1.83697e-16,-1,0.382683,0.92388,13.0,59.0,49.00000000000001,1024.7,1021.4,1.0,11.58,8.47152,3,-3.3
0.276097,-0.96113,0.0,11.2,6.12323e-17,35.0,6.12323e-17,1,6.12323e-17,1,14.999999999999998,55.0,51.0,1025.7,1023.5000000000001,2.0,10.9169,9.62223,1.6,-2.2
0.2926,-0.956235,0.0,11.2,0.382683,30.0,6.12323e-17,1,-0.382683,0.92388,14.999999999999998,61.0,50.0,1026.0,1022.8000000000001,3.0,11.1577,7.98863,1.1,-3.2
0.309017,-0.951057,0.0,12.0,0.382683,24.000000000000004,-1.83697e-16,-1,0.382683,0.92388,13.0,58.00000000000001,52.0,1024.4,1020.9,2.0,10.5596,8.76973,1.3,-3.5
0.325342,-0.945596,0.0,12.1,0.382683,31.0,0.382683,0.92388,0.707107,0.707107,13.0,55.0,46.00000000000001,1020.5000000000001,1015.9,1.0,12.5012,9.61502,1.6,-4.6
0.341571,-0.939856,0.0,6.9,-1.83697e-16,65.0,0.707107,0.707107,0.707107,0.707107,13.0,52.0,63.00000000000001,1014.8,1008.5,4.0,7.58966,10.599,0.2,-6.3
0.357698,-0.933837,20.8,10.7,-0.382683,33.0,-1,1.22465e-16,-0.382683,0.92388,16.999999999999996,69.0,50.0,1017.3,1015.2,1.0,11.2493,6.02931,2.5,-2.1
0.37372,-0.927542,0.0,2.8,-0.382683,22.0,-0.382683,0.92388,-0.382683,0.92388,9.0,61.0,67.0,1023.2,1020.4,7.0,6.41704,7.91662,-0.7,-2.8
0.38963,-0.920971,1.2,6.5,0.382683,24.000000000000004,0.92388,0.382683,0.707107,0.707107,9.0,62.0,59.0,1024.2,1020.9,6.0,8.52268,7.68707,1,-3.3
0.405426,-0.914128,0.0,10.2,0.707107,33.0,0.382683,-0.92388,0.707107,0.707107,14.999999999999998,62.0,68.0,1021.5,1017.0,4.0,6.31302,7.75109,0.5,-4.5
0.421101,-0.907014,4.8,10.5,-0.382683,37.0,0.707107,-0.707107,-0.707107,0.707107,16.999999999999996,53.00000000000001,62.0,1018.5,1016.7,4.0,7.86814,10.3254,0.3,-1.8
0.436651,-0.899631,13.2,1.3,-0.707107,22.0,-0.92388,0.382683,-0.382683,0.92388,7.000000000000001,74.0,82.0,1022.4,1019.9,8.0,3.1758,4.81754,-0.8,-2.5
0.452072,-0.891981,5.0,0.4,6.12323e-17,22.0,-0.707107,0.707107,-0.382683,0.92388,9.0,80.0,64.0,1022.3,1019.9,7.0,7.10926,3.55726,1.7,-2.4
0.467359,-0.884068,0.2,5.5,6.12323e-17,24.000000000000004,-0.382683,0.92388,0.382683,0.92388,9.0,56.0,56.99999999999999,1023.1,1020.8,7.0,8.96546,9.23774,0,-2.3
0.482508,-0.875892,0.0,11.6,0.382683,26.0,0.92388,0.382683,0.382683,0.92388,13.0,54.0,50.0,1022.7,1019.7,2.0,11.0582,9.81013,0.9,-3
0.497513,-0.867456,0.0,8.5,0.707107,26.0,0.707107,-0.707107,0.707107,0.707107,9.0,56.0,48.0,1020.6,1016.4,7.0,11.7766,9.30057,1.3,-4.2
0.512371,-0.858764,0.0,12.0,0.382683,33.0,0.382683,-0.92388,0.707107,0.707107,14.999999999999998,51.0,61.0,1018.4,1014.0,2.0,8.15789,10.9169,0.9,-4.4
0.527078,-0.849817,0.0,11.5,0.707107,28.0,0.707107,0.707107,0.707107,0.707107,13.0,51.0,56.99999999999999,1015.4,1012.8,3.0,9.32069,11.1043,-0.2,-2.6
0.541628,-0.840618,11.599999999999998,9.4,0.92388,24.000000000000004,0.382683,0.92388,0.92388,0.382683,7.000000000000001,72.0,63.00000000000001,1015.9,1011.8,3.0,7.69791,5.43332,2.1,-4.1
0.556017,-0.831171,0.0,8.8,0.707107,22.0,0.382683,-0.92388,0.382683,0.92388,11.0,63.0,64.0,1014.5,1010.9,7.0,7.43735,7.6067,1.5,-3.6
0.570242,-0.821477,19.0,5.5,0.92388,26.0,0.707107,0.707107,0.382683,0.92388,13.0,67.0,69.0,1013.3,1008.7,3.0,6.17153,6.56428,1.7,-4.6
0.584298,-0.811539,0.0,9.2,-0.92388,37.0,0.707107,-0.707107,0.382683,0.92388,13.0,48.00000000000001,52.0,1011.3,1007.6,5.0,10.9488,12.1565,0.8,-3.7
0.598181,-0.801361,0.4,0.7,-0.707107,28.0,6.12323e-17,1,0.707107,0.707107,6.0,75.0,71.0,1014.5,1012.4,8.0,5.60029,4.69883,0.6,-2.1
0.611886,-0.790946,13.999999999999998,0.4,-0.382683,39.0,-1,1.22465e-16,-0.382683,0.92388,16.999999999999996,78.0,55.0,1017.1,1014.4,7.0,9.64388,4.0097,2.8,-2.7
0.625411,-0.780296,0.0,11.9,0.382683,24.000000000000004,6.12323e-17,1,0.382683,0.92388,11.0,59.0,53.0,1016.2,1013.0,2.0,10.2411,8.47152,1.5,-3.2
0.638749,-0.769415,0.0,8.9,0.382683,28.0,-0.707107,0.707107,6.12323e-17,1,14.999999999999998,70.0,46.00000000000001,1019.1,1017.3,3.0,12.529,5.73502,3.9,-1.8
0.651899,-0.758306,0.0,7.8,6.12323e-17,26.0,-0.382683,0.92388,0.382683,0.92388,9.0,60.0,60.00000000000001,1021.2,1018.1,7.0,8.29085,8.26598,0.4,-3.1
0.664855,-0.746972,0.0,12.3,0.707107,28.0,0.707107,0.707107,0.707107,0.707107,11.0,65.0,56.0,1016.6,1012.1,1.0,9.53976,7.02125,2.5,-4.5
0.677615,-0.735417,1.0,3.2,1,24.000000000000004,-1,1.22465e-16,0.92388,0.382683,4.0,80.99999999999999,80.0,1012.9,1006.8,7.0,3.66502,3.4348,1.1,-6.1
0.690173,-0.723644,10.6,8.8,-0.707107,41.0,-0.92388,-0.382683,-0.707107,0.707107,19.0,65.0,53.99999999999999,1010.9,1009.5,5.0,10.0329,7.02125,1.4,-1.4
0.702527,-0.711657,0.2,9.8,-0.382683,35.0,-0.92388,0.382683,6.12323e-17,1,13.0,47.0,53.99999999999999,1016.0,1013.7,7.0,9.94353,12.0718,0.1,-2.3
0.714673,-0.699458,0.6,12.6,6.12323e-17,28.0,-0.707107,0.707107,0.707107,0.707107,11.0,55.0,51.0,1019.5,1017.6,2.0,10.7633,9.5934,0.1,-1.9
0.726608,-0.687053,0.0,13.0,1,22.0,0.707107,0.707107,0.92388,0.382683,7.000000000000001,53.00000000000001,48.0,1020.1,1016.5,1.0,11.9968,10.1876,3.3,-3.6
0.738326,-0.674444,0.0,11.9,0.382683,22.0,1,0,0.382683,0.92388,11.0,54.0,53.0,1018.0,1014.1,1.0,10.6582,10.1003,3.4,-3.9
0.749826,-0.661635,0.0,12.7,0.707107,26.0,0.382683,0.92388,0.92388,0.382683,11.0,48.00000000000001,46.00000000000001,1017.5,1014.0,1.0,12.8933,12.2367,-0.2,-3.5
0.761104,-0.64863,0.0,12.2,-0.382683,41.0,0.382683,0.92388,0.382683,0.92388,13.0,39.0,53.99999999999999,1015.5,1011.2,0.0,10.3641,15.442,0.7,-4.3
0.772157,-0.635432,0.0,1.8,-0.707107,31.0,6.12323e-17,1,-0.382683,0.92388,9.0,71.0,73.0,1017.9,1015.1,8.0,5.16669,5.61722,-0.1,-2.8
0.78298,-0.622047,0.0,11.6,0.707107,31.0,0.382683,0.92388,0.707107,0.707107,13.0,59.0,59.0,1014.6,1010.7,1.0,8.80024,8.74179,0.9,-3.9
0.793572,-0.608477,0.0,11.1,6.12323e-17,24.000000000000004,6.12323e-17,1,6.12323e-17,1,13.0,59.0,62.0,1014.7,1012.4,5.0,7.98605,8.78074,0.1,-2.3
0.803928,-0.594727,0.0,12.4,0.707107,24.000000000000004,1,0,0.707107,0.707107,9.0,60.0,53.99999999999999,1016.1,1012.2,1.0,10.3186,8.4848,2,-3.9
0.814046,-0.5808,0.0,12.1,0.707107,31.0,1,0,0.92388,0.382683,13.0,56.0,62.0,1013.4,1008.3,2.0,8.07504,9.62488,1.5,-5.1
0.823923,-0.566702,0.0,10.1,6.12323e-17,35.0,6.12323e-17,1,0.382683,0.92388,11.0,59.0,56.99999999999999,1012.1,1010.1,3.0,9.45215,8.78074,1.7,-2
0.833556,-0.552435,0.0,7.299999999999999,6.12323e-17,24.000000000000004,0.92388,-0.382683,0.707107,0.707107,11.0,62.0,65.0,1014.5,1012.4,5.0,7.28248,7.93879,2,-2.1
0.842942,-0.538005,0.2,8.7,0.382683,57.0,0.92388,0.382683,0.707107,0.707107,14.999999999999998,58.00000000000001,64.0,1013.6,1009.1,6.0,7.51494,9.16299,-0.7,-4.5
0.852078,-0.523416,16.6,10.3,0.707107,28.0,0.92388,0.382683,0.707107,0.707107,11.0,63.0,65.0,1012.7,1009.8,6.0,7.3094,7.7724,0.9,-2.9
0.860961,-0.508671,0.0,8.2,0.707107,30.0,0.92388,0.382683,0.707107,0.707107,11.0,58.00000000000001,64.0,1015.6,1013.2,8.0,7.48719,9.12934,-0.7,-2.4
0.869589,-0.493776,0.4,0.2,0.382683,22.0,0.92388,-0.382683,0.382683,-0.92388,6.0,69.0,75.0,1016.2,1015.1,7.0,4.75244,6.16691,-1.5,-1.1
0.87796,-0.478734,2.0,6.9,-0.707107,35.0,-0.92388,-0.382683,-0.92388,0.382683,13.0,78.0,42.0,1020.5000000000001,1019.9,7.0,13.9707,4.08365,2.4,-0.6
0.886071,-0.46355,0.2,4.2,-0.92388,33.0,-1,1.22465e-16,-0.92388,0.382683,11.0,52.0,56.0,1022.0,1019.8,7.0,9.32856,10.4575,0.2,-2.2
0.893919,-0.448229,0.0,12.7,-0.382683,33.0,-1,1.22465e-16,-0.382683,0.92388,16.999999999999996,51.0,48.0,1020.1999999999999,1016.9,2.0,11.8556,10.8845,0.4,-3.3
0.901502,-0.432776,0.0,13.1,6.12323e-17,35.0,-0.382683,0.92388,6.12323e-17,1,14.999999999999998,50.0,42.0,1018.9,1016.1,1.0,14.0326,11.2327,1.2,-2.8
0.908818,-0.417194,0.0,13.1,0.382683,28.0,-0.382683,0.92388,0.382683,0.92388,11.0,55.0,53.99999999999999,1019.9000000000001,1017.6,5.0,10.2205,9.86168,0.9,-2.3
0.915864,-0.401488,0.0,12.8,0.382683,26.0,0.707107,0.707107,0.707107,0.707107,11.0,51.0,51.0,1021.6,1018.5,2.0,11.1617,11.1371,0.3,-3.1
0.92264,-0.385663,0.0,8.7,0.707107,26.0,0.707107,-0.707107,0.707107,0.707107,11.0,58.00000000000001,59.0,1020.0,1016.3,7.0,8.75476,9.01538,0.2,-3.7
0.929141,-0.369725,0.0,8.7,-0.707107,41.0,-0.382683,-0.92388,0.92388,0.382683,7.000000000000001,56.0,60.00000000000001,1016.4,1012.5,6.0,8.5289,9.62488,0.2,-3.9
0.935368,-0.353676,0.6,9.4,0.92388,33.0,0.92388,0.382683,0.707107,0.707107,11.0,60.0,67.0,1012.4,1007.0,5.0,6.72812,8.56047,-0.6,-5.4
0.946988,-0.32127,9.8,4.5,6.12323e-17,28.0,-0.92388,-0.382683,-0.707107,0.707107,11.0,90.99999999999999,41.0,1018.7,1016.6,4.0,14.3589,1.52494,6,-2.1
0.952378,-0.304921,0.8,12.8,0.382683,24.000000000000004,0.707107,0.707107,0.382683,0.92388,11.0,55.0,52.0,1017.9,1014.8,1.0,10.7573,9.78155,1.2,-3.1
0.957485,-0.288482,0.0,8.5,6.12323e-17,31.0,0.92388,0.382683,0.382683,0.92388,13.0,59.0,56.0,1016.1,1012.8,7.0,9.58227,8.65124,1.5,-3.3
0.962309,-0.271958,0.0,1.3,6.12323e-17,20.0,6.12323e-17,1,-0.382683,0.92388,6.0,58.00000000000001,51.0,1015.7,1013.3,7.0,10.9738,8.90875,0.6,-2.4
0.966848,-0.255353,3.7999999999999994,10.1,6.12323e-17,33.0,-0.382683,0.92388,-0.382683,0.92388,14.999999999999998,52.0,42.0,1015.1,1013.5,4.0,14.1463,10.6306,2.2,-1.6
0.9711,-0.238673,3.2,10.9,0.707107,28.0,-0.382683,0.92388,0.382683,0.92388,11.0,59.0,49.00000000000001,1017.1,1014.8,2.0,11.6574,8.61901,1.6,-2.3
0.975065,-0.221922,0.0,13.2,0.382683,30.0,0.707107,-0.707107,0.382683,0.92388,14.999999999999998,58.00000000000001,52.0,1017.3,1015.3,1.0,10.7256,8.85567,2.1,-2
0.97874,-0.205104,0.0,12.1,0.707107,28.0,0.92388,0.382683,0.382683,0.92388,13.0,42.99999999999999,59.0,1019.1,1016.2,3.0,8.75476,13.7623,-0.3,-2.9
0.982126,-0.188227,0.0,11.5,0.707107,26.0,0.707107,0.707107,0.92388,0.382683,11.0,45.0,39.0,1019.0,1015.9,1.0,15.442,13.0766,1.4,-3.1
0.98522,-0.171293,0.0,9.6,0.707107,24.000000000000004,0.382683,0.92388,0.707107,0.707107,11.0,53.00000000000001,55.0,1018.2,1014.9,7.0,9.86168,10.4177,0.4,-3.3
0.988023,-0.154309,0.0,12.0,6.12323e-17,28.0,0.382683,0.92388,0.382683,0.92388,13.0,49.0,45.0,1014.7,1011.0,2.0,13.1823,11.7436,1.1,-3.7
0.990532,-0.137279,3.2,1.3,-0.92388,28.0,-0.92388,-0.382683,0.382683,0.92388,7.000000000000001,63.0,59.0,1014.2,1011.9,7.0,8.70293,7.60102,0.9,-2.3
0.992749,-0.120208,9.2,10.3,-0.707107,26.0,-0.707107,-0.707107,-0.707107,0.707107,13.0,64.0,53.99999999999999,1014.1,1011.4,6.0,10.1228,7.28335,2.3,-2.7
0.994671,-0.103102,0.4,12.9,1,24.000000000000004,-0.382683,0.92388,0.707107,0.707107,9.0,57.0,52.0,1012.6000000000001,1008.8,2.0,10.9809,9.19698,4.3,-3.8
0.996298,-0.0859648,0.8,0.8,-0.707107,26.0,0.92388,0.382683,0.382683,0.92388,4.0,65.0,76.0,1012.7,1010.5,8.0,4.62339,7.21272,-0.5,-2.2
0.99763,-0.0688024,0.8,5.1,-0.92388,35.0,-0.707107,0.707107,-0.707107,0.707107,11.0,51.0,56.0,1017.1,1014.8,7.0,9.46205,10.9007,0.3,-2.3
0.998667,-0.0516197,0.0,8.2,-0.92388,33.0,-1,1.22465e-16,-0.707107,0.707107,11.0,51.0,51.0,1016.9,1014.8,6.0,10.8683,10.723,1.8,-2.1
0.999407,-0.0344216,0.0,11.6,-0.92388,33.0,-1,1.22465e-16,-0.382683,0.92388,13.0,47.0,48.0,1015.9,1013.5,3.0,11.9702,12.2161,0.9,-2.4
0.999852,-0.0172134,0.0,11.4,6.12323e-17,35.0,-0.92388,0.382683,-0.707107,0.707107,16.999999999999996,44.0,43.0,1015.0,1012.5,1.0,13.7825,13.2103,2.2,-2.5
-0.720667,-0.693281,13.092949159472115,4.894316814909782,-0.707107,40.456114738055476,6.12323e-17,1,0.382683,0.92388,16.728057369027734,73.72805736902774,78.45611473805546,1016.9997477252465,1013.4357190407326,7.0,4.0497,5.12236,-1.44561,-3.56403
-0.986658,-0.162807,3.694587177249069,6.90761468470429,-0.707107,37.64128438431903,-0.382683,0.92388,0.382683,0.92388,13.717431231361942,80.47293588624534,71.41284384319027,1014.9619265764785,1012.110825645502,4.641284384319029,5.57633,3.58505,1.47775,-2.8511
-0.788305,-0.615285,0.7126597170694786,10.92183507073263,0.382683,29.781649292673695,0.92388,0.382683,6.12323e-17,1,13.812233804884201,60.53271407313689,60.06116902442101,1009.9196284438822,1007.9694154877894,2.4061169024421014,8.56033,8.3061,2.05021,-1.95021
0.772157,0.635432,0.0,2.78307545570047,-0.707107,31.676925666410934,-0.382683,-0.92388,-0.707107,0.707107,11.0,70.16922674113854,67.30769518490105,1016.1676888262698,1014.255381766948,6.261539036980208,6.33584,5.72678,-0.983079,-1.91231
-0.504961,0.863142,2.344511105544939,2.799389538882019,0.382683,19.2713398610955,0.382683,-0.92388,-0.707107,0.707107,7.362803916657299,88.7256078333146,82.82622880564611,1027.509451636115,1024.9463424888988,7.0,2.99484,1.87698,2.19878,-2.56311
0.664855,-0.746972,7.138997596041117,4.61105995480418,-0.382683,29.35419064618554,-0.92388,-0.382683,-0.382683,0.92388,8.743015589690765,76.06257193855662,78.09050957979356,1013.2464790194227,1010.5721774604538,7.451396882061847,4.09718,4.51203,0.397876,-2.6743
-0.798779,0.601624,7.314096476421887,2.8868993287105456,6.12323e-17,32.9402978190008,-0.707107,0.707107,0.382683,0.92388,13.706468120666136,83.13598573855671,79.27197147711341,1018.9114425336337,1015.0625205537447,7.548921979888977,3.8666,3.0599,1.02172,-3.84892
-0.519744,-0.854322,0.2806921849320943,9.015846890407435,-0.382683,33.40346092466047,-0.707107,0.707107,6.12323e-17,1,15.40346092466047,64.60519138699071,60.184425839027874,1016.5242264726234,1014.6435342876911,7.0,8.34619,7.15695,1.04035,-1.88069
0.107381,0.994218,0.0,10.720799916484117,0.382683,41.10056987756217,1,0,0.92388,0.382683,13.630856904240336,53.53028702667816,55.053714643639495,1013.7349725500704,1008.7242296213426,2.3691430957596666,9.81421,10.1206,1.81074,-5.01074
-0.217723,-0.976011,0.08786811124265681,0.13180216686398522,1,25.14228544615454,-0.707107,0.707107,-0.382683,0.92388,5.142285446154538,79.08786811124266,79.33050588638952,1012.7087868111244,1010.5824263777515,8.0,3.85914,3.89553,0.472391,-2.12636
0.98522,-0.171293,0.17223504531159592,10.327764954688405,0.382683,29.249422960978187,1,0,0.707107,0.707107,13.0,66.47292749213779,67.19527794525374,1017.991762839837,1015.8919936554457,6.444700906231919,6.63782,6.81266,0.019297,-2.09977
0.00430354,0.999991,2.1940360212884746,6.797831280468537,-0.92388,30.986445502928348,-0.382683,-0.92388,-0.707107,0.707107,11.0,80.99457820117134,83.93764931347042,1014.4254824544947,1011.7238559148462,5.99728910058567,2.86026,3.4301,0.210301,-2.70163
-0.577292,0.816538,1.9867137026266903,2.5901234693950617,-0.382683,22.93356851313345,-0.382683,-0.92388,-0.382683,0.92388,9.233392128283361,84.46678425656673,66.94973542272486,1021.5335685131334,1018.6569077259618,6.116696064141681,6.34915,2.63553,3.58671,-2.87666
0.702527,0.711657,33.53630446521733,7.48488393863254,6.12323e-17,30.526833798948108,1,0,0.382683,0.92388,13.946332402103785,70.88282262419352,61.20482821157081,1015.2131476253646,1012.6765645248388,6.053667597896215,8.11316,5.65921,1.8839,-2.53658
0.860961,0.508671,0.12122037621116773,7.484745297360403,-0.92388,29.181694356832484,-0.92388,-0.382683,-0.707107,0.707107,7.181694356832485,69.51593574006094,76.36475078850765,1025.3063742960244,1022.694306741397,6.2122037621116775,4.28859,5.71885,0.7,-2.61207
0.436651,-0.899631,25.832833542776903,2.4445815149094487,0.382683,27.94289449966462,-1,1.22465e-16,-1,1.22465e-16,4.0,77.87994770046953,83.82284220013415,1018.2245945897921,1014.8331604148424,7.205710550033538,2.91389,4.11701,-0.253147,-3.39143
-0.905193,0.425,12.90124209968238,1.1612909748525333,-0.707107,22.21339850022687,-0.707107,0.707107,-0.382683,0.92388,7.213398500226872,75.92058650204186,83.28039100136122,1022.154591724739,1019.7612909748525,8.0,2.93574,4.41603,-0.618611,-2.3933
0.994671,-0.103102,2.0417459040394914,5.495635239901271,0.707107,22.0,-0.707107,-0.707107,6.12323e-17,1,7.2985450799670915,83.50727460016454,69.20872952019745,1028.0533852643027,1024.9787489943112,5.552182380049365,5.91991,2.8556,3.47913,-3.07464
0.92264,0.385663,6.79355924087795,0.025402547445128185,-0.92388,26.697668832133335,-0.707107,-0.707107,-0.707107,-0.707107,5.4919490510974365,89.25402547445127,88.4758471532923,1014.2205719781035,1012.8330930073046,7.745974525548718,1.9684,1.83461,-0.423792,-1.38748
0.2926,0.956235,2.720815852494782,6.1944810979910585,-0.707107,30.859628050551414,-0.92388,-0.382683,-0.707107,0.707107,9.817036585871834,79.08518292935916,63.68926219183309,1030.1506298777704,1026.8182963414129,5.774445121192249,7.10528,3.64463,3.503,-3.33233
-0.696376,0.717677,2.480105718601545,7.2769169233796465,-0.707107,44.658761341999096,0.382683,0.92388,0.92388,-0.382683,6.932938067099956,70.81067218830123,50.084848913402084,1013.94753625238,1007.7224901772703,3.2682477316001814,11.0724,5.40515,5.72445,-6.22505
0.158559,0.987349,0.0,4.785487162331825,-0.707107,35.07256418834087,-1,1.22465e-16,-0.707107,0.707107,13.0,59.07256418834088,69.03628209417045,1022.5882083193947,1020.6018141047085,6.00907052354261,6.03032,8.54255,-0.905442,-1.98639
0.962309,0.271958,21.966959092796838,1.6480101362981285,0.707107,30.205001810053233,1,0,0.92388,0.382683,13.0,77.64494388834964,72.89996379893526,1012.8305038011117,1009.8690032580957,7.0,5.3265,4.23528,1.4335,-2.9615
0.988023,-0.154309,48.84296545170227,0.037922858496380045,-1,33.758457169927595,-0.707107,0.707107,-0.92388,-0.382683,10.345399905253396,93.4830856601448,86.65697113079639,1015.0383970657064,1008.703619971576,8.0,2.30362,1.07942,1.15484,-6.33478
0.405426,0.914128,11.870435849845919,4.945543789538394,-0.92388,19.77934827076913,-0.92388,-0.382683,-0.707107,0.707107,6.073550576410289,88.67608962461479,92.2644942358971,1023.0571391782561,1019.8748201005126,7.073550576410289,1.31375,1.95049,0.379348,-3.18232
0.0215161,-0.999769,33.583007577062006,0.14431931015025543,-0.92388,19.454455187979566,-1,1.22465e-16,-0.707107,0.707107,7.392017246243615,90.55680689849743,84.16478965225383,1014.4659158609014,1011.454554481202,8.0,2.85771,1.65032,0.12784,-3.01136
0.999407,0.0344216,0.0,7.258712325081489,0.707107,28.0,1,0,0.707107,0.707107,12.807621424143647,58.75952678017957,68.32667498450277,1014.1144283931892,1011.4509066037114,5.759526780179561,6.39356,8.84858,-0.107621,-2.66352
-0.444378,0.895839,0.0,8.374788414598868,0.707107,40.815144817514145,0.92388,-0.382683,0.707107,0.707107,16.56302896350283,60.72271722627123,56.907572408757076,1014.805879725548,1010.8184855182485,5.344543445254245,9.47029,8.28682,2.06891,-3.98739
-0.234491,-0.972118,12.087936952791381,2.980587193838971,-0.382683,38.52646306661479,-0.382683,-0.92388,0.382683,-0.92388,8.13970443588746,88.6985221794373,49.26912314362765,1013.1485320154026,1007.9475034425878,7.172059112822508,11.1459,1.85184,7.17412,-5.20103
-0.150055,-0.988678,0.9006023097183763,6.550100384953062,-1.83697e-16,53.50501924765314,0.707107,0.707107,1,0,9.498996150469374,67.24949807523468,68.25150577429595,1009.8513050043898,1005.5004015398123,6.750501924765313,6.51329,6.70689,1.0501,-4.3509
-0.865307,0.501242,4.278333671310255,5.5993056963792736,-0.707107,37.191205487470796,-0.92388,0.382683,-0.382683,0.92388,11.797222785517093,71.39861139275854,60.60138860724146,1019.7225920668508,1017.0619903370462,7.0,8.15222,5.49393,1.10069,-2.6606
-0.865307,-0.501242,0.0,9.545344959401273,-1.83697e-16,23.39893858645762,-0.92388,-0.382683,0.707107,0.707107,8.125663383463985,69.22407126315042,56.27327520299363,1017.7601061413542,1013.2475398030078,1.8743366165360138,9.35035,5.80136,5.72786,-4.51257
0.814046,-0.5808,23.294743936583092,0.8949545145330414,-0.92388,24.79607480182216,-0.382683,-0.92388,-0.707107,0.707107,5.627190026423712,84.16888477539844,87.42326482824588,1019.2370704194076,1017.5456199471525,8.0,2.18467,2.79831,-0.171269,-1.69145
-0.30082,-0.953681,22.529968444490997,0.18855339685199982,6.12323e-17,27.185218413429997,6.12323e-17,1,-0.382683,0.92388,11.942766984259999,94.70031555509,87.464623809025,1012.2878774285416,1009.805723301574,7.292924761805001,2.23419,0.903652,1.34209,-2.48215
0.209315,0.977848,12.712109615618267,1.9114623196312202,6.12323e-17,44.168792818600885,6.12323e-17,1,-0.382683,0.92388,18.168792818600885,74.49362154419734,66.95858728931663,1011.9003141975866,1010.6805693358187,7.0,6.59219,4.86233,0.263376,-1.21974
-0.459733,0.888057,20.220686469920203,0.0,-0.92388,31.341590348325287,-0.707107,-0.707107,-0.92388,0.382683,15.617991956937736,97.44719678277511,89.18426773907497,1017.8593220911962,1012.9620166041786,7.092133869537484,1.80934,0.400759,3.21056,-4.89731
-0.548843,0.835925,10.132119645360662,5.132393164592989,-0.92388,40.36760683540701,0.382683,0.92388,6.12323e-17,1,15.10282050622103,73.68380341770352,80.89717949377896,1017.4786623923926,1014.3478162405262,6.683803417703506,3.51736,5.08715,-1.31028,-3.13085
-0.819015,-0.573772,2.140805285865705,10.164798678533574,-0.382683,34.29354659363955,-0.707107,0.707107,6.12323e-17,1,14.176613351590115,62.350799726148296,68.99757302296808,1019.0880639780919,1017.0702812940813,4.646773296819774,6.03255,7.63449,-0.058588,-2.01778
0.107381,0.994218,63.990524723160156,0.0,6.12323e-17,33.512802697588455,-0.382683,0.92388,-0.707107,0.707107,10.365964126834266,87.78087444391991,91.53614349266294,1020.0498520302924,1018.491343062001,8.0,1.42569,2.10643,-0.672966,-1.55851
0.814046,0.5808,0.0,11.002856538571057,0.707107,28.0,1,0,0.707107,0.707107,11.192205594803841,52.355845803897125,56.09610279740192,1014.9480513987008,1010.8566210144141,2.0961027974019215,9.65957,10.6428,1.5626,-4.09143
-0.658402,-0.752667,0.7710259638842607,5.983047010733227,-0.382683,28.572435090289346,-0.92388,-0.382683,-0.382683,0.92388,10.427564909710652,70.56891227427663,67.57595790630207,1020.2646414226557,1017.2215326500833,7.0,6.39619,5.6045,2.32792,-3.04311
0.982126,0.188227,0.02006651094156536,7.530099766412347,-1.83697e-16,29.80598598474089,-0.382683,0.92388,0.707107,0.707107,7.000000000000001,51.90631853944871,52.398004671753036,1016.0491686132303,1011.0786032702271,5.69900233587652,10.4639,10.3573,3.22106,-4.97057
0.994671,-0.103102,1.7262578381454274,4.512050772090919,0.382683,27.744609265091025,-0.707107,0.707107,0.707107,0.707107,11.0,84.12769536745448,65.51078146981794,1019.3829178753274,1015.8077381841637,4.0,7.0399,2.82505,4.48651,-3.57518
-0.897743,0.440519,12.735402300207292,1.496569239021954,-0.382683,13.0,-0.707107,-0.707107,-0.707107,-0.707107,5.380656814256101,94.07956212382926,71.2386863714878,1017.5152917347036,1013.4709852213841,6.079562123829266,5.53908,0.975443,5.08409,-4.04431
0.78298,0.622047,25.710437977756673,5.719674518888446,0.707107,26.877489350776678,0.92388,0.382683,0.382683,0.92388,14.122510649223322,67.72359558626182,64.7036807800484,1013.8814723120194,1009.9241999486504,4.193723376941695,7.23046,6.41719,1.53675,-3.95727
0.998667,0.0516197,13.000000000000002,6.286119573608194,0.382683,30.04240389634288,-0.707107,-0.707107,6.12323e-17,1,15.352348979967381,78.4078706855346,68.14032949825298,1017.059060408013,1014.098535695644,5.267541187281623,6.28156,3.95139,2.21403,-2.96052
-0.0645084,0.997917,0.12892750963632083,10.264463754818161,6.12323e-17,31.908986970002356,0.707107,0.707107,0.707107,0.707107,14.421449807273584,66.93391264454482,66.51246283727123,1016.2099702698171,1014.5744340246351,7.0,6.86018,6.73605,0.410725,-1.63554
-0.983709,0.179767,15.762657613098371,0.0,-0.92388,28.693696787783477,-0.707107,-0.707107,-0.92388,0.382683,13.085178897984978,98.0,85.47666100818648,1018.9093355967253,1014.0050766518261,7.0,2.46684,0.311678,3.45233,-4.90426
0.541628,-0.840618,4.816630861879583,2.8556693739021384,-0.707107,35.573434634387134,-1,1.22465e-16,-0.707107,0.707107,12.31857479688174,81.50971967501079,81.04157715469896,1018.0845035367257,1016.1759182603205,7.531857479688174,3.40479,3.31182,0.0340713,-1.90859
0.611886,-0.790946,56.13509284153978,0.6865335146942875,0.707107,27.866761775218368,0.92388,0.382683,0.382683,0.92388,13.133238224781632,84.53295289912654,72.06661911239082,1016.7200570651311,1015.0201283965448,6.800142662827549,5.3747,2.75535,1.3932,-1.69993
-0.980469,0.196673,22.97504335044107,8.01836855549695,0.707107,28.458050781849593,0.92388,0.382683,-0.382683,0.92388,10.541949218150409,69.56461913612806,51.0,1016.7351482427571,1014.7938771481677,5.312923827225611,11.1458,6.03721,1.94807,-1.94127
-0.997001,0.0773865,4.994213657643361,8.322843828042794,-0.707107,35.34279448490727,-1.83697e-16,-1,0.92388,0.382683,7.000000000000001,63.17139724245364,54.371452068159776,1014.2457698946448,1008.3943233090556,4.6285479318402265,9.97732,7.40053,3.3943,-5.85145
-0.0473214,0.99888,0.0,5.464332456472538,-0.707107,31.609865860773752,-0.707107,-0.707107,6.12323e-17,1,13.315281431364426,62.74680957450087,60.17833771763732,1020.4253190425499,1018.1842359284317,7.0,8.03667,7.27192,2.1801,-2.24108
-0.995521,-0.0945367,36.46687368563501,0.06656315718249686,-0.92388,22.339026354962673,-1,1.22465e-16,-0.92388,0.382683,4.665631571824968,94.00310528452509,89.67028949861262,1016.2010868495837,1012.96749474254,8.0,1.7822,1.00998,0.500311,-3.23359
0.998667,-0.0516197,0.0,8.498283267112551,0.707107,23.616705179144194,-0.707107,-0.707107,6.12323e-17,1,8.461098273618603,75.2694508631907,59.808352589572095,1014.6633872508019,1011.0825519918446,4.077803452762794,8.4994,4.61716,4.2036,-3.58084
-0.317191,-0.948362,0.7675388711159938,2.221463791137966,0.382683,24.45025914077329,0.92388,-0.382683,0.382683,-0.92388,5.387435214806676,69.91884717778998,78.9816711037566,1012.9227783992158,1011.7308936814368,7.0,3.9061,5.95474,-1.7144,-1.19188
-0.798779,0.601624,121.0241167129515,3.366730759993383,6.12323e-17,61.664615680211746,0.382683,0.92388,0.707107,0.707107,12.666538480013234,88.66615392005293,73.99923088007941,1001.901345959861,1001.3012305918729,6.833269240006617,5.06237,2.01086,2.28337,-0.600115
0.999852,0.0172134,17.128225307759372,4.24512114228422,6.12323e-17,29.092337961639057,-0.382683,0.92388,6.12323e-17,1,7.335079730892179,84.30080761522812,74.05806584597501,1017.0049989693694,1014.2079022616681,7.0,5.02167,2.84985,1.35778,-2.7971
0.9711,-0.238673,22.198639561774485,0.45228818679801713,-0.707107,35.43135439605948,6.12323e-17,1,1,0,9.467965384827759,82.43135439605949,72.98169450561586,1015.490847252808,1013.6881014286503,7.504576373596034,5.15129,3.15055,1.39268,-1.80275
0.793572,0.608477,0.05170781777219091,1.320493813266291,-0.382683,28.448765466834274,-0.92388,-0.382683,6.12323e-17,1,13.121913667085678,73.22438273341713,52.42932086608004,1013.0800307929898,1012.2336830708374,7.741460911139045,10.6186,5.10464,3.31414,-0.846348
0.421101,0.907014,0.0,3.6414793205940894,-0.707107,30.573150849257388,-0.92388,0.382683,6.12323e-17,1,10.707396602970444,62.0,73.46301698514777,1016.6392311677232,1015.2709026963864,7.426849150742611,5.04582,7.76966,-0.517041,-1.36833
-0.766659,-0.642055,0.0,6.899077046369539,6.12323e-17,55.926163709562985,-0.92388,-0.382683,0.707107,0.707107,12.983848311466902,75.00461476815231,61.99077046369538,1018.6824638810211,1013.2896167716573,4.00692215222847,7.63135,4.45864,5.29792,-5.39285
-0.632103,-0.774884,0.0,6.84471313591459,-0.707107,33.26682184027176,-0.92388,-0.382683,-0.707107,0.707107,14.00961248015529,61.02883744046587,56.7716280803494,1026.5923100158757,1023.1141859598254,6.00961248015529,8.91213,7.66501,2.41899,-3.47812
0.990532,0.137279,39.05600352341641,0.5567371236374279,-0.707107,41.24188276746075,-0.92388,-0.382683,-0.707107,0.707107,12.758117232539245,86.17207815502617,72.20941383730377,1021.2390426329227,1019.1804387251715,7.706980461243459,5.19156,2.36555,1.82183,-2.0586
0.158559,-0.987349,0.0,7.2600028586842065,-0.707107,29.549996426644743,-0.92388,0.382683,-0.707107,0.707107,11.4428561218985,55.76427703613723,56.42141376752822,1029.1328568365695,1026.876427703614,3.8857122437969958,8.88843,8.86979,2.81643,-2.25643
-0.938377,-0.345612,0.17137440289030606,0.6866351508647967,-0.92388,39.85497611561224,-0.707107,0.707107,-0.382683,0.92388,10.713744028903061,69.9981041011607,77.85118431793367,1017.0145023884388,1015.4145023884387,7.856872014451531,4.15385,5.9431,-1.45687,-1.6
0.625411,0.780296,0.040908918633892656,4.243177425164263,-0.707107,44.02272296584732,-0.707107,0.707107,-0.707107,0.707107,13.818178372677853,67.81817837267785,71.56818784781375,1021.0136375695627,1020.2681840577594,7.0,5.4962,6.41236,-1.11137,-0.745454
-0.856551,-0.516062,0.0,9.942812816444723,-0.707107,41.85625632889446,-0.707107,0.707107,-0.382683,0.92388,18.42812816444723,52.431231013316626,45.71561550665832,1018.5720269779962,1016.2004654273304,3.8578077533291575,12.8212,10.5307,1.72859,-2.37156
-0.605056,0.796183,21.995370562449335,0.0,0.707107,32.86759271687898,6.12323e-17,1,6.12323e-17,1,10.951851897046902,93.0120370257383,92.01203702573827,1015.0830554775941,1010.9083795748306,8.0,1.36021,1.1789,0.604815,-4.17468
0.357698,-0.933837,0.7398023579077433,3.468047062209825,-0.382683,23.509270583720234,-0.707107,-0.707107,6.12323e-17,1,3.2268235406994177,74.43510591395837,68.73609412441965,1024.310136490003,1021.536527077561,6.754635291860117,6.00539,4.718,0.960631,-2.77361
0.2926,0.956235,0.0,11.648541984627927,0.707107,27.79416793851171,0.707107,0.707107,0.92388,0.382683,14.588335877023422,52.720412215209016,46.82332824595316,1016.4411664122977,1013.5205832061488,1.61749618446487,12.5736,10.6286,0.741166,-2.92058
-0.82877,-0.559589,1.6686671346554591,4.815018999506999,0.382683,26.0,0.382683,0.92388,0.382683,0.92388,12.072962702969189,70.2703729703081,61.63518648515405,1016.3197410267338,1013.5660928915854,7.0,8.04623,5.83355,1.84893,-2.75365
0.309017,-0.951057,0.0,6.80753196477601,-0.707107,26.75764313111383,0.707107,-0.707107,0.707107,0.707107,7.1058921722154205,59.93885495108935,64.54585878668298,1015.6152862622276,1012.648693706453,6.378821565556915,7.09164,8.19859,0.881656,-2.96659
-0.798779,0.601624,5.475198596597259,9.568300416635187,6.12323e-17,34.25799868430993,-0.92388,0.382683,6.12323e-17,1,12.656001754253424,71.34399824574656,73.94599517580308,1013.3800998465028,1011.6429997807185,5.0,4.99802,5.59565,-0.4059,-1.7371
0.14154,-0.989932,0.0,10.909894680181282,0.707107,24.000000000000004,0.707107,-0.707107,0.707107,0.707107,9.0,62.98021063963744,59.148547663057336,1013.0029811500882,1010.0406064268448,1.0,8.94773,7.70537,3.54752,-2.96237
-0.998186,0.0602133,0.0,10.447482817791217,0.382683,28.0,6.12323e-17,1,0.707107,0.707107,14.01373008477518,59.49313495761241,47.483981567762285,1011.9967963135524,1009.09450796609,2.50228834746253,12.3644,8.59312,2.35069,-2.90229
-0.983709,-0.179767,30.35410409445775,0.0,-0.707107,25.681114903097303,-0.707107,0.707107,-0.707107,-0.707107,4.920278725774327,93.92027872577434,91.22097554021015,1017.1587457340155,1014.9286760525719,7.460139362887164,1.49158,1.01981,0.0318885,-2.23007
0.611886,-0.790946,11.094678388894872,5.439972920780675,0.707107,30.37721733796047,0.707107,0.707107,6.12323e-17,1,14.027285036008783,72.05934323818009,76.40450237396925,1015.5513642518005,1011.624556532408,5.459072445986823,4.48625,5.3861,1.3764,-3.92681
0.962309,0.271958,12.271641416683947,1.5086565666735783,6.12323e-17,37.364179291658026,6.12323e-17,1,6.12323e-17,1,15.817910354170984,78.54925504160619,75.27761362492224,1016.7256710896088,1014.9077607354378,7.591044822914506,4.63555,3.95887,-0.241194,-1.81791
0.994671,-0.103102,8.110389055779315,0.5403173864187716,-0.707107,27.54376396119649,6.12323e-17,1,0.92388,0.382683,6.0,79.79047840743686,76.01859642683861,1014.8421770291026,1012.6737416232821,7.771881980598245,4.49104,3.69287,0.577188,-2.16844
0.726608,-0.687053,2.5682720119730846,4.2036609216954135,0.382683,24.024406144636092,0.707107,-0.707107,0.707107,0.707107,10.975593855363913,85.65831397509473,72.86576620450151,1016.1585095541187,1012.4560689396551,4.036609216954133,5.32636,2.55797,3.76583,-3.70244
0.124479,0.992222,14.777308595647643,0.0401557298794773,-1,28.417130286742506,-0.707107,0.707107,-0.92388,-0.382683,4.803114597589546,81.42491678071637,81.9766405180784,1014.5520577761467,1012.2473858797623,8.0,3.23562,3.32915,0.588098,-2.30467
-0.949718,0.313107,12.667386980034612,3.229009098117428,-0.92388,23.737966610708106,-0.382683,-0.92388,-0.707107,0.707107,8.172458263385131,80.13101669464594,74.57220033575138,1020.5766024202591,1018.407619114905,6.696525041968922,4.71256,3.53551,1.39866,-2.16898
0.814046,0.5808,15.84936176512732,1.1920478861216008,-0.707107,27.689672028471623,-0.707107,0.707107,-0.382683,0.92388,11.270567402136383,90.58089537366477,84.91773039145447,1016.9779698220625,1015.4495877295358,7.716179074732953,2.6884,1.61656,1.35411,-1.52838
0.0730951,0.997325,0.0,9.057476348421048,0.707107,35.40582381133604,-1.83697e-16,-1,0.707107,0.707107,11.801941270445347,51.80679444655872,60.40097063522268,1013.5889298440485,1007.6855326207692,5.3961174591093055,8.37115,10.6534,2.03961,-5.9034
-0.732494,0.680773,22.189485949884133,0.0,6.12323e-17,39.4084433710641,6.12323e-17,1,6.12323e-17,1,16.558810549718295,88.69280468876369,94.51960351657276,1006.9379148423601,1005.9451101535963,8.0,0.937181,1.99972,-0.83072,-0.992805
0.929141,0.369725,11.133452658029915,2.2391456984823055,-0.707107,36.83629917825611,-0.92388,0.382683,-0.92388,0.382683,14.918149589128053,64.7135235619482,72.42704712389639,1008.4437717256621,1005.4928819721853,7.959074794564028,5.34724,7.20563,-0.791815,-2.95089
0.749826,0.661635,8.6487768339574,6.709436931335787,6.12323e-17,41.3976698002498,-0.382683,0.92388,-0.382683,0.92388,15.629902971285825,68.17708762796475,71.88970891385748,1012.7531262883895,1010.9531262883894,5.685048514357087,5.45788,6.35077,-0.780699,-1.8
0.541628,-0.840618,3.3193243522378104,3.3909403932119946,6.12323e-17,32.31794705091004,0.707107,-0.707107,0.382683,0.92388,16.09059606788005,70.68377457574968,73.95384115273012,1013.6100925827839,1012.9735098302999,7.772649016970013,4.9929,5.83463,-2.53572,-0.636583
-0.993747,0.111659,5.072347610699751,0.8847193724840966,-1.83697e-16,22.493240788533722,-0.707107,-0.707107,-0.382683,-0.92388,6.576403137579518,80.29209412738552,76.44490040254455,1016.8957392919752,1013.6075377231855,7.576403137579517,4.18863,3.35602,2.90483,-3.2882
-0.683919,0.729558,4.881726690343694,3.3108551207310577,0.382683,43.08968920458257,0.382683,0.92388,6.12323e-17,1,15.272422301145644,77.43964808237862,67.71207038352426,1012.657921392035,1010.5275776988542,7.712070383524274,6.5191,4.27796,1.03345,-2.13034
0.749826,0.661635,0.0,7.4149502631526545,-1,23.689701578915923,-0.707107,-0.707107,-1,1.22465e-16,9.0,59.2355471053208,56.93089526325222,1025.065447631626,1022.1884376842567,6.229900526305309,8.82006,7.98484,3.75289,-2.87701
0.886071,0.46355,2.6334698960663325,9.409411139247863,-0.382683,32.382966861900755,0.707107,0.707107,6.12323e-17,1,11.35259036462814,77.41036145851257,54.7629518231407,1018.4267424674132,1015.6914834309504,3.0881475911570355,9.79131,4.17595,2.45867,-2.73526
0.852078,0.523416,0.0,4.059083440672104,0.707107,22.0,1,0,0.707107,0.707107,9.0,54.97381335900143,63.887070446855496,1009.6477904853575,1006.6034369630149,6.139116194143062,7.47971,9.88163,0.178232,-3.04435
0.97874,0.205104,0.3596821587936454,6.793893554777844,0.382683,20.108740633174754,0.382683,-0.92388,0.707107,0.707107,7.60476761809532,81.17775111555518,63.29443777888879,1014.2750734613015,1009.5069010482381,6.395232381904681,7.65664,3.44,4.04801,-4.76817
0.860961,-0.508671,0.6656403828195219,4.423195340443901,0.382683,25.487968936292674,0.92388,-0.382683,0.707107,0.707107,9.512031063707324,65.16843489190255,64.81617085039028,1013.6704528083025,1009.8216559146732,6.231953404439014,7.22269,7.04396,1.71684,-3.8488
-0.890028,0.455907,0.14521911721248015,9.99870514466864,6.12323e-17,35.0826691024368,-0.382683,0.92388,6.12323e-17,1,15.9043823442496,62.0,48.47808827875198,1016.6309757085676,1014.366633060205,5.0,11.9032,7.86676,1.92351,-2.26434
0.761104,-0.64863,0.0,8.931147911561167,6.12323e-17,21.628148378964713,-0.707107,-0.707107,0.707107,0.707107,8.96481452629411,74.62814837896471,58.0,1019.1049992209939,1015.7376659915282,4.0351854737058925,8.80334,4.6754,3.56985,-3.36733
0.055917,-0.998435,3.848678612954391,5.827609080338882,6.12323e-17,43.102212664225206,6.12323e-17,1,-0.382683,0.92388,13.204425328450398,85.7955746715496,66.1243393064772,1020.398315890593,1018.7472095584803,5.8977873357748,6.78164,2.50056,2.74089,-1.65111
0.541628,0.840618,5.496219813328853,9.22812996147709,-0.382683,32.593752611303735,0.707107,0.707107,6.12323e-17,1,11.162498955478506,76.64999582191403,54.54374007704581,1018.5456259922954,1015.9350004178086,3.324997910957014,9.83264,4.33281,2.21063,-2.61063
0.677615,0.735417,0.2839661451503653,6.898839189464234,-0.92388,29.88923826588322,-0.92388,0.382683,-0.707107,0.707107,7.049576814379567,75.11076173411678,83.8512695568613,1027.5023216210716,1025.2553808670584,6.160338548496346,2.82478,4.53976,0.553059,-2.24694
0.570242,-0.821477,0.9769773952123625,3.404901182609974,1,24.092090419150555,0.707107,-0.707107,0.92388,0.382683,4.1151130239381875,80.24025404200795,79.35536706594615,1012.9552542514904,1006.9105085029805,6.953954790424725,3.80002,3.58964,1.11842,-6.04475
-0.925925,-0.377708,0.627539020221157,5.879882638686979,0.707107,31.04589836703526,0.92388,0.382683,0.92388,0.382683,8.440429523082278,68.11914095383544,69.93554748569439,1013.4202147615413,1011.2367186936282,5.908203265929477,5.99562,6.42129,0.101855,-2.1835
0.966848,0.255353,19.317263853236746,5.090228012230271,-1.83697e-16,46.62111340930925,0.707107,0.707107,0.707107,0.707107,8.313740005559215,70.20254664072367,72.88880663516446,1010.1111193364835,1005.9745039977762,7.228753331480262,5.35461,5.9406,0.802621,-4.13662
-0.882048,0.47116,2.2466122183225323,2.863911575698945,-0.382683,24.867659806365484,-0.382683,0.92388,-0.92388,0.382683,7.369918327483798,77.61201350356971,71.3879864964303,1019.7192407711483,1018.0831523468472,7.0,5.44408,4.1373,-0.703614,-1.63609
0.738326,-0.674444,21.007784904782177,1.492852774393147,-0.92388,22.62029385430497,-0.382683,-0.92388,-0.707107,0.707107,6.3446076968360945,80.99999999999999,84.93107846063279,1017.8449903043413,1016.4485001492271,7.862156921265562,2.68355,3.46623,-0.544863,-1.39649
0.946988,-0.32127,5.5360736070672765,9.300517385135423,-0.92388,39.54124745842151,-1,1.22465e-16,-0.707107,0.707107,15.54124745842151,71.14946827962333,51.69071573804485,1025.0824662463606,1022.7747341398117,3.9226789345112127,10.6082,5.52018,1.45412,-2.30773
-0.995521,0.0945367,0.1791506067896381,6.572972876236267,-0.707107,28.72972876236267,-0.92388,-0.382683,-0.707107,0.707107,6.521234830259049,77.83397572841447,83.7683440523939,1028.4250963592622,1026.252123483026,6.687259101844571,2.82414,3.94216,1.15869,-2.17297
-0.932289,-0.361714,7.984877961917147,1.5968353007628036,0.382683,49.04263779188254,0.382683,0.92388,6.12323e-17,1,16.361758527921687,78.23384515227409,71.82944883246985,1010.6202198159903,1008.6883077423863,8.0,5.5006,4.09491,0.256396,-1.93191
-0.0816764,0.996659,0.0,5.005264454243853,-1.83697e-16,37.0,0.707107,0.707107,-0.707107,-0.707107,16.106861982557128,71.55343099127856,79.08931380174428,1013.6928234379068,1009.037480338779,7.0,3.73635,5.31729,-0.464432,-4.65534
-0.548843,0.835925,0.5508756872617064,8.166659514493107,-0.92388,35.8947029633884,-0.92388,0.382683,-0.707107,0.707107,10.38594609077133,69.1052970366116,73.842161727686,1024.9666809710136,1022.2526485183058,3.491243127382935,4.94478,5.99713,0.0859675,-2.71403
0.37372,0.927542,0.0,11.870771810378525,0.707107,29.528187930809835,0.707107,-0.707107,0.92388,0.382683,12.056375861619674,53.34865775783443,54.29228189621476,1009.9513422421655,1005.7928858629226,3.4718120691901624,10.3042,10.3656,2.89332,-4.15846
0.941317,0.337523,0.0,12.168271285485796,0.382683,24.662082041469162,0.382683,0.92388,0.707107,0.707107,9.33104102073458,61.0,54.337917958530845,1017.3730851419432,1014.4723974481635,2.8344794896327103,10.2034,8.18443,2.3669,-2.90069
0.962309,-0.271958,2.273114729828272,4.362029013116488,6.12323e-17,32.44103736151764,0.707107,-0.707107,-0.382683,0.92388,15.882074723035274,68.16745495140006,70.5966944946705,1012.4700483551942,1011.9856140685096,6.695753843541155,5.77513,6.45943,-2.46226,-0.484434
0.726608,-0.687053,1.8825386861895328,6.661225130306729,-0.707107,30.1126197429676,-0.382683,-0.92388,0.382683,0.92388,11.0,77.46258289897757,61.625092109975085,1011.3662140771097,1008.2225239485934,3.4875276329925238,8.14488,4.23171,3.97249,-3.14369
0.527078,-0.849817,0.0,5.2028486096281465,-0.92388,29.660732063274697,-1,1.22465e-16,1,0,5.660732063274694,54.650049777169144,67.68209663548579,1017.9671414349381,1016.367141434938,7.0,6.19642,9.5826,-1.60178,-1.6
-0.534373,0.845249,1.5148226190995895,7.673733116854769,-0.382683,33.44277867977179,-0.707107,0.707107,-0.382683,0.92388,14.999999999999998,63.57411309549795,46.49155411236513,1022.2801098483195,1020.0063767314648,6.688555735954359,12.3147,7.28651,2.50169,-2.27373
-0.905193,0.425,0.0,1.9328627774554574,1,25.364373725262677,-0.707107,0.707107,-0.382683,0.92388,6.5013518296482395,73.76990071982641,74.40552699456374,1015.9744969406304,1013.6471013197533,7.545208758245774,4.86338,4.98398,0.472875,-2.3274
0.055917,-0.998435,4.007894393794259,8.354737939858373,-0.92388,35.43157757517704,0.382683,0.92388,0.382683,0.92388,14.215788787588517,78.51052151311961,67.35263363723445,1011.4121029990421,1008.7394719689713,5.176316818617224,6.61392,4.04837,1.30605,-2.67263
0.772157,-0.635432,2.0482507712819635,7.779305698385549,0.382683,26.20694301614451,-0.707107,-0.707107,1,0,4.758611396771098,72.34486011130116,60.93110882583122,1015.9241523350049,1011.5965689159734,4.862082904843353,8.03025,5.15218,3.80344,-4.32758
0.14154,-0.989932,0.0,7.265497911059732,0.707107,23.53450208894027,-1.83697e-16,-1,0.382683,0.92388,9.976998607373156,66.32475452603724,63.48849930368658,1016.1112271933872,1012.4600771237559,7.0,7.47549,6.67445,1.98593,-3.65115
0.988023,0.154309,3.9888403832487254,4.0306889460660065,-0.382683,35.41115961675127,-0.92388,0.382683,-0.707107,0.707107,14.588840383248723,83.27166440736033,76.65492498223342,1018.5923628885787,1016.8512469269036,6.588840383248725,4.34272,2.98281,1.00837,-1.74112
-0.563151,-0.826354,3.4662755103437664,5.5933082098728955,-0.707107,33.39242810814637,-0.382683,0.92388,-0.382683,0.92388,12.665688775859417,81.66568877585942,69.66862244828116,1014.0,1011.1031992114425,4.848840445142031,5.98318,3.34699,1.56017,-2.8968
-0.0816764,0.996659,2.2984151159651938,4.4401796104875135,0.382683,20.944177024047914,0.382683,-0.92388,0.382683,0.92388,7.151620087508193,70.05582297595208,61.207443063460275,1015.3566506214429,1011.5962784682698,5.414886126920556,8.18097,5.85101,2.94521,-3.76037
0.999852,0.0172134,0.3542930799777249,6.8599097702728695,0.382683,20.256940300612563,0.382683,-0.92388,0.707107,0.707107,7.685603800334127,80.80051559844075,63.20012889961018,1014.1915427396547,1009.4543575297828,6.3143961996658735,7.68395,3.51814,4.01433,-4.73719
0.14154,0.989932,7.574055010443533,0.0,0.382683,18.38855959464716,-0.92388,-0.382683,-0.92388,-0.382683,3.170990831592744,89.92747707898187,88.34198166318549,1019.1367926652742,1016.8854954157963,8.0,1.93454,1.65449,0.326946,-2.2513
0.738326,-0.674444,1.392114965747839,0.0,-0.707107,23.727036281225917,-0.707107,0.707107,-0.707107,-0.707107,4.0,77.45667346896677,88.0,1017.2414647391191,1016.0186310656707,7.863518140612957,2.06085,4.12472,-1.24068,-1.22283
-0.150055,0.988678,0.0,3.385047142345606,6.12323e-17,26.30815907280606,6.12323e-17,1,0.707107,0.707107,14.845920463596967,80.07552278158181,78.69032394057425,1013.4776465628494,1013.1465272582449,7.0,4.04883,3.74047,0.630816,-0.331119
-0.980469,-0.196673,18.27305581669659,1.723090452579609,-0.92388,36.24540269101389,0.382683,0.92388,-0.707107,0.707107,6.0,81.56329620811681,91.13719951072476,1012.2278290092175,1009.5484089358264,7.0,1.53869,3.38291,-1.08338,-2.67942
0.055917,0.998435,3.5658588466235153,0.5191630219109264,-0.707107,21.174228627514246,-0.707107,-0.707107,-0.707107,-0.707107,3.9233479123562947,78.09757653987054,78.05925049604869,1018.1341411533765,1017.0668944336566,8.0,3.9017,3.87006,0.797908,-1.06725
0.929141,-0.369725,1.6532185048907422,4.2506446827610045,6.12323e-17,31.163090550121396,-1,1.22465e-16,6.12323e-17,1,7.652362200485591,66.93991142421092,68.69527559902882,1015.6248917347208,1013.1716732298299,6.6738188997572045,6.22605,6.62561,0.3794,-2.45322
-0.696376,-0.717677,5.882586355172686,10.445775046550224,0.382683,25.457750465502237,-1.83697e-16,-1,6.12323e-17,1,11.283614017229105,65.54224953449776,58.761204672409704,1015.6522409344819,1011.9935341120683,2.1741364482731345,8.80009,6.90081,2.6781,-3.65871
0.999852,0.0172134,0.019708002146063008,3.5784673200992785,-1.83697e-16,47.86861331902625,1,0,-0.92388,-0.382683,5.9343066595131235,65.45985338340813,89.09854001073032,1007.9394160042921,1004.9886860096573,7.032846670243439,1.9281,7.09834,-2.98212,-2.95073
0.158559,0.987349,2.9168068751471514,4.147649677727477,-1.83697e-16,27.483259131054808,-0.382683,-0.92388,-1.83697e-16,-1,6.261751611362613,95.7382483886374,60.60399140606606,1014.3382483886375,1010.098647529244,7.0,8.07238,0.693619,5.26175,-4.2396
-0.882048,0.47116,14.570218552568466,7.010641343457088,6.12323e-17,26.0,-0.707107,-0.707107,6.12323e-17,1,12.007094228971392,88.01418845794278,65.95743462617165,1027.0326262961441,1023.8581583633171,5.496452885514303,6.60404,2.02572,2.32766,-3.17447
0.998667,0.0516197,13.000000000000002,6.2875035638696986,0.382683,30.04342367864083,-0.707107,-0.707107,6.12323e-17,1,15.35395149500702,78.40393723952822,68.13683310180286,1017.0584194019972,1014.0981569193619,5.267104137725358,6.28243,3.95224,2.21368,-2.96026
-0.200891,-0.979614,0.0,8.135870701658458,-0.707107,29.15859322199582,-0.92388,-0.382683,-0.707107,0.707107,11.662053269711896,53.986159809135685,51.48961985685176,1028.4703573842305,1025.7551900715741,3.6620532697118953,10.2955,9.30655,3.88622,-2.71517
-0.938377,0.345612,13.992772349770322,2.318690015408172,-0.707107,30.830604198767023,-1,1.22465e-16,-0.92388,0.382683,6.898362519260216,91.16939580123297,72.67758320493189,1028.2036138251149,1025.6731225808928,8.0,5.02881,1.45279,2.14918,-2.53049
0.833556,-0.552435,2.065580486601728,1.2770400016443053,-1.83697e-16,19.672097566991358,0.707107,-0.707107,0.382683,-0.92388,8.180312197929302,86.27875120828278,93.8852682886724,1018.5065853608404,1015.2459336528016,7.688526828867243,1.01449,2.37272,-0.668839,-3.26065
-0.563151,0.826354,1.009719745287997,2.046314594343302,6.12323e-17,24.609590141532156,6.12323e-17,1,-0.382683,0.92388,7.97553863208521,63.70711160380172,57.146120188709546,1015.8536530047178,1013.6292564386808,7.0,9.13742,7.38417,0.512198,-2.2244
0.992749,-0.120208,0.16655230357765088,9.223099005904677,0.382683,34.50171544633524,1,0,0.92388,0.382683,11.889651309482327,56.444825654741166,59.88622041681185,1015.9227559166376,1011.3334476964224,4.1103486905176725,8.37556,9.23681,1.02844,-4.58931
-0.919286,0.39359,44.563567037901976,0.04401944281621941,6.12323e-17,63.17698636348599,6.12323e-17,1,6.12323e-17,1,22.01912507327013,91.5598055718378,95.4593195014323,1005.1928360410974,1001.619156847565,8.0,0.770573,1.46536,-0.632058,-3.57368
0.436651,0.899631,54.46789772555069,0.0,-1,30.63804235302368,-0.707107,0.707107,-0.92388,-0.382683,7.488765490388585,95.0,95.0,1013.342135843272,1009.7361957646975,8.0,0.833824,0.8364,-0.4,-3.60594
-0.632103,-0.774884,9.308665297789199,4.251663672125644,-0.707107,22.666910506474938,1,0,0.707107,0.707107,6.515173682406813,73.27166324447299,73.36270533891387,1016.6878610540745,1012.6151005304642,6.969652635186375,5.04715,5.00419,1.63945,-4.07276
-0.284359,0.958718,7.51684047332137,3.609502868026198,6.12323e-17,20.048917368634488,-0.92388,0.382683,6.12323e-17,1,9.0,91.1712107902207,72.26904552748968,1021.1198475531545,1017.6247392900179,7.024458684317244,5.27079,1.50577,1.40489,-3.49511
0.726608,-0.687053,0.0,7.314830833552364,-0.707107,39.0,-1,1.22465e-16,-0.707107,0.707107,10.835955952068051,60.082022023965976,65.3280880958639,1029.7818548508699,1027.6851691664478,5.917977976034026,6.82135,8.11553,0.0835956,-2.09669
0.842942,0.538005,0.0,9.283377180448152,-0.382683,27.901137582230337,-0.92388,0.382683,6.12323e-17,1,14.114610737780096,58.41119799108909,58.98425167998957,1020.2692036924387,1016.8494312088848,3.8853892622199044,8.44132,8.4653,1.96404,-3.41977
0.78298,-0.622047,0.860632017890734,2.1139367982109265,0.382683,29.466952196798072,-0.382683,0.92388,6.12323e-17,1,11.745688161016604,66.5818960536722,76.02442412523514,1009.9344831570622,1008.3066095606404,7.860632017890734,4.56096,6.76206,-1.00488,-1.62787
-0.349647,-0.936881,0.18597211242653652,3.3096185221872196,-1,35.28055775146927,-0.92388,-0.382683,6.12323e-17,1,15.280557751469273,75.04409365386245,72.5791633727961,1016.8244462011754,1014.4595159201091,7.464930281066342,5.19915,4.66432,0.0771534,-2.36493
-0.504961,0.863142,0.0,1.881521288472332,0.707107,39.52429702864915,1,0,0.92388,0.382683,11.368925742837714,69.52429702864916,77.12627970020402,1012.5019178227833,1006.6727938127901,7.815537128581144,4.24222,5.87445,0.54562,-5.82912
0.749826,0.661635,2.6380603764790895,7.028747326476078,-0.707107,29.8947468529642,-1,1.22465e-16,-0.707107,0.707107,9.396767294131816,72.70040408823353,66.00808176467046,1016.3947468529642,1013.8846256264942,6.101212264700569,6.84907,5.26378,0.629556,-2.51012
0.990532,-0.137279,0.41403784423883344,1.6426657092236379,-1.83697e-16,41.83044151611972,1,0,-0.707107,-0.707107,8.02918004149194,76.83044151611972,87.97081995850807,1010.5567035534625,1008.064905389403,7.690063073731389,2.02708,4.25436,-3.72634,-2.4918
-0.744104,-0.668064,7.964291015267843,0.0,-0.92388,18.57586303911838,-0.707107,-0.707107,-0.92388,0.382683,3.5892724618303915,93.19195434637281,89.013409422712,1025.373181154576,1022.4731811545761,7.6026818845424025,1.85043,1.09653,3.18751,-2.9
0.192452,-0.981306,0.22928443786530023,3.1,0.382683,27.146422189326504,0.382683,0.92388,0.382683,0.92388,14.1464221893265,67.87853313595902,59.866055473316244,1018.8539087869121,1016.913725428907,6.42678890533675,8.37953,6.32587,1.08536,-1.94018
-0.983709,0.179767,0.16017438234058448,8.63928067284509,6.12323e-17,30.399346066222808,-0.707107,0.707107,0.382683,0.92388,13.398256176594156,72.40152584548011,64.00653933777193,1010.0014168565173,1008.1414604521024,3.8008719117029224,7.56107,5.48063,0.859847,-1.85996
-0.819015,0.573772,36.74028224696295,1.9216284947713318,-0.707107,37.75919501426001,-0.92388,-0.382683,-0.707107,0.707107,10.301226001901334,81.50613000950665,76.807356011408,1023.1179504890673,1020.5239925906835,7.650613000950667,4.211,3.2576,0.708406,-2.59396
0.833556,0.552435,2.4635363431172412,3.389640474038621,-0.707107,24.127072686234484,-0.92388,0.382683,-0.382683,0.92388,7.000000000000001,71.12707268623448,71.50829074493794,1025.3167131602731,1021.5103595259613,7.531768171558621,5.33829,5.38355,0.917403,-3.80635
-0.658402,0.752667,0.2499903948204209,3.825244932079267,-0.382683,33.37521611654053,-0.92388,0.382683,-0.707107,0.707107,10.125264142438423,77.37425559858262,75.74908750793999,1017.7002113139508,1015.8251873010017,6.124879935255262,4.52168,4.12299,1.85005,-1.87502
0.908818,0.417194,0.9956384840957292,5.273131195016661,6.12323e-17,29.86682215767949,-0.707107,-0.707107,-0.382683,0.92388,9.266355684641017,72.75545189488034,77.82320699863679,1028.5021807579521,1026.257865889352,5.489096210239323,3.95614,4.94982,1.24868,-2.24431
-0.645348,0.763889,21.80665931894055,0.0,6.12323e-17,39.047101908183684,6.12323e-17,1,6.12323e-17,1,16.470916680369,88.65374074683066,94.490305560123,1006.9808851784863,1006.0271444316555,8.0,0.942346,2.00713,-0.834626,-0.953741
-0.591261,0.80648,5.7597030670980764,9.483838151955258,6.12323e-17,34.524721625404446,-0.92388,0.382683,6.12323e-17,1,12.300371166127405,71.6996288338726,74.92397929314963,1013.4112175229639,1011.6874536042342,5.0,4.78184,5.51442,-0.46369,-1.72376
-0.932289,-0.361714,3.9052110488329386,5.5064515020764215,-0.92388,26.823821283116114,-0.707107,0.707107,-0.382683,0.92388,14.647642566232223,75.05707230130332,60.11414460260664,1018.688089358442,1016.3409429735071,5.176178716883886,8.33738,4.69626,1.95893,-2.34715
-0.932289,-0.361714,9.372198720714584,9.028118399579657,6.12323e-17,31.145348802311887,-0.382683,0.92388,-0.382683,0.92388,12.71564480126103,69.71564480126104,60.29069760462377,1017.9274841589912,1015.9132663990544,4.285940800210172,8.38298,5.9929,0.856395,-2.01422
0.814046,0.5808,2.8492977427818436,7.927647730144787,-1.83697e-16,24.72352269855214,-0.707107,-0.707107,1,0,5.055295460289572,71.3064658889865,58.557636317683425,1015.4642920365511,1011.0477033984644,4.417056809565643,8.67324,5.38543,3.92212,-4.41659
0.158559,-0.987349,4.506891178251449,3.3053631720735464,-0.707107,34.86217643497101,-0.382683,0.92388,-0.382683,0.92388,13.931088217485506,81.32772054371377,77.82694139017393,1015.3361397281432,1012.5705956194005,6.137823565028988,4.1717,3.43013,0.729404,-2.76554
-0.766659,0.642055,0.9924351793550343,3.002719870968965,0.382683,23.7352312774262,-0.382683,-0.92388,-0.707107,0.707107,9.3676156387131,85.5189120516124,86.37824103224828,1028.1,1025.7264768722575,7.0,2.3196,2.45875,0.921632,-2.37352
0.738326,-0.674444,47.07968159033109,1.888645405520746,6.12323e-17,28.55079687003877,-0.382683,0.92388,-0.707107,0.707107,7.520916358251257,79.56274907475378,84.52689246060876,1021.0807769271412,1020.028685291316,7.502988051178751,2.72515,3.7289,-1.28924,-1.05209
-0.991677,0.128748,0.0,2.124570049705985,0.382683,19.76535628106624,-0.707107,-0.707107,6.12323e-17,1,9.0,74.46928743786752,61.22358694080767,1017.6463146204234,1013.8167077361034,7.0,7.8806,4.69278,2.75528,-3.82961
-0.932289,0.361714,0.0,1.29729258012163,-0.382683,29.588074082674737,-0.92388,-0.382683,6.12323e-17,1,16.382111124012106,73.58807408267474,48.13279627264448,1010.7032555387842,1010.2869944321885,7.485092603343422,12.1031,5.05418,4.15284,-0.416261
-0.217723,-0.976011,2.875520177270147,0.2662548754758071,-0.92388,16.331274377379035,-0.707107,-0.707107,-0.92388,0.382683,5.32818594344759,67.37142401848784,57.7181405655241,1020.9340539679174,1018.633127437738,8.0,8.59664,6.06049,3.70093,-2.30093
-0.150055,0.988678,0.015100672760777844,0.8548658098782793,6.12323e-17,21.773489908588335,-0.707107,-0.707107,0.382683,0.92388,7.000000000000001,72.79194617913777,63.244966361961104,1023.3075503363804,1020.1640939451529,7.0,7.45542,5.13719,1.93591,-3.14346
0.929141,0.369725,12.345471691932081,0.0,-0.92388,37.298693311211764,-1,1.22465e-16,-0.92388,0.382683,12.285708428221959,87.71429157177803,87.48052267551529,1015.694806046804,1014.7051939531959,8.0,2.17579,2.13731,-0.27922,-0.989612
0.276097,-0.96113,11.261011808251448,0.3267622256643593,6.12323e-17,33.544603709440594,6.12323e-17,1,6.12323e-17,1,15.5446037094406,82.82626476031432,90.46007588863611,1008.8436677898253,1007.8901433384966,8.0,1.66957,3.13572,-0.654928,-0.953524
-0.938377,0.345612,3.6461670164346778,6.771820114833133,0.382683,30.0,0.382683,-0.92388,0.382683,0.92388,11.410278360724464,85.23062106510987,59.10256959018112,1027.2973662046998,1024.4947966145187,6.5897216392755364,8.51028,2.55227,4.70255,-2.80257
0.2926,-0.956235,21.83588685321242,2.827077553311952,-0.707107,29.898676999889407,-0.707107,0.707107,-0.382683,0.92388,12.265784666592937,80.84552006657083,71.46843066681413,1015.3965063934314,1013.3704270134247,7.473421533340706,5.46453,3.46093,0.937709,-2.02608
-0.890028,0.455907,0.9180505941360854,0.1601499542972242,-1.83697e-16,20.605248400402846,0.92388,-0.382683,0.382683,-0.92388,6.0,74.18050594136085,79.38350502730533,1017.435351416786,1016.0165510511639,7.199250228513879,3.78465,4.91076,-0.962024,-1.4188
0.357698,0.933837,0.6236295057675493,9.682016039449381,-0.707107,38.957862871231924,-0.707107,0.707107,-0.382683,0.92388,16.999999999999996,61.54778267398502,50.25282277260847,1020.259818366022,1017.4851006432827,6.021068564384039,11.2935,7.95878,1.81475,-2.77472
0.0902516,-0.995919,0.0,6.208274482706458,-0.707107,27.67957771891314,0.707107,-0.707107,0.707107,0.707107,4.8010557027171465,52.56337824869487,70.07746631347885,1017.4591554378262,1015.5066909286307,6.83978885945657,5.60094,10.0569,-1.33099,-1.95246
-0.0473214,0.99888,0.3467975040046094,4.604933071938926,6.12323e-17,31.13791264016133,-0.92388,-0.382683,-0.382683,0.92388,6.133006239988477,71.39411231979258,66.87190016018438,1027.7665031199942,1025.8802943840103,6.334968800057617,6.45025,5.31746,2.57193,-1.88621
-0.995521,0.0945367,6.270496128737963,0.4736124037081242,-0.382683,21.88023256952733,-0.707107,-0.707107,-1.83697e-16,-1,5.776046513905467,92.59201550463516,90.0,1016.4255116235797,1013.3334961189444,8.0,1.63066,1.17894,1.52882,-3.09202
-0.683919,0.729558,0.7724116333630755,0.8965548094813205,6.12323e-17,26.034496642665943,-1,1.22465e-16,-0.707107,0.707107,6.0,76.41378076207472,90.20689038103737,1015.7103579402956,1013.5103624140436,7.551722595259339,1.66863,4.3795,-2.07931,-2.2
-0.696376,0.717677,0.0,9.282388271682278,6.12323e-17,35.22278005169687,-0.92388,0.382683,6.12323e-17,1,18.222780051696866,55.0,53.79277420447634,1010.6445560103393,1010.319167153935,6.746111435956696,10.1586,9.89934,-1.24611,-0.325389
0.962309,-0.271958,11.77597136441428,0.1961130996934528,-0.707107,23.450529703985115,-0.92388,-0.382683,-0.92388,-0.382683,2.0,83.2738511058244,82.27385110582439,1018.8471732289884,1017.0256184688657,8.0,3.11054,2.91491,0.231449,-1.82155
0.962309,-0.271958,0.0,2.3758870317983587,0.382683,48.242346680665484,6.12323e-17,1,0.707107,0.707107,7.483476362681898,68.0330472746362,62.48347636268189,1010.0209299406029,1007.079191759262,4.483476362681898,7.78719,6.3836,0.6,-2.94174
0.651899,-0.758306,0.952078367520673,5.666931428419411,6.12323e-17,21.61980408119832,-0.707107,-0.707107,0.707107,0.707107,6.595048979700421,85.9257346955063,64.54553877670462,1017.5265289807645,1013.9769261233936,7.0,6.97984,2.38695,3.98347,-3.5496
-0.115935,0.993257,0.0,9.855384632797238,-0.707107,43.62510127872667,-1,1.22465e-16,-0.707107,0.707107,17.589473803349517,61.0,55.124696163820005,1022.7463157179905,1020.6516598392969,3.678542491792382,9.66595,7.9911,1.3536,-2.09466
-0.986658,-0.162807,0.0,8.533335557367598,0.382683,28.0,6.12323e-17,1,0.707107,0.707107,13.583338893419,62.555548142108,53.680539801979506,1011.1291669446709,1007.5583338893418,5.277774071054001,10.5052,7.88895,1.87361,-3.57083
-0.954967,0.296713,3.6675237104918987,5.437618552459491,6.12323e-17,24.78777662240548,1,0,0.382683,0.92388,11.225079034972996,76.86174916775656,62.21222337759452,1016.7048261230594,1014.2273340265568,7.0,7.90058,4.33697,3.10868,-2.47749
0.966848,-0.255353,0.7773113660866535,8.027736393039843,1,34.64917622824951,1,0,0.92388,0.382683,13.43278415216634,57.6596704912998,64.68065901740039,1015.5401301363015,1010.8556721584783,4.340329508700196,7.14999,8.92926,0.627736,-4.68446
-0.949718,0.313107,3.36243928893152,4.083756071106849,-0.382683,24.51268213320544,-1.83697e-16,-1,-0.707107,0.707107,10.116747614757973,90.04569167417355,69.51268213320544,1027.1629429747964,1023.702536426641,7.0,5.78259,1.64507,3.79036,-3.46041
-0.932289,-0.361714,26.803346207757514,0.8858464640936955,6.12323e-17,31.36279522849466,-0.382683,0.92388,-0.382683,0.92388,6.5309054243472335,72.67244078341028,65.0,1016.7203346207757,1013.5088385685484,7.194685032642095,6.90909,5.08831,1.70618,-3.2115
0.2926,-0.956235,1.9774575639108853,11.333499813537111,-1,21.94364390977721,-0.707107,-0.707107,0.707107,0.707107,5.977457563910885,65.03381365413367,60.988728781955444,1017.8842202947376,1013.5887287819555,4.033813654133672,8.12367,6.9485,2.8124,-4.29549
-0.0473214,0.99888,0.3619184413061878,4.825148316270922,-0.92388,31.19040779346906,0.382683,0.92388,-0.382683,0.92388,9.380815586938123,68.63517142394677,79.4927246631324,1011.4572659717556,1009.0494161000282,5.619184413061878,3.82597,6.25665,-0.860463,-2.40785
-0.0816764,0.996659,1.0043792253945527,9.13425074481293,0.707107,32.03425074481293,-0.707107,-0.707107,0.92388,0.382683,11.0,55.760244786309485,60.77259940414966,1013.1062875272211,1008.6256025123247,7.0,8.30072,9.50989,2.43178,-4.48069
-0.234491,0.972118,0.014940272578050128,0.03361561330061281,-0.707107,34.92529863710975,-0.707107,0.707107,-0.707107,0.707107,16.850597274219496,59.261454770115876,79.26145477011588,1015.9095115246299,1013.4431271379306,8.0,3.80837,8.556,-2.14109,-2.46638
-0.474951,-0.880012,3.288819451154547,2.6056215214031804,-0.707107,25.777638902309093,-0.92388,0.382683,-0.382683,0.92388,7.000000000000001,72.77763890230909,78.11055560923637,1026.1832604237122,1022.2943784785969,7.944409725577273,3.91902,5.02495,-0.155465,-3.88888
-0.150055,0.988678,20.40906480591247,2.404166538032967,-0.707107,35.56432739511085,-0.92388,-0.382683,-1,1.22465e-16,9.84649109266628,90.33187193177943,72.73026336100058,1014.0440056809551,1015.1195174287664,7.0,5.11862,1.62975,2.13319,1.07551
0.175531,-0.984474,0.08127846165470441,3.788581542878767,-0.707107,30.031961541367615,-1,1.22465e-16,-0.382683,0.92388,10.625569233094087,60.406392308273524,67.22373078957327,1022.4611907638837,1020.4895007646392,7.0,6.25854,8.0159,-2.04475,-1.97169
0.325342,-0.945596,0.0,5.722423853343681,-0.707107,30.211870794388396,-0.707107,-0.707107,6.12323e-17,1,12.239900611067997,61.5638906721748,58.88788073328159,1020.5436109327825,1018.2380049694466,7.0,8.37614,7.55514,2.38442,-2.30561
-0.890028,0.455907,0.9130749850496508,3.625932573256712,1,23.565374925248253,0.707107,-0.707107,0.707107,0.707107,4.260775044851048,79.69612477574475,78.17457468604266,1013.2998550687715,1007.3476275941871,7.0,4.04761,3.69998,1.24777,-5.95223
-0.980469,0.196673,1.266481549821921,2.9604442804273896,-0.707107,32.965648524020565,-1.83697e-16,-1,-0.707107,0.707107,16.065926199287684,72.6675922508904,63.53296309964384,1014.8079809962643,1013.4077033209973,6.266481549821921,7.3462,5.18363,0.770472,-1.40028
0.87796,0.478734,0.8830855358352028,5.383379985774015,-0.707107,28.528190773607996,-0.382683,-0.92388,0.382683,0.92388,11.528190773607996,75.20771383958801,59.207713839588,1016.3047548049052,1012.0783452662247,4.056381547215991,8.71227,4.66228,4.09436,-4.22641
0.761104,0.64863,0.33411818997285636,0.987167379465257,-0.707107,22.88556618612921,-0.382683,0.92388,0.382683,0.92388,5.063103331731815,73.0,86.69625619093377,1014.4556157135994,1012.9796797613328,7.696256190933767,2.3262,5.15439,-2.08738,-1.47594
-0.766659,-0.642055,60.085710894797124,6.517613153775771,6.12323e-17,29.754446220674584,-0.382683,0.92388,6.12323e-17,1,13.895007993035621,83.36833066898812,68.10499200696437,1017.6053354648094,1014.8176131537758,5.245553779325417,6.3959,3.02015,2.07722,-2.78772
-0.534373,0.845249,0.17528881517505876,1.737066777237412,6.12323e-17,30.12355592412471,-0.707107,0.707107,-0.707107,0.707107,6.876444075875296,75.50577630350118,80.11200331712236,1020.9258664455252,1018.0471118482493,7.0,3.60281,4.51851,0.855199,-2.87875
0.823923,0.566702,0.0,8.199904210940046,-0.92388,26.49952105470023,-0.707107,-0.707107,6.12323e-17,1,12.428297745542988,74.28680901782805,64.0,1017.5934524034441,1014.5290640580226,3.357074436385747,7.28566,4.82886,1.87161,-3.06439
-0.919286,-0.39359,41.16966506506125,4.367757608123292,6.12323e-17,37.81578454055404,6.12323e-17,1,6.12323e-17,1,16.999999999999996,79.55919202707764,79.59210772972298,1017.3907798540804,1015.324331375705,7.2960538648614905,3.81787,3.83685,-0.422368,-2.06645
0.611886,-0.790946,0.0,7.592748804248366,-0.707107,24.178751992919395,-0.707107,-0.707107,6.12323e-17,1,10.821248007080607,78.03372807788668,63.195616031862734,1020.717875199292,1017.2161887953977,3.3575039858387843,7.31062,3.91699,2.81788,-3.50169
-0.720667,0.693281,1.1257161868702468,2.5615212112773293,-1.83697e-16,24.371419065648766,0.92388,-0.382683,0.382683,-0.92388,10.373328897302757,77.50668441078896,90.75238728956748,1014.5904841119592,1010.7659138240815,7.375238728956749,1.58267,4.19569,-2.54857,-3.82457
-0.999963,0.008607,0.7389048857296372,10.366413414285017,0.382683,27.679329285749173,0.707107,-0.707107,0.382683,0.92388,11.671731714299671,67.35106100004884,56.68692685719868,1016.2405816713567,1011.7451402142264,2.0,9.38192,6.39082,4.36489,-4.49544
0.966848,-0.255353,0.0,2.2152361291298517,-0.92388,24.425965982803937,-0.707107,-0.707107,-0.92388,0.382683,4.524678005732021,79.75321994267979,75.65450791975171,1025.1555795896822,1023.1555795896824,8.0,4.42681,3.49848,3.73004,-2
-0.976938,0.213521,0.653506581951163,10.519740127073256,-0.382683,54.78355273170543,0.92388,-0.382683,0.92388,0.382683,12.993651334145994,55.36305921219508,42.197401270732556,1009.227388157561,1003.7923519695123,3.178355273170543,14.6107,9.8283,4.87963,-5.43504
-0.809017,0.587785,0.0,7.834966589440994,-0.92388,15.37650921902582,-0.382683,-0.92388,-0.92388,-0.382683,4.239596775743704,86.72617511343579,46.51342166230794,1021.6753018438052,1017.7958387102975,2.102684332461587,12.2655,2.23128,7.95966,-3.87946
-0.333469,0.942761,0.0,9.7967854078783,-0.707107,43.0,-0.707107,0.707107,-0.382683,0.92388,18.6613090131305,51.87887338839076,46.032145921217,1016.4791051512088,1014.3976469966133,2.8306545065652498,12.726,10.7173,1.59839,-2.08146
-0.993747,-0.111659,0.8284611477150614,9.490384289762552,6.12323e-17,32.512502116543416,-0.92388,0.382683,6.12323e-17,1,16.89327069606852,56.03557643464382,54.797113593694036,1011.5177882173219,1010.6309615710238,7.0,9.77154,9.4785,-0.809616,-0.886827
-0.0473214,0.99888,0.3618647628778555,1.7880302396765153,6.12323e-17,34.09533809280536,-0.92388,-0.382683,-0.382683,0.92388,11.643007139208041,70.45233095359731,74.94015119838258,1023.7891432177523,1021.4831583375907,7.0,4.63557,5.64249,-0.841684,-2.30598
-0.365723,0.930724,1.9588926311961055,3.1746147362607524,-1.83697e-16,20.0,-0.92388,-0.382683,1,0,6.0,81.38208421201514,66.93105263335137,1013.9362757894667,1010.3195873685345,6.186210526670273,6.33216,3.23452,2.13338,-3.61669
-0.744104,-0.668064,0.0,7.861223148065723,0.707107,38.166408119848334,-1.83697e-16,-1,0.707107,0.707107,12.722136039949442,55.02747613982305,60.861068019974724,1017.8218257837674,1010.3080877138559,3.5557279201011136,8.10881,9.55972,1.85557,-7.51374
-0.873807,0.486273,0.13170631504857522,9.007335276617551,-0.92388,32.341468424757124,6.12323e-17,1,1,0,11.682936849514247,64.41461577589054,68.36580522734779,1009.3853568354372,1005.5194968307449,3.317063150485752,6.39968,7.28678,1.59513,-3.86586
-0.998186,0.0602133,0.0,2.7628975027272324,-0.92388,26.12726367400565,-0.92388,-0.382683,-0.92388,0.382683,4.1272636740056505,84.31277616036948,82.414587099574,1025.9625552320738,1023.9269214033524,7.92364179559661,3.08261,2.64573,3.7211,-2.03563
-0.989314,-0.145799,0.6238070198304246,3.294074536822935,-0.707107,14.982171026907722,-0.92388,-0.382683,0.707107,0.707107,5.1012061260598465,85.15469304533667,68.81541672097258,1020.4732039568005,1017.3547456288977,5.678552648728185,5.89831,2.43745,6.74583,-3.11846
0.38963,-0.920971,9.084089481293494,0.0,0.707107,24.51323437024873,6.12323e-17,1,6.12323e-17,1,7.9139034073631755,93.7715241481592,92.7715241481592,1020.3235166222985,1014.5918921185722,8.0,1.20444,1.02576,0.90861,-5.73162
0.512371,0.858764,19.139075218963377,0.7816020840601912,-0.707107,28.171116900167195,-0.707107,-0.707107,-0.707107,0.707107,9.605340280200636,88.35509605956528,69.3155323993312,1012.3159231523478,1008.8461901663578,7.56577661996656,6.11594,2.0393,3.75134,-3.46973
0.749826,0.661635,0.0,11.759028474276857,0.707107,30.043898063274792,0.92388,-0.382683,0.707107,0.707107,13.02926537551653,54.9122038734504,54.97073462448347,1008.4112084269628,1004.1112084269628,3.0,10.1151,9.89858,3.17659,-4.3
-0.809017,0.587785,5.998377460841031,1.9570578250328865,6.12323e-17,20.942130905387632,-0.92388,0.382683,6.12323e-17,1,9.0,94.2974581688567,77.18171997963196,1023.3082207181998,1019.9024338087385,7.471065452693814,4.13938,0.939214,1.49421,-3.40579
-0.856551,0.516062,47.82307161420718,0.0,-1,30.996821472962583,-0.707107,0.707107,-0.92388,-0.382683,11.36103575060575,94.63578572235683,93.72525002824891,1017.9466392691684,1011.2846499604515,7.817892861178417,1.02835,0.877189,-0.254314,-6.66199
-0.925925,0.377708,0.20608865313986152,7.254335101451039,6.12323e-17,37.0,-0.707107,0.707107,6.12323e-17,1,17.423891835751732,61.18265959419584,56.15221632849654,1015.3793838792221,1013.9974184502379,7.0,9.45639,8.0691,0.40632,-1.38197
-0.991677,0.128748,16.673948168838283,1.89609332676311,-0.92388,37.27406842940228,0.382683,0.92388,-0.92388,0.382683,6.0,80.11381266766043,90.95016937647232,1011.8490929873564,1009.1416183938273,7.0,1.57406,3.68433,-1.24236,-2.70747
0.990532,0.137279,0.0,9.897445250582603,6.12323e-17,30.258313055771332,-0.382683,0.92388,6.12323e-17,1,13.516626111542667,59.67518249805799,61.450121665371995,1009.0690591955881,1006.6790348625136,5.2583130557713345,8.101,8.62956,-0.890795,-2.39002
-0.317191,0.948362,0.0,6.165267997959708,-1.83697e-16,29.579225356896277,-0.382683,-0.92388,-1,1.22465e-16,9.795383412643618,67.71038732155186,60.34732002040292,1016.9926545377298,1013.3745011726726,7.301154146839096,7.91607,6.04108,2.41931,-3.61815
-0.632103,0.774884,1.2466301133521493,1.1351549171657371,6.12323e-17,46.53369886647851,0.707107,0.707107,0.92388,-0.382683,5.194899912806039,84.83060052316377,95.9872497820151,1018.8881601395103,1016.7012750217986,8.0,0.666448,2.69634,-1.94572,-2.18689
-0.732494,0.680773,23.844189962156115,5.573545577212745,-0.707107,38.308138644964515,-0.707107,0.707107,-0.382683,0.92388,18.09011553747043,81.76744542014194,59.16569960257687,1011.2148241426927,1009.309591792201,6.127907570023654,8.63443,3.31755,2.4564,-1.90523
0.452072,0.891981,0.0,7.900332079915078,6.12323e-17,29.290108335538662,6.12323e-17,1,0.707107,0.707107,14.41978332892268,65.09559584546263,56.25602918761726,1016.3959279253778,1013.1894441757086,5.580216671077318,9.51101,7.08179,1.53242,-3.20648
-0.605056,0.796183,0.08434078691065636,5.173346162841777,-0.92388,42.156592130893436,-0.707107,0.707107,-0.382683,0.92388,14.469776392680307,68.1085196727664,66.54259836383206,1012.9097571484176,1011.3675867549623,4.530223607319691,6.76235,6.38736,-0.0386006,-1.54217
-0.234491,-0.972118,24.089923355242732,1.474608676739185,-0.707107,31.455038322378634,-0.92388,0.382683,1,0,5.190485900127973,74.60317136662401,73.88358062199471,1010.3566240056907,1009.2582096890028,7.0,4.92632,4.69561,2.10159,-1.09841
0.541628,-0.840618,21.047783296814842,0.34971384938180716,-0.382683,14.491415481454215,-0.707107,-0.707107,-0.707107,-0.707107,4.298283096290843,94.80114460247277,75.59084318021783,1014.7304006108654,1011.3204578409891,7.0994276987636145,4.62319,0.863632,4.6216,-3.40994
0.14154,-0.989932,6.388090055649106,3.041376173482479,-0.707107,34.206880867412394,0.382683,-0.92388,-0.382683,0.92388,8.838553003267581,85.0,74.94045027824552,1011.0951479811863,1011.4498456841271,6.617556284780691,4.56441,2.55902,1.62664,0.354698
-0.999667,-0.0258184,2.027623318748919,2.9277802688482812,0.382683,29.366367712890966,0.92388,-0.382683,-1.83697e-16,-1,13.633632287109036,74.92040358886297,81.29730941601866,1010.9454932737299,1006.6355829598625,7.0,3.37721,4.80438,-3.31096,-4.30991
0.78298,-0.622047,0.49355032554700434,0.9403054576681283,-1.83697e-16,42.75808713138172,1,0,-0.707107,-0.707107,6.306409613148239,77.75808713138171,89.69359038685177,1009.9338557832151,1007.8661241861325,7.822583875911674,1.71654,4.07233,-4.44195,-2.06773
0.749826,-0.661635,0.0,9.836018868099735,0.707107,29.29236824941443,1,0,0.92388,0.382683,11.940676642689837,58.05932335731016,57.29236824941443,1016.8,1013.7940676642689,7.0,9.16703,8.97629,-0.311015,-3.00593
-0.999963,-0.008607,5.391825829112137,0.0,-1.83697e-16,22.0,0.382683,-0.92388,-0.92388,0.382683,2.7397822863901715,75.77418357396314,91.81505442840246,1016.5924727857988,1015.2,8.0,1.39108,4.54971,-2.46301,-1.39247
0.452072,0.891981,8.688162671768234,6.897327054915409,6.12323e-17,36.992363014044024,-0.382683,0.92388,-0.382683,0.92388,15.996181507022012,71.49045376755502,67.46754280968709,1017.1601190063917,1015.1091643831471,6.003818492977988,6.47023,5.53777,0.00572774,-2.05095
0.793572,-0.608477,0.37312984003371596,0.6851890791402429,-0.382683,31.13435079983142,0.382683,-0.92388,0.707107,0.707107,4.738929399072811,88.11908880236012,87.5893166017701,1022.0596947600505,1019.1454965801938,7.73129840033716,2.11434,1.98926,1.89924,-2.9142
0.803928,-0.594727,36.12068718593739,0.08104961760553775,6.12323e-17,57.43730927114165,6.12323e-17,1,6.12323e-17,1,20.3527672077508,91.18950382394463,94.16326338380618,1006.7851335570381,1003.8224522475294,8.0,0.995683,1.53253,-0.743149,-2.96268
-0.504961,0.863142,2.2111544664884817,3.4969578727758686,-0.382683,35.994929787959784,-0.92388,0.382683,-0.707107,0.707107,14.005070212040218,81.03549148428154,74.53802659030164,1023.9665366005345,1022.2167901111366,7.0,4.70232,3.34108,1.59544,-1.74975
0.9711,0.238673,0.0,5.278784510206225,-0.92388,34.67878451020623,-0.707107,0.707107,-0.382683,0.92388,10.678784510206224,60.082836142852145,56.761620653058365,1017.6720202581633,1016.3238379346942,5.880810326529183,9.31562,8.40549,0.0715138,-1.34818
0.0387223,-0.99925,2.9673668569264553,7.204079142884192,0.382683,34.25394888909928,-0.707107,0.707107,0.382683,0.92388,15.213157460257348,67.95920857115807,46.23815333270216,1019.7802638096141,1017.7310535874338,7.0,12.5981,6.32374,2.88276,-2.04921
0.982126,-0.188227,0.0,8.768022246392539,-0.707107,35.560074154641796,-1,1.22465e-16,0.382683,0.92388,8.40018538660449,65.29990730669775,53.4399258453582,1017.9200556159813,1014.2600741546418,5.140018538660449,10.4638,7.03896,3.17597,-3.65998
0.276097,-0.96113,2.703475071042304,6.7736316197365385,0.382683,29.427889434250012,0.382683,0.92388,0.382683,0.92388,12.054735210538466,78.62684577628845,67.79105140790385,1016.3925280289346,1013.7980015499884,7.0,6.56921,4.03813,2.099,-2.59453
-0.333469,-0.942761,0.0,11.566750803314559,0.707107,27.467003213258238,0.707107,0.707107,0.92388,0.382683,13.93400642651647,53.865488753596175,48.131987146967056,1016.5065993573483,1013.5532996786742,2.5989903602252933,12.1202,10.2658,0.806599,-2.9533
0.584298,0.811539,5.307126168616375,0.3196553735377187,-0.92388,26.518399519967808,-0.92388,-0.382683,-0.707107,-0.707107,9.125292049213437,81.94596963695031,82.53563084308188,1012.9606892529246,1009.7732184578459,7.732184578459062,2.97108,3.08731,-0.273218,-3.18747
0.852078,-0.523416,0.0,6.5521919816847936,-0.92388,33.25949858730077,-0.92388,0.382683,-0.382683,0.92388,11.00584528449278,66.0,56.0,1025.1352406566557,1022.5862635814418,5.746346697192012,9.1201,6.46018,2.82332,-2.54898
0.0730951,0.997325,0.506478450685958,4.479858838014469,-0.707107,30.633098063357444,-0.92388,0.382683,6.12323e-17,1,9.201411619855316,77.8274515839362,72.12956901371916,1025.0690824470942,1022.7323922534299,7.366901936642552,5.22918,4.0169,0.46331,-2.33669
-0.991677,-0.128748,0.0,8.241410775207406,-0.707107,30.494273850138267,-0.92388,-0.382683,-0.92388,0.382683,10.011452299723457,64.57443994820247,58.98854770027654,1024.79638181388,1021.4469544288661,3.988547700276543,8.35065,6.86996,1.66088,-3.34943
0.467359,-0.884068,0.0,11.97198831345382,0.707107,28.8534112436412,0.707107,-0.707107,0.92388,0.382683,10.706822487282396,50.9869393527442,53.2801168654618,1012.3130606472557,1008.3570372741634,4.146588756358801,10.583,11.0897,2.45472,-3.95602
-0.954967,-0.296713,0.03237860736434083,7.57235398468992,6.12323e-17,30.0,-0.707107,-0.707107,6.12323e-17,1,14.676213926356592,69.0,61.64757214728682,1018.9143208895349,1016.0305101932171,5.514320889534887,8.05015,6.14813,1.53524,-2.88381
-0.766659,-0.642055,0.11912369969019512,1.5748971052666827,-0.92388,37.764947987607805,-0.707107,0.707107,-0.382683,0.92388,10.191236996901953,68.16932948915684,72.10360696592146,1017.2235052012392,1015.6235052012391,7.595618498450976,5.41185,6.3748,-1.19562,-1.6
0.625411,-0.780296,19.24731616422114,1.6934456294493452,6.12323e-17,43.312734131192805,6.12323e-17,1,-0.382683,0.92388,14.999999999999998,84.0,76.68726586880719,1012.6996253900916,1010.7141697015594,5.458177245871459,4.41138,2.86106,2.43564,-1.98546
-0.766659,0.642055,0.0,9.106443271460826,-0.707107,36.68814423820275,-1,1.22465e-16,0.382683,0.92388,11.220360595506873,63.88981970224656,52.31185576179725,1018.7661081786521,1015.3881442382028,5.422036059550687,10.7587,7.38165,2.72474,-3.37796
0.966848,-0.255353,0.7415485506244998,1.0538713765612495,6.12323e-17,20.07742753122499,-1,1.22465e-16,0.382683,0.92388,7.769356882806248,84.21482971565251,58.04580072814251,1021.2415485506245,1017.3570340568696,7.35387137656125,8.6219,2.71851,3.203,-3.88451
-0.720667,-0.693281,0.0,9.293135886566102,-1,26.703337985675248,-1.83697e-16,-1,6.12323e-17,1,12.627644595818985,60.28960975880746,47.04137282268678,1018.6918195065043,1014.6166432001164,2.1654912907471178,12.0934,8.01457,3.66206,-4.07518
-0.444378,0.895839,0.0,9.844079225216252,1,22.737483682715855,-0.92388,-0.382683,6.12323e-17,1,9.368741841357926,74.07814539660518,58.81562907932104,1013.3771658795986,1010.0984109844132,3.0,8.87462,4.93895,4.03907,-3.27875
0.996298,-0.0859648,0.0,9.683191294613742,0.382683,28.0,6.12323e-17,1,0.707107,0.707107,16.457978236534352,58.722695684620874,45.53572832981933,1011.2728989118267,1007.8457978236534,3.3613478423104315,13.2533,8.95453,2.40063,-3.4271
0.677615,0.735417,0.0,2.1335774808567654,-1.83697e-16,30.77098592553548,1,0,0.92388,0.382683,10.083943702141914,54.66422519143235,54.664225191432344,1014.6549296276772,1011.6694366649097,7.770985925535479,9.92826,9.91663,0.158028,-2.98549
0.158559,0.987349,0.0,3.3091995285665465,-0.707107,42.45400235716727,-1,1.22465e-16,-0.707107,0.707107,13.0,66.45400235716727,72.72700117858363,1021.3887246169603,1020.7863500589292,6.931750294645909,5.22141,6.73621,-1.45905,-0.602375
0.992749,-0.120208,8.008989577687272,7.429216127483628,6.12323e-17,35.533710916327266,-0.92388,0.382683,6.12323e-17,1,9.651684037187882,75.0,78.78652770249694,1015.101120679954,1013.338199670657,5.488763027890911,3.94546,4.7682,-0.625282,-1.76292
0.852078,-0.523416,7.301471697485232,7.230667453078763,0.382683,36.743867927144876,-0.707107,0.707107,0.382683,0.92388,15.251226414571027,72.0652594327848,58.0049056582841,1019.6794410385078,1016.7291957555935,6.562806603642756,9.02242,5.43268,1.6814,-2.95025
-0.150055,-0.988678,0.4562261426236645,9.864821883667062,-1.83697e-16,21.831027354583828,-0.92388,-0.382683,1,0,8.746541031875742,68.0,53.74654103187574,1017.5705033414384,1012.9620547091677,1.168972645416172,10.0978,6.07955,6.03948,-4.60845
-0.938377,-0.345612,1.6784671388780943,2.120292011141336,-0.382683,14.670802833268565,-0.707107,-0.707107,-0.92388,-0.382683,6.721532861121907,91.88613144448763,73.56934277756189,1020.4493795750097,1016.2063138527658,5.556934277756189,4.86856,1.32025,3.87982,-4.24307
-0.959933,0.280231,0.0,7.429942401638196,0.382683,24.77919066598409,0.92388,-0.382683,0.707107,0.707107,9.0,54.33757199795226,54.67514399590451,1013.2883237336064,1009.7545665338112,5.168785998976127,9.98599,9.94683,1.85457,-3.53376
0.915864,0.401488,5.905979422935041,0.3193671785360765,6.12323e-17,27.54376117351989,0.382683,-0.92388,1,0,2.253466014711172,88.74653398528883,78.23960195586648,1017.9377817505849,1015.0262567041119,7.9493067970577656,3.9274,1.91125,0.977426,-2.91153
-0.976938,0.213521,0.0,8.431288369935341,0.382683,26.826805015583563,-0.92388,-0.382683,0.707107,0.707107,5.983246865260271,72.22345438863562,61.84355815032329,1017.4173194984417,1013.1189948119156,4.016753134739728,7.80328,5.15253,4.57095,-4.29832
0.833556,-0.552435,0.0,8.084208601736277,0.707107,32.494956301935964,1,0,0.707107,0.707107,12.816347746158531,56.862260809618896,61.183652253841466,1016.4556520240473,1013.5464694113551,6.954086936539633,8.02005,9.29909,-1.81736,-2.90918
-0.534373,0.845249,0.0,11.55999489031517,0.707107,26.784988503209142,0.707107,-0.707107,0.707107,0.707107,8.729997445157585,50.43002299358173,52.94500894194845,1015.5970028103267,1011.8025019161319,5.270002554842414,10.6241,11.2343,2.0215,-3.7945
-0.67126,0.741222,1.2259920929081396,4.91299604645407,6.12323e-17,28.711185754878635,-0.382683,-0.92388,-0.707107,0.707107,11.064980232270347,77.77256918705378,70.28881424512136,1027.403608691623,1024.0584822090434,4.516245058067588,5.59169,3.91312,3.22238,-3.34513
0.957485,-0.288482,16.248655588010134,2.701328477148879,-1.83697e-16,43.95133166411708,1,0,-0.92388,-0.382683,6.269911222392195,72.82742544937365,89.80973366717659,1006.3884971546037,1003.6044261325175,7.269911222392195,1.78523,5.31117,-2.87301,-2.78407
0.702527,-0.711657,1.932660328585588,7.239056673449161,-0.382683,25.23905667344916,-0.707107,-0.707107,-0.707107,0.707107,10.079685557816388,80.66330164292795,62.68125776873445,1024.694613162258,1021.9043773306203,4.840628884367226,7.46987,3.38452,4.00617,-2.79024
0.952378,0.304921,4.692722283807125,0.13240277557831692,-0.92388,19.1061804125906,-0.92388,-0.382683,-0.707107,-0.707107,4.486041633674754,83.84347264011977,82.37986122108416,1014.7609165742894,1011.3525415544941,7.162013877891584,3.01836,2.75766,-0.491625,-3.40838
-0.696376,-0.717677,42.838299238360726,1.180328815255896,6.12323e-17,47.644817812869,0.382683,0.92388,-0.382683,0.92388,14.683059320620089,84.95082203813973,76.0,1009.5081915160926,1007.6934381275345,5.316940679379913,4.58747,2.68487,2.95738,-1.81475
-0.83828,0.54524,0.06143686027417711,8.339223547943673,6.12323e-17,37.0,-0.707107,0.707107,6.12323e-17,1,19.232039246572786,56.84310580822531,52.53592150685442,1012.3055332808264,1011.6829897643869,7.0,10.4531,9.2824,-0.931709,-0.622544
0.512371,-0.858764,0.008952737455304208,3.4478034632598282,-0.92388,33.35810949821217,-0.707107,0.707107,-0.382683,0.92388,9.089527374553041,64.31334581093564,59.98480112008346,1017.6641890501788,1016.0641890501788,7.044763687276521,8.39789,7.31973,-0.644764,-1.6
-0.150055,0.988678,0.0,2.138450910214097,-0.707107,30.320082113248546,-0.707107,0.707107,-0.382683,0.92388,10.546721408832362,58.298606450284396,51.607950732050874,1024.9007540165808,1022.4471556588456,6.381311436467055,10.3884,8.47631,0.939205,-2.4536
0.124479,0.992222,8.90332316176488,4.895998122171978,0.707107,23.8566580599549,-0.92388,-0.382683,0.382683,0.92388,7.869997652714972,83.0,71.01333959276008,1013.142007980769,1009.0940089196831,3.2600046945700556,5.61998,3.03143,2.48567,-4.048
-0.234491,-0.972118,1.1381695408808872,7.754576147797782,0.707107,22.0,-0.707107,-0.707107,6.12323e-17,1,8.05152538259926,79.7423730870037,64.69084770440443,1021.1259664800868,1017.8630851344369,4.422711926101108,7.14305,3.65072,3.93092,-3.26288
-0.798779,0.601624,0.0,9.43978143535924,0.707107,38.523011483424966,0.92388,-0.382683,0.92388,0.382683,15.622465071823065,60.9005464116019,56.96684880386731,1012.3648208613258,1008.3270673685081,4.9668488038673,9.52446,8.27314,2.54438,-4.03775
0.405426,-0.914128,14.8322004150776,0.0,-0.707107,21.46078112793953,-0.707107,-0.707107,-0.707107,0.707107,8.296919677731562,89.46078112793954,88.3753574218525,1014.7385202758638,1013.3432837280075,8.0,2.02958,1.82705,0.246777,-1.39524
-0.83828,-0.54524,0.0,10.724987732390964,-1,32.1744128987865,-0.707107,0.707107,6.12323e-17,1,15.348825797572989,56.872064493932484,49.95352260728102,1016.4866070805707,1015.021489660328,4.238380651820257,11.471,9.28799,1.66162,-1.46512
0.935368,0.353676,6.468774283234888,3.4737456860264553,-1,26.590148900622093,-0.92388,0.382683,0.382683,0.92388,7.590148900622094,75.95074450311047,75.75418104657848,1021.2837343447121,1017.2066896745256,5.934478847822671,4.44853,4.38598,0.644238,-4.07704
0.908818,0.417194,3.5897163496089277,2.3042848543296137,-0.382683,27.77771875748601,-0.382683,0.92388,-0.707107,0.707107,9.384574524413392,82.76057934016755,66.23942065983245,1022.0025177943352,1019.8068026486648,7.0,6.58757,3.05123,0.729031,-2.19572
-0.873807,0.486273,0.4596815127611311,2.154031848723887,0.382683,25.05649664037244,-0.382683,0.92388,6.12323e-17,1,8.137133614850178,65.3790445382834,73.21777058932791,1010.8967643693734,1009.1887006719255,7.459681512761131,5.12326,6.95824,-0.443554,-1.70806
-0.82877,-0.559589,29.569878752012123,7.488673017484549,6.12323e-17,24.455600462217735,-1,1.22465e-16,6.12323e-17,1,13.0,78.91120092443546,62.37966705184811,1018.2328204391068,1013.6770939188091,2.3796670518481102,7.73812,3.81559,4.26203,-4.55573
-0.944188,0.329408,1.4332960322368713,4.276670396776312,-0.382683,30.300111903289384,0.382683,-0.92388,-0.707107,0.707107,12.688938623684171,85.54435740855268,75.30011190328938,1027.9989050526974,1024.860022380658,7.0,4.49308,2.45546,1.92552,-3.13888
0.405426,-0.914128,0.0,6.889706681246576,-1.83697e-16,43.969587921864886,1,0,0.92388,0.382683,12.995321218748442,50.00233939062578,59.978945484368,1014.7025733296884,1013.3983624265619,7.002339390625778,8.29065,11.3492,-2.79415,-1.30421
-0.381689,0.924291,0.0,7.170929449386378,-0.707107,35.0,-0.92388,-0.382683,-0.707107,0.707107,11.129202447171654,84.32168715234882,56.096901835378745,1029.3804877363661,1026.5481871245734,4.096901835378741,9.14806,2.66244,4.99341,-2.8323
-0.882048,-0.47116,5.172680143496399,5.132048293206148,0.707107,27.968477088649692,-0.707107,-0.707107,0.92388,0.382683,10.97898472576646,83.95271563297453,63.97373090720807,1026.4338018861642,1022.0343272680203,6.994746181441615,7.11801,2.76113,3.40053,-4.39947
0.107381,0.994218,83.97104412231623,0.19587811742611527,6.12323e-17,39.061874920274896,-0.382683,0.92388,-1,1.22465e-16,10.484531269931276,88.96906253986255,89.92784371412371,1025.313393784282,1023.944321908086,8.0,1.70445,1.87507,0.0154594,-1.36907
0.37372,0.927542,0.0,8.240435179533176,-1,26.629193113618822,-0.707107,-0.707107,-1,1.22465e-16,10.258386227237644,58.145965568094105,49.05621032957177,1022.9213055385994,1020.372982784047,5.112420659143535,11.1077,8.22761,4.9146,-2.54832
-0.897743,0.440519,1.838513949636648,5.190217312827701,6.12323e-17,31.0,-0.707107,0.707107,6.12323e-17,1,8.925697481832389,67.80743025181677,68.45944201453409,1015.4222907554503,1012.9570895791786,6.614860503633523,6.25855,6.40222,0.219257,-2.4652
-0.0129103,0.999917,0.0,6.409037085833882,-0.707107,26.492715785066473,-0.707107,-0.707107,6.12323e-17,1,9.379012142358823,58.416913356594705,55.4548145708306,1020.8583086643405,1018.381049392882,7.0,9.31437,8.33113,2.92799,-2.47726
-0.890028,0.455907,40.87373695943799,0.07900135587918561,-1,34.58002711758371,-0.707107,0.707107,-0.92388,-0.382683,7.469905088457007,91.83994576483258,77.61970170657916,1012.6969227148865,1007.840971526537,8.0,4.14642,1.37764,2.83906,-4.85595
0.584298,0.811539,0.27622409297825623,1.2687030469728735,-0.382683,32.16607837288051,-0.92388,0.382683,-0.707107,0.707107,8.166078372880516,84.35840348668462,82.88288534624974,1019.4129242343806,1017.8200923041144,7.690560232445641,3.05975,2.74279,1.53322,-1.59283
-0.999074,0.0430222,14.371969721831029,0.0,-0.92388,29.18048998879646,-0.707107,-0.707107,-0.92388,0.382683,8.914797330345722,95.60650333706783,82.39349666293215,1022.3924881979833,1019.2285861957427,7.47869933258643,3.01302,0.691031,2.61177,-3.1639
-0.605056,0.796183,31.252022796685758,0.6763006525250321,-0.707107,27.734104237243674,6.12323e-17,1,-1,1.22465e-16,6.086705211862183,93.65895927972105,89.01156025433956,1015.8092485339031,1013.0537571652684,6.653179152551266,1.91083,1.07071,0.985549,-2.75549
0.651899,-0.758306,28.49570893530377,4.463524004075238,-0.707107,37.25097524197642,-0.707107,0.707107,-0.382683,0.92388,17.209146034980346,85.99609903209435,61.45622030905109,1009.505743307862,1007.8471824180674,6.832683172015722,8.0222,2.49176,2.49163,-1.65856
0.988023,-0.154309,5.912718894964913,8.898676000884953,-0.707107,34.932860688434545,6.12323e-17,1,0.382683,0.92388,13.966430344217274,70.96643034421727,72.93286068843456,1009.8885581363595,1007.7053429642508,7.0,5.32028,5.80943,-0.893286,-2.18322
-0.788305,-0.615285,19.67964106829526,7.9444202458662945,6.12323e-17,27.249455531991646,-1,1.22465e-16,6.12323e-17,1,13.722101229331475,69.69583586268803,59.11159508267409,1015.4892760661393,1012.1973734633357,2.3610506146657384,8.77495,5.9263,3.614,-3.2919
-0.732494,-0.680773,1.7012064340902102,7.939760202398485,6.12323e-17,22.4096415446115,0.382683,-0.92388,0.382683,0.92388,8.927713235689202,76.180716910777,63.79517922769425,1022.6554190252957,1019.6385512862807,4.5180716910777,7.21953,4.3224,2.85904,-3.01687
0.651899,0.758306,1.593027324400905,7.162051664636569,-0.382683,30.585653268370216,-1,1.22465e-16,-0.382683,0.92388,12.516929963458246,66.44820665854627,47.31076004872233,1020.2931276695089,1018.1172309987819,7.0,12.1048,6.60072,3,-2.1759
0.2926,-0.956235,0.0,8.028401053726332,-0.707107,30.539378941473593,-0.92388,-0.382683,-0.707107,0.707107,11.0,63.97135786694693,52.17661052126307,1029.1813842101053,1026.572553684042,3.362768420210513,10.1368,6.80263,4.59021,-2.60883
-0.519744,0.854322,2.5923486363642394,6.689287761025932,-0.92388,30.82519120161989,-0.382683,-0.92388,-0.707107,0.707107,10.902884000899942,80.99999999999999,84.01942319982001,1014.4718658393341,1011.7990583190822,6.038846399640024,2.84504,3.43033,0.184461,-2.67281
0.860961,-0.508671,1.7344350239662114,4.6974918257073295,-0.92388,27.130274313724225,-1.83697e-16,-1,-0.382683,0.92388,12.130274313724223,76.86972568627577,59.80244943355527,1028.911374895423,1026.08574785185,7.096636187363975,8.14016,4.17181,1.80043,-2.82563
0.996298,0.0859648,0.636003145589106,0.8713366536773895,0.382683,17.473345566179855,-0.382683,-0.92388,0.382683,0.92388,4.473345566179856,78.82668064706269,64.12001048529702,1016.9786764529439,1013.4966780257384,6.646664919117163,7.26852,3.83939,3.46467,-3.482
-0.618671,0.78565,1.9704452960396948,6.806824788543075,-0.382683,28.0,-0.92388,-0.382683,-0.382683,0.92388,8.227299154172302,76.15905126874155,69.85222648019847,1022.7931170722778,1019.4772119454036,3.534123942715376,5.87365,4.42428,1.72955,-3.31591
-0.744104,0.668064,18.20936051215277,0.9341490973126461,-0.707107,18.13510774649162,1,0,0.707107,0.707107,6.46436225992839,96.24574257360386,93.5037216068974,1016.9297338380263,1013.6039359346969,7.89680838668258,1.0941,0.622941,0.310319,-3.3258
0.2926,0.956235,0.33398349291000784,2.1097523936501177,0.382683,29.650412677249804,0.382683,0.92388,0.382683,0.92388,13.679669858200157,72.33983492910008,68.60165070899922,1018.1331581384104,1016.4700673494154,6.660165070899922,6.14945,5.29946,0.0427606,-1.66309
-0.459733,-0.888057,0.19116691245797995,7.7321713367016205,0.382683,40.51418018518889,0.92388,-0.382683,-1.83697e-16,-1,21.6025110606091,72.7350073737394,44.943279259244406,1013.5321713367017,1009.2233382491595,1.264992626260601,12.6069,5.06118,2.75109,-4.30883
0.24285,0.970064,60.40767174772391,3.788263756969931,6.12323e-17,48.17555977696221,0.382683,0.92388,0.707107,0.707107,11.823472486060139,85.29388994424055,68.94083491636083,1010.7535388963685,1009.3946641338226,6.411736243030069,6.24244,2.6559,2.49413,-1.35887
-0.991677,-0.128748,0.0,7.7009697506512484,6.12323e-17,27.994181496092512,-0.92388,-0.382683,-0.382683,0.92388,12.996120997395007,74.00840450564415,65.99159549435586,1028.9994827996527,1025.1999353499564,2.999353499565835,6.50793,4.60774,3.80162,-3.79955
-0.658402,0.752667,0.5553547348502562,5.233935795449232,0.382683,28.0,-0.707107,0.707107,-0.707107,-0.707107,2.888386837125641,75.66516051137693,72.4419341856282,1018.2653864346704,1014.9539991950895,7.0,5.27996,4.53602,1.25626,-3.31139
0.893919,0.448229,0.0,5.909815177122001,0.92388,28.258891062732,-0.707107,-0.707107,0.707107,0.707107,11.839260708488,64.31247082656934,60.946420236162666,1018.129445531366,1014.1723093424358,7.0,8.07372,7.12264,1.82589,-3.95714
0.0902516,0.995919,0.0,8.286577373085471,-0.707107,29.43572571747206,-0.707107,-0.707107,6.12323e-17,1,13.122870860966474,62.12287086096648,61.18430629144971,1014.7844082228997,1012.5592662802974,4.938564569516762,8.17298,7.8641,1.07599,-2.22514
-0.25119,0.967938,26.307458109124852,0.0,-0.707107,38.34850326669778,-0.707107,-0.707107,-0.92388,0.382683,10.758954842427071,87.0,63.218290257526256,1014.7182470887818,1014.6941425730245,8.0,7.55552,2.30214,2.21791,-0.0241045
0.497513,-0.867456,0.05379526570834368,7.384157391375094,-1.83697e-16,62.84818937166626,0.707107,0.707107,0.707107,0.707107,13.537952657083437,53.613857971250305,63.268976328541726,1014.4772284057499,1008.661385797125,4.537952657083437,7.57019,10.206,-0.0420787,-5.81584
0.677615,0.735417,1.4696386388998826,4.603700486107185,0.382683,28.844405833286217,-0.707107,0.707107,0.707107,0.707107,11.0,83.57779708335688,63.311188333427566,1020.3177449582932,1016.7792251527361,4.0,7.58275,2.92284,4.68814,-3.53852
-0.999074,0.0430222,4.069702702262491,4.308041127759233,6.12323e-17,38.579077553807025,6.12323e-17,1,-0.382683,0.92388,13.962461808774439,81.0026674475706,75.77210340507604,1016.3193025851268,1014.6270769681289,7.0,4.53986,3.45556,0.246113,-1.69223
-0.976938,0.213521,0.16870506389220502,5.790467723622718,6.12323e-17,33.31294936107795,0.382683,0.92388,0.382683,0.92388,17.312949361077955,69.95233861811359,61.78237340269487,1017.5952338618114,1015.5,6.578237340269488,7.99643,5.90399,1.72311,-2.09523
0.625411,-0.780296,15.187318307596046,2.3860255138772923,-0.707107,22.32111221306347,-0.92388,-0.382683,-0.707107,0.707107,7.818632648163611,74.66055610653173,82.59068367591819,1014.8051540750209,1013.0437566264086,8.0,3.1138,4.79774,-1.94975,-1.7614
-0.683919,0.729558,0.0,8.796051638496175,0.707107,35.5493545187978,0.92388,-0.382683,0.707107,0.707107,15.509870903759557,52.8240317781967,54.27467725939889,1015.5430903673683,1011.3450645481201,3.764806355639339,10.0702,10.3633,1.75296,-4.19803
-0.67126,0.741222,0.37804695414141004,2.4957230321716977,-0.707107,30.835352156060573,-1,1.22465e-16,0.382683,0.92388,12.7804695414141,75.1218781656564,75.68281724848461,1026.5780469541412,1024.0780469541414,7.945117385353525,4.38843,4.49544,0.23293,-2.5
-0.82877,0.559589,0.0,10.707655155913224,0.707107,27.269137889783064,0.707107,-0.707107,0.707107,0.707107,11.179425259855375,60.00658053539772,60.46172422043387,1011.622548900764,1008.0962931653254,2.089712629927688,8.53255,8.47732,2.83589,-3.52626
0.999852,-0.0172134,0.10448691521423378,5.671478983750908,-0.382683,22.955130847857667,-0.92388,-0.382683,6.12323e-17,1,13.0,66.38782711964416,57.730785087145975,1024.9852513890703,1021.5689032531772,5.522434576071169,8.63373,6.25262,4.88974,-3.41635
0.9711,0.238673,11.400919855632399,2.384822607315542,6.12323e-17,32.48817344561924,-1,1.22465e-16,0.382683,0.92388,12.289093301251643,89.64454665062583,75.53088038498026,1022.3980946169402,1019.0649145928788,7.355453349374178,4.61112,1.78062,2.55591,-3.33318
-0.381689,0.924291,0.13003347008864563,1.1494979486703156,0.382683,30.551171453102597,0.382683,0.92388,0.382683,0.92388,11.699665299113544,67.50167350443228,73.25418376108071,1012.6993305982271,1010.1593975384044,7.650167350443228,5.07064,6.40991,-0.815519,-2.53993
0.935368,-0.353676,2.2541211002170773,10.727060550108538,6.12323e-17,26.55288074620114,-0.92388,0.382683,6.12323e-17,1,13.188183496743838,61.282275245115756,62.0,1012.6823486247287,1010.7188183496744,6.270605501085388,7.84259,8.00219,0.427061,-1.96353
0.992749,0.120208,7.464532644444277,0.0,-0.382683,43.45625265608434,-0.92388,0.382683,-0.707107,0.707107,11.046094746031624,91.24270877601406,92.24270877601406,1015.0728126328042,1013.853151229806,8.0,1.32583,1.49757,0.539323,-1.21966
0.97874,-0.205104,7.299255968747316,5.198867086379034,-0.707107,35.0,0.92388,-0.382683,6.12323e-17,1,10.924247535376345,73.74619551002688,76.97345290389784,1016.022725739387,1012.6946905807796,5.113628696935481,4.34627,5.06794,-0.631434,-3.32804
-0.999074,0.0430222,0.0,7.6150016434767185,-0.707107,29.76999671304656,-0.92388,-0.382683,-0.707107,0.707107,11.0,68.81496877394234,57.07998685218625,1028.8230003286953,1025.6150016434767,3.0,8.85946,5.84669,2.7955,-3.208
-0.82877,0.559589,16.248424212215838,1.8029014509586605,6.12323e-17,34.0605302652698,6.12323e-17,1,6.12323e-17,1,16.060530265269797,74.21310655149259,72.789394694604,1016.1842421221585,1014.4525262640442,7.4697348673651,5.19327,4.87847,0.107504,-1.73172
0.405426,0.914128,0.0,3.652825729398529,-0.707107,30.55896783825184,-0.92388,0.382683,6.12323e-17,1,10.764128646992646,62.0,73.17935676503676,1016.7867344821809,1015.3928765910341,7.441032161748161,5.10751,7.76775,-0.494349,-1.39386
0.226116,-0.9741,2.462955291208967,2.688706877963845,-0.92388,33.35963095286334,-0.92388,-0.382683,-1,1.22465e-16,6.0,85.33720370445408,83.4269126980911,1022.9403690471366,1019.7088914015321,7.0,2.88405,2.48807,2.01013,-3.23148
0.611886,0.790946,0.1710288962266137,3.7048960212239814,-0.707107,36.4345665566008,-0.707107,0.707107,-0.707107,0.707107,13.0,61.99300568396574,71.68930601416336,1023.0209829481028,1020.7340696367826,7.427572240566534,5.40513,7.76522,-1.1965,-2.28691
0.988023,-0.154309,0.0,8.317613812359461,-0.92388,41.392046041198206,-0.92388,0.382683,0.382683,0.92388,16.999999999999996,61.17613812359462,58.411930938202694,1014.0198848970045,1010.9923286361428,5.215907917603591,8.91798,8.13239,0.698012,-3.02756
-0.999074,0.0430222,0.09231970192384249,7.315438658657292,-1.83697e-16,44.92319701923843,-0.382683,0.92388,0.92388,0.382683,10.230408942284726,58.77037168276504,53.99921937495024,1014.2845613413427,1010.5842490913227,5.15360596152315,9.92546,8.52215,1.30823,-3.70031
0.803928,0.594727,2.8466207003221666,2.828565502040914,0.382683,19.090206848550253,-0.382683,-0.92388,6.12323e-17,1,9.706758599355668,86.26317245112759,77.1880000773357,1024.5819448017187,1021.0894620390978,7.0,4.12482,2.33229,2.08421,-3.49248
0.714673,0.699458,3.813567300719575,6.723282687194354,0.382683,17.786432699280425,-0.92388,-0.382683,0.707107,0.707107,6.262144233093475,83.14573079712171,62.35929809784128,1017.2515086684889,1013.5893644353955,3.310721165467375,7.65062,2.96779,3.33107,-3.66214
0.192452,0.981306,27.471426396184672,0.9883194087695905,-0.707107,39.87899134072761,-0.92388,-0.382683,-0.707107,0.707107,14.121008659272388,87.08067243951493,65.39495670363804,1022.8972272021148,1020.7931935801391,7.479831890121268,6.7169,2.16896,3.38916,-2.10403
0.00430354,-0.999991,0.0,3.2011279249114826,-1.83697e-16,26.853634113309727,0.382683,0.92388,0.707107,0.707107,8.14636588669027,58.597744150177036,59.3050123767965,1011.5998998645698,1007.4304011022496,6.0,8.60073,8.68847,1.58168,-4.1695
0.941317,-0.337523,0.1753330755724899,8.17666537786245,-0.707107,32.13665764503715,0.707107,-0.707107,-0.382683,0.92388,12.506661511449797,61.616673110687756,84.54663058014859,1016.6423295958011,1015.1216595782435,6.87666537786245,2.69145,7.91379,-5.10232,-1.52067
-0.284359,0.958718,0.36700243361115686,2.5629732302772745,-0.707107,31.185133848613628,1,0,-0.707107,-0.707107,6.912469579860539,84.82493915972107,79.76762776458574,1014.8084403765267,1012.4929488941657,7.417506084027892,3.60935,2.65772,-0.973046,-2.31549
0.0730951,-0.997325,9.233599954029115,10.030971425287794,0.382683,25.467199908058227,-0.707107,-0.707107,6.12323e-17,1,12.467199908058227,69.69028574712206,57.46194285057558,1015.2538057149424,1012.3005257057483,2.385828551726763,9.13667,5.91818,2.43753,-2.95328
-0.720667,0.693281,0.0,2.4826143640151987,0.382683,20.09658686658223,-0.92388,-0.382683,6.12323e-17,1,9.077269493265781,74.0,56.903413133417764,1019.407276608081,1015.5430137487165,7.009658686658223,8.94226,4.72079,3.60773,-3.86426
0.935368,-0.353676,1.6003325330062383,6.798384839683985,0.382683,29.99643714636173,-1,1.22465e-16,0.382683,-0.92388,4.0004750471517685,72.00546304224535,88.00213771218296,1005.5040141484325,1004.1037053677838,7.000237523575884,2.12471,5.4811,-2.19919,-1.40031
0.341571,-0.939856,0.0,10.2661487627619,0.707107,22.0,-0.707107,-0.707107,6.12323e-17,1,9.370945819153444,72.77432508507933,59.927364547883606,1012.789493110111,1009.2709458191534,3.74189163830689,8.58548,5.23785,3.94358,-3.51855
-0.0473214,-0.99888,10.63455724057112,0.30801805504013713,0.382683,38.45567500927753,0.382683,0.92388,6.12323e-17,1,8.68774722943808,78.29531390847478,91.38396388991973,1012.417729996289,1010.8721624953612,8.0,1.47937,4.03893,-1.97849,-1.54557
0.992749,0.120208,20.386618369654553,0.4583886159082804,0.382683,38.123668822528295,0.382683,0.92388,0.382683,0.92388,19.393309184827274,76.33705045287374,67.93258990942525,1018.9921438550804,1017.4112517463908,7.0,6.40291,4.47947,0.73482,-1.58089
-0.989314,0.145799,0.014005941149494204,7.828011882298989,-1,26.490207940232295,-0.707107,-0.707107,-1,1.22465e-16,9.560237645979766,55.840356468969645,50.70029705747471,1022.0762019990829,1019.2972109108069,6.929970294252529,10.5428,8.78825,4.48795,-2.77899
0.772157,0.635432,0.0,7.458264092034607,0.382683,27.981029132743004,6.12323e-17,1,0.707107,0.707107,11.037941734513993,66.14228150442747,61.180223238941466,1011.018970867257,1007.3531184283195,7.0,8.30396,6.94865,1.39241,-3.66585
-0.150055,-0.988678,0.010536767195445718,0.05268383597722859,-0.92388,16.789264656091085,-0.92388,-0.382683,-0.92388,-0.382683,3.894632328045543,82.20974246034157,85.94632328045542,1019.9842941375636,1018.294830904759,8.0,2.35418,2.98276,2.28419,-1.68946
-0.865307,0.501242,12.03122697990024,6.0947955033499595,1,32.73436976815915,0.382683,0.92388,6.12323e-17,1,19.55728294693191,77.40621860895487,75.76039225140934,1013.7010475960863,1012.2947955033501,5.911456589386382,4.6507,4.29677,-0.00885434,-1.40625
-0.30082,-0.953681,1.571545120021704,0.8661629041143653,0.382683,29.699225814349912,-0.382683,0.92388,0.707107,-0.707107,6.887209680381218,67.56395159809391,67.90232255695027,1010.5969774246861,1008.0721709710988,7.0375967732062605,6.2953,6.30322,1.4857,-2.52481
0.584298,-0.811539,1.0242624077721945,3.6334432427470684,0.382683,26.16174938514796,0.707107,-0.707107,0.382683,-0.92388,4.95956265371301,70.56065601943048,81.76284275086543,1010.6336601973646,1009.3775945954216,7.0,3.33778,5.80788,-1.86415,-1.25607
0.690173,0.723644,1.8192427927726722,1.7261201802365174,-0.382683,15.515456756636034,-0.707107,-0.707107,-0.92388,-0.382683,6.580757207227328,91.32302882890932,76.38485585545344,1020.3226814865046,1016.36116707205,5.838485585545344,4.25311,1.41359,3.16186,-3.96151
0.325342,-0.945596,0.0,4.413916581382916,0.382683,21.89036547924207,-0.382683,-0.92388,-1,1.22465e-16,8.086747884276017,71.55481726037897,77.86083418617083,1017.9751199665412,1015.040420812831,7.728313028930996,3.93831,5.15308,2.16301,-2.9347
0.527078,-0.849817,0.07965747679512711,0.5008563080121823,-0.707107,33.177735991683264,-0.707107,0.707107,-0.382683,0.92388,9.796574767951272,64.381161223732,64.1520467513178,1022.4959273290266,1020.3543859746046,7.398287383975635,7.10435,7.05719,-0.15589,-2.14154
-0.925925,0.377708,0.4951764096017227,9.217470598399713,-0.92388,43.615817287102814,-0.707107,-0.707107,1,0,12.358104654219987,65.27509800533429,56.449803989331414,1012.6375490026671,1007.4833986702228,1.1833986702228603,9.55026,7.00553,3.48253,-5.15415
0.512371,0.858764,0.2654518144686312,1.3791189016965304,-0.382683,32.35459324679895,-0.92388,0.382683,-0.707107,0.707107,8.354593246798954,83.95444304257367,82.2634793319463,1019.8492015140204,1018.2482903748719,7.663629536171578,3.17711,2.8155,1.57092,-1.60091
0.999407,-0.0344216,0.3045038383269046,5.370267272471071,6.12323e-17,34.13511514980714,-0.707107,0.707107,6.12323e-17,1,14.045038383269047,66.52251919163452,51.450383832690456,1020.1684731317116,1017.8639692933849,7.0,10.8931,6.64763,2.82073,-2.3045
-0.645348,-0.763889,0.0,7.905498987903109,0.707107,22.141825542522838,1,0,0.707107,0.707107,10.070912771261419,63.39363084310787,67.53545638563071,1019.5920385538849,1015.554267758797,6.0,6.41788,7.39523,0.505499,-4.03777
-0.96901,-0.247022,0.0006692724085958446,7.0762408294948465,-0.707107,27.973229103656166,-0.382683,-0.92388,-1.83697e-16,-1,3.9933072759140416,78.0,47.097044499246394,1022.666201743366,1018.1735637398606,3.013385448171917,11.756,3.82276,5.87758,-4.49264
0.325342,0.945596,0.934621533075305,3.7569083206192673,-0.707107,31.140418431914178,0.382683,-0.92388,-0.707107,0.707107,14.73848613230122,74.32689233462347,62.86924306615061,1017.1641871151653,1015.2661194147784,5.934621533075305,7.43829,4.74571,1.61672,-1.89807
0.87796,0.478734,0.0,7.874386193016565,0.382683,24.594005752909766,0.92388,-0.382683,0.707107,0.707107,9.0,53.78201725872929,53.56403451745859,1013.362397698836,1009.8841959729632,4.891008629364647,10.3194,10.1052,1.9842,-3.4782
-0.882048,0.47116,7.334267666550351,1.3687570582653175,-0.92388,22.97381081431866,-1.83697e-16,-1,1,0,5.3246036047728875,82.05643643383803,81.73183282906514,1017.019955654967,1012.8433418409974,6.969752751843309,3.1952,3.14174,-0.352416,-4.17661
-0.200891,-0.979614,7.783090500155026,2.218684141172913,-0.92388,25.137786739063035,-0.707107,0.707107,-0.382683,0.92388,11.275573478126065,85.17327956562181,80.34655913124361,1019.5311066304686,1017.6897706087497,6.862213260936968,3.59288,2.61805,1.32667,-1.84134
-0.365723,-0.930724,15.10793005201599,5.2014845086005215,-0.707107,39.356434137883575,-0.707107,0.707107,-0.382683,0.92388,14.643565862116422,78.16337198293657,60.82178293105821,1014.6965310774735,1012.6252442498969,7.0,8.15762,4.05994,1.49852,-2.07129
0.598181,0.801361,0.998156324508385,5.91589846854516,-1,20.88171903975483,-0.707107,-0.707107,0.707107,0.707107,5.386328228483868,69.10906258278709,60.00000000000001,1014.7532264321104,1011.3245780297948,7.277265645696773,8.38152,5.94747,3.70591,-3.42865
-0.591261,0.80648,0.0,7.020678204115069,6.12323e-17,29.10339102057534,-0.707107,-0.707107,6.12323e-17,1,14.820678204115067,69.0,61.35864359176986,1019.9200332080663,1016.9662366693009,6.089660897942466,8.11325,6.13257,1.66276,-2.9538
-0.925925,0.377708,2.864697968339031,0.23903358926771287,-1.83697e-16,15.99221489884711,0.707107,-0.707107,0.382683,-0.92388,6.496107449423556,93.96268442393257,96.18818781003417,1022.0121341759052,1019.2219328214646,7.954899322779677,0.616175,0.977076,1.14588,-2.7902
-0.333469,0.942761,0.0,7.220414358547026,0.707107,27.12425921056708,1,0,0.707107,0.707107,12.56212960528354,59.65680559207469,68.78106480264177,1014.9210069900934,1012.1911250328671,6.0,6.25609,8.56982,-0.179586,-2.72988
-0.949718,-0.313107,0.0,10.348282196756498,0.707107,33.90880817297538,1,0,0.92388,0.382683,14.650219156757863,68.12554789189466,60.69206845405608,1019.5376643675684,1015.525109578379,4.566520562161424,8.19759,6.26553,1.70837,-4.01255
-0.30082,0.953681,0.09955004583748508,9.603149679137605,-0.707107,28.373312671890567,-0.92388,0.382683,6.12323e-17,1,15.755624427031433,65.1109389324214,56.986501375124554,1023.3479752062686,1020.3475252521063,3.4977502291874254,9.22587,6.97923,2.25112,-3.00045
0.749826,-0.661635,1.826150581464345,4.2007316868399665,6.12323e-17,30.694909882915976,-0.707107,0.707107,6.12323e-17,1,7.1743372097623,67.56415697559426,69.6513255804754,1015.847454941458,1013.2736055229224,7.0,5.97331,6.45313,0.213075,-2.57385
-0.83828,0.54524,0.0,2.5968896939955806,0.382683,20.010053389283083,-1.83697e-16,-1,6.12323e-17,1,10.2120640671397,76.0,71.16179712072427,1012.3272384402838,1009.0100533892831,6.1919572885735334,5.66939,4.57841,0.404021,-3.31719
-0.0129103,0.999917,4.614372242562903,3.4898265160181365,0.382683,17.40270507723083,0.382683,-0.92388,6.12323e-17,1,9.07186121281451,83.23052045194558,80.00746840675103,1019.9014936813502,1015.9791884768307,5.964069393592745,3.62245,2.96081,1.21078,-3.92231
0.996298,-0.0859648,10.087711046750522,2.49481930374114,6.12323e-17,35.0,6.12323e-17,1,6.12323e-17,1,16.999999999999996,64.88012039718728,65.10903581772237,1018.8449399018843,1015.9683736331924,7.411445771026755,7.00639,7.03114,0.588554,-2.87657
0.467359,0.884068,3.339923751272277,5.054775403251747,-1.83697e-16,33.141355879359345,-0.707107,-0.707107,6.12323e-17,1,13.0,75.8056356658809,67.98233051508008,1011.0469915452402,1008.1363898542884,6.0,6.55772,4.63007,3.13639,-2.9106
-0.986658,-0.162807,0.04632040874739884,11.756817854076155,6.12323e-17,28.579005109342486,0.382683,0.92388,0.382683,0.92388,12.768397956263005,50.96861737176445,46.737015328027454,1013.715691314118,1010.2125530512942,2.4632040874739882,12.5631,11.1118,0.972619,-3.50314
-0.632103,0.774884,12.186426410482632,2.099600776778901,0.382683,44.810379803748575,0.382683,0.92388,6.12323e-17,1,16.999999999999996,74.40319378576879,64.80638757153758,1017.5662667211942,1015.0275442355016,7.600798446442198,7.09855,4.83514,1.23832,-2.53872
0.988023,0.154309,0.11553123938967538,9.805903636107201,6.12323e-17,32.80744793435054,0.707107,0.707107,6.12323e-17,1,16.61489586870108,53.25158842672148,63.22979173740217,1009.6177109083216,1008.8251588426722,3.8074479343505407,7.7057,10.5779,-1.27639,-0.792552
-0.658402,-0.752667,0.0,5.192429436869351,6.12323e-17,20.04326036074656,-0.707107,-0.707107,6.12323e-17,1,13.0,69.0540754509332,65.11896599205305,1025.1372724769176,1021.65133209416,7.0,6.8392,5.82209,2.28918,-3.48594
1,0,3.8957193503318135,0.7433528228936241,-0.707107,16.336413302382883,-0.92388,-0.382683,-0.92388,-0.382683,2.0,72.87629636502115,71.87629636502115,1020.6530643155489,1019.0504054447065,8.0,5.11794,4.85331,1.43538,-1.60266
-0.856551,0.516062,1.922807014657095,7.441512231465394,-0.382683,29.0397825517263,-0.92388,-0.382683,-0.382683,0.92388,11.0,73.0397825517263,65.58487768534604,1016.7083518633635,1013.8213491452601,6.870027181034212,6.961,5.11353,2.7195,-2.887
-0.991677,0.128748,5.089797465838023,0.32126418914038996,-0.382683,19.02370354638231,-0.707107,-0.707107,-1.83697e-16,-1,5.204740709276463,92.40158023642549,90.0,1017.5109926523747,1014.6094124159492,8.0,1.62332,1.2074,1.26221,-2.90158
0.452072,-0.891981,4.340521176453192,4.916172647019684,-0.707107,29.459568382450794,-0.92388,-0.382683,-0.707107,0.707107,10.297394117734035,77.27043970603457,66.08086323509842,1029.9188680881896,1026.462129485265,7.0,6.48956,3.98107,3.09735,-3.45674
0.908818,-0.417194,11.517595965057522,0.0,-0.707107,20.613984370635134,-0.707107,-0.707107,-0.707107,0.707107,8.538861608389963,88.61398437063514,90.31089286711969,1016.0329096048863,1015.0489743391493,8.0,1.67001,1.98281,-0.285496,-0.983935
-0.919286,0.39359,0.10161448934962528,9.471762826327685,1,32.15321258875312,1,0,0.92388,0.382683,12.322570071002497,61.645140142005005,61.69357482249376,1017.887084085203,1012.0628995248509,7.0,8.04113,7.90094,2.57015,-5.82418
0.952378,0.304921,15.127796742779001,5.938136808807522,-0.382683,42.43559609354506,-0.707107,-0.707107,-0.382683,0.92388,10.398306189825021,87.15762866575503,76.40677524069993,1024.854241045405,1022.1903426740156,5.361016286104988,4.29488,2.17184,2.35017,-2.6639
0.860961,-0.508671,7.9507423578555105,4.153054642852187,6.12323e-17,36.50225142873001,0.382683,0.92388,0.707107,0.707107,11.093890714295625,82.37556285718252,64.56334428577375,1018.4141474998959,1016.398649142762,6.046945357147813,7.33104,3.23361,2.67653,-2.0155
0.625411,0.780296,5.6663663742805035,5.796820741175254,-0.707107,31.702278381666257,-1.83697e-16,-1,0.707107,0.707107,6.61590938850875,73.83408406429874,57.60908733789499,1017.3759041507546,1012.6911313342022,6.768181222982499,8.86273,4.81182,3.72182,-4.68477
-0.912375,0.409356,5.401647537896285,0.13305874368395226,-0.92388,16.853072250293547,-0.707107,-0.707107,-0.707107,-0.707107,3.926536125146773,89.19189737661449,83.37555706374756,1013.6975286931555,1010.0783389554941,7.036731937426613,2.83171,1.79049,-0.11919,-3.61919
-0.267814,-0.963471,0.017091894806669762,8.671810788949976,6.12323e-17,37.0,-0.707107,0.707107,6.12323e-17,1,19.786351314916626,55.51275684420009,51.427297370166734,1011.3632027646416,1010.9734703169067,7.0,10.7693,9.67246,-1.3419,-0.389732
0.999407,-0.0344216,4.38980823299603,6.778070886729655,-0.707107,38.304822783175865,-0.382683,0.92388,6.12323e-17,1,11.34758860841207,73.0,81.52411391587933,1016.8088262653733,1014.752411391588,5.826205695793966,3.36724,5.1721,-0.517653,-2.05641
-0.645348,-0.763889,0.32030787485195,6.826080528326012,6.12323e-17,23.60153937425975,-0.707107,-0.707107,0.382683,0.92388,7.000000000000001,60.38691531879212,84.82001186537674,1022.4191533441572,1019.0988454693052,5.39846062574025,2.5874,7.93099,-2.76439,-3.32031
-0.999074,0.0430222,0.0,6.3949764853342375,6.12323e-17,26.740444154007694,0.382683,0.92388,0.382683,0.92388,13.0,56.55733507595384,52.55733507595383,1015.0778667537977,1011.9446668844943,5.1488896149807655,10.5496,9.30843,1.16298,-3.1332
-0.519744,0.854322,0.0,10.637956425340208,-0.382683,27.514268161255874,0.707107,-0.707107,0.382683,0.92388,10.567351953926893,62.83675976963446,53.56735195392689,1017.4502301604198,1012.4583921719382,1.7836759769634465,10.2634,7.46734,4.36204,-4.99184
0.814046,-0.5808,0.5109562200058354,5.938611763274007,-0.707107,28.408698166618038,-0.707107,-0.707107,-0.382683,0.92388,9.890437799941646,74.25564513346949,71.65737320035012,1025.8292165866822,1022.7511290266939,6.554781100029176,5.3433,4.73657,1.26713,-3.07809
0.309017,0.951057,0.5610903710278635,3.412639995561921,6.12323e-17,19.986370362151707,-0.382683,-0.92388,-0.707107,0.707107,7.791822217291022,85.40272592756966,84.65179262382352,1026.6665422261672,1023.8914488957925,5.208177782708977,2.66126,2.4725,2.52937,-2.77509
0.761104,0.64863,4.6600756020646426,8.715144903957235,0.382683,30.0,0.382683,-0.92388,0.382683,0.92388,13.100126003441073,73.82414947677276,59.52503150086027,1021.9320999390746,1018.7070684382144,4.899873996558927,8.51099,4.9156,3.47741,-3.22503
0.467359,0.884068,4.290646465881141,8.115502962918658,0.382683,26.09649948072709,0.382683,-0.92388,0.382683,0.92388,11.616966216630145,64.90350051927291,60.52046673590306,1015.6657899688437,1011.9397666320485,4.04093347180611,8.36741,7.10237,2.46433,-3.72602
-0.986658,-0.162807,6.301776983908564,10.196950415137055,0.382683,31.45425622705582,-0.707107,-0.707107,6.12323e-17,1,15.362768681167466,61.84752075685274,55.423760378426365,1009.3261736628122,1008.10514471901,3.4847520756852743,9.89173,8.08698,0.375603,-1.22103
0.92264,0.385663,0.0,12.001762731826275,0.92388,26.035254636525497,0.707107,-0.707107,0.92388,0.382683,9.0,54.38542243129215,52.98237268173725,1013.3352546365254,1009.8808478069599,3.0352546365254938,10.7284,10.0735,3.07885,-3.45441
0.625411,0.780296,0.0,11.195969353387396,0.707107,22.040306466126033,-1.83697e-16,-1,0.92388,0.382683,7.014656896773103,74.90473017097483,59.00366422419327,1013.8853431032269,1009.5846102583882,6.003664224193276,8.90351,4.8237,3.49524,-4.30073
0.98522,-0.171293,1.0871768307102392,6.276922400275249,-0.707107,28.923074667584164,0.707107,-0.707107,0.707107,0.707107,4.0,51.74358548321453,72.0,1016.9410284729221,1015.0230805318654,6.794872296092407,5.15303,10.2946,-2.11026,-1.91795
0.999407,-0.0344216,0.8585908028550081,5.607184918040918,6.12323e-17,29.60985775535314,-0.707107,-0.707107,-0.382683,0.92388,9.780284489293718,72.92676149643124,76.19576578390323,1028.5707045985725,1026.1122527280336,5.14647700713752,4.28545,4.90217,1.59986,-2.45845
-0.755493,-0.655156,10.18349906348095,3.6753305593172003,0.707107,28.85231121228631,6.12323e-17,1,0.382683,0.92388,15.09818597815654,84.65593925597321,83.0330018730381,1016.6050322450515,1013.4574254214335,6.754125234129763,3.06439,2.74084,0.377063,-3.14761
-0.645348,-0.763889,0.1495743208184457,6.67648987713544,-0.707107,29.7648987713544,-0.92388,-0.382683,-0.707107,0.707107,7.260641979538858,79.01702716726217,79.18401972685908,1028.6025540750893,1026.3260641979539,6.243614812276686,3.7192,3.70021,1.80936,-2.27649
-0.82877,0.559589,0.0,8.104595480701475,6.12323e-17,27.930269679532355,-0.92388,-0.382683,6.12323e-17,1,13.06973032046765,68.4421574362588,50.278921281870595,1019.8060236893577,1016.6304293015214,4.93026967953235,11.2846,6.25029,1.99303,-3.17559
-0.944188,0.329408,1.6108585942101121,10.80507855877216,0.707107,32.4746072061392,0.92388,0.382683,0.92388,0.382683,13.210157117544318,58.26445008859488,52.26445008859488,1015.7735549911405,1012.8735549911405,1.89492144122784,10.6938,8.86355,1.50543,-2.9
-0.577292,-0.816538,1.482655745970008,11.452405812537357,0.92388,37.0,0.92388,-0.382683,0.92388,0.382683,16.901902246268858,61.83923910149245,66.83923910149245,1010.068481902388,1005.8845579922388,1.559492734328305,6.85831,8.1189,0.38038,-4.18392
-0.949718,0.313107,0.9085135804452585,4.193649384897844,-0.707107,27.085135804452584,-0.707107,-0.707107,-0.382683,0.92388,10.255407413357757,78.28716048886855,71.63782712875863,1028.498987657792,1025.8904740773467,7.457432097773707,5.29518,3.86776,1.32237,-2.60851
-0.809017,0.587785,14.3168134385419,5.723004198844429,-0.92388,33.91479304095506,-1,1.22465e-16,-0.92388,-0.382683,10.697132573115821,72.86445111105444,68.86445111105444,1020.065917216382,1018.1271097777891,6.1735092982411395,6.152,5.1951,1.12618,-1.93881
-0.115935,0.993257,0.0,7.881632500114947,0.382683,35.267853128017386,-1.83697e-16,-1,0.382683,0.92388,11.36224375086211,68.54847187313209,63.451528126867906,1012.7403093725574,1009.1857174975862,6.0,7.55967,6.25834,1.01939,-3.55459
0.946988,0.32127,0.38134146266429475,8.781920739023127,-0.707107,32.04664634333926,-0.707107,0.707107,6.12323e-17,1,12.233231716696316,73.39359753658958,60.73033533490216,1022.8367377983126,1021.0600609699824,4.906707313321474,8.12344,5.03112,1.75598,-1.77668
0.738326,0.674444,17.139565210502884,0.0,6.12323e-17,34.64193655072976,6.12323e-17,1,6.12323e-17,1,15.399389971799133,88.17750665413296,94.1331299905997,1007.5047426804539,1007.0272360263208,8.0,1.00544,2.0977,-0.882249,-0.477507
0.325342,-0.945596,3.845264480032819,1.0773677599835907,-0.382683,14.33025819987693,-0.382683,-0.92388,6.12323e-17,1,7.295612933305986,89.96535473342904,84.19167713359315,1021.1965354733429,1017.3591225866611,6.852193533347008,2.75908,1.68591,1.26952,-3.83741
0.452072,0.891981,0.12752052630676225,5.553133552627818,-1,17.495913157859633,-0.707107,-0.707107,0.707107,0.707107,4.177111842092725,68.14168947367418,60.00000000000001,1016.2768390789632,1012.4370571052747,7.035422368418545,8.32414,6.11808,3.8752,-3.83978
0.570242,0.821477,3.2205534462246197,7.703063394356097,0.382683,35.025691807780774,0.707107,-0.707107,-0.707107,0.707107,13.380434980931417,59.251975942027556,70.55533549961665,1019.1251975942027,1017.7200592326467,4.987154096109613,5.69906,8.49522,-0.555534,-1.40514
-0.989314,-0.145799,12.274848576181293,0.5746482981204845,-0.382683,52.83702130142283,-0.92388,0.382683,-0.707107,0.707107,14.863178976637979,91.08450567293171,91.40040055612161,1016.1199198887757,1015.0583504282628,7.79476846495697,1.46507,1.5183,0.243662,-1.06157
0.570242,0.821477,5.305914938190619,0.3205637963570358,-0.92388,26.557764508804883,-0.92388,-0.382683,-0.707107,-0.707107,9.14648858166417,81.91266080024202,82.52957469095308,1012.9588724072859,1009.7735212654522,7.735212654523453,2.97213,3.09348,-0.273521,-3.18535
0.992749,-0.120208,0.9125563842310106,2.5034774014438166,0.382683,20.939473448085376,-0.382683,-0.92388,-0.707107,0.707107,7.969736724042688,85.71860903942246,90.37218078844944,1028.1,1026.0060526551918,7.0,1.6036,2.42131,0.622086,-2.09395
0.957485,-0.288482,4.450529818792177,5.306191432877716,-0.707107,35.98940362415646,-0.382683,0.92388,-0.382683,0.92388,14.49470181207823,82.73675453019557,71.06357825506124,1014.6316227349023,1011.5842718288632,5.010596375843541,5.6821,3.14177,1.71573,-3.04735
0.651899,-0.758306,0.0,8.30965606565425,0.707107,33.0,1,0,0.92388,0.382683,13.0,57.03049283890815,60.99491786018197,1016.8096560656543,1013.8918685762911,7.0,8.0632,9.24943,-1.87306,-2.91779
-0.381689,-0.924291,11.302571224497145,3.478571464248751,6.12323e-17,42.04428580704675,-0.382683,0.92388,-0.382683,0.92388,13.0,69.17142828601,73.73714262880799,1010.1911428385906,1008.2998571264455,7.30428570715025,5.06211,6.08606,0.295714,-1.89129
0.611886,-0.790946,13.370704481276077,5.804878358167318,-1,28.63418656175125,-0.92388,0.382683,0.382683,0.92388,9.195134326692692,82.4633806015951,67.60973134661461,1009.7536873095604,1005.3561328310741,1.2927014900390386,6.42083,3.13523,2.79755,-4.39755
0.541628,-0.840618,0.10652050388015241,5.743451085363354,-1.83697e-16,42.72821763580533,-0.382683,0.92388,0.92388,0.382683,10.739179844793904,66.66301259700381,55.88055213138552,1013.8,1008.5619731976179,4.402192441797714,9.37337,6.43095,3.48257,-5.23803
-0.865307,0.501242,3.271214706812969,6.394695068519876,-0.382683,29.6969757807364,0.382683,-0.92388,0.382683,0.92388,11.0,87.05304931480126,59.18939013703975,1028.065919813548,1025.3318295888807,7.0,8.46878,2.20948,4.86743,-2.73409
0.677615,0.735417,0.0,11.235796709918318,1,29.78106227989109,6.12323e-17,1,0.707107,0.707107,16.999999999999996,61.56212455978218,55.5769048192921,1012.8139029379073,1009.9482216218747,6.562124559782184,9.79053,8.05732,1.34231,-2.86568
-0.115935,0.993257,0.5266240828383191,3.8894479930968067,6.12323e-17,32.788959861936135,-0.707107,-0.707107,-0.382683,0.92388,6.1055200690319325,69.31656020709579,70.68832110451092,1027.752760034516,1026.0949680621286,7.0,5.57677,5.8062,1.7573,-1.65779
-0.980469,-0.196673,0.6034098659419808,0.7085246648549518,6.12323e-17,13.170493297099037,-1,1.22465e-16,0.382683,0.92388,6.042623324274759,91.81245737319105,62.880654692030674,1021.103409865942,1015.8375085253618,7.008524664854952,7.29512,1.32988,4.27357,-5.2659
0.833556,-0.552435,2.8892693527693774,10.166235300290907,-0.707107,81.33904029154066,0.92388,0.382683,0.707107,0.707107,12.75393189504306,54.79972134111006,52.10730647230623,1015.9432012478125,1011.706291032069,1.3691021574354103,10.9237,10.0092,1.38154,-4.23691
1,0,0.17658125382749223,7.32812203384093,-0.707107,46.477781498787,-0.707107,0.707107,-0.707107,0.707107,16.999999999999996,69.59487522964953,67.522218501213,1019.4550438227224,1017.6613688380323,7.117093730862539,6.48358,5.99095,0.107266,-1.79367
-0.925925,0.377708,39.50507624358618,1.9450212572421264,0.707107,26.967841959112764,0.92388,0.382683,0.382683,0.92388,14.032158040887232,88.12863216354893,72.51607902044361,1016.1807051754677,1013.8065866448022,5.45176293866915,5.33577,2.08128,2.69663,-2.37412
0.209315,-0.977848,0.181302743888916,8.29348628055542,-0.707107,32.5325685972229,-0.707107,-0.707107,-0.707107,0.707107,16.62605487777832,66.81302743888916,58.78467835277955,1028.1569356705559,1025.7036788108335,5.5325685972229,8.37565,6.24975,3.24306,-2.45326
-0.932289,-0.361714,4.485889692928681,1.1001534813125964,0.382683,41.430215871206386,0.382683,0.92388,6.12323e-17,1,10.715491638884684,73.14340529040213,81.1403356641502,1012.4710887199508,1010.9710119792944,8.0,3.43674,5.16729,-1.48535,-1.50008
-0.983709,0.179767,2.0273279393606125,7.677142376754903,6.12323e-17,45.18758432341007,-0.92388,-0.382683,0.707107,0.707107,12.324224020213128,74.32422402021312,61.32422402021312,1018.0242240202132,1013.2324224020214,4.0,7.905,4.68603,4.62422,-4.7918
0.962309,-0.271958,1.2774190576072821,2.447005085988297,6.12323e-17,28.281105460013006,0.92388,0.382683,0.707107,0.707107,6.718894539986996,73.51151712808843,76.14285385208063,1016.4497687360208,1012.5953908452211,7.4562210920026,4.45772,4.97696,1.18249,-3.85438
-0.976938,-0.213521,8.676224333682033,0.0,-1.83697e-16,42.50942168338083,1,0,-0.707107,-0.707107,4.406521359077955,81.03260679538978,92.00000000000001,1008.17855158609,1006.5836966023052,8.0,1.31791,3.42912,-5.04768,-1.59485
-0.998186,0.0602133,0.14678198379074034,7.208165789279625,0.382683,39.935639675814805,0.92388,0.382683,-1.83697e-16,-1,20.669549594768508,72.7339099189537,52.57924291766673,1013.7266090081047,1009.3201729756861,2.5965404862777897,10.1725,5.05063,2.27512,-4.40644
0.664855,0.746972,44.47806777889049,0.6127561873082489,-0.382683,27.818904682706226,-1,1.22465e-16,-1,1.22465e-16,7.648822185262905,79.0960540685721,81.26613656601543,1016.6881920291726,1015.2179564662254,7.478739687819585,3.38889,3.83761,-0.446773,-1.47024
0.421101,0.907014,0.9164140702762876,8.281344723646392,-0.92388,38.18655276353608,-0.92388,0.382683,-0.707107,0.707107,12.450231155432984,67.60448241215465,70.0224120607732,1022.9047457290237,1020.342056281731,3.5273567837938122,5.8396,6.40013,0.0263678,-2.56269
0.259512,-0.96574,0.14717131935320074,9.816972083880795,-0.382683,31.98114212902134,-0.707107,0.707107,6.12323e-17,1,15.490571064510668,54.16985404834068,54.50942893548933,1020.4547411096512,1017.8019124290043,3.9811421290213382,9.7219,9.72445,1.27547,-2.65283
-0.976938,0.213521,0.0,8.304542857613283,0.707107,19.78670329851263,0.707107,-0.707107,0.707107,0.707107,7.314681319405052,66.0,60.25872527762021,1017.2010527465651,1013.0842659340298,6.055956041784844,8.41617,6.80295,2.73706,-4.11679
0.772157,-0.635432,0.0,6.162400631980433,0.707107,23.679199789339854,-1.83697e-16,-1,0.707107,0.707107,8.679199789339854,63.245601474621004,59.83959989466993,1015.6631597788069,1012.2867196629437,6.839599894669928,8.53524,7.54336,1.73684,-3.37644
0.598181,0.801361,38.501988026220964,0.9686257483611899,-0.707107,29.331982242509522,-0.92388,0.382683,-0.92388,-0.382683,7.002026636235714,89.32184906133097,86.64977803136905,1012.4336035514981,1010.1674097666197,7.3319822425095245,2.35107,1.86057,-0.299797,-2.26619
-0.995521,0.0945367,14.769413392760258,2.9160700939030524,0.707107,20.95476012520407,-0.92388,-0.382683,0.707107,0.707107,9.0,83.83929906096947,76.74881931137762,1012.6502361377245,1008.0798781940663,6.238690031301018,4.34338,2.86328,2.08518,-4.57036
-0.591261,0.80648,4.6978735092863655,6.688756053623705,-0.707107,23.188464041334445,-1,1.22465e-16,-0.707107,0.707107,9.419457896941568,85.95135525764609,67.81153595866556,1025.872036140204,1022.2699096494903,5.860180701019477,6.23196,2.38294,4.37629,-3.60213
-0.618671,-0.78565,0.1905013688914512,0.4445031940800528,0.382683,17.952506844457258,-0.382683,-0.92388,0.382683,-0.92388,4.211668187657168,70.96335462720036,64.68249771851424,1019.9649954370285,1017.0274111150512,7.894165906171416,6.66117,5.13521,3.3905,-2.93758
0.998667,0.0516197,14.780605557176248,2.755550940782268,-0.382683,34.91312040548536,-0.707107,-0.707107,-0.382683,0.92388,7.505046309802062,83.10706483372287,87.97981476079175,1015.017157453327,1012.526854674739,7.096972214118763,2.09424,3.03309,-0.77455,-2.4903
0.738326,-0.674444,0.9729341522579928,3.9918563062364933,6.12323e-17,33.29700614193494,0.382683,0.92388,0.707107,0.707107,11.756886159140024,81.81077846021499,67.0275446365601,1018.1889821453759,1016.4674252249458,6.189221539785006,6.71761,3.3555,2.30263,-1.72156
-0.25119,-0.967938,3.915929118648841,1.0420354406755796,-0.382683,14.065265805066847,-0.382683,-0.92388,6.12323e-17,1,7.2367257344593,90.17145992939246,84.75110552263665,1021.2171459929392,1017.3473451468917,6.88163713277035,2.65422,1.65075,1.19591,-3.8698
0.982126,-0.188227,0.384526115273963,9.718181854469066,6.12323e-17,33.07736942363018,0.382683,0.92388,0.382683,0.92388,11.30947769452074,66.0386847118151,60.232108270890556,1006.6294003011476,1004.6371372435107,6.038684711815092,8.38431,6.90089,0.0193424,-1.99226
0.309017,-0.951057,0.3861880035079934,8.453452999123002,-0.707107,40.2071799473801,-0.92388,0.382683,-0.707107,0.707107,12.069059982460033,68.0,67.72376007015987,1020.1168540719137,1017.4237600701599,4.603589973690049,6.3595,6.31245,-0.374171,-2.69309
0.625411,0.780296,1.9032571841825052,5.1790714802281315,6.12323e-17,34.51628592091252,-0.382683,-0.92388,-0.707107,0.707107,13.0,72.69299927680615,65.45114223726242,1028.8911643322053,1025.7032571841826,5.241857039543737,6.65313,4.94878,2.31535,-3.18791
0.276097,0.96113,0.0,9.412862926886788,0.707107,24.000000000000004,0.707107,-0.707107,0.707107,0.707107,9.0,65.97427414622642,66.93311278018871,1015.5778757657547,1012.9747886633019,1.0,6.82541,6.93924,2.40978,-2.60309
-0.0301203,0.999546,0.0,10.350132706479751,0.382683,27.2797876696324,6.12323e-17,1,0.707107,0.707107,15.5595753392648,58.540159247775705,45.980583908510894,1012.5603715781433,1009.23239281118,3.0,13.0797,8.98728,2.48199,-3.32798
0.78298,0.622047,1.6970246446451684,4.97453825916714,-0.707107,35.0,0.707107,-0.707107,6.12323e-17,1,8.542749676950153,76.79924773865106,80.99811934662767,1016.8057626453724,1014.7799247738651,7.314124515425229,3.5017,4.41462,-1.30539,-2.02584
-0.444378,0.895839,5.470467593762334,1.1813117020501782,0.382683,32.36090916488558,-0.382683,0.92388,-0.707107,0.707107,12.63480523707747,91.1783117834243,60.65194762922528,1024.3379352688987,1021.2566235668487,7.091298690730632,7.88483,1.46245,2.70656,-3.08131
0.962309,-0.271958,0.0,12.593839386859397,0.707107,24.00448044592044,0.382683,0.92388,0.707107,0.707107,9.004480445920438,58.00112011148011,40.03248323292318,1006.7082888249528,1003.109520947581,3.0033603344403286,15.4994,9.17603,3.8953,-3.59877
0.309017,0.951057,0.2,0.556181735039757,-0.707107,13.0,-0.707107,-0.707107,-0.707107,-0.707107,2.0,70.66290958976145,67.88763652992048,1023.5859458453132,1021.4646002743689,8.0,5.92206,5.23038,2.22191,-2.12135
-0.905193,-0.425,5.256666638245412,2.345570991733297,0.382683,29.163734550795848,0.382683,0.92388,0.382683,0.92388,14.703549373505455,64.65046294322599,59.677006158365714,1016.2247839456172,1013.7411574006968,7.0,8.4543,7.12251,1.05398,-2.48363
0.556017,-0.831171,0.15521299841874478,9.76872200948753,-0.382683,32.03475332279163,-0.707107,0.707107,6.12323e-17,1,15.517376661395813,54.397701621864435,54.48262333860419,1020.5834079746999,1017.9386209731186,4.034753322791632,9.72655,9.65751,1.27413,-2.64479
0.436651,-0.899631,0.42489230209204476,6.1545062916698345,-0.92388,26.965664322936462,-0.382683,-0.92388,-0.707107,0.707107,11.0,79.38626572917458,65.44205588550774,1021.9845510728794,1018.8004307916319,5.193132864587293,6.66271,3.5788,3.2661,-3.18412
0.9711,-0.238673,0.0,11.497246391915256,0.707107,31.0932769180838,0.92388,-0.382683,0.92388,0.382683,13.336392897871939,55.756884020211864,55.25229467340395,1008.8214089917016,1004.5550482814887,3.252294673403954,10.035,9.66291,3.1159,-4.26636
0.541628,0.840618,63.04581723929178,1.2404475907125134,6.12323e-17,31.45062919944402,-0.382683,0.92388,-0.707107,0.707107,8.71496496447695,83.14489489343083,86.06209781147037,1022.8377341620161,1021.6662376655684,7.673566423496707,2.42304,2.98876,-0.675161,-1.1715
-0.82877,0.559589,21.16445032064131,4.225494601835237,6.12323e-17,30.799221561544147,-0.382683,0.92388,-0.382683,0.92388,12.119688624617659,84.23548505695607,77.51346111697083,1015.2131365201456,1013.1131365201455,6.239377249235318,4.21831,2.84374,0.568343,-2.1
0.467359,0.884068,0.7536624572878969,2.1127784133066956,6.12323e-17,17.57921928390129,-0.382683,-0.92388,-0.707107,0.707107,6.347531570340773,85.88415614321973,93.79896672117509,1027.8219747437274,1025.913455801523,6.652468429659227,1.0156,2.38884,0.651791,-1.90852
-0.976938,0.213521,0.0,11.83766953619868,0.707107,27.739827828079207,0.707107,-0.707107,0.92388,0.382683,11.493218552052804,57.260172171920786,54.62330463801321,1009.4300860859603,1005.5444509841459,2.2466092760264025,10.2598,9.23928,3.61436,-3.88564
0.467359,0.884068,2.1800407097640053,10.249194533944742,-1.83697e-16,31.01814480930545,-0.707107,0.707107,0.382683,0.92388,12.936493167430925,72.00907240465273,62.09979645117998,1009.4480837446595,1006.1453620232636,2.05443442791635,8.12839,5.49546,3.87369,-3.30272
-0.919286,-0.39359,0.0,3.8840573922492876,-1.83697e-16,30.642832466497943,-0.92388,-0.382683,0.382683,0.92388,6.0,75.90112927200254,73.54396173850047,1014.5549435364,1011.0637358841001,8.0,4.99648,4.45887,0.981868,-3.49121
0.421101,0.907014,0.23120769256774445,7.647670512199277,6.12323e-17,32.743102563813615,-1,1.22465e-16,6.12323e-17,1,13.97241025525447,56.669833335211486,56.05517948949106,1011.9908641032288,1010.959656410661,3.5137948723727654,9.91021,9.58098,2.11741,-1.03121
0.962309,-0.271958,0.0,9.78832275690786,0.707107,30.85002884479674,0.92388,0.382683,0.707107,0.707107,10.700057689593487,55.44991346560977,51.56668589653116,1017.5483112189892,1013.3916426293359,3.0,10.7472,9.52329,1.24167,-4.15667
0.99763,0.0688024,15.282062600075406,0.003685543747643494,6.12323e-17,33.110566312429306,6.12323e-17,1,6.12323e-17,1,14.999999999999998,88.03685543747645,93.92628912504712,1007.7773964187006,1007.4644970155837,8.0,1.04189,2.12446,-0.903686,-0.312899
-0.980469,0.196673,15.175732711947822,0.0,-0.92388,28.245351377182367,-0.707107,-0.707107,-0.92388,0.382683,12.677592161074877,98.0,85.1098329449674,1019.056066822013,1014.1721872139593,7.0,2.53329,0.311526,3.48902,-4.88388
0.677615,0.735417,2.0784204643641564,3.444498161238997,-0.382683,39.71793445339928,-0.92388,0.382683,-0.707107,0.707107,13.319756994517562,77.03769144791684,71.31671942598709,1028.2018225411182,1026.5297253389251,7.159878497258781,5.32618,4.06272,2.11629,-1.6721
0.982126,-0.188227,22.148723479728304,1.0941278193986461,-0.707107,35.705814537342356,-0.92388,-0.382683,-0.707107,0.707107,12.215697577109607,82.56860484578077,67.01947786323952,1018.5529360903007,1015.7627326651794,7.392151211445197,6.61021,3.14039,2.71767,-2.7902
0.0387223,0.99925,0.0,11.817949732342383,0.707107,28.923016059456998,0.707107,-0.707107,0.92388,0.382683,12.282010706304666,56.076983940542995,54.82050267657617,1008.8384919702714,1004.7359390260377,2.641005353152333,10.1819,9.57001,3.39745,-4.10255
-0.882048,0.47116,9.65500570521965,6.104960555809205,-0.382683,33.44821632329273,0.382683,0.92388,6.12323e-17,1,14.999999999999998,68.63533614443391,69.89643264658547,1014.6571798562395,1012.2557003226193,5.738903497848442,5.91061,6.20521,-0.0261097,-2.40148
0.357698,-0.933837,0.0,5.466420945612233,0.382683,31.521648873095213,0.382683,0.92388,0.382683,0.92388,13.0,58.63357905438777,59.366420945612234,1016.6409718691802,1014.8664209456123,5.422386036258511,8.6145,8.73963,1.12112,-1.77455
-0.563151,0.826354,25.76114921608056,7.12236144630049,6.12323e-17,25.21627432715297,-1,1.22465e-16,6.12323e-17,1,11.957479148154599,76.26246524692434,63.39002780246054,1017.4872437444462,1013.1521260425923,2.868767376537834,7.48555,4.38092,3.58761,-4.33512
-0.856551,0.516062,4.7292456124557605,0.8936689766901398,6.12323e-17,35.62512465124594,-0.707107,0.707107,6.12323e-17,1,10.08341643416396,84.18793627936078,86.18793627936078,1019.3917580775803,1015.4813060930607,7.7708541085409895,2.45375,2.83115,0.277085,-3.91045
0.38963,0.920971,1.1062082973650695,2.579187179928451,-1,30.84189366476901,-0.92388,-0.382683,6.12323e-17,1,10.894595776512677,82.05270211174367,78.42027677081971,1013.1839213418509,1010.1995979630611,7.631085217794366,4.04418,3.32251,-0.889192,-2.98432
-0.897743,0.440519,15.204856539537825,0.3161174151713174,6.12323e-17,31.164643108525905,-0.382683,0.92388,6.12323e-17,1,8.663775869322723,92.0104068704382,90.34142756589637,1011.8637758693228,1009.5303269040955,7.833622413067728,1.69441,1.37783,1.2175,-2.33345
-0.0473214,0.99888,0.0916062829871458,8.94953193009385,-0.707107,31.854921462660677,6.12323e-17,1,0.707107,0.707107,11.396890047724948,64.97720419708223,64.06114136721078,1009.6427989570476,1005.538239796464,3.3740942448071873,7.47259,7.10992,2.45036,-4.10456
-0.0473214,0.99888,0.0,10.792000806443681,0.707107,29.78856394016582,1,0,0.92388,0.382683,12.748567972384224,63.371419930960556,57.205707949371075,1018.1114259792881,1014.5742839861922,5.8342880184105175,9.21947,7.49988,1.39143,-3.53714
0.107381,0.994218,0.0,2.6530618351031547,-0.707107,36.84353945034385,-0.382683,-0.92388,6.12323e-17,1,8.262164995915796,69.84144333061053,52.26216499591579,1015.8237011559116,1011.9448420451636,6.473573888435088,10.5497,5.7437,4.48435,-3.87886
-0.267814,0.963471,0.22316818422351933,9.360990894658883,-0.382683,33.115840921117595,-0.707107,0.707107,6.12323e-17,1,15.115840921117595,64.1737613816764,61.478715854970815,1014.5108864478232,1012.6877182635997,7.0,8.05955,7.31313,1.01158,-1.82317
0.97874,0.205104,5.856405678313872,0.28383878747984526,6.12323e-17,28.224083253273566,-1.83697e-16,-1,-0.382683,0.92388,2.37347208878927,87.73019489811648,79.44816650654712,1018.8544136193543,1016.1664552459911,7.925305582242146,3.67114,2.09009,0.717836,-2.68796
-0.798779,-0.601624,4.5409658636794585,6.606348898233644,6.12323e-17,19.066194771218935,-0.92388,-0.382683,0.707107,0.707107,7.623438748814874,79.40965863679459,63.837218860835165,1017.2529558169753,1013.9710240896164,2.737926704006762,7.26198,3.70966,2.50635,-3.28193
0.556017,0.831171,0.8019703254498706,5.957638002827783,6.12323e-17,28.049258136246767,-1,1.22465e-16,-0.382683,0.92388,7.039406508997413,77.92118698200518,87.61578653727524,1015.262065251671,1013.5660059025707,7.009851627249353,2.23547,4.17717,0.308866,-1.69606
0.78298,0.622047,4.7831059370638425,0.291552968531921,6.12323e-17,23.943686456879476,-0.92388,0.382683,6.12323e-17,1,10.29579097125298,90.54920191529537,72.95761997278939,1024.7337881258725,1021.6605515458416,8.0,5.00511,1.57871,1.50282,-3.07324
-0.605056,-0.796183,15.970574352453907,5.141870878082454,-0.707107,39.21616677195871,-0.707107,0.707107,-0.382683,0.92388,14.783833228041287,78.68937460515484,60.891916614020644,1014.363396083402,1012.3201627290102,7.0,8.141,3.95014,1.55813,-2.04323
0.761104,0.64863,59.348598451118754,6.333890697596596,0.707107,24.704852713196185,0.707107,-0.707107,0.707107,0.707107,7.942720930205724,77.27764341113895,74.40095348855995,1013.0977728681536,1010.4625302324937,3.4669844961866465,4.99098,4.29592,2.01233,-2.63524
0.92264,0.385663,1.8867249689257455,1.7237479917627814,-0.382683,13.0,-0.707107,-0.707107,-0.707107,-0.707107,5.783187577685636,92.59439585922856,76.923291096972,1020.3349562733057,1016.46784579708,6.216812422314364,4.12214,1.19029,3.43422,-3.86711
-0.333469,0.942761,20.228689352399215,1.918061302028109,6.12323e-17,37.98695938527308,-0.382683,0.92388,-0.382683,0.92388,13.0,81.65550958377513,83.7244076670201,1011.0026081229454,1009.0176918010671,7.616387739594378,2.94115,3.35054,-0.0163877,-1.98492
0.869589,-0.493776,11.451861951856252,8.803121566277962,6.12323e-17,29.86874771085197,-1,1.22465e-16,-0.382683,0.92388,10.737495421703949,81.73749542170395,49.69067192753453,1019.87186927713,1017.3309328072467,1.3937568674440777,11.5397,3.29066,5.62593,-2.54094
0.107381,-0.994218,0.10709223155553545,5.71122897918539,0.382683,17.929077684444646,-1,1.22465e-16,0.382683,0.92388,6.0,69.81915041999909,57.249409368147916,1020.8535461157778,1017.5251771895557,7.0,8.84934,5.62886,3.23203,-3.32837
-0.964614,-0.263665,0.07436670584774492,7.811248530709566,1,22.74366705847745,-0.707107,-0.707107,6.12323e-17,1,6.397165295328928,73.5126658830451,62.34650176314852,1016.0439685865396,1012.8414354099305,4.487334116954898,7.80153,5.02292,2.90112,-3.20253
0.357698,0.933837,3.6899429706286497,3.1161288125858815,-0.707107,28.71821534964359,-0.92388,0.382683,-0.382683,0.92388,8.087286139857438,72.81878564335709,75.55692722378478,1024.9046494538495,1021.276470988814,7.818785643357094,4.471,5.0522,-0.100664,-3.62818
-0.890028,0.455907,2.690968501121824,5.352508749688383,0.382683,26.272578747195443,-0.382683,0.92388,0.382683,0.92388,11.505017499376766,73.69731625654397,62.242473750934856,1017.1494982500624,1014.9020069997507,6.494982500623236,7.8934,5.03082,2.74448,-2.24749
0.625411,-0.780296,7.996705664493972,0.0,-1.83697e-16,22.0,0.382683,-0.92388,-0.92388,0.382683,5.995882080617466,87.98455780231549,91.00102947984563,1016.9994852600772,1015.2,8.0,1.51422,2.08786,-2.30021,-1.79949
-0.925925,0.377708,0.0,9.764246866892975,0.382683,29.178765665535128,0.92388,-0.382683,0.382683,0.92388,11.0,65.47681484983026,55.90725939932107,1017.8245282573342,1013.0582986522155,2.635753133107026,9.52571,6.79751,4.01193,-4.76623
0.570242,0.821477,48.8692051907051,0.1594381749694247,-0.382683,24.685394167685843,-0.707107,0.707107,-1,1.22465e-16,4.937078833537169,89.0,88.40561825030575,1013.8153933584454,1011.9433709501835,8.0,2.03903,1.91596,0.887416,-1.87202
0.677615,0.735417,22.667342552202413,1.0387339984536128,-0.92388,22.835445475632554,-0.382683,-0.92388,-0.707107,0.707107,5.88860726991566,81.9468382057169,85.72405274554822,1018.4397478267573,1017.0227854601686,8.0,2.5235,3.26424,-0.471898,-1.41696
0.0387223,-0.99925,0.020438723938743797,9.100696146695272,6.12323e-17,28.715355337856035,6.12323e-17,1,6.12323e-17,1,13.408774478774875,54.63509791509951,49.57677668928017,1015.8503480733475,1013.8685931775925,3.510968098468595,11.5699,9.93546,1.25693,-1.98175
-0.267814,-0.963471,1.8792615038154452,6.683367819569252,-0.92388,30.271048872307826,-0.382683,-0.92388,-0.707107,0.707107,11.0,80.70841954892312,80.64682481261602,1015.7704281200613,1012.9829539847383,5.854209774461566,3.49027,3.45803,0.754003,-2.78747
-0.919286,-0.39359,2.318906023332193,4.445973495608496,-0.92388,40.05404819242372,-1,1.22465e-16,-0.92388,0.382683,14.999999999999998,72.22965059772028,70.86477107877958,1018.5162361457594,1017.9378554227288,6.581072288635586,5.67231,5.35055,0.345952,-0.578381
0.982126,-0.188227,6.607366126399173,0.5744614728603411,0.382683,21.129603828999485,0.382683,-0.92388,-0.707107,0.707107,6.174079234200104,85.56289072119856,90.65184153159979,1017.2785267747201,1015.3566713107801,8.0,1.57066,2.51628,-1.55146,-1.92186
-0.96901,0.247022,0.0,9.464551593228022,-0.707107,27.403251138020018,-0.92388,-0.382683,6.12323e-17,1,15.209753414060044,63.790246585939954,56.08862101692995,1024.003985394663,1021.0233351670591,3.2983744309899925,9.43775,7.25565,2.55967,-2.98065
-0.732494,0.680773,0.0,8.87592603054146,-0.92388,29.8796301527073,-0.707107,-0.707107,6.12323e-17,1,14.359788658689885,66.56084536524044,64.0,1013.3924596673495,1011.0523804143583,3.8399471646724717,7.52003,6.84466,0.616137,-2.34008
-0.82877,0.559589,8.226756987909255,1.1586038219142976,-0.92388,21.54564556003361,-0.92388,-0.382683,-0.92388,0.382683,6.772822780016805,96.18258224013445,82.95330385978154,1021.7133784939547,1017.4087088799329,7.0,2.94751,0.603984,3.2276,-4.30467
0.2926,-0.956235,0.2760644196377207,5.098139575881728,-0.707107,39.54919475452849,-0.382683,-0.92388,6.12323e-17,1,5.610375781220038,69.0704831472829,50.76064419637721,1006.3023972544327,1002.6413596763106,5.309838950905698,11.4616,6.1514,4.89295,-3.66104
-0.397543,-0.917584,5.572315438335083,1.0423978483087462,-0.707107,37.52534050563751,-0.707107,-0.707107,-0.707107,0.707107,17.94931898872498,71.3640322753688,64.21198924154372,1010.2041415814831,1009.943542119406,7.131335126409378,7.33518,5.64902,-0.600927,-0.260599
-0.591261,-0.80648,0.37361086450645853,5.681248890279063,6.12323e-17,36.208325935193756,-0.707107,0.707107,6.12323e-17,1,14.736108645064585,66.86805432253229,58.36108645064586,1019.6847239484548,1017.3111130839484,7.0,8.90116,6.59092,2.37153,-2.37361
-0.618671,0.78565,64.42800669581436,6.550009243392897,6.12323e-17,30.0,-0.382683,0.92388,0.382683,0.92388,14.705893227521054,83.55145019839802,68.0293737036763,1017.616922231489,1014.831627570113,5.1102900396796045,6.40767,2.97881,2.18162,-2.78529
0.988023,-0.154309,5.037227968512916,9.44069300787177,-0.382683,38.74958149001987,-0.707107,0.707107,6.12323e-17,1,13.062604627495032,79.0609305875745,87.93572133258445,1020.424874447006,1019.4654000508857,6.8747907450099355,2.10575,3.87817,-1.8967,-0.959474
0.772157,-0.635432,0.9136817722894691,2.366937207618425,-0.707107,44.8811095311842,-0.707107,0.707107,-0.707107,0.707107,14.881109531184201,67.80618979907894,69.77524080368423,1019.553255435329,1018.8382714889079,7.268729933026314,5.90404,6.4149,-1.09691,-0.714984
-0.183998,0.982927,0.0723803912417453,9.793337261307784,-0.707107,28.271426467156545,-0.92388,0.382683,6.12323e-17,1,16.09524510947818,64.26188722630454,56.171411737252356,1023.2257117605878,1020.1980921518295,3.3619019562087264,9.47167,7.19699,2.31905,-3.02762
-0.766659,-0.642055,0.313807797396503,8.328832110510998,-0.382683,30.713199539537506,-0.707107,0.707107,-0.382683,0.92388,14.999999999999998,57.56903898698252,50.85888073674,1026.1015206446475,1023.1726885341363,6.142639907907501,10.6398,8.64767,1.62822,-2.92883
0.512371,-0.858764,0.19290409445404172,7.032588897313396,6.12323e-17,33.07095905545958,6.12323e-17,1,0.382683,0.92388,15.141918110919168,67.96452047227021,50.567672443676656,1019.0361368500865,1016.3680684250431,7.0,11.0439,6.23694,2.81485,-2.66807
-0.577292,0.816538,0.5277930274361863,8.376714996129538,0.382683,36.36103486281907,-0.92388,-0.382683,-0.707107,0.707107,14.600940784380972,61.83849474499045,58.23755396060948,1023.5118776980305,1021.2277930274361,4.199529607809514,8.57771,7.50928,2.50024,-2.28408
0.749826,-0.661635,0.11154024752381796,8.830712079237825,0.382683,21.211493811904553,0.382683,0.92388,0.707107,0.707107,7.88459752476182,62.67310371285727,57.788506188095454,1021.0327360643337,1017.9769659405716,5.230804950476359,8.97958,7.60644,1.45191,-3.05577
-0.82877,0.559589,0.8752192038019478,1.3880480095048695,6.12323e-17,26.76096019009739,-1,1.22465e-16,0.382683,0.92388,9.440240047524348,76.86294379089287,53.36732786693183,1021.3752192038019,1018.8274112418214,7.68804800950487,10.0261,4.22674,2.16705,-2.54781
0.570242,-0.821477,13.988351088004695,0.0,-0.707107,21.245199183066894,-0.707107,-0.707107,-0.707107,0.707107,8.358514519123744,89.2451991830669,88.86811615298996,1015.068052677312,1013.7775273598224,8.0,1.93716,1.86657,0.111268,-1.29053
-0.777597,-0.628763,0.0,7.896864939875528,0.707107,22.204618619087064,1,0,0.707107,0.707107,10.10230930954353,63.34653603568469,67.55115465477176,1019.5331700446059,1015.5118824321162,6.0,6.41588,7.4094,0.496865,-4.02129
0.651899,-0.758306,3.5800176577486287,0.8387378602978176,-1.83697e-16,20.72918506015482,-0.382683,-0.92388,-0.707107,0.707107,3.2708149398451787,73.25416298796904,91.23751103609288,1017.033742274735,1015.4287466891722,8.0,1.48483,5.02281,-1.35627,-1.605
0.625411,0.780296,0.04007182870974253,4.221831632098435,-0.707107,44.00179571774357,-0.707107,0.707107,-0.707107,0.707107,13.801436574194849,67.80143657419485,71.597485995159,1021.0194971990318,1020.2790662267734,7.0,5.4893,6.41636,-1.11932,-0.740431
0.325342,-0.945596,8.112631190568134,3.819740379358336,-0.707107,23.45064905160416,1,0,-0.707107,-0.707107,8.736245626981061,89.65938593254734,73.76942091669885,1016.7108387039428,1013.9031527344994,7.131877186509469,4.91066,1.76248,1.54061,-2.80769
-0.30082,-0.953681,13.066845411074164,3.7828418190898856,6.12323e-17,24.289544241213484,-0.92388,0.382683,-0.92388,0.382683,7.0044682814157335,75.71492404020225,72.85075959797753,1009.9529937386854,1007.0095621025034,6.429848080404495,5.30676,4.63817,0.972386,-2.94343
0.908818,0.417194,8.216154180613387,0.0,-1.83697e-16,22.064752577090445,-0.707107,0.707107,-0.92388,-0.382683,2.0,82.19025314977722,87.74899885462648,1021.2170230242306,1019.4481979383277,8.0,2.06082,3.1009,-0.855875,-1.76883
-0.317191,0.948362,0.0,7.725984396266533,-0.707107,28.357662300512565,-0.707107,-0.707107,6.12323e-17,1,11.829194760615076,60.82919476061508,59.243792140922615,1016.7033611050877,1014.3919740891286,5.585402619692462,8.5698,8.04888,1.67971,-2.31139
0.92264,0.385663,6.029326963572552,0.9740603165260252,-0.707107,25.25939683473975,-0.707107,0.707107,-0.382683,0.92388,8.086465611579916,66.39474071894058,66.24624863209121,1024.464284662002,1021.9642846620017,7.456767194210042,6.50378,6.46588,0.0691725,-2.5
0.664855,0.746972,0.0,9.228600996496485,-0.382683,38.68150852344147,-0.92388,0.382683,-0.707107,0.707107,16.363017046882938,60.547931812468235,54.38868607418897,1024.3784184632666,1021.9898904800621,3.636982953117058,9.562,7.74891,3.00445,-2.38853
-0.658402,-0.752667,0.31851950028949033,6.790760130717434,6.12323e-17,23.592597501447457,-0.707107,-0.707107,0.382683,0.92388,7.000000000000001,60.46292123769666,84.70376751881687,1022.424071374204,1019.1055518739144,5.407402498552548,2.60956,7.91271,-2.7389,-3.31852
-0.333469,-0.942761,1.7281921654622898,4.536746735609287,-0.707107,23.732125317717642,-0.92388,0.382683,-0.382683,0.92388,7.546986942437152,69.27349347121857,62.72650652878143,1023.6894788537253,1020.1079926912535,7.0,7.46655,5.81645,2.16325,-3.58149
0.999852,0.0172134,0.5078051771033324,7.55488079011388,-0.707107,36.69268392367778,-0.92388,0.382683,-0.707107,0.707107,11.307316076322225,68.15365803816111,73.0756062671278,1025.2836559946218,1022.6987772480471,3.6146321526444507,5.10111,6.22545,-0.368779,-2.58488
0.92264,0.385663,0.21852254615788694,6.814883284684078,6.12323e-17,29.82414455776302,0.382683,0.92388,0.382683,0.92388,11.907387269210565,63.731531826973594,58.63891909618415,1010.3286120749082,1007.965657167224,6.4536936346052824,8.77533,7.41454,0.544432,-2.36295
0.226116,0.9741,3.4728505449478146,3.0526964407663355,-0.707107,35.81787363763046,-0.382683,0.92388,0.382683,0.92388,12.06070878745651,76.18212636236954,87.12141757491302,1016.7348228031359,1014.6226810456446,7.060708787456512,2.27907,4.48978,-0.9,-2.11214
0.999407,0.0344216,35.78917647299866,0.23929616345230265,-0.707107,15.285790279653108,-1,1.22465e-16,-0.92388,0.382683,6.017861892478319,90.01786189247832,84.76779539778185,1015.0464941162007,1012.1536388731921,8.0,2.74482,1.75154,0.13751,-2.89286
-0.983709,-0.179767,0.16256173770877796,9.76096065164079,6.12323e-17,33.0,0.707107,0.707107,6.12323e-17,1,15.780786967184163,56.87685213126334,61.7647761065043,1011.210100418078,1010.1833758565926,3.7967978278640278,8.03747,9.42578,-0.887191,-1.02672
0.998667,-0.0516197,1.7061742453921713,3.347597314775214,0.382683,19.412519600152166,0.382683,-0.92388,0.382683,0.92388,5.824183653465212,71.58748039984783,61.41166405331305,1015.2647511760092,1011.4941679733435,5.8233281066260885,8.12592,5.49611,3.08816,-3.77058
-0.333469,0.942761,0.0,7.8410623440641425,0.382683,22.17632793008018,-0.707107,-0.707107,0.382683,0.92388,6.7934756853608,74.17632793008018,68.76570448943876,1019.1208949503277,1015.5531408978877,5.735508104879733,6.09005,4.78415,2.63829,-3.56775
-0.744104,0.668064,26.387781590344442,0.22092340742631125,-0.92388,36.805067581682664,-0.382683,-0.92388,-0.92388,0.382683,4.227421154703556,97.44769148143422,97.5451576905929,1023.881610383415,1020.5043524988854,7.935022527227556,0.384739,0.394972,1.65127,-3.37726
0.625411,-0.780296,0.0,12.377449350388016,0.707107,25.112753248059928,6.12323e-17,1,0.707107,0.707107,10.483670997413235,58.74183549870663,43.152800869503125,1007.868390910463,1004.4167580102043,3.7418354987066174,14.1938,8.93657,3.39926,-3.45163
0.421101,-0.907014,31.44965221063576,1.386291872296982,-0.707107,30.985470440092822,-0.92388,-0.382683,-0.707107,0.707107,9.151610836937358,78.9927352200464,81.92419458153132,1016.6046746298655,1014.7433038170951,8.0,3.23085,3.84822,-1.21661,-1.86137
0.749826,0.661635,8.394333558234441,9.600615917583212,6.12323e-17,28.00615917583213,-0.382683,0.92388,-0.382683,0.92388,11.004927340665704,67.98029063733719,53.985217978002886,1019.2948262923011,1017.1954422098843,4.0,10.2248,6.40832,1.80049,-2.09938
-0.490029,-0.871706,0.4820072818530877,5.287025486485806,-0.92388,30.991636325612134,-0.707107,0.707107,-0.382683,0.92388,12.213381879020584,65.6066909395103,53.778254446591546,1017.8606690939511,1015.8188290855857,5.794981795367281,10.1577,6.95665,0.605018,-2.04184
-0.744104,-0.668064,34.13062239236213,0.0,-1,29.46575803436404,-0.707107,0.707107,-0.92388,-0.382683,9.46575803436404,87.14612896525342,92.2511451378387,1016.9643838689576,1011.856161310424,8.0,1.28536,2.199,-0.831963,-5.10822
-0.150055,-0.988678,24.975643951027813,2.1068881243105495,6.12323e-17,37.0,-0.382683,0.92388,-0.707107,0.707107,7.237699778016876,70.43603884568776,69.43603884568776,1017.3962174805595,1015.9209714761198,7.247539955603375,5.93549,5.70255,0.12377,-1.47525
0.915864,-0.401488,1.6415873274168022,8.903968318542006,-0.92388,29.324761982250408,-0.707107,0.707107,0.382683,0.92388,15.233650690332787,69.7663493096672,53.06539723866884,1014.2581902514738,1011.2932378550237,3.116825345166396,10.5434,5.95689,3.06238,-2.96495
-0.459733,0.888057,0.3608642279099767,6.184243800578771,6.12323e-17,23.09783943022506,-0.707107,-0.707107,0.707107,0.707107,6.2255401424437355,80.38310213665602,60.48094156688109,1013.5358335383922,1010.7621992392604,7.0,7.98713,3.41626,4.24212,-2.77363
0.982126,-0.188227,51.48450482963783,4.783294826254317,6.12323e-17,38.035047185530864,6.12323e-17,1,6.12323e-17,1,16.67834906184362,84.64330187631275,81.41238203617284,1017.7700943710618,1016.211332574679,7.1608254690781905,3.43883,2.8086,-0.648248,-1.55876
-0.683919,0.729558,12.578812907453134,2.6242545070463414,-0.382683,37.772792002033974,-1.83697e-16,-1,0.382683,-0.92388,8.303038933604528,93.0,61.333143460700356,1012.4712013329944,1007.5378585060294,7.348480533197735,7.73696,1.12517,5.94396,-4.93334
-0.999074,-0.0430222,42.2992820807675,3.907409948263588,6.12323e-17,39.0,6.12323e-17,1,6.12323e-17,1,16.34814907209585,85.95555278371243,82.58518010347282,1017.1577813811738,1015.6185217523354,7.325925463952075,3.18633,2.54123,-0.762963,-1.53926
0.467359,0.884068,0.0,5.720082149431052,-1.83697e-16,27.624750899941205,-0.382683,-0.92388,-1,1.22465e-16,9.361055755542491,68.6876245500294,64.79917850568948,1017.242392940563,1013.7979706383462,7.409736061114377,6.81018,5.80995,2.35416,-3.44442
-0.976938,0.213521,1.4730389465036289,4.829974024691496,-1.83697e-16,33.0,-0.92388,-0.382683,6.12323e-17,1,9.03272724280159,74.29974024691496,70.83376625514171,1013.1403117037021,1009.8435844279823,7.133506502056688,5.74947,4.89551,1.95314,-3.29673
0.584298,-0.811539,0.0,8.910803022196552,0.707107,32.95305422220871,0.92388,0.382683,0.707107,0.707107,14.859162666626133,49.375566222330306,53.4068634075245,1015.8421002073907,1011.5812216888835,3.07824296298548,10.2454,11.3391,1.56401,-4.26088
-0.991677,0.128748,1.5179870848043155,5.102516143994606,6.12323e-17,29.346225784008094,-0.707107,0.707107,0.382683,0.92388,7.5983225706702635,79.64538706934323,88.44874192800269,1015.9778193418714,1013.8889096709357,7.149580642667566,2.06864,3.80139,0.3,-2.08891
0.192452,-0.981306,0.10708028067283797,6.037627437830206,-0.707107,43.0,-0.707107,0.707107,-0.707107,0.707107,13.0,67.53540140336419,68.18138736972229,1018.6229929831791,1016.9986500361142,6.46459859663581,6.25882,6.46246,-1.07168,-1.62434
-0.183998,0.982927,0.13609132527186504,1.0586301209220241,0.382683,30.76319638451528,0.382683,0.92388,0.382683,0.92388,11.639086747281349,67.80456626359326,74.01141565898313,1012.5781734945626,1010.0503561451064,7.680456626359325,4.90218,6.33793,-0.909416,-2.52782
0.87796,-0.478734,0.0,8.293317625819954,6.12323e-17,24.44009424508028,-0.92388,-0.382683,-0.382683,0.92388,10.626729496720188,79.14208609043959,60.85791390956041,1028.683563932896,1025.1604454916119,2.6044549161200314,7.75651,3.57672,4.78886,-3.52312
0.611886,0.790946,23.875900444387927,0.0,-0.92388,47.56989748180174,-0.707107,0.707107,-0.707107,0.707107,7.101200592517242,91.0253001481293,90.7722986668362,1016.6215695407992,1014.7836193186051,8.0,1.57914,1.53395,0.00506003,-1.83795
0.341571,-0.939856,0.0,6.938453916305014,-0.707107,26.556224744146128,0.707107,-0.707107,0.707107,0.707107,7.609438139634674,61.55020204683097,63.33734846487679,1015.2124494882923,1012.0242967068531,6.278112372073065,7.44199,7.81366,1.36506,-3.18815
0.512371,-0.858764,5.3161937092260825,4.830840272988625,-0.707107,27.715080712177535,-1,1.22465e-16,-0.707107,0.707107,7.000000000000001,79.17429056383914,72.0,1018.0225598932117,1015.4568615074552,7.343016142435507,5.36927,3.81188,0.951731,-2.5657
-0.964614,0.263665,1.0056474140889786,4.348588146477756,0.382683,28.81353340850101,-0.382683,-0.92388,-0.707107,0.707107,12.028237070444892,85.0,76.24294073238877,1027.5169422422669,1024.3197659493114,6.2711778028336695,4.30836,2.55317,2.28306,-3.19718
-0.333469,0.942761,13.000000000000002,1.2498379386321883,0.382683,26.331459533728978,-0.707107,-0.707107,6.12323e-17,1,9.520864981574112,92.72151322704535,80.8635673129292,1019.3916540073703,1015.4768864589007,6.857945914116151,3.41073,1.19115,3.48636,-3.91477
-0.696376,0.717677,0.7899606208983033,8.261149742160224,-0.707107,29.70946114178496,-0.707107,-0.707107,-0.382683,0.92388,12.44691191790784,69.21235232836864,55.67325906344544,1024.8893823835815,1021.1893823835816,5.27654404104608,9.45691,5.92158,2.23687,-3.7
0.259512,0.96574,6.659150899097044,8.787282749322808,0.382683,32.102858767494354,0.707107,0.707107,6.12323e-17,1,14.654288151241529,67.20571753498871,60.13572037810382,1013.5374299523702,1011.0201443599324,3.3785734593679404,8.56729,6.63814,2.09343,-2.51729
-0.0988201,-0.995105,19.927699600094133,1.152179738336664,0.92388,29.498323278202562,1,0,0.92388,0.382683,11.996646556405132,80.23742458651924,74.24077803011411,1012.600670688719,1008.7976525894836,5.745808195506415,4.97199,3.63816,2.00101,-3.80302
-0.25119,-0.967938,0.3416311703859418,1.2356207702808346,-0.707107,34.459220740351455,-0.707107,0.707107,-0.707107,0.707107,13.0,66.14592207403514,84.1030130375431,1012.502997362562,1011.0635116440005,7.854077925964854,2.83404,6.81501,-2.95193,-1.43949
-0.944188,0.329408,8.480210624694385,0.0,-0.92388,23.130716449419324,-0.707107,-0.707107,-0.92388,0.382683,8.027924044926657,98.0,80.92513164043399,1020.7299473438264,1016.0785511415802,7.0,3.30801,0.309804,3.90749,-4.6514
-0.25119,-0.967938,0.11418090036883287,4.738507365306564,-0.707107,42.42175852397414,-0.707107,0.707107,-0.707107,0.707107,16.999999999999996,65.85085402212998,71.57824147602587,1018.2694371070078,1016.2261607084832,7.429095498155836,5.50704,6.87943,-0.672739,-2.04328
-0.284359,0.958718,0.992652945223784,3.8687750172010817,6.12323e-17,28.12857345858378,-1,1.22465e-16,-1.83697e-16,-1,4.29388219104864,78.94489708917838,77.79795599365406,1021.0595911987309,1018.3577544350367,7.01836763694054,4.07174,3.84566,-0.265101,-2.70184
0.436651,0.899631,20.28223940879748,9.516477124948024,-0.707107,37.82356381551592,-1,1.22465e-16,-0.382683,0.92388,16.305920197067508,65.07057447379363,59.870515987416574,1013.6235638155158,1012.0729659471714,5.070574473793634,8.45907,7.10497,0.332954,-1.5506
-0.986658,0.162807,0.9579300840162263,1.6262097479513211,-0.382683,35.52755294056792,-0.707107,0.707107,-0.382683,0.92388,14.896504200811313,78.10685378073018,66.20699159837737,1012.4003357981541,1010.1475805040974,7.789650420081132,6.83079,4.06036,2.43757,-2.25276
-0.133015,0.991114,19.046373491768257,0.7193817755906765,6.12323e-17,30.0,-0.382683,0.92388,0.382683,0.92388,5.038049702934519,78.3804970293452,75.38049702934518,1013.9931039076599,1011.2661121914823,7.346016567644839,4.61398,3.94509,1.37301,-2.72699
-0.732494,-0.680773,1.3309656829515473,3.822419526420704,6.12323e-17,31.448390528414087,-0.707107,-0.707107,-0.382683,0.92388,6.775804735792956,71.32741420737887,81.4128757726873,1028.0879023678965,1026.6982242622137,7.0,3.27039,5.32127,0.215649,-1.38968
-0.919286,-0.39359,0.07051499492113622,7.835153740265512,-0.92388,24.646387453443747,-0.707107,-0.707107,0.382683,0.92388,11.117524991535227,79.35361254655625,63.64742502539431,1020.3239200270873,1016.7356725262408,2.9412375042323866,7.2296,3.6702,2.84701,-3.58825
-0.788305,0.615285,0.7420669822829269,9.978275118356096,0.382683,33.0,0.707107,0.707107,6.12323e-17,1,11.434497632878049,74.2620094684878,53.79657899360976,1018.0192870418244,1015.4713612133316,3.0724162721463415,10.0725,4.85839,2.01033,-2.54793
0.803928,-0.594727,0.10684844119528904,10.393151558804712,0.382683,32.191820146211995,1,0,0.707107,0.707107,13.0,62.87666426574089,62.94514867769379,1017.5013633089648,1014.2246352504798,5.1369688239057805,7.6485,7.62193,0.771243,-3.27673
-0.504961,0.863142,22.31623881060712,0.0,-0.707107,33.939732113443206,-0.707107,-0.707107,-0.92388,0.382683,16.295200914917597,96.7078683440156,85.47600457458799,1017.1123605032046,1012.6114397255246,7.1174665141804,2.49188,0.522971,3.05301,-4.50092
-0.115935,0.993257,0.332013655104674,2.096040965314022,6.12323e-17,30.24752560332126,-0.707107,0.707107,-0.707107,0.707107,7.330034137761686,75.00989758671494,77.51484638007241,1020.8349829311192,1017.6762371983393,6.834982931119157,4.14966,4.63032,1.267,-3.15875
-0.444378,-0.895839,0.07019438124126648,3.714200835861082,6.12323e-17,26.87742976551583,0.382683,0.92388,0.382683,0.92388,13.350971906206333,63.281317390341165,56.82451404689683,1015.7738120733785,1013.0264578593095,6.824514046896834,9.25642,7.45514,1.58607,-2.74735
-0.519744,0.854322,1.1559575683291117,4.844042431670889,-1.83697e-16,32.08262296578061,-0.382683,-0.92388,-0.707107,-0.707107,6.0,92.06418513978902,65.22021215835444,1014.206418513979,1010.9651417562067,7.0,6.87193,1.3255,3.17521,-3.24128
-0.618671,0.78565,16.540889265848218,1.0629125173238065,-0.92388,31.0,-0.92388,0.382683,6.12323e-17,1,6.966284106658006,84.37087482676193,88.77905297780666,1017.0131276142428,1014.9895264889033,7.677905297780665,1.91759,2.73616,-0.318723,-2.0236
0.37372,-0.927542,0.0,8.112971006412723,0.707107,33.18026890948171,1,0,0.92388,0.382683,12.95493277262957,57.315470591593,61.450672273704285,1016.6715584019943,1013.7084642836757,7.022533613685214,7.94079,9.16392,-1.85944,-2.96309
-0.413279,0.910605,0.0,9.599570455068852,6.12323e-17,32.39742273041312,1,0,6.12323e-17,1,16.196563640550824,54.00859089862294,63.79914091013771,1008.9786254562202,1007.9568213675095,4.200859089862294,7.54287,10.3402,-1.43888,-1.0218
0.482508,-0.875892,0.0,5.143140601202885,-0.707107,28.77277576329072,-0.92388,0.382683,6.12323e-17,1,12.386387881645362,63.840836355063914,61.693193940822674,1023.8272242367093,1021.335182418956,6.772775763290724,7.7722,7.17647,1.10565,-2.49204
0.814046,0.5808,20.33595012339141,0.0,-0.92388,46.75008509606907,-0.707107,0.707107,-0.707107,0.707107,8.42847417592107,89.92864436805918,90.10720364004932,1016.4500170192139,1014.935711854398,8.0,1.69834,1.73189,-0.107136,-1.51431
0.941317,-0.337523,2.4792464158121548,3.547621067466695,-1.83697e-16,47.38224757081093,1,0,-0.92388,-0.382683,6.041183495279271,66.19432136309888,89.12355048583782,1007.669372426436,1004.7023192226595,7.041183495279272,1.92502,6.9174,-2.89588,-2.96705
0.357698,0.933837,15.66693825037942,2.2413788831899972,0.382683,34.71501095860736,0.382683,0.92388,0.382683,0.92388,17.033469125189708,77.64807270822794,67.6703854583544,1018.5726167333671,1016.6770792833923,7.0,6.51241,4.21561,1.25923,-1.89554
-0.490029,0.871706,0.0,5.140114915372579,-1.83697e-16,37.0,0.707107,0.707107,-0.707107,-0.707107,16.515499743553264,71.75774987177662,79.04845002564467,1013.7418599692264,1009.0660849820488,7.0,3.75142,5.27408,-0.25194,-4.67577
-0.938377,0.345612,6.193759733824475,0.7328978036955501,0.707107,23.366419634008654,6.12323e-17,1,0.382683,0.92388,8.614859567464773,92.13670049907911,91.01248053235105,1020.8441302828115,1015.252808119779,7.751560066543881,1.51343,1.30822,0.87578,-5.59132
-0.658402,0.752667,32.671524291291306,8.11224012261968,-0.707107,33.20755739462992,0.707107,-0.707107,0.382683,0.92388,10.792442605370077,68.3491230650945,71.97179524898426,1009.6094738390566,1009.2745615325472,7.1037786973149615,5.46547,6.38009,-1.62453,-0.334912
-0.333469,-0.942761,8.98551192498589,7.366048142950085,0.382683,33.81044672524613,0.707107,0.707107,6.12323e-17,1,14.241786900984511,74.78432991213081,60.29402052721515,1017.6058969209178,1015.067986265967,4.620893450492256,8.30854,4.77958,1.5706,-2.53791
-0.381689,0.924291,2.713060160194886,8.748600297991361,-0.707107,35.466418327449894,0.382683,0.92388,-0.382683,0.92388,14.233209163724945,75.56530080097443,63.849813745587426,1011.7763065748024,1007.9395529894099,3.233209163724948,7.50517,4.64042,2.75336,-3.83675
-0.865307,-0.501242,0.07741116502687882,8.383883252459682,-0.707107,29.935279125671972,-0.92388,-0.382683,-0.707107,0.707107,13.322334950806365,57.80583737701591,53.870558251343944,1028.7677665049193,1026.2677665049193,4.161167475403182,9.6304,8.32264,3.79683,-2.5
-0.200891,0.979614,12.395599123079995,4.3206984681976115,6.12323e-17,28.59767177267463,-0.382683,0.92388,6.12323e-17,1,8.689522977035825,82.71280525028955,77.19534354534925,1016.1574389499422,1013.7562748362793,7.0,4.31454,3.16536,0.512677,-2.40116
-0.0645084,0.997917,29.722601388827684,0.6220625731251865,6.12323e-17,32.676009076497294,-0.382683,0.92388,-0.382683,0.92388,12.870403630598918,95.12085264368433,93.2784762425773,1012.4730267483139,1010.3730267483139,7.740807261197839,1.14671,0.827027,-0.257444,-2.1
0.999852,0.0172134,1.7052308327358698,8.942153750896194,-0.382683,89.84102775786234,0.92388,-0.382683,0.92388,-0.382683,19.420855088941426,55.947350462631036,26.421537508961958,1009.1105299074738,1002.3316238434224,6.684102775786233,21.989,9.54386,7.09993,-6.77891
-0.133015,-0.991114,42.288100389199755,3.5642365632195028,6.12323e-17,36.75182796128369,6.12323e-17,1,6.12323e-17,1,16.250609320427895,85.49878135914422,84.62043009679078,1015.2036559225675,1013.9656989322465,7.374695339786053,2.78903,2.6324,-0.712409,-1.23796
-0.777597,-0.628763,17.05774730627131,1.6668454518832294,-1,36.56684545188323,-0.707107,0.707107,-0.92388,0.382683,13.050804533474532,70.63100912551802,73.0,1008.8363627317984,1005.5981277303343,8.0,5.21551,5.74277,0.174598,-3.23824
-0.949718,-0.313107,19.894191661147794,0.0,-0.707107,32.469675689385475,-0.707107,-0.707107,-0.92388,0.382683,10.224515971762315,87.0,72.57097049415947,1015.867290660711,1015.7897422578873,8.0,5.2728,2.29653,1.14903,-0.0775484
0.860961,-0.508671,14.196429496093227,0.0,-0.92388,36.875187580592325,-0.707107,0.707107,-0.92388,0.382683,13.96879689514808,85.51560155242595,86.0,1018.5482897802837,1017.523327296402,8.0,2.41292,2.52003,-0.909361,-1.02496
0.664855,0.746972,0.0,5.616971005543631,-0.382683,27.964920709795503,-0.707107,0.707107,-0.382683,0.92388,11.269021301291758,63.801137279117235,61.83621656932173,1022.2158097035092,1019.45498958521,6.678359763401499,7.69499,7.15393,0.992984,-2.76082
-0.349647,-0.936881,0.93639825688965,6.343806681923009,6.12323e-17,27.12898983185629,-0.707107,-0.707107,0.382683,0.92388,7.000000000000001,63.704978211120626,87.7650072629598,1024.8819912844483,1022.4206882340051,5.893997094816083,2.04665,7.05803,-2.29081,-2.4613
-0.490029,0.871706,0.0,7.304350348317966,-0.707107,36.58485517579158,-0.707107,0.707107,-0.382683,0.92388,13.779806901055439,62.20757241210421,53.62271723631263,1019.3729324153695,1017.0559613802111,6.40252413736807,10.2317,7.81726,0.833942,-2.31697
-0.976938,0.213521,0.0,8.105268850427185,-0.707107,26.432334893162277,-0.92388,-0.382683,6.12323e-17,1,12.297004679486829,66.70299532051317,59.48682787393203,1025.8001804476496,1023.0137134690174,3.783832553418862,8.35518,6.42857,2.65677,-2.78647
0.541628,0.840618,24.420115708122335,2.0977404213775377,0.382683,28.07638467420406,-0.92388,-0.382683,6.12323e-17,1,10.03819233710203,90.36632682014289,79.40451915724493,1017.9908018774918,1015.3923615325796,7.519096168551015,3.77627,1.64435,2.19844,-2.59844
0.97874,0.205104,0.0,9.622872078571186,0.382683,27.918491787815057,6.12323e-17,1,0.707107,0.707107,16.91849178781505,58.93734444012688,45.467147819329014,1011.3692819803572,1008.1037705304624,3.163016424369891,13.2806,8.89589,2.42257,-3.26551
-0.999667,0.0258184,0.0,7.852400467109452,6.12323e-17,28.327998961979,-0.92388,0.382683,6.12323e-17,1,12.672001038021005,69.0,51.96799377187397,1019.4784022836462,1016.4096018684378,4.508001557031508,10.7397,6.11108,1.8688,-3.0688
1,0,37.792424742544,0.0,-0.382683,35.245571134041846,6.12323e-17,1,-0.382683,0.92388,14.122785567020923,93.87721443297907,93.63164329893722,1010.8508857731915,1008.6824679381385,8.0,1.08341,1.03758,0.361393,-2.16842
0.915864,-0.401488,9.868404350841336,3.6966154553576973,-0.92388,21.100693760503766,-0.92388,-0.382683,-0.92388,0.382683,7.926214080881592,88.0737859191184,91.62413279937029,1024.3778642242646,1021.2429682883401,7.275173440125942,1.40853,2.03255,0.462413,-3.1349
0.833556,-0.552435,0.08134427033796426,3.6951309987476613,0.92388,24.813442703379646,-1.83697e-16,-1,0.707107,0.707107,10.626885406759284,75.64196866083357,69.3545910888659,1016.8541148385486,1013.0847049461829,6.593278648310179,6.00742,4.53114,2.21344,-3.76941
-0.944188,-0.329408,0.0,6.695676627508944,0.707107,33.75441278810181,-1.83697e-16,-1,0.707107,0.707107,11.601176743493815,57.748529070632735,60.650294185873456,1018.0159119762077,1011.6944998840152,4.398823256506184,8.1811,8.84524,1.66012,-6.32141
-0.999667,0.0258184,0.19171157143051493,4.662163214271138,0.382683,30.603605357118564,-0.382683,0.92388,0.382683,0.92388,13.958557857152574,65.18918392864431,60.95855785715258,1019.1567551785934,1017.7526109643085,5.479278928576287,8.14721,7.01685,1.05207,-1.40414
-0.944188,0.329408,0.3074063824462057,8.14815532287656,-0.707107,29.152773934173272,-0.92388,0.382683,6.12323e-17,1,13.157420219422429,71.60644945144392,63.22219147338617,1024.283328721008,1021.4907351034542,4.537031912231029,7.46139,5.40591,1.73148,-2.79259
0.0215161,0.999769,10.309366194107906,3.354912810926689,-0.707107,32.341965124370674,-0.92388,-0.382683,6.12323e-17,1,10.696877935297366,82.25133131847859,75.89641850755189,1013.7979429900802,1010.9637464776432,6.658034875629324,4.59223,3.21645,2.18005,-2.8342
0.999407,0.0344216,0.18807303707866604,3.1,0.382683,26.94036518539333,0.382683,0.92388,0.382683,0.92388,13.940365185393329,66.64219111235998,59.350912963483324,1018.2151320747193,1016.1204059637644,6.529817407303335,8.52005,6.62046,1.10596,-2.09473
0.772157,-0.635432,8.202976819290798,5.061097646045699,0.382683,29.324372147265578,0.382683,0.92388,0.382683,0.92388,13.301488409645401,79.72139532797476,67.25572093440505,1017.909153495048,1015.516018616334,7.0,6.6882,3.80291,2.08856,-2.39313
-0.474951,0.880012,0.0,9.959016056870434,0.707107,30.38450166308063,0.92388,0.382683,0.707107,0.707107,9.769003326161274,56.8464950107581,51.256334442053756,1017.9052153916382,1013.7795819474328,3.0,10.8311,9.13238,1.16408,-4.12563
0.421101,0.907014,0.0,3.6469242671651108,-0.707107,30.56634466604361,-0.92388,0.382683,6.12323e-17,1,10.734621335825555,62.0,73.32689332087222,1016.7100154731465,1015.3294358720249,7.433655333956389,5.0754,7.76874,-0.506151,-1.38058
0.14154,-0.989932,51.869311103880776,0.13098497312208357,-0.707107,41.864796899608606,-0.92388,-0.382683,-0.707107,0.707107,10.825353369170557,84.43239844980431,81.08732331541472,1018.8642270483803,1016.8773255456924,8.0,3.37768,2.73948,-0.296056,-1.9869
-0.519744,-0.854322,0.0,10.358676070634884,0.707107,29.67665491170639,0.92388,0.382683,0.707107,0.707107,9.970035264880815,57.02996473511919,50.19163727926598,1017.9089894205358,1014.002996473512,2.676654911706395,11.2021,9.12795,1.03533,-3.90599
0.98522,-0.171293,0.1251668357492286,11.158277721416923,0.382683,29.874833164250767,-0.707107,-0.707107,0.707107,0.707107,12.958277721416923,56.35463936795615,57.06258341787461,1008.8668891143324,1006.14811408897,1.0625834178746143,9.57386,9.6491,1.83129,-2.71878
0.512371,-0.858764,6.0332234652704555,3.677389584610136,-1.83697e-16,35.879367173135975,1,0,0.707107,0.707107,12.91957811542398,66.77389584610135,73.97495055754142,1012.6210942654069,1009.2718523403984,6.34673698076267,4.97078,6.63357,-0.332169,-3.34924
0.638749,0.769415,11.90175338600838,1.2018336743608038,-0.707107,29.338426873224456,-0.707107,-0.707107,-0.707107,0.707107,11.006112247869346,85.3200901296164,64.64629250710217,1014.7439278963068,1011.3442335087004,7.332314625355109,7.29455,2.61952,4.10153,-3.39969
1,0,9.313641080085374,2.3934529985826085,6.12323e-17,35.0,6.12323e-17,1,6.12323e-17,1,16.999999999999996,65.20264954996443,66.35307683557708,1018.3012479014885,1015.4385043107727,7.457521364280632,6.70991,6.95993,0.542479,-2.86274
0.975065,-0.221922,7.428734575908276,5.2318474863162585,-0.707107,35.0,0.92388,-0.382683,6.12323e-17,1,10.973107387135197,73.5874009918106,76.66807883040501,1016.0080677838594,1012.633615766081,5.040338919297202,4.4126,5.10275,-0.57891,-3.37445
-0.873807,-0.486273,9.310150291357827,9.552124508654762,-0.707107,77.45619871043499,0.92388,-0.382683,0.707107,0.707107,12.429314573133013,56.20121521791552,53.853427134334936,1015.6885513283568,1011.6760622543273,1.5706854268669868,10.3531,9.57517,1.26956,-4.01249
-0.183998,0.982927,0.7967386388761681,4.925870450022897,6.12323e-17,28.54781822201869,0.382683,0.92388,0.707107,0.707107,9.386954555504673,74.74129549977103,62.38695455550468,1020.9323931722706,1018.4291318111467,6.403261361123832,7.76659,4.7784,1.89348,-2.50326
0.38963,-0.920971,4.67663325046606,8.229531050341778,-0.707107,38.11775550031071,-1,1.22465e-16,-0.707107,0.707107,14.558877750155354,69.1327053760098,55.749539123679504,1024.8603727377254,1022.6265410752019,4.441122249844646,9.41147,5.98506,0.892709,-2.23383
-0.317191,-0.948362,0.0,9.767359915467061,-0.707107,40.67359915467061,-0.707107,0.707107,-0.382683,0.92388,16.673599154670608,49.58160021133234,48.071201479326426,1017.6836799577335,1016.3560802747321,3.0,12.0532,11.4172,1.75816,-1.3276
0.946988,0.32127,0.15928434393155147,6.291731585296283,-0.382683,36.114121271786175,0.92388,-0.382683,-0.707107,-0.707107,17.928434393155147,73.61073484102674,52.56817917608541,1016.0207923959016,1012.2704537528256,2.425047962395699,10.0899,4.828,2.12282,-3.75034
-0.999074,0.0430222,0.31909518744613313,8.374371337403039,-1,25.361809625107735,-0.707107,-0.707107,0.707107,-0.707107,8.5213572188308,56.59547593723066,51.755023530953736,1021.0096739032247,1017.97035251264,6.521357218830801,10.308,8.66602,4.31281,-3.03932
0.833556,0.552435,0.16516133268434927,7.864516658554367,-0.707107,46.43225997079572,-0.707107,0.707107,-0.707107,0.707107,16.303226653686984,68.90967996106096,65.12903331710874,1022.0077393725969,1020.1161267023608,7.0,7.05554,6.13112,0.382581,-1.89161
-0.976938,-0.213521,3.2627894924536722,0.04314139336432532,-0.382683,19.470633382156276,-0.707107,-0.707107,-0.382683,0.92388,4.078438897026046,85.80390275743487,92.07843889702605,1028.8273768642935,1024.697971871617,8.0,1.307,2.33707,4.13331,-4.1294
0.996298,-0.0859648,3.716818526770612,3.120216406725727,0.382683,31.25683370467753,0.382683,0.92388,0.382683,0.92388,8.079536830734703,75.1590736614694,81.01822321247342,1015.3388572547436,1013.5149962055232,7.584092633853059,3.49238,4.73729,-0.612509,-1.82386
0.998667,-0.0516197,4.400475518499056,0.3384981168076197,-0.92388,28.00118879624764,-0.92388,-0.382683,-0.92388,-0.382683,9.923717044133346,79.6150188319238,82.76877353990476,1013.8916584266647,1011.0915395470399,8.0,2.92353,3.51299,0.0997622,-2.80012
0.714673,0.699458,0.0,4.978917018046708,-0.707107,32.40135372744162,-0.92388,0.382683,-0.707107,0.707107,12.25752963641189,62.68900190950107,68.2341797279724,1029.3772588909235,1027.5689001909502,5.51505927282378,5.98632,7.27128,0.0872757,-1.80836
0.852078,0.523416,0.14707005973315052,8.035350298665753,-0.707107,31.14745209066027,0.707107,-0.707107,-0.382683,0.92388,11.94140119466301,62.32324850667124,80.58980836264108,1016.2325158661307,1014.3444266426617,6.735350298665753,3.48015,7.72637,-3.84462,-1.88809
0.452072,0.891981,1.3936566715993188,4.0354477761335605,6.12323e-17,24.464552223866445,-0.707107,-0.707107,6.12323e-17,1,12.070895552267121,75.85820889546576,77.85820889546575,1020.4220148925061,1017.9432835581864,7.0,3.96216,4.3242,1.27677,-2.47873
-0.959933,0.280231,0.29903102362139644,6.852422440946509,6.12323e-17,32.009689763786035,6.12323e-17,1,0.382683,0.92388,14.999999999999998,70.9709307086419,52.97093070864189,1018.5553293700823,1015.9543603937036,6.504844881893018,10.4215,5.59369,3.14758,-2.60097
0.833556,-0.552435,0.0,6.707925865430023,0.382683,26.913398953273425,0.382683,0.92388,0.707107,0.707107,13.173202093453153,71.86601046726577,66.75571517753536,1012.8629901570089,1011.7125813607446,4.716502616816442,6.74712,5.48644,1.33072,-1.15041
-0.809017,0.587785,0.0,5.219838429378858,-0.707107,35.290061982869126,-0.707107,0.707107,-0.382683,0.92388,13.860041321912751,54.65395454589598,48.62596281027852,1022.1175652895932,1019.7633665292507,5.055983471234899,11.5121,9.62551,1.2374,-2.3542
-0.720667,-0.693281,0.5176116756180158,0.5823883243819842,-0.707107,29.176116756180157,0.382683,0.92388,-0.382683,0.92388,6.58805837809008,73.82388324381984,82.76116756180159,1013.970747459719,1012.576417513427,8.0,3.10989,5.01855,-1.75223,-1.39433
-0.696376,-0.717677,0.023515556605205833,9.747207766494036,-0.707107,21.735449988191437,-0.92388,-0.382683,0.707107,0.707107,8.853027771217462,68.64667780664317,54.55849446937363,1017.9970016709965,1013.4528511179338,1.1763666745390438,9.84772,5.916,6.22058,-4.54415
-0.267814,-0.963471,41.39284769649234,3.4455635318606137,6.12323e-17,36.62690898090591,6.12323e-17,1,6.12323e-17,1,16.20896966030197,85.58206067939605,84.93272754773523,1014.9538179618119,1013.7470907165853,7.395515169849015,2.72715,2.61538,-0.718655,-1.20673
0.664855,0.746972,0.12123774271223431,2.863713228136703,0.382683,22.424754854244686,-0.707107,-0.707107,6.12323e-17,1,4.756679005071799,72.18143385931648,63.66807584917289,1021.1367095266152,1017.9641359828885,7.0,7.20953,5.18461,1.53896,-3.17257
-0.333469,0.942761,3.0159350432089496,0.0,-0.707107,19.838699390650305,-0.707107,-0.707107,-0.707107,-0.707107,3.609105738976542,80.03414652116203,77.44780512962686,1021.4933657134936,1019.5186015134051,8.0,4.00645,3.46347,1.29317,-1.97476
0.996298,-0.0859648,0.1585912189211263,10.279295609460565,6.12323e-17,30.277482959338055,0.707107,0.707107,0.707107,0.707107,13.828175621577474,67.3788682838169,67.55069266223943,1017.0405541297916,1015.4198497392521,7.0,6.59081,6.62692,0.114088,-1.6207
-0.696376,0.717677,0.1310018677664217,1.372968247970831,-0.92388,38.24007471065687,-0.707107,0.707107,-0.382683,0.92388,10.310018677664218,68.58506537182477,73.41020545430638,1017.1759925289343,1015.5759925289343,7.655009338832109,5.11795,6.27577,-1.25501,-1.6
0.87796,0.478734,0.0,9.908653352025262,0.382683,28.0,6.12323e-17,1,0.707107,0.707107,16.952799898044034,58.02360005097799,44.055066785615296,1011.3110133571231,1007.9188800407823,2.9921333163406723,13.7984,9.15379,2.49764,-3.39213
-0.267814,-0.963471,5.442705582574297,4.920574473017173,6.12323e-17,22.27083622886916,-0.92388,-0.382683,6.12323e-17,1,10.13541811443458,84.75520037060981,65.75520037060981,1020.772916377113,1017.3580727356957,6.43229094278271,6.83525,2.70747,1.57031,-3.41484
0.998667,0.0516197,0.0718302059332463,2.4352260872683202,0.382683,22.154906177997386,-0.382683,0.92388,-0.92388,0.382683,5.795755148331157,74.02811441532724,86.10556750432593,1012.6317256300374,1011.5007443944379,7.359151029666231,2.45309,5.00199,-3.13592,-1.13098
-0.317191,0.948362,3.9272253799139003,4.697003892284405,-0.382683,29.454624366810165,-0.707107,0.707107,6.12323e-17,1,13.303082911206776,79.93920981077629,72.71689114023053,1025.9747720252299,1023.0970038922844,7.0,5.05232,3.54867,0.830308,-2.87777
0.823923,-0.566702,7.8581280702024845,1.3,-0.707107,25.20512315787851,-0.92388,0.382683,0.382683,0.92388,7.000000000000001,68.12394087722274,69.71369456146572,1018.019665017566,1015.6265024561619,7.4658128070202485,5.87381,6.23532,0.108118,-2.39316
-0.397543,0.917584,2.8536336902069563,6.958793610477991,-1.83697e-16,28.32800387243758,1,0,0.707107,0.707107,7.328003872437581,53.608042596813384,58.90406970387646,1015.3323885763091,1010.9095930296123,6.16400193621879,8.65416,9.97654,2.11279,-4.4228
0.2926,-0.956235,0.1886336751673679,6.990930598661058,-0.382683,30.0,-0.707107,0.707107,-0.382683,0.92388,13.11366324832632,59.53688140938815,59.0737628187763,1023.2801680778607,1020.5102770094037,6.23579209395921,8.36102,8.18594,0.881257,-2.76989
-0.912375,-0.409356,4.390401117991319,0.1,-0.92388,17.44799958592914,-0.707107,-0.707107,-1.83697e-16,-1,4.447999585929141,88.432001449248,82.88000103517714,1015.2815982609023,1011.7831980745706,7.2239997929645705,2.93947,1.923,0.606399,-3.4984
0.957485,0.288482,0.11893796338285131,6.8461935239770675,0.382683,39.378759267657024,0.92388,0.382683,-1.83697e-16,-1,19.973449084571282,72.59468981691427,57.59116659108677,1013.7405310183086,1009.2784069450743,3.43186109851446,8.75641,5.08314,1.84354,-4.46212
-0.0988201,0.995105,2.8314652351547607,7.221298768563406,-0.382683,29.99072308168996,-0.92388,-0.382683,-0.382683,0.92388,11.0,72.39814461633799,70.97216924506986,1018.9462701609011,1016.4444147772391,7.0,5.61798,5.25441,1.10742,-2.50186
0.702527,-0.711657,2.584281120577947,5.666908079582593,-0.382683,31.692864799036755,-0.707107,0.707107,6.12323e-17,1,14.795243199357836,74.71664880224756,64.75870293675821,1026.6711134930338,1024.0669080795826,7.0,6.87156,4.61533,0.979524,-2.60421
0.982126,-0.188227,3.708605451244262,2.423516141728074,1,25.355637734700412,6.12323e-17,1,0.382683,0.92388,9.982789097511477,80.95029769838729,90.01721090248851,1022.4219880920645,1017.7133826408202,7.627151362811065,1.68557,3.39319,-1.08795,-4.70861
0.192452,-0.981306,32.65254598801426,0.0,-0.707107,26.10092164164644,-0.707107,0.707107,-0.707107,-0.707107,5.02523041041161,94.02523041041161,91.58830643644063,1016.6864631531478,1014.4301555505449,7.5126152052058055,1.42757,1.00266,-0.0100922,-2.25631
-0.809017,-0.587785,0.2,4.663116069578587,6.12323e-17,33.82606234929539,6.12323e-17,1,6.12323e-17,1,15.826062349295395,68.4130311746477,62.8039664140786,1016.1261755425365,1013.4261755425366,7.413031174647697,7.63837,6.18727,1.70221,-2.7
0.99763,0.0688024,21.860764267744365,0.27926016414401417,0.382683,13.898726220426052,-0.92388,-0.382683,-0.92388,-0.382683,3.861734427626761,94.44693771050704,74.82959343423944,1015.0350514730344,1011.7387506523145,7.0691327861866196,4.80837,0.928658,4.54742,-3.2963
-0.632103,-0.774884,0.0,9.2,6.12323e-17,29.125669222366348,-0.382683,0.92388,6.12323e-17,1,13.874330777633654,59.814173055915866,56.879684556564435,1010.5852915661911,1008.1038742605995,3.6885038335495204,9.37743,8.53827,0.474331,-2.48142
0.996298,0.0859648,0.0,3.5344312326589615,-1.83697e-16,46.928672681910925,1,0,-0.92388,-0.382683,6.097393392553552,65.1947867851071,88.12345946701804,1008.3577489450017,1005.2408768739374,7.0,2.09784,7.1301,-3.124,-3.11687
-0.333469,-0.942761,0.11899584018393568,9.930460481747389,6.12323e-17,31.645187191722894,-0.92388,0.382683,6.12323e-17,1,17.025103995401608,62.13975041103614,53.97489600459839,1012.1304604817474,1010.8189958401839,3.4301247944819293,10.1619,7.85114,0.998913,-1.31146
-0.819015,0.573772,4.481416320033643,4.209720638805651,-0.707107,35.371673599327124,-0.382683,0.92388,-0.382683,0.92388,14.185836799663564,81.96459199915891,74.76995840403724,1015.0177040004206,1012.1247856005889,5.628326400672872,4.83789,3.29912,1.17521,-2.89292
0.226116,-0.9741,6.2470212078779905,4.5438351275709525,-0.707107,28.102925503282492,-1,1.22465e-16,-0.707107,0.707107,7.000000000000001,80.57053181181699,72.0,1019.2714201205696,1016.7134786306352,7.420585100656499,5.34567,3.5108,1.09911,-2.55794
0.598181,-0.801361,11.271843440926471,3.622815325421633,6.12323e-17,31.036408488925115,-0.382683,0.92388,6.12323e-17,1,9.711165930908477,77.90291069619968,72.96359151107488,1017.0856799886609,1014.6218450933551,7.0,5.24345,4.15881,0.390291,-2.46383
-0.317191,-0.948362,0.4953598413640567,2.9763567064778464,1,30.857353571591634,-1,1.22465e-16,6.12323e-17,1,11.190523015909253,66.4289226193194,74.52418412727401,1010.5478765875009,1009.1955073414782,7.904738492045373,4.86348,6.77676,-1.18574,-1.35237
-0.993747,-0.111659,18.000699211679954,1.126061622765219,-0.707107,24.783014035756498,-0.92388,0.382683,-0.382683,0.92388,5.956369736591315,74.34787675446957,79.91273947318263,1017.7732391655549,1015.8298419727062,7.652123245530438,3.60865,4.73883,0.278418,-1.9434
-0.980469,0.196673,1.0751407773214212,10.550281554642842,0.382683,31.62429611339289,0.707107,0.707107,6.12323e-17,1,12.375703886607106,68.43362862366092,55.063555829910655,1014.5041031458484,1011.8728883401787,2.312148056696447,9.94618,6.28805,2.57514,-2.63121
-0.365723,0.930724,2.3942756768226667,7.5774240545702005,6.12323e-17,24.000000000000004,-0.92388,-0.382683,0.707107,0.707107,7.995229730685555,75.40381621545156,58.79809189227422,1013.3346572983678,1010.5158975683896,5.802862161588667,8.56816,4.488,3.96105,-2.81876
0.901502,0.432776,0.17159725078454116,10.501180755491788,6.12323e-17,28.426041238231882,-0.707107,0.707107,0.382683,0.92388,14.999999999999998,67.56805498430917,56.284027492154586,1012.3035422664753,1010.3177436410831,1.2840274921545884,9.61039,6.51089,2.45858,-1.9858
0.814046,0.5808,0.9963878383481799,1.541539858995931,-0.382683,36.9638783834818,-0.707107,0.707107,-0.382683,0.92388,16.945817575222694,80.0,62.054182424777295,1012.9056557283158,1010.4930131625345,7.9638783834817986,7.89354,3.65875,3.29548,-2.41264
-0.413279,0.910605,10.895713700065448,2.1771267433602404,6.12323e-17,32.88111156661576,-1,1.22465e-16,0.382683,0.92388,12.176825266681211,89.58841263334061,76.87809679982547,1022.2240791633559,1018.8066981133668,7.411587366659394,4.32247,1.79222,2.35944,-3.41738
0.467359,0.884068,2.1592283880600647,8.031126462690741,6.12323e-17,26.80900213929925,-0.707107,0.707107,6.12323e-17,1,9.394855920400431,62.01286019899893,65.21028815919914,1013.9045010696497,1011.6637294577097,7.0,7.02363,7.80276,0.379614,-2.24077
0.990532,-0.137279,0.0,11.555323686880987,0.382683,26.413360894625754,0.382683,0.92388,0.707107,0.707107,10.206680447312877,61.0,52.586639105374246,1014.921294747524,1012.2832988817178,2.396659776343562,10.6263,8.11,2.27933,-2.638
0.998667,-0.0516197,0.9629721428916638,4.626650142795005,6.12323e-17,31.20755428626662,0.382683,0.92388,0.707107,0.707107,10.051888571566657,77.73349857204995,63.05188857156666,1020.3007058570116,1017.9636779999032,6.237027857108336,7.64718,4.16156,2.22594,-2.33703
-0.995521,-0.0945367,4.140804422956931,1.9477945175708744,1,31.162828841754123,-0.707107,0.707107,0.382683,0.92388,7.6427182678308565,88.42912692867657,81.9090163547533,1021.4693480765231,1016.9795005760031,7.530651923476897,3.17138,1.93761,1.70613,-4.48985
0.276097,-0.96113,5.837193537525054,8.97904837235543,0.382683,23.18596768762527,-0.92388,-0.382683,0.707107,0.707107,10.418548348303762,73.81403231237474,60.00000000000001,1016.5720806366269,1012.9953387026948,3.7674193393215054,8.44768,4.96253,3.28837,-3.57674
-0.865307,0.501242,2.3869316184274307,8.232607312134856,-1.83697e-16,31.71748815055999,-1.83697e-16,-1,0.382683,0.92388,9.905829383519997,66.32607312134857,59.92761001947428,1010.7079438053188,1006.6775145567794,4.673926878651427,8.53719,6.80406,1.67751,-4.03043
0.761104,0.64863,8.698438281140767,7.719062968684459,0.382683,28.698438281140763,-0.707107,-0.707107,6.12323e-17,1,16.360217007119104,69.31622554092421,57.669110637010824,1016.6228242608536,1013.8603123437717,4.992668088967516,9.00011,5.97116,1.99413,-2.76251
-0.474951,0.880012,0.8819558818697552,7.568276656072717,6.12323e-17,20.0,-0.707107,-0.707107,0.707107,0.707107,8.795110295325614,83.47322609720335,64.06344668785457,1023.1116994493448,1018.8463327214943,4.756112130842984,7.2033,2.89479,3.38586,-4.26537
0.14154,-0.989932,0.0,5.7428664051077645,-1.83697e-16,42.34695200729681,1,0,0.92388,0.382683,13.661219197081275,54.62853437956894,61.98365759124383,1014.4024513613135,1012.2759273649618,6.669390401459362,7.76117,9.85968,-1.70899,-2.12652
0.664855,-0.746972,0.0,9.91900332479232,0.707107,28.0,1,0,0.707107,0.707107,9.583026272979005,54.72878284122376,57.04059195542652,1014.3562730295265,1008.9518453615588,1.7287828412237585,9.46288,9.90372,3.11697,-5.40443
0.726608,0.687053,4.262944056888564,1.977508874940446,-0.707107,19.247169176068688,-0.92388,-0.382683,-0.382683,0.92388,7.000000000000001,81.11245562529777,73.46075713093899,1023.9797735340856,1020.2797735340855,7.550566164786263,4.94894,3.31615,2.46517,-3.7
0.055917,-0.998435,17.156494283983054,0.041211562888961314,-0.707107,38.830196948902646,-0.707107,0.707107,-0.707107,0.707107,14.709040660006517,82.93345616442852,73.34557179331813,1014.0945387546675,1011.6187700124467,8.0,5.09544,3.09708,0.117577,-2.47577
0.761104,0.64863,3.5177333677622946,7.226233238653691,-1,30.537250193662903,-0.707107,-0.707107,0.707107,0.707107,8.8457500645543,71.64008348396003,60.05141664514857,1010.595908167644,1008.287933212832,7.794333419405735,8.53151,5.50957,3.17943,-2.30797
0.962309,-0.271958,0.0,7.420197214056704,-0.92388,17.777805602829613,-0.382683,-0.92388,-0.92388,-0.382683,5.767694474527935,84.97977774339665,49.78791673113129,1022.155561120566,1018.4070777898112,2.757583346226258,11.1072,2.53726,7.06464,-3.74848
-0.591261,0.80648,43.76946450957516,0.06407492520837545,-1,34.28149850416751,-0.707107,0.707107,-0.92388,-0.382683,8.514755235413718,92.43700299166497,80.9035164541574,1013.5477292631226,1008.1544265706241,8.0,3.44696,1.26801,2.22707,-5.3933
-0.563151,0.826354,0.0,3.2518833467439983,-1.83697e-16,37.0,1,0,-0.707107,-0.707107,10.793585899224238,68.89679294961212,79.62064141007757,1013.055230307907,1008.6655510129457,7.0,3.54397,5.88775,-3.22734,-4.38968
0.677615,-0.735417,10.70031316239211,4.1176594719852035,0.382683,33.100313162392105,0.382683,0.92388,6.12323e-17,1,11.788923684710234,84.55015658119605,76.86154605887793,1014.6204285508076,1012.1571056562207,7.394461842355117,4.43435,2.8158,1.37717,-2.46332
0.952378,-0.304921,5.550980795600024,3.769621033376007,-0.382683,34.994248742560025,-0.92388,-0.382683,-0.382683,0.92388,9.713464106080002,74.49137311384004,74.0,1029.4730717878401,1026.322784224968,6.2865358939199965,4.7571,4.58397,1.97077,-3.15029
0.124479,0.992222,26.790891809715525,1.0136726580694218,-0.707107,39.79892844820183,-0.92388,-0.382683,-0.707107,0.707107,14.20107155179817,87.13404770119877,64.99464224100913,1022.9946370546878,1020.8879346696278,7.466488074700305,6.81061,2.15761,3.48123,-2.1067
-0.989314,0.145799,0.9381483958140353,6.796388703139474,-1.83697e-16,49.89012923566082,1,0,0.707107,0.707107,8.563580659690059,63.2904356073655,65.50864527752047,1011.7656160868988,1006.9656160868988,6.7817903298450295,7.13819,7.61801,1.49278,-4.8
0.702527,0.711657,0.0,7.707919064139966,6.12323e-17,22.821542376448818,-0.707107,-0.707107,0.707107,0.707107,7.473072029438983,75.82154237644882,58.0,1015.0772944794852,1012.2469885488872,5.526927970561018,8.71681,4.36771,3.98754,-2.83031
0.966848,-0.255353,0.6643576241848973,5.682011022327688,6.12323e-17,41.605584809327226,-0.92388,0.382683,0.707107,0.707107,11.89273729302517,79.4290508278993,61.44636864651258,1020.1394415190673,1015.7913410906933,4.0,7.92527,3.66356,5.07855,-4.3481
-0.0473214,-0.99888,0.0,3.4690164628853193,-0.92388,26.678919111629153,-0.92388,-0.382683,-0.92388,0.382683,4.678919111629155,81.33383679720255,79.87697208650589,1025.3667673594405,1023.1766700081843,7.592648533022507,3.57842,3.20888,3.37907,-2.1901
-0.995521,-0.0945367,0.0,7.45348780032491,-0.707107,22.25582324472022,-0.382683,-0.92388,-1.83697e-16,-1,4.0,81.97673775365523,46.55814024959386,1022.2139542745532,1017.979070124797,2.5581402495938628,12.0778,3.08316,6.87209,-4.23488
-0.944188,0.329408,0.0,0.0,-0.92388,34.07981167900442,-0.707107,0.707107,-0.707107,0.707107,16.079811679004422,57.15962335800885,68.87792846904867,1015.8239435037012,1013.4159623358009,7.539905839502213,6.01741,9.01311,-1.31784,-2.40798
-0.317191,-0.948362,1.7384620213095152,10.614530585152103,0.707107,33.341877659391585,0.92388,0.382683,0.92388,0.382683,13.136751063756632,59.17093882969579,53.170938829695785,1015.658974680873,1012.7247869149338,2.1367510637566327,10.4133,8.6042,1.62051,-2.93419
0.915864,0.401488,1.1840315764285938,10.785362278392878,6.12323e-17,31.026614039285676,0.707107,0.707107,6.12323e-17,1,13.053228078571351,64.8270087446431,56.1064561571427,1012.5560868351787,1009.9827008744643,2.026614039285677,9.75643,7.24184,2.64145,-2.57339
0.055917,0.998435,9.595373804532551,0.0,-0.92388,23.844562127944403,-0.707107,-0.707107,-0.92388,0.382683,6.614854042648134,90.36891242558887,90.26217514882222,1026.080275897823,1022.1999999999999,8.0,1.60805,1.59012,-0.0401379,-3.88028
0.860961,-0.508671,0.0,4.617446200837586,0.707107,30.693392737282938,0.92388,0.382683,0.707107,0.707107,8.08017821184882,67.45285810173648,72.99059627688118,1013.0551843759823,1010.6773570949132,6.844345437861767,5.28256,6.58184,-0.168399,-2.37783
0.9711,0.238673,0.31018102344916176,9.325848418620764,0.382683,23.74151581379237,-1.83697e-16,-1,6.12323e-17,1,14.534728464826257,75.7932126510339,56.05169683724152,1015.2051696837242,1012.9327941115861,2.896606325516946,9.47608,4.55156,2.07755,-2.27238
0.994671,-0.103102,0.0,9.143998813265235,0.707107,29.760026701532222,0.92388,-0.382683,0.707107,0.707107,12.840017801021483,55.11994956377247,58.03995846428321,1015.7920008900511,1012.1039958464282,2.280005933673827,9.01505,9.70177,1.888,-3.68801
-0.856551,0.516062,0.310119529210928,7.796573648615308,0.707107,22.145816477617522,0.382683,-0.92388,1,0,8.022310592754119,78.28127528357372,64.1235058848634,1020.0269322362481,1016.3797609415783,6.32589646908196,7.34051,3.99539,3.29108,-3.64717
-0.381689,-0.924291,6.51637783651259,7.53401356871454,-0.707107,27.26007306230906,0.707107,-0.707107,0.707107,0.707107,9.360020874945446,66.18001043747273,61.80010437472724,1013.1459446813947,1009.9939822562962,6.180010437472723,7.97632,6.7717,1.94396,-3.15196
-0.954967,0.296713,0.3645777663107035,8.33801109104373,6.12323e-17,24.35422233689297,-0.707107,-0.707107,0.382683,0.92388,7.531333505339449,58.505444931795104,87.8746659786422,1022.8021779727181,1019.3667557390287,4.822888831553517,2.01205,8.34544,-3.21812,-3.43542
-0.217723,0.976011,3.2479414970976377,3.693382085751969,0.382683,32.066179142480316,0.382683,0.92388,6.12323e-17,1,15.206617914248028,75.10330895712401,78.76029251451182,1016.9768373001319,1015.2561755087071,7.103308957124016,3.90261,4.69939,-0.945037,-1.72066
-0.474951,-0.880012,0.0,7.090730509690188,6.12323e-17,29.169341400885177,6.12323e-17,1,0.707107,0.707107,12.169341400885177,67.75401210132777,62.16934140088518,1015.7942997436293,1012.4451021638948,7.0,7.87687,6.42992,1.16613,-3.3492
-0.413279,0.910605,0.0,9.291272469466914,0.707107,38.32311798799893,0.92388,0.382683,0.92388,0.382683,16.37641573173319,60.25849439039914,54.25849439039915,1015.0924050548534,1011.5041971889868,4.441039329332977,10.286,8.46916,1.73231,-3.58821
0.276097,0.96113,3.2541534622922343,8.0026210115356,-1.83697e-16,23.97378988464401,-0.707107,-0.707107,1,0,5.205242023071198,70.7816529192508,57.35806381543041,1015.2318748642397,1010.7703022573182,4.192136965393203,9.00781,5.50467,3.9821,-4.46157
0.0730951,0.997325,0.20804116736317071,4.847475116119573,-1,28.600514592039634,-0.92388,-0.382683,6.12323e-17,1,11.0,75.28144085771098,70.36185253134268,1019.7346414770153,1016.9306208933338,6.080411673631707,5.74105,4.63144,0.723609,-2.80402
-0.809017,0.587785,0.13719354719659682,10.802451622427226,6.12323e-17,35.11580641589791,-0.382683,0.92388,6.12323e-17,1,16.371935471965966,59.173709623846854,47.39645169623822,1017.8017741518809,1015.890193510291,5.3140322640170155,12.2147,8.62583,1.19844,-1.91158
-0.708627,-0.705584,0.0,9.954812545517752,-1.83697e-16,22.139038321483838,-0.92388,-0.382683,0.707107,0.707107,8.913101049072601,68.12165853129837,54.22593727241124,1017.8860961678515,1013.2947860629444,1.0868989509273983,9.95715,6.04568,6.15307,-4.59131
0.0387223,-0.99925,0.0,5.684695985605418,0.92388,26.908175913632512,-0.707107,-0.707107,0.707107,0.707107,10.93878394242167,63.26191459949195,60.64626131414055,1017.4540879568162,1013.7370789055038,7.0,8.1967,7.4295,1.69082,-3.71701
0.226116,-0.9741,0.0,0.9448104925598481,-0.707107,28.29592477122619,-0.707107,0.707107,-0.382683,0.92388,9.215218015437229,60.02690225192965,52.91929324421103,1026.046657164001,1023.5385864884221,6.973097748070346,9.92989,7.9741,0.826902,-2.50807
1,0,3.340336689086404,6.376246905330029,0.382683,18.259663310913595,-0.92388,-0.382683,0.707107,0.707107,6.419887770304532,85.03865324365438,63.77898993274079,1018.2452929529186,1014.4254051826141,4.09943885152266,7.26752,2.59746,3.40994,-3.81989
-0.925925,-0.377708,0.0,7.0525347479384966,-1.83697e-16,39.93240672164011,1,0,0.707107,0.707107,11.47465252061504,50.0,58.22042794071755,1015.1067593278361,1012.9169732981946,6.745775420102507,8.77332,11.2498,-1.35092,-2.18979
0.512371,0.858764,0.0,2.204325116590533,-1.83697e-16,34.69557041972592,1,0,0.92388,0.382683,11.173840373089707,65.43480986009136,66.47826995336379,1012.3651901399086,1009.1391140839452,6.478269953363787,6.63635,6.83105,1.07392,-3.22608
-0.989314,0.145799,24.827960464362747,0.0,-0.92388,42.17489070194445,-0.707107,0.707107,-0.707107,0.707107,8.370613952483662,91.3426534881209,87.91611860691175,1015.6377741868253,1013.3237939546437,8.0,2.10662,1.48399,0.0685307,-2.31398
-0.980469,-0.196673,0.10644899776525983,10.06130601340844,-0.382683,32.0644899776526,-0.92388,0.382683,6.12323e-17,1,14.999999999999998,57.451429843568185,58.725714921784096,1015.7581220491643,1013.4903670379906,5.128979955305196,8.72186,8.99205,1.14033,-2.26776
-0.504961,-0.863142,0.4011864188906381,0.5281143495879251,-1.83697e-16,20.754449070839893,-0.382683,-0.92388,-1.83697e-16,-1,2.5029660472265953,80.26334721251968,74.2396188347069,1012.8514830236134,1010.3251483023613,7.0,4.9074,3.64188,-0.0706992,-2.52633
0.97874,0.205104,23.243247277643366,0.0,-0.92388,31.53085861527711,-0.707107,0.707107,-0.707107,0.707107,11.796287922915665,87.62041642396385,81.60185603854217,1013.9317866345482,1010.7379583576036,8.0,3.34289,2.18438,-0.105244,-3.19383
0.901502,0.432776,0.0,3.7315863929733286,0.382683,26.28708472407878,6.12323e-17,1,0.707107,0.707107,14.425830551842429,78.8468645694091,77.27269512125153,1012.7129152759211,1012.0961627725794,7.0,4.3673,4.0094,0.714834,-0.616753
-0.932289,-0.361714,3.791568119848532,0.018054062421947476,-0.382683,13.0,-0.707107,-0.707107,-0.707107,-0.707107,4.0,92.18054062421947,89.03711667082948,1019.4990989596341,1016.9449367723682,7.939819791926841,1.78157,1.24245,0.952757,-2.55416
0.24285,-0.970064,2.6918563223605627,6.773289891834135,0.382683,29.472314061562553,0.382683,0.92388,0.382683,0.92388,12.068404326634633,78.59609026507206,67.80130324497597,1016.3781754570335,1013.7850158896971,7.0,6.56627,4.04452,2.09251,-2.59316
0.175531,-0.984474,0.45981103145971347,0.6820039575817478,-1.83697e-16,20.974291367973922,-0.382683,-0.92388,-1.83697e-16,-1,2.6495275786492836,80.92287410392177,73.72665347472751,1012.9247637893247,1010.3324763789325,7.0,5.0175,3.50113,0.141815,-2.59229
0.957485,0.288482,0.03766981675312029,4.972231243438966,-0.707107,28.94174541882801,-1,1.22465e-16,-0.382683,0.92388,8.130094502593609,69.92816007857839,67.70872709414003,1023.817867696369,1021.1568960471471,7.0,6.25443,5.7393,0.212042,-2.66097
-0.0988201,0.995105,1.8923317899483507,1.361502315077474,-0.707107,35.38497684922526,-0.707107,-0.707107,-0.707107,0.707107,17.38497684922526,72.23004630154948,63.11580632409613,1011.9148665161105,1010.807354940723,7.0,7.64958,5.43593,0.434272,-1.10751
-0.83828,-0.54524,0.0,2.6158920811442608,0.92388,30.030129982298263,1,0,0.92388,0.382683,9.312327689584347,69.31232768958435,68.34245767188261,1012.8720559259365,1006.4969870017702,2.936983068753044,6.08529,5.75682,2.43151,-6.37507
-0.997001,-0.0773865,0.0,2.398754198669209,-1.83697e-16,39.58017422668312,1,0,-0.92388,-0.382683,6.765438706665172,66.53087741333034,82.11105164001346,1011.4975619213263,1007.5790354733281,7.0,3.07844,6.51277,-4.66051,-3.91853
0.761104,-0.64863,0.0,4.143983800615521,-1.83697e-16,30.256572170257204,0.92388,0.382683,-1.83697e-16,-1,13.146612668718406,67.18326583589801,86.70677466256319,1010.0429473520004,1005.5356167185645,7.0,2.3628,6.71206,-4.62406,-4.50733
-0.744104,-0.668064,18.549176030159792,0.0,-0.92388,23.127356593482364,-0.707107,0.707107,-0.92388,0.382683,10.53183914837059,89.46816085162939,86.74469347527156,1012.6935728365495,1010.5573698008434,8.0,2.34375,1.82954,0.59151,-2.1362
0.0215161,0.999769,0.7939588204453761,6.7015102948886565,-1.83697e-16,59.04530884665969,0.707107,0.707107,0.707107,0.707107,10.353470598515411,61.92448525556719,66.96979410222689,1011.954980893404,1006.6474294189608,5.984897051113441,6.75277,7.98503,0.795469,-5.30755
0.37372,-0.927542,5.481201107877985,8.414958098819628,-0.707107,20.40600553938992,-0.707107,-0.707107,1,0,6.021368712599469,67.9358938622016,51.042737425198936,1013.9358938622015,1009.2337569909416,3.064106137798409,10.8867,6.16799,4.26795,-4.70214
0.842942,-0.538005,3.098312241135502,4.067071013591348,-0.707107,36.75421939716125,-0.382683,0.92388,6.12323e-17,1,11.748593534279586,75.24578060283875,86.49718706855917,1016.8128516164301,1014.7631329095742,6.7485935342795855,2.39287,4.6825,-0.9,-2.04972
0.611886,0.790946,5.757643917758559,0.06480916618963027,6.12323e-17,36.87738806396556,-1,1.22465e-16,0.382683,0.92388,11.035031981724124,89.01751599086207,90.5796162193105,1020.4542995716723,1016.1805735579655,7.982484009137938,1.63194,1.91149,0.361306,-4.27373
0.92264,-0.385663,0.5859534970136983,9.135116257465755,0.707107,22.0,-0.707107,-0.707107,6.12323e-17,1,8.511705419155252,77.44147290422374,61.92976748506849,1016.8923101437717,1013.5143837889829,3.732441871267123,7.94957,4.16704,4.20702,-3.37793
0.436651,0.899631,7.1455438455386675,0.43971930251156566,-0.92388,16.86035089524124,-0.707107,-0.707107,-0.92388,0.382683,2.338245617316589,90.81614033939194,89.64701753073363,1022.1948772006939,1019.4470877284865,8.0,1.74717,1.49128,4.21544,-2.74779
0.0215161,-0.999769,20.141564656179856,1.059382650786511,6.12323e-17,31.895476296629486,0.382683,0.92388,-0.382683,0.92388,5.489302804494597,70.16625862471942,66.4893028044946,1015.404278878202,1012.6125918094381,6.729217671910074,6.59638,5.68227,1.45724,-2.79169
0.702527,0.711657,16.972236942713966,3.870369016761934,0.382683,32.45371300976171,1,0,0.382683,0.92388,17.148154916190332,74.38888381285726,69.14815491619034,1016.2777767625714,1013.9314806354762,7.0,6.16603,4.92534,1.14815,-2.3463
-0.0988201,-0.995105,0.7095121447387416,5.333414986828809,-0.707107,30.660670542770283,-0.92388,0.382683,6.12323e-17,1,8.131098190765732,84.17225452308568,75.28536434216225,1026.0928046513243,1023.7023167960632,6.547560723693708,4.5381,2.75808,0.72622,-2.39049
-0.618671,0.78565,7.730199220804306,4.697509550384028,6.12323e-17,29.568572601874823,-1,1.22465e-16,6.12323e-17,1,8.226937769821582,70.04489628303597,68.36408297357123,1016.3680813309463,1013.3386531115088,5.977551858482016,6.27468,5.83712,1.03841,-3.02943
0.952378,-0.304921,0.0,9.22743907143829,-1.83697e-16,21.83735559398701,-0.92388,-0.382683,0.707107,0.707107,8.75603339098051,69.62644406012991,54.89454423307144,1018.6888253691629,1014.0969575894636,1.5692554210454706,9.74205,5.69678,6.11868,-4.59187
0.957485,-0.288482,3.6835353467681693,0.780792405310107,0.382683,30.204266797823657,-0.382683,0.92388,-0.707107,0.707107,11.402438170184944,88.40548588291614,72.97561829815054,1018.3917641711422,1015.7109717658321,7.399390457453764,5.03775,1.98346,0.703962,-2.68079
-0.25119,0.967938,3.641054261124622,1.466060896478708,6.12323e-17,35.23649857464774,6.12323e-17,1,6.12323e-17,1,16.999999999999996,69.88686965492903,80.88175071267614,1012.3611722205632,1009.7143843998589,7.940875356338065,3.54403,5.93117,-0.0354748,-2.64679
0.702527,0.711657,0.1653677767423755,10.038528893030499,6.12323e-17,23.38528893030498,-0.707107,0.707107,6.12323e-17,1,11.346322232576245,60.78787218598314,60.34632223257624,1010.013419441856,1007.3809544558338,3.5194833488643678,8.42759,8.24399,1.07099,-2.63246
0.24285,0.970064,1.0656911456290967,10.033119938106365,-0.707107,40.33211393203637,-0.707107,0.707107,-0.382683,0.92388,18.665142415045466,61.66605696601819,49.666971516990905,1019.9338515788845,1017.0672458822827,5.0009145509727215,11.4629,7.90892,1.96651,-2.86661
0.452072,-0.891981,1.2308740946846992,1.6489775768241821,6.12323e-17,24.53688857972951,-1,1.22465e-16,-0.92388,-0.382683,5.154370473423496,79.57718523671174,86.08059331396448,1015.789895822252,1012.6281476328825,7.577185236711748,2.43855,3.73309,-1.2235,-3.16175
-0.519744,-0.854322,0.0,7.426260193441537,-0.92388,30.559984329306207,6.12323e-17,1,0.707107,0.707107,11.605705331032118,63.04572100172591,62.69714733448394,1008.1651426332758,1003.8137163005179,3.394294668967882,7.84895,7.63488,2.16342,-4.35143
0.651899,0.758306,0.0,12.06814251095144,0.92388,29.433587007185245,0.92388,-0.382683,0.92388,0.382683,10.59287445242805,50.07073678815647,54.23002423339927,1014.5513490073588,1010.7876340292618,4.362850219028779,10.2772,11.4143,1.72478,-3.76371
0.209315,-0.977848,0.0,8.407430884035811,-0.707107,30.60495392269054,-0.92388,-0.382683,-0.92388,0.382683,9.790092154618918,63.135599005022975,59.20990784538109,1023.8998732262066,1020.5393778339375,4.209907845381082,8.28841,7.22134,1.45059,-3.3605
-0.732494,0.680773,0.0,1.5683434266783252,0.707107,28.091330678291285,-1,1.22465e-16,6.12323e-17,1,8.773219124673163,69.45356175065366,75.54489242894495,1010.517956971578,1008.8952788840454,8.0,4.65357,6.04775,-0.686455,-1.62268
0.690173,0.723644,1.6006839974170641,4.419521201808055,6.12323e-17,30.133561332472354,-0.92388,0.382683,0.707107,0.707107,11.801367994834129,82.06507067269352,64.33903331180886,1022.0345873285979,1018.654792527823,4.4006839974170635,7.23873,3.19452,4.04521,-3.37979
0.0730951,0.997325,5.574680361962788,0.025985944301348676,6.12323e-17,36.96002162415177,-0.707107,0.707107,6.12323e-17,1,10.973347749434515,88.8600756845312,90.86007568453118,1020.3706825243779,1016.0820097308683,7.993336937358628,1.58112,1.9411,0.299334,-4.28867
-0.873807,0.486273,0.0,2.4228150136459847,0.382683,21.485433424306564,0.382683,0.92388,0.382683,0.92388,6.228150136459846,63.25728328784672,66.78156091400244,1012.8169883833687,1010.7694161459842,7.0,6.55534,7.38568,0.447572,-2.04757
-0.0645084,-0.997917,1.8542890171722306,4.52432369748065,6.12323e-17,30.366628132990645,-0.707107,0.707107,6.12323e-17,1,7.361926781148203,67.0951830471295,69.27614643770359,1015.6833140664952,1013.1376030836675,7.0,6.05982,6.56353,0.227145,-2.54571
0.852078,-0.523416,0.28452576178774475,5.69376024938566,0.382683,21.598170359775743,-0.382683,-0.92388,0.707107,0.707107,7.000000000000001,79.95840166257108,60.535772853632345,1017.4115646811166,1012.9889358721778,6.711314404469362,8.23837,3.5926,5.13719,-4.42263
0.0387223,-0.99925,5.84724651552795,8.992691699645077,0.382683,23.236232577639758,-0.92388,-0.382683,0.707107,0.707107,10.454451841171252,73.76376742236025,60.00000000000001,1016.5799794050577,1013.0018013314109,3.7817807364685008,8.4488,4.9741,3.28909,-3.57818
-0.925925,-0.377708,13.69994340656474,5.008939687996212,0.707107,38.145395169874554,-0.382683,0.92388,6.12323e-17,1,13.698976704416568,65.32902244053966,83.84437187429113,1012.9137861936587,1009.0574047446212,7.349488352208284,2.9228,6.99953,-0.90587,-3.85638
0.714673,-0.699458,62.22577291661774,2.44201500861984,-0.707107,30.967021210206635,0.92388,-0.382683,0.707107,0.707107,7.6436639481095074,74.66015334300619,77.78168025945246,1010.5610685158316,1008.1210075043099,6.3563360518904926,4.16358,4.82343,0.175695,-2.44006
-0.912375,-0.409356,0.0,0.9283866573690241,-1.83697e-16,20.148650338238575,-0.92388,-0.382683,1,0,6.222975507357865,87.43917144849495,74.36484627937566,1014.1973006764771,1011.0783804058863,7.479723816164983,4.60961,2.08858,1.29392,-3.11892
-0.755493,0.655156,3.2741931843056147,7.865321033298863,6.12323e-17,38.696240503355845,-0.382683,0.92388,-0.382683,0.92388,14.123655307176023,54.19086173205994,51.63979162106373,1012.6024176254516,1010.9147831561693,5.314517039235962,10.8906,10.0144,1.49892,-1.68763
-0.925925,-0.377708,12.39128032662524,1.7536720118931564,-0.707107,23.87386265781956,-0.92388,0.382683,-0.382683,0.92388,7.591746102469334,73.80275129917689,79.83026429094578,1022.025227468436,1019.5350899034772,7.901375649588444,3.61373,4.8734,-0.642201,-2.49014
-0.658402,0.752667,0.0,5.264013595642956,-0.707107,35.48843536383469,-1,1.22465e-16,-0.707107,0.707107,12.51156463616531,59.24421768191735,69.0,1023.2471768570811,1021.3082312775603,5.877891159041328,6.02283,8.46831,-0.802313,-1.93895
-0.381689,0.924291,13.434391433530797,7.075793575148097,-0.707107,35.0,0.92388,0.382683,0.382683,0.92388,13.0,68.90317430059238,64.3171957167654,1015.5585978583827,1011.0515871502962,2.951587150296196,7.3654,6.17324,1.50484,-4.50701
0.98522,0.171293,0.6951205004324568,1.282010562986514,-0.707107,13.917695621216001,-0.707107,-0.707107,0.707107,0.707107,4.262198748918858,89.73780125108114,71.95120500432456,1022.0390359965403,1019.1030571225134,7.131099374459429,5.15882,1.63194,6.67713,-2.93598
0.0730951,-0.997325,0.1248655496236547,5.207861462016087,-1.83697e-16,39.98924396989238,-0.382683,0.92388,0.92388,-0.382683,7.000000000000001,68.24865549623655,54.51344503763453,1012.6729832443549,1007.6381050266936,4.5026890075269055,9.76356,6.02609,4.44704,-5.03488
0.992749,0.120208,8.943646942085055,4.781288932990091,0.382683,29.85930056928365,0.382683,0.92388,0.382683,0.92388,13.67182347104253,79.5156536271986,67.29686927456028,1017.9749908392964,1015.6312339687688,7.0,6.67061,3.84362,2.00626,-2.34376
-0.333469,-0.942761,0.0,6.3767644632700975,-1,27.403701364822428,-1.83697e-16,-1,0.382683,0.92388,13.0,64.5620294356729,50.50925341205607,1022.4583280708505,1018.2881430026093,3.7546267060280347,10.8307,6.84904,3.67019,-4.17019
0.325342,-0.945596,4.188114946924194,7.810553648271372,0.382683,30.0,0.382683,-0.92388,0.382683,0.92388,12.313524911540323,79.13370684710281,59.32838122788508,1024.4295584058596,1021.4011771779743,5.686475088459676,8.51085,3.76667,4.04769,-3.02838
0.994671,0.103102,0.2520834993316577,4.209373755012567,0.382683,29.848956258354278,-0.382683,0.92388,0.382683,0.92388,14.260417496658286,67.45313122493717,61.26041749665829,1019.8359393674812,1018.4619811171469,5.630208748329144,8.04842,6.45537,1.03698,-1.37396
-0.83828,-0.54524,1.7947736947060051,6.536714069347781,-0.707107,32.26882263849086,-0.92388,-0.382683,-0.707107,0.707107,10.21966361099739,81.09831805498695,61.07218652851697,1029.9291850139514,1026.7780336389003,5.1705045835039165,7.77965,3.25971,4.04655,-3.15115
-0.534373,0.845249,0.7888144982878421,0.8731221453030823,6.12323e-17,25.92904965386387,-1,1.22465e-16,-0.707107,0.707107,6.0,76.50751141878766,90.25375570939384,1015.6107691175381,1013.3767962282276,7.563438927348459,1.66053,4.36038,-2.07462,-2.23397
0.259512,0.96574,0.5717481774603214,5.320560195820066,-0.707107,27.902098521163985,-0.707107,-0.707107,-0.382683,0.92388,9.282518225396785,75.67412414074083,75.30489064761927,1025.9913284732274,1023.0348248281481,6.858740887301607,4.53835,4.4244,1.08476,-2.9565
-0.696376,-0.717677,14.25359510106599,2.1220513082380594,6.12323e-17,30.578505288621944,6.12323e-17,1,-0.382683,0.92388,12.806001113394093,91.67899610312068,85.58199665981772,1014.2608510855592,1012.1123513639077,7.548499721651477,2.57422,1.43686,0.5291,-2.1485
0.405426,-0.914128,0.16140581000583135,7.982460167510205,6.12323e-17,26.38594189994169,-0.707107,-0.707107,0.382683,0.92388,10.57891284991253,67.14025307475217,75.68434860034988,1026.2561012299009,1022.6175070399067,3.807029050029157,4.35378,6.14739,0.692938,-3.63859
0.908818,-0.417194,0.945175733805432,3.854568688849547,6.12323e-17,32.09137377699095,-0.707107,-0.707107,-0.382683,0.92388,6.454313111504527,70.36293933451357,76.26900978407244,1027.9271565557524,1026.408881800354,7.0,4.33158,5.55161,0.95508,-1.51827
-0.983709,-0.179767,0.2,6.833258358253605,-0.707107,37.44419452751202,-0.92388,0.382683,-0.707107,0.707107,13.0,62.444194527512025,61.222097263756005,1016.4111161094497,1014.2555805472488,6.555580547248798,7.96755,7.69309,-0.644442,-2.15554
0.772157,-0.635432,0.2,7.013464363427042,6.12323e-17,33.02933411409253,6.12323e-17,1,6.12323e-17,1,15.029334114092526,68.01466705704627,50.45467876843418,1018.9943971892669,1016.2943971892669,7.014667057046264,11.0759,6.22176,2.85747,-2.7
0.38963,-0.920971,1.9870617077011508,1.2562272184367773,-0.382683,16.522370246206904,-0.92388,-0.382683,-0.92388,-0.382683,6.41293829229885,90.6517531691954,79.74123415402302,1020.1716444630689,1016.5457678784712,6.174123415402302,3.55394,1.52518,2.30599,-3.62588
-0.591261,0.80648,25.645601814632776,8.15373320879971,6.12323e-17,23.663111229714563,-1,1.22465e-16,6.12323e-17,1,12.663111229714561,75.30488983771649,61.66311122971456,1016.502978234401,1012.0724892506294,2.1684443851427195,7.94644,4.58613,3.81151,-4.43049
-0.25119,0.967938,3.4136671316838174,4.464651240368654,0.382683,26.646512403686533,-1.83697e-16,-1,-0.707107,0.707107,10.42969612421124,84.49409534789098,65.92772790684157,1027.5863328683163,1024.1293024807374,6.285151937894379,6.59773,2.63051,3.81367,-3.45703
0.992749,0.120208,15.047212392848474,3.872656072406617,-0.92388,19.278032983768597,-0.92388,0.382683,-0.92388,0.382683,6.721967016231402,90.24065567207714,91.5560659675372,1020.9121319350744,1017.732459771113,7.240655672077134,1.44441,1.67087,0.696262,-3.17967
0.92264,0.385663,20.008549935310235,2.101870298349114,-0.707107,30.50578901869964,-0.707107,0.707107,-0.382683,0.92388,13.003562473045932,89.4977734543463,77.98575010781627,1014.5951015995619,1013.0450570686488,7.4995546908692585,4.09441,1.8193,1.70071,-1.55004
-0.67126,-0.741222,16.54894609554614,0.0,-0.92388,35.57636335020261,-0.707107,0.707107,-0.707107,0.707107,12.830545340081047,88.79654565485816,83.83054534008104,1014.3779817695345,1012.4966544080972,8.0,2.8882,1.95532,-0.166109,-1.88133
-0.428892,0.903356,14.347688510263152,3.8310078889018238,6.12323e-17,29.90295711933198,-1,1.22465e-16,0.382683,0.92388,13.194085761336037,89.32069983532386,66.90295711933197,1023.1894627818623,1020.3652020616953,7.0,6.59114,1.83339,3.70781,-2.82426
-0.0645084,0.997917,0.8864293040390696,9.544532221803882,0.382683,24.916995831764556,-1.83697e-16,-1,0.382683,0.92388,14.999999999999998,73.70751042058862,56.6113305545097,1015.3069828470392,1012.8777338890981,3.0,9.33793,5.01363,2.01528,-2.42925
0.823923,-0.566702,3.686452260727952,7.893995444113672,0.382683,36.05660167546617,-0.92388,0.382683,-0.707107,0.707107,12.656946063805878,65.94339832453383,57.20068877667942,1021.9049713908673,1019.8934788616042,5.17152696809706,9.08745,6.72485,2.13139,-2.01149
-0.983709,0.179767,0.16275325766391727,2.6530390919670075,-0.382683,25.117402270082483,-0.92388,-0.382683,6.12323e-17,1,4.793505675206203,71.55870113504125,64.08909205471132,1019.909325346331,1017.6749096255319,7.186233711680414,7.1839,5.40041,0.982182,-2.23442
0.482508,0.875892,0.1782163316306537,10.180189823968595,6.12323e-17,36.01973492337942,-0.382683,0.92388,6.12323e-17,1,16.782163316306537,61.455408290766336,43.65351005108039,1019.3791654514737,1017.268273617289,4.673244974459806,13.542,7.96498,2.6693,-2.11089
0.988023,-0.154309,8.361613030447687,0.0,-0.92388,16.04294299179136,-0.707107,-0.707107,-0.92388,0.382683,2.7449592798509737,92.89395113582118,89.36108958432786,1021.355302443209,1018.2020162880596,7.851008144029805,1.79282,1.13904,4.2553,-3.15329
0.738326,-0.674444,0.4212990378151677,5.13967200157522,-0.92388,28.621414690124336,-0.707107,-0.707107,0.707107,0.707107,8.260385824579364,78.16559493172397,65.42598075630335,1017.0816270362399,1013.1981865294123,4.1597427836137575,6.86052,3.86899,5.24318,-3.88344
-0.708627,-0.705584,0.0,8.609432818884803,-0.707107,28.738208976393995,-0.707107,-0.707107,-0.707107,0.707107,11.52358204721201,68.19890556437397,46.50786068240401,1024.1513332860534,1021.831442729616,1.7382089763939947,12.2143,5.98084,5.82146,-2.31989
0.702527,-0.711657,0.3139827149753045,8.816103710148173,-0.382683,33.09321809983536,-0.707107,0.707107,6.12323e-17,1,16.046609049917677,58.8961769243003,53.953390950082316,1023.1237234396049,1020.6377061545801,5.093218099835363,9.81819,8.38918,1.24767,-2.48602
0.357698,-0.933837,0.0,4.169015481890639,-0.707107,38.1549225905468,-1,1.22465e-16,-0.707107,0.707107,13.0,62.1549225905468,70.5774612952734,1022.0873250790362,1020.6788730647637,6.39436532381835,5.68874,7.76839,-1.13662,-1.40845
-0.577292,0.816538,0.10988284768609066,6.429648543058272,0.382683,36.29648543058272,0.382683,0.92388,0.382683,0.92388,14.098828476860906,65.69179933802634,65.49414238430454,1014.9671673178074,1013.027635927063,6.0988284768609065,7.04097,6.94637,0.880234,-1.93953
-0.998186,0.0602133,0.2987502864543291,2.8303112825691015,-1,33.02499427091342,-0.92388,-0.382683,6.12323e-17,1,13.024994270913421,78.7093843097657,75.96250859362986,1015.0199954167307,1012.3731197005949,7.746875716135823,4.52176,3.96257,-0.543127,-2.64688
-0.200891,-0.979614,3.4434036590682706,4.532669084137533,-0.707107,34.1380363716029,-0.92388,0.382683,-0.92388,0.382683,13.569018185801452,59.99156365030508,62.98312730061016,1014.110123619634,1011.968712708153,7.284509092900725,7.54279,8.35261,-0.656902,-2.14141
-0.413279,-0.910605,0.8084936529941337,1.2212341324853344,6.12323e-17,23.42468264970669,-1,1.22465e-16,0.382683,0.92388,8.606170662426672,80.53284908532265,55.70272214520532,1021.3084936529941,1018.0934301829354,7.5212341324853345,9.30925,3.45205,2.68417,-3.21506
-0.890028,-0.455907,0.0,4.703091991345242,0.707107,29.28957367526823,0.707107,0.707107,0.92388,0.382683,6.888032905914709,70.51350786343882,74.55983547042645,1013.0169902734416,1010.9861017179037,7.822393418817058,4.94797,5.88427,-0.380308,-2.03089
-0.991677,0.128748,6.418034378925047,9.815431045769015,6.12323e-17,30.15431045769017,-0.382683,0.92388,-0.382683,0.92388,12.723448366152132,61.10620653539147,48.8296549015436,1017.4903792155402,1015.6058102613093,4.0,11.8082,8.10837,1.97234,-1.88457
0.611886,0.790946,0.02065714203197553,4.817842872408452,0.92388,24.206571420319758,-1.83697e-16,-1,0.707107,0.707107,9.413142840639509,64.7182855657556,62.37557133367719,1016.2168999913356,1012.8722999971119,6.896714289840123,7.80478,7.12556,1.60657,-3.3446
-0.998186,-0.0602133,0.0,8.342560540110329,0.707107,20.92664351071713,1,0,0.707107,0.707107,9.285121080220655,64.85743945988966,66.50103810961386,1021.3932872168401,1016.6649827307407,6.071280270055164,6.62028,6.96343,0.985329,-4.7283
-0.0988201,0.995105,0.21813598798667705,4.200504132146553,-0.707107,22.997479339267237,1,0,-0.707107,-0.707107,8.773300150166536,88.54660030033307,71.95213936930055,1018.4556682943264,1015.6191442522797,7.045339969966692,5.30033,1.95607,1.85542,-2.83652
0.982126,-0.188227,0.0,3.800578115976676,0.382683,20.726534592843258,-1.83697e-16,-1,6.12323e-17,1,11.07184151141191,76.0,68.43916854719562,1012.8431049068472,1009.7265345928432,5.618772325725393,6.3006,4.5661,0.690614,-3.11657
-0.954967,-0.296713,0.27601490178744104,5.242067058043484,6.12323e-17,33.28044705362323,-0.707107,0.707107,6.12323e-17,1,13.76014901787441,66.38007450893721,48.6014901787441,1020.3678956874879,1018.0918807857006,7.0,11.7828,6.67094,3.0059,-2.27601
-0.999963,-0.008607,0.16056917468542453,8.359146237971864,-0.707107,33.39430825314575,-1,1.22465e-16,0.382683,0.92388,11.817075240562737,61.98577063286439,81.29675969652217,1017.0985770632865,1015.385976334197,6.605691746854245,3.33923,7.83526,-4.30732,-1.7126
-0.444378,0.895839,0.10416335411128003,7.52914347877896,-0.707107,26.7706180172332,-0.707107,-0.707107,-1,1.22465e-16,13.166534164451202,66.5208167705564,63.8334658355488,1029.4542031047758,1026.7146114900543,5.5208167705564,7.10076,6.33142,2.71249,-2.73959
-0.563151,0.826354,0.5221766707258796,5.341222539577326,-0.382683,32.4163250304441,-0.92388,0.382683,-0.382683,0.92388,10.610883353629399,77.47074179859108,69.1673499391118,1025.745173268386,1022.02299659766,4.5836749695559025,5.95035,4.07001,2.52762,-3.72218
0.87796,-0.478734,5.268140925930175,8.518040408253118,0.382683,23.334673569027434,-0.92388,-0.382683,0.707107,0.707107,10.334673569027432,76.1603005471197,61.496984469688286,1017.5649243602644,1013.8318590740699,4.498994823229427,8.01221,4.43441,3.36653,-3.73307
-0.459733,0.888057,0.12347035148259485,10.073972363880538,6.12323e-17,28.469407029651894,-0.92388,-0.382683,6.12323e-17,1,13.76529648517405,62.87762811860758,62.32146230189082,1013.5301381805973,1010.8449326533735,3.0,7.78008,7.55676,1.42959,-2.68521
-0.605056,0.796183,3.7815322203345723,3.724657512741637,-0.382683,21.892440317890337,-0.382683,-0.92388,0.382683,0.92388,9.092338898327139,89.43074582625464,72.35362771171003,1025.118518489447,1021.7985286314033,7.0,5.21725,1.78258,3.04465,-3.31999
0.625411,0.780296,0.0,9.737105638072036,0.707107,30.989711896167172,0.92388,0.382683,0.707107,0.707107,10.979423792334348,55.030864311498476,51.65980793077811,1017.4412208796052,1013.2752400865273,3.0,10.7221,9.64231,1.26495,-4.16598
0.908818,-0.417194,0.014078824515602164,4.908285910952462,0.382683,26.14078824515602,0.92388,0.382683,0.707107,0.707107,9.281576490312043,58.70394122578011,62.492758858046074,1013.1801282619213,1009.4420347438507,7.0,7.80743,8.75228,0.908488,-3.73809
0.664855,-0.746972,0.09354795733219197,6.79839032000856,0.382683,23.79034192005136,6.12323e-17,1,0.707107,0.707107,9.129040853356162,65.06452042667807,60.532260213339036,1016.7064253972638,1013.2870692692603,7.0,8.27926,7.06362,1.07258,-3.41936
-0.983709,0.179767,0.28381358934744044,1.3572038402116067,0.382683,30.90466026631399,0.382683,0.92388,0.382683,0.92388,12.67627178694881,71.83813589347442,73.61864106525594,1015.5744930567195,1013.6354677981304,7.161864106525595,4.99125,5.40998,-0.684703,-1.93903
0.482508,0.875892,5.462241965070348,9.146224196507035,-0.707107,39.0,-1,1.22465e-16,-0.707107,0.707107,14.462241965070346,71.01411026929564,53.52364776563402,1025.7151032139718,1023.4868042852958,4.089626339154942,10.0287,5.53548,1.26556,-2.2283
-0.381689,-0.924291,4.296434514907615,0.3388370569096446,-0.707107,24.082555853644667,-0.707107,-0.707107,-0.707107,0.707107,11.823642140913705,81.91744414635535,85.81143779135026,1015.9869584945867,1015.7587220731776,7.717635785908629,2.50978,3.29295,-1.24353,-0.228236
0.761104,-0.64863,0.07998104136083124,8.480028437958753,-0.707107,34.20018958639169,-1,1.22465e-16,0.382683,0.92388,9.399431240824937,64.00047396597922,67.5967770313413,1017.3000473965978,1014.5398009342888,5.799810413608313,6.4467,7.34575,-0.43909,-2.76025
0.761104,-0.64863,1.9581054295926417,10.602327476133743,6.12323e-17,30.930175715987737,-0.92388,0.382683,6.12323e-17,1,16.953450477325156,67.0,61.86035143197547,1012.9976725238663,1011.0953450477326,4.9069009546503155,7.91939,6.61879,0.355859,-1.90233
