Date,Location,MinTemp,MaxTemp,Rainfall,Evaporation,Sunshine,WindGustDir,WindGustSpeed,WindDir9am,WindDir3pm,WindSpeed9am,WindSpeed3pm,Humidity9am,Humidity3pm,Pressure9am,Pressure3pm,Cloud9am,Cloud3pm,Temp9am,Temp3pm,RainToday,RainTomorrow
2009-01-01,Brisbane,22.2,33.9,0,9,6.9,W,44,SE,NNE,4,13,60,65,1007.4,1005.1,5,7,29.7,30.9,No,No
2009-01-02,Brisbane,23.2,31.5,0,7.4,0.7,ESE,30,SSW,E,11,17,74,47,1009.9,1009.7,8,8,25,29.4,No,Yes
2009-01-03,Brisbane,21.8,26,4.4,5.4,0,SSE,41,SE,SSE,15,15,85,86,1015.3,1015.1,8,8,22.7,22.1,Yes,Yes
2009-01-04,Brisbane,20.1,27.5,4.8,4.2,7,ESE,35,SE,SE,17,17,55,45,1017.4,1014.7,7,7,25.6,26.3,Yes,No
2009-01-05,Brisbane,20.4,29,0,7.8,7.7,SSE,30,SE,E,11,19,65,54,1014.1,1012.1,7,7,25.8,27.7,No,No
2009-01-06,Brisbane,20.8,30.5,0,6.4,12.7,E,30,ESE,E,9,15,58,49,1013.5,1011.1,3,2,27.3,29.6,No,No
2009-01-07,Brisbane,20.9,29.8,0,8.6,11.4,NE,30,E,NE,9,17,62,57,1013,1010.2,3,7,27.2,28.4,No,Yes
2009-01-08,Brisbane,22.5,29,1.4,8.2,1.1,E,24,NA,ENE,0,11,86,64,1010.5,1008.5,7,7,24.5,28,Yes,No
2009-01-09,Brisbane,23.1,30.2,0.6,4.4,2.8,SSE,43,S,SSE,9,24,74,47,1011.8,1010.4,8,7,24.9,28.9,No,No
2009-01-10,Brisbane,19,29.1,0.2,6.4,9.6,SE,43,SE,ESE,20,22,52,51,1012.4,1010.4,3,5,26,26.3,No,No
2009-01-11,Brisbane,19.6,28.7,0,9,8.9,ESE,33,SE,E,9,17,55,56,1012.6,1010.6,7,7,25.5,26.2,No,No
2009-01-12,Brisbane,18.6,29.5,0,7.6,9.5,ESE,35,E,E,9,15,60,54,1014.6,1013.2,7,7,26,27.8,No,No
2009-01-13,Brisbane,20.2,30.2,0,7.6,11.5,E,37,ESE,E,17,20,55,53,1017.2,1015.4,6,4,26.3,27.2,No,No
2009-01-14,Brisbane,18.8,29.3,0,9.4,13,NE,33,E,ESE,13,17,49,39,1017.2,1015.3,3,3,26.7,28.5,No,No
2009-01-15,Brisbane,19,31.7,0,8.4,12.8,NNE,30,W,ENE,7,17,59,45,1016.4,1013.1,3,1,26.1,29.7,No,No
2009-01-16,Brisbane,19.8,32.9,0,9,12.4,NE,31,WNW,NE,7,15,54,52,1013.8,1010,1,6,28.1,31.1,No,No
2009-01-17,Brisbane,23.2,31.1,0,9,7.1,ESE,52,ESE,SE,15,22,65,61,1012.6,1014,7,7,27.9,26.1,No,No
2009-01-18,Brisbane,20.3,27.8,0,8.8,5.8,ESE,33,ESE,ESE,13,17,56,56,1019.4,1018.1,7,7,25.4,25.1,No,No
2009-01-19,Brisbane,18.7,28.9,0,7.6,9,ENE,31,SE,ENE,13,15,49,50,1019.2,1016.7,7,7,26.4,26.5,No,No
2009-01-20,Brisbane,19.3,30.9,0,8.6,12.5,ENE,26,ENE,ENE,9,17,49,42,1017.7,1015.5,4,3,27.4,29.3,No,No
2009-01-21,Brisbane,21.9,31.5,0,8.2,11.7,NE,35,NNE,NNE,11,17,63,54,1016.5,1013.5,5,1,28.4,30.2,No,No
2009-01-22,Brisbane,25,32.3,0,9.2,8.2,NE,43,NNW,NNE,11,17,64,58,1014.5,1010.6,5,6,28.4,30.6,No,Yes
2009-01-23,Brisbane,24.2,29.9,26.6,7,0.5,NNE,30,N,NNE,2,13,84,77,1012.4,1009.5,7,7,26.6,28.3,Yes,Yes
2009-01-24,Brisbane,23.6,32.5,4.4,2.8,3.8,NNE,30,SW,NE,6,13,68,64,1011.5,1007.9,7,7,29.3,30.3,Yes,No
2009-01-25,Brisbane,25.2,31,0,3.6,3.1,ENE,26,ENE,NE,7,15,81,80,1013,1012.9,7,7,27.3,27.9,No,Yes
2009-01-26,Brisbane,23.1,30.5,29.8,6.4,7.4,NE,28,NNE,ESE,7,11,73,51,1016.3,1015,6,6,27.3,29.5,Yes,Yes
2009-01-27,Brisbane,22.1,30.5,1.8,5.8,10.4,E,39,ESE,SE,15,20,68,55,1016.7,1015.1,6,4,26.9,28,Yes,No
2009-01-28,Brisbane,20.8,30.1,0.2,8.6,10.2,ESE,35,ESE,ESE,15,19,61,54,1016.1,1015.3,6,1,27.8,28.6,No,No
2009-01-29,Brisbane,21.1,29,0,7,5.2,E,35,ENE,ENE,13,19,67,66,1017.3,1015.5,7,7,26.2,26.7,No,Yes
2009-01-30,Brisbane,20.3,29.6,3.2,4,12,NA,NA,ESE,E,13,19,65,59,1017.3,1014.9,3,2,27.2,28.4,Yes,NA
2009-01-31,Brisbane,NA,29.4,NA,8.2,10.9,ENE,35,E,ESE,15,13,72,64,1017,1015,5,6,26.1,28,NA,No
2009-02-01,Brisbane,22.1,27.9,0.8,7.4,0.1,SE,28,SSW,ESE,4,13,80,60,1015.4,1012.9,7,7,23.9,27.3,No,No
2009-02-02,Brisbane,23,28.4,1,5.6,1.5,ESE,37,SE,ESE,19,17,80,62,1012.8,1010.4,7,8,23.6,26.9,No,Yes
2009-02-03,Brisbane,21.9,29.8,6.2,2.4,8.7,NE,28,SSE,ENE,6,13,77,59,1011.1,1008,7,4,24.9,28.4,Yes,No
2009-02-04,Brisbane,22.7,30.6,0.6,5.8,11.8,ENE,33,ESE,E,15,19,62,51,1009.2,1007.1,3,2,28.8,29.4,No,No
2009-02-05,Brisbane,22,30.4,0,9.2,11.8,E,33,SE,ESE,11,19,60,55,1009,1007.3,7,3,28.1,30,No,No
2009-02-06,Brisbane,21.9,31.1,0,9,12.1,E,33,SE,E,11,19,60,53,1011.4,1010.6,7,2,27.3,29.5,No,No
2009-02-07,Brisbane,22.1,30.8,0,9,9,ENE,31,E,ESE,17,17,55,47,1014.4,1012.5,4,2,28.3,29.7,No,No
2009-02-08,Brisbane,20.2,30.8,0,8.4,12.2,ENE,50,S,ENE,7,11,62,50,1012.6,1009.4,6,2,27.1,30.3,No,No
2009-02-09,Brisbane,20.5,36.1,0,7.4,12,WSW,31,W,NNE,7,13,60,50,1010,1006.5,0,1,27.8,33.1,No,No
2009-02-10,Brisbane,24.4,32.3,0,7.2,7.5,ENE,28,E,NE,4,11,66,61,1011,1007.3,7,7,28.5,29.9,No,Yes
2009-02-11,Brisbane,23.3,31.5,1.4,8,9.7,S,30,NE,E,9,17,64,52,1005.8,1004.7,7,7,27.5,30.7,Yes,No
2009-02-12,Brisbane,21.7,28,0,6.8,3.3,SSE,31,SSE,E,13,9,62,82,1012.2,1011.6,7,7,25.5,24.3,No,Yes
2009-02-13,Brisbane,20.6,23.5,23.8,8,0,SSE,48,SSE,SE,9,7,91,91,1016.7,1014.9,8,8,21.8,21.8,Yes,Yes
2009-02-14,Brisbane,20.1,25.6,36.8,1.6,0.1,S,35,SE,SSW,13,6,91,73,1011.5,1007.4,8,8,21.5,25.2,Yes,Yes
2009-02-15,Brisbane,20.8,31.8,2,1.2,11.4,SSW,24,WSW,NNE,11,9,62,54,1007,1004.8,2,5,25.5,29.5,Yes,No
2009-02-16,Brisbane,21.1,30.8,0,5.8,9.3,ESE,30,S,E,11,15,59,56,1009.7,1006.8,2,7,26.7,28.9,No,No
2009-02-17,Brisbane,21.6,28.4,0,6.4,2.3,NE,30,S,E,6,11,65,73,1009.5,1008.1,7,8,26.7,25.6,No,Yes
2009-02-18,Brisbane,22.3,27.8,17.4,3.2,2.5,E,26,SSE,SE,7,9,76,70,1008.1,1004.9,7,7,26.1,27.5,Yes,Yes
2009-02-19,Brisbane,21.7,31.6,2.2,2,10.3,W,31,SE,ENE,7,13,72,62,1009.4,1006.1,4,2,27.2,31.1,Yes,Yes
2009-02-20,Brisbane,23.6,32.5,3.4,7.6,5,W,33,SW,E,4,13,76,68,1011.1,1008.2,7,6,26.5,29.7,Yes,Yes
2009-02-21,Brisbane,20.9,28.7,35.2,6.2,1.9,W,28,SW,ENE,6,9,87,72,1011.7,1009.3,7,7,23.1,27.7,Yes,No
2009-02-22,Brisbane,21.6,30.1,1,2.4,11,ENE,35,SE,NA,13,NA,67,NA,1014.5,NA,5,4,27.5,NA,No,No
2009-02-23,Brisbane,20.8,29.7,0,6.8,11.3,ENE,31,ESE,E,11,19,65,53,1016.6,1015.1,3,1,27,28.7,No,No
2009-02-24,Brisbane,19.8,29.8,0,8,10.8,ENE,28,W,NE,2,15,61,55,1016.9,1015.3,1,2,27.4,28.7,No,No
2009-02-25,Brisbane,20.4,27.9,0,7,1.5,NE,22,W,ENE,6,11,70,64,1016.8,1014,7,7,25.3,26.7,No,No
2009-02-26,Brisbane,20.9,30.3,0,3.6,10.1,SE,43,SSE,SE,13,20,59,55,1015.2,1012.9,3,3,27.3,27.8,No,No
2009-02-27,Brisbane,19.9,30.1,0,7.2,11.9,ESE,44,S,E,11,15,51,51,1015.2,1011.8,1,3,25.3,27.9,No,No
2009-02-28,Brisbane,19.2,32.2,0,7.4,11.8,NNE,26,SW,NE,7,9,56,45,1012.9,1009.4,2,3,25.3,30.8,No,No
2009-03-01,Brisbane,20,33.8,0,6.8,9.2,E,22,S,NNE,6,9,63,53,1011.4,1008.1,0,7,27.4,31.7,No,No
2009-03-02,Brisbane,23,32.2,0,5.8,10,E,28,SW,ENE,6,13,57,55,1014,1012,6,6,28.9,29.8,No,No
2009-03-03,Brisbane,24,30.5,0.2,6,9.8,ENE,24,E,NE,7,13,72,58,1017,1014,6,3,27.8,30.1,No,No
2009-03-04,Brisbane,23.3,31.1,0.2,4.8,10.6,ENE,30,NE,NE,11,13,59,56,1014.6,1010,5,3,29,30,No,No
2009-03-05,Brisbane,20.5,31.5,0,7.8,10.7,WSW,39,WSW,WSW,15,7,32,22,1010.4,1007,1,1,24.5,31.3,No,No
2009-03-06,Brisbane,20.4,28.8,0,9,9.8,ENE,26,SSE,ENE,7,15,55,50,1013.2,1010.6,7,2,25,28.4,No,No
2009-03-07,Brisbane,20.2,29.8,0,6.2,11.2,NE,28,W,NE,9,17,62,53,1014.8,1011.4,4,3,26.1,28.6,No,No
2009-03-08,Brisbane,20.2,30.2,0,7,11.2,E,35,E,ESE,15,19,60,54,1014.8,1012.9,4,5,27.1,27.9,No,No
2009-03-09,Brisbane,20.7,26.4,0,9.8,0,SSE,35,SE,SE,19,17,59,79,1016.1,1013.6,7,8,25.7,23.6,No,Yes
2009-03-10,Brisbane,21.9,27.4,3.4,3.8,0.1,SE,50,SE,SE,17,20,70,61,1014.8,1013.5,8,8,25.8,25.8,Yes,Yes
2009-03-11,Brisbane,20.6,25.8,4.4,6,2.9,ESE,35,SSE,SE,15,15,88,82,1017.4,1015.7,7,7,22.3,23,Yes,Yes
2009-03-12,Brisbane,19.9,27.7,5.6,4.4,6.2,ENE,35,ESE,ESE,19,15,69,59,1019.8,1017.5,7,7,24.6,26.1,Yes,Yes
2009-03-13,Brisbane,20.4,25.3,3,6.4,3.9,ENE,30,ESE,E,7,15,75,80,1017.7,1016,6,7,24,22.9,Yes,Yes
2009-03-14,Brisbane,19.2,28,6,3.2,9.2,ENE,24,SSW,NE,7,11,73,60,1016.7,1013.1,5,4,24.1,27.4,Yes,Yes
2009-03-15,Brisbane,19.8,29.6,3,5.6,10.8,NE,24,SSE,NE,6,13,66,55,1014.8,1010.2,4,1,26.2,28.4,Yes,No
2009-03-16,Brisbane,20.2,30.5,0,6.4,9.3,SSW,46,W,NE,7,13,65,57,1012.5,1007.3,3,1,25.9,29.3,No,Yes
2009-03-17,Brisbane,18.2,30.3,13.2,8.2,10,ESE,24,W,ENE,9,13,72,58,1012.6,1009.8,1,2,23.9,28.3,Yes,No
2009-03-18,Brisbane,21.1,28.8,0,4,6.3,ESE,33,SE,E,9,17,68,59,1016.7,1014.4,7,8,25.7,27.1,No,No
2009-03-19,Brisbane,21.2,26.9,0,6,0,SE,30,S,ESE,7,13,72,68,1016.9,1014.4,8,7,24.2,25.4,No,No
2009-03-20,Brisbane,19.8,29.1,0,3.4,5,SE,33,E,ESE,9,17,74,55,1015.8,1012.1,7,5,24.8,28.4,No,No
2009-03-21,Brisbane,20.8,29.3,0.2,5.4,8.5,SSE,35,SSE,SE,13,20,68,48,1015,1012.1,6,2,25.4,27.9,No,No
2009-03-22,Brisbane,19.3,28.6,0,6,10.8,SE,37,S,SE,11,17,56,51,1015.2,1013,1,3,25.7,27.4,No,No
2009-03-23,Brisbane,18.3,28.6,0,6.2,11,SSE,30,SSW,ESE,7,17,63,47,1017.2,1015.1,2,2,25.2,27,No,No
2009-03-24,Brisbane,18.1,28.4,0,6.2,10.9,SE,31,SSE,SE,9,15,59,45,1019.4,1017.1,1,2,25.4,27.6,No,No
2009-03-25,Brisbane,18,28.5,0,8,9.1,E,31,SSE,ESE,9,13,55,49,1021.9,1019.6,2,5,24.6,27.8,No,No
2009-03-26,Brisbane,17.7,28.6,0,5.8,11,E,30,SSW,ESE,9,13,58,43,1021.9,1018.8,2,2,24.5,27.9,No,No
2009-03-27,Brisbane,17.3,29.4,0,6.2,11,ESE,30,SSW,E,7,17,62,44,1019.7,1016.8,1,1,24.2,28.6,No,No
2009-03-28,Brisbane,19.9,28.7,0,5.2,10.5,SSE,46,S,SE,11,22,61,48,1020.1,1017.7,3,3,25.4,27.5,No,Yes
2009-03-29,Brisbane,19,28.6,3.2,7.6,10.5,SE,43,SE,ESE,13,22,63,49,1018.8,1015.8,1,3,24.7,27,Yes,Yes
2009-03-30,Brisbane,20.1,27.2,2.2,7,6.8,SSE,31,WSW,SE,9,11,81,84,1014.4,1011.7,7,6,22.5,22.7,Yes,Yes
2009-03-31,Brisbane,19.4,30,3,4,9.6,WSW,30,W,W,13,7,59,47,1009.7,1007.1,3,4,24.8,28,Yes,No
2009-04-01,Brisbane,19,30.5,0.2,4.4,10.7,E,28,SSE,ENE,7,15,67,56,1012.9,1010.9,3,1,26.2,28.9,No,Yes
2009-04-02,Brisbane,21.1,24.8,13,4,0,ESE,54,SSE,SSE,15,15,93,94,1015.6,1014.6,8,8,21.3,21.4,Yes,Yes
2009-04-03,Brisbane,20.1,28.1,66.2,1.8,6.8,E,30,ESE,ENE,7,15,83,67,1017.9,1015.1,6,5,24.7,26.9,Yes,Yes
2009-04-04,Brisbane,21.9,28.1,41,4,4.5,SSE,22,ENE,NNE,7,11,92,66,1017.2,1013.6,7,7,22.6,26.8,Yes,No
2009-04-05,Brisbane,20.8,28.1,0.8,3.6,3.2,E,28,SSW,ESE,7,11,73,75,1015.7,1012.2,7,7,24.9,25.4,No,No
2009-04-06,Brisbane,21.4,29.2,1,2.2,7.5,ESE,28,SSW,ESE,9,11,72,65,1016,1013.1,7,7,23.8,26.5,No,Yes
2009-04-07,Brisbane,20,25.7,1.2,2.8,0.9,ESE,35,S,SE,15,11,70,76,1019.8,1019,7,7,23.7,22.2,Yes,Yes
2009-04-08,Brisbane,18.1,26.6,1.8,3.6,10.4,SSE,39,SE,ESE,9,19,57,47,1023.3,1020.6,2,4,23.8,24.8,Yes,No
2009-04-09,Brisbane,17,25.6,0,5.2,4.1,SE,30,SSE,E,13,13,62,62,1022.6,1020.2,7,8,23.2,23.6,No,Yes
2009-04-10,Brisbane,17.7,25.8,5.6,3,6.8,ESE,33,SSW,ESE,7,11,73,80,1023.4,1021.5,7,7,22.7,21.4,Yes,Yes
2009-04-11,Brisbane,18.3,25.8,2.2,3.8,2.6,ENE,28,SW,SE,4,7,74,78,1024.5,1022.9,7,8,22.6,23.2,Yes,Yes
2009-04-12,Brisbane,19.3,26.5,14.6,4.4,3.7,E,30,S,ENE,7,13,90,67,1023.5,1020.7,8,7,21.1,24.9,Yes,Yes
2009-04-13,Brisbane,19.7,25.5,1.4,0.8,0,ENE,39,SW,NA,6,0,89,93,1019.8,1016.2,8,8,21.6,22.3,Yes,Yes
2009-04-14,Brisbane,21.2,27.5,43.8,0.6,3.2,E,30,E,E,6,6,77,67,1014.9,1011.9,7,8,25.1,26.6,Yes,No
2009-04-15,Brisbane,20.3,30.7,0.4,1.6,9.7,E,28,SW,WSW,11,9,74,45,1012.5,1009.2,3,3,25.3,30.2,No,No
2009-04-16,Brisbane,19.8,29.5,0,4,10.6,ESE,22,SW,E,9,13,68,41,1014.5,1011.5,1,2,23.9,27.6,No,No
2009-04-17,Brisbane,15.6,29.7,0,6.4,10.4,SW,30,SSW,SE,6,11,64,34,1014.8,1011.5,4,2,22,28.8,No,No
2009-04-18,Brisbane,16.5,27.9,0.6,5,10.4,ESE,24,SSW,S,9,7,64,40,1016.3,1012.9,2,2,22.4,27.8,No,No
2009-04-19,Brisbane,16.7,27.2,0.2,4.6,10.6,SSE,28,WSW,SSW,13,15,57,41,1014.1,1010.8,1,5,22.2,25.7,No,No
2009-04-20,Brisbane,18.6,27.3,0,3.6,10.2,SSW,31,SW,SSW,11,13,54,41,1012.6,1010.1,1,6,22.6,26.9,No,No
2009-04-21,Brisbane,17.9,26.4,0,5.6,8.7,SSW,35,SW,SSW,13,9,59,80,1014.9,1013.4,6,6,21.9,21.1,No,No
2009-04-22,Brisbane,16.5,27.2,1,4.2,9.8,SSE,31,SSW,SSW,11,11,62,43,1017.9,1014.4,2,3,21.9,26.5,No,No
2009-04-23,Brisbane,17,26.9,0.2,3.6,10,WSW,28,SW,S,11,11,58,43,1017.8,1014.9,1,2,22,26.3,No,No
2009-04-24,Brisbane,14.7,27.2,0,1.4,9.5,NNE,46,SW,NE,7,13,64,49,1016.7,1011.5,1,1,20.6,25.3,No,No
2009-04-25,Brisbane,15.8,30.3,0,4,9.8,NNW,28,NE,NNW,7,9,68,41,1011.7,1007.5,1,2,22.7,29.8,No,No
2009-04-26,Brisbane,17.9,28.9,0,4.8,10.7,WNW,33,W,WNW,15,17,40,28,1012.1,1008,1,1,25.1,28.4,No,No
2009-04-27,Brisbane,14.3,26.5,0,6.2,10.7,W,31,SW,W,9,17,45,30,1016,1013.3,0,0,21.9,25.7,No,No
2009-04-28,Brisbane,12.6,26.1,0,6.4,10.8,SW,20,WSW,SE,9,6,40,25,1020.7,1016.5,0,0,19.5,25.8,No,No
2009-04-29,Brisbane,12.1,25.5,0,3.4,9.5,E,20,WSW,ENE,11,11,59,40,1020.6,1016.5,5,3,17.6,24.4,No,No
2009-04-30,Brisbane,13.3,26.4,0,3.2,10.3,SE,43,SSW,W,9,15,64,29,1018,1014.6,1,1,19.7,25.8,No,No
2009-05-01,Brisbane,13.1,24.6,0,5,6.3,ESE,26,SW,ESE,11,9,57,55,1022.6,1019.9,1,7,18.8,22.4,No,No
2009-05-02,Brisbane,15.6,24.8,0,4.2,9.7,ENE,26,SW,ESE,9,13,62,54,1024,1020.5,7,4,20.1,22.5,No,No
2009-05-03,Brisbane,14.2,24.8,0,4,7.7,ENE,31,SW,ESE,9,11,69,48,1024.3,1021.8,5,5,18.7,22.3,No,No
2009-05-04,Brisbane,14.9,24.9,0,3.2,9,E,31,SW,ESE,9,17,66,55,1025.6,1023.6,2,3,19.3,22.5,No,No
2009-05-05,Brisbane,13.4,24.4,0,3.6,9.5,SE,30,SSW,ESE,11,19,66,45,1027.4,1024.2,3,2,19.4,22.5,No,No
2009-05-06,Brisbane,14,24.4,0,5,6.3,SE,35,SSW,SE,7,15,64,59,1025.8,1022,5,7,19.7,21.5,No,Yes
2009-05-07,Brisbane,16.6,24.4,1.4,3.6,4.4,SSE,22,SSW,ESE,9,7,69,63,1024.2,1020.5,7,7,19.8,22.1,Yes,Yes
2009-05-08,Brisbane,14.4,25.8,2.2,2.2,9.9,SSE,24,SW,E,9,13,73,45,1024.1,1020.9,1,4,20.2,24.4,Yes,No
2009-05-09,Brisbane,12.5,25.4,0.2,4,9.4,W,24,SW,SW,11,9,66,42,1022.6,1018.2,1,2,18.9,25.1,No,No
2009-05-10,Brisbane,12.4,25.4,0,3.6,10,SW,50,SW,SSE,9,7,69,37,1020.3,1017.5,1,1,18.2,24.7,No,No
2009-05-11,Brisbane,14.1,23.6,0,4,10,E,35,SSW,ESE,7,15,62,46,1021.9,1018.9,1,2,19.7,22.5,No,No
2009-05-12,Brisbane,13.8,21.5,0,4.4,1.3,SSW,17,SW,NNW,9,2,73,59,1020.8,1017.3,7,7,16.6,20.9,No,No
2009-05-13,Brisbane,12,24.3,0,1.4,9.2,NNW,24,SW,W,9,7,75,37,1018.5,1014.2,5,3,16.4,23.4,No,No
2009-05-14,Brisbane,12.5,25.4,0,3.6,9.8,W,26,SW,WNW,7,9,67,30,1017.2,1013.4,2,1,17.4,25.1,No,No
2009-05-15,Brisbane,10.2,24.9,0,3.6,10.1,WNW,26,SW,W,2,11,52,23,1018.1,1014.4,1,1,17.8,24.6,No,No
2009-05-16,Brisbane,9,26.2,0,4,10.4,WNW,31,SW,WSW,7,15,46,21,1016.6,1012.5,0,1,19.1,25.9,No,No
2009-05-17,Brisbane,12.6,26.2,0,5,7.1,ESE,22,SW,ESE,7,15,48,57,1017,1015.2,1,7,19.9,22.8,No,No
2009-05-18,Brisbane,15.6,24.5,0,2.8,4.1,SE,39,SW,E,7,19,69,67,1019.8,1017.9,7,7,19.5,20.6,No,Yes
2009-05-19,Brisbane,17,21.4,56.6,2.6,0,ENE,37,ESE,ESE,9,17,92,65,1019.7,1015.2,8,8,17.2,21,Yes,Yes
2009-05-20,Brisbane,16.7,19.1,89,NA,0,ESE,54,SE,ESE,17,15,93,87,1013.1,1008.7,8,8,17.4,18.6,Yes,Yes
2009-05-21,Brisbane,14.7,23.2,76.2,NA,9.1,SSW,43,SSW,WSW,7,7,72,54,1009,1006.3,7,1,18.4,22.2,Yes,No
2009-05-22,Brisbane,13.2,23,0,1.4,6.5,E,24,SW,NE,7,6,77,58,1011.1,1008.8,3,7,17.3,21.7,No,Yes
2009-05-23,Brisbane,15.1,22.8,5.4,1.6,4.4,SE,41,WSW,ESE,19,11,85,70,1008.1,1010.4,7,6,17.7,20.5,Yes,Yes
2009-05-24,Brisbane,16.8,22.7,2.2,2.6,7.3,SE,39,SSW,SE,7,15,68,65,1020.4,1019.5,4,7,21,20.9,Yes,Yes
2009-05-25,Brisbane,14.8,23.7,2.2,2.4,3,SE,31,SW,SE,7,11,75,46,1023.1,1020.5,7,6,18.1,22.5,Yes,No
2009-05-26,Brisbane,15.3,22.3,0,2.6,3.1,ESE,20,SW,E,6,13,69,63,1022.9,1020,7,7,18.6,21.1,No,No
2009-05-27,Brisbane,13.8,24.1,0,2.6,4,NE,17,WSW,N,6,7,87,58,1021.1,1018,6,5,16.3,21.8,No,No
2009-05-28,Brisbane,14.6,25.1,0,1,8.4,SW,17,SW,WSW,6,6,76,47,1020.4,1016.8,2,6,18.6,24.5,No,No
2009-05-29,Brisbane,14.6,24.6,0,2.4,7.7,SSE,24,SW,ENE,7,11,80,64,1020.7,1017.1,2,3,18.9,21.7,No,Yes
2009-05-30,Brisbane,14.5,23.5,5.2,2.6,8,SE,28,SW,SE,9,7,76,52,1023.7,1021.3,6,5,17.5,22.2,Yes,No
2009-05-31,Brisbane,12.8,22.4,0.2,2.6,8.2,SE,33,SW,SE,6,17,67,60,1028.4,1025.9,3,6,17.7,20.7,No,Yes
2009-06-01,Brisbane,13.6,21.7,2,3.4,5.3,E,35,WSW,SE,9,13,71,64,1029,1025.8,6,5,17.1,19.5,Yes,Yes
2009-06-02,Brisbane,14.5,21.2,4.2,1.6,2.6,E,31,SSW,NE,9,17,76,86,1026.8,1024.2,7,7,18.1,16.6,Yes,Yes
2009-06-03,Brisbane,14.1,21.3,6,1.8,2.5,E,26,SW,E,6,9,82,84,1023.8,1020.4,7,7,17.4,18.6,Yes,Yes
2009-06-04,Brisbane,15.2,22.7,1.4,2.4,2.9,WSW,13,W,SW,4,7,93,68,1020.7,1015.9,8,5,16.4,21.7,Yes,Yes
2009-06-05,Brisbane,14.8,24.4,1.2,0.2,7.2,SSW,30,WSW,SW,7,13,85,60,1017.1,1013.4,2,6,18.2,21.3,Yes,No
2009-06-06,Brisbane,12.4,24.3,0,1.6,10,W,22,SW,SW,9,6,63,31,1015.5,1011.8,0,1,18.2,23.9,No,No
2009-06-07,Brisbane,12.7,23.4,0.2,2,7.9,WSW,41,NNW,W,7,22,73,43,1013.7,1009.4,4,1,19.9,23,No,Yes
2009-06-08,Brisbane,8.6,22,1.2,4.4,10,W,26,NW,W,9,13,46,39,1015.9,1012.8,1,1,18.5,21.5,Yes,No
2009-06-09,Brisbane,7.7,21.6,0,4,9.9,W,39,W,W,7,17,54,36,1018,1014,1,1,17.4,21.4,No,No
2009-06-10,Brisbane,8.2,20.4,0,5.4,9.7,W,43,W,WSW,13,19,47,35,1019,1015.5,3,3,15.6,19.7,No,No
2009-06-11,Brisbane,7.6,16.5,0,5,10,W,35,WSW,WNW,17,13,49,30,1021.8,1018.9,0,0,10.7,16.2,No,No
2009-06-12,Brisbane,5.5,19.9,0,2.4,9.9,SW,20,SW,SSE,7,6,56,42,1024.1,1020.4,0,1,10.7,19.2,No,No
2009-06-13,Brisbane,7.8,22,0,2,9.8,NW,17,SW,NW,7,7,70,46,1021.7,1017.2,1,1,13.1,21.9,No,No
2009-06-14,Brisbane,8.6,24.1,0,2.4,9.5,NNW,20,SW,NW,6,9,73,39,1018.7,1014,1,4,13.6,23.3,No,No
2009-06-15,Brisbane,11.7,22.5,0,3,5.3,SSW,20,W,NA,4,0,76,80,1015.7,1011.8,7,7,14.7,18.8,No,No
2009-06-16,Brisbane,9.6,22.4,0.4,0.6,9.8,WSW,24,SSW,SW,7,6,69,35,1017.8,1015.9,0,1,15.5,22.2,No,No
2009-06-17,Brisbane,8.9,22.3,0,2.2,9.8,W,20,SW,NE,9,6,66,40,1022.6,1020,1,1,14,22.2,No,No
2009-06-18,Brisbane,12,21.1,0,2.4,4.9,SSW,22,WSW,SSE,9,9,70,60,1022.3,1020.2,2,7,16.2,19.4,No,No
2009-06-19,Brisbane,12.9,22.8,0,1.9,8.7,ESE,28,SSW,ESE,9,11,72,59,1021.8,1019.1,1,3,16.8,20.3,No,No
2009-06-20,Brisbane,13.5,22.1,0,2.6,8.3,ENE,30,SSW,ESE,9,11,75,59,1021.7,1019.8,4,4,17.8,20.9,No,No
2009-06-21,Brisbane,14.7,20,0.4,2.8,0,ESE,31,WSW,NNE,4,4,90,89,1022.1,1019.3,8,8,16.9,18.9,No,Yes
2009-06-22,Brisbane,16.8,19.8,24.4,0.2,0,SSW,31,SSW,E,6,6,95,92,1019.3,1016.6,8,8,18.5,18.6,Yes,Yes
2009-06-23,Brisbane,14.8,23.1,31.2,0.2,7.1,WSW,52,WSW,SSW,13,11,72,59,1017.2,1014.3,3,2,17.9,22.7,Yes,No
2009-06-24,Brisbane,11.3,23.2,0,2.2,5.2,SE,15,SW,NW,6,6,95,51,1019.2,1015.2,6,8,13.5,22,No,No
2009-06-25,Brisbane,10.9,19.3,0.2,1.4,1,W,13,SW,ENE,7,6,91,70,1018.4,1014.5,7,7,12.7,19.1,No,No
2009-06-26,Brisbane,12.7,19.8,0,0.8,0.2,WNW,20,SSW,N,6,6,89,76,1013.9,1010.9,8,8,15.8,16.7,No,Yes
2009-06-27,Brisbane,13.7,20.3,14.8,0.4,4.7,WSW,31,SW,W,7,15,90,59,1006.6,1002.6,7,3,14.6,19.8,Yes,No
2009-06-28,Brisbane,8.8,20.4,0,2.2,8.4,NW,24,WSW,WNW,7,9,67,54,1008.8,1006.8,1,5,17.4,19.2,No,No
2009-06-29,Brisbane,8.2,21.4,0,3.2,9,W,24,SW,SW,11,9,57,38,1014.9,1013.2,0,1,14.8,20.6,No,No
2009-06-30,Brisbane,7.2,22.5,0,2.4,8.7,NA,NA,SW,NA,4,NA,78,NA,1019.2,NA,6,7,12.6,NA,No,NA
2009-07-01,Brisbane,10.4,23.8,NA,1.8,8,E,19,NA,NE,0,9,78,57,1015.5,1010.5,7,1,14.9,23.2,NA,No
2009-07-02,Brisbane,12.5,23.2,0,1.6,8.9,W,43,E,W,2,22,66,21,1012.2,1010.1,2,1,19.4,22.3,No,No
2009-07-03,Brisbane,12.7,20.8,0,7,9.7,W,54,W,W,17,26,44,34,1011.3,1006.4,1,1,17.1,20.2,No,No
2009-07-04,Brisbane,10.6,19.1,0,8,9.9,W,44,W,W,17,24,50,34,1015.1,1013,0,1,13,18.4,No,No
2009-07-05,Brisbane,7.4,18.3,0,5.2,6.6,W,26,SW,SW,13,9,56,43,1017.7,1015.3,7,7,12.5,17.4,No,No
2009-07-06,Brisbane,7.2,20.6,0,1.4,7.2,ENE,24,SW,ESE,7,11,69,57,1021.3,1018.5,5,6,12.4,19,No,No
2009-07-07,Brisbane,11.6,16.4,0,1.4,0,SSW,17,SSW,SSW,2,4,83,87,1019.9,1018.2,8,8,13.8,16.1,No,Yes
2009-07-08,Brisbane,11.9,19.1,3.4,2.8,2.9,ESE,43,SSW,SE,9,15,68,52,1023.1,1021.6,7,7,15.5,18.2,Yes,No
2009-07-09,Brisbane,11.1,20.7,0,1.8,9.3,S,41,SW,SSE,9,15,69,47,1023.1,1020.2,2,2,15.2,19.9,No,No
2009-07-10,Brisbane,13,20.4,0,2.6,8.1,SSE,37,SSW,SSE,11,15,62,51,1020.6,1017.7,4,6,16.5,19.7,No,No
2009-07-11,Brisbane,11.2,21.7,0,3.2,8.2,SSE,31,SW,S,11,9,66,51,1019.3,1016.6,1,3,15.6,19.9,No,No
2009-07-12,Brisbane,8.9,22.5,0,2.4,9.9,N,17,SW,NW,7,6,77,44,1018.7,1014.3,0,1,13.5,22.3,No,No
2009-07-13,Brisbane,7.9,25.5,0,2.6,10,W,26,S,WNW,2,13,73,35,1014.1,1008.7,0,1,15.1,25,No,No
2009-07-14,Brisbane,11.3,19.4,0,3,6.8,WNW,30,WSW,NW,7,11,55,55,1011.9,1009,5,3,17.2,19.2,No,No
2009-07-15,Brisbane,6.2,19.7,0,2.6,7.2,W,30,WSW,NW,4,9,63,32,1013.5,1010.4,0,2,13.2,18.7,No,No
2009-07-16,Brisbane,10.9,17.1,0,1.6,8.8,W,39,W,WNW,13,22,61,50,1014,1011.1,1,1,13.6,15.9,No,No
2009-07-17,Brisbane,8.2,19.9,0,6.2,10,W,33,WSW,SSW,15,7,57,40,1017,1015.8,1,1,12.8,18.8,No,No
2009-07-18,Brisbane,8.6,21.7,0,4,9,NNW,19,SW,E,9,11,66,50,1023.3,1020.1,1,3,13.6,20,No,No
2009-07-19,Brisbane,11,22.5,0,1.6,9.2,WNW,22,SSW,N,2,7,72,53,1023.7,1020.2,1,3,16.8,21.5,No,No
2009-07-20,Brisbane,8.1,22.9,0,1.8,9.6,NNE,19,S,NE,2,9,58,48,1027.4,1023.8,1,1,14.3,21.6,No,No
2009-07-21,Brisbane,10,23.5,0,2.8,9.2,W,46,SW,ENE,9,11,81,52,1027,1021.3,1,1,14.2,21.9,No,No
2009-07-22,Brisbane,10.6,24.4,0,2.6,9.1,NNW,48,W,NW,4,9,62,43,1021.7,1016.3,1,6,18.4,24.1,No,No
2009-07-23,Brisbane,14.7,25.8,0,4,6.4,WSW,31,N,W,6,15,60,42,1015.9,1012.7,4,1,19.8,25.2,No,No
2009-07-24,Brisbane,9.9,21.7,0,4,9.6,SSE,24,SW,SE,9,9,46,34,1022.2,1020.9,1,2,15.2,19.9,No,No
2009-07-25,Brisbane,10.6,20.9,0,3.4,8.9,S,28,SW,ESE,7,17,69,53,1025.4,1022.8,3,2,14.2,19,No,No
2009-07-26,Brisbane,11.5,21.7,0,3,9.2,NNE,22,WSW,NNE,9,9,77,55,1023,1018.4,6,6,14.8,20.3,No,No
2009-07-27,Brisbane,11.6,23.1,0.2,3.2,9.9,W,39,NW,W,6,15,66,30,1017,1014.6,1,0,19,23.1,No,No
2009-07-28,Brisbane,9.7,22.2,0,5.2,10.1,WSW,19,SW,W,9,7,54,32,1023,1020.3,1,1,15.4,21.9,No,No
2009-07-29,Brisbane,9,22,0,2.4,10,W,20,SW,W,9,11,65,35,1024.9,1022.1,1,1,13.8,21.3,No,No
2009-07-30,Brisbane,8.3,21.8,0,3,9.6,NE,19,SW,NE,9,9,65,45,1025.2,1021.3,1,1,13.7,20.3,No,No
2009-07-31,Brisbane,8.3,21.3,0,3,10.2,W,28,SW,WNW,7,7,61,30,1022.7,1019.2,0,0,14.7,21,No,No
2009-08-01,Brisbane,8.4,22.5,0,3.2,9.8,W,19,SW,ENE,9,11,60,52,1025.4,1022.3,1,1,13.7,19.3,No,No
2009-08-02,Brisbane,8.8,23,0,5.4,10,SSW,20,SW,NNE,9,9,69,42,1027.2,1024.1,1,1,14.4,21.8,No,No
2009-08-03,Brisbane,9.4,24.3,0,3.2,9.1,WNW,24,SSW,WNW,6,11,73,36,1024.8,1020.1,0,0,15,24.1,No,No
2009-08-04,Brisbane,9.1,22.8,0,3,9.8,NE,22,SW,NE,7,11,66,52,1023.4,1019.3,5,7,15.5,20.9,No,No
2009-08-05,Brisbane,10.8,23.4,0,2.8,9.8,ENE,22,SW,ENE,9,13,69,46,1021.5,1018.8,6,1,16.3,22,No,No
2009-08-06,Brisbane,11.3,22.5,0,2.8,10.1,ESE,26,SW,ENE,9,13,72,49,1023.6,1020,1,1,15.9,21.5,No,No
2009-08-07,Brisbane,10.4,23.7,0,3.6,10,ENE,19,SW,NNE,7,9,73,50,1021.6,1016.6,1,1,15.9,22.8,No,No
2009-08-08,Brisbane,10.5,22.7,0,2.8,10,E,28,SW,E,9,15,69,47,1019.7,1016.7,1,1,16.4,20.5,No,No
2009-08-09,Brisbane,8.2,22,0,5,9.8,NE,19,SW,NE,11,9,59,43,1021.3,1017.6,1,1,14.3,21.1,No,No
2009-08-10,Brisbane,9.3,22.5,0,2.6,10.1,ENE,22,SSW,ENE,6,13,71,48,1022.9,1019.7,4,1,15.1,21.1,No,No
2009-08-11,Brisbane,9.5,23,0,2.4,10.1,NE,24,SW,NE,6,13,70,40,1022.2,1017.8,1,1,16.2,21.9,No,No
2009-08-12,Brisbane,11.7,23.5,0,3.6,6.9,E,56,SSW,NE,6,13,75,62,1018.7,1013.3,7,4,16.8,22.1,No,Yes
2009-08-13,Brisbane,10.6,26.8,2.8,3,10,NE,19,ESE,NNE,2,9,67,51,1016.4,1012.1,1,1,19.5,25.3,Yes,No
2009-08-14,Brisbane,12.1,26.4,0,2.8,9.5,W,30,SW,SSW,7,7,53,22,1018.1,1014.8,1,0,18.6,26.4,No,No
2009-08-15,Brisbane,10.8,23.4,0,4,10.5,NNE,20,SSW,NE,7,11,68,48,1021.6,1018,1,1,16.5,22.6,No,No
2009-08-16,Brisbane,10.2,25.4,0,4,10.8,NNE,24,S,NNE,4,15,68,51,1022.2,1017.4,0,0,16.6,23,No,No
2009-08-17,Brisbane,11.2,27.8,0,4.6,10.4,W,41,SW,ENE,7,9,69,52,1019,1014.6,0,1,18.5,26.1,No,No
2009-08-18,Brisbane,13.3,23.4,0.2,5,10.6,E,31,SSW,ESE,7,17,50,32,1024.9,1023.5,1,1,19.2,21.7,No,No
2009-08-19,Brisbane,10.9,23.4,0,5.2,10.5,SE,24,SW,E,9,7,58,43,1027.9,1023.4,1,1,17.1,20.6,No,No
2009-08-20,Brisbane,10.7,22.7,0,3.4,9.4,E,22,SW,NNE,7,7,68,41,1023,1017.8,1,6,17.5,22.3,No,No
2009-08-21,Brisbane,11.6,24.6,0,4.4,10.2,ENE,28,NA,NNE,0,15,63,64,1017.9,1012.3,0,1,18.5,22.7,No,No
2009-08-22,Brisbane,14.5,28.1,0,4.6,8.9,E,48,NW,ENE,2,13,62,50,1014.7,1010.5,1,1,21.2,26.1,No,No
2009-08-23,Brisbane,14.2,28.3,0,5.6,10.5,ENE,24,SSW,NE,4,15,70,54,1015.7,1011.4,0,1,21.4,25.4,No,No
2009-08-24,Brisbane,15.5,35.4,0,3.2,10.4,N,28,NA,ENE,0,15,68,42,1014.3,1008.5,3,1,24.1,31.5,No,No
2009-08-25,Brisbane,17.6,33.4,0,5.8,10.8,W,39,WNW,WNW,15,17,29,23,1011.8,1008.3,0,1,29.2,33.1,No,No
2009-08-26,Brisbane,18,30,0,7.2,10.2,W,37,W,W,11,17,21,8,1016.8,1013.6,1,3,23.6,29.5,No,No
2009-08-27,Brisbane,10.8,26.5,0,5.6,9.1,E,22,WSW,ENE,9,11,39,36,1020.1,1016.3,6,3,17.5,25.1,No,No
2009-08-28,Brisbane,15.8,29.3,0,2.8,9.6,NNW,28,WSW,NNE,7,11,62,57,1018.8,1013.7,1,1,21.6,26,No,No
2009-08-29,Brisbane,19.2,27.1,0,3.8,9.2,NNE,35,NNW,NE,7,17,79,65,1016.8,1010.1,4,1,22,25.2,No,No
2009-08-30,Brisbane,18,29.2,0,5.8,8.4,WSW,35,WSW,W,15,17,40,26,1014.2,1011.9,6,4,25.3,27.8,No,No
2009-08-31,Brisbane,12.7,22.2,1,9.2,2.8,W,30,WSW,WSW,11,13,70,38,1019.6,1016.4,8,5,14.1,20.3,No,No
2009-09-01,Brisbane,8.5,23.2,0.2,2.6,10.6,ENE,26,SSW,ENE,7,13,45,47,1022.3,1019.6,0,1,17.1,21.8,No,No
2009-09-02,Brisbane,11.8,23.6,0,2.4,10.6,E,26,SSW,NE,6,13,64,50,1024.4,1021.7,1,1,18.8,21.7,No,No
2009-09-03,Brisbane,11.6,23.9,0,5.2,9.9,NE,28,W,ENE,7,15,61,49,1024.4,1020.6,5,2,18.7,21.6,No,No
2009-09-04,Brisbane,13.7,24.5,0,4.6,6.7,NNE,33,SW,NE,6,15,68,62,1020.5,1015.7,7,7,20.2,22.5,No,Yes
2009-09-05,Brisbane,16.1,27.3,7.8,4.6,8.2,ESE,35,WNW,W,11,15,85,37,1015.3,1011.6,6,3,17.3,26.6,Yes,No
2009-09-06,Brisbane,14,25.2,0,5,10.5,ENE,26,SSW,ENE,7,15,65,56,1018.6,1015.1,1,2,20.4,23.1,No,No
2009-09-07,Brisbane,15.5,25.1,0,6.2,3.4,W,39,N,NNE,13,15,64,66,1013.8,1010,3,6,23.4,23.9,No,Yes
2009-09-08,Brisbane,16.2,27.3,15.2,3.6,9.1,W,33,W,SW,9,11,63,20,1011.1,1007.9,1,2,21.5,27,Yes,No
2009-09-09,Brisbane,11.6,25.5,0,4,11.2,WSW,35,W,W,9,15,46,25,1015.3,1012.1,0,1,20,24.7,No,No
2009-09-10,Brisbane,10.1,26.1,0,5.6,10.6,NW,22,SSW,NE,6,11,45,27,1019.3,1015.4,0,2,19.4,24.5,No,No
2009-09-11,Brisbane,11.8,26.3,0,4.8,11.2,E,33,WSW,ENE,7,13,39,25,1023.1,1019.5,1,1,19.7,24.4,No,No
2009-09-12,Brisbane,10.9,25.4,0,5.4,11,NW,30,SSW,ENE,7,13,53,42,1026.7,1023.9,0,1,20.1,24.4,No,No
2009-09-13,Brisbane,12,25.3,0,5,11.1,ENE,28,SSW,ENE,6,13,62,47,1026.5,1022.5,1,1,19.9,24,No,No
2009-09-14,Brisbane,12.4,26.6,0,4.8,10.6,ENE,22,SW,NE,6,11,65,49,1023.2,1018.6,2,1,20.1,25.1,No,No
2009-09-15,Brisbane,12.5,25.7,0,4.8,10.4,ENE,24,W,ENE,7,11,70,50,1022.1,1017.7,1,1,20.3,24.5,No,No
2009-09-16,Brisbane,13.8,26.2,0,3.8,11,E,24,SW,ENE,7,15,63,51,1022.9,1019.7,1,1,21.2,24.3,No,No
2009-09-17,Brisbane,14,26.1,0,6,10.3,ENE,28,S,NNE,6,13,62,51,1024.8,1020.7,6,1,21.3,24.5,No,No
2009-09-18,Brisbane,13.9,28.4,0,5.6,10.1,NNE,28,NW,ENE,7,15,58,55,1022.1,1016.4,1,1,22.8,25.8,No,No
2009-09-19,Brisbane,16.4,27.3,0,5.2,9.5,E,26,SSE,ENE,7,15,62,57,1019.7,1014,4,6,24.3,25.8,No,No
2009-09-20,Brisbane,18.5,32.2,0,4,10.7,E,31,WSW,E,7,17,62,48,1015.8,1011.8,1,1,24.5,27.5,No,No
2009-09-21,Brisbane,17,29.3,0,6,9.5,NE,24,WNW,NE,7,15,67,59,1014.9,1010.2,4,1,23.7,26.5,No,No
2009-09-22,Brisbane,21,28,0.2,5.4,9.9,NE,33,NE,ENE,7,17,69,60,1014.4,1009.1,3,1,24.7,26.8,No,No
2009-09-23,Brisbane,19.8,27.7,0,8,5.2,W,57,W,W,19,26,48,13,1007.4,1005.9,3,7,26.6,25.9,No,No
2009-09-24,Brisbane,15.5,30,0,10.8,11.2,W,33,WSW,SW,13,11,35,16,1015.4,1011.5,0,0,21.5,29.6,No,No
2009-09-25,Brisbane,10.1,28.4,0,10.6,11.2,NNE,30,SW,NE,7,13,31,29,1017.8,1012.7,0,0,22.2,25.9,No,No
2009-09-26,Brisbane,13.6,34.2,0,6.2,9.7,WSW,48,NNW,WNW,9,17,44,13,1012.3,1005.3,0,0,23.6,33.9,No,No
2009-09-27,Brisbane,15.3,24.7,0,10.6,11.2,W,54,WSW,W,17,22,23,14,1013.7,1008.6,0,0,19.4,24.1,No,No
2009-09-28,Brisbane,8.7,25.6,0,10.6,11.6,WNW,44,W,W,19,24,27,14,1011.7,1006.2,0,0,18.8,24.8,No,No
2009-09-29,Brisbane,10,26.8,0,10.4,11.6,ENE,31,WSW,NNE,13,11,30,27,1014.7,1011.5,0,0,19.8,24,No,No
2009-09-30,Brisbane,12.5,26.1,0,6,11.6,ENE,28,WSW,ENE,6,15,47,31,1020.6,1016.9,1,1,21.6,24.8,No,No
2009-10-01,Brisbane,14.1,28.3,0,5.4,10.7,NE,31,NW,NNE,7,13,52,45,1020.7,1015.3,0,0,22.5,25.9,No,No
2009-10-02,Brisbane,14.6,28.7,0,7.4,10.7,N,44,E,NE,7,15,52,49,1016.1,1010.4,0,2,24,26.6,No,No
2009-10-03,Brisbane,19.7,34.1,0,7.6,9.3,W,46,WNW,W,11,19,45,18,1009.4,1004.9,5,3,28.1,33.6,No,No
2009-10-04,Brisbane,17.5,26.6,0,9.8,9.7,ENE,31,SE,E,11,20,55,58,1016.6,1013.9,4,4,24,23.3,No,No
2009-10-05,Brisbane,16.1,28.4,0.4,8.8,10.6,S,31,SSE,E,9,17,59,50,1018,1013.5,3,1,23,24.3,No,No
2009-10-06,Brisbane,16.1,27.4,0,4,10.9,E,30,SE,ENE,9,15,56,48,1018.7,1014.9,4,1,23.1,25.3,No,No
2009-10-07,Brisbane,17.1,28.4,0,7.4,9.2,NNE,30,NNW,N,11,13,54,72,1015.6,1010.1,4,5,24.3,22.9,No,Yes
2009-10-08,Brisbane,11.8,27,2.4,6.6,12,WSW,35,SW,ENE,13,15,28,33,1016.4,1013.3,0,1,19.7,23.3,Yes,No
2009-10-09,Brisbane,13.3,26.5,0,6.6,11.7,ESE,31,SSW,E,11,19,34,41,1022.1,1018.5,1,2,21.1,23.6,No,No
2009-10-10,Brisbane,13.7,24.9,0,7.8,11,ESE,35,SSE,E,15,19,48,48,1025.9,1022.5,1,3,21.3,21.5,No,No
2009-10-11,Brisbane,15,22.4,0,7,2.5,WNW,24,ESE,ENE,9,7,63,68,1024.1,1020.6,7,7,19.6,18.9,No,No
2009-10-12,Brisbane,13,26.8,1,2.2,10.7,N,43,NE,NNE,9,19,61,58,1017.6,1010.8,1,1,21.2,24.5,No,Yes
2009-10-13,Brisbane,18.3,35,1.8,6.6,8.8,WSW,93,NNW,NW,13,20,56,25,1009.1,1002.2,2,7,26.7,34,Yes,Yes
2009-10-14,Brisbane,16.6,31.4,10.2,8.6,9.2,W,59,WNW,W,24,28,20,14,1008.8,1004.4,1,0,27.2,30.6,Yes,No
2009-10-15,Brisbane,12.1,31,0.2,13.8,11.8,W,30,SSW,N,9,11,23,23,1013.8,1008.7,0,0,25.5,29.4,No,No
2009-10-16,Brisbane,12.9,29.6,0,9.8,12.1,W,43,WSW,WSW,15,19,23,14,1013.8,1010.3,0,0,26.4,29.2,No,No
2009-10-17,Brisbane,14.7,26.2,0,11.8,12.1,NE,28,S,ENE,9,15,21,37,1019.9,1018.1,2,1,22.7,24,No,No
2009-10-18,Brisbane,14.6,25.7,0,7.8,9.6,ENE,31,ESE,E,7,20,48,50,1024.6,1022.2,2,3,21.8,22.5,No,No
2009-10-19,Brisbane,14.5,25.2,0,7,10.5,ESE,30,SSE,E,7,15,48,51,1026.5,1023.4,3,2,22.7,22.7,No,No
2009-10-20,Brisbane,14.2,25.7,0,7,11.9,ENE,28,E,ENE,9,17,48,46,1025.9,1022.3,3,1,23.3,24.4,No,No
2009-10-21,Brisbane,14.5,28.1,0,6.4,11.6,ENE,30,NE,NNE,9,13,49,48,1025,1020.8,1,1,24.4,25.7,No,No
2009-10-22,Brisbane,15.2,28,0,7.8,11.4,NE,30,WNW,NE,9,13,50,45,1023,1020.9,1,1,24.9,26.3,No,No
2009-10-23,Brisbane,16.1,28.3,0,6.4,11.7,NE,31,N,ENE,13,15,48,46,1023,1019,2,4,24.3,26.1,No,No
2009-10-24,Brisbane,16,28.8,0,8,10.9,NNE,35,NW,NNE,11,17,45,54,1019.9,1014.4,1,1,24.4,26.1,No,No
2009-10-25,Brisbane,16.7,28.9,0.4,7.2,11.9,SW,46,SE,NNE,6,19,56,57,1015.6,1011.5,1,1,25.7,25.9,No,No
2009-10-26,Brisbane,18.9,28.5,0,9.4,6.9,W,44,N,NNE,11,13,50,60,1014.7,1013.4,7,7,27.3,24.5,No,Yes
2009-10-27,Brisbane,18.1,26.9,35.4,12.2,11.3,E,37,ENE,ENE,19,19,61,54,1022.4,1020.9,7,4,24.7,25.1,Yes,Yes
2009-10-28,Brisbane,17.9,26.9,1.2,6.6,6.5,ESE,31,ENE,ESE,13,15,59,85,1023.3,1021.1,3,7,25.5,20.9,Yes,Yes
2009-10-29,Brisbane,17.7,26.3,4.4,7,11.9,E,33,ENE,E,15,15,48,47,1023.8,1021.9,7,5,23,24.4,Yes,No
2009-10-30,Brisbane,16.7,26,0,5.6,9.6,ENE,26,ESE,ENE,7,13,79,49,1023.6,1021,7,4,19.8,24.6,No,No
2009-10-31,Brisbane,16.3,27.2,0,5.8,11.7,E,31,WSW,ENE,4,15,52,49,1022.9,1019.9,6,1,24.4,25.1,No,No
2009-11-01,Brisbane,18.3,24.8,0.4,7.6,6.4,SSE,39,SSE,E,7,17,67,59,1024.4,1021.3,7,4,22.5,23,No,No
2009-11-02,Brisbane,14.2,26.6,0,4.6,12.6,ENE,28,NW,N,7,11,50,42,1023.2,1018.9,3,0,22.7,26.3,No,No
2009-11-03,Brisbane,14.9,29.3,0,9.2,12.5,NNE,26,WNW,NE,7,13,47,51,1019.3,1014.4,1,0,24.3,27.3,No,No
2009-11-04,Brisbane,18.2,32,0,6.8,12.5,ENE,30,E,NNE,7,17,45,50,1016.6,1012.4,1,1,27.3,29.3,No,No
2009-11-05,Brisbane,19.8,29.7,0,8,9.7,SW,46,SE,ENE,7,17,56,58,1016.4,1014.4,7,2,27,27.7,No,No
2009-11-06,Brisbane,18.3,25.5,0.4,6.6,3.1,ENE,28,ESE,ENE,9,15,73,62,1021.5,1020.2,7,6,24.2,25.2,No,Yes
2009-11-07,Brisbane,18.9,26.6,7,4.6,10.3,ESE,33,ENE,ENE,15,17,63,55,1024.9,1023.3,5,4,24,25.6,Yes,No
2009-11-08,Brisbane,16.8,27.4,0.2,8,12,E,35,ESE,ESE,17,15,47,47,1026.4,1023.4,6,5,25.2,25.2,No,Yes
2009-11-09,Brisbane,18.8,25.6,17,8,3.4,E,35,E,E,15,17,62,54,1023.7,1020.7,7,7,22.9,23.9,Yes,Yes
2009-11-10,Brisbane,17.2,25.6,1.6,4.6,10.9,ESE,39,SE,E,11,19,66,49,1021.7,1019.8,2,3,22,24.7,Yes,No
2009-11-11,Brisbane,15.4,26.2,0.2,8,12.4,NE,26,E,NE,6,13,59,50,1022.5,1020.1,4,2,23.4,25.4,No,No
2009-11-12,Brisbane,16.1,27.5,0,6.6,12.1,NE,28,NNW,ENE,7,17,54,53,1021.7,1018.3,3,1,24.1,25.2,No,No
2009-11-13,Brisbane,17.5,27.8,0,7.8,7.5,E,22,E,ENE,9,11,52,58,1017.2,1014.1,7,7,24.2,25.1,No,No
2009-11-14,Brisbane,19.2,28.1,0,4.8,11.3,NE,30,NE,ENE,9,15,53,55,1016,1013,2,1,26.2,26.5,No,No
2009-11-15,Brisbane,18.9,30.4,0,9.8,11.8,NE,31,ENE,NE,7,15,54,53,1013.6,1009.8,1,1,26,28.5,No,No
2009-11-16,Brisbane,19.6,31.4,0,8,12.2,NNW,35,N,NE,7,15,51,58,1011.7,1007,0,1,28.2,28.9,No,No
2009-11-17,Brisbane,20.9,34.4,0,9.6,11.2,ESE,50,N,NNE,9,15,46,53,1007.3,1002.7,1,1,29.7,31.1,No,Yes
2009-11-18,Brisbane,20.7,28.2,3.2,8,8.1,ENE,30,ESE,ENE,15,15,60,61,1013,1011.4,7,3,25.3,26.5,Yes,No
2009-11-19,Brisbane,21.6,29.6,0,7,5.7,NA,NA,E,ENE,7,19,67,66,1014.8,1012.3,7,2,25.8,27.6,No,NA
2009-11-20,Brisbane,24.1,31.9,NA,6.2,7.1,NNE,35,SW,NNE,7,15,66,53,1015.6,1011.3,6,1,27,29.8,NA,No
2009-11-21,Brisbane,22.5,30.7,0,9.2,12.4,NNE,35,NNW,NNE,11,17,56,57,1014.3,1011.1,1,1,27.7,28.7,No,No
2009-11-22,Brisbane,22,31.7,0,7.6,11,NE,35,NNW,NNE,11,17,48,61,1014.6,1012,1,2,29.2,29.2,No,No
2009-11-23,Brisbane,22.2,31.3,0,9.6,11.7,NE,28,NNE,NNE,9,15,52,46,1016.4,1013.5,3,1,28.9,29.6,No,Yes
2009-11-24,Brisbane,22.4,29.8,1.2,10,12.5,ENE,41,ENE,ENE,17,20,58,43,1020.8,1019.3,3,2,27.5,28.7,Yes,No
2009-11-25,Brisbane,21.6,30.2,0.2,9.4,10,E,35,ENE,E,15,20,54,46,1021.6,1018.5,4,3,26.8,27.6,No,No
2009-11-26,Brisbane,21,28.6,0,7.4,11,ENE,35,ENE,ENE,17,17,60,61,1019.7,1016.4,3,5,27.6,26.8,No,No
2009-11-27,Brisbane,22,31.2,0,7.8,12.3,NNE,33,NW,NE,11,17,52,53,1015.5,1010.6,1,1,27.6,28.8,No,No
2009-11-28,Brisbane,22,34.2,0,10,6.4,NNE,24,NW,NE,7,9,51,61,1010.3,1006.1,5,7,29.5,30,No,No
2009-11-29,Brisbane,23.9,34.8,0,8,NA,N,39,NNW,ENE,15,13,48,64,1006.1,1002.3,1,7,31,28.5,No,No
2009-11-30,Brisbane,20.8,34.3,0,7.8,NA,N,35,WSW,NNE,7,17,38,51,1006.5,1002.8,1,1,29.3,29.3,No,No
2009-12-01,Brisbane,21,29.2,0,8.4,NA,E,48,SSE,ESE,9,20,49,55,1012.1,1010.5,2,7,26.7,25.1,No,No
2009-12-02,Brisbane,19.1,26,0,9,NA,SE,31,SSE,ESE,7,7,59,82,1018.2,1016.9,7,8,22.5,20.4,No,Yes
2009-12-03,Brisbane,18,28.3,6.6,4.8,12.1,ENE,33,SE,E,15,19,52,53,1021,1018.2,3,2,24.7,25.2,Yes,No
2009-12-04,Brisbane,17.1,30.5,0,8.4,12.7,NE,30,SSE,NE,6,15,50,45,1019.6,1015.6,1,1,26.6,28.4,No,No
2009-12-05,Brisbane,19.3,29.8,0,9.8,12.9,NNE,37,NNE,NNE,11,15,52,51,1017.3,1012.4,1,1,26.8,28.4,No,No
2009-12-06,Brisbane,20.4,30.6,0,10.2,12.9,NNE,33,NE,NNE,7,15,43,52,1014.7,1012.5,1,1,28.3,28.9,No,No
2009-12-07,Brisbane,22.2,30.5,0,10.8,12.7,NNE,37,NW,NNE,11,19,56,52,1016.7,1012.7,3,1,28.1,29.2,No,No
2009-12-08,Brisbane,22.2,31.9,0,9.6,12.5,NE,35,NNE,NE,9,19,48,59,1013.4,1009.1,1,1,29,29.4,No,No
2009-12-09,Brisbane,22.3,32.7,0,9.6,12.6,ENE,33,N,NNE,9,15,47,55,1011.8,1008.3,1,0,28.8,30.3,No,No
2009-12-10,Brisbane,22.6,33,0,10.4,12.4,NE,33,ENE,NE,9,19,47,58,1012.6,1009.6,1,1,29.5,29.9,No,No
2009-12-11,Brisbane,23.2,33.2,0,9,8.8,NE,30,NNE,NNE,9,17,62,57,1013.6,1010.2,5,4,28.6,29.2,No,No
2009-12-12,Brisbane,23.6,30.8,0,8,7.2,E,31,SSE,ENE,13,15,62,53,1015.9,1012.2,7,7,27.7,29.8,No,No
2009-12-13,Brisbane,23.3,33.1,0.6,8,NA,NE,33,NW,NE,7,17,54,47,1015.4,1011.9,5,5,28.9,30.8,No,No
2009-12-14,Brisbane,24.4,31.8,0.2,7.6,5.9,E,30,ENE,ENE,6,15,59,53,1017,1015.2,7,7,28.4,29.2,No,No
2009-12-15,Brisbane,23,29.3,0,10.2,2.1,ESE,28,NE,NA,6,0,57,78,1020,1018.5,6,8,27.8,24.4,No,Yes
2009-12-16,Brisbane,20,30,12.2,5,12.7,E,31,NW,NE,7,20,59,53,1021.2,1018.8,7,2,26.7,27.9,Yes,No
2009-12-17,Brisbane,20.5,30.5,0,9.6,11.8,NNE,33,NE,NE,15,19,45,56,1021.2,1017.8,3,2,27.5,27.4,No,No
2009-12-18,Brisbane,22,31.6,0,8.8,12.8,NE,33,N,NNE,11,15,49,49,1017.3,1013.9,3,1,28.7,30,No,No
2009-12-19,Brisbane,23,30.8,0,7.8,2.5,W,31,NE,NNE,6,11,51,51,1015.8,1012.7,8,8,28.3,28,No,Yes
2009-12-20,Brisbane,21.9,28.1,4.8,5.2,0,W,22,WSW,SSE,6,2,73,92,1016.5,1015.2,8,8,24.5,22,Yes,Yes
2009-12-21,Brisbane,20.9,29,34,5,5.5,E,30,SE,ESE,6,9,61,65,1015.8,1014,5,7,26.6,25.4,Yes,No
2009-12-22,Brisbane,20.9,32,0,3.6,8.2,SSE,41,SSE,ENE,2,17,60,59,1015,1011.6,5,6,27.1,27.7,No,Yes
2009-12-23,Brisbane,20.9,30.2,13,6.4,10.3,ENE,33,SW,E,4,20,67,58,1015.2,1013,5,4,26.7,27.9,Yes,Yes
2009-12-24,Brisbane,21.4,30,1.6,10.6,7.4,ENE,30,N,ENE,4,17,71,57,1015.5,1012.7,6,2,26.1,28.1,Yes,No
2009-12-25,Brisbane,21.9,29.1,0.2,5.4,6.7,ENE,39,ENE,ENE,19,15,72,70,1013.3,1011,7,7,26.3,27,No,Yes
2009-12-26,Brisbane,23,29.7,13.2,5,5.9,NE,33,ENE,ENE,15,20,79,77,1013.4,1012.1,6,6,27,27,Yes,Yes
2009-12-27,Brisbane,22.7,29.3,21,7.6,3.5,ENE,35,NE,ENE,17,19,73,71,1016,1013.7,7,7,26.7,27.2,Yes,Yes
2009-12-28,Brisbane,23.1,28.5,21.6,4.9,3.3,NE,26,NNE,ENE,7,15,92,73,1015.6,1012.5,8,4,23.6,27.7,Yes,Yes
2009-12-29,Brisbane,22.9,29.1,35,4,3.3,ENE,30,SSW,ENE,2,11,87,77,1016.5,1015.2,7,8,25.4,26.3,Yes,Yes
2009-12-30,Brisbane,22.8,28.6,7.8,4,8.1,ENE,33,ENE,ENE,15,17,66,58,1018.8,1016.4,5,7,27.8,27.9,Yes,No
2009-12-31,Brisbane,20.7,28.6,0.4,8,6.6,E,31,ENE,ENE,17,15,74,56,1018,1015.5,6,6,25,28.4,No,Yes
2010-01-01,Brisbane,23.6,29.6,1.4,7.6,6,ENE,31,NE,NNE,13,13,61,66,1016,1013.5,7,7,27.4,27.8,Yes,No
2010-01-02,Brisbane,23.9,30.8,0.8,6.4,11.3,NE,30,NW,NE,7,13,62,66,1012.5,1009,2,3,28.7,29.2,No,No
2010-01-03,Brisbane,24.9,32.2,0,7.4,3.3,E,33,NW,ESE,4,17,65,76,1010.7,1010.7,4,8,30,25.6,No,Yes
2010-01-04,Brisbane,23.4,27.7,20.6,4.2,0,SSE,43,SE,ESE,15,15,70,65,1015.8,1015.1,8,7,26.2,26.4,Yes,No
2010-01-05,Brisbane,21.1,27.8,0,4,0.7,ESE,31,SSE,ESE,9,17,69,56,1017.3,1015.7,7,7,24.9,27.7,No,No
2010-01-06,Brisbane,21.8,29.3,0,4.8,3.3,ENE,24,E,ENE,11,11,81,64,1015.5,1013.1,8,7,24.7,28.3,No,No
2010-01-07,Brisbane,22.4,28.6,0.6,4.4,1.8,NE,26,ESE,E,11,17,73,62,1014.8,1012.9,7,7,26.9,27.5,No,No
2010-01-08,Brisbane,22.3,30.3,0.2,5.4,6.8,ENE,33,ESE,ENE,15,19,63,55,1017.6,1016.1,7,3,26.6,29.3,No,No
2010-01-09,Brisbane,21.7,30.2,0,4.6,12.9,ENE,35,E,E,13,15,65,48,1019.2,1017,3,3,28.1,29.6,No,No
2010-01-10,Brisbane,21,30.6,0,7.2,13.2,E,28,SSE,ENE,6,17,60,52,1017.7,1014.6,2,1,27.7,29.2,No,No
2010-01-11,Brisbane,20.8,30.5,0,7,12.2,ENE,33,SE,E,9,19,61,52,1016.7,1014.3,3,2,28.1,29.6,No,No
2010-01-12,Brisbane,21.3,31,0,8,12.2,ESE,31,NE,ENE,6,15,58,61,1015,1012.6,3,2,27.9,29,No,No
2010-01-13,Brisbane,20.9,30.1,0,10.8,10.6,NNE,39,ENE,NE,9,15,58,54,1014.8,1011.5,3,1,27.7,29,No,No
2010-01-14,Brisbane,23.2,30.7,0,5.8,10.7,E,28,SSE,ENE,6,19,59,49,1015.6,1012.9,6,1,28,29.4,No,No
2010-01-15,Brisbane,21.5,30.8,0,9.2,10.5,E,33,E,ESE,11,15,65,42,1015.5,1013,7,4,26.6,30.2,No,No
2010-01-16,Brisbane,21.3,29.9,0,8.2,8.6,NE,26,ENE,NE,4,13,54,55,1012.7,1009.3,6,1,27.4,29.1,No,No
2010-01-17,Brisbane,22.1,32.4,0,7.8,11.8,NE,30,NW,NNE,9,13,55,55,1008.3,1004,1,3,27.7,30.9,No,Yes
2010-01-18,Brisbane,22.1,35.1,4.4,7.6,12.7,ENE,30,SW,NE,9,17,62,57,1004.2,1000.2,1,3,29.4,31.9,Yes,No
2010-01-19,Brisbane,17.3,32.8,0,9,12.9,E,50,SW,ENE,9,19,42,50,1008.3,1006,1,1,26.2,28.5,No,No
2010-01-20,Brisbane,20.2,33,0.2,8.6,13,NNE,26,SSW,ENE,6,13,56,39,1012.2,1009,1,0,27.1,30.7,No,No
2010-01-21,Brisbane,21.3,32.6,0,8.4,10.5,ENE,24,WSW,NNE,6,13,60,50,1013.4,1010.4,6,6,28.4,30.3,No,No
2010-01-22,Brisbane,22.4,30.9,0,7,6.3,NE,26,ENE,NE,6,13,56,57,1015.2,1013.7,6,6,27.9,28.8,No,No
2010-01-23,Brisbane,21.3,32.1,0,5.6,13,E,28,NW,ENE,6,13,59,50,1014.4,1011.4,2,1,28.3,30.5,No,No
2010-01-24,Brisbane,21.8,31.7,0,9,12.8,E,31,ENE,ENE,11,17,54,50,1014.2,1011.9,2,1,28.6,30.3,No,No
2010-01-25,Brisbane,21.5,32.5,0,9,11.6,ENE,28,N,NNE,7,13,59,47,1015,1012.2,5,3,28.9,31.9,No,No
2010-01-26,Brisbane,22.4,32.8,0,9.2,12,NE,31,WSW,NE,4,15,59,56,1014.1,1011.1,5,1,28.3,30.6,No,No
2010-01-27,Brisbane,21.9,33.6,0,9.2,11.8,SE,41,W,NNE,6,15,58,51,1012.7,1010,1,1,28.3,30.9,No,No
2010-01-28,Brisbane,24.1,33.8,0,6.8,9.9,ENE,28,E,NE,7,17,58,44,1011.3,1007.9,4,3,29.7,32.2,No,Yes
2010-01-29,Brisbane,21.1,32.6,3.6,9.8,7,S,31,W,NE,9,9,72,60,1010.2,1008,6,8,25.6,28.8,Yes,Yes
2010-01-30,Brisbane,22.8,31.2,3,4.8,7.5,SSW,46,SSE,SE,9,22,65,57,1012.4,1011.4,7,7,27.7,27.9,Yes,Yes
2010-01-31,Brisbane,22.7,28.1,5.4,8.6,1.9,ENE,50,ENE,E,11,17,76,68,1010.7,1008.8,8,8,26.3,26.7,Yes,Yes
2010-02-01,Brisbane,22,28.2,17.4,2.8,0.3,ENE,46,E,ESE,22,20,69,60,1009.3,1008.3,8,7,26.2,26.5,Yes,Yes
2010-02-02,Brisbane,22,29.3,2.6,6.4,5,E,46,ESE,ESE,19,13,57,64,1009.4,1007.6,7,7,26.9,27.5,Yes,Yes
2010-02-03,Brisbane,22,30.2,2.4,7.4,11.8,E,31,E,E,17,19,57,51,1009.7,1008.1,6,2,27.7,28.9,Yes,No
2010-02-04,Brisbane,21.5,30.9,0,7.4,10.2,NE,26,ESE,ENE,4,15,61,60,1011.1,1008.9,3,6,28.1,28.4,No,No
2010-02-05,Brisbane,21.8,31.5,0,7.4,11.9,E,28,NE,NE,9,17,62,46,1011.3,1009,7,3,28.5,30.1,No,No
2010-02-06,Brisbane,24.6,31.6,0,7.2,10.2,E,39,NNW,NE,6,17,65,62,1012.6,1010.9,7,7,28.2,29.9,No,Yes
2010-02-07,Brisbane,22.3,26.7,89,8.2,0.1,SSE,30,SSE,SE,11,13,90,73,1017.7,1015.8,8,8,22.3,26,Yes,No
2010-02-08,Brisbane,22,30.3,0.8,2,5.2,E,37,SSE,E,11,22,77,53,1019.1,1017,7,6,25.3,28.4,No,No
2010-02-09,Brisbane,21.3,29.2,0.2,6.8,8.3,SE,48,SE,SE,13,17,71,66,1019.9,1018.2,6,7,25.8,26.2,No,Yes
2010-02-10,Brisbane,21.4,29.9,7,5.8,9.3,SE,33,SE,ESE,11,19,65,54,1018.9,1016.3,7,3,26.5,29.1,Yes,No
2010-02-11,Brisbane,21.4,29.5,0,6.6,12.1,E,28,E,NE,4,15,63,52,1018.1,1015,3,2,26.9,29,No,No
2010-02-12,Brisbane,21,31.1,0,7,11.8,NE,26,SW,NE,7,15,67,54,1015.4,1011.9,4,2,27.1,29.7,No,No
2010-02-13,Brisbane,21.6,31.1,0,6.8,11.3,NE,30,WSW,NE,6,19,62,56,1013.5,1011.2,3,5,28,29.6,No,No
2010-02-14,Brisbane,23.6,31.4,0,7.6,12.1,NNE,35,NW,NE,11,17,59,61,1013.1,1008.6,5,2,28,30.3,No,No
2010-02-15,Brisbane,24.7,33.1,0,8,11.9,NNE,37,NNW,NNE,11,19,61,66,1010.6,1006.5,2,1,30.1,30.9,No,Yes
2010-02-16,Brisbane,24.3,32,17.4,7.4,4.2,WNW,30,N,NE,7,9,72,89,1010.4,1007.9,7,7,28.9,27,Yes,Yes
2010-02-17,Brisbane,21.3,28.3,121.4,4.2,0.7,ESE,24,SSW,ESE,7,13,85,65,1013.8,1012,8,8,22.6,27.4,Yes,No
2010-02-18,Brisbane,22.5,30,0,2.2,3.8,E,37,S,SE,11,20,69,52,1016.8,1015.5,7,7,25.9,28.4,No,No
2010-02-19,Brisbane,20.4,29.1,0,5.8,7.9,SE,35,SSE,ESE,11,17,60,54,1019.6,1017.7,6,6,26.3,27.4,No,No
2010-02-20,Brisbane,20.8,29.3,0.4,6.2,5.8,E,37,SE,E,9,15,67,61,1019.5,1017.1,3,7,25.1,27.3,No,Yes
2010-02-21,Brisbane,21.4,29.9,2.2,5.6,9.4,ENE,31,WSW,ENE,6,9,76,50,1019.8,1017,7,3,25.7,29.1,Yes,No
2010-02-22,Brisbane,20.3,31,0.2,7,10.6,SE,48,SSW,ENE,7,15,64,66,1019.2,1015.6,6,3,27,29.3,No,No
2010-02-23,Brisbane,22.7,33.5,0,6,11.6,ENE,20,WSW,ENE,11,13,66,53,1015.8,1011.8,2,1,27.8,32.3,No,No
2010-02-24,Brisbane,24,30.4,0,6.4,6.5,SSE,43,SSE,SE,13,17,67,66,1017.2,1016.9,7,7,27.6,26.9,No,No
2010-02-25,Brisbane,23.6,29.1,0,6.6,3.2,SE,43,SE,SE,13,13,67,73,1021.3,1020.8,7,7,25.9,24.4,No,Yes
2010-02-26,Brisbane,19.6,28.5,1.4,5,6.7,ESE,46,WSW,ESE,7,17,71,50,1022.2,1018.9,5,6,24,27.5,Yes,No
2010-02-27,Brisbane,20.2,27.4,0.6,6.6,2.2,E,35,S,SE,7,20,76,67,1018.9,1016.1,7,8,24.6,26.2,No,Yes
2010-02-28,Brisbane,21.9,29.8,9.4,2.6,6.4,ENE,28,SE,ENE,9,17,76,65,1017.1,1013.8,4,7,26.6,28.5,Yes,Yes
2010-03-01,Brisbane,22.9,26.4,26.8,6.6,0,SSE,31,SE,SE,6,11,92,82,1013.6,1010.3,8,8,23.6,23.8,Yes,Yes
2010-03-02,Brisbane,20.9,23.9,60.6,3.2,0,ESE,37,E,ESE,13,15,93,91,1010.5,1008.2,8,8,21.1,21.9,Yes,Yes
2010-03-03,Brisbane,20.9,27.2,23.6,3.2,0.8,E,44,ENE,ESE,20,15,84,76,1011.6,1009.5,8,5,23.3,26.4,Yes,Yes
2010-03-04,Brisbane,21.5,27,20,4.4,0.2,SE,35,ESE,ESE,13,15,65,58,1013.2,1011.1,8,7,25.8,26.4,Yes,No
2010-03-05,Brisbane,23,28.5,0.2,5,1.2,E,35,E,E,15,17,69,81,1011.9,1009.2,8,8,25.9,25.9,No,Yes
2010-03-06,Brisbane,23,27,9,4.6,0.2,E,39,E,E,13,15,90,90,1011.9,1010.9,8,8,24.3,23.2,Yes,Yes
2010-03-07,Brisbane,21.9,27.2,3.4,2,2.2,ESE,35,E,ENE,15,17,70,64,1014.4,1012.1,7,7,26.5,26.9,Yes,No
2010-03-08,Brisbane,22.5,27.2,0.6,2.8,0,E,15,WSW,ENE,6,6,81,64,1016.3,1014.1,7,7,23.9,26.9,No,No
2010-03-09,Brisbane,20.5,32.6,0,2.2,10.7,NE,22,SW,SSW,11,7,78,51,1017,1013.7,1,3,24.4,32.2,No,No
2010-03-10,Brisbane,22.7,33.1,0,5.8,8.7,ESE,31,SW,E,7,17,76,65,1017.9,1016,7,7,26.9,29,No,No
2010-03-11,Brisbane,21.8,30,0,5.6,9.4,SSW,39,S,SSW,13,15,58,54,1022.1,1021.1,4,5,27.2,28.6,No,Yes
2010-03-12,Brisbane,20.1,28.1,1.2,5.6,7.9,ESE,50,SE,SE,20,22,58,52,1028.1,1026.2,3,6,25.5,26.1,Yes,No
2010-03-13,Brisbane,18.8,27.4,0.6,6.4,6.4,SE,48,SE,ESE,19,24,53,67,1027.5,1025.7,5,6,25.4,22.3,No,No
2010-03-14,Brisbane,18.4,27.5,0.6,5.6,8.4,SSE,37,SSE,SE,11,11,68,72,1024.5,1021.7,5,3,24.1,24.1,No,Yes
2010-03-15,Brisbane,18.4,28,4.8,6,8.4,SSE,31,SSE,SSE,13,17,68,55,1023.1,1019.4,5,6,23.2,26.2,Yes,No
2010-03-16,Brisbane,19,28.3,0.2,6,7.5,ESE,39,SSE,ESE,13,19,62,45,1020.5,1018,5,3,24.6,27.3,No,No
2010-03-17,Brisbane,18.5,28.4,0.2,4,10,NA,NA,SSE,NA,13,NA,67,NA,1022.6,NA,2,3,24.8,NA,No,NA
2010-03-18,Brisbane,19.4,27.9,NA,6.6,9.5,E,44,SE,E,11,20,55,55,1024.5,1022.4,7,4,24.7,25.9,NA,No
2010-03-19,Brisbane,18.4,28.6,0,6.2,10.6,ESE,30,E,ESE,19,17,55,44,1022.4,1020.3,4,2,25.9,27.2,No,No
2010-03-20,Brisbane,17.2,28.4,0,8,3.1,ESE,37,SE,ESE,15,17,59,73,1021.7,1019.8,7,7,24.7,24.4,No,No
2010-03-21,Brisbane,20.9,28.2,1,4.2,2.3,NE,30,E,E,17,13,62,66,1020.6,1017.9,7,8,27.3,26.2,No,No
2010-03-22,Brisbane,20.5,28.5,0,2.8,1.9,NNE,20,WSW,NE,7,9,71,68,1018.4,1016.5,8,8,25.5,26.7,No,No
2010-03-23,Brisbane,20.7,30,0,2.6,7.2,E,30,SW,E,7,15,69,61,1019.4,1016.5,5,6,26.5,28.1,No,Yes
2010-03-24,Brisbane,20.7,29.1,1.6,4.2,NA,E,33,SE,E,9,15,62,57,1020,1017.9,2,2,26.9,27,Yes,No
2010-03-25,Brisbane,18.4,28.8,0,5.6,10.3,SE,28,SSW,E,6,17,62,54,1022.9,1019.8,1,3,24.9,27.4,No,Yes
2010-03-26,Brisbane,20.4,28.7,3.4,6.4,9,NNE,22,SW,ENE,7,11,77,59,1022.6,1018.8,5,4,23.1,27.7,Yes,No
2010-03-27,Brisbane,18.4,29.1,0,3.8,10.9,NE,24,SW,ENE,6,11,69,58,1021.1,1018.3,1,1,25.4,26.7,No,No
2010-03-28,Brisbane,20.5,28.6,0,5.8,8,E,28,SSW,E,6,13,69,50,1020.2,1017,7,5,25.6,27.6,No,Yes
2010-03-29,Brisbane,20.7,27.8,1.2,6.6,4.7,ENE,30,SSE,NE,6,11,83,61,1021.3,1017.8,7,4,22,26.9,Yes,Yes
2010-03-30,Brisbane,19.5,26.1,3.2,3.8,1.6,NNE,24,SW,ENE,6,13,76,71,1019.8,1016.8,5,6,24.2,24.7,Yes,No
2010-03-31,Brisbane,20.6,27.5,0,2.6,3.8,NE,20,NA,NE,0,11,78,63,1018.2,1014.2,7,7,24.1,26.7,No,Yes
2010-04-01,Brisbane,20.5,27.7,1.4,2.8,6.3,ESE,26,SW,E,7,13,76,62,1016.7,1013.7,7,5,23.6,25.9,Yes,No
2010-04-02,Brisbane,19.7,27.9,0,4,9,E,31,SSE,ESE,9,17,65,53,1017.4,1014.4,3,5,25.4,27,No,No
2010-04-03,Brisbane,19.1,27.6,0,6,9.3,ESE,35,SSE,E,11,11,62,59,1018.7,1015.4,3,4,24.6,25.9,No,No
2010-04-04,Brisbane,18.9,26.5,0,6,8.7,ESE,31,SSW,ESE,7,11,61,54,1018.6,1015.6,3,3,23.6,26.2,No,No
2010-04-05,Brisbane,17.9,27.7,0,4,10.2,WSW,46,SSW,E,9,15,60,54,1018.9,1015.9,1,3,23.5,25.1,No,No
2010-04-06,Brisbane,17.8,26.1,0,6,6.2,E,22,SW,ENE,6,11,68,55,1020.5,1018.3,6,7,22.9,25.3,No,No
2010-04-07,Brisbane,17.5,27.7,0,4,7.8,NE,22,WSW,NNE,7,9,76,51,1021.7,1018,7,7,21.7,26.9,No,No
2010-04-08,Brisbane,18,31,0,3.4,9.6,NNE,17,W,NA,6,NA,64,NA,1018.7,NA,1,5,24.5,NA,No,NA
2010-04-09,Brisbane,20.6,29.3,NA,3.8,10.7,E,22,SSE,ENE,6,9,62,57,1014,1009.9,4,7,26.4,27.5,NA,No
2010-04-10,Brisbane,21,31,0,6,7.6,NNE,17,WNW,NE,2,7,67,61,1012.5,1008.5,7,3,25.2,29.1,No,No
2010-04-11,Brisbane,21.2,31.3,0,4,7.6,NE,20,SSE,NE,2,9,85,63,1013,1009.1,4,2,24,29.6,No,No
2010-04-12,Brisbane,23.2,26,0.2,4.2,0,W,20,WSW,W,2,2,78,76,1012.6,1010.3,7,7,25.8,25,No,Yes
2010-04-13,Brisbane,18.5,24.4,2,2,1.4,SE,26,WSW,SE,2,11,81,54,1018,1016.5,8,7,19.3,24.1,Yes,No
2010-04-14,Brisbane,16.5,26.9,0,3.2,8.3,ESE,28,SSW,SE,7,11,64,47,1020.3,1017.8,1,7,22.1,26.6,No,No
2010-04-15,Brisbane,16.2,27.4,0,3.6,7.4,ESE,26,SSW,E,4,13,65,49,1020.7,1017.8,7,3,22.7,26.3,No,No
2010-04-16,Brisbane,17.3,24.6,0,5,0.7,SE,26,NE,ESE,4,13,78,50,1023.3,1021,7,7,19.2,24.1,No,No
2010-04-17,Brisbane,17,27.5,0.4,2.6,10.4,ESE,30,S,E,6,13,63,48,1023.9,1021.3,1,3,23.8,26.5,No,No
2010-04-18,Brisbane,18.1,26.8,0.6,5.4,6.1,ESE,33,SSE,ESE,2,11,80,68,1024.5,1020.7,7,4,20.8,23.6,No,Yes
2010-04-19,Brisbane,18.5,26.2,4.6,3.4,4.6,SE,30,SSE,E,7,9,74,67,1022.7,1020.2,8,7,22.6,23.3,Yes,No
2010-04-20,Brisbane,17.9,26.4,1,3.8,3.9,E,28,S,WNW,4,4,79,78,1021.1,1018.4,7,7,22.6,22.3,No,Yes
2010-04-21,Brisbane,18.2,23.1,10.2,2.4,0,SE,22,SE,SW,7,4,93,88,1021.3,1019.3,8,7,20.1,20.5,Yes,Yes
2010-04-22,Brisbane,17.8,25.6,12.8,1,5.3,E,22,SSW,ENE,4,4,71,66,1022.3,1019.7,7,5,22.8,24.3,Yes,No
2010-04-23,Brisbane,18,28.4,0.2,3.2,10.5,ESE,19,SSW,E,6,9,72,56,1021.6,1018,1,1,23.1,26.7,No,No
2010-04-24,Brisbane,18.5,25.5,0.8,3.4,3.4,NNW,17,SSW,ENE,2,6,83,76,1019.5,1016.2,5,7,22.5,24.3,No,Yes
2010-04-25,Brisbane,18.3,29.3,2.2,2.6,9.5,WSW,22,NE,ENE,2,9,74,66,1016.9,1012.2,4,6,23.4,27.4,Yes,No
2010-04-26,Brisbane,16.7,26.4,0,4,10.3,SSE,20,SSW,ESE,6,4,48,43,1021.3,1019.6,3,2,21.9,23.9,No,No
2010-04-27,Brisbane,13.5,25.9,0,4.8,7.5,ENE,17,SSW,ENE,6,7,57,53,1022.7,1019.4,3,7,20.1,24.3,No,No
2010-04-28,Brisbane,16.5,27.4,0,3,8.5,ENE,15,SW,ENE,4,9,69,53,1022.2,1018.5,5,1,22.7,26.5,No,No
2010-04-29,Brisbane,18,29.3,0,3,9.5,W,19,SW,W,2,9,72,36,1021.5,1017.6,2,3,22.8,29,No,No
2010-04-30,Brisbane,13,28.3,0,3,10.1,ESE,26,WSW,ESE,4,11,54,59,1022.3,1019.5,1,2,21,25.8,No,No
2010-05-01,Brisbane,17.8,27,0,4.8,10,E,28,SSW,E,4,15,67,59,1025.3,1022.4,4,3,22.6,24.4,No,No
2010-05-02,Brisbane,17.6,27,0.6,4,10.1,E,24,SSW,ENE,2,9,66,52,1026.1,1022.9,2,2,23,26,No,No
2010-05-03,Brisbane,16.7,26.4,0.2,4,9.1,SE,31,SW,ESE,4,13,67,53,1025,1021.3,2,5,22.7,24.9,No,Yes
2010-05-04,Brisbane,17.8,21.2,4.2,4.8,0.9,ESE,13,WSW,E,4,7,91,87,1021.3,1017.3,8,7,19.4,20.3,Yes,Yes
2010-05-05,Brisbane,16.6,27.9,8.4,0,8.7,NA,NA,SW,SW,4,2,83,49,1016.8,1013.3,1,3,20.4,27.2,Yes,NA
2010-05-06,Brisbane,15.7,NA,NA,2.8,9.9,NA,NA,NA,NA,NA,NA,NA,NA,NA,NA,1,2,NA,NA,NA,NA
2010-05-07,Brisbane,12.7,25.3,NA,5.2,10.2,WSW,20,SW,SSE,7,6,57,31,1020.6,1016.9,1,1,18.6,24.6,NA,No
2010-05-08,Brisbane,11.6,26.4,0,3.4,9.1,SE,24,SW,E,7,9,60,55,1019.6,1016.4,6,5,18.8,23.7,No,No
2010-05-09,Brisbane,14.3,25.7,0,2.8,9.7,SSE,22,SSW,SE,4,7,67,51,1020.5,1016.9,1,2,21.1,24.1,No,No
2010-05-10,Brisbane,16.3,24.1,0,3.2,4.5,SSE,19,SW,NE,6,6,67,66,1019.9,1016.5,2,7,20.6,22.8,No,No
2010-05-11,Brisbane,15.3,25.8,0,1.8,7.4,WSW,30,SW,NE,2,4,75,67,1017.1,1013,6,6,20,23.5,No,Yes
2010-05-12,Brisbane,14.6,27.3,12.2,0.8,9.4,W,33,SW,WSW,6,11,82,26,1015.4,1012.4,0,1,18.7,26.8,Yes,No
2010-05-13,Brisbane,11.3,24.4,0.2,6.6,9.9,WNW,24,SSW,WNW,6,9,46,24,1019.6,1014.9,0,1,18.1,23.8,No,No
2010-05-14,Brisbane,9.7,25.3,0,2.6,10,WSW,20,WSW,SSW,6,4,46,25,1017.5,1012.9,0,1,16,24.6,No,No
2010-05-15,Brisbane,9.9,25.1,0,2.4,10.1,WSW,19,SW,SW,7,4,56,29,1016.6,1013.3,1,3,15.8,25,No,No
2010-05-16,Brisbane,12.8,20.6,0,2.8,0,SW,13,SSW,W,6,4,73,56,1019.1,1016.5,8,8,15,19.8,No,No
2010-05-17,Brisbane,12.5,20.8,0,1.8,1.3,SSW,19,SW,SW,4,6,76,63,1018.1,1014.9,7,7,15.6,19.9,No,No
2010-05-18,Brisbane,10.7,23.5,0,1.4,9.6,W,19,SW,W,6,6,63,38,1016.2,1012.9,1,2,17,23.1,No,No
2010-05-19,Brisbane,11.2,24.4,0,2.8,9.1,WSW,19,SW,ESE,9,4,56,48,1018.2,1016.2,1,3,17.9,23.3,No,No
2010-05-20,Brisbane,12.4,23.4,0,2.6,6.8,ESE,19,S,ESE,6,6,65,56,1020.8,1017.9,6,7,19.4,22.4,No,Yes
2010-05-21,Brisbane,16.4,19.7,4,2.8,0.1,SW,37,SW,S,4,6,91,81,1019.3,1015.3,8,7,16.5,19.4,Yes,Yes
2010-05-22,Brisbane,11.9,23.7,18.6,1.8,10,WSW,19,SW,S,6,6,80,40,1017.3,1014.6,1,2,15.8,23.2,Yes,No
2010-05-23,Brisbane,11.5,22.5,0,2.8,5.6,S,26,SW,SSE,6,7,65,59,1018.9,1016.8,1,7,18.1,21.1,No,No
2010-05-24,Brisbane,16,23.4,0,2,2.5,ENE,20,SW,E,4,9,74,57,1019.5,1015.6,7,7,18.3,21.9,No,Yes
2010-05-25,Brisbane,16.4,21.5,3.6,3,0.1,NNW,13,SW,NW,2,2,88,75,1013.3,1008.6,8,7,17.5,21,Yes,No
2010-05-26,Brisbane,13.7,23.1,0,1.8,9.3,W,41,W,WSW,13,13,63,42,1007,1005,1,5,21.5,21.2,No,No
2010-05-27,Brisbane,14.5,23.9,0,4,6.5,SSW,30,W,SSE,11,7,56,62,1012.5,1012,1,7,19.3,21.4,No,No
2010-05-28,Brisbane,13.7,22.3,0,3.2,4.5,E,24,SW,E,6,13,74,76,1019.4,1017.2,6,7,18.1,19.4,No,Yes
2010-05-29,Brisbane,17.1,21,6.4,1.8,0.4,WNW,28,NW,W,4,15,92,69,1013.2,1009.3,8,7,19.3,19.2,Yes,Yes
2010-05-30,Brisbane,11.6,19.8,2.8,1.6,9.6,W,37,WNW,W,13,15,55,42,1011.2,1008.7,1,2,17.6,19.4,Yes,No
2010-05-31,Brisbane,13.3,21.5,0,4,9,W,39,W,W,13,13,63,47,1013.3,1010.7,1,2,16.6,20.6,No,No
2010-06-01,Brisbane,11.8,22.4,0,2.6,5.2,W,19,SW,WSW,7,4,60,61,1017,1014.8,1,7,18.4,20.9,No,No
2010-06-02,Brisbane,15.8,20.3,0.4,2.2,0,WSW,20,SW,SW,6,6,84,77,1017,1014.8,8,7,17.6,19.4,No,No
2010-06-03,Brisbane,16.1,23.3,0,1.8,8.6,W,24,SW,SW,9,7,70,55,1016.8,1014,2,5,18.8,21.6,No,No
2010-06-04,Brisbane,10.4,21.9,0,2.4,10,W,35,W,W,4,13,63,49,1013.3,1009.6,1,1,17.7,21.2,No,No
2010-06-05,Brisbane,15.6,25.2,0,3.4,9.6,WSW,26,SW,W,7,9,57,43,1010.4,1008.4,1,1,19.5,24.4,No,No
2010-06-06,Brisbane,13.3,22.5,0,4.2,9.5,W,31,SSE,W,2,13,55,32,1014.1,1012.5,1,1,18.1,21.9,No,No
2010-06-07,Brisbane,10.3,22.3,0,6.2,6.3,SW,19,SW,SSW,7,4,51,50,1020.6,1018.7,2,7,16.2,20.7,No,No
2010-06-08,Brisbane,11.5,22.8,0,2,5.4,SSE,17,SSW,ESE,6,7,67,58,1022.4,1018.6,5,6,17,20.1,No,No
2010-06-09,Brisbane,12.5,23.9,0,1.2,7.4,W,26,WSW,WNW,2,7,78,53,1018.6,1012.7,7,7,15.8,22.2,No,No
2010-06-10,Brisbane,9.5,19.4,0,4,4.9,W,33,W,WSW,11,9,44,35,1019.4,1017,3,7,14.9,18.9,No,No
2010-06-11,Brisbane,11.5,21.3,0,3.6,4.5,WSW,17,SW,NW,4,4,60,45,1021.7,1017.6,8,1,13,21.1,No,No
2010-06-12,Brisbane,9,19.7,0,2.4,10,W,22,SW,WNW,7,9,47,33,1020,1017.9,1,1,13.8,18.9,No,No
2010-06-13,Brisbane,8.7,21.6,0,2.8,6.5,ESE,28,SW,SE,7,11,55,52,1025.5,1024,7,7,14.5,19.8,No,No
2010-06-14,Brisbane,12.3,21.9,0,1.6,6.4,E,33,SW,ESE,4,13,78,53,1029.4,1027,7,3,15.2,20.8,No,No
2010-06-15,Brisbane,12.9,22.1,0,3.4,7,SE,31,SSW,SE,6,15,71,46,1029.1,1025.5,6,2,17.1,21.1,No,No
2010-06-16,Brisbane,13.2,21.3,0,3.4,1.6,SSE,22,SW,E,6,9,65,47,1027.2,1023.9,6,7,17.3,20.4,No,No
2010-06-17,Brisbane,10.8,22.4,0,2.8,4.8,SW,15,SW,NE,4,4,71,55,1023.1,1018.7,6,7,15.5,21.7,No,No
2010-06-18,Brisbane,14.8,20.4,0,1.2,0.6,SSW,15,WSW,NW,2,4,81,63,1018.9,1015.5,7,8,16.9,20.1,No,No
2010-06-19,Brisbane,15.6,22.3,0,1.4,4.4,SW,17,SW,W,4,4,66,34,1019.7,1018,6,2,16.5,21.9,No,No
2010-06-20,Brisbane,9.4,23,0,2.2,10,WSW,17,WSW,ENE,6,6,58,46,1025.3,1023.3,1,1,14.6,21.8,No,No
2010-06-21,Brisbane,9.8,22.1,0,2.6,9.7,ESE,20,SW,SE,7,9,70,48,1029.5,1027.5,1,1,14.3,21.9,No,No
2010-06-22,Brisbane,12,21.8,0,3,NA,SSE,33,SW,ESE,6,13,75,56,1031.6,1028.8,2,5,16.4,20.7,No,No
2010-06-23,Brisbane,13.1,22.3,0.6,3,NA,SE,37,SW,ESE,6,15,92,73,1030.5,1027.7,7,6,14.3,19.3,No,Yes
2010-06-24,Brisbane,12.5,22.1,4.4,1.8,8.1,E,26,SW,E,6,11,76,59,1028.8,1025.2,4,3,16.3,20.4,Yes,No
2010-06-25,Brisbane,9.9,21.7,0,3.4,5.9,SE,17,SW,E,4,4,72,61,1027.1,1023.6,1,3,15.3,20.1,No,No
2010-06-26,Brisbane,12.5,21.3,0,2.4,5.3,NNE,17,SSW,ENE,4,6,92,67,1023.5,1019.3,7,4,14.3,20.6,No,No
2010-06-27,Brisbane,13.5,21.1,0,1.6,NA,WNW,24,NA,WSW,0,6,87,62,1018.4,1015.7,7,7,15.9,20.8,No,No
2010-06-28,Brisbane,7.3,20.3,0,2.6,NA,W,22,WSW,SSW,6,4,51,43,1019.8,1017,5,1,12.5,19.9,No,No
2010-06-29,Brisbane,8.2,16,0,2.2,0.6,WSW,22,SW,W,4,6,50,34,1020.7,1018.6,6,6,12.2,15.9,No,No
2010-06-30,Brisbane,7.5,18.8,0.8,0.2,1.4,SW,13,SW,NNE,2,4,90,73,1021.2,1018.5,8,7,11.2,18.1,No,Yes
2010-07-01,Brisbane,11.2,19.3,2.2,1.2,1.3,W,19,SSW,SW,6,2,52,52,1023.9,1022.1,7,7,13.8,18.2,Yes,No
2010-07-02,Brisbane,11.9,15.9,0.2,1.6,0,SW,13,SW,SW,4,2,74,69,1026.2,1023.3,8,8,13.2,15.7,No,Yes
2010-07-03,Brisbane,12.4,18.9,8.6,0.4,9.2,W,31,WSW,W,9,13,68,39,1025.2,1022.7,4,1,13.2,17.9,Yes,No
2010-07-04,Brisbane,6.7,21.3,0,5,9.6,SW,19,SW,SE,6,7,59,46,1027.6,1023.6,1,2,12.4,20.3,No,No
2010-07-05,Brisbane,11.9,22.6,0,3.2,8.6,SSE,20,SSW,E,6,7,65,50,1025,1020.8,3,3,16,20.9,No,No
2010-07-06,Brisbane,13.3,22.5,0,2.2,2.9,W,26,SSW,W,2,11,67,62,1020.2,1015.7,6,7,17.8,20.9,No,No
2010-07-07,Brisbane,13.5,16.9,0,3.6,0,W,28,W,SW,9,6,55,45,1020.8,1018.3,7,8,14.4,16.1,No,No
2010-07-08,Brisbane,12.6,21.2,0.4,2.6,3.5,SSE,28,SW,SE,7,13,74,51,1020.9,1017.9,7,7,15.5,20.2,No,No
2010-07-09,Brisbane,13.2,22.2,0,2.8,7.6,SSE,39,SW,SE,7,17,62,56,1022.9,1021.5,2,5,17.8,19.9,No,No
2010-07-10,Brisbane,12.8,22.5,0,3.4,4.5,E,28,WSW,ESE,4,11,75,58,1027.3,1023.4,7,3,15.4,20.9,No,No
2010-07-11,Brisbane,11.6,21.3,0,2.6,2.2,E,15,SW,ENE,6,2,80,59,1026.6,1023.4,7,7,14.4,20.7,No,No
2010-07-12,Brisbane,11.6,23.6,0,1.6,9.9,ESE,17,SW,NE,4,7,83,51,1024.2,1020.6,1,1,15.5,22.4,No,No
2010-07-13,Brisbane,11.6,23.9,0,1.6,9.8,N,20,SW,NE,2,9,78,53,1023,1018.8,1,7,16.8,22,No,No
2010-07-14,Brisbane,12.6,22.8,0,2.8,6.7,W,46,N,W,6,13,66,45,1017.8,1015.7,4,4,20.2,20,No,No
2010-07-15,Brisbane,8.7,21.5,0,3.6,NA,W,39,WNW,W,11,17,43,33,1019.3,1015.6,1,1,15.9,21.1,No,No
2010-07-16,Brisbane,8.9,21.4,0,5.6,NA,E,17,SSW,W,6,6,53,33,1023.9,1021.2,1,4,14.3,20.6,No,No
2010-07-17,Brisbane,8.1,22.4,0,3.4,NA,ENE,19,SW,NE,6,6,63,41,1026.8,1023.2,1,1,13.7,21.4,No,No
2010-07-18,Brisbane,8.1,23.6,0,3.8,9.9,NNE,13,SW,NNE,4,4,71,33,1025.5,1021,1,1,13.4,22.9,No,No
2010-07-19,Brisbane,9.8,21,0,2.8,2.3,NNE,19,NA,NA,0,0,70,63,1020.2,1015.8,7,7,16.3,20.1,No,No
2010-07-20,Brisbane,13.4,20.7,1,0.8,NA,E,19,WSW,SE,6,6,76,45,1018.9,1017.5,7,7,15.8,20.6,No,No
2010-07-21,Brisbane,10.9,20.3,0,3.4,5.8,S,17,SW,SSE,6,6,65,44,1022.5,1019.6,6,7,14.8,19.1,No,No
2010-07-22,Brisbane,9,21.4,0,3.6,10,S,24,SW,SSE,7,7,60,26,1025.4,1022.9,1,2,14.4,20.4,No,No
2010-07-23,Brisbane,8.3,21.5,0,2.8,9.8,SE,26,SW,SE,6,9,55,49,1028.3,1025.7,1,3,14.7,19.6,No,No
2010-07-24,Brisbane,11.6,21.4,0,3.6,2.2,SE,22,SW,SE,6,9,69,57,1027.8,1024.4,6,7,15.1,20.2,No,No
2010-07-25,Brisbane,14.4,19.5,0,3.6,0,E,17,SW,NA,4,0,73,77,1027.8,1025.2,8,8,16,17.6,No,Yes
2010-07-26,Brisbane,14.4,21.4,2,1.8,4.8,SE,24,SSW,ESE,6,9,81,60,1029.5,1027.3,7,7,16.3,20.3,Yes,No
2010-07-27,Brisbane,13.1,20.7,0.2,3.6,2.2,ESE,30,SSW,ESE,4,9,67,74,1030.9,1027.5,7,7,17.6,19,No,Yes
2010-07-28,Brisbane,14.9,23.2,5.2,1.2,5.1,NE,28,SW,NNE,4,11,84,64,1026.5,1022.1,7,7,18.2,21.6,Yes,Yes
2010-07-29,Brisbane,17,23.9,8,2.6,4.2,NE,15,W,NNE,6,6,86,73,1022.6,1018.7,6,7,19.1,22.3,Yes,No
2010-07-30,Brisbane,15.3,26.4,0,0.2,8,NE,20,SW,NE,2,9,95,61,1021.1,1017.5,8,1,17.5,24.3,No,No
2010-07-31,Brisbane,16.3,26.8,0,2.6,5.5,WNW,37,NNE,WNW,4,9,69,58,1019.1,1016.4,1,7,22.6,25.4,No,No
2010-08-01,Brisbane,13.9,24,0,5,8,W,26,SW,W,6,9,58,38,1023.9,1019.2,6,1,19.3,23.6,No,No
2010-08-02,Brisbane,12.5,20.4,0,4.6,10.2,W,35,W,W,11,19,44,27,1021.2,1016,1,0,16.3,19.9,No,No
2010-08-03,Brisbane,10.2,20.7,0,9.2,10.2,W,39,W,W,17,13,54,38,1014.9,1012.2,1,1,13.8,20.2,No,No
2010-08-04,Brisbane,9.2,22.7,0,3.4,10.2,WSW,20,WSW,SE,6,2,53,28,1019.6,1016.4,0,1,16,22.6,No,No
2010-08-05,Brisbane,8.8,22.5,0,4.6,5.9,E,19,SW,NE,6,6,70,45,1020.2,1015.8,6,7,12.8,20.9,No,No
2010-08-06,Brisbane,12.7,22.4,0,2.6,9.9,W,28,WSW,WSW,9,7,53,20,1019.3,1015.9,3,1,17.1,22.1,No,No
2010-08-07,Brisbane,8.1,20.1,0,4.8,10,E,20,WSW,E,7,11,47,29,1023.1,1019.6,1,1,14.7,18.9,No,No
2010-08-08,Brisbane,6.6,22.2,0,4,10.1,ENE,19,SW,NE,6,9,58,37,1022.4,1018.3,1,1,13.4,21.4,No,No
2010-08-09,Brisbane,9.6,23.1,0,3.6,4.2,ENE,28,WSW,NE,4,7,70,52,1023.6,1020.6,6,6,14.2,21.4,No,Yes
2010-08-10,Brisbane,14.1,19.7,2.8,1.4,0,E,31,NNE,NNE,4,4,92,93,1020.8,1017,7,8,17.9,19.3,Yes,Yes
2010-08-11,Brisbane,16.1,19,78,8.4,2.1,W,28,NW,W,2,9,89,51,1014.7,1011.1,8,7,16.9,17.7,Yes,No
2010-08-12,Brisbane,12.5,19.6,0,4.8,10,W,65,W,W,19,28,53,33,1012.2,1008.2,1,1,15.1,19,No,No
2010-08-13,Brisbane,10.4,20.5,0.2,6.6,10.1,W,33,WSW,W,17,9,51,35,1013.6,1011.5,1,0,13.8,19.9,No,No
2010-08-14,Brisbane,6.1,22.2,0,5,10.2,NE,26,SSE,NE,2,9,61,45,1018.8,1014.9,0,0,14.3,20.9,No,No
2010-08-15,Brisbane,7.8,26.2,0,3.8,10.2,WNW,39,NA,W,0,11,64,30,1015,1010.2,1,3,16.8,25.2,No,No
2010-08-16,Brisbane,7.6,23.5,0,5.2,10.7,W,37,WSW,WNW,6,13,42,30,1017.5,1013.8,1,1,17.9,23.1,No,No
2010-08-17,Brisbane,10.2,21.9,0,6.2,10.7,E,22,SW,ESE,7,9,47,45,1021.7,1019.2,1,1,16.7,20.6,No,No
2010-08-18,Brisbane,9.5,23.4,0,4,10.5,E,22,SW,NE,6,7,65,46,1023.4,1018.9,1,1,16,22.1,No,No
2010-08-19,Brisbane,11.7,27.8,0,4.4,10,W,22,SSW,NE,4,9,68,54,1017.9,1013.3,1,1,19.6,25.8,No,Yes
2010-08-20,Brisbane,17.5,18.1,8.6,1.8,0,SSW,19,WNW,N,6,4,85,86,1017.8,1013.8,8,8,18.1,17.1,Yes,Yes
2010-08-21,Brisbane,6.9,21.8,4.6,3.2,10.8,W,31,SW,W,6,7,50,34,1020,1016.5,1,0,16,21.8,Yes,No
2010-08-22,Brisbane,8.1,22.3,0,3.8,10.6,E,17,SW,ENE,7,9,46,42,1023,1019.2,0,1,15.2,21.5,No,No
2010-08-23,Brisbane,11.6,20.1,0,4.4,0,W,19,NA,N,0,7,76,73,1019.4,1014.9,7,7,15.4,19.4,No,Yes
2010-08-24,Brisbane,14,21.1,10.2,1,6.6,WNW,37,W,WNW,15,20,58,45,1015,1012.5,2,7,17.9,18.8,Yes,No
2010-08-25,Brisbane,15,18.6,0.2,5.6,0,W,35,W,WNW,9,9,61,53,1013.8,1010.4,8,8,15.4,18.3,No,No
2010-08-26,Brisbane,14.1,20.8,0,4,7,WNW,43,W,W,9,15,59,33,1013,1008.6,7,2,14.9,20.7,No,No
2010-08-27,Brisbane,10.3,22.4,0,5,10.8,W,41,WSW,W,11,15,43,31,1016.1,1013.3,1,0,17.5,21.5,No,No
2010-08-28,Brisbane,7.4,23.7,0,6.4,9.9,ENE,17,SW,ENE,6,11,50,37,1021.7,1018.6,6,4,17.6,21.6,No,No
2010-08-29,Brisbane,12.3,22.4,0,4,7.4,ESE,28,WSW,E,4,13,58,46,1026.4,1023.3,3,5,17.7,20.9,No,No
2010-08-30,Brisbane,10.7,23.2,0,4,8.4,E,22,SW,ENE,7,11,62,49,1026.3,1022.6,1,7,17.6,20,No,No
2010-08-31,Brisbane,11.4,24.2,0,4,10.7,ENE,19,SW,NE,6,9,63,46,1026.1,1023,1,2,17.7,22,No,No
2010-09-01,Brisbane,12.1,24.8,0,3.6,9.9,NE,26,WSW,NE,4,13,63,52,1024.4,1019.4,1,4,19,22.9,No,No
2010-09-02,Brisbane,11.8,28.4,0,4,10.5,NNE,20,NE,N,4,7,59,35,1021.2,1016,0,1,21,28.1,No,No
2010-09-03,Brisbane,15.2,27.1,0,4.4,9.6,E,37,SSW,ESE,4,11,57,62,1020.2,1018.7,4,1,23,25,No,No
2010-09-04,Brisbane,18.5,25.7,0,4,9.8,NE,39,N,NNE,7,17,74,65,1021.3,1016.7,4,3,22.4,24.5,No,Yes
2010-09-05,Brisbane,19.6,23.6,3.4,5,0.2,SW,15,NA,WSW,0,6,85,87,1018.1,1016.2,8,8,21.4,20.3,Yes,Yes
2010-09-06,Brisbane,17.3,25.1,26.8,2,6.1,NE,17,SW,W,4,6,78,42,1020.3,1017,7,4,19.6,24.4,Yes,No
2010-09-07,Brisbane,11.9,25.4,0,4,10.8,SSW,19,WSW,WSW,7,4,51,31,1023.4,1019.5,1,1,18.8,25.1,No,No
2010-09-08,Brisbane,11.6,23.8,0,4,10.2,ESE,39,SW,ESE,6,11,62,57,1024.4,1020.6,5,2,17.9,22.6,No,No
2010-09-09,Brisbane,14.1,25.4,0,3.2,9.8,NNE,26,WSW,NNE,4,11,66,60,1020.8,1015.2,1,3,20.2,23.6,No,No
2010-09-10,Brisbane,18.7,24.1,0,7,0.9,WNW,30,N,NW,4,7,67,67,1010.8,1008.2,7,7,22.3,24,No,Yes
2010-09-11,Brisbane,12.2,25.3,3.2,1.8,11.1,W,22,SW,ENE,4,13,40,34,1017.8,1016.2,0,1,20.5,22.8,Yes,No
2010-09-12,Brisbane,12.5,23.6,0,5.8,9.5,ENE,20,SSW,ENE,2,9,55,53,1022.5,1019.4,2,1,20,21.4,No,No
2010-09-13,Brisbane,16.2,25.9,0,4,8.7,NNW,24,NA,NE,0,11,62,56,1019.8,1014.7,5,5,20.7,24.8,No,No
2010-09-14,Brisbane,16.1,25.1,0,4.8,4.4,NE,20,SSW,ENE,2,9,70,69,1016.2,1011.9,6,7,22.7,23.7,No,No
2010-09-15,Brisbane,17.9,26.1,0.4,4,10.7,W,52,W,WSW,17,15,40,32,1012.7,1011.1,2,1,21.4,25.7,No,No
2010-09-16,Brisbane,13.4,23.9,0,10.2,2.5,WNW,30,WSW,WNW,6,9,49,35,1018.5,1014.6,6,7,18.4,22.7,No,No
2010-09-17,Brisbane,15.7,21.9,0,6.8,1,WNW,24,WSW,E,9,6,40,39,1020.1,1019.4,8,8,19,19.8,No,No
2010-09-18,Brisbane,13,24.1,0,3.2,3.6,W,24,SW,WSW,4,9,53,27,1019.9,1015.9,7,8,17.3,22.1,No,No
2010-09-19,Brisbane,16,21,0,3.6,0.4,SSE,17,SW,SSE,4,7,55,41,1020.7,1018.7,8,8,17,20.4,No,Yes
2010-09-20,Brisbane,13.1,19.7,8.6,1.2,0,SSE,15,SW,SSE,2,2,92,91,1021.4,1018.5,8,8,15,19.3,Yes,Yes
2010-09-21,Brisbane,15,24.4,22.4,0,0.4,W,19,SSW,W,6,7,93,78,1021.1,1018.7,7,7,18.1,22.8,Yes,No
2010-09-22,Brisbane,17.2,24,0,3,4.5,E,28,SE,ESE,7,6,79,79,1024.2,1022.1,7,8,20.9,19.9,No,No
2010-09-23,Brisbane,15.1,25.1,0,3.2,5.9,ENE,19,W,NNE,4,9,76,58,1022.8,1019.9,7,5,19.3,23.6,No,No
2010-09-24,Brisbane,17.2,25.5,0.2,3.6,6,ENE,19,ENE,NE,2,7,64,60,1023.2,1020.1,7,7,22.3,23,No,Yes
2010-09-25,Brisbane,18.4,23,1.2,3.2,1.7,NNW,28,NA,NNE,0,6,82,78,1021.7,1017.9,8,7,20.6,20.5,Yes,Yes
2010-09-26,Brisbane,13.9,26.6,5.4,3,5.9,E,19,NE,ENE,2,7,64,62,1019.8,1016.8,7,7,22.1,24.4,Yes,No
2010-09-27,Brisbane,16.4,27.8,0.2,3.8,10,N,24,WSW,NNE,2,7,68,60,1018.9,1014.1,3,3,23.4,25.2,No,No
2010-09-28,Brisbane,20.4,27.3,0,5,5.6,N,35,NA,NE,0,7,72,93,1015.5,1011,7,8,24.6,21.3,No,Yes
2010-09-29,Brisbane,18.2,28.1,31.4,4.4,5.6,SE,26,SW,E,7,7,77,71,1012.5,1010.9,6,6,22.9,23,Yes,No
2010-09-30,Brisbane,16.5,21.9,0.4,3.8,5.7,SE,35,S,ESE,9,17,59,54,1020.9,1020.6,6,5,21.3,21,No,No
2010-10-01,Brisbane,14.2,21.9,0,3.8,0.7,SE,28,SE,ESE,9,9,60,53,1026.2,1023.7,7,7,19.4,20.2,No,Yes
2010-10-02,Brisbane,14.8,21.1,3.4,3.8,2.5,SE,26,SSE,ESE,6,7,73,79,1026.3,1022.4,7,8,19.6,19.3,Yes,Yes
2010-10-03,Brisbane,16.5,23.5,6.6,3.2,0,SE,17,SW,ESE,2,7,91,82,1023.8,1020.1,8,8,18.3,20.9,Yes,Yes
2010-10-04,Brisbane,17.3,28.1,2,0.4,11.4,S,22,SW,NNE,7,6,65,61,1017.9,1013.6,1,4,23.3,26.1,Yes,Yes
2010-10-05,Brisbane,17.2,28.3,2.2,3.6,10,SE,24,SW,SW,7,4,65,50,1017.1,1014.2,2,6,23.8,27.3,Yes,No
2010-10-06,Brisbane,18.5,29.4,0,6.6,11.4,ENE,22,WSW,ENE,7,13,59,56,1018.4,1014.8,2,5,23.9,26.4,No,No
2010-10-07,Brisbane,17.7,29.9,0,5.6,8.1,NE,19,NW,NE,4,7,66,59,1017.5,1013.1,4,7,24.5,27.3,No,Yes
2010-10-08,Brisbane,18.5,22.6,54,4.2,0,SE,43,SSW,SE,4,11,85,81,1019.1,1017.1,8,8,21.3,21.1,Yes,Yes
2010-10-09,Brisbane,16.9,19.3,23.4,1.2,0,SSE,33,SSE,SSE,6,13,86,86,1021.6,1019.8,8,8,18.8,17.6,Yes,Yes
2010-10-10,Brisbane,16,19.6,8,2,0,SE,44,S,SE,9,17,89,89,1023,1021.7,8,8,17.9,17.7,Yes,Yes
2010-10-11,Brisbane,15.1,22.2,93.6,13,0,E,37,ESE,SE,11,11,90,89,1026.2,1024.8,8,8,19.1,19.6,Yes,Yes
2010-10-12,Brisbane,17.4,22.9,22.4,1.6,2.4,ENE,37,ESE,E,11,17,72,60,1027.9,1024.4,8,7,20.1,22.6,Yes,Yes
2010-10-13,Brisbane,14.8,23.9,4.2,3.4,6.6,E,31,ENE,ENE,13,9,48,53,1022.7,1019.1,5,7,22.5,21.9,Yes,No
2010-10-14,Brisbane,14.8,25.6,0.2,7,5.6,NNE,22,NNW,NE,4,9,62,66,1017.7,1013.6,5,7,22.5,23.2,No,No
2010-10-15,Brisbane,18.5,25.3,0,3,0,NNE,41,N,NNE,6,11,71,81,1011.1,1005.4,8,8,22.4,22.3,No,Yes
2010-10-16,Brisbane,14.6,20.8,22.2,4.8,10.3,W,54,W,W,26,20,48,36,1008.3,1007.1,1,1,16.3,20.2,Yes,No
2010-10-17,Brisbane,9.7,22.2,0,9.6,12.3,W,26,SW,NNE,7,6,38,35,1016.4,1013.1,0,0,16.7,21.5,No,No
2010-10-18,Brisbane,11,23.7,0,8.6,12.3,E,20,WNW,ENE,4,7,59,40,1020.5,1017.5,1,1,19.4,22.6,No,No
2010-10-19,Brisbane,12.9,26.7,0,4.8,11.7,ESE,31,SSW,ESE,4,15,57,45,1022.1,1019.8,1,1,22.2,25.2,No,No
2010-10-20,Brisbane,16.3,22.2,0.8,6.4,4.7,SE,31,SSE,E,4,7,87,78,1026.5,1024.2,5,7,19.4,19.9,No,Yes
2010-10-21,Brisbane,15.8,22.6,1.6,4,3.4,E,24,E,E,11,9,52,52,1025.9,1022.2,7,7,21.8,21.2,Yes,No
2010-10-22,Brisbane,13,25.4,0,3,11.7,E,22,SSE,E,4,11,55,47,1023.2,1019,3,2,22,24.2,No,No
2010-10-23,Brisbane,14.9,26.6,0,5.8,12,ENE,22,NE,NE,4,9,59,51,1020.3,1015.9,2,1,22.3,25.2,No,No
2010-10-24,Brisbane,15.9,27.1,0,5.4,10.1,NNE,30,NNE,NE,7,9,58,51,1018.2,1014.1,2,3,24.5,25.6,No,Yes
2010-10-25,Brisbane,17.8,26,34.4,NA,8.5,ENE,20,WSW,ENE,4,11,80,65,1017.7,1014.4,6,3,20.9,24.7,Yes,No
2010-10-26,Brisbane,18.1,26.4,0,4.8,7.6,ENE,20,E,ENE,6,9,66,63,1019,1015.3,7,3,23,24.7,No,No
2010-10-27,Brisbane,19.5,28,0.4,3.6,10.1,ENE,24,WSW,NE,6,13,65,57,1017.1,1013.6,3,2,24.3,25.5,No,No
2010-10-28,Brisbane,18.3,27.4,0.2,6.2,8.3,SE,33,S,ESE,4,13,61,88,1017,1015.8,4,7,25.4,19.2,No,Yes
2010-10-29,Brisbane,16.9,26.5,26.8,7,11.7,E,26,ESE,ENE,9,11,58,51,1018.6,1016.4,2,4,24.4,25.4,Yes,No
2010-10-30,Brisbane,16.6,26.5,0,4.6,11.7,ENE,26,ENE,ENE,9,9,56,56,1019,1016,3,6,23.9,24.2,No,No
2010-10-31,Brisbane,15.8,25.7,0,6,6.2,NNE,19,SE,ENE,2,6,63,57,1017.3,1014.3,7,5,22.5,25,No,No
2010-11-01,Brisbane,16.4,23.3,0,4.2,0.3,NNW,15,E,N,6,4,66,67,1015.5,1012.9,8,8,21.9,22.2,No,No
2010-11-02,Brisbane,18.1,27.4,0.2,3.2,12.8,WSW,35,W,WSW,6,9,54,30,1015.5,1011.9,3,1,22.6,27.3,No,No
2010-11-03,Brisbane,14.9,26,0,9.2,10.7,ESE,31,SSE,E,7,15,50,55,1018.1,1015.3,3,3,23.1,24.4,No,Yes
2010-11-04,Brisbane,19.1,22.6,6.2,5.2,0,E,28,WNW,N,4,2,89,79,1018.1,1015.3,8,8,19.4,20.2,Yes,Yes
2010-11-05,Brisbane,17.3,23.5,19.6,1.2,1.1,E,30,ESE,ESE,7,4,68,65,1016,1013.1,7,7,21.5,22.7,Yes,Yes
2010-11-06,Brisbane,16.6,27.4,2.6,3,12.2,SE,31,S,S,6,11,57,41,1016.8,1014.2,1,2,23.3,26.9,Yes,No
2010-11-07,Brisbane,18.2,26.4,0,5.2,10.9,E,30,SE,E,11,15,63,53,1019.6,1017.9,7,4,23.4,25.5,No,No
2010-11-08,Brisbane,19,26.2,0,7,2.8,E,24,ENE,ENE,11,13,63,61,1021.9,1020.3,8,7,24.2,24.3,No,No
2010-11-09,Brisbane,20.4,26.1,0.6,4.8,3.5,E,30,ENE,ENE,9,13,67,62,1024.8,1023.3,7,7,24.1,24.6,No,No
2010-11-10,Brisbane,16.7,26.4,0.8,5.6,8.8,N,26,ENE,ENE,11,11,55,57,1023.7,1020.3,4,7,25,24.8,No,No
2010-11-11,Brisbane,16.9,28,0,5.4,12.2,NE,26,NE,NE,2,11,55,65,1018,1014.5,4,5,25.1,25.5,No,No
2010-11-12,Brisbane,19,28,0,6.6,11,NE,28,NNE,NNE,7,11,71,55,1016.9,1015,5,4,24.6,25.7,No,No
2010-11-13,Brisbane,21.7,27.1,0,7.8,12.5,ENE,30,ENE,NE,15,11,58,56,1020.6,1019,4,3,25.7,26.1,No,No
2010-11-14,Brisbane,21.2,27.9,0,6,7.5,ENE,28,N,ENE,6,13,64,57,1020.7,1017.8,7,3,25.4,26.2,No,No
2010-11-15,Brisbane,17.7,28.2,0.2,5.6,12.4,NE,28,NE,NE,9,11,53,49,1016.9,1013.2,6,4,25.9,26.3,No,No
2010-11-16,Brisbane,21.3,27.8,0,8.4,8.4,ENE,31,N,NNE,6,9,57,59,1013.6,1010.3,7,5,26.1,26.6,No,No
2010-11-17,Brisbane,20.8,29.5,0,8,9.3,ENE,24,NW,NE,7,9,52,50,1013.6,1010.3,7,4,25.9,28.3,No,Yes
2010-11-18,Brisbane,20.6,25.2,5.2,8,3,SSE,17,SSW,SE,2,7,72,83,1013.7,1012,8,8,25.1,22.7,Yes,Yes
2010-11-19,Brisbane,18.3,27.5,9.4,2.4,1.7,SSE,33,WSW,ESE,6,11,79,65,1015.8,1015,8,7,22.5,25.6,Yes,No
2010-11-20,Brisbane,20,25.5,0.2,5.4,0.6,ESE,41,SE,SE,13,11,56,66,1021.7,1020.5,7,7,24.2,23,No,No
2010-11-21,Brisbane,18.2,25.1,1,5,1.7,E,33,S,ESE,4,11,70,49,1021.5,1020.2,8,8,23.7,24.9,No,Yes
2010-11-22,Brisbane,17.7,26.6,4.4,5.8,10.4,ESE,37,SSE,ESE,6,15,74,47,1021.4,1019.8,5,4,23,25.8,Yes,No
2010-11-23,Brisbane,16.6,26.6,0.2,9.4,10.4,E,41,E,E,22,17,44,47,1023.4,1022,6,6,25,25.4,No,No
2010-11-24,Brisbane,18.5,26.4,1,7.4,5,E,37,SE,ESE,15,13,65,47,1023.6,1021.5,7,6,22.4,25.6,No,No
2010-11-25,Brisbane,17.3,26.1,0,7,5.3,E,37,ESE,E,9,11,53,57,1021.4,1019.7,6,7,24,23.8,No,No
2010-11-26,Brisbane,19.1,27.4,0.2,5.2,7.1,E,33,E,ENE,6,15,68,50,1019.1,1016.4,7,7,22.8,25.7,No,Yes
2010-11-27,Brisbane,17.2,26.7,1.8,7,10.2,E,33,ENE,ENE,17,13,54,50,1017.8,1015,4,2,25.3,25.6,Yes,No
2010-11-28,Brisbane,18.9,26.3,0,8.8,3.2,ENE,24,ENE,ENE,7,11,58,50,1015.3,1012.2,7,7,24.1,25.1,No,No
2010-11-29,Brisbane,17.6,28,0,6.6,11,ENE,28,ENE,NE,4,11,61,51,1012.7,1010.3,6,2,24.8,27,No,Yes
2010-11-30,Brisbane,19.4,27.3,4.2,6.8,8.1,E,31,NE,ENE,9,13,60,56,1012.8,1010.5,7,7,25.2,26.8,Yes,Yes
2010-12-01,Brisbane,21.5,25.5,3.8,6.6,0.5,ENE,35,ENE,ENE,15,6,71,91,1013.8,1012.6,8,8,24.6,21.7,Yes,Yes
2010-12-02,Brisbane,19.5,26.9,58.6,6.4,0.5,NE,28,NNE,ENE,2,13,84,72,1016.8,1015.2,8,7,23.1,24.3,Yes,Yes
2010-12-03,Brisbane,20.2,24.9,1.2,4.4,0,ENE,30,SE,NE,4,11,77,70,1017,1013.3,8,8,22.8,23.7,Yes,No
2010-12-04,Brisbane,21.3,24.3,0.2,3.2,0.1,ENE,33,ENE,ENE,15,11,71,82,1011.3,1008.9,8,8,24.1,22.2,No,Yes
2010-12-05,Brisbane,19.6,26.1,50.6,4.2,1.2,E,28,SE,ENE,4,13,94,72,1010.4,1008.1,8,7,21,24.9,Yes,No
2010-12-06,Brisbane,20.3,26.4,0.8,0.8,2.1,ESE,30,SE,ESE,7,7,71,82,1010.9,1009.2,7,7,25.8,25,No,Yes
2010-12-07,Brisbane,20.9,28.3,8.4,3.2,8.7,E,37,SSE,E,9,9,75,84,1013.7,1012.1,7,5,25.8,24.8,Yes,Yes
2010-12-08,Brisbane,21.1,27.9,5.4,6.4,10.9,E,26,ENE,ENE,9,13,69,66,1016.8,1015.2,5,7,25.9,26.9,Yes,No
2010-12-09,Brisbane,21.6,28.9,0,6.2,11.4,NE,24,ENE,NE,9,11,65,62,1016.9,1014.2,3,1,26.9,27.8,No,No
2010-12-10,Brisbane,21.7,30.4,0,8,12,NE,31,NNW,NE,7,15,59,65,1013,1008.1,4,4,27.3,28.4,No,No
2010-12-11,Brisbane,24.1,30.7,0,7.2,3.7,W,48,N,SSW,7,6,65,89,1007.9,1004.9,6,7,28.3,25.4,No,Yes
2010-12-12,Brisbane,20.4,27.2,80.4,12.4,0,W,15,NW,NE,2,6,81,86,1008.8,1006.9,8,8,23.9,23.7,Yes,Yes
2010-12-13,Brisbane,22,30.2,1.6,2,9.2,ENE,30,SSW,E,2,13,67,62,1010.8,1008.8,7,1,27.2,28.7,Yes,No
2010-12-14,Brisbane,20.8,29.1,0,5.8,9.1,ESE,33,SSE,ESE,7,13,64,60,1011.8,1009.1,6,3,26.5,29,No,No
2010-12-15,Brisbane,20.5,32.1,0.2,5.8,12.4,NE,24,SW,ENE,4,11,62,55,1011.2,1006.8,1,2,27,29.2,No,No
2010-12-16,Brisbane,19.9,31.3,0.6,7,NA,S,52,WNW,NNW,2,2,67,90,1008.1,1005.7,7,7,27.3,20.4,No,Yes
2010-12-17,Brisbane,19.2,30.6,47.6,10.6,NA,NNW,35,SE,NNE,4,6,64,60,1005.8,1002.9,6,7,28,29.2,Yes,No
2010-12-18,Brisbane,21.4,30.4,0,4.6,NA,WSW,30,W,WSW,7,11,47,52,1006.6,1004.8,7,7,27,27.3,No,Yes
2010-12-19,Brisbane,21.3,24.2,9.8,5.2,0,WSW,22,SW,S,4,6,72,90,1006.7,1005.2,7,8,22.6,19,Yes,Yes
2010-12-20,Brisbane,17.3,28.1,57.4,3.8,12.3,W,48,W,W,17,24,64,31,1002.6,1003.6,7,1,24.1,27.2,Yes,No
2010-12-21,Brisbane,14.7,27.7,0,8.6,NA,ESE,35,S,E,6,9,37,52,1011.6,1009.9,1,5,25.1,25.8,No,No
2010-12-22,Brisbane,17.8,23.1,0,8,0,SE,24,SE,SW,7,4,75,88,1016.6,1015.5,7,8,22.1,20.6,No,Yes
2010-12-23,Brisbane,19.2,29.1,12.8,0.6,2.9,ESE,24,SW,E,6,9,87,65,1016.9,1014.8,8,7,21.8,28,Yes,No
2010-12-24,Brisbane,21.8,27.7,0.2,3.2,0.2,SSE,41,SE,ESE,15,11,71,81,1016.9,1015.3,7,8,26.8,25.2,No,Yes
2010-12-25,Brisbane,21.9,26.2,36.2,6.6,0.2,SSE,15,S,SSE,2,6,90,85,1014.8,1011.9,8,8,24.8,24.9,Yes,Yes
2010-12-26,Brisbane,21.8,24.2,8.8,1,0,WSW,19,NA,E,0,7,88,92,1009.9,1005.1,8,8,23.3,22.2,Yes,Yes
2010-12-27,Brisbane,21.6,26.6,60.2,0.6,0,W,33,N,SW,2,7,94,92,1002.3,1000.1,8,8,24.2,21.4,Yes,Yes
2010-12-28,Brisbane,21.1,25.1,34,2,0,SE,46,SE,SE,17,9,73,70,1012.7,1013.1,8,8,23.6,23.5,Yes,No
2010-12-29,Brisbane,20.4,27.5,1,3.4,0,SE,33,SE,SE,17,11,58,56,1015.8,1013.3,8,7,24.5,27.1,No,No
2010-12-30,Brisbane,19.4,30.4,0,4.4,11.4,E,30,SSE,E,7,15,58,57,1015.5,1013.2,6,3,26.7,29.1,No,No
2010-12-31,Brisbane,20.4,29.5,0,6.8,12.6,ESE,35,ESE,E,9,17,58,52,1015.3,1013.3,4,1,26.9,28.3,No,No
2011-01-01,Brisbane,21.7,28.4,0.4,6.6,0,ESE,30,SSE,SE,7,6,89,90,1014.4,1012.9,8,8,23,24.1,No,Yes
2011-01-02,Brisbane,22.7,29.6,3,2.2,11.2,E,26,NE,NE,7,11,68,63,1013.9,1010.7,4,3,27.4,28.4,Yes,No
2011-01-03,Brisbane,22.9,32.1,0,6.2,6.9,E,24,SW,ESE,4,6,67,58,1009.7,1006.3,5,5,27.8,28.6,No,No
2011-01-04,Brisbane,22.2,30.7,0,5.4,7.8,ESE,28,S,E,7,13,60,64,1007.8,1006,6,7,28.5,28.7,No,No
2011-01-05,Brisbane,21.7,29.3,0,5.2,0,W,26,E,NE,6,9,65,64,1008.1,1004.4,6,6,26.8,27.4,No,Yes
2011-01-06,Brisbane,20.5,24.8,41.8,4.6,0,WSW,22,ESE,S,7,4,82,91,1005.4,1004.8,8,8,23.9,19.9,Yes,Yes
2011-01-07,Brisbane,19.3,26.8,35.6,NA,0.8,ESE,37,ESE,ESE,4,17,95,65,1007.7,1006.6,8,7,21.1,26.2,Yes,Yes
2011-01-08,Brisbane,21.1,27.3,11.6,2,2.1,SE,37,SSE,SSE,15,15,65,73,1008.1,1005.1,7,8,26.7,25.9,Yes,Yes
2011-01-09,Brisbane,22,27.8,12.2,2.4,NA,E,39,SE,ESE,9,13,86,90,1006.8,1005.7,8,8,25.2,24,Yes,Yes
2011-01-10,Brisbane,22.5,27.1,110.8,1.4,NA,E,41,E,E,13,19,94,85,1006.9,1005.1,8,8,24.2,25.9,Yes,Yes
2011-01-11,Brisbane,23.8,28.6,15.4,2,0,E,33,E,E,15,15,88,94,1007.7,1007.4,8,8,25,24.1,Yes,Yes
2011-01-12,Brisbane,21.9,29.6,40,2.4,NA,E,33,E,ENE,13,17,70,70,1010.6,1009.6,4,5,27.7,28.2,Yes,No
2011-01-13,Brisbane,22.1,28.4,0.4,7.8,6.9,ENE,31,ESE,ESE,13,13,58,57,1013.1,1010.8,3,5,27.2,27.1,No,No
2011-01-14,Brisbane,19.4,28.9,0,8.2,11.8,E,31,ESE,E,11,13,60,59,1011.5,1009,7,5,26.1,27.1,No,No
2011-01-15,Brisbane,20.2,28.8,0.4,7.2,9.2,E,26,SW,E,4,7,77,52,1009.3,1006.6,7,5,24,28,No,No
2011-01-16,Brisbane,19.5,29.7,0,6.2,NA,E,30,SSE,E,11,13,57,56,1007.2,1004.7,3,5,27,28.1,No,No
2011-01-17,Brisbane,19.5,33.5,0,7,NA,ENE,20,WSW,WSW,7,9,59,48,1005.4,1000.7,1,2,26.5,33.2,No,No
2011-01-18,Brisbane,23.2,34.9,0,7.2,10.1,ENE,30,SW,E,6,11,57,53,1003.8,1003.5,1,3,31.6,31.2,No,Yes
2011-01-19,Brisbane,23.4,31.2,3.4,4.6,10.3,SW,33,E,ENE,7,13,70,71,1007.4,1005.7,6,7,29.4,28.7,Yes,Yes
2011-01-20,Brisbane,20.6,29.8,36.2,4.2,8.6,SE,33,S,ESE,4,11,67,70,1008.8,1008.6,6,7,28,26.5,Yes,Yes
2011-01-21,Brisbane,20.7,28.5,4.4,6,8,ESE,43,SE,SE,11,15,77,51,1012.2,1010.7,7,5,23.8,27.9,Yes,No
2011-01-22,Brisbane,18.9,29.4,0,6.4,12.5,SSE,39,S,ESE,9,20,54,48,1012.9,1011.7,3,4,26.7,27.8,No,No
2011-01-23,Brisbane,18.8,29.8,0,9.8,11.6,ESE,37,SSE,SE,9,11,49,43,1010.9,1008.4,3,2,26.6,28.7,No,No
2011-01-24,Brisbane,19.1,29.4,0,8.4,12.5,NE,20,NNE,ENE,2,7,52,47,1010.2,1007.3,1,1,26.1,28.9,No,No
2011-01-25,Brisbane,20.2,30.4,0,5.8,12.8,NNE,24,N,NE,4,11,58,56,1011.4,1009.9,1,1,28.2,28.9,No,No
2011-01-26,Brisbane,21.5,30.5,0,7.4,12.8,ENE,28,ESE,ENE,2,11,57,59,1015.3,1013.7,3,1,27.3,28.9,No,No
2011-01-27,Brisbane,20.6,31,0,7,12.6,E,22,SE,NE,4,9,61,56,1015.5,1012.5,3,1,27.2,29.9,No,No
2011-01-28,Brisbane,21.9,31.4,0,8.2,9.6,SE,31,SSE,ESE,6,15,65,54,1013.5,1013.1,5,3,27.8,30.1,No,No
2011-01-29,Brisbane,23.1,29.7,0.2,8,10.4,E,46,SE,SE,15,17,58,44,1018,1016.1,5,2,25.5,29.1,No,No
2011-01-30,Brisbane,20.8,30,0,8,4.1,ESE,31,ESE,E,11,15,63,62,1019.6,1017.6,7,7,27,27.4,No,No
2011-01-31,Brisbane,21.1,31.1,0,5.8,12.4,ENE,24,ENE,NE,9,9,61,55,1018.3,1015.3,3,3,27.6,30,No,Yes
2011-02-01,Brisbane,23.2,30.7,3.6,7.6,6.8,ENE,26,ENE,ENE,9,11,81,67,1017.5,1014.8,5,7,27.1,29.7,Yes,Yes
2011-02-02,Brisbane,25,31.8,3.8,4.8,11.7,ENE,24,NA,ENE,0,11,83,64,1017.5,1016.1,3,3,28.3,30.1,Yes,Yes
2011-02-03,Brisbane,24.3,31.3,2,7.4,NA,ENE,24,NNE,ENE,2,13,74,63,1018,1015.1,3,5,29.2,30.5,Yes,No
2011-02-04,Brisbane,23.6,32.6,0.2,7.2,NA,E,28,NE,NNE,6,11,62,54,1017.2,1014.9,3,1,30.4,31.4,No,Yes
2011-02-05,Brisbane,24.8,32.4,2.2,8.4,NA,NE,30,ENE,NNE,7,11,69,63,1017.4,1015,4,3,29.1,30.9,Yes,Yes
2011-02-06,Brisbane,24.8,32.4,7,9.8,NA,ENE,24,NNW,NE,2,11,77,63,1018.5,1015.3,6,3,28.9,31.6,Yes,Yes
2011-02-07,Brisbane,24.2,30.4,1.6,4.6,1.8,SE,31,SW,SE,4,13,81,58,1018.2,1014.9,7,7,24.6,29.2,Yes,Yes
2011-02-08,Brisbane,21.3,26.8,6.4,5.2,NA,SE,26,S,SSE,4,7,92,75,1016.7,1014.5,7,7,21.6,24.4,Yes,Yes
2011-02-09,Brisbane,21,29,14.2,2.2,8.3,SE,43,SE,ESE,13,17,59,45,1019.9,1019,5,3,26.6,28.3,Yes,No
2011-02-10,Brisbane,20.2,30.2,0,7.6,NA,E,31,SSE,ESE,7,13,59,55,1020.4,1017.8,6,5,26.9,27.9,No,Yes
2011-02-11,Brisbane,20.6,28.9,1.2,8.6,NA,E,30,SW,N,6,2,85,61,1018.8,1015.3,7,6,23.8,27.8,Yes,No
2011-02-12,Brisbane,19.8,31.1,0,2.8,NA,E,22,W,ENE,2,11,61,51,1015.9,1012.7,3,1,27.1,30,No,No
2011-02-13,Brisbane,20.7,30.8,0,6.4,10.4,E,22,WSW,ENE,6,11,65,59,1016.1,1013.1,5,3,26.4,28.9,No,No
2011-02-14,Brisbane,21.4,31.8,0,6.4,12,E,33,SE,E,11,17,61,48,1016.1,1014.3,5,3,27.8,30.5,No,No
2011-02-15,Brisbane,21.4,29.7,0,8.6,NA,ESE,37,SE,E,7,2,67,76,1017.6,1015.7,6,7,27.6,26.9,No,Yes
2011-02-16,Brisbane,20.3,28.8,21,4.8,3.6,SE,30,S,S,6,2,79,84,1016.9,1014.4,5,6,25.4,24.7,Yes,Yes
2011-02-17,Brisbane,21.9,28.7,2.2,3.6,7,E,20,SSE,W,4,2,75,80,1014.6,1012.3,7,5,26.6,26.5,Yes,Yes
2011-02-18,Brisbane,21,31.3,19,4.4,11.7,E,24,SE,E,6,15,69,60,1013.7,1011.5,3,2,27,29.6,Yes,No
2011-02-19,Brisbane,22.1,31.9,0,8,12.2,ENE,20,E,ENE,6,9,68,56,1014.1,1011.4,4,1,28.2,30.3,No,No
2011-02-20,Brisbane,22.1,35.3,0,3.6,12.3,ENE,20,WSW,NE,4,9,55,51,1011.9,1007.3,0,1,28.7,33.6,No,No
2011-02-21,Brisbane,24.4,34.5,0,8,8.1,WNW,41,WNW,ENE,4,13,65,67,1008.1,1004.6,4,6,30.7,30.3,No,Yes
2011-02-22,Brisbane,21.9,28.4,68.8,10.6,9.1,SE,48,SSE,SE,22,17,59,55,1014.4,1014.5,5,7,25.8,26,Yes,No
2011-02-23,Brisbane,18.2,27.6,0.2,7,NA,ESE,37,SSE,SSE,7,7,83,68,1017.8,1015.2,7,7,20.8,25.6,No,Yes
2011-02-24,Brisbane,18.8,27.7,3.6,6.6,9,SSE,30,S,ESE,4,11,63,54,1017.3,1014.4,6,5,23.9,27,Yes,No
2011-02-25,Brisbane,18.3,29.3,0,4.2,11.2,E,22,SW,ENE,4,11,61,56,1015.2,1012.4,2,2,25.5,27.9,No,No
2011-02-26,Brisbane,19.2,30.6,0,7.4,11,ENE,22,SW,ENE,4,11,63,49,1014.3,1010.9,2,1,26,28.5,No,No
2011-02-27,Brisbane,22.1,31.4,0,5.2,NA,NNE,22,W,NNE,6,7,61,54,1013.7,1010.5,3,1,26.5,29.9,No,No
2011-02-28,Brisbane,22.1,32,0,8,NA,NE,22,SE,NNE,2,9,57,53,1013.4,1009.8,1,1,28.3,30.8,No,No
2011-03-01,Brisbane,21.9,33.2,0,7.4,11.9,NNE,24,NW,NNE,4,9,61,54,1011.3,1008.1,1,1,27.9,32.2,No,Yes
2011-03-02,Brisbane,20.4,30.9,22.6,7,8,SSE,30,SW,E,7,11,78,55,1013.2,1010.2,6,1,25.9,30.4,Yes,Yes
2011-03-03,Brisbane,23.8,33.1,1.2,5,7.1,SSE,28,WSW,ENE,4,11,76,60,1012,1007.8,4,3,26.7,30.9,Yes,Yes
2011-03-04,Brisbane,22.6,25,23.4,1.2,0,SSE,17,SSE,SSE,2,9,91,87,1011.8,1009,8,8,23.1,24.1,Yes,Yes
2011-03-05,Brisbane,21.1,27,29.2,2.2,0,SE,41,SW,SSE,4,11,87,59,1014.2,1014.2,8,8,24.1,26.8,Yes,Yes
2011-03-06,Brisbane,19.2,27.4,1.4,5,8.2,SE,48,SE,SE,13,20,57,44,1020.5,1019.4,3,3,25.3,26.4,Yes,No
2011-03-07,Brisbane,18.5,27.5,0.4,6.6,9.5,ESE,33,SE,ESE,7,15,63,45,1020.4,1017.7,7,3,23.2,26.6,No,No
2011-03-08,Brisbane,18.1,27,0.8,6.2,10,ESE,33,NE,E,4,11,76,53,1018.7,1016,7,3,23.1,25.4,No,Yes
2011-03-09,Brisbane,18.4,27.1,2.4,5.2,NA,E,28,S,ESE,4,13,60,59,1017.7,1015.4,6,7,24.7,25.2,Yes,No
2011-03-10,Brisbane,19.7,27.6,0.2,6.8,4.7,NE,24,E,NE,4,9,60,58,1015.7,1013.2,6,7,26.4,27.2,No,No
2011-03-11,Brisbane,20.7,29.2,0,3.2,8.6,ENE,26,ENE,ENE,6,13,61,58,1016.5,1015.3,6,7,26.9,27.8,No,No
2011-03-12,Brisbane,21.2,28.9,0.2,5.6,7.9,E,30,ENE,ENE,11,13,64,58,1020.1,1018.7,6,6,27.4,27.6,No,No
2011-03-13,Brisbane,19.9,29.3,0,5.6,NA,E,28,SE,E,9,11,68,63,1021.4,1018.2,5,5,26.7,27.3,No,Yes
2011-03-14,Brisbane,19.8,29.1,3.4,5.2,NA,NA,NA,E,NA,7,NA,69,NA,1020.6,NA,3,2,26,NA,Yes,NA
2011-03-15,Brisbane,20.2,29.6,NA,7.6,10.7,ENE,22,ESE,E,9,11,62,50,1019.2,1015.6,4,3,26.2,28.5,NA,No
2011-03-16,Brisbane,21.3,30.4,0,5.6,8.5,ENE,22,S,ENE,4,9,68,61,1018.1,1014.8,6,6,26.2,28.7,No,No
2011-03-17,Brisbane,21.8,29.4,0,4.4,6.5,ENE,22,NA,ENE,0,11,69,62,1018.6,1015,6,6,26.3,27.9,No,No
2011-03-18,Brisbane,21.8,28.7,0,5,0.2,ENE,15,WSW,ENE,6,2,76,62,1015,1011.2,7,7,24.4,27.9,No,Yes
2011-03-19,Brisbane,22.3,23.9,1.4,2.4,0,E,22,SE,SSE,7,6,80,92,1011.9,1008.4,8,8,23.6,21.7,Yes,Yes
2011-03-20,Brisbane,20.3,27.2,32.6,2,0,SE,26,SW,SE,2,7,94,78,1007.8,1004.2,8,8,22.4,25.5,Yes,Yes
2011-03-21,Brisbane,22.2,31.1,1.2,1.4,8.1,ENE,15,SW,ENE,4,9,70,68,1005.1,1001.9,5,5,26.9,28.6,Yes,No
2011-03-22,Brisbane,23.1,34.5,0,3,8.5,WNW,28,W,WNW,4,13,76,39,1003.2,1000.1,7,2,27.4,33.9,No,No
2011-03-23,Brisbane,19.6,32.4,0,5.4,11.6,W,30,WSW,WNW,6,11,48,40,1006.7,1003.4,1,3,28,31.8,No,No
2011-03-24,Brisbane,20.7,30.9,0,7.8,11.2,W,31,W,W,9,15,52,34,1009.8,1006.5,1,2,26.3,30.3,No,No
2011-03-25,Brisbane,16.3,29.9,0,7.8,8.6,W,37,SW,W,4,15,43,34,1011.7,1008.7,1,4,25.8,29.3,No,No
2011-03-26,Brisbane,19.1,28.7,0,8,10.7,SE,31,SSW,SE,4,13,56,48,1014.8,1013.8,3,3,25.7,27.4,No,No
2011-03-27,Brisbane,19.4,27,0,8,5.2,SE,41,S,SE,9,13,57,52,1020,1018.2,5,7,25.2,25.8,No,No
2011-03-28,Brisbane,18.1,26.8,0,7.2,4.8,SE,35,S,SE,6,13,59,69,1022.6,1020.6,4,6,24.7,23.8,No,Yes
2011-03-29,Brisbane,19.2,26.6,6,3.2,0.9,E,28,SSW,E,2,13,75,52,1022.3,1019.7,7,8,24.2,25.5,Yes,Yes
2011-03-30,Brisbane,20.1,22.9,6.8,6,0,SSE,17,S,NA,4,0,91,87,1020.7,1017.7,8,8,20.7,20.8,Yes,Yes
2011-03-31,Brisbane,19.3,27.6,16,1,6.6,WSW,22,SW,E,2,9,79,70,1020,1017.6,7,7,22.8,25.4,Yes,No
2011-05-01,Brisbane,14.7,27.1,0.2,3.4,10.1,W,20,WSW,S,6,6,66,37,1015.3,1011.5,0,1,20.8,26.3,No,No
2011-05-02,Brisbane,14.1,27.6,0,3,10.1,E,17,SSW,ENE,4,4,66,47,1015.6,1012.2,1,3,20.9,25.7,No,No
2011-05-03,Brisbane,15.6,25.7,0,4,6.9,W,31,S,NA,4,0,74,88,1014.5,1010.9,3,7,20.7,18.1,No,Yes
2011-05-04,Brisbane,14.8,25.3,19.6,3.4,8.8,WSW,20,SW,SSE,6,6,72,47,1014,1011.5,1,3,19.6,24.4,Yes,No
2011-05-05,Brisbane,14.2,25.6,0.2,3.4,8.8,SSE,26,WSW,SW,6,7,61,45,1016.3,1014.5,1,3,20.1,25.4,No,No
2011-05-06,Brisbane,14.3,24.9,0,4,9.6,SW,19,SW,W,7,6,53,43,1020.4,1016.5,6,6,19.6,23.3,No,No
2011-05-07,Brisbane,12.3,25,0,4,10,W,13,SW,W,6,4,67,38,1018.3,1014.3,1,3,18.1,24,No,No
2011-05-08,Brisbane,12.4,24.2,0,3.8,5.6,ENE,19,NA,NE,0,6,75,54,1016.8,1012.5,7,3,17.3,23.3,No,Yes
2011-05-09,Brisbane,16.2,18.9,5.6,2,0.1,SSW,17,SW,W,4,4,90,84,1013.4,1009.7,8,7,16.8,16.6,Yes,Yes
2011-05-10,Brisbane,13.2,22.5,3.8,1.6,10.1,WSW,31,WSW,W,11,13,69,47,1011.8,1009.8,2,2,16.9,20.8,Yes,No
2011-05-11,Brisbane,10.3,21.5,0,3.4,10.2,WNW,35,W,WNW,4,13,49,32,1014.7,1010.9,0,0,18,21.2,No,No
2011-05-12,Brisbane,11.8,21.7,0,5.4,10.2,W,41,WSW,W,11,17,44,36,1014.9,1010.6,1,1,16.4,21.2,No,No
2011-05-13,Brisbane,7.9,22.9,0,5.6,10.3,W,22,SW,SW,6,7,47,35,1016.6,1012.2,0,1,16.2,22.3,No,No
2011-05-14,Brisbane,8.2,23,0,4,10.3,W,28,SW,WSW,6,6,48,31,1016.2,1014.4,2,2,18.3,22.7,No,No
2011-05-15,Brisbane,11.5,23.2,0,4,10,SW,19,SW,S,6,4,43,32,1026,1024.5,1,2,16.5,22.2,No,No
2011-05-16,Brisbane,10.5,23.7,0,4.4,8.1,W,17,SW,NNW,6,2,59,79,1029.5,1026,2,5,17.4,18.7,No,No
2011-05-17,Brisbane,11.2,24.9,0.4,3.2,8.1,ESE,19,SW,ESE,4,9,75,53,1027.7,1024.2,1,2,16.6,22.2,No,No
2011-05-18,Brisbane,12.1,23.8,0.2,4,7.3,SE,28,SW,SE,4,9,64,51,1028.6,1025.7,3,5,18,22.7,No,No
2011-05-19,Brisbane,14.5,22.5,0.2,3,6.5,SSE,28,SSW,SE,4,6,77,87,1028.3,1026.2,5,7,18.6,19.3,No,Yes
2011-05-20,Brisbane,14.2,24.1,4.2,3,8.9,ESE,24,SSW,E,4,7,73,57,1027,1023.9,1,6,18.9,22.4,Yes,No
2011-05-21,Brisbane,14.1,23.2,0.4,3,4.5,E,22,WSW,SE,4,9,85,77,1025.7,1022.2,7,4,17,21.1,No,Yes
2011-05-22,Brisbane,17,24.5,10.8,2.2,4.7,E,15,SW,ENE,4,7,89,64,1022.9,1017.9,7,7,18.7,23.1,Yes,No
2011-05-23,Brisbane,15.7,23.3,0,1.2,1.9,SW,30,NA,S,0,6,86,90,1014.1,1010.6,7,8,19.6,17.4,No,Yes
2011-05-24,Brisbane,14.1,22.6,11.4,0.8,9.7,W,31,W,W,9,9,63,42,1009.3,1005.4,1,3,18.9,22.1,Yes,No
2011-05-25,Brisbane,11.7,19.4,0,5.6,10.1,W,44,W,W,11,15,61,46,1009.6,1006.5,1,1,16,19.2,No,No
2011-05-26,Brisbane,11,22.2,0,6,9.6,WSW,24,WSW,W,7,7,55,43,1013.4,1012.2,1,2,16.4,21.1,No,No
2011-05-27,Brisbane,9.6,23.7,0,3.2,9.8,SW,19,SW,WSW,6,4,64,39,1018.8,1015.8,1,1,16.3,22.6,No,No
2011-05-28,Brisbane,10.4,22.8,0,3,5.5,SE,15,SW,E,6,6,71,59,1021.5,1019.2,1,7,15.6,20.8,No,No
2011-05-29,Brisbane,14.4,23.1,0,2.8,7.5,ESE,24,SSW,E,4,13,69,64,1023,1018.8,4,5,17.9,20.7,No,Yes
2011-05-30,Brisbane,14.4,22.7,12,2,8.3,WSW,22,SW,WSW,4,4,87,51,1018.1,1013.7,4,4,16.4,21.9,Yes,No
2011-05-31,Brisbane,10.4,19.9,0.2,2,7.9,ESE,19,SW,WSW,6,6,76,56,1015.2,1012.7,5,6,14.3,19.6,No,No
2011-06-01,Brisbane,11.2,19.9,0,4.2,3.9,SSE,15,NA,E,0,6,70,63,1014.7,1014.7,7,3,15.2,18.9,No,No
2011-06-02,Brisbane,12.5,24,0,0.4,7.4,SW,26,SW,SSW,7,7,72,54,1017.6,1015.4,1,6,18.6,22.2,No,No
2011-06-03,Brisbane,13.4,23.9,0,3.4,9.8,WSW,19,WSW,W,9,9,59,44,1018.6,1015.2,0,1,18.6,23.2,No,No
2011-06-04,Brisbane,10.5,24.3,0,2.8,9.8,WNW,19,W,WNW,4,7,73,40,1018.9,1015.2,0,2,15.1,23.5,No,No
2011-06-05,Brisbane,11.1,22.8,0,2.8,2.1,WSW,13,SW,W,4,6,80,49,1018.9,1014.7,7,6,14.5,21.9,No,No
2011-06-06,Brisbane,10.6,25.8,0,4,10.1,W,20,SW,WNW,2,6,69,39,1017.4,1014.5,1,2,17.9,25.1,No,No
2011-06-07,Brisbane,13.9,18.9,0,3.4,0.8,NA,NA,SSW,SW,2,4,71,68,1019.8,1016.4,8,7,16.1,18.4,No,NA
2011-06-08,Brisbane,13.3,18.1,NA,1.2,0.1,W,20,NA,WNW,0,9,60,47,1019.2,1015.3,8,8,15.7,17.6,NA,No
2011-06-09,Brisbane,12.2,12.6,0,2.8,0,W,22,W,W,7,7,42,45,1017.4,1014.9,7,7,12.4,12,No,No
2011-06-10,Brisbane,6.8,20.4,0,3.4,9.2,W,28,WSW,W,7,6,51,33,1017.8,1015.9,1,2,12.4,19.6,No,No
2011-06-11,Brisbane,9.5,15.5,0,2.4,0,WSW,17,WSW,WSW,4,4,68,65,1020.6,1017.8,8,8,12.1,15.3,No,Yes
2011-06-12,Brisbane,12.1,18.8,3.8,0.4,1.7,SW,26,SW,WSW,4,11,93,79,1016.9,1014,8,7,14.1,17,Yes,No
2011-06-13,Brisbane,12.5,22.5,0.2,3.2,9.5,WSW,28,WSW,SSW,9,6,70,54,1014.2,1010.3,3,2,16.5,21.9,No,No
2011-06-14,Brisbane,9.6,20.1,0,3.6,9.8,W,33,W,WNW,13,15,66,54,1012.1,1009.8,1,4,16.1,19.1,No,No
2011-06-15,Brisbane,8.4,20.1,0,2.4,8.8,SW,19,SSW,NA,4,0,66,59,1016,1013.4,1,2,15.7,17.6,No,No
2011-06-16,Brisbane,7.7,22,0,2.2,9.5,WSW,30,W,WSW,11,9,65,48,1015.6,1012.5,1,2,15,20.7,No,No
2011-06-17,Brisbane,8,21.7,0,3.4,10.2,W,43,WSW,W,4,11,60,43,1014.1,1009.3,1,2,17.4,21.1,No,No
2011-06-18,Brisbane,8.5,20.3,0,5.8,9.7,W,35,WSW,W,9,17,45,33,1013.6,1010.5,1,1,15.1,19.7,No,No
2011-06-19,Brisbane,7.7,20.1,0,5,9.1,WSW,19,WSW,WSW,7,4,58,41,1017.5,1015.2,0,0,13.5,19.5,No,No
2011-06-20,Brisbane,5.9,20.9,0,2.2,9.4,W,15,NA,WSW,0,6,68,39,1018.7,1015.3,0,0,13.9,20.1,No,No
2011-06-21,Brisbane,6.1,22.8,0,2.2,9.6,W,26,NA,WNW,0,9,70,39,1016.3,1010.2,1,0,14.4,22.6,No,No
2011-06-22,Brisbane,8.2,18.5,0,3.6,9.9,WSW,37,W,W,11,13,58,30,1015.9,1013.8,1,0,14.8,18,No,No
2011-06-23,Brisbane,6,20.5,0,6.4,9.9,WSW,17,SW,WNW,6,6,57,33,1020.4,1018.1,0,0,12.7,20.1,No,No
2011-06-24,Brisbane,7.7,23.1,0,3,9.6,SW,17,SW,SSE,4,4,63,45,1025.5,1023,1,2,13.6,23,No,No
2011-06-25,Brisbane,12.3,22.5,0.2,2.8,9.4,E,30,SSW,ESE,6,13,69,48,1028.5,1025.9,1,1,17,20.9,No,No
2011-06-26,Brisbane,13,22.7,0,3.6,9.1,NE,24,WSW,ESE,6,7,69,56,1028.4,1024.9,2,1,16.8,20.5,No,No
2011-06-27,Brisbane,12.5,22.6,0,2.8,0.1,WSW,13,WSW,NE,2,4,77,47,1027.3,1024.3,7,6,15,21.3,No,No
2011-06-28,Brisbane,12,22.4,0,2.2,8.8,E,30,SSW,SE,6,11,62,58,1029.3,1026.8,1,3,16.6,20.3,No,No
2011-06-29,Brisbane,13.8,19.3,0,3.6,4.1,ESE,37,SSE,SE,9,13,74,67,1030.6,1028.8,7,7,16.4,18.9,No,Yes
2011-06-30,Brisbane,12.3,20.8,6.4,1.8,4.9,SSE,37,SW,SSE,4,13,82,53,1031.1,1027.6,5,4,15.3,19.5,Yes,No
2011-07-01,Brisbane,11.4,21.6,0.2,3,8.8,SE,22,SW,SSE,7,7,70,48,1026.5,1022.7,2,6,15.9,21,No,No
2011-07-02,Brisbane,11.3,22.1,0,2.8,8.7,SE,24,WSW,SW,7,2,71,47,1024.6,1021,6,2,15.8,21.1,No,No
2011-07-03,Brisbane,12.3,20.9,0,3,1.2,WSW,15,SW,NE,4,6,72,63,1023.4,1021,7,7,15.9,19.2,No,No
2011-07-04,Brisbane,10.6,23.5,0,2.8,9.5,W,19,SW,WNW,4,7,79,39,1022.5,1017.2,0,1,14.8,23,No,No
2011-07-05,Brisbane,11.1,22.3,0,2.6,10.2,W,43,W,W,9,17,55,27,1017.3,1013,1,0,19.5,21.6,No,No
2011-07-06,Brisbane,7.2,21.4,0,8.2,9.9,WSW,31,WSW,W,11,13,35,26,1016.2,1012.8,0,0,16.3,20.9,No,No
2011-07-07,Brisbane,7.4,20.9,0,6.2,9.9,W,39,WSW,W,4,13,36,32,1017.9,1015.9,0,1,17.2,20.6,No,No
2011-07-08,Brisbane,6.5,20.8,0,5,9.7,WNW,22,SW,SW,4,4,53,32,1024.4,1020.8,1,1,14,20.3,No,No
2011-07-09,Brisbane,9,20,0,4,10.1,W,33,W,W,13,15,41,28,1020.8,1016.9,0,0,13.7,19.7,No,No
2011-07-10,Brisbane,6.8,19.2,0,6,10,WSW,33,SW,WNW,6,11,47,29,1019.2,1015.1,0,0,12.1,19,No,No
2011-07-11,Brisbane,10,21.9,0,7.2,9.9,W,35,W,WNW,9,9,42,29,1018.9,1017.8,5,2,14.7,20.7,No,No
2011-07-12,Brisbane,6.7,21.6,0,5,9.9,NNE,15,SW,SW,4,2,62,36,1024.9,1021.2,1,0,11.6,21.3,No,No
2011-07-13,Brisbane,5.6,23.5,0,2.4,9.6,W,20,SW,WSW,2,4,63,21,1022.2,1018.5,7,3,11.7,23,No,No
2011-07-14,Brisbane,9.3,23.4,0,4,9.4,NA,NA,SW,NA,4,NA,49,NA,1023.5,NA,3,3,15.4,NA,No,NA
2011-07-15,Brisbane,13.2,19.8,NA,3.4,1.2,SE,26,SW,SE,4,13,58,58,1029.8,1027,7,7,14.6,17.8,NA,Yes
2011-07-16,Brisbane,12,16.4,10.8,2.6,0.6,SSE,22,SSW,S,4,4,91,77,1028.1,1024.1,8,7,13.1,15.9,Yes,No
2011-07-17,Brisbane,12.2,21.8,1,1.2,7.8,SSE,17,SW,SSE,6,2,74,58,1022.8,1019,1,3,15.6,20.6,No,No
2011-07-18,Brisbane,10.1,23.4,0.2,2.6,9.9,SW,19,SW,WSW,6,6,80,40,1019.4,1015.2,1,3,14.8,23.2,No,No
2011-07-19,Brisbane,8.3,19.6,0,3.2,10.2,WSW,37,W,W,7,17,60,30,1016.7,1012.4,1,0,15.6,18.9,No,No
2011-07-20,Brisbane,10,18,0,6,10,W,43,W,W,13,20,56,49,1012,1009.3,1,1,13.5,17.2,No,No
2011-07-21,Brisbane,10.8,23.2,0,6.2,10,W,30,WSW,WNW,7,15,51,34,1012,1008.2,0,1,17.6,22.8,No,No
2011-07-22,Brisbane,12.3,23.6,0,6.2,10,SSW,30,WSW,SSW,9,9,51,40,1012.1,1009.4,1,1,17.2,22.6,No,No
2011-07-23,Brisbane,11.4,22.1,0,4,9.8,SSW,24,WSW,SW,7,7,54,35,1014.8,1013.4,1,3,16.5,20.8,No,No
2011-07-24,Brisbane,8.4,21.3,0,4.8,9.8,WSW,17,SW,WNW,4,7,56,34,1019.3,1016.5,0,2,14.7,20.1,No,No
2011-07-25,Brisbane,7.7,22.2,0,2.4,10.1,WSW,19,SW,WSW,4,4,67,30,1021.4,1018.2,0,1,12.4,22,No,No
2011-07-26,Brisbane,7.5,24.1,0.2,3.6,7.6,W,22,SW,WNW,4,6,62,28,1024.1,1019.9,3,6,13,22.2,No,No
2011-07-27,Brisbane,8.8,22.9,0,3.2,9.7,WSW,22,SW,W,2,6,56,30,1025.4,1022.5,1,2,15.5,22.4,No,No
2011-07-28,Brisbane,7.2,21.5,0,4,9.7,SSE,20,SSW,SE,6,7,59,42,1027.9,1024.1,1,2,13.8,21.4,No,No
2011-07-29,Brisbane,10.8,21.8,0,4,8.2,E,26,SW,ESE,7,9,63,49,1026.5,1023.2,3,4,15.5,20.4,No,No
2011-07-30,Brisbane,10.1,21.4,0,3.2,8.5,ENE,30,SW,ESE,4,11,67,52,1024.7,1021.5,2,5,15.2,19.1,No,No
2011-07-31,Brisbane,9,22.4,0,4,8.7,ESE,20,SW,E,6,7,69,49,1023.8,1020.1,1,3,14.7,19.2,No,No
2011-08-01,Brisbane,8.8,23,0,3.4,10,E,19,SSW,ENE,4,7,72,40,1024.5,1021,1,1,14.6,21.6,No,No
2011-08-02,Brisbane,9.8,23.2,0,3.4,9.8,E,17,SW,ENE,4,7,74,50,1025.3,1022.2,1,1,14.8,21.7,No,No
2011-08-03,Brisbane,9.7,22.9,0,3.2,10,E,24,SW,ESE,4,9,73,43,1026.4,1024,1,2,15.5,21.7,No,No
2011-08-04,Brisbane,9.1,21.9,0,4,9.9,E,22,SW,E,4,11,72,50,1029.1,1026.9,1,2,15.4,19.9,No,No
2011-08-05,Brisbane,10.3,21.7,0,3.6,4.8,E,30,WSW,ENE,6,9,67,53,1028.9,1025.8,6,5,16.6,21.4,No,No
2011-08-06,Brisbane,9.5,23.5,0,2.8,9,NE,20,WSW,NNE,6,6,73,49,1026.2,1021.4,1,4,15.4,21.9,No,No
2011-08-07,Brisbane,13.9,24.8,0,2.8,7.3,NE,19,SW,NE,4,9,65,54,1020.9,1016,3,2,18.7,22.6,No,No
2011-08-08,Brisbane,12.9,23.9,0,4,10.1,W,31,W,WNW,13,9,61,31,1014.1,1009.2,6,2,18.6,23.4,No,No
2011-08-09,Brisbane,5.3,22.1,0,6.4,10.2,W,37,WNW,WNW,6,15,44,24,1012.5,1008,1,3,16.4,21.4,No,No
2011-08-10,Brisbane,5.6,22.8,0,6,10.1,WNW,33,NNE,W,4,13,45,25,1012.4,1007.4,0,1,16.4,22.3,No,No
2011-08-11,Brisbane,9.7,21,0,4.6,4.5,ENE,17,WSW,NE,6,9,59,53,1010.4,1006.6,6,7,13.2,19,No,No
2011-08-12,Brisbane,9.2,22.7,0,2.2,10.3,W,20,SW,WNW,6,4,53,25,1015.7,1013.6,0,1,15.1,22.6,No,No
2011-08-13,Brisbane,9.1,22.5,0,4,10.8,ESE,22,WSW,ENE,7,11,59,48,1023.2,1020.4,1,3,15.9,21.1,No,No
2011-08-14,Brisbane,11,22.4,0,4,7.3,WSW,20,SW,ENE,4,7,78,54,1025.1,1021.4,5,6,14.5,19.3,No,Yes
2011-08-15,Brisbane,9.5,22.5,2.2,3.8,10.4,NE,19,SW,NE,6,7,74,45,1024.2,1019.5,1,3,14.4,20.9,Yes,No
2011-08-16,Brisbane,10.5,23.6,0,4,10.5,E,24,SW,ENE,7,9,67,54,1021.6,1017.5,2,3,16.2,21.1,No,No
2011-08-17,Brisbane,11.4,21.8,0,4,4.9,ENE,22,SW,NE,4,6,70,60,1020.5,1017.8,3,6,16.3,19.1,No,No
2011-08-18,Brisbane,13.8,21.8,0,3.4,5.6,W,43,NE,W,4,17,81,34,1015,1012.3,6,1,16.2,21.3,No,No
2011-08-19,Brisbane,6,21.4,0,4.6,10.8,W,33,WSW,WSW,9,11,42,33,1017.9,1014.6,1,2,16.1,21.1,No,No
2011-08-20,Brisbane,8.7,22.2,0,5.2,7.8,S,26,SW,S,7,9,55,50,1021.6,1018.8,1,7,15.4,20,No,Yes
2011-08-21,Brisbane,12.1,21.5,3,4.4,1.9,SE,37,SSW,SE,6,17,89,51,1026.4,1024.2,8,7,13.2,19.9,Yes,Yes
2011-08-22,Brisbane,12.4,21.2,8,5.8,8.3,SE,48,SW,SSE,6,20,70,49,1028.2,1026.1,6,5,16,20.3,Yes,Yes
2011-08-23,Brisbane,13.9,21.6,15.2,3.2,6.6,ESE,44,SW,ESE,4,11,88,74,1026.9,1024.2,3,5,17,20,Yes,Yes
2011-08-24,Brisbane,13.4,22.3,6.8,3.6,5.2,SSE,35,SSW,SE,6,15,66,55,1025.7,1022.7,7,7,17.8,20.6,Yes,No
2011-08-25,Brisbane,14.2,23,0,4,6.1,SSE,24,SW,ESE,7,9,61,64,1025,1022.4,7,4,19,21.2,No,No
2011-08-26,Brisbane,13.2,22.1,0,4,5.2,E,20,SW,E,6,13,69,65,1025.2,1021.7,1,7,19.3,21.6,No,Yes
2011-08-27,Brisbane,16.1,20.3,5.2,4,0,NE,22,E,ENE,7,7,94,93,1021.9,1015.7,8,8,17.9,18.9,Yes,Yes
2011-08-28,Brisbane,15.4,24.9,23.6,2,8.4,W,20,WSW,ENE,7,6,69,56,1019.7,1016.5,5,4,19.4,22.5,Yes,No
2011-08-29,Brisbane,13.7,25.4,0,2.6,10.2,E,19,SW,NE,4,7,73,54,1020.7,1017.3,1,3,19,24.2,No,No
2011-08-30,Brisbane,15.9,22.5,0,3.6,2.8,NE,28,W,ENE,2,7,76,62,1020.8,1017,7,7,17.8,21.2,No,Yes
2011-08-31,Brisbane,12.5,24.2,12.8,2.8,10.9,E,20,SW,ENE,7,9,80,52,1022.7,1019.4,1,1,16.1,22.3,Yes,No
2011-09-01,Brisbane,12.8,23.9,0,3.6,10.8,E,22,SSW,NE,2,9,69,45,1024,1019.8,1,2,18.4,22.8,No,No
2011-09-02,Brisbane,13.1,23.8,0,3.6,9.9,ESE,31,SSW,ESE,4,13,69,54,1025.1,1022.9,1,5,19.4,20.6,No,No
2011-09-03,Brisbane,11.8,22.1,0,5.6,9.2,SE,30,SSW,ESE,6,11,58,40,1029.2,1026,3,6,18.3,21.4,No,No
2011-09-04,Brisbane,12.6,21.6,0,5.8,8.3,SE,24,SSW,E,4,11,57,53,1029,1025.7,6,3,17.8,20.2,No,No
2011-09-05,Brisbane,13.4,22.5,0.4,3.8,9.2,E,33,SSW,E,4,15,72,42,1028.5,1024.6,3,2,18.7,21.4,No,No
2011-09-06,Brisbane,12.2,23.5,0.2,5,10,ENE,22,WSW,E,4,11,62,56,1024.6,1019.9,4,4,18.5,21.7,No,No
2011-09-07,Brisbane,12.6,25.3,0,3.4,10.6,ENE,22,SW,NE,7,9,73,43,1020.8,1017.4,1,1,18.8,24.2,No,No
2011-09-08,Brisbane,12.7,25.2,0,4.8,11,ENE,26,W,NE,4,11,65,44,1020.6,1016.2,1,8,19.8,24,No,No
2011-09-09,Brisbane,15.2,22.7,0,5,2,WNW,37,N,SW,7,7,67,80,1012.6,1008.4,6,7,19.7,14.5,No,Yes
2011-09-10,Brisbane,10.7,19.6,14.6,4.2,11.2,W,46,W,W,19,22,50,28,1013.4,1010.1,1,1,13.8,19,Yes,No
2011-09-11,Brisbane,7,22.9,0,9.2,11.2,WSW,31,W,W,13,13,42,27,1017.2,1012.8,0,1,15.8,22.6,No,No
2011-09-12,Brisbane,8.8,21.6,0,7.4,8.3,ENE,26,SSW,NE,6,6,42,38,1021,1020,1,7,17.7,19,No,No
2011-09-13,Brisbane,11.4,22.2,0,4.6,9.6,E,24,S,ENE,6,9,55,52,1027.8,1024.5,3,2,18.4,20.2,No,No
2011-09-14,Brisbane,9.7,26.2,0,4.8,10.8,WNW,24,SSW,NNE,4,7,59,36,1027.1,1021.5,0,0,18.7,24.9,No,No
2011-09-15,Brisbane,10.2,27.7,0,6,11.3,NE,20,SW,ENE,6,9,49,21,1024.2,1019.4,0,1,18.9,25.8,No,No
2011-09-16,Brisbane,10.3,29.4,0,5.4,11.3,W,20,SW,NE,2,6,43,21,1021.4,1016.2,0,1,20.2,28.5,No,No
2011-09-17,Brisbane,11.2,31.6,0,5.6,11,NNE,17,SW,NNE,2,7,44,23,1019.8,1016.1,0,0,21.7,30.5,No,No
2011-09-18,Brisbane,13.9,32.3,0,5.8,10.6,NE,19,WSW,NE,4,7,47,25,1021.1,1017.2,0,0,21.7,30.2,No,No
2011-09-19,Brisbane,13.9,30.6,0,5.2,10.6,ENE,24,SSW,ENE,4,11,48,28,1021.2,1016.6,0,0,21.8,28.4,No,No
2011-09-20,Brisbane,13.6,26.3,0,4.4,10.3,NNE,31,ENE,NE,4,9,55,57,1018.1,1012.7,0,8,21.9,23.9,No,No
2011-09-21,Brisbane,15.8,25.1,0,5,11.2,E,31,SE,E,15,15,56,46,1019.2,1017.1,2,1,22.5,23.6,No,No
2011-09-22,Brisbane,14.2,24.7,0,7.2,11,ESE,26,ESE,ENE,6,13,55,45,1024.7,1021.3,3,1,21.9,23.3,No,No
2011-09-23,Brisbane,12.3,25.7,0,6.2,10.7,ENE,22,W,NE,4,9,58,51,1022.8,1017.8,1,1,20.5,24.3,No,No
2011-09-24,Brisbane,14.8,26.4,0,5.2,9.9,N,24,WNW,NNE,2,9,65,52,1020.2,1016,7,2,21,24.9,No,No
2011-09-25,Brisbane,17.5,26.1,0.2,6.4,9.4,NE,28,NW,NE,11,13,62,66,1015.4,1009,4,5,22.3,23.1,No,No
2011-09-26,Brisbane,13.5,23.8,0,4.8,8.2,SE,28,SSW,SE,6,9,53,55,1017.4,1015.6,2,7,20.6,21.6,No,No
2011-09-27,Brisbane,13.1,23.3,0,4.8,11.2,E,24,S,ESE,6,11,54,47,1021.7,1018.2,1,2,20.8,22.3,No,No
2011-09-28,Brisbane,12.4,22.6,0,5.8,3.1,NE,19,WSW,ENE,2,6,57,54,1020,1016.5,7,7,20,21.1,No,No
2011-09-29,Brisbane,16.9,22.1,0,4,3.1,NNW,28,N,NNW,4,9,69,66,1013.2,1006.7,8,2,18.5,21.4,No,Yes
2011-09-30,Brisbane,9.9,26.3,3.2,3.8,11.6,WNW,39,WSW,W,15,15,30,21,1011,1006.2,0,0,20.9,25.4,Yes,No
2011-10-01,Brisbane,12,27.4,0,8,9.4,W,44,WSW,WSW,6,15,55,23,1006,1001.9,1,3,18.9,25.5,No,No
2011-10-02,Brisbane,12.4,22.5,0,9.4,11.5,W,48,WSW,WSW,15,20,40,30,1010.5,1009,1,5,17.9,20.8,No,No
2011-10-03,Brisbane,13.3,22.6,0,9.6,6,SSE,28,S,NE,9,4,50,72,1018.1,1016.5,2,7,20,17.9,No,Yes
2011-10-04,Brisbane,10.6,24.7,6,5.2,11.4,SSE,28,WSW,ENE,6,13,53,44,1022,1018.1,0,1,18.3,22.1,Yes,No
2011-10-05,Brisbane,12.2,22.6,0.2,5.8,7.3,E,19,SSE,E,6,6,56,52,1021.9,1017.4,7,7,19.6,21.1,No,Yes
2011-10-06,Brisbane,14.3,21.3,3.8,1.8,0,ENE,17,ESE,NA,2,0,84,76,1017.5,1013.6,8,8,16.9,18.8,Yes,Yes
2011-10-07,Brisbane,15.9,26.3,5.4,2.4,8.4,W,20,SW,N,4,6,68,51,1014,1009.3,4,3,21.3,25.6,Yes,Yes
2011-10-08,Brisbane,15.5,24.7,14.6,6.4,3.6,WSW,43,WSW,WNW,13,9,93,46,1011.6,1005.9,8,7,15.6,23.6,Yes,Yes
2011-10-09,Brisbane,12.7,29.1,1.4,1.4,11.1,W,33,S,W,4,9,53,29,1010.9,1005.6,1,7,23.1,28.3,Yes,No
2011-10-10,Brisbane,14.8,25.8,0,5.4,5.1,W,19,SW,SW,6,6,67,39,1012,1008.4,7,4,18.5,25.1,No,No
2011-10-11,Brisbane,14.2,27.7,0,3.8,11.8,NE,28,N,N,2,7,52,44,1012.8,1008.3,2,2,23.4,26,No,No
2011-10-12,Brisbane,15.7,27.6,0,5.8,10.9,ENE,24,SE,ENE,6,13,65,59,1015.2,1012.1,5,1,22.9,25.5,No,No
2011-10-13,Brisbane,18.5,27.3,0,4,6.8,E,30,E,NE,9,13,69,63,1019.2,1016.1,7,7,24.1,25.1,No,Yes
2011-10-14,Brisbane,17.1,26.9,30.8,8.6,7.8,E,24,S,E,2,13,78,62,1017.8,1013.1,7,2,21.4,25.7,Yes,Yes
2011-10-15,Brisbane,19.4,27.5,13.8,4.4,5.8,S,28,SSW,ENE,4,9,83,68,1009.3,1004.8,8,1,22.1,25,Yes,Yes
2011-10-16,Brisbane,15.2,29.3,6.2,5.6,12,ENE,20,WSW,ENE,4,11,64,49,1014.2,1013.2,0,1,23.5,26.9,Yes,No
2011-10-17,Brisbane,19.7,22.5,0.6,4.2,1,SSE,54,SE,SE,13,17,74,63,1025.9,1026.5,7,7,21.3,20.3,No,No
2011-10-18,Brisbane,16.9,23.8,0.4,5.8,9,SE,33,ESE,ESE,15,19,42,47,1031,1028.5,5,6,21.4,22.5,No,No
2011-10-19,Brisbane,15.9,23.2,0,7.8,8.8,E,31,SSE,E,7,15,65,48,1029.9,1026.4,7,7,20.6,22.4,No,No
2011-10-20,Brisbane,15.3,24,0,6.4,5.7,E,26,E,E,7,13,52,50,1028.3,1024.7,7,6,21.6,23.2,No,No
2011-10-21,Brisbane,16.1,25.6,0,4,10.4,E,30,ESE,E,11,13,59,51,1025.8,1022.5,7,5,22.2,24.1,No,No
2011-10-22,Brisbane,15.6,25.2,0,6,7.9,ENE,30,ESE,E,6,17,63,63,1024.5,1022.2,7,6,22.3,22.8,No,No
2011-10-23,Brisbane,15.3,25.1,0,6,12,E,28,E,ENE,7,11,56,53,1023.8,1020.8,4,2,22.7,24,No,No
2011-10-24,Brisbane,14.4,26.4,0,5.2,11.5,E,24,WSW,NE,4,9,60,47,1019.9,1015.3,5,7,23,25.6,No,No
2011-10-25,Brisbane,16.2,28.3,0,5.8,11.1,NNE,28,E,NNE,2,11,58,58,1015.5,1011.5,2,6,25.1,26.4,No,No
2011-10-26,Brisbane,20.3,27.4,0,6.2,7.1,E,30,SSE,E,6,11,69,62,1015.8,1013.4,7,2,24.3,25.5,No,Yes
2011-10-27,Brisbane,16.8,25.7,6.2,7.2,6.1,SSE,35,S,SE,6,15,68,67,1018,1015.9,5,5,23.6,23.3,Yes,No
2011-10-28,Brisbane,19.3,23.9,0,5.6,0.8,SE,22,ESE,E,11,9,62,62,1019,1016.2,6,7,23,23.3,No,No
2011-10-29,Brisbane,19.8,26.4,0,4.8,5.7,ENE,19,NNW,NE,4,7,62,60,1016.2,1013.1,8,2,22.6,24.9,No,No
2011-10-30,Brisbane,18.2,27.8,0,4,7.3,SE,26,NW,NNE,2,9,66,60,1014.1,1010.3,6,6,24.6,27.3,No,Yes
2011-10-31,Brisbane,20.3,25.6,28.4,5,1.5,SE,39,SE,SE,17,15,71,60,1015.7,1014.9,8,7,22.9,23.2,Yes,No
2011-11-01,Brisbane,18.1,24.9,0,7.2,8.9,S,24,SSE,E,9,7,58,51,1018.7,1014.4,6,6,22.2,24.1,No,No
2011-11-02,Brisbane,18.1,28,0,5,12,ENE,26,NNE,NNE,6,7,58,55,1014,1008.9,4,3,24.2,27,No,No
2011-11-03,Brisbane,17.1,28.2,0,6.2,12.3,SE,30,S,ENE,4,13,54,62,1010.8,1007.6,1,1,26,26.4,No,No
2011-11-04,Brisbane,20.4,26.9,0,6.6,9.8,E,30,ESE,ENE,13,17,57,54,1016.4,1014.7,3,2,24.2,25.5,No,No
2011-11-05,Brisbane,18.6,25.2,0,9.4,7,E,20,ESE,ENE,7,9,64,49,1020.3,1017.5,7,7,23,24.5,No,No
2011-11-06,Brisbane,16.1,26.5,0,5.2,9.9,NE,28,NE,NE,6,11,55,49,1018.2,1014.8,3,6,23.1,24.9,No,No
2011-11-07,Brisbane,15.8,27,0,9.2,12,NE,26,NNE,NNE,7,9,52,53,1018.5,1015.4,1,1,25.5,26,No,No
2011-11-08,Brisbane,18,27.6,0,7.4,13.1,NNE,28,NW,NE,9,11,53,46,1019.7,1016.1,2,1,24.3,26.7,No,No
2011-11-09,Brisbane,18,28.4,0,7.8,12.4,NE,28,NNW,NE,7,11,55,56,1019.6,1016,2,1,25.8,26.9,No,No
2011-11-10,Brisbane,18.1,29.9,0,8,12.2,NNE,28,N,NE,6,11,48,55,1017.5,1014,1,2,26.8,28,No,No
2011-11-11,Brisbane,21.6,29.3,0,8.6,9.7,E,28,ENE,ENE,7,15,66,54,1020,1017.9,7,1,25.5,27.9,No,No
2011-11-12,Brisbane,21.4,28.2,0,8.2,12.5,E,22,NE,ENE,7,7,56,47,1019.2,1016.3,4,1,25.8,27.2,No,No
2011-11-13,Brisbane,20.5,28.5,0,7.6,11,NE,30,N,NE,6,11,56,55,1017.7,1013.7,6,7,25.8,26.8,No,No
2011-11-14,Brisbane,22.1,29.9,0,8,12.2,ENE,30,NNE,NE,9,13,51,58,1016.5,1013.3,2,1,27.1,27.3,No,No
2011-11-15,Brisbane,19.4,32.4,0,9,12.2,ENE,22,N,NNE,4,11,51,52,1017.3,1014.6,0,1,27.9,29.6,No,No
2011-11-16,Brisbane,21.9,30.4,0,8,10.5,NNE,26,NNW,NE,6,13,50,45,1018.7,1015.5,1,3,28.6,28.3,No,No
2011-11-17,Brisbane,21.8,28.9,0,8.4,6.5,ENE,20,ENE,NNE,9,7,53,52,1019.1,1015.8,6,7,26.8,27.7,No,No
2011-11-18,Brisbane,20.8,28.5,0,6.2,3.8,NE,22,NNE,NE,6,7,60,52,1018.8,1015.5,6,5,25.9,27,No,No
2011-11-19,Brisbane,18.7,28.6,0,7,12.5,ENE,24,ENE,ENE,7,11,54,50,1019.1,1016.2,3,1,26.4,26.9,No,No
2011-11-20,Brisbane,19,29.6,0,9.4,12.4,NNE,30,NE,NNE,9,13,54,53,1018.1,1013.3,2,1,26.4,27.8,No,No
2011-11-21,Brisbane,19.5,29.9,0,11.4,12.5,E,28,NW,NNE,6,9,50,39,1016.1,1013.2,2,1,27.4,28.8,No,No
2011-11-22,Brisbane,19.7,29,0,11.2,9.2,NE,39,NE,NE,9,15,55,57,1015.3,1011.1,7,7,25.9,27.5,No,No
2011-11-23,Brisbane,22.4,30.9,0,10,7.1,NE,28,N,NE,6,13,59,69,1014.1,1011.6,7,6,28.2,27.9,No,Yes
2011-11-24,Brisbane,20.4,24.8,1.6,6.8,0,SW,17,SSW,S,4,4,90,80,1018.6,1016.4,7,7,20.9,24.1,Yes,Yes
2011-11-25,Brisbane,20.7,29.6,10.2,1.2,7.6,ENE,26,NA,NE,0,13,81,53,1018.2,1014.8,6,4,24.8,28.6,Yes,No
2011-11-26,Brisbane,22.8,29.5,0.6,7.6,5.9,N,28,N,NNE,9,9,55,70,1013.9,1010.9,6,7,27.7,26.2,No,Yes
2011-11-27,Brisbane,20.9,33.9,3.2,7.2,12.6,NE,24,SSW,ENE,4,13,60,56,1012.3,1009.5,1,2,27.7,29.9,Yes,No
2011-11-28,Brisbane,21.5,31.6,0,7,10.7,NA,NA,SW,NE,6,15,87,93,1016.5,1015,3,7,29.2,28.7,No,NA
2011-11-29,Brisbane,21.5,29.8,NA,8,12.3,ENE,28,ENE,ENE,9,13,58,56,1019,1016.8,4,1,28.2,28.6,NA,No
2011-11-30,Brisbane,20.8,29,0,9.4,7.5,ENE,26,ENE,ENE,7,9,57,61,1016.4,1012.6,7,4,27.4,27.9,No,No
2011-12-01,Brisbane,21.9,28.3,0,6.2,0.9,SE,35,WSW,SE,6,11,65,71,1011.7,1010.6,7,7,27.4,23.5,No,Yes
2011-12-02,Brisbane,16.7,24.9,13,5,2.3,SSE,33,SSW,SE,7,13,58,57,1015.3,1014.2,7,7,22.8,23.6,Yes,No
2011-12-03,Brisbane,15.8,27.1,0,7,12.2,E,30,SE,E,13,13,49,44,1017.8,1014.9,3,2,24,25.3,No,No
2011-12-04,Brisbane,16.4,27.9,0,9.8,8.7,E,22,ENE,NE,4,9,58,54,1015.6,1011.2,7,7,24.5,26,No,No
2011-12-05,Brisbane,19.4,25.6,0,6.8,2.4,ESE,37,SSE,ESE,11,15,64,58,1015.3,1013.4,7,7,23.2,23.3,No,No
2011-12-06,Brisbane,17.9,23.6,0,8.6,0,SSE,33,SSE,SE,15,15,55,57,1015.5,1013.2,7,7,22.1,21.7,No,Yes
2011-12-07,Brisbane,16.8,19.9,5.8,12.2,0,SE,20,S,E,7,7,93,93,1011.2,1009.5,8,8,17.3,18,Yes,Yes
2011-12-08,Brisbane,17.3,25.4,36,2.8,1.7,SE,37,SSW,SE,6,17,96,69,1008.8,1007.8,8,7,19.6,23,Yes,Yes
2011-12-09,Brisbane,16.9,27.5,2.4,3.8,10.8,E,24,SSE,E,9,11,58,62,1012.5,1010.5,4,7,24.9,25.4,Yes,Yes
2011-12-10,Brisbane,18.7,26.9,19.4,4.8,2.2,NE,20,SSW,NE,2,9,91,82,1011.6,1006.6,7,6,20.7,23,Yes,Yes
2011-12-11,Brisbane,18.5,30.4,1.6,5,6.8,WSW,30,SE,WNW,4,4,72,88,1005.5,1004.1,2,7,26.8,24.6,Yes,Yes
2011-12-12,Brisbane,21.3,32.9,10,3.2,10.2,W,33,SSW,W,4,15,74,41,1002.2,999.1,6,4,27.2,32.4,Yes,No
2011-12-13,Brisbane,18.4,31.1,0,5.2,11.1,ENE,28,NNW,ENE,4,15,54,66,1006,1005,1,3,26.1,27.2,No,Yes
2011-12-14,Brisbane,19.2,28.4,2,8.2,10.6,E,31,SSE,E,4,17,67,62,1013,1011.1,4,5,26.1,26.4,Yes,Yes
2011-12-15,Brisbane,18.5,24.6,1.2,7.2,0,SE,26,E,ESE,7,15,83,71,1017,1015.1,8,8,21.5,22.2,Yes,No
2011-12-16,Brisbane,19.6,25.7,0.2,2,2.4,SE,30,ESE,ESE,11,17,55,55,1018.2,1017.3,8,6,23.8,23.4,No,No
2011-12-17,Brisbane,17.3,27.1,0,6.6,10.9,ENE,35,SE,ESE,11,19,52,50,1019.8,1017.6,5,4,24.2,24.9,No,No
2011-12-18,Brisbane,16.8,25.5,0,9.2,2.1,E,24,SE,ENE,7,9,60,54,1018.6,1016,7,8,24.4,24.3,No,No
2011-12-19,Brisbane,17.6,27,0,5.8,6,ENE,28,NNE,NE,6,11,61,54,1015.3,1011.9,7,7,23.8,25.9,No,No
2011-12-20,Brisbane,19.1,29.1,0,7,12.2,NNE,26,NW,NNE,6,9,54,51,1013.2,1011.4,6,4,26,27.3,No,No
2011-12-21,Brisbane,21.7,27.9,0,7.2,9.3,ENE,24,W,ENE,2,15,76,56,1015.2,1013,5,3,24.3,26.3,No,Yes
2011-12-22,Brisbane,19,28.2,3.4,7.8,10.9,E,33,ESE,E,13,15,61,52,1014.9,1012.9,6,7,26.1,26.9,Yes,No
2011-12-23,Brisbane,20.6,27.6,0.4,7.4,0.9,SE,33,SE,SE,15,13,66,86,1011,1009.4,7,8,25.9,22.7,No,Yes
2011-12-24,Brisbane,20.4,27.6,29.6,3.6,4.2,SE,37,SE,ESE,13,17,87,62,1009.1,1007.5,8,7,23.9,26.4,Yes,Yes
2011-12-25,Brisbane,19.4,28.9,1.8,6.6,12.3,SE,37,SE,ESE,11,19,62,52,1008.6,1006.4,3,1,25.7,27.5,Yes,No
2011-12-26,Brisbane,18.7,31.5,0,10.4,13.1,ENE,26,WSW,E,9,13,55,50,1007.5,1003.9,1,1,25.6,29.1,No,No
2011-12-27,Brisbane,21.4,32.5,0,7.4,4.5,SE,43,WSW,E,4,4,67,48,1004.6,1001.1,7,6,26.6,31.7,No,Yes
2011-12-28,Brisbane,18.5,28.9,5.4,3.2,11,SSE,24,SSW,SE,7,4,56,56,1008.1,1006,2,6,26,27.4,Yes,No
2011-12-29,Brisbane,19.7,28.1,0,2.4,7.8,E,30,SSW,ESE,4,9,57,56,1010.4,1009.3,7,7,24.6,26.8,No,No
2011-12-30,Brisbane,20.2,28.4,0,7.4,5.3,SE,43,S,ESE,6,19,56,61,1014.5,1013.1,6,6,24.6,25.5,No,No
2011-12-31,Brisbane,18.8,25.9,0.2,6.2,5.5,SE,33,SSE,SSE,11,13,58,59,1016.5,1014.7,6,7,25.1,24.5,No,Yes
2012-01-01,Brisbane,18,27.9,2.4,5.6,13.1,E,33,SSE,ESE,9,15,55,46,1016.4,1013.9,4,3,25.1,26.9,Yes,No
2012-01-02,Brisbane,17.8,28.4,0,8,13,E,28,SSE,E,7,11,53,45,1018,1015.7,2,2,25.8,27.2,No,No
2012-01-03,Brisbane,17.8,27.7,0,9.4,NA,E,26,S,ENE,4,13,64,52,1019.4,1016.7,7,1,25,27.3,No,No
2012-01-04,Brisbane,17.4,28.8,0,7.6,12.7,NNE,28,ESE,NE,2,9,52,48,1017.4,1013,2,2,25.3,28.3,No,No
2012-01-05,Brisbane,19.8,27.7,0,7.8,6.6,ENE,26,ENE,NE,2,11,68,59,1015.5,1013.2,7,3,26.3,26.2,No,No
2012-01-06,Brisbane,18.6,31.3,0,7.2,8.3,NE,22,SW,ENE,4,11,62,54,1012.2,1009.5,7,2,25.5,29.1,No,No
2012-01-07,Brisbane,21.4,28.2,0,7,5.8,E,20,ESE,E,4,9,75,65,1014.9,1012.7,7,5,24.2,27,No,No
2012-01-08,Brisbane,23.4,30.5,0,6.4,11.6,ENE,26,NNW,NNE,6,11,65,62,1013.1,1009.1,2,1,26.9,28.9,No,No
2012-01-09,Brisbane,22.8,33.8,0,8,12.7,ENE,24,NW,ENE,6,11,54,57,1007.8,1003.5,2,2,29.7,33,No,No
2012-01-10,Brisbane,24.6,32.9,0,9,10.6,E,28,S,E,4,15,71,56,1008.7,1005.5,6,1,28.6,30.4,No,No
2012-01-11,Brisbane,23.2,37.1,0,7.6,11.9,W,33,WSW,WSW,9,11,37,16,1007.3,1003.1,7,5,31.5,36.3,No,No
2012-01-12,Brisbane,20.9,28.6,0,12.4,9.6,SE,35,SE,E,7,17,46,49,1012.1,1011.4,4,5,27.2,25.8,No,No
2012-01-13,Brisbane,20.8,28.1,0,10.6,9.7,E,28,E,ENE,6,11,55,53,1016.4,1013.6,5,5,24.8,25.9,No,No
2012-01-14,Brisbane,19.1,27,0,8,3.1,ENE,26,ENE,ENE,6,13,61,57,1015.3,1012.5,7,7,24.6,25.8,No,Yes
2012-01-15,Brisbane,19.7,26.3,2.4,7.2,2.8,ENE,37,ESE,SE,11,6,64,63,1014.5,1013,7,7,25.1,25.1,Yes,Yes
2012-01-16,Brisbane,18.8,25,44.4,3.6,0.2,SE,43,ESE,ESE,9,13,90,75,1016.5,1015,7,7,21.6,23.8,Yes,Yes
2012-01-17,Brisbane,19.4,26.3,34.2,3.6,0,SE,26,E,SE,9,6,96,93,1016,1013.6,7,7,22.2,22.7,Yes,Yes
2012-01-18,Brisbane,20,29.4,5.4,1.6,7.5,E,20,WSW,ENE,6,11,72,70,1012.7,1010.7,2,7,26.2,27.6,Yes,No
2012-01-19,Brisbane,20.7,30.9,0,5,12.3,ESE,31,SE,ESE,7,17,65,62,1013.9,1011.7,3,2,27.5,29.1,No,No
2012-01-20,Brisbane,20.6,30.3,0,10,8.8,SE,35,SSE,SE,7,17,64,61,1013.7,1011.9,7,4,26.7,27.5,No,No
2012-01-21,Brisbane,20,30.2,0,7.6,9.7,ESE,35,SSE,SE,7,15,56,63,1012.5,1010.3,3,7,27.1,27.3,No,No
2012-01-22,Brisbane,21.1,29.6,0,8,9.7,ENE,37,ESE,ESE,13,11,58,56,1014.3,1012.3,7,7,26.9,28.1,No,No
2012-01-23,Brisbane,21.1,27.5,0.6,6.6,0.5,SSE,30,ESE,ESE,9,7,73,91,1013.6,1012.7,7,8,26.6,23.2,No,Yes
2012-01-24,Brisbane,21.1,23.5,31.2,2.2,0,E,33,ESE,ESE,9,13,97,96,1012,1009.9,8,8,23,22.6,Yes,Yes
2012-01-25,Brisbane,21.3,26.6,168.4,2.6,0.7,NE,26,S,NE,2,6,98,88,1008.5,1005.8,8,8,23.3,24.6,Yes,Yes
2012-01-26,Brisbane,22,30.5,3.8,2,5.8,ENE,22,NA,ENE,0,7,82,72,1008.1,1006.2,6,7,26.5,28.9,Yes,Yes
2012-01-27,Brisbane,23.2,25.4,8.6,3.2,0,ESE,33,E,ESE,2,13,95,97,1011.3,1009.3,8,8,24.2,24,Yes,Yes
2012-01-28,Brisbane,22.1,26.3,8.2,2.2,NA,ESE,31,E,E,7,11,88,93,1011.8,1009.4,8,8,24.3,24.2,Yes,Yes
2012-01-29,Brisbane,21.8,26.3,18,4.6,0,E,30,ESE,ENE,4,7,98,95,1010.2,1007.8,8,8,23.3,25,Yes,Yes
2012-01-30,Brisbane,22.3,28.2,15.8,2.2,6.3,NE,26,ENE,NE,11,11,83,72,1009.4,1006.7,6,5,25.9,27.6,Yes,No
2012-01-31,Brisbane,NA,NA,0,6.2,10.6,NA,NA,N,ENE,4,7,NA,60,1008.5,1005.8,4,3,NA,28.9,No,NA
2012-02-01,Brisbane,23.6,30,NA,6.8,11.5,E,31,ENE,ENE,11,13,69,67,1007.5,1005.2,3,5,27.8,28.1,NA,No
2012-02-02,Brisbane,22.4,28.4,0.4,7,9.9,E,33,ENE,ENE,17,11,66,60,1006.2,1004.2,6,6,27.1,27.1,No,Yes
2012-02-03,Brisbane,20.6,28,3.2,8.6,NA,NE,24,W,ENE,2,9,78,71,1004.5,1002.4,7,7,25.3,25.3,Yes,No
2012-02-04,Brisbane,20.3,29.4,0.2,4.4,8.6,ESE,22,SSE,SE,6,9,61,55,1003.8,1001.5,2,6,26.9,28.1,No,No
2012-02-05,Brisbane,19.9,31.7,0,5.8,11.1,E,24,SW,ENE,4,9,63,54,1003.7,999.5,3,2,26.4,30.3,No,No
2012-02-06,Brisbane,22.3,34,0,7,11.2,E,22,WNW,E,4,15,68,62,1001.1,998.8,1,5,27.6,30.4,No,No
2012-02-07,Brisbane,23.3,30.5,0,5,10.6,WSW,31,SE,ENE,6,9,65,65,1004.8,1002.2,4,2,28.6,29.1,No,No
2012-02-08,Brisbane,21.9,30.6,0,8,NA,WSW,33,SSE,ENE,4,11,69,62,1006.9,1004.8,5,4,27.5,28.5,No,Yes
2012-02-09,Brisbane,19.9,30.5,32.2,6.4,12.1,SE,35,SSW,SE,7,17,68,59,1010.1,1008.1,3,4,26.5,27.6,Yes,No
2012-02-10,Brisbane,19.8,29,0,6.4,12,E,24,S,E,6,11,62,57,1012.4,1009.8,2,1,26,27.6,No,No
2012-02-11,Brisbane,20,30.2,0,6.4,10.6,NE,22,SW,E,4,9,75,59,1012.4,1008.9,6,3,24.8,29.3,No,Yes
2012-02-12,Brisbane,20.7,32.2,1.2,7.8,10,SW,35,SW,ENE,2,13,69,58,1014.3,1010.9,1,2,27.2,30.8,Yes,Yes
2012-02-13,Brisbane,21,29.5,14.8,6.6,8.1,SE,35,NE,ENE,4,13,73,65,1015.9,1013.1,3,5,27.2,28.5,Yes,Yes
2012-02-14,Brisbane,20.9,29.3,1.6,6.4,10.9,E,33,SE,ESE,9,17,64,63,1017.4,1015.2,1,3,26.6,27.6,Yes,No
2012-02-15,Brisbane,19.9,29.7,0,7.8,11.6,SE,35,SE,ESE,11,17,61,52,1018.5,1015.7,2,1,26.1,28.1,No,No
2012-02-16,Brisbane,19.6,29.4,0,9.6,11.6,SE,31,SSE,ESE,9,13,60,53,1017.8,1015.4,2,2,26.5,28.1,No,No
2012-02-17,Brisbane,20.1,29.9,0,9.2,11.9,ESE,35,SSW,ESE,7,13,64,55,1016.9,1014.2,2,3,26.2,28.4,No,No
2012-02-18,Brisbane,20.1,29.7,0,8.6,8.7,E,26,S,ENE,7,11,65,61,1016.9,1014.3,4,5,26.4,29.1,No,No
2012-02-19,Brisbane,21.5,31.3,0,5.6,8.9,ENE,22,S,ENE,4,11,68,61,1017.3,1013.4,4,3,27.4,30.3,No,No
2012-02-20,Brisbane,21.9,32.4,0,6,11.2,NE,22,W,NNE,4,7,75,59,1013.9,1009.6,6,6,26.5,30,No,Yes
2012-02-21,Brisbane,22.6,31.2,20,7,5.3,ESE,26,N,NE,6,6,83,77,1009.4,1006.3,7,7,26.1,27.8,Yes,No
2012-02-22,Brisbane,22.9,29.5,0.2,5.4,9.5,ESE,33,SSE,E,11,15,64,62,1013.7,1011.9,2,7,26.5,27.5,No,Yes
2012-02-23,Brisbane,21.1,23.5,5.2,6.4,0,SE,19,SW,SSE,2,9,87,94,1018.5,1018.3,8,8,22.9,21.6,Yes,Yes
2012-02-24,Brisbane,20.1,27.1,10.4,5,0,SSE,24,SE,ESE,6,9,92,94,1020.1,1018.6,8,8,21.4,22.3,Yes,Yes
2012-02-25,Brisbane,20.7,28.9,58.4,3,5.7,E,39,E,E,13,17,84,79,1019.7,1017.9,7,7,27,26.4,Yes,Yes
2012-02-26,Brisbane,22.3,29.2,14,3.8,6.2,E,28,ESE,ESE,9,11,74,71,1020.8,1017.8,5,6,26.5,26,Yes,No
2012-02-27,Brisbane,20.7,29.1,0.4,6.6,9.3,E,33,E,E,13,13,68,55,1018.9,1017,7,NA,27.5,27.4,No,No
2012-02-28,Brisbane,21.1,29.7,0,7.2,11.6,ENE,26,E,ENE,15,9,64,58,1016.8,1014.8,2,3,27.1,28.6,No,No
2012-02-29,Brisbane,20.6,30.6,0,6.8,11.5,NE,24,S,NNE,4,9,71,63,1016.3,1012.1,2,1,27.2,29.4,No,No
2012-03-01,Brisbane,20.6,31.2,0,6.6,10.8,NE,24,W,NE,4,11,68,57,1013,1009,7,7,26.8,29.7,No,No
2012-03-02,Brisbane,19.5,32.1,0,8,11.2,ENE,20,SW,NE,4,7,61,50,1011,1008.5,6,1,27.4,31.4,No,No
2012-03-03,Brisbane,22.7,28.1,0.8,6.8,6,E,28,SE,ESE,9,7,78,88,1015.2,1013.5,7,7,26.6,26.9,No,Yes
2012-03-04,Brisbane,21,30,16.4,4.4,4.5,E,28,ESE,E,4,6,86,76,1015.5,1012.8,7,7,26.2,27.4,Yes,Yes
2012-03-05,Brisbane,23.1,25.9,22.2,4.4,0,E,22,E,ESE,9,11,98,91,1012.5,1009.9,8,8,23.9,24.7,Yes,Yes
2012-03-06,Brisbane,21.6,26.1,7.6,2.6,2.9,SE,28,SSE,SSE,7,9,78,70,1012.7,1010.9,7,6,25.1,25,Yes,Yes
2012-03-07,Brisbane,19.2,28.7,7.4,2.8,10.3,SE,30,S,ESE,7,9,66,53,1012,1008.1,1,5,24.4,27.2,Yes,No
2012-03-08,Brisbane,18.3,29,0,7,9.6,E,20,SSW,ENE,4,9,63,62,1011.5,1007.8,4,4,24.2,26.6,No,No
2012-03-09,Brisbane,19.9,31.7,0,7,11.7,SW,24,SW,SSW,7,6,68,32,1011.5,1008.3,1,1,25.1,30.7,No,No
2012-03-10,Brisbane,16.9,31.4,0,4.6,11.5,E,20,WSW,ENE,7,7,50,50,1013.3,1011.4,1,2,24.7,29.4,No,No
2012-03-11,Brisbane,20.5,28.1,1,7,6.2,ESE,31,NA,E,0,9,71,59,1017.8,1015.4,7,5,24.6,26.6,No,No
2012-03-12,Brisbane,20.3,27.6,0.2,4.6,8.6,E,31,SE,E,4,13,67,60,1018.7,1017.3,4,4,25.7,25.8,No,No
2012-03-13,Brisbane,18.4,28.4,0,7,9.8,SE,39,SE,ESE,9,17,61,50,1020.5,1017.7,5,6,25.8,27.6,No,Yes
2012-03-14,Brisbane,20.5,26.2,4.8,6.6,0,E,17,SE,NA,7,0,97,89,1019.3,1015.8,8,8,21.5,24,Yes,Yes
2012-03-15,Brisbane,20.5,27.3,8.2,2,2.8,NE,26,SSE,E,9,13,79,79,1016,1012.8,7,8,25.2,25.3,Yes,No
2012-03-16,Brisbane,20.3,29.7,0.6,4.2,11.1,SE,26,SSE,E,9,13,72,61,1014.1,1010.9,2,1,26.3,28,No,No
2012-03-17,Brisbane,22.5,28.4,0.4,5.6,2.4,S,31,SSW,E,4,11,82,79,1013.4,1010.5,7,8,26.8,25.7,No,Yes
2012-03-18,Brisbane,20.1,26,22.2,4,0,SE,33,SSW,SE,4,13,88,68,1015.7,1013.6,8,7,23,25.2,Yes,No
2012-03-19,Brisbane,18.4,28.1,0.2,4.4,6.3,ESE,28,SSW,SSW,6,2,73,68,1016,1012.2,3,7,23.3,25.8,No,Yes
2012-03-20,Brisbane,20.7,27.9,4.4,3.8,7.1,SE,37,ESE,ESE,13,15,84,65,1014,1010.7,5,4,24.5,27.1,Yes,Yes
2012-03-21,Brisbane,19.4,28.3,3.4,5,2.6,ESE,22,ESE,ESE,7,11,76,73,1009.4,1005.7,7,7,24.5,25.3,Yes,No
2012-03-22,Brisbane,22.2,25.1,0.2,4,0,ENE,26,ESE,SE,11,9,83,97,1006.8,1004.9,8,8,24.9,21.7,No,Yes
2012-03-23,Brisbane,19.8,30.1,16,0.8,3.4,WNW,19,SW,W,4,4,93,66,1004.4,1001.8,7,5,21.7,29.2,Yes,No
2012-03-24,Brisbane,18.5,27.9,0,4.2,9.2,ESE,28,SW,E,6,13,48,64,1010.9,1010.8,6,5,24.3,26.7,No,No
2012-03-25,Brisbane,19,26.8,0,5.4,8.6,SE,33,SE,ESE,11,15,60,60,1018.6,1017.8,6,3,24.6,24.4,No,No
2012-03-26,Brisbane,17,26.5,0,8,10.8,E,28,SSE,ESE,6,13,64,52,1021.4,1019.2,2,1,24.4,25.4,No,No
2012-03-27,Brisbane,16.8,26.9,0,7,8,E,33,S,ESE,6,15,66,54,1021.6,1019,1,6,23.9,25.4,No,No
2012-03-28,Brisbane,18,27.2,0,5.2,9.2,SE,30,SE,ESE,7,15,65,50,1020.4,1017,5,2,24.5,26.1,No,No
2012-03-29,Brisbane,18,27.6,0,6.8,8.2,SSE,30,SSW,ESE,6,13,65,58,1018.4,1014.7,3,4,23.8,26.1,No,No
2012-03-30,Brisbane,18.1,28.2,0.2,5,9.5,E,30,SW,E,4,13,69,65,1016.4,1013.6,1,3,24.6,25.8,No,Yes
2012-03-31,Brisbane,17.5,28.5,2,6.2,11,SE,30,SSW,SE,6,13,70,55,1016.8,1013.4,1,1,23.6,26.7,Yes,No
2012-04-01,Brisbane,17.6,28.7,0.2,6,8.2,SSE,30,WSW,SSW,6,6,69,52,1016,1012.4,1,4,23.3,27.7,No,No
2012-04-02,Brisbane,18,30.3,0,6.6,10.7,SE,20,SW,WSW,7,6,65,42,1015.6,1011.9,1,3,23.8,29.8,No,No
2012-04-03,Brisbane,18.3,30.5,0,5.2,10.4,SE,24,SSW,S,6,6,66,39,1015.6,1012.2,1,2,23.9,29.8,No,No
2012-04-04,Brisbane,17.7,28.8,0,5.2,10.5,ENE,24,WSW,ESE,7,11,68,53,1016.8,1014,1,2,23.9,26.6,No,No
2012-04-05,Brisbane,17.9,28.4,0,6.6,8.7,E,26,SW,ESE,4,11,70,53,1019.3,1016.1,2,2,23.5,26.1,No,No
2012-04-06,Brisbane,17.7,27.4,0,8,10.6,E,26,S,ESE,6,13,63,58,1020,1016.4,5,4,23.5,24.7,No,No
2012-04-07,Brisbane,16.1,29.3,0,6.4,10.6,WNW,15,SSW,SE,4,6,68,45,1018.3,1014.3,1,1,22.6,28.2,No,No
2012-04-08,Brisbane,17.5,27.3,0,4.6,8.8,E,22,SSW,E,4,11,70,67,1020,1016.9,2,6,23.5,25.7,No,No
2012-04-09,Brisbane,17,30.5,0,4.8,10.7,NE,20,SSW,NE,4,6,80,59,1017.6,1013.1,1,1,22.4,28.6,No,No
2012-04-10,Brisbane,18.5,28.4,0,5.8,9.5,ESE,35,SW,E,6,17,62,57,1018,1016.7,4,2,22.9,23.6,No,No
2012-04-11,Brisbane,15.1,24.4,0,7.8,8.7,ESE,31,SSW,ESE,7,13,56,50,1025,1022.9,2,4,20.4,23.4,No,No
2012-04-12,Brisbane,14.9,24.9,0,6.2,8.6,SE,39,S,SE,7,9,61,69,1027.9,1026.4,1,5,21.1,21,No,Yes
2012-04-13,Brisbane,16.1,25.8,3.4,4.6,6.3,ESE,30,WSW,ESE,6,11,88,59,1028.6,1025.9,6,7,18.9,23.9,Yes,Yes
2012-04-14,Brisbane,17.2,25.2,2.4,4.4,6.5,ESE,28,SW,ESE,4,7,78,72,1025.8,1022.3,3,2,22.3,23.6,Yes,Yes
2012-04-15,Brisbane,18.3,23.9,12.4,3.4,5.1,SSE,20,SSW,SSE,4,6,90,93,1023.8,1020.5,7,7,21.1,21.7,Yes,Yes
2012-04-16,Brisbane,18.6,25.3,7.6,3.6,3.7,E,20,SSW,E,4,9,91,72,1021,1017.5,7,7,21.8,23.2,Yes,Yes
2012-04-17,Brisbane,18.4,25.4,7.2,3.8,4.6,E,26,SE,E,2,9,92,61,1018.2,1014.8,7,3,20.8,24.6,Yes,No
2012-04-18,Brisbane,17.7,26.6,0,2.8,10,ESE,26,SSE,ESE,2,13,73,67,1016.7,1013.1,5,3,23.2,24.6,No,No
2012-04-19,Brisbane,18,27.9,0.2,5.6,10.5,E,19,SW,ENE,6,7,73,62,1016.5,1013.3,3,2,23.4,26.9,No,No
2012-04-20,Brisbane,18.6,27.2,0.2,3.6,3.4,ESE,24,SW,SE,4,11,78,72,1016.3,1013.2,6,7,24.3,25,No,No
2012-04-21,Brisbane,18.1,29.9,0,3.2,10.4,ENE,17,WSW,ENE,6,9,72,61,1014.6,1011.1,1,3,23.6,27.8,No,No
2012-04-22,Brisbane,18.2,28.6,0.2,3.4,8.7,WNW,22,WSW,NE,6,7,79,65,1015.5,1012,8,7,22.5,26.6,No,No
2012-04-23,Brisbane,18.2,27.6,0,3.2,6.5,ENE,17,W,NE,6,7,98,68,1016.1,1011.9,7,7,20.5,26.3,No,No
2012-04-24,Brisbane,20.4,25.8,0,2.6,1,W,22,SW,S,2,6,88,81,1014,1012,7,8,24.1,24.3,No,No
2012-04-25,Brisbane,19.3,22.8,0.2,3.4,1.9,W,30,W,WNW,7,7,73,49,1015.5,1012,7,7,20.8,22.7,No,No
2012-04-26,Brisbane,11.6,24.4,0,3.4,10.5,W,20,SSW,WSW,6,4,44,32,1018.3,1015.8,1,2,18.1,23.7,No,No
2012-04-27,Brisbane,13.9,20.4,0.2,4,0.1,SSE,19,SW,WSW,6,6,83,79,1021.8,1019,8,8,16.2,19.6,No,Yes
2012-04-28,Brisbane,16.1,21.2,38.4,2.4,0,SSE,19,NA,SE,0,4,98,98,1018.9,1015.4,8,8,18.1,18.8,Yes,Yes
2012-04-29,Brisbane,17.1,23.8,76.4,NA,1.9,WSW,19,WSW,SSW,6,6,79,71,1015,1014.9,7,7,20.4,22.7,Yes,No
2012-04-30,Brisbane,16.9,24.6,0,3,8.2,SE,35,SSW,SE,6,13,67,55,1023.2,1020.5,1,2,21.3,23.5,No,No
2012-05-01,Brisbane,15.1,23.7,0,4.8,4.2,SE,28,S,ESE,6,7,72,63,1025.4,1022.4,1,7,21,22.7,No,Yes
2012-05-02,Brisbane,17.1,24.3,4.2,2.2,7.1,E,20,SSW,E,4,9,83,57,1023.4,1019.5,7,2,20,23,Yes,No
2012-05-03,Brisbane,16.1,25,0,4.6,7.7,ENE,22,SW,ENE,4,6,74,70,1019.5,1015.8,3,6,20.8,23.5,No,Yes
2012-05-04,Brisbane,16.8,24.8,7.8,3.2,6.7,SE,20,WSW,ESE,4,7,85,68,1017.5,1013.4,7,5,19.2,23.7,Yes,No
2012-05-05,Brisbane,14.8,25.2,0,3.6,10.2,W,22,SW,W,6,9,68,39,1014.8,1011.8,1,1,20.6,24.4,No,No
2012-05-06,Brisbane,10.6,24.7,0,4.8,10.2,WSW,17,SW,WSW,4,4,56,31,1018,1014.9,1,1,17.4,24.1,No,No
2012-05-07,Brisbane,11.2,25.4,0,3.6,10.3,SW,15,SW,NE,6,2,64,42,1018.6,1014.5,2,1,17.4,24.9,No,No
2012-05-08,Brisbane,11.8,26.3,0,4,10.2,E,17,SW,S,6,4,65,35,1018.1,1015.3,2,1,17.5,26,No,No
2012-05-09,Brisbane,12.8,26.1,0,2.6,9.9,ENE,13,SW,NE,4,7,73,43,1022.7,1019.9,0,1,18.5,24.6,No,No
2012-05-10,Brisbane,13.1,26.7,0,3.4,9.7,NE,17,SW,NNE,4,7,73,49,1024.3,1020.2,1,1,18.9,24.9,No,No
2012-05-11,Brisbane,13.4,25.8,0,3.6,10.1,NNW,15,SW,NNE,4,6,81,53,1023.1,1018.2,1,1,18.9,24.3,No,No
2012-05-12,Brisbane,13.4,27.2,0,3.8,10.1,W,13,SW,NW,2,6,83,38,1019.1,1014.6,0,1,17.6,27.1,No,No
2012-05-13,Brisbane,12.8,25.8,0,3.2,10,W,39,W,W,4,20,59,29,1016.3,1013.1,0,0,20.8,25.1,No,No
2012-05-14,Brisbane,10,21.4,0,7.2,9.9,WSW,22,SW,ENE,6,7,43,35,1020,1018.4,0,1,16.1,20,No,No
2012-05-15,Brisbane,8.1,23.4,0,5.4,9.5,SW,19,SW,SW,7,4,52,38,1022.5,1018.7,1,1,15.2,23.2,No,No
2012-05-16,Brisbane,10.2,24.3,0,4.8,9.9,WSW,17,SW,S,7,2,67,36,1022.8,1019.4,1,1,16.4,23.4,No,No
2012-05-17,Brisbane,10.9,24.9,0,3.8,9.8,E,20,SW,NNE,7,4,69,60,1023.6,1020.4,1,2,16.8,22.8,No,No
2012-05-18,Brisbane,11.9,24.1,0,3.8,8.7,E,19,SW,ESE,6,7,76,48,1024.2,1021.1,1,5,17.3,22,No,No
2012-05-19,Brisbane,10.8,24.4,0,3.4,9.3,ESE,17,SSW,ENE,4,9,75,51,1023.8,1020.4,1,1,17,22.6,No,No
2012-05-20,Brisbane,11.3,24,0,3.8,9.4,ESE,20,SSW,E,2,7,78,49,1023.8,1020.5,1,5,16.5,22.1,No,No
2012-05-21,Brisbane,11.7,22.9,0,3.2,5.9,SSE,20,SW,E,6,7,72,61,1024.5,1022,3,6,17,22,No,No
2012-05-22,Brisbane,13.7,24.8,0,2.2,9.8,ENE,17,WSW,NNE,6,6,76,50,1025.8,1022.3,2,3,18.4,23.8,No,No
2012-05-23,Brisbane,13,23.7,0,3.8,7.4,ENE,20,WSW,NNE,4,7,79,57,1026.3,1022.8,2,5,17.9,23.5,No,No
2012-05-24,Brisbane,14.1,23.8,0,3,3.5,NNE,26,NA,NE,0,6,82,68,1023.5,1020.5,7,7,18,22.3,No,No
2012-05-25,Brisbane,17.7,19.8,0.4,1.2,0,WNW,31,NA,WNW,0,6,93,88,1018.3,1015.6,8,8,18.8,16.9,No,Yes
2012-05-26,Brisbane,11.3,19.7,10.6,1.8,8.2,W,30,W,W,9,13,67,45,1019.2,1015,6,3,13.2,19.3,Yes,No
2012-05-27,Brisbane,8.4,22.6,0.2,4,8.9,SW,22,SW,SSE,6,4,56,45,1018.7,1015.8,1,3,14.8,21.2,No,No
2012-05-28,Brisbane,10.2,22.7,0,3,8.7,SSE,26,SW,S,7,9,63,51,1021.6,1019.5,1,6,15.7,21.9,No,No
2012-05-29,Brisbane,13.3,22.5,0,3.2,9.6,SE,35,SSW,SE,6,17,70,56,1025.3,1024.2,1,4,18.2,22.1,No,No
2012-05-30,Brisbane,13.2,22.9,0,3.6,7.2,SE,35,SSW,SE,2,11,85,56,1029.5,1026.7,6,4,16.7,21.8,No,Yes
2012-05-31,Brisbane,14.7,21,13.2,3.6,2.4,SE,31,S,SSE,7,7,91,72,1028.6,1026.1,6,8,16.9,19.1,Yes,Yes
2012-06-01,Brisbane,13.7,22,6,0,3.2,ESE,26,SSE,E,6,11,88,85,1024.9,1021.6,7,7,18.5,19.1,Yes,Yes
2012-06-02,Brisbane,15.2,22.4,13,1.6,0.8,ENE,26,SW,E,2,9,94,82,1019.6,1015.6,7,7,16.8,20.4,Yes,Yes
2012-06-03,Brisbane,16.4,22.9,26.4,0.8,1.5,WSW,15,WSW,NA,4,0,98,74,1012,1008.3,7,6,17.4,22.6,Yes,No
2012-06-04,Brisbane,13.8,22.4,0.2,1,9.7,W,44,W,W,9,19,74,47,1007.7,1004.5,1,2,18.8,21.5,No,No
2012-06-05,Brisbane,12.1,17.9,0,6.6,9.9,WNW,46,W,WNW,17,20,55,43,1007.6,1004.1,1,2,14.7,17.2,No,No
2012-06-06,Brisbane,10.7,22,0,5.6,8.3,W,30,WSW,S,11,7,58,42,1011,1010.3,1,2,14.7,21.6,No,No
2012-06-07,Brisbane,12.1,21.1,0,5.4,7.5,SE,22,SW,ESE,7,9,68,51,1018.2,1016.7,1,4,16.3,20.1,No,No
2012-06-08,Brisbane,11,20.7,0,3.2,4,SSE,28,SSW,ESE,6,11,72,57,1022.8,1020.8,6,7,15.3,18.8,No,No
2012-06-09,Brisbane,12.7,20.3,0,2.4,6,SSE,26,WSW,SE,6,11,79,61,1023.8,1020.5,6,5,14.9,18.9,No,Yes
2012-06-10,Brisbane,12.8,17.9,7,0.2,0,SSE,22,SW,SSE,4,7,98,80,1021.1,1016.5,7,7,13.2,17.2,Yes,Yes
2012-06-11,Brisbane,13.2,19,5.2,1.6,0.4,SW,30,SSW,SW,7,11,79,82,1012.8,1009.8,7,8,15.9,15.6,Yes,Yes
2012-06-12,Brisbane,14,21.9,1.6,2.4,8.8,SW,33,SW,SSW,7,7,66,59,1010.2,1009.5,1,1,18.9,20.8,Yes,No
2012-06-13,Brisbane,13.5,22.7,0.4,3.4,7.9,S,26,SSW,S,7,4,68,53,1014.9,1013.3,2,2,17.5,21.9,No,No
2012-06-14,Brisbane,12.7,23.3,0.2,3.6,9,W,24,SW,SSW,7,6,72,52,1017.3,1015.3,0,2,17.2,21.8,No,No
2012-06-15,Brisbane,10.2,23.5,0,3,9.8,SW,13,SW,N,2,4,79,53,1020.5,1017.7,1,1,15.3,22.2,No,No
2012-06-16,Brisbane,10.1,23.8,0,2.6,9.6,NE,22,NA,NE,0,9,78,63,1022.3,1017.5,0,1,14.8,21.6,No,No
2012-06-17,Brisbane,13.2,23.4,0,2.2,9.9,W,26,W,W,7,9,64,33,1021.3,1018.4,1,0,18,22.8,No,No
2012-06-18,Brisbane,9.2,21.2,0,3.2,9.9,WSW,20,WSW,WSW,9,2,56,41,1022.6,1018.9,0,0,15.1,20.9,No,No
2012-06-19,Brisbane,8.4,21.8,0,2.8,10,W,20,WSW,W,6,11,71,39,1022.4,1018.4,0,1,13.8,20.3,No,No
2012-06-20,Brisbane,8.5,22.6,0,2,9.8,NE,19,SW,NNE,6,6,67,53,1023,1019.9,1,2,13.8,20.9,No,No
2012-06-21,Brisbane,8.2,22.9,0,3.4,9.8,NW,19,S,NNW,2,6,98,38,1021.8,1017.1,1,0,10.6,22.4,No,No
2012-06-22,Brisbane,10.5,24.8,0,3,8.5,NNW,24,NA,NNE,0,9,63,52,1017.8,1013.4,2,3,18.8,23.1,No,No
2012-06-23,Brisbane,12.9,19.1,0,3.2,0.4,WSW,24,WSW,NW,9,4,53,41,1022.2,1020.4,7,7,14.4,18.2,No,No
2012-06-24,Brisbane,11.8,19.6,0,3.8,1.2,SE,22,WSW,SE,6,9,68,55,1027.7,1025.4,6,7,13.8,18.6,No,No
2012-06-25,Brisbane,13.4,17.4,0.2,2.8,0.2,WSW,17,SW,WSW,6,4,60,63,1027.9,1024.6,8,8,14.2,17.3,No,No
2012-06-26,Brisbane,13.3,16.1,0,2,0,WSW,17,S,SSW,2,2,76,90,1025.1,1023.5,8,8,15.8,14.1,No,Yes
2012-06-27,Brisbane,11.9,15.1,27.2,2,0,SSE,37,WSW,SSW,6,4,98,98,1024.2,1020.8,8,8,12.6,14.3,Yes,Yes
2012-06-28,Brisbane,12.6,19,21.4,1.4,0,SSE,33,SW,SSE,6,17,98,89,1017.5,1012.4,8,7,14.7,17.8,Yes,Yes
2012-06-29,Brisbane,14.7,23.3,13.2,1.2,8.8,SSE,24,SW,S,6,6,88,61,1012.5,1010,4,3,18,22.7,Yes,No
2012-06-30,Brisbane,11.6,23,0,2,9.8,W,17,SW,SW,7,2,87,47,1015.8,1012.7,1,1,15.4,22.9,No,No
2012-07-01,Brisbane,9.8,23.4,0,1.6,9.5,W,22,SSW,WNW,4,7,84,49,1018.4,1014.4,1,2,13.9,22.9,No,No
2012-07-02,Brisbane,6.5,19.6,0,3.4,10.1,W,26,WSW,W,7,11,48,34,1019.8,1016.3,0,0,13.9,19.1,No,No
2012-07-03,Brisbane,6,19.5,0,3.6,10.2,WNW,15,SW,W,4,4,58,42,1020.1,1016.8,0,0,12.9,18.9,No,No
2012-07-04,Brisbane,6.8,19.3,0,2.8,10.1,SW,20,SSW,WSW,4,6,58,35,1022.9,1021,1,0,12.4,18.9,No,No
2012-07-05,Brisbane,7.1,22,0,2.4,9.2,SW,20,WSW,SSW,7,6,61,43,1025.8,1023.2,1,3,13.3,21,No,No
2012-07-06,Brisbane,9.9,20.4,0,3.2,9.6,SE,33,SSW,SSE,9,11,65,52,1027.1,1024.9,1,2,15.3,18.9,No,No
2012-07-07,Brisbane,10.7,21.4,0,3.4,4.8,ESE,26,SW,ESE,4,11,75,53,1028,1025.6,3,5,15,19.8,No,No
2012-07-08,Brisbane,10.7,21.3,0,2.8,9.3,E,24,SW,ESE,6,11,77,53,1028.4,1025.9,2,3,14.1,19.5,No,No
2012-07-09,Brisbane,11.4,21,0,3,7.7,E,28,SW,ESE,4,13,74,66,1029,1025.2,3,3,15.3,19.1,No,Yes
2012-07-10,Brisbane,12.3,18.7,4.2,2.4,0,E,22,SSE,E,2,9,98,83,1025.9,1022.6,7,8,15.9,17.5,Yes,Yes
2012-07-11,Brisbane,14.8,21.5,4.4,1.8,1.2,NE,20,NA,NE,0,6,98,93,1024,1020.5,8,8,16.4,18.5,Yes,No
2012-07-12,Brisbane,15.8,22.4,0.6,0.6,2.3,NNE,22,NA,NNE,0,4,97,98,1021.3,1016.7,7,8,19.2,20.4,No,Yes
2012-07-13,Brisbane,18.7,22.9,19.2,1.4,0.8,SW,17,NE,NE,2,6,98,95,1017.1,1013.8,7,8,21,21.3,Yes,Yes
2012-07-14,Brisbane,17.8,24.5,12,0.2,4.3,WNW,28,WSW,W,6,9,82,57,1016.9,1014.8,6,7,19.9,21.9,Yes,No
2012-07-15,Brisbane,15.7,21.1,0.4,3.4,4.8,W,30,W,WSW,9,11,75,39,1020.4,1018,8,2,15.8,20.6,No,No
2012-07-16,Brisbane,8.5,21.3,0.2,3.6,4,ESE,22,SW,E,6,13,64,52,1026.8,1024.1,0,6,13.8,20.6,No,Yes
2012-07-17,Brisbane,12,21.4,2,2.8,6,ESE,20,SW,E,2,9,78,58,1026.4,1022.1,7,3,15.4,21.1,Yes,No
2012-07-18,Brisbane,13.2,20.8,0.6,2.6,0.7,ENE,13,S,ENE,2,6,92,63,1021.1,1015.8,8,7,15.7,20,No,Yes
2012-07-19,Brisbane,13.9,22.2,7.4,3.4,9.6,SSE,22,SW,SSW,7,7,81,50,1016.1,1013.5,1,3,16.9,21.2,Yes,No
2012-07-20,Brisbane,9.8,21.9,0.2,1.8,9.8,WSW,20,SW,SW,9,6,59,46,1020.4,1017.6,1,3,14.9,21.6,No,No
2012-07-21,Brisbane,12.7,22,0,3.8,6.4,SSW,22,SW,SSW,7,9,63,58,1021.8,1020.2,6,6,16.9,20.1,No,No
2012-07-22,Brisbane,12.4,21.2,0,3.6,7.8,SW,31,SW,SSW,7,9,64,58,1023,1021.2,1,6,17.1,18.2,No,No
2012-07-23,Brisbane,10.9,21.5,0,3.6,8.2,S,22,SW,SSW,6,7,68,48,1022.7,1019.7,1,2,15.5,21.3,No,No
2012-07-24,Brisbane,11.2,22.1,0,3,9,SE,20,SW,S,6,4,67,48,1024.4,1021.3,1,6,15.9,20.3,No,No
2012-07-25,Brisbane,10.5,21.3,0,3.8,7.2,S,20,SSW,ENE,6,7,73,57,1022.9,1020.3,3,4,15.5,20.4,No,No
2012-07-26,Brisbane,12.8,22,0,2.2,6.4,NE,17,WSW,NE,6,9,75,57,1019.9,1015.1,5,6,16.4,20.3,No,No
2012-07-27,Brisbane,10.3,22.6,0,2.2,7.4,W,26,SW,NNW,6,6,82,46,1015,1010.2,2,4,14.9,20,No,No
2012-07-28,Brisbane,7.7,19.8,0,3.6,10.3,WNW,31,W,W,11,11,54,39,1017.4,1015.1,1,2,14.2,19.6,No,No
2012-07-29,Brisbane,6.6,20.4,0,6,9.7,W,20,SW,SW,4,6,62,41,1022.2,1019.1,0,2,13.6,19.9,No,No
2012-07-30,Brisbane,7.9,21.6,0,4.2,9.9,WSW,17,SW,W,6,6,66,32,1021.4,1017.2,1,1,13.9,21,No,No
2012-07-31,Brisbane,8.5,21.4,0,3.6,10,SW,22,SSW,W,7,2,54,36,1023.3,1019.1,1,2,14.4,21.2,No,No
2012-08-01,Brisbane,7.8,21.1,0,3.6,10,WSW,20,SW,WSW,4,6,70,32,1022.4,1017.7,0,1,13.9,21.1,No,No
2012-08-02,Brisbane,4.6,20.7,0,2.4,10.4,WNW,22,SW,SSW,6,2,52,28,1021.6,1018.2,0,0,13.4,20.3,No,No
2012-08-03,Brisbane,4.1,21.6,0,3.6,9.3,W,24,SW,WSW,2,9,61,26,1020.3,1016.4,1,2,12.5,21.3,No,No
2012-08-04,Brisbane,5.4,22.5,0,4.4,10.2,ENE,19,SW,SSW,4,4,54,28,1021.3,1017.1,0,0,13.8,22.1,No,No
2012-08-05,Brisbane,5.9,23.6,0,4,10.2,W,26,WSW,S,6,4,65,25,1021.4,1016.1,0,1,12.1,23.1,No,No
2012-08-06,Brisbane,7.1,25.1,0,3.6,10.3,WSW,28,SSW,W,2,11,58,22,1019.9,1016.6,0,1,14.4,24.9,No,No
2012-08-07,Brisbane,7.9,23.2,0,5,10.1,NA,NA,SW,S,6,4,46,24,1023.9,1021.2,0,1,15.6,22.3,No,No
2012-08-08,Brisbane,6.7,23.7,0,3.4,10.1,NNW,19,SW,WNW,4,7,57,16,1024.3,1019.3,0,0,13.2,23.4,No,No
2012-08-09,Brisbane,7.3,25.5,0,3.8,8.7,W,30,SSW,WNW,2,17,50,23,1018.1,1011.4,5,3,16.2,24.7,No,No
2012-08-10,Brisbane,10.5,19.3,0,6,10.3,SW,39,SW,WSW,9,13,41,22,1015.7,1012.2,1,0,13.8,18.8,No,No
2012-08-11,Brisbane,9.7,21.9,0,7,10.2,W,28,WSW,SSW,7,6,40,28,1017.9,1014.8,1,5,14.6,20.8,No,No
2012-08-12,Brisbane,9,22.1,0,4.6,7.2,SE,20,SW,S,6,7,51,38,1020.7,1017.9,3,6,16.6,20.9,No,No
2012-08-13,Brisbane,10,21.7,0,4,9.7,SE,20,SW,SE,6,6,57,47,1024.6,1021.5,1,4,15.7,19.6,No,No
2012-08-14,Brisbane,8.1,23.3,0,3.4,10,W,22,WSW,WNW,4,7,72,28,1024.2,1019.8,1,5,13.9,23,No,No
2012-08-15,Brisbane,7.8,24.8,0,3.2,10.2,W,24,SSW,WNW,2,6,60,26,1022.5,1017.8,0,1,14.8,24.3,No,No
2012-08-16,Brisbane,8.5,25.1,0,3.4,9.7,NA,NA,NA,NE,0,7,59,47,1019,1013.3,1,2,17,24.3,No,No
2012-08-17,Brisbane,10.4,26.6,0,4,9.9,NNW,30,ENE,NE,2,7,68,50,1015.8,1010.4,3,3,17.8,23.7,No,No
2012-08-18,Brisbane,12.5,21.6,0,4.8,10.9,WNW,43,W,W,9,17,28,21,1016.7,1013.7,1,1,17.3,20.9,No,No
2012-08-19,Brisbane,7.3,20.4,0,7.6,8.9,W,19,SW,NE,9,7,39,34,1021.7,1019.4,2,8,15.6,18.9,No,No
2012-08-20,Brisbane,11.4,22.6,0,3,9.7,E,20,WSW,ENE,4,11,55,44,1023.1,1018.9,2,1,16.1,20.7,No,No
2012-08-21,Brisbane,10.5,22.3,0,3.6,7.2,ENE,20,SSE,ENE,4,9,69,49,1023.1,1019.3,7,7,17.4,21.1,No,No
2012-08-22,Brisbane,11.4,24.1,0,2.8,8.1,ENE,17,WSW,ENE,6,6,79,57,1021.5,1016.7,6,2,16.4,22.7,No,No
2012-08-23,Brisbane,12.8,26.1,0,2.2,10.2,NNE,22,ENE,NE,2,11,67,64,1020.1,1015.5,1,1,21.7,24.9,No,No
2012-08-24,Brisbane,17.9,27.6,0,3.8,7.1,NNW,22,NW,ENE,4,9,77,63,1018.9,1014.7,6,5,21.4,25.2,No,No
2012-08-25,Brisbane,11.7,25.6,0,4,10.5,WSW,20,WSW,SW,7,4,34,18,1021.1,1016.3,1,0,18.9,25.3,No,No
2012-08-26,Brisbane,9.5,25.8,0,5.4,10.9,WNW,20,SW,S,6,4,54,24,1019.8,1014.8,0,1,16.5,24.9,No,No
2012-08-27,Brisbane,13.2,22.6,0,5,9.2,ESE,28,SE,E,13,11,58,43,1022.2,1019.6,7,2,19.5,20.9,No,No
2012-08-28,Brisbane,10.6,22.4,0,7,9.8,ENE,19,SSW,NE,4,9,60,46,1024.9,1020.8,1,2,17.3,21.1,No,No
2012-08-29,Brisbane,10.4,22.9,0,4.6,10.6,N,20,SW,NE,6,11,66,53,1023.2,1017.7,5,1,16.2,21.5,No,No
2012-08-30,Brisbane,11.3,25.6,0,4.4,10.3,NE,24,NNE,NE,4,11,63,60,1018.6,1013.1,1,1,19.9,23.7,No,No
2012-08-31,Brisbane,15.8,22.2,0.2,4.6,2.3,W,24,W,W,7,4,68,41,1016.1,1014.5,6,7,19.8,21,No,No
2012-09-01,Brisbane,9.3,22.2,0,6.4,10.5,W,26,SSW,W,6,6,35,23,1020.4,1016.8,0,0,15.8,22.1,No,No
2012-09-02,Brisbane,7.3,22.4,0,4.8,11,S,20,SW,NE,6,9,55,36,1024,1019.8,0,1,14.8,20.7,No,No
2012-09-03,Brisbane,8.6,24.6,0,4,10.9,NNE,15,WSW,ENE,4,7,60,40,1023.9,1018.8,0,1,16.5,22.9,No,No
2012-09-04,Brisbane,10.2,24.6,0,4,10.8,NNE,20,WSW,NNE,9,7,62,41,1025.3,1021.1,1,1,16.9,23.6,No,No
2012-09-05,Brisbane,11.1,23.7,0,6.6,10.7,NE,30,SW,NE,4,13,65,43,1024.1,1019,1,1,18.5,22.2,No,No
2012-09-06,Brisbane,14.6,27.3,0,5.8,10.6,NW,33,NW,NNE,11,11,52,49,1019.9,1014.8,1,1,21.5,24.5,No,No
2012-09-07,Brisbane,15.6,27.4,0,6.4,9.6,E,20,NNW,ENE,7,9,56,52,1015.4,1010.2,1,1,22.1,25.4,No,No
2012-09-08,Brisbane,12.1,27.1,0,7.8,11.2,WSW,30,WSW,WNW,11,13,25,16,1018.1,1013.2,0,0,19.1,26.5,No,No
2012-09-09,Brisbane,12.3,24.5,0,8,10.8,ESE,24,WSW,ENE,7,13,36,55,1020.9,1018.9,1,2,19.4,22.8,No,No
2012-09-10,Brisbane,16,23.3,0,6.2,5,SE,24,ESE,ENE,11,9,52,54,1026.1,1023.1,7,8,20.7,21.7,No,No
2012-09-11,Brisbane,12.4,25,0,4,10.1,E,19,WSW,ENE,7,9,66,39,1025.6,1020.9,1,1,19.3,24.6,No,No
2012-09-12,Brisbane,13.1,25.6,0,4.6,10.6,NE,22,NNW,ENE,2,11,62,43,1024.1,1019.9,1,1,20.8,24.3,No,No
2012-09-13,Brisbane,14,25.3,0,4.8,10.5,NNE,30,N,NNE,6,9,61,57,1018.7,1011.8,1,1,21.4,24.3,No,No
2012-09-14,Brisbane,13,23.2,0,7.6,10.5,WSW,28,SW,ESE,7,9,35,35,1017.5,1015.1,1,1,17.6,22.2,No,No
2012-09-15,Brisbane,10.9,23.4,0,6.8,10.4,NE,26,SW,E,6,11,53,45,1023.1,1019.9,1,1,18.6,21.8,No,No
2012-09-16,Brisbane,11.1,23.5,0,5.4,10.6,E,19,W,NE,6,9,60,46,1022.6,1017.7,5,5,17.5,22.3,No,No
2012-09-17,Brisbane,13.3,23.6,0,4.6,7.5,E,24,S,NE,4,11,63,51,1020.3,1017,3,7,20.9,22.4,No,No
2012-09-18,Brisbane,15,21.1,0.2,4.6,4.3,E,26,E,ENE,9,11,70,72,1019.8,1016.9,8,5,19.8,19.6,No,Yes
2012-09-19,Brisbane,13.2,27.6,1.2,3.8,10.6,NE,31,S,NE,2,11,73,55,1018.7,1013.6,3,2,19.4,24.5,Yes,No
2012-09-20,Brisbane,14.8,28.4,0.2,3.8,10.8,ENE,22,WSW,NE,6,11,67,53,1019.2,1014.5,1,0,21.4,25.1,No,No
2012-09-21,Brisbane,15.1,26.2,0,3,3.5,NNW,20,NW,N,2,6,84,75,1018.2,1014.2,7,7,19.2,22.3,No,No
2012-09-22,Brisbane,13.8,29.9,0.2,2.2,10.8,E,28,SW,ENE,4,15,59,55,1014.9,1010.9,1,1,24.7,25.4,No,No
2012-09-23,Brisbane,16.4,30.8,0,4,10.4,NE,22,SSW,ENE,6,9,65,54,1013.3,1009.3,1,1,23.7,27.1,No,No
2012-09-24,Brisbane,18.2,30.6,0,6,4.4,NNW,28,WNW,NE,6,6,83,66,1013.1,1009.1,7,8,19.8,24.6,No,No
2012-09-25,Brisbane,15.9,25.6,0.6,4.6,10.6,E,31,ESE,ESE,13,15,58,53,1018.5,1016.9,2,5,22.9,23.8,No,No
2012-09-26,Brisbane,15.3,24.7,0,7,6.9,ENE,28,E,E,9,13,53,42,1021.6,1018.5,4,3,21.7,23.2,No,No
2012-09-27,Brisbane,14.2,26.1,0,6.4,9.9,ENE,22,NE,ENE,4,11,51,49,1022,1017.9,3,2,22.7,23.9,No,No
2012-09-28,Brisbane,13.8,25.5,0,4.8,10.8,NE,28,N,NNE,7,15,56,59,1019.9,1014.8,1,1,22.5,23.9,No,No
2012-09-29,Brisbane,14.9,29.3,0,7.8,7.5,W,28,N,NE,9,7,50,53,1016.3,1011.5,5,6,22.6,25.5,No,Yes
2012-09-30,Brisbane,17.8,23.8,3.2,5.2,0.8,E,20,SW,E,4,6,70,57,1018.9,1017.2,8,7,20.6,23.7,Yes,No
2012-10-01,Brisbane,15.2,21.9,0.6,2.6,0,ESE,26,SSW,ESE,4,11,86,58,1024.8,1023.5,8,8,16.8,20.1,No,No
2012-10-02,Brisbane,14.7,24.5,0,2.6,11.3,ESE,35,SE,ESE,11,17,57,43,1028.9,1025.4,5,NA,21.8,21.9,No,No
2012-10-03,Brisbane,14.2,25.1,0,7.6,9.6,ENE,30,S,ENE,6,9,52,46,1028,1024,7,2,21.4,23.5,No,No
2012-10-04,Brisbane,12.6,27.9,0,5.6,11.5,NNW,28,S,NE,4,9,58,48,1024.7,1019.4,2,0,21.7,24.9,No,No
2012-10-05,Brisbane,12.9,29,0,7,11.3,NE,26,SW,NNE,2,11,56,49,1022.6,1017.9,0,1,23.5,27,No,No
2012-10-06,Brisbane,14.3,30.9,0,5.4,11.4,NE,20,E,NE,6,11,45,48,1018.4,1013.1,0,1,26.1,28.6,No,No
2012-10-07,Brisbane,15.2,31.6,0,6.8,10.8,SE,43,NE,ENE,4,11,45,43,1013.3,1006.5,0,2,27,30.3,No,No
2012-10-08,Brisbane,18.1,24.8,0,7.8,6.1,E,26,ESE,E,6,9,64,62,1014.8,1010.6,7,3,20.5,22.6,No,No
2012-10-09,Brisbane,16.6,31.2,0,5,11.2,WNW,33,WNW,W,6,11,60,19,1012.1,1006.7,4,1,23.6,30.8,No,No
2012-10-10,Brisbane,17.2,28.3,0,9,9.1,NNE,31,ENE,NNE,6,11,66,68,1014.6,1008.8,7,1,22.9,26.9,No,No
2012-10-11,Brisbane,20.9,24.2,0.6,5.8,0,W,44,N,SW,7,4,79,92,1009.1,1007.6,8,8,22.5,17.1,No,Yes
2012-10-12,Brisbane,12.7,20,11.6,1.4,11.9,W,57,W,WSW,24,20,43,30,1015.2,1014.4,2,1,15.2,19.3,Yes,No
2012-10-13,Brisbane,8.8,25.4,0,11.8,12.1,NNE,24,SW,NNE,6,7,37,26,1022.3,1017.6,0,1,19.8,23.5,No,No
2012-10-14,Brisbane,11.3,27.9,0,6.8,11.8,SE,41,SW,ENE,6,11,47,33,1023.3,1018.9,1,1,20.4,24.7,No,No
2012-10-15,Brisbane,14,25,0,6.2,NA,E,26,SE,ENE,6,11,48,48,1026.6,1023.2,1,1,21.8,23.5,No,No
2012-10-16,Brisbane,13.9,26.2,0,6.2,11.8,NE,28,E,NE,6,13,56,49,1024.6,1020.4,3,1,22.9,24.4,No,No
2012-10-17,Brisbane,13.9,28.7,0,6.8,12,NE,22,N,NNE,6,11,45,46,1020.9,1015.8,0,0,24.1,26.5,No,No
2012-10-18,Brisbane,16.5,28.6,0,9,10.3,NE,30,ESE,ENE,7,17,57,63,1020.5,1017.6,2,4,25.9,25.5,No,No
2012-10-19,Brisbane,19.4,27.2,0.4,5.6,11.5,NE,28,N,NE,7,11,58,58,1020.1,1015.6,2,8,24.7,25.6,No,No
2012-10-20,Brisbane,16.7,30.2,0,8,11.2,NE,28,NNW,NE,6,11,49,57,1016.4,1011,1,1,26.9,28.2,No,No
2012-10-21,Brisbane,16.3,31.6,0,6.6,11.2,E,24,ENE,NE,4,9,53,46,1015.6,1012.2,0,1,27.3,29.4,No,No
2012-10-22,Brisbane,20.6,33.2,0,5.6,11.2,ESE,41,NE,NE,4,9,53,51,1013.8,1007.6,6,2,27.5,30,No,No
2012-10-23,Brisbane,15.3,24.8,0,9.4,10.7,SE,37,S,ESE,9,13,35,46,1021.2,1018.6,1,7,21.6,22,No,No
2012-10-24,Brisbane,14.8,25.7,0,8.8,11.9,SE,39,SSE,E,11,19,45,44,1022.1,1017.6,3,2,21.9,24.1,No,No
2012-10-25,Brisbane,13.7,26.5,0,8,11.1,ENE,26,WSW,ENE,7,13,52,42,1018.1,1012.5,7,3,21.1,25.2,No,No
2012-10-26,Brisbane,13.7,31.3,0,7.8,11.4,NE,24,ENE,NNE,4,11,50,54,1010.9,1006.3,0,0,24.8,27.3,No,No
2012-10-27,Brisbane,18.9,29.6,0,5.4,8.8,E,37,SSE,E,7,20,55,51,1011,1010.7,2,7,27,25.5,No,Yes
2012-10-28,Brisbane,18.1,23.4,8.2,8.4,0.2,ESE,37,SE,ESE,15,15,55,54,1022.1,1020.2,7,7,21.3,21.3,Yes,No
2012-10-29,Brisbane,16,25.6,0,5.6,3.7,ESE,30,SSE,ESE,13,11,58,43,1022.1,1018.8,7,6,20.9,23.4,No,No
2012-10-30,Brisbane,14.8,25.7,0,5.8,5.8,ENE,19,ESE,ENE,4,9,59,55,1019.5,1016.1,6,6,22.2,23.9,No,No
2012-10-31,Brisbane,16.8,29.2,0,4,8.9,ESE,31,SSW,NE,6,9,56,74,1017.7,1014.7,2,5,25.1,24,No,No
2012-11-01,Brisbane,15.8,29.6,0.4,4.8,12.5,NNE,31,NNE,NE,6,15,59,59,1014.9,1008.7,1,6,25,26.9,No,No
2012-11-02,Brisbane,18.6,29.4,0,6,10.6,E,46,ESE,ESE,13,20,52,52,1008.6,1009.8,5,1,27.8,25.3,No,No
2012-11-03,Brisbane,19.4,26.5,0,11,7.4,ENE,30,E,E,11,13,57,51,1017.7,1016.3,7,7,22.6,23.8,No,No
2012-11-04,Brisbane,17.6,26.3,0.6,7,9.1,ENE,22,E,E,6,9,71,49,1020.6,1017.6,6,3,21.2,24.4,No,No
2012-11-05,Brisbane,15.6,27.1,0.2,9.6,12.2,ENE,26,NNW,ENE,2,13,58,52,1020.6,1017.7,5,1,23.5,25.2,No,No
2012-11-06,Brisbane,15.5,27,0,6.6,11.3,ENE,30,ENE,ENE,6,15,49,50,1019.8,1016.9,5,2,24.9,24.9,No,No
2012-11-07,Brisbane,15.7,28,0,6.8,8.2,E,22,NE,NE,4,11,65,53,1017.8,1014.4,6,6,22.6,26,No,No
2012-11-08,Brisbane,19.8,28,0,4.2,8,NE,33,ENE,NE,9,17,73,60,1015.9,1013.5,7,2,24.4,25.8,No,No
2012-11-09,Brisbane,21.5,29.3,0,9.6,8.3,NE,33,N,NNE,7,13,57,61,1016.8,1013.9,2,7,27,25.1,No,Yes
2012-11-10,Brisbane,20.4,22.4,8,5.4,0,WNW,22,WNW,SSE,4,6,88,91,1017,1015.2,8,8,22.1,19.8,Yes,Yes
2012-11-11,Brisbane,16.9,25.8,22,3,7.1,SSE,46,SSE,SE,15,19,62,37,1021.8,1019.9,7,2,22.3,24.6,Yes,No
2012-11-12,Brisbane,15.3,25.8,0,8,11.7,E,30,SE,E,9,13,58,45,1024.9,1021.2,7,2,21.3,24.2,No,No
2012-11-13,Brisbane,14.1,26.8,0,7.2,11.9,NE,22,WNW,NNE,4,9,50,48,1022.1,1018,1,2,23.4,25.5,No,No
2012-11-14,Brisbane,14.8,27.9,0,8,12.3,NE,26,N,NNE,6,13,53,56,1019.5,1015.6,1,1,24.3,26.3,No,No
2012-11-15,Brisbane,17.8,28.5,0,6.6,11.6,NE,33,NE,NE,6,13,56,59,1016.6,1012,1,2,25.7,27.1,No,No
2012-11-16,Brisbane,17.9,31.1,0,7.6,12.1,NE,30,NW,NE,7,13,39,59,1012.1,1007,1,1,27.4,28.9,No,No
2012-11-17,Brisbane,22.4,27.2,0,8,4.7,WSW,70,ENE,NNE,6,6,71,61,1011.9,1009.7,7,3,25.9,26.5,No,Yes
2012-11-18,Brisbane,17.5,26.1,64,NA,2.9,NNW,24,NA,N,0,6,92,74,1011.5,1007.1,8,6,20.4,24.1,Yes,Yes
2012-11-19,Brisbane,17.6,34.4,16.6,5.8,12.4,WNW,35,W,WNW,6,13,71,20,1011.4,1007,1,2,26,33.7,Yes,No
2012-11-20,Brisbane,18.2,28.1,0,9,12,ENE,26,S,ENE,6,9,44,43,1017,1014.6,6,1,23.4,25.7,No,No
2012-11-21,Brisbane,17.7,28.1,0,8,12.1,SE,28,SE,E,9,13,56,61,1017,1013.7,4,4,25.5,24.7,No,No
2012-11-22,Brisbane,18.1,28.9,0,5.6,9,ENE,24,W,NNE,4,7,58,57,1014.2,1010.5,2,7,25.1,27.1,No,No
2012-11-23,Brisbane,22.4,28.1,0,7.8,8.6,ENE,26,ENE,ENE,7,9,58,60,1017,1015.3,3,7,26,25.7,No,No
2012-11-24,Brisbane,19.1,27.7,0,7,11.6,NE,26,ENE,ENE,11,11,58,57,1019.3,1016.7,7,7,24.4,26,No,No
2012-11-25,Brisbane,19.8,28.1,0,6.8,11.7,ENE,28,NNE,NE,7,9,57,54,1019,1016.3,3,1,26,27,No,No
2012-11-26,Brisbane,21.2,28.8,0,7.6,9.7,E,30,NNE,NE,4,13,65,46,1019.1,1015.7,3,3,25,27.6,No,No
2012-11-27,Brisbane,19,29.4,0,7.8,11,NNE,26,NW,NNE,6,7,62,53,1018.1,1015,7,7,25.6,28.1,No,No
2012-11-28,Brisbane,20.7,30.3,0,8.4,11.2,NE,26,NE,NNE,4,11,59,54,1016.8,1013.7,6,7,27.3,28.4,No,Yes
2012-11-29,Brisbane,20.5,29.9,5,7,11.3,NNE,20,E,NNE,4,9,57,53,1016.6,1013.9,2,1,26.6,29.2,Yes,No
2012-11-30,Brisbane,20,30.6,0,7,13.2,NE,26,E,NNE,6,11,58,48,1017.2,1015,1,1,27.6,29.6,No,No
2013-01-01,Brisbane,20.1,30.1,0,7.2,8.9,ENE,22,ENE,ENE,6,11,63,51,1016.2,1013,6,7,27.8,28.2,No,No
2013-01-02,Brisbane,21.4,34.8,0,8,13.1,SE,30,SW,ENE,4,13,56,47,1011.4,1007.7,1,1,28.6,32.9,No,No
2013-01-03,Brisbane,23.5,30.7,0,11.8,11.7,ESE,37,SE,E,15,19,54,53,1015.3,1013,3,1,28.1,28.3,No,No
2013-01-04,Brisbane,21.6,29.8,0,10.8,12.1,ENE,33,ESE,ESE,11,15,51,44,1016,1013.9,5,2,27,28.8,No,No
2013-01-05,Brisbane,21.7,28.5,0,9.8,6.1,ENE,33,ESE,ENE,6,13,58,60,1017,1015.5,6,5,26.3,27.4,No,Yes
2013-01-06,Brisbane,21.1,29.2,2,7.4,6.5,E,31,SSE,E,7,19,79,54,1018.4,1017.4,6,6,25.5,27.8,Yes,No
2013-01-07,Brisbane,19.8,30.5,0.2,8.8,8.9,ESE,35,E,ESE,17,11,54,49,1019.3,1016.9,7,7,26.7,28.5,No,No
2013-01-08,Brisbane,20.4,30.3,0,10.4,11.2,NNE,28,W,NE,2,13,66,54,1014,1008.1,6,1,25.8,29.8,No,No
2013-01-09,Brisbane,21.6,33.3,0,8.8,12.6,NE,35,N,NNE,6,15,54,59,1004.7,999.3,1,2,28.6,30.8,No,No
2013-01-10,Brisbane,23.5,31.7,0,10,11.1,E,30,ENE,ENE,6,17,54,57,1006,1005.9,5,7,30.6,30.3,No,No
2013-01-11,Brisbane,25.8,33.4,0,9.8,11.4,NE,30,NE,NNE,9,13,66,48,1012.1,1009.9,5,3,29.7,31.9,No,No
2013-01-12,Brisbane,26.1,34.2,0,9.4,9.8,NE,30,NNW,NNE,6,11,56,60,1012.7,1009.3,1,1,31.9,31.7,No,No
2013-01-13,Brisbane,24.6,33.9,0,9.8,12.9,NE,28,NW,NE,4,11,60,57,1011.1,1007.9,1,1,29.9,31.4,No,No
2013-01-14,Brisbane,24.2,32.1,0,10.8,3.1,SE,46,SSE,SE,7,17,51,69,1008.7,1009.5,7,7,30.9,26.3,No,No
2013-01-15,Brisbane,21.9,29.4,0,6.6,6.3,SSE,33,SE,E,15,15,63,51,1016.7,1014.4,7,6,23.7,28.1,No,No
2013-01-16,Brisbane,19.9,29.9,0,6.8,12.3,E,28,ESE,ENE,4,11,53,52,1015.5,1013,3,2,26.5,29.1,No,No
2013-01-17,Brisbane,19.9,30,0,7.8,11.5,ENE,28,ENE,ENE,4,13,56,47,1013.5,1010.3,4,1,26.9,28.8,No,No
2013-01-18,Brisbane,21.4,32.6,0,7.6,12.3,NE,31,NNW,NNE,7,11,57,52,1011.6,1006.8,1,1,27.9,30.3,No,No
2013-01-19,Brisbane,23.1,35.4,0,10.2,11.2,ENE,30,W,NE,4,13,56,57,1008.7,1006,5,1,30.1,31.9,No,Yes
2013-01-20,Brisbane,23.5,32.2,1.2,8.4,10.8,ENE,31,NNE,E,4,13,65,56,1012.6,1010,3,2,27.8,30.5,Yes,Yes
2013-01-21,Brisbane,22.1,29.7,1.2,9.4,6.1,SE,26,S,SE,4,7,73,72,1012.5,1009.9,6,7,26.3,26.6,Yes,Yes
2013-01-22,Brisbane,21.3,29.5,3.4,6.4,8.8,E,24,NA,SE,0,6,73,87,1011.9,1010.3,6,6,25.8,24.3,Yes,No
2013-01-23,Brisbane,21.1,31.3,0.4,6.4,6.6,E,26,ESE,ENE,4,13,65,63,1012.7,1010.3,6,6,27.8,28.7,No,No
2013-01-24,Brisbane,23,26.7,0,6.2,0,NE,24,SE,ESE,7,4,79,81,1012.7,1010.6,7,8,25.5,25.7,No,Yes
2013-01-25,Brisbane,22.6,27.4,21.6,4.8,0,ENE,44,ENE,E,9,13,90,92,1010.2,1008.1,8,8,24.7,24.2,Yes,Yes
2013-01-26,Brisbane,23.1,26.1,39.2,1.6,0,NE,44,ENE,E,17,15,92,91,1008.1,1006,8,8,24.9,25.1,Yes,Yes
2013-01-27,Brisbane,23.2,25.3,54.6,2,0,E,70,E,E,22,24,92,97,1003.3,999,8,8,24.2,23.7,Yes,Yes
2013-01-28,Brisbane,23.1,28.8,145,2.1,3.2,E,67,ENE,NE,37,13,90,76,998.4,998.1,8,7,25.2,27.4,Yes,Yes
2013-01-29,Brisbane,22.4,34.1,2.2,1.6,13.2,WNW,24,WSW,W,4,9,71,NA,1004.5,1003.3,6,2,28,NA,Yes,No
2013-01-30,Brisbane,NA,NA,0,6.8,10.2,NA,NA,SSW,SE,6,24,73,66,1010.4,1010.3,5,4,28.9,28.7,No,NA
2013-01-31,Brisbane,NA,28.3,NA,7.4,4.6,E,19,ENE,ENE,6,6,81,56,1013.6,1010.9,7,7,25.6,27.8,NA,No
2013-03-01,Brisbane,22.6,26.7,0,4.8,0,E,17,N,NE,4,6,78,81,1009.9,1008,8,8,24.9,25.2,No,Yes
2013-03-02,Brisbane,20.6,23.9,14.8,2.6,0.3,E,22,SSW,ESE,6,9,92,97,1009.6,1009.7,7,8,23.1,20.7,Yes,Yes
2013-03-03,Brisbane,20.3,26.3,91.6,1.8,0.3,ESE,20,SE,S,2,4,89,87,1013.3,1011.1,8,8,23.1,23.8,Yes,Yes
2013-03-04,Brisbane,20.5,28.1,11.8,2.8,7.6,E,39,ESE,ESE,15,17,74,76,1014.5,1012.7,4,5,26.1,24.6,Yes,Yes
2013-03-05,Brisbane,20.7,27.5,4.6,6.8,4.7,E,41,E,ESE,17,15,84,79,1016.4,1014.8,7,7,23.2,23.4,Yes,Yes
2013-03-06,Brisbane,20,27.3,2.2,5.6,6.5,SE,39,ESE,E,13,11,73,85,1017,1015.1,7,6,24.1,23.2,Yes,Yes
2013-03-07,Brisbane,19.1,NA,7.2,5,9.9,NA,NA,ESE,ESE,9,15,72,61,1017.3,1014.9,2,3,24.9,26.3,Yes,Yes
2013-03-08,Brisbane,19.4,28.1,1.8,6.4,6.5,E,33,SE,SE,13,11,64,61,1019,1016.3,7,5,25.4,26.3,Yes,Yes
2013-03-09,Brisbane,19.8,26.7,5,4.2,5.9,SE,41,SSE,ESE,9,13,72,60,1018.6,1016.2,7,7,24.8,25.6,Yes,Yes
2013-03-10,Brisbane,19.2,28.3,3.2,6,7.5,E,30,SSW,ESE,4,15,77,52,1017.5,1014.7,7,4,23.6,27.4,Yes,No
2013-03-11,Brisbane,19.7,28,0.8,7,8.4,SE,37,SE,ESE,11,15,66,57,1016.9,1014.8,6,5,25.9,26.4,No,No
2013-03-12,Brisbane,18.9,27.6,0.2,7,8.5,SE,43,SSE,SE,11,13,68,64,1016.3,1013.7,4,6,25.2,24.5,No,Yes
2013-03-13,Brisbane,19.3,28.5,1.4,5,8.9,SE,35,SE,ESE,11,15,64,57,1011.9,1008.2,1,6,24.8,27.1,Yes,No
2013-03-14,Brisbane,17.9,29.9,0,8,8,SSE,22,WSW,SE,6,13,62,51,1009.3,1006.7,2,7,24.8,28.3,No,No
2013-03-15,Brisbane,18.3,30.8,0,4.8,10.5,E,19,WSW,NE,6,7,63,50,1014.1,1011.5,1,1,24.8,28.1,No,No
2013-03-16,Brisbane,20.1,31.2,0,5.4,11.1,ENE,22,SW,NNE,4,7,65,55,1015.2,1011.2,1,1,25.9,29.5,No,No
2013-03-17,Brisbane,20.3,32.4,0,5.2,10.2,SE,43,NE,NE,2,7,70,62,1010.7,1007,0,2,27.2,30.8,No,No
2013-03-18,Brisbane,20.3,27.1,0,8,7.2,SE,35,SE,E,7,19,62,55,1017.6,1016.1,7,4,24.1,25.6,No,No
2013-03-19,Brisbane,17.5,26.8,0,7,8.4,ENE,37,E,E,6,17,64,50,1020.8,1019.2,4,7,24.2,25,No,No
2013-03-20,Brisbane,20.3,27.2,0,8.4,1.2,E,35,SSW,ESE,4,13,70,72,1022.5,1019.9,7,7,23.3,22.3,No,Yes
2013-03-21,Brisbane,19.2,26.9,5,2.6,5.6,E,26,ESE,ENE,4,13,69,67,1021,1017.9,5,7,25,25.4,Yes,No
2013-03-22,Brisbane,20.8,28.1,0.4,5,4.9,ENE,19,WNW,ENE,2,9,79,73,1020.9,1017.3,7,7,24.7,26.4,No,No
2013-03-23,Brisbane,21.4,31.2,0,4,8.6,NE,20,W,NNE,6,9,72,63,1019.2,1014.8,7,1,26,29.1,No,No
2013-03-24,Brisbane,23.6,31.1,0,5.8,6.7,S,48,NA,NE,0,9,74,63,1017.4,1013.4,6,7,27.6,29.9,No,Yes
2013-03-25,Brisbane,19.5,30.8,21.2,8.8,10.3,E,24,WSW,E,4,9,75,60,1017.4,1014,4,1,25.3,30,Yes,No
2013-03-26,Brisbane,19.7,29.1,0,4.8,10.8,E,24,E,E,7,15,69,54,1019.5,1016.5,3,3,25.8,27.7,No,No
2013-03-27,Brisbane,20.7,28.2,0.4,5.6,9.3,E,28,SSE,ENE,6,11,77,59,1020.1,1017.4,6,2,25,27.6,No,No
2013-03-28,Brisbane,19.4,28.2,0.6,5.6,9.6,E,20,S,E,2,7,76,59,1020.1,1016.4,6,3,25.4,26,No,No
2013-03-29,Brisbane,18.7,30.2,0.2,5.4,6.8,SSE,20,SW,S,4,7,70,51,1015.8,1012.8,1,5,24.6,29.4,No,No
2013-03-30,Brisbane,21.1,26.7,0,6.2,3,SE,24,SE,E,11,11,63,60,1017.1,1013.7,7,2,24.6,25.8,No,No
2013-03-31,Brisbane,18,28.3,0,3.8,4.7,W,33,SSW,ENE,4,6,73,73,1014.7,1011.1,5,8,23.6,24.6,No,Yes
2013-04-01,Brisbane,18.3,26.4,24.2,5.6,5.9,E,20,SW,E,7,7,73,64,1014.7,1012.2,6,7,22.1,25.1,Yes,No
2013-04-02,Brisbane,18.2,28.4,0,3.2,8,ENE,20,SSW,ESE,6,9,65,58,1015.4,1012.8,1,4,23.7,25.8,No,No
2013-04-03,Brisbane,19,28,0,3.6,6.5,ESE,26,SSW,E,4,11,70,58,1017.7,1015.4,2,3,24.4,26.4,No,Yes
2013-04-04,Brisbane,17.6,26.8,2.4,4.4,8.4,ESE,37,SSE,SE,7,13,65,56,1023.2,1021.3,7,5,22.9,25.1,Yes,Yes
2013-04-05,Brisbane,17.8,26.1,6,8.6,9.2,SSE,39,S,SE,6,15,72,52,1025.5,1023.2,2,4,22.9,24.3,Yes,Yes
2013-04-06,Brisbane,16.9,24.6,2,6.4,2.7,SE,30,SSW,S,4,4,76,68,1024.4,1020.7,7,8,21.4,22.1,Yes,No
2013-04-07,Brisbane,17.7,24.9,0.2,4.8,3.1,ESE,24,SW,E,6,2,71,68,1022.2,1019.5,7,7,21.8,22,No,Yes
2013-04-08,Brisbane,16.9,25,1.4,1.6,5.5,E,35,SSE,ENE,4,9,79,66,1022.7,1020.5,7,7,20.8,24.1,Yes,No
2013-04-09,Brisbane,16.7,25.9,0.4,3.2,8.8,SSE,26,SE,E,7,11,71,56,1023.5,1019.9,6,6,21.7,24.7,No,No
2013-04-10,Brisbane,17.3,23.9,0.4,5.2,2.1,E,30,SSE,E,7,7,79,67,1021.8,1019.1,7,7,20.1,23,No,No
2013-04-11,Brisbane,17.1,25.8,0.4,7,6.4,ESE,39,S,ESE,6,11,66,66,1021,1019.4,3,7,23.3,23.5,No,No
2013-04-12,Brisbane,18.2,23.7,0.2,2.2,1.7,E,30,SSE,SE,7,7,76,79,1021,1017.8,8,7,21.4,22.7,No,Yes
2013-04-13,Brisbane,18.4,22.5,36.6,4.3,0,SSE,26,S,SSW,2,4,96,92,1016.9,1013.5,8,8,20.2,20.9,Yes,Yes
2013-04-14,Brisbane,17.1,28.3,17.4,2.6,8.1,WSW,19,SW,SSE,7,4,71,52,1013.8,1010.9,1,7,22.4,26.5,Yes,No
2013-04-15,Brisbane,17.6,27.5,0,1.8,7.2,NE,19,SW,NE,4,9,84,63,1012.8,1009.1,7,5,21.3,26.3,No,No
2013-04-16,Brisbane,17.3,29.2,0,2.6,6,WNW,43,WSW,SSW,2,6,85,71,1013.5,1011.8,5,7,21.1,21,No,Yes
2013-04-17,Brisbane,16.3,26.9,6,2.6,9.8,ENE,19,W,E,2,6,72,57,1015.3,1011.7,1,1,22.9,26.4,Yes,Yes
2013-04-18,Brisbane,18.4,29.9,7,7,9,W,24,W,W,4,7,77,52,1014.9,1010.7,1,5,22.9,29.3,Yes,No
2013-04-19,Brisbane,13.8,28.2,0,4.2,10.4,W,31,SW,WSW,4,11,52,27,1012.9,1008.9,1,2,22.2,27.9,No,No
2013-04-20,Brisbane,14,25.5,0,6.8,10.7,W,30,SW,WSW,4,13,43,25,1011.7,1008.1,2,1,20,24.9,No,No
2013-04-21,Brisbane,12,26.2,0,6.4,10.8,E,17,SW,NE,6,6,52,50,1014.1,1011.3,1,2,19.6,24.1,No,No
2013-04-22,Brisbane,15,27.4,0,3.2,10.2,ENE,20,WSW,NE,4,7,77,54,1014.7,1010.2,5,1,20.6,26,No,No
2013-04-23,Brisbane,16.4,30.2,0,6,10.1,ENE,19,SW,NE,2,7,69,56,1013.3,1010.6,1,5,22.4,28.2,No,No
2013-04-24,Brisbane,17.1,26.6,0,3.2,10.5,E,20,SW,E,6,11,69,53,1018.4,1015.7,1,1,21.4,26.1,No,No
2013-04-25,Brisbane,16,28.6,0,4,10.5,W,15,WSW,W,6,7,71,38,1020.6,1017.4,1,1,21.4,27.9,No,No
2013-04-26,Brisbane,15.4,26.8,0,3.2,10,ESE,20,SSW,E,4,9,65,68,1022.7,1020.4,2,7,21.7,24,No,No
2013-04-27,Brisbane,16,26.1,0,4,9,ENE,20,WSW,ESE,6,9,72,41,1023.4,1019.8,3,6,21.5,25.2,No,No
2013-04-28,Brisbane,14.1,27.6,0,3.8,10.6,SW,13,SW,ESE,2,6,71,47,1022.3,1018.9,1,1,20.6,26.5,No,No
2013-04-29,Brisbane,15.8,27.2,0,4,10.4,NE,19,WSW,ENE,6,9,73,59,1023.6,1021.4,1,1,21.3,26.1,No,No
2013-04-30,Brisbane,16.6,27,0,4,7.4,ENE,22,SW,E,4,9,81,57,1023.5,1020.8,7,1,20.1,25.5,No,No
2013-05-01,Brisbane,15.9,27.3,0,3.6,8.6,ESE,20,SW,ENE,6,7,74,59,1021.2,1017.3,2,5,21.4,25.1,No,No
2013-05-02,Brisbane,15.9,27.3,0,3.2,8.5,SE,39,WSW,SE,4,17,83,62,1018.8,1017.7,0,3,20.1,24.8,No,No
2013-05-03,Brisbane,16.8,24.8,0,5.4,9.6,SE,26,SW,ESE,7,7,60,51,1025.2,1021.3,2,3,20.4,23.7,No,No
2013-05-04,Brisbane,12.9,28.6,0,4.8,10.1,W,28,SW,WSW,4,9,71,34,1021.7,1016.1,1,1,19.1,28.1,No,No
2013-05-05,Brisbane,14.8,24,0,4.8,7,E,26,SW,ENE,4,6,67,68,1021.9,1018.3,5,5,20.7,22.4,No,No
2013-05-06,Brisbane,14.8,23.9,0,2.6,7.8,E,26,SSW,ESE,2,9,70,63,1023.1,1020.2,3,4,20.4,21.7,No,No
2013-05-07,Brisbane,14.9,23.9,0,4.4,8.4,ESE,26,SW,ESE,6,13,73,57,1025.6,1023.1,3,7,19.1,22.4,No,No
2013-05-08,Brisbane,15,24,0,4.4,9.1,SSE,31,SW,ESE,4,9,69,49,1028.4,1025.5,5,3,20.1,22.3,No,No
2013-05-09,Brisbane,14.3,24.4,0,5,7.5,SE,30,SSW,SSE,2,11,71,58,1028.8,1025.5,5,3,19.1,21.7,No,Yes
2013-05-10,Brisbane,15.8,23.5,1.2,3.4,4.8,ESE,30,SW,ESE,6,13,78,65,1027.6,1025,6,4,18.2,21.6,Yes,No
2013-05-11,Brisbane,13.9,22.6,0.8,2.4,3,SE,26,SW,ESE,4,7,81,89,1026.6,1024.1,6,8,18,18.4,No,Yes
2013-05-12,Brisbane,14.8,23.8,4.6,2.2,6.5,SE,22,S,SE,4,9,87,69,1025.9,1022.2,7,6,17.3,21.9,Yes,Yes
2013-05-13,Brisbane,16.4,23.3,4.2,2.4,2.7,W,13,SSW,NA,4,0,93,71,1020.7,1016.5,6,7,18.2,22.2,Yes,Yes
2013-05-14,Brisbane,17.6,23.9,1.8,1.2,4.2,W,26,WSW,W,2,6,96,62,1014.6,1010.5,8,7,18.6,23.6,Yes,Yes
2013-05-15,Brisbane,15.4,23.2,1.2,2.6,9.4,SW,20,WSW,W,11,7,54,35,1014.8,1012.2,7,7,18.5,22.2,Yes,No
2013-05-16,Brisbane,15.4,18.6,0,4,0,WSW,19,WSW,WNW,2,7,55,55,1015,1012.7,7,7,17.2,17.7,No,No
2013-05-17,Brisbane,9.9,23.4,0,1.6,10.2,WNW,39,W,WSW,6,13,55,35,1016.8,1012.7,0,1,18.5,23.1,No,No
2013-05-18,Brisbane,8.6,22.8,0,5.2,10.2,W,35,SW,W,4,13,46,32,1017.1,1012.6,0,1,17.8,22.2,No,No
2013-05-19,Brisbane,8.6,21.6,0,5.4,10.1,W,30,WSW,W,7,11,45,33,1018.5,1015,0,0,16.6,20.9,No,No
2013-05-20,Brisbane,8.3,22.3,0,5,9.6,NW,17,SW,WNW,4,7,59,32,1019.5,1015.1,6,1,14.4,21.9,No,No
2013-05-21,Brisbane,9.2,21.8,0,3.6,6,SW,13,SW,WSW,4,2,58,42,1019.6,1015.4,7,7,14.1,20.7,No,No
2013-05-22,Brisbane,11.2,18,0,1.8,0,NE,24,SW,WSW,7,7,69,83,1015.6,1012.7,8,8,15,14.4,No,Yes
2013-05-23,Brisbane,11.6,22.1,5,0.4,10,W,33,W,W,9,15,69,48,1010.2,1007.3,2,3,17.9,21.3,Yes,No
2013-05-24,Brisbane,10.4,20.8,0,7,7.3,WSW,44,W,WSW,20,17,68,60,1010.2,1008.9,1,7,16,17.4,No,No
2013-05-25,Brisbane,14.2,24.4,1,4.8,8.3,SW,30,SW,SSW,7,7,54,49,1018,1018,1,7,19.3,21.7,No,No
2013-05-26,Brisbane,12,23.8,0,4.6,8.2,WSW,19,SW,SSW,7,4,58,45,1024.6,1021.2,2,4,17.3,23,No,No
2013-05-27,Brisbane,11.7,24.5,0,3.2,9.2,SE,28,SW,SE,6,13,65,47,1025.8,1023.8,1,1,17.4,23,No,Yes
2013-05-28,Brisbane,14.9,22.2,1.6,4,3.8,E,31,SW,ESE,6,7,72,85,1028.2,1026.9,3,7,18.9,18.6,Yes,Yes
2013-05-29,Brisbane,13.7,23.2,4.4,3.2,6.3,E,30,SSE,E,6,13,77,60,1030.4,1027.9,7,6,19.3,21.3,Yes,No
2013-05-30,Brisbane,14.1,21.4,0.8,3,1.8,ENE,17,WSW,SE,4,6,86,96,1028.1,1026.4,6,7,17.4,17.6,No,Yes
2013-05-31,Brisbane,14.3,23.1,17.4,3.8,8.5,ENE,26,SW,E,4,13,90,60,1028.1,1025,6,5,18.9,21.6,Yes,Yes
2013-06-01,Brisbane,13.4,22.2,2.6,4,0.9,ESE,13,SW,ENE,4,4,85,59,1024.1,1019.1,7,7,17,21.7,Yes,No
2013-06-02,Brisbane,15.1,24.7,0,1.8,5.3,W,37,NNE,W,4,17,72,79,1013.8,1009.1,7,7,20.4,20.4,No,Yes
2013-06-03,Brisbane,12.9,22.7,1.4,3.2,10.1,WSW,26,WSW,SW,7,7,59,36,1016.1,1015.6,1,1,17.9,21.8,Yes,No
2013-06-04,Brisbane,9.9,23.6,0,4,9.8,WSW,20,SW,SE,7,2,57,45,1024,1021.6,0,4,16.1,22.7,No,No
2013-06-05,Brisbane,11.7,20.9,0,2.4,0.2,WSW,13,WSW,WNW,6,4,75,65,1026.1,1023.2,8,7,15.4,20.6,No,No
2013-06-06,Brisbane,14.5,22.4,0,1,1.6,SE,9,SSW,NA,2,0,84,50,1026.7,1023.3,7,7,17.7,21.8,No,No
2013-06-07,Brisbane,14.8,24.5,0,2.2,3.3,S,11,SW,WNW,6,2,78,55,1025.5,1021.7,7,6,17.6,23.5,No,No
2013-06-08,Brisbane,13.4,23,0,1.8,2.6,SSE,26,SW,SSE,6,4,85,83,1026.1,1024.1,7,8,15.8,19.6,No,Yes
2013-06-09,Brisbane,15.8,22.1,6,0.6,1.3,ESE,33,ESE,SE,2,13,92,57,1026.1,1022.9,7,7,17.3,20.6,Yes,Yes
2013-06-10,Brisbane,15.1,18.7,3,4.2,0,W,15,S,WSW,2,6,95,97,1022.4,1019.7,8,8,16.4,17.6,Yes,Yes
2013-06-11,Brisbane,15.8,23.1,29.2,6,3.7,ENE,9,SSW,NA,2,0,86,71,1020.4,1017.3,7,5,18.4,22.2,Yes,No
2013-06-12,Brisbane,16.3,22,0.2,0,1.5,NNE,26,WSW,NE,4,13,97,83,1018.1,1013.5,8,6,17.9,21.3,No,Yes
2013-06-13,Brisbane,15.9,22.8,2.4,1.6,1.7,WSW,13,SW,WSW,4,6,85,74,1012.2,1009.3,6,7,20,21.5,Yes,No
2013-06-14,Brisbane,14.8,20.9,0,2,10,W,35,W,W,11,15,58,45,1011.5,1008.5,1,1,17.5,20.7,No,No
2013-06-15,Brisbane,11.4,20.1,0,4,9.9,W,39,W,W,13,19,60,48,1011.8,1011.3,1,1,15.9,18.8,No,No
2013-06-16,Brisbane,10.8,21.7,0,5.8,9.8,W,13,SW,SW,4,2,63,45,1014.9,1011.2,1,1,15.5,21.3,No,No
2013-06-17,Brisbane,8.9,20.3,0,2.2,9.8,W,33,W,W,9,13,50,36,1011.7,1008.1,1,1,15.1,19.6,No,No
2013-06-18,Brisbane,6.7,20.2,0,4.6,9.8,W,22,WSW,WNW,7,11,54,31,1014.1,1011.4,1,1,14,19.3,No,No
2013-06-19,Brisbane,8.6,20.1,0,3,9.1,SW,24,WSW,SSW,11,4,53,35,1018,1016.2,1,4,13.9,19,No,No
2013-06-20,Brisbane,12.3,19.3,0,4.8,1,SW,15,SW,WSW,4,6,63,58,1020.7,1017.7,7,7,14.8,18.8,No,Yes
2013-06-21,Brisbane,12.3,13.6,2.6,2.2,0,WSW,13,SW,SW,4,4,92,90,1019.8,1017.3,8,8,12.7,13.4,Yes,Yes
2013-06-22,Brisbane,9.8,20.7,6,0.2,9.2,W,17,WSW,SE,6,4,86,50,1021.7,1019.3,1,3,12.4,20.1,Yes,No
2013-06-23,Brisbane,8.6,22.1,0,2.6,8,WSW,19,SW,S,6,4,73,45,1024.7,1021.2,3,5,14.2,20.4,No,No
2013-06-24,Brisbane,10.5,21,0,2.6,9.6,W,26,SW,WSW,4,7,70,33,1022,1017.6,2,2,16,20.7,No,No
2013-06-25,Brisbane,5.7,19.4,0,3.2,8.3,W,37,SE,W,4,9,61,34,1018.7,1013.5,1,3,12.7,19.1,No,No
2013-06-26,Brisbane,7.3,20.1,0,5,10.1,W,24,WSW,WSW,9,9,61,35,1016.8,1013.2,1,1,12.9,19.9,No,No
2013-06-27,Brisbane,11.1,19.6,0,2.4,3.3,WSW,17,WSW,SE,6,7,74,89,1018.6,1016.1,6,8,15.5,17.5,No,Yes
2013-06-28,Brisbane,14.7,22.1,1.8,0.8,2.1,ESE,22,WSW,ESE,7,9,84,68,1020.6,1017.7,7,6,16.5,19.9,Yes,Yes
2013-06-29,Brisbane,14.5,20.7,1.8,1.6,0,SSE,24,NA,ESE,0,9,91,67,1021.6,1018.9,7,7,15.8,19.3,Yes,Yes
2013-06-30,Brisbane,13.9,15.9,2.4,0.6,0.1,WSW,19,SSW,SSW,4,6,89,88,1019.8,1017,8,7,15.1,15.3,Yes,Yes
2013-07-01,Brisbane,13.1,17.9,8.8,0.8,0.8,WSW,28,SW,WSW,9,7,93,90,1014.1,1010.6,7,8,14.3,16.4,Yes,Yes
2013-07-02,Brisbane,14.1,23.3,15.4,1.2,3.7,SW,26,SW,S,6,9,79,61,1015,1014.8,7,5,17.9,22.4,Yes,No
2013-07-03,Brisbane,15.7,23.6,0,2,8.5,SSE,24,SW,SE,6,11,69,61,1022.2,1020.7,2,3,18.7,22.4,No,No
2013-07-04,Brisbane,16.5,23.9,0.4,3,8.9,E,19,SW,NE,4,6,76,49,1022,1017.4,3,5,19.5,23.1,No,No
2013-07-05,Brisbane,13.4,23.8,0,3.4,4.7,ENE,15,SSE,ENE,2,7,78,70,1018.2,1014.4,5,6,18.8,22.8,No,No
2013-07-06,Brisbane,12.5,25.4,0,2,9.7,ENE,13,WSW,NNE,6,6,82,31,1021.7,1019.1,1,1,16.1,24.4,No,No
2013-07-07,Brisbane,11.4,22.8,0,3.2,9.2,E,19,SW,E,4,9,72,52,1026.1,1024.1,7,2,14.9,21.6,No,No
2013-07-08,Brisbane,12.1,22.8,0,3.2,9.6,W,17,SW,W,4,6,69,47,1030.6,1027.3,6,1,15.7,21.6,No,No
2013-07-09,Brisbane,10.7,20.6,0,3.4,5.8,SSE,30,SSW,ESE,6,9,66,56,1030.2,1027.3,2,7,15.3,18.7,No,Yes
2013-07-10,Brisbane,12.6,17.4,1.6,2.6,0,SW,17,SW,ESE,6,6,94,76,1030.1,1028,8,8,13.6,17.3,Yes,No
2013-07-11,Brisbane,12.9,21.4,0.6,0.4,9.6,ESE,22,SW,ESE,4,9,76,57,1031.6,1029.4,3,2,16.6,19.5,No,No
2013-07-12,Brisbane,12.4,20.7,0.2,5,5.2,SSE,19,SSW,SE,4,4,75,62,1030,1026.4,6,7,16.7,19.8,No,No
2013-07-13,Brisbane,10.1,21.8,0,3.2,9.2,E,19,SSW,ESE,4,7,87,53,1028.2,1025.1,3,2,13.6,19.9,No,Yes
2013-07-14,Brisbane,11.6,19.6,1.6,2.2,2.3,WSW,15,SSW,SW,4,2,95,71,1027.4,1025.1,7,7,13,18.4,Yes,No
2013-07-15,Brisbane,12.9,20.3,0.2,0.6,3.1,E,22,SW,N,4,6,84,71,1026.7,1023.8,7,7,16.1,18.7,No,No
2013-07-16,Brisbane,13.1,22.2,0,1.6,8.7,E,22,SW,ENE,6,9,80,65,1026.8,1024,2,6,16.8,20.4,No,No
2013-07-17,Brisbane,13.5,22.1,0.2,2.6,8.1,E,20,WSW,ENE,6,11,88,58,1025.8,1022.9,5,4,16.3,20.9,No,No
2013-07-18,Brisbane,12.4,22.2,0.4,3.2,7,E,20,WSW,ENE,4,7,81,65,1024.8,1022,5,5,17.9,21,No,Yes
2013-07-19,Brisbane,13.2,23.5,1.6,1.4,5.1,ENE,20,SW,NE,2,7,92,69,1021.9,1017.5,5,7,17.9,21.6,Yes,Yes
2013-07-20,Brisbane,16.3,23.4,2.8,1.4,3.5,W,37,NNW,WNW,4,6,84,85,1015.5,1012.5,5,7,20.1,17.8,Yes,No
2013-07-21,Brisbane,13,22.2,0.2,2.4,9.2,W,19,W,WNW,9,9,64,43,1018.7,1016.1,1,6,16.9,21.5,No,No
2013-07-22,Brisbane,11.8,18,0.2,3.6,1,SW,13,SW,SW,6,2,68,67,1021.5,1020,7,8,13.9,15.9,No,Yes
2013-07-23,Brisbane,11.8,20,3,1.4,9.4,W,26,SW,W,4,11,65,33,1022.8,1018.9,5,1,15.3,19.7,Yes,No
2013-07-24,Brisbane,7.9,21.3,0,4.8,9.8,SE,26,SW,SW,7,4,57,41,1023.1,1020.6,1,1,13.4,20.9,No,No
2013-07-25,Brisbane,12.1,21.6,0,3.4,6.2,ESE,26,SW,ESE,6,9,56,59,1026.9,1024.4,5,6,16.9,19.8,No,No
2013-07-26,Brisbane,14.2,22.3,0,2.8,6,E,15,SSE,ENE,4,7,72,67,1027.5,1024.9,7,6,16.6,19.4,No,No
2013-07-27,Brisbane,11.1,22.3,0,2.6,9.5,ESE,22,SW,E,4,13,81,56,1028.9,1026.4,2,4,15.8,20.6,No,No
2013-07-28,Brisbane,11.4,22.1,0,3.2,5.6,E,33,WSW,E,4,13,77,53,1028.7,1025.9,1,4,17.1,20.8,No,No
2013-07-29,Brisbane,13.1,21.8,1,2.8,4.9,E,19,SSW,WSW,4,2,86,73,1025.4,1022,3,6,16.3,19.4,No,No
2013-07-30,Brisbane,12.8,22.8,0.2,3,5.3,SW,17,WSW,NA,6,0,76,79,1019.7,1015.5,6,7,17.3,17.1,No,No
2013-07-31,Brisbane,10.7,22.8,0.6,2.2,9,SW,20,SSW,SSW,6,6,69,54,1017.6,1015.3,1,5,17.1,22,No,No
2013-08-01,Brisbane,12.4,22.7,0,3.4,7.7,SSE,24,SSW,SSE,4,6,67,55,1019.5,1016.8,5,7,18.2,21.6,No,No
2013-08-02,Brisbane,11.4,24.3,0,2.6,9.1,NNW,15,SW,NNE,6,7,75,55,1020,1015.7,1,3,16.7,22.5,No,No
2013-08-03,Brisbane,11.6,24.1,0,3,10.3,WNW,33,SW,W,2,11,51,22,1018.7,1014.7,0,0,18.5,23.4,No,No
2013-08-04,Brisbane,6.4,23.6,0,6.6,10.3,WSW,28,NA,WSW,0,11,58,27,1018.9,1015.3,0,0,16,23.1,No,No
2013-08-05,Brisbane,8.9,23.9,0,4.6,10.1,WNW,22,SSE,W,4,9,53,34,1021,1016.8,0,1,17.2,23,No,No
2013-08-06,Brisbane,8.5,24.8,0,3.6,10,W,24,SW,WNW,2,7,64,30,1019.6,1014.5,3,2,15.4,24.5,No,No
2013-08-07,Brisbane,9.2,25.9,0,3.4,10,WNW,20,SSW,WNW,2,7,60,29,1016.8,1011.4,1,1,16.6,25.2,No,No
2013-08-08,Brisbane,9.1,22.6,0,3.6,10.3,W,46,SW,W,2,20,55,25,1011.4,1008.1,0,1,17.3,21.3,No,No
2013-08-09,Brisbane,9.8,23,0,9.2,10.2,SW,28,SW,WNW,11,7,46,36,1017.2,1014,0,1,16.1,22.6,No,No
2013-08-10,Brisbane,8.8,26.5,0,4,10.1,WSW,19,SW,SW,4,4,47,28,1017.4,1015.3,0,1,17.4,26.2,No,No
2013-08-11,Brisbane,10.8,26.9,0,3,10,ENE,15,SW,ENE,2,9,58,37,1019.6,1015.8,4,1,17.5,25.3,No,No
2013-08-12,Brisbane,10.6,28.2,0,3.4,10.2,NNW,31,NA,ENE,0,9,57,48,1016.4,1010.1,1,0,18.7,25.6,No,No
2013-08-13,Brisbane,13.1,28,0,3.8,10.1,E,26,WSW,E,2,13,56,47,1015.1,1013.7,1,1,21.9,24.9,No,No
2013-08-14,Brisbane,13.2,25.1,0,4.6,7.7,NE,22,SSW,ENE,2,11,70,69,1017.7,1012.6,1,6,19.9,22.9,No,No
2013-08-15,Brisbane,13.4,25.7,0.2,3,10.6,W,35,WSW,WSW,6,13,43,19,1017.1,1014.9,1,0,21.9,24.9,No,No
2013-08-16,Brisbane,10.2,21.8,0,8.2,10.4,ENE,22,SSW,ENE,6,13,46,52,1024,1019.4,1,1,16.4,20.9,No,No
2013-08-17,Brisbane,11.5,24.4,0,3.6,9.3,ENE,28,SW,NE,2,11,69,59,1019.3,1013.7,6,2,17.7,22.4,No,No
2013-08-18,Brisbane,14.1,26.5,0,3.8,10.5,E,20,SSW,WSW,4,2,87,29,1019.4,1015.6,1,1,16.4,26.3,No,No
2013-08-19,Brisbane,13,26.1,0,4,10.4,W,26,SW,W,4,9,69,30,1017,1010.5,6,5,18.6,24.9,No,No
2013-08-20,Brisbane,10.7,21.4,0,4,10.7,W,39,WNW,W,7,19,40,22,1013.8,1011.2,1,1,18.8,20.5,No,No
2013-08-21,Brisbane,7.7,20.8,0,8.2,10.7,WSW,22,WSW,NW,7,6,38,21,1017.5,1013.3,1,0,13.4,20.1,No,No
2013-08-22,Brisbane,6.8,21.9,0,6,10.8,W,22,SSW,W,6,6,41,22,1018.2,1014.3,1,3,15,21.4,No,No
2013-08-23,Brisbane,6,23.9,0,2.8,11,WNW,41,WSW,W,2,19,48,20,1019,1014.6,1,0,15.3,23,No,No
2013-08-24,Brisbane,9,25.7,0,7.4,11,WSW,24,WSW,ENE,4,13,36,31,1020.4,1018.7,0,0,19.7,23.2,No,No
2013-08-25,Brisbane,11,24.5,0,4.8,10,E,24,SW,ENE,6,11,61,53,1026.3,1022.4,1,1,18.1,22.7,No,No
2013-08-26,Brisbane,12.6,25,0,3.4,9.9,NNE,19,SW,NNE,4,9,71,52,1025.5,1021.2,1,1,19.1,23.1,No,No
2013-08-27,Brisbane,12.1,25.8,0,4.2,10.5,NE,20,SW,NNE,4,7,69,51,1023.3,1018.4,1,1,19.3,24.2,No,No
2013-08-28,Brisbane,11.2,28.5,0,3.6,10.6,WNW,19,SW,NW,2,6,63,26,1021.2,1017,0,1,19.7,28.3,No,No
2013-08-29,Brisbane,13.4,25.9,0,4.4,10.6,E,24,SW,ENE,4,11,61,52,1024.4,1020.2,1,1,20.1,23.7,No,No
2013-08-30,Brisbane,13.1,25.4,0,4.8,10.3,NNE,26,SW,NNE,4,9,71,53,1024,1019.5,1,1,19.7,23.6,No,No
2013-08-31,Brisbane,14.2,26.8,0,4.6,10.2,NE,19,NNE,NE,4,9,67,58,1023.3,1019.2,1,2,21.8,25.9,No,No
2013-09-01,Brisbane,16.6,26.1,0,4.2,9.6,ESE,30,SE,ESE,9,11,59,47,1025.7,1023.4,2,3,23.7,23.8,No,No
2013-09-02,Brisbane,13.7,25.6,0,6.6,6.7,E,31,SW,ESE,4,13,64,54,1029.3,1026.4,7,3,19.6,23.2,No,No
2013-09-03,Brisbane,15.1,23.5,0,5.2,8.9,ESE,41,SSE,SE,6,15,66,49,1031.1,1028.7,6,3,19.4,22.1,No,No
2013-09-04,Brisbane,12.6,23.5,0.4,7.2,10.5,ESE,31,SSW,ESE,4,15,52,44,1031.4,1029.2,2,2,20.6,21.8,No,No
2013-09-05,Brisbane,12.2,24.3,0,6.4,9.8,NE,24,SSW,ESE,4,7,59,44,1030.5,1026.8,2,1,19.6,23.1,No,No
2013-09-06,Brisbane,11,24.7,0,4.6,10.7,ENE,20,SW,NE,6,7,65,46,1029.9,1025.4,1,0,18.1,23.6,No,No
2013-09-07,Brisbane,12.3,25.6,0,4.2,10.6,N,24,W,NNE,4,7,63,54,1028.4,1023.5,0,0,20,23.5,No,No
2013-09-08,Brisbane,12.1,26.2,0,5.8,10.1,NE,20,ESE,NE,4,9,63,49,1025.3,1020.6,1,3,21.4,24,No,No
2013-09-09,Brisbane,12,25,0,5.2,10.4,ENE,22,ESE,NE,4,7,62,45,1023.6,1018.8,1,1,21.4,24.1,No,No
2013-09-10,Brisbane,15.7,26.5,0,6,7.1,NE,26,WNW,NE,4,9,66,60,1016.9,1011.4,5,7,21.7,24.1,No,No
2013-09-11,Brisbane,13.1,31.5,0,3.6,10.7,NNE,20,SW,NE,2,7,59,44,1013.7,1008.7,1,1,22,27.7,No,No
2013-09-12,Brisbane,15.2,30.9,0,4.8,10.6,ENE,28,SW,ENE,6,15,44,66,1014.6,1010.6,1,1,23.2,25.4,No,No
2013-09-13,Brisbane,16.9,26.1,0,5.6,8,E,30,ESE,E,9,15,58,60,1017.4,1016,2,3,24.2,23.2,No,No
2013-09-14,Brisbane,19.6,26,0.2,6.2,8.8,NE,31,NE,NE,9,13,71,71,1016.7,1010.5,5,2,23.2,25,No,No
2013-09-15,Brisbane,15.1,27.8,0,5,10.7,ENE,24,SSE,NE,7,9,52,48,1016.9,1013.3,1,1,24,25.8,No,No
2013-09-16,Brisbane,17.7,21.8,0,5,0,NE,35,NA,NE,0,13,86,74,1017.6,1012.1,8,8,19.3,20.3,No,Yes
2013-09-17,Brisbane,17,29.1,11.8,3.8,8.2,WNW,37,N,NW,6,9,75,45,1009.4,1003,6,4,21.7,29,Yes,No
2013-09-18,Brisbane,12.6,29.4,0.2,5,11.3,W,37,WNW,W,6,13,41,22,1010.4,1006.1,1,0,23.7,29.2,No,No
2013-09-19,Brisbane,12.6,30,0,5,9.5,ENE,22,NNE,ENE,4,11,60,52,1010.1,1004.3,0,1,22.9,28.9,No,No
2013-09-20,Brisbane,15.2,28.1,0,5.8,11.4,W,37,WSW,W,7,15,28,20,1012.4,1008.6,0,0,24,27.9,No,No
2013-09-21,Brisbane,10.9,25,0,11.4,11,ENE,24,SSW,E,2,13,32,43,1014.7,1011.7,0,1,22.4,23.3,No,No
2013-09-22,Brisbane,14.7,25.4,0,5.8,10.5,ENE,28,S,NNE,2,11,57,57,1016.1,1012.3,2,1,21.6,23.9,No,No
2013-09-23,Brisbane,14.4,27.9,0,6,11,NE,20,SW,NE,6,7,65,47,1017.4,1012.3,5,1,21.6,27.4,No,No
2013-09-24,Brisbane,15.3,32.8,0,4.8,10.4,NW,28,ENE,NE,4,13,57,44,1013.4,1007.5,1,2,23.9,29.4,No,No
2013-09-25,Brisbane,16.3,31.2,0,7.8,10.8,E,24,SW,NE,4,13,48,26,1012.3,1010.2,0,0,27.7,29.3,No,No
2013-09-26,Brisbane,18.6,29.3,0,6.4,9.8,NNE,26,E,NE,2,9,73,61,1013.7,1008.9,2,0,24.3,28.1,No,No
2013-09-27,Brisbane,19.3,28.1,0,5.6,11,ESE,37,SE,E,19,20,45,51,1017.9,1015.4,0,0,26,24.8,No,No
2013-09-28,Brisbane,18,27.1,0.2,8.8,2.1,ENE,20,SSW,WNW,4,6,83,52,1017.8,1012.8,8,6,19.4,25.1,No,No
2013-09-29,Brisbane,14.8,30.1,0.4,1.6,11,E,39,SSW,E,6,17,52,55,1015.9,1013.4,1,2,26.6,25.4,No,No
2013-09-30,Brisbane,16.4,27,0,7,9.5,NNE,22,NE,NE,4,9,66,63,1021.1,1017.2,7,5,22.9,24.6,No,No
2013-10-01,Brisbane,18.4,30.8,0,5.2,10.2,NE,33,N,NNE,7,13,63,60,1018.7,1012.3,2,7,24.7,28.1,No,Yes
2013-10-02,Brisbane,18,29.7,1.2,8,9.2,W,24,NE,NE,6,11,61,39,1017.1,1012.5,2,1,23.5,27.5,Yes,No
2013-10-03,Brisbane,17.1,32.6,0,6.2,11.1,W,44,NNE,W,2,17,56,19,1012,1008,1,2,26.5,31.2,No,No
2013-10-04,Brisbane,12.8,24.9,0,15,11.3,E,26,SSW,ENE,6,13,33,35,1019.9,1016.9,0,1,20.8,22.4,No,No
2013-10-05,Brisbane,12.7,29.4,0,6.2,11.4,SSE,19,SW,ENE,4,11,52,36,1019.3,1013.4,0,0,21.1,26.1,No,No
2013-10-06,Brisbane,13.4,31.6,0,6.6,11.8,NE,26,E,NE,6,11,50,39,1014.5,1008.5,0,0,24.4,29.5,No,No
2013-10-07,Brisbane,15.2,34.7,0,5.4,10.5,SE,43,E,ENE,2,9,45,37,1009.6,1004,0,3,26.9,30.8,No,No
2013-10-08,Brisbane,18.2,31,0,7.4,10.5,ENE,33,W,NE,4,13,57,54,1013,1009,4,2,23.9,25.5,No,No
2013-10-09,Brisbane,15.1,26.2,0,8.2,11.9,ENE,28,ESE,NE,4,11,46,49,1021.5,1018.9,2,1,23.2,23.7,No,No
2013-10-10,Brisbane,14.3,28.3,0,6.8,11.5,NE,30,W,NE,4,15,52,52,1019.9,1013.3,0,0,23.4,26.8,No,No
2013-10-11,Brisbane,16.3,31.7,0,7.8,11.6,ESE,41,N,ENE,6,11,40,46,1012.8,1009.2,0,1,27,30.1,No,No
2013-10-12,Brisbane,20.7,28,0,7.6,8.6,NE,30,E,NE,11,11,77,60,1018.2,1014.1,7,5,23.8,26.9,No,No
2013-10-13,Brisbane,18.7,30.9,0,7.6,11.2,NNE,31,NNW,NE,9,13,49,55,1015,1008.5,1,1,25.9,27.4,No,No
2013-10-14,Brisbane,20.9,29,0,10.6,11.7,W,48,W,SW,13,9,26,14,1013.1,1012,1,0,24.9,28.3,No,No
2013-10-15,Brisbane,13.8,27,0,12,12.2,ENE,26,N,ENE,4,11,53,40,1022.2,1019,2,1,22.8,24.9,No,No
2013-10-16,Brisbane,16,26.6,0,6.6,8.8,NNE,31,N,NE,7,15,54,51,1023.7,1019.1,2,6,23.2,24,No,No
2013-10-17,Brisbane,15.8,27.8,0,8.4,11.8,NE,33,N,NNE,9,15,48,57,1020.3,1015.4,1,2,25.3,25.4,No,No
2013-10-18,Brisbane,18.4,24.8,0,8,2,E,31,S,SE,7,6,72,88,1020.4,1019.8,7,7,22.3,20,No,Yes
2013-10-19,Brisbane,15,27.4,12.2,4.4,11.9,E,30,S,E,7,15,50,50,1024.5,1020,1,2,23.6,25.4,Yes,No
2013-10-20,Brisbane,16.9,27.4,0,7.6,10,E,28,ESE,ENE,7,17,62,62,1022.8,1018.9,4,6,23.9,24.3,No,No
2013-10-21,Brisbane,18,28,0,6,11.7,ENE,24,NNE,ENE,4,11,58,53,1020.7,1017.1,6,1,24.8,26.6,No,No
2013-10-22,Brisbane,17.8,28.4,0,8,11.2,NE,26,NW,NE,7,11,61,47,1019.3,1014.9,2,1,24.3,26.4,No,No
2013-10-23,Brisbane,19.5,29.6,0,7.6,11.4,ENE,31,NW,NNE,9,13,56,56,1015.7,1011.1,1,1,25.4,27.3,No,No
2013-10-24,Brisbane,20.1,33,0,10.6,7.4,W,24,N,W,7,4,47,44,1013.2,1011.6,4,8,28.1,28.4,No,No
2013-10-25,Brisbane,19.2,26.2,0.2,5.2,8.7,ESE,39,SE,E,19,15,56,55,1021.6,1019.5,7,3,23.9,23.6,No,No
2013-10-26,Brisbane,16.8,29.2,0,7.6,11.9,NE,26,NNE,N,6,9,55,50,1020.9,1015.6,1,1,25.3,27.9,No,No
2013-10-27,Brisbane,17.9,26.7,0,7.8,11.5,ESE,30,ESE,ENE,11,15,57,48,1021.9,1019,6,1,24,25.2,No,No
2013-10-28,Brisbane,16.6,26.8,0,9.6,10.3,NE,37,NE,NE,7,13,59,57,1022,1017.1,7,1,23.6,25.4,No,No
2013-10-29,Brisbane,19,31.3,0,8,7.7,NE,35,N,E,9,13,51,80,1015.5,1010.7,1,7,26,24.5,No,Yes
2013-10-30,Brisbane,16.5,27.2,8.8,6.6,6.8,E,37,SSE,ESE,11,17,67,51,1015.6,1013.6,7,1,21.9,25.4,Yes,No
2013-10-31,Brisbane,18.4,26.3,0.2,8.4,10.2,E,31,ESE,E,11,13,58,51,1020.4,1017.8,4,2,22.7,25.1,No,No
2013-11-01,Brisbane,15.6,26.5,0,9,12.5,ENE,30,E,ENE,6,13,46,38,1023.1,1020,4,2,24.5,25.2,No,No
2013-11-02,Brisbane,15.5,28.2,0,8.4,12.3,NE,26,NE,NNE,4,11,52,46,1022,1017.5,3,5,24.8,26.1,No,No
2013-11-03,Brisbane,17.1,31.3,0,7.6,12.2,ENE,24,SW,NE,2,11,47,53,1018.3,1012.5,1,1,25.4,28.6,No,No
2013-11-04,Brisbane,20,26.1,0,8.4,8.2,E,37,SE,ESE,9,19,56,56,1017.7,1016.8,4,7,23.9,23,No,No
2013-11-05,Brisbane,16.7,24.9,0,14.4,10.3,ESE,61,E,E,13,19,50,54,1024.3,1021.5,3,2,22.2,23.1,No,No
2013-11-06,Brisbane,15.9,26.3,0,5,9.7,NE,26,ESE,ENE,9,13,38,45,1022.9,1018.8,7,7,23.4,23.6,No,No
2013-11-07,Brisbane,14.5,27.8,0,7.6,12.5,ENE,24,W,NE,4,11,47,43,1019.3,1015.1,1,1,23.4,26,No,No
2013-11-08,Brisbane,15.1,29.2,0,7.4,12.1,NE,31,W,NNE,4,13,49,39,1016.6,1012.9,0,1,24.7,26.6,No,No
2013-11-09,Brisbane,17.1,29.7,0,9.6,12.2,NE,37,NNE,NE,6,11,46,57,1014.6,1010.4,0,2,26.6,26.4,No,No
2013-11-10,Brisbane,20.3,30.9,0,9.6,8.2,S,31,SE,E,2,13,51,57,1012.2,1010.5,2,6,27.2,27.1,No,Yes
2013-11-11,Brisbane,20.7,28.7,4,7.4,6.1,NE,31,N,NNE,9,13,53,57,1014.5,1011.3,7,7,26.4,26.8,Yes,Yes
2013-11-12,Brisbane,21.2,29.1,1.8,6.4,10.7,NE,33,NNE,NNE,9,13,59,53,1015.7,1012.8,5,2,26,27.6,Yes,Yes
2013-11-13,Brisbane,19,30.1,5.8,7.6,10.9,ENE,30,WNW,ENE,7,15,61,60,1015.9,1012.2,3,3,26,28.1,Yes,Yes
2013-11-14,Brisbane,19.4,27.7,12.8,6.4,6.6,SSE,35,NNW,ENE,6,13,67,64,1015.4,1010.1,6,2,25.8,27.4,Yes,Yes
2013-11-15,Brisbane,17.1,29.1,22.4,7.4,11.6,NE,24,ENE,NE,9,9,64,63,1013.7,1009.3,1,5,25.5,26.7,Yes,No
2013-11-16,Brisbane,20.2,27.2,0,8,6.9,ENE,33,E,ENE,9,17,58,63,1011.3,1007.4,6,6,24.7,24.8,No,No
2013-11-17,Brisbane,18.4,25.5,0,5.6,2.2,ENE,20,ESE,ENE,4,4,64,70,1012,1010.2,8,7,22.9,23.1,No,Yes
2013-11-18,Brisbane,17.3,28.4,9.2,3,9.1,SW,39,WNW,NNE,4,7,65,53,1011,1006.2,1,6,22.2,25,Yes,Yes
2013-11-19,Brisbane,14.7,31,5.8,6.4,12.4,WSW,28,W,E,13,15,51,47,1008.9,1005.6,1,6,24.1,27.3,Yes,No
2013-11-20,Brisbane,17.6,28.8,0,8,12.9,E,28,W,E,6,11,57,56,1011.1,1008.2,3,2,25.1,27.4,No,No
2013-11-21,Brisbane,17.8,28.8,0,7.6,13,E,26,SSE,ENE,6,11,56,53,1012.9,1009.8,3,1,25.5,27.4,No,No
2013-11-22,Brisbane,18.8,28.1,0,7.6,9.1,ENE,26,SE,ENE,4,11,55,60,1012.3,1009.2,2,7,26.2,25.7,No,No
2013-11-23,Brisbane,22.1,29.4,0.2,7.2,8.4,W,43,NNW,NNE,6,13,62,62,1009.5,1004.9,7,1,26.3,27.8,No,Yes
2013-11-24,Brisbane,19.9,31.2,10.6,7.6,8.7,S,37,NNW,NNE,6,4,67,72,1006.8,1002.1,5,5,27.4,25.2,Yes,Yes
2013-11-25,Brisbane,20.2,29.3,8.8,6.8,11.3,NE,30,SSE,E,4,15,59,61,1006.1,1003.8,4,7,27,26,Yes,No
2013-11-26,Brisbane,20.4,27.2,0,7.8,11.5,ESE,35,SE,ESE,6,15,54,55,1011.7,1010.5,5,2,25.2,25.5,No,No
2013-11-27,Brisbane,16.3,27.1,0,10.4,12.7,ENE,28,S,ENE,6,11,45,49,1016.5,1013.6,1,2,24.3,25.2,No,No
2013-11-28,Brisbane,17.1,28.9,0,7,12.9,NE,28,NNE,NE,6,11,56,56,1015.1,1010.9,1,1,25.4,27.1,No,No
2013-11-29,Brisbane,18.4,33.5,0,8.6,10.1,NE,33,W,NNE,6,11,49,60,1009.9,1005.4,5,7,27.4,29.6,No,Yes
2013-11-30,Brisbane,19.1,24.4,23.4,8.8,1.6,SE,35,SSW,S,6,9,94,74,1013,1014.4,8,7,19.4,21.9,Yes,Yes
2013-12-01,Brisbane,16,25.6,14,3.6,12.8,SE,39,SSE,ESE,7,17,50,48,1022,1019.2,4,2,24,23.6,Yes,No
2013-12-02,Brisbane,16,27,0,9,13.1,E,28,SSE,E,7,13,45,45,1021.1,1016.5,2,2,23.6,25.2,No,No
2013-12-03,Brisbane,15.2,27.8,0,8,13,E,28,S,ENE,6,11,47,52,1016.9,1013.3,2,2,24.4,25.8,No,No
2013-12-04,Brisbane,16.2,28.3,0,8.2,12.5,NNE,26,W,NE,6,9,57,47,1013.3,1007.8,3,6,23.2,27.1,No,No
2013-12-05,Brisbane,19.9,35.5,0,8.8,9.4,WNW,30,NW,NNE,7,11,51,49,1004.4,999.3,2,6,27.8,31.4,No,No
2013-12-06,Brisbane,17.6,29.8,0.8,8.6,12.8,WSW,28,SW,E,9,15,24,36,1013.7,1012.1,5,1,23.4,25.6,No,No
2013-12-07,Brisbane,15,26.9,0,3.8,12.9,E,26,E,ENE,7,11,46,37,1021,1018.1,1,1,24.5,26.3,No,No
2013-12-08,Brisbane,17,27.6,0,12.2,13.1,E,24,NE,NNE,4,7,49,48,1019.9,1016.4,4,2,24.6,27,No,No
2013-12-09,Brisbane,16.9,27.7,0,8.6,13.1,ENE,31,NNE,NNE,7,13,52,48,1015.9,1011.6,2,4,25.7,26.4,No,No
2013-12-10,Brisbane,19.5,29.6,0,9.6,10,NE,28,NE,NE,6,11,54,55,1010.8,1007.6,7,7,26.3,27.1,No,No
2013-12-11,Brisbane,22.8,30.8,0,9.4,3.6,NE,22,N,NE,7,9,54,65,1009.3,1006.2,7,6,27.6,27.5,No,Yes
2013-12-12,Brisbane,21.3,27.3,2,3.4,0.2,WNW,17,SW,SE,6,2,85,83,1009.6,1008.7,8,8,23.3,24.4,Yes,No
2013-12-13,Brisbane,19.2,30.1,0.4,1.4,11.9,ENE,28,ESE,E,4,6,58,70,1012.5,1010.7,1,4,26.9,26.1,No,No
2013-12-14,Brisbane,19.4,30.2,0.4,6.8,12.9,ENE,26,SW,ENE,2,13,64,56,1014.7,1011.7,4,2,25.8,28.2,No,No
2013-12-15,Brisbane,20.5,30.5,0.2,8,10.7,E,26,E,ENE,6,13,62,47,1016.7,1013.8,3,2,27.1,28.7,No,No
2013-12-16,Brisbane,21.3,29.7,0,9.8,10,E,28,ENE,ENE,7,15,50,49,1018.3,1015.6,5,5,27.3,28,No,No
2013-12-17,Brisbane,20.7,28,0,9,6.9,E,33,ESE,E,9,17,61,52,1019.3,1017.7,7,5,24.6,26.1,No,No
2013-12-18,Brisbane,18.1,29.3,0,7.8,12.6,E,39,SE,ESE,11,19,55,38,1021.4,1019.9,5,1,25.5,27,No,No
2013-12-19,Brisbane,18.1,28.7,0.2,10.6,11.2,E,31,ESE,ESE,13,13,50,40,1022.1,1019.8,5,2,26,27.4,No,No
2013-12-20,Brisbane,17.7,29.2,0,9.2,13.2,E,26,ESE,ENE,7,13,54,50,1021.1,1017.2,3,1,26.9,27.5,No,No
2013-12-21,Brisbane,20.1,30.9,0,9,12.3,NE,28,NNW,NE,4,13,49,42,1017.4,1014.1,2,1,27.1,28.8,No,No
2013-12-22,Brisbane,19,30,0,9.4,12.7,ENE,26,NNW,ENE,4,11,54,52,1017.6,1014.9,2,2,26.2,28.4,No,No
2013-12-23,Brisbane,21.5,30.1,0,9,12.9,NE,31,N,NE,9,11,51,54,1016,1013.2,3,3,26.7,28.1,No,No
2013-12-24,Brisbane,19.7,32.5,0,11,12,ENE,26,SSW,NNE,6,9,49,47,1015.9,1013.3,3,6,28,30.8,No,No
2013-12-25,Brisbane,22.7,30.7,0,10,9.3,ENE,26,ENE,NE,7,9,62,54,1017,1014,7,7,26.8,29,No,No
2013-12-26,Brisbane,22.5,32.7,0,7.8,9.8,NE,24,NW,NE,7,11,52,57,1012.9,1008.7,4,6,28.8,29,No,No
2013-12-27,Brisbane,22.6,31,0,7.2,6.5,ESE,33,E,SE,9,15,76,60,1010.6,1008.2,7,7,26.1,27.3,No,No
2013-12-28,Brisbane,22,29.8,0,7.8,4.1,ENE,26,ENE,ENE,6,9,59,61,1011.7,1008.5,7,3,27,28.5,No,No
2013-12-29,Brisbane,23.4,34.8,0,6,11.5,WSW,33,NW,NNE,4,9,55,52,1009.3,1004.7,1,1,29.5,33,No,Yes
2013-12-30,Brisbane,22,31.1,1.2,11,8.8,ESE,31,ESE,ESE,7,13,57,51,1012.9,1009.6,7,2,26.6,28.2,Yes,No
2013-12-31,Brisbane,23.2,29,0,9,0.5,E,20,ESE,ESE,6,9,66,60,1011.2,1009.5,8,6,25.8,28,No,No
2014-01-01,Brisbane,20.6,30.6,0,3.4,12.5,ENE,31,SE,ENE,7,11,52,52,1015.2,1013.1,4,1,28.8,28.9,No,No
2014-01-02,Brisbane,21.1,31.8,0,9,8.6,NE,24,NNW,NNE,6,9,58,54,1011.9,1008.1,7,7,26.8,29.8,No,No
2014-01-03,Brisbane,22.7,34.5,1,8.6,11.2,NNE,35,NNE,NNE,4,15,55,57,1006.7,1001.7,2,2,30.6,32,No,No
2014-01-04,Brisbane,23.8,38.7,0,10.4,12.8,E,30,N,NE,7,15,45,47,1001.3,997.5,1,1,34.4,35.5,No,No
2014-01-05,Brisbane,23.9,33.6,0,11,6.1,ENE,26,SSW,ENE,4,13,64,59,1008.4,1005.5,8,4,27.8,31.6,No,No
2014-01-06,Brisbane,25.9,34.8,0,4.2,6.4,W,46,NE,ENE,2,11,68,66,1007.9,1004.9,6,6,29.4,30.3,No,Yes
2014-01-07,Brisbane,22.5,31.2,40.2,9.2,8.6,NA,NA,SE,ESE,11,22,50,52,1013.3,1012.8,6,6,27.8,26.9,Yes,No
2014-01-08,Brisbane,21.8,29.6,0.4,13,9.3,ESE,33,E,ESE,15,17,50,48,1018.3,1016.7,7,7,27.3,28.1,No,No
2014-01-09,Brisbane,20.4,28.6,0.2,8.2,4.9,E,31,SE,E,9,13,66,41,1020.9,1018.7,8,7,23.6,27.1,No,Yes
2014-01-10,Brisbane,19.4,27.8,1.4,7,1.5,E,30,SSE,ENE,7,9,65,61,1020.4,1018.3,5,7,25.8,25.9,Yes,No
2014-01-11,Brisbane,19.6,29.8,0,4.4,10.5,ENE,26,E,E,7,11,52,45,1018.9,1015.2,5,2,27.2,28.8,No,No
2014-01-12,Brisbane,19.5,30.6,0,8.4,10.5,E,33,SSE,E,6,15,51,50,1016.5,1014.3,4,2,27.8,28.6,No,No
2014-01-13,Brisbane,19.5,29.6,0,8.4,13.2,ESE,35,SSE,E,11,15,58,51,1018.3,1016.4,4,1,25.9,28.2,No,No
2014-01-14,Brisbane,20.4,30.2,0,9.2,12.7,E,33,E,E,11,15,49,55,1019.7,1018.8,4,4,27.3,27.1,No,No
2014-01-15,Brisbane,19.1,30.4,0,8.6,12.2,E,31,E,E,13,19,56,49,1021.3,1019.4,3,2,27.4,28.4,No,No
2014-01-16,Brisbane,20.2,30.6,0,9.8,11.8,NA,NA,E,E,17,15,53,49,1019.5,1016.4,3,2,27.9,29.7,No,No
2014-01-17,Brisbane,20.8,30.8,0.2,10.4,12.2,E,35,E,E,13,15,55,47,1016.4,1013.5,3,1,26.5,28.8,No,No
2014-01-18,Brisbane,20.1,30.4,0,9.6,11.4,ENE,37,SE,E,6,11,54,44,1014.1,1010.7,4,2,27.3,29.8,No,No
2014-01-19,Brisbane,20.1,31.8,0,9.6,12.2,ENE,28,SE,ENE,6,15,56,51,1009.7,1006.2,4,1,26.6,29.3,No,No
2014-01-20,Brisbane,20.5,33.5,0,8,12.6,NE,30,S,NE,6,13,58,48,1009.1,1005.6,2,1,28.3,31.7,No,No
2014-01-21,Brisbane,23.6,32.9,0,8.6,12.5,NNE,39,NNE,NNE,6,15,53,62,1009.6,1005.2,1,1,30.2,31.1,No,No
2014-01-22,Brisbane,25.5,35.3,0,10,8.2,E,33,S,E,6,15,55,54,1011.4,1010.6,5,3,31,33.4,No,Yes
2014-01-23,Brisbane,23.9,30.1,2.2,8.4,3.9,SE,35,NW,E,4,9,80,89,1016.6,1015.1,6,8,26.6,23.9,Yes,Yes
2014-01-24,Brisbane,20.7,29.2,94,10.4,3.6,NA,NA,SE,ENE,6,11,79,62,1014.6,1010.9,7,7,25.7,27.8,Yes,Yes
2014-01-25,Brisbane,23.6,28.7,2,3,1.2,SE,37,W,SE,9,19,69,65,1009.6,1009.3,7,7,27.8,26.7,Yes,Yes
2014-01-26,Brisbane,21.4,28.5,1.2,6.4,8.9,SE,46,SE,SE,11,19,60,46,1018.7,1017.7,7,6,25.3,27.4,Yes,No
2014-01-27,Brisbane,19.8,28.6,0,9.2,7.3,ESE,37,ESE,E,13,20,49,50,1020,1018.9,7,7,25.8,26.4,No,No
2014-01-28,Brisbane,21.5,26.7,0,9.4,3.7,E,37,E,E,20,20,61,63,1019.5,1017.2,7,7,24.6,24.8,No,No
2014-01-29,Brisbane,19.7,27.4,0.8,6.8,4.5,E,35,ESE,E,4,13,78,60,1017.2,1015.2,7,6,23.3,25.4,No,No
2014-01-30,Brisbane,21.4,28.4,0.2,8.4,3.6,E,35,ESE,E,6,19,64,49,1017.5,1015.9,7,5,25,26.3,No,No
2014-01-31,Brisbane,22.7,26.9,0,6.8,1.2,NE,33,E,ESE,15,15,54,57,1014.8,1013.3,7,7,25,25.6,No,No
2014-02-01,Brisbane,21.5,28.8,0,6.6,10.9,E,35,E,E,19,13,56,55,1013.2,1011.4,7,3,25.8,27.5,No,No
2014-02-02,Brisbane,21,30,0,9,9.2,E,28,ESE,E,9,15,57,49,1014.3,1012.1,5,2,26.8,28.4,No,Yes
2014-02-03,Brisbane,19.7,28.7,1.6,9.6,7.4,E,31,E,E,7,13,63,59,1013.6,1012.2,5,5,24.7,26.3,Yes,No
2014-02-04,Brisbane,19,29.7,0.6,7,10.6,ENE,31,SSE,E,4,17,62,54,1013.5,1012,4,1,25.5,27.9,No,No
2014-02-05,Brisbane,20,29.9,0,7.2,9.1,SSE,39,SSE,SE,17,17,53,46,1015.6,1013.6,3,6,26.4,28.6,No,No
2014-02-06,Brisbane,19.1,27.4,0.2,8.8,4.5,SSE,31,SE,E,13,13,55,57,1016,1013.9,7,8,24.7,25.8,No,No
2014-02-07,Brisbane,19.6,28.6,0,8,2.9,ENE,30,SSE,E,9,13,60,58,1016.5,1015.3,7,7,24.5,25.5,No,No
2014-02-08,Brisbane,19.9,29.2,0,6.4,10.7,E,28,E,ENE,11,13,56,55,1018.1,1016.5,6,3,25.8,27.6,No,No
2014-02-09,Brisbane,21.8,29.1,0,8.6,3.9,E,22,E,ENE,9,9,59,66,1019.8,1017.1,7,7,26.8,26.4,No,No
2014-02-10,Brisbane,21.9,28.8,0,5,5.1,E,24,SE,ENE,2,11,67,56,1016.8,1014.4,7,4,25.3,28.4,No,No
2014-02-11,Brisbane,19.5,29.2,0,7.2,10.7,ENE,24,SW,NE,6,11,59,51,1016.5,1013.3,6,6,25.5,28.2,No,No
2014-02-12,Brisbane,19.2,29.8,0,8,12.1,NE,30,SSE,ENE,6,11,56,47,1016.2,1013.5,3,1,26.1,28.9,No,No
2014-02-13,Brisbane,19.7,30.8,0,7,11.2,NA,NA,NNW,ENE,4,15,63,53,1015,1011.2,1,1,26.8,28.9,No,NA
2014-02-14,Brisbane,22.1,30,NA,8.4,6.4,NE,31,NW,NNE,7,11,60,58,1010.7,1005.8,6,6,26.4,27.9,NA,No
2014-02-15,Brisbane,23.2,31.6,0,8,8.7,NE,35,NE,NE,4,15,60,60,1006.6,1002.6,7,4,27.8,29.6,No,No
2014-02-16,Brisbane,23.7,32.6,0,9.4,12,NE,35,NNE,NNE,7,17,59,65,1006.2,1002.1,6,1,29.6,30.4,No,No
2014-02-17,Brisbane,23.4,34.1,0,10.8,9.7,E,33,NE,E,6,17,52,64,1009.3,1008.7,1,4,30.4,28.7,No,Yes
2014-02-18,Brisbane,23.4,31.3,8.4,7.8,9.3,ENE,24,SE,ENE,4,9,85,61,1012.1,1008.2,6,2,25.3,29.9,Yes,No
2014-02-19,Brisbane,23,31.9,0.2,7.4,11.7,NE,33,NNE,NNE,7,13,57,58,1009.4,1005.3,1,1,29.1,30.3,No,No
2014-02-20,Brisbane,25.6,33.4,0,9,7.9,NNE,26,NNW,NE,9,15,64,60,1009.4,1007.1,6,1,29.3,31.2,No,No
2014-02-21,Brisbane,24.6,34,0,9.6,9.1,SSE,31,SW,E,6,15,64,64,1012,1009.9,6,4,30.3,30.5,No,Yes
2014-02-22,Brisbane,23.2,27.4,2.2,8.2,0,SE,31,SE,SE,13,13,65,67,1015.5,1015,7,7,25.5,25,Yes,No
2014-02-23,Brisbane,21.2,30.2,0,8,10,SE,43,SE,ESE,17,19,49,44,1017.8,1015.6,6,3,26.6,28.3,No,Yes
2014-02-24,Brisbane,19.6,28.5,1.2,8.4,7.8,SSE,28,SE,ESE,9,17,68,46,1018.1,1015.4,1,4,24.9,27.3,Yes,Yes
2014-02-25,Brisbane,19.9,29.6,1.4,9.2,8.4,E,31,SSE,E,9,15,64,51,1016.9,1013.3,4,6,25.4,28.3,Yes,No
2014-02-26,Brisbane,19.1,29.5,0,8.4,10.7,ENE,24,SSW,ENE,4,13,58,50,1016.1,1013.1,4,2,25.9,28.6,No,No
2014-02-27,Brisbane,19.3,30.7,0,7.2,12.2,NE,24,WNW,NE,6,13,56,46,1016.5,1013.7,2,1,26.6,29,No,No
2014-02-28,Brisbane,20.6,30.9,0,8,7.4,E,35,ESE,E,9,17,59,48,1017.9,1015.1,5,4,27.1,28.9,No,No
2014-03-01,Brisbane,19.9,30.4,0.6,8,10.2,ENE,30,ESE,E,7,13,55,46,1016,1013.2,3,2,26.8,28.9,No,No
2014-03-02,Brisbane,20,30.2,0,7.4,10,E,28,E,E,6,13,53,46,1016.3,1014.4,2,3,27.2,28.6,No,Yes
2014-03-03,Brisbane,20.3,27.8,1.6,9.4,6.4,E,43,E,ESE,9,13,86,65,1021.4,1019.8,6,6,22.3,25,Yes,Yes
2014-03-04,Brisbane,19.5,28.6,4.6,7,8.3,ESE,48,SE,ESE,7,13,67,49,1023,1020.5,5,6,25.1,26.5,Yes,Yes
2014-03-05,Brisbane,19,27.9,3.4,6.6,5.1,ENE,26,SSE,ENE,7,13,82,52,1020,1016.2,7,3,21.6,26.4,Yes,No
2014-03-06,Brisbane,18,29.1,0,5,11.7,NE,28,S,ENE,4,13,56,50,1018.5,1016.4,2,3,25.8,27.9,No,No
2014-03-07,Brisbane,18.5,28.8,0,8.4,6.3,NNE,28,SE,ENE,9,13,65,50,1019.8,1017.5,6,3,24.3,27.4,No,No
2014-03-08,Brisbane,18.1,28.9,0.2,6.4,10.3,E,37,ESE,E,9,17,62,43,1020,1017.9,4,5,25.3,28.1,No,Yes
2014-03-09,Brisbane,19.5,28.3,1.2,9.6,1.9,E,37,ESE,E,11,17,62,67,1020.2,1018.2,7,7,25.2,24,Yes,Yes
2014-03-10,Brisbane,19.7,28.9,2.2,7,7.3,ESE,35,SE,ESE,11,15,67,44,1020.1,1018.2,5,7,24.5,27.5,Yes,Yes
2014-03-11,Brisbane,19.1,28.7,4.6,8.8,7.9,SE,35,ESE,SE,4,15,86,41,1020.4,1017.4,7,2,22.5,27.9,Yes,No
2014-03-12,Brisbane,19.5,29.3,0.8,7,10.4,E,30,SSE,ENE,7,15,63,51,1018.5,1015.2,3,2,24.6,27.5,No,No
2014-03-13,Brisbane,18.6,29.6,0,7.8,11,E,33,SE,E,9,19,58,45,1018.4,1015.5,3,2,26.2,28,No,No
2014-03-14,Brisbane,19.3,29,0,8,8.4,E,30,S,E,4,15,57,48,1017.3,1013.9,3,3,26.1,27.3,No,No
2014-03-15,Brisbane,18.6,30.2,0.6,6.6,11.1,ENE,24,S,NE,4,9,61,48,1015.9,1011.4,3,1,25.1,28.2,No,No
2014-03-16,Brisbane,19.6,32.8,0,6.8,10.4,NE,28,N,NE,7,9,54,55,1014.4,1008.5,1,1,26.8,30.5,No,Yes
2014-03-17,Brisbane,21.6,31.8,4.6,8.4,10.7,ENE,30,SSE,E,6,15,61,54,1015.9,1013.8,1,1,28.1,30,Yes,No
2014-03-18,Brisbane,24.1,32,0.2,7.6,8.8,E,24,NA,ENE,0,9,72,58,1020.8,1018.5,7,1,27.4,30.2,No,No
2014-03-19,Brisbane,23.8,30.6,0,6.6,8.7,E,26,E,E,7,15,67,54,1022,1019,7,2,26.4,28.9,No,No
2014-03-20,Brisbane,20.6,30,0.6,9.6,10.4,ENE,35,E,E,15,20,56,50,1022,1019.4,5,5,27.6,27.7,No,No
2014-03-21,Brisbane,19.2,29,0.2,7.8,8.7,NE,28,ESE,ENE,9,9,64,51,1019.7,1016.4,6,2,25.3,28.7,No,No
2014-03-22,Brisbane,19.6,29.5,0.6,6.2,9.9,E,24,S,ENE,6,13,64,55,1018.2,1015.3,6,1,25.7,27.6,No,No
2014-03-23,Brisbane,19.2,31.6,0,7,10.8,ENE,24,S,ENE,4,13,68,55,1018.3,1014.2,7,2,25.4,28.7,No,No
2014-03-24,Brisbane,20.1,28.8,0,5.2,5.2,NNE,24,W,NE,4,9,61,60,1016,1012.8,6,7,26,27.4,No,Yes
2014-03-25,Brisbane,19.8,26.5,22.4,5,1.1,SSW,22,WSW,SE,4,6,81,85,1018.1,1016.8,7,8,24,23.4,Yes,Yes
2014-03-26,Brisbane,21.7,27.2,21.6,3.4,0,ENE,39,ENE,ENE,17,20,76,68,1019.1,1017.6,8,7,25.4,26,Yes,Yes
2014-03-27,Brisbane,21.1,23.8,5.6,3,0,E,37,SE,ENE,4,11,89,91,1020.4,1016.1,8,8,23,23.3,Yes,Yes
2014-03-28,Brisbane,20.7,28.9,82.6,NA,5.7,ENE,37,SSW,NA,2,0,93,89,1016.2,1012.5,8,7,21.8,24.7,Yes,Yes
2014-03-29,Brisbane,21.8,32.6,3.2,2.8,10.1,N,15,NW,NNE,4,6,75,59,1016.7,1012.9,7,7,26.5,30.6,Yes,No
2014-03-30,Brisbane,22.7,25.6,0.8,6,0.5,SSE,22,S,SW,6,4,88,87,1018.8,1016.5,7,8,25.1,24.3,No,Yes
2014-03-31,Brisbane,20.3,29.3,2.2,0,9.5,E,28,SW,E,7,15,74,61,1019.8,1016.8,3,3,25.6,27.4,Yes,No
2014-04-01,Brisbane,19.7,29.3,0.6,6.4,10.3,E,24,SE,E,7,13,66,50,1019.3,1015.9,2,1,26.1,28.2,No,No
2014-04-02,Brisbane,19.2,29.9,0,6.8,10.5,ENE,22,S,ENE,4,13,67,53,1017.8,1014.6,4,2,25.6,27.9,No,No
2014-04-03,Brisbane,19.1,29.5,0,6.2,10.8,ENE,24,SE,NE,4,11,64,53,1017.9,1015.5,2,2,25.7,28.1,No,No
2014-04-04,Brisbane,18.9,29.5,0,5,9.8,NE,20,WSW,NE,4,9,70,60,1018.8,1015.7,2,3,24.4,27.7,No,No
2014-04-05,Brisbane,19.9,30.9,0,5.8,10.5,NE,19,WNW,NE,4,7,71,48,1019.3,1015.3,3,2,25.9,29.3,No,No
2014-04-06,Brisbane,21.1,31,0,5.6,8.6,SE,35,S,ENE,4,7,66,54,1017.5,1013.7,3,5,26.3,29.7,No,Yes
2014-04-07,Brisbane,19.6,27.8,1.8,5.8,6.2,SE,37,SSW,SE,11,11,68,54,1020.2,1017.6,5,6,22.6,25,Yes,No
2014-04-08,Brisbane,17.8,27,0,6.2,5.5,SSE,26,SSW,S,9,9,59,58,1019.9,1017,3,6,23.1,25.3,No,No
2014-04-09,Brisbane,18.4,27.8,0,3.2,8.8,ESE,26,SW,E,6,11,64,55,1019.9,1016,4,6,23.4,26.1,No,No
2014-04-10,Brisbane,17.3,26.3,0,6.6,9.2,N,15,WSW,NE,4,6,66,58,1017.4,1013.4,7,5,22.8,25.9,No,No
2014-04-11,Brisbane,16.4,29.7,0,4,10.2,NE,19,WNW,NNE,4,9,66,60,1012.1,1007.2,1,2,23.2,28.6,No,No
2014-04-12,Brisbane,20.4,31.3,0,4.8,5.4,NW,24,WNW,NW,4,6,60,54,1010.2,1007.9,2,5,27.1,28.8,No,No
2014-04-13,Brisbane,22.8,24.6,0,5.2,0,SE,20,ESE,ESE,7,4,73,87,1014,1012.6,8,8,24.2,21.9,No,Yes
2014-04-14,Brisbane,20.3,24.9,8.8,2.8,0.5,SE,41,SSE,SE,6,15,73,79,1013.7,1011.7,7,6,23.1,22.6,Yes,No
2014-04-15,Brisbane,17.8,25.8,0,2.4,7.5,SSE,28,SW,SSE,7,9,62,56,1016.6,1013.7,6,6,23,24.3,No,No
2014-04-16,Brisbane,15.8,28.2,0,4.6,9.8,W,24,WSW,S,9,6,58,41,1016.9,1013.1,1,2,21.6,27.9,No,No
2014-04-17,Brisbane,16.2,28,0,5.6,10.7,ENE,19,WSW,WNW,7,7,59,39,1018.4,1014.2,1,2,21.9,27.7,No,No
2014-04-18,Brisbane,16.6,28.4,0,4,10,W,20,WSW,W,6,7,69,39,1017.4,1013,1,1,21.9,27.8,No,No
2014-04-19,Brisbane,14.5,28.6,0,4.8,11.1,W,20,WSW,WNW,7,7,51,31,1016.9,1012.9,0,0,22,27.6,No,No
2014-04-20,Brisbane,15.3,28.5,0,7,10.7,ENE,17,SW,N,4,6,61,35,1018.6,1015.5,1,1,22,27.5,No,No
2014-04-21,Brisbane,15.9,29.2,0,5.2,10.8,NE,19,WSW,NNE,6,7,63,43,1021.4,1017.8,1,1,22.1,27.6,No,No
2014-04-22,Brisbane,16.8,27.5,0,5,10.5,E,20,SW,NE,6,9,68,41,1022,1018.4,1,7,22.7,26.8,No,No
2014-04-23,Brisbane,16.6,28.2,0,4.8,9.4,NNE,17,WSW,NE,4,6,70,46,1020,1015.5,6,5,21.8,26.7,No,No
2014-04-24,Brisbane,16.2,29,0,5.6,10.2,NE,17,WSW,NE,6,6,73,53,1018.1,1013.6,5,2,21.6,27.7,No,No
2014-04-25,Brisbane,17.2,28.9,0,3.6,10.7,E,26,SW,E,6,15,74,51,1019.2,1015.6,3,2,21.5,27.1,No,No
2014-04-26,Brisbane,17.2,29.1,0,5,9.6,ENE,15,SW,W,7,4,69,46,1019.3,1014.5,3,7,22.2,28.7,No,No
2014-04-27,Brisbane,19.1,29.4,0,4.4,6.8,SE,31,SW,SSE,4,7,78,45,1019.1,1015.8,6,4,22.2,28.7,No,Yes
2014-04-28,Brisbane,18.7,24.6,2.6,5.6,2.7,SSE,37,S,SE,4,17,90,59,1021.7,1018.9,7,7,19.2,23.8,Yes,No
2014-04-29,Brisbane,16.5,26,0.4,2.4,8.5,SSE,24,SW,E,7,6,73,48,1020.3,1016.7,7,4,20.5,24.1,No,No
2014-04-30,Brisbane,14.5,27.1,0,4.4,5.5,S,17,SW,NE,4,4,68,60,1016.5,1012.6,3,7,21.1,25,No,Yes
2014-05-01,Brisbane,18.4,27.4,4.6,0.2,7.3,ENE,17,SSW,NE,7,6,80,60,1015.6,1012.2,3,2,21.7,24.9,Yes,Yes
2014-05-02,Brisbane,17.7,23.5,1.2,2.4,0,NNW,22,NA,N,0,4,94,84,1010.2,1004,8,8,19.8,21.8,Yes,Yes
2014-05-03,Brisbane,15.4,21.1,13.8,6,9,WNW,44,W,W,20,20,52,33,1005.8,1004.3,5,6,16.9,19.2,Yes,No
2014-05-04,Brisbane,11.8,NA,0.2,5.6,9.9,W,48,W,W,19,22,NA,NA,1012.9,1011.4,1,1,NA,NA,No,No
2014-05-05,Brisbane,8.5,22.5,0,6,9.3,WNW,28,WSW,W,6,11,51,NA,1020.2,1017.4,0,1,17.9,NA,No,No
2014-05-06,Brisbane,10.4,22.4,0,5,9.5,SW,20,SW,W,7,9,45,33,1021.2,1017.6,1,3,17.2,21,No,NA
2014-05-07,Brisbane,14.2,23.7,NA,4,7.4,E,24,SW,ESE,6,9,56,50,1020.2,1017.5,7,6,17.1,22.7,NA,No
2014-05-08,Brisbane,15.3,24.2,0,4.6,3.5,SE,33,SSW,S,7,7,61,59,1022,1019.3,5,7,20.5,21.2,No,No
2014-05-09,Brisbane,14.7,24.7,0,4,8.9,SSE,28,SW,ESE,9,13,63,47,1024.3,1021.1,2,7,19.9,23.4,No,No
2014-05-10,Brisbane,15.6,24,0,6,1.8,E,28,WSW,E,4,9,64,64,1024.6,1021.9,7,8,19.1,20.7,No,No
2014-05-11,Brisbane,13.7,25.4,0.2,2.8,9.4,SW,15,WSW,NE,7,6,76,48,1024.6,1021.4,1,1,18.6,23.6,No,No
2014-05-12,Brisbane,13.8,24.7,0,2.4,7.5,SE,26,SSW,E,9,11,68,61,1026.6,1023.9,2,4,19.7,22.4,No,Yes
2014-05-13,Brisbane,13.9,24.8,3.6,4,10.2,SE,30,SW,ESE,7,17,70,53,1026.5,1023.3,1,5,19.4,23.6,Yes,No
2014-05-14,Brisbane,15.1,23.2,0,5,6.3,SE,31,SSW,ESE,6,15,70,68,1026.1,1023.5,6,7,19.6,21.4,No,No
2014-05-15,Brisbane,15.2,24.8,0,3,9.6,E,31,SW,E,6,15,68,47,1026.5,1024.1,2,2,20.5,23.7,No,No
2014-05-16,Brisbane,15.2,23,0.4,5.8,3.9,E,33,SW,ESE,6,6,69,69,1027.7,1026,6,7,20.4,22.4,No,Yes
2014-05-17,Brisbane,14.8,24.6,1.2,1.6,6,ENE,31,WSW,SE,2,9,70,61,1029.9,1026.8,7,5,19,22.4,Yes,No
2014-05-18,Brisbane,15,25.1,0.6,3.4,5.4,E,30,SW,ESE,4,7,71,55,1028.4,1026.5,5,7,20.7,22.2,No,No
2014-05-19,Brisbane,14.4,24.7,0.2,4,2.1,ENE,17,SW,E,4,7,76,54,1027.8,1024.4,7,7,18,23.2,No,No
2014-05-20,Brisbane,14.6,24.7,0,2.4,5.1,W,15,SW,E,6,6,69,56,1024.7,1021.3,3,8,18.8,22.9,No,No
2014-05-21,Brisbane,14.7,25.1,0,2.8,10,ESE,28,SW,SE,6,11,71,59,1022.9,1020.8,1,3,19.7,23.2,No,Yes
2014-05-22,Brisbane,17.8,26.1,1.2,2,7.4,ENE,22,SW,E,2,11,74,61,1023.9,1020.5,3,5,21.5,23.5,Yes,No
2014-05-23,Brisbane,16.7,26.6,0,3.2,7.4,ENE,24,NA,NE,0,6,75,62,1021.6,1016.8,4,3,21.9,23.4,No,No
2014-05-24,Brisbane,16.7,27,0.6,1.6,10.1,WSW,24,WSW,SW,2,7,79,46,1017.8,1014.2,2,5,21.4,25.8,No,No
2014-05-25,Brisbane,13.5,28.4,0,4,10.4,SW,15,SW,W,4,2,71,36,1020.9,1018.4,0,1,19.2,27.9,No,No
2014-05-26,Brisbane,13.5,28.4,0.2,4.4,10.1,NE,15,SW,ENE,6,7,71,42,1024.6,1021.3,5,3,18.6,26.4,No,No
2014-05-27,Brisbane,13.8,26.9,0,2.8,9.7,ENE,22,SW,NE,6,11,73,60,1023.6,1018.2,5,6,19.9,24.8,No,No
2014-05-28,Brisbane,14.8,27.9,0,3.4,9.7,NNW,15,NA,E,0,2,74,60,1020.2,1017.2,1,5,21.4,25.6,No,No
2014-05-29,Brisbane,15.3,28.6,0,3.4,9.7,E,22,SW,ENE,4,9,77,51,1021.7,1018.4,1,1,20.2,25.9,No,No
2014-05-30,Brisbane,18.8,24.9,0,3.6,3.1,E,22,SW,E,4,11,69,54,1024.1,1021,7,7,20,24,No,No
2014-05-31,Brisbane,16,23.4,0.6,3.4,3.8,E,20,WSW,E,6,7,89,80,1023.6,1020.3,8,7,17.9,20.8,No,No
2014-06-01,Brisbane,14.4,24.8,0.4,3,8.3,ENE,15,SW,ENE,6,7,86,53,1021.1,1017.7,7,6,17,23.5,No,No
2014-06-02,Brisbane,13.8,25.8,0,2.4,9.7,ENE,19,SW,NE,6,7,75,57,1019.7,1016.3,1,4,18.7,24.6,No,No
2014-06-03,Brisbane,16.8,24.6,0,3,5,WNW,19,WSW,W,6,6,92,66,1019.7,1017.1,7,7,18.4,23.6,No,No
2014-06-04,Brisbane,15.1,25.8,0,1.8,7.8,WSW,13,SW,ENE,4,6,69,64,1022.5,1020.6,3,7,19.5,23.4,No,No
2014-06-05,Brisbane,13.8,26.1,0,3.6,9.1,SE,22,SW,S,6,6,66,46,1023.5,1019.7,1,5,18.5,24.9,No,No
2014-06-06,Brisbane,14.4,25.9,0,3.4,9.1,SE,19,SSW,E,6,9,71,55,1022.3,1018.6,1,2,19.2,23,No,No
2014-06-07,Brisbane,13.3,24.4,0,3.6,9.8,SSW,24,SW,SSW,7,11,64,43,1022.8,1019.3,2,6,18.6,23,No,No
2014-06-08,Brisbane,13.9,23.3,0,5,6.5,SW,20,SSW,SE,7,7,62,53,1022.3,1019.6,6,7,18,22,No,No
2014-06-09,Brisbane,14.4,22.4,0,4.4,3.9,SE,28,SW,SE,9,11,57,51,1022.6,1020.7,7,7,18.3,20.9,No,No
2014-06-10,Brisbane,13.6,23.9,0,4,9.2,SSE,41,SW,SE,6,15,62,50,1023.9,1019.6,4,3,18,21.8,No,No
2014-06-11,Brisbane,13.9,22.8,0,4.6,4.9,SE,30,WSW,SE,7,15,69,47,1022.5,1019.3,5,1,16.7,21.3,No,No
2014-06-12,Brisbane,14.4,23.6,0,4.6,6.5,SE,26,SW,E,6,9,58,55,1020.9,1018.4,2,7,18.7,21.7,No,Yes
2014-06-13,Brisbane,14.6,24.1,1.4,3.6,6.8,ESE,20,SSW,NE,6,7,83,57,1020.3,1016.1,3,7,17.6,22.5,Yes,No
2014-06-14,Brisbane,15.3,21,0.8,2.6,0.4,W,26,SW,NNW,2,7,88,70,1015.9,1011.7,7,7,17.5,20.4,No,No
2014-06-15,Brisbane,9.8,20.6,0.6,2.2,9.8,W,43,WSW,W,6,13,57,42,1015.8,1013.9,2,2,16.6,19.7,No,No
2014-06-16,Brisbane,10.2,21.6,0,5.4,9.5,W,20,WSW,SSW,9,4,57,38,1021.7,1020.4,6,4,15.2,20.6,No,No
2014-06-17,Brisbane,8.5,22.9,0,3.4,9.8,S,15,SW,SSW,6,6,62,37,1024.8,1021.8,1,1,14.9,22.1,No,No
2014-06-18,Brisbane,9.6,24.3,0,2,9.2,ESE,20,SW,S,4,4,61,45,1027.3,1024.5,1,4,16.4,22.4,No,No
2014-06-19,Brisbane,13.8,20.3,0,3.4,1.5,WSW,15,SW,SE,6,7,78,83,1027,1024.3,7,7,17.3,17.9,No,Yes
2014-06-20,Brisbane,15.7,22.5,5.8,0.6,3.3,W,13,SW,SSW,4,2,90,65,1024.5,1019.8,7,3,17.4,21.8,Yes,No
2014-06-21,Brisbane,14.9,25.6,0,1.4,7.9,SSW,15,WSW,SW,4,4,87,46,1021.6,1017.7,7,2,17.1,25.2,No,Yes
2014-06-22,Brisbane,13.2,24.2,5.2,3.4,9.1,WNW,19,SW,SW,4,4,93,47,1021.3,1017.1,2,1,15,23.6,Yes,No
2014-06-23,Brisbane,10.8,24.1,0.2,2.4,9.2,ENE,17,SW,NE,6,9,77,52,1019.8,1014.4,3,5,15,22.4,No,No
2014-06-24,Brisbane,10.2,20.9,0,2.2,2.3,W,43,WNW,W,11,19,47,30,1014.5,1012.1,7,7,18.1,20.1,No,No
2014-06-25,Brisbane,13.4,21.8,0,5.4,8.8,WSW,35,WSW,W,9,13,46,36,1019.8,1016.5,6,1,15.7,21.7,No,No
2014-06-26,Brisbane,10,24.2,0,6.8,9.9,W,22,SW,SSW,6,4,47,26,1024.1,1021.5,0,0,16.3,24.2,No,No
2014-06-27,Brisbane,6.8,23.6,0,3.4,9.9,ENE,15,SW,NE,4,7,66,39,1023.9,1019.3,0,0,11.8,21.5,No,No
2014-06-28,Brisbane,11.8,24.9,0,3,6,N,31,NA,NE,0,11,64,63,1017.5,1009.7,3,7,17.9,22.4,No,Yes
2014-06-29,Brisbane,12.3,19.9,1.6,3.6,10,W,54,W,W,9,20,41,34,1013.7,1010.7,0,1,15.6,19,Yes,No
2014-06-30,Brisbane,5.2,19.1,0.2,8,9.9,W,43,SW,W,6,20,44,30,1019.2,1017.5,1,2,15,18.4,No,No
2014-07-01,Brisbane,5.2,19.8,0,7,10.2,W,28,WSW,S,7,6,49,25,1025.7,1023.3,0,0,12.1,18.9,No,No
2014-07-02,Brisbane,5.3,21.2,0,2.6,10.2,SSW,20,SW,WNW,6,6,63,30,1026.4,1022.9,1,1,11.6,20.7,No,No
2014-07-03,Brisbane,7.4,22.6,0,3.6,9.8,WSW,17,SW,E,4,7,60,45,1027.1,1023.1,1,1,13.8,21.8,No,No
2014-07-04,Brisbane,9.4,23.9,0,3,8.7,E,15,SW,NNE,6,4,78,47,1024.7,1020.5,3,4,13.7,21.9,No,No
2014-07-05,Brisbane,11.5,24.4,0.4,2.6,9.8,SW,20,WSW,SW,4,6,78,41,1019.5,1014.8,1,3,16.4,23.6,No,No
2014-07-06,Brisbane,5.3,20.5,0,4,10.2,W,31,WSW,W,7,13,43,27,1016.7,1012,0,0,15.1,20.4,No,No
2014-07-07,Brisbane,8,19.9,0,7.6,10,W,26,WSW,WSW,11,6,43,28,1016.4,1013.4,0,1,13.5,19.7,No,No
2014-07-08,Brisbane,6.2,21.7,0,4,9.9,NNE,15,WSW,NE,6,6,55,34,1018.4,1013.5,0,0,12.6,20.6,No,No
2014-07-09,Brisbane,4.7,23.4,0,2.8,9.8,NNE,26,NA,NE,0,7,61,37,1015,1009,0,0,12.3,21.7,No,No
2014-07-10,Brisbane,10,20,0,5,9.8,WNW,48,W,W,17,26,28,25,1013.5,1011.9,0,1,15.8,18.7,No,No
2014-07-11,Brisbane,9.3,22.4,0,9.6,9.9,WSW,33,W,NW,9,6,38,19,1021.4,1017.9,0,0,14.6,21.6,No,No
2014-07-12,Brisbane,2.6,22.6,0,4.6,9.9,W,22,SW,W,4,11,46,22,1021.4,1017.6,0,0,14.4,21.7,No,No
2014-07-13,Brisbane,7.5,21.8,0,4.8,9.7,ESE,20,WSW,ESE,7,6,44,27,1022.9,1021.1,0,2,14.2,20.6,No,No
2014-07-14,Brisbane,10.5,21.4,0,3.8,9,ESE,30,SW,SE,9,15,59,45,1028.5,1024.7,2,2,14.7,20.1,No,No
2014-07-15,Brisbane,12.5,20.5,0,4.2,2.6,SE,22,SSW,N,2,2,82,67,1025.3,1021.3,7,7,14.4,18.9,No,No
2014-07-16,Brisbane,11.2,22,0.8,2.4,3.2,SSW,11,WSW,NA,2,0,89,83,1020.2,1017.3,7,7,13.6,17.9,No,Yes
2014-07-17,Brisbane,7,22.2,2,1.2,10.2,W,37,NA,WNW,0,15,78,27,1018.6,1014.7,1,0,15,21.2,Yes,No
2014-07-18,Brisbane,7.3,18.7,0.2,6.6,9.9,W,56,W,W,15,22,41,23,1014.8,1011.7,1,0,16.2,17.8,No,No
2014-07-19,Brisbane,6.7,20.3,0,9,10,WSW,28,W,W,11,13,47,23,1019.4,1016.1,0,1,11.8,19.7,No,No
2014-07-20,Brisbane,8.2,23.2,0,5,10.1,W,24,SW,S,6,6,46,33,1021.4,1018.9,6,5,14.4,22.2,No,No
2014-07-21,Brisbane,11,22.2,0,3.8,6.9,ESE,20,WSW,ESE,6,7,70,56,1023.5,1020.1,4,7,15.7,20.3,No,No
2014-07-22,Brisbane,10.5,22.6,0,3.2,7.1,SE,28,WSW,WNW,6,4,78,47,1022.7,1018.2,2,3,15.5,21.4,No,Yes
2014-07-23,Brisbane,9.4,22.8,2.4,3.6,9.8,E,20,SW,NE,7,6,76,54,1023.7,1020.3,1,3,14.5,19.8,Yes,No
2014-07-24,Brisbane,11.2,23.3,0.2,3,9.5,E,19,SSW,NE,4,9,65,49,1023.2,1021.2,2,1,16.5,21.5,No,No
2014-07-25,Brisbane,10.1,23.8,0,3.6,9.9,NE,22,WSW,NE,4,9,75,57,1027.1,1023.7,1,3,16.4,22.6,No,No
2014-07-26,Brisbane,12.2,22.7,0,2.6,0.5,W,20,SW,NE,4,6,88,65,1027.6,1023.1,7,8,16.2,21.4,No,Yes
2014-07-27,Brisbane,12,24.4,8,2.4,10.3,WSW,22,SW,WSW,6,6,80,32,1023.8,1020.7,1,1,17.4,23.6,Yes,No
2014-07-28,Brisbane,9.4,23.7,0.2,3.4,9.8,W,22,SW,W,4,7,72,32,1024.4,1020.1,1,1,14.7,23.2,No,No
2014-07-29,Brisbane,7.3,25.1,0,3.2,10.2,W,24,W,W,4,11,59,20,1023.1,1018.9,0,0,14.4,24.5,No,No
2014-07-30,Brisbane,7.8,25.9,0,4.8,9.8,WNW,17,WSW,SSW,4,4,58,17,1023.2,1018.4,0,0,13.7,25.3,No,No
2014-07-31,Brisbane,6.6,25.4,0,4,10.1,NNW,28,NA,NNE,0,11,56,46,1022,1015.7,0,1,14.3,23.3,No,No
2014-08-01,Brisbane,10.6,28.5,0,3.4,10.2,WNW,28,NA,WNW,0,13,66,28,1016.4,1010.8,1,3,19.3,27.4,No,No
2014-08-02,Brisbane,12.3,21.4,0,7.6,10.1,WSW,28,WSW,ESE,11,6,29,9,1023.3,1021.9,1,0,15,20.6,No,No
2014-08-03,Brisbane,9.8,21.4,0,7,8.5,SE,28,SSW,SE,6,11,52,50,1029,1026.5,3,3,15.2,19.5,No,Yes
2014-08-04,Brisbane,11.9,20.2,2,4,3.2,SSE,31,WSW,SE,6,13,82,47,1030.6,1029,7,7,15.7,19.1,Yes,No
2014-08-05,Brisbane,10.9,21.8,0.4,3.4,9.6,ESE,24,SW,E,6,13,69,48,1031.3,1028.2,1,3,15.7,19.9,No,NA
2014-08-06,Brisbane,10,22.3,NA,4.2,8.9,E,28,SW,E,4,11,63,41,1031.7,1027.7,6,1,15.5,21.1,NA,No
2014-08-07,Brisbane,9,24,0,4,10,WSW,15,WSW,SE,4,4,67,25,1028.9,1024.5,1,1,15.6,23.2,No,No
2014-08-08,Brisbane,9.4,23.3,0,3.8,6.7,SSW,17,SSW,E,7,7,62,42,1030.2,1026.9,1,6,16,21.6,No,No
2014-08-09,Brisbane,11,21.9,0,4,3,E,28,SSW,ESE,6,11,67,64,1030,1026.9,2,7,17.2,19.1,No,No
2014-08-10,Brisbane,11.6,24.6,0,2.8,9.8,NNE,19,SW,NNW,6,4,73,45,1026.2,1020.5,1,2,17.3,23.4,No,No
2014-08-11,Brisbane,11.3,25.9,0,4.6,9.9,ESE,26,SW,E,6,11,64,33,1022.2,1018.4,1,2,17,23.5,No,No
2014-08-12,Brisbane,11.4,22.1,0,4,9.3,ESE,30,S,ESE,4,13,60,52,1025.2,1022.9,1,6,17.8,19.7,No,No
2014-08-13,Brisbane,12.1,22.6,0,5.6,9.2,E,28,SSW,ESE,7,15,59,48,1028.4,1026.3,2,3,16.6,19.8,No,No
2014-08-14,Brisbane,10.8,21.6,0,3.4,5.5,ESE,30,SW,ESE,7,13,62,44,1030.5,1028,3,2,17.2,20.9,No,No
2014-08-15,Brisbane,12,20.9,0,4,0.6,SE,30,WSW,ESE,4,13,73,57,1028.3,1024,7,7,15.8,19.6,No,Yes
2014-08-16,Brisbane,13.6,17.4,4,2.2,0,NE,26,SE,ENE,2,6,95,92,1021,1015.9,8,8,15.3,17.1,Yes,Yes
2014-08-17,Brisbane,14.8,22.5,51.6,NA,7.8,W,37,W,W,7,13,64,25,1010.7,1007.2,6,0,17.4,22,Yes,No
2014-08-18,Brisbane,11.7,20.9,0,7.2,9.8,WNW,56,W,W,20,20,55,44,1011.6,1008.5,5,3,15.5,19.2,No,No
2014-08-19,Brisbane,13.6,24.3,0,9,10.6,W,39,W,W,15,15,53,35,1013.8,1011,1,1,18.1,23.5,No,No
2014-08-20,Brisbane,9.8,24.2,0,6.4,9.9,E,24,WSW,ENE,7,9,54,47,1020.2,1017.7,0,2,17.9,21.7,No,No
2014-08-21,Brisbane,12.1,23.2,0,6.6,10.2,ESE,39,SSW,SE,7,17,58,52,1023.2,1020.7,1,3,18.3,21.4,No,Yes
2014-08-22,Brisbane,14,17.1,3.2,4.2,0,SSE,24,SSW,SSE,6,13,83,88,1025.9,1023.2,8,8,15.8,15.9,Yes,Yes
2014-08-23,Brisbane,13.8,18.5,22.4,4,0,SSE,37,SW,SSE,7,11,93,85,1023.8,1022.2,8,8,14.7,15.8,Yes,Yes
2014-08-24,Brisbane,14,22.8,6,1.4,3.5,SE,31,S,SSE,7,11,72,43,1023.9,1020.4,8,7,18,22.5,Yes,No
2014-08-25,Brisbane,13.7,24,0,4.2,8.9,SE,26,SSW,S,9,9,64,51,1021.7,1017.9,1,2,19.3,22.7,No,No
2014-08-26,Brisbane,12.8,23.9,0,4,9.1,SE,28,SW,SE,6,9,64,40,1018.3,1014.3,1,1,18.4,23.7,No,No
2014-08-27,Brisbane,12,23.8,0,4,7.4,W,35,WSW,S,9,11,65,48,1016.3,1012.2,1,7,18.4,21,No,Yes
2014-08-28,Brisbane,12.7,23.7,3.6,4.4,7.6,SSW,35,SSW,S,13,11,63,37,1016.2,1017.2,5,2,19.5,22.6,Yes,No
2014-08-29,Brisbane,12.3,23.9,0,6,10.9,E,20,SW,S,7,6,52,32,1023.2,1018.7,1,1,17.4,22.8,No,No
2014-08-30,Brisbane,9.7,24.3,0,4,10.5,NE,19,SSW,SSE,7,6,61,40,1020.4,1016.2,1,2,16.7,23.1,No,No
2014-08-31,Brisbane,13.6,25.8,0,4,10.9,E,24,SW,NE,6,9,58,46,1019.2,1015.5,1,1,19.5,23.2,No,No
2014-09-01,Brisbane,13.4,25.3,0,4.6,10.3,NE,24,WSW,NNE,4,9,69,56,1019.8,1014.9,1,1,19.8,22.8,No,No
2014-09-02,Brisbane,12,29.1,0,4.6,6.7,WNW,43,NNW,NW,4,9,60,27,1013.6,1005.9,7,4,18.3,29,No,No
2014-09-03,Brisbane,10.9,23.1,0,10.8,10.9,W,44,W,W,15,11,37,18,1012.7,1009.3,1,1,16.3,22.5,No,No
2014-09-04,Brisbane,10,23.9,0,8.8,10.1,WNW,26,SW,SW,6,6,31,15,1015,1011,1,1,17.3,23.7,No,No
2014-09-05,Brisbane,9.1,23.8,0,5.8,10.7,ENE,24,SW,NE,6,9,48,38,1018.2,1015.4,1,3,16.7,21.5,No,No
2014-09-06,Brisbane,11.5,23.4,0,6.4,8.2,SE,30,WSW,ESE,9,11,56,50,1025.1,1022.7,1,7,17.6,20.3,No,No
2014-09-07,Brisbane,12.9,23.1,0,6.4,8.5,ESE,30,SE,ESE,11,15,56,52,1027.1,1024,5,6,19.5,20.9,No,Yes
2014-09-08,Brisbane,13.8,23,3,4.4,5.6,ESE,33,SSE,E,7,11,70,52,1025.9,1022.1,6,5,18.9,21.3,Yes,No
2014-09-09,Brisbane,12.4,23.6,0,4,10.5,NE,24,WSW,ENE,4,13,66,59,1022.6,1018.3,5,3,19.3,22.4,No,No
2014-09-10,Brisbane,13.3,28.3,0,4,10.3,NE,26,WNW,NE,6,7,63,65,1016.9,1011,2,5,21.3,23.8,No,No
2014-09-11,Brisbane,11.7,27,0,3.8,10.6,NE,22,WSW,NE,6,9,50,33,1017.8,1015.1,0,0,20.7,24.5,No,No
2014-09-12,Brisbane,13.8,25.2,0,4,10.2,NE,28,S,E,6,11,69,49,1022.6,1020.4,5,2,20.6,23.8,No,No
2014-09-13,Brisbane,15.1,24.2,0,5,7.2,NE,24,NE,NE,7,7,55,52,1024.2,1021.8,5,7,22.2,22.3,No,No
2014-09-14,Brisbane,12.8,24.7,0,4.2,10.1,ENE,22,WSW,NE,6,9,66,50,1023.4,1018.8,1,1,19.6,23.2,No,No
2014-09-15,Brisbane,12.8,26.3,0,5,10.4,NNE,24,WSW,NE,6,13,63,50,1019.8,1014.3,1,1,20.1,23.7,No,No
2014-09-16,Brisbane,13.3,26.9,0,5.4,9.7,NE,30,N,NE,6,13,49,62,1017,1011.3,1,4,22.4,24.3,No,No
2014-09-17,Brisbane,11.9,29.5,0,6.2,11,NW,33,SW,WNW,6,20,35,18,1015.2,1010.5,0,1,24.4,28.8,No,No
2014-09-18,Brisbane,11.1,27.3,0,9,11.3,WSW,26,WSW,WNW,7,6,25,15,1019.5,1015.2,1,0,22.2,26.8,No,No
2014-09-19,Brisbane,11.2,24.7,0,7.6,11,ENE,28,SW,NNE,4,11,51,43,1021.5,1016.4,1,1,20.2,23.1,No,No
2014-09-20,Brisbane,14.4,24,0,5.6,6.9,E,31,S,E,6,15,66,54,1022,1018.8,5,4,19.5,21.9,No,No
2014-09-21,Brisbane,12.6,24.4,0,5.6,10.1,E,33,SSE,ESE,9,15,52,47,1026.5,1023.9,5,4,20.8,22.6,No,No
2014-09-22,Brisbane,13.4,23.4,0.6,6.8,7.1,ESE,35,SE,E,9,17,67,53,1027.7,1025.5,6,7,20.2,21.4,No,Yes
2014-09-23,Brisbane,15.5,23.9,3,4.8,9.7,E,31,SE,E,11,13,53,41,1028.7,1025.3,6,3,21.1,22.2,Yes,No
2014-09-24,Brisbane,13.9,23.4,0.8,6.2,6.8,E,24,WNW,NE,6,11,76,56,1025,1020.4,7,3,19.1,22.4,No,No
2014-09-25,Brisbane,14.8,26.3,0,5,7.5,NE,39,WNW,NE,9,13,56,61,1019.1,1011.1,5,3,22.8,24.6,No,Yes
2014-09-26,Brisbane,13.9,25.5,9.8,5.2,10.2,W,26,WSW,ENE,9,11,56,57,1015.5,1013.2,1,5,21.7,22.8,Yes,No
2014-09-27,Brisbane,14.5,26.6,0,6.6,9.5,S,26,W,ENE,6,13,60,47,1019.3,1015.2,4,2,21.1,24.7,No,Yes
2014-09-28,Brisbane,15,23.9,10.4,5,9.2,NE,24,SE,ENE,11,9,62,53,1022.4,1019.2,2,2,20.3,23.1,Yes,No
2014-09-29,Brisbane,13.2,24.9,0,5.8,10.4,ENE,24,ESE,ENE,2,11,59,52,1021.5,1017.3,2,1,21.2,23.7,No,No
2014-09-30,Brisbane,13.6,26.2,0,6,10.8,NE,28,NNE,NE,4,9,53,53,1021,1016.9,0,0,22.6,25.1,No,No
2014-10-01,Brisbane,15.9,31.4,0,5.6,10.3,SE,43,NW,NE,6,11,55,53,1017.6,1011.8,0,1,23.4,27.5,No,No
2014-10-02,Brisbane,17.6,23.2,0,7,7.7,SE,37,E,ENE,7,11,55,53,1022.3,1019.6,7,5,20.3,22,No,No
2014-10-03,Brisbane,13.3,26,0,8.8,10.2,ENE,26,E,NNE,4,7,58,55,1020.3,1017,0,1,21.4,24.7,No,No
2014-10-04,Brisbane,20,25.8,0,NA,8.7,ENE,28,N,ENE,7,13,67,52,1022.6,1019.3,7,1,22.1,24.1,No,No
2014-10-05,Brisbane,15.7,26.9,0,7,10.8,NE,26,WNW,NE,4,11,56,45,1021.9,1017.6,4,1,23.1,25.3,No,No
2014-10-06,Brisbane,14.4,27.2,0,7.2,11.2,ENE,24,E,ENE,2,11,49,39,1020.4,1015.9,1,1,23.6,25.6,No,No
2014-10-07,Brisbane,14.4,26.9,0,7.4,10.9,NE,28,NNW,NE,9,11,47,52,1016.8,1012.1,0,2,24,25.1,No,No
2014-10-08,Brisbane,16.9,31.7,0,6,8.8,ESE,37,NW,E,4,17,55,67,1013.9,1011.7,1,4,25.5,25.3,No,No
2014-10-09,Brisbane,19.4,25.3,0,5.2,7.3,E,33,SE,E,11,13,56,49,1020.4,1018.2,6,4,23.5,24,No,No
2014-10-10,Brisbane,14.9,25.4,0,8,9.9,NE,24,NW,NE,6,11,58,50,1020.8,1016.7,4,1,21.6,24,No,No
2014-10-11,Brisbane,17.7,26.4,0,6.6,7.7,E,24,S,ENE,2,11,62,52,1019.3,1015.3,7,1,21.7,25.2,No,No
2014-10-12,Brisbane,17.4,26.2,0,5.8,10.2,ENE,28,E,ENE,6,15,58,57,1019.6,1016.6,4,1,23.9,23.7,No,No
2014-10-13,Brisbane,16.2,26.9,0,7,10.5,ENE,37,N,NNE,7,13,57,56,1016.7,1011.5,3,3,23.2,25.2,No,Yes
2014-10-14,Brisbane,17.3,27.7,3.2,8.6,10.9,W,41,NW,W,13,19,60,26,1010.7,1008.4,6,1,23.4,26.8,Yes,No
2014-10-15,Brisbane,13.3,26.2,0,12.4,12.5,WNW,35,W,W,13,13,34,25,1015.9,1012.3,0,1,18.3,25.3,No,No
2014-10-16,Brisbane,13.2,26.7,0,7.6,12.1,E,26,SSW,ENE,7,11,45,37,1019.2,1015.7,1,1,22.8,25.7,No,No
2014-10-17,Brisbane,15.5,30.2,0,5.2,11.9,E,30,S,ENE,7,13,54,38,1020.7,1016.6,2,4,23.8,26.7,No,No
2014-10-18,Brisbane,16.1,26.5,0,7.8,11.8,ESE,39,S,ESE,9,15,48,46,1026,1023.3,1,2,23.2,24,No,No
2014-10-19,Brisbane,15.2,26.9,0,7.6,12.1,E,30,SE,ENE,6,17,47,46,1027.7,1023.2,2,1,23.1,24.5,No,No
2014-10-20,Brisbane,14.2,26.6,0,8.8,12.3,NE,24,SSE,ENE,4,13,49,46,1025.6,1021.7,1,1,22.4,24.7,No,No
2014-10-21,Brisbane,16.6,27.1,0,7.2,3.4,ESE,37,SSE,ESE,17,19,53,55,1027.1,1024.4,7,6,23.2,23.7,No,No
2014-10-22,Brisbane,16.6,25.5,0,7.8,9.2,E,31,SSE,E,9,17,48,48,1025.6,1022,5,2,22.2,24,No,No
2014-10-23,Brisbane,12.7,27,0,7.6,11.6,NE,30,NW,NE,4,9,50,47,1022.6,1017.3,1,1,22.2,25.7,No,No
2014-10-24,Brisbane,16.1,27.3,0,7.8,11,NE,31,NNE,NE,6,13,50,54,1022.8,1019.3,1,1,24.8,25,No,No
2014-10-25,Brisbane,17.3,28.6,0,10,11.7,ENE,30,N,NE,6,13,49,57,1020.6,1015,2,1,24.6,26.2,No,No
2014-10-26,Brisbane,18.1,29,0,7.8,10.8,NE,35,E,NNE,6,13,56,63,1016.4,1011.5,NA,1,26.2,26.9,No,No
2014-10-27,Brisbane,20.5,34,0,8,9.8,NE,26,NNE,ENE,6,15,55,59,1011.6,1005.8,0,2,27.4,29.2,No,Yes
2014-10-28,Brisbane,21.2,34.2,2.6,9.8,10.5,E,37,ESE,ENE,7,11,29,58,1010.3,1009.2,1,1,33.9,28.1,Yes,No
2014-10-29,Brisbane,17.5,30.7,0,7.4,11.6,E,35,S,E,7,20,50,35,1014.8,1013.1,1,0,27.9,28.2,No,No
2014-10-30,Brisbane,18.2,28.8,0,10.4,NA,ENE,28,E,NE,6,9,53,53,1017.7,1013.2,1,4,26.2,28.2,No,No
2014-10-31,Brisbane,21.6,30.4,0,7.4,NA,NNE,33,N,NNE,6,13,58,56,1016.8,1013,4,2,27.1,28.1,No,No
2014-11-01,Brisbane,20.9,30.9,0,9.2,11.6,NNE,35,NNW,NNE,7,15,58,61,1016.5,1009.5,7,1,26.9,27.7,No,No
2014-11-02,Brisbane,21.2,31.2,0,8.8,8.7,E,37,S,ESE,6,20,50,55,1014.4,1014.5,5,3,30,26.2,No,No
2014-11-03,Brisbane,20.6,23.8,0,11.6,1.2,E,30,ESE,ESE,11,13,56,54,1022.3,1020.7,7,7,23.6,22.9,No,No
2014-11-04,Brisbane,15.3,26.4,0,5.3,10.2,E,28,ENE,ENE,6,15,56,49,1023.8,1020.4,4,3,22.4,23.7,No,No
2014-11-05,Brisbane,16.3,27,0,7,9.3,ENE,30,NE,ENE,6,13,54,50,1021.4,1016.8,6,2,23.5,24.8,No,No
2014-11-06,Brisbane,18.2,28.4,0,8.8,9,NE,33,NNW,NE,4,15,49,53,1015.9,1011.6,1,3,24.8,26.4,No,Yes
2014-11-07,Brisbane,19.5,29.1,9.2,7.8,10.6,ENE,24,N,NNE,2,11,59,53,1017.1,1015,5,7,26,27.7,Yes,No
2014-11-08,Brisbane,20.7,29.1,0,7.6,12,ENE,31,ESE,NE,7,13,47,44,1021.2,1018.2,1,1,26,26.9,No,No
2014-11-09,Brisbane,17,28.5,0,9.2,12.5,NE,24,WNW,ENE,7,13,50,50,1020.1,1017,1,1,24.8,26.7,No,No
2014-11-10,Brisbane,19.9,29.2,0,8,10.6,NE,28,N,NNE,7,13,53,50,1019.2,1015.5,5,7,26.9,26.9,No,No
2014-11-11,Brisbane,18.8,29.9,0,9,10.2,NE,28,ENE,ENE,6,13,53,52,1016.6,1013.8,1,1,25.9,28.1,No,No
2014-11-12,Brisbane,22.1,28.3,0,7.4,8.1,ESE,30,ENE,E,7,15,61,63,1016.8,1014.3,6,5,25.8,25.7,No,Yes
2014-11-13,Brisbane,20.3,28.6,9.2,5.4,7.6,E,28,SE,ENE,4,13,78,61,1018.5,1016.2,7,6,23.9,26.2,Yes,No
2014-11-14,Brisbane,20.9,30,0.2,7.2,12.5,NNE,31,N,NE,7,11,47,57,1018.7,1014.1,1,2,27.9,28.7,No,No
2014-11-15,Brisbane,21.4,32.2,0,6,12.9,NE,30,ENE,NNE,6,13,51,56,1013.4,1007.3,0,0,29.6,30.9,No,No
2014-11-16,Brisbane,23,38.9,0,9,10.8,W,35,ENE,NE,6,7,51,54,1007.2,1003.8,5,7,31.3,33.2,No,No
2014-11-17,Brisbane,23.4,30.3,0,6.2,11.9,E,31,ESE,E,11,15,53,57,1013,1011.5,1,6,28.9,26.6,No,Yes
2014-11-18,Brisbane,22.3,28.3,2.6,9.6,4.2,ENE,24,S,NE,4,11,86,73,1016.2,1012.5,8,4,24,27.8,Yes,Yes
2014-11-19,Brisbane,24,30,13.8,5,4.5,SW,41,ENE,ENE,11,17,74,79,1017.7,1014,7,7,27.4,25.9,Yes,Yes
2014-11-20,Brisbane,19.1,28.9,56,7,10.8,NE,33,NE,NE,7,13,64,64,1018.2,1014.6,4,4,26.4,27.9,Yes,No
2014-11-21,Brisbane,22.8,30.4,0,6.6,11.7,NE,37,NNW,NE,7,13,62,67,1015.6,1011.1,5,5,28.4,28.9,No,No
2014-11-22,Brisbane,24.2,31.5,0,10.2,10.8,NE,37,NNW,NE,4,15,59,67,1014.8,1011.6,5,2,29.6,29.1,No,No
2014-11-23,Brisbane,24.1,30.4,0,9.8,11.2,NE,33,NNE,NNE,6,13,58,54,1017.8,1014.2,6,2,29.5,29.2,No,No
2014-11-24,Brisbane,22.6,30.5,0,11,12.2,NE,35,NNW,NE,9,15,52,65,1017.6,1013.1,3,5,28.2,27.6,No,No
2014-11-25,Brisbane,21.4,31.1,0,10.2,12.1,NNE,28,NW,NNE,7,9,48,52,1015.3,1011.6,3,5,28,29.9,No,Yes
2014-11-26,Brisbane,23.4,29.1,3.6,7.8,5.1,ENE,24,N,ENE,7,11,79,63,1017.2,1014.7,7,7,24.5,27.8,Yes,Yes
2014-11-27,Brisbane,23.4,32,3,6.8,10.4,SW,83,NNW,NE,6,13,54,51,1016.3,1012.1,6,1,28.7,30.1,Yes,Yes
2014-11-28,Brisbane,17.8,27.4,43.4,9.4,6.4,ESE,35,SE,E,7,17,71,59,1018.7,1017.9,7,7,25.2,24.9,Yes,No
2014-11-29,Brisbane,19.4,27.3,1,7.8,12.3,ENE,31,ESE,E,11,13,48,47,1019.4,1016.6,3,2,24.8,25.7,No,No
2014-11-30,Brisbane,16.4,27.8,0,9.6,12.9,NE,26,NW,ENE,4,15,50,48,1017.3,1013.7,3,5,25.2,26.5,No,No
2014-12-01,Brisbane,19.1,28.4,0,7.6,11.4,NNE,26,ENE,NE,7,11,51,46,1015.3,1012.2,3,1,25.1,26.8,No,No
2014-12-02,Brisbane,21.6,29.1,0,9.6,6.1,ENE,24,NE,NE,9,11,64,54,1016.4,1014.4,7,5,25.8,26.5,No,No
2014-12-03,Brisbane,20.2,29.8,0.2,8,12.5,ENE,31,N,NE,2,15,59,62,1017.8,1014.7,3,3,27.1,27.5,No,No
2014-12-04,Brisbane,22.7,30.3,0,7.8,9.9,NE,33,NNW,NE,9,15,59,57,1016.8,1013.2,6,7,27.6,28,No,No
2014-12-05,Brisbane,23.5,30,0,9.2,4.5,ENE,26,NNW,NE,6,9,58,62,1012.8,1008.9,7,7,26.3,27.3,No,Yes
2014-12-06,Brisbane,22,28.4,11.6,7.4,1.7,ENE,26,NA,NE,0,11,92,66,1009.8,1006.4,8,8,22.1,27,Yes,Yes
2014-12-07,Brisbane,22,30.3,1.4,4,11.1,NNE,31,NNW,NE,7,13,65,62,1008.6,1006.4,7,3,26.5,29,Yes,No
2014-12-08,Brisbane,24.4,30.4,0,7.4,3.3,NE,30,NNE,NNE,6,6,73,79,1012.2,1010.4,7,8,28.4,27.7,No,Yes
2014-12-09,Brisbane,21.7,33.2,25.2,5,8.5,ENE,28,WNW,NNE,6,13,64,59,1014.4,1010,6,6,27.9,30.1,Yes,No
2014-12-10,Brisbane,21.6,29.9,0.6,9.4,12.8,NE,24,NA,ENE,0,11,66,63,1013.9,1010.7,6,1,27.5,29,No,No
2014-12-11,Brisbane,24.4,32.2,0,7.4,4.1,WNW,30,NNW,WNW,7,13,67,87,1009.9,1005.4,5,7,29.2,24.4,No,Yes
2014-12-12,Brisbane,20.4,24.7,27,9.8,0.8,SE,30,SSE,NE,6,4,75,76,1009.1,1008.2,8,7,20.6,22.9,Yes,Yes
2014-12-13,Brisbane,18.7,24.9,3.8,5,0.1,SSE,35,SSE,SE,11,17,64,57,1011.2,1009.2,8,8,22.3,24,Yes,No
2014-12-14,Brisbane,18.7,26.3,0,4.8,4,SE,28,SSE,ESE,9,13,56,57,1010.4,1008.5,6,7,23.9,25.2,No,No
2014-12-15,Brisbane,17.6,28.8,0,7.2,13.3,NE,26,S,E,6,13,49,50,1011.5,1008.7,2,1,25.1,27.5,No,No
2014-12-16,Brisbane,17.5,30,0,7.8,11.5,NE,26,NNE,NE,7,11,54,58,1010.5,1005.7,6,3,26.2,27.9,No,No
2014-12-17,Brisbane,22.4,35,0,7.8,12.6,NE,24,ENE,NE,2,9,58,40,1006.7,1003.1,1,3,29.9,33.8,No,Yes
2014-12-18,Brisbane,24.2,32.4,1.2,8,6.6,W,56,NE,NE,7,9,67,69,1010.5,1005.7,6,7,29,30.1,Yes,Yes
2014-12-19,Brisbane,20.8,34.7,16.8,9.2,9.9,E,28,WNW,WSW,7,7,65,24,1011.7,1008.2,4,1,26,34.2,Yes,No
2014-12-20,Brisbane,21.8,29.1,0,6.8,12.5,E,33,ESE,E,11,13,58,47,1016,1013.5,2,1,26.3,28.1,No,No
2014-12-21,Brisbane,20.7,29.3,0,10.4,10.6,ENE,24,NNE,NE,6,13,62,55,1018.3,1015.6,4,1,25,27.4,No,No
2014-12-22,Brisbane,18.9,28.5,0,7.2,12.1,ENE,30,ESE,E,9,19,56,53,1017.9,1015.5,2,2,25.5,26.8,No,No
2014-12-23,Brisbane,19.1,28.8,0,9.4,11.9,E,30,E,NNE,6,13,55,54,1016.9,1014.1,3,3,26.3,27.3,No,No
2014-12-24,Brisbane,20.8,30.3,0,8,12.1,NE,24,NNE,NE,4,13,55,52,1014.3,1011.5,1,1,27.3,28.7,No,No
2014-12-25,Brisbane,21,30.2,0,9,11.2,NE,24,NNE,NE,4,11,63,52,1013.9,1009.9,3,3,26.3,29.4,No,No
2014-12-26,Brisbane,24.4,31.7,0,8.8,6.9,NE,22,N,NNE,6,9,61,57,1011.8,1009.1,6,7,28.1,30,No,Yes
2014-12-27,Brisbane,20.9,23.4,7.2,8.6,0,SW,30,SW,SW,2,6,89,90,1014.5,1013.9,8,8,21.9,21.4,Yes,Yes
2014-12-28,Brisbane,19.6,27,22.4,0.2,0.3,WSW,13,SW,SW,2,4,95,74,1014.8,1011.4,8,7,21.1,26,Yes,Yes
2014-12-29,Brisbane,21,29.9,6,1.6,4.8,ENE,20,NA,ENE,0,7,78,71,1010.8,1006.9,7,7,26.2,28.4,Yes,No
2014-12-30,Brisbane,22.1,35.5,1,5.2,11.7,SSE,22,WNW,N,4,6,70,51,1009.4,1005.6,5,2,29,34,No,No
2014-12-31,Brisbane,23.8,33.9,0,5.8,10.7,E,30,SSE,ENE,4,13,55,62,1009.6,1009.2,2,6,31,30.5,No,Yes
2015-01-01,Brisbane,25.2,31.3,12.2,7,12.1,E,26,NNE,NE,6,13,67,64,1014.9,1012.7,5,4,29.4,30.2,Yes,No
2015-01-02,Brisbane,24.8,30.5,0.2,9,10.3,ENE,28,NE,NE,9,13,68,69,1018.2,1016.6,5,7,28.1,27.8,No,Yes
2015-01-03,Brisbane,24.6,28.9,1.2,4.2,4.2,E,35,ENE,NE,6,11,82,64,1019.4,1017.3,8,6,25.6,28.3,Yes,Yes
2015-01-04,Brisbane,21.1,30.2,16.8,7.6,12,ENE,26,E,ENE,9,13,59,53,1018,1014.5,4,3,27.6,28.8,Yes,No
2015-01-05,Brisbane,21.8,28.1,0,8.8,3.8,ESE,20,ESE,SSW,6,4,69,80,1015.9,1015.2,7,7,26.8,23.7,No,Yes
2015-01-06,Brisbane,21.5,29.5,21.6,5.8,12.1,E,33,ESE,E,15,17,62,48,1017.5,1016.4,7,3,26.9,28.5,Yes,No
2015-01-07,Brisbane,20.6,27.1,0,9,3.6,SSE,33,SE,ESE,15,9,64,59,1017.7,1016.1,7,7,26.9,26.3,No,Yes
2015-01-08,Brisbane,19.8,28.4,1.8,5.6,3.9,E,31,SE,E,11,7,68,70,1016,1013.4,6,7,25.5,25.7,Yes,Yes
2015-01-09,Brisbane,20.8,29.5,3.6,4.2,11.8,E,26,E,ENE,4,13,63,60,1013.4,1010.5,4,2,26.8,28.8,Yes,No
2015-01-10,Brisbane,22.1,30.2,0,7.6,10.9,NE,28,NE,ENE,11,13,63,55,1012.8,1010.9,3,6,28,29.1,No,No
2015-01-11,Brisbane,23.4,28.2,0,7.8,0.9,ENE,19,W,E,4,9,76,75,1011.6,1008,7,7,26.8,26.8,No,Yes
2015-01-12,Brisbane,22.5,30.4,14.6,4.2,1.1,ESE,31,SW,ESE,4,6,81,94,1009.9,1007.5,8,8,25.9,23.5,Yes,Yes
2015-01-13,Brisbane,22.6,28.4,38.6,2.6,2.2,ENE,24,E,NE,7,13,78,69,1009.7,1007,7,7,26.4,26.9,Yes,No
2015-01-14,Brisbane,24.5,30.3,0.2,4.8,3.9,NA,NA,N,NE,6,13,64,68,1006.9,1003.6,7,7,27,29.1,No,NA
2015-01-15,Brisbane,24.4,36,NA,3.8,11.1,W,37,W,W,11,20,66,37,1004.6,1001.2,6,3,29.5,35.3,NA,No
2015-01-16,Brisbane,23.1,32.5,0,10.4,13.1,ENE,24,SSW,NE,4,13,56,60,1008.8,1006,1,1,29.2,30.8,No,No
2015-01-17,Brisbane,24,35.3,0,8,12.7,ENE,24,WSW,NNE,6,9,67,60,1009.4,1005.6,1,3,29,32,No,No
2015-01-18,Brisbane,25.9,36.7,0,8,11.7,E,30,SSW,ENE,6,13,65,52,1009.5,1005.7,3,2,31,33.5,No,No
2015-01-19,Brisbane,26.5,31.8,0,7.6,9.3,ENE,31,SE,ENE,13,15,71,58,1008.7,1006.8,4,3,29.6,30.6,No,Yes
2015-01-20,Brisbane,20.6,29.2,35.8,10.8,9.4,ESE,35,ENE,E,13,17,67,58,1012.7,1008.8,7,6,25.9,27.5,Yes,No
2015-01-21,Brisbane,21.3,30,0.2,7.4,8,E,28,SSE,ESE,6,13,82,64,1009.9,1007.7,7,7,23.6,27.6,No,No
2015-01-22,Brisbane,23.2,28.6,1,9.2,2.1,ENE,31,ESE,E,7,13,67,77,1009.6,1008,8,8,27.6,26.4,No,Yes
2015-01-23,Brisbane,22,24.8,100.4,3.4,0,SE,37,NA,SE,0,6,93,95,1008.3,1005.7,8,8,22,22.5,Yes,Yes
2015-01-24,Brisbane,20,30.8,65.2,3,5.4,ESE,22,SE,E,7,2,84,59,1006.3,1004.4,8,6,24.8,30.3,Yes,No
2015-01-25,Brisbane,22.1,36.7,0,3.4,12.6,W,28,WNW,NE,4,9,67,59,1006.2,1002.6,1,2,29.3,32.2,No,No
2015-01-26,Brisbane,24.9,33.1,0,6.2,7.8,ESE,30,ENE,ESE,4,15,66,54,1006.8,1004.9,3,6,31,32,No,No
2015-01-27,Brisbane,23.7,30.2,0,7.8,9.2,E,30,ESE,E,9,13,62,63,1007.7,1005,5,5,28.5,28.1,No,Yes
2015-01-28,Brisbane,19.5,28.1,5.2,7.2,1,SSE,33,SW,SSE,7,11,85,61,1006.8,1005.4,7,8,21,26.1,Yes,No
2015-01-29,Brisbane,20.4,28.9,0,4.6,11,E,26,SSW,E,7,15,53,58,1008.9,1006.4,5,3,24.8,26.6,No,Yes
2015-01-30,Brisbane,20.2,29,3.8,7.8,11.2,NE,22,NE,NNE,4,9,63,58,1009.9,1006.3,6,2,25.2,28.3,Yes,No
2015-01-31,Brisbane,19.8,31.8,0,7.4,11.4,SSE,33,E,NE,6,13,62,62,1008.2,1003.5,1,2,26.8,29.8,No,Yes
2015-02-01,Brisbane,20.3,34.4,17.2,7.8,12.8,ENE,24,SW,SW,4,7,71,26,1007.6,1003.6,1,1,26.8,34.2,Yes,No
2015-02-02,Brisbane,22.1,29.6,0,5.6,8.8,SSE,43,SSE,ESE,9,17,66,56,1010,1008.5,6,2,26.8,27.9,No,Yes
2015-02-03,Brisbane,20.7,NA,2.2,7.2,5.7,NA,NA,S,SE,6,13,64,52,1012.3,1009.8,7,5,26.8,28.8,Yes,NA
2015-02-04,Brisbane,19.8,28.6,NA,7.4,9.5,ESE,41,S,ESE,7,17,55,58,1012,1010.7,3,3,25.2,26.1,NA,No
2015-02-05,Brisbane,20.7,29.2,0,6.8,9.6,SSE,39,SE,ESE,15,15,50,51,1017.6,1016.9,4,3,26.5,28.3,No,Yes
2015-02-06,Brisbane,20.2,28.3,2.8,8.8,10.4,SSE,37,SE,ESE,17,17,60,44,1022.6,1020.7,5,1,25.6,27.9,Yes,No
2015-02-07,Brisbane,19.5,29.3,0.2,11,11.2,E,26,SSE,E,11,11,73,54,1023.5,1019.9,7,7,22.3,27,No,No
2015-02-08,Brisbane,20.8,29.9,0.2,7.4,11.9,ENE,22,SSE,ENE,4,11,60,58,1020.5,1017.8,2,1,25.9,28.7,No,No
2015-02-09,Brisbane,19.6,30.3,0,6.4,12.5,SE,33,SE,E,9,17,61,45,1019.5,1018.2,3,3,26.7,29.6,No,Yes
2015-02-10,Brisbane,20.6,29,5.2,9,9.4,ESE,39,SE,E,7,13,80,89,1020.5,1019.6,2,7,24.6,22.6,Yes,Yes
2015-02-11,Brisbane,20.3,28.9,12.2,8,9,E,30,S,ESE,9,11,82,47,1020.2,1017.6,6,1,22.5,28.5,Yes,Yes
2015-02-12,Brisbane,20.6,28.9,8.4,7.2,9.6,E,28,ESE,ESE,7,11,68,54,1019.3,1017.2,7,4,26.6,28.4,Yes,Yes
2015-02-13,Brisbane,20.2,29.6,1.6,7.4,8.2,ESE,35,ESE,E,11,17,70,68,1019.7,1018.7,5,6,26.4,25.7,Yes,No
2015-02-14,Brisbane,19.8,29,0.4,6.6,10.2,SSE,30,SE,E,9,15,65,49,1021.4,1017.9,5,3,26.1,28,No,No
2015-02-15,Brisbane,21.1,28.8,0.2,8.4,9.5,E,24,W,E,4,11,72,49,1018.5,1014.9,6,3,24.1,27.9,No,No
2015-02-16,Brisbane,19.5,29.4,0.4,8,11.8,ESE,26,SE,E,7,13,62,48,1016.8,1013.6,3,3,26.8,28.3,No,No
2015-02-17,Brisbane,20.1,29.1,0.4,9,11.6,SE,33,ESE,SE,11,11,60,62,1016.2,1014.8,6,4,26.2,26.3,No,No
2015-02-18,Brisbane,20.2,29.2,0.2,8.2,5.9,ESE,35,ESE,ESE,15,9,60,86,1016.4,1014.8,5,5,27.6,24.3,No,Yes
2015-02-19,Brisbane,22.5,26.8,4.6,5.2,0,SE,33,ESE,ESE,13,13,79,89,1016.5,1014.2,8,8,25.5,24.6,Yes,Yes
2015-02-20,Brisbane,21.8,22.6,54,4.8,0,SE,30,SSE,SW,2,6,95,95,1012.3,1009.8,8,8,22.4,22,Yes,Yes
2015-02-21,Brisbane,21.4,27.3,89.2,6,0,SSE,37,S,SSE,6,9,96,96,1007.3,1003.7,8,8,22,23.9,Yes,Yes
2015-02-22,Brisbane,22,31.4,68.4,NA,7.5,SSE,28,SSW,SE,11,7,66,79,1009.5,1008.7,7,7,27.2,26.9,Yes,Yes
2015-02-23,Brisbane,22.6,30.6,4.4,4.6,10.9,SSE,33,SSE,SE,9,13,72,59,1011.6,1009.2,7,2,26.6,30.1,Yes,No
2015-02-24,Brisbane,22.3,30.8,0.4,6.6,10.5,SE,31,SE,E,11,20,74,60,1012,1008.7,6,1,25.9,28.8,No,No
2015-02-25,Brisbane,21.8,29.8,0,6.6,10.6,SSE,31,SE,E,7,15,69,60,1012.4,1009.7,7,3,26.4,28.8,No,No
2015-02-26,Brisbane,20.5,29.8,0.2,8,9.9,E,22,SE,E,6,11,62,60,1010.1,1007,3,3,26.4,27.8,No,Yes
2015-02-27,Brisbane,22.1,30.2,1.8,6.4,8.4,ENE,20,W,NE,6,9,83,56,1009.2,1006.6,7,1,24.3,29.5,Yes,No
2015-02-28,Brisbane,22.6,30.1,0.2,6.2,9.4,ENE,24,NNW,E,4,11,65,64,1011.1,1008.6,4,3,27.2,28.6,No,No
2015-03-01,Brisbane,21.8,31.3,0,6.2,9.5,NNE,20,W,NE,6,7,73,59,1011.1,1007.8,4,1,27,30.2,No,No
2015-03-02,Brisbane,23,31.6,0,6.4,11.3,SE,33,SSW,ESE,7,15,64,57,1013,1011,5,4,27.8,29.1,No,No
2015-03-03,Brisbane,21.1,30.6,0,8.4,11.5,ENE,24,SE,ENE,7,15,63,56,1015.9,1012.6,3,1,27.2,29.1,No,No
2015-03-04,Brisbane,19.9,30.5,0,7,11.8,ENE,22,NW,NNE,4,7,60,50,1014.8,1010.9,2,1,27.2,29.9,No,No
2015-03-05,Brisbane,21.5,36.1,0,8,11.7,ESE,41,NA,NE,0,11,61,58,1008.6,1002.5,0,1,29,33.1,No,No
2015-03-06,Brisbane,23.1,28.6,0,8.4,6.3,SSE,37,E,ENE,9,9,59,57,1009.7,1006.3,7,4,27.3,27.5,No,No
2015-03-07,Brisbane,20.6,30.2,0,4.8,10.9,ENE,24,W,NE,6,11,67,62,1010.9,1009.4,1,2,26.3,29.3,No,No
2015-03-08,Brisbane,21,30.9,0,6.4,11.3,E,24,S,ENE,4,11,65,57,1013,1010.3,2,2,27.4,29.3,No,No
2015-03-09,Brisbane,22.8,31.6,0,6.6,10.3,ENE,24,SSW,ENE,6,9,69,57,1012.6,1010,5,3,27.5,30.1,No,No
2015-03-10,Brisbane,23.6,30.6,0,5.8,10.8,E,30,E,E,9,13,66,57,1014.6,1012.9,2,1,28.4,29.7,No,No
2015-03-11,Brisbane,21.3,30.1,0,8.4,10,E,33,ESE,E,9,15,65,57,1015.7,1013.2,4,3,27.7,28.9,No,No
2015-03-12,Brisbane,20.9,29.9,0,8,10,E,28,SSE,ESE,7,13,65,46,1014.5,1011.8,7,2,26.2,28.5,No,No
2015-03-13,Brisbane,19.9,29.5,0,7.6,9,SE,35,SE,ESE,9,17,60,51,1014,1011.9,1,2,26.9,28.8,No,No
2015-03-14,Brisbane,19.9,28.8,0,7.6,9.9,ESE,31,SW,ESE,9,11,60,50,1014.5,1010.3,7,2,24.2,27.8,No,No
2015-03-15,Brisbane,17.8,32.3,0,7,11.2,E,37,SW,SSW,7,9,58,31,1009.7,1006.2,1,4,24.3,31.1,No,No
2015-03-16,Brisbane,19,28.5,0,7.4,11.1,E,26,SSW,ESE,9,13,52,52,1014.8,1011.9,1,2,24.6,26.5,No,No
2015-03-17,Brisbane,21.1,28.8,0,7.4,9.7,ENE,20,WSW,ENE,2,7,51,49,1016.5,1013.1,1,1,26.1,26.9,No,No
2015-03-18,Brisbane,21.8,28.9,0,8,7.4,SW,31,SW,NW,11,7,61,56,1018.1,1011,7,3,24.4,28.5,No,Yes
2015-03-19,Brisbane,19.8,33.5,7.6,4.8,11.1,ENE,20,NNW,ENE,6,13,55,58,1013.2,1009.4,1,1,27.8,31.6,Yes,No
2015-03-20,Brisbane,23.9,32.4,0,6.4,8.1,NNE,20,SW,NNE,4,7,76,62,1014.5,1011.5,7,1,27.3,31.7,No,No
2015-03-21,Brisbane,24.7,30.3,0.2,5.8,1.9,E,57,NE,NW,4,6,80,98,1017.6,1016.5,7,8,26.5,22.3,No,Yes
2015-03-22,Brisbane,20.6,26.3,68,3.2,1.6,ENE,26,WSW,NA,4,0,87,88,1019.2,1016.4,7,7,24,24.4,Yes,Yes
2015-03-23,Brisbane,20.1,28.3,81.8,3.2,8.8,E,19,SSE,NE,6,9,81,57,1018.3,1014.4,6,1,23.6,27.6,Yes,No
2015-03-24,Brisbane,20,30.5,0,5,10.6,NE,20,SW,NE,6,9,76,59,1017,1012.6,6,1,24.8,29.1,No,No
2015-03-25,Brisbane,22.7,31.7,0,7.2,9.4,NE,24,NW,NE,6,9,66,67,1015.6,1013,2,1,27.5,29.9,No,Yes
2015-03-26,Brisbane,23.4,30.7,3.8,6,8.3,E,24,N,NE,6,9,72,64,1018.1,1015,6,4,28.2,28.9,Yes,No
2015-03-27,Brisbane,22.5,31.1,0,6,8.4,E,26,SW,ESE,6,9,74,65,1018.8,1015.8,6,4,27,28.1,No,No
2015-03-28,Brisbane,22.3,28.5,0,5.8,4.7,ENE,24,SSE,E,7,13,75,50,1020.9,1018.7,7,5,25.5,27.8,No,No
2015-03-29,Brisbane,19.9,28.5,0,6,9.9,ENE,24,ENE,ENE,11,11,59,53,1023.3,1020.9,5,3,26.2,27.4,No,No
2015-03-30,Brisbane,19.9,28.1,0,5.8,4.6,ENE,26,SW,ENE,4,9,73,55,1024.1,1020.7,7,6,23.1,25.7,No,No
2015-03-31,Brisbane,19.8,26.1,0,5.8,0.5,E,22,SW,ENE,4,7,74,64,1023.3,1020.3,7,7,23,24.8,No,Yes
2015-04-01,Brisbane,19.1,24.8,68.2,NA,0,ESE,26,WSW,ESE,6,6,94,74,1023.2,1018.8,8,8,19.4,24.2,Yes,Yes
2015-04-02,Brisbane,19.3,26.7,8.8,2.4,3,ENE,30,S,S,6,4,75,83,1019.5,1015.8,5,7,24.7,24.2,Yes,Yes
2015-04-03,Brisbane,21,27.7,38.4,6,8.1,E,28,S,ENE,2,15,87,67,1019.1,1015.9,7,3,24,26.8,Yes,No
2015-04-04,Brisbane,21,28.5,0.4,5.6,6.3,ENE,19,WSW,NE,2,7,84,64,1014.9,1009.9,7,7,23.6,27.9,No,Yes
2015-04-05,Brisbane,21.7,28.5,1.8,1.8,8.2,WNW,33,NW,WNW,6,17,85,52,1008.8,1005.8,6,3,24.1,27.9,Yes,No
2015-04-06,Brisbane,17.2,NA,0,5.8,9.5,NNE,20,WSW,NE,7,7,67,NA,1010.8,1007.3,5,5,23.2,NA,No,No
2015-04-07,Brisbane,NA,28.4,0,5.2,6.4,W,31,N,NNW,4,4,NA,56,1011.1,1009.2,7,7,NA,28,No,No
2015-04-08,Brisbane,16.8,26.5,0,6,10.8,WSW,33,W,W,7,11,34,28,1017.4,1014.2,3,1,21,26.3,No,No
2015-04-09,Brisbane,14.1,26.9,0,9,10.5,ENE,20,SW,NE,7,7,51,45,1019.3,1016.5,5,4,20.5,25.6,No,No
2015-04-10,Brisbane,16.8,27.2,0,5.2,9,E,20,SSW,S,6,6,55,46,1020.8,1017.6,1,6,22.2,25.8,No,No
2015-04-11,Brisbane,19,26.5,0,6.2,7.9,SSE,26,SSW,ESE,7,13,65,55,1019.6,1016.4,7,4,21.5,25.6,No,No
2015-04-12,Brisbane,16.7,28.7,0,5.2,10.4,W,20,SW,NE,6,7,65,56,1018.7,1014.5,1,4,22.3,25.6,No,No
2015-04-13,Brisbane,18.4,27,0,4.6,9.4,SE,28,SSW,E,4,11,65,53,1019.9,1017.5,2,3,23.3,25.7,No,No
2015-04-14,Brisbane,16.8,26.6,0,5.2,9.6,SSE,24,SW,E,6,6,64,52,1022.4,1020.3,2,3,22,26.6,No,No
2015-04-15,Brisbane,17.7,26.3,0,4.8,8.3,E,24,SSW,NE,6,6,69,63,1025.5,1023,6,7,23.2,24.6,No,No
2015-04-16,Brisbane,16.7,28.2,0.2,4.2,10.8,ESE,20,SW,ENE,6,9,71,53,1026.4,1022.3,1,1,22.3,26.5,No,No
2015-04-17,Brisbane,17.1,28,0,3.4,10.6,E,20,SW,NE,4,11,73,58,1024.6,1020.5,3,2,23.1,26.1,No,Yes
2015-04-18,Brisbane,18.6,27.7,3.4,4.6,10.3,ENE,24,SW,ENE,4,9,81,62,1023.1,1018.8,3,5,22.5,26.3,Yes,No
2015-04-19,Brisbane,19.3,29,0.4,4,7.1,NNE,19,WSW,N,4,6,83,63,1019.6,1016.2,6,7,22.8,26.9,No,Yes
2015-04-20,Brisbane,19.7,21.3,14.6,6.4,0,W,26,SSW,SSW,4,2,87,86,1018.2,1016.3,7,8,20.8,20.6,Yes,Yes
2015-04-21,Brisbane,14.6,21.3,2,2.4,9.4,W,35,W,WSW,13,15,49,45,1017.6,1014.9,6,1,17.1,19.9,Yes,No
2015-04-22,Brisbane,12,23.8,0.2,3.8,10.8,W,28,W,W,13,6,61,45,1014.8,1011.2,1,1,17.5,23.3,No,No
2015-04-23,Brisbane,12.8,25.7,0,4,11,WSW,17,WSW,S,9,6,61,40,1013.3,1009.3,1,1,19.4,25.5,No,No
2015-04-24,Brisbane,15.6,28.3,0,4,9.3,WNW,24,SW,WSW,6,4,70,44,1011.2,1007.5,7,2,20.2,28,No,No
2015-04-25,Brisbane,15.5,29.4,0,4,10.7,NNW,17,WSW,NA,4,0,66,29,1011.3,1007.5,1,1,20.9,29.2,No,No
2015-04-26,Brisbane,16.7,23.4,0,8,11,W,50,WSW,W,15,15,42,30,1012,1010.7,0,1,19.3,22.7,No,No
2015-04-27,Brisbane,11.1,25.2,0,7.2,10.9,SW,20,SW,W,6,7,51,NA,1018.3,1015.8,0,1,19.1,NA,No,No
2015-04-28,Brisbane,NA,25.2,0,3.8,10.6,NA,NA,SW,ESE,7,11,61,44,1022.9,1020,1,1,19.4,23.8,No,NA
2015-04-29,Brisbane,14.4,23.6,NA,5.8,4.5,ESE,30,S,ESE,7,13,64,58,1026.4,1023.5,4,7,20.2,22.2,NA,Yes
2015-04-30,Brisbane,16.6,18,7.8,4.2,0,SSE,22,SW,SSW,4,6,90,91,1026.4,1022.2,8,8,17.3,17.1,Yes,Yes
2015-05-01,Brisbane,16.2,21,56.2,3.4,0,S,33,SE,SSW,9,13,95,95,1017.2,1009.5,8,8,17.9,17.5,Yes,Yes
2015-05-02,Brisbane,16.6,24.9,182.6,1.6,9.5,SSW,19,WNW,WSW,6,7,71,58,1013,1010,1,1,19.8,24.4,Yes,No
2015-05-03,Brisbane,16.7,24.2,0,3.4,7,W,24,SSE,W,4,13,69,64,1012.4,1010,7,7,20.6,22.7,No,No
2015-05-04,Brisbane,15.8,27.3,0,3.4,10.1,W,17,WSW,NE,6,6,79,49,1014.3,1011.4,0,1,20.3,26.6,No,No
2015-05-05,Brisbane,16.7,NA,0,2.8,10.1,NA,NA,SW,NE,6,6,74,58,1014.3,1009.9,0,1,21.7,27.2,No,NA
2015-05-06,Brisbane,16.3,29.6,NA,3.8,10.2,WSW,17,SSW,WSW,4,6,73,40,1014.7,1012.3,0,0,21.2,29.3,NA,No
2015-05-07,Brisbane,14.4,26.1,0,4.8,9.5,NA,NA,SW,W,7,7,43,44,1017.4,1014.4,1,1,19.7,25.4,No,NA
2015-05-08,Brisbane,12.6,24.4,NA,4.6,10,WSW,20,SW,W,7,6,46,36,1019.2,1015.8,1,1,17.7,23.6,NA,No
2015-05-09,Brisbane,11.7,23.7,0,4,10.3,W,20,SW,WNW,6,9,60,34,1018.9,1015.2,1,0,17.6,23.4,No,No
2015-05-10,Brisbane,9.9,25.1,0,4.8,10.3,WNW,22,SW,WNW,6,11,50,29,1017.4,1013,0,0,18,24.5,No,No
2015-05-11,Brisbane,10.3,26,0,5.2,10.2,WNW,39,W,W,9,15,41,33,1016.3,1012.7,0,0,19.9,25.3,No,No
2015-05-12,Brisbane,12.7,25.9,0,5.6,NA,W,19,WSW,NNW,6,2,50,43,1017.8,1014.2,0,1,20,25.7,No,No
2015-05-13,Brisbane,9.8,24.9,0,3,10.2,W,30,W,W,6,9,52,36,1016.2,1012.9,0,1,19.5,24.9,No,No
2015-05-14,Brisbane,9.7,20.9,0,8,10.3,W,24,WSW,NW,11,4,39,30,1023.9,1022.4,0,0,13.6,20.6,No,No
2015-05-15,Brisbane,8.1,24.1,0,4.8,9.5,W,20,SW,ESE,6,7,49,44,1027.4,1024.9,1,1,16.2,22.6,No,No
2015-05-16,Brisbane,14.2,24,0,4,7.6,SE,35,SSW,SE,7,17,65,67,1029.3,1027.8,1,6,20.1,20.6,No,No
2015-05-17,Brisbane,14.9,23,1,3.8,5.2,SSE,28,W,ESE,7,13,76,57,1030.1,1027.4,4,7,19.7,21.8,No,Yes
2015-05-18,Brisbane,16.9,22.9,6.6,2.2,6.2,SE,31,SSW,ESE,7,15,89,76,1027.7,1024.9,6,5,18.7,20.2,Yes,No
2015-05-19,Brisbane,15.9,22.7,0.8,3.2,2.9,SSW,13,S,N,6,2,78,77,1022.6,1018.9,6,6,19.3,21.7,No,No
2015-05-20,Brisbane,15.9,26.8,0,0.6,9.2,ENE,15,SW,ENE,6,6,83,NA,1020.9,1017.3,2,2,20,NA,No,No
2015-05-21,Brisbane,17.2,25.2,0.2,3,4.4,SW,22,NE,W,2,9,89,71,1018.9,1016,7,7,20.1,22.3,No,Yes
2015-05-22,Brisbane,15.4,19.9,1.4,2.8,9.9,W,46,W,W,13,17,56,45,1017.6,1014.8,2,1,17.2,19.3,Yes,No
2015-05-23,Brisbane,14,22.8,0,6.8,8.9,ESE,35,SW,SE,9,13,56,43,1023.2,1023,1,2,18.7,21.5,No,No
2015-05-24,Brisbane,13.7,23.6,0,5,9.6,SSE,24,SSW,ESE,7,9,65,53,1028.4,1026.7,1,1,18.3,22.3,No,No
2015-05-25,Brisbane,12.7,23.5,0,4.6,9.3,SSE,20,SW,ESE,4,11,69,49,1030.9,1027.6,1,7,18.3,22.2,No,No
2015-05-26,Brisbane,12.7,NA,0,3.6,5.8,NA,NA,SSW,E,4,4,73,59,1028.6,1024.2,6,7,17.4,21.8,No,NA
2015-05-27,Brisbane,13.2,24.3,NA,2.6,8.3,SW,17,SW,NE,7,2,73,64,1025.6,1021.6,5,6,17.8,21.9,NA,No
2015-05-28,Brisbane,13,25.1,0,1.8,9.9,W,15,WSW,NA,4,0,84,49,1025.1,1021.7,1,2,16.7,24.4,No,No
2015-05-29,Brisbane,13.1,25.5,0,3,9.7,NE,15,WSW,SE,6,2,81,59,1024.8,1021.2,5,5,17.6,25.2,No,No
2015-05-30,Brisbane,15.3,27.6,0,2.2,9.5,NNE,15,SW,NE,2,2,84,55,1023,1018.1,6,6,18.3,25.4,No,No
2015-05-31,Brisbane,16.1,26.1,0,2.2,3.3,NNW,15,NA,WSW,0,4,81,63,1018.5,1013.8,6,7,20.2,25.3,No,No
2015-06-01,Brisbane,18.2,20.5,0,2.8,0,WNW,30,W,W,11,13,68,50,1016.8,1014.6,7,7,19.2,19.2,No,No
2015-06-02,Brisbane,9,19.5,0,5.2,10.1,WSW,20,WSW,WSW,6,6,56,42,1022.6,1019.2,0,1,14.1,19,No,No
2015-06-03,Brisbane,7,19.7,0,3,6,SSW,15,SW,SW,6,6,63,45,1022.9,1019.2,7,7,12.7,18.6,No,No
2015-06-04,Brisbane,7.4,22.3,0,2,9.8,SSW,17,SSW,WSW,4,7,67,45,1022.5,1018.5,1,1,13.4,21.5,No,No
2015-06-05,Brisbane,7,21.4,0,2.4,10.3,W,31,WSW,WNW,6,13,45,30,1019.4,1015.6,0,1,16.1,20.5,No,No
2015-06-06,Brisbane,9.7,22.1,0,5.8,7.9,WSW,28,SW,SW,9,9,53,56,1022.6,1022.4,1,4,16,21,No,No
2015-06-07,Brisbane,12.3,22.8,0,3,8.5,SSE,26,SSW,SSE,6,9,69,53,1028.4,1026.1,3,3,17.5,21.6,No,No
2015-06-08,Brisbane,11.8,24.5,0.2,3.8,9.1,ENE,15,SW,NE,6,6,71,56,1028,1024.2,1,6,17.1,21.1,No,No
2015-06-09,Brisbane,11.7,24.2,0,3.4,3.5,SW,17,SW,W,7,4,74,51,1025.7,1022.7,7,7,16.6,23,No,No
2015-06-10,Brisbane,12.7,24.2,0,1,6.1,SE,26,SW,ESE,7,11,76,53,1026.1,1024.4,5,7,17.2,22.6,No,No
2015-06-11,Brisbane,15.1,21.8,0,7.4,2.9,SE,35,SSE,SE,11,13,69,79,1029.6,1028.2,4,7,20.9,18.5,No,Yes
2015-06-12,Brisbane,13.4,20.1,4.6,3.4,5.5,SE,28,SSW,SE,7,9,75,69,1030.6,1026.9,7,7,16.6,19,Yes,Yes
2015-06-13,Brisbane,14.2,21.4,1.2,0.6,4.3,ESE,31,WSW,SE,4,13,85,76,1028.1,1025,7,7,17.7,19.4,Yes,Yes
2015-06-14,Brisbane,15.6,22.2,4.2,3.4,4,ESE,22,W,SSE,4,9,92,67,1026.8,1023.2,8,7,16.6,21.2,Yes,Yes
2015-06-15,Brisbane,16,23.2,4,0.8,6.5,ESE,24,SSW,SE,6,7,91,60,1025.6,1022.5,7,2,17.6,22.1,Yes,No
2015-06-16,Brisbane,16,21.5,1,2,0.3,S,15,SW,NA,4,0,92,79,1023,1018.8,8,7,17.4,21.3,No,Yes
2015-06-17,Brisbane,16.3,21,3.4,1.2,0.2,W,19,NE,NA,4,0,92,85,1017.2,1014.7,8,8,19.2,17.7,Yes,Yes
2015-06-18,Brisbane,12,22.7,2.4,1,7.8,WNW,26,SW,WNW,2,11,98,48,1017.2,1014,3,1,14.2,22.4,Yes,No
2015-06-19,Brisbane,10.4,21.6,0,2.6,9.2,W,35,WSW,WSW,9,11,62,39,1017.1,1014,2,4,16.9,21.3,No,No
2015-06-20,Brisbane,9.2,20.9,0,4.6,9.2,SW,20,SW,SW,7,6,65,44,1020.5,1018.3,1,2,14.9,19.4,No,No
2015-06-21,Brisbane,10,21.1,0,3.2,9.5,ESE,20,SW,SE,7,7,63,46,1025.5,1023.3,1,1,14.7,20.6,No,No
2015-06-22,Brisbane,12.6,20.5,0,3.8,3,SSE,17,SW,ESE,4,7,71,61,1028.2,1026,5,7,15.6,19.6,No,No
2015-06-23,Brisbane,12.2,20.6,0,2.2,2.4,W,15,W,S,6,2,83,64,1027.7,1025.1,7,7,14.7,20.1,No,No
2015-06-24,Brisbane,12.5,19.6,0,1.4,1.5,SSE,17,SW,ESE,4,4,84,66,1025.6,1022,8,7,15.4,19.1,No,No
2015-06-25,Brisbane,11.2,19.6,0,1,1.9,W,19,SW,WSW,7,7,96,71,1022.2,1019.9,7,7,13.2,18.6,No,No
2015-06-26,Brisbane,12.6,22.7,0.2,2.2,6.8,SSE,31,SSW,SE,6,11,73,60,1026.2,1025.1,2,3,17.8,21.3,No,No
2015-06-27,Brisbane,14.9,22.6,0,3.2,6.8,SE,20,SW,S,7,9,66,68,1030.6,1027.6,4,5,18.3,20.7,No,Yes
2015-06-28,Brisbane,14.6,22.2,2.4,2.4,4.6,NE,22,SW,E,4,7,85,71,1030.8,1027.8,2,6,17.7,21,Yes,Yes
2015-06-29,Brisbane,15.4,18.4,7,2.2,0,SSE,24,SW,SSE,2,6,95,86,1031.4,1028.5,8,7,16.3,17.8,Yes,Yes
2015-06-30,Brisbane,14.2,23.1,4,1.4,8.3,SSW,19,SW,NE,6,6,83,56,1028,1023.9,1,3,16.9,21.7,Yes,No
2015-07-01,Brisbane,12.4,23.3,0.2,2.8,7.4,WNW,17,SW,W,4,7,86,53,1024.5,1020.5,7,3,15.8,22.7,No,No
2015-07-02,Brisbane,12.2,19.6,0,1.2,8.7,W,33,WSW,W,6,13,66,32,1022.4,1018.1,1,4,16.5,19.4,No,No
2015-07-03,Brisbane,7.8,20.7,0,4.4,9.5,W,26,SW,SSW,9,6,53,39,1023.2,1021,0,2,12.8,20.5,No,No
2015-07-04,Brisbane,9.9,21.3,0,3.4,6.8,SSW,17,WSW,WNW,6,6,67,50,1024.3,1020.7,3,1,14.5,20.8,No,No
2015-07-05,Brisbane,9.7,22.8,0,2.8,9.7,W,20,WSW,WNW,6,9,80,37,1023.1,1019.6,2,1,14.7,22,No,No
2015-07-06,Brisbane,9.3,24.1,0,2.4,9.8,WNW,19,WSW,WNW,4,7,72,41,1020,1015.3,1,1,14.4,23.6,No,No
2015-07-07,Brisbane,10.2,23,0,2.8,10,W,20,SSW,S,4,6,56,24,1018.6,1016.5,0,0,16.9,22.6,No,No
2015-07-08,Brisbane,7,20.4,0,5,6.8,SSE,24,SSW,SE,6,9,61,56,1024.2,1023.1,1,7,14.7,18.7,No,No
2015-07-09,Brisbane,11.9,19.4,0,2,5.4,SE,24,WSW,ESE,6,7,71,62,1028.1,1025.5,2,6,15.6,18.2,No,No
2015-07-10,Brisbane,9.7,20.2,0.2,2.2,1.6,NE,24,SW,ENE,6,7,74,73,1025.9,1021.4,5,7,14.8,17.9,No,No
2015-07-11,Brisbane,11.4,21.2,0.4,1.8,7.7,NNW,24,SSW,NE,4,7,92,72,1019.7,1013.9,6,6,13.7,20.2,No,No
2015-07-12,Brisbane,12.2,18.3,0.6,2.8,9.9,W,54,WSW,W,19,19,50,28,1015.4,1011.3,1,0,13,17.8,No,No
2015-07-13,Brisbane,8.4,18.2,0.2,6.8,9.7,WNW,48,W,W,13,22,49,42,1015.9,1012.3,1,2,12.9,16.8,No,No
2015-07-14,Brisbane,10.2,19.2,0,7.4,10,WSW,41,W,W,9,19,49,37,1018,1014.2,1,1,13.3,18.4,No,No
2015-07-15,Brisbane,5.4,18.2,0,3.8,3.2,SW,11,SW,SE,4,4,66,45,1020.2,1016.8,7,6,11.1,16.7,No,No
2015-07-16,Brisbane,7.6,17.4,0,2.6,5.2,W,19,SSW,WNW,4,7,80,49,1019.6,1015.3,7,7,10.5,16.1,No,No
2015-07-17,Brisbane,6.9,16.1,0,3.2,9.7,W,56,W,W,19,20,57,48,1018.2,1015.8,1,1,10.1,14.3,No,No
2015-07-18,Brisbane,6.9,19.4,0,5,10,WSW,22,WSW,NE,9,2,52,37,1023.4,1022.2,0,1,11.9,18.9,No,No
2015-07-19,Brisbane,8.2,19.3,0,3.2,5.1,ESE,26,SW,SSE,9,7,63,60,1028.2,1025.4,4,6,13.9,18.4,No,No
2015-07-20,Brisbane,11.7,20.9,0,2.8,7.3,E,35,WSW,ESE,6,13,74,53,1030.4,1027.8,7,1,14.4,19.7,No,No
2015-07-21,Brisbane,10.6,21.6,0.2,4,6.6,ENE,31,WSW,E,6,15,77,58,1031,1028.5,7,7,15.3,19.7,No,Yes
2015-07-22,Brisbane,10.1,18.7,2.8,3,0,ESE,19,SW,ESE,2,4,86,92,1029.6,1025.4,8,8,13.3,17.7,Yes,Yes
2015-07-23,Brisbane,12.9,23.1,4.4,0.4,8.1,E,17,S,E,4,7,86,70,1025.6,1022,4,2,17.6,21.5,Yes,No
2015-07-24,Brisbane,14.1,24.4,0,1.6,6.6,W,24,SW,NE,4,9,97,65,1022.7,1017.7,7,5,17,23.7,No,No
2015-07-25,Brisbane,16.5,24.3,0,2.4,4.1,W,22,WSW,W,6,6,76,52,1022.2,1018.8,7,1,17.6,24.1,No,No
2015-07-26,Brisbane,13.1,25.1,0.2,1.6,6,W,26,WSW,WSW,2,11,79,64,1021.6,1017.7,6,7,17.2,23.8,No,No
2015-07-27,Brisbane,13.5,22.9,0,3.6,9.2,W,24,WNW,W,11,11,53,35,1024.6,1021.6,1,5,18.2,21.9,No,No
2015-07-28,Brisbane,10,21.4,0,4.8,9.1,ESE,22,SW,S,7,4,51,36,1030.2,1027.6,3,2,14.8,21.3,No,No
2015-07-29,Brisbane,7.8,21.7,0,4.6,10,WSW,19,SW,SSE,7,7,54,32,1032.4,1027.9,1,1,14,20.8,No,No
2015-07-30,Brisbane,10.2,22.8,0,4,10.1,SW,19,SW,ENE,7,6,60,48,1028.5,1024,1,1,15.2,21.9,No,No
2015-07-31,Brisbane,9.7,24.1,0,3,10.2,W,24,SSW,W,4,7,81,35,1024.5,1020.1,1,0,13.6,23.5,No,No
2015-08-01,Brisbane,9.1,23.6,0,3,10,ENE,19,WSW,ENE,4,9,63,49,1024.4,1020.8,0,1,14.5,22.2,No,No
2015-08-02,Brisbane,10,25.7,0,4,10.1,N,22,SSW,NE,4,9,68,56,1023.5,1018.8,0,1,15.6,23.6,No,No
2015-08-03,Brisbane,10.6,26.7,0,3.6,9.8,WSW,26,WSW,ENE,6,9,71,54,1019.5,1014.3,2,1,18.6,25.1,No,No
2015-08-04,Brisbane,13.5,21.8,0,3.8,6.8,W,30,SW,S,6,6,47,52,1019.6,1016.7,4,5,16.9,20,No,No
2015-08-05,Brisbane,7.9,19.1,0,5.6,10.3,WNW,33,WSW,W,9,15,44,29,1017.2,1013.1,0,0,12.2,18.6,No,No
2015-08-06,Brisbane,6.1,21.1,0,5.6,10.2,WSW,26,WSW,W,9,6,46,27,1018,1014.8,0,1,14.2,20.5,No,No
2015-08-07,Brisbane,7.7,21.4,0,3.2,9.7,SW,24,WSW,SSE,9,2,47,32,1022.4,1019.5,0,3,14.3,20,No,No
2015-08-08,Brisbane,7.5,22.1,0,3.4,10.1,ENE,19,SSW,ENE,6,7,56,33,1022.8,1018.9,0,2,13.2,20.4,No,No
2015-08-09,Brisbane,7.8,22.5,0,4.4,10.2,ENE,20,SW,ENE,6,9,63,48,1023.5,1019.2,1,1,14.5,20.9,No,No
2015-08-10,Brisbane,9.3,23,0,2.8,10,ENE,19,WSW,NE,4,9,72,55,1021.4,1016.2,1,1,15.4,21.6,No,No
2015-08-11,Brisbane,8.6,26.4,0,2.4,10.1,NE,20,SSW,NNE,4,7,62,52,1019.5,1015,0,1,14.6,23.3,No,No
2015-08-12,Brisbane,11.8,28.4,0.2,4,7.8,W,46,ESE,NNW,2,7,69,47,1013.8,1007.3,3,3,18.3,24.4,No,Yes
2015-08-13,Brisbane,12.3,22.3,3.6,7,10.5,W,39,WSW,WSW,15,15,39,23,1018,1016.4,0,0,15.4,21.8,Yes,No
2015-08-14,Brisbane,8.4,23,0,6.8,10.2,SW,17,SW,SSE,7,4,48,27,1025.2,1022.1,0,0,15.3,22.4,No,No
2015-08-15,Brisbane,8,22.6,0,4,9.1,ENE,20,SW,ENE,6,7,62,56,1028.1,1025.1,4,2,13.4,19.9,No,No
2015-08-16,Brisbane,10.7,21.7,0,3.8,4.3,SE,22,SW,SE,9,7,66,62,1026.2,1022.4,5,7,16.4,19.5,No,No
2015-08-17,Brisbane,11.3,23.4,0,2.8,10.3,NE,20,WSW,N,6,6,73,49,1020.6,1015.5,1,3,17,21.9,No,No
2015-08-18,Brisbane,10.3,24.2,0,3.2,10.5,E,19,SW,ENE,7,9,53,37,1020.6,1017.5,0,1,17,22.1,No,No
2015-08-19,Brisbane,10,22.8,0,4.8,10,SSE,20,SW,E,6,9,60,48,1024.9,1022.4,2,2,15.6,20.5,No,No
2015-08-20,Brisbane,11.4,22.1,0,4.4,6.3,E,28,SW,E,6,11,65,53,1027.2,1024.4,2,6,17.5,20.6,No,No
2015-08-21,Brisbane,15.3,22.4,0.4,3,2.6,SE,31,S,ENE,2,13,76,77,1026.6,1024.1,7,8,18.5,18.7,No,Yes
2015-08-22,Brisbane,16.9,24.5,2.2,4,9.5,E,20,SSW,NNE,4,9,83,64,1025.8,1021.6,5,3,19.7,23.5,Yes,No
2015-08-23,Brisbane,16,24.1,0,1.2,7.4,NNE,26,NA,NNE,0,11,87,68,1024.3,1020.5,7,4,19.3,22.7,No,No
2015-08-24,Brisbane,17.1,25.3,0,2.4,8.2,NE,20,N,NE,6,9,65,67,1021.6,1017,2,6,22.6,23.4,No,Yes
2015-08-25,Brisbane,16.8,29.1,2.2,4.6,9.9,W,28,W,ENE,6,4,75,55,1019.2,1016,1,2,21.9,27.2,Yes,No
2015-08-26,Brisbane,15.7,28.5,0,5.2,10.2,W,20,WSW,NW,9,9,44,36,1021.1,1017.1,3,2,21.7,28.1,No,No
2015-08-27,Brisbane,16.2,23.9,0,4,0.3,SW,30,SSW,SW,2,7,52,74,1021.8,1019.9,7,8,18.9,16.9,No,Yes
2015-08-28,Brisbane,14.8,24.7,5,1.6,6.1,W,19,WSW,SE,4,4,84,44,1022.4,1018.5,7,1,17.5,24.4,Yes,No
2015-08-29,Brisbane,11.9,22.9,0.2,4,5.2,ENE,19,SW,ENE,6,7,58,54,1023.4,1018.5,7,7,17.4,21,No,Yes
2015-08-30,Brisbane,14.1,23.2,13.6,5.6,9.2,W,33,W,W,7,15,59,29,1017.9,1013.6,4,1,18.1,22.3,Yes,No
2015-08-31,Brisbane,11.3,23.7,0.2,10,11.1,W,26,WSW,W,7,11,44,25,1016.9,1013,1,1,17.8,22.9,No,No
2015-09-01,Brisbane,9.3,25.1,0,4,11.6,NA,NA,WSW,W,7,15,45,17,1017.6,1013,0,0,17.5,24.6,No,NA
2015-09-02,Brisbane,7.2,25.1,NA,4.4,11.6,NA,NA,SW,NNE,4,9,38,26,1019.9,1015,4,1,17.7,24,NA,Yes
2015-09-03,Brisbane,16.3,25.3,2.4,3,7.6,WNW,48,N,W,6,19,85,21,1011.6,1008.6,7,1,19.7,25.3,Yes,No
2015-09-04,Brisbane,12.7,24.9,0.2,8.2,9.8,W,26,WSW,NNE,9,7,45,44,1018.4,1016.6,1,3,18.6,22.7,No,No
2015-09-05,Brisbane,12,23.6,0,6.8,9.3,E,22,SSW,ESE,6,11,61,53,1022.7,1018.8,1,3,19.4,21.3,No,No
2015-09-06,Brisbane,13.4,24,0,4.2,6.1,NNE,19,W,NE,6,7,69,53,1023.9,1019.5,6,6,19.2,23.2,No,No
2015-09-07,Brisbane,13.8,25.5,0,4,8.6,NE,26,NE,NE,2,11,68,65,1023.1,1019.3,3,3,21,22.3,No,No
2015-09-08,Brisbane,14.8,28.1,0,5,9.5,W,31,NNW,NW,6,6,54,38,1020.3,1014.6,3,4,21.9,27.3,No,No
2015-09-09,Brisbane,10.7,25.6,0,6.6,10.8,WNW,28,WSW,W,7,6,36,21,1022.6,1018.6,0,0,18.9,25.2,No,No
2015-09-10,Brisbane,11,25,0,5.2,10.8,E,37,SW,E,6,13,54,47,1027.6,1025.1,1,2,19.1,22.1,No,No
2015-09-11,Brisbane,13.3,21.6,0,6.2,1.9,SE,35,SW,ESE,6,11,60,67,1030.2,1027.8,7,7,19.2,19.6,No,No
2015-09-12,Brisbane,15.7,24.5,0,3.4,7.1,ESE,31,SSW,ESE,4,9,52,42,1029.3,1025.1,6,4,20.8,23.7,No,No
2015-09-13,Brisbane,13.2,25.4,0,5,9.4,E,28,WSW,ESE,4,11,62,49,1028.1,1024.6,3,3,20,23.6,No,No
2015-09-14,Brisbane,12.7,25.4,0,5.2,8.3,NE,24,SSW,NE,4,11,62,52,1026.9,1023,5,5,19.4,23.8,No,No
2015-09-15,Brisbane,13.4,25.6,0,4.6,10.8,NE,24,WSW,NE,4,11,64,56,1023.2,1018.3,2,1,21.1,23.5,No,No
2015-09-16,Brisbane,13,27.4,0,5,10.4,WSW,26,NW,ENE,2,11,65,54,1019.7,1014.6,1,2,21.1,25.7,No,Yes
2015-09-17,Brisbane,16.4,19.9,10.2,6.6,0.2,E,28,NA,ENE,0,9,91,86,1017.3,1013.5,8,7,18,19,Yes,Yes
2015-09-18,Brisbane,12.5,22.8,18,0.8,7.3,SSE,37,S,S,13,13,56,80,1018.3,1018.4,1,7,18.1,17.4,Yes,No
2015-09-19,Brisbane,13,24,0.6,4.4,9,SSE,33,S,E,7,19,53,48,1021.7,1018.3,3,7,20.5,22.4,No,No
2015-09-20,Brisbane,13.4,23.3,0,5.6,9,SSE,31,SSW,SSE,7,9,58,60,1020.7,1017.3,2,5,20.3,21,No,Yes
2015-09-21,Brisbane,14.2,24.3,1.6,5.2,10.8,E,24,S,E,7,9,59,56,1021,1017.5,2,2,20.8,22.1,Yes,No
2015-09-22,Brisbane,13.5,29.4,0,5.4,10.3,WNW,28,WNW,W,2,7,60,27,1018.2,1012.9,0,5,21.7,27.8,No,No
2015-09-23,Brisbane,14.7,23.5,0,6,7.6,ENE,28,WSW,ESE,9,11,51,57,1019,1016.7,2,5,19.1,18.9,No,No
2015-09-24,Brisbane,11.1,23.1,0.6,5.4,11.2,E,28,SSW,ENE,7,20,39,41,1022,1017.8,1,1,17.4,20.6,No,No
2015-09-25,Brisbane,9.4,23.4,0.2,6.8,6.9,S,26,WSW,S,9,6,51,39,1022.8,1019.3,2,4,18.7,22.6,No,No
2015-09-26,Brisbane,13.7,23.1,0,3.6,8.1,ESE,35,S,SSE,9,13,53,55,1022.9,1019.5,3,5,20.6,20.4,No,No
2015-09-27,Brisbane,12.4,24.1,0.4,5.4,8.4,E,24,SW,ENE,6,7,57,90,1022.2,1018.8,2,5,19.7,15.8,No,Yes
2015-09-28,Brisbane,11.8,24.8,12.2,4.4,10.5,NE,22,SSW,NE,6,7,68,51,1021.4,1016.7,3,1,18.5,24,Yes,No
2015-09-29,Brisbane,13.1,25.7,0,4,8.2,WNW,31,S,NW,2,6,61,73,1021.8,1018.2,1,7,22.1,16.2,No,Yes
2015-09-30,Brisbane,12,26.6,7.8,6.4,10.8,NE,26,NE,NE,4,15,59,57,1023,1019.3,0,3,21.7,24.2,Yes,No
2015-10-01,Brisbane,14,27.7,0,5,10.8,ENE,22,NE,ENE,2,11,53,46,1026.9,1024,0,2,22.6,25.7,No,No
2015-10-02,Brisbane,14.8,29.3,0,5,11.3,ENE,26,SW,ENE,4,9,64,21,1031.1,1028.3,1,1,22.3,28.3,No,No
2015-10-03,Brisbane,15.8,27.8,0,6.8,11.6,E,26,SSE,E,9,13,55,41,1032.7,1028.2,1,1,23.6,26,No,No
2015-10-04,Brisbane,14.2,29,0,7.4,11.3,NE,17,WSW,NE,4,7,64,40,1029.3,1024.9,0,0,22.3,27.7,No,No
2015-10-05,Brisbane,13.3,33.8,0,6,11.4,ENE,20,SW,NE,6,7,45,17,1026.7,1022.9,0,0,24.9,31.4,No,No
2015-10-06,Brisbane,12.9,30.7,0,7.2,10,ENE,20,WNW,NE,4,9,51,21,1027,1023.3,0,0,23.9,29.8,No,No
2015-10-07,Brisbane,14.6,28.3,0,6.2,11.4,NE,20,NNE,ENE,4,7,58,48,1027,1024.2,1,0,23.9,27.1,No,No
2015-10-08,Brisbane,17.2,25.7,0,6.4,5.8,SE,39,SE,SE,11,13,59,61,1032,1029.2,6,7,23.3,23.6,No,Yes
2015-10-09,Brisbane,18.5,25.1,5.8,6.6,2.6,ESE,33,SE,E,15,15,73,60,1032.1,1028.7,7,5,20.8,23,Yes,No
2015-10-10,Brisbane,17.2,25.6,0.2,4.6,9.6,E,26,ESE,ENE,13,9,52,48,1029.8,1026.3,5,3,22.6,23.8,No,No
2015-10-11,Brisbane,14.7,25.9,0,7.2,11.3,ENE,26,NNE,NE,6,11,48,48,1026.5,1022.1,3,1,23.1,24.6,No,No
2015-10-12,Brisbane,15.1,27.4,0,7.2,11.4,NE,31,NNW,NE,9,13,51,53,1023.5,1018.3,1,1,23.8,25.6,No,No
2015-10-13,Brisbane,16.6,28,0,7.6,9.1,E,30,NE,NE,6,13,53,65,1020.8,1017.5,1,7,25.3,24.6,No,No
2015-10-14,Brisbane,18.5,27.3,0.2,6.4,7.3,NE,26,NA,ENE,0,13,79,54,1024.7,1021,7,3,20.9,25.7,No,Yes
2015-10-15,Brisbane,17.6,26.9,4.4,3.2,10.2,E,28,ESE,ENE,7,11,60,51,1025.4,1021.8,4,2,24.5,25.7,Yes,No
2015-10-16,Brisbane,16.9,26.6,0,6.8,11.8,ENE,26,SE,ENE,9,13,58,54,1025,1022,3,4,24.1,25.5,No,No
2015-10-17,Brisbane,16.3,27.6,0,6.8,10.8,ENE,24,W,ENE,6,13,59,49,1024.7,1021.4,3,1,23.3,26.3,No,No
2015-10-18,Brisbane,17.3,27.1,0,5.8,11.2,E,35,E,E,7,15,55,51,1025.7,1023.5,6,2,24.2,25.8,No,No
2015-10-19,Brisbane,15.2,26.5,0,7.4,11.2,ENE,30,E,ESE,7,15,61,50,1026,1022.8,4,3,23.9,25,No,No
2015-10-20,Brisbane,14.4,26.8,0,7.4,12,ENE,24,W,ENE,4,13,58,52,1024.4,1020.9,3,2,23.8,25.1,No,No
2015-10-21,Brisbane,15.5,27.2,0,5.6,12.1,ENE,31,ENE,NE,6,13,55,46,1020.5,1015.9,1,1,24.1,25.7,No,No
2015-10-22,Brisbane,16.6,29.3,0,9,6.9,W,65,NE,NE,9,13,52,63,1014.8,1008.5,3,4,25.6,25.8,No,Yes
2015-10-23,Brisbane,18.9,27.3,20.8,7.4,10.7,ESE,33,S,ESE,4,17,69,50,1017.3,1015.2,1,1,23.6,26.1,Yes,No
2015-10-24,Brisbane,17.4,24.3,0,7.6,2.8,ESE,22,ESE,ESE,9,9,61,67,1023.2,1020.4,7,7,22.7,22,No,Yes
2015-10-25,Brisbane,18.4,25.4,1.2,4,6.5,ENE,24,NNE,NE,4,9,62,59,1024.2,1020.9,7,6,23.1,24.1,Yes,No
2015-10-26,Brisbane,17.9,28.4,0,6.2,10.2,NE,33,WNW,NE,7,15,62,68,1021.5,1017,3,4,24.2,24.7,No,Yes
2015-10-27,Brisbane,17.9,30.7,4.8,7.4,10.5,ESE,37,NW,SE,4,17,53,62,1018.5,1016.7,1,4,25.9,26.2,Yes,Yes
2015-10-28,Brisbane,17.6,22.3,13.2,7.6,1.3,SE,22,SSE,ESE,7,7,74,82,1022.4,1019.9,7,8,21,20.2,Yes,Yes
2015-10-29,Brisbane,17.3,23.1,5,3.4,0.4,E,22,SE,ESE,6,9,80,64,1022.3,1019.9,7,7,19.9,21.6,Yes,No
2015-10-30,Brisbane,18,24.1,0.2,4,5.5,E,24,ESE,ENE,6,9,56,57,1023.1,1020.8,7,7,22.7,22.7,No,No
2015-10-31,Brisbane,16.2,25.2,0,4.8,11.6,ENE,26,NNE,ENE,7,13,54,50,1022.7,1019.7,3,2,22.9,23.8,No,No
2015-11-01,Brisbane,16.6,27,0,6.6,8.5,NE,26,NW,NE,7,9,56,48,1020.6,1016.4,7,7,23.6,24.9,No,No
2015-11-02,Brisbane,18.8,29.5,0,9,12,ENE,33,WNW,NE,6,15,51,61,1018.4,1014,3,2,25.8,26.7,No,No
2015-11-03,Brisbane,18.3,30.5,0,8,11.5,NE,28,NE,NE,6,13,51,57,1015.4,1012.8,1,3,28.1,27.9,No,Yes
2015-11-04,Brisbane,20.1,29.8,11.6,9,9.4,NNE,24,ENE,NNE,2,7,72,63,1015.9,1011.8,6,3,25.6,27.7,Yes,No
2015-11-05,Brisbane,22.1,29.1,0,5.8,8.8,NE,22,WNW,ENE,6,11,63,64,1014.5,1010.9,6,7,26.1,27.6,No,Yes
2015-11-06,Brisbane,19.8,29.3,19,7.8,5.5,NNW,26,NE,ENE,2,13,67,69,1013.3,1008.7,7,3,25,26.7,Yes,No
2015-11-07,Brisbane,19.5,33.3,0,4,9.2,SSE,37,NW,ENE,6,13,48,52,1011.3,1007.6,4,5,29.2,30,No,No
2015-11-08,Brisbane,22.1,25,0.4,7.8,0.7,SE,28,E,NE,11,6,75,71,1014.5,1012.4,8,8,23.6,24.2,No,Yes
2015-11-09,Brisbane,18.3,25.9,14,3.8,0.4,ESE,39,S,ESE,6,17,78,55,1017.1,1014.4,7,7,21.7,24.5,Yes,No
2015-11-10,Brisbane,17,26.6,0,5.6,11.9,ENE,24,E,ENE,2,11,59,53,1016.2,1013,4,2,23.3,24.8,No,No
2015-11-11,Brisbane,17.3,26.5,0,6.4,8.9,ENE,28,SE,E,7,15,70,46,1019.1,1017.3,7,3,22.1,26,No,No
2015-11-12,Brisbane,17.2,26.4,0,7.2,7.8,E,26,ESE,ENE,11,9,60,60,1021.2,1018.1,7,7,24.2,24.6,No,No
2015-11-13,Brisbane,19,28.1,0,6.6,12.3,NE,28,NE,NE,4,11,65,56,1016.6,1012.1,5,1,24.5,27,No,No
2015-11-14,Brisbane,19.8,26.7,1,7,3.2,N,24,S,NNE,4,4,81,80,1012.9,1006.8,7,7,22.7,23.8,No,Yes
2015-11-15,Brisbane,19.7,27.3,10.6,3.6,8.8,SE,41,SSW,SE,9,19,65,54,1010.9,1009.5,7,5,24.5,25.9,Yes,No
2015-11-16,Brisbane,17.9,27,0.2,6.4,9.8,ESE,35,SSE,E,9,13,47,54,1016,1013.7,4,7,24.6,24.7,No,No
2015-11-17,Brisbane,16.5,26,0.6,7,12.6,E,28,SE,NE,7,11,55,51,1019.5,1017.6,5,2,23.8,23.9,No,No
2015-11-18,Brisbane,16.1,28.2,0,7.6,13,N,22,NE,NNE,4,7,53,48,1020.1,1016.5,2,1,24.1,27.4,No,No
2015-11-19,Brisbane,17.2,33.4,0,7,11.9,ENE,22,N,ENE,2,11,54,53,1018,1014.1,0,1,26.8,30.2,No,No
2015-11-20,Brisbane,18.7,30.9,0,8,12.7,NE,26,ENE,NNE,7,11,48,46,1017.5,1014,0,1,30.1,29.9,No,No
2015-11-21,Brisbane,19.9,33.3,0,9.2,12.2,ESE,41,ENE,ENE,6,13,39,54,1015.5,1011.2,0,0,29.6,30.3,No,No
2015-11-22,Brisbane,22.4,28.4,0,9,1.8,SE,31,E,ESE,13,9,71,73,1017.9,1015.1,8,8,24.6,24.5,No,No
2015-11-23,Brisbane,22,29.9,0,3.8,11.6,NE,31,ENE,NE,7,13,59,59,1014.6,1010.7,3,1,27.5,28.4,No,No
2015-11-24,Brisbane,20.2,30.5,0,7.8,11.1,E,24,E,E,6,13,59,62,1014.7,1012.4,3,5,28.1,28.2,No,No
2015-11-25,Brisbane,23.3,31,0,9.6,12.4,NE,24,N,NE,6,9,60,54,1016.1,1012.2,4,1,27.7,29.7,No,No
2015-11-26,Brisbane,21.6,31.8,0,8.4,12.1,NE,31,N,NNE,6,13,56,62,1013.4,1008.3,1,2,28.2,29.7,No,No
2015-11-27,Brisbane,23.5,31.1,0,8.6,10.1,E,35,E,ENE,15,11,59,57,1012.1,1010.1,3,3,28.1,29.8,No,No
2015-11-28,Brisbane,23.1,30.4,0,8.2,7.3,E,24,NNW,NE,4,11,62,65,1014.5,1012.4,6,5,27.4,29.4,No,No
2015-11-29,Brisbane,24.1,31,0.2,6.7,8.7,WNW,57,NNE,NE,7,15,58,64,1013.6,1009.1,3,6,29.7,29,No,Yes
2015-11-30,Brisbane,20.6,31.8,16.6,11,10.3,NE,28,NNE,NE,7,11,63,65,1012.7,1009.8,3,6,29,29.9,Yes,No
2015-12-01,Brisbane,22.1,31.3,0,8,8.2,NE,30,NNE,NE,6,11,58,64,1015.6,1013.2,3,8,29.2,28.5,No,No
2015-12-02,Brisbane,23.8,27.9,0.4,7.6,0.2,WNW,22,NNW,WNW,6,6,69,75,1016.2,1015.1,7,7,26.6,25.1,No,Yes
2015-12-03,Brisbane,21.2,27.9,2,2,6.9,SE,35,SSW,SSE,7,13,78,42,1020.5,1019.9,7,7,24.1,26.5,Yes,No
2015-12-04,Brisbane,17.3,25.6,0.2,10,4.2,SSE,33,S,SSE,9,11,52,56,1022,1019.8,7,7,23.8,24,No,No
2015-12-05,Brisbane,16.9,28.4,0,5.6,12.7,ESE,33,S,ESE,7,17,51,48,1020.2,1016.9,4,2,25.4,25.8,No,No
2015-12-06,Brisbane,17.5,29.1,0,9,13.1,E,35,ESE,E,6,15,50,42,1018.9,1016.1,3,1,25.9,27.1,No,No
2015-12-07,Brisbane,18,29.8,0,9.6,13.1,ENE,28,ESE,ENE,6,11,55,54,1019.9,1017.6,2,5,27.5,28.4,No,No
2015-12-08,Brisbane,18.3,30.7,0,4,12.8,ENE,26,NE,NE,7,11,51,51,1021.6,1018.5,3,2,28.5,28.8,No,No
2015-12-09,Brisbane,20.7,30.8,0,8.4,8.7,NE,26,NW,NE,6,11,58,59,1020,1016.3,7,7,27.5,27.7,No,No
2015-12-10,Brisbane,23.1,32.3,0,8.8,8.7,SE,41,WSW,NNE,4,7,56,60,1016.4,1012.5,6,6,28.2,28.4,No,No
2015-12-11,Brisbane,20,32.5,0.6,7.8,9.4,NNE,33,NNE,NE,4,11,60,67,1012.4,1007,1,5,28.9,28.3,No,No
2015-12-12,Brisbane,22.2,22.4,1,7,0,W,22,WSW,NA,6,0,79,79,1013.7,1013.5,8,8,22.4,21.4,No,Yes
2015-12-13,Brisbane,19.7,27.3,9.8,4.4,4.5,E,28,SSW,SE,6,11,91,41,1018.7,1016.6,8,4,20.7,26.7,Yes,No
2015-12-14,Brisbane,17.6,29.1,0.8,3.8,12.8,ENE,24,NE,ENE,6,11,55,52,1017.9,1014.8,5,1,26.4,27.6,No,No
2015-12-15,Brisbane,19.8,29.9,0,7.2,8.5,E,31,NNE,ENE,4,13,59,56,1016.1,1012.8,7,7,26.1,27.6,No,No
2015-12-16,Brisbane,21.9,27.3,0,7.2,1.3,E,20,E,ESE,6,6,58,51,1015.7,1013.3,7,7,25.9,26.5,No,Yes
2015-12-17,Brisbane,19.8,29.7,3.8,4.8,10.1,E,33,ESE,ESE,11,15,52,42,1015.1,1013.5,7,4,26,28.2,Yes,Yes
2015-12-18,Brisbane,18.7,28.6,3.2,9,10.9,NE,28,ESE,ENE,7,11,59,49,1017.1,1014.8,7,2,25.6,27.2,Yes,No
2015-12-19,Brisbane,18.4,28.7,0,7.6,13.2,ENE,30,NW,ENE,6,15,58,52,1017.3,1015.3,3,1,25.1,27.2,No,No
2015-12-20,Brisbane,18.8,30.1,0,10,12.1,NE,28,NNE,ENE,6,13,43,59,1019.1,1016.2,3,3,28,27.7,No,No
2015-12-21,Brisbane,21.9,31.2,0,7.4,11.5,NE,26,NE,NNE,6,11,45,39,1019,1015.9,2,1,28.2,29.6,No,No
2015-12-22,Brisbane,21.6,30.5,0,10.4,9.6,NE,24,ENE,NE,7,11,53,55,1018.2,1014.9,6,7,27.1,27.5,No,No
2015-12-23,Brisbane,20.8,30.6,0,8.2,12,E,28,ENE,ENE,7,13,49,45,1014.7,1011,6,2,28.2,29.3,No,Yes
2015-12-24,Brisbane,20.8,28.1,3.2,8.8,1.3,SSE,28,SSW,ENE,6,7,63,59,1014.2,1011.9,7,7,26,26.9,Yes,Yes
2015-12-25,Brisbane,19.7,28.4,9.2,4.6,10.3,SE,26,SW,SE,7,13,64,54,1014.1,1011.4,7,6,24.8,27.1,Yes,No
2015-12-26,Brisbane,19,32,0.4,7.2,12.9,N,24,ESE,NE,2,9,57,52,1012.6,1008.8,5,2,26.1,30.4,No,No
2015-12-27,Brisbane,23.6,31.2,0.8,8.8,0.8,SE,26,NNE,ENE,4,4,65,76,1012.7,1010.5,8,8,28.1,27.6,No,No
2015-12-28,Brisbane,20.1,29,0.8,5.8,5.1,SSE,35,SE,SE,13,11,51,56,1017.1,1014.8,6,7,25.6,25.9,No,No
2015-12-29,Brisbane,18.5,26.5,0,9,8.2,SSE,33,S,SE,11,11,51,51,1016.9,1014.8,4,6,23.4,25.2,No,No
2015-12-30,Brisbane,19.1,29.8,0,8,11.6,SSE,33,S,ESE,7,13,47,48,1015.9,1013.5,3,3,26.2,27.1,No,No
2015-12-31,Brisbane,19.4,29.9,0,10.8,11.4,E,35,SSE,SE,7,17,44,43,1015,1012.5,7,1,26,28.2,No,No
