Date,Location,MinTemp,MaxTemp,Rainfall,Evaporation,Sunshine,WindGustDir,WindGustSpeed,WindDir9am,WindDir3pm,WindSpeed9am,WindSpeed3pm,Humidity9am,Humidity3pm,Pressure9am,Pressure3pm,Cloud9am,Cloud3pm,Temp9am,Temp3pm,RainToday,RainTomorrow
2009-01-01,Brisbane,22.2,33.9,0.0,9.0,6.9,W,44.0,SE,NNE,4.0,13.0,60.0,65.0,1007.4,1005.1,5.0,7.0,29.699999999999996,30.9,No,No
2009-01-02,Brisbane,23.2,31.5,0.0,7.4,0.7,ESE,30.0,SSW,E,11.0,16.999999999999996,74.0,47.0,1009.9,1009.7,8.0,8.0,25.0,29.399999999999995,No,Yes
2009-01-03,Brisbane,21.8,26.000000000000004,4.4,5.4,0.0,SSE,41.0,SE,SSE,15.0,14.999999999999998,85.0,86.0,1015.3,1015.1,8.0,8.0,22.7,22.1,Yes,Yes
2009-01-04,Brisbane,20.1,27.5,4.8,4.2,7.0,ESE,35.0,SE,SE,17.0,16.999999999999996,55.0,45.0,1017.4,1014.7,7.0,7.0,25.600000000000005,26.300000000000004,Yes,No
2009-01-05,Brisbane,20.4,28.999999999999996,0.0,7.800000000000001,7.700000000000001,SSE,30.0,SE,E,11.0,19.0,65.0,53.99999999999999,1014.1,1012.1,7.0,7.0,25.8,27.700000000000003,No,No
2009-01-06,Brisbane,20.8,30.500000000000004,0.0,6.4,12.7,E,30.0,ESE,E,9.0,14.999999999999998,58.00000000000001,49.00000000000001,1013.5,1011.1,3.0,2.0,27.300000000000004,29.6,No,No
2009-01-07,Brisbane,20.9,29.8,0.0,8.6,11.4,NE,30.0,E,NE,9.0,16.999999999999996,62.0,56.99999999999999,1013.0,1010.2,3.0,7.0,27.200000000000003,28.400000000000002,No,Yes
2009-01-09,Brisbane,23.1,30.199999999999996,0.6,4.4,2.8,SSE,43.0,S,SSE,9.0,24.0,74.0,47.0,1011.8,1010.4,8.0,7.0,24.9,28.900000000000002,No,No
2009-01-10,Brisbane,19.0,29.1,0.2,6.4,9.6,SE,43.0,SE,ESE,20.0,22.0,52.0,51.0,1012.4,1010.4,3.0,5.0,26.0,26.300000000000004,No,No
2009-01-11,Brisbane,19.6,28.7,0.0,9.0,8.9,ESE,33.0,SE,E,9.0,16.999999999999996,55.0,56.0,1012.6000000000001,1010.6,7.0,7.0,25.5,26.2,No,No
2009-01-12,Brisbane,18.6,29.5,0.0,7.599999999999999,9.5,ESE,35.0,E,E,9.0,14.999999999999998,60.0,53.99999999999999,1014.6,1013.2,7.0,7.0,26.0,27.799999999999997,No,No
2009-01-13,Brisbane,20.2,30.199999999999996,0.0,7.599999999999999,11.5,E,37.0,ESE,E,17.0,19.999999999999996,55.0,53.0,1017.2,1015.4,6.0,4.0,26.300000000000004,27.200000000000003,No,No
2009-01-14,Brisbane,18.8,29.300000000000004,0.0,9.4,13.0,NE,33.0,E,ESE,13.0,16.999999999999996,49.0,39.0,1017.2,1015.3,3.0,3.0,26.7,28.499999999999996,No,No
2009-01-15,Brisbane,19.0,31.7,0.0,8.4,12.8,NNE,30.0,W,ENE,7.0,16.999999999999996,59.0,45.0,1016.4,1013.1,3.0,1.0,26.100000000000005,29.699999999999996,No,No
2009-01-16,Brisbane,19.8,32.9,0.0,9.0,12.4,NE,31.0,WNW,NE,7.0,14.999999999999998,54.0,52.0,1013.8,1010.0,1.0,6.0,28.099999999999998,31.1,No,No
2009-01-17,Brisbane,23.2,31.1,0.0,9.0,7.1,ESE,52.0,ESE,SE,15.0,22.0,65.0,61.0,1012.6000000000001,1014.0,7.0,7.0,27.900000000000002,26.100000000000005,No,No
2009-01-18,Brisbane,20.3,27.8,0.0,8.8,5.8,ESE,33.0,ESE,ESE,13.0,16.999999999999996,56.0,56.0,1019.4,1018.1,7.0,7.0,25.4,25.1,No,No
2009-01-19,Brisbane,18.7,28.9,0.0,7.599999999999999,9.0,ENE,31.0,SE,ENE,13.0,14.999999999999998,49.0,50.0,1019.2,1016.7,7.0,7.0,26.4,26.5,No,No
2009-01-20,Brisbane,19.3,30.9,0.0,8.6,12.5,ENE,26.0,ENE,ENE,9.0,16.999999999999996,49.0,42.0,1017.7,1015.5,4.0,3.0,27.4,29.3,No,No
2009-01-21,Brisbane,21.9,31.5,0.0,8.2,11.7,NE,35.0,NNE,NNE,11.0,16.999999999999996,63.0,53.99999999999999,1016.5,1013.5,5.0,1.0,28.400000000000002,30.2,No,No
2009-01-22,Brisbane,25.0,32.3,0.0,9.2,8.2,NE,43.0,NNW,NNE,11.0,16.999999999999996,64.0,58.0,1014.5,1010.6,5.0,6.0,28.400000000000002,30.6,No,Yes
2009-01-23,Brisbane,24.2,29.9,26.6,7.0,0.5,NNE,30.0,N,NNE,2.0,13.0,84.0,77.0,1012.4,1009.5,7.0,7.0,26.600000000000005,28.299999999999997,Yes,Yes
2009-01-24,Brisbane,23.6,32.5,4.4,2.8,3.8,NNE,30.0,SW,NE,6.0,13.0,68.0,64.0,1011.5,1007.9,7.0,7.0,29.3,30.3,Yes,No
2009-01-25,Brisbane,25.2,30.999999999999996,0.0,3.6,3.1,ENE,26.0,ENE,NE,7.0,14.999999999999998,80.99999999999999,80.0,1013.0,1012.9,7.0,7.0,27.300000000000004,27.900000000000002,No,Yes
2009-01-26,Brisbane,23.1,30.500000000000004,29.800000000000004,6.4,7.4,NE,28.0,NNE,ESE,7.0,11.0,73.0,51.0,1016.3,1015.0,6.0,6.0,27.300000000000004,29.5,Yes,Yes
2009-01-27,Brisbane,22.1,30.500000000000004,1.8000000000000003,5.8,10.4,E,39.0,ESE,SE,15.0,19.999999999999996,68.0,55.0,1016.7,1015.1,6.0,4.0,26.9,27.999999999999996,Yes,No
2009-01-28,Brisbane,20.8,30.099999999999998,0.2,8.6,10.2,ESE,35.0,ESE,ESE,15.0,19.0,61.0,53.99999999999999,1016.1,1015.3,6.0,1.0,27.799999999999997,28.6,No,No
2009-01-29,Brisbane,21.1,28.999999999999996,0.0,7.0,5.2,E,35.0,ENE,ENE,13.0,19.0,67.0,66.0,1017.3,1015.5,7.0,7.0,26.2,26.7,No,Yes
2009-02-01,Brisbane,22.1,27.9,0.8,7.4,0.1,SE,28.0,SSW,ESE,4.0,13.0,80.0,60.00000000000001,1015.4,1012.9,7.0,7.0,23.9,27.300000000000004,No,No
2009-02-02,Brisbane,23.0,28.4,1.0,5.6,1.5,ESE,37.0,SE,ESE,19.0,16.999999999999996,80.0,62.0,1012.8,1010.4,7.0,8.0,23.6,26.9,No,Yes
2009-02-03,Brisbane,21.9,29.8,6.2,2.4,8.7,NE,28.0,SSE,ENE,6.0,13.0,77.0,59.0,1011.1,1008.0,7.0,4.0,24.9,28.400000000000002,Yes,No
2009-02-04,Brisbane,22.7,30.6,0.6,5.8,11.8,ENE,33.0,ESE,E,15.0,19.0,62.0,51.0,1009.2,1007.1,3.0,2.0,28.799999999999997,29.399999999999995,No,No
2009-02-05,Brisbane,22.0,30.4,0.0,9.2,11.8,E,33.0,SE,ESE,11.0,19.0,60.0,55.0,1009.0,1007.3,7.0,3.0,28.099999999999998,30.0,No,No
2009-02-06,Brisbane,21.9,31.1,0.0,9.0,12.1,E,33.0,SE,E,11.0,19.0,60.0,53.0,1011.4000000000001,1010.6,7.0,2.0,27.300000000000004,29.5,No,No
2009-02-07,Brisbane,22.1,30.8,0.0,9.0,9.0,ENE,31.0,E,ESE,17.0,16.999999999999996,55.0,47.0,1014.4,1012.5,4.0,2.0,28.299999999999997,29.699999999999996,No,No
2009-02-08,Brisbane,20.2,30.8,0.0,8.4,12.2,ENE,50.0,S,ENE,7.0,11.0,62.0,50.0,1012.6000000000001,1009.4,6.0,2.0,27.099999999999998,30.3,No,No
2009-02-09,Brisbane,20.5,36.1,0.0,7.4,12.0,WSW,31.0,W,NNE,7.0,13.0,60.0,50.0,1010.0,1006.5,0.0,1.0,27.799999999999997,33.1,No,No
2009-02-10,Brisbane,24.4,32.3,0.0,7.2,7.499999999999999,ENE,28.0,E,NE,4.0,11.0,66.0,61.0,1011.0,1007.3,7.0,7.0,28.499999999999996,29.899999999999995,No,Yes
2009-02-11,Brisbane,23.3,31.5,1.4,8.0,9.7,S,30.0,NE,E,9.0,16.999999999999996,64.0,52.0,1005.8,1004.7,7.0,7.0,27.500000000000004,30.7,Yes,No
2009-02-12,Brisbane,21.7,28.0,0.0,6.8,3.3,SSE,31.0,SSE,E,13.0,9.0,62.0,82.0,1012.2,1011.6,7.0,7.0,25.5,24.3,No,Yes
2009-02-13,Brisbane,20.6,23.5,23.8,8.0,0.0,SSE,48.00000000000001,SSE,SE,9.0,7.000000000000001,90.99999999999999,91.0,1016.7,1014.9,8.0,8.0,21.8,21.8,Yes,Yes
2009-02-14,Brisbane,20.1,25.6,36.8,1.6,0.1,S,35.0,SE,SSW,13.0,6.0,90.99999999999999,73.0,1011.5,1007.4,8.0,8.0,21.5,25.2,Yes,Yes
2009-02-15,Brisbane,20.8,31.799999999999997,2.0,1.2,11.4,SSW,24.000000000000004,WSW,NNE,11.0,9.0,62.0,53.99999999999999,1007.0,1004.8,2.0,5.0,25.5,29.5,Yes,No
2009-02-16,Brisbane,21.1,30.8,0.0,5.8,9.3,ESE,30.0,S,E,11.0,14.999999999999998,59.0,56.0,1009.7,1006.8,2.0,7.0,26.7,28.900000000000002,No,No
2009-02-17,Brisbane,21.6,28.4,0.0,6.4,2.3,NE,30.0,S,E,6.0,11.0,65.0,73.0,1009.5,1008.1,7.0,8.0,26.7,25.600000000000005,No,Yes
2009-02-18,Brisbane,22.3,27.8,17.4,3.2,2.5,E,26.0,SSE,SE,7.0,9.0,76.0,70.0,1008.1,1004.9,7.0,7.0,26.100000000000005,27.500000000000004,Yes,Yes
2009-02-19,Brisbane,21.7,31.6,2.2,2.0,10.3,W,31.0,SE,ENE,7.0,13.0,72.0,62.0,1009.4,1006.1,4.0,2.0,27.200000000000003,31.1,Yes,Yes
2009-02-20,Brisbane,23.6,32.5,3.4,7.599999999999999,5.0,W,33.0,SW,E,4.0,13.0,76.0,68.0,1011.1,1008.2,7.0,6.0,26.5,29.699999999999996,Yes,Yes
2009-02-21,Brisbane,20.9,28.7,35.2,6.2,1.9,W,28.0,SW,ENE,6.0,9.0,87.0,72.0,1011.6999999999999,1009.3,7.0,7.0,23.1,27.700000000000003,Yes,No
2009-02-23,Brisbane,20.8,29.700000000000003,0.0,6.8,11.3,ENE,31.0,ESE,E,11.0,19.0,65.0,53.0,1016.6,1015.1,3.0,1.0,27.000000000000004,28.699999999999996,No,No
2009-02-24,Brisbane,19.8,29.8,0.0,8.0,10.8,ENE,28.0,W,NE,2.0,14.999999999999998,61.0,55.0,1016.9,1015.3,1.0,2.0,27.4,28.699999999999996,No,No
2009-02-25,Brisbane,20.4,27.9,0.0,7.0,1.5,NE,22.0,W,ENE,6.0,11.0,70.0,64.0,1016.8,1014.0,7.0,7.0,25.3,26.7,No,No
2009-02-26,Brisbane,20.9,30.3,0.0,3.6,10.1,SE,43.0,SSE,SE,13.0,19.999999999999996,59.0,55.0,1015.2,1012.9,3.0,3.0,27.300000000000004,27.799999999999997,No,No
2009-02-27,Brisbane,19.9,30.099999999999998,0.0,7.2,11.9,ESE,44.0,S,E,11.0,14.999999999999998,51.0,51.0,1015.2,1011.8,1.0,3.0,25.3,27.900000000000002,No,No
2009-02-28,Brisbane,19.2,32.2,0.0,7.4,11.8,NNE,26.0,SW,NE,7.0,9.0,56.0,45.0,1012.9,1009.4,2.0,3.0,25.3,30.8,No,No
2009-03-01,Brisbane,20.0,33.8,0.0,6.8,9.2,E,22.0,S,NNE,6.0,9.0,63.0,53.0,1011.4000000000001,1008.1,0.0,7.0,27.4,31.7,No,No
2009-03-02,Brisbane,23.0,32.2,0.0,5.8,10.0,E,28.0,SW,ENE,6.0,13.0,57.0,55.0,1014.0,1012.0,6.0,6.0,28.900000000000002,29.8,No,No
2009-03-03,Brisbane,24.0,30.500000000000004,0.2,6.0,9.8,ENE,24.000000000000004,E,NE,7.0,13.0,72.0,58.0,1017.0,1014.0,6.0,3.0,27.799999999999997,30.1,No,No
2009-03-04,Brisbane,23.3,31.1,0.2,4.8,10.6,ENE,30.0,NE,NE,11.0,13.0,59.0,56.0,1014.6,1010.0,5.0,3.0,28.999999999999996,30.0,No,No
2009-03-05,Brisbane,20.5,31.5,0.0,7.800000000000001,10.7,WSW,39.0,WSW,WSW,15.0,7.000000000000001,32.0,22.0,1010.4,1007.0,1.0,1.0,24.5,31.3,No,No
2009-03-06,Brisbane,20.4,28.8,0.0,9.0,9.8,ENE,26.0,SSE,ENE,7.0,14.999999999999998,55.0,50.0,1013.2,1010.6,7.0,2.0,25.0,28.400000000000002,No,No
2009-03-07,Brisbane,20.2,29.8,0.0,6.2,11.2,NE,28.0,W,NE,9.0,16.999999999999996,62.0,53.0,1014.8,1011.4,4.0,3.0,26.100000000000005,28.6,No,No
2009-03-08,Brisbane,20.2,30.199999999999996,0.0,7.0,11.2,E,35.0,E,ESE,15.0,19.0,60.0,53.99999999999999,1014.8,1012.9,4.0,5.0,27.099999999999998,27.900000000000002,No,No
2009-03-09,Brisbane,20.7,26.4,0.0,9.8,0.0,SSE,35.0,SE,SE,19.0,16.999999999999996,59.0,79.0,1016.1,1013.6,7.0,8.0,25.7,23.6,No,Yes
2009-03-10,Brisbane,21.9,27.399999999999995,3.4,3.7999999999999994,0.1,SE,50.0,SE,SE,17.0,19.999999999999996,70.0,61.0,1014.8,1013.5,8.0,8.0,25.8,25.8,Yes,Yes
2009-03-11,Brisbane,20.6,25.8,4.4,6.0,2.9,ESE,35.0,SSE,SE,15.0,14.999999999999998,88.0,82.0,1017.4,1015.7,7.0,7.0,22.3,23.0,Yes,Yes
2009-03-12,Brisbane,19.9,27.700000000000003,5.6,4.4,6.2,ENE,35.0,ESE,ESE,19.0,14.999999999999998,69.0,59.0,1019.8,1017.5,7.0,7.0,24.6,26.100000000000005,Yes,Yes
2009-03-13,Brisbane,20.4,25.3,3.0,6.4,3.9,ENE,30.0,ESE,E,7.0,14.999999999999998,75.0,80.0,1017.7,1016.0,6.0,7.0,24.0,22.9,Yes,Yes
2009-03-14,Brisbane,19.2,28.0,6.0,3.2,9.2,ENE,24.000000000000004,SSW,NE,7.0,11.0,73.0,60.00000000000001,1016.7,1013.1,5.0,4.0,24.1,27.4,Yes,Yes
2009-03-15,Brisbane,19.8,29.600000000000005,3.0,5.6,10.8,NE,24.000000000000004,SSE,NE,6.0,13.0,66.0,55.0,1014.8,1010.2,4.0,1.0,26.2,28.400000000000002,Yes,No
2009-03-16,Brisbane,20.2,30.500000000000004,0.0,6.4,9.3,SSW,46.0,W,NE,7.0,13.0,65.0,56.99999999999999,1012.5,1007.3,3.0,1.0,25.9,29.3,No,Yes
2009-03-17,Brisbane,18.2,30.3,13.2,8.2,10.0,ESE,24.000000000000004,W,ENE,9.0,13.0,72.0,58.0,1012.6000000000001,1009.8,1.0,2.0,23.9,28.299999999999997,Yes,No
2009-03-18,Brisbane,21.1,28.8,0.0,4.0,6.3,ESE,33.0,SE,E,9.0,16.999999999999996,68.0,59.0,1016.7,1014.4,7.0,8.0,25.7,27.099999999999998,No,No
2009-03-19,Brisbane,21.2,26.900000000000002,0.0,6.0,0.0,SE,30.0,S,ESE,7.0,13.0,72.0,68.0,1016.9,1014.4,8.0,7.0,24.2,25.4,No,No
2009-03-20,Brisbane,19.8,29.1,0.0,3.4,5.0,SE,33.0,E,ESE,9.0,16.999999999999996,74.0,55.0,1015.8,1012.1,7.0,5.0,24.8,28.400000000000002,No,No
2009-03-21,Brisbane,20.8,29.300000000000004,0.2,5.4,8.5,SSE,35.0,SSE,SE,13.0,19.999999999999996,68.0,48.0,1015.0,1012.1,6.0,2.0,25.4,27.900000000000002,No,No
2009-03-22,Brisbane,19.3,28.6,0.0,6.0,10.8,SE,37.0,S,SE,11.0,16.999999999999996,56.0,51.0,1015.2,1013.0,1.0,3.0,25.7,27.4,No,No
2009-03-23,Brisbane,18.3,28.6,0.0,6.2,11.0,SSE,30.0,SSW,ESE,7.0,16.999999999999996,63.0,47.0,1017.2,1015.1,2.0,2.0,25.2,27.000000000000004,No,No
2009-03-24,Brisbane,18.1,28.4,0.0,6.2,10.9,SE,31.0,SSE,SE,9.0,14.999999999999998,59.0,45.0,1019.4,1017.1,1.0,2.0,25.4,27.599999999999998,No,No
2009-03-25,Brisbane,18.0,28.500000000000004,0.0,8.0,9.1,E,31.0,SSE,ESE,9.0,13.0,55.0,49.00000000000001,1021.9,1019.6,2.0,5.0,24.6,27.799999999999997,No,No
2009-03-26,Brisbane,17.7,28.6,0.0,5.8,11.0,E,30.0,SSW,ESE,9.0,13.0,58.00000000000001,43.0,1021.9,1018.8,2.0,2.0,24.5,27.900000000000002,No,No
2009-03-27,Brisbane,17.3,29.399999999999995,0.0,6.2,11.0,ESE,30.0,SSW,E,7.0,16.999999999999996,62.0,44.0,1019.7,1016.8,1.0,1.0,24.2,28.6,No,No
2009-03-28,Brisbane,19.9,28.7,0.0,5.2,10.5,SSE,46.0,S,SE,11.0,22.0,61.0,48.0,1020.1,1017.7,3.0,3.0,25.4,27.500000000000004,No,Yes
2009-03-29,Brisbane,19.0,28.6,3.2,7.599999999999999,10.5,SE,43.0,SE,ESE,13.0,22.0,63.0,49.00000000000001,1018.8,1015.8,1.0,3.0,24.7,27.000000000000004,Yes,Yes
2009-03-30,Brisbane,20.1,27.2,2.2,7.0,6.8,SSE,31.0,WSW,SE,9.0,11.0,80.99999999999999,84.0,1014.4,1011.7,7.0,6.0,22.5,22.7,Yes,Yes
2009-03-31,Brisbane,19.4,30.0,3.0,4.0,9.6,WSW,30.0,W,W,13.0,7.000000000000001,59.0,47.0,1009.7,1007.1,3.0,4.0,24.8,27.999999999999996,Yes,No
2009-04-01,Brisbane,19.0,30.500000000000004,0.2,4.4,10.7,E,28.0,SSE,ENE,7.0,14.999999999999998,67.0,56.0,1012.9,1010.9,3.0,1.0,26.2,28.900000000000002,No,Yes
2009-04-02,Brisbane,21.1,24.8,13.000000000000002,4.0,0.0,ESE,54.0,SSE,SSE,15.0,14.999999999999998,93.0,94.0,1015.6,1014.6,8.0,8.0,21.3,21.4,Yes,Yes
2009-04-03,Brisbane,20.1,28.099999999999998,66.2,1.8,6.8,E,30.0,ESE,ENE,7.0,14.999999999999998,83.0,67.0,1017.9,1015.1,6.0,5.0,24.7,26.9,Yes,Yes
2009-04-04,Brisbane,21.9,28.099999999999998,41.0,4.0,4.5,SSE,22.0,ENE,NNE,7.0,11.0,92.0,66.0,1017.2,1013.6,7.0,7.0,22.6,26.800000000000004,Yes,No
2009-04-05,Brisbane,20.8,28.099999999999998,0.8,3.6,3.2,E,28.0,SSW,ESE,7.0,11.0,73.0,75.0,1015.7,1012.2,7.0,7.0,24.9,25.4,No,No
2009-04-06,Brisbane,21.4,29.2,1.0,2.2,7.499999999999999,ESE,28.0,SSW,ESE,9.0,11.0,72.0,65.0,1016.0,1013.1,7.0,7.0,23.8,26.5,No,Yes
2009-04-07,Brisbane,20.0,25.7,1.2,2.8,0.9,ESE,35.0,S,SE,15.0,11.0,70.0,76.0,1019.8,1019.0,7.0,7.0,23.7,22.2,Yes,Yes
2009-04-08,Brisbane,18.1,26.6,1.8000000000000003,3.6,10.4,SSE,39.0,SE,ESE,9.0,19.0,57.0,47.0,1023.3,1020.6,2.0,4.0,23.8,24.8,Yes,No
2009-04-09,Brisbane,17.0,25.6,0.0,5.2,4.1,SE,30.0,SSE,E,13.0,13.0,62.0,62.0,1022.6,1020.2,7.0,8.0,23.2,23.6,No,Yes
2009-04-10,Brisbane,17.7,25.8,5.6,3.0,6.8,ESE,33.0,SSW,ESE,7.0,11.0,73.0,80.0,1023.4,1021.4999999999999,7.0,7.0,22.7,21.4,Yes,Yes
2009-04-11,Brisbane,18.3,25.8,2.2,3.7999999999999994,2.6,ENE,28.0,SW,SE,4.0,7.000000000000001,74.0,78.0,1024.5,1022.9,7.0,8.0,22.6,23.2,Yes,Yes
2009-04-12,Brisbane,19.3,26.499999999999996,14.6,4.4,3.7,E,30.0,S,ENE,7.0,13.0,90.0,67.0,1023.5,1020.7,8.0,7.0,21.1,24.9,Yes,Yes
2009-04-14,Brisbane,21.2,27.5,43.8,0.6,3.2,E,30.0,E,E,6.0,6.0,77.0,67.0,1014.9,1011.9,7.0,8.0,25.1,26.600000000000005,Yes,No
2009-04-15,Brisbane,20.3,30.7,0.4,1.6,9.7,E,28.0,SW,WSW,11.0,9.0,74.0,45.0,1012.5,1009.2,3.0,3.0,25.3,30.2,No,No
2009-04-16,Brisbane,19.8,29.5,0.0,4.0,10.6,ESE,22.0,SW,E,9.0,13.0,68.0,41.0,1014.5,1011.5,1.0,2.0,23.9,27.599999999999998,No,No
2009-04-17,Brisbane,15.6,29.700000000000003,0.0,6.4,10.4,SW,30.0,SSW,SE,6.0,11.0,64.0,34.0,1014.8,1011.5,4.0,2.0,22.0,28.799999999999997,No,No
2009-04-18,Brisbane,16.5,27.9,0.6,5.0,10.4,ESE,24.000000000000004,SSW,S,9.0,7.000000000000001,64.0,40.0,1016.3,1012.9,2.0,2.0,22.399999999999995,27.799999999999997,No,No
2009-04-19,Brisbane,16.7,27.2,0.2,4.6,10.6,SSE,28.0,WSW,SSW,13.0,14.999999999999998,57.0,41.0,1014.1,1010.8,1.0,5.0,22.2,25.7,No,No
2009-04-20,Brisbane,18.6,27.299999999999997,0.0,3.6,10.2,SSW,31.0,SW,SSW,11.0,13.0,54.0,41.0,1012.6000000000001,1010.1,1.0,6.0,22.6,26.9,No,No
2009-04-21,Brisbane,17.9,26.4,0.0,5.6,8.7,SSW,35.0,SW,SSW,13.0,9.0,59.0,80.0,1014.9,1013.4,6.0,6.0,21.9,21.1,No,No
2009-04-22,Brisbane,16.5,27.2,1.0,4.2,9.8,SSE,31.0,SSW,SSW,11.0,11.0,62.0,43.0,1017.9,1014.4,2.0,3.0,21.9,26.5,No,No
2009-04-23,Brisbane,17.0,26.900000000000002,0.2,3.6,10.0,WSW,28.0,SW,S,11.0,11.0,58.00000000000001,43.0,1017.8,1014.9,1.0,2.0,22.0,26.300000000000004,No,No
2009-04-24,Brisbane,14.699999999999998,27.2,0.0,1.4,9.5,NNE,46.0,SW,NE,7.0,13.0,64.0,49.00000000000001,1016.7,1011.5,1.0,1.0,20.6,25.3,No,No
2009-04-25,Brisbane,15.799999999999999,30.3,0.0,4.0,9.8,NNW,28.0,NE,NNW,7.0,9.0,68.0,41.0,1011.6999999999999,1007.5,1.0,2.0,22.7,29.8,No,No
2009-04-26,Brisbane,17.9,28.9,0.0,4.8,10.7,WNW,33.0,W,WNW,15.0,16.999999999999996,40.0,28.0,1012.1,1008.0,1.0,1.0,25.1,28.400000000000002,No,No
2009-04-27,Brisbane,14.299999999999999,26.499999999999996,0.0,6.2,10.7,W,31.0,SW,W,9.0,16.999999999999996,45.0,30.000000000000004,1016.0,1013.3,0.0,0.0,21.9,25.7,No,No
2009-04-28,Brisbane,12.6,26.1,0.0,6.4,10.8,SW,20.0,WSW,SE,9.0,6.0,40.0,25.0,1020.7,1016.5,0.0,0.0,19.5,25.8,No,No
2009-04-29,Brisbane,12.1,25.5,0.0,3.4,9.5,E,20.0,WSW,ENE,11.0,11.0,59.0,40.0,1020.6,1016.5,5.0,3.0,17.6,24.4,No,No
2009-04-30,Brisbane,13.3,26.4,0.0,3.2,10.3,SE,43.0,SSW,W,9.0,14.999999999999998,64.0,29.0,1018.0,1014.6,1.0,1.0,19.7,25.8,No,No
2009-05-01,Brisbane,13.1,24.6,0.0,5.0,6.3,ESE,26.0,SW,ESE,11.0,9.0,57.0,55.0,1022.6,1019.9,1.0,7.0,18.8,22.4,No,No
2009-05-02,Brisbane,15.6,24.8,0.0,4.2,9.7,ENE,26.0,SW,ESE,9.0,13.0,62.0,53.99999999999999,1024.0,1020.5,7.0,4.0,20.1,22.5,No,No
2009-05-03,Brisbane,14.199999999999998,24.8,0.0,4.0,7.700000000000001,ENE,31.0,SW,ESE,9.0,11.0,69.0,48.0,1024.3,1021.8,5.0,5.0,18.7,22.3,No,No
2009-05-04,Brisbane,14.900000000000002,24.9,0.0,3.2,9.0,E,31.0,SW,ESE,9.0,16.999999999999996,66.0,55.0,1025.6,1023.6,2.0,3.0,19.3,22.5,No,No
2009-05-05,Brisbane,13.400000000000002,24.4,0.0,3.6,9.5,SE,30.0,SSW,ESE,11.0,19.0,66.0,45.0,1027.4,1024.2,3.0,2.0,19.4,22.5,No,No
2009-05-06,Brisbane,14.0,24.4,0.0,5.0,6.3,SE,35.0,SSW,SE,7.0,14.999999999999998,64.0,59.0,1025.8,1022.0,5.0,7.0,19.7,21.5,No,Yes
2009-05-07,Brisbane,16.6,24.4,1.4,3.6,4.4,SSE,22.0,SSW,ESE,9.0,7.000000000000001,69.0,63.00000000000001,1024.2,1020.5,7.0,7.0,19.8,22.1,Yes,Yes
2009-05-08,Brisbane,14.400000000000002,25.8,2.2,2.2,9.9,SSE,24.000000000000004,SW,E,9.0,13.0,73.0,45.0,1024.1,1020.9,1.0,4.0,20.2,24.4,Yes,No
2009-05-09,Brisbane,12.5,25.4,0.2,4.0,9.4,W,24.000000000000004,SW,SW,11.0,9.0,66.0,42.0,1022.6,1018.2,1.0,2.0,18.9,25.1,No,No
2009-05-10,Brisbane,12.400000000000002,25.4,0.0,3.6,10.0,SW,50.0,SW,SSE,9.0,7.000000000000001,69.0,37.0,1020.3,1017.5,1.0,1.0,18.2,24.7,No,No
2009-05-11,Brisbane,14.1,23.6,0.0,4.0,10.0,E,35.0,SSW,ESE,7.0,14.999999999999998,62.0,46.00000000000001,1021.9,1018.9,1.0,2.0,19.7,22.5,No,No
2009-05-12,Brisbane,13.8,21.5,0.0,4.4,1.3,SSW,17.0,SW,NNW,9.0,2.0,73.0,59.0,1020.8,1017.3,7.0,7.0,16.6,20.9,No,No
2009-05-13,Brisbane,12.0,24.3,0.0,1.4,9.2,NNW,24.000000000000004,SW,W,9.0,7.000000000000001,75.0,37.0,1018.5,1014.2,5.0,3.0,16.4,23.4,No,No
2009-05-14,Brisbane,12.5,25.4,0.0,3.6,9.8,W,26.0,SW,WNW,7.0,9.0,67.0,30.000000000000004,1017.2,1013.4,2.0,1.0,17.4,25.1,No,No
2009-05-15,Brisbane,10.2,24.9,0.0,3.6,10.1,WNW,26.0,SW,W,2.0,11.0,52.0,23.000000000000004,1018.1,1014.4,1.0,1.0,17.8,24.6,No,No
2009-05-16,Brisbane,9.0,26.2,0.0,4.0,10.4,WNW,31.0,SW,WSW,7.0,14.999999999999998,46.0,21.0,1016.6,1012.5,0.0,1.0,19.1,25.9,No,No
2009-05-17,Brisbane,12.6,26.2,0.0,5.0,7.1,ESE,22.0,SW,ESE,7.0,14.999999999999998,48.00000000000001,56.99999999999999,1017.0,1015.2,1.0,7.0,19.9,22.8,No,No
2009-05-18,Brisbane,15.6,24.5,0.0,2.8,4.1,SE,39.0,SW,E,7.0,19.0,69.0,67.0,1019.8,1017.9,7.0,7.0,19.5,20.6,No,Yes
2009-05-19,Brisbane,17.0,21.4,56.6,2.6,0.0,ENE,37.0,ESE,ESE,9.0,16.999999999999996,92.0,65.0,1019.7,1015.2,8.0,8.0,17.2,21.0,Yes,Yes
2009-05-22,Brisbane,13.199999999999998,23.0,0.0,1.4,6.5,E,24.000000000000004,SW,NE,7.0,6.0,77.0,58.0,1011.1,1008.8,3.0,7.0,17.3,21.7,No,Yes
2009-05-23,Brisbane,15.1,22.8,5.4,1.6,4.4,SE,41.0,WSW,ESE,19.0,11.0,85.0,70.0,1008.1,1010.4,7.0,6.0,17.7,20.5,Yes,Yes
2009-05-24,Brisbane,16.8,22.7,2.2,2.6,7.299999999999999,SE,39.0,SSW,SE,7.0,14.999999999999998,68.0,65.0,1020.4,1019.5,4.0,7.0,21.0,20.9,Yes,Yes
2009-05-25,Brisbane,14.799999999999999,23.7,2.2,2.4,3.0,SE,31.0,SW,SE,7.0,11.0,75.0,46.00000000000001,1023.1,1020.5,7.0,6.0,18.1,22.5,Yes,No
2009-05-26,Brisbane,15.299999999999999,22.3,0.0,2.6,3.1,ESE,20.0,SW,E,6.0,13.0,69.0,63.00000000000001,1022.9,1020.0,7.0,7.0,18.6,21.1,No,No
2009-05-27,Brisbane,13.8,24.1,0.0,2.6,4.0,NE,17.0,WSW,N,6.0,7.000000000000001,87.0,58.0,1021.1,1018.0,6.0,5.0,16.3,21.8,No,No
2009-05-28,Brisbane,14.6,25.1,0.0,1.0,8.4,SW,17.0,SW,WSW,6.0,6.0,76.0,47.0,1020.4,1016.8,2.0,6.0,18.6,24.5,No,No
2009-05-29,Brisbane,14.6,24.6,0.0,2.4,7.700000000000001,SSE,24.000000000000004,SW,ENE,7.0,11.0,80.0,64.0,1020.7,1017.1,2.0,3.0,18.9,21.7,No,Yes
2009-05-30,Brisbane,14.5,23.5,5.2,2.6,8.0,SE,28.0,SW,SE,9.0,7.000000000000001,76.0,52.0,1023.7,1021.3000000000001,6.0,5.0,17.5,22.2,Yes,No
2009-05-31,Brisbane,12.8,22.4,0.2,2.6,8.2,SE,33.0,SW,SE,6.0,16.999999999999996,67.0,60.00000000000001,1028.4,1025.9,3.0,6.0,17.7,20.7,No,Yes
2009-06-01,Brisbane,13.6,21.7,2.0,3.4,5.3,E,35.0,WSW,SE,9.0,13.0,71.0,64.0,1029.0,1025.8,6.0,5.0,17.1,19.5,Yes,Yes
2009-06-02,Brisbane,14.5,21.2,4.2,1.6,2.6,E,31.0,SSW,NE,9.0,16.999999999999996,76.0,86.0,1026.8,1024.2,7.0,7.0,18.1,16.6,Yes,Yes
2009-06-03,Brisbane,14.1,21.3,6.0,1.8,2.5,E,26.0,SW,E,6.0,9.0,82.0,84.0,1023.8,1020.4,7.0,7.0,17.4,18.6,Yes,Yes
2009-06-04,Brisbane,15.199999999999998,22.7,1.4,2.4,2.9,WSW,13.0,W,SW,4.0,7.000000000000001,93.0,68.0,1020.7,1015.9,8.0,5.0,16.4,21.7,Yes,Yes
2009-06-05,Brisbane,14.799999999999999,24.4,1.2,0.2,7.2,SSW,30.0,WSW,SW,7.0,13.0,85.0,60.00000000000001,1017.1,1013.4,2.0,6.0,18.2,21.3,Yes,No
2009-06-06,Brisbane,12.400000000000002,24.3,0.0,1.6,10.0,W,22.0,SW,SW,9.0,6.0,63.0,31.0,1015.5,1011.8,0.0,1.0,18.2,23.9,No,No
2009-06-07,Brisbane,12.7,23.4,0.2,2.0,7.9,WSW,41.0,NNW,W,7.0,22.0,73.0,43.0,1013.7,1009.4,4.0,1.0,19.9,23.0,No,Yes
2009-06-08,Brisbane,8.6,22.0,1.2,4.4,10.0,W,26.0,NW,W,9.0,13.0,46.0,39.0,1015.9,1012.8,1.0,1.0,18.5,21.5,Yes,No
2009-06-09,Brisbane,7.7,21.6,0.0,4.0,9.9,W,39.0,W,W,7.0,16.999999999999996,54.0,36.0,1018.0,1014.0,1.0,1.0,17.4,21.4,No,No
2009-06-10,Brisbane,8.2,20.4,0.0,5.4,9.7,W,43.0,W,WSW,13.0,19.0,47.0,35.0,1019.0,1015.5,3.0,3.0,15.6,19.7,No,No
2009-06-11,Brisbane,7.599999999999999,16.5,0.0,5.0,10.0,W,35.0,WSW,WNW,17.0,13.0,49.0,30.000000000000004,1021.8,1018.9,0.0,0.0,10.7,16.2,No,No
2009-06-12,Brisbane,5.5,19.9,0.0,2.4,9.9,SW,20.0,SW,SSE,7.0,6.0,56.0,42.0,1024.1,1020.4,0.0,1.0,10.7,19.2,No,No
2009-06-13,Brisbane,7.8,22.0,0.0,2.0,9.8,NW,17.0,SW,NW,7.0,7.000000000000001,70.0,46.00000000000001,1021.7,1017.2,1.0,1.0,13.1,21.9,No,No
2009-06-14,Brisbane,8.6,24.1,0.0,2.4,9.5,NNW,20.0,SW,NW,6.0,9.0,73.0,39.0,1018.7,1014.0,1.0,4.0,13.600000000000001,23.3,No,No
2009-06-16,Brisbane,9.6,22.4,0.4,0.6,9.8,WSW,24.000000000000004,SSW,SW,7.0,6.0,69.0,35.0,1017.8,1015.9,0.0,1.0,15.5,22.2,No,No
2009-06-17,Brisbane,8.9,22.3,0.0,2.2,9.8,W,20.0,SW,NE,9.0,6.0,66.0,40.0,1022.6,1020.0,1.0,1.0,13.999999999999998,22.2,No,No
2009-06-18,Brisbane,12.0,21.1,0.0,2.4,4.9,SSW,22.0,WSW,SSE,9.0,9.0,70.0,60.00000000000001,1022.3,1020.2,2.0,7.0,16.2,19.4,No,No
2009-06-19,Brisbane,12.900000000000002,22.8,0.0,1.8999999999999997,8.7,ESE,28.0,SSW,ESE,9.0,11.0,72.0,59.0,1021.8,1019.1,1.0,3.0,16.8,20.3,No,No
2009-06-20,Brisbane,13.5,22.1,0.0,2.6,8.3,ENE,30.0,SSW,ESE,9.0,11.0,75.0,59.0,1021.7,1019.8,4.0,4.0,17.8,20.9,No,No
2009-06-21,Brisbane,14.699999999999998,20.0,0.4,2.8,0.0,ESE,31.0,WSW,NNE,4.0,4.0,90.0,89.0,1022.1,1019.3,8.0,8.0,16.9,18.9,No,Yes
2009-06-22,Brisbane,16.8,19.8,24.4,0.2,0.0,SSW,31.0,SSW,E,6.0,6.0,95.0,92.00000000000001,1019.3000000000001,1016.6,8.0,8.0,18.5,18.6,Yes,Yes
2009-06-23,Brisbane,14.799999999999999,23.1,31.2,0.2,7.1,WSW,52.0,WSW,SSW,13.0,11.0,72.0,59.0,1017.2,1014.3,3.0,2.0,17.9,22.7,Yes,No
2009-06-24,Brisbane,11.3,23.2,0.0,2.2,5.2,SE,15.0,SW,NW,6.0,6.0,95.0,51.0,1019.2,1015.2,6.0,8.0,13.500000000000002,22.0,No,No
2009-06-25,Brisbane,10.9,19.3,0.2,1.4,1.0,W,13.0,SW,ENE,7.0,6.0,90.99999999999999,70.0,1018.4,1014.5,7.0,7.0,12.7,19.1,No,No
2009-06-26,Brisbane,12.7,19.8,0.0,0.8,0.2,WNW,20.0,SSW,N,6.0,6.0,89.0,76.0,1013.9,1010.9,8.0,8.0,15.8,16.7,No,Yes
2009-06-27,Brisbane,13.699999999999998,20.3,14.8,0.4,4.7,WSW,31.0,SW,W,7.0,14.999999999999998,90.0,59.0,1006.6,1002.6,7.0,3.0,14.599999999999998,19.8,Yes,No
2009-06-28,Brisbane,8.8,20.4,0.0,2.2,8.4,NW,24.000000000000004,WSW,WNW,7.0,9.0,67.0,53.99999999999999,1008.8,1006.8,1.0,5.0,17.4,19.2,No,No
2009-06-29,Brisbane,8.2,21.4,0.0,3.2,9.0,W,24.000000000000004,SW,SW,11.0,9.0,57.0,38.0,1014.9,1013.2,0.0,1.0,14.8,20.6,No,No
2009-07-02,Brisbane,12.5,23.2,0.0,1.6,8.9,W,43.0,E,W,2.0,22.0,66.0,21.0,1012.2,1010.1,2.0,1.0,19.4,22.3,No,No
2009-07-03,Brisbane,12.7,20.8,0.0,7.0,9.7,W,54.0,W,W,17.0,26.0,44.0,34.0,1011.3,1006.4,1.0,1.0,17.1,20.2,No,No
2009-07-04,Brisbane,10.6,19.1,0.0,8.0,9.9,W,44.0,W,W,17.0,24.0,50.0,34.0,1015.1,1013.0,0.0,1.0,13.0,18.4,No,No
2009-07-05,Brisbane,7.3999999999999995,18.3,0.0,5.2,6.6,W,26.0,SW,SW,13.0,9.0,56.0,43.0,1017.7,1015.3,7.0,7.0,12.5,17.4,No,No
2009-07-06,Brisbane,7.200000000000001,20.6,0.0,1.4,7.2,ENE,24.000000000000004,SW,ESE,7.0,11.0,69.0,56.99999999999999,1021.3,1018.5,5.0,6.0,12.4,19.0,No,No
2009-07-07,Brisbane,11.6,16.4,0.0,1.4,0.0,SSW,17.0,SSW,SSW,2.0,4.0,83.0,87.0,1019.9000000000001,1018.2,8.0,8.0,13.799999999999999,16.1,No,Yes
2009-07-08,Brisbane,11.9,19.1,3.4,2.8,2.9,ESE,43.0,SSW,SE,9.0,14.999999999999998,68.0,52.0,1023.1,1021.6,7.0,7.0,15.5,18.2,Yes,No
2009-07-09,Brisbane,11.1,20.7,0.0,1.8,9.3,S,41.0,SW,SSE,9.0,14.999999999999998,69.0,47.0,1023.1,1020.2,2.0,2.0,15.199999999999998,19.9,No,No
2009-07-10,Brisbane,13.0,20.4,0.0,2.6,8.1,SSE,37.0,SSW,SSE,11.0,14.999999999999998,62.0,51.0,1020.6,1017.7,4.0,6.0,16.5,19.7,No,No
2009-07-11,Brisbane,11.2,21.7,0.0,3.2,8.2,SSE,31.0,SW,S,11.0,9.0,66.0,51.0,1019.3000000000001,1016.6,1.0,3.0,15.6,19.9,No,No
2009-07-12,Brisbane,8.9,22.5,0.0,2.4,9.9,N,17.0,SW,NW,7.0,6.0,77.0,44.0,1018.7,1014.3,0.0,1.0,13.500000000000002,22.3,No,No
2009-07-13,Brisbane,7.8999999999999995,25.5,0.0,2.6,10.0,W,26.0,S,WNW,2.0,13.0,73.0,35.0,1014.1,1008.7,0.0,1.0,15.1,25.0,No,No
2009-07-14,Brisbane,11.3,19.4,0.0,3.0,6.8,WNW,30.0,WSW,NW,7.0,11.0,55.0,55.0,1011.9,1009.0,5.0,3.0,17.2,19.2,No,No
2009-07-15,Brisbane,6.200000000000001,19.7,0.0,2.6,7.2,W,30.0,WSW,NW,4.0,9.0,63.0,32.0,1013.5,1010.4,0.0,2.0,13.2,18.7,No,No
2009-07-16,Brisbane,10.9,17.1,0.0,1.6,8.8,W,39.0,W,WNW,13.0,22.0,61.0,50.0,1014.0,1011.1,1.0,1.0,13.600000000000001,15.9,No,No
2009-07-17,Brisbane,8.2,19.9,0.0,6.2,10.0,W,33.0,WSW,SSW,15.0,7.000000000000001,57.0,40.0,1017.0,1015.8,1.0,1.0,12.800000000000002,18.8,No,No
2009-07-18,Brisbane,8.6,21.7,0.0,4.0,9.0,NNW,19.0,SW,E,9.0,11.0,66.0,50.0,1023.3,1020.1,1.0,3.0,13.600000000000001,20.0,No,No
2009-07-19,Brisbane,11.0,22.5,0.0,1.6,9.2,WNW,22.0,SSW,N,2.0,7.000000000000001,72.0,53.0,1023.7,1020.2,1.0,3.0,16.8,21.5,No,No
2009-07-20,Brisbane,8.1,22.9,0.0,1.8,9.6,NNE,19.0,S,NE,2.0,9.0,58.00000000000001,48.0,1027.4,1023.7999999999998,1.0,1.0,14.3,21.6,No,No
2009-07-21,Brisbane,10.0,23.5,0.0,2.8,9.2,W,46.0,SW,ENE,9.0,11.0,80.99999999999999,52.0,1027.0,1021.3000000000001,1.0,1.0,14.200000000000001,21.9,No,No
2009-07-22,Brisbane,10.6,24.4,0.0,2.6,9.1,NNW,48.00000000000001,W,NW,4.0,9.0,62.0,43.0,1021.7,1016.3,1.0,6.0,18.4,24.1,No,No
2009-07-23,Brisbane,14.699999999999998,25.8,0.0,4.0,6.4,WSW,31.0,N,W,6.0,14.999999999999998,60.0,42.0,1015.9,1012.7,4.0,1.0,19.8,25.2,No,No
2009-07-24,Brisbane,9.9,21.7,0.0,4.0,9.6,SSE,24.000000000000004,SW,SE,9.0,9.0,46.0,34.0,1022.2,1020.9,1.0,2.0,15.199999999999998,19.9,No,No
2009-07-25,Brisbane,10.6,20.9,0.0,3.4,8.9,S,28.0,SW,ESE,7.0,16.999999999999996,69.0,53.0,1025.4,1022.8000000000001,3.0,2.0,14.200000000000001,19.0,No,No
2009-07-26,Brisbane,11.5,21.7,0.0,3.0,9.2,NNE,22.0,WSW,NNE,9.0,9.0,77.0,55.0,1023.0,1018.4,6.0,6.0,14.8,20.3,No,No
2009-07-27,Brisbane,11.6,23.1,0.2,3.2,9.9,W,39.0,NW,W,6.0,14.999999999999998,66.0,30.000000000000004,1017.0,1014.6,1.0,0.0,19.0,23.1,No,No
2009-07-28,Brisbane,9.7,22.2,0.0,5.2,10.1,WSW,19.0,SW,W,9.0,7.000000000000001,54.0,32.0,1023.0,1020.3,1.0,1.0,15.4,21.9,No,No
2009-07-29,Brisbane,9.0,22.0,0.0,2.4,10.0,W,20.0,SW,W,9.0,11.0,65.0,35.0,1024.9,1022.1,1.0,1.0,13.799999999999999,21.3,No,No
2009-07-30,Brisbane,8.3,21.8,0.0,3.0,9.6,NE,19.0,SW,NE,9.0,9.0,65.0,45.0,1025.2,1021.3000000000001,1.0,1.0,13.7,20.3,No,No
2009-07-31,Brisbane,8.3,21.3,0.0,3.0,10.2,W,28.0,SW,WNW,7.0,7.000000000000001,61.0,30.000000000000004,1022.7,1019.2,0.0,0.0,14.699999999999998,21.0,No,No
2009-08-01,Brisbane,8.4,22.5,0.0,3.2,9.8,W,19.0,SW,ENE,9.0,11.0,60.0,52.0,1025.4,1022.2999999999998,1.0,1.0,13.7,19.3,No,No
2009-08-02,Brisbane,8.8,23.0,0.0,5.4,10.0,SSW,20.0,SW,NNE,9.0,9.0,69.0,42.0,1027.2,1024.1,1.0,1.0,14.399999999999999,21.8,No,No
2009-08-03,Brisbane,9.4,24.3,0.0,3.2,9.1,WNW,24.000000000000004,SSW,WNW,6.0,11.0,73.0,36.0,1024.8,1020.1,0.0,0.0,15.0,24.1,No,No
2009-08-04,Brisbane,9.1,22.8,0.0,3.0,9.8,NE,22.0,SW,NE,7.0,11.0,66.0,52.0,1023.4,1019.3,5.0,7.0,15.5,20.9,No,No
2009-08-05,Brisbane,10.8,23.4,0.0,2.8,9.8,ENE,22.0,SW,ENE,9.0,13.0,69.0,46.00000000000001,1021.5,1018.8,6.0,1.0,16.3,22.0,No,No
2009-08-06,Brisbane,11.3,22.5,0.0,2.8,10.1,ESE,26.0,SW,ENE,9.0,13.0,72.0,49.00000000000001,1023.6,1020.0,1.0,1.0,15.9,21.5,No,No
2009-08-07,Brisbane,10.4,23.7,0.0,3.6,10.0,ENE,19.0,SW,NNE,7.0,9.0,73.0,50.0,1021.6,1016.6,1.0,1.0,15.9,22.8,No,No
2009-08-08,Brisbane,10.5,22.7,0.0,2.8,10.0,E,28.0,SW,E,9.0,14.999999999999998,69.0,47.0,1019.7,1016.7,1.0,1.0,16.4,20.5,No,No
2009-08-09,Brisbane,8.2,22.0,0.0,5.0,9.8,NE,19.0,SW,NE,11.0,9.0,59.0,43.0,1021.3,1017.6,1.0,1.0,14.3,21.1,No,No
2009-08-10,Brisbane,9.3,22.5,0.0,2.6,10.1,ENE,22.0,SSW,ENE,6.0,13.0,71.0,48.0,1022.9,1019.7,4.0,1.0,15.1,21.1,No,No
2009-08-11,Brisbane,9.5,23.0,0.0,2.4,10.1,NE,24.000000000000004,SW,NE,6.0,13.0,70.0,40.0,1022.2,1017.8,1.0,1.0,16.2,21.9,No,No
2009-08-12,Brisbane,11.7,23.5,0.0,3.6,6.9,E,56.0,SSW,NE,6.0,13.0,75.0,62.0,1018.7,1013.3,7.0,4.0,16.8,22.1,No,Yes
2009-08-13,Brisbane,10.6,26.800000000000004,2.8,3.0,10.0,NE,19.0,ESE,NNE,2.0,9.0,67.0,51.0,1016.4,1012.1,1.0,1.0,19.5,25.3,Yes,No
2009-08-14,Brisbane,12.1,26.4,0.0,2.8,9.5,W,30.0,SW,SSW,7.0,7.000000000000001,53.00000000000001,22.0,1018.1,1014.8,1.0,0.0,18.6,26.4,No,No
2009-08-15,Brisbane,10.8,23.4,0.0,4.0,10.5,NNE,20.0,SSW,NE,7.0,11.0,68.0,48.0,1021.6,1018.0,1.0,1.0,16.5,22.6,No,No
2009-08-16,Brisbane,10.2,25.4,0.0,4.0,10.8,NNE,24.000000000000004,S,NNE,4.0,14.999999999999998,68.0,51.0,1022.2,1017.4,0.0,0.0,16.6,23.0,No,No
2009-08-17,Brisbane,11.2,27.8,0.0,4.6,10.4,W,41.0,SW,ENE,7.0,9.0,69.0,52.0,1019.0,1014.6,0.0,1.0,18.5,26.100000000000005,No,No
2009-08-18,Brisbane,13.3,23.4,0.2,5.0,10.6,E,31.0,SSW,ESE,7.0,16.999999999999996,50.0,32.0,1024.9,1023.5000000000001,1.0,1.0,19.2,21.7,No,No
2009-08-19,Brisbane,10.9,23.4,0.0,5.2,10.5,SE,24.000000000000004,SW,E,9.0,7.000000000000001,58.00000000000001,43.0,1027.9,1023.3999999999999,1.0,1.0,17.1,20.6,No,No
2009-08-20,Brisbane,10.7,22.7,0.0,3.4,9.4,E,22.0,SW,NNE,7.0,7.000000000000001,68.0,41.0,1023.0,1017.8,1.0,6.0,17.5,22.3,No,No
2009-08-22,Brisbane,14.5,28.099999999999998,0.0,4.6,8.9,E,48.00000000000001,NW,ENE,2.0,13.0,62.0,50.0,1014.7,1010.5,1.0,1.0,21.2,26.100000000000005,No,No
2009-08-23,Brisbane,14.199999999999998,28.3,0.0,5.6,10.5,ENE,24.000000000000004,SSW,NE,4.0,14.999999999999998,70.0,53.99999999999999,1015.7,1011.4,0.0,1.0,21.4,25.4,No,No
2009-08-25,Brisbane,17.6,33.4,0.0,5.8,10.8,W,39.0,WNW,WNW,15.0,16.999999999999996,29.000000000000004,23.000000000000004,1011.8,1008.3,0.0,1.0,29.199999999999996,33.1,No,No
2009-08-26,Brisbane,18.0,30.0,0.0,7.2,10.2,W,37.0,W,W,11.0,16.999999999999996,21.0,8.0,1016.8,1013.6,1.0,3.0,23.6,29.5,No,No
2009-08-27,Brisbane,10.8,26.499999999999996,0.0,5.6,9.1,E,22.0,WSW,ENE,9.0,11.0,39.0,36.0,1020.1,1016.3,6.0,3.0,17.5,25.1,No,No
2009-08-28,Brisbane,15.799999999999999,29.300000000000004,0.0,2.8,9.6,NNW,28.0,WSW,NNE,7.0,11.0,62.0,56.99999999999999,1018.8,1013.7,1.0,1.0,21.6,26.0,No,No
2009-08-29,Brisbane,19.2,27.1,0.0,3.7999999999999994,9.2,NNE,35.0,NNW,NE,7.0,16.999999999999996,79.0,65.0,1016.8,1010.1,4.0,1.0,22.0,25.2,No,No
2009-08-30,Brisbane,18.0,29.2,0.0,5.8,8.4,WSW,35.0,WSW,W,15.0,16.999999999999996,40.0,26.0,1014.2,1011.9,6.0,4.0,25.3,27.799999999999997,No,No
2009-08-31,Brisbane,12.7,22.2,1.0,9.2,2.8,W,30.0,WSW,WSW,11.0,13.0,70.0,38.0,1019.5999999999999,1016.4,8.0,5.0,14.100000000000001,20.3,No,No
2009-09-01,Brisbane,8.5,23.2,0.2,2.6,10.6,ENE,26.0,SSW,ENE,7.0,13.0,45.0,47.0,1022.3,1019.6,0.0,1.0,17.1,21.8,No,No
2009-09-02,Brisbane,11.8,23.6,0.0,2.4,10.6,E,26.0,SSW,NE,6.0,13.0,64.0,50.0,1024.4,1021.7,1.0,1.0,18.8,21.7,No,No
2009-09-03,Brisbane,11.6,23.9,0.0,5.2,9.9,NE,28.0,W,ENE,7.0,14.999999999999998,61.0,49.00000000000001,1024.4,1020.6,5.0,2.0,18.7,21.6,No,No
2009-09-04,Brisbane,13.699999999999998,24.5,0.0,4.6,6.700000000000001,NNE,33.0,SW,NE,6.0,14.999999999999998,68.0,62.0,1020.5000000000001,1015.7,7.0,7.0,20.2,22.5,No,Yes
2009-09-05,Brisbane,16.1,27.299999999999997,7.8,4.6,8.2,ESE,35.0,WNW,W,11.0,14.999999999999998,85.0,37.0,1015.3,1011.6,6.0,3.0,17.3,26.600000000000005,Yes,No
2009-09-06,Brisbane,14.0,25.2,0.0,5.0,10.5,ENE,26.0,SSW,ENE,7.0,14.999999999999998,65.0,56.0,1018.6,1015.1,1.0,2.0,20.4,23.1,No,No
2009-09-07,Brisbane,15.5,25.1,0.0,6.2,3.4,W,39.0,N,NNE,13.0,14.999999999999998,64.0,66.0,1013.8,1010.0,3.0,6.0,23.4,23.9,No,Yes
2009-09-08,Brisbane,16.2,27.299999999999997,15.199999999999998,3.6,9.1,W,33.0,W,SW,9.0,11.0,63.0,20.000000000000004,1011.1,1007.9,1.0,2.0,21.5,27.000000000000004,Yes,No
2009-09-09,Brisbane,11.6,25.5,0.0,4.0,11.2,WSW,35.0,W,W,9.0,14.999999999999998,46.0,25.0,1015.3,1012.1,0.0,1.0,20.0,24.7,No,No
2009-09-10,Brisbane,10.1,26.1,0.0,5.6,10.6,NW,22.0,SSW,NE,6.0,11.0,45.0,26.999999999999996,1019.3000000000001,1015.4,0.0,2.0,19.4,24.5,No,No
2009-09-11,Brisbane,11.8,26.3,0.0,4.8,11.2,E,33.0,WSW,ENE,7.0,13.0,39.0,25.0,1023.1,1019.5,1.0,1.0,19.7,24.4,No,No
2009-09-12,Brisbane,10.9,25.4,0.0,5.4,11.0,NW,30.0,SSW,ENE,7.0,13.0,53.00000000000001,42.0,1026.7,1023.9000000000001,0.0,1.0,20.1,24.4,No,No
2009-09-13,Brisbane,12.0,25.3,0.0,5.0,11.1,ENE,28.0,SSW,ENE,6.0,13.0,62.0,47.0,1026.5,1022.5,1.0,1.0,19.9,24.0,No,No
2009-09-14,Brisbane,12.400000000000002,26.6,0.0,4.8,10.6,ENE,22.0,SW,NE,6.0,11.0,65.0,49.00000000000001,1023.2,1018.6,2.0,1.0,20.1,25.1,No,No
2009-09-15,Brisbane,12.5,25.7,0.0,4.8,10.4,ENE,24.000000000000004,W,ENE,7.0,11.0,70.0,50.0,1022.1,1017.7,1.0,1.0,20.3,24.5,No,No
2009-09-16,Brisbane,13.8,26.2,0.0,3.7999999999999994,11.0,E,24.000000000000004,SW,ENE,7.0,14.999999999999998,63.0,51.0,1022.9,1019.7,1.0,1.0,21.2,24.3,No,No
2009-09-17,Brisbane,14.0,26.1,0.0,6.0,10.3,ENE,28.0,S,NNE,6.0,13.0,62.0,51.0,1024.8,1020.7,6.0,1.0,21.3,24.5,No,No
2009-09-18,Brisbane,13.900000000000002,28.4,0.0,5.6,10.1,NNE,28.0,NW,ENE,7.0,14.999999999999998,58.00000000000001,55.0,1022.1,1016.4,1.0,1.0,22.8,25.8,No,No
2009-09-19,Brisbane,16.4,27.299999999999997,0.0,5.2,9.5,E,26.0,SSE,ENE,7.0,14.999999999999998,62.0,56.99999999999999,1019.7,1014.0,4.0,6.0,24.3,25.8,No,No
2009-09-20,Brisbane,18.5,32.2,0.0,4.0,10.7,E,31.0,WSW,E,7.0,16.999999999999996,62.0,48.0,1015.8,1011.8,1.0,1.0,24.5,27.500000000000004,No,No
2009-09-21,Brisbane,17.0,29.300000000000004,0.0,6.0,9.5,NE,24.000000000000004,WNW,NE,7.0,14.999999999999998,67.0,59.0,1014.9,1010.2,4.0,1.0,23.7,26.5,No,No
2009-09-22,Brisbane,21.0,28.0,0.2,5.4,9.9,NE,33.0,NE,ENE,7.0,16.999999999999996,69.0,60.00000000000001,1014.4,1009.1,3.0,1.0,24.7,26.800000000000004,No,No
2009-09-23,Brisbane,19.8,27.700000000000003,0.0,8.0,5.2,W,57.0,W,W,19.0,26.0,48.00000000000001,13.0,1007.4,1005.9,3.0,7.0,26.600000000000005,25.9,No,No
2009-09-24,Brisbane,15.5,30.0,0.0,10.8,11.2,W,33.0,WSW,SW,13.0,11.0,35.0,16.0,1015.4,1011.5,0.0,0.0,21.5,29.6,No,No
2009-09-25,Brisbane,10.1,28.4,0.0,10.6,11.2,NNE,30.0,SW,NE,7.0,13.0,31.0,29.0,1017.8,1012.7,0.0,0.0,22.2,25.9,No,No
2009-09-26,Brisbane,13.6,34.2,0.0,6.2,9.7,WSW,48.00000000000001,NNW,WNW,9.0,16.999999999999996,44.0,13.0,1012.3,1005.3,0.0,0.0,23.6,33.9,No,No
2009-09-27,Brisbane,15.299999999999999,24.7,0.0,10.6,11.2,W,54.0,WSW,W,17.0,22.0,23.0,14.0,1013.7,1008.6,0.0,0.0,19.4,24.1,No,No
2009-09-28,Brisbane,8.7,25.6,0.0,10.6,11.6,WNW,44.0,W,W,19.0,24.0,27.0,14.0,1011.6999999999999,1006.2,0.0,0.0,18.8,24.8,No,No
2009-09-29,Brisbane,10.0,26.800000000000004,0.0,10.4,11.6,ENE,31.0,WSW,NNE,13.0,11.0,30.0,26.999999999999996,1014.7,1011.5,0.0,0.0,19.8,24.0,No,No
2009-09-30,Brisbane,12.5,26.1,0.0,6.0,11.6,ENE,28.0,WSW,ENE,6.0,14.999999999999998,47.0,31.0,1020.6,1016.9,1.0,1.0,21.6,24.8,No,No
2009-10-01,Brisbane,14.1,28.3,0.0,5.4,10.7,NE,31.0,NW,NNE,7.0,13.0,52.0,45.0,1020.7,1015.3,0.0,0.0,22.5,25.9,No,No
2009-10-02,Brisbane,14.6,28.7,0.0,7.4,10.7,N,44.0,E,NE,7.0,14.999999999999998,52.0,49.00000000000001,1016.1,1010.4,0.0,2.0,24.0,26.600000000000005,No,No
2009-10-03,Brisbane,19.7,34.1,0.0,7.599999999999999,9.3,W,46.0,WNW,W,11.0,19.0,45.0,18.0,1009.4,1004.9,5.0,3.0,28.099999999999998,33.6,No,No
2009-10-04,Brisbane,17.5,26.6,0.0,9.8,9.7,ENE,31.0,SE,E,11.0,19.999999999999996,55.0,58.0,1016.6,1013.9,4.0,4.0,24.0,23.3,No,No
2009-10-05,Brisbane,16.1,28.4,0.4,8.8,10.6,S,31.0,SSE,E,9.0,16.999999999999996,59.0,50.0,1018.0,1013.5,3.0,1.0,23.0,24.3,No,No
2009-10-06,Brisbane,16.1,27.399999999999995,0.0,4.0,10.9,E,30.0,SE,ENE,9.0,14.999999999999998,56.0,48.0,1018.7,1014.9,4.0,1.0,23.1,25.3,No,No
2009-10-07,Brisbane,17.1,28.4,0.0,7.4,9.2,NNE,30.0,NNW,N,11.0,13.0,54.0,72.0,1015.6,1010.1,4.0,5.0,24.3,22.9,No,Yes
2009-10-08,Brisbane,11.8,27.0,2.4,6.6,12.0,WSW,35.0,SW,ENE,13.0,14.999999999999998,28.0,33.0,1016.4,1013.3,0.0,1.0,19.7,23.3,Yes,No
2009-10-09,Brisbane,13.3,26.499999999999996,0.0,6.6,11.7,ESE,31.0,SSW,E,11.0,19.0,34.0,41.0,1022.1,1018.5,1.0,2.0,21.1,23.6,No,No
2009-10-10,Brisbane,13.699999999999998,24.9,0.0,7.800000000000001,11.0,ESE,35.0,SSE,E,15.0,19.0,48.00000000000001,48.0,1025.9,1022.5,1.0,3.0,21.3,21.5,No,No
2009-10-11,Brisbane,15.0,22.4,0.0,7.0,2.5,WNW,24.000000000000004,ESE,ENE,9.0,7.000000000000001,63.0,68.0,1024.1,1020.6,7.0,7.0,19.6,18.9,No,No
2009-10-12,Brisbane,13.0,26.800000000000004,1.0,2.2,10.7,N,43.0,NE,NNE,9.0,19.0,61.0,58.0,1017.6,1010.8,1.0,1.0,21.2,24.5,No,Yes
2009-10-13,Brisbane,18.3,35.0,1.8000000000000003,6.6,8.8,WSW,93.0,NNW,NW,13.0,19.999999999999996,56.0,25.0,1009.1,1002.2,2.0,7.0,26.7,34.0,Yes,Yes
2009-10-14,Brisbane,16.6,31.400000000000002,10.2,8.6,9.2,W,58.99999999999999,WNW,W,24.0,28.000000000000004,20.0,14.0,1008.8,1004.4,1.0,0.0,27.200000000000003,30.6,Yes,No
2009-10-15,Brisbane,12.1,30.999999999999996,0.2,13.8,11.8,W,30.0,SSW,N,9.0,11.0,23.0,23.000000000000004,1013.8,1008.7,0.0,0.0,25.5,29.399999999999995,No,No
2009-10-16,Brisbane,12.900000000000002,29.600000000000005,0.0,9.8,12.1,W,43.0,WSW,WSW,15.0,19.0,23.0,14.0,1013.8,1010.3,0.0,0.0,26.4,29.199999999999996,No,No
2009-10-17,Brisbane,14.699999999999998,26.2,0.0,11.8,12.1,NE,28.0,S,ENE,9.0,14.999999999999998,21.0,37.0,1019.9000000000001,1018.1,2.0,1.0,22.7,24.0,No,No
2009-10-18,Brisbane,14.6,25.7,0.0,7.800000000000001,9.6,ENE,31.0,ESE,E,7.0,19.999999999999996,48.00000000000001,50.0,1024.6,1022.1999999999999,2.0,3.0,21.8,22.5,No,No
2009-10-19,Brisbane,14.5,25.2,0.0,7.0,10.5,ESE,30.0,SSE,E,7.0,14.999999999999998,48.00000000000001,51.0,1026.5,1023.3999999999999,3.0,2.0,22.7,22.7,No,No
2009-10-20,Brisbane,14.199999999999998,25.7,0.0,7.0,11.9,ENE,28.0,E,ENE,9.0,16.999999999999996,48.00000000000001,46.00000000000001,1025.9,1022.2999999999998,3.0,1.0,23.3,24.4,No,No
2009-10-21,Brisbane,14.5,28.099999999999998,0.0,6.4,11.6,ENE,30.0,NE,NNE,9.0,13.0,49.0,48.0,1025.0,1020.8,1.0,1.0,24.4,25.7,No,No
2009-10-22,Brisbane,15.199999999999998,28.0,0.0,7.800000000000001,11.4,NE,30.0,WNW,NE,9.0,13.0,50.0,45.0,1023.0,1020.9,1.0,1.0,24.9,26.300000000000004,No,No
2009-10-23,Brisbane,16.1,28.3,0.0,6.4,11.7,NE,31.0,N,ENE,13.0,14.999999999999998,48.00000000000001,46.00000000000001,1023.0,1019.0,2.0,4.0,24.3,26.100000000000005,No,No
2009-10-24,Brisbane,16.0,28.8,0.0,8.0,10.9,NNE,35.0,NW,NNE,11.0,16.999999999999996,45.0,53.99999999999999,1019.9000000000001,1014.4,1.0,1.0,24.4,26.100000000000005,No,No
2009-10-25,Brisbane,16.7,28.9,0.4,7.2,11.9,SW,46.0,SE,NNE,6.0,19.0,56.0,56.99999999999999,1015.6,1011.5,1.0,1.0,25.7,25.9,No,No
2009-10-26,Brisbane,18.9,28.500000000000004,0.0,9.4,6.9,W,44.0,N,NNE,11.0,13.0,50.0,60.00000000000001,1014.7,1013.4,7.0,7.0,27.300000000000004,24.5,No,Yes
2009-10-27,Brisbane,18.1,26.900000000000002,35.4,12.2,11.3,E,37.0,ENE,ENE,19.0,19.0,61.0,53.99999999999999,1022.4,1020.9,7.0,4.0,24.7,25.1,Yes,Yes
2009-10-28,Brisbane,17.9,26.900000000000002,1.2,6.6,6.5,ESE,31.0,ENE,ESE,13.0,14.999999999999998,59.0,85.0,1023.3,1021.0999999999999,3.0,7.0,25.5,20.9,Yes,Yes
2009-10-29,Brisbane,17.7,26.3,4.4,7.0,11.9,E,33.0,ENE,E,15.0,14.999999999999998,48.00000000000001,47.0,1023.8,1021.8999999999999,7.0,5.0,23.0,24.4,Yes,No
2009-10-30,Brisbane,16.7,26.000000000000004,0.0,5.6,9.6,ENE,26.0,ESE,ENE,7.0,13.0,79.0,49.00000000000001,1023.6,1021.0,7.0,4.0,19.8,24.6,No,No
2009-10-31,Brisbane,16.3,27.2,0.0,5.8,11.7,E,31.0,WSW,ENE,4.0,14.999999999999998,52.0,49.00000000000001,1022.9,1019.9,6.0,1.0,24.4,25.1,No,No
2009-11-01,Brisbane,18.3,24.8,0.4,7.599999999999999,6.4,SSE,39.0,SSE,E,7.0,16.999999999999996,67.0,59.0,1024.4,1021.3000000000001,7.0,4.0,22.5,23.0,No,No
2009-11-02,Brisbane,14.199999999999998,26.6,0.0,4.6,12.6,ENE,28.0,NW,N,7.0,11.0,50.0,42.0,1023.2,1018.9,3.0,0.0,22.7,26.300000000000004,No,No
2009-11-03,Brisbane,14.900000000000002,29.300000000000004,0.0,9.2,12.5,NNE,26.0,WNW,NE,7.0,13.0,47.0,51.0,1019.3000000000001,1014.4,1.0,0.0,24.3,27.300000000000004,No,No
2009-11-04,Brisbane,18.2,32.0,0.0,6.8,12.5,ENE,30.0,E,NNE,7.0,16.999999999999996,45.0,50.0,1016.6,1012.4,1.0,1.0,27.300000000000004,29.3,No,No
2009-11-05,Brisbane,19.8,29.700000000000003,0.0,8.0,9.7,SW,46.0,SE,ENE,7.0,16.999999999999996,56.0,58.0,1016.4,1014.4,7.0,2.0,27.000000000000004,27.700000000000003,No,No
2009-11-06,Brisbane,18.3,25.5,0.4,6.6,3.1,ENE,28.0,ESE,ENE,9.0,14.999999999999998,73.0,62.0,1021.5,1020.2,7.0,6.0,24.2,25.2,No,Yes
2009-11-07,Brisbane,18.9,26.6,6.999999999999999,4.6,10.3,ESE,33.0,ENE,ENE,15.0,16.999999999999996,63.0,55.0,1024.9,1023.3,5.0,4.0,24.0,25.600000000000005,Yes,No
2009-11-08,Brisbane,16.8,27.399999999999995,0.2,8.0,12.0,E,35.0,ESE,ESE,17.0,14.999999999999998,47.0,47.0,1026.4,1023.3999999999999,6.0,5.0,25.2,25.2,No,Yes
2009-11-09,Brisbane,18.8,25.6,17.0,8.0,3.4,E,35.0,E,E,15.0,16.999999999999996,62.0,53.99999999999999,1023.7,1020.7,7.0,7.0,22.9,23.9,Yes,Yes
2009-11-10,Brisbane,17.2,25.6,1.6,4.6,10.9,ESE,39.0,SE,E,11.0,19.0,66.0,49.00000000000001,1021.7,1019.8,2.0,3.0,22.0,24.7,Yes,No
2009-11-11,Brisbane,15.4,26.2,0.2,8.0,12.4,NE,26.0,E,NE,6.0,13.0,59.0,50.0,1022.5,1020.1,4.0,2.0,23.4,25.4,No,No
2009-11-12,Brisbane,16.1,27.5,0.0,6.6,12.1,NE,28.0,NNW,ENE,7.0,16.999999999999996,54.0,53.0,1021.7,1018.3,3.0,1.0,24.1,25.2,No,No
2009-11-13,Brisbane,17.5,27.8,0.0,7.800000000000001,7.499999999999999,E,22.0,E,ENE,9.0,11.0,52.0,58.0,1017.2,1014.1,7.0,7.0,24.2,25.1,No,No
2009-11-14,Brisbane,19.2,28.099999999999998,0.0,4.8,11.3,NE,30.0,NE,ENE,9.0,14.999999999999998,53.00000000000001,55.0,1016.0,1013.0,2.0,1.0,26.2,26.5,No,No
2009-11-15,Brisbane,18.9,30.4,0.0,9.8,11.8,NE,31.0,ENE,NE,7.0,14.999999999999998,54.0,53.0,1013.6,1009.8,1.0,1.0,26.0,28.499999999999996,No,No
2009-11-16,Brisbane,19.6,31.400000000000002,0.0,8.0,12.2,NNW,35.0,N,NE,7.0,14.999999999999998,51.0,58.0,1011.6999999999999,1007.0,0.0,1.0,28.200000000000003,28.900000000000002,No,No
2009-11-17,Brisbane,20.9,34.4,0.0,9.6,11.2,ESE,50.0,N,NNE,9.0,14.999999999999998,46.0,53.0,1007.3,1002.7,1.0,1.0,29.699999999999996,31.1,No,Yes
2009-11-18,Brisbane,20.7,28.199999999999996,3.2,8.0,8.1,ENE,30.0,ESE,ENE,15.0,14.999999999999998,60.0,61.0,1013.0,1011.4,7.0,3.0,25.3,26.5,Yes,No
2009-11-21,Brisbane,22.5,30.7,0.0,9.2,12.4,NNE,35.0,NNW,NNE,11.0,16.999999999999996,56.0,56.99999999999999,1014.3,1011.1,1.0,1.0,27.700000000000003,28.699999999999996,No,No
2009-11-22,Brisbane,22.0,31.7,0.0,7.599999999999999,11.0,NE,35.0,NNW,NNE,11.0,16.999999999999996,48.00000000000001,61.0,1014.6,1012.0,1.0,2.0,29.199999999999996,29.199999999999996,No,No
2009-11-23,Brisbane,22.2,31.300000000000004,0.0,9.6,11.7,NE,28.0,NNE,NNE,9.0,14.999999999999998,52.0,46.00000000000001,1016.4,1013.5,3.0,1.0,28.900000000000002,29.6,No,Yes
2009-11-24,Brisbane,22.4,29.8,1.2,10.0,12.5,ENE,41.0,ENE,ENE,17.0,19.999999999999996,58.00000000000001,43.0,1020.8,1019.3,3.0,2.0,27.500000000000004,28.699999999999996,Yes,No
2009-11-25,Brisbane,21.6,30.199999999999996,0.2,9.4,10.0,E,35.0,ENE,E,15.0,19.999999999999996,54.0,46.00000000000001,1021.6,1018.5,4.0,3.0,26.800000000000004,27.599999999999998,No,No
2009-11-26,Brisbane,21.0,28.6,0.0,7.4,11.0,ENE,35.0,ENE,ENE,17.0,16.999999999999996,60.0,61.0,1019.7,1016.4,3.0,5.0,27.599999999999998,26.800000000000004,No,No
2009-11-27,Brisbane,22.0,31.2,0.0,7.800000000000001,12.3,NNE,33.0,NW,NE,11.0,16.999999999999996,52.0,53.0,1015.5,1010.6,1.0,1.0,27.599999999999998,28.799999999999997,No,No
2009-11-28,Brisbane,22.0,34.2,0.0,10.0,6.4,NNE,24.000000000000004,NW,NE,7.0,9.0,51.0,61.0,1010.3,1006.1,5.0,7.0,29.5,30.0,No,No
2009-12-03,Brisbane,18.0,28.3,6.6,4.8,12.1,ENE,33.0,SE,E,15.0,19.0,52.0,53.0,1021.0,1018.2,3.0,2.0,24.7,25.2,Yes,No
2009-12-04,Brisbane,17.1,30.500000000000004,0.0,8.4,12.7,NE,30.0,SSE,NE,6.0,14.999999999999998,50.0,45.0,1019.5999999999999,1015.6,1.0,1.0,26.600000000000005,28.400000000000002,No,No
2009-12-05,Brisbane,19.3,29.8,0.0,9.8,12.9,NNE,37.0,NNE,NNE,11.0,14.999999999999998,52.0,51.0,1017.3,1012.4,1.0,1.0,26.800000000000004,28.400000000000002,No,No
2009-12-06,Brisbane,20.4,30.6,0.0,10.2,12.9,NNE,33.0,NE,NNE,7.0,14.999999999999998,42.99999999999999,52.0,1014.7,1012.5,1.0,1.0,28.299999999999997,28.900000000000002,No,No
2009-12-07,Brisbane,22.2,30.500000000000004,0.0,10.8,12.7,NNE,37.0,NW,NNE,11.0,19.0,56.0,52.0,1016.7,1012.7,3.0,1.0,28.099999999999998,29.199999999999996,No,No
2009-12-08,Brisbane,22.2,31.899999999999995,0.0,9.6,12.5,NE,35.0,NNE,NE,9.0,19.0,48.00000000000001,59.0,1013.4,1009.1,1.0,1.0,28.999999999999996,29.399999999999995,No,No
2009-12-09,Brisbane,22.3,32.7,0.0,9.6,12.6,ENE,33.0,N,NNE,9.0,14.999999999999998,47.0,55.0,1011.8,1008.3,1.0,0.0,28.799999999999997,30.3,No,No
2009-12-10,Brisbane,22.6,33.0,0.0,10.4,12.4,NE,33.0,ENE,NE,9.0,19.0,47.0,58.0,1012.6000000000001,1009.6,1.0,1.0,29.5,29.899999999999995,No,No
2009-12-11,Brisbane,23.2,33.2,0.0,9.0,8.8,NE,30.0,NNE,NNE,9.0,16.999999999999996,62.0,56.99999999999999,1013.6,1010.2,5.0,4.0,28.6,29.199999999999996,No,No
2009-12-12,Brisbane,23.6,30.8,0.0,8.0,7.2,E,31.0,SSE,ENE,13.0,14.999999999999998,62.0,53.0,1015.9,1012.2,7.0,7.0,27.700000000000003,29.8,No,No
2009-12-14,Brisbane,24.4,31.799999999999997,0.2,7.599999999999999,5.9,E,30.0,ENE,ENE,6.0,14.999999999999998,59.0,53.0,1017.0,1015.2,7.0,7.0,28.400000000000002,29.199999999999996,No,No
2009-12-16,Brisbane,20.0,30.0,12.2,5.0,12.7,E,31.0,NW,NE,7.0,19.999999999999996,59.0,53.0,1021.2,1018.8,7.0,2.0,26.7,27.900000000000002,Yes,No
2009-12-17,Brisbane,20.5,30.500000000000004,0.0,9.6,11.8,NNE,33.0,NE,NE,15.0,19.0,45.0,56.0,1021.2,1017.8,3.0,2.0,27.500000000000004,27.4,No,No
2009-12-18,Brisbane,22.0,31.6,0.0,8.8,12.8,NE,33.0,N,NNE,11.0,14.999999999999998,49.0,49.00000000000001,1017.3,1013.9,3.0,1.0,28.699999999999996,30.0,No,No
2009-12-19,Brisbane,23.0,30.8,0.0,7.800000000000001,2.5,W,31.0,NE,NNE,6.0,11.0,51.0,51.0,1015.8,1012.7,8.0,8.0,28.299999999999997,27.999999999999996,No,Yes
2009-12-20,Brisbane,21.9,28.099999999999998,4.8,5.2,0.0,W,22.0,WSW,SSE,6.0,2.0,73.0,92.00000000000001,1016.5,1015.2,8.0,8.0,24.5,22.0,Yes,Yes
2009-12-21,Brisbane,20.9,28.999999999999996,34.0,5.0,5.5,E,30.0,SE,ESE,6.0,9.0,61.0,65.0,1015.8,1014.0,5.0,7.0,26.600000000000005,25.4,Yes,No
2009-12-22,Brisbane,20.9,32.0,0.0,3.6,8.2,SSE,41.0,SSE,ENE,2.0,16.999999999999996,60.0,59.0,1015.0,1011.6,5.0,6.0,27.099999999999998,27.700000000000003,No,Yes
2009-12-23,Brisbane,20.9,30.199999999999996,13.000000000000002,6.4,10.3,ENE,33.0,SW,E,4.0,19.999999999999996,67.0,58.0,1015.2,1013.0,5.0,4.0,26.7,27.900000000000002,Yes,Yes
2009-12-24,Brisbane,21.4,30.0,1.6,10.6,7.4,ENE,30.0,N,ENE,4.0,16.999999999999996,71.0,56.99999999999999,1015.5,1012.7,6.0,2.0,26.100000000000005,28.099999999999998,Yes,No
2009-12-25,Brisbane,21.9,29.1,0.2,5.4,6.700000000000001,ENE,39.0,ENE,ENE,19.0,14.999999999999998,72.0,70.0,1013.3,1011.0,7.0,7.0,26.300000000000004,27.000000000000004,No,Yes
2009-12-26,Brisbane,23.0,29.700000000000003,13.2,5.0,5.9,NE,33.0,ENE,ENE,15.0,19.999999999999996,79.0,77.0,1013.4,1012.1,6.0,6.0,27.000000000000004,27.000000000000004,Yes,Yes
2009-12-27,Brisbane,22.7,29.300000000000004,21.0,7.599999999999999,3.5,ENE,35.0,NE,ENE,17.0,19.0,73.0,71.0,1016.0,1013.7,7.0,7.0,26.7,27.200000000000003,Yes,Yes
2009-12-28,Brisbane,23.1,28.500000000000004,21.6,4.9,3.3,NE,26.0,NNE,ENE,7.0,14.999999999999998,92.0,73.0,1015.6,1012.5,8.0,4.0,23.6,27.700000000000003,Yes,Yes
2009-12-29,Brisbane,22.9,29.1,35.0,4.0,3.3,ENE,30.0,SSW,ENE,2.0,11.0,87.0,77.0,1016.5,1015.2,7.0,8.0,25.4,26.300000000000004,Yes,Yes
2009-12-30,Brisbane,22.8,28.6,7.8,4.0,8.1,ENE,33.0,ENE,ENE,15.0,16.999999999999996,66.0,58.0,1018.8,1016.4,5.0,7.0,27.799999999999997,27.900000000000002,Yes,No
2009-12-31,Brisbane,20.7,28.6,0.4,8.0,6.6,E,31.0,ENE,ENE,17.0,14.999999999999998,74.0,56.0,1018.0,1015.5,6.0,6.0,25.0,28.400000000000002,No,Yes
2010-01-01,Brisbane,23.6,29.600000000000005,1.4,7.599999999999999,6.0,ENE,31.0,NE,NNE,13.0,13.0,61.0,66.0,1016.0,1013.5,7.0,7.0,27.4,27.799999999999997,Yes,No
2010-01-02,Brisbane,23.9,30.8,0.8,6.4,11.3,NE,30.0,NW,NE,7.0,13.0,62.0,66.0,1012.5,1009.0,2.0,3.0,28.699999999999996,29.199999999999996,No,No
2010-01-03,Brisbane,24.9,32.2,0.0,7.4,3.3,E,33.0,NW,ESE,4.0,16.999999999999996,65.0,76.0,1010.7,1010.7,4.0,8.0,30.0,25.600000000000005,No,Yes
2010-01-04,Brisbane,23.4,27.700000000000003,20.6,4.2,0.0,SSE,43.0,SE,ESE,15.0,14.999999999999998,70.0,65.0,1015.8,1015.1,8.0,7.0,26.2,26.4,Yes,No
2010-01-05,Brisbane,21.1,27.8,0.0,4.0,0.7,ESE,31.0,SSE,ESE,9.0,16.999999999999996,69.0,56.0,1017.3,1015.7,7.0,7.0,24.9,27.700000000000003,No,No
2010-01-06,Brisbane,21.8,29.300000000000004,0.0,4.8,3.3,ENE,24.000000000000004,E,ENE,11.0,11.0,80.99999999999999,64.0,1015.5,1013.1,8.0,7.0,24.7,28.299999999999997,No,No
2010-01-07,Brisbane,22.4,28.6,0.6,4.4,1.8,NE,26.0,ESE,E,11.0,16.999999999999996,73.0,62.0,1014.8,1012.9,7.0,7.0,26.9,27.500000000000004,No,No
2010-01-08,Brisbane,22.3,30.3,0.2,5.4,6.8,ENE,33.0,ESE,ENE,15.0,19.0,63.0,55.0,1017.6,1016.1,7.0,3.0,26.600000000000005,29.3,No,No
2010-01-09,Brisbane,21.7,30.199999999999996,0.0,4.6,12.9,ENE,35.0,E,E,13.0,14.999999999999998,65.0,48.0,1019.2,1017.0,3.0,3.0,28.099999999999998,29.6,No,No
2010-01-10,Brisbane,21.0,30.6,0.0,7.2,13.2,E,28.0,SSE,ENE,6.0,16.999999999999996,60.0,52.0,1017.7,1014.6,2.0,1.0,27.700000000000003,29.199999999999996,No,No
2010-01-11,Brisbane,20.8,30.500000000000004,0.0,7.0,12.2,ENE,33.0,SE,E,9.0,19.0,61.0,52.0,1016.7,1014.3,3.0,2.0,28.099999999999998,29.6,No,No
2010-01-12,Brisbane,21.3,30.999999999999996,0.0,8.0,12.2,ESE,31.0,NE,ENE,6.0,14.999999999999998,58.00000000000001,61.0,1015.0,1012.6,3.0,2.0,27.900000000000002,28.999999999999996,No,No
2010-01-13,Brisbane,20.9,30.099999999999998,0.0,10.8,10.6,NNE,39.0,ENE,NE,9.0,14.999999999999998,58.00000000000001,53.99999999999999,1014.8,1011.5,3.0,1.0,27.700000000000003,28.999999999999996,No,No
2010-01-14,Brisbane,23.2,30.7,0.0,5.8,10.7,E,28.0,SSE,ENE,6.0,19.0,59.0,49.00000000000001,1015.6,1012.9,6.0,1.0,27.999999999999996,29.399999999999995,No,No
2010-01-15,Brisbane,21.5,30.8,0.0,9.2,10.5,E,33.0,E,ESE,11.0,14.999999999999998,65.0,42.0,1015.5,1013.0,7.0,4.0,26.600000000000005,30.2,No,No
2010-01-16,Brisbane,21.3,29.9,0.0,8.2,8.6,NE,26.0,ENE,NE,4.0,13.0,54.0,55.0,1012.7,1009.3,6.0,1.0,27.4,29.1,No,No
2010-01-17,Brisbane,22.1,32.4,0.0,7.800000000000001,11.8,NE,30.0,NW,NNE,9.0,13.0,55.0,55.0,1008.3,1004.0,1.0,3.0,27.700000000000003,30.9,No,Yes
2010-01-18,Brisbane,22.1,35.1,4.4,7.599999999999999,12.7,ENE,30.0,SW,NE,9.0,16.999999999999996,62.0,56.99999999999999,1004.2,1000.2,1.0,3.0,29.399999999999995,31.9,Yes,No
2010-01-19,Brisbane,17.3,32.8,0.0,9.0,12.9,E,50.0,SW,ENE,9.0,19.0,42.0,50.0,1008.3,1006.0,1.0,1.0,26.2,28.499999999999996,No,No
2010-01-20,Brisbane,20.2,33.0,0.2,8.6,13.0,NNE,26.0,SSW,ENE,6.0,13.0,56.0,39.0,1012.2,1009.0,1.0,0.0,27.099999999999998,30.7,No,No
2010-01-21,Brisbane,21.3,32.6,0.0,8.4,10.5,ENE,24.000000000000004,WSW,NNE,6.0,13.0,60.0,50.0,1013.4,1010.4,6.0,6.0,28.400000000000002,30.3,No,No
2010-01-22,Brisbane,22.4,30.9,0.0,7.0,6.3,NE,26.0,ENE,NE,6.0,13.0,56.0,56.99999999999999,1015.2,1013.7,6.0,6.0,27.900000000000002,28.799999999999997,No,No
2010-01-23,Brisbane,21.3,32.1,0.0,5.6,13.0,E,28.0,NW,ENE,6.0,13.0,59.0,50.0,1014.4,1011.4,2.0,1.0,28.299999999999997,30.5,No,No
2010-01-24,Brisbane,21.8,31.7,0.0,9.0,12.8,E,31.0,ENE,ENE,11.0,16.999999999999996,54.0,50.0,1014.2,1011.9,2.0,1.0,28.6,30.3,No,No
2010-01-25,Brisbane,21.5,32.5,0.0,9.0,11.6,ENE,28.0,N,NNE,7.0,13.0,59.0,47.0,1015.0,1012.2,5.0,3.0,28.900000000000002,31.9,No,No
2010-01-26,Brisbane,22.4,32.8,0.0,9.2,12.0,NE,31.0,WSW,NE,4.0,14.999999999999998,59.0,56.0,1014.1,1011.1,5.0,1.0,28.299999999999997,30.6,No,No
2010-01-27,Brisbane,21.9,33.6,0.0,9.2,11.8,SE,41.0,W,NNE,6.0,14.999999999999998,58.00000000000001,51.0,1012.7,1010.0,1.0,1.0,28.299999999999997,30.9,No,No
2010-01-28,Brisbane,24.1,33.8,0.0,6.8,9.9,ENE,28.0,E,NE,7.0,16.999999999999996,58.00000000000001,44.0,1011.3,1007.9,4.0,3.0,29.699999999999996,32.2,No,Yes
2010-01-29,Brisbane,21.1,32.6,3.6000000000000005,9.8,7.0,S,31.0,W,NE,9.0,9.0,72.0,60.00000000000001,1010.2,1008.0,6.0,8.0,25.600000000000005,28.799999999999997,Yes,Yes
2010-01-30,Brisbane,22.8,31.2,3.0,4.8,7.499999999999999,SSW,46.0,SSE,SE,9.0,22.0,65.0,56.99999999999999,1012.4,1011.4,7.0,7.0,27.700000000000003,27.900000000000002,Yes,Yes
2010-01-31,Brisbane,22.7,28.099999999999998,5.4,8.6,1.9,ENE,50.0,ENE,E,11.0,16.999999999999996,76.0,68.0,1010.7,1008.8,8.0,8.0,26.300000000000004,26.7,Yes,Yes
2010-02-01,Brisbane,22.0,28.199999999999996,17.4,2.8,0.3,ENE,46.0,E,ESE,22.0,19.999999999999996,69.0,60.00000000000001,1009.3,1008.3,8.0,7.0,26.2,26.5,Yes,Yes
2010-02-02,Brisbane,22.0,29.300000000000004,2.6,6.4,5.0,E,46.0,ESE,ESE,19.0,13.0,57.0,64.0,1009.4,1007.6,7.0,7.0,26.9,27.500000000000004,Yes,Yes
2010-02-03,Brisbane,22.0,30.199999999999996,2.4,7.4,11.8,E,31.0,E,E,17.0,19.0,57.0,51.0,1009.7,1008.1,6.0,2.0,27.700000000000003,28.900000000000002,Yes,No
2010-02-04,Brisbane,21.5,30.9,0.0,7.4,10.2,NE,26.0,ESE,ENE,4.0,14.999999999999998,61.0,60.00000000000001,1011.1,1008.9,3.0,6.0,28.099999999999998,28.400000000000002,No,No
2010-02-05,Brisbane,21.8,31.5,0.0,7.4,11.9,E,28.0,NE,NE,9.0,16.999999999999996,62.0,46.00000000000001,1011.3,1009.0,7.0,3.0,28.499999999999996,30.1,No,No
2010-02-06,Brisbane,24.6,31.6,0.0,7.2,10.2,E,39.0,NNW,NE,6.0,16.999999999999996,65.0,62.0,1012.6000000000001,1010.9,7.0,7.0,28.200000000000003,29.899999999999995,No,Yes
2010-02-07,Brisbane,22.3,26.7,89.0,8.2,0.1,SSE,30.0,SSE,SE,11.0,13.0,90.0,73.0,1017.7,1015.8,8.0,8.0,22.3,26.0,Yes,No
2010-02-08,Brisbane,22.0,30.3,0.8,2.0,5.2,E,37.0,SSE,E,11.0,22.0,77.0,53.0,1019.1,1017.0,7.0,6.0,25.3,28.400000000000002,No,No
2010-02-09,Brisbane,21.3,29.2,0.2,6.8,8.3,SE,48.00000000000001,SE,SE,13.0,16.999999999999996,71.0,66.0,1019.9000000000001,1018.2,6.0,7.0,25.8,26.2,No,Yes
2010-02-10,Brisbane,21.4,29.9,6.999999999999999,5.8,9.3,SE,33.0,SE,ESE,11.0,19.0,65.0,53.99999999999999,1018.9,1016.3,7.0,3.0,26.5,29.1,Yes,No
2010-02-11,Brisbane,21.4,29.5,0.0,6.6,12.1,E,28.0,E,NE,4.0,14.999999999999998,63.0,52.0,1018.1,1015.0,3.0,2.0,26.9,28.999999999999996,No,No
2010-02-12,Brisbane,21.0,31.1,0.0,7.0,11.8,NE,26.0,SW,NE,7.0,14.999999999999998,67.0,53.99999999999999,1015.4,1011.9,4.0,2.0,27.099999999999998,29.699999999999996,No,No
2010-02-13,Brisbane,21.6,31.1,0.0,6.8,11.3,NE,30.0,WSW,NE,6.0,19.0,62.0,56.0,1013.5,1011.2,3.0,5.0,27.999999999999996,29.6,No,No
2010-02-14,Brisbane,23.6,31.400000000000002,0.0,7.599999999999999,12.1,NNE,35.0,NW,NE,11.0,16.999999999999996,59.0,61.0,1013.1,1008.6,5.0,2.0,27.999999999999996,30.3,No,No
2010-02-15,Brisbane,24.7,33.1,0.0,8.0,11.9,NNE,37.0,NNW,NNE,11.0,19.0,61.0,66.0,1010.6,1006.5,2.0,1.0,30.1,30.9,No,Yes
2010-02-16,Brisbane,24.299999999999997,32.0,17.4,7.4,4.2,WNW,30.0,N,NE,7.0,9.0,72.0,89.0,1010.4,1007.9,7.0,7.0,28.900000000000002,27.000000000000004,Yes,Yes
2010-02-17,Brisbane,21.3,28.3,121.4,4.2,0.7,ESE,24.000000000000004,SSW,ESE,7.0,13.0,85.0,65.0,1013.8,1012.0,8.0,8.0,22.6,27.4,Yes,No
2010-02-18,Brisbane,22.5,30.0,0.0,2.2,3.8,E,37.0,S,SE,11.0,19.999999999999996,69.0,52.0,1016.8,1015.5,7.0,7.0,25.9,28.400000000000002,No,No
2010-02-19,Brisbane,20.4,29.1,0.0,5.8,7.9,SE,35.0,SSE,ESE,11.0,16.999999999999996,60.0,53.99999999999999,1019.5999999999999,1017.7,6.0,6.0,26.300000000000004,27.4,No,No
2010-02-20,Brisbane,20.8,29.300000000000004,0.4,6.2,5.8,E,37.0,SE,E,9.0,14.999999999999998,67.0,61.0,1019.5,1017.1,3.0,7.0,25.1,27.300000000000004,No,Yes
2010-02-21,Brisbane,21.4,29.9,2.2,5.6,9.4,ENE,31.0,WSW,ENE,6.0,9.0,76.0,50.0,1019.8,1017.0,7.0,3.0,25.7,29.1,Yes,No
2010-02-22,Brisbane,20.3,30.999999999999996,0.2,7.0,10.6,SE,48.00000000000001,SSW,ENE,7.0,14.999999999999998,64.0,66.0,1019.2,1015.6,6.0,3.0,27.000000000000004,29.3,No,No
2010-02-23,Brisbane,22.7,33.5,0.0,6.0,11.6,ENE,20.0,WSW,ENE,11.0,13.0,66.0,53.0,1015.8,1011.8,2.0,1.0,27.799999999999997,32.3,No,No
2010-02-24,Brisbane,24.0,30.4,0.0,6.4,6.5,SSE,43.0,SSE,SE,13.0,16.999999999999996,67.0,66.0,1017.2,1016.9,7.0,7.0,27.599999999999998,26.9,No,No
2010-02-25,Brisbane,23.6,29.1,0.0,6.6,3.2,SE,43.0,SE,SE,13.0,13.0,67.0,73.0,1021.3,1020.8,7.0,7.0,25.9,24.4,No,Yes
2010-02-26,Brisbane,19.6,28.500000000000004,1.4,5.0,6.700000000000001,ESE,46.0,WSW,ESE,7.0,16.999999999999996,71.0,50.0,1022.2,1018.9,5.0,6.0,24.0,27.500000000000004,Yes,No
2010-02-27,Brisbane,20.2,27.399999999999995,0.6,6.6,2.2,E,35.0,S,SE,7.0,19.999999999999996,76.0,67.0,1018.9,1016.1,7.0,8.0,24.6,26.2,No,Yes
2010-02-28,Brisbane,21.9,29.8,9.4,2.6,6.4,ENE,28.0,SE,ENE,9.0,16.999999999999996,76.0,65.0,1017.1,1013.8,4.0,7.0,26.600000000000005,28.499999999999996,Yes,Yes
2010-03-01,Brisbane,22.9,26.4,26.8,6.6,0.0,SSE,31.0,SE,SE,6.0,11.0,92.0,82.0,1013.6,1010.3,8.0,8.0,23.6,23.8,Yes,Yes
2010-03-02,Brisbane,20.9,23.9,60.599999999999994,3.2,0.0,ESE,37.0,E,ESE,13.0,14.999999999999998,93.0,91.0,1010.5,1008.2,8.0,8.0,21.1,21.9,Yes,Yes
2010-03-03,Brisbane,20.9,27.2,23.599999999999998,3.2,0.8,E,44.0,ENE,ESE,20.0,14.999999999999998,84.0,76.0,1011.6,1009.5,8.0,5.0,23.3,26.4,Yes,Yes
2010-03-04,Brisbane,21.5,27.0,20.0,4.4,0.2,SE,35.0,ESE,ESE,13.0,14.999999999999998,65.0,58.0,1013.2,1011.1,8.0,7.0,25.8,26.4,Yes,No
2010-03-05,Brisbane,23.0,28.500000000000004,0.2,5.0,1.2,E,35.0,E,E,15.0,16.999999999999996,69.0,81.0,1011.9,1009.2,8.0,8.0,25.9,25.9,No,Yes
2010-03-06,Brisbane,23.0,27.0,9.0,4.6,0.2,E,39.0,E,E,13.0,14.999999999999998,90.0,90.0,1011.9,1010.9,8.0,8.0,24.3,23.2,Yes,Yes
2010-03-07,Brisbane,21.9,27.2,3.4,2.0,2.2,ESE,35.0,E,ENE,15.0,16.999999999999996,70.0,64.0,1014.4,1012.1,7.0,7.0,26.5,26.9,Yes,No
2010-03-08,Brisbane,22.5,27.2,0.6,2.8,0.0,E,15.0,WSW,ENE,6.0,6.0,80.99999999999999,64.0,1016.3,1014.1,7.0,7.0,23.9,26.9,No,No
2010-03-09,Brisbane,20.5,32.6,0.0,2.2,10.7,NE,22.0,SW,SSW,11.0,7.000000000000001,78.0,51.0,1017.0,1013.7,1.0,3.0,24.4,32.2,No,No
2010-03-10,Brisbane,22.7,33.1,0.0,5.8,8.7,ESE,31.0,SW,E,7.0,16.999999999999996,76.0,65.0,1017.9,1016.0,7.0,7.0,26.9,28.999999999999996,No,No
2010-03-11,Brisbane,21.8,30.0,0.0,5.6,9.4,SSW,39.0,S,SSW,13.0,14.999999999999998,58.00000000000001,53.99999999999999,1022.1,1021.0999999999999,4.0,5.0,27.200000000000003,28.6,No,Yes
2010-03-12,Brisbane,20.1,28.099999999999998,1.2,5.6,7.9,ESE,50.0,SE,SE,20.0,22.0,58.00000000000001,52.0,1028.1,1026.2,3.0,6.0,25.5,26.100000000000005,Yes,No
2010-03-13,Brisbane,18.8,27.399999999999995,0.6,6.4,6.4,SE,48.00000000000001,SE,ESE,19.0,24.0,53.00000000000001,67.0,1027.5,1025.7,5.0,6.0,25.4,22.3,No,No
2010-03-14,Brisbane,18.4,27.5,0.6,5.6,8.4,SSE,37.0,SSE,SE,11.0,11.0,68.0,72.0,1024.5,1021.7,5.0,3.0,24.1,24.1,No,Yes
2010-03-15,Brisbane,18.4,28.0,4.8,6.0,8.4,SSE,31.0,SSE,SSE,13.0,16.999999999999996,68.0,55.0,1023.1,1019.4,5.0,6.0,23.2,26.2,Yes,No
2010-03-16,Brisbane,19.0,28.3,0.2,6.0,7.499999999999999,ESE,39.0,SSE,ESE,13.0,19.0,62.0,45.0,1020.5000000000001,1018.0,5.0,3.0,24.6,27.300000000000004,No,No
2010-03-19,Brisbane,18.4,28.6,0.0,6.2,10.6,ESE,30.0,E,ESE,19.0,16.999999999999996,55.0,44.0,1022.4,1020.3,4.0,2.0,25.9,27.200000000000003,No,No
2010-03-20,Brisbane,17.2,28.4,0.0,8.0,3.1,ESE,37.0,SE,ESE,15.0,16.999999999999996,59.0,73.0,1021.7,1019.8,7.0,7.0,24.7,24.4,No,No
2010-03-21,Brisbane,20.9,28.199999999999996,1.0,4.2,2.3,NE,30.0,E,E,17.0,13.0,62.0,66.0,1020.6,1017.9,7.0,8.0,27.300000000000004,26.2,No,No
2010-03-22,Brisbane,20.5,28.500000000000004,0.0,2.8,1.9,NNE,20.0,WSW,NE,7.0,9.0,71.0,68.0,1018.4,1016.5,8.0,8.0,25.5,26.7,No,No
2010-03-23,Brisbane,20.7,30.0,0.0,2.6,7.2,E,30.0,SW,E,7.0,14.999999999999998,69.0,61.0,1019.4,1016.5,5.0,6.0,26.5,28.099999999999998,No,Yes
2010-03-25,Brisbane,18.4,28.8,0.0,5.6,10.3,SE,28.0,SSW,E,6.0,16.999999999999996,62.0,53.99999999999999,1022.9,1019.8,1.0,3.0,24.9,27.4,No,Yes
2010-03-26,Brisbane,20.4,28.7,3.4,6.4,9.0,NNE,22.0,SW,ENE,7.0,11.0,77.0,59.0,1022.6,1018.8,5.0,4.0,23.1,27.700000000000003,Yes,No
2010-03-27,Brisbane,18.4,29.1,0.0,3.7999999999999994,10.9,NE,24.000000000000004,SW,ENE,6.0,11.0,69.0,58.0,1021.1,1018.3,1.0,1.0,25.4,26.7,No,No
2010-03-28,Brisbane,20.5,28.6,0.0,5.8,8.0,E,28.0,SSW,E,6.0,13.0,69.0,50.0,1020.1999999999999,1017.0,7.0,5.0,25.600000000000005,27.599999999999998,No,Yes
2010-03-29,Brisbane,20.7,27.8,1.2,6.6,4.7,ENE,30.0,SSE,NE,6.0,11.0,83.0,61.0,1021.3,1017.8,7.0,4.0,22.0,26.9,Yes,Yes
2010-03-30,Brisbane,19.5,26.1,3.2,3.7999999999999994,1.6,NNE,24.000000000000004,SW,ENE,6.0,13.0,76.0,71.0,1019.8,1016.8,5.0,6.0,24.2,24.7,Yes,No
2010-04-01,Brisbane,20.5,27.700000000000003,1.4,2.8,6.3,ESE,26.0,SW,E,7.0,13.0,76.0,62.0,1016.7,1013.7,7.0,5.0,23.6,25.9,Yes,No
2010-04-02,Brisbane,19.7,27.9,0.0,4.0,9.0,E,31.0,SSE,ESE,9.0,16.999999999999996,65.0,53.0,1017.4,1014.4,3.0,5.0,25.4,27.000000000000004,No,No
2010-04-03,Brisbane,19.1,27.600000000000005,0.0,6.0,9.3,ESE,35.0,SSE,E,11.0,11.0,62.0,59.0,1018.7,1015.4,3.0,4.0,24.6,25.9,No,No
2010-04-04,Brisbane,18.9,26.499999999999996,0.0,6.0,8.7,ESE,31.0,SSW,ESE,7.0,11.0,61.0,53.99999999999999,1018.6,1015.6,3.0,3.0,23.6,26.2,No,No
2010-04-05,Brisbane,17.9,27.700000000000003,0.0,4.0,10.2,WSW,46.0,SSW,E,9.0,14.999999999999998,60.0,53.99999999999999,1018.9,1015.9,1.0,3.0,23.5,25.1,No,No
2010-04-06,Brisbane,17.8,26.1,0.0,6.0,6.2,E,22.0,SW,ENE,6.0,11.0,68.0,55.0,1020.5000000000001,1018.3,6.0,7.0,22.9,25.3,No,No
2010-04-07,Brisbane,17.5,27.700000000000003,0.0,4.0,7.8,NE,22.0,WSW,NNE,7.0,9.0,76.0,51.0,1021.7,1018.0,7.0,7.0,21.7,26.9,No,No
2010-04-10,Brisbane,21.0,30.999999999999996,0.0,6.0,7.6,NNE,17.0,WNW,NE,2.0,7.000000000000001,67.0,61.0,1012.5,1008.5,7.0,3.0,25.2,29.1,No,No
2010-04-11,Brisbane,21.2,31.300000000000004,0.0,4.0,7.6,NE,20.0,SSE,NE,2.0,9.0,85.0,63.00000000000001,1013.0,1009.1,4.0,2.0,24.0,29.6,No,No
2010-04-12,Brisbane,23.2,26.000000000000004,0.2,4.2,0.0,W,20.0,WSW,W,2.0,2.0,78.0,76.0,1012.6000000000001,1010.3,7.0,7.0,25.8,25.0,No,Yes
2010-04-13,Brisbane,18.5,24.4,2.0,2.0,1.4,SE,26.0,WSW,SE,2.0,11.0,80.99999999999999,53.99999999999999,1018.0,1016.5,8.0,7.0,19.3,24.1,Yes,No
2010-04-14,Brisbane,16.5,26.900000000000002,0.0,3.2,8.3,ESE,28.0,SSW,SE,7.0,11.0,64.0,47.0,1020.3,1017.8,1.0,7.0,22.1,26.600000000000005,No,No
2010-04-15,Brisbane,16.2,27.399999999999995,0.0,3.6,7.4,ESE,26.0,SSW,E,4.0,13.0,65.0,49.00000000000001,1020.7,1017.8,7.0,3.0,22.7,26.300000000000004,No,No
2010-04-16,Brisbane,17.3,24.6,0.0,5.0,0.7,SE,26.0,NE,ESE,4.0,13.0,78.0,50.0,1023.3,1021.0,7.0,7.0,19.2,24.1,No,No
2010-04-17,Brisbane,17.0,27.5,0.4,2.6,10.4,ESE,30.0,S,E,6.0,13.0,63.0,48.0,1023.9,1021.3000000000001,1.0,3.0,23.8,26.5,No,No
2010-04-18,Brisbane,18.1,26.800000000000004,0.6,5.4,6.1,ESE,33.0,SSE,ESE,2.0,11.0,80.0,68.0,1024.5,1020.7,7.0,4.0,20.8,23.6,No,Yes
2010-04-19,Brisbane,18.5,26.2,4.6,3.4,4.6,SE,30.0,SSE,E,7.0,9.0,74.0,67.0,1022.7,1020.2,8.0,7.0,22.6,23.3,Yes,No
2010-04-20,Brisbane,17.9,26.4,1.0,3.7999999999999994,3.9,E,28.0,S,WNW,4.0,4.0,79.0,78.0,1021.1,1018.4,7.0,7.0,22.6,22.3,No,Yes
2010-04-21,Brisbane,18.2,23.1,10.2,2.4,0.0,SE,22.0,SE,SW,7.0,4.0,93.0,88.0,1021.3,1019.3,8.0,7.0,20.1,20.5,Yes,Yes
2010-04-22,Brisbane,17.8,25.6,12.8,1.0,5.3,E,22.0,SSW,ENE,4.0,4.0,71.0,66.0,1022.3,1019.7,7.0,5.0,22.8,24.3,Yes,No
2010-04-23,Brisbane,18.0,28.4,0.2,3.2,10.5,ESE,19.0,SSW,E,6.0,9.0,72.0,56.0,1021.6,1018.0,1.0,1.0,23.1,26.7,No,No
2010-04-24,Brisbane,18.5,25.5,0.8,3.4,3.4,NNW,17.0,SSW,ENE,2.0,6.0,83.0,76.0,1019.5,1016.2,5.0,7.0,22.5,24.3,No,Yes
2010-04-25,Brisbane,18.3,29.300000000000004,2.2,2.6,9.5,WSW,22.0,NE,ENE,2.0,9.0,74.0,66.0,1016.9,1012.2,4.0,6.0,23.4,27.4,Yes,No
2010-04-26,Brisbane,16.7,26.4,0.0,4.0,10.3,SSE,20.0,SSW,ESE,6.0,4.0,48.00000000000001,43.0,1021.3,1019.6,3.0,2.0,21.9,23.9,No,No
2010-04-27,Brisbane,13.5,25.9,0.0,4.8,7.499999999999999,ENE,17.0,SSW,ENE,6.0,7.000000000000001,57.0,53.0,1022.7,1019.4,3.0,7.0,20.1,24.3,No,No
2010-04-28,Brisbane,16.5,27.399999999999995,0.0,3.0,8.5,ENE,15.0,SW,ENE,4.0,9.0,69.0,53.0,1022.2,1018.5,5.0,1.0,22.7,26.5,No,No
2010-04-29,Brisbane,18.0,29.300000000000004,0.0,3.0,9.5,W,19.0,SW,W,2.0,9.0,72.0,36.0,1021.5,1017.6,2.0,3.0,22.8,28.999999999999996,No,No
2010-04-30,Brisbane,13.0,28.3,0.0,3.0,10.1,ESE,26.0,WSW,ESE,4.0,11.0,54.0,59.0,1022.3,1019.5,1.0,2.0,21.0,25.8,No,No
2010-05-01,Brisbane,17.8,27.0,0.0,4.8,10.0,E,28.0,SSW,E,4.0,14.999999999999998,67.0,59.0,1025.3,1022.4000000000001,4.0,3.0,22.6,24.4,No,No
2010-05-02,Brisbane,17.6,27.0,0.6,4.0,10.1,E,24.000000000000004,SSW,ENE,2.0,9.0,66.0,52.0,1026.1,1022.9,2.0,2.0,23.0,26.0,No,No
2010-05-03,Brisbane,16.7,26.4,0.2,4.0,9.1,SE,31.0,SW,ESE,4.0,13.0,67.0,53.0,1025.0,1021.3000000000001,2.0,5.0,22.7,24.9,No,Yes
2010-05-04,Brisbane,17.8,21.2,4.2,4.8,0.9,ESE,13.0,WSW,E,4.0,7.000000000000001,90.99999999999999,87.0,1021.3,1017.3,8.0,7.0,19.4,20.3,Yes,Yes
2010-05-08,Brisbane,11.6,26.4,0.0,3.4,9.1,SE,24.000000000000004,SW,E,7.0,9.0,60.0,55.0,1019.5999999999999,1016.4,6.0,5.0,18.8,23.7,No,No
2010-05-09,Brisbane,14.299999999999999,25.7,0.0,2.8,9.7,SSE,22.0,SSW,SE,4.0,7.000000000000001,67.0,51.0,1020.5000000000001,1016.9,1.0,2.0,21.1,24.1,No,No
2010-05-10,Brisbane,16.3,24.1,0.0,3.2,4.5,SSE,19.0,SW,NE,6.0,6.0,67.0,66.0,1019.9000000000001,1016.5,2.0,7.0,20.6,22.8,No,No
2010-05-11,Brisbane,15.299999999999999,25.8,0.0,1.8,7.4,WSW,30.0,SW,NE,2.0,4.0,75.0,67.0,1017.1,1013.0,6.0,6.0,20.0,23.5,No,Yes
2010-05-12,Brisbane,14.6,27.299999999999997,12.2,0.8,9.4,W,33.0,SW,WSW,6.0,11.0,82.0,26.0,1015.4,1012.4,0.0,1.0,18.7,26.800000000000004,Yes,No
2010-05-13,Brisbane,11.3,24.4,0.2,6.6,9.9,WNW,24.000000000000004,SSW,WNW,6.0,9.0,46.0,24.0,1019.5999999999999,1014.9,0.0,1.0,18.1,23.8,No,No
2010-05-14,Brisbane,9.7,25.3,0.0,2.6,10.0,WSW,20.0,WSW,SSW,6.0,4.0,46.0,25.0,1017.5,1012.9,0.0,1.0,16.0,24.6,No,No
2010-05-15,Brisbane,9.9,25.1,0.0,2.4,10.1,WSW,19.0,SW,SW,7.0,4.0,56.0,29.0,1016.6,1013.3,1.0,3.0,15.8,25.0,No,No
2010-05-16,Brisbane,12.8,20.6,0.0,2.8,0.0,SW,13.0,SSW,W,6.0,4.0,73.0,56.0,1019.1,1016.5,8.0,8.0,15.0,19.8,No,No
2010-05-17,Brisbane,12.5,20.8,0.0,1.8,1.3,SSW,19.0,SW,SW,4.0,6.0,76.0,63.00000000000001,1018.1,1014.9,7.0,7.0,15.6,19.9,No,No
2010-05-18,Brisbane,10.7,23.5,0.0,1.4,9.6,W,19.0,SW,W,6.0,6.0,63.0,38.0,1016.2,1012.9,1.0,2.0,17.0,23.1,No,No
2010-05-19,Brisbane,11.2,24.4,0.0,2.8,9.1,WSW,19.0,SW,ESE,9.0,4.0,56.0,48.0,1018.2,1016.2,1.0,3.0,17.9,23.3,No,No
2010-05-20,Brisbane,12.400000000000002,23.4,0.0,2.6,6.8,ESE,19.0,S,ESE,6.0,6.0,65.0,56.0,1020.8,1017.9,6.0,7.0,19.4,22.4,No,Yes
2010-05-21,Brisbane,16.4,19.7,4.0,2.8,0.1,SW,37.0,SW,S,4.0,6.0,90.99999999999999,81.0,1019.3000000000001,1015.3,8.0,7.0,16.5,19.4,Yes,Yes
2010-05-22,Brisbane,11.9,23.7,18.6,1.8,10.0,WSW,19.0,SW,S,6.0,6.0,80.0,40.0,1017.3,1014.6,1.0,2.0,15.8,23.2,Yes,No
2010-05-23,Brisbane,11.5,22.5,0.0,2.8,5.6,S,26.0,SW,SSE,6.0,7.000000000000001,65.0,59.0,1018.9,1016.8,1.0,7.0,18.1,21.1,No,No
2010-05-24,Brisbane,16.0,23.4,0.0,2.0,2.5,ENE,20.0,SW,E,4.0,9.0,74.0,56.99999999999999,1019.5,1015.6,7.0,7.0,18.3,21.9,No,Yes
2010-05-25,Brisbane,16.4,21.5,3.6000000000000005,3.0,0.1,NNW,13.0,SW,NW,2.0,2.0,88.0,75.0,1013.3,1008.6,8.0,7.0,17.5,21.0,Yes,No
2010-05-26,Brisbane,13.699999999999998,23.1,0.0,1.8,9.3,W,41.0,W,WSW,13.0,13.0,63.0,42.0,1007.0,1005.0,1.0,5.0,21.5,21.2,No,No
2010-05-27,Brisbane,14.5,23.9,0.0,4.0,6.5,SSW,30.0,W,SSE,11.0,7.000000000000001,56.0,62.0,1012.5,1012.0,1.0,7.0,19.3,21.4,No,No
2010-05-28,Brisbane,13.699999999999998,22.3,0.0,3.2,4.5,E,24.000000000000004,SW,E,6.0,13.0,74.0,76.0,1019.4,1017.2,6.0,7.0,18.1,19.4,No,Yes
2010-05-29,Brisbane,17.1,21.0,6.4,1.8,0.4,WNW,28.0,NW,W,4.0,14.999999999999998,92.0,69.0,1013.2,1009.3,8.0,7.0,19.3,19.2,Yes,Yes
2010-05-30,Brisbane,11.6,19.8,2.8,1.6,9.6,W,37.0,WNW,W,13.0,14.999999999999998,55.0,42.0,1011.2,1008.7,1.0,2.0,17.6,19.4,Yes,No
2010-05-31,Brisbane,13.3,21.5,0.0,4.0,9.0,W,39.0,W,W,13.0,13.0,63.0,47.0,1013.3,1010.7,1.0,2.0,16.6,20.6,No,No
2010-06-01,Brisbane,11.8,22.4,0.0,2.6,5.2,W,19.0,SW,WSW,7.0,4.0,60.0,61.0,1017.0,1014.8,1.0,7.0,18.4,20.9,No,No
2010-06-02,Brisbane,15.799999999999999,20.3,0.4,2.2,0.0,WSW,20.0,SW,SW,6.0,6.0,84.0,77.0,1017.0,1014.8,8.0,7.0,17.6,19.4,No,No
2010-06-03,Brisbane,16.1,23.3,0.0,1.8,8.6,W,24.000000000000004,SW,SW,9.0,7.000000000000001,70.0,55.0,1016.8,1014.0,2.0,5.0,18.8,21.6,No,No
2010-06-04,Brisbane,10.4,21.9,0.0,2.4,10.0,W,35.0,W,W,4.0,13.0,63.0,49.00000000000001,1013.3,1009.6,1.0,1.0,17.7,21.2,No,No
2010-06-05,Brisbane,15.6,25.2,0.0,3.4,9.6,WSW,26.0,SW,W,7.0,9.0,57.0,43.0,1010.4,1008.4,1.0,1.0,19.5,24.4,No,No
2010-06-06,Brisbane,13.3,22.5,0.0,4.2,9.5,W,31.0,SSE,W,2.0,13.0,55.0,32.0,1014.1,1012.5,1.0,1.0,18.1,21.9,No,No
2010-06-07,Brisbane,10.3,22.3,0.0,6.2,6.3,SW,19.0,SW,SSW,7.0,4.0,51.0,50.0,1020.6,1018.7,2.0,7.0,16.2,20.7,No,No
2010-06-08,Brisbane,11.5,22.8,0.0,2.0,5.4,SSE,17.0,SSW,ESE,6.0,7.000000000000001,67.0,58.0,1022.4,1018.6,5.0,6.0,17.0,20.1,No,No
2010-06-09,Brisbane,12.5,23.9,0.0,1.2,7.4,W,26.0,WSW,WNW,2.0,7.000000000000001,78.0,53.0,1018.6,1012.7,7.0,7.0,15.8,22.2,No,No
2010-06-10,Brisbane,9.5,19.4,0.0,4.0,4.9,W,33.0,W,WSW,11.0,9.0,44.0,35.0,1019.4,1017.0,3.0,7.0,14.9,18.9,No,No
2010-06-11,Brisbane,11.5,21.3,0.0,3.6,4.5,WSW,17.0,SW,NW,4.0,4.0,60.0,45.0,1021.7,1017.6,8.0,1.0,13.0,21.1,No,No
2010-06-12,Brisbane,9.0,19.7,0.0,2.4,10.0,W,22.0,SW,WNW,7.0,9.0,47.0,33.0,1020.0,1017.9,1.0,1.0,13.799999999999999,18.9,No,No
2010-06-13,Brisbane,8.7,21.6,0.0,2.8,6.5,ESE,28.0,SW,SE,7.0,11.0,55.0,52.0,1025.5,1024.0,7.0,7.0,14.499999999999998,19.8,No,No
2010-06-14,Brisbane,12.3,21.9,0.0,1.6,6.4,E,33.0,SW,ESE,4.0,13.0,78.0,53.0,1029.4,1027.0,7.0,3.0,15.199999999999998,20.8,No,No
2010-06-15,Brisbane,12.900000000000002,22.1,0.0,3.4,7.0,SE,31.0,SSW,SE,6.0,14.999999999999998,71.0,46.00000000000001,1029.1,1025.5,6.0,2.0,17.1,21.1,No,No
2010-06-16,Brisbane,13.199999999999998,21.3,0.0,3.4,1.6,SSE,22.0,SW,E,6.0,9.0,65.0,47.0,1027.2,1023.9000000000001,6.0,7.0,17.3,20.4,No,No
2010-06-17,Brisbane,10.8,22.4,0.0,2.8,4.8,SW,15.0,SW,NE,4.0,4.0,71.0,55.0,1023.1,1018.7,6.0,7.0,15.5,21.7,No,No
2010-06-18,Brisbane,14.799999999999999,20.4,0.0,1.2,0.6,SSW,15.0,WSW,NW,2.0,4.0,80.99999999999999,63.00000000000001,1018.9,1015.5,7.0,8.0,16.9,20.1,No,No
2010-06-19,Brisbane,15.6,22.3,0.0,1.4,4.4,SW,17.0,SW,W,4.0,4.0,66.0,34.0,1019.7,1018.0,6.0,2.0,16.5,21.9,No,No
2010-06-20,Brisbane,9.4,23.0,0.0,2.2,10.0,WSW,17.0,WSW,ENE,6.0,6.0,58.00000000000001,46.00000000000001,1025.3,1023.3,1.0,1.0,14.599999999999998,21.8,No,No
2010-06-21,Brisbane,9.8,22.1,0.0,2.6,9.7,ESE,20.0,SW,SE,7.0,9.0,70.0,48.0,1029.5,1027.5,1.0,1.0,14.3,21.9,No,No
2010-06-24,Brisbane,12.5,22.1,4.4,1.8,8.1,E,26.0,SW,E,6.0,11.0,76.0,59.0,1028.8,1025.2,4.0,3.0,16.3,20.4,Yes,No
2010-06-25,Brisbane,9.9,21.7,0.0,3.4,5.9,SE,17.0,SW,E,4.0,4.0,72.0,61.0,1027.1,1023.6,1.0,3.0,15.3,20.1,No,No
2010-06-26,Brisbane,12.5,21.3,0.0,2.4,5.3,NNE,17.0,SSW,ENE,4.0,6.0,92.0,67.0,1023.5,1019.3,7.0,4.0,14.3,20.6,No,No
2010-06-29,Brisbane,8.2,16.0,0.0,2.2,0.6,WSW,22.0,SW,W,4.0,6.0,50.0,34.0,1020.7,1018.6,6.0,6.0,12.2,15.9,No,No
2010-06-30,Brisbane,7.5,18.8,0.8,0.2,1.4,SW,13.0,SW,NNE,2.0,4.0,90.0,73.0,1021.2,1018.5,8.0,7.0,11.2,18.1,No,Yes
2010-07-01,Brisbane,11.2,19.3,2.2,1.2,1.3,W,19.0,SSW,SW,6.0,2.0,52.0,52.0,1023.9,1022.1,7.0,7.0,13.799999999999999,18.2,Yes,No
2010-07-02,Brisbane,11.9,15.899999999999999,0.2,1.6,0.0,SW,13.0,SW,SW,4.0,2.0,74.0,69.0,1026.2,1023.3,8.0,8.0,13.2,15.7,No,Yes
2010-07-03,Brisbane,12.400000000000002,18.9,8.6,0.4,9.2,W,31.0,WSW,W,9.0,13.0,68.0,39.0,1025.2,1022.7,4.0,1.0,13.2,17.9,Yes,No
2010-07-04,Brisbane,6.700000000000001,21.3,0.0,5.0,9.6,SW,19.0,SW,SE,6.0,7.000000000000001,59.0,46.00000000000001,1027.6,1023.6,1.0,2.0,12.4,20.3,No,No
2010-07-05,Brisbane,11.9,22.6,0.0,3.2,8.6,SSE,20.0,SSW,E,6.0,7.000000000000001,65.0,50.0,1025.0,1020.8,3.0,3.0,16.0,20.9,No,No
2010-07-06,Brisbane,13.3,22.5,0.0,2.2,2.9,W,26.0,SSW,W,2.0,11.0,67.0,62.0,1020.1999999999999,1015.7,6.0,7.0,17.8,20.9,No,No
2010-07-07,Brisbane,13.5,16.9,0.0,3.6,0.0,W,28.0,W,SW,9.0,6.0,55.0,45.0,1020.8,1018.3,7.0,8.0,14.399999999999999,16.1,No,No
2010-07-08,Brisbane,12.6,21.2,0.4,2.6,3.5,SSE,28.0,SW,SE,7.0,13.0,74.0,51.0,1020.9,1017.9,7.0,7.0,15.5,20.2,No,No
2010-07-09,Brisbane,13.199999999999998,22.2,0.0,2.8,7.6,SSE,39.0,SW,SE,7.0,16.999999999999996,62.0,56.0,1022.9,1021.4999999999999,2.0,5.0,17.8,19.9,No,No
2010-07-10,Brisbane,12.8,22.5,0.0,3.4,4.5,E,28.0,WSW,ESE,4.0,11.0,75.0,58.0,1027.3,1023.3999999999999,7.0,3.0,15.4,20.9,No,No
2010-07-11,Brisbane,11.6,21.3,0.0,2.6,2.2,E,15.0,SW,ENE,6.0,2.0,80.0,59.0,1026.6,1023.3999999999999,7.0,7.0,14.399999999999999,20.7,No,No
2010-07-12,Brisbane,11.6,23.6,0.0,1.6,9.9,ESE,17.0,SW,NE,4.0,7.000000000000001,83.0,51.0,1024.2,1020.6,1.0,1.0,15.5,22.4,No,No
2010-07-13,Brisbane,11.6,23.9,0.0,1.6,9.8,N,20.0,SW,NE,2.0,9.0,78.0,53.0,1023.0,1018.8,1.0,7.0,16.8,22.0,No,No
2010-07-14,Brisbane,12.6,22.8,0.0,2.8,6.700000000000001,W,46.0,N,W,6.0,13.0,66.0,45.0,1017.8,1015.7,4.0,4.0,20.2,20.0,No,No
2010-07-18,Brisbane,8.1,23.6,0.0,3.7999999999999994,9.9,NNE,13.0,SW,NNE,4.0,4.0,71.0,33.0,1025.5,1021.0,1.0,1.0,13.400000000000002,22.9,No,No
2010-07-21,Brisbane,10.9,20.3,0.0,3.4,5.8,S,17.0,SW,SSE,6.0,6.0,65.0,44.0,1022.5,1019.6,6.0,7.0,14.8,19.1,No,No
2010-07-22,Brisbane,9.0,21.4,0.0,3.6,10.0,S,24.000000000000004,SW,SSE,7.0,7.000000000000001,60.0,26.0,1025.4,1022.9,1.0,2.0,14.399999999999999,20.4,No,No
2010-07-23,Brisbane,8.3,21.5,0.0,2.8,9.8,SE,26.0,SW,SE,6.0,9.0,55.0,49.00000000000001,1028.3,1025.7,1.0,3.0,14.699999999999998,19.6,No,No
2010-07-24,Brisbane,11.6,21.4,0.0,3.6,2.2,SE,22.0,SW,SE,6.0,9.0,69.0,56.99999999999999,1027.8,1024.4,6.0,7.0,15.1,20.2,No,No
2010-07-26,Brisbane,14.400000000000002,21.4,2.0,1.8,4.8,SE,24.000000000000004,SSW,ESE,6.0,9.0,80.99999999999999,60.00000000000001,1029.5,1027.3,7.0,7.0,16.3,20.3,Yes,No
2010-07-27,Brisbane,13.1,20.7,0.2,3.6,2.2,ESE,30.0,SSW,ESE,4.0,9.0,67.0,74.0,1030.9,1027.5,7.0,7.0,17.6,19.0,No,Yes
2010-07-28,Brisbane,14.900000000000002,23.2,5.2,1.2,5.1,NE,28.0,SW,NNE,4.0,11.0,84.0,64.0,1026.5,1022.1,7.0,7.0,18.2,21.6,Yes,Yes
2010-07-29,Brisbane,17.0,23.9,8.0,2.6,4.2,NE,15.0,W,NNE,6.0,6.0,85.99999999999999,73.0,1022.6,1018.7,6.0,7.0,19.1,22.3,Yes,No
2010-07-30,Brisbane,15.299999999999999,26.4,0.0,0.2,8.0,NE,20.0,SW,NE,2.0,9.0,95.0,61.0,1021.1,1017.5,8.0,1.0,17.5,24.3,No,No
2010-07-31,Brisbane,16.3,26.800000000000004,0.0,2.6,5.5,WNW,37.0,NNE,WNW,4.0,9.0,69.0,58.0,1019.1,1016.4,1.0,7.0,22.6,25.4,No,No
2010-08-01,Brisbane,13.900000000000002,24.0,0.0,5.0,8.0,W,26.0,SW,W,6.0,9.0,58.00000000000001,38.0,1023.9,1019.2,6.0,1.0,19.3,23.6,No,No
2010-08-02,Brisbane,12.5,20.4,0.0,4.6,10.2,W,35.0,W,W,11.0,19.0,44.0,26.999999999999996,1021.2,1016.0,1.0,0.0,16.3,19.9,No,No
2010-08-03,Brisbane,10.2,20.7,0.0,9.2,10.2,W,39.0,W,W,17.0,13.0,54.0,38.0,1014.9,1012.2,1.0,1.0,13.799999999999999,20.2,No,No
2010-08-04,Brisbane,9.2,22.7,0.0,3.4,10.2,WSW,20.0,WSW,SE,6.0,2.0,53.00000000000001,28.0,1019.5999999999999,1016.4,0.0,1.0,16.0,22.6,No,No
2010-08-05,Brisbane,8.8,22.5,0.0,4.6,5.9,E,19.0,SW,NE,6.0,6.0,70.0,45.0,1020.1999999999999,1015.8,6.0,7.0,12.800000000000002,20.9,No,No
2010-08-06,Brisbane,12.7,22.4,0.0,2.6,9.9,W,28.0,WSW,WSW,9.0,7.000000000000001,53.00000000000001,20.000000000000004,1019.3000000000001,1015.9,3.0,1.0,17.1,22.1,No,No
2010-08-07,Brisbane,8.1,20.1,0.0,4.8,10.0,E,20.0,WSW,E,7.0,11.0,47.0,29.0,1023.1,1019.6,1.0,1.0,14.699999999999998,18.9,No,No
2010-08-08,Brisbane,6.599999999999999,22.2,0.0,4.0,10.1,ENE,19.0,SW,NE,6.0,9.0,58.00000000000001,37.0,1022.4,1018.3,1.0,1.0,13.400000000000002,21.4,No,No
2010-08-09,Brisbane,9.6,23.1,0.0,3.6,4.2,ENE,28.0,WSW,NE,4.0,7.000000000000001,70.0,52.0,1023.6,1020.6,6.0,6.0,14.200000000000001,21.4,No,Yes
2010-08-10,Brisbane,14.1,19.7,2.8,1.4,0.0,E,31.0,NNE,NNE,4.0,4.0,92.0,93.0,1020.8,1017.0,7.0,8.0,17.9,19.3,Yes,Yes
2010-08-11,Brisbane,16.1,19.0,78.0,8.4,2.1,W,28.0,NW,W,2.0,9.0,89.0,51.0,1014.7,1011.1,8.0,7.0,16.9,17.7,Yes,No
2010-08-12,Brisbane,12.5,19.6,0.0,4.8,10.0,W,65.0,W,W,19.0,28.000000000000004,53.00000000000001,33.0,1012.2,1008.2,1.0,1.0,15.1,19.0,No,No
2010-08-13,Brisbane,10.4,20.5,0.2,6.6,10.1,W,33.0,WSW,W,17.0,9.0,51.0,35.0,1013.6,1011.5,1.0,0.0,13.799999999999999,19.9,No,No
2010-08-14,Brisbane,6.1,22.2,0.0,5.0,10.2,NE,26.0,SSE,NE,2.0,9.0,61.0,45.0,1018.8,1014.9,0.0,0.0,14.3,20.9,No,No
2010-08-16,Brisbane,7.599999999999999,23.5,0.0,5.2,10.7,W,37.0,WSW,WNW,6.0,13.0,42.0,30.000000000000004,1017.5,1013.8,1.0,1.0,17.9,23.1,No,No
2010-08-17,Brisbane,10.2,21.9,0.0,6.2,10.7,E,22.0,SW,ESE,7.0,9.0,47.0,45.0,1021.7,1019.2,1.0,1.0,16.7,20.6,No,No
2010-08-18,Brisbane,9.5,23.4,0.0,4.0,10.5,E,22.0,SW,NE,6.0,7.000000000000001,65.0,46.00000000000001,1023.4,1018.9,1.0,1.0,16.0,22.1,No,No
2010-08-19,Brisbane,11.7,27.8,0.0,4.4,10.0,W,22.0,SSW,NE,4.0,9.0,68.0,53.99999999999999,1017.9,1013.3,1.0,1.0,19.6,25.8,No,Yes
2010-08-20,Brisbane,17.5,18.1,8.6,1.8,0.0,SSW,19.0,WNW,N,6.0,4.0,85.0,86.0,1017.8,1013.8,8.0,8.0,18.1,17.1,Yes,Yes
2010-08-21,Brisbane,6.9,21.8,4.6,3.2,10.8,W,31.0,SW,W,6.0,7.000000000000001,50.0,34.0,1020.0,1016.5,1.0,0.0,16.0,21.8,Yes,No
2010-08-22,Brisbane,8.1,22.3,0.0,3.7999999999999994,10.6,E,17.0,SW,ENE,7.0,9.0,46.0,42.0,1023.0,1019.2,0.0,1.0,15.199999999999998,21.5,No,No
2010-08-24,Brisbane,14.0,21.1,10.2,1.0,6.6,WNW,37.0,W,WNW,15.0,19.999999999999996,58.00000000000001,45.0,1015.0,1012.5,2.0,7.0,17.9,18.8,Yes,No
2010-08-25,Brisbane,15.0,18.6,0.2,5.6,0.0,W,35.0,W,WNW,9.0,9.0,61.0,53.0,1013.8,1010.4,8.0,8.0,15.4,18.3,No,No
2010-08-26,Brisbane,14.1,20.8,0.0,4.0,7.0,WNW,43.0,W,W,9.0,14.999999999999998,59.0,33.0,1013.0,1008.6,7.0,2.0,14.9,20.7,No,No
2010-08-27,Brisbane,10.3,22.4,0.0,5.0,10.8,W,41.0,WSW,W,11.0,14.999999999999998,42.99999999999999,31.0,1016.1,1013.3,1.0,0.0,17.5,21.5,No,No
2010-08-28,Brisbane,7.3999999999999995,23.7,0.0,6.4,9.9,ENE,17.0,SW,ENE,6.0,11.0,50.0,37.0,1021.7,1018.6,6.0,4.0,17.6,21.6,No,No
2010-08-29,Brisbane,12.3,22.4,0.0,4.0,7.4,ESE,28.0,WSW,E,4.0,13.0,58.00000000000001,46.00000000000001,1026.4,1023.3,3.0,5.0,17.7,20.9,No,No
2010-08-30,Brisbane,10.7,23.2,0.0,4.0,8.4,E,22.0,SW,ENE,7.0,11.0,62.0,49.00000000000001,1026.3,1022.5999999999999,1.0,7.0,17.6,20.0,No,No
2010-08-31,Brisbane,11.4,24.2,0.0,4.0,10.7,ENE,19.0,SW,NE,6.0,9.0,63.0,46.00000000000001,1026.1,1022.9999999999999,1.0,2.0,17.7,22.0,No,No
2010-09-01,Brisbane,12.1,24.8,0.0,3.6,9.9,NE,26.0,WSW,NE,4.0,13.0,63.0,52.0,1024.4,1019.4,1.0,4.0,19.0,22.9,No,No
2010-09-02,Brisbane,11.8,28.4,0.0,4.0,10.5,NNE,20.0,NE,N,4.0,7.000000000000001,59.0,35.0,1021.2,1016.0,0.0,1.0,21.0,28.099999999999998,No,No
2010-09-03,Brisbane,15.199999999999998,27.1,0.0,4.4,9.6,E,37.0,SSW,ESE,4.0,11.0,57.0,62.0,1020.1999999999999,1018.7,4.0,1.0,23.0,25.0,No,No
2010-09-04,Brisbane,18.5,25.7,0.0,4.0,9.8,NE,39.0,N,NNE,7.0,16.999999999999996,74.0,65.0,1021.3,1016.7,4.0,3.0,22.399999999999995,24.5,No,Yes
2010-09-06,Brisbane,17.3,25.1,26.8,2.0,6.1,NE,17.0,SW,W,4.0,6.0,78.0,42.0,1020.3,1017.0,7.0,4.0,19.6,24.4,Yes,No
2010-09-07,Brisbane,11.9,25.4,0.0,4.0,10.8,SSW,19.0,WSW,WSW,7.0,4.0,51.0,31.0,1023.4,1019.5,1.0,1.0,18.8,25.1,No,No
2010-09-08,Brisbane,11.6,23.8,0.0,4.0,10.2,ESE,39.0,SW,ESE,6.0,11.0,62.0,56.99999999999999,1024.4,1020.6,5.0,2.0,17.9,22.6,No,No
2010-09-09,Brisbane,14.1,25.4,0.0,3.2,9.8,NNE,26.0,WSW,NNE,4.0,11.0,66.0,60.00000000000001,1020.8,1015.2,1.0,3.0,20.2,23.6,No,No
2010-09-10,Brisbane,18.7,24.1,0.0,7.0,0.9,WNW,30.0,N,NW,4.0,7.000000000000001,67.0,67.0,1010.7999999999998,1008.2,7.0,7.0,22.3,24.0,No,Yes
2010-09-11,Brisbane,12.2,25.3,3.2,1.8,11.1,W,22.0,SW,ENE,4.0,13.0,40.0,34.0,1017.8,1016.2,0.0,1.0,20.5,22.8,Yes,No
2010-09-12,Brisbane,12.5,23.6,0.0,5.8,9.5,ENE,20.0,SSW,ENE,2.0,9.0,55.0,53.0,1022.5,1019.4,2.0,1.0,20.0,21.4,No,No
2010-09-14,Brisbane,16.1,25.1,0.0,4.8,4.4,NE,20.0,SSW,ENE,2.0,9.0,70.0,69.0,1016.2,1011.9,6.0,7.0,22.7,23.7,No,No
2010-09-15,Brisbane,17.9,26.1,0.4,4.0,10.7,W,52.0,W,WSW,17.0,14.999999999999998,40.0,32.0,1012.7,1011.1,2.0,1.0,21.4,25.7,No,No
2010-09-16,Brisbane,13.400000000000002,23.9,0.0,10.2,2.5,WNW,30.0,WSW,WNW,6.0,9.0,49.0,35.0,1018.5,1014.6,6.0,7.0,18.4,22.7,No,No
2010-09-17,Brisbane,15.700000000000001,21.9,0.0,6.8,1.0,WNW,24.000000000000004,WSW,E,9.0,6.0,40.0,39.0,1020.1,1019.4,8.0,8.0,19.0,19.8,No,No
2010-09-18,Brisbane,13.0,24.1,0.0,3.2,3.6,W,24.000000000000004,SW,WSW,4.0,9.0,53.00000000000001,26.999999999999996,1019.9000000000001,1015.9,7.0,8.0,17.3,22.1,No,No
2010-09-19,Brisbane,16.0,21.0,0.0,3.6,0.4,SSE,17.0,SW,SSE,4.0,7.000000000000001,55.0,41.0,1020.7,1018.7,8.0,8.0,17.0,20.4,No,Yes
2010-09-20,Brisbane,13.1,19.7,8.6,1.2,0.0,SSE,15.0,SW,SSE,2.0,2.0,92.0,91.0,1021.4,1018.5,8.0,8.0,15.0,19.3,Yes,Yes
2010-09-21,Brisbane,15.0,24.4,22.4,0.0,0.4,W,19.0,SSW,W,6.0,7.000000000000001,93.0,78.0,1021.1,1018.7,7.0,7.0,18.1,22.8,Yes,No
2010-09-22,Brisbane,17.2,24.0,0.0,3.0,4.5,E,28.0,SE,ESE,7.0,6.0,79.0,79.0,1024.2,1022.1,7.0,8.0,20.9,19.9,No,No
2010-09-23,Brisbane,15.1,25.1,0.0,3.2,5.9,ENE,19.0,W,NNE,4.0,9.0,76.0,58.0,1022.8,1019.9,7.0,5.0,19.3,23.6,No,No
2010-09-24,Brisbane,17.2,25.5,0.2,3.6,6.0,ENE,19.0,ENE,NE,2.0,7.000000000000001,64.0,60.00000000000001,1023.2,1020.1,7.0,7.0,22.3,23.0,No,Yes
2010-09-26,Brisbane,13.900000000000002,26.6,5.4,3.0,5.9,E,19.0,NE,ENE,2.0,7.000000000000001,64.0,62.0,1019.8,1016.8,7.0,7.0,22.1,24.4,Yes,No
2010-09-27,Brisbane,16.4,27.8,0.2,3.7999999999999994,10.0,N,24.000000000000004,WSW,NNE,2.0,7.000000000000001,68.0,60.00000000000001,1018.9,1014.1,3.0,3.0,23.4,25.2,No,No
2010-09-29,Brisbane,18.2,28.099999999999998,31.399999999999995,4.4,5.6,SE,26.0,SW,E,7.0,7.000000000000001,77.0,71.0,1012.5,1010.9,6.0,6.0,22.9,23.0,Yes,No
2010-09-30,Brisbane,16.5,21.9,0.4,3.7999999999999994,5.7,SE,35.0,S,ESE,9.0,16.999999999999996,59.0,53.99999999999999,1020.9,1020.6,6.0,5.0,21.3,21.0,No,No
2010-10-01,Brisbane,14.199999999999998,21.9,0.0,3.7999999999999994,0.7,SE,28.0,SE,ESE,9.0,9.0,60.0,53.0,1026.2,1023.6999999999999,7.0,7.0,19.4,20.2,No,Yes
2010-10-02,Brisbane,14.799999999999999,21.1,3.4,3.7999999999999994,2.5,SE,26.0,SSE,ESE,6.0,7.000000000000001,73.0,79.0,1026.3,1022.4000000000001,7.0,8.0,19.6,19.3,Yes,Yes
2010-10-03,Brisbane,16.5,23.5,6.6,3.2,0.0,SE,17.0,SW,ESE,2.0,7.000000000000001,90.99999999999999,82.0,1023.8,1020.1,8.0,8.0,18.3,20.9,Yes,Yes
2010-10-04,Brisbane,17.3,28.099999999999998,2.0,0.4,11.4,S,22.0,SW,NNE,7.0,6.0,65.0,61.0,1017.9,1013.6,1.0,4.0,23.3,26.100000000000005,Yes,Yes
2010-10-05,Brisbane,17.2,28.3,2.2,3.6,10.0,SE,24.000000000000004,SW,SW,7.0,4.0,65.0,50.0,1017.1,1014.2,2.0,6.0,23.8,27.300000000000004,Yes,No
2010-10-06,Brisbane,18.5,29.399999999999995,0.0,6.6,11.4,ENE,22.0,WSW,ENE,7.0,13.0,59.0,56.0,1018.4,1014.8,2.0,5.0,23.9,26.4,No,No
2010-10-07,Brisbane,17.7,29.9,0.0,5.6,8.1,NE,19.0,NW,NE,4.0,7.000000000000001,66.0,59.0,1017.5,1013.1,4.0,7.0,24.5,27.300000000000004,No,Yes
2010-10-08,Brisbane,18.5,22.6,53.99999999999999,4.2,0.0,SE,43.0,SSW,SE,4.0,11.0,85.0,81.0,1019.1,1017.1,8.0,8.0,21.3,21.1,Yes,Yes
2010-10-09,Brisbane,16.9,19.3,23.4,1.2,0.0,SSE,33.0,SSE,SSE,6.0,13.0,85.99999999999999,86.0,1021.6,1019.8,8.0,8.0,18.8,17.6,Yes,Yes
2010-10-10,Brisbane,16.0,19.6,8.0,2.0,0.0,SE,44.0,S,SE,9.0,16.999999999999996,89.0,89.0,1023.0,1021.7,8.0,8.0,17.9,17.7,Yes,Yes
2010-10-11,Brisbane,15.1,22.2,93.6,13.0,0.0,E,37.0,ESE,SE,11.0,11.0,90.0,89.0,1026.2,1024.8,8.0,8.0,19.1,19.6,Yes,Yes
2010-10-12,Brisbane,17.4,22.9,22.4,1.6,2.4,ENE,37.0,ESE,E,11.0,16.999999999999996,72.0,60.00000000000001,1027.9,1024.4,8.0,7.0,20.1,22.6,Yes,Yes
2010-10-13,Brisbane,14.799999999999999,23.9,4.2,3.4,6.6,E,31.0,ENE,ENE,13.0,9.0,48.00000000000001,53.0,1022.7,1019.1,5.0,7.0,22.5,21.9,Yes,No
2010-10-14,Brisbane,14.799999999999999,25.6,0.2,7.0,5.6,NNE,22.0,NNW,NE,4.0,9.0,62.0,66.0,1017.7,1013.6,5.0,7.0,22.5,23.2,No,No
2010-10-15,Brisbane,18.5,25.3,0.0,3.0,0.0,NNE,41.0,N,NNE,6.0,11.0,71.0,81.0,1011.1,1005.4,8.0,8.0,22.399999999999995,22.3,No,Yes
2010-10-16,Brisbane,14.6,20.8,22.2,4.8,10.3,W,54.0,W,W,26.0,19.999999999999996,48.00000000000001,36.0,1008.3,1007.1,1.0,1.0,16.3,20.2,Yes,No
2010-10-17,Brisbane,9.7,22.2,0.0,9.6,12.3,W,26.0,SW,NNE,7.0,6.0,38.0,35.0,1016.4,1013.1,0.0,0.0,16.7,21.5,No,No
2010-10-18,Brisbane,11.0,23.7,0.0,8.6,12.3,E,20.0,WNW,ENE,4.0,7.000000000000001,59.0,40.0,1020.5000000000001,1017.5,1.0,1.0,19.4,22.6,No,No
2010-10-19,Brisbane,12.900000000000002,26.7,0.0,4.8,11.7,ESE,31.0,SSW,ESE,4.0,14.999999999999998,57.0,45.0,1022.1,1019.8,1.0,1.0,22.2,25.2,No,No
2010-10-20,Brisbane,16.3,22.2,0.8,6.4,4.7,SE,31.0,SSE,E,4.0,7.000000000000001,87.0,78.0,1026.5,1024.2,5.0,7.0,19.4,19.9,No,Yes
2010-10-21,Brisbane,15.799999999999999,22.6,1.6,4.0,3.4,E,24.000000000000004,E,E,11.0,9.0,52.0,52.0,1025.9,1022.1999999999999,7.0,7.0,21.8,21.2,Yes,No
2010-10-22,Brisbane,13.0,25.4,0.0,3.0,11.7,E,22.0,SSE,E,4.0,11.0,55.0,47.0,1023.2,1019.0,3.0,2.0,22.0,24.2,No,No
2010-10-23,Brisbane,14.900000000000002,26.6,0.0,5.8,12.0,ENE,22.0,NE,NE,4.0,9.0,59.0,51.0,1020.3,1015.9,2.0,1.0,22.3,25.2,No,No
2010-10-24,Brisbane,15.9,27.1,0.0,5.4,10.1,NNE,30.0,NNE,NE,7.0,9.0,58.00000000000001,51.0,1018.2,1014.1,2.0,3.0,24.5,25.600000000000005,No,Yes
2010-10-26,Brisbane,18.1,26.4,0.0,4.8,7.6,ENE,20.0,E,ENE,6.0,9.0,66.0,63.00000000000001,1019.0,1015.3,7.0,3.0,23.0,24.7,No,No
2010-10-27,Brisbane,19.5,28.0,0.4,3.6,10.1,ENE,24.000000000000004,WSW,NE,6.0,13.0,65.0,56.99999999999999,1017.1,1013.6,3.0,2.0,24.3,25.5,No,No
2010-10-28,Brisbane,18.3,27.399999999999995,0.2,6.2,8.3,SE,33.0,S,ESE,4.0,13.0,61.0,88.0,1017.0,1015.8,4.0,7.0,25.4,19.2,No,Yes
2010-10-29,Brisbane,16.9,26.499999999999996,26.8,7.0,11.7,E,26.0,ESE,ENE,9.0,11.0,58.00000000000001,51.0,1018.6,1016.4,2.0,4.0,24.4,25.4,Yes,No
2010-10-30,Brisbane,16.6,26.499999999999996,0.0,4.6,11.7,ENE,26.0,ENE,ENE,9.0,9.0,56.0,56.0,1019.0,1016.0,3.0,6.0,23.9,24.2,No,No
2010-10-31,Brisbane,15.799999999999999,25.7,0.0,6.0,6.2,NNE,19.0,SE,ENE,2.0,6.0,63.0,56.99999999999999,1017.3,1014.3,7.0,5.0,22.5,25.0,No,No
2010-11-01,Brisbane,16.4,23.3,0.0,4.2,0.3,NNW,15.0,E,N,6.0,4.0,66.0,67.0,1015.5,1012.9,8.0,8.0,21.9,22.2,No,No
2010-11-02,Brisbane,18.1,27.399999999999995,0.2,3.2,12.8,WSW,35.0,W,WSW,6.0,9.0,54.0,30.000000000000004,1015.5,1011.9,3.0,1.0,22.6,27.300000000000004,No,No
2010-11-03,Brisbane,14.900000000000002,26.000000000000004,0.0,9.2,10.7,ESE,31.0,SSE,E,7.0,14.999999999999998,50.0,55.0,1018.1,1015.3,3.0,3.0,23.1,24.4,No,Yes
2010-11-04,Brisbane,19.1,22.6,6.2,5.2,0.0,E,28.0,WNW,N,4.0,2.0,89.0,79.0,1018.1,1015.3,8.0,8.0,19.4,20.2,Yes,Yes
2010-11-05,Brisbane,17.3,23.5,19.6,1.2,1.1,E,30.0,ESE,ESE,7.0,4.0,68.0,65.0,1016.0,1013.1,7.0,7.0,21.5,22.7,Yes,Yes
2010-11-06,Brisbane,16.6,27.399999999999995,2.6,3.0,12.2,SE,31.0,S,S,6.0,11.0,57.0,41.0,1016.8,1014.2,1.0,2.0,23.3,26.9,Yes,No
2010-11-07,Brisbane,18.2,26.4,0.0,5.2,10.9,E,30.0,SE,E,11.0,14.999999999999998,63.0,53.0,1019.5999999999999,1017.9,7.0,4.0,23.4,25.5,No,No
2010-11-08,Brisbane,19.0,26.2,0.0,7.0,2.8,E,24.000000000000004,ENE,ENE,11.0,13.0,63.0,61.0,1021.9,1020.3,8.0,7.0,24.2,24.3,No,No
2010-11-09,Brisbane,20.4,26.1,0.6,4.8,3.5,E,30.0,ENE,ENE,9.0,13.0,67.0,62.0,1024.8,1023.3,7.0,7.0,24.1,24.6,No,No
2010-11-10,Brisbane,16.7,26.4,0.8,5.6,8.8,N,26.0,ENE,ENE,11.0,11.0,55.0,56.99999999999999,1023.7,1020.3,4.0,7.0,25.0,24.8,No,No
2010-11-11,Brisbane,16.9,28.0,0.0,5.4,12.2,NE,26.0,NE,NE,2.0,11.0,55.0,65.0,1018.0,1014.5,4.0,5.0,25.1,25.5,No,No
2010-11-12,Brisbane,19.0,28.0,0.0,6.6,11.0,NE,28.0,NNE,NNE,7.0,11.0,71.0,55.0,1016.9,1015.0,5.0,4.0,24.6,25.7,No,No
2010-11-13,Brisbane,21.7,27.1,0.0,7.800000000000001,12.5,ENE,30.0,ENE,NE,15.0,11.0,58.00000000000001,56.0,1020.6,1019.0,4.0,3.0,25.7,26.100000000000005,No,No
2010-11-14,Brisbane,21.2,27.9,0.0,6.0,7.499999999999999,ENE,28.0,N,ENE,6.0,13.0,64.0,56.99999999999999,1020.7,1017.8,7.0,3.0,25.4,26.2,No,No
2010-11-15,Brisbane,17.7,28.199999999999996,0.2,5.6,12.4,NE,28.0,NE,NE,9.0,11.0,53.00000000000001,49.00000000000001,1016.9,1013.2,6.0,4.0,25.9,26.300000000000004,No,No
2010-11-16,Brisbane,21.3,27.8,0.0,8.4,8.4,ENE,31.0,N,NNE,6.0,9.0,57.0,59.0,1013.6,1010.3,7.0,5.0,26.100000000000005,26.600000000000005,No,No
2010-11-17,Brisbane,20.8,29.5,0.0,8.0,9.3,ENE,24.000000000000004,NW,NE,7.0,9.0,52.0,50.0,1013.6,1010.3,7.0,4.0,25.9,28.299999999999997,No,Yes
2010-11-18,Brisbane,20.6,25.2,5.2,8.0,3.0,SSE,17.0,SSW,SE,2.0,7.000000000000001,72.0,83.0,1013.7,1012.0,8.0,8.0,25.1,22.7,Yes,Yes
2010-11-19,Brisbane,18.3,27.5,9.4,2.4,1.7,SSE,33.0,WSW,ESE,6.0,11.0,79.0,65.0,1015.8,1015.0,8.0,7.0,22.5,25.600000000000005,Yes,No
2010-11-20,Brisbane,20.0,25.5,0.2,5.4,0.6,ESE,41.0,SE,SE,13.0,11.0,56.0,66.0,1021.7,1020.5,7.0,7.0,24.2,23.0,No,No
2010-11-21,Brisbane,18.2,25.1,1.0,5.0,1.7,E,33.0,S,ESE,4.0,11.0,70.0,49.00000000000001,1021.5,1020.2,8.0,8.0,23.7,24.9,No,Yes
2010-11-22,Brisbane,17.7,26.6,4.4,5.8,10.4,ESE,37.0,SSE,ESE,6.0,14.999999999999998,74.0,47.0,1021.4,1019.8,5.0,4.0,23.0,25.8,Yes,No
2010-11-23,Brisbane,16.6,26.6,0.2,9.4,10.4,E,41.0,E,E,22.0,16.999999999999996,44.0,47.0,1023.4,1022.0,6.0,6.0,25.0,25.4,No,No
2010-11-24,Brisbane,18.5,26.4,1.0,7.4,5.0,E,37.0,SE,ESE,15.0,13.0,65.0,47.0,1023.6,1021.4999999999999,7.0,6.0,22.399999999999995,25.600000000000005,No,No
2010-11-25,Brisbane,17.3,26.1,0.0,7.0,5.3,E,37.0,ESE,E,9.0,11.0,53.00000000000001,56.99999999999999,1021.4,1019.7,6.0,7.0,24.0,23.8,No,No
2010-11-26,Brisbane,19.1,27.399999999999995,0.2,5.2,7.1,E,33.0,E,ENE,6.0,14.999999999999998,68.0,50.0,1019.1,1016.4,7.0,7.0,22.8,25.7,No,Yes
2010-11-27,Brisbane,17.2,26.7,1.8000000000000003,7.0,10.2,E,33.0,ENE,ENE,17.0,13.0,54.0,50.0,1017.8,1015.0,4.0,2.0,25.3,25.600000000000005,Yes,No
2010-11-28,Brisbane,18.9,26.3,0.0,8.8,3.2,ENE,24.000000000000004,ENE,ENE,7.0,11.0,58.00000000000001,50.0,1015.3,1012.2,7.0,7.0,24.1,25.1,No,No
2010-11-29,Brisbane,17.6,28.0,0.0,6.6,11.0,ENE,28.0,ENE,NE,4.0,11.0,61.0,51.0,1012.7,1010.3,6.0,2.0,24.8,27.000000000000004,No,Yes
2010-11-30,Brisbane,19.4,27.299999999999997,4.2,6.8,8.1,E,31.0,NE,ENE,9.0,13.0,60.0,56.0,1012.8,1010.5,7.0,7.0,25.2,26.800000000000004,Yes,Yes
2010-12-01,Brisbane,21.5,25.5,3.7999999999999994,6.6,0.5,ENE,35.0,ENE,ENE,15.0,6.0,71.0,91.0,1013.8,1012.6,8.0,8.0,24.6,21.7,Yes,Yes
2010-12-02,Brisbane,19.5,26.900000000000002,58.60000000000001,6.4,0.5,NE,28.0,NNE,ENE,2.0,13.0,84.0,72.0,1016.8,1015.2,8.0,7.0,23.1,24.3,Yes,Yes
2010-12-03,Brisbane,20.2,24.9,1.2,4.4,0.0,ENE,30.0,SE,NE,4.0,11.0,77.0,70.0,1017.0,1013.3,8.0,8.0,22.8,23.7,Yes,No
2010-12-04,Brisbane,21.3,24.3,0.2,3.2,0.1,ENE,33.0,ENE,ENE,15.0,11.0,71.0,82.0,1011.3,1008.9,8.0,8.0,24.1,22.2,No,Yes
2010-12-05,Brisbane,19.6,26.1,50.6,4.2,1.2,E,28.0,SE,ENE,4.0,13.0,94.0,72.0,1010.4,1008.1,8.0,7.0,21.0,24.9,Yes,No
2010-12-06,Brisbane,20.3,26.4,0.8,0.8,2.1,ESE,30.0,SE,ESE,7.0,7.000000000000001,71.0,82.0,1010.9,1009.2,7.0,7.0,25.8,25.0,No,Yes
2010-12-07,Brisbane,20.9,28.3,8.4,3.2,8.7,E,37.0,SSE,E,9.0,9.0,75.0,84.0,1013.7,1012.1,7.0,5.0,25.8,24.8,Yes,Yes
2010-12-08,Brisbane,21.1,27.9,5.4,6.4,10.9,E,26.0,ENE,ENE,9.0,13.0,69.0,66.0,1016.8,1015.2,5.0,7.0,25.9,26.9,Yes,No
2010-12-09,Brisbane,21.6,28.9,0.0,6.2,11.4,NE,24.000000000000004,ENE,NE,9.0,11.0,65.0,62.0,1016.9,1014.2,3.0,1.0,26.9,27.799999999999997,No,No
2010-12-10,Brisbane,21.7,30.4,0.0,8.0,12.0,NE,31.0,NNW,NE,7.0,14.999999999999998,59.0,65.0,1013.0,1008.1,4.0,4.0,27.300000000000004,28.400000000000002,No,No
2010-12-11,Brisbane,24.1,30.7,0.0,7.2,3.7,W,48.00000000000001,N,SSW,7.0,6.0,65.0,89.0,1007.9,1004.9,6.0,7.0,28.299999999999997,25.4,No,Yes
2010-12-12,Brisbane,20.4,27.2,80.4,12.4,0.0,W,15.0,NW,NE,2.0,6.0,80.99999999999999,86.0,1008.8,1006.9,8.0,8.0,23.9,23.7,Yes,Yes
2010-12-13,Brisbane,22.0,30.199999999999996,1.6,2.0,9.2,ENE,30.0,SSW,E,2.0,13.0,67.0,62.0,1010.7999999999998,1008.8,7.0,1.0,27.200000000000003,28.699999999999996,Yes,No
2010-12-14,Brisbane,20.8,29.1,0.0,5.8,9.1,ESE,33.0,SSE,ESE,7.0,13.0,64.0,60.00000000000001,1011.8,1009.1,6.0,3.0,26.5,28.999999999999996,No,No
2010-12-15,Brisbane,20.5,32.1,0.2,5.8,12.4,NE,24.000000000000004,SW,ENE,4.0,11.0,62.0,55.0,1011.2,1006.8,1.0,2.0,27.000000000000004,29.199999999999996,No,No
2010-12-19,Brisbane,21.3,24.2,9.8,5.2,0.0,WSW,22.0,SW,S,4.0,6.0,72.0,90.0,1006.7,1005.2,7.0,8.0,22.6,19.0,Yes,Yes
2010-12-20,Brisbane,17.3,28.099999999999998,57.4,3.7999999999999994,12.3,W,48.00000000000001,W,W,17.0,24.0,64.0,31.0,1002.6,1003.6,7.0,1.0,24.1,27.200000000000003,Yes,No
2010-12-22,Brisbane,17.8,23.1,0.0,8.0,0.0,SE,24.000000000000004,SE,SW,7.0,4.0,75.0,88.0,1016.6,1015.5,7.0,8.0,22.1,20.6,No,Yes
2010-12-23,Brisbane,19.2,29.1,12.8,0.6,2.9,ESE,24.000000000000004,SW,E,6.0,9.0,87.0,65.0,1016.9,1014.8,8.0,7.0,21.8,27.999999999999996,Yes,No
2010-12-24,Brisbane,21.8,27.700000000000003,0.2,3.2,0.2,SSE,41.0,SE,ESE,15.0,11.0,71.0,81.0,1016.9,1015.3,7.0,8.0,26.800000000000004,25.2,No,Yes
2010-12-25,Brisbane,21.9,26.2,36.2,6.6,0.2,SSE,15.0,S,SSE,2.0,6.0,90.0,85.0,1014.8,1011.9,8.0,8.0,24.8,24.9,Yes,Yes
2010-12-27,Brisbane,21.6,26.6,60.2,0.6,0.0,W,33.0,N,SW,2.0,7.000000000000001,94.0,92.00000000000001,1002.2999999999998,1000.1,8.0,8.0,24.2,21.4,Yes,Yes
2010-12-28,Brisbane,21.1,25.1,34.0,2.0,0.0,SE,46.0,SE,SE,17.0,9.0,73.0,70.0,1012.7,1013.1,8.0,8.0,23.6,23.5,Yes,No
2010-12-29,Brisbane,20.4,27.5,1.0,3.4,0.0,SE,33.0,SE,SE,17.0,11.0,58.00000000000001,56.0,1015.8,1013.3,8.0,7.0,24.5,27.099999999999998,No,No
2010-12-30,Brisbane,19.4,30.4,0.0,4.4,11.4,E,30.0,SSE,E,7.0,14.999999999999998,58.00000000000001,56.99999999999999,1015.5,1013.2,6.0,3.0,26.7,29.1,No,No
2010-12-31,Brisbane,20.4,29.5,0.0,6.8,12.6,ESE,35.0,ESE,E,9.0,16.999999999999996,58.00000000000001,52.0,1015.3,1013.3,4.0,1.0,26.9,28.299999999999997,No,No
2011-01-01,Brisbane,21.7,28.4,0.4,6.6,0.0,ESE,30.0,SSE,SE,7.0,6.0,89.0,90.0,1014.4,1012.9,8.0,8.0,23.0,24.1,No,Yes
2011-01-02,Brisbane,22.7,29.600000000000005,3.0,2.2,11.2,E,26.0,NE,NE,7.0,11.0,68.0,63.00000000000001,1013.9,1010.7,4.0,3.0,27.4,28.400000000000002,Yes,No
2011-01-03,Brisbane,22.9,32.1,0.0,6.2,6.9,E,24.000000000000004,SW,ESE,4.0,6.0,67.0,58.0,1009.7,1006.3,5.0,5.0,27.799999999999997,28.6,No,No
2011-01-04,Brisbane,22.2,30.7,0.0,5.4,7.8,ESE,28.0,S,E,7.0,13.0,60.0,64.0,1007.8,1006.0,6.0,7.0,28.499999999999996,28.699999999999996,No,No
2011-01-05,Brisbane,21.7,29.300000000000004,0.0,5.2,0.0,W,26.0,E,NE,6.0,9.0,65.0,64.0,1008.1,1004.4,6.0,6.0,26.800000000000004,27.4,No,Yes
2011-01-06,Brisbane,20.5,24.8,41.8,4.6,0.0,WSW,22.0,ESE,S,7.0,4.0,82.0,91.0,1005.4,1004.8,8.0,8.0,23.9,19.9,Yes,Yes
2011-01-08,Brisbane,21.1,27.299999999999997,11.599999999999998,2.0,2.1,SE,37.0,SSE,SSE,15.0,14.999999999999998,65.0,73.0,1008.1,1005.1,7.0,8.0,26.7,25.9,Yes,Yes
2011-01-11,Brisbane,23.8,28.6,15.399999999999999,2.0,0.0,E,33.0,E,E,15.0,14.999999999999998,88.0,94.0,1007.7,1007.4,8.0,8.0,25.0,24.1,Yes,Yes
2011-01-13,Brisbane,22.1,28.4,0.4,7.800000000000001,6.9,ENE,31.0,ESE,ESE,13.0,13.0,58.00000000000001,56.99999999999999,1013.1,1010.8,3.0,5.0,27.200000000000003,27.099999999999998,No,No
2011-01-14,Brisbane,19.4,28.9,0.0,8.2,11.8,E,31.0,ESE,E,11.0,13.0,60.0,59.0,1011.5,1009.0,7.0,5.0,26.100000000000005,27.099999999999998,No,No
2011-01-15,Brisbane,20.2,28.8,0.4,7.2,9.2,E,26.0,SW,E,4.0,7.000000000000001,77.0,52.0,1009.3,1006.6,7.0,5.0,24.0,27.999999999999996,No,No
2011-01-18,Brisbane,23.2,34.9,0.0,7.2,10.1,ENE,30.0,SW,E,6.0,11.0,57.0,53.0,1003.8,1003.5,1.0,3.0,31.6,31.2,No,Yes
2011-01-19,Brisbane,23.4,31.2,3.4,4.6,10.3,SW,33.0,E,ENE,7.0,13.0,70.0,71.0,1007.4,1005.7,6.0,7.0,29.399999999999995,28.699999999999996,Yes,Yes
2011-01-20,Brisbane,20.6,29.8,36.2,4.2,8.6,SE,33.0,S,ESE,4.0,11.0,67.0,70.0,1008.8,1008.6,6.0,7.0,27.999999999999996,26.5,Yes,Yes
2011-01-21,Brisbane,20.7,28.500000000000004,4.4,6.0,8.0,ESE,43.0,SE,SE,11.0,14.999999999999998,77.0,51.0,1012.2,1010.7,7.0,5.0,23.8,27.900000000000002,Yes,No
2011-01-22,Brisbane,18.9,29.399999999999995,0.0,6.4,12.5,SSE,39.0,S,ESE,9.0,19.999999999999996,54.0,48.0,1012.9,1011.7,3.0,4.0,26.7,27.799999999999997,No,No
2011-01-23,Brisbane,18.8,29.8,0.0,9.8,11.6,ESE,37.0,SSE,SE,9.0,11.0,49.0,43.0,1010.9,1008.4,3.0,2.0,26.600000000000005,28.699999999999996,No,No
2011-01-24,Brisbane,19.1,29.399999999999995,0.0,8.4,12.5,NE,20.0,NNE,ENE,2.0,7.000000000000001,52.0,47.0,1010.2,1007.3,1.0,1.0,26.100000000000005,28.900000000000002,No,No
2011-01-25,Brisbane,20.2,30.4,0.0,5.8,12.8,NNE,24.000000000000004,N,NE,4.0,11.0,58.00000000000001,56.0,1011.4000000000001,1009.9,1.0,1.0,28.200000000000003,28.900000000000002,No,No
2011-01-26,Brisbane,21.5,30.500000000000004,0.0,7.4,12.8,ENE,28.0,ESE,ENE,2.0,11.0,57.0,59.0,1015.3,1013.7,3.0,1.0,27.300000000000004,28.900000000000002,No,No
2011-01-27,Brisbane,20.6,30.999999999999996,0.0,7.0,12.6,E,22.0,SE,NE,4.0,9.0,61.0,56.0,1015.5,1012.5,3.0,1.0,27.200000000000003,29.899999999999995,No,No
2011-01-28,Brisbane,21.9,31.400000000000002,0.0,8.2,9.6,SE,31.0,SSE,ESE,6.0,14.999999999999998,65.0,53.99999999999999,1013.5,1013.1,5.0,3.0,27.799999999999997,30.1,No,No
2011-01-29,Brisbane,23.1,29.700000000000003,0.2,8.0,10.4,E,46.0,SE,SE,15.0,16.999999999999996,58.00000000000001,44.0,1018.0,1016.1,5.0,2.0,25.5,29.1,No,No
2011-01-30,Brisbane,20.8,30.0,0.0,8.0,4.1,ESE,31.0,ESE,E,11.0,14.999999999999998,63.0,62.0,1019.5999999999999,1017.6,7.0,7.0,27.000000000000004,27.4,No,No
2011-01-31,Brisbane,21.1,31.1,0.0,5.8,12.4,ENE,24.000000000000004,ENE,NE,9.0,9.0,61.0,55.0,1018.3,1015.3,3.0,3.0,27.599999999999998,30.0,No,Yes
2011-02-01,Brisbane,23.2,30.7,3.6000000000000005,7.599999999999999,6.8,ENE,26.0,ENE,ENE,9.0,11.0,80.99999999999999,67.0,1017.5,1014.8,5.0,7.0,27.099999999999998,29.699999999999996,Yes,Yes
2011-02-07,Brisbane,24.2,30.4,1.6,4.6,1.8,SE,31.0,SW,SE,4.0,13.0,80.99999999999999,58.0,1018.2,1014.9,7.0,7.0,24.6,29.199999999999996,Yes,Yes
2011-02-09,Brisbane,21.0,28.999999999999996,14.2,2.2,8.3,SE,43.0,SE,ESE,13.0,16.999999999999996,59.0,45.0,1019.9000000000001,1019.0,5.0,3.0,26.600000000000005,28.299999999999997,Yes,No
2011-02-13,Brisbane,20.7,30.8,0.0,6.4,10.4,E,22.0,WSW,ENE,6.0,11.0,65.0,59.0,1016.1,1013.1,5.0,3.0,26.4,28.900000000000002,No,No
2011-02-14,Brisbane,21.4,31.799999999999997,0.0,6.4,12.0,E,33.0,SE,E,11.0,16.999999999999996,61.0,48.0,1016.1,1014.3,5.0,3.0,27.799999999999997,30.5,No,No
2011-02-16,Brisbane,20.3,28.8,21.0,4.8,3.6,SE,30.0,S,S,6.0,2.0,79.0,84.0,1016.9,1014.4,5.0,6.0,25.4,24.7,Yes,Yes
2011-02-17,Brisbane,21.9,28.7,2.2,3.6,7.0,E,20.0,SSE,W,4.0,2.0,75.0,80.0,1014.6,1012.3,7.0,5.0,26.600000000000005,26.5,Yes,Yes
2011-02-18,Brisbane,21.0,31.300000000000004,19.0,4.4,11.7,E,24.000000000000004,SE,E,6.0,14.999999999999998,69.0,60.00000000000001,1013.7,1011.5,3.0,2.0,27.000000000000004,29.6,Yes,No
2011-02-19,Brisbane,22.1,31.899999999999995,0.0,8.0,12.2,ENE,20.0,E,ENE,6.0,9.0,68.0,56.0,1014.1,1011.4,4.0,1.0,28.200000000000003,30.3,No,No
2011-02-20,Brisbane,22.1,35.3,0.0,3.6,12.3,ENE,20.0,WSW,NE,4.0,9.0,55.0,51.0,1011.9,1007.3,0.0,1.0,28.699999999999996,33.6,No,No
2011-02-21,Brisbane,24.4,34.5,0.0,8.0,8.1,WNW,41.0,WNW,ENE,4.0,13.0,65.0,67.0,1008.1,1004.6,4.0,6.0,30.7,30.3,No,Yes
2011-02-22,Brisbane,21.9,28.4,68.8,10.6,9.1,SE,48.00000000000001,SSE,SE,22.0,16.999999999999996,59.0,55.0,1014.4,1014.5,5.0,7.0,25.8,26.0,Yes,No
2011-02-24,Brisbane,18.8,27.700000000000003,3.6000000000000005,6.6,9.0,SSE,30.0,S,ESE,4.0,11.0,63.0,53.99999999999999,1017.3,1014.4,6.0,5.0,23.9,27.000000000000004,Yes,No
2011-02-25,Brisbane,18.3,29.300000000000004,0.0,4.2,11.2,E,22.0,SW,ENE,4.0,11.0,61.0,56.0,1015.2,1012.4,2.0,2.0,25.5,27.900000000000002,No,No
2011-02-26,Brisbane,19.2,30.6,0.0,7.4,11.0,ENE,22.0,SW,ENE,4.0,11.0,63.0,49.00000000000001,1014.3,1010.9,2.0,1.0,26.0,28.499999999999996,No,No
2011-03-01,Brisbane,21.9,33.2,0.0,7.4,11.9,NNE,24.000000000000004,NW,NNE,4.0,9.0,61.0,53.99999999999999,1011.3,1008.1,1.0,1.0,27.900000000000002,32.2,No,Yes
2011-03-02,Brisbane,20.4,30.9,22.6,7.0,8.0,SSE,30.0,SW,E,7.0,11.0,78.0,55.0,1013.2,1010.2,6.0,1.0,25.9,30.399999999999995,Yes,Yes
2011-03-03,Brisbane,23.8,33.1,1.2,5.0,7.1,SSE,28.0,WSW,ENE,4.0,11.0,76.0,60.00000000000001,1012.0000000000001,1007.8,4.0,3.0,26.7,30.9,Yes,Yes
2011-03-04,Brisbane,22.6,25.0,23.4,1.2,0.0,SSE,17.0,SSE,SSE,2.0,9.0,90.99999999999999,87.0,1011.8,1009.0,8.0,8.0,23.1,24.1,Yes,Yes
2011-03-05,Brisbane,21.1,27.0,29.2,2.2,0.0,SE,41.0,SW,SSE,4.0,11.0,87.0,59.0,1014.2,1014.2,8.0,8.0,24.1,26.800000000000004,Yes,Yes
2011-03-06,Brisbane,19.2,27.399999999999995,1.4,5.0,8.2,SE,48.00000000000001,SE,SE,13.0,19.999999999999996,57.0,44.0,1020.5000000000001,1019.4,3.0,3.0,25.3,26.4,Yes,No
2011-03-07,Brisbane,18.5,27.5,0.4,6.6,9.5,ESE,33.0,SE,ESE,7.0,14.999999999999998,63.0,45.0,1020.4,1017.7,7.0,3.0,23.2,26.600000000000005,No,No
2011-03-08,Brisbane,18.1,27.0,0.8,6.2,10.0,ESE,33.0,NE,E,4.0,11.0,76.0,53.0,1018.7,1016.0,7.0,3.0,23.1,25.4,No,Yes
2011-03-10,Brisbane,19.7,27.600000000000005,0.2,6.8,4.7,NE,24.000000000000004,E,NE,4.0,9.0,60.0,58.0,1015.7,1013.2,6.0,7.0,26.4,27.200000000000003,No,No
2011-03-11,Brisbane,20.7,29.2,0.0,3.2,8.6,ENE,26.0,ENE,ENE,6.0,13.0,61.0,58.0,1016.5,1015.3,6.0,7.0,26.9,27.799999999999997,No,No
2011-03-12,Brisbane,21.2,28.9,0.2,5.6,7.9,E,30.0,ENE,ENE,11.0,13.0,64.0,58.0,1020.1,1018.7,6.0,6.0,27.4,27.599999999999998,No,No
2011-03-16,Brisbane,21.3,30.4,0.0,5.6,8.5,ENE,22.0,S,ENE,4.0,9.0,68.0,61.0,1018.1,1014.8,6.0,6.0,26.2,28.699999999999996,No,No
2011-03-18,Brisbane,21.8,28.7,0.0,5.0,0.2,ENE,15.0,WSW,ENE,6.0,2.0,76.0,62.0,1015.0,1011.2,7.0,7.0,24.4,27.900000000000002,No,Yes
2011-03-19,Brisbane,22.3,23.9,1.4,2.4,0.0,E,22.0,SE,SSE,7.0,6.0,80.0,92.00000000000001,1011.9,1008.4,8.0,8.0,23.6,21.7,Yes,Yes
2011-03-20,Brisbane,20.3,27.2,32.6,2.0,0.0,SE,26.0,SW,SE,2.0,7.000000000000001,94.0,78.0,1007.8,1004.2,8.0,8.0,22.399999999999995,25.5,Yes,Yes
2011-03-21,Brisbane,22.2,31.1,1.2,1.4,8.1,ENE,15.0,SW,ENE,4.0,9.0,70.0,68.0,1005.1,1001.9,5.0,5.0,26.9,28.6,Yes,No
2011-03-22,Brisbane,23.1,34.5,0.0,3.0,8.5,WNW,28.0,W,WNW,4.0,13.0,76.0,39.0,1003.1999999999999,1000.1,7.0,2.0,27.4,33.9,No,No
2011-03-23,Brisbane,19.6,32.4,0.0,5.4,11.6,W,30.0,WSW,WNW,6.0,11.0,48.00000000000001,40.0,1006.7,1003.4,1.0,3.0,27.999999999999996,31.8,No,No
2011-03-24,Brisbane,20.7,30.9,0.0,7.800000000000001,11.2,W,31.0,W,W,9.0,14.999999999999998,52.0,34.0,1009.8,1006.5,1.0,2.0,26.300000000000004,30.3,No,No
2011-03-25,Brisbane,16.3,29.9,0.0,7.800000000000001,8.6,W,37.0,SW,W,4.0,14.999999999999998,42.99999999999999,34.0,1011.6999999999999,1008.7,1.0,4.0,25.8,29.3,No,No
2011-03-26,Brisbane,19.1,28.7,0.0,8.0,10.7,SE,31.0,SSW,SE,4.0,13.0,56.0,48.0,1014.8,1013.8,3.0,3.0,25.7,27.4,No,No
2011-03-27,Brisbane,19.4,27.0,0.0,8.0,5.2,SE,41.0,S,SE,9.0,13.0,57.0,52.0,1020.0,1018.2,5.0,7.0,25.2,25.8,No,No
2011-03-28,Brisbane,18.1,26.800000000000004,0.0,7.2,4.8,SE,35.0,S,SE,6.0,13.0,59.0,69.0,1022.6,1020.6,4.0,6.0,24.7,23.8,No,Yes
2011-03-29,Brisbane,19.2,26.6,6.0,3.2,0.9,E,28.0,SSW,E,2.0,13.0,75.0,52.0,1022.3,1019.7,7.0,8.0,24.2,25.5,Yes,Yes
2011-03-31,Brisbane,19.3,27.600000000000005,16.0,1.0,6.6,WSW,22.0,SW,E,2.0,9.0,79.0,70.0,1020.0,1017.6,7.0,7.0,22.8,25.4,Yes,No
2011-05-01,Brisbane,14.699999999999998,27.1,0.2,3.4,10.1,W,20.0,WSW,S,6.0,6.0,66.0,37.0,1015.3,1011.5,0.0,1.0,20.8,26.300000000000004,No,No
2011-05-02,Brisbane,14.1,27.600000000000005,0.0,3.0,10.1,E,17.0,SSW,ENE,4.0,4.0,66.0,47.0,1015.6,1012.2,1.0,3.0,20.9,25.7,No,No
2011-05-04,Brisbane,14.799999999999999,25.3,19.6,3.4,8.8,WSW,20.0,SW,SSE,6.0,6.0,72.0,47.0,1014.0,1011.5,1.0,3.0,19.6,24.4,Yes,No
2011-05-05,Brisbane,14.199999999999998,25.6,0.2,3.4,8.8,SSE,26.0,WSW,SW,6.0,7.000000000000001,61.0,45.0,1016.3,1014.5,1.0,3.0,20.1,25.4,No,No
2011-05-06,Brisbane,14.299999999999999,24.9,0.0,4.0,9.6,SW,19.0,SW,W,7.0,6.0,53.00000000000001,43.0,1020.4,1016.5,6.0,6.0,19.6,23.3,No,No
2011-05-07,Brisbane,12.3,25.0,0.0,4.0,10.0,W,13.0,SW,W,6.0,4.0,67.0,38.0,1018.3,1014.3,1.0,3.0,18.1,24.0,No,No
2011-05-09,Brisbane,16.2,18.9,5.6,2.0,0.1,SSW,17.0,SW,W,4.0,4.0,90.0,84.0,1013.4,1009.7,8.0,7.0,16.8,16.6,Yes,Yes
2011-05-10,Brisbane,13.199999999999998,22.5,3.7999999999999994,1.6,10.1,WSW,31.0,WSW,W,11.0,13.0,69.0,47.0,1011.8,1009.8,2.0,2.0,16.9,20.8,Yes,No
2011-05-11,Brisbane,10.3,21.5,0.0,3.4,10.2,WNW,35.0,W,WNW,4.0,13.0,49.0,32.0,1014.7,1010.9,0.0,0.0,18.0,21.2,No,No
2011-05-12,Brisbane,11.8,21.7,0.0,5.4,10.2,W,41.0,WSW,W,11.0,16.999999999999996,44.0,36.0,1014.9,1010.6,1.0,1.0,16.4,21.2,No,No
2011-05-13,Brisbane,7.8999999999999995,22.9,0.0,5.6,10.3,W,22.0,SW,SW,6.0,7.000000000000001,47.0,35.0,1016.6,1012.2,0.0,1.0,16.2,22.3,No,No
2011-05-14,Brisbane,8.2,23.0,0.0,4.0,10.3,W,28.0,SW,WSW,6.0,6.0,48.00000000000001,31.0,1016.2,1014.4,2.0,2.0,18.3,22.7,No,No
2011-05-15,Brisbane,11.5,23.2,0.0,4.0,10.0,SW,19.0,SW,S,6.0,4.0,42.99999999999999,32.0,1026.0,1024.5,1.0,2.0,16.5,22.2,No,No
2011-05-16,Brisbane,10.5,23.7,0.0,4.4,8.1,W,17.0,SW,NNW,6.0,2.0,59.0,79.0,1029.5,1026.0,2.0,5.0,17.4,18.7,No,No
2011-05-17,Brisbane,11.2,24.9,0.4,3.2,8.1,ESE,19.0,SW,ESE,4.0,9.0,75.0,53.0,1027.7,1024.2,1.0,2.0,16.6,22.2,No,No
2011-05-18,Brisbane,12.1,23.8,0.2,4.0,7.299999999999999,SE,28.0,SW,SE,4.0,9.0,64.0,51.0,1028.6,1025.7,3.0,5.0,18.0,22.7,No,No
2011-05-19,Brisbane,14.5,22.5,0.2,3.0,6.5,SSE,28.0,SSW,SE,4.0,6.0,77.0,87.0,1028.3,1026.2,5.0,7.0,18.6,19.3,No,Yes
2011-05-20,Brisbane,14.199999999999998,24.1,4.2,3.0,8.9,ESE,24.000000000000004,SSW,E,4.0,7.000000000000001,73.0,56.99999999999999,1027.0,1023.9000000000001,1.0,6.0,18.9,22.4,Yes,No
2011-05-21,Brisbane,14.1,23.2,0.4,3.0,4.5,E,22.0,WSW,SE,4.0,9.0,85.0,77.0,1025.7,1022.1999999999999,7.0,4.0,17.0,21.1,No,Yes
2011-05-22,Brisbane,17.0,24.5,10.8,2.2,4.7,E,15.0,SW,ENE,4.0,7.000000000000001,89.0,64.0,1022.9,1017.9,7.0,7.0,18.7,23.1,Yes,No
2011-05-24,Brisbane,14.1,22.6,11.4,0.8,9.7,W,31.0,W,W,9.0,9.0,63.0,42.0,1009.3,1005.4,1.0,3.0,18.9,22.1,Yes,No
2011-05-25,Brisbane,11.7,19.4,0.0,5.6,10.1,W,44.0,W,W,11.0,14.999999999999998,61.0,46.00000000000001,1009.6,1006.5,1.0,1.0,16.0,19.2,No,No
2011-05-26,Brisbane,11.0,22.2,0.0,6.0,9.6,WSW,24.000000000000004,WSW,W,7.0,7.000000000000001,55.0,43.0,1013.4,1012.2,1.0,2.0,16.4,21.1,No,No
2011-05-27,Brisbane,9.6,23.7,0.0,3.2,9.8,SW,19.0,SW,WSW,6.0,4.0,64.0,39.0,1018.8,1015.8,1.0,1.0,16.3,22.6,No,No
2011-05-28,Brisbane,10.4,22.8,0.0,3.0,5.5,SE,15.0,SW,E,6.0,6.0,71.0,59.0,1021.5,1019.2,1.0,7.0,15.6,20.8,No,No
2011-05-29,Brisbane,14.400000000000002,23.1,0.0,2.8,7.499999999999999,ESE,24.000000000000004,SSW,E,4.0,13.0,69.0,64.0,1023.0,1018.8,4.0,5.0,17.9,20.7,No,Yes
2011-05-30,Brisbane,14.400000000000002,22.7,12.0,2.0,8.3,WSW,22.0,SW,WSW,4.0,4.0,87.0,51.0,1018.1,1013.7,4.0,4.0,16.4,21.9,Yes,No
2011-05-31,Brisbane,10.4,19.9,0.2,2.0,7.9,ESE,19.0,SW,WSW,6.0,6.0,76.0,56.0,1015.2,1012.7,5.0,6.0,14.3,19.6,No,No
2011-06-02,Brisbane,12.5,24.0,0.0,0.4,7.4,SW,26.0,SW,SSW,7.0,7.000000000000001,72.0,53.99999999999999,1017.6,1015.4,1.0,6.0,18.6,22.2,No,No
2011-06-03,Brisbane,13.400000000000002,23.9,0.0,3.4,9.8,WSW,19.0,WSW,W,9.0,9.0,59.0,44.0,1018.6,1015.2,0.0,1.0,18.6,23.2,No,No
2011-06-04,Brisbane,10.5,24.3,0.0,2.8,9.8,WNW,19.0,W,WNW,4.0,7.000000000000001,73.0,40.0,1018.9,1015.2,0.0,2.0,15.1,23.5,No,No
2011-06-05,Brisbane,11.1,22.8,0.0,2.8,2.1,WSW,13.0,SW,W,4.0,6.0,80.0,49.00000000000001,1018.9,1014.7,7.0,6.0,14.499999999999998,21.9,No,No
2011-06-06,Brisbane,10.6,25.8,0.0,4.0,10.1,W,20.0,SW,WNW,2.0,6.0,69.0,39.0,1017.4,1014.5,1.0,2.0,17.9,25.1,No,No
2011-06-09,Brisbane,12.2,12.6,0.0,2.8,0.0,W,22.0,W,W,7.0,7.000000000000001,42.0,45.0,1017.4,1014.9,7.0,7.0,12.4,12.0,No,No
2011-06-10,Brisbane,6.8,20.4,0.0,3.4,9.2,W,28.0,WSW,W,7.0,6.0,51.0,33.0,1017.8,1015.9,1.0,2.0,12.4,19.6,No,No
2011-06-11,Brisbane,9.5,15.499999999999998,0.0,2.4,0.0,WSW,17.0,WSW,WSW,4.0,4.0,68.0,65.0,1020.6,1017.8,8.0,8.0,12.1,15.3,No,Yes
2011-06-12,Brisbane,12.1,18.8,3.7999999999999994,0.4,1.7,SW,26.0,SW,WSW,4.0,11.0,93.0,79.0,1016.9,1014.0,8.0,7.0,14.100000000000001,17.0,Yes,No
2011-06-13,Brisbane,12.5,22.5,0.2,3.2,9.5,WSW,28.0,WSW,SSW,9.0,6.0,70.0,53.99999999999999,1014.2,1010.3,3.0,2.0,16.5,21.9,No,No
2011-06-14,Brisbane,9.6,20.1,0.0,3.6,9.8,W,33.0,W,WNW,13.0,14.999999999999998,66.0,53.99999999999999,1012.1,1009.8,1.0,4.0,16.1,19.1,No,No
2011-06-16,Brisbane,7.7,22.0,0.0,2.2,9.5,WSW,30.0,W,WSW,11.0,9.0,65.0,48.0,1015.6,1012.5,1.0,2.0,15.0,20.7,No,No
2011-06-17,Brisbane,8.0,21.7,0.0,3.4,10.2,W,43.0,WSW,W,4.0,11.0,60.0,43.0,1014.1,1009.3,1.0,2.0,17.4,21.1,No,No
2011-06-18,Brisbane,8.5,20.3,0.0,5.8,9.7,W,35.0,WSW,W,9.0,16.999999999999996,45.0,33.0,1013.6,1010.5,1.0,1.0,15.1,19.7,No,No
2011-06-19,Brisbane,7.7,20.1,0.0,5.0,9.1,WSW,19.0,WSW,WSW,7.0,4.0,58.00000000000001,41.0,1017.5,1015.2,0.0,0.0,13.500000000000002,19.5,No,No
2011-06-22,Brisbane,8.2,18.5,0.0,3.6,9.9,WSW,37.0,W,W,11.0,13.0,58.00000000000001,30.000000000000004,1015.9,1013.8,1.0,0.0,14.8,18.0,No,No
2011-06-23,Brisbane,6.0,20.5,0.0,6.4,9.9,WSW,17.0,SW,WNW,6.0,6.0,57.0,33.0,1020.4,1018.1,0.0,0.0,12.7,20.1,No,No
2011-06-24,Brisbane,7.7,23.1,0.0,3.0,9.6,SW,17.0,SW,SSE,4.0,4.0,63.0,45.0,1025.5,1022.9999999999999,1.0,2.0,13.600000000000001,23.0,No,No
2011-06-25,Brisbane,12.3,22.5,0.2,2.8,9.4,E,30.0,SSW,ESE,6.0,13.0,69.0,48.0,1028.5,1025.9,1.0,1.0,17.0,20.9,No,No
2011-06-26,Brisbane,13.0,22.7,0.0,3.6,9.1,NE,24.000000000000004,WSW,ESE,6.0,7.000000000000001,69.0,56.0,1028.4,1024.9,2.0,1.0,16.8,20.5,No,No
2011-06-27,Brisbane,12.5,22.6,0.0,2.8,0.1,WSW,13.0,WSW,NE,2.0,4.0,77.0,47.0,1027.3,1024.3,7.0,6.0,15.0,21.3,No,No
2011-06-28,Brisbane,12.0,22.4,0.0,2.2,8.8,E,30.0,SSW,SE,6.0,11.0,62.0,58.0,1029.3,1026.8,1.0,3.0,16.6,20.3,No,No
2011-06-29,Brisbane,13.8,19.3,0.0,3.6,4.1,ESE,37.0,SSE,SE,9.0,13.0,74.0,67.0,1030.6,1028.8,7.0,7.0,16.4,18.9,No,Yes
2011-06-30,Brisbane,12.3,20.8,6.4,1.8,4.9,SSE,37.0,SW,SSE,4.0,13.0,82.0,53.0,1031.1,1027.6,5.0,4.0,15.3,19.5,Yes,No
2011-07-01,Brisbane,11.4,21.6,0.2,3.0,8.8,SE,22.0,SW,SSE,7.0,7.000000000000001,70.0,48.0,1026.5,1022.7,2.0,6.0,15.9,21.0,No,No
2011-07-02,Brisbane,11.3,22.1,0.0,2.8,8.7,SE,24.000000000000004,WSW,SW,7.0,2.0,71.0,47.0,1024.6,1021.0,6.0,2.0,15.8,21.1,No,No
2011-07-03,Brisbane,12.3,20.9,0.0,3.0,1.2,WSW,15.0,SW,NE,4.0,6.0,72.0,63.00000000000001,1023.4,1021.0,7.0,7.0,15.9,19.2,No,No
2011-07-04,Brisbane,10.6,23.5,0.0,2.8,9.5,W,19.0,SW,WNW,4.0,7.000000000000001,79.0,39.0,1022.5,1017.2,0.0,1.0,14.8,23.0,No,No
2011-07-05,Brisbane,11.1,22.3,0.0,2.6,10.2,W,43.0,W,W,9.0,16.999999999999996,55.0,26.999999999999996,1017.3,1013.0,1.0,0.0,19.5,21.6,No,No
2011-07-06,Brisbane,7.200000000000001,21.4,0.0,8.2,9.9,WSW,31.0,WSW,W,11.0,13.0,35.0,26.0,1016.2,1012.8,0.0,0.0,16.3,20.9,No,No
2011-07-07,Brisbane,7.3999999999999995,20.9,0.0,6.2,9.9,W,39.0,WSW,W,4.0,13.0,36.0,32.0,1017.9,1015.9,0.0,1.0,17.2,20.6,No,No
2011-07-08,Brisbane,6.5,20.8,0.0,5.0,9.7,WNW,22.0,SW,SW,4.0,4.0,53.00000000000001,32.0,1024.4,1020.8,1.0,1.0,13.999999999999998,20.3,No,No
2011-07-09,Brisbane,9.0,20.0,0.0,4.0,10.1,W,33.0,W,W,13.0,14.999999999999998,41.0,28.0,1020.8,1016.9,0.0,0.0,13.7,19.7,No,No
2011-07-10,Brisbane,6.8,19.2,0.0,6.0,10.0,WSW,33.0,SW,WNW,6.0,11.0,47.0,29.0,1019.2,1015.1,0.0,0.0,12.1,19.0,No,No
2011-07-11,Brisbane,10.0,21.9,0.0,7.2,9.9,W,35.0,W,WNW,9.0,9.0,42.0,29.0,1018.9,1017.8,5.0,2.0,14.699999999999998,20.7,No,No
2011-07-12,Brisbane,6.700000000000001,21.6,0.0,5.0,9.9,NNE,15.0,SW,SW,4.0,2.0,62.0,36.0,1024.9,1021.2,1.0,0.0,11.6,21.3,No,No
2011-07-13,Brisbane,5.6,23.5,0.0,2.4,9.6,W,20.0,SW,WSW,2.0,4.0,63.0,21.0,1022.2,1018.5,7.0,3.0,11.7,23.0,No,No
2011-07-16,Brisbane,12.0,16.4,10.8,2.6,0.6,SSE,22.0,SSW,S,4.0,4.0,90.99999999999999,77.0,1028.1,1024.1,8.0,7.0,13.1,15.9,Yes,No
2011-07-17,Brisbane,12.2,21.8,1.0,1.2,7.8,SSE,17.0,SW,SSE,6.0,2.0,74.0,58.0,1022.8,1019.0,1.0,3.0,15.6,20.6,No,No
2011-07-18,Brisbane,10.1,23.4,0.2,2.6,9.9,SW,19.0,SW,WSW,6.0,6.0,80.0,40.0,1019.4,1015.2,1.0,3.0,14.8,23.2,No,No
2011-07-19,Brisbane,8.3,19.6,0.0,3.2,10.2,WSW,37.0,W,W,7.0,16.999999999999996,60.0,30.000000000000004,1016.7,1012.4,1.0,0.0,15.6,18.9,No,No
2011-07-20,Brisbane,10.0,18.0,0.0,6.0,10.0,W,43.0,W,W,13.0,19.999999999999996,56.0,49.00000000000001,1012.0000000000001,1009.3,1.0,1.0,13.500000000000002,17.2,No,No
2011-07-21,Brisbane,10.8,23.2,0.0,6.2,10.0,W,30.0,WSW,WNW,7.0,14.999999999999998,51.0,34.0,1012.0000000000001,1008.2,0.0,1.0,17.6,22.8,No,No
2011-07-22,Brisbane,12.3,23.6,0.0,6.2,10.0,SSW,30.0,WSW,SSW,9.0,9.0,51.0,40.0,1012.1,1009.4,1.0,1.0,17.2,22.6,No,No
2011-07-23,Brisbane,11.4,22.1,0.0,4.0,9.8,SSW,24.000000000000004,WSW,SW,7.0,7.000000000000001,54.0,35.0,1014.8,1013.4,1.0,3.0,16.5,20.8,No,No
2011-07-24,Brisbane,8.4,21.3,0.0,4.8,9.8,WSW,17.0,SW,WNW,4.0,7.000000000000001,56.0,34.0,1019.3000000000001,1016.5,0.0,2.0,14.699999999999998,20.1,No,No
2011-07-25,Brisbane,7.7,22.2,0.0,2.4,10.1,WSW,19.0,SW,WSW,4.0,4.0,67.0,30.000000000000004,1021.4,1018.2,0.0,1.0,12.4,22.0,No,No
2011-07-26,Brisbane,7.5,24.1,0.2,3.6,7.6,W,22.0,SW,WNW,4.0,6.0,62.0,28.0,1024.1,1019.9,3.0,6.0,13.0,22.2,No,No
2011-07-27,Brisbane,8.8,22.9,0.0,3.2,9.7,WSW,22.0,SW,W,2.0,6.0,56.0,30.000000000000004,1025.4,1022.5,1.0,2.0,15.5,22.4,No,No
2011-07-28,Brisbane,7.200000000000001,21.5,0.0,4.0,9.7,SSE,20.0,SSW,SE,6.0,7.000000000000001,59.0,42.0,1027.9,1024.1,1.0,2.0,13.799999999999999,21.4,No,No
2011-07-29,Brisbane,10.8,21.8,0.0,4.0,8.2,E,26.0,SW,ESE,7.0,9.0,63.0,49.00000000000001,1026.5,1023.2,3.0,4.0,15.5,20.4,No,No
2011-07-30,Brisbane,10.1,21.4,0.0,3.2,8.5,ENE,30.0,SW,ESE,4.0,11.0,67.0,52.0,1024.7,1021.4999999999999,2.0,5.0,15.199999999999998,19.1,No,No
2011-07-31,Brisbane,9.0,22.4,0.0,4.0,8.7,ESE,20.0,SW,E,6.0,7.000000000000001,69.0,49.00000000000001,1023.8,1020.1,1.0,3.0,14.699999999999998,19.2,No,No
2011-08-01,Brisbane,8.8,23.0,0.0,3.4,10.0,E,19.0,SSW,ENE,4.0,7.000000000000001,72.0,40.0,1024.5,1021.0,1.0,1.0,14.599999999999998,21.6,No,No
2011-08-02,Brisbane,9.8,23.2,0.0,3.4,9.8,E,17.0,SW,ENE,4.0,7.000000000000001,74.0,50.0,1025.3,1022.1999999999999,1.0,1.0,14.8,21.7,No,No
2011-08-03,Brisbane,9.7,22.9,0.0,3.2,10.0,E,24.000000000000004,SW,ESE,4.0,9.0,73.0,43.0,1026.4,1024.0,1.0,2.0,15.5,21.7,No,No
2011-08-04,Brisbane,9.1,21.9,0.0,4.0,9.9,E,22.0,SW,E,4.0,11.0,72.0,50.0,1029.1,1026.9,1.0,2.0,15.4,19.9,No,No
2011-08-05,Brisbane,10.3,21.7,0.0,3.6,4.8,E,30.0,WSW,ENE,6.0,9.0,67.0,53.0,1028.9,1025.8,6.0,5.0,16.6,21.4,No,No
2011-08-06,Brisbane,9.5,23.5,0.0,2.8,9.0,NE,20.0,WSW,NNE,6.0,6.0,73.0,49.00000000000001,1026.2,1021.4,1.0,4.0,15.4,21.9,No,No
2011-08-07,Brisbane,13.900000000000002,24.8,0.0,2.8,7.299999999999999,NE,19.0,SW,NE,4.0,9.0,65.0,53.99999999999999,1020.9,1016.0,3.0,2.0,18.7,22.6,No,No
2011-08-08,Brisbane,12.900000000000002,23.9,0.0,4.0,10.1,W,31.0,W,WNW,13.0,9.0,61.0,31.0,1014.1,1009.2,6.0,2.0,18.6,23.4,No,No
2011-08-09,Brisbane,5.3,22.1,0.0,6.4,10.2,W,37.0,WNW,WNW,6.0,14.999999999999998,44.0,24.0,1012.5,1008.0,1.0,3.0,16.4,21.4,No,No
2011-08-10,Brisbane,5.6,22.8,0.0,6.0,10.1,WNW,33.0,NNE,W,4.0,13.0,45.0,25.0,1012.4,1007.4,0.0,1.0,16.4,22.3,No,No
2011-08-11,Brisbane,9.7,21.0,0.0,4.6,4.5,ENE,17.0,WSW,NE,6.0,9.0,59.0,53.0,1010.4,1006.6,6.0,7.0,13.2,19.0,No,No
2011-08-12,Brisbane,9.2,22.7,0.0,2.2,10.3,W,20.0,SW,WNW,6.0,4.0,53.00000000000001,25.0,1015.7,1013.6,0.0,1.0,15.1,22.6,No,No
2011-08-13,Brisbane,9.1,22.5,0.0,4.0,10.8,ESE,22.0,WSW,ENE,7.0,11.0,59.0,48.0,1023.2,1020.4,1.0,3.0,15.9,21.1,No,No
2011-08-14,Brisbane,11.0,22.4,0.0,4.0,7.299999999999999,WSW,20.0,SW,ENE,4.0,7.000000000000001,78.0,53.99999999999999,1025.1,1021.4,5.0,6.0,14.499999999999998,19.3,No,Yes
2011-08-15,Brisbane,9.5,22.5,2.2,3.7999999999999994,10.4,NE,19.0,SW,NE,6.0,7.000000000000001,74.0,45.0,1024.2,1019.5,1.0,3.0,14.399999999999999,20.9,Yes,No
2011-08-16,Brisbane,10.5,23.6,0.0,4.0,10.5,E,24.000000000000004,SW,ENE,7.0,9.0,67.0,53.99999999999999,1021.6,1017.5,2.0,3.0,16.2,21.1,No,No
2011-08-17,Brisbane,11.4,21.8,0.0,4.0,4.9,ENE,22.0,SW,NE,4.0,6.0,70.0,60.00000000000001,1020.5000000000001,1017.8,3.0,6.0,16.3,19.1,No,No
2011-08-18,Brisbane,13.8,21.8,0.0,3.4,5.6,W,43.0,NE,W,4.0,16.999999999999996,80.99999999999999,34.0,1015.0,1012.3,6.0,1.0,16.2,21.3,No,No
2011-08-19,Brisbane,6.0,21.4,0.0,4.6,10.8,W,33.0,WSW,WSW,9.0,11.0,42.0,33.0,1017.9,1014.6,1.0,2.0,16.1,21.1,No,No
2011-08-20,Brisbane,8.7,22.2,0.0,5.2,7.8,S,26.0,SW,S,7.0,9.0,55.0,50.0,1021.6,1018.8,1.0,7.0,15.4,20.0,No,Yes
2011-08-21,Brisbane,12.1,21.5,3.0,4.4,1.9,SE,37.0,SSW,SE,6.0,16.999999999999996,89.0,51.0,1026.4,1024.2,8.0,7.0,13.2,19.9,Yes,Yes
2011-08-22,Brisbane,12.400000000000002,21.2,8.0,5.8,8.3,SE,48.00000000000001,SW,SSE,6.0,19.999999999999996,70.0,49.00000000000001,1028.2,1026.1,6.0,5.0,16.0,20.3,Yes,Yes
2011-08-23,Brisbane,13.900000000000002,21.6,15.199999999999998,3.2,6.6,ESE,44.0,SW,ESE,4.0,11.0,88.0,74.0,1026.9,1024.2,3.0,5.0,17.0,20.0,Yes,Yes
2011-08-24,Brisbane,13.400000000000002,22.3,6.8,3.6,5.2,SSE,35.0,SSW,SE,6.0,14.999999999999998,66.0,55.0,1025.7,1022.7,7.0,7.0,17.8,20.6,Yes,No
2011-08-25,Brisbane,14.199999999999998,23.0,0.0,4.0,6.1,SSE,24.000000000000004,SW,ESE,7.0,9.0,61.0,64.0,1025.0,1022.4000000000001,7.0,4.0,19.0,21.2,No,No
2011-08-26,Brisbane,13.199999999999998,22.1,0.0,4.0,5.2,E,20.0,SW,E,6.0,13.0,69.0,65.0,1025.2,1021.7,1.0,7.0,19.3,21.6,No,Yes
2011-08-27,Brisbane,16.1,20.3,5.2,4.0,0.0,NE,22.0,E,ENE,7.0,7.000000000000001,94.0,93.0,1021.9,1015.7,8.0,8.0,17.9,18.9,Yes,Yes
2011-08-28,Brisbane,15.4,24.9,23.599999999999998,2.0,8.4,W,20.0,WSW,ENE,7.0,6.0,69.0,56.0,1019.7,1016.5,5.0,4.0,19.4,22.5,Yes,No
2011-08-29,Brisbane,13.699999999999998,25.4,0.0,2.6,10.2,E,19.0,SW,NE,4.0,7.000000000000001,73.0,53.99999999999999,1020.7,1017.3,1.0,3.0,19.0,24.2,No,No
2011-08-30,Brisbane,15.9,22.5,0.0,3.6,2.8,NE,28.0,W,ENE,2.0,7.000000000000001,76.0,62.0,1020.8,1017.0,7.0,7.0,17.8,21.2,No,Yes
2011-08-31,Brisbane,12.5,24.2,12.8,2.8,10.9,E,20.0,SW,ENE,7.0,9.0,80.0,52.0,1022.7,1019.4,1.0,1.0,16.1,22.3,Yes,No
2011-09-01,Brisbane,12.8,23.9,0.0,3.6,10.8,E,22.0,SSW,NE,2.0,9.0,69.0,45.0,1024.0,1019.8,1.0,2.0,18.4,22.8,No,No
2011-09-02,Brisbane,13.1,23.8,0.0,3.6,9.9,ESE,31.0,SSW,ESE,4.0,13.0,69.0,53.99999999999999,1025.1,1022.9,1.0,5.0,19.4,20.6,No,No
2011-09-03,Brisbane,11.8,22.1,0.0,5.6,9.2,SE,30.0,SSW,ESE,6.0,11.0,58.00000000000001,40.0,1029.2,1026.0,3.0,6.0,18.3,21.4,No,No
2011-09-04,Brisbane,12.6,21.6,0.0,5.8,8.3,SE,24.000000000000004,SSW,E,4.0,11.0,57.0,53.0,1029.0,1025.7,6.0,3.0,17.8,20.2,No,No
2011-09-05,Brisbane,13.400000000000002,22.5,0.4,3.7999999999999994,9.2,E,33.0,SSW,E,4.0,14.999999999999998,72.0,42.0,1028.5,1024.6,3.0,2.0,18.7,21.4,No,No
2011-09-06,Brisbane,12.2,23.5,0.2,5.0,10.0,ENE,22.0,WSW,E,4.0,11.0,62.0,56.0,1024.6,1019.9,4.0,4.0,18.5,21.7,No,No
2011-09-07,Brisbane,12.6,25.3,0.0,3.4,10.6,ENE,22.0,SW,NE,7.0,9.0,73.0,43.0,1020.8,1017.4,1.0,1.0,18.8,24.2,No,No
2011-09-08,Brisbane,12.7,25.2,0.0,4.8,11.0,ENE,26.0,W,NE,4.0,11.0,65.0,44.0,1020.6,1016.2,1.0,8.0,19.8,24.0,No,No
2011-09-09,Brisbane,15.199999999999998,22.7,0.0,5.0,2.0,WNW,37.0,N,SW,7.0,7.000000000000001,67.0,80.0,1012.6000000000001,1008.4,6.0,7.0,19.7,14.499999999999998,No,Yes
2011-09-10,Brisbane,10.7,19.6,14.6,4.2,11.2,W,46.0,W,W,19.0,22.0,50.0,28.0,1013.4,1010.1,1.0,1.0,13.799999999999999,19.0,Yes,No
2011-09-11,Brisbane,7.0,22.9,0.0,9.2,11.2,WSW,31.0,W,W,13.0,13.0,42.0,26.999999999999996,1017.2,1012.8,0.0,1.0,15.8,22.6,No,No
2011-09-12,Brisbane,8.8,21.6,0.0,7.4,8.3,ENE,26.0,SSW,NE,6.0,6.0,42.0,38.0,1021.0,1020.0,1.0,7.0,17.7,19.0,No,No
2011-09-13,Brisbane,11.4,22.2,0.0,4.6,9.6,E,24.000000000000004,S,ENE,6.0,9.0,55.0,52.0,1027.8,1024.5,3.0,2.0,18.4,20.2,No,No
2011-09-14,Brisbane,9.7,26.2,0.0,4.8,10.8,WNW,24.000000000000004,SSW,NNE,4.0,7.000000000000001,59.0,36.0,1027.1,1021.4999999999999,0.0,0.0,18.7,24.9,No,No
2011-09-15,Brisbane,10.2,27.700000000000003,0.0,6.0,11.3,NE,20.0,SW,ENE,6.0,9.0,49.0,21.0,1024.2,1019.4,0.0,1.0,18.9,25.8,No,No
2011-09-16,Brisbane,10.3,29.399999999999995,0.0,5.4,11.3,W,20.0,SW,NE,2.0,6.0,42.99999999999999,21.0,1021.4,1016.2,0.0,1.0,20.2,28.499999999999996,No,No
2011-09-17,Brisbane,11.2,31.6,0.0,5.6,11.0,NNE,17.0,SW,NNE,2.0,7.000000000000001,44.0,23.000000000000004,1019.8,1016.1,0.0,0.0,21.7,30.5,No,No
2011-09-18,Brisbane,13.900000000000002,32.3,0.0,5.8,10.6,NE,19.0,WSW,NE,4.0,7.000000000000001,47.0,25.0,1021.1,1017.2,0.0,0.0,21.7,30.2,No,No
2011-09-19,Brisbane,13.900000000000002,30.6,0.0,5.2,10.6,ENE,24.000000000000004,SSW,ENE,4.0,11.0,48.00000000000001,28.0,1021.2,1016.6,0.0,0.0,21.8,28.400000000000002,No,No
2011-09-20,Brisbane,13.6,26.3,0.0,4.4,10.3,NNE,31.0,ENE,NE,4.0,9.0,55.0,56.99999999999999,1018.1,1012.7,0.0,8.0,21.9,23.9,No,No
2011-09-21,Brisbane,15.799999999999999,25.1,0.0,5.0,11.2,E,31.0,SE,E,15.0,14.999999999999998,56.0,46.00000000000001,1019.2,1017.1,2.0,1.0,22.5,23.6,No,No
2011-09-22,Brisbane,14.199999999999998,24.7,0.0,7.2,11.0,ESE,26.0,ESE,ENE,6.0,13.0,55.0,45.0,1024.7,1021.3000000000001,3.0,1.0,21.9,23.3,No,No
2011-09-23,Brisbane,12.3,25.7,0.0,6.2,10.7,ENE,22.0,W,NE,4.0,9.0,58.00000000000001,51.0,1022.8,1017.8,1.0,1.0,20.5,24.3,No,No
2011-09-24,Brisbane,14.799999999999999,26.4,0.0,5.2,9.9,N,24.000000000000004,WNW,NNE,2.0,9.0,65.0,52.0,1020.1999999999999,1016.0,7.0,2.0,21.0,24.9,No,No
2011-09-25,Brisbane,17.5,26.1,0.2,6.4,9.4,NE,28.0,NW,NE,11.0,13.0,62.0,66.0,1015.4,1009.0,4.0,5.0,22.3,23.1,No,No
2011-09-26,Brisbane,13.5,23.8,0.0,4.8,8.2,SE,28.0,SSW,SE,6.0,9.0,53.00000000000001,55.0,1017.4,1015.6,2.0,7.0,20.6,21.6,No,No
2011-09-27,Brisbane,13.1,23.3,0.0,4.8,11.2,E,24.000000000000004,S,ESE,6.0,11.0,54.0,47.0,1021.7,1018.2,1.0,2.0,20.8,22.3,No,No
2011-09-28,Brisbane,12.400000000000002,22.6,0.0,5.8,3.1,NE,19.0,WSW,ENE,2.0,6.0,57.0,53.99999999999999,1020.0,1016.5,7.0,7.0,20.0,21.1,No,No
2011-09-29,Brisbane,16.9,22.1,0.0,4.0,3.1,NNW,28.0,N,NNW,4.0,9.0,69.0,66.0,1013.2,1006.7,8.0,2.0,18.5,21.4,No,Yes
2011-09-30,Brisbane,9.9,26.3,3.2,3.7999999999999994,11.6,WNW,39.0,WSW,W,15.0,14.999999999999998,30.0,21.0,1011.0,1006.2,0.0,0.0,20.9,25.4,Yes,No
2011-10-01,Brisbane,12.0,27.399999999999995,0.0,8.0,9.4,W,44.0,WSW,WSW,6.0,14.999999999999998,55.0,23.000000000000004,1006.0,1001.9,1.0,3.0,18.9,25.5,No,No
2011-10-02,Brisbane,12.400000000000002,22.5,0.0,9.4,11.5,W,48.00000000000001,WSW,WSW,15.0,19.999999999999996,40.0,30.000000000000004,1010.5,1009.0,1.0,5.0,17.9,20.8,No,No
2011-10-03,Brisbane,13.3,22.6,0.0,9.6,6.0,SSE,28.0,S,NE,9.0,4.0,50.0,72.0,1018.1,1016.5,2.0,7.0,20.0,17.9,No,Yes
2011-10-04,Brisbane,10.6,24.7,6.0,5.2,11.4,SSE,28.0,WSW,ENE,6.0,13.0,53.00000000000001,44.0,1022.0,1018.1,0.0,1.0,18.3,22.1,Yes,No
2011-10-05,Brisbane,12.2,22.6,0.2,5.8,7.299999999999999,E,19.0,SSE,E,6.0,6.0,56.0,52.0,1021.9,1017.4,7.0,7.0,19.6,21.1,No,Yes
2011-10-07,Brisbane,15.9,26.3,5.4,2.4,8.4,W,20.0,SW,N,4.0,6.0,68.0,51.0,1014.0,1009.3,4.0,3.0,21.3,25.600000000000005,Yes,Yes
2011-10-08,Brisbane,15.5,24.7,14.6,6.4,3.6,WSW,43.0,WSW,WNW,13.0,9.0,93.0,46.00000000000001,1011.6,1005.9,8.0,7.0,15.6,23.6,Yes,Yes
2011-10-09,Brisbane,12.7,29.1,1.4,1.4,11.1,W,33.0,S,W,4.0,9.0,53.00000000000001,29.0,1010.9,1005.6,1.0,7.0,23.1,28.299999999999997,Yes,No
2011-10-10,Brisbane,14.799999999999999,25.8,0.0,5.4,5.1,W,19.0,SW,SW,6.0,6.0,67.0,39.0,1012.0000000000001,1008.4,7.0,4.0,18.5,25.1,No,No
2011-10-11,Brisbane,14.199999999999998,27.700000000000003,0.0,3.7999999999999994,11.8,NE,28.0,N,N,2.0,7.000000000000001,52.0,44.0,1012.8,1008.3,2.0,2.0,23.4,26.0,No,No
2011-10-12,Brisbane,15.700000000000001,27.600000000000005,0.0,5.8,10.9,ENE,24.000000000000004,SE,ENE,6.0,13.0,65.0,59.0,1015.2,1012.1,5.0,1.0,22.9,25.5,No,No
2011-10-13,Brisbane,18.5,27.299999999999997,0.0,4.0,6.8,E,30.0,E,NE,9.0,13.0,69.0,63.00000000000001,1019.2,1016.1,7.0,7.0,24.1,25.1,No,Yes
2011-10-14,Brisbane,17.1,26.900000000000002,30.799999999999997,8.6,7.8,E,24.000000000000004,S,E,2.0,13.0,78.0,62.0,1017.8,1013.1,7.0,2.0,21.4,25.7,Yes,Yes
2011-10-15,Brisbane,19.4,27.5,13.8,4.4,5.8,S,28.0,SSW,ENE,4.0,9.0,83.0,68.0,1009.3,1004.8,8.0,1.0,22.1,25.0,Yes,Yes
2011-10-16,Brisbane,15.199999999999998,29.300000000000004,6.2,5.6,12.0,ENE,20.0,WSW,ENE,4.0,11.0,64.0,49.00000000000001,1014.2,1013.2,0.0,1.0,23.5,26.9,Yes,No
2011-10-17,Brisbane,19.7,22.5,0.6,4.2,1.0,SSE,54.0,SE,SE,13.0,16.999999999999996,74.0,63.00000000000001,1025.9,1026.5,7.0,7.0,21.3,20.3,No,No
2011-10-18,Brisbane,16.9,23.8,0.4,5.8,9.0,SE,33.0,ESE,ESE,15.0,19.0,42.0,47.0,1031.0,1028.5,5.0,6.0,21.4,22.5,No,No
2011-10-19,Brisbane,15.9,23.2,0.0,7.800000000000001,8.8,E,31.0,SSE,E,7.0,14.999999999999998,65.0,48.0,1029.9,1026.4,7.0,7.0,20.6,22.4,No,No
2011-10-20,Brisbane,15.299999999999999,24.0,0.0,6.4,5.7,E,26.0,E,E,7.0,13.0,52.0,50.0,1028.3,1024.7,7.0,6.0,21.6,23.2,No,No
2011-10-21,Brisbane,16.1,25.6,0.0,4.0,10.4,E,30.0,ESE,E,11.0,13.0,59.0,51.0,1025.8,1022.5,7.0,5.0,22.2,24.1,No,No
2011-10-22,Brisbane,15.6,25.2,0.0,6.0,7.9,ENE,30.0,ESE,E,6.0,16.999999999999996,63.0,63.00000000000001,1024.5,1022.1999999999999,7.0,6.0,22.3,22.8,No,No
2011-10-23,Brisbane,15.299999999999999,25.1,0.0,6.0,12.0,E,28.0,E,ENE,7.0,11.0,56.0,53.0,1023.8,1020.8,4.0,2.0,22.7,24.0,No,No
2011-10-24,Brisbane,14.400000000000002,26.4,0.0,5.2,11.5,E,24.000000000000004,WSW,NE,4.0,9.0,60.0,47.0,1019.9000000000001,1015.3,5.0,7.0,23.0,25.600000000000005,No,No
2011-10-25,Brisbane,16.2,28.3,0.0,5.8,11.1,NNE,28.0,E,NNE,2.0,11.0,58.00000000000001,58.0,1015.5,1011.5,2.0,6.0,25.1,26.4,No,No
2011-10-26,Brisbane,20.3,27.399999999999995,0.0,6.2,7.1,E,30.0,SSE,E,6.0,11.0,69.0,62.0,1015.8,1013.4,7.0,2.0,24.3,25.5,No,Yes
2011-10-27,Brisbane,16.8,25.7,6.2,7.2,6.1,SSE,35.0,S,SE,6.0,14.999999999999998,68.0,67.0,1018.0,1015.9,5.0,5.0,23.6,23.3,Yes,No
2011-10-28,Brisbane,19.3,23.9,0.0,5.6,0.8,SE,22.0,ESE,E,11.0,9.0,62.0,62.0,1019.0,1016.2,6.0,7.0,23.0,23.3,No,No
2011-10-29,Brisbane,19.8,26.4,0.0,4.8,5.7,ENE,19.0,NNW,NE,4.0,7.000000000000001,62.0,60.00000000000001,1016.2,1013.1,8.0,2.0,22.6,24.9,No,No
2011-10-30,Brisbane,18.2,27.8,0.0,4.0,7.299999999999999,SE,26.0,NW,NNE,2.0,9.0,66.0,60.00000000000001,1014.1,1010.3,6.0,6.0,24.6,27.300000000000004,No,Yes
2011-10-31,Brisbane,20.3,25.6,28.4,5.0,1.5,SE,39.0,SE,SE,17.0,14.999999999999998,71.0,60.00000000000001,1015.7,1014.9,8.0,7.0,22.9,23.2,Yes,No
2011-11-01,Brisbane,18.1,24.9,0.0,7.2,8.9,S,24.000000000000004,SSE,E,9.0,7.000000000000001,58.00000000000001,51.0,1018.7,1014.4,6.0,6.0,22.2,24.1,No,No
2011-11-02,Brisbane,18.1,28.0,0.0,5.0,12.0,ENE,26.0,NNE,NNE,6.0,7.000000000000001,58.00000000000001,55.0,1014.0,1008.9,4.0,3.0,24.2,27.000000000000004,No,No
2011-11-03,Brisbane,17.1,28.199999999999996,0.0,6.2,12.3,SE,30.0,S,ENE,4.0,13.0,54.0,62.0,1010.7999999999998,1007.6,1.0,1.0,26.0,26.4,No,No
2011-11-04,Brisbane,20.4,26.900000000000002,0.0,6.6,9.8,E,30.0,ESE,ENE,13.0,16.999999999999996,57.0,53.99999999999999,1016.4,1014.7,3.0,2.0,24.2,25.5,No,No
2011-11-05,Brisbane,18.6,25.2,0.0,9.4,7.0,E,20.0,ESE,ENE,7.0,9.0,64.0,49.00000000000001,1020.3,1017.5,7.0,7.0,23.0,24.5,No,No
2011-11-06,Brisbane,16.1,26.499999999999996,0.0,5.2,9.9,NE,28.0,NE,NE,6.0,11.0,55.0,49.00000000000001,1018.2,1014.8,3.0,6.0,23.1,24.9,No,No
2011-11-07,Brisbane,15.799999999999999,27.0,0.0,9.2,12.0,NE,26.0,NNE,NNE,7.0,9.0,52.0,53.0,1018.5,1015.4,1.0,1.0,25.5,26.0,No,No
2011-11-08,Brisbane,18.0,27.600000000000005,0.0,7.4,13.1,NNE,28.0,NW,NE,9.0,11.0,53.00000000000001,46.00000000000001,1019.7,1016.1,2.0,1.0,24.3,26.7,No,No
2011-11-09,Brisbane,18.0,28.4,0.0,7.800000000000001,12.4,NE,28.0,NNW,NE,7.0,11.0,55.0,56.0,1019.5999999999999,1016.0,2.0,1.0,25.8,26.9,No,No
2011-11-10,Brisbane,18.1,29.9,0.0,8.0,12.2,NNE,28.0,N,NE,6.0,11.0,48.00000000000001,55.0,1017.5,1014.0,1.0,2.0,26.800000000000004,27.999999999999996,No,No
2011-11-11,Brisbane,21.6,29.300000000000004,0.0,8.6,9.7,E,28.0,ENE,ENE,7.0,14.999999999999998,66.0,53.99999999999999,1020.0,1017.9,7.0,1.0,25.5,27.900000000000002,No,No
2011-11-12,Brisbane,21.4,28.199999999999996,0.0,8.2,12.5,E,22.0,NE,ENE,7.0,7.000000000000001,56.0,47.0,1019.2,1016.3,4.0,1.0,25.8,27.200000000000003,No,No
2011-11-13,Brisbane,20.5,28.500000000000004,0.0,7.599999999999999,11.0,NE,30.0,N,NE,6.0,11.0,56.0,55.0,1017.7,1013.7,6.0,7.0,25.8,26.800000000000004,No,No
2011-11-14,Brisbane,22.1,29.9,0.0,8.0,12.2,ENE,30.0,NNE,NE,9.0,13.0,51.0,58.0,1016.5,1013.3,2.0,1.0,27.099999999999998,27.300000000000004,No,No
2011-11-15,Brisbane,19.4,32.4,0.0,9.0,12.2,ENE,22.0,N,NNE,4.0,11.0,51.0,52.0,1017.3,1014.6,0.0,1.0,27.900000000000002,29.6,No,No
2011-11-16,Brisbane,21.9,30.4,0.0,8.0,10.5,NNE,26.0,NNW,NE,6.0,13.0,50.0,45.0,1018.7,1015.5,1.0,3.0,28.6,28.299999999999997,No,No
2011-11-17,Brisbane,21.8,28.9,0.0,8.4,6.5,ENE,20.0,ENE,NNE,9.0,7.000000000000001,53.00000000000001,52.0,1019.1,1015.8,6.0,7.0,26.800000000000004,27.700000000000003,No,No
2011-11-18,Brisbane,20.8,28.500000000000004,0.0,6.2,3.8,NE,22.0,NNE,NE,6.0,7.000000000000001,60.0,52.0,1018.8,1015.5,6.0,5.0,25.9,27.000000000000004,No,No
2011-11-19,Brisbane,18.7,28.6,0.0,7.0,12.5,ENE,24.000000000000004,ENE,ENE,7.0,11.0,54.0,50.0,1019.1,1016.2,3.0,1.0,26.4,26.9,No,No
2011-11-20,Brisbane,19.0,29.600000000000005,0.0,9.4,12.4,NNE,30.0,NE,NNE,9.0,13.0,54.0,53.0,1018.1,1013.3,2.0,1.0,26.4,27.799999999999997,No,No
2011-11-21,Brisbane,19.5,29.9,0.0,11.4,12.5,E,28.0,NW,NNE,6.0,9.0,50.0,39.0,1016.1,1013.2,2.0,1.0,27.4,28.799999999999997,No,No
2011-11-22,Brisbane,19.7,28.999999999999996,0.0,11.2,9.2,NE,39.0,NE,NE,9.0,14.999999999999998,55.0,56.99999999999999,1015.3,1011.1,7.0,7.0,25.9,27.500000000000004,No,No
2011-11-23,Brisbane,22.4,30.9,0.0,10.0,7.1,NE,28.0,N,NE,6.0,13.0,59.0,69.0,1014.1,1011.6,7.0,6.0,28.200000000000003,27.900000000000002,No,Yes
2011-11-24,Brisbane,20.4,24.8,1.6,6.8,0.0,SW,17.0,SSW,S,4.0,4.0,90.0,80.0,1018.6,1016.4,7.0,7.0,20.9,24.1,Yes,Yes
2011-11-26,Brisbane,22.8,29.5,0.6,7.599999999999999,5.9,N,28.0,N,NNE,9.0,9.0,55.0,70.0,1013.9,1010.9,6.0,7.0,27.700000000000003,26.2,No,Yes
2011-11-27,Brisbane,20.9,33.9,3.2,7.2,12.6,NE,24.000000000000004,SSW,ENE,4.0,13.0,60.0,56.0,1012.3,1009.5,1.0,2.0,27.700000000000003,29.899999999999995,Yes,No
2011-11-30,Brisbane,20.8,28.999999999999996,0.0,9.4,7.499999999999999,ENE,26.0,ENE,ENE,7.0,9.0,57.0,61.0,1016.4,1012.6,7.0,4.0,27.4,27.900000000000002,No,No
2011-12-01,Brisbane,21.9,28.3,0.0,6.2,0.9,SE,35.0,WSW,SE,6.0,11.0,65.0,71.0,1011.6999999999999,1010.6,7.0,7.0,27.4,23.5,No,Yes
2011-12-02,Brisbane,16.7,24.9,13.000000000000002,5.0,2.3,SSE,33.0,SSW,SE,7.0,13.0,58.00000000000001,56.99999999999999,1015.3,1014.2,7.0,7.0,22.8,23.6,Yes,No
2011-12-03,Brisbane,15.799999999999999,27.1,0.0,7.0,12.2,E,30.0,SE,E,13.0,13.0,49.0,44.0,1017.8,1014.9,3.0,2.0,24.0,25.3,No,No
2011-12-04,Brisbane,16.4,27.9,0.0,9.8,8.7,E,22.0,ENE,NE,4.0,9.0,58.00000000000001,53.99999999999999,1015.6,1011.2,7.0,7.0,24.5,26.0,No,No
2011-12-05,Brisbane,19.4,25.6,0.0,6.8,2.4,ESE,37.0,SSE,ESE,11.0,14.999999999999998,64.0,58.0,1015.3,1013.4,7.0,7.0,23.2,23.3,No,No
2011-12-06,Brisbane,17.9,23.6,0.0,8.6,0.0,SSE,33.0,SSE,SE,15.0,14.999999999999998,55.0,56.99999999999999,1015.5,1013.2,7.0,7.0,22.1,21.7,No,Yes
2011-12-07,Brisbane,16.8,19.9,5.799999999999999,12.2,0.0,SE,20.0,S,E,7.0,7.000000000000001,93.0,93.0,1011.2,1009.5,8.0,8.0,17.3,18.0,Yes,Yes
2011-12-08,Brisbane,17.3,25.4,36.0,2.8,1.7,SE,37.0,SSW,SE,6.0,16.999999999999996,96.00000000000001,69.0,1008.8,1007.8,8.0,7.0,19.6,23.0,Yes,Yes
2011-12-09,Brisbane,16.9,27.5,2.4,3.7999999999999994,10.8,E,24.000000000000004,SSE,E,9.0,11.0,58.00000000000001,62.0,1012.5,1010.5,4.0,7.0,24.9,25.4,Yes,Yes
2011-12-10,Brisbane,18.7,26.900000000000002,19.4,4.8,2.2,NE,20.0,SSW,NE,2.0,9.0,90.99999999999999,82.0,1011.6,1006.6,7.0,6.0,20.7,23.0,Yes,Yes
2011-12-11,Brisbane,18.5,30.4,1.6,5.0,6.8,WSW,30.0,SE,WNW,4.0,4.0,72.0,88.0,1005.5,1004.1,2.0,7.0,26.800000000000004,24.6,Yes,Yes
2011-12-12,Brisbane,21.3,32.9,10.0,3.2,10.2,W,33.0,SSW,W,4.0,14.999999999999998,74.0,41.0,1002.2,999.1,6.0,4.0,27.200000000000003,32.4,Yes,No
2011-12-13,Brisbane,18.4,31.1,0.0,5.2,11.1,ENE,28.0,NNW,ENE,4.0,14.999999999999998,54.0,66.0,1006.0,1005.0,1.0,3.0,26.100000000000005,27.200000000000003,No,Yes
2011-12-14,Brisbane,19.2,28.4,2.0,8.2,10.6,E,31.0,SSE,E,4.0,16.999999999999996,67.0,62.0,1013.0,1011.1,4.0,5.0,26.100000000000005,26.4,Yes,Yes
2011-12-15,Brisbane,18.5,24.6,1.2,7.2,0.0,SE,26.0,E,ESE,7.0,14.999999999999998,83.0,71.0,1017.0,1015.1,8.0,8.0,21.5,22.2,Yes,No
2011-12-16,Brisbane,19.6,25.7,0.2,2.0,2.4,SE,30.0,ESE,ESE,11.0,16.999999999999996,55.0,55.0,1018.2,1017.3,8.0,6.0,23.8,23.4,No,No
2011-12-17,Brisbane,17.3,27.1,0.0,6.6,10.9,ENE,35.0,SE,ESE,11.0,19.0,52.0,50.0,1019.8,1017.6,5.0,4.0,24.2,24.9,No,No
2011-12-18,Brisbane,16.8,25.5,0.0,9.2,2.1,E,24.000000000000004,SE,ENE,7.0,9.0,60.0,53.99999999999999,1018.6,1016.0,7.0,8.0,24.4,24.3,No,No
2011-12-19,Brisbane,17.6,27.0,0.0,5.8,6.0,ENE,28.0,NNE,NE,6.0,11.0,61.0,53.99999999999999,1015.3,1011.9,7.0,7.0,23.8,25.9,No,No
2011-12-20,Brisbane,19.1,29.1,0.0,7.0,12.2,NNE,26.0,NW,NNE,6.0,9.0,54.0,51.0,1013.2,1011.4,6.0,4.0,26.0,27.300000000000004,No,No
2011-12-21,Brisbane,21.7,27.9,0.0,7.2,9.3,ENE,24.000000000000004,W,ENE,2.0,14.999999999999998,76.0,56.0,1015.2,1013.0,5.0,3.0,24.3,26.300000000000004,No,Yes
2011-12-22,Brisbane,19.0,28.199999999999996,3.4,7.800000000000001,10.9,E,33.0,ESE,E,13.0,14.999999999999998,61.0,52.0,1014.9,1012.9,6.0,7.0,26.100000000000005,26.9,Yes,No
2011-12-23,Brisbane,20.6,27.600000000000005,0.4,7.4,0.9,SE,33.0,SE,SE,15.0,13.0,66.0,86.0,1011.0,1009.4,7.0,8.0,25.9,22.7,No,Yes
2011-12-24,Brisbane,20.4,27.600000000000005,29.6,3.6,4.2,SE,37.0,SE,ESE,13.0,16.999999999999996,87.0,62.0,1009.1,1007.5,8.0,7.0,23.9,26.4,Yes,Yes
2011-12-25,Brisbane,19.4,28.9,1.8000000000000003,6.6,12.3,SE,37.0,SE,ESE,11.0,19.0,62.0,52.0,1008.6,1006.4,3.0,1.0,25.7,27.500000000000004,Yes,No
2011-12-26,Brisbane,18.7,31.5,0.0,10.4,13.1,ENE,26.0,WSW,E,9.0,13.0,55.0,50.0,1007.5,1003.9,1.0,1.0,25.600000000000005,29.1,No,No
2011-12-27,Brisbane,21.4,32.5,0.0,7.4,4.5,SE,43.0,WSW,E,4.0,4.0,67.0,48.0,1004.6,1001.1,7.0,6.0,26.600000000000005,31.7,No,Yes
2011-12-28,Brisbane,18.5,28.9,5.4,3.2,11.0,SSE,24.000000000000004,SSW,SE,7.0,4.0,56.0,56.0,1008.1,1006.0,2.0,6.0,26.0,27.4,Yes,No
2011-12-29,Brisbane,19.7,28.099999999999998,0.0,2.4,7.8,E,30.0,SSW,ESE,4.0,9.0,57.0,56.0,1010.4,1009.3,7.0,7.0,24.6,26.800000000000004,No,No
2011-12-30,Brisbane,20.2,28.4,0.0,7.4,5.3,SE,43.0,S,ESE,6.0,19.0,56.0,61.0,1014.5,1013.1,6.0,6.0,24.6,25.5,No,No
2011-12-31,Brisbane,18.8,25.9,0.2,6.2,5.5,SE,33.0,SSE,SSE,11.0,13.0,58.00000000000001,59.0,1016.5,1014.7,6.0,7.0,25.1,24.5,No,Yes
2012-01-01,Brisbane,18.0,27.9,2.4,5.6,13.1,E,33.0,SSE,ESE,9.0,14.999999999999998,55.0,46.00000000000001,1016.4,1013.9,4.0,3.0,25.1,26.9,Yes,No
2012-01-02,Brisbane,17.8,28.4,0.0,8.0,13.0,E,28.0,SSE,E,7.0,11.0,53.00000000000001,45.0,1018.0,1015.7,2.0,2.0,25.8,27.200000000000003,No,No
2012-01-04,Brisbane,17.4,28.8,0.0,7.599999999999999,12.7,NNE,28.0,ESE,NE,2.0,9.0,52.0,48.0,1017.4,1013.0,2.0,2.0,25.3,28.299999999999997,No,No
2012-01-05,Brisbane,19.8,27.700000000000003,0.0,7.800000000000001,6.6,ENE,26.0,ENE,NE,2.0,11.0,68.0,59.0,1015.5,1013.2,7.0,3.0,26.300000000000004,26.2,No,No
2012-01-06,Brisbane,18.6,31.300000000000004,0.0,7.2,8.3,NE,22.0,SW,ENE,4.0,11.0,62.0,53.99999999999999,1012.2,1009.5,7.0,2.0,25.5,29.1,No,No
2012-01-07,Brisbane,21.4,28.199999999999996,0.0,7.0,5.8,E,20.0,ESE,E,4.0,9.0,75.0,65.0,1014.9,1012.7,7.0,5.0,24.2,27.000000000000004,No,No
2012-01-08,Brisbane,23.4,30.500000000000004,0.0,6.4,11.6,ENE,26.0,NNW,NNE,6.0,11.0,65.0,62.0,1013.1,1009.1,2.0,1.0,26.9,28.900000000000002,No,No
2012-01-09,Brisbane,22.8,33.8,0.0,8.0,12.7,ENE,24.000000000000004,NW,ENE,6.0,11.0,54.0,56.99999999999999,1007.8,1003.5,2.0,2.0,29.699999999999996,33.0,No,No
2012-01-10,Brisbane,24.6,32.9,0.0,9.0,10.6,E,28.0,S,E,4.0,14.999999999999998,71.0,56.0,1008.7,1005.5,6.0,1.0,28.6,30.399999999999995,No,No
2012-01-11,Brisbane,23.2,37.1,0.0,7.599999999999999,11.9,W,33.0,WSW,WSW,9.0,11.0,37.0,16.0,1007.3,1003.1,7.0,5.0,31.5,36.29999999999999,No,No
2012-01-12,Brisbane,20.9,28.6,0.0,12.4,9.6,SE,35.0,SE,E,7.0,16.999999999999996,46.0,49.00000000000001,1012.1,1011.4,4.0,5.0,27.200000000000003,25.8,No,No
2012-01-13,Brisbane,20.8,28.099999999999998,0.0,10.6,9.7,E,28.0,E,ENE,6.0,11.0,55.0,53.0,1016.4,1013.6,5.0,5.0,24.8,25.9,No,No
2012-01-14,Brisbane,19.1,27.0,0.0,8.0,3.1,ENE,26.0,ENE,ENE,6.0,13.0,61.0,56.99999999999999,1015.3,1012.5,7.0,7.0,24.6,25.8,No,Yes
2012-01-15,Brisbane,19.7,26.3,2.4,7.2,2.8,ENE,37.0,ESE,SE,11.0,6.0,64.0,63.00000000000001,1014.5,1013.0,7.0,7.0,25.1,25.1,Yes,Yes
2012-01-16,Brisbane,18.8,25.0,44.4,3.6,0.2,SE,43.0,ESE,ESE,9.0,13.0,90.0,75.0,1016.5,1015.0,7.0,7.0,21.6,23.8,Yes,Yes
2012-01-17,Brisbane,19.4,26.3,34.2,3.6,0.0,SE,26.0,E,SE,9.0,6.0,96.00000000000001,93.0,1016.0,1013.6,7.0,7.0,22.2,22.7,Yes,Yes
2012-01-18,Brisbane,20.0,29.399999999999995,5.4,1.6,7.499999999999999,E,20.0,WSW,ENE,6.0,11.0,72.0,70.0,1012.7,1010.7,2.0,7.0,26.2,27.599999999999998,Yes,No
2012-01-19,Brisbane,20.7,30.9,0.0,5.0,12.3,ESE,31.0,SE,ESE,7.0,16.999999999999996,65.0,62.0,1013.9,1011.7,3.0,2.0,27.500000000000004,29.1,No,No
2012-01-20,Brisbane,20.6,30.3,0.0,10.0,8.8,SE,35.0,SSE,SE,7.0,16.999999999999996,64.0,61.0,1013.7,1011.9,7.0,4.0,26.7,27.500000000000004,No,No
2012-01-21,Brisbane,20.0,30.199999999999996,0.0,7.599999999999999,9.7,ESE,35.0,SSE,SE,7.0,14.999999999999998,56.0,63.00000000000001,1012.5,1010.3,3.0,7.0,27.099999999999998,27.300000000000004,No,No
2012-01-22,Brisbane,21.1,29.600000000000005,0.0,8.0,9.7,ENE,37.0,ESE,ESE,13.0,11.0,58.00000000000001,56.0,1014.3,1012.3,7.0,7.0,26.9,28.099999999999998,No,No
2012-01-23,Brisbane,21.1,27.5,0.6,6.6,0.5,SSE,30.0,ESE,ESE,9.0,7.000000000000001,73.0,91.0,1013.6,1012.7,7.0,8.0,26.600000000000005,23.2,No,Yes
2012-01-24,Brisbane,21.1,23.5,31.2,2.2,0.0,E,33.0,ESE,ESE,9.0,13.0,97.0,96.0,1012.0000000000001,1009.9,8.0,8.0,23.0,22.6,Yes,Yes
2012-01-25,Brisbane,21.3,26.6,168.4,2.6,0.7,NE,26.0,S,NE,2.0,6.0,98.0,88.0,1008.5,1005.8,8.0,8.0,23.3,24.6,Yes,Yes
2012-01-27,Brisbane,23.2,25.4,8.6,3.2,0.0,ESE,33.0,E,ESE,2.0,13.0,95.0,96.99999999999999,1011.3,1009.3,8.0,8.0,24.2,24.0,Yes,Yes
2012-01-29,Brisbane,21.8,26.3,18.0,4.6,0.0,E,30.0,ESE,ENE,4.0,7.000000000000001,98.0,95.0,1010.2,1007.8,8.0,8.0,23.3,25.0,Yes,Yes
2012-01-30,Brisbane,22.3,28.199999999999996,15.8,2.2,6.3,NE,26.0,ENE,NE,11.0,11.0,83.0,72.0,1009.4,1006.7,6.0,5.0,25.9,27.599999999999998,Yes,No
2012-02-02,Brisbane,22.4,28.4,0.4,7.0,9.9,E,33.0,ENE,ENE,17.0,11.0,66.0,60.00000000000001,1006.2,1004.2,6.0,6.0,27.099999999999998,27.099999999999998,No,Yes
2012-02-04,Brisbane,20.3,29.399999999999995,0.2,4.4,8.6,ESE,22.0,SSE,SE,6.0,9.0,61.0,55.0,1003.8,1001.5,2.0,6.0,26.9,28.099999999999998,No,No
2012-02-05,Brisbane,19.9,31.7,0.0,5.8,11.1,E,24.000000000000004,SW,ENE,4.0,9.0,63.0,53.99999999999999,1003.7,999.5,3.0,2.0,26.4,30.3,No,No
2012-02-06,Brisbane,22.3,34.0,0.0,7.0,11.2,E,22.0,WNW,E,4.0,14.999999999999998,68.0,62.0,1001.1,998.8,1.0,5.0,27.599999999999998,30.399999999999995,No,No
2012-02-07,Brisbane,23.3,30.500000000000004,0.0,5.0,10.6,WSW,31.0,SE,ENE,6.0,9.0,65.0,65.0,1004.8,1002.2,4.0,2.0,28.6,29.1,No,No
2012-02-09,Brisbane,19.9,30.500000000000004,32.2,6.4,12.1,SE,35.0,SSW,SE,7.0,16.999999999999996,68.0,59.0,1010.1,1008.1,3.0,4.0,26.5,27.599999999999998,Yes,No
2012-02-10,Brisbane,19.8,28.999999999999996,0.0,6.4,12.0,E,24.000000000000004,S,E,6.0,11.0,62.0,56.99999999999999,1012.4,1009.8,2.0,1.0,26.0,27.599999999999998,No,No
2012-02-11,Brisbane,20.0,30.199999999999996,0.0,6.4,10.6,NE,22.0,SW,E,4.0,9.0,75.0,59.0,1012.4,1008.9,6.0,3.0,24.8,29.3,No,Yes
2012-02-12,Brisbane,20.7,32.2,1.2,7.800000000000001,10.0,SW,35.0,SW,ENE,2.0,13.0,69.0,58.0,1014.3,1010.9,1.0,2.0,27.200000000000003,30.8,Yes,Yes
2012-02-13,Brisbane,21.0,29.5,14.8,6.6,8.1,SE,35.0,NE,ENE,4.0,13.0,73.0,65.0,1015.9,1013.1,3.0,5.0,27.200000000000003,28.499999999999996,Yes,Yes
2012-02-14,Brisbane,20.9,29.300000000000004,1.6,6.4,10.9,E,33.0,SE,ESE,9.0,16.999999999999996,64.0,63.00000000000001,1017.4,1015.2,1.0,3.0,26.600000000000005,27.599999999999998,Yes,No
2012-02-15,Brisbane,19.9,29.700000000000003,0.0,7.800000000000001,11.6,SE,35.0,SE,ESE,11.0,16.999999999999996,61.0,52.0,1018.5,1015.7,2.0,1.0,26.100000000000005,28.099999999999998,No,No
2012-02-16,Brisbane,19.6,29.399999999999995,0.0,9.6,11.6,SE,31.0,SSE,ESE,9.0,13.0,60.0,53.0,1017.8,1015.4,2.0,2.0,26.5,28.099999999999998,No,No
2012-02-17,Brisbane,20.1,29.9,0.0,9.2,11.9,ESE,35.0,SSW,ESE,7.0,13.0,64.0,55.0,1016.9,1014.2,2.0,3.0,26.2,28.400000000000002,No,No
2012-02-18,Brisbane,20.1,29.700000000000003,0.0,8.6,8.7,E,26.0,S,ENE,7.0,11.0,65.0,61.0,1016.9,1014.3,4.0,5.0,26.4,29.1,No,No
2012-02-19,Brisbane,21.5,31.300000000000004,0.0,5.6,8.9,ENE,22.0,S,ENE,4.0,11.0,68.0,61.0,1017.3,1013.4,4.0,3.0,27.4,30.3,No,No
2012-02-20,Brisbane,21.9,32.4,0.0,6.0,11.2,NE,22.0,W,NNE,4.0,7.000000000000001,75.0,59.0,1013.9,1009.6,6.0,6.0,26.5,30.0,No,Yes
2012-02-21,Brisbane,22.6,31.2,20.0,7.0,5.3,ESE,26.0,N,NE,6.0,6.0,83.0,77.0,1009.4,1006.3,7.0,7.0,26.100000000000005,27.799999999999997,Yes,No
2012-02-22,Brisbane,22.9,29.5,0.2,5.4,9.5,ESE,33.0,SSE,E,11.0,14.999999999999998,64.0,62.0,1013.7,1011.9,2.0,7.0,26.5,27.500000000000004,No,Yes
2012-02-23,Brisbane,21.1,23.5,5.2,6.4,0.0,SE,19.0,SW,SSE,2.0,9.0,87.0,94.0,1018.5,1018.3,8.0,8.0,22.9,21.6,Yes,Yes
2012-02-24,Brisbane,20.1,27.1,10.4,5.0,0.0,SSE,24.000000000000004,SE,ESE,6.0,9.0,92.0,94.0,1020.1,1018.6,8.0,8.0,21.4,22.3,Yes,Yes
2012-02-25,Brisbane,20.7,28.9,58.4,3.0,5.7,E,39.0,E,E,13.0,16.999999999999996,84.0,79.0,1019.7,1017.9,7.0,7.0,27.000000000000004,26.4,Yes,Yes
2012-02-26,Brisbane,22.3,29.2,13.999999999999998,3.7999999999999994,6.2,E,28.0,ESE,ESE,9.0,11.0,74.0,71.0,1020.8,1017.8,5.0,6.0,26.5,26.0,Yes,No
2012-02-28,Brisbane,21.1,29.700000000000003,0.0,7.2,11.6,ENE,26.0,E,ENE,15.0,9.0,64.0,58.0,1016.8,1014.8,2.0,3.0,27.099999999999998,28.6,No,No
2012-02-29,Brisbane,20.6,30.6,0.0,6.8,11.5,NE,24.000000000000004,S,NNE,4.0,9.0,71.0,63.00000000000001,1016.3,1012.1,2.0,1.0,27.200000000000003,29.399999999999995,No,No
2012-03-01,Brisbane,20.6,31.2,0.0,6.6,10.8,NE,24.000000000000004,W,NE,4.0,11.0,68.0,56.99999999999999,1013.0,1009.0,7.0,7.0,26.800000000000004,29.699999999999996,No,No
2012-03-02,Brisbane,19.5,32.1,0.0,8.0,11.2,ENE,20.0,SW,NE,4.0,7.000000000000001,61.0,50.0,1011.0,1008.5,6.0,1.0,27.4,31.4,No,No
2012-03-03,Brisbane,22.7,28.099999999999998,0.8,6.8,6.0,E,28.0,SE,ESE,9.0,7.000000000000001,78.0,88.0,1015.2,1013.5,7.0,7.0,26.600000000000005,26.9,No,Yes
2012-03-04,Brisbane,21.0,30.0,16.4,4.4,4.5,E,28.0,ESE,E,4.0,6.0,85.99999999999999,76.0,1015.5,1012.8,7.0,7.0,26.2,27.4,Yes,Yes
2012-03-05,Brisbane,23.1,25.9,22.2,4.4,0.0,E,22.0,E,ESE,9.0,11.0,98.0,91.0,1012.5,1009.9,8.0,8.0,23.9,24.7,Yes,Yes
2012-03-06,Brisbane,21.6,26.1,7.599999999999999,2.6,2.9,SE,28.0,SSE,SSE,7.0,9.0,78.0,70.0,1012.7,1010.9,7.0,6.0,25.1,25.0,Yes,Yes
2012-03-07,Brisbane,19.2,28.7,7.4,2.8,10.3,SE,30.0,S,ESE,7.0,9.0,66.0,53.0,1012.0000000000001,1008.1,1.0,5.0,24.4,27.200000000000003,Yes,No
2012-03-08,Brisbane,18.3,28.999999999999996,0.0,7.0,9.6,E,20.0,SSW,ENE,4.0,9.0,63.0,62.0,1011.5,1007.8,4.0,4.0,24.2,26.600000000000005,No,No
2012-03-09,Brisbane,19.9,31.7,0.0,7.0,11.7,SW,24.000000000000004,SW,SSW,7.0,6.0,68.0,32.0,1011.5,1008.3,1.0,1.0,25.1,30.7,No,No
2012-03-10,Brisbane,16.9,31.400000000000002,0.0,4.6,11.5,E,20.0,WSW,ENE,7.0,7.000000000000001,50.0,50.0,1013.3,1011.4,1.0,2.0,24.7,29.399999999999995,No,No
2012-03-12,Brisbane,20.3,27.600000000000005,0.2,4.6,8.6,E,31.0,SE,E,4.0,13.0,67.0,60.00000000000001,1018.7,1017.3,4.0,4.0,25.7,25.8,No,No
2012-03-13,Brisbane,18.4,28.4,0.0,7.0,9.8,SE,39.0,SE,ESE,9.0,16.999999999999996,61.0,50.0,1020.5000000000001,1017.7,5.0,6.0,25.8,27.599999999999998,No,Yes
2012-03-15,Brisbane,20.5,27.299999999999997,8.2,2.0,2.8,NE,26.0,SSE,E,9.0,13.0,79.0,79.0,1016.0,1012.8,7.0,8.0,25.2,25.3,Yes,No
2012-03-16,Brisbane,20.3,29.700000000000003,0.6,4.2,11.1,SE,26.0,SSE,E,9.0,13.0,72.0,61.0,1014.1,1010.9,2.0,1.0,26.300000000000004,27.999999999999996,No,No
2012-03-17,Brisbane,22.5,28.4,0.4,5.6,2.4,S,31.0,SSW,E,4.0,11.0,82.0,79.0,1013.4,1010.5,7.0,8.0,26.800000000000004,25.7,No,Yes
2012-03-18,Brisbane,20.1,26.000000000000004,22.2,4.0,0.0,SE,33.0,SSW,SE,4.0,13.0,88.0,68.0,1015.7,1013.6,8.0,7.0,23.0,25.2,Yes,No
2012-03-19,Brisbane,18.4,28.099999999999998,0.2,4.4,6.3,ESE,28.0,SSW,SSW,6.0,2.0,73.0,68.0,1016.0,1012.2,3.0,7.0,23.3,25.8,No,Yes
2012-03-20,Brisbane,20.7,27.9,4.4,3.7999999999999994,7.1,SE,37.0,ESE,ESE,13.0,14.999999999999998,84.0,65.0,1014.0,1010.7,5.0,4.0,24.5,27.099999999999998,Yes,Yes
2012-03-21,Brisbane,19.4,28.3,3.4,5.0,2.6,ESE,22.0,ESE,ESE,7.0,11.0,76.0,73.0,1009.4,1005.7,7.0,7.0,24.5,25.3,Yes,No
2012-03-22,Brisbane,22.2,25.1,0.2,4.0,0.0,ENE,26.0,ESE,SE,11.0,9.0,83.0,96.99999999999999,1006.8,1004.9,8.0,8.0,24.9,21.7,No,Yes
2012-03-23,Brisbane,19.8,30.099999999999998,16.0,0.8,3.4,WNW,19.0,SW,W,4.0,4.0,93.0,66.0,1004.4,1001.8,7.0,5.0,21.7,29.199999999999996,Yes,No
2012-03-24,Brisbane,18.5,27.9,0.0,4.2,9.2,ESE,28.0,SW,E,6.0,13.0,48.00000000000001,64.0,1010.9,1010.8,6.0,5.0,24.3,26.7,No,No
2012-03-25,Brisbane,19.0,26.800000000000004,0.0,5.4,8.6,SE,33.0,SE,ESE,11.0,14.999999999999998,60.0,60.00000000000001,1018.6,1017.8,6.0,3.0,24.6,24.4,No,No
2012-03-26,Brisbane,17.0,26.499999999999996,0.0,8.0,10.8,E,28.0,SSE,ESE,6.0,13.0,64.0,52.0,1021.4,1019.2,2.0,1.0,24.4,25.4,No,No
2012-03-27,Brisbane,16.8,26.900000000000002,0.0,7.0,8.0,E,33.0,S,ESE,6.0,14.999999999999998,66.0,53.99999999999999,1021.6,1019.0,1.0,6.0,23.9,25.4,No,No
2012-03-28,Brisbane,18.0,27.2,0.0,5.2,9.2,SE,30.0,SE,ESE,7.0,14.999999999999998,65.0,50.0,1020.4,1017.0,5.0,2.0,24.5,26.100000000000005,No,No
2012-03-29,Brisbane,18.0,27.600000000000005,0.0,6.8,8.2,SSE,30.0,SSW,ESE,6.0,13.0,65.0,58.0,1018.4,1014.7,3.0,4.0,23.8,26.100000000000005,No,No
2012-03-30,Brisbane,18.1,28.199999999999996,0.2,5.0,9.5,E,30.0,SW,E,4.0,13.0,69.0,65.0,1016.4,1013.6,1.0,3.0,24.6,25.8,No,Yes
2012-03-31,Brisbane,17.5,28.500000000000004,2.0,6.2,11.0,SE,30.0,SSW,SE,6.0,13.0,70.0,55.0,1016.8,1013.4,1.0,1.0,23.6,26.7,Yes,No
2012-04-01,Brisbane,17.6,28.7,0.2,6.0,8.2,SSE,30.0,WSW,SSW,6.0,6.0,69.0,52.0,1016.0,1012.4,1.0,4.0,23.3,27.700000000000003,No,No
2012-04-02,Brisbane,18.0,30.3,0.0,6.6,10.7,SE,20.0,SW,WSW,7.0,6.0,65.0,42.0,1015.6,1011.9,1.0,3.0,23.8,29.8,No,No
2012-04-03,Brisbane,18.3,30.500000000000004,0.0,5.2,10.4,SE,24.000000000000004,SSW,S,6.0,6.0,66.0,39.0,1015.6,1012.2,1.0,2.0,23.9,29.8,No,No
2012-04-04,Brisbane,17.7,28.8,0.0,5.2,10.5,ENE,24.000000000000004,WSW,ESE,7.0,11.0,68.0,53.0,1016.8,1014.0,1.0,2.0,23.9,26.600000000000005,No,No
2012-04-05,Brisbane,17.9,28.4,0.0,6.6,8.7,E,26.0,SW,ESE,4.0,11.0,70.0,53.0,1019.3000000000001,1016.1,2.0,2.0,23.5,26.100000000000005,No,No
2012-04-06,Brisbane,17.7,27.399999999999995,0.0,8.0,10.6,E,26.0,S,ESE,6.0,13.0,63.0,58.0,1020.0,1016.4,5.0,4.0,23.5,24.7,No,No
2012-04-07,Brisbane,16.1,29.300000000000004,0.0,6.4,10.6,WNW,15.0,SSW,SE,4.0,6.0,68.0,45.0,1018.3,1014.3,1.0,1.0,22.6,28.200000000000003,No,No
2012-04-08,Brisbane,17.5,27.299999999999997,0.0,4.6,8.8,E,22.0,SSW,E,4.0,11.0,70.0,67.0,1020.0,1016.9,2.0,6.0,23.5,25.7,No,No
2012-04-09,Brisbane,17.0,30.500000000000004,0.0,4.8,10.7,NE,20.0,SSW,NE,4.0,6.0,80.0,59.0,1017.6,1013.1,1.0,1.0,22.399999999999995,28.6,No,No
2012-04-10,Brisbane,18.5,28.4,0.0,5.8,9.5,ESE,35.0,SW,E,6.0,16.999999999999996,62.0,56.99999999999999,1018.0,1016.7,4.0,2.0,22.9,23.6,No,No
2012-04-11,Brisbane,15.1,24.4,0.0,7.800000000000001,8.7,ESE,31.0,SSW,ESE,7.0,13.0,56.0,50.0,1025.0,1022.9,2.0,4.0,20.4,23.4,No,No
2012-04-12,Brisbane,14.900000000000002,24.9,0.0,6.2,8.6,SE,39.0,S,SE,7.0,9.0,61.0,69.0,1027.9,1026.4,1.0,5.0,21.1,21.0,No,Yes
2012-04-13,Brisbane,16.1,25.8,3.4,4.6,6.3,ESE,30.0,WSW,ESE,6.0,11.0,88.0,59.0,1028.6,1025.9,6.0,7.0,18.9,23.9,Yes,Yes
2012-04-14,Brisbane,17.2,25.2,2.4,4.4,6.5,ESE,28.0,SW,ESE,4.0,7.000000000000001,78.0,72.0,1025.8,1022.2999999999998,3.0,2.0,22.3,23.6,Yes,Yes
2012-04-15,Brisbane,18.3,23.9,12.4,3.4,5.1,SSE,20.0,SSW,SSE,4.0,6.0,90.0,93.0,1023.8,1020.5,7.0,7.0,21.1,21.7,Yes,Yes
2012-04-16,Brisbane,18.6,25.3,7.599999999999999,3.6,3.7,E,20.0,SSW,E,4.0,9.0,90.99999999999999,72.0,1021.0,1017.5,7.0,7.0,21.8,23.2,Yes,Yes
2012-04-17,Brisbane,18.4,25.4,7.200000000000001,3.7999999999999994,4.6,E,26.0,SE,E,2.0,9.0,92.0,61.0,1018.2,1014.8,7.0,3.0,20.8,24.6,Yes,No
2012-04-18,Brisbane,17.7,26.6,0.0,2.8,10.0,ESE,26.0,SSE,ESE,2.0,13.0,73.0,67.0,1016.7,1013.1,5.0,3.0,23.2,24.6,No,No
2012-04-19,Brisbane,18.0,27.9,0.2,5.6,10.5,E,19.0,SW,ENE,6.0,7.000000000000001,73.0,62.0,1016.5,1013.3,3.0,2.0,23.4,26.9,No,No
2012-04-20,Brisbane,18.6,27.2,0.2,3.6,3.4,ESE,24.000000000000004,SW,SE,4.0,11.0,78.0,72.0,1016.3,1013.2,6.0,7.0,24.3,25.0,No,No
2012-04-21,Brisbane,18.1,29.9,0.0,3.2,10.4,ENE,17.0,WSW,ENE,6.0,9.0,72.0,61.0,1014.6,1011.1,1.0,3.0,23.6,27.799999999999997,No,No
2012-04-22,Brisbane,18.2,28.6,0.2,3.4,8.7,WNW,22.0,WSW,NE,6.0,7.000000000000001,79.0,65.0,1015.5,1012.0,8.0,7.0,22.5,26.600000000000005,No,No
2012-04-23,Brisbane,18.2,27.600000000000005,0.0,3.2,6.5,ENE,17.0,W,NE,6.0,7.000000000000001,98.0,68.0,1016.1,1011.9,7.0,7.0,20.5,26.300000000000004,No,No
2012-04-24,Brisbane,20.4,25.8,0.0,2.6,1.0,W,22.0,SW,S,2.0,6.0,88.0,81.0,1014.0,1012.0,7.0,8.0,24.1,24.3,No,No
2012-04-25,Brisbane,19.3,22.8,0.2,3.4,1.9,W,30.0,W,WNW,7.0,7.000000000000001,73.0,49.00000000000001,1015.5,1012.0,7.0,7.0,20.8,22.7,No,No
2012-04-26,Brisbane,11.6,24.4,0.0,3.4,10.5,W,20.0,SSW,WSW,6.0,4.0,44.0,32.0,1018.3,1015.8,1.0,2.0,18.1,23.7,No,No
2012-04-27,Brisbane,13.900000000000002,20.4,0.2,4.0,0.1,SSE,19.0,SW,WSW,6.0,6.0,83.0,79.0,1021.8,1019.0,8.0,8.0,16.2,19.6,No,Yes
2012-04-30,Brisbane,16.9,24.6,0.0,3.0,8.2,SE,35.0,SSW,SE,6.0,13.0,67.0,55.0,1023.2,1020.5,1.0,2.0,21.3,23.5,No,No
2012-05-01,Brisbane,15.1,23.7,0.0,4.8,4.2,SE,28.0,S,ESE,6.0,7.000000000000001,72.0,63.00000000000001,1025.4,1022.4000000000001,1.0,7.0,21.0,22.7,No,Yes
2012-05-02,Brisbane,17.1,24.3,4.2,2.2,7.1,E,20.0,SSW,E,4.0,9.0,83.0,56.99999999999999,1023.4,1019.5,7.0,2.0,20.0,23.0,Yes,No
2012-05-03,Brisbane,16.1,25.0,0.0,4.6,7.700000000000001,ENE,22.0,SW,ENE,4.0,6.0,74.0,70.0,1019.5,1015.8,3.0,6.0,20.8,23.5,No,Yes
2012-05-04,Brisbane,16.8,24.8,7.8,3.2,6.700000000000001,SE,20.0,WSW,ESE,4.0,7.000000000000001,85.0,68.0,1017.5,1013.4,7.0,5.0,19.2,23.7,Yes,No
2012-05-05,Brisbane,14.799999999999999,25.2,0.0,3.6,10.2,W,22.0,SW,W,6.0,9.0,68.0,39.0,1014.8,1011.8,1.0,1.0,20.6,24.4,No,No
2012-05-06,Brisbane,10.6,24.7,0.0,4.8,10.2,WSW,17.0,SW,WSW,4.0,4.0,56.0,31.0,1018.0,1014.9,1.0,1.0,17.4,24.1,No,No
2012-05-07,Brisbane,11.2,25.4,0.0,3.6,10.3,SW,15.0,SW,NE,6.0,2.0,64.0,42.0,1018.6,1014.5,2.0,1.0,17.4,24.9,No,No
2012-05-08,Brisbane,11.8,26.3,0.0,4.0,10.2,E,17.0,SW,S,6.0,4.0,65.0,35.0,1018.1,1015.3,2.0,1.0,17.5,26.0,No,No
2012-05-09,Brisbane,12.8,26.1,0.0,2.6,9.9,ENE,13.0,SW,NE,4.0,7.000000000000001,73.0,43.0,1022.7,1019.9,0.0,1.0,18.5,24.6,No,No
2012-05-10,Brisbane,13.1,26.7,0.0,3.4,9.7,NE,17.0,SW,NNE,4.0,7.000000000000001,73.0,49.00000000000001,1024.3,1020.2,1.0,1.0,18.9,24.9,No,No
2012-05-11,Brisbane,13.400000000000002,25.8,0.0,3.6,10.1,NNW,15.0,SW,NNE,4.0,6.0,80.99999999999999,53.0,1023.1,1018.2,1.0,1.0,18.9,24.3,No,No
2012-05-12,Brisbane,13.400000000000002,27.2,0.0,3.7999999999999994,10.1,W,13.0,SW,NW,2.0,6.0,83.0,38.0,1019.1,1014.6,0.0,1.0,17.6,27.099999999999998,No,No
2012-05-13,Brisbane,12.8,25.8,0.0,3.2,10.0,W,39.0,W,W,4.0,19.999999999999996,59.0,29.0,1016.3,1013.1,0.0,0.0,20.8,25.1,No,No
2012-05-14,Brisbane,10.0,21.4,0.0,7.2,9.9,WSW,22.0,SW,ENE,6.0,7.000000000000001,42.99999999999999,35.0,1020.0,1018.4,0.0,1.0,16.1,20.0,No,No
2012-05-15,Brisbane,8.1,23.4,0.0,5.4,9.5,SW,19.0,SW,SW,7.0,4.0,52.0,38.0,1022.5,1018.7,1.0,1.0,15.199999999999998,23.2,No,No
2012-05-16,Brisbane,10.2,24.3,0.0,4.8,9.9,WSW,17.0,SW,S,7.0,2.0,67.0,36.0,1022.8,1019.4,1.0,1.0,16.4,23.4,No,No
2012-05-17,Brisbane,10.9,24.9,0.0,3.7999999999999994,9.8,E,20.0,SW,NNE,7.0,4.0,69.0,60.00000000000001,1023.6,1020.4,1.0,2.0,16.8,22.8,No,No
2012-05-18,Brisbane,11.9,24.1,0.0,3.7999999999999994,8.7,E,19.0,SW,ESE,6.0,7.000000000000001,76.0,48.0,1024.2,1021.0999999999999,1.0,5.0,17.3,22.0,No,No
2012-05-19,Brisbane,10.8,24.4,0.0,3.4,9.3,ESE,17.0,SSW,ENE,4.0,9.0,75.0,51.0,1023.8,1020.4,1.0,1.0,17.0,22.6,No,No
2012-05-20,Brisbane,11.3,24.0,0.0,3.7999999999999994,9.4,ESE,20.0,SSW,E,2.0,7.000000000000001,78.0,49.00000000000001,1023.8,1020.5,1.0,5.0,16.5,22.1,No,No
2012-05-21,Brisbane,11.7,22.9,0.0,3.2,5.9,SSE,20.0,SW,E,6.0,7.000000000000001,72.0,61.0,1024.5,1022.0,3.0,6.0,17.0,22.0,No,No
2012-05-22,Brisbane,13.699999999999998,24.8,0.0,2.2,9.8,ENE,17.0,WSW,NNE,6.0,6.0,76.0,50.0,1025.8,1022.2999999999998,2.0,3.0,18.4,23.8,No,No
2012-05-23,Brisbane,13.0,23.7,0.0,3.7999999999999994,7.4,ENE,20.0,WSW,NNE,4.0,7.000000000000001,79.0,56.99999999999999,1026.3,1022.8000000000001,2.0,5.0,17.9,23.5,No,No
2012-05-26,Brisbane,11.3,19.7,10.6,1.8,8.2,W,30.0,W,W,9.0,13.0,67.0,45.0,1019.2,1015.0,6.0,3.0,13.2,19.3,Yes,No
2012-05-27,Brisbane,8.4,22.6,0.2,4.0,8.9,SW,22.0,SW,SSE,6.0,4.0,56.0,45.0,1018.7,1015.8,1.0,3.0,14.8,21.2,No,No
2012-05-28,Brisbane,10.2,22.7,0.0,3.0,8.7,SSE,26.0,SW,S,7.0,9.0,63.0,51.0,1021.6,1019.5,1.0,6.0,15.7,21.9,No,No
2012-05-29,Brisbane,13.3,22.5,0.0,3.2,9.6,SE,35.0,SSW,SE,6.0,16.999999999999996,70.0,56.0,1025.3,1024.2,1.0,4.0,18.2,22.1,No,No
2012-05-30,Brisbane,13.199999999999998,22.9,0.0,3.6,7.2,SE,35.0,SSW,SE,2.0,11.0,85.0,56.0,1029.5,1026.7,6.0,4.0,16.7,21.8,No,Yes
2012-05-31,Brisbane,14.699999999999998,21.0,13.2,3.6,2.4,SE,31.0,S,SSE,7.0,7.000000000000001,90.99999999999999,72.0,1028.6,1026.1,6.0,8.0,16.9,19.1,Yes,Yes
2012-06-01,Brisbane,13.699999999999998,22.0,6.0,0.0,3.2,ESE,26.0,SSE,E,6.0,11.0,88.0,85.0,1024.9,1021.6,7.0,7.0,18.5,19.1,Yes,Yes
2012-06-02,Brisbane,15.199999999999998,22.4,13.000000000000002,1.6,0.8,ENE,26.0,SW,E,2.0,9.0,94.0,82.0,1019.5999999999999,1015.6,7.0,7.0,16.8,20.4,Yes,Yes
2012-06-04,Brisbane,13.8,22.4,0.2,1.0,9.7,W,44.0,W,W,9.0,19.0,74.0,47.0,1007.7,1004.5,1.0,2.0,18.8,21.5,No,No
2012-06-05,Brisbane,12.1,17.9,0.0,6.6,9.9,WNW,46.0,W,WNW,17.0,19.999999999999996,55.0,43.0,1007.6,1004.1,1.0,2.0,14.699999999999998,17.2,No,No
2012-06-06,Brisbane,10.7,22.0,0.0,5.6,8.3,W,30.0,WSW,S,11.0,7.000000000000001,58.00000000000001,42.0,1011.0,1010.3,1.0,2.0,14.699999999999998,21.6,No,No
2012-06-07,Brisbane,12.1,21.1,0.0,5.4,7.499999999999999,SE,22.0,SW,ESE,7.0,9.0,68.0,51.0,1018.2,1016.7,1.0,4.0,16.3,20.1,No,No
2012-06-08,Brisbane,11.0,20.7,0.0,3.2,4.0,SSE,28.0,SSW,ESE,6.0,11.0,72.0,56.99999999999999,1022.8,1020.8,6.0,7.0,15.3,18.8,No,No
2012-06-09,Brisbane,12.7,20.3,0.0,2.4,6.0,SSE,26.0,WSW,SE,6.0,11.0,79.0,61.0,1023.8,1020.5,6.0,5.0,14.9,18.9,No,Yes
2012-06-10,Brisbane,12.8,17.9,6.999999999999999,0.2,0.0,SSE,22.0,SW,SSE,4.0,7.000000000000001,98.0,80.0,1021.1,1016.5,7.0,7.0,13.2,17.2,Yes,Yes
2012-06-11,Brisbane,13.199999999999998,19.0,5.2,1.6,0.4,SW,30.0,SSW,SW,7.0,11.0,79.0,82.0,1012.8,1009.8,7.0,8.0,15.9,15.6,Yes,Yes
2012-06-12,Brisbane,14.0,21.9,1.6,2.4,8.8,SW,33.0,SW,SSW,7.0,7.000000000000001,66.0,59.0,1010.2,1009.5,1.0,1.0,18.9,20.8,Yes,No
2012-06-13,Brisbane,13.5,22.7,0.4,3.4,7.9,S,26.0,SSW,S,7.0,4.0,68.0,53.0,1014.9,1013.3,2.0,2.0,17.5,21.9,No,No
2012-06-14,Brisbane,12.7,23.3,0.2,3.6,9.0,W,24.000000000000004,SW,SSW,7.0,6.0,72.0,52.0,1017.3,1015.3,0.0,2.0,17.2,21.8,No,No
2012-06-15,Brisbane,10.2,23.5,0.0,3.0,9.8,SW,13.0,SW,N,2.0,4.0,79.0,53.0,1020.5000000000001,1017.7,1.0,1.0,15.3,22.2,No,No
2012-06-17,Brisbane,13.199999999999998,23.4,0.0,2.2,9.9,W,26.0,W,W,7.0,9.0,64.0,33.0,1021.3,1018.4,1.0,0.0,18.0,22.8,No,No
2012-06-18,Brisbane,9.2,21.2,0.0,3.2,9.9,WSW,20.0,WSW,WSW,9.0,2.0,56.0,41.0,1022.6,1018.9,0.0,0.0,15.1,20.9,No,No
2012-06-19,Brisbane,8.4,21.8,0.0,2.8,10.0,W,20.0,WSW,W,6.0,11.0,71.0,39.0,1022.4,1018.4,0.0,1.0,13.799999999999999,20.3,No,No
2012-06-20,Brisbane,8.5,22.6,0.0,2.0,9.8,NE,19.0,SW,NNE,6.0,6.0,67.0,53.0,1023.0,1019.9,1.0,2.0,13.799999999999999,20.9,No,No
2012-06-21,Brisbane,8.2,22.9,0.0,3.4,9.8,NW,19.0,S,NNW,2.0,6.0,98.0,38.0,1021.8,1017.1,1.0,0.0,10.6,22.4,No,No
2012-06-23,Brisbane,12.900000000000002,19.1,0.0,3.2,0.4,WSW,24.000000000000004,WSW,NW,9.0,4.0,53.00000000000001,41.0,1022.2,1020.4,7.0,7.0,14.399999999999999,18.2,No,No
2012-06-24,Brisbane,11.8,19.6,0.0,3.7999999999999994,1.2,SE,22.0,WSW,SE,6.0,9.0,68.0,55.0,1027.7,1025.4,6.0,7.0,13.799999999999999,18.6,No,No
2012-06-25,Brisbane,13.400000000000002,17.4,0.2,2.8,0.2,WSW,17.0,SW,WSW,6.0,4.0,60.0,63.00000000000001,1027.9,1024.6,8.0,8.0,14.200000000000001,17.3,No,No
2012-06-26,Brisbane,13.3,16.1,0.0,2.0,0.0,WSW,17.0,S,SSW,2.0,2.0,76.0,90.0,1025.1,1023.5000000000001,8.0,8.0,15.8,14.100000000000001,No,Yes
2012-06-27,Brisbane,11.9,15.099999999999998,27.2,2.0,0.0,SSE,37.0,WSW,SSW,6.0,4.0,98.0,98.00000000000001,1024.2,1020.8,8.0,8.0,12.6,14.3,Yes,Yes
2012-06-28,Brisbane,12.6,19.0,21.4,1.4,0.0,SSE,33.0,SW,SSE,6.0,16.999999999999996,98.0,89.0,1017.5,1012.4,8.0,7.0,14.699999999999998,17.8,Yes,Yes
2012-06-29,Brisbane,14.699999999999998,23.3,13.2,1.2,8.8,SSE,24.000000000000004,SW,S,6.0,6.0,88.0,61.0,1012.5,1010.0,4.0,3.0,18.0,22.7,Yes,No
2012-06-30,Brisbane,11.6,23.0,0.0,2.0,9.8,W,17.0,SW,SW,7.0,2.0,87.0,47.0,1015.8,1012.7,1.0,1.0,15.4,22.9,No,No
2012-07-01,Brisbane,9.8,23.4,0.0,1.6,9.5,W,22.0,SSW,WNW,4.0,7.000000000000001,84.0,49.00000000000001,1018.4,1014.4,1.0,2.0,13.899999999999999,22.9,No,No
2012-07-02,Brisbane,6.5,19.6,0.0,3.4,10.1,W,26.0,WSW,W,7.0,11.0,48.00000000000001,34.0,1019.8,1016.3,0.0,0.0,13.899999999999999,19.1,No,No
2012-07-03,Brisbane,6.0,19.5,0.0,3.6,10.2,WNW,15.0,SW,W,4.0,4.0,58.00000000000001,42.0,1020.1,1016.8,0.0,0.0,12.9,18.9,No,No
2012-07-04,Brisbane,6.8,19.3,0.0,2.8,10.1,SW,20.0,SSW,WSW,4.0,6.0,58.00000000000001,35.0,1022.9,1021.0,1.0,0.0,12.4,18.9,No,No
2012-07-05,Brisbane,7.099999999999999,22.0,0.0,2.4,9.2,SW,20.0,WSW,SSW,7.0,6.0,61.0,43.0,1025.8,1023.2,1.0,3.0,13.300000000000002,21.0,No,No
2012-07-06,Brisbane,9.9,20.4,0.0,3.2,9.6,SE,33.0,SSW,SSE,9.0,11.0,65.0,52.0,1027.1,1024.9,1.0,2.0,15.3,18.9,No,No
2012-07-07,Brisbane,10.7,21.4,0.0,3.4,4.8,ESE,26.0,SW,ESE,4.0,11.0,75.0,53.0,1028.0,1025.6,3.0,5.0,15.0,19.8,No,No
2012-07-08,Brisbane,10.7,21.3,0.0,2.8,9.3,E,24.000000000000004,SW,ESE,6.0,11.0,77.0,53.0,1028.4,1025.9,2.0,3.0,14.100000000000001,19.5,No,No
2012-07-09,Brisbane,11.4,21.0,0.0,3.0,7.700000000000001,E,28.0,SW,ESE,4.0,13.0,74.0,66.0,1029.0,1025.2,3.0,3.0,15.3,19.1,No,Yes
2012-07-10,Brisbane,12.3,18.7,4.2,2.4,0.0,E,22.0,SSE,E,2.0,9.0,98.0,83.0,1025.9,1022.5999999999999,7.0,8.0,15.9,17.5,Yes,Yes
2012-07-13,Brisbane,18.7,22.9,19.2,1.4,0.8,SW,17.0,NE,NE,2.0,6.0,98.0,95.0,1017.1,1013.8,7.0,8.0,21.0,21.3,Yes,Yes
2012-07-14,Brisbane,17.8,24.5,12.0,0.2,4.3,WNW,28.0,WSW,W,6.0,9.0,82.0,56.99999999999999,1016.9,1014.8,6.0,7.0,19.9,21.9,Yes,No
2012-07-15,Brisbane,15.700000000000001,21.1,0.4,3.4,4.8,W,30.0,W,WSW,9.0,11.0,75.0,39.0,1020.4,1018.0,8.0,2.0,15.8,20.6,No,No
2012-07-16,Brisbane,8.5,21.3,0.2,3.6,4.0,ESE,22.0,SW,E,6.0,13.0,64.0,52.0,1026.8,1024.1,0.0,6.0,13.799999999999999,20.6,No,Yes
2012-07-17,Brisbane,12.0,21.4,2.0,2.8,6.0,ESE,20.0,SW,E,2.0,9.0,78.0,58.0,1026.4,1022.1,7.0,3.0,15.4,21.1,Yes,No
2012-07-18,Brisbane,13.199999999999998,20.8,0.6,2.6,0.7,ENE,13.0,S,ENE,2.0,6.0,92.0,63.00000000000001,1021.1,1015.8,8.0,7.0,15.7,20.0,No,Yes
2012-07-19,Brisbane,13.900000000000002,22.2,7.4,3.4,9.6,SSE,22.0,SW,SSW,7.0,7.000000000000001,80.99999999999999,50.0,1016.1,1013.5,1.0,3.0,16.9,21.2,Yes,No
2012-07-20,Brisbane,9.8,21.9,0.2,1.8,9.8,WSW,20.0,SW,SW,9.0,6.0,59.0,46.00000000000001,1020.4,1017.6,1.0,3.0,14.9,21.6,No,No
2012-07-21,Brisbane,12.7,22.0,0.0,3.7999999999999994,6.4,SSW,22.0,SW,SSW,7.0,9.0,63.0,58.0,1021.8,1020.2,6.0,6.0,16.9,20.1,No,No
2012-07-22,Brisbane,12.400000000000002,21.2,0.0,3.6,7.8,SW,31.0,SW,SSW,7.0,9.0,64.0,58.0,1023.0,1021.2,1.0,6.0,17.1,18.2,No,No
2012-07-23,Brisbane,10.9,21.5,0.0,3.6,8.2,S,22.0,SW,SSW,6.0,7.000000000000001,68.0,48.0,1022.7,1019.7,1.0,2.0,15.5,21.3,No,No
2012-07-24,Brisbane,11.2,22.1,0.0,3.0,9.0,SE,20.0,SW,S,6.0,4.0,67.0,48.0,1024.4,1021.3000000000001,1.0,6.0,15.9,20.3,No,No
2012-07-25,Brisbane,10.5,21.3,0.0,3.7999999999999994,7.2,S,20.0,SSW,ENE,6.0,7.000000000000001,73.0,56.99999999999999,1022.9,1020.3,3.0,4.0,15.5,20.4,No,No
2012-07-26,Brisbane,12.8,22.0,0.0,2.2,6.4,NE,17.0,WSW,NE,6.0,9.0,75.0,56.99999999999999,1019.9000000000001,1015.1,5.0,6.0,16.4,20.3,No,No
2012-07-27,Brisbane,10.3,22.6,0.0,2.2,7.4,W,26.0,SW,NNW,6.0,6.0,82.0,46.00000000000001,1015.0,1010.2,2.0,4.0,14.9,20.0,No,No
2012-07-28,Brisbane,7.7,19.8,0.0,3.6,10.3,WNW,31.0,W,W,11.0,11.0,54.0,39.0,1017.4,1015.1,1.0,2.0,14.200000000000001,19.6,No,No
2012-07-29,Brisbane,6.599999999999999,20.4,0.0,6.0,9.7,W,20.0,SW,SW,4.0,6.0,62.0,41.0,1022.2,1019.1,0.0,2.0,13.600000000000001,19.9,No,No
2012-07-30,Brisbane,7.8999999999999995,21.6,0.0,4.2,9.9,WSW,17.0,SW,W,6.0,6.0,66.0,32.0,1021.4,1017.2,1.0,1.0,13.899999999999999,21.0,No,No
2012-07-31,Brisbane,8.5,21.4,0.0,3.6,10.0,SW,22.0,SSW,W,7.0,2.0,54.0,36.0,1023.3,1019.1,1.0,2.0,14.399999999999999,21.2,No,No
2012-08-01,Brisbane,7.8,21.1,0.0,3.6,10.0,WSW,20.0,SW,WSW,4.0,6.0,70.0,32.0,1022.4,1017.7,0.0,1.0,13.899999999999999,21.1,No,No
2012-08-02,Brisbane,4.6,20.7,0.0,2.4,10.4,WNW,22.0,SW,SSW,6.0,2.0,52.0,28.0,1021.6,1018.2,0.0,0.0,13.400000000000002,20.3,No,No
2012-08-03,Brisbane,4.1,21.6,0.0,3.6,9.3,W,24.000000000000004,SW,WSW,2.0,9.0,61.0,26.0,1020.3,1016.4,1.0,2.0,12.5,21.3,No,No
2012-08-04,Brisbane,5.4,22.5,0.0,4.4,10.2,ENE,19.0,SW,SSW,4.0,4.0,54.0,28.0,1021.3,1017.1,0.0,0.0,13.799999999999999,22.1,No,No
2012-08-05,Brisbane,5.9,23.6,0.0,4.0,10.2,W,26.0,WSW,S,6.0,4.0,65.0,25.0,1021.4,1016.1,0.0,1.0,12.1,23.1,No,No
2012-08-06,Brisbane,7.099999999999999,25.1,0.0,3.6,10.3,WSW,28.0,SSW,W,2.0,11.0,58.00000000000001,22.0,1019.9000000000001,1016.6,0.0,1.0,14.399999999999999,24.9,No,No
2012-08-08,Brisbane,6.700000000000001,23.7,0.0,3.4,10.1,NNW,19.0,SW,WNW,4.0,7.000000000000001,57.0,16.0,1024.3,1019.3,0.0,0.0,13.2,23.4,No,No
2012-08-09,Brisbane,7.3,25.5,0.0,3.7999999999999994,8.7,W,30.0,SSW,WNW,2.0,16.999999999999996,50.0,23.000000000000004,1018.1,1011.4,5.0,3.0,16.2,24.7,No,No
2012-08-10,Brisbane,10.5,19.3,0.0,6.0,10.3,SW,39.0,SW,WSW,9.0,13.0,41.0,22.0,1015.7,1012.2,1.0,0.0,13.799999999999999,18.8,No,No
2012-08-11,Brisbane,9.7,21.9,0.0,7.0,10.2,W,28.0,WSW,SSW,7.0,6.0,40.0,28.0,1017.9,1014.8,1.0,5.0,14.599999999999998,20.8,No,No
2012-08-12,Brisbane,9.0,22.1,0.0,4.6,7.2,SE,20.0,SW,S,6.0,7.000000000000001,51.0,38.0,1020.7,1017.9,3.0,6.0,16.6,20.9,No,No
2012-08-13,Brisbane,10.0,21.7,0.0,4.0,9.7,SE,20.0,SW,SE,6.0,6.0,57.0,47.0,1024.6,1021.4999999999999,1.0,4.0,15.7,19.6,No,No
2012-08-14,Brisbane,8.1,23.3,0.0,3.4,10.0,W,22.0,WSW,WNW,4.0,7.000000000000001,72.0,28.0,1024.2,1019.8,1.0,5.0,13.899999999999999,23.0,No,No
2012-08-15,Brisbane,7.8,24.8,0.0,3.2,10.2,W,24.000000000000004,SSW,WNW,2.0,6.0,60.0,26.0,1022.5,1017.8,0.0,1.0,14.8,24.3,No,No
2012-08-17,Brisbane,10.4,26.6,0.0,4.0,9.9,NNW,30.0,ENE,NE,2.0,7.000000000000001,68.0,50.0,1015.8,1010.4,3.0,3.0,17.8,23.7,No,No
2012-08-18,Brisbane,12.5,21.6,0.0,4.8,10.9,WNW,43.0,W,W,9.0,16.999999999999996,28.0,21.0,1016.7,1013.7,1.0,1.0,17.3,20.9,No,No
2012-08-19,Brisbane,7.3,20.4,0.0,7.599999999999999,8.9,W,19.0,SW,NE,9.0,7.000000000000001,39.0,34.0,1021.7,1019.4,2.0,8.0,15.6,18.9,No,No
2012-08-20,Brisbane,11.4,22.6,0.0,3.0,9.7,E,20.0,WSW,ENE,4.0,11.0,55.0,44.0,1023.1,1018.9,2.0,1.0,16.1,20.7,No,No
2012-08-21,Brisbane,10.5,22.3,0.0,3.6,7.2,ENE,20.0,SSE,ENE,4.0,9.0,69.0,49.00000000000001,1023.1,1019.3,7.0,7.0,17.4,21.1,No,No
2012-08-22,Brisbane,11.4,24.1,0.0,2.8,8.1,ENE,17.0,WSW,ENE,6.0,6.0,79.0,56.99999999999999,1021.5,1016.7,6.0,2.0,16.4,22.7,No,No
2012-08-23,Brisbane,12.8,26.1,0.0,2.2,10.2,NNE,22.0,ENE,NE,2.0,11.0,67.0,64.0,1020.1,1015.5,1.0,1.0,21.7,24.9,No,No
2012-08-24,Brisbane,17.9,27.600000000000005,0.0,3.7999999999999994,7.1,NNW,22.0,NW,ENE,4.0,9.0,77.0,63.00000000000001,1018.9,1014.7,6.0,5.0,21.4,25.2,No,No
2012-08-25,Brisbane,11.7,25.6,0.0,4.0,10.5,WSW,20.0,WSW,SW,7.0,4.0,34.0,18.0,1021.1,1016.3,1.0,0.0,18.9,25.3,No,No
2012-08-26,Brisbane,9.5,25.8,0.0,5.4,10.9,WNW,20.0,SW,S,6.0,4.0,54.0,24.0,1019.8,1014.8,0.0,1.0,16.5,24.9,No,No
2012-08-27,Brisbane,13.199999999999998,22.6,0.0,5.0,9.2,ESE,28.0,SE,E,13.0,11.0,58.00000000000001,43.0,1022.2,1019.6,7.0,2.0,19.5,20.9,No,No
2012-08-28,Brisbane,10.6,22.4,0.0,7.0,9.8,ENE,19.0,SSW,NE,4.0,9.0,60.0,46.00000000000001,1024.9,1020.8,1.0,2.0,17.3,21.1,No,No
2012-08-29,Brisbane,10.4,22.9,0.0,4.6,10.6,N,20.0,SW,NE,6.0,11.0,66.0,53.0,1023.2,1017.7,5.0,1.0,16.2,21.5,No,No
2012-08-30,Brisbane,11.3,25.6,0.0,4.4,10.3,NE,24.000000000000004,NNE,NE,4.0,11.0,63.0,60.00000000000001,1018.6,1013.1,1.0,1.0,19.9,23.7,No,No
2012-08-31,Brisbane,15.799999999999999,22.2,0.2,4.6,2.3,W,24.000000000000004,W,W,7.0,4.0,68.0,41.0,1016.1,1014.5,6.0,7.0,19.8,21.0,No,No
2012-09-01,Brisbane,9.3,22.2,0.0,6.4,10.5,W,26.0,SSW,W,6.0,6.0,35.0,23.000000000000004,1020.4,1016.8,0.0,0.0,15.8,22.1,No,No
2012-09-02,Brisbane,7.3,22.4,0.0,4.8,11.0,S,20.0,SW,NE,6.0,9.0,55.0,36.0,1024.0,1019.8,0.0,1.0,14.8,20.7,No,No
2012-09-03,Brisbane,8.6,24.6,0.0,4.0,10.9,NNE,15.0,WSW,ENE,4.0,7.000000000000001,60.0,40.0,1023.9,1018.8,0.0,1.0,16.5,22.9,No,No
2012-09-04,Brisbane,10.2,24.6,0.0,4.0,10.8,NNE,20.0,WSW,NNE,9.0,7.000000000000001,62.0,41.0,1025.3,1021.0999999999999,1.0,1.0,16.9,23.6,No,No
2012-09-05,Brisbane,11.1,23.7,0.0,6.6,10.7,NE,30.0,SW,NE,4.0,13.0,65.0,43.0,1024.1,1019.0,1.0,1.0,18.5,22.2,No,No
2012-09-06,Brisbane,14.6,27.299999999999997,0.0,5.8,10.6,NW,33.0,NW,NNE,11.0,11.0,52.0,49.00000000000001,1019.9000000000001,1014.8,1.0,1.0,21.5,24.5,No,No
2012-09-07,Brisbane,15.6,27.399999999999995,0.0,6.4,9.6,E,20.0,NNW,ENE,7.0,9.0,56.0,52.0,1015.4,1010.2,1.0,1.0,22.1,25.4,No,No
2012-09-08,Brisbane,12.1,27.1,0.0,7.800000000000001,11.2,WSW,30.0,WSW,WNW,11.0,13.0,25.0,16.0,1018.1,1013.2,0.0,0.0,19.1,26.5,No,No
2012-09-09,Brisbane,12.3,24.5,0.0,8.0,10.8,ESE,24.000000000000004,WSW,ENE,7.0,13.0,36.0,55.0,1020.9,1018.9,1.0,2.0,19.4,22.8,No,No
2012-09-10,Brisbane,16.0,23.3,0.0,6.2,5.0,SE,24.000000000000004,ESE,ENE,11.0,9.0,52.0,53.99999999999999,1026.1,1023.1000000000001,7.0,8.0,20.7,21.7,No,No
2012-09-11,Brisbane,12.400000000000002,25.0,0.0,4.0,10.1,E,19.0,WSW,ENE,7.0,9.0,66.0,39.0,1025.6,1020.9,1.0,1.0,19.3,24.6,No,No
2012-09-12,Brisbane,13.1,25.6,0.0,4.6,10.6,NE,22.0,NNW,ENE,2.0,11.0,62.0,43.0,1024.1,1019.9,1.0,1.0,20.8,24.3,No,No
2012-09-13,Brisbane,14.0,25.3,0.0,4.8,10.5,NNE,30.0,N,NNE,6.0,9.0,61.0,56.99999999999999,1018.7,1011.8,1.0,1.0,21.4,24.3,No,No
2012-09-14,Brisbane,13.0,23.2,0.0,7.599999999999999,10.5,WSW,28.0,SW,ESE,7.0,9.0,35.0,35.0,1017.5,1015.1,1.0,1.0,17.6,22.2,No,No
2012-09-15,Brisbane,10.9,23.4,0.0,6.8,10.4,NE,26.0,SW,E,6.0,11.0,53.00000000000001,45.0,1023.1,1019.9,1.0,1.0,18.6,21.8,No,No
2012-09-16,Brisbane,11.1,23.5,0.0,5.4,10.6,E,19.0,W,NE,6.0,9.0,60.0,46.00000000000001,1022.6,1017.7,5.0,5.0,17.5,22.3,No,No
2012-09-17,Brisbane,13.3,23.6,0.0,4.6,7.499999999999999,E,24.000000000000004,S,NE,4.0,11.0,63.0,51.0,1020.3,1017.0,3.0,7.0,20.9,22.4,No,No
2012-09-18,Brisbane,15.0,21.1,0.2,4.6,4.3,E,26.0,E,ENE,9.0,11.0,70.0,72.0,1019.8,1016.9,8.0,5.0,19.8,19.6,No,Yes
2012-09-19,Brisbane,13.199999999999998,27.600000000000005,1.2,3.7999999999999994,10.6,NE,31.0,S,NE,2.0,11.0,73.0,55.0,1018.7,1013.6,3.0,2.0,19.4,24.5,Yes,No
2012-09-20,Brisbane,14.799999999999999,28.4,0.2,3.7999999999999994,10.8,ENE,22.0,WSW,NE,6.0,11.0,67.0,53.0,1019.2,1014.5,1.0,0.0,21.4,25.1,No,No
2012-09-21,Brisbane,15.1,26.2,0.0,3.0,3.5,NNW,20.0,NW,N,2.0,6.0,84.0,75.0,1018.2,1014.2,7.0,7.0,19.2,22.3,No,No
2012-09-22,Brisbane,13.8,29.9,0.2,2.2,10.8,E,28.0,SW,ENE,4.0,14.999999999999998,59.0,55.0,1014.9,1010.9,1.0,1.0,24.7,25.4,No,No
2012-09-23,Brisbane,16.4,30.8,0.0,4.0,10.4,NE,22.0,SSW,ENE,6.0,9.0,65.0,53.99999999999999,1013.3,1009.3,1.0,1.0,23.7,27.099999999999998,No,No
2012-09-24,Brisbane,18.2,30.6,0.0,6.0,4.4,NNW,28.0,WNW,NE,6.0,6.0,83.0,66.0,1013.1,1009.1,7.0,8.0,19.8,24.6,No,No
2012-09-25,Brisbane,15.9,25.6,0.6,4.6,10.6,E,31.0,ESE,ESE,13.0,14.999999999999998,58.00000000000001,53.0,1018.5,1016.9,2.0,5.0,22.9,23.8,No,No
2012-09-26,Brisbane,15.299999999999999,24.7,0.0,7.0,6.9,ENE,28.0,E,E,9.0,13.0,53.00000000000001,42.0,1021.6,1018.5,4.0,3.0,21.7,23.2,No,No
2012-09-27,Brisbane,14.199999999999998,26.1,0.0,6.4,9.9,ENE,22.0,NE,ENE,4.0,11.0,51.0,49.00000000000001,1022.0,1017.9,3.0,2.0,22.7,23.9,No,No
2012-09-28,Brisbane,13.8,25.5,0.0,4.8,10.8,NE,28.0,N,NNE,7.0,14.999999999999998,56.0,59.0,1019.9000000000001,1014.8,1.0,1.0,22.5,23.9,No,No
2012-09-29,Brisbane,14.900000000000002,29.300000000000004,0.0,7.800000000000001,7.499999999999999,W,28.0,N,NE,9.0,7.000000000000001,50.0,53.0,1016.3,1011.5,5.0,6.0,22.6,25.5,No,Yes
2012-09-30,Brisbane,17.8,23.8,3.2,5.2,0.8,E,20.0,SW,E,4.0,6.0,70.0,56.99999999999999,1018.9,1017.2,8.0,7.0,20.6,23.7,Yes,No
2012-10-01,Brisbane,15.199999999999998,21.9,0.6,2.6,0.0,ESE,26.0,SSW,ESE,4.0,11.0,85.99999999999999,58.0,1024.8,1023.5000000000001,8.0,8.0,16.8,20.1,No,No
2012-10-03,Brisbane,14.199999999999998,25.1,0.0,7.599999999999999,9.6,ENE,30.0,S,ENE,6.0,9.0,52.0,46.00000000000001,1028.0,1024.0,7.0,2.0,21.4,23.5,No,No
2012-10-04,Brisbane,12.6,27.9,0.0,5.6,11.5,NNW,28.0,S,NE,4.0,9.0,58.00000000000001,48.0,1024.7,1019.4,2.0,0.0,21.7,24.9,No,No
2012-10-05,Brisbane,12.900000000000002,28.999999999999996,0.0,7.0,11.3,NE,26.0,SW,NNE,2.0,11.0,56.0,49.00000000000001,1022.6,1017.9,0.0,1.0,23.5,27.000000000000004,No,No
2012-10-06,Brisbane,14.299999999999999,30.9,0.0,5.4,11.4,NE,20.0,E,NE,6.0,11.0,45.0,48.0,1018.4,1013.1,0.0,1.0,26.100000000000005,28.6,No,No
2012-10-07,Brisbane,15.199999999999998,31.6,0.0,6.8,10.8,SE,43.0,NE,ENE,4.0,11.0,45.0,43.0,1013.3,1006.5,0.0,2.0,27.000000000000004,30.3,No,No
2012-10-08,Brisbane,18.1,24.8,0.0,7.800000000000001,6.1,E,26.0,ESE,E,6.0,9.0,64.0,62.0,1014.8,1010.6,7.0,3.0,20.5,22.6,No,No
2012-10-09,Brisbane,16.6,31.2,0.0,5.0,11.2,WNW,33.0,WNW,W,6.0,11.0,60.0,19.0,1012.1,1006.7,4.0,1.0,23.6,30.8,No,No
2012-10-10,Brisbane,17.2,28.3,0.0,9.0,9.1,NNE,31.0,ENE,NNE,6.0,11.0,66.0,68.0,1014.6,1008.8,7.0,1.0,22.9,26.9,No,No
2012-10-11,Brisbane,20.9,24.2,0.6,5.8,0.0,W,44.0,N,SW,7.0,4.0,79.0,92.00000000000001,1009.1,1007.6,8.0,8.0,22.5,17.1,No,Yes
2012-10-12,Brisbane,12.7,20.0,11.599999999999998,1.4,11.9,W,57.0,W,WSW,24.0,19.999999999999996,42.99999999999999,30.000000000000004,1015.2,1014.4,2.0,1.0,15.199999999999998,19.3,Yes,No
2012-10-13,Brisbane,8.8,25.4,0.0,11.8,12.1,NNE,24.000000000000004,SW,NNE,6.0,7.000000000000001,37.0,26.0,1022.3,1017.6,0.0,1.0,19.8,23.5,No,No
2012-10-14,Brisbane,11.3,27.9,0.0,6.8,11.8,SE,41.0,SW,ENE,6.0,11.0,47.0,33.0,1023.3,1018.9,1.0,1.0,20.4,24.7,No,No
2012-10-16,Brisbane,13.900000000000002,26.2,0.0,6.2,11.8,NE,28.0,E,NE,6.0,13.0,56.0,49.00000000000001,1024.6,1020.4,3.0,1.0,22.9,24.4,No,No
2012-10-17,Brisbane,13.900000000000002,28.7,0.0,6.8,12.0,NE,22.0,N,NNE,6.0,11.0,45.0,46.00000000000001,1020.9,1015.8,0.0,0.0,24.1,26.5,No,No
2012-10-18,Brisbane,16.5,28.6,0.0,9.0,10.3,NE,30.0,ESE,ENE,7.0,16.999999999999996,57.0,63.00000000000001,1020.5000000000001,1017.6,2.0,4.0,25.9,25.5,No,No
2012-10-19,Brisbane,19.4,27.2,0.4,5.6,11.5,NE,28.0,N,NE,7.0,11.0,58.00000000000001,58.0,1020.1,1015.6,2.0,8.0,24.7,25.600000000000005,No,No
2012-10-20,Brisbane,16.7,30.199999999999996,0.0,8.0,11.2,NE,28.0,NNW,NE,6.0,11.0,49.0,56.99999999999999,1016.4,1011.0,1.0,1.0,26.9,28.200000000000003,No,No
2012-10-21,Brisbane,16.3,31.6,0.0,6.6,11.2,E,24.000000000000004,ENE,NE,4.0,9.0,53.00000000000001,46.00000000000001,1015.6,1012.2,0.0,1.0,27.300000000000004,29.399999999999995,No,No
2012-10-22,Brisbane,20.6,33.2,0.0,5.6,11.2,ESE,41.0,NE,NE,4.0,9.0,53.00000000000001,51.0,1013.8,1007.6,6.0,2.0,27.500000000000004,30.0,No,No
2012-10-23,Brisbane,15.299999999999999,24.8,0.0,9.4,10.7,SE,37.0,S,ESE,9.0,13.0,35.0,46.00000000000001,1021.2,1018.6,1.0,7.0,21.6,22.0,No,No
2012-10-24,Brisbane,14.799999999999999,25.7,0.0,8.8,11.9,SE,39.0,SSE,E,11.0,19.0,45.0,44.0,1022.1,1017.6,3.0,2.0,21.9,24.1,No,No
2012-10-25,Brisbane,13.699999999999998,26.499999999999996,0.0,8.0,11.1,ENE,26.0,WSW,ENE,7.0,13.0,52.0,42.0,1018.1,1012.5,7.0,3.0,21.1,25.2,No,No
2012-10-26,Brisbane,13.699999999999998,31.300000000000004,0.0,7.800000000000001,11.4,NE,24.000000000000004,ENE,NNE,4.0,11.0,50.0,53.99999999999999,1010.9,1006.3,0.0,0.0,24.8,27.300000000000004,No,No
2012-10-27,Brisbane,18.9,29.600000000000005,0.0,5.4,8.8,E,37.0,SSE,E,7.0,19.999999999999996,55.0,51.0,1011.0,1010.7,2.0,7.0,27.000000000000004,25.5,No,Yes
2012-10-28,Brisbane,18.1,23.4,8.2,8.4,0.2,ESE,37.0,SE,ESE,15.0,14.999999999999998,55.0,53.99999999999999,1022.1,1020.2,7.0,7.0,21.3,21.3,Yes,No
2012-10-29,Brisbane,16.0,25.6,0.0,5.6,3.7,ESE,30.0,SSE,ESE,13.0,11.0,58.00000000000001,43.0,1022.1,1018.8,7.0,6.0,20.9,23.4,No,No
2012-10-30,Brisbane,14.799999999999999,25.7,0.0,5.8,5.8,ENE,19.0,ESE,ENE,4.0,9.0,59.0,55.0,1019.5,1016.1,6.0,6.0,22.2,23.9,No,No
2012-10-31,Brisbane,16.8,29.2,0.0,4.0,8.9,ESE,31.0,SSW,NE,6.0,9.0,56.0,74.0,1017.7,1014.7,2.0,5.0,25.1,24.0,No,No
2012-11-01,Brisbane,15.799999999999999,29.600000000000005,0.4,4.8,12.5,NNE,31.0,NNE,NE,6.0,14.999999999999998,59.0,59.0,1014.9,1008.7,1.0,6.0,25.0,26.9,No,No
2012-11-02,Brisbane,18.6,29.399999999999995,0.0,6.0,10.6,E,46.0,ESE,ESE,13.0,19.999999999999996,52.0,52.0,1008.6,1009.8,5.0,1.0,27.799999999999997,25.3,No,No
2012-11-03,Brisbane,19.4,26.499999999999996,0.0,11.0,7.4,ENE,30.0,E,E,11.0,13.0,57.0,51.0,1017.7,1016.3,7.0,7.0,22.6,23.8,No,No
2012-11-04,Brisbane,17.6,26.3,0.6,7.0,9.1,ENE,22.0,E,E,6.0,9.0,71.0,49.00000000000001,1020.6,1017.6,6.0,3.0,21.2,24.4,No,No
2012-11-05,Brisbane,15.6,27.1,0.2,9.6,12.2,ENE,26.0,NNW,ENE,2.0,13.0,58.00000000000001,52.0,1020.6,1017.7,5.0,1.0,23.5,25.2,No,No
2012-11-06,Brisbane,15.5,27.0,0.0,6.6,11.3,ENE,30.0,ENE,ENE,6.0,14.999999999999998,49.0,50.0,1019.8,1016.9,5.0,2.0,24.9,24.9,No,No
2012-11-07,Brisbane,15.700000000000001,28.0,0.0,6.8,8.2,E,22.0,NE,NE,4.0,11.0,65.0,53.0,1017.8,1014.4,6.0,6.0,22.6,26.0,No,No
2012-11-08,Brisbane,19.8,28.0,0.0,4.2,8.0,NE,33.0,ENE,NE,9.0,16.999999999999996,73.0,60.00000000000001,1015.9,1013.5,7.0,2.0,24.4,25.8,No,No
2012-11-09,Brisbane,21.5,29.300000000000004,0.0,9.6,8.3,NE,33.0,N,NNE,7.0,13.0,57.0,61.0,1016.8,1013.9,2.0,7.0,27.000000000000004,25.1,No,Yes
2012-11-10,Brisbane,20.4,22.4,8.0,5.4,0.0,WNW,22.0,WNW,SSE,4.0,6.0,88.0,91.0,1017.0,1015.2,8.0,8.0,22.1,19.8,Yes,Yes
2012-11-11,Brisbane,16.9,25.8,22.0,3.0,7.1,SSE,46.0,SSE,SE,15.0,19.0,62.0,37.0,1021.8,1019.9,7.0,2.0,22.3,24.6,Yes,No
2012-11-12,Brisbane,15.299999999999999,25.8,0.0,8.0,11.7,E,30.0,SE,E,9.0,13.0,58.00000000000001,45.0,1024.9,1021.2,7.0,2.0,21.3,24.2,No,No
2012-11-13,Brisbane,14.1,26.800000000000004,0.0,7.2,11.9,NE,22.0,WNW,NNE,4.0,9.0,50.0,48.0,1022.1,1018.0,1.0,2.0,23.4,25.5,No,No
2012-11-14,Brisbane,14.799999999999999,27.9,0.0,8.0,12.3,NE,26.0,N,NNE,6.0,13.0,53.00000000000001,56.0,1019.5,1015.6,1.0,1.0,24.3,26.300000000000004,No,No
2012-11-15,Brisbane,17.8,28.500000000000004,0.0,6.6,11.6,NE,33.0,NE,NE,6.0,13.0,56.0,59.0,1016.6,1012.0,1.0,2.0,25.7,27.099999999999998,No,No
2012-11-16,Brisbane,17.9,31.1,0.0,7.599999999999999,12.1,NE,30.0,NW,NE,7.0,13.0,39.0,59.0,1012.1,1007.0,1.0,1.0,27.4,28.900000000000002,No,No
2012-11-17,Brisbane,22.4,27.2,0.0,8.0,4.7,WSW,70.0,ENE,NNE,6.0,6.0,71.0,61.0,1011.9,1009.7,7.0,3.0,25.9,26.5,No,Yes
2012-11-19,Brisbane,17.6,34.4,16.6,5.8,12.4,WNW,35.0,W,WNW,6.0,13.0,71.0,20.000000000000004,1011.4000000000001,1007.0,1.0,2.0,26.0,33.7,Yes,No
2012-11-20,Brisbane,18.2,28.099999999999998,0.0,9.0,12.0,ENE,26.0,S,ENE,6.0,9.0,44.0,43.0,1017.0,1014.6,6.0,1.0,23.4,25.7,No,No
2012-11-21,Brisbane,17.7,28.099999999999998,0.0,8.0,12.1,SE,28.0,SE,E,9.0,13.0,56.0,61.0,1017.0,1013.7,4.0,4.0,25.5,24.7,No,No
2012-11-22,Brisbane,18.1,28.9,0.0,5.6,9.0,ENE,24.000000000000004,W,NNE,4.0,7.000000000000001,58.00000000000001,56.99999999999999,1014.2,1010.5,2.0,7.0,25.1,27.099999999999998,No,No
2012-11-23,Brisbane,22.4,28.099999999999998,0.0,7.800000000000001,8.6,ENE,26.0,ENE,ENE,7.0,9.0,58.00000000000001,60.00000000000001,1017.0,1015.3,3.0,7.0,26.0,25.7,No,No
2012-11-24,Brisbane,19.1,27.700000000000003,0.0,7.0,11.6,NE,26.0,ENE,ENE,11.0,11.0,58.00000000000001,56.99999999999999,1019.3000000000001,1016.7,7.0,7.0,24.4,26.0,No,No
2012-11-25,Brisbane,19.8,28.099999999999998,0.0,6.8,11.7,ENE,28.0,NNE,NE,7.0,9.0,57.0,53.99999999999999,1019.0,1016.3,3.0,1.0,26.0,27.000000000000004,No,No
2012-11-26,Brisbane,21.2,28.8,0.0,7.599999999999999,9.7,E,30.0,NNE,NE,4.0,13.0,65.0,46.00000000000001,1019.1,1015.7,3.0,3.0,25.0,27.599999999999998,No,No
2012-11-27,Brisbane,19.0,29.399999999999995,0.0,7.800000000000001,11.0,NNE,26.0,NW,NNE,6.0,7.000000000000001,62.0,53.0,1018.1,1015.0,7.0,7.0,25.600000000000005,28.099999999999998,No,No
2012-11-28,Brisbane,20.7,30.3,0.0,8.4,11.2,NE,26.0,NE,NNE,4.0,11.0,59.0,53.99999999999999,1016.8,1013.7,6.0,7.0,27.300000000000004,28.400000000000002,No,Yes
2012-11-29,Brisbane,20.5,29.9,5.0,7.0,11.3,NNE,20.0,E,NNE,4.0,9.0,57.0,53.0,1016.6,1013.9,2.0,1.0,26.600000000000005,29.199999999999996,Yes,No
2012-11-30,Brisbane,20.0,30.6,0.0,7.0,13.2,NE,26.0,E,NNE,6.0,11.0,58.00000000000001,48.0,1017.2,1015.0,1.0,1.0,27.599999999999998,29.6,No,No
2013-01-01,Brisbane,20.1,30.099999999999998,0.0,7.2,8.9,ENE,22.0,ENE,ENE,6.0,11.0,63.0,51.0,1016.2,1013.0,6.0,7.0,27.799999999999997,28.200000000000003,No,No
2013-01-02,Brisbane,21.4,34.8,0.0,8.0,13.1,SE,30.0,SW,ENE,4.0,13.0,56.0,47.0,1011.4000000000001,1007.7,1.0,1.0,28.6,32.9,No,No
2013-01-03,Brisbane,23.5,30.7,0.0,11.8,11.7,ESE,37.0,SE,E,15.0,19.0,54.0,53.0,1015.3,1013.0,3.0,1.0,28.099999999999998,28.299999999999997,No,No
2013-01-04,Brisbane,21.6,29.8,0.0,10.8,12.1,ENE,33.0,ESE,ESE,11.0,14.999999999999998,51.0,44.0,1016.0,1013.9,5.0,2.0,27.000000000000004,28.799999999999997,No,No
2013-01-05,Brisbane,21.7,28.500000000000004,0.0,9.8,6.1,ENE,33.0,ESE,ENE,6.0,13.0,58.00000000000001,60.00000000000001,1017.0,1015.5,6.0,5.0,26.300000000000004,27.4,No,Yes
2013-01-06,Brisbane,21.1,29.2,2.0,7.4,6.5,E,31.0,SSE,E,7.0,19.0,79.0,53.99999999999999,1018.4,1017.4,6.0,6.0,25.5,27.799999999999997,Yes,No
2013-01-07,Brisbane,19.8,30.500000000000004,0.2,8.8,8.9,ESE,35.0,E,ESE,17.0,11.0,54.0,49.00000000000001,1019.3000000000001,1016.9,7.0,7.0,26.7,28.499999999999996,No,No
2013-01-08,Brisbane,20.4,30.3,0.0,10.4,11.2,NNE,28.0,W,NE,2.0,13.0,66.0,53.99999999999999,1014.0,1008.1,6.0,1.0,25.8,29.8,No,No
2013-01-09,Brisbane,21.6,33.3,0.0,8.8,12.6,NE,35.0,N,NNE,6.0,14.999999999999998,54.0,59.0,1004.7000000000002,999.3,1.0,2.0,28.6,30.8,No,No
2013-01-10,Brisbane,23.5,31.7,0.0,10.0,11.1,E,30.0,ENE,ENE,6.0,16.999999999999996,54.0,56.99999999999999,1006.0,1005.9,5.0,7.0,30.6,30.3,No,No
2013-01-11,Brisbane,25.800000000000004,33.4,0.0,9.8,11.4,NE,30.0,NE,NNE,9.0,13.0,66.0,48.0,1012.1,1009.9,5.0,3.0,29.699999999999996,31.9,No,No
2013-01-12,Brisbane,26.1,34.2,0.0,9.4,9.8,NE,30.0,NNW,NNE,6.0,11.0,56.0,60.00000000000001,1012.7,1009.3,1.0,1.0,31.9,31.7,No,No
2013-01-13,Brisbane,24.6,33.9,0.0,9.8,12.9,NE,28.0,NW,NE,4.0,11.0,60.0,56.99999999999999,1011.1,1007.9,1.0,1.0,29.899999999999995,31.4,No,No
2013-01-14,Brisbane,24.2,32.1,0.0,10.8,3.1,SE,46.0,SSE,SE,7.0,16.999999999999996,51.0,69.0,1008.7,1009.5,7.0,7.0,30.9,26.300000000000004,No,No
2013-01-15,Brisbane,21.9,29.399999999999995,0.0,6.6,6.3,SSE,33.0,SE,E,15.0,14.999999999999998,63.0,51.0,1016.7,1014.4,7.0,6.0,23.7,28.099999999999998,No,No
2013-01-16,Brisbane,19.9,29.9,0.0,6.8,12.3,E,28.0,ESE,ENE,4.0,11.0,53.00000000000001,52.0,1015.5,1013.0,3.0,2.0,26.5,29.1,No,No
2013-01-17,Brisbane,19.9,30.0,0.0,7.800000000000001,11.5,ENE,28.0,ENE,ENE,4.0,13.0,56.0,47.0,1013.5,1010.3,4.0,1.0,26.9,28.799999999999997,No,No
2013-01-18,Brisbane,21.4,32.6,0.0,7.599999999999999,12.3,NE,31.0,NNW,NNE,7.0,11.0,57.0,52.0,1011.6,1006.8,1.0,1.0,27.900000000000002,30.3,No,No
2013-01-19,Brisbane,23.1,35.4,0.0,10.2,11.2,ENE,30.0,W,NE,4.0,13.0,56.0,56.99999999999999,1008.7,1006.0,5.0,1.0,30.1,31.9,No,Yes
2013-01-20,Brisbane,23.5,32.2,1.2,8.4,10.8,ENE,31.0,NNE,E,4.0,13.0,65.0,56.0,1012.6000000000001,1010.0,3.0,2.0,27.799999999999997,30.5,Yes,Yes
2013-01-21,Brisbane,22.1,29.700000000000003,1.2,9.4,6.1,SE,26.0,S,SE,4.0,7.000000000000001,73.0,72.0,1012.5,1009.9,6.0,7.0,26.300000000000004,26.600000000000005,Yes,Yes
2013-01-23,Brisbane,21.1,31.300000000000004,0.4,6.4,6.6,E,26.0,ESE,ENE,4.0,13.0,65.0,63.00000000000001,1012.7,1010.3,6.0,6.0,27.799999999999997,28.699999999999996,No,No
2013-01-24,Brisbane,23.0,26.7,0.0,6.2,0.0,NE,24.000000000000004,SE,ESE,7.0,4.0,79.0,81.0,1012.7,1010.6,7.0,8.0,25.5,25.7,No,Yes
2013-01-25,Brisbane,22.6,27.399999999999995,21.6,4.8,0.0,ENE,44.0,ENE,E,9.0,13.0,90.0,92.00000000000001,1010.2,1008.1,8.0,8.0,24.7,24.2,Yes,Yes
2013-01-26,Brisbane,23.1,26.1,39.2,1.6,0.0,NE,44.0,ENE,E,17.0,14.999999999999998,92.0,91.0,1008.1,1006.0,8.0,8.0,24.9,25.1,Yes,Yes
2013-01-27,Brisbane,23.2,25.3,54.6,2.0,0.0,E,70.0,E,E,22.0,24.0,92.0,96.99999999999999,1003.3,999.0,8.0,8.0,24.2,23.7,Yes,Yes
2013-01-28,Brisbane,23.1,28.8,145.0,2.1,3.2,E,67.0,ENE,NE,37.0,13.0,90.0,76.0,998.4,998.1,8.0,7.0,25.2,27.4,Yes,Yes
2013-03-01,Brisbane,22.6,26.7,0.0,4.8,0.0,E,17.0,N,NE,4.0,6.0,78.0,81.0,1009.9,1008.0,8.0,8.0,24.9,25.2,No,Yes
2013-03-02,Brisbane,20.6,23.9,14.8,2.6,0.3,E,22.0,SSW,ESE,6.0,9.0,92.0,96.99999999999999,1009.6,1009.7,7.0,8.0,23.1,20.7,Yes,Yes
2013-03-03,Brisbane,20.3,26.3,91.6,1.8,0.3,ESE,20.0,SE,S,2.0,4.0,89.0,87.0,1013.3,1011.1,8.0,8.0,23.1,23.8,Yes,Yes
2013-03-04,Brisbane,20.5,28.099999999999998,11.799999999999999,2.8,7.6,E,39.0,ESE,ESE,15.0,16.999999999999996,74.0,76.0,1014.5,1012.7,4.0,5.0,26.100000000000005,24.6,Yes,Yes
2013-03-05,Brisbane,20.7,27.5,4.6,6.8,4.7,E,41.0,E,ESE,17.0,14.999999999999998,84.0,79.0,1016.4,1014.8,7.0,7.0,23.2,23.4,Yes,Yes
2013-03-06,Brisbane,20.0,27.299999999999997,2.2,5.6,6.5,SE,39.0,ESE,E,13.0,11.0,73.0,85.0,1017.0,1015.1,7.0,6.0,24.1,23.2,Yes,Yes
2013-03-08,Brisbane,19.4,28.099999999999998,1.8000000000000003,6.4,6.5,E,33.0,SE,SE,13.0,11.0,64.0,61.0,1019.0,1016.3,7.0,5.0,25.4,26.300000000000004,Yes,Yes
2013-03-09,Brisbane,19.8,26.7,5.0,4.2,5.9,SE,41.0,SSE,ESE,9.0,13.0,72.0,60.00000000000001,1018.6,1016.2,7.0,7.0,24.8,25.600000000000005,Yes,Yes
2013-03-10,Brisbane,19.2,28.3,3.2,6.0,7.499999999999999,E,30.0,SSW,ESE,4.0,14.999999999999998,77.0,52.0,1017.5,1014.7,7.0,4.0,23.6,27.4,Yes,No
2013-03-11,Brisbane,19.7,28.0,0.8,7.0,8.4,SE,37.0,SE,ESE,11.0,14.999999999999998,66.0,56.99999999999999,1016.9,1014.8,6.0,5.0,25.9,26.4,No,No
2013-03-12,Brisbane,18.9,27.600000000000005,0.2,7.0,8.5,SE,43.0,SSE,SE,11.0,13.0,68.0,64.0,1016.3,1013.7,4.0,6.0,25.2,24.5,No,Yes
2013-03-13,Brisbane,19.3,28.500000000000004,1.4,5.0,8.9,SE,35.0,SE,ESE,11.0,14.999999999999998,64.0,56.99999999999999,1011.9,1008.2,1.0,6.0,24.8,27.099999999999998,Yes,No
2013-03-14,Brisbane,17.9,29.9,0.0,8.0,8.0,SSE,22.0,WSW,SE,6.0,13.0,62.0,51.0,1009.3,1006.7,2.0,7.0,24.8,28.299999999999997,No,No
2013-03-15,Brisbane,18.3,30.8,0.0,4.8,10.5,E,19.0,WSW,NE,6.0,7.000000000000001,63.0,50.0,1014.1,1011.5,1.0,1.0,24.8,28.099999999999998,No,No
2013-03-16,Brisbane,20.1,31.2,0.0,5.4,11.1,ENE,22.0,SW,NNE,4.0,7.000000000000001,65.0,55.0,1015.2,1011.2,1.0,1.0,25.9,29.5,No,No
2013-03-17,Brisbane,20.3,32.4,0.0,5.2,10.2,SE,43.0,NE,NE,2.0,7.000000000000001,70.0,62.0,1010.7,1007.0,0.0,2.0,27.200000000000003,30.8,No,No
2013-03-18,Brisbane,20.3,27.1,0.0,8.0,7.2,SE,35.0,SE,E,7.0,19.0,62.0,55.0,1017.6,1016.1,7.0,4.0,24.1,25.600000000000005,No,No
2013-03-19,Brisbane,17.5,26.800000000000004,0.0,7.0,8.4,ENE,37.0,E,E,6.0,16.999999999999996,64.0,50.0,1020.8,1019.2,4.0,7.0,24.2,25.0,No,No
2013-03-20,Brisbane,20.3,27.2,0.0,8.4,1.2,E,35.0,SSW,ESE,4.0,13.0,70.0,72.0,1022.5,1019.9,7.0,7.0,23.3,22.3,No,Yes
2013-03-21,Brisbane,19.2,26.900000000000002,5.0,2.6,5.6,E,26.0,ESE,ENE,4.0,13.0,69.0,67.0,1021.0,1017.9,5.0,7.0,25.0,25.4,Yes,No
2013-03-22,Brisbane,20.8,28.099999999999998,0.4,5.0,4.9,ENE,19.0,WNW,ENE,2.0,9.0,79.0,73.0,1020.9,1017.3,7.0,7.0,24.7,26.4,No,No
2013-03-23,Brisbane,21.4,31.2,0.0,4.0,8.6,NE,20.0,W,NNE,6.0,9.0,72.0,63.00000000000001,1019.2,1014.8,7.0,1.0,26.0,29.1,No,No
2013-03-25,Brisbane,19.5,30.8,21.2,8.8,10.3,E,24.000000000000004,WSW,E,4.0,9.0,75.0,60.00000000000001,1017.4,1014.0,4.0,1.0,25.3,30.0,Yes,No
2013-03-26,Brisbane,19.7,29.1,0.0,4.8,10.8,E,24.000000000000004,E,E,7.0,14.999999999999998,69.0,53.99999999999999,1019.5,1016.5,3.0,3.0,25.8,27.700000000000003,No,No
2013-03-27,Brisbane,20.7,28.199999999999996,0.4,5.6,9.3,E,28.0,SSE,ENE,6.0,11.0,77.0,59.0,1020.1,1017.4,6.0,2.0,25.0,27.599999999999998,No,No
2013-03-28,Brisbane,19.4,28.199999999999996,0.6,5.6,9.6,E,20.0,S,E,2.0,7.000000000000001,76.0,59.0,1020.1,1016.4,6.0,3.0,25.4,26.0,No,No
2013-03-29,Brisbane,18.7,30.199999999999996,0.2,5.4,6.8,SSE,20.0,SW,S,4.0,7.000000000000001,70.0,51.0,1015.8,1012.8,1.0,5.0,24.6,29.399999999999995,No,No
2013-03-30,Brisbane,21.1,26.7,0.0,6.2,3.0,SE,24.000000000000004,SE,E,11.0,11.0,63.0,60.00000000000001,1017.1,1013.7,7.0,2.0,24.6,25.8,No,No
2013-03-31,Brisbane,18.0,28.3,0.0,3.7999999999999994,4.7,W,33.0,SSW,ENE,4.0,6.0,73.0,73.0,1014.7,1011.1,5.0,8.0,23.6,24.6,No,Yes
2013-04-01,Brisbane,18.3,26.4,24.199999999999996,5.6,5.9,E,20.0,SW,E,7.0,7.000000000000001,73.0,64.0,1014.7,1012.2,6.0,7.0,22.1,25.1,Yes,No
2013-04-02,Brisbane,18.2,28.4,0.0,3.2,8.0,ENE,20.0,SSW,ESE,6.0,9.0,65.0,58.0,1015.4,1012.8,1.0,4.0,23.7,25.8,No,No
2013-04-03,Brisbane,19.0,28.0,0.0,3.6,6.5,ESE,26.0,SSW,E,4.0,11.0,70.0,58.0,1017.7,1015.4,2.0,3.0,24.4,26.4,No,Yes
2013-04-04,Brisbane,17.6,26.800000000000004,2.4,4.4,8.4,ESE,37.0,SSE,SE,7.0,13.0,65.0,56.0,1023.2,1021.3000000000001,7.0,5.0,22.9,25.1,Yes,Yes
2013-04-05,Brisbane,17.8,26.1,6.0,8.6,9.2,SSE,39.0,S,SE,6.0,14.999999999999998,72.0,52.0,1025.5,1023.2,2.0,4.0,22.9,24.3,Yes,Yes
2013-04-06,Brisbane,16.9,24.6,2.0,6.4,2.7,SE,30.0,SSW,S,4.0,4.0,76.0,68.0,1024.4,1020.7,7.0,8.0,21.4,22.1,Yes,No
2013-04-07,Brisbane,17.7,24.9,0.2,4.8,3.1,ESE,24.000000000000004,SW,E,6.0,2.0,71.0,68.0,1022.2,1019.5,7.0,7.0,21.8,22.0,No,Yes
2013-04-08,Brisbane,16.9,25.0,1.4,1.6,5.5,E,35.0,SSE,ENE,4.0,9.0,79.0,66.0,1022.7,1020.5,7.0,7.0,20.8,24.1,Yes,No
2013-04-09,Brisbane,16.7,25.9,0.4,3.2,8.8,SSE,26.0,SE,E,7.0,11.0,71.0,56.0,1023.5,1019.9,6.0,6.0,21.7,24.7,No,No
2013-04-10,Brisbane,17.3,23.9,0.4,5.2,2.1,E,30.0,SSE,E,7.0,7.000000000000001,79.0,67.0,1021.8,1019.1,7.0,7.0,20.1,23.0,No,No
2013-04-11,Brisbane,17.1,25.8,0.4,7.0,6.4,ESE,39.0,S,ESE,6.0,11.0,66.0,66.0,1021.0,1019.4,3.0,7.0,23.3,23.5,No,No
2013-04-12,Brisbane,18.2,23.7,0.2,2.2,1.7,E,30.0,SSE,SE,7.0,7.000000000000001,76.0,79.0,1021.0,1017.8,8.0,7.0,21.4,22.7,No,Yes
2013-04-13,Brisbane,18.4,22.5,36.6,4.3,0.0,SSE,26.0,S,SSW,2.0,4.0,96.00000000000001,92.00000000000001,1016.9,1013.5,8.0,8.0,20.2,20.9,Yes,Yes
2013-04-14,Brisbane,17.1,28.3,17.4,2.6,8.1,WSW,19.0,SW,SSE,7.0,4.0,71.0,52.0,1013.8,1010.9,1.0,7.0,22.399999999999995,26.5,Yes,No
2013-04-15,Brisbane,17.6,27.5,0.0,1.8,7.2,NE,19.0,SW,NE,4.0,9.0,84.0,63.00000000000001,1012.8,1009.1,7.0,5.0,21.3,26.300000000000004,No,No
2013-04-16,Brisbane,17.3,29.2,0.0,2.6,6.0,WNW,43.0,WSW,SSW,2.0,6.0,85.0,71.0,1013.5,1011.8,5.0,7.0,21.1,21.0,No,Yes
2013-04-17,Brisbane,16.3,26.900000000000002,6.0,2.6,9.8,ENE,19.0,W,E,2.0,6.0,72.0,56.99999999999999,1015.3,1011.7,1.0,1.0,22.9,26.4,Yes,Yes
2013-04-18,Brisbane,18.4,29.9,6.999999999999999,7.0,9.0,W,24.000000000000004,W,W,4.0,7.000000000000001,77.0,52.0,1014.9,1010.7,1.0,5.0,22.9,29.3,Yes,No
2013-04-19,Brisbane,13.8,28.199999999999996,0.0,4.2,10.4,W,31.0,SW,WSW,4.0,11.0,52.0,26.999999999999996,1012.9,1008.9,1.0,2.0,22.2,27.900000000000002,No,No
2013-04-20,Brisbane,14.0,25.5,0.0,6.8,10.7,W,30.0,SW,WSW,4.0,13.0,42.99999999999999,25.0,1011.6999999999999,1008.1,2.0,1.0,20.0,24.9,No,No
2013-04-21,Brisbane,12.0,26.2,0.0,6.4,10.8,E,17.0,SW,NE,6.0,6.0,52.0,50.0,1014.1,1011.3,1.0,2.0,19.6,24.1,No,No
2013-04-22,Brisbane,15.0,27.399999999999995,0.0,3.2,10.2,ENE,20.0,WSW,NE,4.0,7.000000000000001,77.0,53.99999999999999,1014.7,1010.2,5.0,1.0,20.6,26.0,No,No
2013-04-23,Brisbane,16.4,30.199999999999996,0.0,6.0,10.1,ENE,19.0,SW,NE,2.0,7.000000000000001,69.0,56.0,1013.3,1010.6,1.0,5.0,22.399999999999995,28.200000000000003,No,No
2013-04-24,Brisbane,17.1,26.6,0.0,3.2,10.5,E,20.0,SW,E,6.0,11.0,69.0,53.0,1018.4,1015.7,1.0,1.0,21.4,26.100000000000005,No,No
2013-04-25,Brisbane,16.0,28.6,0.0,4.0,10.5,W,15.0,WSW,W,6.0,7.000000000000001,71.0,38.0,1020.6,1017.4,1.0,1.0,21.4,27.900000000000002,No,No
2013-04-26,Brisbane,15.4,26.800000000000004,0.0,3.2,10.0,ESE,20.0,SSW,E,4.0,9.0,65.0,68.0,1022.7,1020.4,2.0,7.0,21.7,24.0,No,No
2013-04-27,Brisbane,16.0,26.1,0.0,4.0,9.0,ENE,20.0,WSW,ESE,6.0,9.0,72.0,41.0,1023.4,1019.8,3.0,6.0,21.5,25.2,No,No
2013-04-28,Brisbane,14.1,27.600000000000005,0.0,3.7999999999999994,10.6,SW,13.0,SW,ESE,2.0,6.0,71.0,47.0,1022.3,1018.9,1.0,1.0,20.6,26.5,No,No
2013-04-29,Brisbane,15.799999999999999,27.2,0.0,4.0,10.4,NE,19.0,WSW,ENE,6.0,9.0,73.0,59.0,1023.6,1021.4,1.0,1.0,21.3,26.100000000000005,No,No
2013-04-30,Brisbane,16.6,27.0,0.0,4.0,7.4,ENE,22.0,SW,E,4.0,9.0,80.99999999999999,56.99999999999999,1023.5,1020.8,7.0,1.0,20.1,25.5,No,No
2013-05-01,Brisbane,15.9,27.299999999999997,0.0,3.6,8.6,ESE,20.0,SW,ENE,6.0,7.000000000000001,74.0,59.0,1021.2,1017.3,2.0,5.0,21.4,25.1,No,No
2013-05-02,Brisbane,15.9,27.299999999999997,0.0,3.2,8.5,SE,39.0,WSW,SE,4.0,16.999999999999996,83.0,62.0,1018.8,1017.7,0.0,3.0,20.1,24.8,No,No
2013-05-03,Brisbane,16.8,24.8,0.0,5.4,9.6,SE,26.0,SW,ESE,7.0,7.000000000000001,60.0,51.0,1025.2,1021.3000000000001,2.0,3.0,20.4,23.7,No,No
2013-05-04,Brisbane,12.900000000000002,28.6,0.0,4.8,10.1,W,28.0,SW,WSW,4.0,9.0,71.0,34.0,1021.7,1016.1,1.0,1.0,19.1,28.099999999999998,No,No
2013-05-05,Brisbane,14.799999999999999,24.0,0.0,4.8,7.0,E,26.0,SW,ENE,4.0,6.0,67.0,68.0,1021.9,1018.3,5.0,5.0,20.7,22.4,No,No
2013-05-06,Brisbane,14.799999999999999,23.9,0.0,2.6,7.8,E,26.0,SSW,ESE,2.0,9.0,70.0,63.00000000000001,1023.1,1020.2,3.0,4.0,20.4,21.7,No,No
2013-05-07,Brisbane,14.900000000000002,23.9,0.0,4.4,8.4,ESE,26.0,SW,ESE,6.0,13.0,73.0,56.99999999999999,1025.6,1023.1000000000001,3.0,7.0,19.1,22.4,No,No
2013-05-08,Brisbane,15.0,24.0,0.0,4.4,9.1,SSE,31.0,SW,ESE,4.0,9.0,69.0,49.00000000000001,1028.4,1025.5,5.0,3.0,20.1,22.3,No,No
2013-05-09,Brisbane,14.299999999999999,24.4,0.0,5.0,7.499999999999999,SE,30.0,SSW,SSE,2.0,11.0,71.0,58.0,1028.8,1025.5,5.0,3.0,19.1,21.7,No,Yes
2013-05-10,Brisbane,15.799999999999999,23.5,1.2,3.4,4.8,ESE,30.0,SW,ESE,6.0,13.0,78.0,65.0,1027.6,1025.0,6.0,4.0,18.2,21.6,Yes,No
2013-05-11,Brisbane,13.900000000000002,22.6,0.8,2.4,3.0,SE,26.0,SW,ESE,4.0,7.000000000000001,80.99999999999999,89.0,1026.6,1024.1,6.0,8.0,18.0,18.4,No,Yes
2013-05-12,Brisbane,14.799999999999999,23.8,4.6,2.2,6.5,SE,22.0,S,SE,4.0,9.0,87.0,69.0,1025.9,1022.1999999999999,7.0,6.0,17.3,21.9,Yes,Yes
2013-05-14,Brisbane,17.6,23.9,1.8000000000000003,1.2,4.2,W,26.0,WSW,W,2.0,6.0,96.00000000000001,62.0,1014.6,1010.5,8.0,7.0,18.6,23.6,Yes,Yes
2013-05-15,Brisbane,15.4,23.2,1.2,2.6,9.4,SW,20.0,WSW,W,11.0,7.000000000000001,54.0,35.0,1014.8,1012.2,7.0,7.0,18.5,22.2,Yes,No
2013-05-16,Brisbane,15.4,18.6,0.0,4.0,0.0,WSW,19.0,WSW,WNW,2.0,7.000000000000001,55.0,55.0,1015.0,1012.7,7.0,7.0,17.2,17.7,No,No
2013-05-17,Brisbane,9.9,23.4,0.0,1.6,10.2,WNW,39.0,W,WSW,6.0,13.0,55.0,35.0,1016.8,1012.7,0.0,1.0,18.5,23.1,No,No
2013-05-18,Brisbane,8.6,22.8,0.0,5.2,10.2,W,35.0,SW,W,4.0,13.0,46.0,32.0,1017.1,1012.6,0.0,1.0,17.8,22.2,No,No
2013-05-19,Brisbane,8.6,21.6,0.0,5.4,10.1,W,30.0,WSW,W,7.0,11.0,45.0,33.0,1018.5,1015.0,0.0,0.0,16.6,20.9,No,No
2013-05-20,Brisbane,8.3,22.3,0.0,5.0,9.6,NW,17.0,SW,WNW,4.0,7.000000000000001,59.0,32.0,1019.5,1015.1,6.0,1.0,14.399999999999999,21.9,No,No
2013-05-21,Brisbane,9.2,21.8,0.0,3.6,6.0,SW,13.0,SW,WSW,4.0,2.0,58.00000000000001,42.0,1019.5999999999999,1015.4,7.0,7.0,14.100000000000001,20.7,No,No
2013-05-22,Brisbane,11.2,18.0,0.0,1.8,0.0,NE,24.000000000000004,SW,WSW,7.0,7.000000000000001,69.0,83.0,1015.6,1012.7,8.0,8.0,15.0,14.399999999999999,No,Yes
2013-05-23,Brisbane,11.6,22.1,5.0,0.4,10.0,W,33.0,W,W,9.0,14.999999999999998,69.0,48.0,1010.2,1007.3,2.0,3.0,17.9,21.3,Yes,No
2013-05-24,Brisbane,10.4,20.8,0.0,7.0,7.299999999999999,WSW,44.0,W,WSW,20.0,16.999999999999996,68.0,60.00000000000001,1010.2,1008.9,1.0,7.0,16.0,17.4,No,No
2013-05-25,Brisbane,14.199999999999998,24.4,1.0,4.8,8.3,SW,30.0,SW,SSW,7.0,7.000000000000001,54.0,49.00000000000001,1018.0,1018.0,1.0,7.0,19.3,21.7,No,No
2013-05-26,Brisbane,12.0,23.8,0.0,4.6,8.2,WSW,19.0,SW,SSW,7.0,4.0,58.00000000000001,45.0,1024.6,1021.2,2.0,4.0,17.3,23.0,No,No
2013-05-27,Brisbane,11.7,24.5,0.0,3.2,9.2,SE,28.0,SW,SE,6.0,13.0,65.0,47.0,1025.8,1023.7999999999998,1.0,1.0,17.4,23.0,No,Yes
2013-05-28,Brisbane,14.900000000000002,22.2,1.6,4.0,3.8,E,31.0,SW,ESE,6.0,7.000000000000001,72.0,85.0,1028.2,1026.9,3.0,7.0,18.9,18.6,Yes,Yes
2013-05-29,Brisbane,13.699999999999998,23.2,4.4,3.2,6.3,E,30.0,SSE,E,6.0,13.0,77.0,60.00000000000001,1030.4,1027.9,7.0,6.0,19.3,21.3,Yes,No
2013-05-30,Brisbane,14.1,21.4,0.8,3.0,1.8,ENE,17.0,WSW,SE,4.0,6.0,85.99999999999999,96.0,1028.1,1026.4,6.0,7.0,17.4,17.6,No,Yes
2013-05-31,Brisbane,14.299999999999999,23.1,17.4,3.7999999999999994,8.5,ENE,26.0,SW,E,4.0,13.0,90.0,60.00000000000001,1028.1,1025.0,6.0,5.0,18.9,21.6,Yes,Yes
2013-06-01,Brisbane,13.400000000000002,22.2,2.6,4.0,0.9,ESE,13.0,SW,ENE,4.0,4.0,85.0,59.0,1024.1,1019.1,7.0,7.0,17.0,21.7,Yes,No
2013-06-02,Brisbane,15.1,24.7,0.0,1.8,5.3,W,37.0,NNE,W,4.0,16.999999999999996,72.0,79.0,1013.8,1009.1,7.0,7.0,20.4,20.4,No,Yes
2013-06-03,Brisbane,12.900000000000002,22.7,1.4,3.2,10.1,WSW,26.0,WSW,SW,7.0,7.000000000000001,59.0,36.0,1016.1,1015.6,1.0,1.0,17.9,21.8,Yes,No
2013-06-04,Brisbane,9.9,23.6,0.0,4.0,9.8,WSW,20.0,SW,SE,7.0,2.0,57.0,45.0,1024.0,1021.6,0.0,4.0,16.1,22.7,No,No
2013-06-05,Brisbane,11.7,20.9,0.0,2.4,0.2,WSW,13.0,WSW,WNW,6.0,4.0,75.0,65.0,1026.1,1023.2,8.0,7.0,15.4,20.6,No,No
2013-06-07,Brisbane,14.799999999999999,24.5,0.0,2.2,3.3,S,11.0,SW,WNW,6.0,2.0,78.0,55.0,1025.5,1021.7,7.0,6.0,17.6,23.5,No,No
2013-06-08,Brisbane,13.400000000000002,23.0,0.0,1.8,2.6,SSE,26.0,SW,SSE,6.0,4.0,85.0,83.0,1026.1,1024.1,7.0,8.0,15.8,19.6,No,Yes
2013-06-09,Brisbane,15.799999999999999,22.1,6.0,0.6,1.3,ESE,33.0,ESE,SE,2.0,13.0,92.0,56.99999999999999,1026.1,1022.9,7.0,7.0,17.3,20.6,Yes,Yes
2013-06-10,Brisbane,15.1,18.7,3.0,4.2,0.0,W,15.0,S,WSW,2.0,6.0,95.0,96.99999999999999,1022.4,1019.7,8.0,8.0,16.4,17.6,Yes,Yes
2013-06-12,Brisbane,16.3,22.0,0.2,0.0,1.5,NNE,26.0,WSW,NE,4.0,13.0,97.0,83.0,1018.1,1013.5,8.0,6.0,17.9,21.3,No,Yes
2013-06-13,Brisbane,15.9,22.8,2.4,1.6,1.7,WSW,13.0,SW,WSW,4.0,6.0,85.0,74.0,1012.2,1009.3,6.0,7.0,20.0,21.5,Yes,No
2013-06-14,Brisbane,14.799999999999999,20.9,0.0,2.0,10.0,W,35.0,W,W,11.0,14.999999999999998,58.00000000000001,45.0,1011.5,1008.5,1.0,1.0,17.5,20.7,No,No
2013-06-15,Brisbane,11.4,20.1,0.0,4.0,9.9,W,39.0,W,W,13.0,19.0,60.0,48.0,1011.8,1011.3,1.0,1.0,15.9,18.8,No,No
2013-06-16,Brisbane,10.8,21.7,0.0,5.8,9.8,W,13.0,SW,SW,4.0,2.0,63.0,45.0,1014.9,1011.2,1.0,1.0,15.5,21.3,No,No
2013-06-17,Brisbane,8.9,20.3,0.0,2.2,9.8,W,33.0,W,W,9.0,13.0,50.0,36.0,1011.6999999999999,1008.1,1.0,1.0,15.1,19.6,No,No
2013-06-18,Brisbane,6.700000000000001,20.2,0.0,4.6,9.8,W,22.0,WSW,WNW,7.0,11.0,54.0,31.0,1014.1,1011.4,1.0,1.0,13.999999999999998,19.3,No,No
2013-06-19,Brisbane,8.6,20.1,0.0,3.0,9.1,SW,24.000000000000004,WSW,SSW,11.0,4.0,53.00000000000001,35.0,1018.0,1016.2,1.0,4.0,13.899999999999999,19.0,No,No
2013-06-20,Brisbane,12.3,19.3,0.0,4.8,1.0,SW,15.0,SW,WSW,4.0,6.0,63.0,58.0,1020.7,1017.7,7.0,7.0,14.8,18.8,No,Yes
2013-06-21,Brisbane,12.3,13.6,2.6,2.2,0.0,WSW,13.0,SW,SW,4.0,4.0,92.0,90.0,1019.8,1017.3,8.0,8.0,12.7,13.400000000000002,Yes,Yes
2013-06-22,Brisbane,9.8,20.7,6.0,0.2,9.2,W,17.0,WSW,SE,6.0,4.0,85.99999999999999,50.0,1021.7,1019.3,1.0,3.0,12.4,20.1,Yes,No
2013-06-23,Brisbane,8.6,22.1,0.0,2.6,8.0,WSW,19.0,SW,S,6.0,4.0,73.0,45.0,1024.7,1021.2,3.0,5.0,14.200000000000001,20.4,No,No
2013-06-24,Brisbane,10.5,21.0,0.0,2.6,9.6,W,26.0,SW,WSW,4.0,7.000000000000001,70.0,33.0,1022.0,1017.6,2.0,2.0,16.0,20.7,No,No
2013-06-25,Brisbane,5.699999999999999,19.4,0.0,3.2,8.3,W,37.0,SE,W,4.0,9.0,61.0,34.0,1018.7,1013.5,1.0,3.0,12.7,19.1,No,No
2013-06-26,Brisbane,7.3,20.1,0.0,5.0,10.1,W,24.000000000000004,WSW,WSW,9.0,9.0,61.0,35.0,1016.8,1013.2,1.0,1.0,12.9,19.9,No,No
2013-06-27,Brisbane,11.1,19.6,0.0,2.4,3.3,WSW,17.0,WSW,SE,6.0,7.000000000000001,74.0,89.0,1018.6,1016.1,6.0,8.0,15.5,17.5,No,Yes
2013-06-28,Brisbane,14.699999999999998,22.1,1.8000000000000003,0.8,2.1,ESE,22.0,WSW,ESE,7.0,9.0,84.0,68.0,1020.6,1017.7,7.0,6.0,16.5,19.9,Yes,Yes
2013-06-30,Brisbane,13.900000000000002,15.899999999999999,2.4,0.6,0.1,WSW,19.0,SSW,SSW,4.0,6.0,89.0,88.0,1019.8,1017.0,8.0,7.0,15.1,15.3,Yes,Yes
2013-07-01,Brisbane,13.1,17.9,8.8,0.8,0.8,WSW,28.0,SW,WSW,9.0,7.000000000000001,93.0,90.0,1014.1,1010.6,7.0,8.0,14.3,16.4,Yes,Yes
2013-07-02,Brisbane,14.1,23.3,15.399999999999999,1.2,3.7,SW,26.0,SW,S,6.0,9.0,79.0,61.0,1015.0,1014.8,7.0,5.0,17.9,22.4,Yes,No
2013-07-03,Brisbane,15.700000000000001,23.6,0.0,2.0,8.5,SSE,24.000000000000004,SW,SE,6.0,11.0,69.0,61.0,1022.2,1020.7,2.0,3.0,18.7,22.4,No,No
2013-07-04,Brisbane,16.5,23.9,0.4,3.0,8.9,E,19.0,SW,NE,4.0,6.0,76.0,49.00000000000001,1022.0,1017.4,3.0,5.0,19.5,23.1,No,No
2013-07-05,Brisbane,13.400000000000002,23.8,0.0,3.4,4.7,ENE,15.0,SSE,ENE,2.0,7.000000000000001,78.0,70.0,1018.2,1014.4,5.0,6.0,18.8,22.8,No,No
2013-07-06,Brisbane,12.5,25.4,0.0,2.0,9.7,ENE,13.0,WSW,NNE,6.0,6.0,82.0,31.0,1021.7,1019.1,1.0,1.0,16.1,24.4,No,No
2013-07-07,Brisbane,11.4,22.8,0.0,3.2,9.2,E,19.0,SW,E,4.0,9.0,72.0,52.0,1026.1,1024.1,7.0,2.0,14.9,21.6,No,No
2013-07-08,Brisbane,12.1,22.8,0.0,3.2,9.6,W,17.0,SW,W,4.0,6.0,69.0,47.0,1030.6,1027.3,6.0,1.0,15.7,21.6,No,No
2013-07-09,Brisbane,10.7,20.6,0.0,3.4,5.8,SSE,30.0,SSW,ESE,6.0,9.0,66.0,56.0,1030.2,1027.3,2.0,7.0,15.3,18.7,No,Yes
2013-07-10,Brisbane,12.6,17.4,1.6,2.6,0.0,SW,17.0,SW,ESE,6.0,6.0,94.0,76.0,1030.1,1028.0,8.0,8.0,13.600000000000001,17.3,Yes,No
2013-07-11,Brisbane,12.900000000000002,21.4,0.6,0.4,9.6,ESE,22.0,SW,ESE,4.0,9.0,76.0,56.99999999999999,1031.6,1029.4,3.0,2.0,16.6,19.5,No,No
2013-07-12,Brisbane,12.400000000000002,20.7,0.2,5.0,5.2,SSE,19.0,SSW,SE,4.0,4.0,75.0,62.0,1030.0,1026.4,6.0,7.0,16.7,19.8,No,No
2013-07-13,Brisbane,10.1,21.8,0.0,3.2,9.2,E,19.0,SSW,ESE,4.0,7.000000000000001,87.0,53.0,1028.2,1025.1,3.0,2.0,13.600000000000001,19.9,No,Yes
2013-07-14,Brisbane,11.6,19.6,1.6,2.2,2.3,WSW,15.0,SSW,SW,4.0,2.0,95.0,71.0,1027.4,1025.1,7.0,7.0,13.0,18.4,Yes,No
2013-07-15,Brisbane,12.900000000000002,20.3,0.2,0.6,3.1,E,22.0,SW,N,4.0,6.0,84.0,71.0,1026.7,1023.7999999999998,7.0,7.0,16.1,18.7,No,No
2013-07-16,Brisbane,13.1,22.2,0.0,1.6,8.7,E,22.0,SW,ENE,6.0,9.0,80.0,65.0,1026.8,1024.0,2.0,6.0,16.8,20.4,No,No
2013-07-17,Brisbane,13.5,22.1,0.2,2.6,8.1,E,20.0,WSW,ENE,6.0,11.0,88.0,58.0,1025.8,1022.9,5.0,4.0,16.3,20.9,No,No
2013-07-18,Brisbane,12.400000000000002,22.2,0.4,3.2,7.0,E,20.0,WSW,ENE,4.0,7.000000000000001,80.99999999999999,65.0,1024.8,1022.0,5.0,5.0,17.9,21.0,No,Yes
2013-07-19,Brisbane,13.199999999999998,23.5,1.6,1.4,5.1,ENE,20.0,SW,NE,2.0,7.000000000000001,92.0,69.0,1021.9,1017.5,5.0,7.0,17.9,21.6,Yes,Yes
2013-07-20,Brisbane,16.3,23.4,2.8,1.4,3.5,W,37.0,NNW,WNW,4.0,6.0,84.0,85.0,1015.5,1012.5,5.0,7.0,20.1,17.8,Yes,No
2013-07-21,Brisbane,13.0,22.2,0.2,2.4,9.2,W,19.0,W,WNW,9.0,9.0,64.0,43.0,1018.7,1016.1,1.0,6.0,16.9,21.5,No,No
2013-07-22,Brisbane,11.8,18.0,0.2,3.6,1.0,SW,13.0,SW,SW,6.0,2.0,68.0,67.0,1021.5,1020.0,7.0,8.0,13.899999999999999,15.9,No,Yes
2013-07-23,Brisbane,11.8,20.0,3.0,1.4,9.4,W,26.0,SW,W,4.0,11.0,65.0,33.0,1022.8,1018.9,5.0,1.0,15.3,19.7,Yes,No
2013-07-24,Brisbane,7.8999999999999995,21.3,0.0,4.8,9.8,SE,26.0,SW,SW,7.0,4.0,57.0,41.0,1023.1,1020.6,1.0,1.0,13.400000000000002,20.9,No,No
2013-07-25,Brisbane,12.1,21.6,0.0,3.4,6.2,ESE,26.0,SW,ESE,6.0,9.0,56.0,59.0,1026.9,1024.4,5.0,6.0,16.9,19.8,No,No
2013-07-26,Brisbane,14.199999999999998,22.3,0.0,2.8,6.0,E,15.0,SSE,ENE,4.0,7.000000000000001,72.0,67.0,1027.5,1024.9,7.0,6.0,16.6,19.4,No,No
2013-07-27,Brisbane,11.1,22.3,0.0,2.6,9.5,ESE,22.0,SW,E,4.0,13.0,80.99999999999999,56.0,1028.9,1026.4,2.0,4.0,15.8,20.6,No,No
2013-07-28,Brisbane,11.4,22.1,0.0,3.2,5.6,E,33.0,WSW,E,4.0,13.0,77.0,53.0,1028.7,1025.9,1.0,4.0,17.1,20.8,No,No
2013-07-29,Brisbane,13.1,21.8,1.0,2.8,4.9,E,19.0,SSW,WSW,4.0,2.0,85.99999999999999,73.0,1025.4,1022.0,3.0,6.0,16.3,19.4,No,No
2013-07-31,Brisbane,10.7,22.8,0.6,2.2,9.0,SW,20.0,SSW,SSW,6.0,6.0,69.0,53.99999999999999,1017.6,1015.3,1.0,5.0,17.1,22.0,No,No
2013-08-01,Brisbane,12.400000000000002,22.7,0.0,3.4,7.700000000000001,SSE,24.000000000000004,SSW,SSE,4.0,6.0,67.0,55.0,1019.5,1016.8,5.0,7.0,18.2,21.6,No,No
2013-08-02,Brisbane,11.4,24.3,0.0,2.6,9.1,NNW,15.0,SW,NNE,6.0,7.000000000000001,75.0,55.0,1020.0,1015.7,1.0,3.0,16.7,22.5,No,No
2013-08-03,Brisbane,11.6,24.1,0.0,3.0,10.3,WNW,33.0,SW,W,2.0,11.0,51.0,22.0,1018.7,1014.7,0.0,0.0,18.5,23.4,No,No
2013-08-05,Brisbane,8.9,23.9,0.0,4.6,10.1,WNW,22.0,SSE,W,4.0,9.0,53.00000000000001,34.0,1021.0,1016.8,0.0,1.0,17.2,23.0,No,No
2013-08-06,Brisbane,8.5,24.8,0.0,3.6,10.0,W,24.000000000000004,SW,WNW,2.0,7.000000000000001,64.0,30.000000000000004,1019.5999999999999,1014.5,3.0,2.0,15.4,24.5,No,No
2013-08-07,Brisbane,9.2,25.9,0.0,3.4,10.0,WNW,20.0,SSW,WNW,2.0,7.000000000000001,60.0,29.0,1016.8,1011.4,1.0,1.0,16.6,25.2,No,No
2013-08-08,Brisbane,9.1,22.6,0.0,3.6,10.3,W,46.0,SW,W,2.0,19.999999999999996,55.0,25.0,1011.4000000000001,1008.1,0.0,1.0,17.3,21.3,No,No
2013-08-09,Brisbane,9.8,23.0,0.0,9.2,10.2,SW,28.0,SW,WNW,11.0,7.000000000000001,46.0,36.0,1017.2,1014.0,0.0,1.0,16.1,22.6,No,No
2013-08-10,Brisbane,8.8,26.499999999999996,0.0,4.0,10.1,WSW,19.0,SW,SW,4.0,4.0,47.0,28.0,1017.4,1015.3,0.0,1.0,17.4,26.2,No,No
2013-08-11,Brisbane,10.8,26.900000000000002,0.0,3.0,10.0,ENE,15.0,SW,ENE,2.0,9.0,58.00000000000001,37.0,1019.5999999999999,1015.8,4.0,1.0,17.5,25.3,No,No
2013-08-13,Brisbane,13.1,28.0,0.0,3.7999999999999994,10.1,E,26.0,WSW,E,2.0,13.0,56.0,47.0,1015.1,1013.7,1.0,1.0,21.9,24.9,No,No
2013-08-14,Brisbane,13.199999999999998,25.1,0.0,4.6,7.700000000000001,NE,22.0,SSW,ENE,2.0,11.0,70.0,69.0,1017.7,1012.6,1.0,6.0,19.9,22.9,No,No
2013-08-15,Brisbane,13.400000000000002,25.7,0.2,3.0,10.6,W,35.0,WSW,WSW,6.0,13.0,42.99999999999999,19.0,1017.1,1014.9,1.0,0.0,21.9,24.9,No,No
2013-08-16,Brisbane,10.2,21.8,0.0,8.2,10.4,ENE,22.0,SSW,ENE,6.0,13.0,46.0,52.0,1024.0,1019.4,1.0,1.0,16.4,20.9,No,No
2013-08-17,Brisbane,11.5,24.4,0.0,3.6,9.3,ENE,28.0,SW,NE,2.0,11.0,69.0,59.0,1019.3000000000001,1013.7,6.0,2.0,17.7,22.4,No,No
2013-08-18,Brisbane,14.1,26.499999999999996,0.0,3.7999999999999994,10.5,E,20.0,SSW,WSW,4.0,2.0,87.0,29.0,1019.4,1015.6,1.0,1.0,16.4,26.300000000000004,No,No
2013-08-19,Brisbane,13.0,26.1,0.0,4.0,10.4,W,26.0,SW,W,4.0,9.0,69.0,30.000000000000004,1017.0,1010.5,6.0,5.0,18.6,24.9,No,No
2013-08-20,Brisbane,10.7,21.4,0.0,4.0,10.7,W,39.0,WNW,W,7.0,19.0,40.0,22.0,1013.8,1011.2,1.0,1.0,18.8,20.5,No,No
2013-08-21,Brisbane,7.7,20.8,0.0,8.2,10.7,WSW,22.0,WSW,NW,7.0,6.0,38.0,21.0,1017.5,1013.3,1.0,0.0,13.400000000000002,20.1,No,No
2013-08-22,Brisbane,6.8,21.9,0.0,6.0,10.8,W,22.0,SSW,W,6.0,6.0,41.0,22.0,1018.2,1014.3,1.0,3.0,15.0,21.4,No,No
2013-08-23,Brisbane,6.0,23.9,0.0,2.8,11.0,WNW,41.0,WSW,W,2.0,19.0,48.00000000000001,20.000000000000004,1019.0,1014.6,1.0,0.0,15.3,23.0,No,No
2013-08-24,Brisbane,9.0,25.7,0.0,7.4,11.0,WSW,24.000000000000004,WSW,ENE,4.0,13.0,36.0,31.0,1020.4,1018.7,0.0,0.0,19.7,23.2,No,No
2013-08-25,Brisbane,11.0,24.5,0.0,4.8,10.0,E,24.000000000000004,SW,ENE,6.0,11.0,61.0,53.0,1026.3,1022.4000000000001,1.0,1.0,18.1,22.7,No,No
2013-08-26,Brisbane,12.6,25.0,0.0,3.4,9.9,NNE,19.0,SW,NNE,4.0,9.0,71.0,52.0,1025.5,1021.2,1.0,1.0,19.1,23.1,No,No
2013-08-27,Brisbane,12.1,25.8,0.0,4.2,10.5,NE,20.0,SW,NNE,4.0,7.000000000000001,69.0,51.0,1023.3,1018.4,1.0,1.0,19.3,24.2,No,No
2013-08-28,Brisbane,11.2,28.500000000000004,0.0,3.6,10.6,WNW,19.0,SW,NW,2.0,6.0,63.0,26.0,1021.2,1017.0,0.0,1.0,19.7,28.299999999999997,No,No
2013-08-29,Brisbane,13.400000000000002,25.9,0.0,4.4,10.6,E,24.000000000000004,SW,ENE,4.0,11.0,61.0,52.0,1024.4,1020.2,1.0,1.0,20.1,23.7,No,No
2013-08-30,Brisbane,13.1,25.4,0.0,4.8,10.3,NNE,26.0,SW,NNE,4.0,9.0,71.0,53.0,1024.0,1019.5,1.0,1.0,19.7,23.6,No,No
2013-08-31,Brisbane,14.199999999999998,26.800000000000004,0.0,4.6,10.2,NE,19.0,NNE,NE,4.0,9.0,67.0,58.0,1023.3,1019.2,1.0,2.0,21.8,25.9,No,No
2013-09-01,Brisbane,16.6,26.1,0.0,4.2,9.6,ESE,30.0,SE,ESE,9.0,11.0,59.0,47.0,1025.7,1023.3999999999999,2.0,3.0,23.7,23.8,No,No
2013-09-02,Brisbane,13.699999999999998,25.6,0.0,6.6,6.700000000000001,E,31.0,SW,ESE,4.0,13.0,64.0,53.99999999999999,1029.3,1026.4,7.0,3.0,19.6,23.2,No,No
2013-09-03,Brisbane,15.1,23.5,0.0,5.2,8.9,ESE,41.0,SSE,SE,6.0,14.999999999999998,66.0,49.00000000000001,1031.1,1028.7,6.0,3.0,19.4,22.1,No,No
2013-09-04,Brisbane,12.6,23.5,0.4,7.2,10.5,ESE,31.0,SSW,ESE,4.0,14.999999999999998,52.0,44.0,1031.4,1029.2,2.0,2.0,20.6,21.8,No,No
2013-09-05,Brisbane,12.2,24.3,0.0,6.4,9.8,NE,24.000000000000004,SSW,ESE,4.0,7.000000000000001,59.0,44.0,1030.5,1026.8,2.0,1.0,19.6,23.1,No,No
2013-09-06,Brisbane,11.0,24.7,0.0,4.6,10.7,ENE,20.0,SW,NE,6.0,7.000000000000001,65.0,46.00000000000001,1029.9,1025.4,1.0,0.0,18.1,23.6,No,No
2013-09-07,Brisbane,12.3,25.6,0.0,4.2,10.6,N,24.000000000000004,W,NNE,4.0,7.000000000000001,63.0,53.99999999999999,1028.4,1023.5000000000001,0.0,0.0,20.0,23.5,No,No
2013-09-08,Brisbane,12.1,26.2,0.0,5.8,10.1,NE,20.0,ESE,NE,4.0,9.0,63.0,49.00000000000001,1025.3,1020.6,1.0,3.0,21.4,24.0,No,No
2013-09-09,Brisbane,12.0,25.0,0.0,5.2,10.4,ENE,22.0,ESE,NE,4.0,7.000000000000001,62.0,45.0,1023.6,1018.8,1.0,1.0,21.4,24.1,No,No
2013-09-10,Brisbane,15.700000000000001,26.499999999999996,0.0,6.0,7.1,NE,26.0,WNW,NE,4.0,9.0,66.0,60.00000000000001,1016.9,1011.4,5.0,7.0,21.7,24.1,No,No
2013-09-11,Brisbane,13.1,31.5,0.0,3.6,10.7,NNE,20.0,SW,NE,2.0,7.000000000000001,59.0,44.0,1013.7,1008.7,1.0,1.0,22.0,27.700000000000003,No,No
2013-09-12,Brisbane,15.199999999999998,30.9,0.0,4.8,10.6,ENE,28.0,SW,ENE,6.0,14.999999999999998,44.0,66.0,1014.6,1010.6,1.0,1.0,23.2,25.4,No,No
2013-09-13,Brisbane,16.9,26.1,0.0,5.6,8.0,E,30.0,ESE,E,9.0,14.999999999999998,58.00000000000001,60.00000000000001,1017.4,1016.0,2.0,3.0,24.2,23.2,No,No
2013-09-14,Brisbane,19.6,26.000000000000004,0.2,6.2,8.8,NE,31.0,NE,NE,9.0,13.0,71.0,71.0,1016.7,1010.5,5.0,2.0,23.2,25.0,No,No
2013-09-15,Brisbane,15.1,27.8,0.0,5.0,10.7,ENE,24.000000000000004,SSE,NE,7.0,9.0,52.0,48.0,1016.9,1013.3,1.0,1.0,24.0,25.8,No,No
2013-09-17,Brisbane,17.0,29.1,11.799999999999999,3.7999999999999994,8.2,WNW,37.0,N,NW,6.0,9.0,75.0,45.0,1009.4,1003.0,6.0,4.0,21.7,28.999999999999996,Yes,No
2013-09-18,Brisbane,12.6,29.399999999999995,0.2,5.0,11.3,W,37.0,WNW,W,6.0,13.0,41.0,22.0,1010.4,1006.1,1.0,0.0,23.7,29.199999999999996,No,No
2013-09-19,Brisbane,12.6,30.0,0.0,5.0,9.5,ENE,22.0,NNE,ENE,4.0,11.0,60.0,52.0,1010.1,1004.3,0.0,1.0,22.9,28.900000000000002,No,No
2013-09-20,Brisbane,15.199999999999998,28.099999999999998,0.0,5.8,11.4,W,37.0,WSW,W,7.0,14.999999999999998,28.0,20.000000000000004,1012.4,1008.6,0.0,0.0,24.0,27.900000000000002,No,No
2013-09-21,Brisbane,10.9,25.0,0.0,11.4,11.0,ENE,24.000000000000004,SSW,E,2.0,13.0,32.0,43.0,1014.7,1011.7,0.0,1.0,22.399999999999995,23.3,No,No
2013-09-22,Brisbane,14.699999999999998,25.4,0.0,5.8,10.5,ENE,28.0,S,NNE,2.0,11.0,57.0,56.99999999999999,1016.1,1012.3,2.0,1.0,21.6,23.9,No,No
2013-09-23,Brisbane,14.400000000000002,27.9,0.0,6.0,11.0,NE,20.0,SW,NE,6.0,7.000000000000001,65.0,47.0,1017.4,1012.3,5.0,1.0,21.6,27.4,No,No
2013-09-24,Brisbane,15.299999999999999,32.8,0.0,4.8,10.4,NW,28.0,ENE,NE,4.0,13.0,57.0,44.0,1013.4,1007.5,1.0,2.0,23.9,29.399999999999995,No,No
2013-09-25,Brisbane,16.3,31.2,0.0,7.800000000000001,10.8,E,24.000000000000004,SW,NE,4.0,13.0,48.00000000000001,26.0,1012.3,1010.2,0.0,0.0,27.700000000000003,29.3,No,No
2013-09-26,Brisbane,18.6,29.300000000000004,0.0,6.4,9.8,NNE,26.0,E,NE,2.0,9.0,73.0,61.0,1013.7,1008.9,2.0,0.0,24.3,28.099999999999998,No,No
2013-09-27,Brisbane,19.3,28.099999999999998,0.0,5.6,11.0,ESE,37.0,SE,E,19.0,19.999999999999996,45.0,51.0,1017.9,1015.4,0.0,0.0,26.0,24.8,No,No
2013-09-28,Brisbane,18.0,27.1,0.2,8.8,2.1,ENE,20.0,SSW,WNW,4.0,6.0,83.0,52.0,1017.8,1012.8,8.0,6.0,19.4,25.1,No,No
2013-09-29,Brisbane,14.799999999999999,30.099999999999998,0.4,1.6,11.0,E,39.0,SSW,E,6.0,16.999999999999996,52.0,55.0,1015.9,1013.4,1.0,2.0,26.600000000000005,25.4,No,No
2013-09-30,Brisbane,16.4,27.0,0.0,7.0,9.5,NNE,22.0,NE,NE,4.0,9.0,66.0,63.00000000000001,1021.1,1017.2,7.0,5.0,22.9,24.6,No,No
2013-10-01,Brisbane,18.4,30.8,0.0,5.2,10.2,NE,33.0,N,NNE,7.0,13.0,63.0,60.00000000000001,1018.7,1012.3,2.0,7.0,24.7,28.099999999999998,No,Yes
2013-10-02,Brisbane,18.0,29.700000000000003,1.2,8.0,9.2,W,24.000000000000004,NE,NE,6.0,11.0,61.0,39.0,1017.1,1012.5,2.0,1.0,23.5,27.500000000000004,Yes,No
2013-10-03,Brisbane,17.1,32.6,0.0,6.2,11.1,W,44.0,NNE,W,2.0,16.999999999999996,56.0,19.0,1012.0000000000001,1008.0,1.0,2.0,26.5,31.2,No,No
2013-10-04,Brisbane,12.8,24.9,0.0,15.0,11.3,E,26.0,SSW,ENE,6.0,13.0,33.0,35.0,1019.9000000000001,1016.9,0.0,1.0,20.8,22.4,No,No
2013-10-05,Brisbane,12.7,29.399999999999995,0.0,6.2,11.4,SSE,19.0,SW,ENE,4.0,11.0,52.0,36.0,1019.3000000000001,1013.4,0.0,0.0,21.1,26.100000000000005,No,No
2013-10-06,Brisbane,13.400000000000002,31.6,0.0,6.6,11.8,NE,26.0,E,NE,6.0,11.0,50.0,39.0,1014.5,1008.5,0.0,0.0,24.4,29.5,No,No
2013-10-07,Brisbane,15.199999999999998,34.7,0.0,5.4,10.5,SE,43.0,E,ENE,2.0,9.0,45.0,37.0,1009.6,1004.0,0.0,3.0,26.9,30.8,No,No
2013-10-08,Brisbane,18.2,30.999999999999996,0.0,7.4,10.5,ENE,33.0,W,NE,4.0,13.0,57.0,53.99999999999999,1013.0,1009.0,4.0,2.0,23.9,25.5,No,No
2013-10-09,Brisbane,15.1,26.2,0.0,8.2,11.9,ENE,28.0,ESE,NE,4.0,11.0,46.0,49.00000000000001,1021.5,1018.9,2.0,1.0,23.2,23.7,No,No
2013-10-10,Brisbane,14.299999999999999,28.3,0.0,6.8,11.5,NE,30.0,W,NE,4.0,14.999999999999998,52.0,52.0,1019.9000000000001,1013.3,0.0,0.0,23.4,26.800000000000004,No,No
2013-10-11,Brisbane,16.3,31.7,0.0,7.800000000000001,11.6,ESE,41.0,N,ENE,6.0,11.0,40.0,46.00000000000001,1012.8,1009.2,0.0,1.0,27.000000000000004,30.1,No,No
2013-10-12,Brisbane,20.7,28.0,0.0,7.599999999999999,8.6,NE,30.0,E,NE,11.0,11.0,77.0,60.00000000000001,1018.2,1014.1,7.0,5.0,23.8,26.9,No,No
2013-10-13,Brisbane,18.7,30.9,0.0,7.599999999999999,11.2,NNE,31.0,NNW,NE,9.0,13.0,49.0,55.0,1015.0,1008.5,1.0,1.0,25.9,27.4,No,No
2013-10-14,Brisbane,20.9,28.999999999999996,0.0,10.6,11.7,W,48.00000000000001,W,SW,13.0,9.0,26.0,14.0,1013.1,1012.0,1.0,0.0,24.9,28.299999999999997,No,No
2013-10-15,Brisbane,13.8,27.0,0.0,12.0,12.2,ENE,26.0,N,ENE,4.0,11.0,53.00000000000001,40.0,1022.2,1019.0,2.0,1.0,22.8,24.9,No,No
2013-10-16,Brisbane,16.0,26.6,0.0,6.6,8.8,NNE,31.0,N,NE,7.0,14.999999999999998,54.0,51.0,1023.7,1019.1,2.0,6.0,23.2,24.0,No,No
2013-10-17,Brisbane,15.799999999999999,27.8,0.0,8.4,11.8,NE,33.0,N,NNE,9.0,14.999999999999998,48.00000000000001,56.99999999999999,1020.3,1015.4,1.0,2.0,25.3,25.4,No,No
2013-10-18,Brisbane,18.4,24.8,0.0,8.0,2.0,E,31.0,S,SE,7.0,6.0,72.0,88.0,1020.4,1019.8,7.0,7.0,22.3,20.0,No,Yes
2013-10-19,Brisbane,15.0,27.399999999999995,12.2,4.4,11.9,E,30.0,S,E,7.0,14.999999999999998,50.0,50.0,1024.5,1020.0,1.0,2.0,23.6,25.4,Yes,No
2013-10-20,Brisbane,16.9,27.399999999999995,0.0,7.599999999999999,10.0,E,28.0,ESE,ENE,7.0,16.999999999999996,62.0,62.0,1022.8,1018.9,4.0,6.0,23.9,24.3,No,No
2013-10-21,Brisbane,18.0,28.0,0.0,6.0,11.7,ENE,24.000000000000004,NNE,ENE,4.0,11.0,58.00000000000001,53.0,1020.7,1017.1,6.0,1.0,24.8,26.600000000000005,No,No
2013-10-22,Brisbane,17.8,28.4,0.0,8.0,11.2,NE,26.0,NW,NE,7.0,11.0,61.0,47.0,1019.3000000000001,1014.9,2.0,1.0,24.3,26.4,No,No
2013-10-23,Brisbane,19.5,29.600000000000005,0.0,7.599999999999999,11.4,ENE,31.0,NW,NNE,9.0,13.0,56.0,56.0,1015.7,1011.1,1.0,1.0,25.4,27.300000000000004,No,No
2013-10-24,Brisbane,20.1,33.0,0.0,10.6,7.4,W,24.000000000000004,N,W,7.0,4.0,47.0,44.0,1013.2,1011.6,4.0,8.0,28.099999999999998,28.400000000000002,No,No
2013-10-25,Brisbane,19.2,26.2,0.2,5.2,8.7,ESE,39.0,SE,E,19.0,14.999999999999998,56.0,55.0,1021.6,1019.5,7.0,3.0,23.9,23.6,No,No
2013-10-26,Brisbane,16.8,29.2,0.0,7.599999999999999,11.9,NE,26.0,NNE,N,6.0,9.0,55.0,50.0,1020.9,1015.6,1.0,1.0,25.3,27.900000000000002,No,No
2013-10-27,Brisbane,17.9,26.7,0.0,7.800000000000001,11.5,ESE,30.0,ESE,ENE,11.0,14.999999999999998,57.0,48.0,1021.9,1019.0,6.0,1.0,24.0,25.2,No,No
2013-10-28,Brisbane,16.6,26.800000000000004,0.0,9.6,10.3,NE,37.0,NE,NE,7.0,13.0,59.0,56.99999999999999,1022.0,1017.1,7.0,1.0,23.6,25.4,No,No
2013-10-29,Brisbane,19.0,31.300000000000004,0.0,8.0,7.700000000000001,NE,35.0,N,E,9.0,13.0,51.0,80.0,1015.5,1010.7,1.0,7.0,26.0,24.5,No,Yes
2013-10-30,Brisbane,16.5,27.2,8.8,6.6,6.8,E,37.0,SSE,ESE,11.0,16.999999999999996,67.0,51.0,1015.6,1013.6,7.0,1.0,21.9,25.4,Yes,No
2013-10-31,Brisbane,18.4,26.3,0.2,8.4,10.2,E,31.0,ESE,E,11.0,13.0,58.00000000000001,51.0,1020.4,1017.8,4.0,2.0,22.7,25.1,No,No
2013-11-01,Brisbane,15.6,26.499999999999996,0.0,9.0,12.5,ENE,30.0,E,ENE,6.0,13.0,46.0,38.0,1023.1,1020.0,4.0,2.0,24.5,25.2,No,No
2013-11-02,Brisbane,15.5,28.199999999999996,0.0,8.4,12.3,NE,26.0,NE,NNE,4.0,11.0,52.0,46.00000000000001,1022.0,1017.5,3.0,5.0,24.8,26.100000000000005,No,No
2013-11-03,Brisbane,17.1,31.300000000000004,0.0,7.599999999999999,12.2,ENE,24.000000000000004,SW,NE,2.0,11.0,47.0,53.0,1018.3,1012.5,1.0,1.0,25.4,28.6,No,No
2013-11-04,Brisbane,20.0,26.1,0.0,8.4,8.2,E,37.0,SE,ESE,9.0,19.0,56.0,56.0,1017.7,1016.8,4.0,7.0,23.9,23.0,No,No
2013-11-05,Brisbane,16.7,24.9,0.0,14.4,10.3,ESE,61.0,E,E,13.0,19.0,50.0,53.99999999999999,1024.3,1021.4999999999999,3.0,2.0,22.2,23.1,No,No
2013-11-06,Brisbane,15.9,26.3,0.0,5.0,9.7,NE,26.0,ESE,ENE,9.0,13.0,38.0,45.0,1022.9,1018.8,7.0,7.0,23.4,23.6,No,No
2013-11-07,Brisbane,14.5,27.8,0.0,7.599999999999999,12.5,ENE,24.000000000000004,W,NE,4.0,11.0,47.0,43.0,1019.3000000000001,1015.1,1.0,1.0,23.4,26.0,No,No
2013-11-08,Brisbane,15.1,29.2,0.0,7.4,12.1,NE,31.0,W,NNE,4.0,13.0,49.0,39.0,1016.6,1012.9,0.0,1.0,24.7,26.600000000000005,No,No
2013-11-09,Brisbane,17.1,29.700000000000003,0.0,9.6,12.2,NE,37.0,NNE,NE,6.0,11.0,46.0,56.99999999999999,1014.6,1010.4,0.0,2.0,26.600000000000005,26.4,No,No
2013-11-10,Brisbane,20.3,30.9,0.0,9.6,8.2,S,31.0,SE,E,2.0,13.0,51.0,56.99999999999999,1012.2,1010.5,2.0,6.0,27.200000000000003,27.099999999999998,No,Yes
2013-11-11,Brisbane,20.7,28.7,4.0,7.4,6.1,NE,31.0,N,NNE,9.0,13.0,53.00000000000001,56.99999999999999,1014.5,1011.3,7.0,7.0,26.4,26.800000000000004,Yes,Yes
2013-11-12,Brisbane,21.2,29.1,1.8000000000000003,6.4,10.7,NE,33.0,NNE,NNE,9.0,13.0,59.0,53.0,1015.7,1012.8,5.0,2.0,26.0,27.599999999999998,Yes,Yes
2013-11-13,Brisbane,19.0,30.099999999999998,5.799999999999999,7.599999999999999,10.9,ENE,30.0,WNW,ENE,7.0,14.999999999999998,61.0,60.00000000000001,1015.9,1012.2,3.0,3.0,26.0,28.099999999999998,Yes,Yes
2013-11-14,Brisbane,19.4,27.700000000000003,12.8,6.4,6.6,SSE,35.0,NNW,ENE,6.0,13.0,67.0,64.0,1015.4,1010.1,6.0,2.0,25.8,27.4,Yes,Yes
2013-11-15,Brisbane,17.1,29.1,22.4,7.4,11.6,NE,24.000000000000004,ENE,NE,9.0,9.0,64.0,63.00000000000001,1013.7,1009.3,1.0,5.0,25.5,26.7,Yes,No
2013-11-16,Brisbane,20.2,27.2,0.0,8.0,6.9,ENE,33.0,E,ENE,9.0,16.999999999999996,58.00000000000001,63.00000000000001,1011.3,1007.4,6.0,6.0,24.7,24.8,No,No
2013-11-17,Brisbane,18.4,25.5,0.0,5.6,2.2,ENE,20.0,ESE,ENE,4.0,4.0,64.0,70.0,1012.0000000000001,1010.2,8.0,7.0,22.9,23.1,No,Yes
2013-11-18,Brisbane,17.3,28.4,9.2,3.0,9.1,SW,39.0,WNW,NNE,4.0,7.000000000000001,65.0,53.0,1011.0,1006.2,1.0,6.0,22.2,25.0,Yes,Yes
2013-11-19,Brisbane,14.699999999999998,30.999999999999996,5.799999999999999,6.4,12.4,WSW,28.0,W,E,13.0,14.999999999999998,51.0,47.0,1008.9,1005.6,1.0,6.0,24.1,27.300000000000004,Yes,No
2013-11-20,Brisbane,17.6,28.8,0.0,8.0,12.9,E,28.0,W,E,6.0,11.0,57.0,56.0,1011.1,1008.2,3.0,2.0,25.1,27.4,No,No
2013-11-21,Brisbane,17.8,28.8,0.0,7.599999999999999,13.0,E,26.0,SSE,ENE,6.0,11.0,56.0,53.0,1012.9,1009.8,3.0,1.0,25.5,27.4,No,No
2013-11-22,Brisbane,18.8,28.099999999999998,0.0,7.599999999999999,9.1,ENE,26.0,SE,ENE,4.0,11.0,55.0,60.00000000000001,1012.3,1009.2,2.0,7.0,26.2,25.7,No,No
2013-11-23,Brisbane,22.1,29.399999999999995,0.2,7.2,8.4,W,43.0,NNW,NNE,6.0,13.0,62.0,62.0,1009.5,1004.9,7.0,1.0,26.300000000000004,27.799999999999997,No,Yes
2013-11-24,Brisbane,19.9,31.2,10.6,7.599999999999999,8.7,S,37.0,NNW,NNE,6.0,4.0,67.0,72.0,1006.8,1002.1,5.0,5.0,27.4,25.2,Yes,Yes
2013-11-25,Brisbane,20.2,29.300000000000004,8.8,6.8,11.3,NE,30.0,SSE,E,4.0,14.999999999999998,59.0,61.0,1006.1,1003.8,4.0,7.0,27.000000000000004,26.0,Yes,No
2013-11-26,Brisbane,20.4,27.2,0.0,7.800000000000001,11.5,ESE,35.0,SE,ESE,6.0,14.999999999999998,54.0,55.0,1011.6999999999999,1010.5,5.0,2.0,25.2,25.5,No,No
2013-11-27,Brisbane,16.3,27.1,0.0,10.4,12.7,ENE,28.0,S,ENE,6.0,11.0,45.0,49.00000000000001,1016.5,1013.6,1.0,2.0,24.3,25.2,No,No
2013-11-28,Brisbane,17.1,28.9,0.0,7.0,12.9,NE,28.0,NNE,NE,6.0,11.0,56.0,56.0,1015.1,1010.9,1.0,1.0,25.4,27.099999999999998,No,No
2013-11-29,Brisbane,18.4,33.5,0.0,8.6,10.1,NE,33.0,W,NNE,6.0,11.0,49.0,60.00000000000001,1009.9,1005.4,5.0,7.0,27.4,29.6,No,Yes
2013-11-30,Brisbane,19.1,24.4,23.4,8.8,1.6,SE,35.0,SSW,S,6.0,9.0,94.0,74.0,1013.0,1014.4,8.0,7.0,19.4,21.9,Yes,Yes
2013-12-01,Brisbane,16.0,25.6,13.999999999999998,3.6,12.8,SE,39.0,SSE,ESE,7.0,16.999999999999996,50.0,48.0,1022.0,1019.2,4.0,2.0,24.0,23.6,Yes,No
2013-12-02,Brisbane,16.0,27.0,0.0,9.0,13.1,E,28.0,SSE,E,7.0,13.0,45.0,45.0,1021.1,1016.5,2.0,2.0,23.6,25.2,No,No
2013-12-03,Brisbane,15.199999999999998,27.8,0.0,8.0,13.0,E,28.0,S,ENE,6.0,11.0,47.0,52.0,1016.9,1013.3,2.0,2.0,24.4,25.8,No,No
2013-12-04,Brisbane,16.2,28.3,0.0,8.2,12.5,NNE,26.0,W,NE,6.0,9.0,57.0,47.0,1013.3,1007.8,3.0,6.0,23.2,27.099999999999998,No,No
2013-12-05,Brisbane,19.9,35.5,0.0,8.8,9.4,WNW,30.0,NW,NNE,7.0,11.0,51.0,49.00000000000001,1004.4,999.3,2.0,6.0,27.799999999999997,31.4,No,No
2013-12-06,Brisbane,17.6,29.8,0.8,8.6,12.8,WSW,28.0,SW,E,9.0,14.999999999999998,24.000000000000004,36.0,1013.7,1012.1,5.0,1.0,23.4,25.600000000000005,No,No
2013-12-07,Brisbane,15.0,26.900000000000002,0.0,3.7999999999999994,12.9,E,26.0,E,ENE,7.0,11.0,46.0,37.0,1021.0,1018.1,1.0,1.0,24.5,26.300000000000004,No,No
2013-12-08,Brisbane,17.0,27.600000000000005,0.0,12.2,13.1,E,24.000000000000004,NE,NNE,4.0,7.000000000000001,49.0,48.0,1019.9000000000001,1016.4,4.0,2.0,24.6,27.000000000000004,No,No
2013-12-09,Brisbane,16.9,27.700000000000003,0.0,8.6,13.1,ENE,31.0,NNE,NNE,7.0,13.0,52.0,48.0,1015.9,1011.6,2.0,4.0,25.7,26.4,No,No
2013-12-10,Brisbane,19.5,29.600000000000005,0.0,9.6,10.0,NE,28.0,NE,NE,6.0,11.0,54.0,55.0,1010.7999999999998,1007.6,7.0,7.0,26.300000000000004,27.099999999999998,No,No
2013-12-11,Brisbane,22.8,30.8,0.0,9.4,3.6,NE,22.0,N,NE,7.0,9.0,54.0,65.0,1009.3,1006.2,7.0,6.0,27.599999999999998,27.500000000000004,No,Yes
2013-12-12,Brisbane,21.3,27.299999999999997,2.0,3.4,0.2,WNW,17.0,SW,SE,6.0,2.0,85.0,83.0,1009.6,1008.7,8.0,8.0,23.3,24.4,Yes,No
2013-12-13,Brisbane,19.2,30.099999999999998,0.4,1.4,11.9,ENE,28.0,ESE,E,4.0,6.0,58.00000000000001,70.0,1012.5,1010.7,1.0,4.0,26.9,26.100000000000005,No,No
2013-12-14,Brisbane,19.4,30.199999999999996,0.4,6.8,12.9,ENE,26.0,SW,ENE,2.0,13.0,64.0,56.0,1014.7,1011.7,4.0,2.0,25.8,28.200000000000003,No,No
2013-12-15,Brisbane,20.5,30.500000000000004,0.2,8.0,10.7,E,26.0,E,ENE,6.0,13.0,62.0,47.0,1016.7,1013.8,3.0,2.0,27.099999999999998,28.699999999999996,No,No
2013-12-16,Brisbane,21.3,29.700000000000003,0.0,9.8,10.0,E,28.0,ENE,ENE,7.0,14.999999999999998,50.0,49.00000000000001,1018.3,1015.6,5.0,5.0,27.300000000000004,27.999999999999996,No,No
2013-12-17,Brisbane,20.7,28.0,0.0,9.0,6.9,E,33.0,ESE,E,9.0,16.999999999999996,61.0,52.0,1019.3000000000001,1017.7,7.0,5.0,24.6,26.100000000000005,No,No
2013-12-18,Brisbane,18.1,29.300000000000004,0.0,7.800000000000001,12.6,E,39.0,SE,ESE,11.0,19.0,55.0,38.0,1021.4,1019.9,5.0,1.0,25.5,27.000000000000004,No,No
2013-12-19,Brisbane,18.1,28.7,0.2,10.6,11.2,E,31.0,ESE,ESE,13.0,13.0,50.0,40.0,1022.1,1019.8,5.0,2.0,26.0,27.4,No,No
2013-12-20,Brisbane,17.7,29.2,0.0,9.2,13.2,E,26.0,ESE,ENE,7.0,13.0,54.0,50.0,1021.1,1017.2,3.0,1.0,26.9,27.500000000000004,No,No
2013-12-21,Brisbane,20.1,30.9,0.0,9.0,12.3,NE,28.0,NNW,NE,4.0,13.0,49.0,42.0,1017.4,1014.1,2.0,1.0,27.099999999999998,28.799999999999997,No,No
2013-12-22,Brisbane,19.0,30.0,0.0,9.4,12.7,ENE,26.0,NNW,ENE,4.0,11.0,54.0,52.0,1017.6,1014.9,2.0,2.0,26.2,28.400000000000002,No,No
2013-12-23,Brisbane,21.5,30.099999999999998,0.0,9.0,12.9,NE,31.0,N,NE,9.0,11.0,51.0,53.99999999999999,1016.0,1013.2,3.0,3.0,26.7,28.099999999999998,No,No
2013-12-24,Brisbane,19.7,32.5,0.0,11.0,12.0,ENE,26.0,SSW,NNE,6.0,9.0,49.0,47.0,1015.9,1013.3,3.0,6.0,27.999999999999996,30.8,No,No
2013-12-25,Brisbane,22.7,30.7,0.0,10.0,9.3,ENE,26.0,ENE,NE,7.0,9.0,62.0,53.99999999999999,1017.0,1014.0,7.0,7.0,26.800000000000004,28.999999999999996,No,No
2013-12-26,Brisbane,22.5,32.7,0.0,7.800000000000001,9.8,NE,24.000000000000004,NW,NE,7.0,11.0,52.0,56.99999999999999,1012.9,1008.7,4.0,6.0,28.799999999999997,28.999999999999996,No,No
2013-12-27,Brisbane,22.6,30.999999999999996,0.0,7.2,6.5,ESE,33.0,E,SE,9.0,14.999999999999998,76.0,60.00000000000001,1010.6,1008.2,7.0,7.0,26.100000000000005,27.300000000000004,No,No
2013-12-28,Brisbane,22.0,29.8,0.0,7.800000000000001,4.1,ENE,26.0,ENE,ENE,6.0,9.0,59.0,61.0,1011.6999999999999,1008.5,7.0,3.0,27.000000000000004,28.499999999999996,No,No
2013-12-29,Brisbane,23.4,34.8,0.0,6.0,11.5,WSW,33.0,NW,NNE,4.0,9.0,55.0,52.0,1009.3,1004.7,1.0,1.0,29.5,33.0,No,Yes
2013-12-30,Brisbane,22.0,31.1,1.2,11.0,8.8,ESE,31.0,ESE,ESE,7.0,13.0,57.0,51.0,1012.9,1009.6,7.0,2.0,26.600000000000005,28.200000000000003,Yes,No
2013-12-31,Brisbane,23.2,28.999999999999996,0.0,9.0,0.5,E,20.0,ESE,ESE,6.0,9.0,66.0,60.00000000000001,1011.2,1009.5,8.0,6.0,25.8,27.999999999999996,No,No
2014-01-01,Brisbane,20.6,30.6,0.0,3.4,12.5,ENE,31.0,SE,ENE,7.0,11.0,52.0,52.0,1015.2,1013.1,4.0,1.0,28.799999999999997,28.900000000000002,No,No
2014-01-02,Brisbane,21.1,31.799999999999997,0.0,9.0,8.6,NE,24.000000000000004,NNW,NNE,6.0,9.0,58.00000000000001,53.99999999999999,1011.9,1008.1,7.0,7.0,26.800000000000004,29.8,No,No
2014-01-03,Brisbane,22.7,34.5,1.0,8.6,11.2,NNE,35.0,NNE,NNE,4.0,14.999999999999998,55.0,56.99999999999999,1006.7,1001.7,2.0,2.0,30.6,32.0,No,No
2014-01-04,Brisbane,23.8,38.7,0.0,10.4,12.8,E,30.0,N,NE,7.0,14.999999999999998,45.0,47.0,1001.3,997.5,1.0,1.0,34.4,35.5,No,No
2014-01-05,Brisbane,23.9,33.6,0.0,11.0,6.1,ENE,26.0,SSW,ENE,4.0,13.0,64.0,59.0,1008.4,1005.5,8.0,4.0,27.799999999999997,31.6,No,No
2014-01-06,Brisbane,25.899999999999995,34.8,0.0,4.2,6.4,W,46.0,NE,ENE,2.0,11.0,68.0,66.0,1007.9,1004.9,6.0,6.0,29.399999999999995,30.3,No,Yes
2014-01-08,Brisbane,21.8,29.600000000000005,0.4,13.0,9.3,ESE,33.0,E,ESE,15.0,16.999999999999996,50.0,48.0,1018.3,1016.7,7.0,7.0,27.300000000000004,28.099999999999998,No,No
2014-01-09,Brisbane,20.4,28.6,0.2,8.2,4.9,E,31.0,SE,E,9.0,13.0,66.0,41.0,1020.9,1018.7,8.0,7.0,23.6,27.099999999999998,No,Yes
2014-01-10,Brisbane,19.4,27.8,1.4,7.0,1.5,E,30.0,SSE,ENE,7.0,9.0,65.0,61.0,1020.4,1018.3,5.0,7.0,25.8,25.9,Yes,No
2014-01-11,Brisbane,19.6,29.8,0.0,4.4,10.5,ENE,26.0,E,E,7.0,11.0,52.0,45.0,1018.9,1015.2,5.0,2.0,27.200000000000003,28.799999999999997,No,No
2014-01-12,Brisbane,19.5,30.6,0.0,8.4,10.5,E,33.0,SSE,E,6.0,14.999999999999998,51.0,50.0,1016.5,1014.3,4.0,2.0,27.799999999999997,28.6,No,No
2014-01-13,Brisbane,19.5,29.600000000000005,0.0,8.4,13.2,ESE,35.0,SSE,E,11.0,14.999999999999998,58.00000000000001,51.0,1018.3,1016.4,4.0,1.0,25.9,28.200000000000003,No,No
2014-01-14,Brisbane,20.4,30.199999999999996,0.0,9.2,12.7,E,33.0,E,E,11.0,14.999999999999998,49.0,55.0,1019.7,1018.8,4.0,4.0,27.300000000000004,27.099999999999998,No,No
2014-01-15,Brisbane,19.1,30.4,0.0,8.6,12.2,E,31.0,E,E,13.0,19.0,56.0,49.00000000000001,1021.3,1019.4,3.0,2.0,27.4,28.400000000000002,No,No
2014-01-17,Brisbane,20.8,30.8,0.2,10.4,12.2,E,35.0,E,E,13.0,14.999999999999998,55.0,47.0,1016.4,1013.5,3.0,1.0,26.5,28.799999999999997,No,No
2014-01-18,Brisbane,20.1,30.4,0.0,9.6,11.4,ENE,37.0,SE,E,6.0,11.0,54.0,44.0,1014.1,1010.7,4.0,2.0,27.300000000000004,29.8,No,No
2014-01-19,Brisbane,20.1,31.799999999999997,0.0,9.6,12.2,ENE,28.0,SE,ENE,6.0,14.999999999999998,56.0,51.0,1009.7,1006.2,4.0,1.0,26.600000000000005,29.3,No,No
2014-01-20,Brisbane,20.5,33.5,0.0,8.0,12.6,NE,30.0,S,NE,6.0,13.0,58.00000000000001,48.0,1009.1,1005.6,2.0,1.0,28.299999999999997,31.7,No,No
2014-01-21,Brisbane,23.6,32.9,0.0,8.6,12.5,NNE,39.0,NNE,NNE,6.0,14.999999999999998,53.00000000000001,62.0,1009.6,1005.2,1.0,1.0,30.2,31.1,No,No
2014-01-22,Brisbane,25.5,35.3,0.0,10.0,8.2,E,33.0,S,E,6.0,14.999999999999998,55.0,53.99999999999999,1011.4000000000001,1010.6,5.0,3.0,31.0,33.4,No,Yes
2014-01-23,Brisbane,23.9,30.099999999999998,2.2,8.4,3.9,SE,35.0,NW,E,4.0,9.0,80.0,89.0,1016.6,1015.1,6.0,8.0,26.600000000000005,23.9,Yes,Yes
2014-01-25,Brisbane,23.6,28.7,2.0,3.0,1.2,SE,37.0,W,SE,9.0,19.0,69.0,65.0,1009.6,1009.3,7.0,7.0,27.799999999999997,26.7,Yes,Yes
2014-01-26,Brisbane,21.4,28.500000000000004,1.2,6.4,8.9,SE,46.0,SE,SE,11.0,19.0,60.0,46.00000000000001,1018.7,1017.7,7.0,6.0,25.3,27.4,Yes,No
2014-01-27,Brisbane,19.8,28.6,0.0,9.2,7.299999999999999,ESE,37.0,ESE,E,13.0,19.999999999999996,49.0,50.0,1020.0,1018.9,7.0,7.0,25.8,26.4,No,No
2014-01-28,Brisbane,21.5,26.7,0.0,9.4,3.7,E,37.0,E,E,20.0,19.999999999999996,61.0,63.00000000000001,1019.5,1017.2,7.0,7.0,24.6,24.8,No,No
2014-01-29,Brisbane,19.7,27.399999999999995,0.8,6.8,4.5,E,35.0,ESE,E,4.0,13.0,78.0,60.00000000000001,1017.2,1015.2,7.0,6.0,23.3,25.4,No,No
2014-01-30,Brisbane,21.4,28.4,0.2,8.4,3.6,E,35.0,ESE,E,6.0,19.0,64.0,49.00000000000001,1017.5,1015.9,7.0,5.0,25.0,26.300000000000004,No,No
2014-01-31,Brisbane,22.7,26.900000000000002,0.0,6.8,1.2,NE,33.0,E,ESE,15.0,14.999999999999998,54.0,56.99999999999999,1014.8,1013.3,7.0,7.0,25.0,25.600000000000005,No,No
2014-02-01,Brisbane,21.5,28.8,0.0,6.6,10.9,E,35.0,E,E,19.0,13.0,56.0,55.0,1013.2,1011.4,7.0,3.0,25.8,27.500000000000004,No,No
2014-02-02,Brisbane,21.0,30.0,0.0,9.0,9.2,E,28.0,ESE,E,9.0,14.999999999999998,57.0,49.00000000000001,1014.3,1012.1,5.0,2.0,26.800000000000004,28.400000000000002,No,Yes
2014-02-03,Brisbane,19.7,28.7,1.6,9.6,7.4,E,31.0,E,E,7.0,13.0,63.0,59.0,1013.6,1012.2,5.0,5.0,24.7,26.300000000000004,Yes,No
2014-02-04,Brisbane,19.0,29.700000000000003,0.6,7.0,10.6,ENE,31.0,SSE,E,4.0,16.999999999999996,62.0,53.99999999999999,1013.5,1012.0,4.0,1.0,25.5,27.900000000000002,No,No
2014-02-05,Brisbane,20.0,29.9,0.0,7.2,9.1,SSE,39.0,SSE,SE,17.0,16.999999999999996,53.00000000000001,46.00000000000001,1015.6,1013.6,3.0,6.0,26.4,28.6,No,No
2014-02-06,Brisbane,19.1,27.399999999999995,0.2,8.8,4.5,SSE,31.0,SE,E,13.0,13.0,55.0,56.99999999999999,1016.0,1013.9,7.0,8.0,24.7,25.8,No,No
2014-02-07,Brisbane,19.6,28.6,0.0,8.0,2.9,ENE,30.0,SSE,E,9.0,13.0,60.0,58.0,1016.5,1015.3,7.0,7.0,24.5,25.5,No,No
2014-02-08,Brisbane,19.9,29.2,0.0,6.4,10.7,E,28.0,E,ENE,11.0,13.0,56.0,55.0,1018.1,1016.5,6.0,3.0,25.8,27.599999999999998,No,No
2014-02-09,Brisbane,21.8,29.1,0.0,8.6,3.9,E,22.0,E,ENE,9.0,9.0,59.0,66.0,1019.8,1017.1,7.0,7.0,26.800000000000004,26.4,No,No
2014-02-10,Brisbane,21.9,28.8,0.0,5.0,5.1,E,24.000000000000004,SE,ENE,2.0,11.0,67.0,56.0,1016.8,1014.4,7.0,4.0,25.3,28.400000000000002,No,No
2014-02-11,Brisbane,19.5,29.2,0.0,7.2,10.7,ENE,24.000000000000004,SW,NE,6.0,11.0,59.0,51.0,1016.5,1013.3,6.0,6.0,25.5,28.200000000000003,No,No
2014-02-12,Brisbane,19.2,29.8,0.0,8.0,12.1,NE,30.0,SSE,ENE,6.0,11.0,56.0,47.0,1016.2,1013.5,3.0,1.0,26.100000000000005,28.900000000000002,No,No
2014-02-15,Brisbane,23.2,31.6,0.0,8.0,8.7,NE,35.0,NE,NE,4.0,14.999999999999998,60.0,60.00000000000001,1006.6,1002.6,7.0,4.0,27.799999999999997,29.6,No,No
2014-02-16,Brisbane,23.7,32.6,0.0,9.4,12.0,NE,35.0,NNE,NNE,7.0,16.999999999999996,59.0,65.0,1006.2,1002.1,6.0,1.0,29.6,30.399999999999995,No,No
2014-02-17,Brisbane,23.4,34.1,0.0,10.8,9.7,E,33.0,NE,E,6.0,16.999999999999996,52.0,64.0,1009.3,1008.7,1.0,4.0,30.399999999999995,28.699999999999996,No,Yes
2014-02-18,Brisbane,23.4,31.300000000000004,8.4,7.800000000000001,9.3,ENE,24.000000000000004,SE,ENE,4.0,9.0,85.0,61.0,1012.1,1008.2,6.0,2.0,25.3,29.899999999999995,Yes,No
2014-02-19,Brisbane,23.0,31.899999999999995,0.2,7.4,11.7,NE,33.0,NNE,NNE,7.0,13.0,57.0,58.0,1009.4,1005.3,1.0,1.0,29.1,30.3,No,No
2014-02-20,Brisbane,25.6,33.4,0.0,9.0,7.9,NNE,26.0,NNW,NE,9.0,14.999999999999998,64.0,60.00000000000001,1009.4,1007.1,6.0,1.0,29.3,31.2,No,No
2014-02-21,Brisbane,24.6,34.0,0.0,9.6,9.1,SSE,31.0,SW,E,6.0,14.999999999999998,64.0,64.0,1012.0000000000001,1009.9,6.0,4.0,30.3,30.5,No,Yes
2014-02-22,Brisbane,23.2,27.399999999999995,2.2,8.2,0.0,SE,31.0,SE,SE,13.0,13.0,65.0,67.0,1015.5,1015.0,7.0,7.0,25.5,25.0,Yes,No
2014-02-23,Brisbane,21.2,30.199999999999996,0.0,8.0,10.0,SE,43.0,SE,ESE,17.0,19.0,49.0,44.0,1017.8,1015.6,6.0,3.0,26.600000000000005,28.299999999999997,No,Yes
2014-02-24,Brisbane,19.6,28.500000000000004,1.2,8.4,7.8,SSE,28.0,SE,ESE,9.0,16.999999999999996,68.0,46.00000000000001,1018.1,1015.4,1.0,4.0,24.9,27.300000000000004,Yes,Yes
2014-02-25,Brisbane,19.9,29.600000000000005,1.4,9.2,8.4,E,31.0,SSE,E,9.0,14.999999999999998,64.0,51.0,1016.9,1013.3,4.0,6.0,25.4,28.299999999999997,Yes,No
2014-02-26,Brisbane,19.1,29.5,0.0,8.4,10.7,ENE,24.000000000000004,SSW,ENE,4.0,13.0,58.00000000000001,50.0,1016.1,1013.1,4.0,2.0,25.9,28.6,No,No
2014-02-27,Brisbane,19.3,30.7,0.0,7.2,12.2,NE,24.000000000000004,WNW,NE,6.0,13.0,56.0,46.00000000000001,1016.5,1013.7,2.0,1.0,26.600000000000005,28.999999999999996,No,No
2014-02-28,Brisbane,20.6,30.9,0.0,8.0,7.4,E,35.0,ESE,E,9.0,16.999999999999996,59.0,48.0,1017.9,1015.1,5.0,4.0,27.099999999999998,28.900000000000002,No,No
2014-03-01,Brisbane,19.9,30.4,0.6,8.0,10.2,ENE,30.0,ESE,E,7.0,13.0,55.0,46.00000000000001,1016.0,1013.2,3.0,2.0,26.800000000000004,28.900000000000002,No,No
2014-03-02,Brisbane,20.0,30.199999999999996,0.0,7.4,10.0,E,28.0,E,E,6.0,13.0,53.00000000000001,46.00000000000001,1016.3,1014.4,2.0,3.0,27.200000000000003,28.6,No,Yes
2014-03-03,Brisbane,20.3,27.8,1.6,9.4,6.4,E,43.0,E,ESE,9.0,13.0,85.99999999999999,65.0,1021.4,1019.8,6.0,6.0,22.3,25.0,Yes,Yes
2014-03-04,Brisbane,19.5,28.6,4.6,7.0,8.3,ESE,48.00000000000001,SE,ESE,7.0,13.0,67.0,49.00000000000001,1023.0,1020.5,5.0,6.0,25.1,26.5,Yes,Yes
2014-03-05,Brisbane,19.0,27.9,3.4,6.6,5.1,ENE,26.0,SSE,ENE,7.0,13.0,82.0,52.0,1020.0,1016.2,7.0,3.0,21.6,26.4,Yes,No
2014-03-06,Brisbane,18.0,29.1,0.0,5.0,11.7,NE,28.0,S,ENE,4.0,13.0,56.0,50.0,1018.5,1016.4,2.0,3.0,25.8,27.900000000000002,No,No
2014-03-07,Brisbane,18.5,28.8,0.0,8.4,6.3,NNE,28.0,SE,ENE,9.0,13.0,65.0,50.0,1019.8,1017.5,6.0,3.0,24.3,27.4,No,No
2014-03-08,Brisbane,18.1,28.9,0.2,6.4,10.3,E,37.0,ESE,E,9.0,16.999999999999996,62.0,43.0,1020.0,1017.9,4.0,5.0,25.3,28.099999999999998,No,Yes
2014-03-09,Brisbane,19.5,28.3,1.2,9.6,1.9,E,37.0,ESE,E,11.0,16.999999999999996,62.0,67.0,1020.1999999999999,1018.2,7.0,7.0,25.2,24.0,Yes,Yes
2014-03-10,Brisbane,19.7,28.9,2.2,7.0,7.299999999999999,ESE,35.0,SE,ESE,11.0,14.999999999999998,67.0,44.0,1020.1,1018.2,5.0,7.0,24.5,27.500000000000004,Yes,Yes
2014-03-11,Brisbane,19.1,28.7,4.6,8.8,7.9,SE,35.0,ESE,SE,4.0,14.999999999999998,85.99999999999999,41.0,1020.4,1017.4,7.0,2.0,22.5,27.900000000000002,Yes,No
2014-03-12,Brisbane,19.5,29.300000000000004,0.8,7.0,10.4,E,30.0,SSE,ENE,7.0,14.999999999999998,63.0,51.0,1018.5,1015.2,3.0,2.0,24.6,27.500000000000004,No,No
2014-03-13,Brisbane,18.6,29.600000000000005,0.0,7.800000000000001,11.0,E,33.0,SE,E,9.0,19.0,58.00000000000001,45.0,1018.4,1015.5,3.0,2.0,26.2,27.999999999999996,No,No
2014-03-14,Brisbane,19.3,28.999999999999996,0.0,8.0,8.4,E,30.0,S,E,4.0,14.999999999999998,57.0,48.0,1017.3,1013.9,3.0,3.0,26.100000000000005,27.300000000000004,No,No
2014-03-15,Brisbane,18.6,30.199999999999996,0.6,6.6,11.1,ENE,24.000000000000004,S,NE,4.0,9.0,61.0,48.0,1015.9,1011.4,3.0,1.0,25.1,28.200000000000003,No,No
2014-03-16,Brisbane,19.6,32.8,0.0,6.8,10.4,NE,28.0,N,NE,7.0,9.0,54.0,55.0,1014.4,1008.5,1.0,1.0,26.800000000000004,30.5,No,Yes
2014-03-17,Brisbane,21.6,31.799999999999997,4.6,8.4,10.7,ENE,30.0,SSE,E,6.0,14.999999999999998,61.0,53.99999999999999,1015.9,1013.8,1.0,1.0,28.099999999999998,30.0,Yes,No
2014-03-19,Brisbane,23.8,30.6,0.0,6.6,8.7,E,26.0,E,E,7.0,14.999999999999998,67.0,53.99999999999999,1022.0,1019.0,7.0,2.0,26.4,28.900000000000002,No,No
2014-03-20,Brisbane,20.6,30.0,0.6,9.6,10.4,ENE,35.0,E,E,15.0,19.999999999999996,56.0,50.0,1022.0,1019.4,5.0,5.0,27.599999999999998,27.700000000000003,No,No
2014-03-21,Brisbane,19.2,28.999999999999996,0.2,7.800000000000001,8.7,NE,28.0,ESE,ENE,9.0,9.0,64.0,51.0,1019.7,1016.4,6.0,2.0,25.3,28.699999999999996,No,No
2014-03-22,Brisbane,19.6,29.5,0.6,6.2,9.9,E,24.000000000000004,S,ENE,6.0,13.0,64.0,55.0,1018.2,1015.3,6.0,1.0,25.7,27.599999999999998,No,No
2014-03-23,Brisbane,19.2,31.6,0.0,7.0,10.8,ENE,24.000000000000004,S,ENE,4.0,13.0,68.0,55.0,1018.3,1014.2,7.0,2.0,25.4,28.699999999999996,No,No
2014-03-24,Brisbane,20.1,28.8,0.0,5.2,5.2,NNE,24.000000000000004,W,NE,4.0,9.0,61.0,60.00000000000001,1016.0,1012.8,6.0,7.0,26.0,27.4,No,Yes
2014-03-25,Brisbane,19.8,26.499999999999996,22.4,5.0,1.1,SSW,22.0,WSW,SE,4.0,6.0,80.99999999999999,85.0,1018.1,1016.8,7.0,8.0,24.0,23.4,Yes,Yes
2014-03-26,Brisbane,21.7,27.2,21.6,3.4,0.0,ENE,39.0,ENE,ENE,17.0,19.999999999999996,76.0,68.0,1019.1,1017.6,8.0,7.0,25.4,26.0,Yes,Yes
2014-03-27,Brisbane,21.1,23.8,5.6,3.0,0.0,E,37.0,SE,ENE,4.0,11.0,89.0,91.0,1020.4,1016.1,8.0,8.0,23.0,23.3,Yes,Yes
2014-03-29,Brisbane,21.8,32.6,3.2,2.8,10.1,N,15.0,NW,NNE,4.0,6.0,75.0,59.0,1016.7,1012.9,7.0,7.0,26.5,30.6,Yes,No
2014-03-30,Brisbane,22.7,25.6,0.8,6.0,0.5,SSE,22.0,S,SW,6.0,4.0,88.0,87.0,1018.8,1016.5,7.0,8.0,25.1,24.3,No,Yes
2014-03-31,Brisbane,20.3,29.300000000000004,2.2,0.0,9.5,E,28.0,SW,E,7.0,14.999999999999998,74.0,61.0,1019.8,1016.8,3.0,3.0,25.600000000000005,27.4,Yes,No
2014-04-01,Brisbane,19.7,29.300000000000004,0.6,6.4,10.3,E,24.000000000000004,SE,E,7.0,13.0,66.0,50.0,1019.3000000000001,1015.9,2.0,1.0,26.100000000000005,28.200000000000003,No,No
2014-04-02,Brisbane,19.2,29.9,0.0,6.8,10.5,ENE,22.0,S,ENE,4.0,13.0,67.0,53.0,1017.8,1014.6,4.0,2.0,25.600000000000005,27.900000000000002,No,No
2014-04-03,Brisbane,19.1,29.5,0.0,6.2,10.8,ENE,24.000000000000004,SE,NE,4.0,11.0,64.0,53.0,1017.9,1015.5,2.0,2.0,25.7,28.099999999999998,No,No
2014-04-04,Brisbane,18.9,29.5,0.0,5.0,9.8,NE,20.0,WSW,NE,4.0,9.0,70.0,60.00000000000001,1018.8,1015.7,2.0,3.0,24.4,27.700000000000003,No,No
2014-04-05,Brisbane,19.9,30.9,0.0,5.8,10.5,NE,19.0,WNW,NE,4.0,7.000000000000001,71.0,48.0,1019.3000000000001,1015.3,3.0,2.0,25.9,29.3,No,No
2014-04-06,Brisbane,21.1,30.999999999999996,0.0,5.6,8.6,SE,35.0,S,ENE,4.0,7.000000000000001,66.0,53.99999999999999,1017.5,1013.7,3.0,5.0,26.300000000000004,29.699999999999996,No,Yes
2014-04-07,Brisbane,19.6,27.8,1.8000000000000003,5.8,6.2,SE,37.0,SSW,SE,11.0,11.0,68.0,53.99999999999999,1020.1999999999999,1017.6,5.0,6.0,22.6,25.0,Yes,No
2014-04-08,Brisbane,17.8,27.0,0.0,6.2,5.5,SSE,26.0,SSW,S,9.0,9.0,59.0,58.0,1019.9000000000001,1017.0,3.0,6.0,23.1,25.3,No,No
2014-04-09,Brisbane,18.4,27.8,0.0,3.2,8.8,ESE,26.0,SW,E,6.0,11.0,64.0,55.0,1019.9000000000001,1016.0,4.0,6.0,23.4,26.100000000000005,No,No
2014-04-10,Brisbane,17.3,26.3,0.0,6.6,9.2,N,15.0,WSW,NE,4.0,6.0,66.0,58.0,1017.4,1013.4,7.0,5.0,22.8,25.9,No,No
2014-04-11,Brisbane,16.4,29.700000000000003,0.0,4.0,10.2,NE,19.0,WNW,NNE,4.0,9.0,66.0,60.00000000000001,1012.1,1007.2,1.0,2.0,23.2,28.6,No,No
2014-04-12,Brisbane,20.4,31.300000000000004,0.0,4.8,5.4,NW,24.000000000000004,WNW,NW,4.0,6.0,60.0,53.99999999999999,1010.2,1007.9,2.0,5.0,27.099999999999998,28.799999999999997,No,No
2014-04-13,Brisbane,22.8,24.6,0.0,5.2,0.0,SE,20.0,ESE,ESE,7.0,4.0,73.0,87.0,1014.0,1012.6,8.0,8.0,24.2,21.9,No,Yes
2014-04-14,Brisbane,20.3,24.9,8.8,2.8,0.5,SE,41.0,SSE,SE,6.0,14.999999999999998,73.0,79.0,1013.7,1011.7,7.0,6.0,23.1,22.6,Yes,No
2014-04-15,Brisbane,17.8,25.8,0.0,2.4,7.499999999999999,SSE,28.0,SW,SSE,7.0,9.0,62.0,56.0,1016.6,1013.7,6.0,6.0,23.0,24.3,No,No
2014-04-16,Brisbane,15.799999999999999,28.199999999999996,0.0,4.6,9.8,W,24.000000000000004,WSW,S,9.0,6.0,58.00000000000001,41.0,1016.9,1013.1,1.0,2.0,21.6,27.900000000000002,No,No
2014-04-17,Brisbane,16.2,28.0,0.0,5.6,10.7,ENE,19.0,WSW,WNW,7.0,7.000000000000001,59.0,39.0,1018.4,1014.2,1.0,2.0,21.9,27.700000000000003,No,No
2014-04-18,Brisbane,16.6,28.4,0.0,4.0,10.0,W,20.0,WSW,W,6.0,7.000000000000001,69.0,39.0,1017.4,1013.0,1.0,1.0,21.9,27.799999999999997,No,No
2014-04-19,Brisbane,14.5,28.6,0.0,4.8,11.1,W,20.0,WSW,WNW,7.0,7.000000000000001,51.0,31.0,1016.9,1012.9,0.0,0.0,22.0,27.599999999999998,No,No
2014-04-20,Brisbane,15.299999999999999,28.500000000000004,0.0,7.0,10.7,ENE,17.0,SW,N,4.0,6.0,61.0,35.0,1018.6,1015.5,1.0,1.0,22.0,27.500000000000004,No,No
2014-04-21,Brisbane,15.9,29.2,0.0,5.2,10.8,NE,19.0,WSW,NNE,6.0,7.000000000000001,63.0,43.0,1021.4,1017.8,1.0,1.0,22.1,27.599999999999998,No,No
2014-04-22,Brisbane,16.8,27.5,0.0,5.0,10.5,E,20.0,SW,NE,6.0,9.0,68.0,41.0,1022.0,1018.4,1.0,7.0,22.7,26.800000000000004,No,No
2014-04-23,Brisbane,16.6,28.199999999999996,0.0,4.8,9.4,NNE,17.0,WSW,NE,4.0,6.0,70.0,46.00000000000001,1020.0,1015.5,6.0,5.0,21.8,26.7,No,No
2014-04-24,Brisbane,16.2,28.999999999999996,0.0,5.6,10.2,NE,17.0,WSW,NE,6.0,6.0,73.0,53.0,1018.1,1013.6,5.0,2.0,21.6,27.700000000000003,No,No
2014-04-25,Brisbane,17.2,28.9,0.0,3.6,10.7,E,26.0,SW,E,6.0,14.999999999999998,74.0,51.0,1019.2,1015.6,3.0,2.0,21.5,27.099999999999998,No,No
2014-04-26,Brisbane,17.2,29.1,0.0,5.0,9.6,ENE,15.0,SW,W,7.0,4.0,69.0,46.00000000000001,1019.3000000000001,1014.5,3.0,7.0,22.2,28.699999999999996,No,No
2014-04-27,Brisbane,19.1,29.399999999999995,0.0,4.4,6.8,SE,31.0,SW,SSE,4.0,7.000000000000001,78.0,45.0,1019.1,1015.8,6.0,4.0,22.2,28.699999999999996,No,Yes
2014-04-28,Brisbane,18.7,24.6,2.6,5.6,2.7,SSE,37.0,S,SE,4.0,16.999999999999996,90.0,59.0,1021.7,1018.9,7.0,7.0,19.2,23.8,Yes,No
2014-04-29,Brisbane,16.5,26.000000000000004,0.4,2.4,8.5,SSE,24.000000000000004,SW,E,7.0,6.0,73.0,48.0,1020.3,1016.7,7.0,4.0,20.5,24.1,No,No
2014-04-30,Brisbane,14.5,27.1,0.0,4.4,5.5,S,17.0,SW,NE,4.0,4.0,68.0,60.00000000000001,1016.5,1012.6,3.0,7.0,21.1,25.0,No,Yes
2014-05-01,Brisbane,18.4,27.399999999999995,4.6,0.2,7.299999999999999,ENE,17.0,SSW,NE,7.0,6.0,80.0,60.00000000000001,1015.6,1012.2,3.0,2.0,21.7,24.9,Yes,Yes
2014-05-03,Brisbane,15.4,21.1,13.8,6.0,9.0,WNW,44.0,W,W,20.0,19.999999999999996,52.0,33.0,1005.8,1004.3,5.0,6.0,16.9,19.2,Yes,No
2014-05-08,Brisbane,15.299999999999999,24.2,0.0,4.6,3.5,SE,33.0,SSW,S,7.0,7.000000000000001,61.0,59.0,1022.0,1019.3,5.0,7.0,20.5,21.2,No,No
2014-05-09,Brisbane,14.699999999999998,24.7,0.0,4.0,8.9,SSE,28.0,SW,ESE,9.0,13.0,63.0,47.0,1024.3,1021.0999999999999,2.0,7.0,19.9,23.4,No,No
2014-05-10,Brisbane,15.6,24.0,0.0,6.0,1.8,E,28.0,WSW,E,4.0,9.0,64.0,64.0,1024.6,1021.8999999999999,7.0,8.0,19.1,20.7,No,No
2014-05-11,Brisbane,13.699999999999998,25.4,0.2,2.8,9.4,SW,15.0,WSW,NE,7.0,6.0,76.0,48.0,1024.6,1021.4,1.0,1.0,18.6,23.6,No,No
2014-05-12,Brisbane,13.8,24.7,0.0,2.4,7.499999999999999,SE,26.0,SSW,E,9.0,11.0,68.0,61.0,1026.6,1023.9000000000001,2.0,4.0,19.7,22.4,No,Yes
2014-05-13,Brisbane,13.900000000000002,24.8,3.6000000000000005,4.0,10.2,SE,30.0,SW,ESE,7.0,16.999999999999996,70.0,53.0,1026.5,1023.3,1.0,5.0,19.4,23.6,Yes,No
2014-05-14,Brisbane,15.1,23.2,0.0,5.0,6.3,SE,31.0,SSW,ESE,6.0,14.999999999999998,70.0,68.0,1026.1,1023.5000000000001,6.0,7.0,19.6,21.4,No,No
2014-05-15,Brisbane,15.199999999999998,24.8,0.0,3.0,9.6,E,31.0,SW,E,6.0,14.999999999999998,68.0,47.0,1026.5,1024.1,2.0,2.0,20.5,23.7,No,No
2014-05-16,Brisbane,15.199999999999998,23.0,0.4,5.8,3.9,E,33.0,SW,ESE,6.0,6.0,69.0,69.0,1027.7,1026.0,6.0,7.0,20.4,22.4,No,Yes
2014-05-17,Brisbane,14.799999999999999,24.6,1.2,1.6,6.0,ENE,31.0,WSW,SE,2.0,9.0,70.0,61.0,1029.9,1026.8,7.0,5.0,19.0,22.4,Yes,No
2014-05-18,Brisbane,15.0,25.1,0.6,3.4,5.4,E,30.0,SW,ESE,4.0,7.000000000000001,71.0,55.0,1028.4,1026.5,5.0,7.0,20.7,22.2,No,No
2014-05-19,Brisbane,14.400000000000002,24.7,0.2,4.0,2.1,ENE,17.0,SW,E,4.0,7.000000000000001,76.0,53.99999999999999,1027.8,1024.4,7.0,7.0,18.0,23.2,No,No
2014-05-20,Brisbane,14.6,24.7,0.0,2.4,5.1,W,15.0,SW,E,6.0,6.0,69.0,56.0,1024.7,1021.3000000000001,3.0,8.0,18.8,22.9,No,No
2014-05-21,Brisbane,14.699999999999998,25.1,0.0,2.8,10.0,ESE,28.0,SW,SE,6.0,11.0,71.0,59.0,1022.9,1020.8,1.0,3.0,19.7,23.2,No,Yes
2014-05-22,Brisbane,17.8,26.1,1.2,2.0,7.4,ENE,22.0,SW,E,2.0,11.0,74.0,61.0,1023.9,1020.5,3.0,5.0,21.5,23.5,Yes,No
2014-05-24,Brisbane,16.7,27.0,0.6,1.6,10.1,WSW,24.000000000000004,WSW,SW,2.0,7.000000000000001,79.0,46.00000000000001,1017.8,1014.2,2.0,5.0,21.4,25.8,No,No
2014-05-25,Brisbane,13.5,28.4,0.0,4.0,10.4,SW,15.0,SW,W,4.0,2.0,71.0,36.0,1020.9,1018.4,0.0,1.0,19.2,27.900000000000002,No,No
2014-05-26,Brisbane,13.5,28.4,0.2,4.4,10.1,NE,15.0,SW,ENE,6.0,7.000000000000001,71.0,42.0,1024.6,1021.3000000000001,5.0,3.0,18.6,26.4,No,No
2014-05-27,Brisbane,13.8,26.900000000000002,0.0,2.8,9.7,ENE,22.0,SW,NE,6.0,11.0,73.0,60.00000000000001,1023.6,1018.2,5.0,6.0,19.9,24.8,No,No
2014-05-29,Brisbane,15.299999999999999,28.6,0.0,3.4,9.7,E,22.0,SW,ENE,4.0,9.0,77.0,51.0,1021.7,1018.4,1.0,1.0,20.2,25.9,No,No
2014-05-30,Brisbane,18.8,24.9,0.0,3.6,3.1,E,22.0,SW,E,4.0,11.0,69.0,53.99999999999999,1024.1,1021.0,7.0,7.0,20.0,24.0,No,No
2014-05-31,Brisbane,16.0,23.4,0.6,3.4,3.8,E,20.0,WSW,E,6.0,7.000000000000001,89.0,80.0,1023.6,1020.3,8.0,7.0,17.9,20.8,No,No
2014-06-01,Brisbane,14.400000000000002,24.8,0.4,3.0,8.3,ENE,15.0,SW,ENE,6.0,7.000000000000001,85.99999999999999,53.0,1021.1,1017.7,7.0,6.0,17.0,23.5,No,No
2014-06-02,Brisbane,13.8,25.8,0.0,2.4,9.7,ENE,19.0,SW,NE,6.0,7.000000000000001,75.0,56.99999999999999,1019.7,1016.3,1.0,4.0,18.7,24.6,No,No
2014-06-03,Brisbane,16.8,24.6,0.0,3.0,5.0,WNW,19.0,WSW,W,6.0,6.0,92.0,66.0,1019.7,1017.1,7.0,7.0,18.4,23.6,No,No
2014-06-04,Brisbane,15.1,25.8,0.0,1.8,7.8,WSW,13.0,SW,ENE,4.0,6.0,69.0,64.0,1022.5,1020.6,3.0,7.0,19.5,23.4,No,No
2014-06-05,Brisbane,13.8,26.1,0.0,3.6,9.1,SE,22.0,SW,S,6.0,6.0,66.0,46.00000000000001,1023.5,1019.7,1.0,5.0,18.5,24.9,No,No
2014-06-06,Brisbane,14.400000000000002,25.9,0.0,3.4,9.1,SE,19.0,SSW,E,6.0,9.0,71.0,55.0,1022.3,1018.6,1.0,2.0,19.2,23.0,No,No
2014-06-07,Brisbane,13.3,24.4,0.0,3.6,9.8,SSW,24.000000000000004,SW,SSW,7.0,11.0,64.0,43.0,1022.8,1019.3,2.0,6.0,18.6,23.0,No,No
2014-06-08,Brisbane,13.900000000000002,23.3,0.0,5.0,6.5,SW,20.0,SSW,SE,7.0,7.000000000000001,62.0,53.0,1022.3,1019.6,6.0,7.0,18.0,22.0,No,No
2014-06-09,Brisbane,14.400000000000002,22.4,0.0,4.4,3.9,SE,28.0,SW,SE,9.0,11.0,57.0,51.0,1022.6,1020.7,7.0,7.0,18.3,20.9,No,No
2014-06-10,Brisbane,13.6,23.9,0.0,4.0,9.2,SSE,41.0,SW,SE,6.0,14.999999999999998,62.0,50.0,1023.9,1019.6,4.0,3.0,18.0,21.8,No,No
2014-06-11,Brisbane,13.900000000000002,22.8,0.0,4.6,4.9,SE,30.0,WSW,SE,7.0,14.999999999999998,69.0,47.0,1022.5,1019.3,5.0,1.0,16.7,21.3,No,No
2014-06-12,Brisbane,14.400000000000002,23.6,0.0,4.6,6.5,SE,26.0,SW,E,6.0,9.0,58.00000000000001,55.0,1020.9,1018.4,2.0,7.0,18.7,21.7,No,Yes
2014-06-13,Brisbane,14.6,24.1,1.4,3.6,6.8,ESE,20.0,SSW,NE,6.0,7.000000000000001,83.0,56.99999999999999,1020.3,1016.1,3.0,7.0,17.6,22.5,Yes,No
2014-06-14,Brisbane,15.299999999999999,21.0,0.8,2.6,0.4,W,26.0,SW,NNW,2.0,7.000000000000001,88.0,70.0,1015.9,1011.7,7.0,7.0,17.5,20.4,No,No
2014-06-15,Brisbane,9.8,20.6,0.6,2.2,9.8,W,43.0,WSW,W,6.0,13.0,57.0,42.0,1015.8,1013.9,2.0,2.0,16.6,19.7,No,No
2014-06-16,Brisbane,10.2,21.6,0.0,5.4,9.5,W,20.0,WSW,SSW,9.0,4.0,57.0,38.0,1021.7,1020.4,6.0,4.0,15.199999999999998,20.6,No,No
2014-06-17,Brisbane,8.5,22.9,0.0,3.4,9.8,S,15.0,SW,SSW,6.0,6.0,62.0,37.0,1024.8,1021.8,1.0,1.0,14.9,22.1,No,No
2014-06-18,Brisbane,9.6,24.3,0.0,2.0,9.2,ESE,20.0,SW,S,4.0,4.0,61.0,45.0,1027.3,1024.5,1.0,4.0,16.4,22.4,No,No
2014-06-19,Brisbane,13.8,20.3,0.0,3.4,1.5,WSW,15.0,SW,SE,6.0,7.000000000000001,78.0,83.0,1027.0,1024.3,7.0,7.0,17.3,17.9,No,Yes
2014-06-20,Brisbane,15.700000000000001,22.5,5.799999999999999,0.6,3.3,W,13.0,SW,SSW,4.0,2.0,90.0,65.0,1024.5,1019.8,7.0,3.0,17.4,21.8,Yes,No
2014-06-21,Brisbane,14.900000000000002,25.6,0.0,1.4,7.9,SSW,15.0,WSW,SW,4.0,4.0,87.0,46.00000000000001,1021.6,1017.7,7.0,2.0,17.1,25.2,No,Yes
2014-06-22,Brisbane,13.199999999999998,24.2,5.2,3.4,9.1,WNW,19.0,SW,SW,4.0,4.0,93.0,47.0,1021.3,1017.1,2.0,1.0,15.0,23.6,Yes,No
2014-06-23,Brisbane,10.8,24.1,0.2,2.4,9.2,ENE,17.0,SW,NE,6.0,9.0,77.0,52.0,1019.8,1014.4,3.0,5.0,15.0,22.4,No,No
2014-06-24,Brisbane,10.2,20.9,0.0,2.2,2.3,W,43.0,WNW,W,11.0,19.0,47.0,30.000000000000004,1014.5,1012.1,7.0,7.0,18.1,20.1,No,No
2014-06-25,Brisbane,13.400000000000002,21.8,0.0,5.4,8.8,WSW,35.0,WSW,W,9.0,13.0,46.0,36.0,1019.8,1016.5,6.0,1.0,15.7,21.7,No,No
2014-06-26,Brisbane,10.0,24.2,0.0,6.8,9.9,W,22.0,SW,SSW,6.0,4.0,47.0,26.0,1024.1,1021.4999999999999,0.0,0.0,16.3,24.2,No,No
2014-06-27,Brisbane,6.8,23.6,0.0,3.4,9.9,ENE,15.0,SW,NE,4.0,7.000000000000001,66.0,39.0,1023.9,1019.3,0.0,0.0,11.8,21.5,No,No
2014-06-29,Brisbane,12.3,19.9,1.6,3.6,10.0,W,54.0,W,W,9.0,19.999999999999996,41.0,34.0,1013.7,1010.7,0.0,1.0,15.6,19.0,Yes,No
2014-06-30,Brisbane,5.2,19.1,0.2,8.0,9.9,W,43.0,SW,W,6.0,19.999999999999996,44.0,30.000000000000004,1019.2,1017.5,1.0,2.0,15.0,18.4,No,No
2014-07-01,Brisbane,5.2,19.8,0.0,7.0,10.2,W,28.0,WSW,S,7.0,6.0,49.0,25.0,1025.7,1023.3,0.0,0.0,12.1,18.9,No,No
2014-07-02,Brisbane,5.3,21.2,0.0,2.6,10.2,SSW,20.0,SW,WNW,6.0,6.0,63.0,30.000000000000004,1026.4,1022.9,1.0,1.0,11.6,20.7,No,No
2014-07-03,Brisbane,7.3999999999999995,22.6,0.0,3.6,9.8,WSW,17.0,SW,E,4.0,7.000000000000001,60.0,45.0,1027.1,1023.1000000000001,1.0,1.0,13.799999999999999,21.8,No,No
2014-07-04,Brisbane,9.4,23.9,0.0,3.0,8.7,E,15.0,SW,NNE,6.0,4.0,78.0,47.0,1024.7,1020.5,3.0,4.0,13.7,21.9,No,No
2014-07-05,Brisbane,11.5,24.4,0.4,2.6,9.8,SW,20.0,WSW,SW,4.0,6.0,78.0,41.0,1019.5,1014.8,1.0,3.0,16.4,23.6,No,No
2014-07-06,Brisbane,5.3,20.5,0.0,4.0,10.2,W,31.0,WSW,W,7.0,13.0,42.99999999999999,26.999999999999996,1016.7,1012.0,0.0,0.0,15.1,20.4,No,No
2014-07-07,Brisbane,8.0,19.9,0.0,7.599999999999999,10.0,W,26.0,WSW,WSW,11.0,6.0,42.99999999999999,28.0,1016.4,1013.4,0.0,1.0,13.500000000000002,19.7,No,No
2014-07-08,Brisbane,6.200000000000001,21.7,0.0,4.0,9.9,NNE,15.0,WSW,NE,6.0,6.0,55.0,34.0,1018.4,1013.5,0.0,0.0,12.6,20.6,No,No
2014-07-10,Brisbane,10.0,20.0,0.0,5.0,9.8,WNW,48.00000000000001,W,W,17.0,26.0,28.0,25.0,1013.5,1011.9,0.0,1.0,15.8,18.7,No,No
2014-07-11,Brisbane,9.3,22.4,0.0,9.6,9.9,WSW,33.0,W,NW,9.0,6.0,38.0,19.0,1021.4,1017.9,0.0,0.0,14.599999999999998,21.6,No,No
2014-07-12,Brisbane,2.6,22.6,0.0,4.6,9.9,W,22.0,SW,W,4.0,11.0,46.0,22.0,1021.4,1017.6,0.0,0.0,14.399999999999999,21.7,No,No
2014-07-13,Brisbane,7.5,21.8,0.0,4.8,9.7,ESE,20.0,WSW,ESE,7.0,6.0,44.0,26.999999999999996,1022.9,1021.0999999999999,0.0,2.0,14.200000000000001,20.6,No,No
2014-07-14,Brisbane,10.5,21.4,0.0,3.7999999999999994,9.0,ESE,30.0,SW,SE,9.0,14.999999999999998,59.0,45.0,1028.5,1024.7,2.0,2.0,14.699999999999998,20.1,No,No
2014-07-15,Brisbane,12.5,20.5,0.0,4.2,2.6,SE,22.0,SSW,N,2.0,2.0,82.0,67.0,1025.3,1021.3000000000001,7.0,7.0,14.399999999999999,18.9,No,No
2014-07-18,Brisbane,7.3,18.7,0.2,6.6,9.9,W,56.0,W,W,15.0,22.0,41.0,23.000000000000004,1014.8,1011.7,1.0,0.0,16.2,17.8,No,No
2014-07-19,Brisbane,6.700000000000001,20.3,0.0,9.0,10.0,WSW,28.0,W,W,11.0,13.0,47.0,23.000000000000004,1019.4,1016.1,0.0,1.0,11.8,19.7,No,No
2014-07-20,Brisbane,8.2,23.2,0.0,5.0,10.1,W,24.000000000000004,SW,S,6.0,6.0,46.0,33.0,1021.4,1018.9,6.0,5.0,14.399999999999999,22.2,No,No
2014-07-21,Brisbane,11.0,22.2,0.0,3.7999999999999994,6.9,ESE,20.0,WSW,ESE,6.0,7.000000000000001,70.0,56.0,1023.5,1020.1,4.0,7.0,15.7,20.3,No,No
2014-07-22,Brisbane,10.5,22.6,0.0,3.2,7.1,SE,28.0,WSW,WNW,6.0,4.0,78.0,47.0,1022.7,1018.2,2.0,3.0,15.5,21.4,No,Yes
2014-07-23,Brisbane,9.4,22.8,2.4,3.6,9.8,E,20.0,SW,NE,7.0,6.0,76.0,53.99999999999999,1023.7,1020.3,1.0,3.0,14.499999999999998,19.8,Yes,No
2014-07-24,Brisbane,11.2,23.3,0.2,3.0,9.5,E,19.0,SSW,NE,4.0,9.0,65.0,49.00000000000001,1023.2,1021.2,2.0,1.0,16.5,21.5,No,No
2014-07-25,Brisbane,10.1,23.8,0.0,3.6,9.9,NE,22.0,WSW,NE,4.0,9.0,75.0,56.99999999999999,1027.1,1023.6999999999999,1.0,3.0,16.4,22.6,No,No
2014-07-26,Brisbane,12.2,22.7,0.0,2.6,0.5,W,20.0,SW,NE,4.0,6.0,88.0,65.0,1027.6,1023.1000000000001,7.0,8.0,16.2,21.4,No,Yes
2014-07-27,Brisbane,12.0,24.4,8.0,2.4,10.3,WSW,22.0,SW,WSW,6.0,6.0,80.0,32.0,1023.8,1020.7,1.0,1.0,17.4,23.6,Yes,No
2014-07-28,Brisbane,9.4,23.7,0.2,3.4,9.8,W,22.0,SW,W,4.0,7.000000000000001,72.0,32.0,1024.4,1020.1,1.0,1.0,14.699999999999998,23.2,No,No
2014-07-29,Brisbane,7.3,25.1,0.0,3.2,10.2,W,24.000000000000004,W,W,4.0,11.0,59.0,20.000000000000004,1023.1,1018.9,0.0,0.0,14.399999999999999,24.5,No,No
2014-07-30,Brisbane,7.8,25.9,0.0,4.8,9.8,WNW,17.0,WSW,SSW,4.0,4.0,58.00000000000001,17.0,1023.2,1018.4,0.0,0.0,13.7,25.3,No,No
2014-08-02,Brisbane,12.3,21.4,0.0,7.599999999999999,10.1,WSW,28.0,WSW,ESE,11.0,6.0,29.000000000000004,9.0,1023.3,1021.8999999999999,1.0,0.0,15.0,20.6,No,No
2014-08-03,Brisbane,9.8,21.4,0.0,7.0,8.5,SE,28.0,SSW,SE,6.0,11.0,52.0,50.0,1029.0,1026.5,3.0,3.0,15.199999999999998,19.5,No,Yes
2014-08-04,Brisbane,11.9,20.2,2.0,4.0,3.2,SSE,31.0,WSW,SE,6.0,13.0,82.0,47.0,1030.6,1029.0,7.0,7.0,15.7,19.1,Yes,No
2014-08-07,Brisbane,9.0,24.0,0.0,4.0,10.0,WSW,15.0,WSW,SE,4.0,4.0,67.0,25.0,1028.9,1024.5,1.0,1.0,15.6,23.2,No,No
2014-08-08,Brisbane,9.4,23.3,0.0,3.7999999999999994,6.700000000000001,SSW,17.0,SSW,E,7.0,7.000000000000001,62.0,42.0,1030.2,1026.9,1.0,6.0,16.0,21.6,No,No
2014-08-09,Brisbane,11.0,21.9,0.0,4.0,3.0,E,28.0,SSW,ESE,6.0,11.0,67.0,64.0,1030.0,1026.9,2.0,7.0,17.2,19.1,No,No
2014-08-10,Brisbane,11.6,24.6,0.0,2.8,9.8,NNE,19.0,SW,NNW,6.0,4.0,73.0,45.0,1026.2,1020.5,1.0,2.0,17.3,23.4,No,No
2014-08-11,Brisbane,11.3,25.9,0.0,4.6,9.9,ESE,26.0,SW,E,6.0,11.0,64.0,33.0,1022.2,1018.4,1.0,2.0,17.0,23.5,No,No
2014-08-12,Brisbane,11.4,22.1,0.0,4.0,9.3,ESE,30.0,S,ESE,4.0,13.0,60.0,52.0,1025.2,1022.9,1.0,6.0,17.8,19.7,No,No
2014-08-13,Brisbane,12.1,22.6,0.0,5.6,9.2,E,28.0,SSW,ESE,7.0,14.999999999999998,59.0,48.0,1028.4,1026.3,2.0,3.0,16.6,19.8,No,No
2014-08-14,Brisbane,10.8,21.6,0.0,3.4,5.5,ESE,30.0,SW,ESE,7.0,13.0,62.0,44.0,1030.5,1028.0,3.0,2.0,17.2,20.9,No,No
2014-08-15,Brisbane,12.0,20.9,0.0,4.0,0.6,SE,30.0,WSW,ESE,4.0,13.0,73.0,56.99999999999999,1028.3,1024.0,7.0,7.0,15.8,19.6,No,Yes
2014-08-16,Brisbane,13.6,17.4,4.0,2.2,0.0,NE,26.0,SE,ENE,2.0,6.0,95.0,92.00000000000001,1021.0,1015.9,8.0,8.0,15.3,17.1,Yes,Yes
2014-08-18,Brisbane,11.7,20.9,0.0,7.2,9.8,WNW,56.0,W,W,20.0,19.999999999999996,55.0,44.0,1011.6,1008.5,5.0,3.0,15.5,19.2,No,No
2014-08-19,Brisbane,13.6,24.3,0.0,9.0,10.6,W,39.0,W,W,15.0,14.999999999999998,53.00000000000001,35.0,1013.8,1011.0,1.0,1.0,18.1,23.5,No,No
2014-08-20,Brisbane,9.8,24.2,0.0,6.4,9.9,E,24.000000000000004,WSW,ENE,7.0,9.0,54.0,47.0,1020.1999999999999,1017.7,0.0,2.0,17.9,21.7,No,No
2014-08-21,Brisbane,12.1,23.2,0.0,6.6,10.2,ESE,39.0,SSW,SE,7.0,16.999999999999996,58.00000000000001,52.0,1023.2,1020.7,1.0,3.0,18.3,21.4,No,Yes
2014-08-22,Brisbane,14.0,17.1,3.2,4.2,0.0,SSE,24.000000000000004,SSW,SSE,6.0,13.0,83.0,88.0,1025.9,1023.2,8.0,8.0,15.8,15.9,Yes,Yes
2014-08-23,Brisbane,13.8,18.5,22.4,4.0,0.0,SSE,37.0,SW,SSE,7.0,11.0,93.0,85.0,1023.8,1022.1999999999999,8.0,8.0,14.699999999999998,15.8,Yes,Yes
2014-08-24,Brisbane,14.0,22.8,6.0,1.4,3.5,SE,31.0,S,SSE,7.0,11.0,72.0,43.0,1023.9,1020.4,8.0,7.0,18.0,22.5,Yes,No
2014-08-25,Brisbane,13.699999999999998,24.0,0.0,4.2,8.9,SE,26.0,SSW,S,9.0,9.0,64.0,51.0,1021.7,1017.9,1.0,2.0,19.3,22.7,No,No
2014-08-26,Brisbane,12.8,23.9,0.0,4.0,9.1,SE,28.0,SW,SE,6.0,9.0,64.0,40.0,1018.3,1014.3,1.0,1.0,18.4,23.7,No,No
2014-08-27,Brisbane,12.0,23.8,0.0,4.0,7.4,W,35.0,WSW,S,9.0,11.0,65.0,48.0,1016.3,1012.2,1.0,7.0,18.4,21.0,No,Yes
2014-08-28,Brisbane,12.7,23.7,3.6000000000000005,4.4,7.6,SSW,35.0,SSW,S,13.0,11.0,63.0,37.0,1016.2,1017.2,5.0,2.0,19.5,22.6,Yes,No
2014-08-29,Brisbane,12.3,23.9,0.0,6.0,10.9,E,20.0,SW,S,7.0,6.0,52.0,32.0,1023.2,1018.7,1.0,1.0,17.4,22.8,No,No
2014-08-30,Brisbane,9.7,24.3,0.0,4.0,10.5,NE,19.0,SSW,SSE,7.0,6.0,61.0,40.0,1020.4,1016.2,1.0,2.0,16.7,23.1,No,No
2014-08-31,Brisbane,13.6,25.8,0.0,4.0,10.9,E,24.000000000000004,SW,NE,6.0,9.0,58.00000000000001,46.00000000000001,1019.2,1015.5,1.0,1.0,19.5,23.2,No,No
2014-09-01,Brisbane,13.400000000000002,25.3,0.0,4.6,10.3,NE,24.000000000000004,WSW,NNE,4.0,9.0,69.0,56.0,1019.8,1014.9,1.0,1.0,19.8,22.8,No,No
2014-09-02,Brisbane,12.0,29.1,0.0,4.6,6.700000000000001,WNW,43.0,NNW,NW,4.0,9.0,60.0,26.999999999999996,1013.6,1005.9,7.0,4.0,18.3,28.999999999999996,No,No
2014-09-03,Brisbane,10.9,23.1,0.0,10.8,10.9,W,44.0,W,W,15.0,11.0,37.0,18.0,1012.7,1009.3,1.0,1.0,16.3,22.5,No,No
2014-09-04,Brisbane,10.0,23.9,0.0,8.8,10.1,WNW,26.0,SW,SW,6.0,6.0,31.0,15.000000000000002,1015.0,1011.0,1.0,1.0,17.3,23.7,No,No
2014-09-05,Brisbane,9.1,23.8,0.0,5.8,10.7,ENE,24.000000000000004,SW,NE,6.0,9.0,48.00000000000001,38.0,1018.2,1015.4,1.0,3.0,16.7,21.5,No,No
2014-09-06,Brisbane,11.5,23.4,0.0,6.4,8.2,SE,30.0,WSW,ESE,9.0,11.0,56.0,50.0,1025.1,1022.7,1.0,7.0,17.6,20.3,No,No
2014-09-07,Brisbane,12.900000000000002,23.1,0.0,6.4,8.5,ESE,30.0,SE,ESE,11.0,14.999999999999998,56.0,52.0,1027.1,1024.0,5.0,6.0,19.5,20.9,No,Yes
2014-09-08,Brisbane,13.8,23.0,3.0,4.4,5.6,ESE,33.0,SSE,E,7.0,11.0,70.0,52.0,1025.9,1022.1,6.0,5.0,18.9,21.3,Yes,No
2014-09-09,Brisbane,12.400000000000002,23.6,0.0,4.0,10.5,NE,24.000000000000004,WSW,ENE,4.0,13.0,66.0,59.0,1022.6,1018.3,5.0,3.0,19.3,22.4,No,No
2014-09-10,Brisbane,13.3,28.3,0.0,4.0,10.3,NE,26.0,WNW,NE,6.0,7.000000000000001,63.0,65.0,1016.9,1011.0,2.0,5.0,21.3,23.8,No,No
2014-09-11,Brisbane,11.7,27.0,0.0,3.7999999999999994,10.6,NE,22.0,WSW,NE,6.0,9.0,50.0,33.0,1017.8,1015.1,0.0,0.0,20.7,24.5,No,No
2014-09-12,Brisbane,13.8,25.2,0.0,4.0,10.2,NE,28.0,S,E,6.0,11.0,69.0,49.00000000000001,1022.6,1020.4,5.0,2.0,20.6,23.8,No,No
2014-09-13,Brisbane,15.1,24.2,0.0,5.0,7.2,NE,24.000000000000004,NE,NE,7.0,7.000000000000001,55.0,52.0,1024.2,1021.8,5.0,7.0,22.2,22.3,No,No
2014-09-14,Brisbane,12.8,24.7,0.0,4.2,10.1,ENE,22.0,WSW,NE,6.0,9.0,66.0,50.0,1023.4,1018.8,1.0,1.0,19.6,23.2,No,No
2014-09-15,Brisbane,12.8,26.3,0.0,5.0,10.4,NNE,24.000000000000004,WSW,NE,6.0,13.0,63.0,50.0,1019.8,1014.3,1.0,1.0,20.1,23.7,No,No
2014-09-16,Brisbane,13.3,26.900000000000002,0.0,5.4,9.7,NE,30.0,N,NE,6.0,13.0,49.0,62.0,1017.0,1011.3,1.0,4.0,22.399999999999995,24.3,No,No
2014-09-17,Brisbane,11.9,29.5,0.0,6.2,11.0,NW,33.0,SW,WNW,6.0,19.999999999999996,35.0,18.0,1015.2,1010.5,0.0,1.0,24.4,28.799999999999997,No,No
2014-09-18,Brisbane,11.1,27.299999999999997,0.0,9.0,11.3,WSW,26.0,WSW,WNW,7.0,6.0,25.0,15.000000000000002,1019.5,1015.2,1.0,0.0,22.2,26.800000000000004,No,No
2014-09-19,Brisbane,11.2,24.7,0.0,7.599999999999999,11.0,ENE,28.0,SW,NNE,4.0,11.0,51.0,43.0,1021.5,1016.4,1.0,1.0,20.2,23.1,No,No
2014-09-20,Brisbane,14.400000000000002,24.0,0.0,5.6,6.9,E,31.0,S,E,6.0,14.999999999999998,66.0,53.99999999999999,1022.0,1018.8,5.0,4.0,19.5,21.9,No,No
2014-09-21,Brisbane,12.6,24.4,0.0,5.6,10.1,E,33.0,SSE,ESE,9.0,14.999999999999998,52.0,47.0,1026.5,1023.9000000000001,5.0,4.0,20.8,22.6,No,No
2014-09-22,Brisbane,13.400000000000002,23.4,0.6,6.8,7.1,ESE,35.0,SE,E,9.0,16.999999999999996,67.0,53.0,1027.7,1025.5,6.0,7.0,20.2,21.4,No,Yes
2014-09-23,Brisbane,15.5,23.9,3.0,4.8,9.7,E,31.0,SE,E,11.0,13.0,53.00000000000001,41.0,1028.7,1025.3,6.0,3.0,21.1,22.2,Yes,No
2014-09-24,Brisbane,13.900000000000002,23.4,0.8,6.2,6.8,E,24.000000000000004,WNW,NE,6.0,11.0,76.0,56.0,1025.0,1020.4,7.0,3.0,19.1,22.4,No,No
2014-09-25,Brisbane,14.799999999999999,26.3,0.0,5.0,7.499999999999999,NE,39.0,WNW,NE,9.0,13.0,56.0,61.0,1019.1,1011.1,5.0,3.0,22.8,24.6,No,Yes
2014-09-26,Brisbane,13.900000000000002,25.5,9.8,5.2,10.2,W,26.0,WSW,ENE,9.0,11.0,56.0,56.99999999999999,1015.5,1013.2,1.0,5.0,21.7,22.8,Yes,No
2014-09-27,Brisbane,14.5,26.6,0.0,6.6,9.5,S,26.0,W,ENE,6.0,13.0,60.0,47.0,1019.3000000000001,1015.2,4.0,2.0,21.1,24.7,No,Yes
2014-09-28,Brisbane,15.0,23.9,10.4,5.0,9.2,NE,24.000000000000004,SE,ENE,11.0,9.0,62.0,53.0,1022.4,1019.2,2.0,2.0,20.3,23.1,Yes,No
2014-09-29,Brisbane,13.199999999999998,24.9,0.0,5.8,10.4,ENE,24.000000000000004,ESE,ENE,2.0,11.0,59.0,52.0,1021.5,1017.3,2.0,1.0,21.2,23.7,No,No
2014-09-30,Brisbane,13.6,26.2,0.0,6.0,10.8,NE,28.0,NNE,NE,4.0,9.0,53.00000000000001,53.0,1021.0,1016.9,0.0,0.0,22.6,25.1,No,No
2014-10-01,Brisbane,15.9,31.400000000000002,0.0,5.6,10.3,SE,43.0,NW,NE,6.0,11.0,55.0,53.0,1017.6,1011.8,0.0,1.0,23.4,27.500000000000004,No,No
2014-10-02,Brisbane,17.6,23.2,0.0,7.0,7.700000000000001,SE,37.0,E,ENE,7.0,11.0,55.0,53.0,1022.3,1019.6,7.0,5.0,20.3,22.0,No,No
2014-10-03,Brisbane,13.3,26.000000000000004,0.0,8.8,10.2,ENE,26.0,E,NNE,4.0,7.000000000000001,58.00000000000001,55.0,1020.3,1017.0,0.0,1.0,21.4,24.7,No,No
2014-10-05,Brisbane,15.700000000000001,26.900000000000002,0.0,7.0,10.8,NE,26.0,WNW,NE,4.0,11.0,56.0,45.0,1021.9,1017.6,4.0,1.0,23.1,25.3,No,No
2014-10-06,Brisbane,14.400000000000002,27.2,0.0,7.2,11.2,ENE,24.000000000000004,E,ENE,2.0,11.0,49.0,39.0,1020.4,1015.9,1.0,1.0,23.6,25.600000000000005,No,No
2014-10-07,Brisbane,14.400000000000002,26.900000000000002,0.0,7.4,10.9,NE,28.0,NNW,NE,9.0,11.0,47.0,52.0,1016.8,1012.1,0.0,2.0,24.0,25.1,No,No
2014-10-08,Brisbane,16.9,31.7,0.0,6.0,8.8,ESE,37.0,NW,E,4.0,16.999999999999996,55.0,67.0,1013.9,1011.7,1.0,4.0,25.5,25.3,No,No
2014-10-09,Brisbane,19.4,25.3,0.0,5.2,7.299999999999999,E,33.0,SE,E,11.0,13.0,56.0,49.00000000000001,1020.4,1018.2,6.0,4.0,23.5,24.0,No,No
2014-10-10,Brisbane,14.900000000000002,25.4,0.0,8.0,9.9,NE,24.000000000000004,NW,NE,6.0,11.0,58.00000000000001,50.0,1020.8,1016.7,4.0,1.0,21.6,24.0,No,No
2014-10-11,Brisbane,17.7,26.4,0.0,6.6,7.700000000000001,E,24.000000000000004,S,ENE,2.0,11.0,62.0,52.0,1019.3000000000001,1015.3,7.0,1.0,21.7,25.2,No,No
2014-10-12,Brisbane,17.4,26.2,0.0,5.8,10.2,ENE,28.0,E,ENE,6.0,14.999999999999998,58.00000000000001,56.99999999999999,1019.5999999999999,1016.6,4.0,1.0,23.9,23.7,No,No
2014-10-13,Brisbane,16.2,26.900000000000002,0.0,7.0,10.5,ENE,37.0,N,NNE,7.0,13.0,57.0,56.0,1016.7,1011.5,3.0,3.0,23.2,25.2,No,Yes
2014-10-14,Brisbane,17.3,27.700000000000003,3.2,8.6,10.9,W,41.0,NW,W,13.0,19.0,60.0,26.0,1010.7,1008.4,6.0,1.0,23.4,26.800000000000004,Yes,No
2014-10-15,Brisbane,13.3,26.2,0.0,12.4,12.5,WNW,35.0,W,W,13.0,13.0,34.0,25.0,1015.9,1012.3,0.0,1.0,18.3,25.3,No,No
2014-10-16,Brisbane,13.199999999999998,26.7,0.0,7.599999999999999,12.1,E,26.0,SSW,ENE,7.0,11.0,45.0,37.0,1019.2,1015.7,1.0,1.0,22.8,25.7,No,No
2014-10-17,Brisbane,15.5,30.199999999999996,0.0,5.2,11.9,E,30.0,S,ENE,7.0,13.0,54.0,38.0,1020.7,1016.6,2.0,4.0,23.8,26.7,No,No
2014-10-18,Brisbane,16.1,26.499999999999996,0.0,7.800000000000001,11.8,ESE,39.0,S,ESE,9.0,14.999999999999998,48.00000000000001,46.00000000000001,1026.0,1023.3,1.0,2.0,23.2,24.0,No,No
2014-10-19,Brisbane,15.199999999999998,26.900000000000002,0.0,7.599999999999999,12.1,E,30.0,SE,ENE,6.0,16.999999999999996,47.0,46.00000000000001,1027.7,1023.2,2.0,1.0,23.1,24.5,No,No
2014-10-20,Brisbane,14.199999999999998,26.6,0.0,8.8,12.3,NE,24.000000000000004,SSE,ENE,4.0,13.0,49.0,46.00000000000001,1025.6,1021.7,1.0,1.0,22.399999999999995,24.7,No,No
2014-10-21,Brisbane,16.6,27.1,0.0,7.2,3.4,ESE,37.0,SSE,ESE,17.0,19.0,53.00000000000001,55.0,1027.1,1024.4,7.0,6.0,23.2,23.7,No,No
2014-10-22,Brisbane,16.6,25.5,0.0,7.800000000000001,9.2,E,31.0,SSE,E,9.0,16.999999999999996,48.00000000000001,48.0,1025.6,1022.0,5.0,2.0,22.2,24.0,No,No
2014-10-23,Brisbane,12.7,27.0,0.0,7.599999999999999,11.6,NE,30.0,NW,NE,4.0,9.0,50.0,47.0,1022.6,1017.3,1.0,1.0,22.2,25.7,No,No
2014-10-24,Brisbane,16.1,27.299999999999997,0.0,7.800000000000001,11.0,NE,31.0,NNE,NE,6.0,13.0,50.0,53.99999999999999,1022.8,1019.3,1.0,1.0,24.8,25.0,No,No
2014-10-25,Brisbane,17.3,28.6,0.0,10.0,11.7,ENE,30.0,N,NE,6.0,13.0,49.0,56.99999999999999,1020.6,1015.0,2.0,1.0,24.6,26.2,No,No
2014-10-27,Brisbane,20.5,34.0,0.0,8.0,9.8,NE,26.0,NNE,ENE,6.0,14.999999999999998,55.0,59.0,1011.6,1005.8,0.0,2.0,27.4,29.199999999999996,No,Yes
2014-10-28,Brisbane,21.2,34.2,2.6,9.8,10.5,E,37.0,ESE,ENE,7.0,11.0,29.000000000000004,58.0,1010.3,1009.2,1.0,1.0,33.9,28.099999999999998,Yes,No
2014-10-29,Brisbane,17.5,30.7,0.0,7.4,11.6,E,35.0,S,E,7.0,19.999999999999996,50.0,35.0,1014.8,1013.1,1.0,0.0,27.900000000000002,28.200000000000003,No,No
2014-11-01,Brisbane,20.9,30.9,0.0,9.2,11.6,NNE,35.0,NNW,NNE,7.0,14.999999999999998,58.00000000000001,61.0,1016.5,1009.5,7.0,1.0,26.9,27.700000000000003,No,No
2014-11-02,Brisbane,21.2,31.2,0.0,8.8,8.7,E,37.0,S,ESE,6.0,19.999999999999996,50.0,55.0,1014.4,1014.5,5.0,3.0,30.0,26.2,No,No
2014-11-03,Brisbane,20.6,23.8,0.0,11.6,1.2,E,30.0,ESE,ESE,11.0,13.0,56.0,53.99999999999999,1022.3,1020.7,7.0,7.0,23.6,22.9,No,No
2014-11-04,Brisbane,15.299999999999999,26.4,0.0,5.3,10.2,E,28.0,ENE,ENE,6.0,14.999999999999998,56.0,49.00000000000001,1023.8,1020.4,4.0,3.0,22.399999999999995,23.7,No,No
2014-11-05,Brisbane,16.3,27.0,0.0,7.0,9.3,ENE,30.0,NE,ENE,6.0,13.0,54.0,50.0,1021.4,1016.8,6.0,2.0,23.5,24.8,No,No
2014-11-06,Brisbane,18.2,28.4,0.0,8.8,9.0,NE,33.0,NNW,NE,4.0,14.999999999999998,49.0,53.0,1015.9,1011.6,1.0,3.0,24.8,26.4,No,Yes
2014-11-07,Brisbane,19.5,29.1,9.2,7.800000000000001,10.6,ENE,24.000000000000004,N,NNE,2.0,11.0,59.0,53.0,1017.1,1015.0,5.0,7.0,26.0,27.700000000000003,Yes,No
2014-11-08,Brisbane,20.7,29.1,0.0,7.599999999999999,12.0,ENE,31.0,ESE,NE,7.0,13.0,47.0,44.0,1021.2,1018.2,1.0,1.0,26.0,26.9,No,No
2014-11-09,Brisbane,17.0,28.500000000000004,0.0,9.2,12.5,NE,24.000000000000004,WNW,ENE,7.0,13.0,50.0,50.0,1020.1,1017.0,1.0,1.0,24.8,26.7,No,No
2014-11-10,Brisbane,19.9,29.2,0.0,8.0,10.6,NE,28.0,N,NNE,7.0,13.0,53.00000000000001,50.0,1019.2,1015.5,5.0,7.0,26.9,26.9,No,No
2014-11-11,Brisbane,18.8,29.9,0.0,9.0,10.2,NE,28.0,ENE,ENE,6.0,13.0,53.00000000000001,52.0,1016.6,1013.8,1.0,1.0,25.9,28.099999999999998,No,No
2014-11-12,Brisbane,22.1,28.3,0.0,7.4,8.1,ESE,30.0,ENE,E,7.0,14.999999999999998,61.0,63.00000000000001,1016.8,1014.3,6.0,5.0,25.8,25.7,No,Yes
2014-11-13,Brisbane,20.3,28.6,9.2,5.4,7.6,E,28.0,SE,ENE,4.0,13.0,78.0,61.0,1018.5,1016.2,7.0,6.0,23.9,26.2,Yes,No
2014-11-14,Brisbane,20.9,30.0,0.2,7.2,12.5,NNE,31.0,N,NE,7.0,11.0,47.0,56.99999999999999,1018.7,1014.1,1.0,2.0,27.900000000000002,28.699999999999996,No,No
2014-11-15,Brisbane,21.4,32.2,0.0,6.0,12.9,NE,30.0,ENE,NNE,6.0,13.0,51.0,56.0,1013.4,1007.3,0.0,0.0,29.6,30.9,No,No
2014-11-16,Brisbane,23.0,38.9,0.0,9.0,10.8,W,35.0,ENE,NE,6.0,7.000000000000001,51.0,53.99999999999999,1007.2,1003.8,5.0,7.0,31.3,33.2,No,No
2014-11-17,Brisbane,23.4,30.3,0.0,6.2,11.9,E,31.0,ESE,E,11.0,14.999999999999998,53.00000000000001,56.99999999999999,1013.0,1011.5,1.0,6.0,28.900000000000002,26.600000000000005,No,Yes
2014-11-18,Brisbane,22.3,28.3,2.6,9.6,4.2,ENE,24.000000000000004,S,NE,4.0,11.0,85.99999999999999,73.0,1016.2,1012.5,8.0,4.0,24.0,27.799999999999997,Yes,Yes
2014-11-19,Brisbane,24.0,30.0,13.8,5.0,4.5,SW,41.0,ENE,ENE,11.0,16.999999999999996,74.0,79.0,1017.7,1014.0,7.0,7.0,27.4,25.9,Yes,Yes
2014-11-20,Brisbane,19.1,28.9,55.99999999999999,7.0,10.8,NE,33.0,NE,NE,7.0,13.0,64.0,64.0,1018.2,1014.6,4.0,4.0,26.4,27.900000000000002,Yes,No
2014-11-21,Brisbane,22.8,30.4,0.0,6.6,11.7,NE,37.0,NNW,NE,7.0,13.0,62.0,67.0,1015.6,1011.1,5.0,5.0,28.400000000000002,28.900000000000002,No,No
2014-11-22,Brisbane,24.2,31.5,0.0,10.2,10.8,NE,37.0,NNW,NE,4.0,14.999999999999998,59.0,67.0,1014.8,1011.6,5.0,2.0,29.6,29.1,No,No
2014-11-23,Brisbane,24.1,30.4,0.0,9.8,11.2,NE,33.0,NNE,NNE,6.0,13.0,58.00000000000001,53.99999999999999,1017.8,1014.2,6.0,2.0,29.5,29.199999999999996,No,No
2014-11-24,Brisbane,22.6,30.500000000000004,0.0,11.0,12.2,NE,35.0,NNW,NE,9.0,14.999999999999998,52.0,65.0,1017.6,1013.1,3.0,5.0,28.200000000000003,27.599999999999998,No,No
2014-11-25,Brisbane,21.4,31.1,0.0,10.2,12.1,NNE,28.0,NW,NNE,7.0,9.0,48.00000000000001,52.0,1015.3,1011.6,3.0,5.0,27.999999999999996,29.899999999999995,No,Yes
2014-11-26,Brisbane,23.4,29.1,3.6000000000000005,7.800000000000001,5.1,ENE,24.000000000000004,N,ENE,7.0,11.0,79.0,63.00000000000001,1017.2,1014.7,7.0,7.0,24.5,27.799999999999997,Yes,Yes
2014-11-27,Brisbane,23.4,32.0,3.0,6.8,10.4,SW,83.0,NNW,NE,6.0,13.0,54.0,51.0,1016.3,1012.1,6.0,1.0,28.699999999999996,30.1,Yes,Yes
2014-11-28,Brisbane,17.8,27.399999999999995,43.4,9.4,6.4,ESE,35.0,SE,E,7.0,16.999999999999996,71.0,59.0,1018.7,1017.9,7.0,7.0,25.2,24.9,Yes,No
2014-11-29,Brisbane,19.4,27.299999999999997,1.0,7.800000000000001,12.3,ENE,31.0,ESE,E,11.0,13.0,48.00000000000001,47.0,1019.4,1016.6,3.0,2.0,24.8,25.7,No,No
2014-11-30,Brisbane,16.4,27.8,0.0,9.6,12.9,NE,26.0,NW,ENE,4.0,14.999999999999998,50.0,48.0,1017.3,1013.7,3.0,5.0,25.2,26.5,No,No
2014-12-01,Brisbane,19.1,28.4,0.0,7.599999999999999,11.4,NNE,26.0,ENE,NE,7.0,11.0,51.0,46.00000000000001,1015.3,1012.2,3.0,1.0,25.1,26.800000000000004,No,No
2014-12-02,Brisbane,21.6,29.1,0.0,9.6,6.1,ENE,24.000000000000004,NE,NE,9.0,11.0,64.0,53.99999999999999,1016.4,1014.4,7.0,5.0,25.8,26.5,No,No
2014-12-03,Brisbane,20.2,29.8,0.2,8.0,12.5,ENE,31.0,N,NE,2.0,14.999999999999998,59.0,62.0,1017.8,1014.7,3.0,3.0,27.099999999999998,27.500000000000004,No,No
2014-12-04,Brisbane,22.7,30.3,0.0,7.800000000000001,9.9,NE,33.0,NNW,NE,9.0,14.999999999999998,59.0,56.99999999999999,1016.8,1013.2,6.0,7.0,27.599999999999998,27.999999999999996,No,No
2014-12-05,Brisbane,23.5,30.0,0.0,9.2,4.5,ENE,26.0,NNW,NE,6.0,9.0,58.00000000000001,62.0,1012.8,1008.9,7.0,7.0,26.300000000000004,27.300000000000004,No,Yes
2014-12-07,Brisbane,22.0,30.3,1.4,4.0,11.1,NNE,31.0,NNW,NE,7.0,13.0,65.0,62.0,1008.6,1006.4,7.0,3.0,26.5,28.999999999999996,Yes,No
2014-12-08,Brisbane,24.4,30.4,0.0,7.4,3.3,NE,30.0,NNE,NNE,6.0,6.0,73.0,79.0,1012.2,1010.4,7.0,8.0,28.400000000000002,27.700000000000003,No,Yes
2014-12-09,Brisbane,21.7,33.2,25.2,5.0,8.5,ENE,28.0,WNW,NNE,6.0,13.0,64.0,59.0,1014.4,1010.0,6.0,6.0,27.900000000000002,30.1,Yes,No
2014-12-11,Brisbane,24.4,32.2,0.0,7.4,4.1,WNW,30.0,NNW,WNW,7.0,13.0,67.0,87.0,1009.9,1005.4,5.0,7.0,29.199999999999996,24.4,No,Yes
2014-12-12,Brisbane,20.4,24.7,26.999999999999996,9.8,0.8,SE,30.0,SSE,NE,6.0,4.0,75.0,76.0,1009.1,1008.2,8.0,7.0,20.6,22.9,Yes,Yes
2014-12-13,Brisbane,18.7,24.9,3.7999999999999994,5.0,0.1,SSE,35.0,SSE,SE,11.0,16.999999999999996,64.0,56.99999999999999,1011.2,1009.2,8.0,8.0,22.3,24.0,Yes,No
2014-12-14,Brisbane,18.7,26.3,0.0,4.8,4.0,SE,28.0,SSE,ESE,9.0,13.0,56.0,56.99999999999999,1010.4,1008.5,6.0,7.0,23.9,25.2,No,No
2014-12-15,Brisbane,17.6,28.8,0.0,7.2,13.3,NE,26.0,S,E,6.0,13.0,49.0,50.0,1011.5,1008.7,2.0,1.0,25.1,27.500000000000004,No,No
2014-12-16,Brisbane,17.5,30.0,0.0,7.800000000000001,11.5,NE,26.0,NNE,NE,7.0,11.0,54.0,58.0,1010.5,1005.7,6.0,3.0,26.2,27.900000000000002,No,No
2014-12-17,Brisbane,22.4,35.0,0.0,7.800000000000001,12.6,NE,24.000000000000004,ENE,NE,2.0,9.0,58.00000000000001,40.0,1006.7,1003.1,1.0,3.0,29.899999999999995,33.8,No,Yes
2014-12-18,Brisbane,24.2,32.4,1.2,8.0,6.6,W,56.0,NE,NE,7.0,9.0,67.0,69.0,1010.5,1005.7,6.0,7.0,28.999999999999996,30.1,Yes,Yes
2014-12-19,Brisbane,20.8,34.7,16.8,9.2,9.9,E,28.0,WNW,WSW,7.0,7.000000000000001,65.0,24.0,1011.6999999999999,1008.2,4.0,1.0,26.0,34.2,Yes,No
2014-12-20,Brisbane,21.8,29.1,0.0,6.8,12.5,E,33.0,ESE,E,11.0,13.0,58.00000000000001,47.0,1016.0,1013.5,2.0,1.0,26.300000000000004,28.099999999999998,No,No
2014-12-21,Brisbane,20.7,29.300000000000004,0.0,10.4,10.6,ENE,24.000000000000004,NNE,NE,6.0,13.0,62.0,55.0,1018.3,1015.6,4.0,1.0,25.0,27.4,No,No
2014-12-22,Brisbane,18.9,28.500000000000004,0.0,7.2,12.1,ENE,30.0,ESE,E,9.0,19.0,56.0,53.0,1017.9,1015.5,2.0,2.0,25.5,26.800000000000004,No,No
2014-12-23,Brisbane,19.1,28.8,0.0,9.4,11.9,E,30.0,E,NNE,6.0,13.0,55.0,53.99999999999999,1016.9,1014.1,3.0,3.0,26.300000000000004,27.300000000000004,No,No
2014-12-24,Brisbane,20.8,30.3,0.0,8.0,12.1,NE,24.000000000000004,NNE,NE,4.0,13.0,55.0,52.0,1014.3,1011.5,1.0,1.0,27.300000000000004,28.699999999999996,No,No
2014-12-25,Brisbane,21.0,30.199999999999996,0.0,9.0,11.2,NE,24.000000000000004,NNE,NE,4.0,11.0,63.0,52.0,1013.9,1009.9,3.0,3.0,26.300000000000004,29.399999999999995,No,No
2014-12-26,Brisbane,24.4,31.7,0.0,8.8,6.9,NE,22.0,N,NNE,6.0,9.0,61.0,56.99999999999999,1011.8,1009.1,6.0,7.0,28.099999999999998,30.0,No,Yes
2014-12-27,Brisbane,20.9,23.4,7.200000000000001,8.6,0.0,SW,30.0,SW,SW,2.0,6.0,89.0,90.0,1014.5,1013.9,8.0,8.0,21.9,21.4,Yes,Yes
2014-12-28,Brisbane,19.6,27.0,22.4,0.2,0.3,WSW,13.0,SW,SW,2.0,4.0,95.0,74.0,1014.8,1011.4,8.0,7.0,21.1,26.0,Yes,Yes
2014-12-30,Brisbane,22.1,35.5,1.0,5.2,11.7,SSE,22.0,WNW,N,4.0,6.0,70.0,51.0,1009.4,1005.6,5.0,2.0,28.999999999999996,34.0,No,No
2014-12-31,Brisbane,23.8,33.9,0.0,5.8,10.7,E,30.0,SSE,ENE,4.0,13.0,55.0,62.0,1009.6,1009.2,2.0,6.0,31.0,30.5,No,Yes
2015-01-01,Brisbane,25.2,31.300000000000004,12.2,7.0,12.1,E,26.0,NNE,NE,6.0,13.0,67.0,64.0,1014.9,1012.7,5.0,4.0,29.399999999999995,30.2,Yes,No
2015-01-02,Brisbane,24.800000000000004,30.500000000000004,0.2,9.0,10.3,ENE,28.0,NE,NE,9.0,13.0,68.0,69.0,1018.2,1016.6,5.0,7.0,28.099999999999998,27.799999999999997,No,Yes
2015-01-03,Brisbane,24.6,28.9,1.2,4.2,4.2,E,35.0,ENE,NE,6.0,11.0,82.0,64.0,1019.4,1017.3,8.0,6.0,25.600000000000005,28.299999999999997,Yes,Yes
2015-01-04,Brisbane,21.1,30.199999999999996,16.8,7.599999999999999,12.0,ENE,26.0,E,ENE,9.0,13.0,59.0,53.0,1018.0,1014.5,4.0,3.0,27.599999999999998,28.799999999999997,Yes,No
2015-01-05,Brisbane,21.8,28.099999999999998,0.0,8.8,3.8,ESE,20.0,ESE,SSW,6.0,4.0,69.0,80.0,1015.9,1015.2,7.0,7.0,26.800000000000004,23.7,No,Yes
2015-01-06,Brisbane,21.5,29.5,21.6,5.8,12.1,E,33.0,ESE,E,15.0,16.999999999999996,62.0,48.0,1017.5,1016.4,7.0,3.0,26.9,28.499999999999996,Yes,No
2015-01-07,Brisbane,20.6,27.1,0.0,9.0,3.6,SSE,33.0,SE,ESE,15.0,9.0,64.0,59.0,1017.7,1016.1,7.0,7.0,26.9,26.300000000000004,No,Yes
2015-01-08,Brisbane,19.8,28.4,1.8000000000000003,5.6,3.9,E,31.0,SE,E,11.0,7.000000000000001,68.0,70.0,1016.0,1013.4,6.0,7.0,25.5,25.7,Yes,Yes
2015-01-09,Brisbane,20.8,29.5,3.6000000000000005,4.2,11.8,E,26.0,E,ENE,4.0,13.0,63.0,60.00000000000001,1013.4,1010.5,4.0,2.0,26.800000000000004,28.799999999999997,Yes,No
2015-01-10,Brisbane,22.1,30.199999999999996,0.0,7.599999999999999,10.9,NE,28.0,NE,ENE,11.0,13.0,63.0,55.0,1012.8,1010.9,3.0,6.0,27.999999999999996,29.1,No,No
2015-01-11,Brisbane,23.4,28.199999999999996,0.0,7.800000000000001,0.9,ENE,19.0,W,E,4.0,9.0,76.0,75.0,1011.6,1008.0,7.0,7.0,26.800000000000004,26.800000000000004,No,Yes
2015-01-12,Brisbane,22.5,30.4,14.6,4.2,1.1,ESE,31.0,SW,ESE,4.0,6.0,80.99999999999999,94.0,1009.9,1007.5,8.0,8.0,25.9,23.5,Yes,Yes
2015-01-13,Brisbane,22.6,28.4,38.6,2.6,2.2,ENE,24.000000000000004,E,NE,7.0,13.0,78.0,69.0,1009.7,1007.0,7.0,7.0,26.4,26.9,Yes,No
2015-01-16,Brisbane,23.1,32.5,0.0,10.4,13.1,ENE,24.000000000000004,SSW,NE,4.0,13.0,56.0,60.00000000000001,1008.8,1006.0,1.0,1.0,29.199999999999996,30.8,No,No
2015-01-17,Brisbane,24.0,35.3,0.0,8.0,12.7,ENE,24.000000000000004,WSW,NNE,6.0,9.0,67.0,60.00000000000001,1009.4,1005.6,1.0,3.0,28.999999999999996,32.0,No,No
2015-01-18,Brisbane,25.899999999999995,36.7,0.0,8.0,11.7,E,30.0,SSW,ENE,6.0,13.0,65.0,52.0,1009.5,1005.7,3.0,2.0,31.0,33.5,No,No
2015-01-19,Brisbane,26.5,31.799999999999997,0.0,7.599999999999999,9.3,ENE,31.0,SE,ENE,13.0,14.999999999999998,71.0,58.0,1008.7,1006.8,4.0,3.0,29.6,30.6,No,Yes
2015-01-20,Brisbane,20.6,29.2,35.8,10.8,9.4,ESE,35.0,ENE,E,13.0,16.999999999999996,67.0,58.0,1012.7,1008.8,7.0,6.0,25.9,27.500000000000004,Yes,No
2015-01-21,Brisbane,21.3,30.0,0.2,7.4,8.0,E,28.0,SSE,ESE,6.0,13.0,82.0,64.0,1009.9,1007.7,7.0,7.0,23.6,27.599999999999998,No,No
2015-01-22,Brisbane,23.2,28.6,1.0,9.2,2.1,ENE,31.0,ESE,E,7.0,13.0,67.0,77.0,1009.6,1008.0,8.0,8.0,27.599999999999998,26.4,No,Yes
2015-01-24,Brisbane,20.0,30.8,65.2,3.0,5.4,ESE,22.0,SE,E,7.0,2.0,84.0,59.0,1006.3,1004.4,8.0,6.0,24.8,30.3,Yes,No
2015-01-25,Brisbane,22.1,36.7,0.0,3.4,12.6,W,28.0,WNW,NE,4.0,9.0,67.0,59.0,1006.2,1002.6,1.0,2.0,29.3,32.2,No,No
2015-01-26,Brisbane,24.9,33.1,0.0,6.2,7.8,ESE,30.0,ENE,ESE,4.0,14.999999999999998,66.0,53.99999999999999,1006.8,1004.9,3.0,6.0,31.0,32.0,No,No
2015-01-27,Brisbane,23.7,30.199999999999996,0.0,7.800000000000001,9.2,E,30.0,ESE,E,9.0,13.0,62.0,63.00000000000001,1007.7,1005.0,5.0,5.0,28.499999999999996,28.099999999999998,No,Yes
2015-01-28,Brisbane,19.5,28.099999999999998,5.2,7.2,1.0,SSE,33.0,SW,SSE,7.0,11.0,85.0,61.0,1006.8,1005.4,7.0,8.0,21.0,26.100000000000005,Yes,No
2015-01-29,Brisbane,20.4,28.9,0.0,4.6,11.0,E,26.0,SSW,E,7.0,14.999999999999998,53.00000000000001,58.0,1008.9,1006.4,5.0,3.0,24.8,26.600000000000005,No,Yes
2015-01-30,Brisbane,20.2,28.999999999999996,3.7999999999999994,7.800000000000001,11.2,NE,22.0,NE,NNE,4.0,9.0,63.0,58.0,1009.9,1006.3,6.0,2.0,25.2,28.299999999999997,Yes,No
2015-01-31,Brisbane,19.8,31.799999999999997,0.0,7.4,11.4,SSE,33.0,E,NE,6.0,13.0,62.0,62.0,1008.2,1003.5,1.0,2.0,26.800000000000004,29.8,No,Yes
2015-02-01,Brisbane,20.3,34.4,17.2,7.800000000000001,12.8,ENE,24.000000000000004,SW,SW,4.0,7.000000000000001,71.0,26.0,1007.6,1003.6,1.0,1.0,26.800000000000004,34.2,Yes,No
2015-02-02,Brisbane,22.1,29.600000000000005,0.0,5.6,8.8,SSE,43.0,SSE,ESE,9.0,16.999999999999996,66.0,56.0,1010.0,1008.5,6.0,2.0,26.800000000000004,27.900000000000002,No,Yes
2015-02-05,Brisbane,20.7,29.2,0.0,6.8,9.6,SSE,39.0,SE,ESE,15.0,14.999999999999998,50.0,51.0,1017.6,1016.9,4.0,3.0,26.5,28.299999999999997,No,Yes
2015-02-06,Brisbane,20.2,28.3,2.8,8.8,10.4,SSE,37.0,SE,ESE,17.0,16.999999999999996,60.0,44.0,1022.6,1020.7,5.0,1.0,25.600000000000005,27.900000000000002,Yes,No
2015-02-07,Brisbane,19.5,29.300000000000004,0.2,11.0,11.2,E,26.0,SSE,E,11.0,11.0,73.0,53.99999999999999,1023.5,1019.9,7.0,7.0,22.3,27.000000000000004,No,No
2015-02-08,Brisbane,20.8,29.9,0.2,7.4,11.9,ENE,22.0,SSE,ENE,4.0,11.0,60.0,58.0,1020.5000000000001,1017.8,2.0,1.0,25.9,28.699999999999996,No,No
2015-02-09,Brisbane,19.6,30.3,0.0,6.4,12.5,SE,33.0,SE,E,9.0,16.999999999999996,61.0,45.0,1019.5,1018.2,3.0,3.0,26.7,29.6,No,Yes
2015-02-10,Brisbane,20.6,28.999999999999996,5.2,9.0,9.4,ESE,39.0,SE,E,7.0,13.0,80.0,89.0,1020.5000000000001,1019.6,2.0,7.0,24.6,22.6,Yes,Yes
2015-02-11,Brisbane,20.3,28.9,12.2,8.0,9.0,E,30.0,S,ESE,9.0,11.0,82.0,47.0,1020.1999999999999,1017.6,6.0,1.0,22.5,28.499999999999996,Yes,Yes
2015-02-12,Brisbane,20.6,28.9,8.4,7.2,9.6,E,28.0,ESE,ESE,7.0,11.0,68.0,53.99999999999999,1019.3000000000001,1017.2,7.0,4.0,26.600000000000005,28.400000000000002,Yes,Yes
2015-02-13,Brisbane,20.2,29.600000000000005,1.6,7.4,8.2,ESE,35.0,ESE,E,11.0,16.999999999999996,70.0,68.0,1019.7,1018.7,5.0,6.0,26.4,25.7,Yes,No
2015-02-14,Brisbane,19.8,28.999999999999996,0.4,6.6,10.2,SSE,30.0,SE,E,9.0,14.999999999999998,65.0,49.00000000000001,1021.4,1017.9,5.0,3.0,26.100000000000005,27.999999999999996,No,No
2015-02-15,Brisbane,21.1,28.8,0.2,8.4,9.5,E,24.000000000000004,W,E,4.0,11.0,72.0,49.00000000000001,1018.5,1014.9,6.0,3.0,24.1,27.900000000000002,No,No
2015-02-16,Brisbane,19.5,29.399999999999995,0.4,8.0,11.8,ESE,26.0,SE,E,7.0,13.0,62.0,48.0,1016.8,1013.6,3.0,3.0,26.800000000000004,28.299999999999997,No,No
2015-02-17,Brisbane,20.1,29.1,0.4,9.0,11.6,SE,33.0,ESE,SE,11.0,11.0,60.0,62.0,1016.2,1014.8,6.0,4.0,26.2,26.300000000000004,No,No
2015-02-18,Brisbane,20.2,29.2,0.2,8.2,5.9,ESE,35.0,ESE,ESE,15.0,9.0,60.0,86.0,1016.4,1014.8,5.0,5.0,27.599999999999998,24.3,No,Yes
2015-02-19,Brisbane,22.5,26.800000000000004,4.6,5.2,0.0,SE,33.0,ESE,ESE,13.0,13.0,79.0,89.0,1016.5,1014.2,8.0,8.0,25.5,24.6,Yes,Yes
2015-02-20,Brisbane,21.8,22.6,53.99999999999999,4.8,0.0,SE,30.0,SSE,SW,2.0,6.0,95.0,95.0,1012.3,1009.8,8.0,8.0,22.399999999999995,22.0,Yes,Yes
2015-02-21,Brisbane,21.4,27.299999999999997,89.2,6.0,0.0,SSE,37.0,S,SSE,6.0,9.0,96.00000000000001,96.0,1007.3,1003.7,8.0,8.0,22.0,23.9,Yes,Yes
2015-02-23,Brisbane,22.6,30.6,4.4,4.6,10.9,SSE,33.0,SSE,SE,9.0,13.0,72.0,59.0,1011.6,1009.2,7.0,2.0,26.600000000000005,30.1,Yes,No
2015-02-24,Brisbane,22.3,30.8,0.4,6.6,10.5,SE,31.0,SE,E,11.0,19.999999999999996,74.0,60.00000000000001,1012.0000000000001,1008.7,6.0,1.0,25.9,28.799999999999997,No,No
2015-02-25,Brisbane,21.8,29.8,0.0,6.6,10.6,SSE,31.0,SE,E,7.0,14.999999999999998,69.0,60.00000000000001,1012.4,1009.7,7.0,3.0,26.4,28.799999999999997,No,No
2015-02-26,Brisbane,20.5,29.8,0.2,8.0,9.9,E,22.0,SE,E,6.0,11.0,62.0,60.00000000000001,1010.1,1007.0,3.0,3.0,26.4,27.799999999999997,No,Yes
2015-02-27,Brisbane,22.1,30.199999999999996,1.8000000000000003,6.4,8.4,ENE,20.0,W,NE,6.0,9.0,83.0,56.0,1009.2,1006.6,7.0,1.0,24.3,29.5,Yes,No
2015-02-28,Brisbane,22.6,30.099999999999998,0.2,6.2,9.4,ENE,24.000000000000004,NNW,E,4.0,11.0,65.0,64.0,1011.1,1008.6,4.0,3.0,27.200000000000003,28.6,No,No
2015-03-01,Brisbane,21.8,31.300000000000004,0.0,6.2,9.5,NNE,20.0,W,NE,6.0,7.000000000000001,73.0,59.0,1011.1,1007.8,4.0,1.0,27.000000000000004,30.2,No,No
2015-03-02,Brisbane,23.0,31.6,0.0,6.4,11.3,SE,33.0,SSW,ESE,7.0,14.999999999999998,64.0,56.99999999999999,1013.0,1011.0,5.0,4.0,27.799999999999997,29.1,No,No
2015-03-03,Brisbane,21.1,30.6,0.0,8.4,11.5,ENE,24.000000000000004,SE,ENE,7.0,14.999999999999998,63.0,56.0,1015.9,1012.6,3.0,1.0,27.200000000000003,29.1,No,No
2015-03-04,Brisbane,19.9,30.500000000000004,0.0,7.0,11.8,ENE,22.0,NW,NNE,4.0,7.000000000000001,60.0,50.0,1014.8,1010.9,2.0,1.0,27.200000000000003,29.899999999999995,No,No
2015-03-06,Brisbane,23.1,28.6,0.0,8.4,6.3,SSE,37.0,E,ENE,9.0,9.0,59.0,56.99999999999999,1009.7,1006.3,7.0,4.0,27.300000000000004,27.500000000000004,No,No
2015-03-07,Brisbane,20.6,30.199999999999996,0.0,4.8,10.9,ENE,24.000000000000004,W,NE,6.0,11.0,67.0,62.0,1010.9,1009.4,1.0,2.0,26.300000000000004,29.3,No,No
2015-03-08,Brisbane,21.0,30.9,0.0,6.4,11.3,E,24.000000000000004,S,ENE,4.0,11.0,65.0,56.99999999999999,1013.0,1010.3,2.0,2.0,27.4,29.3,No,No
2015-03-09,Brisbane,22.8,31.6,0.0,6.6,10.3,ENE,24.000000000000004,SSW,ENE,6.0,9.0,69.0,56.99999999999999,1012.6000000000001,1010.0,5.0,3.0,27.500000000000004,30.1,No,No
2015-03-10,Brisbane,23.6,30.6,0.0,5.8,10.8,E,30.0,E,E,9.0,13.0,66.0,56.99999999999999,1014.6,1012.9,2.0,1.0,28.400000000000002,29.699999999999996,No,No
2015-03-11,Brisbane,21.3,30.099999999999998,0.0,8.4,10.0,E,33.0,ESE,E,9.0,14.999999999999998,65.0,56.99999999999999,1015.7,1013.2,4.0,3.0,27.700000000000003,28.900000000000002,No,No
2015-03-12,Brisbane,20.9,29.9,0.0,8.0,10.0,E,28.0,SSE,ESE,7.0,13.0,65.0,46.00000000000001,1014.5,1011.8,7.0,2.0,26.2,28.499999999999996,No,No
2015-03-13,Brisbane,19.9,29.5,0.0,7.599999999999999,9.0,SE,35.0,SE,ESE,9.0,16.999999999999996,60.0,51.0,1014.0,1011.9,1.0,2.0,26.9,28.799999999999997,No,No
2015-03-14,Brisbane,19.9,28.8,0.0,7.599999999999999,9.9,ESE,31.0,SW,ESE,9.0,11.0,60.0,50.0,1014.5,1010.3,7.0,2.0,24.2,27.799999999999997,No,No
2015-03-15,Brisbane,17.8,32.3,0.0,7.0,11.2,E,37.0,SW,SSW,7.0,9.0,58.00000000000001,31.0,1009.7,1006.2,1.0,4.0,24.3,31.1,No,No
2015-03-16,Brisbane,19.0,28.500000000000004,0.0,7.4,11.1,E,26.0,SSW,ESE,9.0,13.0,52.0,52.0,1014.8,1011.9,1.0,2.0,24.6,26.5,No,No
2015-03-17,Brisbane,21.1,28.8,0.0,7.4,9.7,ENE,20.0,WSW,ENE,2.0,7.000000000000001,51.0,49.00000000000001,1016.5,1013.1,1.0,1.0,26.100000000000005,26.9,No,No
2015-03-18,Brisbane,21.8,28.9,0.0,8.0,7.4,SW,31.0,SW,NW,11.0,7.000000000000001,61.0,56.0,1018.1,1011.0,7.0,3.0,24.4,28.499999999999996,No,Yes
2015-03-19,Brisbane,19.8,33.5,7.599999999999999,4.8,11.1,ENE,20.0,NNW,ENE,6.0,13.0,55.0,58.0,1013.2,1009.4,1.0,1.0,27.799999999999997,31.6,Yes,No
2015-03-20,Brisbane,23.9,32.4,0.0,6.4,8.1,NNE,20.0,SW,NNE,4.0,7.000000000000001,76.0,62.0,1014.5,1011.5,7.0,1.0,27.300000000000004,31.7,No,No
2015-03-21,Brisbane,24.7,30.3,0.2,5.8,1.9,E,57.0,NE,NW,4.0,6.0,80.0,98.00000000000001,1017.6,1016.5,7.0,8.0,26.5,22.3,No,Yes
2015-03-23,Brisbane,20.1,28.3,81.8,3.2,8.8,E,19.0,SSE,NE,6.0,9.0,80.99999999999999,56.99999999999999,1018.3,1014.4,6.0,1.0,23.6,27.599999999999998,Yes,No
2015-03-24,Brisbane,20.0,30.500000000000004,0.0,5.0,10.6,NE,20.0,SW,NE,6.0,9.0,76.0,59.0,1017.0,1012.6,6.0,1.0,24.8,29.1,No,No
2015-03-25,Brisbane,22.7,31.7,0.0,7.2,9.4,NE,24.000000000000004,NW,NE,6.0,9.0,66.0,67.0,1015.6,1013.0,2.0,1.0,27.500000000000004,29.899999999999995,No,Yes
2015-03-26,Brisbane,23.4,30.7,3.7999999999999994,6.0,8.3,E,24.000000000000004,N,NE,6.0,9.0,72.0,64.0,1018.1,1015.0,6.0,4.0,28.200000000000003,28.900000000000002,Yes,No
2015-03-27,Brisbane,22.5,31.1,0.0,6.0,8.4,E,26.0,SW,ESE,6.0,9.0,74.0,65.0,1018.8,1015.8,6.0,4.0,27.000000000000004,28.099999999999998,No,No
2015-03-28,Brisbane,22.3,28.500000000000004,0.0,5.8,4.7,ENE,24.000000000000004,SSE,E,7.0,13.0,75.0,50.0,1020.9,1018.7,7.0,5.0,25.5,27.799999999999997,No,No
2015-03-29,Brisbane,19.9,28.500000000000004,0.0,6.0,9.9,ENE,24.000000000000004,ENE,ENE,11.0,11.0,59.0,53.0,1023.3,1020.9,5.0,3.0,26.2,27.4,No,No
2015-03-30,Brisbane,19.9,28.099999999999998,0.0,5.8,4.6,ENE,26.0,SW,ENE,4.0,9.0,73.0,55.0,1024.1,1020.7,7.0,6.0,23.1,25.7,No,No
2015-03-31,Brisbane,19.8,26.1,0.0,5.8,0.5,E,22.0,SW,ENE,4.0,7.000000000000001,74.0,64.0,1023.3,1020.3,7.0,7.0,23.0,24.8,No,Yes
2015-04-02,Brisbane,19.3,26.7,8.8,2.4,3.0,ENE,30.0,S,S,6.0,4.0,75.0,83.0,1019.5,1015.8,5.0,7.0,24.7,24.2,Yes,Yes
2015-04-03,Brisbane,21.0,27.700000000000003,38.4,6.0,8.1,E,28.0,S,ENE,2.0,14.999999999999998,87.0,67.0,1019.1,1015.9,7.0,3.0,24.0,26.800000000000004,Yes,No
2015-04-04,Brisbane,21.0,28.500000000000004,0.4,5.6,6.3,ENE,19.0,WSW,NE,2.0,7.000000000000001,84.0,64.0,1014.9,1009.9,7.0,7.0,23.6,27.900000000000002,No,Yes
2015-04-05,Brisbane,21.7,28.500000000000004,1.8000000000000003,1.8,8.2,WNW,33.0,NW,WNW,6.0,16.999999999999996,85.0,52.0,1008.8,1005.8,6.0,3.0,24.1,27.900000000000002,Yes,No
2015-04-08,Brisbane,16.8,26.499999999999996,0.0,6.0,10.8,WSW,33.0,W,W,7.0,11.0,34.0,28.0,1017.4,1014.2,3.0,1.0,21.0,26.300000000000004,No,No
2015-04-09,Brisbane,14.1,26.900000000000002,0.0,9.0,10.5,ENE,20.0,SW,NE,7.0,7.000000000000001,51.0,45.0,1019.3000000000001,1016.5,5.0,4.0,20.5,25.600000000000005,No,No
2015-04-10,Brisbane,16.8,27.2,0.0,5.2,9.0,E,20.0,SSW,S,6.0,6.0,55.0,46.00000000000001,1020.8,1017.6,1.0,6.0,22.2,25.8,No,No
2015-04-11,Brisbane,19.0,26.499999999999996,0.0,6.2,7.9,SSE,26.0,SSW,ESE,7.0,13.0,65.0,55.0,1019.5999999999999,1016.4,7.0,4.0,21.5,25.600000000000005,No,No
2015-04-12,Brisbane,16.7,28.7,0.0,5.2,10.4,W,20.0,SW,NE,6.0,7.000000000000001,65.0,56.0,1018.7,1014.5,1.0,4.0,22.3,25.600000000000005,No,No
2015-04-13,Brisbane,18.4,27.0,0.0,4.6,9.4,SE,28.0,SSW,E,4.0,11.0,65.0,53.0,1019.9000000000001,1017.5,2.0,3.0,23.3,25.7,No,No
2015-04-14,Brisbane,16.8,26.6,0.0,5.2,9.6,SSE,24.000000000000004,SW,E,6.0,6.0,64.0,52.0,1022.4,1020.3,2.0,3.0,22.0,26.600000000000005,No,No
2015-04-15,Brisbane,17.7,26.3,0.0,4.8,8.3,E,24.000000000000004,SSW,NE,6.0,6.0,69.0,63.00000000000001,1025.5,1022.9999999999999,6.0,7.0,23.2,24.6,No,No
2015-04-16,Brisbane,16.7,28.199999999999996,0.2,4.2,10.8,ESE,20.0,SW,ENE,6.0,9.0,71.0,53.0,1026.4,1022.2999999999998,1.0,1.0,22.3,26.5,No,No
2015-04-17,Brisbane,17.1,28.0,0.0,3.4,10.6,E,20.0,SW,NE,4.0,11.0,73.0,58.0,1024.6,1020.5,3.0,2.0,23.1,26.100000000000005,No,Yes
2015-04-18,Brisbane,18.6,27.700000000000003,3.4,4.6,10.3,ENE,24.000000000000004,SW,ENE,4.0,9.0,80.99999999999999,62.0,1023.1,1018.8,3.0,5.0,22.5,26.300000000000004,Yes,No
2015-04-19,Brisbane,19.3,28.999999999999996,0.4,4.0,7.1,NNE,19.0,WSW,N,4.0,6.0,83.0,63.00000000000001,1019.5999999999999,1016.2,6.0,7.0,22.8,26.9,No,Yes
2015-04-20,Brisbane,19.7,21.3,14.6,6.4,0.0,W,26.0,SSW,SSW,4.0,2.0,87.0,86.0,1018.2,1016.3,7.0,8.0,20.8,20.6,Yes,Yes
2015-04-21,Brisbane,14.6,21.3,2.0,2.4,9.4,W,35.0,W,WSW,13.0,14.999999999999998,49.0,45.0,1017.6,1014.9,6.0,1.0,17.1,19.9,Yes,No
2015-04-22,Brisbane,12.0,23.8,0.2,3.7999999999999994,10.8,W,28.0,W,W,13.0,6.0,61.0,45.0,1014.8,1011.2,1.0,1.0,17.5,23.3,No,No
2015-04-23,Brisbane,12.8,25.7,0.0,4.0,11.0,WSW,17.0,WSW,S,9.0,6.0,61.0,40.0,1013.3,1009.3,1.0,1.0,19.4,25.5,No,No
2015-04-24,Brisbane,15.6,28.3,0.0,4.0,9.3,WNW,24.000000000000004,SW,WSW,6.0,4.0,70.0,44.0,1011.2,1007.5,7.0,2.0,20.2,27.999999999999996,No,No
2015-04-26,Brisbane,16.7,23.4,0.0,8.0,11.0,W,50.0,WSW,W,15.0,14.999999999999998,42.0,30.000000000000004,1012.0000000000001,1010.7,0.0,1.0,19.3,22.7,No,No
2015-04-30,Brisbane,16.6,18.0,7.8,4.2,0.0,SSE,22.0,SW,SSW,4.0,6.0,90.0,91.0,1026.4,1022.1999999999999,8.0,8.0,17.3,17.1,Yes,Yes
2015-05-01,Brisbane,16.2,21.0,56.2,3.4,0.0,S,33.0,SE,SSW,9.0,13.0,95.0,95.0,1017.2,1009.5,8.0,8.0,17.9,17.5,Yes,Yes
2015-05-02,Brisbane,16.6,24.9,182.6,1.6,9.5,SSW,19.0,WNW,WSW,6.0,7.000000000000001,71.0,58.0,1013.0,1010.0,1.0,1.0,19.8,24.4,Yes,No
2015-05-03,Brisbane,16.7,24.2,0.0,3.4,7.0,W,24.000000000000004,SSE,W,4.0,13.0,69.0,64.0,1012.4,1010.0,7.0,7.0,20.6,22.7,No,No
2015-05-04,Brisbane,15.799999999999999,27.299999999999997,0.0,3.4,10.1,W,17.0,WSW,NE,6.0,6.0,79.0,49.00000000000001,1014.3,1011.4,0.0,1.0,20.3,26.600000000000005,No,No
2015-05-09,Brisbane,11.7,23.7,0.0,4.0,10.3,W,20.0,SW,WNW,6.0,9.0,60.0,34.0,1018.9,1015.2,1.0,0.0,17.6,23.4,No,No
2015-05-10,Brisbane,9.9,25.1,0.0,4.8,10.3,WNW,22.0,SW,WNW,6.0,11.0,50.0,29.0,1017.4,1013.0,0.0,0.0,18.0,24.5,No,No
2015-05-11,Brisbane,10.3,26.000000000000004,0.0,5.2,10.2,WNW,39.0,W,W,9.0,14.999999999999998,41.0,33.0,1016.3,1012.7,0.0,0.0,19.9,25.3,No,No
2015-05-13,Brisbane,9.8,24.9,0.0,3.0,10.2,W,30.0,W,W,6.0,9.0,52.0,36.0,1016.2,1012.9,0.0,1.0,19.5,24.9,No,No
2015-05-14,Brisbane,9.7,20.9,0.0,8.0,10.3,W,24.000000000000004,WSW,NW,11.0,4.0,39.0,30.000000000000004,1023.9,1022.4000000000001,0.0,0.0,13.600000000000001,20.6,No,No
2015-05-15,Brisbane,8.1,24.1,0.0,4.8,9.5,W,20.0,SW,ESE,6.0,7.000000000000001,49.0,44.0,1027.4,1024.9,1.0,1.0,16.2,22.6,No,No
2015-05-16,Brisbane,14.199999999999998,24.0,0.0,4.0,7.6,SE,35.0,SSW,SE,7.0,16.999999999999996,65.0,67.0,1029.3,1027.8,1.0,6.0,20.1,20.6,No,No
2015-05-17,Brisbane,14.900000000000002,23.0,1.0,3.7999999999999994,5.2,SSE,28.0,W,ESE,7.0,13.0,76.0,56.99999999999999,1030.1,1027.4,4.0,7.0,19.7,21.8,No,Yes
2015-05-18,Brisbane,16.9,22.9,6.6,2.2,6.2,SE,31.0,SSW,ESE,7.0,14.999999999999998,89.0,76.0,1027.7,1024.9,6.0,5.0,18.7,20.2,Yes,No
2015-05-19,Brisbane,15.9,22.7,0.8,3.2,2.9,SSW,13.0,S,N,6.0,2.0,78.0,77.0,1022.6,1018.9,6.0,6.0,19.3,21.7,No,No
2015-05-21,Brisbane,17.2,25.2,0.2,3.0,4.4,SW,22.0,NE,W,2.0,9.0,89.0,71.0,1018.9,1016.0,7.0,7.0,20.1,22.3,No,Yes
2015-05-22,Brisbane,15.4,19.9,1.4,2.8,9.9,W,46.0,W,W,13.0,16.999999999999996,56.0,45.0,1017.6,1014.8,2.0,1.0,17.2,19.3,Yes,No
2015-05-23,Brisbane,14.0,22.8,0.0,6.8,8.9,ESE,35.0,SW,SE,9.0,13.0,56.0,43.0,1023.2,1022.9999999999999,1.0,2.0,18.7,21.5,No,No
2015-05-24,Brisbane,13.699999999999998,23.6,0.0,5.0,9.6,SSE,24.000000000000004,SSW,ESE,7.0,9.0,65.0,53.0,1028.4,1026.7,1.0,1.0,18.3,22.3,No,No
2015-05-25,Brisbane,12.7,23.5,0.0,4.6,9.3,SSE,20.0,SW,ESE,4.0,11.0,69.0,49.00000000000001,1030.9,1027.6,1.0,7.0,18.3,22.2,No,No
2015-05-29,Brisbane,13.1,25.5,0.0,3.0,9.7,NE,15.0,WSW,SE,6.0,2.0,80.99999999999999,59.0,1024.8,1021.2,5.0,5.0,17.6,25.2,No,No
2015-05-30,Brisbane,15.299999999999999,27.600000000000005,0.0,2.2,9.5,NNE,15.0,SW,NE,2.0,2.0,84.0,55.0,1023.0,1018.1,6.0,6.0,18.3,25.4,No,No
2015-06-01,Brisbane,18.2,20.5,0.0,2.8,0.0,WNW,30.0,W,W,11.0,13.0,68.0,50.0,1016.8,1014.6,7.0,7.0,19.2,19.2,No,No
2015-06-02,Brisbane,9.0,19.5,0.0,5.2,10.1,WSW,20.0,WSW,WSW,6.0,6.0,56.0,42.0,1022.6,1019.2,0.0,1.0,14.100000000000001,19.0,No,No
2015-06-03,Brisbane,7.0,19.7,0.0,3.0,6.0,SSW,15.0,SW,SW,6.0,6.0,63.0,45.0,1022.9,1019.2,7.0,7.0,12.7,18.6,No,No
2015-06-04,Brisbane,7.3999999999999995,22.3,0.0,2.0,9.8,SSW,17.0,SSW,WSW,4.0,7.000000000000001,67.0,45.0,1022.5,1018.5,1.0,1.0,13.400000000000002,21.5,No,No
2015-06-05,Brisbane,7.0,21.4,0.0,2.4,10.3,W,31.0,WSW,WNW,6.0,13.0,45.0,30.000000000000004,1019.4,1015.6,0.0,1.0,16.1,20.5,No,No
2015-06-06,Brisbane,9.7,22.1,0.0,5.8,7.9,WSW,28.0,SW,SW,9.0,9.0,53.00000000000001,56.0,1022.6,1022.4000000000001,1.0,4.0,16.0,21.0,No,No
2015-06-07,Brisbane,12.3,22.8,0.0,3.0,8.5,SSE,26.0,SSW,SSE,6.0,9.0,69.0,53.0,1028.4,1026.1,3.0,3.0,17.5,21.6,No,No
2015-06-08,Brisbane,11.8,24.5,0.2,3.7999999999999994,9.1,ENE,15.0,SW,NE,6.0,6.0,71.0,56.0,1028.0,1024.2,1.0,6.0,17.1,21.1,No,No
2015-06-09,Brisbane,11.7,24.2,0.0,3.4,3.5,SW,17.0,SW,W,7.0,4.0,74.0,51.0,1025.7,1022.7,7.0,7.0,16.6,23.0,No,No
2015-06-10,Brisbane,12.7,24.2,0.0,1.0,6.1,SE,26.0,SW,ESE,7.0,11.0,76.0,53.0,1026.1,1024.4,5.0,7.0,17.2,22.6,No,No
2015-06-11,Brisbane,15.1,21.8,0.0,7.4,2.9,SE,35.0,SSE,SE,11.0,13.0,69.0,79.0,1029.6,1028.2,4.0,7.0,20.9,18.5,No,Yes
2015-06-12,Brisbane,13.400000000000002,20.1,4.6,3.4,5.5,SE,28.0,SSW,SE,7.0,9.0,75.0,69.0,1030.6,1026.9,7.0,7.0,16.6,19.0,Yes,Yes
2015-06-13,Brisbane,14.199999999999998,21.4,1.2,0.6,4.3,ESE,31.0,WSW,SE,4.0,13.0,85.0,76.0,1028.1,1025.0,7.0,7.0,17.7,19.4,Yes,Yes
2015-06-14,Brisbane,15.6,22.2,4.2,3.4,4.0,ESE,22.0,W,SSE,4.0,9.0,92.0,67.0,1026.8,1023.2,8.0,7.0,16.6,21.2,Yes,Yes
2015-06-15,Brisbane,16.0,23.2,4.0,0.8,6.5,ESE,24.000000000000004,SSW,SE,6.0,7.000000000000001,90.99999999999999,60.00000000000001,1025.6,1022.5,7.0,2.0,17.6,22.1,Yes,No
2015-06-18,Brisbane,12.0,22.7,2.4,1.0,7.8,WNW,26.0,SW,WNW,2.0,11.0,98.0,48.0,1017.2,1014.0,3.0,1.0,14.200000000000001,22.4,Yes,No
2015-06-19,Brisbane,10.4,21.6,0.0,2.6,9.2,W,35.0,WSW,WSW,9.0,11.0,62.0,39.0,1017.1,1014.0,2.0,4.0,16.9,21.3,No,No
2015-06-20,Brisbane,9.2,20.9,0.0,4.6,9.2,SW,20.0,SW,SW,7.0,6.0,65.0,44.0,1020.5000000000001,1018.3,1.0,2.0,14.9,19.4,No,No
2015-06-21,Brisbane,10.0,21.1,0.0,3.2,9.5,ESE,20.0,SW,SE,7.0,7.000000000000001,63.0,46.00000000000001,1025.5,1023.3,1.0,1.0,14.699999999999998,20.6,No,No
2015-06-22,Brisbane,12.6,20.5,0.0,3.7999999999999994,3.0,SSE,17.0,SW,ESE,4.0,7.000000000000001,71.0,61.0,1028.2,1026.0,5.0,7.0,15.6,19.6,No,No
2015-06-23,Brisbane,12.2,20.6,0.0,2.2,2.4,W,15.0,W,S,6.0,2.0,83.0,64.0,1027.7,1025.1,7.0,7.0,14.699999999999998,20.1,No,No
2015-06-24,Brisbane,12.5,19.6,0.0,1.4,1.5,SSE,17.0,SW,ESE,4.0,4.0,84.0,66.0,1025.6,1022.0,8.0,7.0,15.4,19.1,No,No
2015-06-25,Brisbane,11.2,19.6,0.0,1.0,1.9,W,19.0,SW,WSW,7.0,7.000000000000001,96.00000000000001,71.0,1022.2,1019.9,7.0,7.0,13.2,18.6,No,No
2015-06-26,Brisbane,12.6,22.7,0.2,2.2,6.8,SSE,31.0,SSW,SE,6.0,11.0,73.0,60.00000000000001,1026.2,1025.1,2.0,3.0,17.8,21.3,No,No
2015-06-27,Brisbane,14.900000000000002,22.6,0.0,3.2,6.8,SE,20.0,SW,S,7.0,9.0,66.0,68.0,1030.6,1027.6,4.0,5.0,18.3,20.7,No,Yes
2015-06-28,Brisbane,14.6,22.2,2.4,2.4,4.6,NE,22.0,SW,E,4.0,7.000000000000001,85.0,71.0,1030.8,1027.8,2.0,6.0,17.7,21.0,Yes,Yes
2015-06-29,Brisbane,15.4,18.4,6.999999999999999,2.2,0.0,SSE,24.000000000000004,SW,SSE,2.0,6.0,95.0,86.0,1031.4,1028.5,8.0,7.0,16.3,17.8,Yes,Yes
2015-06-30,Brisbane,14.199999999999998,23.1,4.0,1.4,8.3,SSW,19.0,SW,NE,6.0,6.0,83.0,56.0,1028.0,1023.9000000000001,1.0,3.0,16.9,21.7,Yes,No
2015-07-01,Brisbane,12.400000000000002,23.3,0.2,2.8,7.4,WNW,17.0,SW,W,4.0,7.000000000000001,85.99999999999999,53.0,1024.5,1020.5,7.0,3.0,15.8,22.7,No,No
2015-07-02,Brisbane,12.2,19.6,0.0,1.2,8.7,W,33.0,WSW,W,6.0,13.0,66.0,32.0,1022.4,1018.1,1.0,4.0,16.5,19.4,No,No
2015-07-03,Brisbane,7.8,20.7,0.0,4.4,9.5,W,26.0,SW,SSW,9.0,6.0,53.00000000000001,39.0,1023.2,1021.0,0.0,2.0,12.800000000000002,20.5,No,No
2015-07-04,Brisbane,9.9,21.3,0.0,3.4,6.8,SSW,17.0,WSW,WNW,6.0,6.0,67.0,50.0,1024.3,1020.7,3.0,1.0,14.499999999999998,20.8,No,No
2015-07-05,Brisbane,9.7,22.8,0.0,2.8,9.7,W,20.0,WSW,WNW,6.0,9.0,80.0,37.0,1023.1,1019.6,2.0,1.0,14.699999999999998,22.0,No,No
2015-07-06,Brisbane,9.3,24.1,0.0,2.4,9.8,WNW,19.0,WSW,WNW,4.0,7.000000000000001,72.0,41.0,1020.0,1015.3,1.0,1.0,14.399999999999999,23.6,No,No
2015-07-07,Brisbane,10.2,23.0,0.0,2.8,10.0,W,20.0,SSW,S,4.0,6.0,56.0,24.0,1018.6,1016.5,0.0,0.0,16.9,22.6,No,No
2015-07-08,Brisbane,7.0,20.4,0.0,5.0,6.8,SSE,24.000000000000004,SSW,SE,6.0,9.0,61.0,56.0,1024.2,1023.1000000000001,1.0,7.0,14.699999999999998,18.7,No,No
2015-07-09,Brisbane,11.9,19.4,0.0,2.0,5.4,SE,24.000000000000004,WSW,ESE,6.0,7.000000000000001,71.0,62.0,1028.1,1025.5,2.0,6.0,15.6,18.2,No,No
2015-07-10,Brisbane,9.7,20.2,0.2,2.2,1.6,NE,24.000000000000004,SW,ENE,6.0,7.000000000000001,74.0,73.0,1025.9,1021.4,5.0,7.0,14.8,17.9,No,No
2015-07-11,Brisbane,11.4,21.2,0.4,1.8,7.700000000000001,NNW,24.000000000000004,SSW,NE,4.0,7.000000000000001,92.0,72.0,1019.7,1013.9,6.0,6.0,13.7,20.2,No,No
2015-07-12,Brisbane,12.2,18.3,0.6,2.8,9.9,W,54.0,WSW,W,19.0,19.0,50.0,28.0,1015.4,1011.3,1.0,0.0,13.0,17.8,No,No
2015-07-13,Brisbane,8.4,18.2,0.2,6.8,9.7,WNW,48.00000000000001,W,W,13.0,22.0,49.0,42.0,1015.9,1012.3,1.0,2.0,12.9,16.8,No,No
2015-07-14,Brisbane,10.2,19.2,0.0,7.4,10.0,WSW,41.0,W,W,9.0,19.0,49.0,37.0,1018.0,1014.2,1.0,1.0,13.300000000000002,18.4,No,No
2015-07-15,Brisbane,5.4,18.2,0.0,3.7999999999999994,3.2,SW,11.0,SW,SE,4.0,4.0,66.0,45.0,1020.1999999999999,1016.8,7.0,6.0,11.1,16.7,No,No
2015-07-16,Brisbane,7.599999999999999,17.4,0.0,2.6,5.2,W,19.0,SSW,WNW,4.0,7.000000000000001,80.0,49.00000000000001,1019.5999999999999,1015.3,7.0,7.0,10.5,16.1,No,No
2015-07-17,Brisbane,6.9,16.1,0.0,3.2,9.7,W,56.0,W,W,19.0,19.999999999999996,57.0,48.0,1018.2,1015.8,1.0,1.0,10.1,14.3,No,No
2015-07-18,Brisbane,6.9,19.4,0.0,5.0,10.0,WSW,22.0,WSW,NE,9.0,2.0,52.0,37.0,1023.4,1022.1999999999999,0.0,1.0,11.9,18.9,No,No
2015-07-19,Brisbane,8.2,19.3,0.0,3.2,5.1,ESE,26.0,SW,SSE,9.0,7.000000000000001,63.0,60.00000000000001,1028.2,1025.4,4.0,6.0,13.899999999999999,18.4,No,No
2015-07-20,Brisbane,11.7,20.9,0.0,2.8,7.299999999999999,E,35.0,WSW,ESE,6.0,13.0,74.0,53.0,1030.4,1027.8,7.0,1.0,14.399999999999999,19.7,No,No
2015-07-21,Brisbane,10.6,21.6,0.2,4.0,6.6,ENE,31.0,WSW,E,6.0,14.999999999999998,77.0,58.0,1031.0,1028.5,7.0,7.0,15.3,19.7,No,Yes
2015-07-22,Brisbane,10.1,18.7,2.8,3.0,0.0,ESE,19.0,SW,ESE,2.0,4.0,85.99999999999999,92.00000000000001,1029.6,1025.4,8.0,8.0,13.300000000000002,17.7,Yes,Yes
2015-07-23,Brisbane,12.900000000000002,23.1,4.4,0.4,8.1,E,17.0,S,E,4.0,7.000000000000001,85.99999999999999,70.0,1025.6,1022.0,4.0,2.0,17.6,21.5,Yes,No
2015-07-24,Brisbane,14.1,24.4,0.0,1.6,6.6,W,24.000000000000004,SW,NE,4.0,9.0,97.0,65.0,1022.7,1017.7,7.0,5.0,17.0,23.7,No,No
2015-07-25,Brisbane,16.5,24.3,0.0,2.4,4.1,W,22.0,WSW,W,6.0,6.0,76.0,52.0,1022.2,1018.8,7.0,1.0,17.6,24.1,No,No
2015-07-26,Brisbane,13.1,25.1,0.2,1.6,6.0,W,26.0,WSW,WSW,2.0,11.0,79.0,64.0,1021.6,1017.7,6.0,7.0,17.2,23.8,No,No
2015-07-27,Brisbane,13.5,22.9,0.0,3.6,9.2,W,24.000000000000004,WNW,W,11.0,11.0,53.00000000000001,35.0,1024.6,1021.6,1.0,5.0,18.2,21.9,No,No
2015-07-28,Brisbane,10.0,21.4,0.0,4.8,9.1,ESE,22.0,SW,S,7.0,4.0,51.0,36.0,1030.2,1027.6,3.0,2.0,14.8,21.3,No,No
2015-07-29,Brisbane,7.8,21.7,0.0,4.6,10.0,WSW,19.0,SW,SSE,7.0,7.000000000000001,54.0,32.0,1032.4,1027.9,1.0,1.0,13.999999999999998,20.8,No,No
2015-07-30,Brisbane,10.2,22.8,0.0,4.0,10.1,SW,19.0,SW,ENE,7.0,6.0,60.0,48.0,1028.5,1024.0,1.0,1.0,15.199999999999998,21.9,No,No
2015-07-31,Brisbane,9.7,24.1,0.0,3.0,10.2,W,24.000000000000004,SSW,W,4.0,7.000000000000001,80.99999999999999,35.0,1024.5,1020.1,1.0,0.0,13.600000000000001,23.5,No,No
2015-08-01,Brisbane,9.1,23.6,0.0,3.0,10.0,ENE,19.0,WSW,ENE,4.0,9.0,63.0,49.00000000000001,1024.4,1020.8,0.0,1.0,14.499999999999998,22.2,No,No
2015-08-02,Brisbane,10.0,25.7,0.0,4.0,10.1,N,22.0,SSW,NE,4.0,9.0,68.0,56.0,1023.5,1018.8,0.0,1.0,15.6,23.6,No,No
2015-08-03,Brisbane,10.6,26.7,0.0,3.6,9.8,WSW,26.0,WSW,ENE,6.0,9.0,71.0,53.99999999999999,1019.5,1014.3,2.0,1.0,18.6,25.1,No,No
2015-08-04,Brisbane,13.5,21.8,0.0,3.7999999999999994,6.8,W,30.0,SW,S,6.0,6.0,47.0,52.0,1019.5999999999999,1016.7,4.0,5.0,16.9,20.0,No,No
2015-08-05,Brisbane,7.8999999999999995,19.1,0.0,5.6,10.3,WNW,33.0,WSW,W,9.0,14.999999999999998,44.0,29.0,1017.2,1013.1,0.0,0.0,12.2,18.6,No,No
2015-08-06,Brisbane,6.1,21.1,0.0,5.6,10.2,WSW,26.0,WSW,W,9.0,6.0,46.0,26.999999999999996,1018.0,1014.8,0.0,1.0,14.200000000000001,20.5,No,No
2015-08-07,Brisbane,7.7,21.4,0.0,3.2,9.7,SW,24.000000000000004,WSW,SSE,9.0,2.0,47.0,32.0,1022.4,1019.5,0.0,3.0,14.3,20.0,No,No
2015-08-08,Brisbane,7.5,22.1,0.0,3.4,10.1,ENE,19.0,SSW,ENE,6.0,7.000000000000001,56.0,33.0,1022.8,1018.9,0.0,2.0,13.2,20.4,No,No
2015-08-09,Brisbane,7.8,22.5,0.0,4.4,10.2,ENE,20.0,SW,ENE,6.0,9.0,63.0,48.0,1023.5,1019.2,1.0,1.0,14.499999999999998,20.9,No,No
2015-08-10,Brisbane,9.3,23.0,0.0,2.8,10.0,ENE,19.0,WSW,NE,4.0,9.0,72.0,55.0,1021.4,1016.2,1.0,1.0,15.4,21.6,No,No
2015-08-11,Brisbane,8.6,26.4,0.0,2.4,10.1,NE,20.0,SSW,NNE,4.0,7.000000000000001,62.0,52.0,1019.5,1015.0,0.0,1.0,14.599999999999998,23.3,No,No
2015-08-12,Brisbane,11.8,28.4,0.2,4.0,7.8,W,46.0,ESE,NNW,2.0,7.000000000000001,69.0,47.0,1013.8,1007.3,3.0,3.0,18.3,24.4,No,Yes
2015-08-13,Brisbane,12.3,22.3,3.6000000000000005,7.0,10.5,W,39.0,WSW,WSW,15.0,14.999999999999998,39.0,23.000000000000004,1018.0,1016.4,0.0,0.0,15.4,21.8,Yes,No
2015-08-14,Brisbane,8.4,23.0,0.0,6.8,10.2,SW,17.0,SW,SSE,7.0,4.0,48.00000000000001,26.999999999999996,1025.2,1022.1,0.0,0.0,15.3,22.4,No,No
2015-08-15,Brisbane,8.0,22.6,0.0,4.0,9.1,ENE,20.0,SW,ENE,6.0,7.000000000000001,62.0,56.0,1028.1,1025.1,4.0,2.0,13.400000000000002,19.9,No,No
2015-08-16,Brisbane,10.7,21.7,0.0,3.7999999999999994,4.3,SE,22.0,SW,SE,9.0,7.000000000000001,66.0,62.0,1026.2,1022.4000000000001,5.0,7.0,16.4,19.5,No,No
2015-08-17,Brisbane,11.3,23.4,0.0,2.8,10.3,NE,20.0,WSW,N,6.0,6.0,73.0,49.00000000000001,1020.6,1015.5,1.0,3.0,17.0,21.9,No,No
2015-08-18,Brisbane,10.3,24.2,0.0,3.2,10.5,E,19.0,SW,ENE,7.0,9.0,53.00000000000001,37.0,1020.6,1017.5,0.0,1.0,17.0,22.1,No,No
2015-08-19,Brisbane,10.0,22.8,0.0,4.8,10.0,SSE,20.0,SW,E,6.0,9.0,60.0,48.0,1024.9,1022.4000000000001,2.0,2.0,15.6,20.5,No,No
2015-08-20,Brisbane,11.4,22.1,0.0,4.4,6.3,E,28.0,SW,E,6.0,11.0,65.0,53.0,1027.2,1024.4,2.0,6.0,17.5,20.6,No,No
2015-08-21,Brisbane,15.299999999999999,22.4,0.4,3.0,2.6,SE,31.0,S,ENE,2.0,13.0,76.0,77.0,1026.6,1024.1,7.0,8.0,18.5,18.7,No,Yes
2015-08-22,Brisbane,16.9,24.5,2.2,4.0,9.5,E,20.0,SSW,NNE,4.0,9.0,83.0,64.0,1025.8,1021.6,5.0,3.0,19.7,23.5,Yes,No
2015-08-24,Brisbane,17.1,25.3,0.0,2.4,8.2,NE,20.0,N,NE,6.0,9.0,65.0,67.0,1021.6,1017.0,2.0,6.0,22.6,23.4,No,Yes
2015-08-25,Brisbane,16.8,29.1,2.2,4.6,9.9,W,28.0,W,ENE,6.0,4.0,75.0,55.0,1019.2,1016.0,1.0,2.0,21.9,27.200000000000003,Yes,No
2015-08-26,Brisbane,15.700000000000001,28.500000000000004,0.0,5.2,10.2,W,20.0,WSW,NW,9.0,9.0,44.0,36.0,1021.1,1017.1,3.0,2.0,21.7,28.099999999999998,No,No
2015-08-27,Brisbane,16.2,23.9,0.0,4.0,0.3,SW,30.0,SSW,SW,2.0,7.000000000000001,52.0,74.0,1021.8,1019.9,7.0,8.0,18.9,16.9,No,Yes
2015-08-28,Brisbane,14.799999999999999,24.7,5.0,1.6,6.1,W,19.0,WSW,SE,4.0,4.0,84.0,44.0,1022.4,1018.5,7.0,1.0,17.5,24.4,Yes,No
2015-08-29,Brisbane,11.9,22.9,0.2,4.0,5.2,ENE,19.0,SW,ENE,6.0,7.000000000000001,58.00000000000001,53.99999999999999,1023.4,1018.5,7.0,7.0,17.4,21.0,No,Yes
2015-08-30,Brisbane,14.1,23.2,13.6,5.6,9.2,W,33.0,W,W,7.0,14.999999999999998,59.0,29.0,1017.9,1013.6,4.0,1.0,18.1,22.3,Yes,No
2015-08-31,Brisbane,11.3,23.7,0.2,10.0,11.1,W,26.0,WSW,W,7.0,11.0,44.0,25.0,1016.9,1013.0,1.0,1.0,17.8,22.9,No,No
2015-09-03,Brisbane,16.3,25.3,2.4,3.0,7.6,WNW,48.00000000000001,N,W,6.0,19.0,85.0,21.0,1011.6,1008.6,7.0,1.0,19.7,25.3,Yes,No
2015-09-04,Brisbane,12.7,24.9,0.2,8.2,9.8,W,26.0,WSW,NNE,9.0,7.000000000000001,45.0,44.0,1018.4,1016.6,1.0,3.0,18.6,22.7,No,No
2015-09-05,Brisbane,12.0,23.6,0.0,6.8,9.3,E,22.0,SSW,ESE,6.0,11.0,61.0,53.0,1022.7,1018.8,1.0,3.0,19.4,21.3,No,No
2015-09-06,Brisbane,13.400000000000002,24.0,0.0,4.2,6.1,NNE,19.0,W,NE,6.0,7.000000000000001,69.0,53.0,1023.9,1019.5,6.0,6.0,19.2,23.2,No,No
2015-09-07,Brisbane,13.8,25.5,0.0,4.0,8.6,NE,26.0,NE,NE,2.0,11.0,68.0,65.0,1023.1,1019.3,3.0,3.0,21.0,22.3,No,No
2015-09-08,Brisbane,14.799999999999999,28.099999999999998,0.0,5.0,9.5,W,31.0,NNW,NW,6.0,6.0,54.0,38.0,1020.3,1014.6,3.0,4.0,21.9,27.300000000000004,No,No
2015-09-09,Brisbane,10.7,25.6,0.0,6.6,10.8,WNW,28.0,WSW,W,7.0,6.0,36.0,21.0,1022.6,1018.6,0.0,0.0,18.9,25.2,No,No
2015-09-10,Brisbane,11.0,25.0,0.0,5.2,10.8,E,37.0,SW,E,6.0,13.0,54.0,47.0,1027.6,1025.1,1.0,2.0,19.1,22.1,No,No
2015-09-11,Brisbane,13.3,21.6,0.0,6.2,1.9,SE,35.0,SW,ESE,6.0,11.0,60.0,67.0,1030.2,1027.8,7.0,7.0,19.2,19.6,No,No
2015-09-12,Brisbane,15.700000000000001,24.5,0.0,3.4,7.1,ESE,31.0,SSW,ESE,4.0,9.0,52.0,42.0,1029.3,1025.1,6.0,4.0,20.8,23.7,No,No
2015-09-13,Brisbane,13.199999999999998,25.4,0.0,5.0,9.4,E,28.0,WSW,ESE,4.0,11.0,62.0,49.00000000000001,1028.1,1024.6,3.0,3.0,20.0,23.6,No,No
2015-09-14,Brisbane,12.7,25.4,0.0,5.2,8.3,NE,24.000000000000004,SSW,NE,4.0,11.0,62.0,52.0,1026.9,1022.9999999999999,5.0,5.0,19.4,23.8,No,No
2015-09-15,Brisbane,13.400000000000002,25.6,0.0,4.6,10.8,NE,24.000000000000004,WSW,NE,4.0,11.0,64.0,56.0,1023.2,1018.3,2.0,1.0,21.1,23.5,No,No
2015-09-16,Brisbane,13.0,27.399999999999995,0.0,5.0,10.4,WSW,26.0,NW,ENE,2.0,11.0,65.0,53.99999999999999,1019.7,1014.6,1.0,2.0,21.1,25.7,No,Yes
2015-09-18,Brisbane,12.5,22.8,18.0,0.8,7.299999999999999,SSE,37.0,S,S,13.0,13.0,56.0,80.0,1018.3,1018.4,1.0,7.0,18.1,17.4,Yes,No
2015-09-19,Brisbane,13.0,24.0,0.6,4.4,9.0,SSE,33.0,S,E,7.0,19.0,53.00000000000001,48.0,1021.7,1018.3,3.0,7.0,20.5,22.4,No,No
2015-09-20,Brisbane,13.400000000000002,23.3,0.0,5.6,9.0,SSE,31.0,SSW,SSE,7.0,9.0,58.00000000000001,60.00000000000001,1020.7,1017.3,2.0,5.0,20.3,21.0,No,Yes
2015-09-21,Brisbane,14.199999999999998,24.3,1.6,5.2,10.8,E,24.000000000000004,S,E,7.0,9.0,59.0,56.0,1021.0,1017.5,2.0,2.0,20.8,22.1,Yes,No
2015-09-22,Brisbane,13.5,29.399999999999995,0.0,5.4,10.3,WNW,28.0,WNW,W,2.0,7.000000000000001,60.0,26.999999999999996,1018.2,1012.9,0.0,5.0,21.7,27.799999999999997,No,No
2015-09-23,Brisbane,14.699999999999998,23.5,0.0,6.0,7.6,ENE,28.0,WSW,ESE,9.0,11.0,51.0,56.99999999999999,1019.0,1016.7,2.0,5.0,19.1,18.9,No,No
2015-09-24,Brisbane,11.1,23.1,0.6,5.4,11.2,E,28.0,SSW,ENE,7.0,19.999999999999996,39.0,41.0,1022.0,1017.8,1.0,1.0,17.4,20.6,No,No
2015-09-25,Brisbane,9.4,23.4,0.2,6.8,6.9,S,26.0,WSW,S,9.0,6.0,51.0,39.0,1022.8,1019.3,2.0,4.0,18.7,22.6,No,No
2015-09-26,Brisbane,13.699999999999998,23.1,0.0,3.6,8.1,ESE,35.0,S,SSE,9.0,13.0,53.00000000000001,55.0,1022.9,1019.5,3.0,5.0,20.6,20.4,No,No
2015-09-27,Brisbane,12.400000000000002,24.1,0.4,5.4,8.4,E,24.000000000000004,SW,ENE,6.0,7.000000000000001,57.0,90.0,1022.2,1018.8,2.0,5.0,19.7,15.8,No,Yes
2015-09-28,Brisbane,11.8,24.8,12.2,4.4,10.5,NE,22.0,SSW,NE,6.0,7.000000000000001,68.0,51.0,1021.4,1016.7,3.0,1.0,18.5,24.0,Yes,No
2015-09-29,Brisbane,13.1,25.7,0.0,4.0,8.2,WNW,31.0,S,NW,2.0,6.0,61.0,73.0,1021.8,1018.2,1.0,7.0,22.1,16.2,No,Yes
2015-09-30,Brisbane,12.0,26.6,7.8,6.4,10.8,NE,26.0,NE,NE,4.0,14.999999999999998,59.0,56.99999999999999,1023.0,1019.3,0.0,3.0,21.7,24.2,Yes,No
2015-10-01,Brisbane,14.0,27.700000000000003,0.0,5.0,10.8,ENE,22.0,NE,ENE,2.0,11.0,53.00000000000001,46.00000000000001,1026.9,1024.0,0.0,2.0,22.6,25.7,No,No
2015-10-02,Brisbane,14.799999999999999,29.300000000000004,0.0,5.0,11.3,ENE,26.0,SW,ENE,4.0,9.0,64.0,21.0,1031.1,1028.3,1.0,1.0,22.3,28.299999999999997,No,No
2015-10-03,Brisbane,15.799999999999999,27.8,0.0,6.8,11.6,E,26.0,SSE,E,9.0,13.0,55.0,41.0,1032.7,1028.2,1.0,1.0,23.6,26.0,No,No
2015-10-04,Brisbane,14.199999999999998,28.999999999999996,0.0,7.4,11.3,NE,17.0,WSW,NE,4.0,7.000000000000001,64.0,40.0,1029.3,1024.9,0.0,0.0,22.3,27.700000000000003,No,No
2015-10-05,Brisbane,13.3,33.8,0.0,6.0,11.4,ENE,20.0,SW,NE,6.0,7.000000000000001,45.0,17.0,1026.7,1022.9,0.0,0.0,24.9,31.4,No,No
2015-10-06,Brisbane,12.900000000000002,30.7,0.0,7.2,10.0,ENE,20.0,WNW,NE,4.0,9.0,51.0,21.0,1027.0,1023.3,0.0,0.0,23.9,29.8,No,No
2015-10-07,Brisbane,14.6,28.3,0.0,6.2,11.4,NE,20.0,NNE,ENE,4.0,7.000000000000001,58.00000000000001,48.0,1027.0,1024.2,1.0,0.0,23.9,27.099999999999998,No,No
2015-10-08,Brisbane,17.2,25.7,0.0,6.4,5.8,SE,39.0,SE,SE,11.0,13.0,59.0,61.0,1032.0,1029.2,6.0,7.0,23.3,23.6,No,Yes
2015-10-09,Brisbane,18.5,25.1,5.799999999999999,6.6,2.6,ESE,33.0,SE,E,15.0,14.999999999999998,73.0,60.00000000000001,1032.1,1028.7,7.0,5.0,20.8,23.0,Yes,No
2015-10-10,Brisbane,17.2,25.6,0.2,4.6,9.6,E,26.0,ESE,ENE,13.0,9.0,52.0,48.0,1029.8,1026.3,5.0,3.0,22.6,23.8,No,No
2015-10-11,Brisbane,14.699999999999998,25.9,0.0,7.2,11.3,ENE,26.0,NNE,NE,6.0,11.0,48.00000000000001,48.0,1026.5,1022.1,3.0,1.0,23.1,24.6,No,No
2015-10-12,Brisbane,15.1,27.399999999999995,0.0,7.2,11.4,NE,31.0,NNW,NE,9.0,13.0,51.0,53.0,1023.5,1018.3,1.0,1.0,23.8,25.600000000000005,No,No
2015-10-13,Brisbane,16.6,28.0,0.0,7.599999999999999,9.1,E,30.0,NE,NE,6.0,13.0,53.00000000000001,65.0,1020.8,1017.5,1.0,7.0,25.3,24.6,No,No
2015-10-15,Brisbane,17.6,26.900000000000002,4.4,3.2,10.2,E,28.0,ESE,ENE,7.0,11.0,60.0,51.0,1025.4,1021.8,4.0,2.0,24.5,25.7,Yes,No
2015-10-16,Brisbane,16.9,26.6,0.0,6.8,11.8,ENE,26.0,SE,ENE,9.0,13.0,58.00000000000001,53.99999999999999,1025.0,1022.0,3.0,4.0,24.1,25.5,No,No
2015-10-17,Brisbane,16.3,27.600000000000005,0.0,6.8,10.8,ENE,24.000000000000004,W,ENE,6.0,13.0,59.0,49.00000000000001,1024.7,1021.4,3.0,1.0,23.3,26.300000000000004,No,No
2015-10-18,Brisbane,17.3,27.1,0.0,5.8,11.2,E,35.0,E,E,7.0,14.999999999999998,55.0,51.0,1025.7,1023.5000000000001,6.0,2.0,24.2,25.8,No,No
2015-10-19,Brisbane,15.199999999999998,26.499999999999996,0.0,7.4,11.2,ENE,30.0,E,ESE,7.0,14.999999999999998,61.0,50.0,1026.0,1022.8000000000001,4.0,3.0,23.9,25.0,No,No
2015-10-20,Brisbane,14.400000000000002,26.800000000000004,0.0,7.4,12.0,ENE,24.000000000000004,W,ENE,4.0,13.0,58.00000000000001,52.0,1024.4,1020.9,3.0,2.0,23.8,25.1,No,No
2015-10-21,Brisbane,15.5,27.2,0.0,5.6,12.1,ENE,31.0,ENE,NE,6.0,13.0,55.0,46.00000000000001,1020.5000000000001,1015.9,1.0,1.0,24.1,25.7,No,No
2015-10-22,Brisbane,16.6,29.300000000000004,0.0,9.0,6.9,W,65.0,NE,NE,9.0,13.0,52.0,63.00000000000001,1014.8,1008.5,3.0,4.0,25.600000000000005,25.8,No,Yes
2015-10-23,Brisbane,18.9,27.299999999999997,20.8,7.4,10.7,ESE,33.0,S,ESE,4.0,16.999999999999996,69.0,50.0,1017.3,1015.2,1.0,1.0,23.6,26.100000000000005,Yes,No
2015-10-24,Brisbane,17.4,24.3,0.0,7.599999999999999,2.8,ESE,22.0,ESE,ESE,9.0,9.0,61.0,67.0,1023.2,1020.4,7.0,7.0,22.7,22.0,No,Yes
2015-10-25,Brisbane,18.4,25.4,1.2,4.0,6.5,ENE,24.000000000000004,NNE,NE,4.0,9.0,62.0,59.0,1024.2,1020.9,7.0,6.0,23.1,24.1,Yes,No
2015-10-26,Brisbane,17.9,28.4,0.0,6.2,10.2,NE,33.0,WNW,NE,7.0,14.999999999999998,62.0,68.0,1021.5,1017.0,3.0,4.0,24.2,24.7,No,Yes
2015-10-27,Brisbane,17.9,30.7,4.8,7.4,10.5,ESE,37.0,NW,SE,4.0,16.999999999999996,53.00000000000001,62.0,1018.5,1016.7,1.0,4.0,25.9,26.2,Yes,Yes
2015-10-28,Brisbane,17.6,22.3,13.2,7.599999999999999,1.3,SE,22.0,SSE,ESE,7.0,7.000000000000001,74.0,82.0,1022.4,1019.9,7.0,8.0,21.0,20.2,Yes,Yes
2015-10-29,Brisbane,17.3,23.1,5.0,3.4,0.4,E,22.0,SE,ESE,6.0,9.0,80.0,64.0,1022.3,1019.9,7.0,7.0,19.9,21.6,Yes,No
2015-10-30,Brisbane,18.0,24.1,0.2,4.0,5.5,E,24.000000000000004,ESE,ENE,6.0,9.0,56.0,56.99999999999999,1023.1,1020.8,7.0,7.0,22.7,22.7,No,No
2015-10-31,Brisbane,16.2,25.2,0.0,4.8,11.6,ENE,26.0,NNE,ENE,7.0,13.0,54.0,50.0,1022.7,1019.7,3.0,2.0,22.9,23.8,No,No
2015-11-01,Brisbane,16.6,27.0,0.0,6.6,8.5,NE,26.0,NW,NE,7.0,9.0,56.0,48.0,1020.6,1016.4,7.0,7.0,23.6,24.9,No,No
2015-11-02,Brisbane,18.8,29.5,0.0,9.0,12.0,ENE,33.0,WNW,NE,6.0,14.999999999999998,51.0,61.0,1018.4,1014.0,3.0,2.0,25.8,26.7,No,No
2015-11-03,Brisbane,18.3,30.500000000000004,0.0,8.0,11.5,NE,28.0,NE,NE,6.0,13.0,51.0,56.99999999999999,1015.4,1012.8,1.0,3.0,28.099999999999998,27.900000000000002,No,Yes
2015-11-04,Brisbane,20.1,29.8,11.599999999999998,9.0,9.4,NNE,24.000000000000004,ENE,NNE,2.0,7.000000000000001,72.0,63.00000000000001,1015.9,1011.8,6.0,3.0,25.600000000000005,27.700000000000003,Yes,No
2015-11-05,Brisbane,22.1,29.1,0.0,5.8,8.8,NE,22.0,WNW,ENE,6.0,11.0,63.0,64.0,1014.5,1010.9,6.0,7.0,26.100000000000005,27.599999999999998,No,Yes
2015-11-06,Brisbane,19.8,29.300000000000004,19.0,7.800000000000001,5.5,NNW,26.0,NE,ENE,2.0,13.0,67.0,69.0,1013.3,1008.7,7.0,3.0,25.0,26.7,Yes,No
2015-11-07,Brisbane,19.5,33.3,0.0,4.0,9.2,SSE,37.0,NW,ENE,6.0,13.0,48.00000000000001,52.0,1011.3,1007.6,4.0,5.0,29.199999999999996,30.0,No,No
2015-11-08,Brisbane,22.1,25.0,0.4,7.800000000000001,0.7,SE,28.0,E,NE,11.0,6.0,75.0,71.0,1014.5,1012.4,8.0,8.0,23.6,24.2,No,Yes
2015-11-09,Brisbane,18.3,25.9,13.999999999999998,3.7999999999999994,0.4,ESE,39.0,S,ESE,6.0,16.999999999999996,78.0,55.0,1017.1,1014.4,7.0,7.0,21.7,24.5,Yes,No
2015-11-10,Brisbane,17.0,26.6,0.0,5.6,11.9,ENE,24.000000000000004,E,ENE,2.0,11.0,59.0,53.0,1016.2,1013.0,4.0,2.0,23.3,24.8,No,No
2015-11-11,Brisbane,17.3,26.499999999999996,0.0,6.4,8.9,ENE,28.0,SE,E,7.0,14.999999999999998,70.0,46.00000000000001,1019.1,1017.3,7.0,3.0,22.1,26.0,No,No
2015-11-12,Brisbane,17.2,26.4,0.0,7.2,7.8,E,26.0,ESE,ENE,11.0,9.0,60.0,60.00000000000001,1021.2,1018.1,7.0,7.0,24.2,24.6,No,No
2015-11-13,Brisbane,19.0,28.099999999999998,0.0,6.6,12.3,NE,28.0,NE,NE,4.0,11.0,65.0,56.0,1016.6,1012.1,5.0,1.0,24.5,27.000000000000004,No,No
2015-11-14,Brisbane,19.8,26.7,1.0,7.0,3.2,N,24.000000000000004,S,NNE,4.0,4.0,80.99999999999999,80.0,1012.9,1006.8,7.0,7.0,22.7,23.8,No,Yes
2015-11-15,Brisbane,19.7,27.299999999999997,10.6,3.6,8.8,SE,41.0,SSW,SE,9.0,19.0,65.0,53.99999999999999,1010.9,1009.5,7.0,5.0,24.5,25.9,Yes,No
2015-11-16,Brisbane,17.9,27.0,0.2,6.4,9.8,ESE,35.0,SSE,E,9.0,13.0,47.0,53.99999999999999,1016.0,1013.7,4.0,7.0,24.6,24.7,No,No
2015-11-17,Brisbane,16.5,26.000000000000004,0.6,7.0,12.6,E,28.0,SE,NE,7.0,11.0,55.0,51.0,1019.5,1017.6,5.0,2.0,23.8,23.9,No,No
2015-11-18,Brisbane,16.1,28.199999999999996,0.0,7.599999999999999,13.0,N,22.0,NE,NNE,4.0,7.000000000000001,53.00000000000001,48.0,1020.1,1016.5,2.0,1.0,24.1,27.4,No,No
2015-11-19,Brisbane,17.2,33.4,0.0,7.0,11.9,ENE,22.0,N,ENE,2.0,11.0,54.0,53.0,1018.0,1014.1,0.0,1.0,26.800000000000004,30.2,No,No
2015-11-20,Brisbane,18.7,30.9,0.0,8.0,12.7,NE,26.0,ENE,NNE,7.0,11.0,48.00000000000001,46.00000000000001,1017.5,1014.0,0.0,1.0,30.1,29.899999999999995,No,No
2015-11-21,Brisbane,19.9,33.3,0.0,9.2,12.2,ESE,41.0,ENE,ENE,6.0,13.0,39.0,53.99999999999999,1015.5,1011.2,0.0,0.0,29.6,30.3,No,No
2015-11-22,Brisbane,22.4,28.4,0.0,9.0,1.8,SE,31.0,E,ESE,13.0,9.0,71.0,73.0,1017.9,1015.1,8.0,8.0,24.6,24.5,No,No
2015-11-23,Brisbane,22.0,29.9,0.0,3.7999999999999994,11.6,NE,31.0,ENE,NE,7.0,13.0,59.0,59.0,1014.6,1010.7,3.0,1.0,27.500000000000004,28.400000000000002,No,No
2015-11-24,Brisbane,20.2,30.500000000000004,0.0,7.800000000000001,11.1,E,24.000000000000004,E,E,6.0,13.0,59.0,62.0,1014.7,1012.4,3.0,5.0,28.099999999999998,28.200000000000003,No,No
2015-11-25,Brisbane,23.3,30.999999999999996,0.0,9.6,12.4,NE,24.000000000000004,N,NE,6.0,9.0,60.0,53.99999999999999,1016.1,1012.2,4.0,1.0,27.700000000000003,29.699999999999996,No,No
2015-11-26,Brisbane,21.6,31.799999999999997,0.0,8.4,12.1,NE,31.0,N,NNE,6.0,13.0,56.0,62.0,1013.4,1008.3,1.0,2.0,28.200000000000003,29.699999999999996,No,No
2015-11-27,Brisbane,23.5,31.1,0.0,8.6,10.1,E,35.0,E,ENE,15.0,11.0,59.0,56.99999999999999,1012.1,1010.1,3.0,3.0,28.099999999999998,29.8,No,No
2015-11-28,Brisbane,23.1,30.4,0.0,8.2,7.299999999999999,E,24.000000000000004,NNW,NE,4.0,11.0,62.0,65.0,1014.5,1012.4,6.0,5.0,27.4,29.399999999999995,No,No
2015-11-29,Brisbane,24.1,30.999999999999996,0.2,6.7,8.7,WNW,57.0,NNE,NE,7.0,14.999999999999998,58.00000000000001,64.0,1013.6,1009.1,3.0,6.0,29.699999999999996,28.999999999999996,No,Yes
2015-11-30,Brisbane,20.6,31.799999999999997,16.6,11.0,10.3,NE,28.0,NNE,NE,7.0,11.0,63.0,65.0,1012.7,1009.8,3.0,6.0,28.999999999999996,29.899999999999995,Yes,No
2015-12-01,Brisbane,22.1,31.300000000000004,0.0,8.0,8.2,NE,30.0,NNE,NE,6.0,11.0,58.00000000000001,64.0,1015.6,1013.2,3.0,8.0,29.199999999999996,28.499999999999996,No,No
2015-12-02,Brisbane,23.8,27.9,0.4,7.599999999999999,0.2,WNW,22.0,NNW,WNW,6.0,6.0,69.0,75.0,1016.2,1015.1,7.0,7.0,26.600000000000005,25.1,No,Yes
2015-12-03,Brisbane,21.2,27.9,2.0,2.0,6.9,SE,35.0,SSW,SSE,7.0,13.0,78.0,42.0,1020.5000000000001,1019.9,7.0,7.0,24.1,26.5,Yes,No
2015-12-04,Brisbane,17.3,25.6,0.2,10.0,4.2,SSE,33.0,S,SSE,9.0,11.0,52.0,56.0,1022.0,1019.8,7.0,7.0,23.8,24.0,No,No
2015-12-05,Brisbane,16.9,28.4,0.0,5.6,12.7,ESE,33.0,S,ESE,7.0,16.999999999999996,51.0,48.0,1020.1999999999999,1016.9,4.0,2.0,25.4,25.8,No,No
2015-12-06,Brisbane,17.5,29.1,0.0,9.0,13.1,E,35.0,ESE,E,6.0,14.999999999999998,50.0,42.0,1018.9,1016.1,3.0,1.0,25.9,27.099999999999998,No,No
2015-12-07,Brisbane,18.0,29.8,0.0,9.6,13.1,ENE,28.0,ESE,ENE,6.0,11.0,55.0,53.99999999999999,1019.9000000000001,1017.6,2.0,5.0,27.500000000000004,28.400000000000002,No,No
2015-12-08,Brisbane,18.3,30.7,0.0,4.0,12.8,ENE,26.0,NE,NE,7.0,11.0,51.0,51.0,1021.6,1018.5,3.0,2.0,28.499999999999996,28.799999999999997,No,No
2015-12-09,Brisbane,20.7,30.8,0.0,8.4,8.7,NE,26.0,NW,NE,6.0,11.0,58.00000000000001,59.0,1020.0,1016.3,7.0,7.0,27.500000000000004,27.700000000000003,No,No
2015-12-10,Brisbane,23.1,32.3,0.0,8.8,8.7,SE,41.0,WSW,NNE,4.0,7.000000000000001,56.0,60.00000000000001,1016.4,1012.5,6.0,6.0,28.200000000000003,28.400000000000002,No,No
2015-12-11,Brisbane,20.0,32.5,0.6,7.800000000000001,9.4,NNE,33.0,NNE,NE,4.0,11.0,60.0,67.0,1012.4,1007.0,1.0,5.0,28.900000000000002,28.299999999999997,No,No
2015-12-13,Brisbane,19.7,27.299999999999997,9.8,4.4,4.5,E,28.0,SSW,SE,6.0,11.0,90.99999999999999,41.0,1018.7,1016.6,8.0,4.0,20.7,26.7,Yes,No
2015-12-14,Brisbane,17.6,29.1,0.8,3.7999999999999994,12.8,ENE,24.000000000000004,NE,ENE,6.0,11.0,55.0,52.0,1017.9,1014.8,5.0,1.0,26.4,27.599999999999998,No,No
2015-12-15,Brisbane,19.8,29.9,0.0,7.2,8.5,E,31.0,NNE,ENE,4.0,13.0,59.0,56.0,1016.1,1012.8,7.0,7.0,26.100000000000005,27.599999999999998,No,No
2015-12-16,Brisbane,21.9,27.299999999999997,0.0,7.2,1.3,E,20.0,E,ESE,6.0,6.0,58.00000000000001,51.0,1015.7,1013.3,7.0,7.0,25.9,26.5,No,Yes
2015-12-17,Brisbane,19.8,29.700000000000003,3.7999999999999994,4.8,10.1,E,33.0,ESE,ESE,11.0,14.999999999999998,52.0,42.0,1015.1,1013.5,7.0,4.0,26.0,28.200000000000003,Yes,Yes
2015-12-18,Brisbane,18.7,28.6,3.2,9.0,10.9,NE,28.0,ESE,ENE,7.0,11.0,59.0,49.00000000000001,1017.1,1014.8,7.0,2.0,25.600000000000005,27.200000000000003,Yes,No
2015-12-19,Brisbane,18.4,28.7,0.0,7.599999999999999,13.2,ENE,30.0,NW,ENE,6.0,14.999999999999998,58.00000000000001,52.0,1017.3,1015.3,3.0,1.0,25.1,27.200000000000003,No,No
2015-12-20,Brisbane,18.8,30.099999999999998,0.0,10.0,12.1,NE,28.0,NNE,ENE,6.0,13.0,42.99999999999999,59.0,1019.1,1016.2,3.0,3.0,27.999999999999996,27.700000000000003,No,No
2015-12-21,Brisbane,21.9,31.2,0.0,7.4,11.5,NE,26.0,NE,NNE,6.0,11.0,45.0,39.0,1019.0,1015.9,2.0,1.0,28.200000000000003,29.6,No,No
2015-12-22,Brisbane,21.6,30.500000000000004,0.0,10.4,9.6,NE,24.000000000000004,ENE,NE,7.0,11.0,53.00000000000001,55.0,1018.2,1014.9,6.0,7.0,27.099999999999998,27.500000000000004,No,No
2015-12-23,Brisbane,20.8,30.6,0.0,8.2,12.0,E,28.0,ENE,ENE,7.0,13.0,49.0,45.0,1014.7,1011.0,6.0,2.0,28.200000000000003,29.3,No,Yes
2015-12-24,Brisbane,20.8,28.099999999999998,3.2,8.8,1.3,SSE,28.0,SSW,ENE,6.0,7.000000000000001,63.0,59.0,1014.2,1011.9,7.0,7.0,26.0,26.9,Yes,Yes
2015-12-25,Brisbane,19.7,28.4,9.2,4.6,10.3,SE,26.0,SW,SE,7.0,13.0,64.0,53.99999999999999,1014.1,1011.4,7.0,6.0,24.8,27.099999999999998,Yes,No
2015-12-26,Brisbane,19.0,32.0,0.4,7.2,12.9,N,24.000000000000004,ESE,NE,2.0,9.0,57.0,52.0,1012.6000000000001,1008.8,5.0,2.0,26.100000000000005,30.399999999999995,No,No
2015-12-27,Brisbane,23.6,31.2,0.8,8.8,0.8,SE,26.0,NNE,ENE,4.0,4.0,65.0,76.0,1012.7,1010.5,8.0,8.0,28.099999999999998,27.599999999999998,No,No
2015-12-28,Brisbane,20.1,28.999999999999996,0.8,5.8,5.1,SSE,35.0,SE,SE,13.0,11.0,51.0,56.0,1017.1,1014.8,6.0,7.0,25.600000000000005,25.9,No,No
2015-12-29,Brisbane,18.5,26.499999999999996,0.0,9.0,8.2,SSE,33.0,S,SE,11.0,11.0,51.0,51.0,1016.9,1014.8,4.0,6.0,23.4,25.2,No,No
2015-12-30,Brisbane,19.1,29.8,0.0,8.0,11.6,SSE,33.0,S,ESE,7.0,13.0,47.0,48.0,1015.9,1013.5,3.0,3.0,26.2,27.099999999999998,No,No
2015-12-31,Brisbane,19.4,29.9,0.0,10.8,11.4,E,35.0,SSE,SE,7.0,16.999999999999996,44.0,43.0,1015.0,1012.5,7.0,1.0,26.0,28.200000000000003,No,No
2013-02-15,Brisbane,23.72486878429654,30.550262431406917,9.031058927806685,4.816579189531026,7.1596017518001185,SW,37.33158379062053,E,ENE,9.165791895310264,15.16579189531026,72.16579189531026,75.33158379062053,1012.976914130424,1010.1940181827688,6.541447973827566,7.0,28.31710405234487,27.183945673282814,Yes,Yes
2012-11-19,Brisbane,20.212950920458443,27.482529360392945,2.869274321440819,5.052411918821147,6.68252936039295,SE,38.391568798690166,ESE,E,13.0,12.216862402619672,76.3463716072041,78.91568798690164,1016.0873531980352,1013.7614513571184,6.391568798690164,5.391568798690164,24.22168624026197,24.386440842554176,Yes,Yes
2012-03-14,Brisbane,19.565605111166224,31.35140502397703,0.2742600261567596,5.93136006975136,11.03143499346081,ENE,28.6856500653919,NNE,E,4.0,14.5428999564054,56.51405023977029,63.71449978202701,1007.5084301438621,1006.1427501089865,1.4571000435945993,2.7714499782027002,26.48853503705541,27.954215071931092,No,Yes
2012-01-03,Brisbane,20.290414670717386,26.90036058323251,0.0,5.535171277035443,1.7922701281892748,SE,33.425405656136576,WSW,SE,6.0,11.0,67.4493689793431,69.25045072904064,1013.8169546178608,1012.3320537782498,6.8250450729040635,6.650090145808128,25.213063411300798,22.695207335358692,No,Yes
2015-06-01,Brisbane,15.573252514994154,22.18573467466355,4.139372367320081,3.392867337331774,3.960770355324758,ENE,21.91084171664718,W,SE,4.0,8.946505029988305,91.89301005997663,67.51711804344637,1026.8231811536716,1023.2570613013459,7.964336686658871,7.0,16.614265325336454,21.13580603598597,No,Yes
2012-01-19,Brisbane,21.931700519601883,29.780036930474783,7.573751878714206,3.1667282174579716,4.406469704134491,ESE,29.450092326186958,SSW,ESE,6.583179456355071,8.583179456355072,76.35027697856087,79.01755915314058,1013.0514789367531,1010.3931609911177,7.483364108728986,7.483364108728986,24.815064628330873,25.049907673813046,No,Yes
2011-03-23,Brisbane,21.691336660135672,28.235024951017543,8.408849135644447,2.704331669932164,4.730693281085382,E,30.34746257347368,SE,ENE,7.695854125847955,15.435024951017542,79.39077927279531,71.78155854559063,1017.9607362769405,1014.3999071021099,5.043316699321636,7.260829174830409,25.661014970610534,27.14368829088187,Yes,Yes
2014-09-18,Brisbane,13.43558985229972,23.42285243147666,0.5985014799031697,6.794755179661093,7.108991120580982,ESE,34.992507399515844,SE,E,9.00749260048415,16.992507399515848,66.98876109927377,53.03371670217868,1027.647551796611,1025.4490503167078,5.985014799031697,7.0,20.223601691525076,21.42285243147666,No,Yes
2014-08-12,Brisbane,16.36252904894267,27.159354865334045,0.0,7.089909686649136,10.524206454097845,ENE,37.44954843324568,N,NNE,7.069161297422412,13.069161297422411,56.61961286417673,55.89625805386638,1016.3749419021146,1011.1956902913413,2.9308387025775873,2.9308387025775873,23.42477421662284,25.40402582739612,No,Yes
2010-11-05,Brisbane,23.0,27.649098871132065,0.5582934536070976,5.8650239278357414,0.8374401804106465,ESE,31.257814896892267,SE,ESE,13.699521443285171,11.257814896892267,79.55829345360709,70.39242438146515,1012.7558293453607,1010.4883413092786,7.0,8.0,24.43924243814652,26.369952144328515,No,Yes
2014-10-23,Brisbane,17.209327448571678,27.32250916451838,0.023472731362132068,7.23472731362132,10.47652726863787,ENE,35.94372708870406,N,NE,7.23472731362132,13.0,58.29100022491726,57.52572753853858,1016.8760454852161,1012.0985546497344,3.2347273136213204,3.469454627242641,23.775081918372237,25.505145507707716,No,Yes
2009-11-05,Brisbane,18.703567398273794,25.897920952444483,1.7848443616489653,6.131947301629655,6.649034313326897,SSE,30.056464458293103,WSW,SE,8.433878674975862,11.0,80.62258578331725,79.65973650814827,1016.1738468184091,1013.3606225534041,6.811292891658621,5.811292891658621,21.065825976605517,21.982912988302758,No,Yes
2013-02-25,Brisbane,15.090419893629052,23.131824004591074,2.246194164147491,1.859711139850291,3.2712596808871637,ESE,24.230970820737454,WSW,ESE,6.721128647407818,9.557742705184364,85.11548541036873,65.49015782667036,1022.8309708207374,1019.9867450912559,6.721128647407818,6.278871352592182,17.169291246221235,21.015485410368726,Yes,Yes
2009-10-02,Brisbane,19.89025048098094,27.860286263978217,47.622185458311826,3.2982108501361433,7.189534821035397,E,30.299642170027223,ESE,ENE,7.599284340054457,14.400715659945542,76.10823008937373,63.70393612970048,1016.371824932861,1013.7216460178747,6.299642170027228,5.599284340054457,24.849821085013616,26.870035782997277,Yes,Yes
2012-01-17,Brisbane,14.331327256462137,22.622671086209355,0.1693322284476612,3.3986810301804047,6.883347144404236,SSE,28.460016573285085,SSW,SE,4.460016573285082,6.460016573285083,74.08656170252782,82.85985084043425,1027.134624681011,1024.835284165921,4.539983426714918,6.693322284476611,18.86067605819488,19.56067605819488,No,Yes
2014-12-14,Brisbane,19.44367570812191,26.642529716751234,20.696348632493947,2.3137945751268556,2.6120755880708493,ENE,28.563242918780926,S,S,5.42529716751237,4.0,77.0114599137067,83.57470283248763,1018.6092106096442,1015.124724171827,5.431027124365722,7.143675708121908,24.47011886700495,24.142529716751238,Yes,Yes
2014-05-03,Brisbane,18.611270317805477,24.241639010186514,12.067377244057868,6.548278869482305,0.7741394347411529,SE,22.809016254244384,SE,ESE,6.595491872877809,7.809016254244381,81.28114628819944,86.85409752546629,1021.469631307619,1019.3741394347412,7.40450812712219,8.0,21.161803250848877,21.0494670669566,Yes,Yes
2015-02-10,Brisbane,15.206041466690815,23.097839209912323,2.1306482370263033,2.8489196049561607,5.273379407434241,NE,22.0,SW,E,4.0,7.224459802478081,83.8777009876096,69.65324118513152,1028.7349698172015,1025.6788548665822,2.448919604956161,5.663310296282879,18.496832298797187,21.931508180284037,No,Yes
2014-06-12,Brisbane,20.199363709207308,22.729178019453805,6.96148551802802,7.616127761865583,0.014907155123248726,SSW,28.062069833977663,SW,SW,2.2981431024649748,5.701856897535025,89.14907155123248,89.10557069260507,1014.3360212936442,1013.2738994848236,8.0,7.850928448767513,21.139735088714314,20.68445655408406,Yes,Yes
2012-08-09,Brisbane,13.21287300115581,22.719777983818652,0.29607902658364116,3.5871269988441896,7.090579490175611,SE,34.549444959546626,SSW,SE,2.3218250288952618,10.871269988441897,84.35634994220946,56.83674507512769,1029.570801506357,1026.712873001156,6.064365005779052,4.193095017337157,16.693563499422094,21.61977798381865,No,Yes
2014-11-05,Brisbane,13.43141105153403,27.94921536733928,7.498417862125921,3.914136260445577,6.12565707868876,SW,41.70681302227887,ENE,NNW,3.5026154422023947,6.785340651113945,74.79580241992352,56.8743300487586,1014.2722505675493,1008.652353897982,3.8586373955442257,3.8586373955442257,19.137171460655622,24.035079106893704,No,Yes
2010-11-17,Brisbane,19.920564599071742,27.561327014157275,0.0,7.001392952828537,4.270381207542766,SE,37.64809396228617,S,SE,8.317082217000399,13.0,61.64809396228617,70.32404698114308,1022.1696847311285,1020.6662023490571,4.993035235857314,6.331011745285771,25.097214094342924,23.998607047171465,No,Yes
2011-11-07,Brisbane,22.167596824972406,29.20317605427625,13.476482355536124,7.232274648574582,3.7518450800441463,NE,30.580686621436453,N,NNE,6.064806350055182,13.0,65.9987147354699,65.3862675712709,1013.6194419050165,1010.5452359185856,7.0,7.0,26.48386267571271,27.42897006784532,Yes,Yes
2013-01-07,Brisbane,17.6519027895908,22.71250072618402,48.977714328702184,2.7298910201888624,0.03722827665617431,S,33.744565533123485,SE,SSW,10.489131066246973,10.394020634067799,93.51086893375303,86.80977913564165,1015.0779882305981,1008.7182061902203,8.0,8.0,19.240217959622274,20.366577302525425,Yes,Yes
2012-03-15,Brisbane,18.43769308234711,23.977826524804886,11.968960785696003,3.67538616469422,4.974280229161335,SSE,19.820400327373335,SSW,SE,3.880266884915557,6.059866557542222,88.92240196424001,92.40133442457778,1023.1953477688235,1019.9911342608912,7.059866557542222,7.059866557542222,21.339466230168888,21.759866557542225,Yes,Yes
2010-12-17,Brisbane,21.92633616324468,26.205267232648932,35.952440065499985,6.6,0.19473276735106348,SSE,15.421378611914923,S,SE,2.1053446529787307,6.1316808162234135,90.05267232648936,84.92099151026596,1014.7683966041063,1011.8578621388085,8.0,8.0,24.768396604106385,24.87103022043085,Yes,Yes
2012-07-20,Brisbane,21.605021270735094,31.439449852001186,0.0,9.091452880840109,8.036939216633638,NE,28.0,N,NE,6.283920974737466,11.864316101050136,57.58039512631267,65.02510635367548,1014.1851762924213,1010.7198449783139,5.296474151575206,4.580395126312672,27.802510635367554,28.63819453431741,No,Yes
2013-01-29,Brisbane,20.276474250341874,29.590919055343132,0.0,8.922145544137758,8.755708911724485,NE,36.053638603443936,NNW,NE,6.137547022410755,15.61072772068879,53.58045790516591,54.52681930172197,1015.4724905955178,1011.2946361396556,2.221455441377574,3.9160915810331804,25.89930989723982,27.682528213446453,No,Yes
2011-08-08,Brisbane,12.413682521517359,19.967646532993285,7.089960802358909,4.342455014344907,1.7482095129104158,WSW,29.62595759324189,WSW,WNW,8.370523782276038,6.428068767931133,80.14034383965567,55.773338681861695,1016.229476217724,1012.0211963323239,8.0,7.514386246413773,13.799648137551792,19.33059415476568,No,Yes
2014-06-10,Brisbane,25.137678956923374,33.723782056833,0.5381089715834968,5.90401174334774,6.489684828597249,W,50.48424142986247,NE,ESE,4.242120714931237,10.103151714027504,67.55157585701375,67.34527242895874,1009.0659027717642,1005.258739314389,6.0,6.448424142986247,29.2206303428055,30.210315171402755,No,Yes
2013-03-01,Brisbane,19.782263880354627,26.68725216400489,4.980046865398954,4.196674477566493,5.8916861939162315,SE,40.894691789605595,SSE,ESE,9.0,12.966744775664925,71.98337238783246,60.01662761216755,1018.6310382093794,1016.2238329107736,7.0,7.0,24.772287313054107,25.580601119137878,Yes,Yes
2010-05-29,Brisbane,14.666669090361557,26.15185050535469,0.0,2.257405656961098,7.857405656961099,WNW,28.592597978581235,SSW,NE,2.3518505053546908,4.879626263386727,73.76852323125858,64.71297171519451,1017.240740202142,1013.0527775758032,5.120373736613273,5.120373736613273,19.929629898929065,23.904628081157895,No,Yes
2014-03-14,Brisbane,19.657204627437388,26.293940854783056,22.4867617453545,4.945773909153437,1.080117100022927,SSE,22.271130454232818,WSW,SE,4.036150727231042,5.963849272768958,81.30728118146385,85.23497972700177,1018.2102597180547,1016.872301454462,7.018075363615521,8.0,23.79394085478306,23.23551419109876,Yes,Yes
2011-03-09,Brisbane,22.013433826596444,26.542061829738465,22.891451201256807,3.807327541779878,0.3951149721467477,E,32.86566173403556,E,ESE,14.432830867017781,12.975574860733738,91.08548798743192,83.59159427224847,1012.0554956563349,1009.7024425139266,8.0,6.518318854449696,23.60366377088994,25.53961931581184,Yes,Yes
2012-08-15,Brisbane,20.932469521987727,27.625175896454927,6.888930678033008,6.084709163114685,3.9131800794261533,E,41.894113546106645,E,ESE,17.89411354610664,15.89411354610664,81.31765936168007,75.60236852479474,1015.1303587645286,1013.6376523900614,7.178822709221329,7.0,23.736468127663986,23.95435039858612,Yes,Yes
2011-05-15,Brisbane,12.916765607708571,19.443471850791997,13.290800442660606,1.2732937569165719,0.0,SSE,21.59643812249148,SW,SSE,3.46587513833144,7.497031768742898,94.19881270749718,90.26706243083427,1019.9707717401269,1016.2645404140445,8.0,7.63353121541714,14.890059364625142,18.750296823125712,Yes,Yes
2013-08-12,Brisbane,21.023317907773748,27.99073958774728,5.167621932543877,5.446502313833936,5.988341046113124,SE,39.51165895388687,ENE,E,12.488341046113126,12.534976861660626,73.25582947694345,83.46502313833938,1017.1790806338604,1014.8185875753624,7.0,6.255829476943438,24.944237273913348,23.89073958774728,Yes,Yes
2012-01-12,Brisbane,16.490642431762865,26.83718022724361,1.451112393888928,9.144187984850426,10.337221901527768,ESE,33.232480605982964,SE,E,7.0,14.441879848504257,58.37180227243612,64.4880425754276,1018.769744181795,1016.4999583257157,2.7209399242521295,4.116240302991483,23.51859011362181,23.897691863653833,No,Yes
2011-10-11,Brisbane,20.012768377848037,24.206623703628072,28.97287795901315,6.772547126671504,0.0,E,29.388668710376283,ESE,SE,11.0,9.616121583704778,85.15642554296672,94.53551366518089,1012.7763793619364,1011.0304097578626,8.0,8.0,23.113247407256143,21.053072337109985,No,Yes
2014-12-14,Brisbane,19.00530229972137,31.747842530276266,0.0,7.348951723334121,10.903205746389611,NE,28.0,N,NE,6.542540230554899,10.829839077780402,52.627620691664696,55.914919538890196,1014.8574597694451,1010.467077008614,1.0,1.9149195388902014,27.394697700278634,29.31060459944274,No,Yes
2009-11-26,Brisbane,17.323156837761708,25.02491965312946,0.607051261471008,2.887660292425736,4.8967146072454275,ESE,28.98237184632248,SSW,ESE,6.5440703841938,10.01762815367752,69.5440703841938,69.42067330845116,1023.3186702551025,1020.1730772935219,7.0,7.0,20.754647276400313,22.8161055762907,No,Yes
2013-10-15,Brisbane,13.772631116376274,28.972699356367304,0.07273347636282093,6.418063949106403,7.60910021454423,W,34.54601287265388,ESE,NE,6.454328327301266,7.000000000000001,56.909680254467986,50.817995709115365,1015.3908315454647,1009.9725969963806,4.2726652363717905,4.908997854557686,21.036230258199353,25.099965880004483,No,Yes
2013-09-19,Brisbane,21.899261090231068,28.174769090697204,2.2493534539521822,8.848614544183249,4.325230909302792,ENE,25.502770911633505,S,NE,4.5009236372111685,11.0,85.24861454418324,69.99445817673299,1017.4773552748885,1013.8274476386096,7.749538181394416,4.0,23.49907636278883,27.57458436325497,Yes,Yes
2012-09-15,Brisbane,17.795431729266394,25.236444644510335,13.787287798771422,1.1022841353668036,1.366335796342586,WSW,13.0,SW,SW,2.8202583048789123,5.230387457318369,94.1797416951211,71.53922508536327,1017.2197619993927,1013.2455811859775,8.0,6.179741695121088,19.172392983534557,24.23644464451034,Yes,Yes
2011-01-01,Brisbane,19.52110714172499,27.049860706247433,57.36312149491553,6.433771426759986,0.6962964180424158,NE,27.95778571655002,NNE,ENE,2.084428566899964,13.042214283449981,83.38789288997526,71.72560715757513,1016.69024286303,1015.0015928677851,7.831142866200072,6.894464291375045,23.190760709417464,24.403424994452454,No,Yes
2011-03-26,Brisbane,17.974430271868894,26.196588793083748,13.000000000000002,3.9363623342053846,5.424050453114824,ENE,29.407195070716185,SW,E,2.97348430591891,14.354163682554006,80.85796187009471,70.31818832897308,1017.4583345269784,1014.3344704023053,6.026515694081089,5.539773541121635,21.61874731429861,24.050566147195912,Yes,Yes
2010-07-24,Brisbane,24.61878024245629,31.49670866649041,0.018780242456289214,7.369022182106603,10.209390121228145,E,37.967086664904095,NNE,NE,6.281703636844338,16.624395150874214,65.28170363684434,62.65730848597013,1013.1258467887762,1011.4352369100042,6.812197575437108,7.0,28.190609878771856,29.702807454208955,No,Yes
2012-06-20,Brisbane,12.686878873102087,18.522166197938525,15.144721136649828,0.8787267613874855,0.0,SSE,28.221661979385285,SW,SSE,5.131211268979143,12.656056344895713,98.0,85.09045071040615,1019.0638197158376,1014.1810168985928,7.565605634489572,7.0,14.048408451734355,17.539363380693743,Yes,Yes
2012-04-04,Brisbane,19.964521713062478,26.164208082283775,3.5805331723237948,6.8094197830594005,3.9645217130624784,SE,32.30141133850416,S,SE,5.750392038473379,10.500784076946756,78.6012545231148,77.95133293080949,1016.1758232807941,1014.0309252107971,6.700156815389351,7.350078407694676,23.359341375364725,23.48430217151739,Yes,Yes
2010-04-27,Brisbane,21.822372103310034,27.9321653792489,34.7311756048691,5.432344956954153,2.3062894136855814,NE,26.70979327593887,NNE,ENE,5.225516810152825,14.290206724061129,89.16082689624452,72.64510336203057,1016.0258759655634,1013.4582209225175,8.0,5.064689913908305,23.42255168101529,26.493351430903925,Yes,Yes
2010-03-27,Brisbane,18.283746770425683,28.225658197145464,9.866063022039631,5.7310759403369005,9.206094961090368,NE,29.337848119326196,NNE,N,7.0,9.6621518806738,62.96613910505351,51.0,1017.5709557133599,1014.3979683463032,3.3243037613476014,3.9932278210107013,25.427012632943324,26.891196167313918,No,Yes
2014-01-23,Brisbane,17.911245957176437,28.467916217464047,7.950341598661507,3.6791621746404846,8.869084860622236,SW,37.913340520575225,W,NNE,4.950827044496678,7.000000000000001,64.45667026028761,53.40749730478429,1011.9644102879895,1006.8519956876548,1.8149946095685818,5.592502695215709,22.498831356841816,25.475413522248342,No,Yes
2013-04-12,Brisbane,14.676222321889869,23.8071667414174,0.0,4.1856665171652,5.947555356220268,SE,28.992408487140217,SW,E,6.230185268241556,11.301852682415554,60.53203795065711,57.76222321889867,1020.6467962049343,1018.2849073658792,3.1509263412077764,7.0,18.884148214593242,21.44679620493429,No,Yes
2012-02-19,Brisbane,20.14717682959663,24.34701550557358,36.4003226480461,5.44814477373493,0.09983867597695047,SSE,20.508872821267722,S,SSE,2.0,4.998386759769504,93.00483972069148,88.50564634080673,1015.8516939022419,1012.7012905921844,8.0,8.0,22.496289547469864,22.896773519539007,Yes,Yes
2011-12-02,Brisbane,18.24521721675765,26.904432333910705,0.0,5.201611757785712,7.261632753831629,NE,24.567974804744903,SW,E,3.144008398418366,8.144008398418366,75.42799580079081,60.283987402372446,1015.9951647266429,1012.3667659864057,6.427995800790817,4.711983203163268,21.804029394464287,25.833234013594385,No,Yes
2014-12-31,Brisbane,22.57333627582344,28.478614964234225,0.6777351828324292,6.998240437196403,1.727543505578361,WNW,23.851567885549528,NNW,WNW,5.537108028612618,5.537108028612618,69.69433795708107,78.00879781401798,1013.7235279530776,1012.5540941573695,5.842770071531545,7.0,26.646289197138742,24.984277007153157,No,Yes
2013-02-28,Brisbane,23.165405657631652,28.804360377175442,138.72977762171243,2.191567920684311,3.2436037717544335,E,65.60467930385812,ENE,NE,35.648283075612554,12.912792456491132,89.65116982596453,75.4767547389468,999.315679206843,998.9371924176852,8.0,6.956396228245566,25.217441508701775,27.43924339457899,Yes,Yes
2012-03-01,Brisbane,20.980381838870425,29.961308626661125,16.432696935215954,4.3847414302325545,4.488556072674416,E,28.049045402823932,ESE,E,4.0381464244186125,6.059944381229249,85.92370715116276,75.91280817275745,1015.5675736661129,1012.8632140747509,7.005449489202659,7.0,26.16675811586378,27.373842451827237,Yes,Yes
2014-01-23,Brisbane,20.54918310382989,25.0,21.077558615601486,5.82623304123804,0.4650277430045285,SE,35.04916770986414,E,N,10.060110972018114,9.2896115979366,82.04916770986414,72.87977805596377,1015.439889027982,1013.6218557363765,7.530055486009057,7.530055486009057,22.660110972018114,24.012022194403624,No,Yes
2012-01-28,Brisbane,19.23758187988217,26.745098255858608,0.1440879316406483,5.526856888671572,2.4290551796877793,ESE,25.677362050780552,SSW,E,7.397801708983793,6.193405126951379,71.83868102539027,62.129232822268065,1018.7614077958999,1016.7603086503917,7.279560341796759,7.279560341796759,22.694593093749624,24.06874652929601,No,Yes
2009-02-19,Brisbane,21.152421904651415,27.72038565343902,0.0,6.613590435626014,3.393204782186993,SE,30.883494022266255,SSE,E,13.0,9.466023910934965,62.0,79.66988044532518,1013.4116621684309,1012.6019514085102,7.0,7.116505977733741,25.232036251212396,24.21844581558638,No,Yes
2009-07-22,Brisbane,12.07842183915388,23.373859386948705,0.0,3.0449813025743104,6.799087509558966,E,47.92700076471725,SSW,NE,6.252281226102586,11.234031417281896,75.50456245220518,60.99087509558966,1016.7826626816204,1012.1647344825383,5.990875095589656,4.756843678307758,16.926140613051295,21.999087509558965,No,Yes
2009-08-04,Brisbane,13.802901757500603,24.259215541071857,0.0,5.093856305952093,6.403241936547303,SE,34.67150292916767,SSW,SE,6.953071847023953,14.812287388095811,63.43686216428744,58.57764662321558,1025.9501700895235,1022.2111766883922,4.906143694047906,6.812287388095813,19.488823311607785,21.40614369404791,No,Yes
2011-05-08,Brisbane,14.21680194989129,21.863825335137566,19.868265538196198,4.333849939065898,1.2715744211260238,SE,38.984501828023085,SSW,SE,5.338499390658972,15.015498171976917,87.67699878131795,60.92250914011541,1023.9855227759053,1021.8516728368394,8.0,7.330750304670514,15.879077467831161,20.296900365604614,Yes,Yes
2014-12-21,Brisbane,12.170345675771902,21.578894013265806,0.0,7.178894013265804,5.995483814278744,SE,31.130645232151572,SSE,SE,8.23617516582255,11.89447006632902,59.60299556379667,62.96981596177079,1029.2683410198986,1027.2602995563798,3.4472350331645103,4.78894013265804,17.749239689037704,19.05276496683549,No,Yes
2013-04-16,Brisbane,21.113249036994993,27.3566245184975,0.08554150616583234,6.519296321190862,2.1457943951808502,SSE,36.421660246633294,SE,ESE,15.0,9.855415061658324,66.99395271580413,68.40956567824155,1017.3578339753367,1015.7578339753367,7.0,7.427707530829162,26.857229246917086,25.82952171608792,No,Yes
2010-02-09,Brisbane,21.345237357453094,29.198033158371604,0.19606631674320912,6.796066316743209,8.199691076951833,SE,47.90165791858023,SE,SE,13.0,16.92132633486418,70.92132633486418,66.13767891398768,1019.9275357827976,1018.2511378823383,6.019668416283954,7.0,25.8019668416284,26.16459685068888,No,Yes
2012-05-06,Brisbane,18.610969516817157,28.535623260811025,0.0,7.075346256006129,9.815069251201226,SE,39.30138502402451,SE,ESE,9.602770048049026,17.150692512012252,60.095844927926464,49.547922463963225,1020.2965651087835,1017.5417728623871,5.075346256006128,5.773961231981615,25.860277004804907,27.652742379204287,No,Yes
2012-02-01,Brisbane,18.239879135010273,22.073042711865654,15.593698655764186,3.2663271537107637,0.0,NE,28.725334424318,E,E,10.05697019287182,9.445576154297456,93.38860596142564,92.38860596142563,1017.6813811338369,1012.7347389129144,8.0,8.0,20.039879135010274,20.79532151958053,Yes,Yes
2015-01-24,Brisbane,15.191824196566072,22.71545978410593,1.9799957314692387,2.8581864747608305,4.313633453274481,N,22.381822062300692,SW,E,4.381822062300691,6.04544484424827,82.32724556389515,70.42726690654897,1029.1581651321071,1026.215438441452,2.9545551557517302,6.190911031150346,18.482735227716418,21.190911031150346,No,Yes
2010-09-15,Brisbane,21.797287714664765,31.031525143109846,0.0,9.277830171731813,11.56576257155492,NE,27.463050286219683,NE,NNE,7.657625715549215,13.92610057243937,53.8793239982311,48.14779885512125,1016.507389942756,1013.553694971378,3.8054245706704704,2.6108491413409407,28.47044022897575,29.277830171731814,No,Yes
2011-07-19,Brisbane,21.210352515467108,28.904464465177625,1.8529924526052635,7.794111949710526,5.004464465177632,ENE,26.0,ENE,ENE,7.544160377171053,11.970559748552631,71.29440251447369,62.14720125723684,1016.4323842765921,1013.6838562891644,5.970559748552631,7.0,25.88680031430921,27.80740849032237,No,Yes
2011-10-20,Brisbane,16.37383435123916,25.862028291110942,0.0,6.087046455726676,6.815507072777736,SE,26.7453737341881,NW,NE,4.6088080696583456,7.136565664529752,60.03701012649521,64.4722424051286,1015.5907474683763,1012.610658575983,4.509252531623803,6.37268686709405,22.885640411367376,23.79674344931594,No,Yes
2011-05-03,Brisbane,20.229024506423897,28.339469146680944,5.873974612419378,5.17345733404736,9.449913786937998,E,34.63185119914316,SSE,E,7.026542665952639,12.157531734475777,71.84246826552422,75.3167877301916,1013.4237159732334,1011.7053085331906,5.8159255995715835,5.0,25.91840744004284,25.43150634689516,Yes,Yes
2011-10-18,Brisbane,22.02462948741895,32.96631971108947,0.0,7.368842628145263,11.510532851815778,NE,24.000000000000004,NW,NE,4.311573718547377,9.0,61.77893429636844,56.02522917055794,1011.9698834948769,1008.8633556104411,1.1557868592736886,1.0,27.837685256290527,31.841690223670522,No,Yes
2010-02-18,Brisbane,23.64510942627041,33.39409764190282,0.0,6.786003366962166,9.976981481708085,ENE,28.0,E,NE,6.790050504432496,16.58010100886499,58.209949495567514,44.48988215632418,1011.3979764312649,1008.067959596454,4.1399663303783365,2.9300168348108317,29.357082490573077,31.836087541016326,No,Yes
2014-10-19,Brisbane,21.54650192894164,22.635208065424777,50.91577346878997,4.631001285961095,0.0,SE,29.43667095320365,SE,SW,2.3520806542477195,5.859167738300912,94.85916773830091,94.5070870840532,1012.9337451776458,1010.4689532430706,8.0,7.929583869150456,22.238042899046047,21.894375803725683,Yes,Yes
2010-10-17,Brisbane,22.243433257777024,29.084972409323008,17.08735569950822,5.547648024607617,4.219242357507585,NE,27.880268458538243,NE,E,7.41783743523072,14.582162564769279,83.43433257777023,74.46243102330752,1015.5791081282384,1012.1239463082925,6.537568976692478,4.626756152846081,24.101404922276867,27.031460103630852,No,Yes
2009-12-17,Brisbane,20.181197229338988,26.060399076446334,14.369148134592404,6.881887957201772,2.347659253836962,E,36.315425932703796,E,E,14.342287033648102,16.342287033648102,71.20798152892658,65.83883339433417,1019.8194934985239,1017.4772064648756,7.328856483175949,7.328856483175949,23.360399076446328,23.669800461776834,Yes,Yes
2013-05-30,Brisbane,20.368346309499643,25.83375918431499,22.077738792189663,5.106316481443889,0.2510527469073147,SE,26.717293562592324,E,NW,9.717293562592328,6.0,88.46841759278055,85.1097708114844,1015.4620298280557,1013.1696238624446,7.358646781296164,7.358646781296164,22.70210549381463,23.237970171944244,No,Yes
2014-11-22,Brisbane,22.604996378883687,28.73207820341856,1.9391745124186794,9.498334540372104,4.276249094720922,ENE,24.50832729813948,NW,NE,4.508327298139477,10.491672701860523,78.8834178260473,70.20419986023288,1015.335843593163,1011.585010863349,7.7458363509302615,4.7624909472092165,24.584576392860402,27.672918175465128,No,Yes
2009-09-02,Brisbane,19.42083164663644,24.861773528952654,25.933306346183052,3.4898597658812083,0.07047094115810612,S,31.751803527391672,SE,SSW,11.228256469486368,5.409418823162122,86.27535058529698,77.42935882628409,1013.0059820009366,1009.7918537661933,7.704709411581061,8.0,21.677174353051363,23.84166329327288,No,Yes
2013-01-06,Brisbane,14.990110426094063,22.299814738279323,7.225137118944651,3.2386319870203613,4.419501255230858,SSE,24.709796943045596,WSW,SE,5.3548984715228,9.387246178806999,79.6451015284772,68.74121834172641,1021.9614606438399,1019.3065621723173,6.322550764238601,5.967652292715801,17.835211954571268,20.351478439073702,No,Yes
2012-02-15,Brisbane,20.145399061522596,27.175665102537664,13.305539937446252,4.788137712894543,0.6355868613163678,SE,25.967292665979237,SE,ESE,7.059311435527279,10.210641640602603,91.24334897462337,89.15743343758957,1018.4353677441715,1016.9202347236638,8.0,7.848669794924675,21.778325512688312,22.920453840808836,Yes,Yes
2014-08-15,Brisbane,15.291836793191303,27.28367358638261,0.0,5.491836793191304,7.855215461749274,NE,38.18027201134783,W,NE,8.590136005673912,12.726757337115941,55.0436506799058,60.86337866855797,1017.8430837507334,1010.3212584107805,5.0,3.5464853257681153,23.428458124633334,25.283106657210144,No,Yes
2011-08-16,Brisbane,23.62534659814607,27.639406289803393,26.81068892112335,2.0,0.0,E,43.77029311432561,E,E,17.03762302162917,17.619801027808933,89.16435601235953,94.87326700926964,1006.4192083864045,1004.954852374045,8.0,8.0,24.7671287975281,23.98356439876405,Yes,Yes
2011-06-17,Brisbane,20.07148594688819,26.67394796767107,6.502147736750147,3.878156096986787,3.620412078513114,SE,35.21127990763163,SSE,SSE,13.21127990763163,14.105639953815816,61.86973983835536,66.73947967671072,1011.8563121939736,1009.3929282216841,6.552819976907908,7.552819976907908,25.984511963052658,25.273947967671067,No,Yes
2012-04-04,Brisbane,20.944765215471698,28.455812172377353,9.072106678440255,3.8674365171320746,6.829073626515723,E,41.07557100553459,ESE,ESE,16.186040574591193,15.813959425408807,68.95932755798742,72.44187827622642,1012.9877982673961,1011.1877982673963,4.889530430943395,5.593020287295597,26.337208114918244,25.45987941657862,Yes,Yes
2009-09-13,Brisbane,22.549227203900852,29.807249118256223,6.128800504115637,6.140657430661171,3.467912342578511,E,31.74065743066117,NW,ENE,5.25934256933883,15.320876574214894,75.4945214111569,72.2219722919835,1016.0731949625125,1014.8978085644628,5.6791234257851055,7.580219143553723,26.263950377628138,25.306153400487606,No,Yes
2013-06-28,Brisbane,12.895034445124434,18.25868972103224,6.545378896368769,1.8248277743778323,0.8512413887188915,WNW,24.669309733272048,SW,WSW,7.7189652820277095,6.743793056405542,85.31379169216626,81.80137780497735,1015.7909658277235,1012.4190692995207,7.0,7.743793056405542,14.428103471797229,17.014896664626697,No,Yes
2010-09-12,Brisbane,23.005756855432843,29.689935648250767,4.299275320441775,7.988486289134318,4.896417183241835,ENE,35.32367093922366,ENE,E,9.776972578268639,13.330917734805919,79.0575685543284,67.38848628913432,1014.8582932338867,1012.4690822651941,6.1654588674029585,7.3884862891343195,26.789210968692544,28.53454113259704,Yes,Yes
2015-03-04,Brisbane,14.394116081518511,22.567362327839906,0.0,3.363188360800481,6.88159418040024,S,20.48956508240144,SW,S,7.0,9.0,65.10246401559736,66.53130475279568,1029.8656523763977,1026.8819712124778,3.755217458799279,5.163188360800481,18.063376876839303,20.64288407371983,No,Yes
2009-12-30,Brisbane,23.07407568613007,28.492222705839023,21.492154854301077,4.906740321606183,3.3347385805857117,N,26.036294039417907,NE,E,6.984445411678039,14.979260548904055,91.91704219561622,72.89630274452026,1015.6160730745994,1012.518147019709,7.994815137226013,3.9948151372260132,23.59740756861301,27.68807481561983,No,Yes
2014-08-07,Brisbane,23.804631063917817,31.36510497345377,0.0,9.023263351030819,5.6720515693305,NE,22.0,N,NE,6.372105585051364,9.0,58.39526090464046,59.976844680410906,1010.8697360373715,1008.020893803351,6.372105585051364,6.627894414948636,27.91394720747432,29.069736037371587,No,Yes
2014-10-30,Brisbane,21.407975302375288,29.84049027923309,0.3222904185951831,6.4936601861553935,7.251942372209007,ENE,21.137013488632466,WNW,NE,2.3885479070240843,8.165643721072254,78.56032930166283,62.640082325415705,1013.6955014882253,1009.142331581303,6.611452092975916,5.834356278927746,24.86278069782828,28.677095814048165,No,Yes
2014-12-04,Brisbane,23.414870899600086,29.879400441100124,0.18444638419981194,9.22837636679997,4.478717724900021,ENE,25.858118166000143,NNW,NE,5.858118166000145,9.141881833999854,59.986345675997974,62.7803500869992,1013.0411991177997,1009.1553873011998,7.070940916999928,6.787177249000217,26.13683589090017,27.33547045849997,No,Yes
2014-09-20,Brisbane,21.478010567602226,29.68418102462194,0.07935676544277767,7.2445026419005565,9.636462209935278,E,32.77748679049722,ESE,E,9.0,14.587135308855553,62.0,55.06432345572224,1012.5804410747309,1010.1185113710591,4.603216172786111,5.0,27.230291752915562,28.099999999999998,No,Yes
2009-09-08,Brisbane,13.397997271053647,23.253842655196987,0.0,1.5015370620787938,6.708150977261527,E,23.796925875842415,SW,NE,6.847694406881809,6.253842655196985,76.7969258758424,58.0,1011.7853751690319,1009.3939918131609,3.0,6.746157344803016,17.594457480028503,21.92338153657335,No,Yes
2010-08-16,Brisbane,20.831970289370393,27.2680297106296,21.105577276914516,3.9029736765059093,1.4349439658763041,E,43.886617148950656,E,ESE,18.75278863845726,14.77323429790132,84.22676570209869,74.75278863845725,1012.7111519402836,1010.6678433658082,7.77323429790132,5.11338285104934,23.186617148950663,26.241264008530923,Yes,Yes
2010-12-05,Brisbane,19.46133651937681,26.90276167718737,57.003750585699876,6.394476645625259,0.7623593328001946,N,28.138083859368525,NE,E,2.055233543747409,12.94476645625259,83.77906582501036,71.47528133439961,1016.85247186656,1015.222093417499,7.972383228126295,6.889532912505182,23.1,24.330378449061076,No,Yes
2010-11-18,Brisbane,16.14242690752052,24.605675522462207,0.3684540417969765,4.094951271680348,7.3001566985356385,SSE,31.79021594043197,SSE,SE,6.9479457314470885,8.105675522462207,73.20978405956802,80.68297343261338,1026.6996866029285,1024.304892029784,5.0,5.315459582030234,20.91624307470843,21.32144850156372,No,Yes
2015-06-12,Brisbane,20.501558596828936,28.629286141279582,0.561525876981913,8.403117193657879,7.1024196948609735,N,25.75389649207235,NW,NNE,5.315422369054261,6.192370615090434,66.53035394040313,67.72272455549357,1013.9523378952434,1008.9046757904867,5.246103507927652,6.123051753963826,25.023912851995856,26.47469215041033,No,Yes
2014-08-02,Brisbane,23.350483632944638,29.97363397588376,0.590352956468641,7.072026135295199,5.7270065988155245,NE,30.9839215941144,NNE,NNE,6.983921594114402,8.295817052933604,68.40836589413279,70.47267951767518,1013.3479085264669,1011.1871372752915,6.344052270590399,6.032156811771197,27.61286272470848,27.66720261352952,No,Yes
2012-04-06,Brisbane,21.64698013640398,28.9063938708686,54.41030873600124,10.95612826311118,2.1658076053332307,W,28.454259366464008,NNW,NE,3.6407633373736594,6.984458002424196,76.40586265535374,80.42140465292955,1009.357859534707,1006.5062167990303,7.343694665050537,7.671847332525268,25.57357860412113,25.800177071838284,Yes,Yes
2014-10-08,Brisbane,20.869750299633534,27.16975029963353,0.9302497003664653,7.528658742832498,3.4123959581806393,ESE,22.015541017460674,ESE,SSE,5.379833533089023,5.395374550549698,72.56595718473812,76.43404281526189,1017.481424490623,1016.3938204488036,7.0,7.0,25.327104641086436,23.219370988143993,No,Yes
2009-05-02,Brisbane,20.09455226649316,27.18728862181737,2.566814056127272,6.963681776621062,6.696493063370027,SSE,30.83656799479478,WSW,SE,8.909204441552657,10.909204441552657,80.99999999999999,84.01815911168947,1014.4671887132511,1011.7926114696164,7.0,6.036318223378938,22.527238667534203,22.712711378182625,Yes,Yes
2009-11-20,Brisbane,19.56176035434566,28.281227105380342,0.9663989875838197,5.747626092964165,10.290613552690173,SSE,44.872534514485544,S,SE,10.194667510346816,20.872534514485544,62.771731477237005,48.64426599172255,1020.9697590888254,1018.5858657386185,2.8389335020693633,3.1610664979306367,24.997333755173404,26.984587206621967,No,Yes
2012-04-07,Brisbane,13.381473996194822,22.84416184732467,0.02791907633766495,3.516242770987005,7.102283232818173,SE,34.02283232818173,SSW,SE,2.2791907633766497,10.302023091558377,83.8832369464934,60.327456832338065,1029.3324855419742,1026.630202309156,5.860404618311676,4.418786145064974,16.965231225207816,21.45101154577919,No,Yes
2012-04-27,Brisbane,22.625025136051587,27.575175952361096,17.545927959643002,5.750955169960283,0.4754775849801417,ENE,45.50150816309518,ENE,E,9.500502721031728,14.001005442063457,86.4964809527779,85.99396734761928,1010.325125680258,1008.2751759523611,8.0,8.0,25.100402176825384,24.825628401289656,Yes,Yes
2011-10-04,Brisbane,15.196116526557056,22.777669468858843,0.0,4.875728849825846,2.1281546236170965,W,37.0,N,SW,6.88349579671173,7.388347344294233,67.19417367214712,79.96116526557057,1012.6466016813155,1008.4271843141006,6.0388347344294235,7.0,19.727184314100594,14.729124933133596,No,Yes
2010-07-23,Brisbane,17.21726449277443,25.983672426633884,0.4786937941307109,4.8115096618496205,7.823795522120877,SSE,34.270610367940996,SSE,SE,8.87714139728744,9.483672426633886,70.72938963205901,76.54898272009835,1025.6524089557581,1023.0646948160295,5.0,4.213062058692891,22.43203966929728,22.64432552956853,No,Yes
2012-08-26,Brisbane,21.72404230096234,31.701792844644345,0.0,9.088997825271973,11.961124728158996,NE,28.925835145606687,NW,NNE,7.925835145606689,10.851670291213377,51.24042300962342,53.38875271841003,1012.0595769903766,1008.0818264466947,2.074164854393311,4.074164854393311,27.861124728158998,30.362917572803344,No,Yes
2011-01-10,Brisbane,19.95672065371386,30.087381150432275,0.0,6.061320993436832,11.942688261485543,ENE,25.306604967184168,ENE,NE,7.366743791019796,9.653302483592082,61.0,53.69339503281584,1016.4707530459422,1013.6667437910197,3.9799537253881225,2.673348758203959,26.685376522971087,29.020046274611875,No,Yes
2014-03-27,Brisbane,21.091802582577095,29.468032287500954,10.100001846208581,7.896721402272553,8.018853321589257,E,30.51639298863723,NW,ESE,8.139345018937943,12.032785977274468,79.073773064389,51.99179889015993,1018.5647555359822,1016.4122961261344,5.655738007575177,2.2049169734868794,23.790982471593086,28.00082011098401,No,Yes
2009-11-15,Brisbane,17.462423367631754,25.59689203294334,4.259519753557084,2.523245913787122,5.133165872713303,SE,37.46994209434335,WSW,ENE,14.92685626270387,11.0,82.55611375762233,67.28457084180258,1009.159017371697,1009.6939884188687,6.185371252540774,5.185371252540774,20.14388624237768,23.324046324525316,Yes,Yes
2014-11-27,Brisbane,20.34633836185262,26.943633236758465,0.0,9.020848901765538,3.683395607062153,SSE,32.82625915195385,S,ESE,14.791510982344619,8.826259151953849,63.51352562547078,59.45172620491999,1017.7138992678438,1016.1138992678437,6.826259151953849,7.0,26.66023762969631,26.00811537528247,No,Yes
2014-06-01,Brisbane,16.590596901026647,26.247862062640376,1.1940166444497973,6.725640903031763,7.848718193936474,ESE,32.713674191931354,SE,ESE,11.0,14.999999999999998,61.97008322224899,47.65812129290983,1023.3008561312961,1020.8521379373597,5.0,6.542734838386272,22.213674191931357,24.482049933349394,No,Yes
2014-06-06,Brisbane,14.49556694237899,23.668716929956865,0.0,6.3684046150023965,7.157196137601843,ESE,29.052138450071887,SE,ESE,10.368092300047925,13.262253825131793,59.63346927472443,56.58133082465254,1024.8251322801725,1021.8831092051605,5.3159538499760375,6.3159538499760375,20.44786154992811,21.658289239942487,No,Yes
2011-04-12,Brisbane,22.875173908213842,30.558545887816916,3.594380033994873,4.444495972804101,9.677983891216407,SSW,33.77752013597949,E,ENE,8.166280203969238,13.388760067989745,72.72132047592822,69.83371979603076,1008.6829082243662,1006.6719001699744,5.805619966005127,6.416859898015381,28.44753783342512,28.388991945608204,Yes,Yes
2010-12-08,Brisbane,15.546812343034007,26.005676952528336,2.221311087306064,2.046812343034007,7.811353905056679,WNW,25.886460949433214,SW,N,2.8227078101133567,4.822707810113357,72.12052266460324,60.418337519093136,1015.8248028943243,1011.4779905512903,5.177292189886643,4.765938284829964,20.534760076573683,24.363843200619026,No,Yes
2014-08-03,Brisbane,20.236975706756603,27.11678059106348,0.0,5.138926863687827,6.997073264603163,NE,23.802926735396838,W,ENE,4.798048843068775,9.798048843068775,66.90634126002648,63.399024421534385,1016.3930730721667,1012.7329755143202,6.300487789232806,7.0,23.605951349367714,25.676878148910042,No,Yes
2009-10-02,Brisbane,20.184940722746596,25.938353092417803,4.123293815164398,5.778635052131518,3.660942008297907,ESE,35.2767061848356,SSE,SE,13.89317526065759,14.723293815164396,84.81787887439059,78.40281959713717,1018.2024479360233,1016.4747773175397,7.0,6.723293815164397,22.38301185545068,23.29054149407738,Yes,Yes
2014-01-03,Brisbane,22.521234613289764,25.0380598934018,0.5840798578690672,5.014156408859842,0.9424924979250856,SE,22.256672178130486,ESE,ESE,7.796472533457819,5.4601996446726675,74.46019964467267,84.07960071065466,1014.0,1012.3477836977384,7.60176373327109,7.469018311028121,24.23982362667289,22.590276195663442,No,Yes
2011-04-17,Brisbane,21.714703227919646,28.742648386040177,0.17668617073787776,5.079204145503186,0.5259555218784986,ENE,15.456946993287616,WNW,ENE,6.030463132885841,2.3960207275159333,75.54305300671238,61.93907373422831,1015.0274168195973,1011.2304631328859,6.8781474684566355,6.8781474684566355,24.448741012617347,27.906092626577166,No,Yes
2013-09-06,Brisbane,22.5006497187779,33.43070621884167,0.11416195832801915,8.887137479227778,9.801516010481766,ENE,26.860546145979473,W,NE,3.429190208359904,11.287570625079713,63.991337082961344,58.99783427074033,1010.4695103540843,1007.1130790936983,5.570809791640096,2.712429374920287,28.244868177169693,30.758380416719806,No,Yes
2013-07-18,Brisbane,12.603899624082281,13.916219879112642,3.0928102012145096,2.3724835704250786,0.0,WNW,13.533877717982383,SSW,SSW,4.0,3.917864966464249,91.79466241616063,89.8357299329285,1019.7342919731714,1017.258932483232,7.958932483232124,8.0,13.032646885819792,13.695686120728707,Yes,Yes
2010-07-28,Brisbane,18.040471639422083,23.1,6.132026805263096,4.63339704809085,0.0,SE,22.79764180288959,SE,SW,7.0,4.0,85.8212237739937,88.0,1019.4255417632094,1017.7844805745098,7.601179098555205,7.398820901444795,20.89764180288959,20.53988209014448,No,Yes
2010-08-09,Brisbane,21.404588941790973,28.90402672904874,0.0,3.826591704967703,5.195973270951255,E,28.265917049677032,E,NE,8.132958524838514,13.867041475161486,74.2022488509689,70.36985253887262,1016.5121714269994,1014.7127336397416,7.0,7.0,25.487266360258378,26.313858065226082,No,Yes
2011-03-24,Brisbane,22.89700042209584,29.573787629196108,8.753741609430254,6.2785535147968154,2.752957779096727,SSW,42.36893814598054,ESE,SSE,7.51191471400177,6.0,72.93467806702742,90.02382942800352,1009.9732545917071,1007.1268290059078,6.255957357000884,7.0,26.738660122294604,24.70891513609761,No,Yes
2013-11-30,Brisbane,14.082830798854618,19.35464684767197,1.9560236914266287,4.854302636733306,0.7491394726533388,SW,17.264628964893237,SW,SW,4.996557890613356,3.003442109386645,73.26807107427989,72.76979212897321,1019.7439763085733,1018.4697507831854,7.250860527346661,8.0,15.906884218773289,17.27973290040664,No,Yes
2014-03-28,Brisbane,24.449298056311193,34.02809764711354,0.33180061379646614,9.188931832941972,7.40736520037511,E,32.63133265133726,S,E,6.92166837165685,13.525330605349039,57.39633776630781,56.94933878930191,1012.2479349019243,1011.1161342881278,5.18433367433137,3.73733469732548,29.986164791177465,31.980630707648444,No,Yes
2013-05-04,Brisbane,16.51835700986643,27.158793493175036,5.983825406676561,3.004364833085988,9.888960263278918,ENE,19.889602632789174,W,E,2.4043648330859884,6.7278566995547795,71.11039736721082,57.24261889985159,1015.3485237799703,1011.7404364833086,1.1617459332343953,1.1617459332343953,23.150706196513312,26.537484043249233,Yes,Yes
2011-09-24,Brisbane,22.729393680191656,27.915955912889295,0.2569886849640647,6.600359735083849,2.1152364427216015,W,46.28674210023958,N,SSW,7.0,5.143371050119784,70.99640264916151,90.28494342482033,1008.413977369928,1006.0564490823382,6.856628949880216,7.428314474940108,25.815776045347377,21.844989857997106,No,Yes
2012-11-13,Brisbane,16.94584979160727,24.149200079387708,5.787201270203311,2.819800516020095,4.01309994045922,W,31.29550168698877,WSW,W,5.4265010915809695,6.9345002977039005,95.06549970229611,57.015998412245864,1013.6654997022962,1009.0670995435206,8.0,7.0,17.6654997022961,23.6,Yes,Yes
2013-03-07,Brisbane,14.288361280898311,22.995251528084804,16.73659301120374,3.683612808983112,8.15083842694934,E,26.0,SW,E,4.116387191016887,12.767225617966226,89.53445123593244,61.396646292202654,1027.8497675393137,1024.7323094606613,6.058193595508444,5.116387191016887,18.812709606737332,21.425419213474672,Yes,Yes
2010-03-09,Brisbane,20.416718247470936,29.538667075486543,13.000000000000002,5.993025892607107,9.494530412451565,ENE,32.406496093385364,SW,E,3.830427455252961,19.067351003891286,69.28922935408502,60.03487053696447,1015.5730595984435,1013.2204443081711,5.169572544747039,4.254358817120559,25.860615903502158,27.26410295719861,Yes,Yes
2012-04-08,Brisbane,11.65787936487064,22.72705668919331,0.0,6.115295540537791,7.52682509459157,SE,31.09646560811773,SSW,SE,6.442352229731105,12.769408918924418,57.30822675677326,53.98117006757994,1027.5844728648603,1024.50941496621,3.884704459462209,4.769408918924418,17.19058503378997,20.38470445946221,No,Yes
2012-08-15,Brisbane,15.587213228882389,21.359681038736102,18.811024204283235,3.7678511514101816,1.8245103380222325,SE,29.801063204212983,S,SSE,5.8010632042129835,6.280637922527791,92.19893679578702,76.79574718314807,1025.7944878978583,1023.0786792746167,6.479574718314806,8.0,17.691298285219432,19.53161724648333,Yes,Yes
2013-08-01,Brisbane,15.973021597756011,19.967289416097437,2.7183801297561248,4.500394528260133,0.38488048933329616,W,16.408099351219374,NW,WNW,2.4693664504064583,6.657113030569042,92.37154787772381,96.06126709918706,1021.2265838739838,1018.3576119518376,7.718380129756125,7.906126709918708,17.60157811304053,18.238338372552786,No,Yes
2013-09-07,Brisbane,20.919439196528767,27.46342680057854,3.758816413306386,6.8731463988429224,4.078255609835155,E,37.15981406074655,E,ESE,14.98847403181962,13.354206026034234,79.24548407521,73.87975208099539,1016.2719938020249,1014.525701004339,7.0,7.0,23.69373819218973,23.966884591032652,No,Yes
2012-02-03,Brisbane,22.368452382442083,29.329996393083242,0.5607683984038259,7.560768398403826,6.200775612237335,ESE,28.588474023942616,N,NNE,8.86922799467942,9.26154401064116,55.13077200532058,69.08459596275594,1014.0830808074487,1010.9392316015962,5.803841992019129,6.7384559893588385,27.405762988028695,26.13461399733971,No,Yes
2011-03-24,Brisbane,23.07234588123133,26.385060009533696,25.494860920743225,3.659503543992711,0.12765411876867008,E,50.21361159085614,E,E,16.255564655409845,18.255564655409845,90.7234588123133,92.53210584309655,1008.7891271070528,1006.5954200667359,8.0,8.0,24.263827059384337,23.380864703078323,Yes,Yes
2015-03-28,Brisbane,18.90650095841123,21.773285988117497,55.13673176633844,4.076625239602807,0.0,S,31.5500887722797,SE,SSW,5.6168738019859665,9.616873801985966,95.0,95.0,1014.8318116613902,1009.644991122772,8.0,8.0,20.074866841580448,19.67486684158045,Yes,Yes
2012-09-02,Brisbane,16.202976951699366,27.10551250240107,6.583462492796797,5.605512502401068,5.202645900951117,SW,24.228224613501837,N,NE,6.599779299501167,6.657111328500167,66.458656231992,67.401324202993,1016.5743109371998,1012.2886439444495,5.685777342999666,6.685777342999666,22.05137812560027,24.059867579700704,No,Yes
2012-06-03,Brisbane,15.044739261670715,21.575441131274083,5.681287855504829,2.922807478413469,1.611989725108197,E,21.128654202644217,SSE,E,2.871345797355782,9.0,94.95028970925475,78.2075981145432,1023.7652027964784,1020.3780682167427,7.0,7.5643271013221085,18.470470102199556,19.983335522463978,Yes,Yes
2014-10-29,Brisbane,16.579090428092183,25.484031453249454,0.0,6.346007863312364,6.555889913626908,SE,39.0,S,SE,9.920157266247275,11.920157266247275,59.539921366876364,63.159685467505454,1030.8931611979035,1028.4441100863733,4.650196582809093,6.460078633123637,22.706086496436,22.89810222306073,No,Yes
2011-05-19,Brisbane,14.423858063845826,23.23837677030578,0.0,3.105383217226552,7.652691608613275,ESE,24.334012893841543,SSE,E,4.143148383074946,13.095432255383296,68.09339357385868,63.57055485077517,1022.7661909743108,1018.6329935530791,3.9522838723083513,4.904567744616703,18.148123863996574,20.8765496724591,No,Yes
2014-07-19,Brisbane,21.116978610371564,27.254715352531633,0.5660372104940763,7.637733957778673,2.1433962789505925,ENE,26.226409315434836,ESE,E,5.698111631482229,9.094334894446687,65.69811163148223,73.96226047345854,1010.6415106948142,1008.954718136913,8.0,7.566037210494076,25.56037488932216,24.96792279463045,No,Yes
2011-10-05,Brisbane,21.40533951126681,27.781278854194284,0.3365414209430036,5.155789946601025,2.6696989609922346,S,32.26917158113993,SSW,E,4.4759393429274725,12.26917158113993,79.93759618064763,77.0962426282901,1014.415337264912,1011.6739837125544,7.0,7.841353552357509,25.641880932209816,24.890903117023296,No,Yes
2011-02-22,Brisbane,18.487983535219435,25.960905562931032,0.0,3.264362225172413,1.2256794076175503,NE,40.038682817554864,N,NNE,6.120164647805642,11.240329295611286,70.03868281755486,78.47654239608151,1012.0132513233228,1006.2291360698589,7.2790121131661465,7.879835352194358,22.676378689952973,22.996954957272724,No,Yes
2013-02-15,Brisbane,20.629917433119473,28.469233199820952,2.8410224002387277,9.126496266626878,7.159826966820845,SE,30.444435667313222,S,SE,4.683759333432803,9.735037333731213,72.65812033328359,65.16240666567198,1016.9444356673132,1014.4469995673281,4.632481333134393,5.974360999850795,25.13760913316424,25.813676766552277,Yes,Yes
2012-11-01,Brisbane,20.367565418282037,24.24589953290672,0.5449205605119349,5.432803736746233,0.486535048811242,W,43.35740653930591,N,SW,6.724602802559674,5.193387855574745,78.35740653930591,90.80661214442524,1009.5314556093232,1007.7376985987202,7.908200934186558,7.908200934186558,22.307221961791775,17.40293691718436,No,Yes
2011-03-03,Brisbane,13.316561073017688,19.57759591525087,8.449348818770304,1.2941569882685602,0.0,SSE,15.847412894417042,SW,SSE,2.0,2.3766279530742405,92.28247096480568,90.52921505865719,1022.3415698826856,1019.4415698826856,8.0,7.90584301173144,15.122404084749128,19.15876451759716,Yes,Yes
2010-07-13,Brisbane,18.54913064751304,25.96711996408694,0.27543467624348233,7.035978633147812,3.1,ENE,27.37717338121741,ENE,ENE,8.065760071826118,14.37717338121741,69.26304028730448,60.44293345304352,1019.5692374817739,1017.802117517687,7.0,6.311413309391294,24.32456532375652,25.386847985634777,No,Yes
2014-12-28,Brisbane,26.422140008761737,31.72418895589958,0.016391577102793133,7.583608422897206,9.232384744450979,E,30.938531585864524,SE,ENE,12.918042114486035,14.83608422897207,71.14342629964945,58.61468414135474,1008.8331815639601,1006.9372794582358,4.061468414135474,3.0819578855139658,29.538531585864526,30.524188955899582,No,Yes
2011-08-03,Brisbane,17.605815623564375,22.161674325276657,45.33868466746667,4.05973578408853,0.9643164843913619,SE,40.370045951659925,SSW,SE,4.5259908096680155,10.649339460221324,83.24669730110661,78.89603676132793,1021.1162981037273,1018.8182366449156,7.824669730110662,7.824669730110662,20.47594773152011,20.73180643323239,Yes,Yes
2010-09-23,Brisbane,14.83088998329715,21.156631636044775,3.365677796336499,3.7965677796336497,2.5326060934803256,SE,25.931355592672997,SSE,ESE,6.0514833054952515,7.000000000000001,72.931355592673,78.725422370692,1026.2639616861534,1022.3673939065199,7.0,7.98283889816825,19.60343222036635,19.3480510851289,Yes,Yes
2011-11-11,Brisbane,19.428298460837546,27.169494999620333,0.30534576920156437,6.6,2.413682885360109,ESE,32.129720192964804,SSE,SE,7.0,8.60299134695698,81.66429711312125,81.00784807414861,1016.4823930775657,1014.7457575005695,6.343550961027376,6.816822115019555,21.88781278811838,23.461083942110562,No,Yes
2012-09-09,Brisbane,12.075804580322274,21.231704427539068,0.30893923671875284,3.1930870229492205,6.94696061049804,E,28.57926106884766,SW,ESE,4.386174045898441,11.841477862304677,73.61382595410156,69.66865343603519,1028.8455303816406,1025.5282479390135,3.0,3.772348091796882,15.995113282617194,19.00345648852539,No,Yes
2012-05-13,Brisbane,23.40778259265364,26.44280425959502,41.02487061329549,2.0,0.0,E,57.18674011969217,E,E,19.575869752374196,20.883261110195395,90.6147827156424,95.96108703673178,1004.8237390127933,1001.908956297151,8.0,8.0,24.477043456871524,23.83852172843576,Yes,Yes
2011-06-24,Brisbane,19.98994548199734,28.353532618706033,4.973912402813514,5.876630935301943,9.717119755414737,E,33.78804287763767,SSE,E,6.323369064698056,13.282609496483106,70.71739050351688,72.22282388467146,1013.3252716690578,1011.5646738129398,5.394021438818834,5.0,25.960597856118124,25.656521899296617,Yes,Yes
2012-11-06,Brisbane,19.92488684132138,27.590316844300133,7.177917880313424,6.190769479014605,2.731765275386446,SSE,25.40090526942895,SE,ESE,7.05067895207171,11.801810538857891,83.59456838342632,77.18913676685264,1019.3995473652855,1017.4792757844568,5.5484157784993435,6.5990947305710534,22.62579211075033,24.051131586786184,Yes,Yes
2013-04-07,Brisbane,20.504805892419704,28.138447139357627,11.636599657730086,3.0114592664669484,7.696117848394067,E,38.47135183383263,ESE,ESE,14.61552860642373,16.711646454817796,73.7116464548178,74.94270366766526,1014.7306828361457,1012.9162651588866,4.144176772591101,4.951941075802966,26.12402946209852,24.782623911948733,Yes,Yes
2011-09-11,Brisbane,15.869487438954831,26.274572865795694,5.125386950593484,2.3694874389548315,8.349145731591387,W,20.50854268408614,SW,N,3.898291463182772,5.898291463182772,68.35597987886031,51.81366829453781,1014.1576482320668,1009.4881607931119,4.101708536817228,3.152562805225842,21.233889451068805,25.493206036341917,No,Yes
2014-10-21,Brisbane,22.296024697136485,26.92465157397215,4.577336077459609,5.0413525422172665,0.8045692501838626,SE,33.453278450807815,ESE,ESE,13.0,13.226639225403906,79.56659806350977,86.28032929515314,1016.2167009682452,1013.8033813555433,7.660041161894142,7.54672154919219,25.38668038729805,24.88329903175488,Yes,Yes
2013-12-10,Brisbane,14.126089362334172,21.4,0.9043574493366855,2.373855303979887,2.4522340583542848,ENE,20.652510726783994,WSW,SE,4.0,7.826255363391997,85.73910637665827,90.7821275331657,1028.1,1026.0347489273217,6.260893623341714,7.0,17.478268087002515,18.069608522015084,No,Yes
2010-11-04,Brisbane,15.202540419945576,22.29029678771327,92.16749502881999,12.935720930780384,0.05815725310346205,E,36.73982281506346,ESE,SE,10.923477298548077,10.892868217967308,89.67860465390191,88.86225913738653,1026.0423632350091,1024.6530764132124,7.984695459709616,7.984695459709616,19.217844960235965,19.662748615190576,No,Yes
2010-09-14,Brisbane,16.492571320211827,23.719505721218482,0.0,2.3860694131389986,2.3934980929271727,ENE,19.933436308079482,SW,E,4.0,9.0,74.13312738384103,58.198146454569304,1018.974146833828,1015.0941159414041,7.0,7.0,18.865791381324396,22.226162090410533,No,Yes
2011-02-19,Brisbane,21.09563248755591,29.74636040629659,0.0,5.4960484411220145,3.6060313267085036,ESE,27.995840464338965,SSW,E,7.492720812593185,13.993760696508446,71.99584046433895,52.51143872306785,1013.808111094539,1012.555927338317,4.993760696508445,5.4948005804237035,24.699376069650846,27.89688034825422,No,Yes
2010-09-20,Brisbane,14.435805399639818,20.298809317079918,4.638646056240537,2.30549412383985,0.18424902063997498,SSE,15.921245103199876,SW,SSE,2.9212451031998747,4.3031127579996875,74.95696559080231,67.96887242000312,1021.0775642138801,1018.59212451032,8.0,8.0,15.921245103199876,19.806684806759932,No,Yes
2015-07-12,Brisbane,14.396686221754686,23.91131593792595,0.13679275387962822,4.568865215083346,3.714629716171263,E,19.948108691805576,SW,ENE,5.367927538796282,7.000000000000001,63.05657968962975,57.16036230601859,1023.3683963769398,1019.0688652150833,7.0,7.0,19.16980289137041,22.200937676287065,No,Yes
2010-08-26,Brisbane,20.493893958925707,24.6554790753647,16.769592506644774,4.977436280828905,0.0,SSE,35.237767465848705,S,SSE,10.00606513706888,10.774362808289052,89.22563719171094,88.30489301366053,1015.9146381369761,1014.4853618630239,8.0,8.0,21.739627910974786,21.639021397267896,Yes,Yes
2010-03-23,Brisbane,23.044886716351392,28.505610839543927,1.0528476106764932,4.8316748136822705,1.1326699254729087,E,34.887783209121515,E,E,15.0,16.88778320912151,70.0660595133456,81.72940914071015,1011.6643447391552,1009.0990048882094,8.0,8.0,25.849502444104683,25.799004888209364,No,Yes
2012-05-15,Brisbane,16.261670368337015,26.03971813236178,3.5337961668995983,4.767245208624497,6.55644265322423,ENE,30.0,WNW,ENE,6.0557484028748325,11.222993611499332,86.49479312237952,59.05574840287483,1027.8919952834895,1025.1362468806149,5.832754791375502,6.77700638850067,19.295813660411312,24.13414329207429,Yes,Yes
2012-06-27,Brisbane,20.028157013954008,26.89615434784152,27.422062510302062,4.131204265779985,3.8148769073095115,SE,35.007984003325056,SE,ESE,12.203193601330023,15.671989335550036,85.27358613621506,64.65602132889993,1010.8662541837184,1009.146733223918,7.867198933555004,7.132801066444996,23.51487690730951,25.57663338804102,Yes,Yes
2015-01-07,Brisbane,20.6367112977803,24.5549130965033,1.3453506466403706,6.363772231316438,0.12728071948920225,W,19.45482518212208,NNW,WNW,4.5456143897840455,6.0,78.45350646640371,82.99912085618776,1018.4542976958348,1016.7725434517484,7.363596402553989,7.363596402553989,22.89131669394932,22.373026980845086,No,Yes
2012-02-26,Brisbane,18.798101410635198,28.240759435745915,5.8919008774009685,6.323227601920159,8.685316050221438,SE,38.6018985893648,SE,ESE,9.796202821270402,16.999999999999996,66.17531833825761,52.3886084638112,1018.2308219593795,1015.6696828057605,5.597152115952801,6.1990507053176005,25.42180365989656,27.361139153618875,No,Yes
2011-10-12,Brisbane,14.88187512232339,24.278724619608496,0.0,7.792142717344697,6.419681154902124,SE,27.354336684765965,NW,NE,6.7401783966808715,5.6141582880850915,55.16530652187229,68.12602010859578,1016.8086733695319,1014.4984437227746,3.291326630468073,6.6771683423829815,21.485025625038286,20.93461758159997,No,Yes
2014-01-05,Brisbane,13.024171912526858,22.48804045000632,0.22934681666877335,4.690754308347027,6.161154679138753,E,27.027138583407066,SSW,ESE,5.146734083343867,6.426632958328067,76.6793932499052,62.17387266675093,1027.913316479164,1025.6160303375045,4.7201011250158,4.866835208359666,17.498895883369148,21.333417604179832,No,Yes
2013-06-30,Brisbane,12.997199717412872,17.347448481094183,8.003297809949757,0.9799004945274743,0.6971997174128719,WSW,26.072494701491348,SW,WNW,8.357498233830448,6.61449894029827,92.8714996467661,90.0,1014.8324520134333,1011.4609523666671,7.12850035323391,8.0,14.094399434825744,16.014498940298267,Yes,Yes
2011-09-13,Brisbane,21.56369628927041,24.069916240937594,1.1356858474304041,3.4572566102783835,0.377591646527994,E,23.699162409375976,S,SE,7.0,6.0,78.48963341388801,91.24481670694401,1013.504764497744,1010.5522723852096,7.811204176736003,7.811204176736003,23.35456542975681,21.379047100451203,No,Yes
2014-08-10,Brisbane,22.921133431145382,33.12874974569901,0.0,5.728255790297583,10.359215003913514,E,31.25552366979231,SSE,E,4.538081572768134,14.255523669792312,55.0,60.02703423318351,1009.8511047339584,1009.4690407863842,2.0,6.179360524256045,30.28255790297582,29.603197378719774,No,Yes
2014-03-17,Brisbane,14.755076606197576,19.23439908866481,5.586468750537351,4.647368923715597,0.6259396701015728,SW,17.862784288679553,SSW,SSW,5.251879340203145,2.0,75.10714626807012,74.10714626807012,1020.2656009113351,1018.6159767793758,7.0,8.0,16.481016276299147,17.65808355052261,No,Yes
2012-07-18,Brisbane,22.274298790639886,27.577103628080334,0.0,7.49719516255955,3.85600616572496,WNW,62.098781125935794,E,NE,6.0,6.538719468686195,69.92256106262761,61.538719468686196,1011.2176220063309,1008.7482622719876,6.820426843771268,3.538719468686196,26.06161584060586,26.661615840605858,No,Yes
2012-02-06,Brisbane,13.199999999999998,23.32574238592889,1.0423756349724609,1.4,5.587921319399097,E,21.394060912568847,SW,NE,3.74257614071106,6.651484771857788,86.77227157786682,65.16633249043566,1018.1360355360641,1014.4679175151628,4.302969543715576,7.0,17.69089086311467,21.634851522814223,No,Yes
2009-11-13,Brisbane,18.86657820061627,27.914599432468364,0.0,5.406684359876746,10.107299716234184,SE,44.55320948086278,S,SE,10.173262560493017,19.313103321602313,61.0,52.34037155741165,1021.7121380070387,1019.4981539309277,2.5866312802465092,3.4133687197534908,24.511257252529994,26.15655166080116,No,Yes
2009-10-24,Brisbane,24.18218833819634,33.389058309018296,0.0,6.909584450928453,9.242493294429279,ENE,28.0,E,NE,6.178116618036598,15.356233236073198,60.19168901856908,48.65733916445927,1011.2178116618037,1007.7356233236072,4.821883381963401,4.095844509284535,29.371246647214637,31.56988940716139,No,Yes
2011-10-09,Brisbane,20.258356478833495,27.686260415475072,4.071246528174976,7.014589119708374,7.456232640874877,E,29.497876162041383,N,ENE,8.57082176058325,12.570821760583252,64.0771932744591,57.502123837958614,1013.7441921267168,1011.4012743027752,7.0,7.0,25.04978761620414,27.01458911970838,Yes,Yes
2010-07-31,Brisbane,16.697139015634164,27.818599524715534,0.8490963667088096,4.237199049431069,8.889156400505716,N,37.341113751580366,N,NNE,9.0,15.227409167720241,58.73644550063215,62.52710899873571,1016.2041413920564,1010.8377259083227,2.8862954161398795,3.263554499367855,23.65218404098184,25.14134044148756,No,Yes
2015-06-13,Brisbane,14.254548385234326,21.431170505848186,1.316889396930701,0.7090967704686542,4.288311060306929,ESE,30.649331809207897,WNW,SE,4.0,12.844147470759065,85.27274192617163,75.6493318092079,1028.0493479279967,1024.9298663618417,7.038963132310234,7.0,17.657140554458742,19.47013363815842,Yes,Yes
2010-04-15,Brisbane,17.18547616530137,22.698333157109573,33.72460627949797,1.73444456192695,0.6800792727716821,E,32.672222809634754,ESE,ESE,7.763492231324214,8.962699503607393,77.16190677589057,65.0,1017.4124606279497,1013.9016668428904,7.381746115662107,7.381746115662107,19.85849170265294,22.051031603374415,Yes,Yes
2013-02-15,Brisbane,15.442351801688437,27.436554214888723,0.673108429777453,3.053783140445094,7.485669867843486,S,18.682771074443632,SW,NE,5.00966264466618,4.673108429777453,66.99033735533382,60.33655421488873,1016.9711759008443,1012.9365542148887,2.3268915702225472,5.99033735533382,21.8404192727552,25.370209636377602,No,Yes
2013-02-06,Brisbane,20.652439425994967,28.98039266786281,0.3934335812284453,6.875421891695406,4.25262327434991,SSE,31.032832093857774,ENE,ESE,7.967167906142227,9.065664187715548,69.21294898918816,81.01595642604153,1011.740902231056,1009.5326482455029,4.934335812284453,5.934335812284453,26.668855472923855,25.4722306064871,No,Yes
2011-11-10,Brisbane,16.24888817337948,27.169585195945317,3.1959375709790616,4.0519349951451815,7.026983104827825,NE,29.926983104827823,SW,NNE,4.7707932419311305,11.0,70.51111826620522,62.45841351613774,1020.1024160919716,1015.663876429875,6.2292067580688695,7.0,21.745648912883198,24.68317296772452,No,Yes
2010-01-27,Brisbane,20.66816136689728,26.78206359723265,0.12735453241088412,9.035872805534696,0.2865476979244892,SE,34.36322733794558,SE,SE,17.72645467589116,15.726454675891157,61.22870431719047,81.22870431719048,1014.4762297117613,1012.2627774096858,7.0,8.0,25.763677266205445,23.31345230207551,No,Yes
2009-10-29,Brisbane,15.98687577496437,23.275938920768006,2.0812491389284795,3.668124913892848,3.7528133180179437,SE,23.362498277856965,SSE,ESE,7.978126291607279,7.000000000000001,70.36249827785696,68.44999311142784,1024.9153115958748,1021.1471866819821,7.0,7.34062456946424,19.731875086107152,21.14625120550013,Yes,Yes
2012-09-26,Brisbane,18.500402585057426,23.956819301998962,17.873276001398853,7.183693924937401,3.0859588109446476,SE,36.042778112943616,SSW,S,6.260694528235903,10.564167169415418,87.22194226586653,71.65374924587688,1014.9291395089457,1015.729542094003,6.957221887056388,7.0,19.817111245177443,21.639305471764096,Yes,Yes
2010-10-14,Brisbane,16.233753562602967,24.62820599861373,0.09920749085868123,4.990489890304175,4.4698846526298865,SE,30.480187271467035,S,ESE,6.519812728532969,10.984149817173623,60.49603745429341,70.36131090026922,1021.6364554205007,1019.7813041110821,5.511887637119782,7.0,22.376224725760434,19.70396254570659,No,Yes
2010-12-07,Brisbane,15.23146843043033,24.22360132282275,0.0,3.352797354354509,4.837063139139346,SE,35.00757466299521,SW,E,6.6928903586919395,15.928903586919397,65.62179394561133,63.31468430430328,1020.1378206054388,1018.053554820654,5.464451793459697,7.0,19.25431228695355,20.937820605438866,No,Yes
2014-02-03,Brisbane,19.068493130648285,27.81467713425023,0.6516633955468026,6.512328753765524,4.906849361820667,N,22.258316977734015,NW,NE,4.0,5.045009813359592,75.77495093320204,72.68493130648285,1014.5023483804847,1008.994520608055,5.9549901866404085,7.0,23.32700588801575,25.019178115586193,No,Yes
2013-12-18,Brisbane,22.90946485522721,28.167844475587938,1.8732963037114148,2.9619888911134247,1.5040888710926048,SE,36.30312967041278,W,SE,8.809944455567122,18.49318521484566,69.63351848144293,64.74659260742283,1010.499596243649,1010.009540699216,6.9366481518557075,6.873296303711415,26.982761158938622,26.205855584474516,No,Yes
2014-06-27,Brisbane,12.462398654772628,21.378073185442883,0.04702359201077551,4.039186326675646,0.8547111233917006,SE,29.921627346648705,WSW,ENE,4.0,12.921627346648707,73.11755898002694,57.117558980026935,1027.661262875187,1023.3651815078545,6.8824410199730615,6.843254693297415,16.227130960764544,20.042805491434805,No,Yes
2013-08-21,Brisbane,21.17024888880362,26.171545714367937,1.2805187302257268,5.432821587313768,3.783350793848738,SE,31.059025397404007,ESE,E,10.492323809706528,8.074377777990948,73.0,85.83589206343116,1015.7461619048532,1014.0551349207111,7.417946031715578,6.8358920634311575,24.141794603171558,22.656670158769746,No,Yes
2012-01-29,Brisbane,20.97082249636822,29.938403047888468,18.014488534291676,4.315709433952643,4.574564731503431,E,28.064838896959508,ESE,E,4.097258345439258,6.291775036317772,85.90274165456073,75.70822496368223,1015.5778066763514,1012.8745647315034,6.967580551520247,6.935161103040495,26.15137082728037,27.383790275760127,Yes,Yes
2013-07-06,Brisbane,18.29040562335038,24.197230928427107,0.10959437664961746,4.821763077161093,1.835608435025574,E,30.45202811675191,SE,SE,7.0,6.5479718832480875,74.19188753299235,83.06825305076721,1020.7287831299489,1018.7040562335038,7.5479718832480875,7.0,21.80682530507672,21.479524084769835,No,Yes
2012-02-20,Brisbane,20.365290576918813,30.01937314230369,0.0,6.551009215381547,8.507140680768634,SSE,28.035703403843172,SW,E,6.423470942308119,13.306116230767525,70.7755350769299,64.0,1015.6841971980807,1012.9489907846184,4.306116230767525,3.5765290576918813,25.472431257687447,26.773455707688555,No,Yes
2011-04-19,Brisbane,21.692403347375095,28.727408113499987,33.287880514247576,3.8629594325000833,3.7583412768748126,E,37.27408113499983,E,E,13.862959432500084,16.999999999999996,77.52780425624937,79.86295943250009,1016.3344582132497,1014.1461264686246,7.431479716250042,7.431479716250042,26.525372312124958,26.18426014187498,No,Yes
2011-07-18,Brisbane,14.515184915051618,24.175924575258087,0.0,3.3329659344322136,7.191109490309701,SE,24.848150849483837,SW,E,6.575924575258084,10.151849150516169,70.67034065567786,60.18332117732276,1020.7848150849484,1017.6512980521645,2.0,4.696301698967662,18.815184915051614,21.7,No,Yes
2014-07-17,Brisbane,21.904324124286653,28.577244696545144,0.8050567341010793,6.541272816958849,2.999755796728525,W,25.9747163294946,NNW,WNW,5.658238776498201,11.12153428709748,74.51386285161007,89.6835224470036,1013.2544030587544,1009.2374370992151,5.805056734101079,7.26835224470036,25.76509126783539,22.575204736037552,No,Yes
2014-11-14,Brisbane,14.11090064597545,27.93629686357435,0.28091740472942434,4.616930811732604,10.387231027057753,WNW,26.638448647112327,NW,ENE,2.638448647112328,11.255379458844933,65.89382810595725,55.02151783537972,1018.3847957869486,1013.514637299909,1.3830691882673967,2.0,21.878907349477043,26.389524538881314,No,Yes
2011-05-25,Brisbane,15.349957232038127,21.50003289843221,0.0,3.1499703914110113,0.9500361882754303,SSE,19.250148042944943,SW,SSE,4.5000328984322095,6.249950652351687,62.500493476483136,51.50069086707639,1022.0500888257669,1020.050088825767,7.749983550783895,8.0,16.699980260940674,20.199986840627115,No,Yes
2011-07-20,Brisbane,20.43922553704606,34.91610880246878,1.0449792222190377,6.348326407406345,9.932531166671444,WSW,67.83264074063459,NNW,NNW,9.224896111095187,15.385984135783007,55.58054401234391,36.32531166671444,1009.1838911975312,1003.2486399691402,1.5805440123439098,4.4832640740634595,27.874476765437056,33.580544012343914,No,Yes
2012-09-16,Brisbane,12.99234346413861,21.004281981788473,0.0,2.267116607209722,6.252478446301528,SSE,24.538282679306942,WSW,SE,5.734233214419444,10.069816250468056,80.06306714232223,59.00674910814583,1023.5076565358614,1020.1279265001872,6.132883392790278,4.601349821629166,15.192343464138611,19.73716537457875,No,Yes
2014-07-24,Brisbane,21.594319977070604,29.93712001528626,0.0,6.948480061145056,9.474240030572528,SE,43.0,SE,ESE,13.494933537150189,18.123733384287547,56.44826623355585,49.25759969427472,1014.3825601987214,1012.4892535142208,6.0,2.5618666921437736,26.68762666157125,28.12474667685751,No,Yes
