Date,Location,MinTemp,MaxTemp,Rainfall,Evaporation,Sunshine,WindGustDir,WindGustSpeed,WindDir9am,WindDir3pm,WindSpeed9am,WindSpeed3pm,Humidity9am,Humidity3pm,Pressure9am,Pressure3pm,Cloud9am,Cloud3pm,Temp9am,Temp3pm,RainToday,RainTomorrow
2009-01-01,Brisbane,22.2,33.9,0.0,9.0,6.9,W,44.0,SE,NNE,4.0,13.0,60.0,65.0,1007.4,1005.1,5.0,7.0,29.699999999999996,30.9,No,No
2009-01-02,Brisbane,23.2,31.5,0.0,7.4,0.7,ESE,30.0,SSW,E,11.0,16.999999999999996,74.0,47.0,1009.9,1009.7,8.0,8.0,25.0,29.399999999999995,No,Yes
2009-01-03,Brisbane,21.8,26.000000000000004,4.4,5.4,0.0,SSE,41.0,SE,SSE,15.0,14.999999999999998,85.0,86.0,1015.3,1015.1,8.0,8.0,22.7,22.1,Yes,Yes
2009-01-04,Brisbane,20.1,27.5,4.8,4.2,7.0,ESE,35.0,SE,SE,17.0,16.999999999999996,55.0,45.0,1017.4,1014.7,7.0,7.0,25.600000000000005,26.300000000000004,Yes,No
2009-01-05,Brisbane,20.4,28.999999999999996,0.0,7.800000000000001,7.700000000000001,SSE,30.0,SE,E,11.0,19.0,65.0,53.99999999999999,1014.1,1012.1,7.0,7.0,25.8,27.700000000000003,No,No
2009-01-06,Brisbane,20.8,30.500000000000004,0.0,6.4,12.7,E,30.0,ESE,E,9.0,14.999999999999998,58.00000000000001,49.00000000000001,1013.5,1011.1,3.0,2.0,27.300000000000004,29.6,No,No
2009-01-07,Brisbane,20.9,29.8,0.0,8.6,11.4,NE,30.0,E,NE,9.0,16.999999999999996,62.0,56.99999999999999,1013.0,1010.2,3.0,7.0,27.200000000000003,28.400000000000002,No,Yes
2009-01-09,Brisbane,23.1,30.199999999999996,0.6,4.4,2.8,SSE,43.0,S,SSE,9.0,24.0,74.0,47.0,1011.8,1010.4,8.0,7.0,24.9,28.900000000000002,No,No
2009-01-10,Brisbane,19.0,29.1,0.2,6.4,9.6,SE,43.0,SE,ESE,20.0,22.0,52.0,51.0,1012.4,1010.4,3.0,5.0,26.0,26.300000000000004,No,No
2009-01-11,Brisbane,19.6,28.7,0.0,9.0,8.9,ESE,33.0,SE,E,9.0,16.999999999999996,55.0,56.0,1012.6000000000001,1010.6,7.0,7.0,25.5,26.2,No,No
2009-01-12,Brisbane,18.6,29.5,0.0,7.599999999999999,9.5,ESE,35.0,E,E,9.0,14.999999999999998,60.0,53.99999999999999,1014.6,1013.2,7.0,7.0,26.0,27.799999999999997,No,No
2009-01-13,Brisbane,20.2,30.199999999999996,0.0,7.599999999999999,11.5,E,37.0,ESE,E,17.0,19.999999999999996,55.0,53.0,1017.2,1015.4,6.0,4.0,26.300000000000004,27.200000000000003,No,No
2009-01-14,Brisbane,18.8,29.300000000000004,0.0,9.4,13.0,NE,33.0,E,ESE,13.0,16.999999999999996,49.0,39.0,1017.2,1015.3,3.0,3.0,26.7,28.499999999999996,No,No
2009-01-15,Brisbane,19.0,31.7,0.0,8.4,12.8,NNE,30.0,W,ENE,7.0,16.999999999999996,59.0,45.0,1016.4,1013.1,3.0,1.0,26.100000000000005,29.699999999999996,No,No
2009-01-16,Brisbane,19.8,32.9,0.0,9.0,12.4,NE,31.0,WNW,NE,7.0,14.999999999999998,54.0,52.0,1013.8,1010.0,1.0,6.0,28.099999999999998,31.1,No,No
2009-01-17,Brisbane,23.2,31.1,0.0,9.0,7.1,ESE,52.0,ESE,SE,15.0,22.0,65.0,61.0,1012.6000000000001,1014.0,7.0,7.0,27.900000000000002,26.100000000000005,No,No
2009-01-18,Brisbane,20.3,27.8,0.0,8.8,5.8,ESE,33.0,ESE,ESE,13.0,16.999999999999996,56.0,56.0,1019.4,1018.1,7.0,7.0,25.4,25.1,No,No
2009-01-19,Brisbane,18.7,28.9,0.0,7.599999999999999,9.0,ENE,31.0,SE,ENE,13.0,14.999999999999998,49.0,50.0,1019.2,1016.7,7.0,7.0,26.4,26.5,No,No
2009-01-20,Brisbane,19.3,30.9,0.0,8.6,12.5,ENE,26.0,ENE,ENE,9.0,16.999999999999996,49.0,42.0,1017.7,1015.5,4.0,3.0,27.4,29.3,No,No
2009-01-21,Brisbane,21.9,31.5,0.0,8.2,11.7,NE,35.0,NNE,NNE,11.0,16.999999999999996,63.0,53.99999999999999,1016.5,1013.5,5.0,1.0,28.400000000000002,30.2,No,No
2009-01-22,Brisbane,25.0,32.3,0.0,9.2,8.2,NE,43.0,NNW,NNE,11.0,16.999999999999996,64.0,58.0,1014.5,1010.6,5.0,6.0,28.400000000000002,30.6,No,Yes
2009-01-23,Brisbane,24.2,29.9,26.6,7.0,0.5,NNE,30.0,N,NNE,2.0,13.0,84.0,77.0,1012.4,1009.5,7.0,7.0,26.600000000000005,28.299999999999997,Yes,Yes
2009-01-24,Brisbane,23.6,32.5,4.4,2.8,3.8,NNE,30.0,SW,NE,6.0,13.0,68.0,64.0,1011.5,1007.9,7.0,7.0,29.3,30.3,Yes,No
2009-01-25,Brisbane,25.2,30.999999999999996,0.0,3.6,3.1,ENE,26.0,ENE,NE,7.0,14.999999999999998,80.99999999999999,80.0,1013.0,1012.9,7.0,7.0,27.300000000000004,27.900000000000002,No,Yes
2009-01-26,Brisbane,23.1,30.500000000000004,29.800000000000004,6.4,7.4,NE,28.0,NNE,ESE,7.0,11.0,73.0,51.0,1016.3,1015.0,6.0,6.0,27.300000000000004,29.5,Yes,Yes
2009-01-27,Brisbane,22.1,30.500000000000004,1.8000000000000003,5.8,10.4,E,39.0,ESE,SE,15.0,19.999999999999996,68.0,55.0,1016.7,1015.1,6.0,4.0,26.9,27.999999999999996,Yes,No
2009-01-28,Brisbane,20.8,30.099999999999998,0.2,8.6,10.2,ESE,35.0,ESE,ESE,15.0,19.0,61.0,53.99999999999999,1016.1,1015.3,6.0,1.0,27.799999999999997,28.6,No,No
2009-01-29,Brisbane,21.1,28.999999999999996,0.0,7.0,5.2,E,35.0,ENE,ENE,13.0,19.0,67.0,66.0,1017.3,1015.5,7.0,7.0,26.2,26.7,No,Yes
2009-02-01,Brisbane,22.1,27.9,0.8,7.4,0.1,SE,28.0,SSW,ESE,4.0,13.0,80.0,60.00000000000001,1015.4,1012.9,7.0,7.0,23.9,27.300000000000004,No,No
2009-02-02,Brisbane,23.0,28.4,1.0,5.6,1.5,ESE,37.0,SE,ESE,19.0,16.999999999999996,80.0,62.0,1012.8,1010.4,7.0,8.0,23.6,26.9,No,Yes
2009-02-03,Brisbane,21.9,29.8,6.2,2.4,8.7,NE,28.0,SSE,ENE,6.0,13.0,77.0,59.0,1011.1,1008.0,7.0,4.0,24.9,28.400000000000002,Yes,No
2009-02-04,Brisbane,22.7,30.6,0.6,5.8,11.8,ENE,33.0,ESE,E,15.0,19.0,62.0,51.0,1009.2,1007.1,3.0,2.0,28.799999999999997,29.399999999999995,No,No
2009-02-05,Brisbane,22.0,30.4,0.0,9.2,11.8,E,33.0,SE,ESE,11.0,19.0,60.0,55.0,1009.0,1007.3,7.0,3.0,28.099999999999998,30.0,No,No
2009-02-06,Brisbane,21.9,31.1,0.0,9.0,12.1,E,33.0,SE,E,11.0,19.0,60.0,53.0,1011.4000000000001,1010.6,7.0,2.0,27.300000000000004,29.5,No,No
2009-02-07,Brisbane,22.1,30.8,0.0,9.0,9.0,ENE,31.0,E,ESE,17.0,16.999999999999996,55.0,47.0,1014.4,1012.5,4.0,2.0,28.299999999999997,29.699999999999996,No,No
2009-02-08,Brisbane,20.2,30.8,0.0,8.4,12.2,ENE,50.0,S,ENE,7.0,11.0,62.0,50.0,1012.6000000000001,1009.4,6.0,2.0,27.099999999999998,30.3,No,No
2009-02-09,Brisbane,20.5,36.1,0.0,7.4,12.0,WSW,31.0,W,NNE,7.0,13.0,60.0,50.0,1010.0,1006.5,0.0,1.0,27.799999999999997,33.1,No,No
2009-02-10,Brisbane,24.4,32.3,0.0,7.2,7.499999999999999,ENE,28.0,E,NE,4.0,11.0,66.0,61.0,1011.0,1007.3,7.0,7.0,28.499999999999996,29.899999999999995,No,Yes
2009-02-11,Brisbane,23.3,31.5,1.4,8.0,9.7,S,30.0,NE,E,9.0,16.999999999999996,64.0,52.0,1005.8,1004.7,7.0,7.0,27.500000000000004,30.7,Yes,No
2009-02-12,Brisbane,21.7,28.0,0.0,6.8,3.3,SSE,31.0,SSE,E,13.0,9.0,62.0,82.0,1012.2,1011.6,7.0,7.0,25.5,24.3,No,Yes
2009-02-13,Brisbane,20.6,23.5,23.8,8.0,0.0,SSE,48.00000000000001,SSE,SE,9.0,7.000000000000001,90.99999999999999,91.0,1016.7,1014.9,8.0,8.0,21.8,21.8,Yes,Yes
2009-02-14,Brisbane,20.1,25.6,36.8,1.6,0.1,S,35.0,SE,SSW,13.0,6.0,90.99999999999999,73.0,1011.5,1007.4,8.0,8.0,21.5,25.2,Yes,Yes
2009-02-15,Brisbane,20.8,31.799999999999997,2.0,1.2,11.4,SSW,24.000000000000004,WSW,NNE,11.0,9.0,62.0,53.99999999999999,1007.0,1004.8,2.0,5.0,25.5,29.5,Yes,No
2009-02-16,Brisbane,21.1,30.8,0.0,5.8,9.3,ESE,30.0,S,E,11.0,14.999999999999998,59.0,56.0,1009.7,1006.8,2.0,7.0,26.7,28.900000000000002,No,No
2009-02-17,Brisbane,21.6,28.4,0.0,6.4,2.3,NE,30.0,S,E,6.0,11.0,65.0,73.0,1009.5,1008.1,7.0,8.0,26.7,25.600000000000005,No,Yes
2009-02-18,Brisbane,22.3,27.8,17.4,3.2,2.5,E,26.0,SSE,SE,7.0,9.0,76.0,70.0,1008.1,1004.9,7.0,7.0,26.100000000000005,27.500000000000004,Yes,Yes
2009-02-19,Brisbane,21.7,31.6,2.2,2.0,10.3,W,31.0,SE,ENE,7.0,13.0,72.0,62.0,1009.4,1006.1,4.0,2.0,27.200000000000003,31.1,Yes,Yes
2009-02-20,Brisbane,23.6,32.5,3.4,7.599999999999999,5.0,W,33.0,SW,E,4.0,13.0,76.0,68.0,1011.1,1008.2,7.0,6.0,26.5,29.699999999999996,Yes,Yes
2009-02-21,Brisbane,20.9,28.7,35.2,6.2,1.9,W,28.0,SW,ENE,6.0,9.0,87.0,72.0,1011.6999999999999,1009.3,7.0,7.0,23.1,27.700000000000003,Yes,No
2009-02-23,Brisbane,20.8,29.700000000000003,0.0,6.8,11.3,ENE,31.0,ESE,E,11.0,19.0,65.0,53.0,1016.6,1015.1,3.0,1.0,27.000000000000004,28.699999999999996,No,No
2009-02-24,Brisbane,19.8,29.8,0.0,8.0,10.8,ENE,28.0,W,NE,2.0,14.999999999999998,61.0,55.0,1016.9,1015.3,1.0,2.0,27.4,28.699999999999996,No,No
2009-02-25,Brisbane,20.4,27.9,0.0,7.0,1.5,NE,22.0,W,ENE,6.0,11.0,70.0,64.0,1016.8,1014.0,7.0,7.0,25.3,26.7,No,No
2009-02-26,Brisbane,20.9,30.3,0.0,3.6,10.1,SE,43.0,SSE,SE,13.0,19.999999999999996,59.0,55.0,1015.2,1012.9,3.0,3.0,27.300000000000004,27.799999999999997,No,No
2009-02-27,Brisbane,19.9,30.099999999999998,0.0,7.2,11.9,ESE,44.0,S,E,11.0,14.999999999999998,51.0,51.0,1015.2,1011.8,1.0,3.0,25.3,27.900000000000002,No,No
2009-02-28,Brisbane,19.2,32.2,0.0,7.4,11.8,NNE,26.0,SW,NE,7.0,9.0,56.0,45.0,1012.9,1009.4,2.0,3.0,25.3,30.8,No,No
2009-03-01,Brisbane,20.0,33.8,0.0,6.8,9.2,E,22.0,S,NNE,6.0,9.0,63.0,53.0,1011.4000000000001,1008.1,0.0,7.0,27.4,31.7,No,No
2009-03-02,Brisbane,23.0,32.2,0.0,5.8,10.0,E,28.0,SW,ENE,6.0,13.0,57.0,55.0,1014.0,1012.0,6.0,6.0,28.900000000000002,29.8,No,No
2009-03-03,Brisbane,24.0,30.500000000000004,0.2,6.0,9.8,ENE,24.000000000000004,E,NE,7.0,13.0,72.0,58.0,1017.0,1014.0,6.0,3.0,27.799999999999997,30.1,No,No
2009-03-04,Brisbane,23.3,31.1,0.2,4.8,10.6,ENE,30.0,NE,NE,11.0,13.0,59.0,56.0,1014.6,1010.0,5.0,3.0,28.999999999999996,30.0,No,No
2009-03-05,Brisbane,20.5,31.5,0.0,7.800000000000001,10.7,WSW,39.0,WSW,WSW,15.0,7.000000000000001,32.0,22.0,1010.4,1007.0,1.0,1.0,24.5,31.3,No,No
2009-03-06,Brisbane,20.4,28.8,0.0,9.0,9.8,ENE,26.0,SSE,ENE,7.0,14.999999999999998,55.0,50.0,1013.2,1010.6,7.0,2.0,25.0,28.400000000000002,No,No
2009-03-07,Brisbane,20.2,29.8,0.0,6.2,11.2,NE,28.0,W,NE,9.0,16.999999999999996,62.0,53.0,1014.8,1011.4,4.0,3.0,26.100000000000005,28.6,No,No
2009-03-08,Brisbane,20.2,30.199999999999996,0.0,7.0,11.2,E,35.0,E,ESE,15.0,19.0,60.0,53.99999999999999,1014.8,1012.9,4.0,5.0,27.099999999999998,27.900000000000002,No,No
2009-03-09,Brisbane,20.7,26.4,0.0,9.8,0.0,SSE,35.0,SE,SE,19.0,16.999999999999996,59.0,79.0,1016.1,1013.6,7.0,8.0,25.7,23.6,No,Yes
2009-03-10,Brisbane,21.9,27.399999999999995,3.4,3.7999999999999994,0.1,SE,50.0,SE,SE,17.0,19.999999999999996,70.0,61.0,1014.8,1013.5,8.0,8.0,25.8,25.8,Yes,Yes
2009-03-11,Brisbane,20.6,25.8,4.4,6.0,2.9,ESE,35.0,SSE,SE,15.0,14.999999999999998,88.0,82.0,1017.4,1015.7,7.0,7.0,22.3,23.0,Yes,Yes
2009-03-12,Brisbane,19.9,27.700000000000003,5.6,4.4,6.2,ENE,35.0,ESE,ESE,19.0,14.999999999999998,69.0,59.0,1019.8,1017.5,7.0,7.0,24.6,26.100000000000005,Yes,Yes
2009-03-13,Brisbane,20.4,25.3,3.0,6.4,3.9,ENE,30.0,ESE,E,7.0,14.999999999999998,75.0,80.0,1017.7,1016.0,6.0,7.0,24.0,22.9,Yes,Yes
2009-03-14,Brisbane,19.2,28.0,6.0,3.2,9.2,ENE,24.000000000000004,SSW,NE,7.0,11.0,73.0,60.00000000000001,1016.7,1013.1,5.0,4.0,24.1,27.4,Yes,Yes
2009-03-15,Brisbane,19.8,29.600000000000005,3.0,5.6,10.8,NE,24.000000000000004,SSE,NE,6.0,13.0,66.0,55.0,1014.8,1010.2,4.0,1.0,26.2,28.400000000000002,Yes,No
2009-03-16,Brisbane,20.2,30.500000000000004,0.0,6.4,9.3,SSW,46.0,W,NE,7.0,13.0,65.0,56.99999999999999,1012.5,1007.3,3.0,1.0,25.9,29.3,No,Yes
2009-03-17,Brisbane,18.2,30.3,13.2,8.2,10.0,ESE,24.000000000000004,W,ENE,9.0,13.0,72.0,58.0,1012.6000000000001,1009.8,1.0,2.0,23.9,28.299999999999997,Yes,No
2009-03-18,Brisbane,21.1,28.8,0.0,4.0,6.3,ESE,33.0,SE,E,9.0,16.999999999999996,68.0,59.0,1016.7,1014.4,7.0,8.0,25.7,27.099999999999998,No,No
2009-03-19,Brisbane,21.2,26.900000000000002,0.0,6.0,0.0,SE,30.0,S,ESE,7.0,13.0,72.0,68.0,1016.9,1014.4,8.0,7.0,24.2,25.4,No,No
2009-03-20,Brisbane,19.8,29.1,0.0,3.4,5.0,SE,33.0,E,ESE,9.0,16.999999999999996,74.0,55.0,1015.8,1012.1,7.0,5.0,24.8,28.400000000000002,No,No
2009-03-21,Brisbane,20.8,29.300000000000004,0.2,5.4,8.5,SSE,35.0,SSE,SE,13.0,19.999999999999996,68.0,48.0,1015.0,1012.1,6.0,2.0,25.4,27.900000000000002,No,No
2009-03-22,Brisbane,19.3,28.6,0.0,6.0,10.8,SE,37.0,S,SE,11.0,16.999999999999996,56.0,51.0,1015.2,1013.0,1.0,3.0,25.7,27.4,No,No
2009-03-23,Brisbane,18.3,28.6,0.0,6.2,11.0,SSE,30.0,SSW,ESE,7.0,16.999999999999996,63.0,47.0,1017.2,1015.1,2.0,2.0,25.2,27.000000000000004,No,No
2009-03-24,Brisbane,18.1,28.4,0.0,6.2,10.9,SE,31.0,SSE,SE,9.0,14.999999999999998,59.0,45.0,1019.4,1017.1,1.0,2.0,25.4,27.599999999999998,No,No
2009-03-25,Brisbane,18.0,28.500000000000004,0.0,8.0,9.1,E,31.0,SSE,ESE,9.0,13.0,55.0,49.00000000000001,1021.9,1019.6,2.0,5.0,24.6,27.799999999999997,No,No
2009-03-26,Brisbane,17.7,28.6,0.0,5.8,11.0,E,30.0,SSW,ESE,9.0,13.0,58.00000000000001,43.0,1021.9,1018.8,2.0,2.0,24.5,27.900000000000002,No,No
2009-03-27,Brisbane,17.3,29.399999999999995,0.0,6.2,11.0,ESE,30.0,SSW,E,7.0,16.999999999999996,62.0,44.0,1019.7,1016.8,1.0,1.0,24.2,28.6,No,No
2009-03-28,Brisbane,19.9,28.7,0.0,5.2,10.5,SSE,46.0,S,SE,11.0,22.0,61.0,48.0,1020.1,1017.7,3.0,3.0,25.4,27.500000000000004,No,Yes
2009-03-29,Brisbane,19.0,28.6,3.2,7.599999999999999,10.5,SE,43.0,SE,ESE,13.0,22.0,63.0,49.00000000000001,1018.8,1015.8,1.0,3.0,24.7,27.000000000000004,Yes,Yes
2009-03-30,Brisbane,20.1,27.2,2.2,7.0,6.8,SSE,31.0,WSW,SE,9.0,11.0,80.99999999999999,84.0,1014.4,1011.7,7.0,6.0,22.5,22.7,Yes,Yes
2009-03-31,Brisbane,19.4,30.0,3.0,4.0,9.6,WSW,30.0,W,W,13.0,7.000000000000001,59.0,47.0,1009.7,1007.1,3.0,4.0,24.8,27.999999999999996,Yes,No
2009-04-01,Brisbane,19.0,30.500000000000004,0.2,4.4,10.7,E,28.0,SSE,ENE,7.0,14.999999999999998,67.0,56.0,1012.9,1010.9,3.0,1.0,26.2,28.900000000000002,No,Yes
2009-04-02,Brisbane,21.1,24.8,13.000000000000002,4.0,0.0,ESE,54.0,SSE,SSE,15.0,14.999999999999998,93.0,94.0,1015.6,1014.6,8.0,8.0,21.3,21.4,Yes,Yes
2009-04-03,Brisbane,20.1,28.099999999999998,66.2,1.8,6.8,E,30.0,ESE,ENE,7.0,14.999999999999998,83.0,67.0,1017.9,1015.1,6.0,5.0,24.7,26.9,Yes,Yes
2009-04-04,Brisbane,21.9,28.099999999999998,41.0,4.0,4.5,SSE,22.0,ENE,NNE,7.0,11.0,92.0,66.0,1017.2,1013.6,7.0,7.0,22.6,26.800000000000004,Yes,No
2009-04-05,Brisbane,20.8,28.099999999999998,0.8,3.6,3.2,E,28.0,SSW,ESE,7.0,11.0,73.0,75.0,1015.7,1012.2,7.0,7.0,24.9,25.4,No,No
2009-04-06,Brisbane,21.4,29.2,1.0,2.2,7.499999999999999,ESE,28.0,SSW,ESE,9.0,11.0,72.0,65.0,1016.0,1013.1,7.0,7.0,23.8,26.5,No,Yes
2009-04-07,Brisbane,20.0,25.7,1.2,2.8,0.9,ESE,35.0,S,SE,15.0,11.0,70.0,76.0,1019.8,1019.0,7.0,7.0,23.7,22.2,Yes,Yes
2009-04-08,Brisbane,18.1,26.6,1.8000000000000003,3.6,10.4,SSE,39.0,SE,ESE,9.0,19.0,57.0,47.0,1023.3,1020.6,2.0,4.0,23.8,24.8,Yes,No
2009-04-09,Brisbane,17.0,25.6,0.0,5.2,4.1,SE,30.0,SSE,E,13.0,13.0,62.0,62.0,1022.6,1020.2,7.0,8.0,23.2,23.6,No,Yes
2009-04-10,Brisbane,17.7,25.8,5.6,3.0,6.8,ESE,33.0,SSW,ESE,7.0,11.0,73.0,80.0,1023.4,1021.4999999999999,7.0,7.0,22.7,21.4,Yes,Yes
2009-04-11,Brisbane,18.3,25.8,2.2,3.7999999999999994,2.6,ENE,28.0,SW,SE,4.0,7.000000000000001,74.0,78.0,1024.5,1022.9,7.0,8.0,22.6,23.2,Yes,Yes
2009-04-12,Brisbane,19.3,26.499999999999996,14.6,4.4,3.7,E,30.0,S,ENE,7.0,13.0,90.0,67.0,1023.5,1020.7,8.0,7.0,21.1,24.9,Yes,Yes
2009-04-14,Brisbane,21.2,27.5,43.8,0.6,3.2,E,30.0,E,E,6.0,6.0,77.0,67.0,1014.9,1011.9,7.0,8.0,25.1,26.600000000000005,Yes,No
2009-04-15,Brisbane,20.3,30.7,0.4,1.6,9.7,E,28.0,SW,WSW,11.0,9.0,74.0,45.0,1012.5,1009.2,3.0,3.0,25.3,30.2,No,No
2009-04-16,Brisbane,19.8,29.5,0.0,4.0,10.6,ESE,22.0,SW,E,9.0,13.0,68.0,41.0,1014.5,1011.5,1.0,2.0,23.9,27.599999999999998,No,No
2009-04-17,Brisbane,15.6,29.700000000000003,0.0,6.4,10.4,SW,30.0,SSW,SE,6.0,11.0,64.0,34.0,1014.8,1011.5,4.0,2.0,22.0,28.799999999999997,No,No
2009-04-18,Brisbane,16.5,27.9,0.6,5.0,10.4,ESE,24.000000000000004,SSW,S,9.0,7.000000000000001,64.0,40.0,1016.3,1012.9,2.0,2.0,22.399999999999995,27.799999999999997,No,No
2009-04-19,Brisbane,16.7,27.2,0.2,4.6,10.6,SSE,28.0,WSW,SSW,13.0,14.999999999999998,57.0,41.0,1014.1,1010.8,1.0,5.0,22.2,25.7,No,No
2009-04-20,Brisbane,18.6,27.299999999999997,0.0,3.6,10.2,SSW,31.0,SW,SSW,11.0,13.0,54.0,41.0,1012.6000000000001,1010.1,1.0,6.0,22.6,26.9,No,No
2009-04-21,Brisbane,17.9,26.4,0.0,5.6,8.7,SSW,35.0,SW,SSW,13.0,9.0,59.0,80.0,1014.9,1013.4,6.0,6.0,21.9,21.1,No,No
2009-04-22,Brisbane,16.5,27.2,1.0,4.2,9.8,SSE,31.0,SSW,SSW,11.0,11.0,62.0,43.0,1017.9,1014.4,2.0,3.0,21.9,26.5,No,No
2009-04-23,Brisbane,17.0,26.900000000000002,0.2,3.6,10.0,WSW,28.0,SW,S,11.0,11.0,58.00000000000001,43.0,1017.8,1014.9,1.0,2.0,22.0,26.300000000000004,No,No
2009-04-24,Brisbane,14.699999999999998,27.2,0.0,1.4,9.5,NNE,46.0,SW,NE,7.0,13.0,64.0,49.00000000000001,1016.7,1011.5,1.0,1.0,20.6,25.3,No,No
2009-04-25,Brisbane,15.799999999999999,30.3,0.0,4.0,9.8,NNW,28.0,NE,NNW,7.0,9.0,68.0,41.0,1011.6999999999999,1007.5,1.0,2.0,22.7,29.8,No,No
2009-04-26,Brisbane,17.9,28.9,0.0,4.8,10.7,WNW,33.0,W,WNW,15.0,16.999999999999996,40.0,28.0,1012.1,1008.0,1.0,1.0,25.1,28.400000000000002,No,No
2009-04-27,Brisbane,14.299999999999999,26.499999999999996,0.0,6.2,10.7,W,31.0,SW,W,9.0,16.999999999999996,45.0,30.000000000000004,1016.0,1013.3,0.0,0.0,21.9,25.7,No,No
2009-04-28,Brisbane,12.6,26.1,0.0,6.4,10.8,SW,20.0,WSW,SE,9.0,6.0,40.0,25.0,1020.7,1016.5,0.0,0.0,19.5,25.8,No,No
2009-04-29,Brisbane,12.1,25.5,0.0,3.4,9.5,E,20.0,WSW,ENE,11.0,11.0,59.0,40.0,1020.6,1016.5,5.0,3.0,17.6,24.4,No,No
2009-04-30,Brisbane,13.3,26.4,0.0,3.2,10.3,SE,43.0,SSW,W,9.0,14.999999999999998,64.0,29.0,1018.0,1014.6,1.0,1.0,19.7,25.8,No,No
2009-05-01,Brisbane,13.1,24.6,0.0,5.0,6.3,ESE,26.0,SW,ESE,11.0,9.0,57.0,55.0,1022.6,1019.9,1.0,7.0,18.8,22.4,No,No
2009-05-02,Brisbane,15.6,24.8,0.0,4.2,9.7,ENE,26.0,SW,ESE,9.0,13.0,62.0,53.99999999999999,1024.0,1020.5,7.0,4.0,20.1,22.5,No,No
2009-05-03,Brisbane,14.199999999999998,24.8,0.0,4.0,7.700000000000001,ENE,31.0,SW,ESE,9.0,11.0,69.0,48.0,1024.3,1021.8,5.0,5.0,18.7,22.3,No,No
2009-05-04,Brisbane,14.900000000000002,24.9,0.0,3.2,9.0,E,31.0,SW,ESE,9.0,16.999999999999996,66.0,55.0,1025.6,1023.6,2.0,3.0,19.3,22.5,No,No
2009-05-05,Brisbane,13.400000000000002,24.4,0.0,3.6,9.5,SE,30.0,SSW,ESE,11.0,19.0,66.0,45.0,1027.4,1024.2,3.0,2.0,19.4,22.5,No,No
2009-05-06,Brisbane,14.0,24.4,0.0,5.0,6.3,SE,35.0,SSW,SE,7.0,14.999999999999998,64.0,59.0,1025.8,1022.0,5.0,7.0,19.7,21.5,No,Yes
2009-05-07,Brisbane,16.6,24.4,1.4,3.6,4.4,SSE,22.0,SSW,ESE,9.0,7.000000000000001,69.0,63.00000000000001,1024.2,1020.5,7.0,7.0,19.8,22.1,Yes,Yes
2009-05-08,Brisbane,14.400000000000002,25.8,2.2,2.2,9.9,SSE,24.000000000000004,SW,E,9.0,13.0,73.0,45.0,1024.1,1020.9,1.0,4.0,20.2,24.4,Yes,No
2009-05-09,Brisbane,12.5,25.4,0.2,4.0,9.4,W,24.000000000000004,SW,SW,11.0,9.0,66.0,42.0,1022.6,1018.2,1.0,2.0,18.9,25.1,No,No
2009-05-10,Brisbane,12.400000000000002,25.4,0.0,3.6,10.0,SW,50.0,SW,SSE,9.0,7.000000000000001,69.0,37.0,1020.3,1017.5,1.0,1.0,18.2,24.7,No,No
2009-05-11,Brisbane,14.1,23.6,0.0,4.0,10.0,E,35.0,SSW,ESE,7.0,14.999999999999998,62.0,46.00000000000001,1021.9,1018.9,1.0,2.0,19.7,22.5,No,No
2009-05-12,Brisbane,13.8,21.5,0.0,4.4,1.3,SSW,17.0,SW,NNW,9.0,2.0,73.0,59.0,1020.8,1017.3,7.0,7.0,16.6,20.9,No,No
2009-05-13,Brisbane,12.0,24.3,0.0,1.4,9.2,NNW,24.000000000000004,SW,W,9.0,7.000000000000001,75.0,37.0,1018.5,1014.2,5.0,3.0,16.4,23.4,No,No
2009-05-14,Brisbane,12.5,25.4,0.0,3.6,9.8,W,26.0,SW,WNW,7.0,9.0,67.0,30.000000000000004,1017.2,1013.4,2.0,1.0,17.4,25.1,No,No
2009-05-15,Brisbane,10.2,24.9,0.0,3.6,10.1,WNW,26.0,SW,W,2.0,11.0,52.0,23.000000000000004,1018.1,1014.4,1.0,1.0,17.8,24.6,No,No
2009-05-16,Brisbane,9.0,26.2,0.0,4.0,10.4,WNW,31.0,SW,WSW,7.0,14.999999999999998,46.0,21.0,1016.6,1012.5,0.0,1.0,19.1,25.9,No,No
2009-05-17,Brisbane,12.6,26.2,0.0,5.0,7.1,ESE,22.0,SW,ESE,7.0,14.999999999999998,48.00000000000001,56.99999999999999,1017.0,1015.2,1.0,7.0,19.9,22.8,No,No
2009-05-18,Brisbane,15.6,24.5,0.0,2.8,4.1,SE,39.0,SW,E,7.0,19.0,69.0,67.0,1019.8,1017.9,7.0,7.0,19.5,20.6,No,Yes
2009-05-19,Brisbane,17.0,21.4,56.6,2.6,0.0,ENE,37.0,ESE,ESE,9.0,16.999999999999996,92.0,65.0,1019.7,1015.2,8.0,8.0,17.2,21.0,Yes,Yes
2009-05-22,Brisbane,13.199999999999998,23.0,0.0,1.4,6.5,E,24.000000000000004,SW,NE,7.0,6.0,77.0,58.0,1011.1,1008.8,3.0,7.0,17.3,21.7,No,Yes
2009-05-23,Brisbane,15.1,22.8,5.4,1.6,4.4,SE,41.0,WSW,ESE,19.0,11.0,85.0,70.0,1008.1,1010.4,7.0,6.0,17.7,20.5,Yes,Yes
2009-05-24,Brisbane,16.8,22.7,2.2,2.6,7.299999999999999,SE,39.0,SSW,SE,7.0,14.999999999999998,68.0,65.0,1020.4,1019.5,4.0,7.0,21.0,20.9,Yes,Yes
2009-05-25,Brisbane,14.799999999999999,23.7,2.2,2.4,3.0,SE,31.0,SW,SE,7.0,11.0,75.0,46.00000000000001,1023.1,1020.5,7.0,6.0,18.1,22.5,Yes,No
2009-05-26,Brisbane,15.299999999999999,22.3,0.0,2.6,3.1,ESE,20.0,SW,E,6.0,13.0,69.0,63.00000000000001,1022.9,1020.0,7.0,7.0,18.6,21.1,No,No
2009-05-27,Brisbane,13.8,24.1,0.0,2.6,4.0,NE,17.0,WSW,N,6.0,7.000000000000001,87.0,58.0,1021.1,1018.0,6.0,5.0,16.3,21.8,No,No
2009-05-28,Brisbane,14.6,25.1,0.0,1.0,8.4,SW,17.0,SW,WSW,6.0,6.0,76.0,47.0,1020.4,1016.8,2.0,6.0,18.6,24.5,No,No
2009-05-29,Brisbane,14.6,24.6,0.0,2.4,7.700000000000001,SSE,24.000000000000004,SW,ENE,7.0,11.0,80.0,64.0,1020.7,1017.1,2.0,3.0,18.9,21.7,No,Yes
2009-05-30,Brisbane,14.5,23.5,5.2,2.6,8.0,SE,28.0,SW,SE,9.0,7.000000000000001,76.0,52.0,1023.7,1021.3000000000001,6.0,5.0,17.5,22.2,Yes,No
2009-05-31,Brisbane,12.8,22.4,0.2,2.6,8.2,SE,33.0,SW,SE,6.0,16.999999999999996,67.0,60.00000000000001,1028.4,1025.9,3.0,6.0,17.7,20.7,No,Yes
2009-06-01,Brisbane,13.6,21.7,2.0,3.4,5.3,E,35.0,WSW,SE,9.0,13.0,71.0,64.0,1029.0,1025.8,6.0,5.0,17.1,19.5,Yes,Yes
2009-06-02,Brisbane,14.5,21.2,4.2,1.6,2.6,E,31.0,SSW,NE,9.0,16.999999999999996,76.0,86.0,1026.8,1024.2,7.0,7.0,18.1,16.6,Yes,Yes
2009-06-03,Brisbane,14.1,21.3,6.0,1.8,2.5,E,26.0,SW,E,6.0,9.0,82.0,84.0,1023.8,1020.4,7.0,7.0,17.4,18.6,Yes,Yes
2009-06-04,Brisbane,15.199999999999998,22.7,1.4,2.4,2.9,WSW,13.0,W,SW,4.0,7.000000000000001,93.0,68.0,1020.7,1015.9,8.0,5.0,16.4,21.7,Yes,Yes
2009-06-05,Brisbane,14.799999999999999,24.4,1.2,0.2,7.2,SSW,30.0,WSW,SW,7.0,13.0,85.0,60.00000000000001,1017.1,1013.4,2.0,6.0,18.2,21.3,Yes,No
2009-06-06,Brisbane,12.400000000000002,24.3,0.0,1.6,10.0,W,22.0,SW,SW,9.0,6.0,63.0,31.0,1015.5,1011.8,0.0,1.0,18.2,23.9,No,No
2009-06-07,Brisbane,12.7,23.4,0.2,2.0,7.9,WSW,41.0,NNW,W,7.0,22.0,73.0,43.0,1013.7,1009.4,4.0,1.0,19.9,23.0,No,Yes
2009-06-08,Brisbane,8.6,22.0,1.2,4.4,10.0,W,26.0,NW,W,9.0,13.0,46.0,39.0,1015.9,1012.8,1.0,1.0,18.5,21.5,Yes,No
2009-06-09,Brisbane,7.7,21.6,0.0,4.0,9.9,W,39.0,W,W,7.0,16.999999999999996,54.0,36.0,1018.0,1014.0,1.0,1.0,17.4,21.4,No,No
2009-06-10,Brisbane,8.2,20.4,0.0,5.4,9.7,W,43.0,W,WSW,13.0,19.0,47.0,35.0,1019.0,1015.5,3.0,3.0,15.6,19.7,No,No
2009-06-11,Brisbane,7.599999999999999,16.5,0.0,5.0,10.0,W,35.0,WSW,WNW,17.0,13.0,49.0,30.000000000000004,1021.8,1018.9,0.0,0.0,10.7,16.2,No,No
2009-06-12,Brisbane,5.5,19.9,0.0,2.4,9.9,SW,20.0,SW,SSE,7.0,6.0,56.0,42.0,1024.1,1020.4,0.0,1.0,10.7,19.2,No,No
2009-06-13,Brisbane,7.8,22.0,0.0,2.0,9.8,NW,17.0,SW,NW,7.0,7.000000000000001,70.0,46.00000000000001,1021.7,1017.2,1.0,1.0,13.1,21.9,No,No
2009-06-14,Brisbane,8.6,24.1,0.0,2.4,9.5,NNW,20.0,SW,NW,6.0,9.0,73.0,39.0,1018.7,1014.0,1.0,4.0,13.600000000000001,23.3,No,No
2009-06-16,Brisbane,9.6,22.4,0.4,0.6,9.8,WSW,24.000000000000004,SSW,SW,7.0,6.0,69.0,35.0,1017.8,1015.9,0.0,1.0,15.5,22.2,No,No
2009-06-17,Brisbane,8.9,22.3,0.0,2.2,9.8,W,20.0,SW,NE,9.0,6.0,66.0,40.0,1022.6,1020.0,1.0,1.0,13.999999999999998,22.2,No,No
2009-06-18,Brisbane,12.0,21.1,0.0,2.4,4.9,SSW,22.0,WSW,SSE,9.0,9.0,70.0,60.00000000000001,1022.3,1020.2,2.0,7.0,16.2,19.4,No,No
2009-06-19,Brisbane,12.900000000000002,22.8,0.0,1.8999999999999997,8.7,ESE,28.0,SSW,ESE,9.0,11.0,72.0,59.0,1021.8,1019.1,1.0,3.0,16.8,20.3,No,No
2009-06-20,Brisbane,13.5,22.1,0.0,2.6,8.3,ENE,30.0,SSW,ESE,9.0,11.0,75.0,59.0,1021.7,1019.8,4.0,4.0,17.8,20.9,No,No
2009-06-21,Brisbane,14.699999999999998,20.0,0.4,2.8,0.0,ESE,31.0,WSW,NNE,4.0,4.0,90.0,89.0,1022.1,1019.3,8.0,8.0,16.9,18.9,No,Yes
2009-06-22,Brisbane,16.8,19.8,24.4,0.2,0.0,SSW,31.0,SSW,E,6.0,6.0,95.0,92.00000000000001,1019.3000000000001,1016.6,8.0,8.0,18.5,18.6,Yes,Yes
2009-06-23,Brisbane,14.799999999999999,23.1,31.2,0.2,7.1,WSW,52.0,WSW,SSW,13.0,11.0,72.0,59.0,1017.2,1014.3,3.0,2.0,17.9,22.7,Yes,No
2009-06-24,Brisbane,11.3,23.2,0.0,2.2,5.2,SE,15.0,SW,NW,6.0,6.0,95.0,51.0,1019.2,1015.2,6.0,8.0,13.500000000000002,22.0,No,No
2009-06-25,Brisbane,10.9,19.3,0.2,1.4,1.0,W,13.0,SW,ENE,7.0,6.0,90.99999999999999,70.0,1018.4,1014.5,7.0,7.0,12.7,19.1,No,No
2009-06-26,Brisbane,12.7,19.8,0.0,0.8,0.2,WNW,20.0,SSW,N,6.0,6.0,89.0,76.0,1013.9,1010.9,8.0,8.0,15.8,16.7,No,Yes
2009-06-27,Brisbane,13.699999999999998,20.3,14.8,0.4,4.7,WSW,31.0,SW,W,7.0,14.999999999999998,90.0,59.0,1006.6,1002.6,7.0,3.0,14.599999999999998,19.8,Yes,No
2009-06-28,Brisbane,8.8,20.4,0.0,2.2,8.4,NW,24.000000000000004,WSW,WNW,7.0,9.0,67.0,53.99999999999999,1008.8,1006.8,1.0,5.0,17.4,19.2,No,No
2009-06-29,Brisbane,8.2,21.4,0.0,3.2,9.0,W,24.000000000000004,SW,SW,11.0,9.0,57.0,38.0,1014.9,1013.2,0.0,1.0,14.8,20.6,No,No
2009-07-02,Brisbane,12.5,23.2,0.0,1.6,8.9,W,43.0,E,W,2.0,22.0,66.0,21.0,1012.2,1010.1,2.0,1.0,19.4,22.3,No,No
2009-07-03,Brisbane,12.7,20.8,0.0,7.0,9.7,W,54.0,W,W,17.0,26.0,44.0,34.0,1011.3,1006.4,1.0,1.0,17.1,20.2,No,No
2009-07-04,Brisbane,10.6,19.1,0.0,8.0,9.9,W,44.0,W,W,17.0,24.0,50.0,34.0,1015.1,1013.0,0.0,1.0,13.0,18.4,No,No
2009-07-05,Brisbane,7.3999999999999995,18.3,0.0,5.2,6.6,W,26.0,SW,SW,13.0,9.0,56.0,43.0,1017.7,1015.3,7.0,7.0,12.5,17.4,No,No
2009-07-06,Brisbane,7.200000000000001,20.6,0.0,1.4,7.2,ENE,24.000000000000004,SW,ESE,7.0,11.0,69.0,56.99999999999999,1021.3,1018.5,5.0,6.0,12.4,19.0,No,No
2009-07-07,Brisbane,11.6,16.4,0.0,1.4,0.0,SSW,17.0,SSW,SSW,2.0,4.0,83.0,87.0,1019.9000000000001,1018.2,8.0,8.0,13.799999999999999,16.1,No,Yes
2009-07-08,Brisbane,11.9,19.1,3.4,2.8,2.9,ESE,43.0,SSW,SE,9.0,14.999999999999998,68.0,52.0,1023.1,1021.6,7.0,7.0,15.5,18.2,Yes,No
2009-07-09,Brisbane,11.1,20.7,0.0,1.8,9.3,S,41.0,SW,SSE,9.0,14.999999999999998,69.0,47.0,1023.1,1020.2,2.0,2.0,15.199999999999998,19.9,No,No
2009-07-10,Brisbane,13.0,20.4,0.0,2.6,8.1,SSE,37.0,SSW,SSE,11.0,14.999999999999998,62.0,51.0,1020.6,1017.7,4.0,6.0,16.5,19.7,No,No
2009-07-11,Brisbane,11.2,21.7,0.0,3.2,8.2,SSE,31.0,SW,S,11.0,9.0,66.0,51.0,1019.3000000000001,1016.6,1.0,3.0,15.6,19.9,No,No
2009-07-12,Brisbane,8.9,22.5,0.0,2.4,9.9,N,17.0,SW,NW,7.0,6.0,77.0,44.0,1018.7,1014.3,0.0,1.0,13.500000000000002,22.3,No,No
2009-07-13,Brisbane,7.8999999999999995,25.5,0.0,2.6,10.0,W,26.0,S,WNW,2.0,13.0,73.0,35.0,1014.1,1008.7,0.0,1.0,15.1,25.0,No,No
2009-07-14,Brisbane,11.3,19.4,0.0,3.0,6.8,WNW,30.0,WSW,NW,7.0,11.0,55.0,55.0,1011.9,1009.0,5.0,3.0,17.2,19.2,No,No
2009-07-15,Brisbane,6.200000000000001,19.7,0.0,2.6,7.2,W,30.0,WSW,NW,4.0,9.0,63.0,32.0,1013.5,1010.4,0.0,2.0,13.2,18.7,No,No
2009-07-16,Brisbane,10.9,17.1,0.0,1.6,8.8,W,39.0,W,WNW,13.0,22.0,61.0,50.0,1014.0,1011.1,1.0,1.0,13.600000000000001,15.9,No,No
2009-07-17,Brisbane,8.2,19.9,0.0,6.2,10.0,W,33.0,WSW,SSW,15.0,7.000000000000001,57.0,40.0,1017.0,1015.8,1.0,1.0,12.800000000000002,18.8,No,No
2009-07-18,Brisbane,8.6,21.7,0.0,4.0,9.0,NNW,19.0,SW,E,9.0,11.0,66.0,50.0,1023.3,1020.1,1.0,3.0,13.600000000000001,20.0,No,No
2009-07-19,Brisbane,11.0,22.5,0.0,1.6,9.2,WNW,22.0,SSW,N,2.0,7.000000000000001,72.0,53.0,1023.7,1020.2,1.0,3.0,16.8,21.5,No,No
2009-07-20,Brisbane,8.1,22.9,0.0,1.8,9.6,NNE,19.0,S,NE,2.0,9.0,58.00000000000001,48.0,1027.4,1023.7999999999998,1.0,1.0,14.3,21.6,No,No
2009-07-21,Brisbane,10.0,23.5,0.0,2.8,9.2,W,46.0,SW,ENE,9.0,11.0,80.99999999999999,52.0,1027.0,1021.3000000000001,1.0,1.0,14.200000000000001,21.9,No,No
2009-07-22,Brisbane,10.6,24.4,0.0,2.6,9.1,NNW,48.00000000000001,W,NW,4.0,9.0,62.0,43.0,1021.7,1016.3,1.0,6.0,18.4,24.1,No,No
2009-07-23,Brisbane,14.699999999999998,25.8,0.0,4.0,6.4,WSW,31.0,N,W,6.0,14.999999999999998,60.0,42.0,1015.9,1012.7,4.0,1.0,19.8,25.2,No,No
2009-07-24,Brisbane,9.9,21.7,0.0,4.0,9.6,SSE,24.000000000000004,SW,SE,9.0,9.0,46.0,34.0,1022.2,1020.9,1.0,2.0,15.199999999999998,19.9,No,No
2009-07-25,Brisbane,10.6,20.9,0.0,3.4,8.9,S,28.0,SW,ESE,7.0,16.999999999999996,69.0,53.0,1025.4,1022.8000000000001,3.0,2.0,14.200000000000001,19.0,No,No
2009-07-26,Brisbane,11.5,21.7,0.0,3.0,9.2,NNE,22.0,WSW,NNE,9.0,9.0,77.0,55.0,1023.0,1018.4,6.0,6.0,14.8,20.3,No,No
2009-07-27,Brisbane,11.6,23.1,0.2,3.2,9.9,W,39.0,NW,W,6.0,14.999999999999998,66.0,30.000000000000004,1017.0,1014.6,1.0,0.0,19.0,23.1,No,No
2009-07-28,Brisbane,9.7,22.2,0.0,5.2,10.1,WSW,19.0,SW,W,9.0,7.000000000000001,54.0,32.0,1023.0,1020.3,1.0,1.0,15.4,21.9,No,No
2009-07-29,Brisbane,9.0,22.0,0.0,2.4,10.0,W,20.0,SW,W,9.0,11.0,65.0,35.0,1024.9,1022.1,1.0,1.0,13.799999999999999,21.3,No,No
2009-07-30,Brisbane,8.3,21.8,0.0,3.0,9.6,NE,19.0,SW,NE,9.0,9.0,65.0,45.0,1025.2,1021.3000000000001,1.0,1.0,13.7,20.3,No,No
2009-07-31,Brisbane,8.3,21.3,0.0,3.0,10.2,W,28.0,SW,WNW,7.0,7.000000000000001,61.0,30.000000000000004,1022.7,1019.2,0.0,0.0,14.699999999999998,21.0,No,No
2009-08-01,Brisbane,8.4,22.5,0.0,3.2,9.8,W,19.0,SW,ENE,9.0,11.0,60.0,52.0,1025.4,1022.2999999999998,1.0,1.0,13.7,19.3,No,No
2009-08-02,Brisbane,8.8,23.0,0.0,5.4,10.0,SSW,20.0,SW,NNE,9.0,9.0,69.0,42.0,1027.2,1024.1,1.0,1.0,14.399999999999999,21.8,No,No
2009-08-03,Brisbane,9.4,24.3,0.0,3.2,9.1,WNW,24.000000000000004,SSW,WNW,6.0,11.0,73.0,36.0,1024.8,1020.1,0.0,0.0,15.0,24.1,No,No
2009-08-04,Brisbane,9.1,22.8,0.0,3.0,9.8,NE,22.0,SW,NE,7.0,11.0,66.0,52.0,1023.4,1019.3,5.0,7.0,15.5,20.9,No,No
2009-08-05,Brisbane,10.8,23.4,0.0,2.8,9.8,ENE,22.0,SW,ENE,9.0,13.0,69.0,46.00000000000001,1021.5,1018.8,6.0,1.0,16.3,22.0,No,No
2009-08-06,Brisbane,11.3,22.5,0.0,2.8,10.1,ESE,26.0,SW,ENE,9.0,13.0,72.0,49.00000000000001,1023.6,1020.0,1.0,1.0,15.9,21.5,No,No
2009-08-07,Brisbane,10.4,23.7,0.0,3.6,10.0,ENE,19.0,SW,NNE,7.0,9.0,73.0,50.0,1021.6,1016.6,1.0,1.0,15.9,22.8,No,No
2009-08-08,Brisbane,10.5,22.7,0.0,2.8,10.0,E,28.0,SW,E,9.0,14.999999999999998,69.0,47.0,1019.7,1016.7,1.0,1.0,16.4,20.5,No,No
2009-08-09,Brisbane,8.2,22.0,0.0,5.0,9.8,NE,19.0,SW,NE,11.0,9.0,59.0,43.0,1021.3,1017.6,1.0,1.0,14.3,21.1,No,No
2009-08-10,Brisbane,9.3,22.5,0.0,2.6,10.1,ENE,22.0,SSW,ENE,6.0,13.0,71.0,48.0,1022.9,1019.7,4.0,1.0,15.1,21.1,No,No
2009-08-11,Brisbane,9.5,23.0,0.0,2.4,10.1,NE,24.000000000000004,SW,NE,6.0,13.0,70.0,40.0,1022.2,1017.8,1.0,1.0,16.2,21.9,No,No
2009-08-12,Brisbane,11.7,23.5,0.0,3.6,6.9,E,56.0,SSW,NE,6.0,13.0,75.0,62.0,1018.7,1013.3,7.0,4.0,16.8,22.1,No,Yes
2009-08-13,Brisbane,10.6,26.800000000000004,2.8,3.0,10.0,NE,19.0,ESE,NNE,2.0,9.0,67.0,51.0,1016.4,1012.1,1.0,1.0,19.5,25.3,Yes,No
2009-08-14,Brisbane,12.1,26.4,0.0,2.8,9.5,W,30.0,SW,SSW,7.0,7.000000000000001,53.00000000000001,22.0,1018.1,1014.8,1.0,0.0,18.6,26.4,No,No
2009-08-15,Brisbane,10.8,23.4,0.0,4.0,10.5,NNE,20.0,SSW,NE,7.0,11.0,68.0,48.0,1021.6,1018.0,1.0,1.0,16.5,22.6,No,No
2009-08-16,Brisbane,10.2,25.4,0.0,4.0,10.8,NNE,24.000000000000004,S,NNE,4.0,14.999999999999998,68.0,51.0,1022.2,1017.4,0.0,0.0,16.6,23.0,No,No
2009-08-17,Brisbane,11.2,27.8,0.0,4.6,10.4,W,41.0,SW,ENE,7.0,9.0,69.0,52.0,1019.0,1014.6,0.0,1.0,18.5,26.100000000000005,No,No
2009-08-18,Brisbane,13.3,23.4,0.2,5.0,10.6,E,31.0,SSW,ESE,7.0,16.999999999999996,50.0,32.0,1024.9,1023.5000000000001,1.0,1.0,19.2,21.7,No,No
2009-08-19,Brisbane,10.9,23.4,0.0,5.2,10.5,SE,24.000000000000004,SW,E,9.0,7.000000000000001,58.00000000000001,43.0,1027.9,1023.3999999999999,1.0,1.0,17.1,20.6,No,No
2009-08-20,Brisbane,10.7,22.7,0.0,3.4,9.4,E,22.0,SW,NNE,7.0,7.000000000000001,68.0,41.0,1023.0,1017.8,1.0,6.0,17.5,22.3,No,No
2009-08-22,Brisbane,14.5,28.099999999999998,0.0,4.6,8.9,E,48.00000000000001,NW,ENE,2.0,13.0,62.0,50.0,1014.7,1010.5,1.0,1.0,21.2,26.100000000000005,No,No
2009-08-23,Brisbane,14.199999999999998,28.3,0.0,5.6,10.5,ENE,24.000000000000004,SSW,NE,4.0,14.999999999999998,70.0,53.99999999999999,1015.7,1011.4,0.0,1.0,21.4,25.4,No,No
2009-08-25,Brisbane,17.6,33.4,0.0,5.8,10.8,W,39.0,WNW,WNW,15.0,16.999999999999996,29.000000000000004,23.000000000000004,1011.8,1008.3,0.0,1.0,29.199999999999996,33.1,No,No
2009-08-26,Brisbane,18.0,30.0,0.0,7.2,10.2,W,37.0,W,W,11.0,16.999999999999996,21.0,8.0,1016.8,1013.6,1.0,3.0,23.6,29.5,No,No
2009-08-27,Brisbane,10.8,26.499999999999996,0.0,5.6,9.1,E,22.0,WSW,ENE,9.0,11.0,39.0,36.0,1020.1,1016.3,6.0,3.0,17.5,25.1,No,No
2009-08-28,Brisbane,15.799999999999999,29.300000000000004,0.0,2.8,9.6,NNW,28.0,WSW,NNE,7.0,11.0,62.0,56.99999999999999,1018.8,1013.7,1.0,1.0,21.6,26.0,No,No
2009-08-29,Brisbane,19.2,27.1,0.0,3.7999999999999994,9.2,NNE,35.0,NNW,NE,7.0,16.999999999999996,79.0,65.0,1016.8,1010.1,4.0,1.0,22.0,25.2,No,No
2009-08-30,Brisbane,18.0,29.2,0.0,5.8,8.4,WSW,35.0,WSW,W,15.0,16.999999999999996,40.0,26.0,1014.2,1011.9,6.0,4.0,25.3,27.799999999999997,No,No
2009-08-31,Brisbane,12.7,22.2,1.0,9.2,2.8,W,30.0,WSW,WSW,11.0,13.0,70.0,38.0,1019.5999999999999,1016.4,8.0,5.0,14.100000000000001,20.3,No,No
2009-09-01,Brisbane,8.5,23.2,0.2,2.6,10.6,ENE,26.0,SSW,ENE,7.0,13.0,45.0,47.0,1022.3,1019.6,0.0,1.0,17.1,21.8,No,No
2009-09-02,Brisbane,11.8,23.6,0.0,2.4,10.6,E,26.0,SSW,NE,6.0,13.0,64.0,50.0,1024.4,1021.7,1.0,1.0,18.8,21.7,No,No
2009-09-03,Brisbane,11.6,23.9,0.0,5.2,9.9,NE,28.0,W,ENE,7.0,14.999999999999998,61.0,49.00000000000001,1024.4,1020.6,5.0,2.0,18.7,21.6,No,No
2009-09-04,Brisbane,13.699999999999998,24.5,0.0,4.6,6.700000000000001,NNE,33.0,SW,NE,6.0,14.999999999999998,68.0,62.0,1020.5000000000001,1015.7,7.0,7.0,20.2,22.5,No,Yes
2009-09-05,Brisbane,16.1,27.299999999999997,7.8,4.6,8.2,ESE,35.0,WNW,W,11.0,14.999999999999998,85.0,37.0,1015.3,1011.6,6.0,3.0,17.3,26.600000000000005,Yes,No
2009-09-06,Brisbane,14.0,25.2,0.0,5.0,10.5,ENE,26.0,SSW,ENE,7.0,14.999999999999998,65.0,56.0,1018.6,1015.1,1.0,2.0,20.4,23.1,No,No
2009-09-07,Brisbane,15.5,25.1,0.0,6.2,3.4,W,39.0,N,NNE,13.0,14.999999999999998,64.0,66.0,1013.8,1010.0,3.0,6.0,23.4,23.9,No,Yes
2009-09-08,Brisbane,16.2,27.299999999999997,15.199999999999998,3.6,9.1,W,33.0,W,SW,9.0,11.0,63.0,20.000000000000004,1011.1,1007.9,1.0,2.0,21.5,27.000000000000004,Yes,No
2009-09-09,Brisbane,11.6,25.5,0.0,4.0,11.2,WSW,35.0,W,W,9.0,14.999999999999998,46.0,25.0,1015.3,1012.1,0.0,1.0,20.0,24.7,No,No
2009-09-10,Brisbane,10.1,26.1,0.0,5.6,10.6,NW,22.0,SSW,NE,6.0,11.0,45.0,26.999999999999996,1019.3000000000001,1015.4,0.0,2.0,19.4,24.5,No,No
2009-09-11,Brisbane,11.8,26.3,0.0,4.8,11.2,E,33.0,WSW,ENE,7.0,13.0,39.0,25.0,1023.1,1019.5,1.0,1.0,19.7,24.4,No,No
2009-09-12,Brisbane,10.9,25.4,0.0,5.4,11.0,NW,30.0,SSW,ENE,7.0,13.0,53.00000000000001,42.0,1026.7,1023.9000000000001,0.0,1.0,20.1,24.4,No,No
2009-09-13,Brisbane,12.0,25.3,0.0,5.0,11.1,ENE,28.0,SSW,ENE,6.0,13.0,62.0,47.0,1026.5,1022.5,1.0,1.0,19.9,24.0,No,No
2009-09-14,Brisbane,12.400000000000002,26.6,0.0,4.8,10.6,ENE,22.0,SW,NE,6.0,11.0,65.0,49.00000000000001,1023.2,1018.6,2.0,1.0,20.1,25.1,No,No
2009-09-15,Brisbane,12.5,25.7,0.0,4.8,10.4,ENE,24.000000000000004,W,ENE,7.0,11.0,70.0,50.0,1022.1,1017.7,1.0,1.0,20.3,24.5,No,No
2009-09-16,Brisbane,13.8,26.2,0.0,3.7999999999999994,11.0,E,24.000000000000004,SW,ENE,7.0,14.999999999999998,63.0,51.0,1022.9,1019.7,1.0,1.0,21.2,24.3,No,No
2009-09-17,Brisbane,14.0,26.1,0.0,6.0,10.3,ENE,28.0,S,NNE,6.0,13.0,62.0,51.0,1024.8,1020.7,6.0,1.0,21.3,24.5,No,No
2009-09-18,Brisbane,13.900000000000002,28.4,0.0,5.6,10.1,NNE,28.0,NW,ENE,7.0,14.999999999999998,58.00000000000001,55.0,1022.1,1016.4,1.0,1.0,22.8,25.8,No,No
2009-09-19,Brisbane,16.4,27.299999999999997,0.0,5.2,9.5,E,26.0,SSE,ENE,7.0,14.999999999999998,62.0,56.99999999999999,1019.7,1014.0,4.0,6.0,24.3,25.8,No,No
2009-09-20,Brisbane,18.5,32.2,0.0,4.0,10.7,E,31.0,WSW,E,7.0,16.999999999999996,62.0,48.0,1015.8,1011.8,1.0,1.0,24.5,27.500000000000004,No,No
2009-09-21,Brisbane,17.0,29.300000000000004,0.0,6.0,9.5,NE,24.000000000000004,WNW,NE,7.0,14.999999999999998,67.0,59.0,1014.9,1010.2,4.0,1.0,23.7,26.5,No,No
2009-09-22,Brisbane,21.0,28.0,0.2,5.4,9.9,NE,33.0,NE,ENE,7.0,16.999999999999996,69.0,60.00000000000001,1014.4,1009.1,3.0,1.0,24.7,26.800000000000004,No,No
2009-09-23,Brisbane,19.8,27.700000000000003,0.0,8.0,5.2,W,57.0,W,W,19.0,26.0,48.00000000000001,13.0,1007.4,1005.9,3.0,7.0,26.600000000000005,25.9,No,No
2009-09-24,Brisbane,15.5,30.0,0.0,10.8,11.2,W,33.0,WSW,SW,13.0,11.0,35.0,16.0,1015.4,1011.5,0.0,0.0,21.5,29.6,No,No
2009-09-25,Brisbane,10.1,28.4,0.0,10.6,11.2,NNE,30.0,SW,NE,7.0,13.0,31.0,29.0,1017.8,1012.7,0.0,0.0,22.2,25.9,No,No
2009-09-26,Brisbane,13.6,34.2,0.0,6.2,9.7,WSW,48.00000000000001,NNW,WNW,9.0,16.999999999999996,44.0,13.0,1012.3,1005.3,0.0,0.0,23.6,33.9,No,No
2009-09-27,Brisbane,15.299999999999999,24.7,0.0,10.6,11.2,W,54.0,WSW,W,17.0,22.0,23.0,14.0,1013.7,1008.6,0.0,0.0,19.4,24.1,No,No
2009-09-28,Brisbane,8.7,25.6,0.0,10.6,11.6,WNW,44.0,W,W,19.0,24.0,27.0,14.0,1011.6999999999999,1006.2,0.0,0.0,18.8,24.8,No,No
2009-09-29,Brisbane,10.0,26.800000000000004,0.0,10.4,11.6,ENE,31.0,WSW,NNE,13.0,11.0,30.0,26.999999999999996,1014.7,1011.5,0.0,0.0,19.8,24.0,No,No
2009-09-30,Brisbane,12.5,26.1,0.0,6.0,11.6,ENE,28.0,WSW,ENE,6.0,14.999999999999998,47.0,31.0,1020.6,1016.9,1.0,1.0,21.6,24.8,No,No
2009-10-01,Brisbane,14.1,28.3,0.0,5.4,10.7,NE,31.0,NW,NNE,7.0,13.0,52.0,45.0,1020.7,1015.3,0.0,0.0,22.5,25.9,No,No
2009-10-02,Brisbane,14.6,28.7,0.0,7.4,10.7,N,44.0,E,NE,7.0,14.999999999999998,52.0,49.00000000000001,1016.1,1010.4,0.0,2.0,24.0,26.600000000000005,No,No
2009-10-03,Brisbane,19.7,34.1,0.0,7.599999999999999,9.3,W,46.0,WNW,W,11.0,19.0,45.0,18.0,1009.4,1004.9,5.0,3.0,28.099999999999998,33.6,No,No
2009-10-04,Brisbane,17.5,26.6,0.0,9.8,9.7,ENE,31.0,SE,E,11.0,19.999999999999996,55.0,58.0,1016.6,1013.9,4.0,4.0,24.0,23.3,No,No
2009-10-05,Brisbane,16.1,28.4,0.4,8.8,10.6,S,31.0,SSE,E,9.0,16.999999999999996,59.0,50.0,1018.0,1013.5,3.0,1.0,23.0,24.3,No,No
2009-10-06,Brisbane,16.1,27.399999999999995,0.0,4.0,10.9,E,30.0,SE,ENE,9.0,14.999999999999998,56.0,48.0,1018.7,1014.9,4.0,1.0,23.1,25.3,No,No
2009-10-07,Brisbane,17.1,28.4,0.0,7.4,9.2,NNE,30.0,NNW,N,11.0,13.0,54.0,72.0,1015.6,1010.1,4.0,5.0,24.3,22.9,No,Yes
2009-10-08,Brisbane,11.8,27.0,2.4,6.6,12.0,WSW,35.0,SW,ENE,13.0,14.999999999999998,28.0,33.0,1016.4,1013.3,0.0,1.0,19.7,23.3,Yes,No
2009-10-09,Brisbane,13.3,26.499999999999996,0.0,6.6,11.7,ESE,31.0,SSW,E,11.0,19.0,34.0,41.0,1022.1,1018.5,1.0,2.0,21.1,23.6,No,No
2009-10-10,Brisbane,13.699999999999998,24.9,0.0,7.800000000000001,11.0,ESE,35.0,SSE,E,15.0,19.0,48.00000000000001,48.0,1025.9,1022.5,1.0,3.0,21.3,21.5,No,No
2009-10-11,Brisbane,15.0,22.4,0.0,7.0,2.5,WNW,24.000000000000004,ESE,ENE,9.0,7.000000000000001,63.0,68.0,1024.1,1020.6,7.0,7.0,19.6,18.9,No,No
2009-10-12,Brisbane,13.0,26.800000000000004,1.0,2.2,10.7,N,43.0,NE,NNE,9.0,19.0,61.0,58.0,1017.6,1010.8,1.0,1.0,21.2,24.5,No,Yes
2009-10-13,Brisbane,18.3,35.0,1.8000000000000003,6.6,8.8,WSW,93.0,NNW,NW,13.0,19.999999999999996,56.0,25.0,1009.1,1002.2,2.0,7.0,26.7,34.0,Yes,Yes
2009-10-14,Brisbane,16.6,31.400000000000002,10.2,8.6,9.2,W,58.99999999999999,WNW,W,24.0,28.000000000000004,20.0,14.0,1008.8,1004.4,1.0,0.0,27.200000000000003,30.6,Yes,No
2009-10-15,Brisbane,12.1,30.999999999999996,0.2,13.8,11.8,W,30.0,SSW,N,9.0,11.0,23.0,23.000000000000004,1013.8,1008.7,0.0,0.0,25.5,29.399999999999995,No,No
2009-10-16,Brisbane,12.900000000000002,29.600000000000005,0.0,9.8,12.1,W,43.0,WSW,WSW,15.0,19.0,23.0,14.0,1013.8,1010.3,0.0,0.0,26.4,29.199999999999996,No,No
2009-10-17,Brisbane,14.699999999999998,26.2,0.0,11.8,12.1,NE,28.0,S,ENE,9.0,14.999999999999998,21.0,37.0,1019.9000000000001,1018.1,2.0,1.0,22.7,24.0,No,No
2009-10-18,Brisbane,14.6,25.7,0.0,7.800000000000001,9.6,ENE,31.0,ESE,E,7.0,19.999999999999996,48.00000000000001,50.0,1024.6,1022.1999999999999,2.0,3.0,21.8,22.5,No,No
2009-10-19,Brisbane,14.5,25.2,0.0,7.0,10.5,ESE,30.0,SSE,E,7.0,14.999999999999998,48.00000000000001,51.0,1026.5,1023.3999999999999,3.0,2.0,22.7,22.7,No,No
2009-10-20,Brisbane,14.199999999999998,25.7,0.0,7.0,11.9,ENE,28.0,E,ENE,9.0,16.999999999999996,48.00000000000001,46.00000000000001,1025.9,1022.2999999999998,3.0,1.0,23.3,24.4,No,No
2009-10-21,Brisbane,14.5,28.099999999999998,0.0,6.4,11.6,ENE,30.0,NE,NNE,9.0,13.0,49.0,48.0,1025.0,1020.8,1.0,1.0,24.4,25.7,No,No
2009-10-22,Brisbane,15.199999999999998,28.0,0.0,7.800000000000001,11.4,NE,30.0,WNW,NE,9.0,13.0,50.0,45.0,1023.0,1020.9,1.0,1.0,24.9,26.300000000000004,No,No
2009-10-23,Brisbane,16.1,28.3,0.0,6.4,11.7,NE,31.0,N,ENE,13.0,14.999999999999998,48.00000000000001,46.00000000000001,1023.0,1019.0,2.0,4.0,24.3,26.100000000000005,No,No
2009-10-24,Brisbane,16.0,28.8,0.0,8.0,10.9,NNE,35.0,NW,NNE,11.0,16.999999999999996,45.0,53.99999999999999,1019.9000000000001,1014.4,1.0,1.0,24.4,26.100000000000005,No,No
2009-10-25,Brisbane,16.7,28.9,0.4,7.2,11.9,SW,46.0,SE,NNE,6.0,19.0,56.0,56.99999999999999,1015.6,1011.5,1.0,1.0,25.7,25.9,No,No
2009-10-26,Brisbane,18.9,28.500000000000004,0.0,9.4,6.9,W,44.0,N,NNE,11.0,13.0,50.0,60.00000000000001,1014.7,1013.4,7.0,7.0,27.300000000000004,24.5,No,Yes
2009-10-27,Brisbane,18.1,26.900000000000002,35.4,12.2,11.3,E,37.0,ENE,ENE,19.0,19.0,61.0,53.99999999999999,1022.4,1020.9,7.0,4.0,24.7,25.1,Yes,Yes
2009-10-28,Brisbane,17.9,26.900000000000002,1.2,6.6,6.5,ESE,31.0,ENE,ESE,13.0,14.999999999999998,59.0,85.0,1023.3,1021.0999999999999,3.0,7.0,25.5,20.9,Yes,Yes
2009-10-29,Brisbane,17.7,26.3,4.4,7.0,11.9,E,33.0,ENE,E,15.0,14.999999999999998,48.00000000000001,47.0,1023.8,1021.8999999999999,7.0,5.0,23.0,24.4,Yes,No
2009-10-30,Brisbane,16.7,26.000000000000004,0.0,5.6,9.6,ENE,26.0,ESE,ENE,7.0,13.0,79.0,49.00000000000001,1023.6,1021.0,7.0,4.0,19.8,24.6,No,No
2009-10-31,Brisbane,16.3,27.2,0.0,5.8,11.7,E,31.0,WSW,ENE,4.0,14.999999999999998,52.0,49.00000000000001,1022.9,1019.9,6.0,1.0,24.4,25.1,No,No
2009-11-01,Brisbane,18.3,24.8,0.4,7.599999999999999,6.4,SSE,39.0,SSE,E,7.0,16.999999999999996,67.0,59.0,1024.4,1021.3000000000001,7.0,4.0,22.5,23.0,No,No
2009-11-02,Brisbane,14.199999999999998,26.6,0.0,4.6,12.6,ENE,28.0,NW,N,7.0,11.0,50.0,42.0,1023.2,1018.9,3.0,0.0,22.7,26.300000000000004,No,No
2009-11-03,Brisbane,14.900000000000002,29.300000000000004,0.0,9.2,12.5,NNE,26.0,WNW,NE,7.0,13.0,47.0,51.0,1019.3000000000001,1014.4,1.0,0.0,24.3,27.300000000000004,No,No
2009-11-04,Brisbane,18.2,32.0,0.0,6.8,12.5,ENE,30.0,E,NNE,7.0,16.999999999999996,45.0,50.0,1016.6,1012.4,1.0,1.0,27.300000000000004,29.3,No,No
2009-11-05,Brisbane,19.8,29.700000000000003,0.0,8.0,9.7,SW,46.0,SE,ENE,7.0,16.999999999999996,56.0,58.0,1016.4,1014.4,7.0,2.0,27.000000000000004,27.700000000000003,No,No
2009-11-06,Brisbane,18.3,25.5,0.4,6.6,3.1,ENE,28.0,ESE,ENE,9.0,14.999999999999998,73.0,62.0,1021.5,1020.2,7.0,6.0,24.2,25.2,No,Yes
2009-11-07,Brisbane,18.9,26.6,6.999999999999999,4.6,10.3,ESE,33.0,ENE,ENE,15.0,16.999999999999996,63.0,55.0,1024.9,1023.3,5.0,4.0,24.0,25.600000000000005,Yes,No
2009-11-08,Brisbane,16.8,27.399999999999995,0.2,8.0,12.0,E,35.0,ESE,ESE,17.0,14.999999999999998,47.0,47.0,1026.4,1023.3999999999999,6.0,5.0,25.2,25.2,No,Yes
2009-11-09,Brisbane,18.8,25.6,17.0,8.0,3.4,E,35.0,E,E,15.0,16.999999999999996,62.0,53.99999999999999,1023.7,1020.7,7.0,7.0,22.9,23.9,Yes,Yes
2009-11-10,Brisbane,17.2,25.6,1.6,4.6,10.9,ESE,39.0,SE,E,11.0,19.0,66.0,49.00000000000001,1021.7,1019.8,2.0,3.0,22.0,24.7,Yes,No
2009-11-11,Brisbane,15.4,26.2,0.2,8.0,12.4,NE,26.0,E,NE,6.0,13.0,59.0,50.0,1022.5,1020.1,4.0,2.0,23.4,25.4,No,No
2009-11-12,Brisbane,16.1,27.5,0.0,6.6,12.1,NE,28.0,NNW,ENE,7.0,16.999999999999996,54.0,53.0,1021.7,1018.3,3.0,1.0,24.1,25.2,No,No
2009-11-13,Brisbane,17.5,27.8,0.0,7.800000000000001,7.499999999999999,E,22.0,E,ENE,9.0,11.0,52.0,58.0,1017.2,1014.1,7.0,7.0,24.2,25.1,No,No
2009-11-14,Brisbane,19.2,28.099999999999998,0.0,4.8,11.3,NE,30.0,NE,ENE,9.0,14.999999999999998,53.00000000000001,55.0,1016.0,1013.0,2.0,1.0,26.2,26.5,No,No
2009-11-15,Brisbane,18.9,30.4,0.0,9.8,11.8,NE,31.0,ENE,NE,7.0,14.999999999999998,54.0,53.0,1013.6,1009.8,1.0,1.0,26.0,28.499999999999996,No,No
2009-11-16,Brisbane,19.6,31.400000000000002,0.0,8.0,12.2,NNW,35.0,N,NE,7.0,14.999999999999998,51.0,58.0,1011.6999999999999,1007.0,0.0,1.0,28.200000000000003,28.900000000000002,No,No
2009-11-17,Brisbane,20.9,34.4,0.0,9.6,11.2,ESE,50.0,N,NNE,9.0,14.999999999999998,46.0,53.0,1007.3,1002.7,1.0,1.0,29.699999999999996,31.1,No,Yes
2009-11-18,Brisbane,20.7,28.199999999999996,3.2,8.0,8.1,ENE,30.0,ESE,ENE,15.0,14.999999999999998,60.0,61.0,1013.0,1011.4,7.0,3.0,25.3,26.5,Yes,No
2009-11-21,Brisbane,22.5,30.7,0.0,9.2,12.4,NNE,35.0,NNW,NNE,11.0,16.999999999999996,56.0,56.99999999999999,1014.3,1011.1,1.0,1.0,27.700000000000003,28.699999999999996,No,No
2009-11-22,Brisbane,22.0,31.7,0.0,7.599999999999999,11.0,NE,35.0,NNW,NNE,11.0,16.999999999999996,48.00000000000001,61.0,1014.6,1012.0,1.0,2.0,29.199999999999996,29.199999999999996,No,No
2009-11-23,Brisbane,22.2,31.300000000000004,0.0,9.6,11.7,NE,28.0,NNE,NNE,9.0,14.999999999999998,52.0,46.00000000000001,1016.4,1013.5,3.0,1.0,28.900000000000002,29.6,No,Yes
2009-11-24,Brisbane,22.4,29.8,1.2,10.0,12.5,ENE,41.0,ENE,ENE,17.0,19.999999999999996,58.00000000000001,43.0,1020.8,1019.3,3.0,2.0,27.500000000000004,28.699999999999996,Yes,No
2009-11-25,Brisbane,21.6,30.199999999999996,0.2,9.4,10.0,E,35.0,ENE,E,15.0,19.999999999999996,54.0,46.00000000000001,1021.6,1018.5,4.0,3.0,26.800000000000004,27.599999999999998,No,No
2009-11-26,Brisbane,21.0,28.6,0.0,7.4,11.0,ENE,35.0,ENE,ENE,17.0,16.999999999999996,60.0,61.0,1019.7,1016.4,3.0,5.0,27.599999999999998,26.800000000000004,No,No
2009-11-27,Brisbane,22.0,31.2,0.0,7.800000000000001,12.3,NNE,33.0,NW,NE,11.0,16.999999999999996,52.0,53.0,1015.5,1010.6,1.0,1.0,27.599999999999998,28.799999999999997,No,No
2009-11-28,Brisbane,22.0,34.2,0.0,10.0,6.4,NNE,24.000000000000004,NW,NE,7.0,9.0,51.0,61.0,1010.3,1006.1,5.0,7.0,29.5,30.0,No,No
2009-12-03,Brisbane,18.0,28.3,6.6,4.8,12.1,ENE,33.0,SE,E,15.0,19.0,52.0,53.0,1021.0,1018.2,3.0,2.0,24.7,25.2,Yes,No
2009-12-04,Brisbane,17.1,30.500000000000004,0.0,8.4,12.7,NE,30.0,SSE,NE,6.0,14.999999999999998,50.0,45.0,1019.5999999999999,1015.6,1.0,1.0,26.600000000000005,28.400000000000002,No,No
2009-12-05,Brisbane,19.3,29.8,0.0,9.8,12.9,NNE,37.0,NNE,NNE,11.0,14.999999999999998,52.0,51.0,1017.3,1012.4,1.0,1.0,26.800000000000004,28.400000000000002,No,No
2009-12-06,Brisbane,20.4,30.6,0.0,10.2,12.9,NNE,33.0,NE,NNE,7.0,14.999999999999998,42.99999999999999,52.0,1014.7,1012.5,1.0,1.0,28.299999999999997,28.900000000000002,No,No
2009-12-07,Brisbane,22.2,30.500000000000004,0.0,10.8,12.7,NNE,37.0,NW,NNE,11.0,19.0,56.0,52.0,1016.7,1012.7,3.0,1.0,28.099999999999998,29.199999999999996,No,No
2009-12-08,Brisbane,22.2,31.899999999999995,0.0,9.6,12.5,NE,35.0,NNE,NE,9.0,19.0,48.00000000000001,59.0,1013.4,1009.1,1.0,1.0,28.999999999999996,29.399999999999995,No,No
2009-12-09,Brisbane,22.3,32.7,0.0,9.6,12.6,ENE,33.0,N,NNE,9.0,14.999999999999998,47.0,55.0,1011.8,1008.3,1.0,0.0,28.799999999999997,30.3,No,No
2009-12-10,Brisbane,22.6,33.0,0.0,10.4,12.4,NE,33.0,ENE,NE,9.0,19.0,47.0,58.0,1012.6000000000001,1009.6,1.0,1.0,29.5,29.899999999999995,No,No
2009-12-11,Brisbane,23.2,33.2,0.0,9.0,8.8,NE,30.0,NNE,NNE,9.0,16.999999999999996,62.0,56.99999999999999,1013.6,1010.2,5.0,4.0,28.6,29.199999999999996,No,No
2009-12-12,Brisbane,23.6,30.8,0.0,8.0,7.2,E,31.0,SSE,ENE,13.0,14.999999999999998,62.0,53.0,1015.9,1012.2,7.0,7.0,27.700000000000003,29.8,No,No
2009-12-14,Brisbane,24.4,31.799999999999997,0.2,7.599999999999999,5.9,E,30.0,ENE,ENE,6.0,14.999999999999998,59.0,53.0,1017.0,1015.2,7.0,7.0,28.400000000000002,29.199999999999996,No,No
2009-12-16,Brisbane,20.0,30.0,12.2,5.0,12.7,E,31.0,NW,NE,7.0,19.999999999999996,59.0,53.0,1021.2,1018.8,7.0,2.0,26.7,27.900000000000002,Yes,No
2009-12-17,Brisbane,20.5,30.500000000000004,0.0,9.6,11.8,NNE,33.0,NE,NE,15.0,19.0,45.0,56.0,1021.2,1017.8,3.0,2.0,27.500000000000004,27.4,No,No
2009-12-18,Brisbane,22.0,31.6,0.0,8.8,12.8,NE,33.0,N,NNE,11.0,14.999999999999998,49.0,49.00000000000001,1017.3,1013.9,3.0,1.0,28.699999999999996,30.0,No,No
2009-12-19,Brisbane,23.0,30.8,0.0,7.800000000000001,2.5,W,31.0,NE,NNE,6.0,11.0,51.0,51.0,1015.8,1012.7,8.0,8.0,28.299999999999997,27.999999999999996,No,Yes
2009-12-20,Brisbane,21.9,28.099999999999998,4.8,5.2,0.0,W,22.0,WSW,SSE,6.0,2.0,73.0,92.00000000000001,1016.5,1015.2,8.0,8.0,24.5,22.0,Yes,Yes
2009-12-21,Brisbane,20.9,28.999999999999996,34.0,5.0,5.5,E,30.0,SE,ESE,6.0,9.0,61.0,65.0,1015.8,1014.0,5.0,7.0,26.600000000000005,25.4,Yes,No
2009-12-22,Brisbane,20.9,32.0,0.0,3.6,8.2,SSE,41.0,SSE,ENE,2.0,16.999999999999996,60.0,59.0,1015.0,1011.6,5.0,6.0,27.099999999999998,27.700000000000003,No,Yes
2009-12-23,Brisbane,20.9,30.199999999999996,13.000000000000002,6.4,10.3,ENE,33.0,SW,E,4.0,19.999999999999996,67.0,58.0,1015.2,1013.0,5.0,4.0,26.7,27.900000000000002,Yes,Yes
2009-12-24,Brisbane,21.4,30.0,1.6,10.6,7.4,ENE,30.0,N,ENE,4.0,16.999999999999996,71.0,56.99999999999999,1015.5,1012.7,6.0,2.0,26.100000000000005,28.099999999999998,Yes,No
2009-12-25,Brisbane,21.9,29.1,0.2,5.4,6.700000000000001,ENE,39.0,ENE,ENE,19.0,14.999999999999998,72.0,70.0,1013.3,1011.0,7.0,7.0,26.300000000000004,27.000000000000004,No,Yes
2009-12-26,Brisbane,23.0,29.700000000000003,13.2,5.0,5.9,NE,33.0,ENE,ENE,15.0,19.999999999999996,79.0,77.0,1013.4,1012.1,6.0,6.0,27.000000000000004,27.000000000000004,Yes,Yes
2009-12-27,Brisbane,22.7,29.300000000000004,21.0,7.599999999999999,3.5,ENE,35.0,NE,ENE,17.0,19.0,73.0,71.0,1016.0,1013.7,7.0,7.0,26.7,27.200000000000003,Yes,Yes
2009-12-28,Brisbane,23.1,28.500000000000004,21.6,4.9,3.3,NE,26.0,NNE,ENE,7.0,14.999999999999998,92.0,73.0,1015.6,1012.5,8.0,4.0,23.6,27.700000000000003,Yes,Yes
2009-12-29,Brisbane,22.9,29.1,35.0,4.0,3.3,ENE,30.0,SSW,ENE,2.0,11.0,87.0,77.0,1016.5,1015.2,7.0,8.0,25.4,26.300000000000004,Yes,Yes
2009-12-30,Brisbane,22.8,28.6,7.8,4.0,8.1,ENE,33.0,ENE,ENE,15.0,16.999999999999996,66.0,58.0,1018.8,1016.4,5.0,7.0,27.799999999999997,27.900000000000002,Yes,No
2009-12-31,Brisbane,20.7,28.6,0.4,8.0,6.6,E,31.0,ENE,ENE,17.0,14.999999999999998,74.0,56.0,1018.0,1015.5,6.0,6.0,25.0,28.400000000000002,No,Yes
2010-01-01,Brisbane,23.6,29.600000000000005,1.4,7.599999999999999,6.0,ENE,31.0,NE,NNE,13.0,13.0,61.0,66.0,1016.0,1013.5,7.0,7.0,27.4,27.799999999999997,Yes,No
2010-01-02,Brisbane,23.9,30.8,0.8,6.4,11.3,NE,30.0,NW,NE,7.0,13.0,62.0,66.0,1012.5,1009.0,2.0,3.0,28.699999999999996,29.199999999999996,No,No
2010-01-03,Brisbane,24.9,32.2,0.0,7.4,3.3,E,33.0,NW,ESE,4.0,16.999999999999996,65.0,76.0,1010.7,1010.7,4.0,8.0,30.0,25.600000000000005,No,Yes
2010-01-04,Brisbane,23.4,27.700000000000003,20.6,4.2,0.0,SSE,43.0,SE,ESE,15.0,14.999999999999998,70.0,65.0,1015.8,1015.1,8.0,7.0,26.2,26.4,Yes,No
2010-01-05,Brisbane,21.1,27.8,0.0,4.0,0.7,ESE,31.0,SSE,ESE,9.0,16.999999999999996,69.0,56.0,1017.3,1015.7,7.0,7.0,24.9,27.700000000000003,No,No
2010-01-06,Brisbane,21.8,29.300000000000004,0.0,4.8,3.3,ENE,24.000000000000004,E,ENE,11.0,11.0,80.99999999999999,64.0,1015.5,1013.1,8.0,7.0,24.7,28.299999999999997,No,No
2010-01-07,Brisbane,22.4,28.6,0.6,4.4,1.8,NE,26.0,ESE,E,11.0,16.999999999999996,73.0,62.0,1014.8,1012.9,7.0,7.0,26.9,27.500000000000004,No,No
2010-01-08,Brisbane,22.3,30.3,0.2,5.4,6.8,ENE,33.0,ESE,ENE,15.0,19.0,63.0,55.0,1017.6,1016.1,7.0,3.0,26.600000000000005,29.3,No,No
2010-01-09,Brisbane,21.7,30.199999999999996,0.0,4.6,12.9,ENE,35.0,E,E,13.0,14.999999999999998,65.0,48.0,1019.2,1017.0,3.0,3.0,28.099999999999998,29.6,No,No
2010-01-10,Brisbane,21.0,30.6,0.0,7.2,13.2,E,28.0,SSE,ENE,6.0,16.999999999999996,60.0,52.0,1017.7,1014.6,2.0,1.0,27.700000000000003,29.199999999999996,No,No
2010-01-11,Brisbane,20.8,30.500000000000004,0.0,7.0,12.2,ENE,33.0,SE,E,9.0,19.0,61.0,52.0,1016.7,1014.3,3.0,2.0,28.099999999999998,29.6,No,No
2010-01-12,Brisbane,21.3,30.999999999999996,0.0,8.0,12.2,ESE,31.0,NE,ENE,6.0,14.999999999999998,58.00000000000001,61.0,1015.0,1012.6,3.0,2.0,27.900000000000002,28.999999999999996,No,No
2010-01-13,Brisbane,20.9,30.099999999999998,0.0,10.8,10.6,NNE,39.0,ENE,NE,9.0,14.999999999999998,58.00000000000001,53.99999999999999,1014.8,1011.5,3.0,1.0,27.700000000000003,28.999999999999996,No,No
2010-01-14,Brisbane,23.2,30.7,0.0,5.8,10.7,E,28.0,SSE,ENE,6.0,19.0,59.0,49.00000000000001,1015.6,1012.9,6.0,1.0,27.999999999999996,29.399999999999995,No,No
2010-01-15,Brisbane,21.5,30.8,0.0,9.2,10.5,E,33.0,E,ESE,11.0,14.999999999999998,65.0,42.0,1015.5,1013.0,7.0,4.0,26.600000000000005,30.2,No,No
2010-01-16,Brisbane,21.3,29.9,0.0,8.2,8.6,NE,26.0,ENE,NE,4.0,13.0,54.0,55.0,1012.7,1009.3,6.0,1.0,27.4,29.1,No,No
2010-01-17,Brisbane,22.1,32.4,0.0,7.800000000000001,11.8,NE,30.0,NW,NNE,9.0,13.0,55.0,55.0,1008.3,1004.0,1.0,3.0,27.700000000000003,30.9,No,Yes
2010-01-18,Brisbane,22.1,35.1,4.4,7.599999999999999,12.7,ENE,30.0,SW,NE,9.0,16.999999999999996,62.0,56.99999999999999,1004.2,1000.2,1.0,3.0,29.399999999999995,31.9,Yes,No
2010-01-19,Brisbane,17.3,32.8,0.0,9.0,12.9,E,50.0,SW,ENE,9.0,19.0,42.0,50.0,1008.3,1006.0,1.0,1.0,26.2,28.499999999999996,No,No
2010-01-20,Brisbane,20.2,33.0,0.2,8.6,13.0,NNE,26.0,SSW,ENE,6.0,13.0,56.0,39.0,1012.2,1009.0,1.0,0.0,27.099999999999998,30.7,No,No
2010-01-21,Brisbane,21.3,32.6,0.0,8.4,10.5,ENE,24.000000000000004,WSW,NNE,6.0,13.0,60.0,50.0,1013.4,1010.4,6.0,6.0,28.400000000000002,30.3,No,No
2010-01-22,Brisbane,22.4,30.9,0.0,7.0,6.3,NE,26.0,ENE,NE,6.0,13.0,56.0,56.99999999999999,1015.2,1013.7,6.0,6.0,27.900000000000002,28.799999999999997,No,No
2010-01-23,Brisbane,21.3,32.1,0.0,5.6,13.0,E,28.0,NW,ENE,6.0,13.0,59.0,50.0,1014.4,1011.4,2.0,1.0,28.299999999999997,30.5,No,No
2010-01-24,Brisbane,21.8,31.7,0.0,9.0,12.8,E,31.0,ENE,ENE,11.0,16.999999999999996,54.0,50.0,1014.2,1011.9,2.0,1.0,28.6,30.3,No,No
2010-01-25,Brisbane,21.5,32.5,0.0,9.0,11.6,ENE,28.0,N,NNE,7.0,13.0,59.0,47.0,1015.0,1012.2,5.0,3.0,28.900000000000002,31.9,No,No
2010-01-26,Brisbane,22.4,32.8,0.0,9.2,12.0,NE,31.0,WSW,NE,4.0,14.999999999999998,59.0,56.0,1014.1,1011.1,5.0,1.0,28.299999999999997,30.6,No,No
2010-01-27,Brisbane,21.9,33.6,0.0,9.2,11.8,SE,41.0,W,NNE,6.0,14.999999999999998,58.00000000000001,51.0,1012.7,1010.0,1.0,1.0,28.299999999999997,30.9,No,No
2010-01-28,Brisbane,24.1,33.8,0.0,6.8,9.9,ENE,28.0,E,NE,7.0,16.999999999999996,58.00000000000001,44.0,1011.3,1007.9,4.0,3.0,29.699999999999996,32.2,No,Yes
2010-01-29,Brisbane,21.1,32.6,3.6000000000000005,9.8,7.0,S,31.0,W,NE,9.0,9.0,72.0,60.00000000000001,1010.2,1008.0,6.0,8.0,25.600000000000005,28.799999999999997,Yes,Yes
2010-01-30,Brisbane,22.8,31.2,3.0,4.8,7.499999999999999,SSW,46.0,SSE,SE,9.0,22.0,65.0,56.99999999999999,1012.4,1011.4,7.0,7.0,27.700000000000003,27.900000000000002,Yes,Yes
2010-01-31,Brisbane,22.7,28.099999999999998,5.4,8.6,1.9,ENE,50.0,ENE,E,11.0,16.999999999999996,76.0,68.0,1010.7,1008.8,8.0,8.0,26.300000000000004,26.7,Yes,Yes
2010-02-01,Brisbane,22.0,28.199999999999996,17.4,2.8,0.3,ENE,46.0,E,ESE,22.0,19.999999999999996,69.0,60.00000000000001,1009.3,1008.3,8.0,7.0,26.2,26.5,Yes,Yes
2010-02-02,Brisbane,22.0,29.300000000000004,2.6,6.4,5.0,E,46.0,ESE,ESE,19.0,13.0,57.0,64.0,1009.4,1007.6,7.0,7.0,26.9,27.500000000000004,Yes,Yes
2010-02-03,Brisbane,22.0,30.199999999999996,2.4,7.4,11.8,E,31.0,E,E,17.0,19.0,57.0,51.0,1009.7,1008.1,6.0,2.0,27.700000000000003,28.900000000000002,Yes,No
2010-02-04,Brisbane,21.5,30.9,0.0,7.4,10.2,NE,26.0,ESE,ENE,4.0,14.999999999999998,61.0,60.00000000000001,1011.1,1008.9,3.0,6.0,28.099999999999998,28.400000000000002,No,No
2010-02-05,Brisbane,21.8,31.5,0.0,7.4,11.9,E,28.0,NE,NE,9.0,16.999999999999996,62.0,46.00000000000001,1011.3,1009.0,7.0,3.0,28.499999999999996,30.1,No,No
2010-02-06,Brisbane,24.6,31.6,0.0,7.2,10.2,E,39.0,NNW,NE,6.0,16.999999999999996,65.0,62.0,1012.6000000000001,1010.9,7.0,7.0,28.200000000000003,29.899999999999995,No,Yes
2010-02-07,Brisbane,22.3,26.7,89.0,8.2,0.1,SSE,30.0,SSE,SE,11.0,13.0,90.0,73.0,1017.7,1015.8,8.0,8.0,22.3,26.0,Yes,No
2010-02-08,Brisbane,22.0,30.3,0.8,2.0,5.2,E,37.0,SSE,E,11.0,22.0,77.0,53.0,1019.1,1017.0,7.0,6.0,25.3,28.400000000000002,No,No
2010-02-09,Brisbane,21.3,29.2,0.2,6.8,8.3,SE,48.00000000000001,SE,SE,13.0,16.999999999999996,71.0,66.0,1019.9000000000001,1018.2,6.0,7.0,25.8,26.2,No,Yes
2010-02-10,Brisbane,21.4,29.9,6.999999999999999,5.8,9.3,SE,33.0,SE,ESE,11.0,19.0,65.0,53.99999999999999,1018.9,1016.3,7.0,3.0,26.5,29.1,Yes,No
2010-02-11,Brisbane,21.4,29.5,0.0,6.6,12.1,E,28.0,E,NE,4.0,14.999999999999998,63.0,52.0,1018.1,1015.0,3.0,2.0,26.9,28.999999999999996,No,No
2010-02-12,Brisbane,21.0,31.1,0.0,7.0,11.8,NE,26.0,SW,NE,7.0,14.999999999999998,67.0,53.99999999999999,1015.4,1011.9,4.0,2.0,27.099999999999998,29.699999999999996,No,No
2010-02-13,Brisbane,21.6,31.1,0.0,6.8,11.3,NE,30.0,WSW,NE,6.0,19.0,62.0,56.0,1013.5,1011.2,3.0,5.0,27.999999999999996,29.6,No,No
2010-02-14,Brisbane,23.6,31.400000000000002,0.0,7.599999999999999,12.1,NNE,35.0,NW,NE,11.0,16.999999999999996,59.0,61.0,1013.1,1008.6,5.0,2.0,27.999999999999996,30.3,No,No
2010-02-15,Brisbane,24.7,33.1,0.0,8.0,11.9,NNE,37.0,NNW,NNE,11.0,19.0,61.0,66.0,1010.6,1006.5,2.0,1.0,30.1,30.9,No,Yes
2010-02-16,Brisbane,24.299999999999997,32.0,17.4,7.4,4.2,WNW,30.0,N,NE,7.0,9.0,72.0,89.0,1010.4,1007.9,7.0,7.0,28.900000000000002,27.000000000000004,Yes,Yes
2010-02-17,Brisbane,21.3,28.3,121.4,4.2,0.7,ESE,24.000000000000004,SSW,ESE,7.0,13.0,85.0,65.0,1013.8,1012.0,8.0,8.0,22.6,27.4,Yes,No
2010-02-18,Brisbane,22.5,30.0,0.0,2.2,3.8,E,37.0,S,SE,11.0,19.999999999999996,69.0,52.0,1016.8,1015.5,7.0,7.0,25.9,28.400000000000002,No,No
2010-02-19,Brisbane,20.4,29.1,0.0,5.8,7.9,SE,35.0,SSE,ESE,11.0,16.999999999999996,60.0,53.99999999999999,1019.5999999999999,1017.7,6.0,6.0,26.300000000000004,27.4,No,No
2010-02-20,Brisbane,20.8,29.300000000000004,0.4,6.2,5.8,E,37.0,SE,E,9.0,14.999999999999998,67.0,61.0,1019.5,1017.1,3.0,7.0,25.1,27.300000000000004,No,Yes
2010-02-21,Brisbane,21.4,29.9,2.2,5.6,9.4,ENE,31.0,WSW,ENE,6.0,9.0,76.0,50.0,1019.8,1017.0,7.0,3.0,25.7,29.1,Yes,No
2010-02-22,Brisbane,20.3,30.999999999999996,0.2,7.0,10.6,SE,48.00000000000001,SSW,ENE,7.0,14.999999999999998,64.0,66.0,1019.2,1015.6,6.0,3.0,27.000000000000004,29.3,No,No
2010-02-23,Brisbane,22.7,33.5,0.0,6.0,11.6,ENE,20.0,WSW,ENE,11.0,13.0,66.0,53.0,1015.8,1011.8,2.0,1.0,27.799999999999997,32.3,No,No
2010-02-24,Brisbane,24.0,30.4,0.0,6.4,6.5,SSE,43.0,SSE,SE,13.0,16.999999999999996,67.0,66.0,1017.2,1016.9,7.0,7.0,27.599999999999998,26.9,No,No
2010-02-25,Brisbane,23.6,29.1,0.0,6.6,3.2,SE,43.0,SE,SE,13.0,13.0,67.0,73.0,1021.3,1020.8,7.0,7.0,25.9,24.4,No,Yes
2010-02-26,Brisbane,19.6,28.500000000000004,1.4,5.0,6.700000000000001,ESE,46.0,WSW,ESE,7.0,16.999999999999996,71.0,50.0,1022.2,1018.9,5.0,6.0,24.0,27.500000000000004,Yes,No
2010-02-27,Brisbane,20.2,27.399999999999995,0.6,6.6,2.2,E,35.0,S,SE,7.0,19.999999999999996,76.0,67.0,1018.9,1016.1,7.0,8.0,24.6,26.2,No,Yes
2010-02-28,Brisbane,21.9,29.8,9.4,2.6,6.4,ENE,28.0,SE,ENE,9.0,16.999999999999996,76.0,65.0,1017.1,1013.8,4.0,7.0,26.600000000000005,28.499999999999996,Yes,Yes
2010-03-01,Brisbane,22.9,26.4,26.8,6.6,0.0,SSE,31.0,SE,SE,6.0,11.0,92.0,82.0,1013.6,1010.3,8.0,8.0,23.6,23.8,Yes,Yes
2010-03-02,Brisbane,20.9,23.9,60.599999999999994,3.2,0.0,ESE,37.0,E,ESE,13.0,14.999999999999998,93.0,91.0,1010.5,1008.2,8.0,8.0,21.1,21.9,Yes,Yes
2010-03-03,Brisbane,20.9,27.2,23.599999999999998,3.2,0.8,E,44.0,ENE,ESE,20.0,14.999999999999998,84.0,76.0,1011.6,1009.5,8.0,5.0,23.3,26.4,Yes,Yes
2010-03-04,Brisbane,21.5,27.0,20.0,4.4,0.2,SE,35.0,ESE,ESE,13.0,14.999999999999998,65.0,58.0,1013.2,1011.1,8.0,7.0,25.8,26.4,Yes,No
2010-03-05,Brisbane,23.0,28.500000000000004,0.2,5.0,1.2,E,35.0,E,E,15.0,16.999999999999996,69.0,81.0,1011.9,1009.2,8.0,8.0,25.9,25.9,No,Yes
2010-03-06,Brisbane,23.0,27.0,9.0,4.6,0.2,E,39.0,E,E,13.0,14.999999999999998,90.0,90.0,1011.9,1010.9,8.0,8.0,24.3,23.2,Yes,Yes
2010-03-07,Brisbane,21.9,27.2,3.4,2.0,2.2,ESE,35.0,E,ENE,15.0,16.999999999999996,70.0,64.0,1014.4,1012.1,7.0,7.0,26.5,26.9,Yes,No
2010-03-08,Brisbane,22.5,27.2,0.6,2.8,0.0,E,15.0,WSW,ENE,6.0,6.0,80.99999999999999,64.0,1016.3,1014.1,7.0,7.0,23.9,26.9,No,No
2010-03-09,Brisbane,20.5,32.6,0.0,2.2,10.7,NE,22.0,SW,SSW,11.0,7.000000000000001,78.0,51.0,1017.0,1013.7,1.0,3.0,24.4,32.2,No,No
2010-03-10,Brisbane,22.7,33.1,0.0,5.8,8.7,ESE,31.0,SW,E,7.0,16.999999999999996,76.0,65.0,1017.9,1016.0,7.0,7.0,26.9,28.999999999999996,No,No
2010-03-11,Brisbane,21.8,30.0,0.0,5.6,9.4,SSW,39.0,S,SSW,13.0,14.999999999999998,58.00000000000001,53.99999999999999,1022.1,1021.0999999999999,4.0,5.0,27.200000000000003,28.6,No,Yes
2010-03-12,Brisbane,20.1,28.099999999999998,1.2,5.6,7.9,ESE,50.0,SE,SE,20.0,22.0,58.00000000000001,52.0,1028.1,1026.2,3.0,6.0,25.5,26.100000000000005,Yes,No
2010-03-13,Brisbane,18.8,27.399999999999995,0.6,6.4,6.4,SE,48.00000000000001,SE,ESE,19.0,24.0,53.00000000000001,67.0,1027.5,1025.7,5.0,6.0,25.4,22.3,No,No
2010-03-14,Brisbane,18.4,27.5,0.6,5.6,8.4,SSE,37.0,SSE,SE,11.0,11.0,68.0,72.0,1024.5,1021.7,5.0,3.0,24.1,24.1,No,Yes
2010-03-15,Brisbane,18.4,28.0,4.8,6.0,8.4,SSE,31.0,SSE,SSE,13.0,16.999999999999996,68.0,55.0,1023.1,1019.4,5.0,6.0,23.2,26.2,Yes,No
2010-03-16,Brisbane,19.0,28.3,0.2,6.0,7.499999999999999,ESE,39.0,SSE,ESE,13.0,19.0,62.0,45.0,1020.5000000000001,1018.0,5.0,3.0,24.6,27.300000000000004,No,No
2010-03-19,Brisbane,18.4,28.6,0.0,6.2,10.6,ESE,30.0,E,ESE,19.0,16.999999999999996,55.0,44.0,1022.4,1020.3,4.0,2.0,25.9,27.200000000000003,No,No
2010-03-20,Brisbane,17.2,28.4,0.0,8.0,3.1,ESE,37.0,SE,ESE,15.0,16.999999999999996,59.0,73.0,1021.7,1019.8,7.0,7.0,24.7,24.4,No,No
2010-03-21,Brisbane,20.9,28.199999999999996,1.0,4.2,2.3,NE,30.0,E,E,17.0,13.0,62.0,66.0,1020.6,1017.9,7.0,8.0,27.300000000000004,26.2,No,No
2010-03-22,Brisbane,20.5,28.500000000000004,0.0,2.8,1.9,NNE,20.0,WSW,NE,7.0,9.0,71.0,68.0,1018.4,1016.5,8.0,8.0,25.5,26.7,No,No
2010-03-23,Brisbane,20.7,30.0,0.0,2.6,7.2,E,30.0,SW,E,7.0,14.999999999999998,69.0,61.0,1019.4,1016.5,5.0,6.0,26.5,28.099999999999998,No,Yes
2010-03-25,Brisbane,18.4,28.8,0.0,5.6,10.3,SE,28.0,SSW,E,6.0,16.999999999999996,62.0,53.99999999999999,1022.9,1019.8,1.0,3.0,24.9,27.4,No,Yes
2010-03-26,Brisbane,20.4,28.7,3.4,6.4,9.0,NNE,22.0,SW,ENE,7.0,11.0,77.0,59.0,1022.6,1018.8,5.0,4.0,23.1,27.700000000000003,Yes,No
2010-03-27,Brisbane,18.4,29.1,0.0,3.7999999999999994,10.9,NE,24.000000000000004,SW,ENE,6.0,11.0,69.0,58.0,1021.1,1018.3,1.0,1.0,25.4,26.7,No,No
2010-03-28,Brisbane,20.5,28.6,0.0,5.8,8.0,E,28.0,SSW,E,6.0,13.0,69.0,50.0,1020.1999999999999,1017.0,7.0,5.0,25.600000000000005,27.599999999999998,No,Yes
2010-03-29,Brisbane,20.7,27.8,1.2,6.6,4.7,ENE,30.0,SSE,NE,6.0,11.0,83.0,61.0,1021.3,1017.8,7.0,4.0,22.0,26.9,Yes,Yes
2010-03-30,Brisbane,19.5,26.1,3.2,3.7999999999999994,1.6,NNE,24.000000000000004,SW,ENE,6.0,13.0,76.0,71.0,1019.8,1016.8,5.0,6.0,24.2,24.7,Yes,No
2010-04-01,Brisbane,20.5,27.700000000000003,1.4,2.8,6.3,ESE,26.0,SW,E,7.0,13.0,76.0,62.0,1016.7,1013.7,7.0,5.0,23.6,25.9,Yes,No
2010-04-02,Brisbane,19.7,27.9,0.0,4.0,9.0,E,31.0,SSE,ESE,9.0,16.999999999999996,65.0,53.0,1017.4,1014.4,3.0,5.0,25.4,27.000000000000004,No,No
2010-04-03,Brisbane,19.1,27.600000000000005,0.0,6.0,9.3,ESE,35.0,SSE,E,11.0,11.0,62.0,59.0,1018.7,1015.4,3.0,4.0,24.6,25.9,No,No
2010-04-04,Brisbane,18.9,26.499999999999996,0.0,6.0,8.7,ESE,31.0,SSW,ESE,7.0,11.0,61.0,53.99999999999999,1018.6,1015.6,3.0,3.0,23.6,26.2,No,No
2010-04-05,Brisbane,17.9,27.700000000000003,0.0,4.0,10.2,WSW,46.0,SSW,E,9.0,14.999999999999998,60.0,53.99999999999999,1018.9,1015.9,1.0,3.0,23.5,25.1,No,No
2010-04-06,Brisbane,17.8,26.1,0.0,6.0,6.2,E,22.0,SW,ENE,6.0,11.0,68.0,55.0,1020.5000000000001,1018.3,6.0,7.0,22.9,25.3,No,No
2010-04-07,Brisbane,17.5,27.700000000000003,0.0,4.0,7.8,NE,22.0,WSW,NNE,7.0,9.0,76.0,51.0,1021.7,1018.0,7.0,7.0,21.7,26.9,No,No
2010-04-10,Brisbane,21.0,30.999999999999996,0.0,6.0,7.6,NNE,17.0,WNW,NE,2.0,7.000000000000001,67.0,61.0,1012.5,1008.5,7.0,3.0,25.2,29.1,No,No
2010-04-11,Brisbane,21.2,31.300000000000004,0.0,4.0,7.6,NE,20.0,SSE,NE,2.0,9.0,85.0,63.00000000000001,1013.0,1009.1,4.0,2.0,24.0,29.6,No,No
2010-04-12,Brisbane,23.2,26.000000000000004,0.2,4.2,0.0,W,20.0,WSW,W,2.0,2.0,78.0,76.0,1012.6000000000001,1010.3,7.0,7.0,25.8,25.0,No,Yes
2010-04-13,Brisbane,18.5,24.4,2.0,2.0,1.4,SE,26.0,WSW,SE,2.0,11.0,80.99999999999999,53.99999999999999,1018.0,1016.5,8.0,7.0,19.3,24.1,Yes,No
2010-04-14,Brisbane,16.5,26.900000000000002,0.0,3.2,8.3,ESE,28.0,SSW,SE,7.0,11.0,64.0,47.0,1020.3,1017.8,1.0,7.0,22.1,26.600000000000005,No,No
2010-04-15,Brisbane,16.2,27.399999999999995,0.0,3.6,7.4,ESE,26.0,SSW,E,4.0,13.0,65.0,49.00000000000001,1020.7,1017.8,7.0,3.0,22.7,26.300000000000004,No,No
2010-04-16,Brisbane,17.3,24.6,0.0,5.0,0.7,SE,26.0,NE,ESE,4.0,13.0,78.0,50.0,1023.3,1021.0,7.0,7.0,19.2,24.1,No,No
2010-04-17,Brisbane,17.0,27.5,0.4,2.6,10.4,ESE,30.0,S,E,6.0,13.0,63.0,48.0,1023.9,1021.3000000000001,1.0,3.0,23.8,26.5,No,No
2010-04-18,Brisbane,18.1,26.800000000000004,0.6,5.4,6.1,ESE,33.0,SSE,ESE,2.0,11.0,80.0,68.0,1024.5,1020.7,7.0,4.0,20.8,23.6,No,Yes
2010-04-19,Brisbane,18.5,26.2,4.6,3.4,4.6,SE,30.0,SSE,E,7.0,9.0,74.0,67.0,1022.7,1020.2,8.0,7.0,22.6,23.3,Yes,No
2010-04-20,Brisbane,17.9,26.4,1.0,3.7999999999999994,3.9,E,28.0,S,WNW,4.0,4.0,79.0,78.0,1021.1,1018.4,7.0,7.0,22.6,22.3,No,Yes
2010-04-21,Brisbane,18.2,23.1,10.2,2.4,0.0,SE,22.0,SE,SW,7.0,4.0,93.0,88.0,1021.3,1019.3,8.0,7.0,20.1,20.5,Yes,Yes
2010-04-22,Brisbane,17.8,25.6,12.8,1.0,5.3,E,22.0,SSW,ENE,4.0,4.0,71.0,66.0,1022.3,1019.7,7.0,5.0,22.8,24.3,Yes,No
2010-04-23,Brisbane,18.0,28.4,0.2,3.2,10.5,ESE,19.0,SSW,E,6.0,9.0,72.0,56.0,1021.6,1018.0,1.0,1.0,23.1,26.7,No,No
2010-04-24,Brisbane,18.5,25.5,0.8,3.4,3.4,NNW,17.0,SSW,ENE,2.0,6.0,83.0,76.0,1019.5,1016.2,5.0,7.0,22.5,24.3,No,Yes
2010-04-25,Brisbane,18.3,29.300000000000004,2.2,2.6,9.5,WSW,22.0,NE,ENE,2.0,9.0,74.0,66.0,1016.9,1012.2,4.0,6.0,23.4,27.4,Yes,No
2010-04-26,Brisbane,16.7,26.4,0.0,4.0,10.3,SSE,20.0,SSW,ESE,6.0,4.0,48.00000000000001,43.0,1021.3,1019.6,3.0,2.0,21.9,23.9,No,No
2010-04-27,Brisbane,13.5,25.9,0.0,4.8,7.499999999999999,ENE,17.0,SSW,ENE,6.0,7.000000000000001,57.0,53.0,1022.7,1019.4,3.0,7.0,20.1,24.3,No,No
2010-04-28,Brisbane,16.5,27.399999999999995,0.0,3.0,8.5,ENE,15.0,SW,ENE,4.0,9.0,69.0,53.0,1022.2,1018.5,5.0,1.0,22.7,26.5,No,No
2010-04-29,Brisbane,18.0,29.300000000000004,0.0,3.0,9.5,W,19.0,SW,W,2.0,9.0,72.0,36.0,1021.5,1017.6,2.0,3.0,22.8,28.999999999999996,No,No
2010-04-30,Brisbane,13.0,28.3,0.0,3.0,10.1,ESE,26.0,WSW,ESE,4.0,11.0,54.0,59.0,1022.3,1019.5,1.0,2.0,21.0,25.8,No,No
2010-05-01,Brisbane,17.8,27.0,0.0,4.8,10.0,E,28.0,SSW,E,4.0,14.999999999999998,67.0,59.0,1025.3,1022.4000000000001,4.0,3.0,22.6,24.4,No,No
2010-05-02,Brisbane,17.6,27.0,0.6,4.0,10.1,E,24.000000000000004,SSW,ENE,2.0,9.0,66.0,52.0,1026.1,1022.9,2.0,2.0,23.0,26.0,No,No
2010-05-03,Brisbane,16.7,26.4,0.2,4.0,9.1,SE,31.0,SW,ESE,4.0,13.0,67.0,53.0,1025.0,1021.3000000000001,2.0,5.0,22.7,24.9,No,Yes
2010-05-04,Brisbane,17.8,21.2,4.2,4.8,0.9,ESE,13.0,WSW,E,4.0,7.000000000000001,90.99999999999999,87.0,1021.3,1017.3,8.0,7.0,19.4,20.3,Yes,Yes
2010-05-08,Brisbane,11.6,26.4,0.0,3.4,9.1,SE,24.000000000000004,SW,E,7.0,9.0,60.0,55.0,1019.5999999999999,1016.4,6.0,5.0,18.8,23.7,No,No
2010-05-09,Brisbane,14.299999999999999,25.7,0.0,2.8,9.7,SSE,22.0,SSW,SE,4.0,7.000000000000001,67.0,51.0,1020.5000000000001,1016.9,1.0,2.0,21.1,24.1,No,No
2010-05-10,Brisbane,16.3,24.1,0.0,3.2,4.5,SSE,19.0,SW,NE,6.0,6.0,67.0,66.0,1019.9000000000001,1016.5,2.0,7.0,20.6,22.8,No,No
2010-05-11,Brisbane,15.299999999999999,25.8,0.0,1.8,7.4,WSW,30.0,SW,NE,2.0,4.0,75.0,67.0,1017.1,1013.0,6.0,6.0,20.0,23.5,No,Yes
2010-05-12,Brisbane,14.6,27.299999999999997,12.2,0.8,9.4,W,33.0,SW,WSW,6.0,11.0,82.0,26.0,1015.4,1012.4,0.0,1.0,18.7,26.800000000000004,Yes,No
2010-05-13,Brisbane,11.3,24.4,0.2,6.6,9.9,WNW,24.000000000000004,SSW,WNW,6.0,9.0,46.0,24.0,1019.5999999999999,1014.9,0.0,1.0,18.1,23.8,No,No
2010-05-14,Brisbane,9.7,25.3,0.0,2.6,10.0,WSW,20.0,WSW,SSW,6.0,4.0,46.0,25.0,1017.5,1012.9,0.0,1.0,16.0,24.6,No,No
2010-05-15,Brisbane,9.9,25.1,0.0,2.4,10.1,WSW,19.0,SW,SW,7.0,4.0,56.0,29.0,1016.6,1013.3,1.0,3.0,15.8,25.0,No,No
2010-05-16,Brisbane,12.8,20.6,0.0,2.8,0.0,SW,13.0,SSW,W,6.0,4.0,73.0,56.0,1019.1,1016.5,8.0,8.0,15.0,19.8,No,No
2010-05-17,Brisbane,12.5,20.8,0.0,1.8,1.3,SSW,19.0,SW,SW,4.0,6.0,76.0,63.00000000000001,1018.1,1014.9,7.0,7.0,15.6,19.9,No,No
2010-05-18,Brisbane,10.7,23.5,0.0,1.4,9.6,W,19.0,SW,W,6.0,6.0,63.0,38.0,1016.2,1012.9,1.0,2.0,17.0,23.1,No,No
2010-05-19,Brisbane,11.2,24.4,0.0,2.8,9.1,WSW,19.0,SW,ESE,9.0,4.0,56.0,48.0,1018.2,1016.2,1.0,3.0,17.9,23.3,No,No
2010-05-20,Brisbane,12.400000000000002,23.4,0.0,2.6,6.8,ESE,19.0,S,ESE,6.0,6.0,65.0,56.0,1020.8,1017.9,6.0,7.0,19.4,22.4,No,Yes
2010-05-21,Brisbane,16.4,19.7,4.0,2.8,0.1,SW,37.0,SW,S,4.0,6.0,90.99999999999999,81.0,1019.3000000000001,1015.3,8.0,7.0,16.5,19.4,Yes,Yes
2010-05-22,Brisbane,11.9,23.7,18.6,1.8,10.0,WSW,19.0,SW,S,6.0,6.0,80.0,40.0,1017.3,1014.6,1.0,2.0,15.8,23.2,Yes,No
2010-05-23,Brisbane,11.5,22.5,0.0,2.8,5.6,S,26.0,SW,SSE,6.0,7.000000000000001,65.0,59.0,1018.9,1016.8,1.0,7.0,18.1,21.1,No,No
2010-05-24,Brisbane,16.0,23.4,0.0,2.0,2.5,ENE,20.0,SW,E,4.0,9.0,74.0,56.99999999999999,1019.5,1015.6,7.0,7.0,18.3,21.9,No,Yes
2010-05-25,Brisbane,16.4,21.5,3.6000000000000005,3.0,0.1,NNW,13.0,SW,NW,2.0,2.0,88.0,75.0,1013.3,1008.6,8.0,7.0,17.5,21.0,Yes,No
2010-05-26,Brisbane,13.699999999999998,23.1,0.0,1.8,9.3,W,41.0,W,WSW,13.0,13.0,63.0,42.0,1007.0,1005.0,1.0,5.0,21.5,21.2,No,No
2010-05-27,Brisbane,14.5,23.9,0.0,4.0,6.5,SSW,30.0,W,SSE,11.0,7.000000000000001,56.0,62.0,1012.5,1012.0,1.0,7.0,19.3,21.4,No,No
2010-05-28,Brisbane,13.699999999999998,22.3,0.0,3.2,4.5,E,24.000000000000004,SW,E,6.0,13.0,74.0,76.0,1019.4,1017.2,6.0,7.0,18.1,19.4,No,Yes
2010-05-29,Brisbane,17.1,21.0,6.4,1.8,0.4,WNW,28.0,NW,W,4.0,14.999999999999998,92.0,69.0,1013.2,1009.3,8.0,7.0,19.3,19.2,Yes,Yes
2010-05-30,Brisbane,11.6,19.8,2.8,1.6,9.6,W,37.0,WNW,W,13.0,14.999999999999998,55.0,42.0,1011.2,1008.7,1.0,2.0,17.6,19.4,Yes,No
2010-05-31,Brisbane,13.3,21.5,0.0,4.0,9.0,W,39.0,W,W,13.0,13.0,63.0,47.0,1013.3,1010.7,1.0,2.0,16.6,20.6,No,No
2010-06-01,Brisbane,11.8,22.4,0.0,2.6,5.2,W,19.0,SW,WSW,7.0,4.0,60.0,61.0,1017.0,1014.8,1.0,7.0,18.4,20.9,No,No
2010-06-02,Brisbane,15.799999999999999,20.3,0.4,2.2,0.0,WSW,20.0,SW,SW,6.0,6.0,84.0,77.0,1017.0,1014.8,8.0,7.0,17.6,19.4,No,No
2010-06-03,Brisbane,16.1,23.3,0.0,1.8,8.6,W,24.000000000000004,SW,SW,9.0,7.000000000000001,70.0,55.0,1016.8,1014.0,2.0,5.0,18.8,21.6,No,No
2010-06-04,Brisbane,10.4,21.9,0.0,2.4,10.0,W,35.0,W,W,4.0,13.0,63.0,49.00000000000001,1013.3,1009.6,1.0,1.0,17.7,21.2,No,No
2010-06-05,Brisbane,15.6,25.2,0.0,3.4,9.6,WSW,26.0,SW,W,7.0,9.0,57.0,43.0,1010.4,1008.4,1.0,1.0,19.5,24.4,No,No
2010-06-06,Brisbane,13.3,22.5,0.0,4.2,9.5,W,31.0,SSE,W,2.0,13.0,55.0,32.0,1014.1,1012.5,1.0,1.0,18.1,21.9,No,No
2010-06-07,Brisbane,10.3,22.3,0.0,6.2,6.3,SW,19.0,SW,SSW,7.0,4.0,51.0,50.0,1020.6,1018.7,2.0,7.0,16.2,20.7,No,No
2010-06-08,Brisbane,11.5,22.8,0.0,2.0,5.4,SSE,17.0,SSW,ESE,6.0,7.000000000000001,67.0,58.0,1022.4,1018.6,5.0,6.0,17.0,20.1,No,No
2010-06-09,Brisbane,12.5,23.9,0.0,1.2,7.4,W,26.0,WSW,WNW,2.0,7.000000000000001,78.0,53.0,1018.6,1012.7,7.0,7.0,15.8,22.2,No,No
2010-06-10,Brisbane,9.5,19.4,0.0,4.0,4.9,W,33.0,W,WSW,11.0,9.0,44.0,35.0,1019.4,1017.0,3.0,7.0,14.9,18.9,No,No
2010-06-11,Brisbane,11.5,21.3,0.0,3.6,4.5,WSW,17.0,SW,NW,4.0,4.0,60.0,45.0,1021.7,1017.6,8.0,1.0,13.0,21.1,No,No
2010-06-12,Brisbane,9.0,19.7,0.0,2.4,10.0,W,22.0,SW,WNW,7.0,9.0,47.0,33.0,1020.0,1017.9,1.0,1.0,13.799999999999999,18.9,No,No
2010-06-13,Brisbane,8.7,21.6,0.0,2.8,6.5,ESE,28.0,SW,SE,7.0,11.0,55.0,52.0,1025.5,1024.0,7.0,7.0,14.499999999999998,19.8,No,No
2010-06-14,Brisbane,12.3,21.9,0.0,1.6,6.4,E,33.0,SW,ESE,4.0,13.0,78.0,53.0,1029.4,1027.0,7.0,3.0,15.199999999999998,20.8,No,No
2010-06-15,Brisbane,12.900000000000002,22.1,0.0,3.4,7.0,SE,31.0,SSW,SE,6.0,14.999999999999998,71.0,46.00000000000001,1029.1,1025.5,6.0,2.0,17.1,21.1,No,No
2010-06-16,Brisbane,13.199999999999998,21.3,0.0,3.4,1.6,SSE,22.0,SW,E,6.0,9.0,65.0,47.0,1027.2,1023.9000000000001,6.0,7.0,17.3,20.4,No,No
2010-06-17,Brisbane,10.8,22.4,0.0,2.8,4.8,SW,15.0,SW,NE,4.0,4.0,71.0,55.0,1023.1,1018.7,6.0,7.0,15.5,21.7,No,No
2010-06-18,Brisbane,14.799999999999999,20.4,0.0,1.2,0.6,SSW,15.0,WSW,NW,2.0,4.0,80.99999999999999,63.00000000000001,1018.9,1015.5,7.0,8.0,16.9,20.1,No,No
2010-06-19,Brisbane,15.6,22.3,0.0,1.4,4.4,SW,17.0,SW,W,4.0,4.0,66.0,34.0,1019.7,1018.0,6.0,2.0,16.5,21.9,No,No
2010-06-20,Brisbane,9.4,23.0,0.0,2.2,10.0,WSW,17.0,WSW,ENE,6.0,6.0,58.00000000000001,46.00000000000001,1025.3,1023.3,1.0,1.0,14.599999999999998,21.8,No,No
2010-06-21,Brisbane,9.8,22.1,0.0,2.6,9.7,ESE,20.0,SW,SE,7.0,9.0,70.0,48.0,1029.5,1027.5,1.0,1.0,14.3,21.9,No,No
2010-06-24,Brisbane,12.5,22.1,4.4,1.8,8.1,E,26.0,SW,E,6.0,11.0,76.0,59.0,1028.8,1025.2,4.0,3.0,16.3,20.4,Yes,No
2010-06-25,Brisbane,9.9,21.7,0.0,3.4,5.9,SE,17.0,SW,E,4.0,4.0,72.0,61.0,1027.1,1023.6,1.0,3.0,15.3,20.1,No,No
2010-06-26,Brisbane,12.5,21.3,0.0,2.4,5.3,NNE,17.0,SSW,ENE,4.0,6.0,92.0,67.0,1023.5,1019.3,7.0,4.0,14.3,20.6,No,No
2010-06-29,Brisbane,8.2,16.0,0.0,2.2,0.6,WSW,22.0,SW,W,4.0,6.0,50.0,34.0,1020.7,1018.6,6.0,6.0,12.2,15.9,No,No
2010-06-30,Brisbane,7.5,18.8,0.8,0.2,1.4,SW,13.0,SW,NNE,2.0,4.0,90.0,73.0,1021.2,1018.5,8.0,7.0,11.2,18.1,No,Yes
2010-07-01,Brisbane,11.2,19.3,2.2,1.2,1.3,W,19.0,SSW,SW,6.0,2.0,52.0,52.0,1023.9,1022.1,7.0,7.0,13.799999999999999,18.2,Yes,No
2010-07-02,Brisbane,11.9,15.899999999999999,0.2,1.6,0.0,SW,13.0,SW,SW,4.0,2.0,74.0,69.0,1026.2,1023.3,8.0,8.0,13.2,15.7,No,Yes
2010-07-03,Brisbane,12.400000000000002,18.9,8.6,0.4,9.2,W,31.0,WSW,W,9.0,13.0,68.0,39.0,1025.2,1022.7,4.0,1.0,13.2,17.9,Yes,No
2010-07-04,Brisbane,6.700000000000001,21.3,0.0,5.0,9.6,SW,19.0,SW,SE,6.0,7.000000000000001,59.0,46.00000000000001,1027.6,1023.6,1.0,2.0,12.4,20.3,No,No
2010-07-05,Brisbane,11.9,22.6,0.0,3.2,8.6,SSE,20.0,SSW,E,6.0,7.000000000000001,65.0,50.0,1025.0,1020.8,3.0,3.0,16.0,20.9,No,No
2010-07-06,Brisbane,13.3,22.5,0.0,2.2,2.9,W,26.0,SSW,W,2.0,11.0,67.0,62.0,1020.1999999999999,1015.7,6.0,7.0,17.8,20.9,No,No
2010-07-07,Brisbane,13.5,16.9,0.0,3.6,0.0,W,28.0,W,SW,9.0,6.0,55.0,45.0,1020.8,1018.3,7.0,8.0,14.399999999999999,16.1,No,No
2010-07-08,Brisbane,12.6,21.2,0.4,2.6,3.5,SSE,28.0,SW,SE,7.0,13.0,74.0,51.0,1020.9,1017.9,7.0,7.0,15.5,20.2,No,No
2010-07-09,Brisbane,13.199999999999998,22.2,0.0,2.8,7.6,SSE,39.0,SW,SE,7.0,16.999999999999996,62.0,56.0,1022.9,1021.4999999999999,2.0,5.0,17.8,19.9,No,No
2010-07-10,Brisbane,12.8,22.5,0.0,3.4,4.5,E,28.0,WSW,ESE,4.0,11.0,75.0,58.0,1027.3,1023.3999999999999,7.0,3.0,15.4,20.9,No,No
2010-07-11,Brisbane,11.6,21.3,0.0,2.6,2.2,E,15.0,SW,ENE,6.0,2.0,80.0,59.0,1026.6,1023.3999999999999,7.0,7.0,14.399999999999999,20.7,No,No
2010-07-12,Brisbane,11.6,23.6,0.0,1.6,9.9,ESE,17.0,SW,NE,4.0,7.000000000000001,83.0,51.0,1024.2,1020.6,1.0,1.0,15.5,22.4,No,No
2010-07-13,Brisbane,11.6,23.9,0.0,1.6,9.8,N,20.0,SW,NE,2.0,9.0,78.0,53.0,1023.0,1018.8,1.0,7.0,16.8,22.0,No,No
2010-07-14,Brisbane,12.6,22.8,0.0,2.8,6.700000000000001,W,46.0,N,W,6.0,13.0,66.0,45.0,1017.8,1015.7,4.0,4.0,20.2,20.0,No,No
2010-07-18,Brisbane,8.1,23.6,0.0,3.7999999999999994,9.9,NNE,13.0,SW,NNE,4.0,4.0,71.0,33.0,1025.5,1021.0,1.0,1.0,13.400000000000002,22.9,No,No
2010-07-21,Brisbane,10.9,20.3,0.0,3.4,5.8,S,17.0,SW,SSE,6.0,6.0,65.0,44.0,1022.5,1019.6,6.0,7.0,14.8,19.1,No,No
2010-07-22,Brisbane,9.0,21.4,0.0,3.6,10.0,S,24.000000000000004,SW,SSE,7.0,7.000000000000001,60.0,26.0,1025.4,1022.9,1.0,2.0,14.399999999999999,20.4,No,No
2010-07-23,Brisbane,8.3,21.5,0.0,2.8,9.8,SE,26.0,SW,SE,6.0,9.0,55.0,49.00000000000001,1028.3,1025.7,1.0,3.0,14.699999999999998,19.6,No,No
2010-07-24,Brisbane,11.6,21.4,0.0,3.6,2.2,SE,22.0,SW,SE,6.0,9.0,69.0,56.99999999999999,1027.8,1024.4,6.0,7.0,15.1,20.2,No,No
2010-07-26,Brisbane,14.400000000000002,21.4,2.0,1.8,4.8,SE,24.000000000000004,SSW,ESE,6.0,9.0,80.99999999999999,60.00000000000001,1029.5,1027.3,7.0,7.0,16.3,20.3,Yes,No
2010-07-27,Brisbane,13.1,20.7,0.2,3.6,2.2,ESE,30.0,SSW,ESE,4.0,9.0,67.0,74.0,1030.9,1027.5,7.0,7.0,17.6,19.0,No,Yes
2010-07-28,Brisbane,14.900000000000002,23.2,5.2,1.2,5.1,NE,28.0,SW,NNE,4.0,11.0,84.0,64.0,1026.5,1022.1,7.0,7.0,18.2,21.6,Yes,Yes
2010-07-29,Brisbane,17.0,23.9,8.0,2.6,4.2,NE,15.0,W,NNE,6.0,6.0,85.99999999999999,73.0,1022.6,1018.7,6.0,7.0,19.1,22.3,Yes,No
2010-07-30,Brisbane,15.299999999999999,26.4,0.0,0.2,8.0,NE,20.0,SW,NE,2.0,9.0,95.0,61.0,1021.1,1017.5,8.0,1.0,17.5,24.3,No,No
2010-07-31,Brisbane,16.3,26.800000000000004,0.0,2.6,5.5,WNW,37.0,NNE,WNW,4.0,9.0,69.0,58.0,1019.1,1016.4,1.0,7.0,22.6,25.4,No,No
2010-08-01,Brisbane,13.900000000000002,24.0,0.0,5.0,8.0,W,26.0,SW,W,6.0,9.0,58.00000000000001,38.0,1023.9,1019.2,6.0,1.0,19.3,23.6,No,No
2010-08-02,Brisbane,12.5,20.4,0.0,4.6,10.2,W,35.0,W,W,11.0,19.0,44.0,26.999999999999996,1021.2,1016.0,1.0,0.0,16.3,19.9,No,No
2010-08-03,Brisbane,10.2,20.7,0.0,9.2,10.2,W,39.0,W,W,17.0,13.0,54.0,38.0,1014.9,1012.2,1.0,1.0,13.799999999999999,20.2,No,No
2010-08-04,Brisbane,9.2,22.7,0.0,3.4,10.2,WSW,20.0,WSW,SE,6.0,2.0,53.00000000000001,28.0,1019.5999999999999,1016.4,0.0,1.0,16.0,22.6,No,No
2010-08-05,Brisbane,8.8,22.5,0.0,4.6,5.9,E,19.0,SW,NE,6.0,6.0,70.0,45.0,1020.1999999999999,1015.8,6.0,7.0,12.800000000000002,20.9,No,No
2010-08-06,Brisbane,12.7,22.4,0.0,2.6,9.9,W,28.0,WSW,WSW,9.0,7.000000000000001,53.00000000000001,20.000000000000004,1019.3000000000001,1015.9,3.0,1.0,17.1,22.1,No,No
2010-08-07,Brisbane,8.1,20.1,0.0,4.8,10.0,E,20.0,WSW,E,7.0,11.0,47.0,29.0,1023.1,1019.6,1.0,1.0,14.699999999999998,18.9,No,No
2010-08-08,Brisbane,6.599999999999999,22.2,0.0,4.0,10.1,ENE,19.0,SW,NE,6.0,9.0,58.00000000000001,37.0,1022.4,1018.3,1.0,1.0,13.400000000000002,21.4,No,No
2010-08-09,Brisbane,9.6,23.1,0.0,3.6,4.2,ENE,28.0,WSW,NE,4.0,7.000000000000001,70.0,52.0,1023.6,1020.6,6.0,6.0,14.200000000000001,21.4,No,Yes
2010-08-10,Brisbane,14.1,19.7,2.8,1.4,0.0,E,31.0,NNE,NNE,4.0,4.0,92.0,93.0,1020.8,1017.0,7.0,8.0,17.9,19.3,Yes,Yes
2010-08-11,Brisbane,16.1,19.0,78.0,8.4,2.1,W,28.0,NW,W,2.0,9.0,89.0,51.0,1014.7,1011.1,8.0,7.0,16.9,17.7,Yes,No
2010-08-12,Brisbane,12.5,19.6,0.0,4.8,10.0,W,65.0,W,W,19.0,28.000000000000004,53.00000000000001,33.0,1012.2,1008.2,1.0,1.0,15.1,19.0,No,No
2010-08-13,Brisbane,10.4,20.5,0.2,6.6,10.1,W,33.0,WSW,W,17.0,9.0,51.0,35.0,1013.6,1011.5,1.0,0.0,13.799999999999999,19.9,No,No
2010-08-14,Brisbane,6.1,22.2,0.0,5.0,10.2,NE,26.0,SSE,NE,2.0,9.0,61.0,45.0,1018.8,1014.9,0.0,0.0,14.3,20.9,No,No
2010-08-16,Brisbane,7.599999999999999,23.5,0.0,5.2,10.7,W,37.0,WSW,WNW,6.0,13.0,42.0,30.000000000000004,1017.5,1013.8,1.0,1.0,17.9,23.1,No,No
2010-08-17,Brisbane,10.2,21.9,0.0,6.2,10.7,E,22.0,SW,ESE,7.0,9.0,47.0,45.0,1021.7,1019.2,1.0,1.0,16.7,20.6,No,No
2010-08-18,Brisbane,9.5,23.4,0.0,4.0,10.5,E,22.0,SW,NE,6.0,7.000000000000001,65.0,46.00000000000001,1023.4,1018.9,1.0,1.0,16.0,22.1,No,No
2010-08-19,Brisbane,11.7,27.8,0.0,4.4,10.0,W,22.0,SSW,NE,4.0,9.0,68.0,53.99999999999999,1017.9,1013.3,1.0,1.0,19.6,25.8,No,Yes
2010-08-20,Brisbane,17.5,18.1,8.6,1.8,0.0,SSW,19.0,WNW,N,6.0,4.0,85.0,86.0,1017.8,1013.8,8.0,8.0,18.1,17.1,Yes,Yes
2010-08-21,Brisbane,6.9,21.8,4.6,3.2,10.8,W,31.0,SW,W,6.0,7.000000000000001,50.0,34.0,1020.0,1016.5,1.0,0.0,16.0,21.8,Yes,No
2010-08-22,Brisbane,8.1,22.3,0.0,3.7999999999999994,10.6,E,17.0,SW,ENE,7.0,9.0,46.0,42.0,1023.0,1019.2,0.0,1.0,15.199999999999998,21.5,No,No
2010-08-24,Brisbane,14.0,21.1,10.2,1.0,6.6,WNW,37.0,W,WNW,15.0,19.999999999999996,58.00000000000001,45.0,1015.0,1012.5,2.0,7.0,17.9,18.8,Yes,No
2010-08-25,Brisbane,15.0,18.6,0.2,5.6,0.0,W,35.0,W,WNW,9.0,9.0,61.0,53.0,1013.8,1010.4,8.0,8.0,15.4,18.3,No,No
2010-08-26,Brisbane,14.1,20.8,0.0,4.0,7.0,WNW,43.0,W,W,9.0,14.999999999999998,59.0,33.0,1013.0,1008.6,7.0,2.0,14.9,20.7,No,No
2010-08-27,Brisbane,10.3,22.4,0.0,5.0,10.8,W,41.0,WSW,W,11.0,14.999999999999998,42.99999999999999,31.0,1016.1,1013.3,1.0,0.0,17.5,21.5,No,No
2010-08-28,Brisbane,7.3999999999999995,23.7,0.0,6.4,9.9,ENE,17.0,SW,ENE,6.0,11.0,50.0,37.0,1021.7,1018.6,6.0,4.0,17.6,21.6,No,No
2010-08-29,Brisbane,12.3,22.4,0.0,4.0,7.4,ESE,28.0,WSW,E,4.0,13.0,58.00000000000001,46.00000000000001,1026.4,1023.3,3.0,5.0,17.7,20.9,No,No
2010-08-30,Brisbane,10.7,23.2,0.0,4.0,8.4,E,22.0,SW,ENE,7.0,11.0,62.0,49.00000000000001,1026.3,1022.5999999999999,1.0,7.0,17.6,20.0,No,No
2010-08-31,Brisbane,11.4,24.2,0.0,4.0,10.7,ENE,19.0,SW,NE,6.0,9.0,63.0,46.00000000000001,1026.1,1022.9999999999999,1.0,2.0,17.7,22.0,No,No
2010-09-01,Brisbane,12.1,24.8,0.0,3.6,9.9,NE,26.0,WSW,NE,4.0,13.0,63.0,52.0,1024.4,1019.4,1.0,4.0,19.0,22.9,No,No
2010-09-02,Brisbane,11.8,28.4,0.0,4.0,10.5,NNE,20.0,NE,N,4.0,7.000000000000001,59.0,35.0,1021.2,1016.0,0.0,1.0,21.0,28.099999999999998,No,No
2010-09-03,Brisbane,15.199999999999998,27.1,0.0,4.4,9.6,E,37.0,SSW,ESE,4.0,11.0,57.0,62.0,1020.1999999999999,1018.7,4.0,1.0,23.0,25.0,No,No
2010-09-04,Brisbane,18.5,25.7,0.0,4.0,9.8,NE,39.0,N,NNE,7.0,16.999999999999996,74.0,65.0,1021.3,1016.7,4.0,3.0,22.399999999999995,24.5,No,Yes
2010-09-06,Brisbane,17.3,25.1,26.8,2.0,6.1,NE,17.0,SW,W,4.0,6.0,78.0,42.0,1020.3,1017.0,7.0,4.0,19.6,24.4,Yes,No
2010-09-07,Brisbane,11.9,25.4,0.0,4.0,10.8,SSW,19.0,WSW,WSW,7.0,4.0,51.0,31.0,1023.4,1019.5,1.0,1.0,18.8,25.1,No,No
2010-09-08,Brisbane,11.6,23.8,0.0,4.0,10.2,ESE,39.0,SW,ESE,6.0,11.0,62.0,56.99999999999999,1024.4,1020.6,5.0,2.0,17.9,22.6,No,No
2010-09-09,Brisbane,14.1,25.4,0.0,3.2,9.8,NNE,26.0,WSW,NNE,4.0,11.0,66.0,60.00000000000001,1020.8,1015.2,1.0,3.0,20.2,23.6,No,No
2010-09-10,Brisbane,18.7,24.1,0.0,7.0,0.9,WNW,30.0,N,NW,4.0,7.000000000000001,67.0,67.0,1010.7999999999998,1008.2,7.0,7.0,22.3,24.0,No,Yes
2010-09-11,Brisbane,12.2,25.3,3.2,1.8,11.1,W,22.0,SW,ENE,4.0,13.0,40.0,34.0,1017.8,1016.2,0.0,1.0,20.5,22.8,Yes,No
2010-09-12,Brisbane,12.5,23.6,0.0,5.8,9.5,ENE,20.0,SSW,ENE,2.0,9.0,55.0,53.0,1022.5,1019.4,2.0,1.0,20.0,21.4,No,No
2010-09-14,Brisbane,16.1,25.1,0.0,4.8,4.4,NE,20.0,SSW,ENE,2.0,9.0,70.0,69.0,1016.2,1011.9,6.0,7.0,22.7,23.7,No,No
2010-09-15,Brisbane,17.9,26.1,0.4,4.0,10.7,W,52.0,W,WSW,17.0,14.999999999999998,40.0,32.0,1012.7,1011.1,2.0,1.0,21.4,25.7,No,No
2010-09-16,Brisbane,13.400000000000002,23.9,0.0,10.2,2.5,WNW,30.0,WSW,WNW,6.0,9.0,49.0,35.0,1018.5,1014.6,6.0,7.0,18.4,22.7,No,No
2010-09-17,Brisbane,15.700000000000001,21.9,0.0,6.8,1.0,WNW,24.000000000000004,WSW,E,9.0,6.0,40.0,39.0,1020.1,1019.4,8.0,8.0,19.0,19.8,No,No
2010-09-18,Brisbane,13.0,24.1,0.0,3.2,3.6,W,24.000000000000004,SW,WSW,4.0,9.0,53.00000000000001,26.999999999999996,1019.9000000000001,1015.9,7.0,8.0,17.3,22.1,No,No
2010-09-19,Brisbane,16.0,21.0,0.0,3.6,0.4,SSE,17.0,SW,SSE,4.0,7.000000000000001,55.0,41.0,1020.7,1018.7,8.0,8.0,17.0,20.4,No,Yes
2010-09-20,Brisbane,13.1,19.7,8.6,1.2,0.0,SSE,15.0,SW,SSE,2.0,2.0,92.0,91.0,1021.4,1018.5,8.0,8.0,15.0,19.3,Yes,Yes
2010-09-21,Brisbane,15.0,24.4,22.4,0.0,0.4,W,19.0,SSW,W,6.0,7.000000000000001,93.0,78.0,1021.1,1018.7,7.0,7.0,18.1,22.8,Yes,No
2010-09-22,Brisbane,17.2,24.0,0.0,3.0,4.5,E,28.0,SE,ESE,7.0,6.0,79.0,79.0,1024.2,1022.1,7.0,8.0,20.9,19.9,No,No
2010-09-23,Brisbane,15.1,25.1,0.0,3.2,5.9,ENE,19.0,W,NNE,4.0,9.0,76.0,58.0,1022.8,1019.9,7.0,5.0,19.3,23.6,No,No
2010-09-24,Brisbane,17.2,25.5,0.2,3.6,6.0,ENE,19.0,ENE,NE,2.0,7.000000000000001,64.0,60.00000000000001,1023.2,1020.1,7.0,7.0,22.3,23.0,No,Yes
2010-09-26,Brisbane,13.900000000000002,26.6,5.4,3.0,5.9,E,19.0,NE,ENE,2.0,7.000000000000001,64.0,62.0,1019.8,1016.8,7.0,7.0,22.1,24.4,Yes,No
2010-09-27,Brisbane,16.4,27.8,0.2,3.7999999999999994,10.0,N,24.000000000000004,WSW,NNE,2.0,7.000000000000001,68.0,60.00000000000001,1018.9,1014.1,3.0,3.0,23.4,25.2,No,No
2010-09-29,Brisbane,18.2,28.099999999999998,31.399999999999995,4.4,5.6,SE,26.0,SW,E,7.0,7.000000000000001,77.0,71.0,1012.5,1010.9,6.0,6.0,22.9,23.0,Yes,No
2010-09-30,Brisbane,16.5,21.9,0.4,3.7999999999999994,5.7,SE,35.0,S,ESE,9.0,16.999999999999996,59.0,53.99999999999999,1020.9,1020.6,6.0,5.0,21.3,21.0,No,No
2010-10-01,Brisbane,14.199999999999998,21.9,0.0,3.7999999999999994,0.7,SE,28.0,SE,ESE,9.0,9.0,60.0,53.0,1026.2,1023.6999999999999,7.0,7.0,19.4,20.2,No,Yes
2010-10-02,Brisbane,14.799999999999999,21.1,3.4,3.7999999999999994,2.5,SE,26.0,SSE,ESE,6.0,7.000000000000001,73.0,79.0,1026.3,1022.4000000000001,7.0,8.0,19.6,19.3,Yes,Yes
2010-10-03,Brisbane,16.5,23.5,6.6,3.2,0.0,SE,17.0,SW,ESE,2.0,7.000000000000001,90.99999999999999,82.0,1023.8,1020.1,8.0,8.0,18.3,20.9,Yes,Yes
2010-10-04,Brisbane,17.3,28.099999999999998,2.0,0.4,11.4,S,22.0,SW,NNE,7.0,6.0,65.0,61.0,1017.9,1013.6,1.0,4.0,23.3,26.100000000000005,Yes,Yes
2010-10-05,Brisbane,17.2,28.3,2.2,3.6,10.0,SE,24.000000000000004,SW,SW,7.0,4.0,65.0,50.0,1017.1,1014.2,2.0,6.0,23.8,27.300000000000004,Yes,No
2010-10-06,Brisbane,18.5,29.399999999999995,0.0,6.6,11.4,ENE,22.0,WSW,ENE,7.0,13.0,59.0,56.0,1018.4,1014.8,2.0,5.0,23.9,26.4,No,No
2010-10-07,Brisbane,17.7,29.9,0.0,5.6,8.1,NE,19.0,NW,NE,4.0,7.000000000000001,66.0,59.0,1017.5,1013.1,4.0,7.0,24.5,27.300000000000004,No,Yes
2010-10-08,Brisbane,18.5,22.6,53.99999999999999,4.2,0.0,SE,43.0,SSW,SE,4.0,11.0,85.0,81.0,1019.1,1017.1,8.0,8.0,21.3,21.1,Yes,Yes
2010-10-09,Brisbane,16.9,19.3,23.4,1.2,0.0,SSE,33.0,SSE,SSE,6.0,13.0,85.99999999999999,86.0,1021.6,1019.8,8.0,8.0,18.8,17.6,Yes,Yes
2010-10-10,Brisbane,16.0,19.6,8.0,2.0,0.0,SE,44.0,S,SE,9.0,16.999999999999996,89.0,89.0,1023.0,1021.7,8.0,8.0,17.9,17.7,Yes,Yes
2010-10-11,Brisbane,15.1,22.2,93.6,13.0,0.0,E,37.0,ESE,SE,11.0,11.0,90.0,89.0,1026.2,1024.8,8.0,8.0,19.1,19.6,Yes,Yes
2010-10-12,Brisbane,17.4,22.9,22.4,1.6,2.4,ENE,37.0,ESE,E,11.0,16.999999999999996,72.0,60.00000000000001,1027.9,1024.4,8.0,7.0,20.1,22.6,Yes,Yes
2010-10-13,Brisbane,14.799999999999999,23.9,4.2,3.4,6.6,E,31.0,ENE,ENE,13.0,9.0,48.00000000000001,53.0,1022.7,1019.1,5.0,7.0,22.5,21.9,Yes,No
2010-10-14,Brisbane,14.799999999999999,25.6,0.2,7.0,5.6,NNE,22.0,NNW,NE,4.0,9.0,62.0,66.0,1017.7,1013.6,5.0,7.0,22.5,23.2,No,No
2010-10-15,Brisbane,18.5,25.3,0.0,3.0,0.0,NNE,41.0,N,NNE,6.0,11.0,71.0,81.0,1011.1,1005.4,8.0,8.0,22.399999999999995,22.3,No,Yes
2010-10-16,Brisbane,14.6,20.8,22.2,4.8,10.3,W,54.0,W,W,26.0,19.999999999999996,48.00000000000001,36.0,1008.3,1007.1,1.0,1.0,16.3,20.2,Yes,No
2010-10-17,Brisbane,9.7,22.2,0.0,9.6,12.3,W,26.0,SW,NNE,7.0,6.0,38.0,35.0,1016.4,1013.1,0.0,0.0,16.7,21.5,No,No
2010-10-18,Brisbane,11.0,23.7,0.0,8.6,12.3,E,20.0,WNW,ENE,4.0,7.000000000000001,59.0,40.0,1020.5000000000001,1017.5,1.0,1.0,19.4,22.6,No,No
2010-10-19,Brisbane,12.900000000000002,26.7,0.0,4.8,11.7,ESE,31.0,SSW,ESE,4.0,14.999999999999998,57.0,45.0,1022.1,1019.8,1.0,1.0,22.2,25.2,No,No
2010-10-20,Brisbane,16.3,22.2,0.8,6.4,4.7,SE,31.0,SSE,E,4.0,7.000000000000001,87.0,78.0,1026.5,1024.2,5.0,7.0,19.4,19.9,No,Yes
2010-10-21,Brisbane,15.799999999999999,22.6,1.6,4.0,3.4,E,24.000000000000004,E,E,11.0,9.0,52.0,52.0,1025.9,1022.1999999999999,7.0,7.0,21.8,21.2,Yes,No
2010-10-22,Brisbane,13.0,25.4,0.0,3.0,11.7,E,22.0,SSE,E,4.0,11.0,55.0,47.0,1023.2,1019.0,3.0,2.0,22.0,24.2,No,No
2010-10-23,Brisbane,14.900000000000002,26.6,0.0,5.8,12.0,ENE,22.0,NE,NE,4.0,9.0,59.0,51.0,1020.3,1015.9,2.0,1.0,22.3,25.2,No,No
2010-10-24,Brisbane,15.9,27.1,0.0,5.4,10.1,NNE,30.0,NNE,NE,7.0,9.0,58.00000000000001,51.0,1018.2,1014.1,2.0,3.0,24.5,25.600000000000005,No,Yes
2010-10-26,Brisbane,18.1,26.4,0.0,4.8,7.6,ENE,20.0,E,ENE,6.0,9.0,66.0,63.00000000000001,1019.0,1015.3,7.0,3.0,23.0,24.7,No,No
2010-10-27,Brisbane,19.5,28.0,0.4,3.6,10.1,ENE,24.000000000000004,WSW,NE,6.0,13.0,65.0,56.99999999999999,1017.1,1013.6,3.0,2.0,24.3,25.5,No,No
2010-10-28,Brisbane,18.3,27.399999999999995,0.2,6.2,8.3,SE,33.0,S,ESE,4.0,13.0,61.0,88.0,1017.0,1015.8,4.0,7.0,25.4,19.2,No,Yes
2010-10-29,Brisbane,16.9,26.499999999999996,26.8,7.0,11.7,E,26.0,ESE,ENE,9.0,11.0,58.00000000000001,51.0,1018.6,1016.4,2.0,4.0,24.4,25.4,Yes,No
2010-10-30,Brisbane,16.6,26.499999999999996,0.0,4.6,11.7,ENE,26.0,ENE,ENE,9.0,9.0,56.0,56.0,1019.0,1016.0,3.0,6.0,23.9,24.2,No,No
2010-10-31,Brisbane,15.799999999999999,25.7,0.0,6.0,6.2,NNE,19.0,SE,ENE,2.0,6.0,63.0,56.99999999999999,1017.3,1014.3,7.0,5.0,22.5,25.0,No,No
2010-11-01,Brisbane,16.4,23.3,0.0,4.2,0.3,NNW,15.0,E,N,6.0,4.0,66.0,67.0,1015.5,1012.9,8.0,8.0,21.9,22.2,No,No
2010-11-02,Brisbane,18.1,27.399999999999995,0.2,3.2,12.8,WSW,35.0,W,WSW,6.0,9.0,54.0,30.000000000000004,1015.5,1011.9,3.0,1.0,22.6,27.300000000000004,No,No
2010-11-03,Brisbane,14.900000000000002,26.000000000000004,0.0,9.2,10.7,ESE,31.0,SSE,E,7.0,14.999999999999998,50.0,55.0,1018.1,1015.3,3.0,3.0,23.1,24.4,No,Yes
2010-11-04,Brisbane,19.1,22.6,6.2,5.2,0.0,E,28.0,WNW,N,4.0,2.0,89.0,79.0,1018.1,1015.3,8.0,8.0,19.4,20.2,Yes,Yes
2010-11-05,Brisbane,17.3,23.5,19.6,1.2,1.1,E,30.0,ESE,ESE,7.0,4.0,68.0,65.0,1016.0,1013.1,7.0,7.0,21.5,22.7,Yes,Yes
2010-11-06,Brisbane,16.6,27.399999999999995,2.6,3.0,12.2,SE,31.0,S,S,6.0,11.0,57.0,41.0,1016.8,1014.2,1.0,2.0,23.3,26.9,Yes,No
2010-11-07,Brisbane,18.2,26.4,0.0,5.2,10.9,E,30.0,SE,E,11.0,14.999999999999998,63.0,53.0,1019.5999999999999,1017.9,7.0,4.0,23.4,25.5,No,No
2010-11-08,Brisbane,19.0,26.2,0.0,7.0,2.8,E,24.000000000000004,ENE,ENE,11.0,13.0,63.0,61.0,1021.9,1020.3,8.0,7.0,24.2,24.3,No,No
2010-11-09,Brisbane,20.4,26.1,0.6,4.8,3.5,E,30.0,ENE,ENE,9.0,13.0,67.0,62.0,1024.8,1023.3,7.0,7.0,24.1,24.6,No,No
2010-11-10,Brisbane,16.7,26.4,0.8,5.6,8.8,N,26.0,ENE,ENE,11.0,11.0,55.0,56.99999999999999,1023.7,1020.3,4.0,7.0,25.0,24.8,No,No
2010-11-11,Brisbane,16.9,28.0,0.0,5.4,12.2,NE,26.0,NE,NE,2.0,11.0,55.0,65.0,1018.0,1014.5,4.0,5.0,25.1,25.5,No,No
2010-11-12,Brisbane,19.0,28.0,0.0,6.6,11.0,NE,28.0,NNE,NNE,7.0,11.0,71.0,55.0,1016.9,1015.0,5.0,4.0,24.6,25.7,No,No
2010-11-13,Brisbane,21.7,27.1,0.0,7.800000000000001,12.5,ENE,30.0,ENE,NE,15.0,11.0,58.00000000000001,56.0,1020.6,1019.0,4.0,3.0,25.7,26.100000000000005,No,No
2010-11-14,Brisbane,21.2,27.9,0.0,6.0,7.499999999999999,ENE,28.0,N,ENE,6.0,13.0,64.0,56.99999999999999,1020.7,1017.8,7.0,3.0,25.4,26.2,No,No
2010-11-15,Brisbane,17.7,28.199999999999996,0.2,5.6,12.4,NE,28.0,NE,NE,9.0,11.0,53.00000000000001,49.00000000000001,1016.9,1013.2,6.0,4.0,25.9,26.300000000000004,No,No
2010-11-16,Brisbane,21.3,27.8,0.0,8.4,8.4,ENE,31.0,N,NNE,6.0,9.0,57.0,59.0,1013.6,1010.3,7.0,5.0,26.100000000000005,26.600000000000005,No,No
2010-11-17,Brisbane,20.8,29.5,0.0,8.0,9.3,ENE,24.000000000000004,NW,NE,7.0,9.0,52.0,50.0,1013.6,1010.3,7.0,4.0,25.9,28.299999999999997,No,Yes
2010-11-18,Brisbane,20.6,25.2,5.2,8.0,3.0,SSE,17.0,SSW,SE,2.0,7.000000000000001,72.0,83.0,1013.7,1012.0,8.0,8.0,25.1,22.7,Yes,Yes
2010-11-19,Brisbane,18.3,27.5,9.4,2.4,1.7,SSE,33.0,WSW,ESE,6.0,11.0,79.0,65.0,1015.8,1015.0,8.0,7.0,22.5,25.600000000000005,Yes,No
2010-11-20,Brisbane,20.0,25.5,0.2,5.4,0.6,ESE,41.0,SE,SE,13.0,11.0,56.0,66.0,1021.7,1020.5,7.0,7.0,24.2,23.0,No,No
2010-11-21,Brisbane,18.2,25.1,1.0,5.0,1.7,E,33.0,S,ESE,4.0,11.0,70.0,49.00000000000001,1021.5,1020.2,8.0,8.0,23.7,24.9,No,Yes
2010-11-22,Brisbane,17.7,26.6,4.4,5.8,10.4,ESE,37.0,SSE,ESE,6.0,14.999999999999998,74.0,47.0,1021.4,1019.8,5.0,4.0,23.0,25.8,Yes,No
2010-11-23,Brisbane,16.6,26.6,0.2,9.4,10.4,E,41.0,E,E,22.0,16.999999999999996,44.0,47.0,1023.4,1022.0,6.0,6.0,25.0,25.4,No,No
2010-11-24,Brisbane,18.5,26.4,1.0,7.4,5.0,E,37.0,SE,ESE,15.0,13.0,65.0,47.0,1023.6,1021.4999999999999,7.0,6.0,22.399999999999995,25.600000000000005,No,No
2010-11-25,Brisbane,17.3,26.1,0.0,7.0,5.3,E,37.0,ESE,E,9.0,11.0,53.00000000000001,56.99999999999999,1021.4,1019.7,6.0,7.0,24.0,23.8,No,No
2010-11-26,Brisbane,19.1,27.399999999999995,0.2,5.2,7.1,E,33.0,E,ENE,6.0,14.999999999999998,68.0,50.0,1019.1,1016.4,7.0,7.0,22.8,25.7,No,Yes
2010-11-27,Brisbane,17.2,26.7,1.8000000000000003,7.0,10.2,E,33.0,ENE,ENE,17.0,13.0,54.0,50.0,1017.8,1015.0,4.0,2.0,25.3,25.600000000000005,Yes,No
2010-11-28,Brisbane,18.9,26.3,0.0,8.8,3.2,ENE,24.000000000000004,ENE,ENE,7.0,11.0,58.00000000000001,50.0,1015.3,1012.2,7.0,7.0,24.1,25.1,No,No
2010-11-29,Brisbane,17.6,28.0,0.0,6.6,11.0,ENE,28.0,ENE,NE,4.0,11.0,61.0,51.0,1012.7,1010.3,6.0,2.0,24.8,27.000000000000004,No,Yes
2010-11-30,Brisbane,19.4,27.299999999999997,4.2,6.8,8.1,E,31.0,NE,ENE,9.0,13.0,60.0,56.0,1012.8,1010.5,7.0,7.0,25.2,26.800000000000004,Yes,Yes
2010-12-01,Brisbane,21.5,25.5,3.7999999999999994,6.6,0.5,ENE,35.0,ENE,ENE,15.0,6.0,71.0,91.0,1013.8,1012.6,8.0,8.0,24.6,21.7,Yes,Yes
2010-12-02,Brisbane,19.5,26.900000000000002,58.60000000000001,6.4,0.5,NE,28.0,NNE,ENE,2.0,13.0,84.0,72.0,1016.8,1015.2,8.0,7.0,23.1,24.3,Yes,Yes
2010-12-03,Brisbane,20.2,24.9,1.2,4.4,0.0,ENE,30.0,SE,NE,4.0,11.0,77.0,70.0,1017.0,1013.3,8.0,8.0,22.8,23.7,Yes,No
2010-12-04,Brisbane,21.3,24.3,0.2,3.2,0.1,ENE,33.0,ENE,ENE,15.0,11.0,71.0,82.0,1011.3,1008.9,8.0,8.0,24.1,22.2,No,Yes
2010-12-05,Brisbane,19.6,26.1,50.6,4.2,1.2,E,28.0,SE,ENE,4.0,13.0,94.0,72.0,1010.4,1008.1,8.0,7.0,21.0,24.9,Yes,No
2010-12-06,Brisbane,20.3,26.4,0.8,0.8,2.1,ESE,30.0,SE,ESE,7.0,7.000000000000001,71.0,82.0,1010.9,1009.2,7.0,7.0,25.8,25.0,No,Yes
2010-12-07,Brisbane,20.9,28.3,8.4,3.2,8.7,E,37.0,SSE,E,9.0,9.0,75.0,84.0,1013.7,1012.1,7.0,5.0,25.8,24.8,Yes,Yes
2010-12-08,Brisbane,21.1,27.9,5.4,6.4,10.9,E,26.0,ENE,ENE,9.0,13.0,69.0,66.0,1016.8,1015.2,5.0,7.0,25.9,26.9,Yes,No
2010-12-09,Brisbane,21.6,28.9,0.0,6.2,11.4,NE,24.000000000000004,ENE,NE,9.0,11.0,65.0,62.0,1016.9,1014.2,3.0,1.0,26.9,27.799999999999997,No,No
2010-12-10,Brisbane,21.7,30.4,0.0,8.0,12.0,NE,31.0,NNW,NE,7.0,14.999999999999998,59.0,65.0,1013.0,1008.1,4.0,4.0,27.300000000000004,28.400000000000002,No,No
2010-12-11,Brisbane,24.1,30.7,0.0,7.2,3.7,W,48.00000000000001,N,SSW,7.0,6.0,65.0,89.0,1007.9,1004.9,6.0,7.0,28.299999999999997,25.4,No,Yes
2010-12-12,Brisbane,20.4,27.2,80.4,12.4,0.0,W,15.0,NW,NE,2.0,6.0,80.99999999999999,86.0,1008.8,1006.9,8.0,8.0,23.9,23.7,Yes,Yes
2010-12-13,Brisbane,22.0,30.199999999999996,1.6,2.0,9.2,ENE,30.0,SSW,E,2.0,13.0,67.0,62.0,1010.7999999999998,1008.8,7.0,1.0,27.200000000000003,28.699999999999996,Yes,No
2010-12-14,Brisbane,20.8,29.1,0.0,5.8,9.1,ESE,33.0,SSE,ESE,7.0,13.0,64.0,60.00000000000001,1011.8,1009.1,6.0,3.0,26.5,28.999999999999996,No,No
2010-12-15,Brisbane,20.5,32.1,0.2,5.8,12.4,NE,24.000000000000004,SW,ENE,4.0,11.0,62.0,55.0,1011.2,1006.8,1.0,2.0,27.000000000000004,29.199999999999996,No,No
2010-12-19,Brisbane,21.3,24.2,9.8,5.2,0.0,WSW,22.0,SW,S,4.0,6.0,72.0,90.0,1006.7,1005.2,7.0,8.0,22.6,19.0,Yes,Yes
2010-12-20,Brisbane,17.3,28.099999999999998,57.4,3.7999999999999994,12.3,W,48.00000000000001,W,W,17.0,24.0,64.0,31.0,1002.6,1003.6,7.0,1.0,24.1,27.200000000000003,Yes,No
2010-12-22,Brisbane,17.8,23.1,0.0,8.0,0.0,SE,24.000000000000004,SE,SW,7.0,4.0,75.0,88.0,1016.6,1015.5,7.0,8.0,22.1,20.6,No,Yes
2010-12-23,Brisbane,19.2,29.1,12.8,0.6,2.9,ESE,24.000000000000004,SW,E,6.0,9.0,87.0,65.0,1016.9,1014.8,8.0,7.0,21.8,27.999999999999996,Yes,No
2010-12-24,Brisbane,21.8,27.700000000000003,0.2,3.2,0.2,SSE,41.0,SE,ESE,15.0,11.0,71.0,81.0,1016.9,1015.3,7.0,8.0,26.800000000000004,25.2,No,Yes
2010-12-25,Brisbane,21.9,26.2,36.2,6.6,0.2,SSE,15.0,S,SSE,2.0,6.0,90.0,85.0,1014.8,1011.9,8.0,8.0,24.8,24.9,Yes,Yes
2010-12-27,Brisbane,21.6,26.6,60.2,0.6,0.0,W,33.0,N,SW,2.0,7.000000000000001,94.0,92.00000000000001,1002.2999999999998,1000.1,8.0,8.0,24.2,21.4,Yes,Yes
2010-12-28,Brisbane,21.1,25.1,34.0,2.0,0.0,SE,46.0,SE,SE,17.0,9.0,73.0,70.0,1012.7,1013.1,8.0,8.0,23.6,23.5,Yes,No
2010-12-29,Brisbane,20.4,27.5,1.0,3.4,0.0,SE,33.0,SE,SE,17.0,11.0,58.00000000000001,56.0,1015.8,1013.3,8.0,7.0,24.5,27.099999999999998,No,No
2010-12-30,Brisbane,19.4,30.4,0.0,4.4,11.4,E,30.0,SSE,E,7.0,14.999999999999998,58.00000000000001,56.99999999999999,1015.5,1013.2,6.0,3.0,26.7,29.1,No,No
2010-12-31,Brisbane,20.4,29.5,0.0,6.8,12.6,ESE,35.0,ESE,E,9.0,16.999999999999996,58.00000000000001,52.0,1015.3,1013.3,4.0,1.0,26.9,28.299999999999997,No,No
2011-01-01,Brisbane,21.7,28.4,0.4,6.6,0.0,ESE,30.0,SSE,SE,7.0,6.0,89.0,90.0,1014.4,1012.9,8.0,8.0,23.0,24.1,No,Yes
2011-01-02,Brisbane,22.7,29.600000000000005,3.0,2.2,11.2,E,26.0,NE,NE,7.0,11.0,68.0,63.00000000000001,1013.9,1010.7,4.0,3.0,27.4,28.400000000000002,Yes,No
2011-01-03,Brisbane,22.9,32.1,0.0,6.2,6.9,E,24.000000000000004,SW,ESE,4.0,6.0,67.0,58.0,1009.7,1006.3,5.0,5.0,27.799999999999997,28.6,No,No
2011-01-04,Brisbane,22.2,30.7,0.0,5.4,7.8,ESE,28.0,S,E,7.0,13.0,60.0,64.0,1007.8,1006.0,6.0,7.0,28.499999999999996,28.699999999999996,No,No
2011-01-05,Brisbane,21.7,29.300000000000004,0.0,5.2,0.0,W,26.0,E,NE,6.0,9.0,65.0,64.0,1008.1,1004.4,6.0,6.0,26.800000000000004,27.4,No,Yes
2011-01-06,Brisbane,20.5,24.8,41.8,4.6,0.0,WSW,22.0,ESE,S,7.0,4.0,82.0,91.0,1005.4,1004.8,8.0,8.0,23.9,19.9,Yes,Yes
2011-01-08,Brisbane,21.1,27.299999999999997,11.599999999999998,2.0,2.1,SE,37.0,SSE,SSE,15.0,14.999999999999998,65.0,73.0,1008.1,1005.1,7.0,8.0,26.7,25.9,Yes,Yes
2011-01-11,Brisbane,23.8,28.6,15.399999999999999,2.0,0.0,E,33.0,E,E,15.0,14.999999999999998,88.0,94.0,1007.7,1007.4,8.0,8.0,25.0,24.1,Yes,Yes
2011-01-13,Brisbane,22.1,28.4,0.4,7.800000000000001,6.9,ENE,31.0,ESE,ESE,13.0,13.0,58.00000000000001,56.99999999999999,1013.1,1010.8,3.0,5.0,27.200000000000003,27.099999999999998,No,No
2011-01-14,Brisbane,19.4,28.9,0.0,8.2,11.8,E,31.0,ESE,E,11.0,13.0,60.0,59.0,1011.5,1009.0,7.0,5.0,26.100000000000005,27.099999999999998,No,No
2011-01-15,Brisbane,20.2,28.8,0.4,7.2,9.2,E,26.0,SW,E,4.0,7.000000000000001,77.0,52.0,1009.3,1006.6,7.0,5.0,24.0,27.999999999999996,No,No
2011-01-18,Brisbane,23.2,34.9,0.0,7.2,10.1,ENE,30.0,SW,E,6.0,11.0,57.0,53.0,1003.8,1003.5,1.0,3.0,31.6,31.2,No,Yes
2011-01-19,Brisbane,23.4,31.2,3.4,4.6,10.3,SW,33.0,E,ENE,7.0,13.0,70.0,71.0,1007.4,1005.7,6.0,7.0,29.399999999999995,28.699999999999996,Yes,Yes
2011-01-20,Brisbane,20.6,29.8,36.2,4.2,8.6,SE,33.0,S,ESE,4.0,11.0,67.0,70.0,1008.8,1008.6,6.0,7.0,27.999999999999996,26.5,Yes,Yes
2011-01-21,Brisbane,20.7,28.500000000000004,4.4,6.0,8.0,ESE,43.0,SE,SE,11.0,14.999999999999998,77.0,51.0,1012.2,1010.7,7.0,5.0,23.8,27.900000000000002,Yes,No
2011-01-22,Brisbane,18.9,29.399999999999995,0.0,6.4,12.5,SSE,39.0,S,ESE,9.0,19.999999999999996,54.0,48.0,1012.9,1011.7,3.0,4.0,26.7,27.799999999999997,No,No
2011-01-23,Brisbane,18.8,29.8,0.0,9.8,11.6,ESE,37.0,SSE,SE,9.0,11.0,49.0,43.0,1010.9,1008.4,3.0,2.0,26.600000000000005,28.699999999999996,No,No
2011-01-24,Brisbane,19.1,29.399999999999995,0.0,8.4,12.5,NE,20.0,NNE,ENE,2.0,7.000000000000001,52.0,47.0,1010.2,1007.3,1.0,1.0,26.100000000000005,28.900000000000002,No,No
2011-01-25,Brisbane,20.2,30.4,0.0,5.8,12.8,NNE,24.000000000000004,N,NE,4.0,11.0,58.00000000000001,56.0,1011.4000000000001,1009.9,1.0,1.0,28.200000000000003,28.900000000000002,No,No
2011-01-26,Brisbane,21.5,30.500000000000004,0.0,7.4,12.8,ENE,28.0,ESE,ENE,2.0,11.0,57.0,59.0,1015.3,1013.7,3.0,1.0,27.300000000000004,28.900000000000002,No,No
2011-01-27,Brisbane,20.6,30.999999999999996,0.0,7.0,12.6,E,22.0,SE,NE,4.0,9.0,61.0,56.0,1015.5,1012.5,3.0,1.0,27.200000000000003,29.899999999999995,No,No
2011-01-28,Brisbane,21.9,31.400000000000002,0.0,8.2,9.6,SE,31.0,SSE,ESE,6.0,14.999999999999998,65.0,53.99999999999999,1013.5,1013.1,5.0,3.0,27.799999999999997,30.1,No,No
2011-01-29,Brisbane,23.1,29.700000000000003,0.2,8.0,10.4,E,46.0,SE,SE,15.0,16.999999999999996,58.00000000000001,44.0,1018.0,1016.1,5.0,2.0,25.5,29.1,No,No
2011-01-30,Brisbane,20.8,30.0,0.0,8.0,4.1,ESE,31.0,ESE,E,11.0,14.999999999999998,63.0,62.0,1019.5999999999999,1017.6,7.0,7.0,27.000000000000004,27.4,No,No
2011-01-31,Brisbane,21.1,31.1,0.0,5.8,12.4,ENE,24.000000000000004,ENE,NE,9.0,9.0,61.0,55.0,1018.3,1015.3,3.0,3.0,27.599999999999998,30.0,No,Yes
2011-02-01,Brisbane,23.2,30.7,3.6000000000000005,7.599999999999999,6.8,ENE,26.0,ENE,ENE,9.0,11.0,80.99999999999999,67.0,1017.5,1014.8,5.0,7.0,27.099999999999998,29.699999999999996,Yes,Yes
2011-02-07,Brisbane,24.2,30.4,1.6,4.6,1.8,SE,31.0,SW,SE,4.0,13.0,80.99999999999999,58.0,1018.2,1014.9,7.0,7.0,24.6,29.199999999999996,Yes,Yes
2011-02-09,Brisbane,21.0,28.999999999999996,14.2,2.2,8.3,SE,43.0,SE,ESE,13.0,16.999999999999996,59.0,45.0,1019.9000000000001,1019.0,5.0,3.0,26.600000000000005,28.299999999999997,Yes,No
2011-02-13,Brisbane,20.7,30.8,0.0,6.4,10.4,E,22.0,WSW,ENE,6.0,11.0,65.0,59.0,1016.1,1013.1,5.0,3.0,26.4,28.900000000000002,No,No
2011-02-14,Brisbane,21.4,31.799999999999997,0.0,6.4,12.0,E,33.0,SE,E,11.0,16.999999999999996,61.0,48.0,1016.1,1014.3,5.0,3.0,27.799999999999997,30.5,No,No
2011-02-16,Brisbane,20.3,28.8,21.0,4.8,3.6,SE,30.0,S,S,6.0,2.0,79.0,84.0,1016.9,1014.4,5.0,6.0,25.4,24.7,Yes,Yes
2011-02-17,Brisbane,21.9,28.7,2.2,3.6,7.0,E,20.0,SSE,W,4.0,2.0,75.0,80.0,1014.6,1012.3,7.0,5.0,26.600000000000005,26.5,Yes,Yes
2011-02-18,Brisbane,21.0,31.300000000000004,19.0,4.4,11.7,E,24.000000000000004,SE,E,6.0,14.999999999999998,69.0,60.00000000000001,1013.7,1011.5,3.0,2.0,27.000000000000004,29.6,Yes,No
2011-02-19,Brisbane,22.1,31.899999999999995,0.0,8.0,12.2,ENE,20.0,E,ENE,6.0,9.0,68.0,56.0,1014.1,1011.4,4.0,1.0,28.200000000000003,30.3,No,No
2011-02-20,Brisbane,22.1,35.3,0.0,3.6,12.3,ENE,20.0,WSW,NE,4.0,9.0,55.0,51.0,1011.9,1007.3,0.0,1.0,28.699999999999996,33.6,No,No
2011-02-21,Brisbane,24.4,34.5,0.0,8.0,8.1,WNW,41.0,WNW,ENE,4.0,13.0,65.0,67.0,1008.1,1004.6,4.0,6.0,30.7,30.3,No,Yes
2011-02-22,Brisbane,21.9,28.4,68.8,10.6,9.1,SE,48.00000000000001,SSE,SE,22.0,16.999999999999996,59.0,55.0,1014.4,1014.5,5.0,7.0,25.8,26.0,Yes,No
2011-02-24,Brisbane,18.8,27.700000000000003,3.6000000000000005,6.6,9.0,SSE,30.0,S,ESE,4.0,11.0,63.0,53.99999999999999,1017.3,1014.4,6.0,5.0,23.9,27.000000000000004,Yes,No
2011-02-25,Brisbane,18.3,29.300000000000004,0.0,4.2,11.2,E,22.0,SW,ENE,4.0,11.0,61.0,56.0,1015.2,1012.4,2.0,2.0,25.5,27.900000000000002,No,No
2011-02-26,Brisbane,19.2,30.6,0.0,7.4,11.0,ENE,22.0,SW,ENE,4.0,11.0,63.0,49.00000000000001,1014.3,1010.9,2.0,1.0,26.0,28.499999999999996,No,No
2011-03-01,Brisbane,21.9,33.2,0.0,7.4,11.9,NNE,24.000000000000004,NW,NNE,4.0,9.0,61.0,53.99999999999999,1011.3,1008.1,1.0,1.0,27.900000000000002,32.2,No,Yes
2011-03-02,Brisbane,20.4,30.9,22.6,7.0,8.0,SSE,30.0,SW,E,7.0,11.0,78.0,55.0,1013.2,1010.2,6.0,1.0,25.9,30.399999999999995,Yes,Yes
2011-03-03,Brisbane,23.8,33.1,1.2,5.0,7.1,SSE,28.0,WSW,ENE,4.0,11.0,76.0,60.00000000000001,1012.0000000000001,1007.8,4.0,3.0,26.7,30.9,Yes,Yes
2011-03-04,Brisbane,22.6,25.0,23.4,1.2,0.0,SSE,17.0,SSE,SSE,2.0,9.0,90.99999999999999,87.0,1011.8,1009.0,8.0,8.0,23.1,24.1,Yes,Yes
2011-03-05,Brisbane,21.1,27.0,29.2,2.2,0.0,SE,41.0,SW,SSE,4.0,11.0,87.0,59.0,1014.2,1014.2,8.0,8.0,24.1,26.800000000000004,Yes,Yes
2011-03-06,Brisbane,19.2,27.399999999999995,1.4,5.0,8.2,SE,48.00000000000001,SE,SE,13.0,19.999999999999996,57.0,44.0,1020.5000000000001,1019.4,3.0,3.0,25.3,26.4,Yes,No
2011-03-07,Brisbane,18.5,27.5,0.4,6.6,9.5,ESE,33.0,SE,ESE,7.0,14.999999999999998,63.0,45.0,1020.4,1017.7,7.0,3.0,23.2,26.600000000000005,No,No
2011-03-08,Brisbane,18.1,27.0,0.8,6.2,10.0,ESE,33.0,NE,E,4.0,11.0,76.0,53.0,1018.7,1016.0,7.0,3.0,23.1,25.4,No,Yes
2011-03-10,Brisbane,19.7,27.600000000000005,0.2,6.8,4.7,NE,24.000000000000004,E,NE,4.0,9.0,60.0,58.0,1015.7,1013.2,6.0,7.0,26.4,27.200000000000003,No,No
2011-03-11,Brisbane,20.7,29.2,0.0,3.2,8.6,ENE,26.0,ENE,ENE,6.0,13.0,61.0,58.0,1016.5,1015.3,6.0,7.0,26.9,27.799999999999997,No,No
2011-03-12,Brisbane,21.2,28.9,0.2,5.6,7.9,E,30.0,ENE,ENE,11.0,13.0,64.0,58.0,1020.1,1018.7,6.0,6.0,27.4,27.599999999999998,No,No
2011-03-16,Brisbane,21.3,30.4,0.0,5.6,8.5,ENE,22.0,S,ENE,4.0,9.0,68.0,61.0,1018.1,1014.8,6.0,6.0,26.2,28.699999999999996,No,No
2011-03-18,Brisbane,21.8,28.7,0.0,5.0,0.2,ENE,15.0,WSW,ENE,6.0,2.0,76.0,62.0,1015.0,1011.2,7.0,7.0,24.4,27.900000000000002,No,Yes
2011-03-19,Brisbane,22.3,23.9,1.4,2.4,0.0,E,22.0,SE,SSE,7.0,6.0,80.0,92.00000000000001,1011.9,1008.4,8.0,8.0,23.6,21.7,Yes,Yes
2011-03-20,Brisbane,20.3,27.2,32.6,2.0,0.0,SE,26.0,SW,SE,2.0,7.000000000000001,94.0,78.0,1007.8,1004.2,8.0,8.0,22.399999999999995,25.5,Yes,Yes
2011-03-21,Brisbane,22.2,31.1,1.2,1.4,8.1,ENE,15.0,SW,ENE,4.0,9.0,70.0,68.0,1005.1,1001.9,5.0,5.0,26.9,28.6,Yes,No
2011-03-22,Brisbane,23.1,34.5,0.0,3.0,8.5,WNW,28.0,W,WNW,4.0,13.0,76.0,39.0,1003.1999999999999,1000.1,7.0,2.0,27.4,33.9,No,No
2011-03-23,Brisbane,19.6,32.4,0.0,5.4,11.6,W,30.0,WSW,WNW,6.0,11.0,48.00000000000001,40.0,1006.7,1003.4,1.0,3.0,27.999999999999996,31.8,No,No
2011-03-24,Brisbane,20.7,30.9,0.0,7.800000000000001,11.2,W,31.0,W,W,9.0,14.999999999999998,52.0,34.0,1009.8,1006.5,1.0,2.0,26.300000000000004,30.3,No,No
2011-03-25,Brisbane,16.3,29.9,0.0,7.800000000000001,8.6,W,37.0,SW,W,4.0,14.999999999999998,42.99999999999999,34.0,1011.6999999999999,1008.7,1.0,4.0,25.8,29.3,No,No
2011-03-26,Brisbane,19.1,28.7,0.0,8.0,10.7,SE,31.0,SSW,SE,4.0,13.0,56.0,48.0,1014.8,1013.8,3.0,3.0,25.7,27.4,No,No
2011-03-27,Brisbane,19.4,27.0,0.0,8.0,5.2,SE,41.0,S,SE,9.0,13.0,57.0,52.0,1020.0,1018.2,5.0,7.0,25.2,25.8,No,No
2011-03-28,Brisbane,18.1,26.800000000000004,0.0,7.2,4.8,SE,35.0,S,SE,6.0,13.0,59.0,69.0,1022.6,1020.6,4.0,6.0,24.7,23.8,No,Yes
2011-03-29,Brisbane,19.2,26.6,6.0,3.2,0.9,E,28.0,SSW,E,2.0,13.0,75.0,52.0,1022.3,1019.7,7.0,8.0,24.2,25.5,Yes,Yes
2011-03-31,Brisbane,19.3,27.600000000000005,16.0,1.0,6.6,WSW,22.0,SW,E,2.0,9.0,79.0,70.0,1020.0,1017.6,7.0,7.0,22.8,25.4,Yes,No
2011-05-01,Brisbane,14.699999999999998,27.1,0.2,3.4,10.1,W,20.0,WSW,S,6.0,6.0,66.0,37.0,1015.3,1011.5,0.0,1.0,20.8,26.300000000000004,No,No
2011-05-02,Brisbane,14.1,27.600000000000005,0.0,3.0,10.1,E,17.0,SSW,ENE,4.0,4.0,66.0,47.0,1015.6,1012.2,1.0,3.0,20.9,25.7,No,No
2011-05-04,Brisbane,14.799999999999999,25.3,19.6,3.4,8.8,WSW,20.0,SW,SSE,6.0,6.0,72.0,47.0,1014.0,1011.5,1.0,3.0,19.6,24.4,Yes,No
2011-05-05,Brisbane,14.199999999999998,25.6,0.2,3.4,8.8,SSE,26.0,WSW,SW,6.0,7.000000000000001,61.0,45.0,1016.3,1014.5,1.0,3.0,20.1,25.4,No,No
2011-05-06,Brisbane,14.299999999999999,24.9,0.0,4.0,9.6,SW,19.0,SW,W,7.0,6.0,53.00000000000001,43.0,1020.4,1016.5,6.0,6.0,19.6,23.3,No,No
2011-05-07,Brisbane,12.3,25.0,0.0,4.0,10.0,W,13.0,SW,W,6.0,4.0,67.0,38.0,1018.3,1014.3,1.0,3.0,18.1,24.0,No,No
2011-05-09,Brisbane,16.2,18.9,5.6,2.0,0.1,SSW,17.0,SW,W,4.0,4.0,90.0,84.0,1013.4,1009.7,8.0,7.0,16.8,16.6,Yes,Yes
2011-05-10,Brisbane,13.199999999999998,22.5,3.7999999999999994,1.6,10.1,WSW,31.0,WSW,W,11.0,13.0,69.0,47.0,1011.8,1009.8,2.0,2.0,16.9,20.8,Yes,No
2011-05-11,Brisbane,10.3,21.5,0.0,3.4,10.2,WNW,35.0,W,WNW,4.0,13.0,49.0,32.0,1014.7,1010.9,0.0,0.0,18.0,21.2,No,No
2011-05-12,Brisbane,11.8,21.7,0.0,5.4,10.2,W,41.0,WSW,W,11.0,16.999999999999996,44.0,36.0,1014.9,1010.6,1.0,1.0,16.4,21.2,No,No
2011-05-13,Brisbane,7.8999999999999995,22.9,0.0,5.6,10.3,W,22.0,SW,SW,6.0,7.000000000000001,47.0,35.0,1016.6,1012.2,0.0,1.0,16.2,22.3,No,No
2011-05-14,Brisbane,8.2,23.0,0.0,4.0,10.3,W,28.0,SW,WSW,6.0,6.0,48.00000000000001,31.0,1016.2,1014.4,2.0,2.0,18.3,22.7,No,No
2011-05-15,Brisbane,11.5,23.2,0.0,4.0,10.0,SW,19.0,SW,S,6.0,4.0,42.99999999999999,32.0,1026.0,1024.5,1.0,2.0,16.5,22.2,No,No
2011-05-16,Brisbane,10.5,23.7,0.0,4.4,8.1,W,17.0,SW,NNW,6.0,2.0,59.0,79.0,1029.5,1026.0,2.0,5.0,17.4,18.7,No,No
2011-05-17,Brisbane,11.2,24.9,0.4,3.2,8.1,ESE,19.0,SW,ESE,4.0,9.0,75.0,53.0,1027.7,1024.2,1.0,2.0,16.6,22.2,No,No
2011-05-18,Brisbane,12.1,23.8,0.2,4.0,7.299999999999999,SE,28.0,SW,SE,4.0,9.0,64.0,51.0,1028.6,1025.7,3.0,5.0,18.0,22.7,No,No
2011-05-19,Brisbane,14.5,22.5,0.2,3.0,6.5,SSE,28.0,SSW,SE,4.0,6.0,77.0,87.0,1028.3,1026.2,5.0,7.0,18.6,19.3,No,Yes
2011-05-20,Brisbane,14.199999999999998,24.1,4.2,3.0,8.9,ESE,24.000000000000004,SSW,E,4.0,7.000000000000001,73.0,56.99999999999999,1027.0,1023.9000000000001,1.0,6.0,18.9,22.4,Yes,No
2011-05-21,Brisbane,14.1,23.2,0.4,3.0,4.5,E,22.0,WSW,SE,4.0,9.0,85.0,77.0,1025.7,1022.1999999999999,7.0,4.0,17.0,21.1,No,Yes
2011-05-22,Brisbane,17.0,24.5,10.8,2.2,4.7,E,15.0,SW,ENE,4.0,7.000000000000001,89.0,64.0,1022.9,1017.9,7.0,7.0,18.7,23.1,Yes,No
2011-05-24,Brisbane,14.1,22.6,11.4,0.8,9.7,W,31.0,W,W,9.0,9.0,63.0,42.0,1009.3,1005.4,1.0,3.0,18.9,22.1,Yes,No
2011-05-25,Brisbane,11.7,19.4,0.0,5.6,10.1,W,44.0,W,W,11.0,14.999999999999998,61.0,46.00000000000001,1009.6,1006.5,1.0,1.0,16.0,19.2,No,No
2011-05-26,Brisbane,11.0,22.2,0.0,6.0,9.6,WSW,24.000000000000004,WSW,W,7.0,7.000000000000001,55.0,43.0,1013.4,1012.2,1.0,2.0,16.4,21.1,No,No
2011-05-27,Brisbane,9.6,23.7,0.0,3.2,9.8,SW,19.0,SW,WSW,6.0,4.0,64.0,39.0,1018.8,1015.8,1.0,1.0,16.3,22.6,No,No
2011-05-28,Brisbane,10.4,22.8,0.0,3.0,5.5,SE,15.0,SW,E,6.0,6.0,71.0,59.0,1021.5,1019.2,1.0,7.0,15.6,20.8,No,No
2011-05-29,Brisbane,14.400000000000002,23.1,0.0,2.8,7.499999999999999,ESE,24.000000000000004,SSW,E,4.0,13.0,69.0,64.0,1023.0,1018.8,4.0,5.0,17.9,20.7,No,Yes
2011-05-30,Brisbane,14.400000000000002,22.7,12.0,2.0,8.3,WSW,22.0,SW,WSW,4.0,4.0,87.0,51.0,1018.1,1013.7,4.0,4.0,16.4,21.9,Yes,No
2011-05-31,Brisbane,10.4,19.9,0.2,2.0,7.9,ESE,19.0,SW,WSW,6.0,6.0,76.0,56.0,1015.2,1012.7,5.0,6.0,14.3,19.6,No,No
2011-06-02,Brisbane,12.5,24.0,0.0,0.4,7.4,SW,26.0,SW,SSW,7.0,7.000000000000001,72.0,53.99999999999999,1017.6,1015.4,1.0,6.0,18.6,22.2,No,No
2011-06-03,Brisbane,13.400000000000002,23.9,0.0,3.4,9.8,WSW,19.0,WSW,W,9.0,9.0,59.0,44.0,1018.6,1015.2,0.0,1.0,18.6,23.2,No,No
2011-06-04,Brisbane,10.5,24.3,0.0,2.8,9.8,WNW,19.0,W,WNW,4.0,7.000000000000001,73.0,40.0,1018.9,1015.2,0.0,2.0,15.1,23.5,No,No
2011-06-05,Brisbane,11.1,22.8,0.0,2.8,2.1,WSW,13.0,SW,W,4.0,6.0,80.0,49.00000000000001,1018.9,1014.7,7.0,6.0,14.499999999999998,21.9,No,No
2011-06-06,Brisbane,10.6,25.8,0.0,4.0,10.1,W,20.0,SW,WNW,2.0,6.0,69.0,39.0,1017.4,1014.5,1.0,2.0,17.9,25.1,No,No
2011-06-09,Brisbane,12.2,12.6,0.0,2.8,0.0,W,22.0,W,W,7.0,7.000000000000001,42.0,45.0,1017.4,1014.9,7.0,7.0,12.4,12.0,No,No
2011-06-10,Brisbane,6.8,20.4,0.0,3.4,9.2,W,28.0,WSW,W,7.0,6.0,51.0,33.0,1017.8,1015.9,1.0,2.0,12.4,19.6,No,No
2011-06-11,Brisbane,9.5,15.499999999999998,0.0,2.4,0.0,WSW,17.0,WSW,WSW,4.0,4.0,68.0,65.0,1020.6,1017.8,8.0,8.0,12.1,15.3,No,Yes
2011-06-12,Brisbane,12.1,18.8,3.7999999999999994,0.4,1.7,SW,26.0,SW,WSW,4.0,11.0,93.0,79.0,1016.9,1014.0,8.0,7.0,14.100000000000001,17.0,Yes,No
2011-06-13,Brisbane,12.5,22.5,0.2,3.2,9.5,WSW,28.0,WSW,SSW,9.0,6.0,70.0,53.99999999999999,1014.2,1010.3,3.0,2.0,16.5,21.9,No,No
2011-06-14,Brisbane,9.6,20.1,0.0,3.6,9.8,W,33.0,W,WNW,13.0,14.999999999999998,66.0,53.99999999999999,1012.1,1009.8,1.0,4.0,16.1,19.1,No,No
2011-06-16,Brisbane,7.7,22.0,0.0,2.2,9.5,WSW,30.0,W,WSW,11.0,9.0,65.0,48.0,1015.6,1012.5,1.0,2.0,15.0,20.7,No,No
2011-06-17,Brisbane,8.0,21.7,0.0,3.4,10.2,W,43.0,WSW,W,4.0,11.0,60.0,43.0,1014.1,1009.3,1.0,2.0,17.4,21.1,No,No
2011-06-18,Brisbane,8.5,20.3,0.0,5.8,9.7,W,35.0,WSW,W,9.0,16.999999999999996,45.0,33.0,1013.6,1010.5,1.0,1.0,15.1,19.7,No,No
2011-06-19,Brisbane,7.7,20.1,0.0,5.0,9.1,WSW,19.0,WSW,WSW,7.0,4.0,58.00000000000001,41.0,1017.5,1015.2,0.0,0.0,13.500000000000002,19.5,No,No
2011-06-22,Brisbane,8.2,18.5,0.0,3.6,9.9,WSW,37.0,W,W,11.0,13.0,58.00000000000001,30.000000000000004,1015.9,1013.8,1.0,0.0,14.8,18.0,No,No
2011-06-23,Brisbane,6.0,20.5,0.0,6.4,9.9,WSW,17.0,SW,WNW,6.0,6.0,57.0,33.0,1020.4,1018.1,0.0,0.0,12.7,20.1,No,No
2011-06-24,Brisbane,7.7,23.1,0.0,3.0,9.6,SW,17.0,SW,SSE,4.0,4.0,63.0,45.0,1025.5,1022.9999999999999,1.0,2.0,13.600000000000001,23.0,No,No
2011-06-25,Brisbane,12.3,22.5,0.2,2.8,9.4,E,30.0,SSW,ESE,6.0,13.0,69.0,48.0,1028.5,1025.9,1.0,1.0,17.0,20.9,No,No
2011-06-26,Brisbane,13.0,22.7,0.0,3.6,9.1,NE,24.000000000000004,WSW,ESE,6.0,7.000000000000001,69.0,56.0,1028.4,1024.9,2.0,1.0,16.8,20.5,No,No
2011-06-27,Brisbane,12.5,22.6,0.0,2.8,0.1,WSW,13.0,WSW,NE,2.0,4.0,77.0,47.0,1027.3,1024.3,7.0,6.0,15.0,21.3,No,No
2011-06-28,Brisbane,12.0,22.4,0.0,2.2,8.8,E,30.0,SSW,SE,6.0,11.0,62.0,58.0,1029.3,1026.8,1.0,3.0,16.6,20.3,No,No
2011-06-29,Brisbane,13.8,19.3,0.0,3.6,4.1,ESE,37.0,SSE,SE,9.0,13.0,74.0,67.0,1030.6,1028.8,7.0,7.0,16.4,18.9,No,Yes
2011-06-30,Brisbane,12.3,20.8,6.4,1.8,4.9,SSE,37.0,SW,SSE,4.0,13.0,82.0,53.0,1031.1,1027.6,5.0,4.0,15.3,19.5,Yes,No
2011-07-01,Brisbane,11.4,21.6,0.2,3.0,8.8,SE,22.0,SW,SSE,7.0,7.000000000000001,70.0,48.0,1026.5,1022.7,2.0,6.0,15.9,21.0,No,No
2011-07-02,Brisbane,11.3,22.1,0.0,2.8,8.7,SE,24.000000000000004,WSW,SW,7.0,2.0,71.0,47.0,1024.6,1021.0,6.0,2.0,15.8,21.1,No,No
2011-07-03,Brisbane,12.3,20.9,0.0,3.0,1.2,WSW,15.0,SW,NE,4.0,6.0,72.0,63.00000000000001,1023.4,1021.0,7.0,7.0,15.9,19.2,No,No
2011-07-04,Brisbane,10.6,23.5,0.0,2.8,9.5,W,19.0,SW,WNW,4.0,7.000000000000001,79.0,39.0,1022.5,1017.2,0.0,1.0,14.8,23.0,No,No
2011-07-05,Brisbane,11.1,22.3,0.0,2.6,10.2,W,43.0,W,W,9.0,16.999999999999996,55.0,26.999999999999996,1017.3,1013.0,1.0,0.0,19.5,21.6,No,No
2011-07-06,Brisbane,7.200000000000001,21.4,0.0,8.2,9.9,WSW,31.0,WSW,W,11.0,13.0,35.0,26.0,1016.2,1012.8,0.0,0.0,16.3,20.9,No,No
2011-07-07,Brisbane,7.3999999999999995,20.9,0.0,6.2,9.9,W,39.0,WSW,W,4.0,13.0,36.0,32.0,1017.9,1015.9,0.0,1.0,17.2,20.6,No,No
2011-07-08,Brisbane,6.5,20.8,0.0,5.0,9.7,WNW,22.0,SW,SW,4.0,4.0,53.00000000000001,32.0,1024.4,1020.8,1.0,1.0,13.999999999999998,20.3,No,No
2011-07-09,Brisbane,9.0,20.0,0.0,4.0,10.1,W,33.0,W,W,13.0,14.999999999999998,41.0,28.0,1020.8,1016.9,0.0,0.0,13.7,19.7,No,No
2011-07-10,Brisbane,6.8,19.2,0.0,6.0,10.0,WSW,33.0,SW,WNW,6.0,11.0,47.0,29.0,1019.2,1015.1,0.0,0.0,12.1,19.0,No,No
2011-07-11,Brisbane,10.0,21.9,0.0,7.2,9.9,W,35.0,W,WNW,9.0,9.0,42.0,29.0,1018.9,1017.8,5.0,2.0,14.699999999999998,20.7,No,No
2011-07-12,Brisbane,6.700000000000001,21.6,0.0,5.0,9.9,NNE,15.0,SW,SW,4.0,2.0,62.0,36.0,1024.9,1021.2,1.0,0.0,11.6,21.3,No,No
2011-07-13,Brisbane,5.6,23.5,0.0,2.4,9.6,W,20.0,SW,WSW,2.0,4.0,63.0,21.0,1022.2,1018.5,7.0,3.0,11.7,23.0,No,No
2011-07-16,Brisbane,12.0,16.4,10.8,2.6,0.6,SSE,22.0,SSW,S,4.0,4.0,90.99999999999999,77.0,1028.1,1024.1,8.0,7.0,13.1,15.9,Yes,No
2011-07-17,Brisbane,12.2,21.8,1.0,1.2,7.8,SSE,17.0,SW,SSE,6.0,2.0,74.0,58.0,1022.8,1019.0,1.0,3.0,15.6,20.6,No,No
2011-07-18,Brisbane,10.1,23.4,0.2,2.6,9.9,SW,19.0,SW,WSW,6.0,6.0,80.0,40.0,1019.4,1015.2,1.0,3.0,14.8,23.2,No,No
2011-07-19,Brisbane,8.3,19.6,0.0,3.2,10.2,WSW,37.0,W,W,7.0,16.999999999999996,60.0,30.000000000000004,1016.7,1012.4,1.0,0.0,15.6,18.9,No,No
2011-07-20,Brisbane,10.0,18.0,0.0,6.0,10.0,W,43.0,W,W,13.0,19.999999999999996,56.0,49.00000000000001,1012.0000000000001,1009.3,1.0,1.0,13.500000000000002,17.2,No,No
2011-07-21,Brisbane,10.8,23.2,0.0,6.2,10.0,W,30.0,WSW,WNW,7.0,14.999999999999998,51.0,34.0,1012.0000000000001,1008.2,0.0,1.0,17.6,22.8,No,No
2011-07-22,Brisbane,12.3,23.6,0.0,6.2,10.0,SSW,30.0,WSW,SSW,9.0,9.0,51.0,40.0,1012.1,1009.4,1.0,1.0,17.2,22.6,No,No
2011-07-23,Brisbane,11.4,22.1,0.0,4.0,9.8,SSW,24.000000000000004,WSW,SW,7.0,7.000000000000001,54.0,35.0,1014.8,1013.4,1.0,3.0,16.5,20.8,No,No
2011-07-24,Brisbane,8.4,21.3,0.0,4.8,9.8,WSW,17.0,SW,WNW,4.0,7.000000000000001,56.0,34.0,1019.3000000000001,1016.5,0.0,2.0,14.699999999999998,20.1,No,No
2011-07-25,Brisbane,7.7,22.2,0.0,2.4,10.1,WSW,19.0,SW,WSW,4.0,4.0,67.0,30.000000000000004,1021.4,1018.2,0.0,1.0,12.4,22.0,No,No
2011-07-26,Brisbane,7.5,24.1,0.2,3.6,7.6,W,22.0,SW,WNW,4.0,6.0,62.0,28.0,1024.1,1019.9,3.0,6.0,13.0,22.2,No,No
2011-07-27,Brisbane,8.8,22.9,0.0,3.2,9.7,WSW,22.0,SW,W,2.0,6.0,56.0,30.000000000000004,1025.4,1022.5,1.0,2.0,15.5,22.4,No,No
2011-07-28,Brisbane,7.200000000000001,21.5,0.0,4.0,9.7,SSE,20.0,SSW,SE,6.0,7.000000000000001,59.0,42.0,1027.9,1024.1,1.0,2.0,13.799999999999999,21.4,No,No
2011-07-29,Brisbane,10.8,21.8,0.0,4.0,8.2,E,26.0,SW,ESE,7.0,9.0,63.0,49.00000000000001,1026.5,1023.2,3.0,4.0,15.5,20.4,No,No
2011-07-30,Brisbane,10.1,21.4,0.0,3.2,8.5,ENE,30.0,SW,ESE,4.0,11.0,67.0,52.0,1024.7,1021.4999999999999,2.0,5.0,15.199999999999998,19.1,No,No
2011-07-31,Brisbane,9.0,22.4,0.0,4.0,8.7,ESE,20.0,SW,E,6.0,7.000000000000001,69.0,49.00000000000001,1023.8,1020.1,1.0,3.0,14.699999999999998,19.2,No,No
2011-08-01,Brisbane,8.8,23.0,0.0,3.4,10.0,E,19.0,SSW,ENE,4.0,7.000000000000001,72.0,40.0,1024.5,1021.0,1.0,1.0,14.599999999999998,21.6,No,No
2011-08-02,Brisbane,9.8,23.2,0.0,3.4,9.8,E,17.0,SW,ENE,4.0,7.000000000000001,74.0,50.0,1025.3,1022.1999999999999,1.0,1.0,14.8,21.7,No,No
2011-08-03,Brisbane,9.7,22.9,0.0,3.2,10.0,E,24.000000000000004,SW,ESE,4.0,9.0,73.0,43.0,1026.4,1024.0,1.0,2.0,15.5,21.7,No,No
2011-08-04,Brisbane,9.1,21.9,0.0,4.0,9.9,E,22.0,SW,E,4.0,11.0,72.0,50.0,1029.1,1026.9,1.0,2.0,15.4,19.9,No,No
2011-08-05,Brisbane,10.3,21.7,0.0,3.6,4.8,E,30.0,WSW,ENE,6.0,9.0,67.0,53.0,1028.9,1025.8,6.0,5.0,16.6,21.4,No,No
2011-08-06,Brisbane,9.5,23.5,0.0,2.8,9.0,NE,20.0,WSW,NNE,6.0,6.0,73.0,49.00000000000001,1026.2,1021.4,1.0,4.0,15.4,21.9,No,No
2011-08-07,Brisbane,13.900000000000002,24.8,0.0,2.8,7.299999999999999,NE,19.0,SW,NE,4.0,9.0,65.0,53.99999999999999,1020.9,1016.0,3.0,2.0,18.7,22.6,No,No
2011-08-08,Brisbane,12.900000000000002,23.9,0.0,4.0,10.1,W,31.0,W,WNW,13.0,9.0,61.0,31.0,1014.1,1009.2,6.0,2.0,18.6,23.4,No,No
2011-08-09,Brisbane,5.3,22.1,0.0,6.4,10.2,W,37.0,WNW,WNW,6.0,14.999999999999998,44.0,24.0,1012.5,1008.0,1.0,3.0,16.4,21.4,No,No
2011-08-10,Brisbane,5.6,22.8,0.0,6.0,10.1,WNW,33.0,NNE,W,4.0,13.0,45.0,25.0,1012.4,1007.4,0.0,1.0,16.4,22.3,No,No
2011-08-11,Brisbane,9.7,21.0,0.0,4.6,4.5,ENE,17.0,WSW,NE,6.0,9.0,59.0,53.0,1010.4,1006.6,6.0,7.0,13.2,19.0,No,No
2011-08-12,Brisbane,9.2,22.7,0.0,2.2,10.3,W,20.0,SW,WNW,6.0,4.0,53.00000000000001,25.0,1015.7,1013.6,0.0,1.0,15.1,22.6,No,No
2011-08-13,Brisbane,9.1,22.5,0.0,4.0,10.8,ESE,22.0,WSW,ENE,7.0,11.0,59.0,48.0,1023.2,1020.4,1.0,3.0,15.9,21.1,No,No
2011-08-14,Brisbane,11.0,22.4,0.0,4.0,7.299999999999999,WSW,20.0,SW,ENE,4.0,7.000000000000001,78.0,53.99999999999999,1025.1,1021.4,5.0,6.0,14.499999999999998,19.3,No,Yes
2011-08-15,Brisbane,9.5,22.5,2.2,3.7999999999999994,10.4,NE,19.0,SW,NE,6.0,7.000000000000001,74.0,45.0,1024.2,1019.5,1.0,3.0,14.399999999999999,20.9,Yes,No
2011-08-16,Brisbane,10.5,23.6,0.0,4.0,10.5,E,24.000000000000004,SW,ENE,7.0,9.0,67.0,53.99999999999999,1021.6,1017.5,2.0,3.0,16.2,21.1,No,No
2011-08-17,Brisbane,11.4,21.8,0.0,4.0,4.9,ENE,22.0,SW,NE,4.0,6.0,70.0,60.00000000000001,1020.5000000000001,1017.8,3.0,6.0,16.3,19.1,No,No
2011-08-18,Brisbane,13.8,21.8,0.0,3.4,5.6,W,43.0,NE,W,4.0,16.999999999999996,80.99999999999999,34.0,1015.0,1012.3,6.0,1.0,16.2,21.3,No,No
2011-08-19,Brisbane,6.0,21.4,0.0,4.6,10.8,W,33.0,WSW,WSW,9.0,11.0,42.0,33.0,1017.9,1014.6,1.0,2.0,16.1,21.1,No,No
2011-08-20,Brisbane,8.7,22.2,0.0,5.2,7.8,S,26.0,SW,S,7.0,9.0,55.0,50.0,1021.6,1018.8,1.0,7.0,15.4,20.0,No,Yes
2011-08-21,Brisbane,12.1,21.5,3.0,4.4,1.9,SE,37.0,SSW,SE,6.0,16.999999999999996,89.0,51.0,1026.4,1024.2,8.0,7.0,13.2,19.9,Yes,Yes
2011-08-22,Brisbane,12.400000000000002,21.2,8.0,5.8,8.3,SE,48.00000000000001,SW,SSE,6.0,19.999999999999996,70.0,49.00000000000001,1028.2,1026.1,6.0,5.0,16.0,20.3,Yes,Yes
2011-08-23,Brisbane,13.900000000000002,21.6,15.199999999999998,3.2,6.6,ESE,44.0,SW,ESE,4.0,11.0,88.0,74.0,1026.9,1024.2,3.0,5.0,17.0,20.0,Yes,Yes
2011-08-24,Brisbane,13.400000000000002,22.3,6.8,3.6,5.2,SSE,35.0,SSW,SE,6.0,14.999999999999998,66.0,55.0,1025.7,1022.7,7.0,7.0,17.8,20.6,Yes,No
2011-08-25,Brisbane,14.199999999999998,23.0,0.0,4.0,6.1,SSE,24.000000000000004,SW,ESE,7.0,9.0,61.0,64.0,1025.0,1022.4000000000001,7.0,4.0,19.0,21.2,No,No
2011-08-26,Brisbane,13.199999999999998,22.1,0.0,4.0,5.2,E,20.0,SW,E,6.0,13.0,69.0,65.0,1025.2,1021.7,1.0,7.0,19.3,21.6,No,Yes
2011-08-27,Brisbane,16.1,20.3,5.2,4.0,0.0,NE,22.0,E,ENE,7.0,7.000000000000001,94.0,93.0,1021.9,1015.7,8.0,8.0,17.9,18.9,Yes,Yes
2011-08-28,Brisbane,15.4,24.9,23.599999999999998,2.0,8.4,W,20.0,WSW,ENE,7.0,6.0,69.0,56.0,1019.7,1016.5,5.0,4.0,19.4,22.5,Yes,No
2011-08-29,Brisbane,13.699999999999998,25.4,0.0,2.6,10.2,E,19.0,SW,NE,4.0,7.000000000000001,73.0,53.99999999999999,1020.7,1017.3,1.0,3.0,19.0,24.2,No,No
2011-08-30,Brisbane,15.9,22.5,0.0,3.6,2.8,NE,28.0,W,ENE,2.0,7.000000000000001,76.0,62.0,1020.8,1017.0,7.0,7.0,17.8,21.2,No,Yes
2011-08-31,Brisbane,12.5,24.2,12.8,2.8,10.9,E,20.0,SW,ENE,7.0,9.0,80.0,52.0,1022.7,1019.4,1.0,1.0,16.1,22.3,Yes,No
2011-09-01,Brisbane,12.8,23.9,0.0,3.6,10.8,E,22.0,SSW,NE,2.0,9.0,69.0,45.0,1024.0,1019.8,1.0,2.0,18.4,22.8,No,No
2011-09-02,Brisbane,13.1,23.8,0.0,3.6,9.9,ESE,31.0,SSW,ESE,4.0,13.0,69.0,53.99999999999999,1025.1,1022.9,1.0,5.0,19.4,20.6,No,No
2011-09-03,Brisbane,11.8,22.1,0.0,5.6,9.2,SE,30.0,SSW,ESE,6.0,11.0,58.00000000000001,40.0,1029.2,1026.0,3.0,6.0,18.3,21.4,No,No
2011-09-04,Brisbane,12.6,21.6,0.0,5.8,8.3,SE,24.000000000000004,SSW,E,4.0,11.0,57.0,53.0,1029.0,1025.7,6.0,3.0,17.8,20.2,No,No
2011-09-05,Brisbane,13.400000000000002,22.5,0.4,3.7999999999999994,9.2,E,33.0,SSW,E,4.0,14.999999999999998,72.0,42.0,1028.5,1024.6,3.0,2.0,18.7,21.4,No,No
2011-09-06,Brisbane,12.2,23.5,0.2,5.0,10.0,ENE,22.0,WSW,E,4.0,11.0,62.0,56.0,1024.6,1019.9,4.0,4.0,18.5,21.7,No,No
2011-09-07,Brisbane,12.6,25.3,0.0,3.4,10.6,ENE,22.0,SW,NE,7.0,9.0,73.0,43.0,1020.8,1017.4,1.0,1.0,18.8,24.2,No,No
2011-09-08,Brisbane,12.7,25.2,0.0,4.8,11.0,ENE,26.0,W,NE,4.0,11.0,65.0,44.0,1020.6,1016.2,1.0,8.0,19.8,24.0,No,No
2011-09-09,Brisbane,15.199999999999998,22.7,0.0,5.0,2.0,WNW,37.0,N,SW,7.0,7.000000000000001,67.0,80.0,1012.6000000000001,1008.4,6.0,7.0,19.7,14.499999999999998,No,Yes
2011-09-10,Brisbane,10.7,19.6,14.6,4.2,11.2,W,46.0,W,W,19.0,22.0,50.0,28.0,1013.4,1010.1,1.0,1.0,13.799999999999999,19.0,Yes,No
2011-09-11,Brisbane,7.0,22.9,0.0,9.2,11.2,WSW,31.0,W,W,13.0,13.0,42.0,26.999999999999996,1017.2,1012.8,0.0,1.0,15.8,22.6,No,No
2011-09-12,Brisbane,8.8,21.6,0.0,7.4,8.3,ENE,26.0,SSW,NE,6.0,6.0,42.0,38.0,1021.0,1020.0,1.0,7.0,17.7,19.0,No,No
2011-09-13,Brisbane,11.4,22.2,0.0,4.6,9.6,E,24.000000000000004,S,ENE,6.0,9.0,55.0,52.0,1027.8,1024.5,3.0,2.0,18.4,20.2,No,No
2011-09-14,Brisbane,9.7,26.2,0.0,4.8,10.8,WNW,24.000000000000004,SSW,NNE,4.0,7.000000000000001,59.0,36.0,1027.1,1021.4999999999999,0.0,0.0,18.7,24.9,No,No
2011-09-15,Brisbane,10.2,27.700000000000003,0.0,6.0,11.3,NE,20.0,SW,ENE,6.0,9.0,49.0,21.0,1024.2,1019.4,0.0,1.0,18.9,25.8,No,No
2011-09-16,Brisbane,10.3,29.399999999999995,0.0,5.4,11.3,W,20.0,SW,NE,2.0,6.0,42.99999999999999,21.0,1021.4,1016.2,0.0,1.0,20.2,28.499999999999996,No,No
2011-09-17,Brisbane,11.2,31.6,0.0,5.6,11.0,NNE,17.0,SW,NNE,2.0,7.000000000000001,44.0,23.000000000000004,1019.8,1016.1,0.0,0.0,21.7,30.5,No,No
2011-09-18,Brisbane,13.900000000000002,32.3,0.0,5.8,10.6,NE,19.0,WSW,NE,4.0,7.000000000000001,47.0,25.0,1021.1,1017.2,0.0,0.0,21.7,30.2,No,No
2011-09-19,Brisbane,13.900000000000002,30.6,0.0,5.2,10.6,ENE,24.000000000000004,SSW,ENE,4.0,11.0,48.00000000000001,28.0,1021.2,1016.6,0.0,0.0,21.8,28.400000000000002,No,No
2011-09-20,Brisbane,13.6,26.3,0.0,4.4,10.3,NNE,31.0,ENE,NE,4.0,9.0,55.0,56.99999999999999,1018.1,1012.7,0.0,8.0,21.9,23.9,No,No
2011-09-21,Brisbane,15.799999999999999,25.1,0.0,5.0,11.2,E,31.0,SE,E,15.0,14.999999999999998,56.0,46.00000000000001,1019.2,1017.1,2.0,1.0,22.5,23.6,No,No
2011-09-22,Brisbane,14.199999999999998,24.7,0.0,7.2,11.0,ESE,26.0,ESE,ENE,6.0,13.0,55.0,45.0,1024.7,1021.3000000000001,3.0,1.0,21.9,23.3,No,No
2011-09-23,Brisbane,12.3,25.7,0.0,6.2,10.7,ENE,22.0,W,NE,4.0,9.0,58.00000000000001,51.0,1022.8,1017.8,1.0,1.0,20.5,24.3,No,No
2011-09-24,Brisbane,14.799999999999999,26.4,0.0,5.2,9.9,N,24.000000000000004,WNW,NNE,2.0,9.0,65.0,52.0,1020.1999999999999,1016.0,7.0,2.0,21.0,24.9,No,No
2011-09-25,Brisbane,17.5,26.1,0.2,6.4,9.4,NE,28.0,NW,NE,11.0,13.0,62.0,66.0,1015.4,1009.0,4.0,5.0,22.3,23.1,No,No
2011-09-26,Brisbane,13.5,23.8,0.0,4.8,8.2,SE,28.0,SSW,SE,6.0,9.0,53.00000000000001,55.0,1017.4,1015.6,2.0,7.0,20.6,21.6,No,No
2011-09-27,Brisbane,13.1,23.3,0.0,4.8,11.2,E,24.000000000000004,S,ESE,6.0,11.0,54.0,47.0,1021.7,1018.2,1.0,2.0,20.8,22.3,No,No
2011-09-28,Brisbane,12.400000000000002,22.6,0.0,5.8,3.1,NE,19.0,WSW,ENE,2.0,6.0,57.0,53.99999999999999,1020.0,1016.5,7.0,7.0,20.0,21.1,No,No
2011-09-29,Brisbane,16.9,22.1,0.0,4.0,3.1,NNW,28.0,N,NNW,4.0,9.0,69.0,66.0,1013.2,1006.7,8.0,2.0,18.5,21.4,No,Yes
2011-09-30,Brisbane,9.9,26.3,3.2,3.7999999999999994,11.6,WNW,39.0,WSW,W,15.0,14.999999999999998,30.0,21.0,1011.0,1006.2,0.0,0.0,20.9,25.4,Yes,No
2011-10-01,Brisbane,12.0,27.399999999999995,0.0,8.0,9.4,W,44.0,WSW,WSW,6.0,14.999999999999998,55.0,23.000000000000004,1006.0,1001.9,1.0,3.0,18.9,25.5,No,No
2011-10-02,Brisbane,12.400000000000002,22.5,0.0,9.4,11.5,W,48.00000000000001,WSW,WSW,15.0,19.999999999999996,40.0,30.000000000000004,1010.5,1009.0,1.0,5.0,17.9,20.8,No,No
2011-10-03,Brisbane,13.3,22.6,0.0,9.6,6.0,SSE,28.0,S,NE,9.0,4.0,50.0,72.0,1018.1,1016.5,2.0,7.0,20.0,17.9,No,Yes
2011-10-04,Brisbane,10.6,24.7,6.0,5.2,11.4,SSE,28.0,WSW,ENE,6.0,13.0,53.00000000000001,44.0,1022.0,1018.1,0.0,1.0,18.3,22.1,Yes,No
2011-10-05,Brisbane,12.2,22.6,0.2,5.8,7.299999999999999,E,19.0,SSE,E,6.0,6.0,56.0,52.0,1021.9,1017.4,7.0,7.0,19.6,21.1,No,Yes
2011-10-07,Brisbane,15.9,26.3,5.4,2.4,8.4,W,20.0,SW,N,4.0,6.0,68.0,51.0,1014.0,1009.3,4.0,3.0,21.3,25.600000000000005,Yes,Yes
2011-10-08,Brisbane,15.5,24.7,14.6,6.4,3.6,WSW,43.0,WSW,WNW,13.0,9.0,93.0,46.00000000000001,1011.6,1005.9,8.0,7.0,15.6,23.6,Yes,Yes
2011-10-09,Brisbane,12.7,29.1,1.4,1.4,11.1,W,33.0,S,W,4.0,9.0,53.00000000000001,29.0,1010.9,1005.6,1.0,7.0,23.1,28.299999999999997,Yes,No
2011-10-10,Brisbane,14.799999999999999,25.8,0.0,5.4,5.1,W,19.0,SW,SW,6.0,6.0,67.0,39.0,1012.0000000000001,1008.4,7.0,4.0,18.5,25.1,No,No
2011-10-11,Brisbane,14.199999999999998,27.700000000000003,0.0,3.7999999999999994,11.8,NE,28.0,N,N,2.0,7.000000000000001,52.0,44.0,1012.8,1008.3,2.0,2.0,23.4,26.0,No,No
2011-10-12,Brisbane,15.700000000000001,27.600000000000005,0.0,5.8,10.9,ENE,24.000000000000004,SE,ENE,6.0,13.0,65.0,59.0,1015.2,1012.1,5.0,1.0,22.9,25.5,No,No
2011-10-13,Brisbane,18.5,27.299999999999997,0.0,4.0,6.8,E,30.0,E,NE,9.0,13.0,69.0,63.00000000000001,1019.2,1016.1,7.0,7.0,24.1,25.1,No,Yes
2011-10-14,Brisbane,17.1,26.900000000000002,30.799999999999997,8.6,7.8,E,24.000000000000004,S,E,2.0,13.0,78.0,62.0,1017.8,1013.1,7.0,2.0,21.4,25.7,Yes,Yes
2011-10-15,Brisbane,19.4,27.5,13.8,4.4,5.8,S,28.0,SSW,ENE,4.0,9.0,83.0,68.0,1009.3,1004.8,8.0,1.0,22.1,25.0,Yes,Yes
2011-10-16,Brisbane,15.199999999999998,29.300000000000004,6.2,5.6,12.0,ENE,20.0,WSW,ENE,4.0,11.0,64.0,49.00000000000001,1014.2,1013.2,0.0,1.0,23.5,26.9,Yes,No
2011-10-17,Brisbane,19.7,22.5,0.6,4.2,1.0,SSE,54.0,SE,SE,13.0,16.999999999999996,74.0,63.00000000000001,1025.9,1026.5,7.0,7.0,21.3,20.3,No,No
2011-10-18,Brisbane,16.9,23.8,0.4,5.8,9.0,SE,33.0,ESE,ESE,15.0,19.0,42.0,47.0,1031.0,1028.5,5.0,6.0,21.4,22.5,No,No
2011-10-19,Brisbane,15.9,23.2,0.0,7.800000000000001,8.8,E,31.0,SSE,E,7.0,14.999999999999998,65.0,48.0,1029.9,1026.4,7.0,7.0,20.6,22.4,No,No
2011-10-20,Brisbane,15.299999999999999,24.0,0.0,6.4,5.7,E,26.0,E,E,7.0,13.0,52.0,50.0,1028.3,1024.7,7.0,6.0,21.6,23.2,No,No
2011-10-21,Brisbane,16.1,25.6,0.0,4.0,10.4,E,30.0,ESE,E,11.0,13.0,59.0,51.0,1025.8,1022.5,7.0,5.0,22.2,24.1,No,No
2011-10-22,Brisbane,15.6,25.2,0.0,6.0,7.9,ENE,30.0,ESE,E,6.0,16.999999999999996,63.0,63.00000000000001,1024.5,1022.1999999999999,7.0,6.0,22.3,22.8,No,No
2011-10-23,Brisbane,15.299999999999999,25.1,0.0,6.0,12.0,E,28.0,E,ENE,7.0,11.0,56.0,53.0,1023.8,1020.8,4.0,2.0,22.7,24.0,No,No
2011-10-24,Brisbane,14.400000000000002,26.4,0.0,5.2,11.5,E,24.000000000000004,WSW,NE,4.0,9.0,60.0,47.0,1019.9000000000001,1015.3,5.0,7.0,23.0,25.600000000000005,No,No
2011-10-25,Brisbane,16.2,28.3,0.0,5.8,11.1,NNE,28.0,E,NNE,2.0,11.0,58.00000000000001,58.0,1015.5,1011.5,2.0,6.0,25.1,26.4,No,No
2011-10-26,Brisbane,20.3,27.399999999999995,0.0,6.2,7.1,E,30.0,SSE,E,6.0,11.0,69.0,62.0,1015.8,1013.4,7.0,2.0,24.3,25.5,No,Yes
2011-10-27,Brisbane,16.8,25.7,6.2,7.2,6.1,SSE,35.0,S,SE,6.0,14.999999999999998,68.0,67.0,1018.0,1015.9,5.0,5.0,23.6,23.3,Yes,No
2011-10-28,Brisbane,19.3,23.9,0.0,5.6,0.8,SE,22.0,ESE,E,11.0,9.0,62.0,62.0,1019.0,1016.2,6.0,7.0,23.0,23.3,No,No
2011-10-29,Brisbane,19.8,26.4,0.0,4.8,5.7,ENE,19.0,NNW,NE,4.0,7.000000000000001,62.0,60.00000000000001,1016.2,1013.1,8.0,2.0,22.6,24.9,No,No
2011-10-30,Brisbane,18.2,27.8,0.0,4.0,7.299999999999999,SE,26.0,NW,NNE,2.0,9.0,66.0,60.00000000000001,1014.1,1010.3,6.0,6.0,24.6,27.300000000000004,No,Yes
2011-10-31,Brisbane,20.3,25.6,28.4,5.0,1.5,SE,39.0,SE,SE,17.0,14.999999999999998,71.0,60.00000000000001,1015.7,1014.9,8.0,7.0,22.9,23.2,Yes,No
2011-11-01,Brisbane,18.1,24.9,0.0,7.2,8.9,S,24.000000000000004,SSE,E,9.0,7.000000000000001,58.00000000000001,51.0,1018.7,1014.4,6.0,6.0,22.2,24.1,No,No
2011-11-02,Brisbane,18.1,28.0,0.0,5.0,12.0,ENE,26.0,NNE,NNE,6.0,7.000000000000001,58.00000000000001,55.0,1014.0,1008.9,4.0,3.0,24.2,27.000000000000004,No,No
2011-11-03,Brisbane,17.1,28.199999999999996,0.0,6.2,12.3,SE,30.0,S,ENE,4.0,13.0,54.0,62.0,1010.7999999999998,1007.6,1.0,1.0,26.0,26.4,No,No
2011-11-04,Brisbane,20.4,26.900000000000002,0.0,6.6,9.8,E,30.0,ESE,ENE,13.0,16.999999999999996,57.0,53.99999999999999,1016.4,1014.7,3.0,2.0,24.2,25.5,No,No
2011-11-05,Brisbane,18.6,25.2,0.0,9.4,7.0,E,20.0,ESE,ENE,7.0,9.0,64.0,49.00000000000001,1020.3,1017.5,7.0,7.0,23.0,24.5,No,No
2011-11-06,Brisbane,16.1,26.499999999999996,0.0,5.2,9.9,NE,28.0,NE,NE,6.0,11.0,55.0,49.00000000000001,1018.2,1014.8,3.0,6.0,23.1,24.9,No,No
2011-11-07,Brisbane,15.799999999999999,27.0,0.0,9.2,12.0,NE,26.0,NNE,NNE,7.0,9.0,52.0,53.0,1018.5,1015.4,1.0,1.0,25.5,26.0,No,No
2011-11-08,Brisbane,18.0,27.600000000000005,0.0,7.4,13.1,NNE,28.0,NW,NE,9.0,11.0,53.00000000000001,46.00000000000001,1019.7,1016.1,2.0,1.0,24.3,26.7,No,No
2011-11-09,Brisbane,18.0,28.4,0.0,7.800000000000001,12.4,NE,28.0,NNW,NE,7.0,11.0,55.0,56.0,1019.5999999999999,1016.0,2.0,1.0,25.8,26.9,No,No
2011-11-10,Brisbane,18.1,29.9,0.0,8.0,12.2,NNE,28.0,N,NE,6.0,11.0,48.00000000000001,55.0,1017.5,1014.0,1.0,2.0,26.800000000000004,27.999999999999996,No,No
2011-11-11,Brisbane,21.6,29.300000000000004,0.0,8.6,9.7,E,28.0,ENE,ENE,7.0,14.999999999999998,66.0,53.99999999999999,1020.0,1017.9,7.0,1.0,25.5,27.900000000000002,No,No
2011-11-12,Brisbane,21.4,28.199999999999996,0.0,8.2,12.5,E,22.0,NE,ENE,7.0,7.000000000000001,56.0,47.0,1019.2,1016.3,4.0,1.0,25.8,27.200000000000003,No,No
2011-11-13,Brisbane,20.5,28.500000000000004,0.0,7.599999999999999,11.0,NE,30.0,N,NE,6.0,11.0,56.0,55.0,1017.7,1013.7,6.0,7.0,25.8,26.800000000000004,No,No
2011-11-14,Brisbane,22.1,29.9,0.0,8.0,12.2,ENE,30.0,NNE,NE,9.0,13.0,51.0,58.0,1016.5,1013.3,2.0,1.0,27.099999999999998,27.300000000000004,No,No
2011-11-15,Brisbane,19.4,32.4,0.0,9.0,12.2,ENE,22.0,N,NNE,4.0,11.0,51.0,52.0,1017.3,1014.6,0.0,1.0,27.900000000000002,29.6,No,No
2011-11-16,Brisbane,21.9,30.4,0.0,8.0,10.5,NNE,26.0,NNW,NE,6.0,13.0,50.0,45.0,1018.7,1015.5,1.0,3.0,28.6,28.299999999999997,No,No
2011-11-17,Brisbane,21.8,28.9,0.0,8.4,6.5,ENE,20.0,ENE,NNE,9.0,7.000000000000001,53.00000000000001,52.0,1019.1,1015.8,6.0,7.0,26.800000000000004,27.700000000000003,No,No
2011-11-18,Brisbane,20.8,28.500000000000004,0.0,6.2,3.8,NE,22.0,NNE,NE,6.0,7.000000000000001,60.0,52.0,1018.8,1015.5,6.0,5.0,25.9,27.000000000000004,No,No
2011-11-19,Brisbane,18.7,28.6,0.0,7.0,12.5,ENE,24.000000000000004,ENE,ENE,7.0,11.0,54.0,50.0,1019.1,1016.2,3.0,1.0,26.4,26.9,No,No
2011-11-20,Brisbane,19.0,29.600000000000005,0.0,9.4,12.4,NNE,30.0,NE,NNE,9.0,13.0,54.0,53.0,1018.1,1013.3,2.0,1.0,26.4,27.799999999999997,No,No
2011-11-21,Brisbane,19.5,29.9,0.0,11.4,12.5,E,28.0,NW,NNE,6.0,9.0,50.0,39.0,1016.1,1013.2,2.0,1.0,27.4,28.799999999999997,No,No
2011-11-22,Brisbane,19.7,28.999999999999996,0.0,11.2,9.2,NE,39.0,NE,NE,9.0,14.999999999999998,55.0,56.99999999999999,1015.3,1011.1,7.0,7.0,25.9,27.500000000000004,No,No
2011-11-23,Brisbane,22.4,30.9,0.0,10.0,7.1,NE,28.0,N,NE,6.0,13.0,59.0,69.0,1014.1,1011.6,7.0,6.0,28.200000000000003,27.900000000000002,No,Yes
2011-11-24,Brisbane,20.4,24.8,1.6,6.8,0.0,SW,17.0,SSW,S,4.0,4.0,90.0,80.0,1018.6,1016.4,7.0,7.0,20.9,24.1,Yes,Yes
2011-11-26,Brisbane,22.8,29.5,0.6,7.599999999999999,5.9,N,28.0,N,NNE,9.0,9.0,55.0,70.0,1013.9,1010.9,6.0,7.0,27.700000000000003,26.2,No,Yes
2011-11-27,Brisbane,20.9,33.9,3.2,7.2,12.6,NE,24.000000000000004,SSW,ENE,4.0,13.0,60.0,56.0,1012.3,1009.5,1.0,2.0,27.700000000000003,29.899999999999995,Yes,No
2011-11-30,Brisbane,20.8,28.999999999999996,0.0,9.4,7.499999999999999,ENE,26.0,ENE,ENE,7.0,9.0,57.0,61.0,1016.4,1012.6,7.0,4.0,27.4,27.900000000000002,No,No
2011-12-01,Brisbane,21.9,28.3,0.0,6.2,0.9,SE,35.0,WSW,SE,6.0,11.0,65.0,71.0,1011.6999999999999,1010.6,7.0,7.0,27.4,23.5,No,Yes
2011-12-02,Brisbane,16.7,24.9,13.000000000000002,5.0,2.3,SSE,33.0,SSW,SE,7.0,13.0,58.00000000000001,56.99999999999999,1015.3,1014.2,7.0,7.0,22.8,23.6,Yes,No
2011-12-03,Brisbane,15.799999999999999,27.1,0.0,7.0,12.2,E,30.0,SE,E,13.0,13.0,49.0,44.0,1017.8,1014.9,3.0,2.0,24.0,25.3,No,No
2011-12-04,Brisbane,16.4,27.9,0.0,9.8,8.7,E,22.0,ENE,NE,4.0,9.0,58.00000000000001,53.99999999999999,1015.6,1011.2,7.0,7.0,24.5,26.0,No,No
2011-12-05,Brisbane,19.4,25.6,0.0,6.8,2.4,ESE,37.0,SSE,ESE,11.0,14.999999999999998,64.0,58.0,1015.3,1013.4,7.0,7.0,23.2,23.3,No,No
2011-12-06,Brisbane,17.9,23.6,0.0,8.6,0.0,SSE,33.0,SSE,SE,15.0,14.999999999999998,55.0,56.99999999999999,1015.5,1013.2,7.0,7.0,22.1,21.7,No,Yes
2011-12-07,Brisbane,16.8,19.9,5.799999999999999,12.2,0.0,SE,20.0,S,E,7.0,7.000000000000001,93.0,93.0,1011.2,1009.5,8.0,8.0,17.3,18.0,Yes,Yes
2011-12-08,Brisbane,17.3,25.4,36.0,2.8,1.7,SE,37.0,SSW,SE,6.0,16.999999999999996,96.00000000000001,69.0,1008.8,1007.8,8.0,7.0,19.6,23.0,Yes,Yes
2011-12-09,Brisbane,16.9,27.5,2.4,3.7999999999999994,10.8,E,24.000000000000004,SSE,E,9.0,11.0,58.00000000000001,62.0,1012.5,1010.5,4.0,7.0,24.9,25.4,Yes,Yes
2011-12-10,Brisbane,18.7,26.900000000000002,19.4,4.8,2.2,NE,20.0,SSW,NE,2.0,9.0,90.99999999999999,82.0,1011.6,1006.6,7.0,6.0,20.7,23.0,Yes,Yes
2011-12-11,Brisbane,18.5,30.4,1.6,5.0,6.8,WSW,30.0,SE,WNW,4.0,4.0,72.0,88.0,1005.5,1004.1,2.0,7.0,26.800000000000004,24.6,Yes,Yes
2011-12-12,Brisbane,21.3,32.9,10.0,3.2,10.2,W,33.0,SSW,W,4.0,14.999999999999998,74.0,41.0,1002.2,999.1,6.0,4.0,27.200000000000003,32.4,Yes,No
2011-12-13,Brisbane,18.4,31.1,0.0,5.2,11.1,ENE,28.0,NNW,ENE,4.0,14.999999999999998,54.0,66.0,1006.0,1005.0,1.0,3.0,26.100000000000005,27.200000000000003,No,Yes
2011-12-14,Brisbane,19.2,28.4,2.0,8.2,10.6,E,31.0,SSE,E,4.0,16.999999999999996,67.0,62.0,1013.0,1011.1,4.0,5.0,26.100000000000005,26.4,Yes,Yes
2011-12-15,Brisbane,18.5,24.6,1.2,7.2,0.0,SE,26.0,E,ESE,7.0,14.999999999999998,83.0,71.0,1017.0,1015.1,8.0,8.0,21.5,22.2,Yes,No
2011-12-16,Brisbane,19.6,25.7,0.2,2.0,2.4,SE,30.0,ESE,ESE,11.0,16.999999999999996,55.0,55.0,1018.2,1017.3,8.0,6.0,23.8,23.4,No,No
2011-12-17,Brisbane,17.3,27.1,0.0,6.6,10.9,ENE,35.0,SE,ESE,11.0,19.0,52.0,50.0,1019.8,1017.6,5.0,4.0,24.2,24.9,No,No
2011-12-18,Brisbane,16.8,25.5,0.0,9.2,2.1,E,24.000000000000004,SE,ENE,7.0,9.0,60.0,53.99999999999999,1018.6,1016.0,7.0,8.0,24.4,24.3,No,No
2011-12-19,Brisbane,17.6,27.0,0.0,5.8,6.0,ENE,28.0,NNE,NE,6.0,11.0,61.0,53.99999999999999,1015.3,1011.9,7.0,7.0,23.8,25.9,No,No
2011-12-20,Brisbane,19.1,29.1,0.0,7.0,12.2,NNE,26.0,NW,NNE,6.0,9.0,54.0,51.0,1013.2,1011.4,6.0,4.0,26.0,27.300000000000004,No,No
2011-12-21,Brisbane,21.7,27.9,0.0,7.2,9.3,ENE,24.000000000000004,W,ENE,2.0,14.999999999999998,76.0,56.0,1015.2,1013.0,5.0,3.0,24.3,26.300000000000004,No,Yes
2011-12-22,Brisbane,19.0,28.199999999999996,3.4,7.800000000000001,10.9,E,33.0,ESE,E,13.0,14.999999999999998,61.0,52.0,1014.9,1012.9,6.0,7.0,26.100000000000005,26.9,Yes,No
2011-12-23,Brisbane,20.6,27.600000000000005,0.4,7.4,0.9,SE,33.0,SE,SE,15.0,13.0,66.0,86.0,1011.0,1009.4,7.0,8.0,25.9,22.7,No,Yes
2011-12-24,Brisbane,20.4,27.600000000000005,29.6,3.6,4.2,SE,37.0,SE,ESE,13.0,16.999999999999996,87.0,62.0,1009.1,1007.5,8.0,7.0,23.9,26.4,Yes,Yes
2011-12-25,Brisbane,19.4,28.9,1.8000000000000003,6.6,12.3,SE,37.0,SE,ESE,11.0,19.0,62.0,52.0,1008.6,1006.4,3.0,1.0,25.7,27.500000000000004,Yes,No
2011-12-26,Brisbane,18.7,31.5,0.0,10.4,13.1,ENE,26.0,WSW,E,9.0,13.0,55.0,50.0,1007.5,1003.9,1.0,1.0,25.600000000000005,29.1,No,No
2011-12-27,Brisbane,21.4,32.5,0.0,7.4,4.5,SE,43.0,WSW,E,4.0,4.0,67.0,48.0,1004.6,1001.1,7.0,6.0,26.600000000000005,31.7,No,Yes
2011-12-28,Brisbane,18.5,28.9,5.4,3.2,11.0,SSE,24.000000000000004,SSW,SE,7.0,4.0,56.0,56.0,1008.1,1006.0,2.0,6.0,26.0,27.4,Yes,No
2011-12-29,Brisbane,19.7,28.099999999999998,0.0,2.4,7.8,E,30.0,SSW,ESE,4.0,9.0,57.0,56.0,1010.4,1009.3,7.0,7.0,24.6,26.800000000000004,No,No
2011-12-30,Brisbane,20.2,28.4,0.0,7.4,5.3,SE,43.0,S,ESE,6.0,19.0,56.0,61.0,1014.5,1013.1,6.0,6.0,24.6,25.5,No,No
2011-12-31,Brisbane,18.8,25.9,0.2,6.2,5.5,SE,33.0,SSE,SSE,11.0,13.0,58.00000000000001,59.0,1016.5,1014.7,6.0,7.0,25.1,24.5,No,Yes
2012-01-01,Brisbane,18.0,27.9,2.4,5.6,13.1,E,33.0,SSE,ESE,9.0,14.999999999999998,55.0,46.00000000000001,1016.4,1013.9,4.0,3.0,25.1,26.9,Yes,No
2012-01-02,Brisbane,17.8,28.4,0.0,8.0,13.0,E,28.0,SSE,E,7.0,11.0,53.00000000000001,45.0,1018.0,1015.7,2.0,2.0,25.8,27.200000000000003,No,No
2012-01-04,Brisbane,17.4,28.8,0.0,7.599999999999999,12.7,NNE,28.0,ESE,NE,2.0,9.0,52.0,48.0,1017.4,1013.0,2.0,2.0,25.3,28.299999999999997,No,No
2012-01-05,Brisbane,19.8,27.700000000000003,0.0,7.800000000000001,6.6,ENE,26.0,ENE,NE,2.0,11.0,68.0,59.0,1015.5,1013.2,7.0,3.0,26.300000000000004,26.2,No,No
2012-01-06,Brisbane,18.6,31.300000000000004,0.0,7.2,8.3,NE,22.0,SW,ENE,4.0,11.0,62.0,53.99999999999999,1012.2,1009.5,7.0,2.0,25.5,29.1,No,No
2012-01-07,Brisbane,21.4,28.199999999999996,0.0,7.0,5.8,E,20.0,ESE,E,4.0,9.0,75.0,65.0,1014.9,1012.7,7.0,5.0,24.2,27.000000000000004,No,No
2012-01-08,Brisbane,23.4,30.500000000000004,0.0,6.4,11.6,ENE,26.0,NNW,NNE,6.0,11.0,65.0,62.0,1013.1,1009.1,2.0,1.0,26.9,28.900000000000002,No,No
2012-01-09,Brisbane,22.8,33.8,0.0,8.0,12.7,ENE,24.000000000000004,NW,ENE,6.0,11.0,54.0,56.99999999999999,1007.8,1003.5,2.0,2.0,29.699999999999996,33.0,No,No
2012-01-10,Brisbane,24.6,32.9,0.0,9.0,10.6,E,28.0,S,E,4.0,14.999999999999998,71.0,56.0,1008.7,1005.5,6.0,1.0,28.6,30.399999999999995,No,No
2012-01-11,Brisbane,23.2,37.1,0.0,7.599999999999999,11.9,W,33.0,WSW,WSW,9.0,11.0,37.0,16.0,1007.3,1003.1,7.0,5.0,31.5,36.29999999999999,No,No
2012-01-12,Brisbane,20.9,28.6,0.0,12.4,9.6,SE,35.0,SE,E,7.0,16.999999999999996,46.0,49.00000000000001,1012.1,1011.4,4.0,5.0,27.200000000000003,25.8,No,No
2012-01-13,Brisbane,20.8,28.099999999999998,0.0,10.6,9.7,E,28.0,E,ENE,6.0,11.0,55.0,53.0,1016.4,1013.6,5.0,5.0,24.8,25.9,No,No
2012-01-14,Brisbane,19.1,27.0,0.0,8.0,3.1,ENE,26.0,ENE,ENE,6.0,13.0,61.0,56.99999999999999,1015.3,1012.5,7.0,7.0,24.6,25.8,No,Yes
2012-01-15,Brisbane,19.7,26.3,2.4,7.2,2.8,ENE,37.0,ESE,SE,11.0,6.0,64.0,63.00000000000001,1014.5,1013.0,7.0,7.0,25.1,25.1,Yes,Yes
2012-01-16,Brisbane,18.8,25.0,44.4,3.6,0.2,SE,43.0,ESE,ESE,9.0,13.0,90.0,75.0,1016.5,1015.0,7.0,7.0,21.6,23.8,Yes,Yes
2012-01-17,Brisbane,19.4,26.3,34.2,3.6,0.0,SE,26.0,E,SE,9.0,6.0,96.00000000000001,93.0,1016.0,1013.6,7.0,7.0,22.2,22.7,Yes,Yes
2012-01-18,Brisbane,20.0,29.399999999999995,5.4,1.6,7.499999999999999,E,20.0,WSW,ENE,6.0,11.0,72.0,70.0,1012.7,1010.7,2.0,7.0,26.2,27.599999999999998,Yes,No
2012-01-19,Brisbane,20.7,30.9,0.0,5.0,12.3,ESE,31.0,SE,ESE,7.0,16.999999999999996,65.0,62.0,1013.9,1011.7,3.0,2.0,27.500000000000004,29.1,No,No
2012-01-20,Brisbane,20.6,30.3,0.0,10.0,8.8,SE,35.0,SSE,SE,7.0,16.999999999999996,64.0,61.0,1013.7,1011.9,7.0,4.0,26.7,27.500000000000004,No,No
2012-01-21,Brisbane,20.0,30.199999999999996,0.0,7.599999999999999,9.7,ESE,35.0,SSE,SE,7.0,14.999999999999998,56.0,63.00000000000001,1012.5,1010.3,3.0,7.0,27.099999999999998,27.300000000000004,No,No
2012-01-22,Brisbane,21.1,29.600000000000005,0.0,8.0,9.7,ENE,37.0,ESE,ESE,13.0,11.0,58.00000000000001,56.0,1014.3,1012.3,7.0,7.0,26.9,28.099999999999998,No,No
2012-01-23,Brisbane,21.1,27.5,0.6,6.6,0.5,SSE,30.0,ESE,ESE,9.0,7.000000000000001,73.0,91.0,1013.6,1012.7,7.0,8.0,26.600000000000005,23.2,No,Yes
2012-01-24,Brisbane,21.1,23.5,31.2,2.2,0.0,E,33.0,ESE,ESE,9.0,13.0,97.0,96.0,1012.0000000000001,1009.9,8.0,8.0,23.0,22.6,Yes,Yes
2012-01-25,Brisbane,21.3,26.6,168.4,2.6,0.7,NE,26.0,S,NE,2.0,6.0,98.0,88.0,1008.5,1005.8,8.0,8.0,23.3,24.6,Yes,Yes
2012-01-27,Brisbane,23.2,25.4,8.6,3.2,0.0,ESE,33.0,E,ESE,2.0,13.0,95.0,96.99999999999999,1011.3,1009.3,8.0,8.0,24.2,24.0,Yes,Yes
2012-01-29,Brisbane,21.8,26.3,18.0,4.6,0.0,E,30.0,ESE,ENE,4.0,7.000000000000001,98.0,95.0,1010.2,1007.8,8.0,8.0,23.3,25.0,Yes,Yes
2012-01-30,Brisbane,22.3,28.199999999999996,15.8,2.2,6.3,NE,26.0,ENE,NE,11.0,11.0,83.0,72.0,1009.4,1006.7,6.0,5.0,25.9,27.599999999999998,Yes,No
2012-02-02,Brisbane,22.4,28.4,0.4,7.0,9.9,E,33.0,ENE,ENE,17.0,11.0,66.0,60.00000000000001,1006.2,1004.2,6.0,6.0,27.099999999999998,27.099999999999998,No,Yes
2012-02-04,Brisbane,20.3,29.399999999999995,0.2,4.4,8.6,ESE,22.0,SSE,SE,6.0,9.0,61.0,55.0,1003.8,1001.5,2.0,6.0,26.9,28.099999999999998,No,No
2012-02-05,Brisbane,19.9,31.7,0.0,5.8,11.1,E,24.000000000000004,SW,ENE,4.0,9.0,63.0,53.99999999999999,1003.7,999.5,3.0,2.0,26.4,30.3,No,No
2012-02-06,Brisbane,22.3,34.0,0.0,7.0,11.2,E,22.0,WNW,E,4.0,14.999999999999998,68.0,62.0,1001.1,998.8,1.0,5.0,27.599999999999998,30.399999999999995,No,No
2012-02-07,Brisbane,23.3,30.500000000000004,0.0,5.0,10.6,WSW,31.0,SE,ENE,6.0,9.0,65.0,65.0,1004.8,1002.2,4.0,2.0,28.6,29.1,No,No
2012-02-09,Brisbane,19.9,30.500000000000004,32.2,6.4,12.1,SE,35.0,SSW,SE,7.0,16.999999999999996,68.0,59.0,1010.1,1008.1,3.0,4.0,26.5,27.599999999999998,Yes,No
2012-02-10,Brisbane,19.8,28.999999999999996,0.0,6.4,12.0,E,24.000000000000004,S,E,6.0,11.0,62.0,56.99999999999999,1012.4,1009.8,2.0,1.0,26.0,27.599999999999998,No,No
2012-02-11,Brisbane,20.0,30.199999999999996,0.0,6.4,10.6,NE,22.0,SW,E,4.0,9.0,75.0,59.0,1012.4,1008.9,6.0,3.0,24.8,29.3,No,Yes
2012-02-12,Brisbane,20.7,32.2,1.2,7.800000000000001,10.0,SW,35.0,SW,ENE,2.0,13.0,69.0,58.0,1014.3,1010.9,1.0,2.0,27.200000000000003,30.8,Yes,Yes
2012-02-13,Brisbane,21.0,29.5,14.8,6.6,8.1,SE,35.0,NE,ENE,4.0,13.0,73.0,65.0,1015.9,1013.1,3.0,5.0,27.200000000000003,28.499999999999996,Yes,Yes
2012-02-14,Brisbane,20.9,29.300000000000004,1.6,6.4,10.9,E,33.0,SE,ESE,9.0,16.999999999999996,64.0,63.00000000000001,1017.4,1015.2,1.0,3.0,26.600000000000005,27.599999999999998,Yes,No
2012-02-15,Brisbane,19.9,29.700000000000003,0.0,7.800000000000001,11.6,SE,35.0,SE,ESE,11.0,16.999999999999996,61.0,52.0,1018.5,1015.7,2.0,1.0,26.100000000000005,28.099999999999998,No,No
2012-02-16,Brisbane,19.6,29.399999999999995,0.0,9.6,11.6,SE,31.0,SSE,ESE,9.0,13.0,60.0,53.0,1017.8,1015.4,2.0,2.0,26.5,28.099999999999998,No,No
2012-02-17,Brisbane,20.1,29.9,0.0,9.2,11.9,ESE,35.0,SSW,ESE,7.0,13.0,64.0,55.0,1016.9,1014.2,2.0,3.0,26.2,28.400000000000002,No,No
2012-02-18,Brisbane,20.1,29.700000000000003,0.0,8.6,8.7,E,26.0,S,ENE,7.0,11.0,65.0,61.0,1016.9,1014.3,4.0,5.0,26.4,29.1,No,No
2012-02-19,Brisbane,21.5,31.300000000000004,0.0,5.6,8.9,ENE,22.0,S,ENE,4.0,11.0,68.0,61.0,1017.3,1013.4,4.0,3.0,27.4,30.3,No,No
2012-02-20,Brisbane,21.9,32.4,0.0,6.0,11.2,NE,22.0,W,NNE,4.0,7.000000000000001,75.0,59.0,1013.9,1009.6,6.0,6.0,26.5,30.0,No,Yes
2012-02-21,Brisbane,22.6,31.2,20.0,7.0,5.3,ESE,26.0,N,NE,6.0,6.0,83.0,77.0,1009.4,1006.3,7.0,7.0,26.100000000000005,27.799999999999997,Yes,No
2012-02-22,Brisbane,22.9,29.5,0.2,5.4,9.5,ESE,33.0,SSE,E,11.0,14.999999999999998,64.0,62.0,1013.7,1011.9,2.0,7.0,26.5,27.500000000000004,No,Yes
2012-02-23,Brisbane,21.1,23.5,5.2,6.4,0.0,SE,19.0,SW,SSE,2.0,9.0,87.0,94.0,1018.5,1018.3,8.0,8.0,22.9,21.6,Yes,Yes
2012-02-24,Brisbane,20.1,27.1,10.4,5.0,0.0,SSE,24.000000000000004,SE,ESE,6.0,9.0,92.0,94.0,1020.1,1018.6,8.0,8.0,21.4,22.3,Yes,Yes
2012-02-25,Brisbane,20.7,28.9,58.4,3.0,5.7,E,39.0,E,E,13.0,16.999999999999996,84.0,79.0,1019.7,1017.9,7.0,7.0,27.000000000000004,26.4,Yes,Yes
2012-02-26,Brisbane,22.3,29.2,13.999999999999998,3.7999999999999994,6.2,E,28.0,ESE,ESE,9.0,11.0,74.0,71.0,1020.8,1017.8,5.0,6.0,26.5,26.0,Yes,No
2012-02-28,Brisbane,21.1,29.700000000000003,0.0,7.2,11.6,ENE,26.0,E,ENE,15.0,9.0,64.0,58.0,1016.8,1014.8,2.0,3.0,27.099999999999998,28.6,No,No
2012-02-29,Brisbane,20.6,30.6,0.0,6.8,11.5,NE,24.000000000000004,S,NNE,4.0,9.0,71.0,63.00000000000001,1016.3,1012.1,2.0,1.0,27.200000000000003,29.399999999999995,No,No
2012-03-01,Brisbane,20.6,31.2,0.0,6.6,10.8,NE,24.000000000000004,W,NE,4.0,11.0,68.0,56.99999999999999,1013.0,1009.0,7.0,7.0,26.800000000000004,29.699999999999996,No,No
2012-03-02,Brisbane,19.5,32.1,0.0,8.0,11.2,ENE,20.0,SW,NE,4.0,7.000000000000001,61.0,50.0,1011.0,1008.5,6.0,1.0,27.4,31.4,No,No
2012-03-03,Brisbane,22.7,28.099999999999998,0.8,6.8,6.0,E,28.0,SE,ESE,9.0,7.000000000000001,78.0,88.0,1015.2,1013.5,7.0,7.0,26.600000000000005,26.9,No,Yes
2012-03-04,Brisbane,21.0,30.0,16.4,4.4,4.5,E,28.0,ESE,E,4.0,6.0,85.99999999999999,76.0,1015.5,1012.8,7.0,7.0,26.2,27.4,Yes,Yes
2012-03-05,Brisbane,23.1,25.9,22.2,4.4,0.0,E,22.0,E,ESE,9.0,11.0,98.0,91.0,1012.5,1009.9,8.0,8.0,23.9,24.7,Yes,Yes
2012-03-06,Brisbane,21.6,26.1,7.599999999999999,2.6,2.9,SE,28.0,SSE,SSE,7.0,9.0,78.0,70.0,1012.7,1010.9,7.0,6.0,25.1,25.0,Yes,Yes
2012-03-07,Brisbane,19.2,28.7,7.4,2.8,10.3,SE,30.0,S,ESE,7.0,9.0,66.0,53.0,1012.0000000000001,1008.1,1.0,5.0,24.4,27.200000000000003,Yes,No
2012-03-08,Brisbane,18.3,28.999999999999996,0.0,7.0,9.6,E,20.0,SSW,ENE,4.0,9.0,63.0,62.0,1011.5,1007.8,4.0,4.0,24.2,26.600000000000005,No,No
2012-03-09,Brisbane,19.9,31.7,0.0,7.0,11.7,SW,24.000000000000004,SW,SSW,7.0,6.0,68.0,32.0,1011.5,1008.3,1.0,1.0,25.1,30.7,No,No
2012-03-10,Brisbane,16.9,31.400000000000002,0.0,4.6,11.5,E,20.0,WSW,ENE,7.0,7.000000000000001,50.0,50.0,1013.3,1011.4,1.0,2.0,24.7,29.399999999999995,No,No
2012-03-12,Brisbane,20.3,27.600000000000005,0.2,4.6,8.6,E,31.0,SE,E,4.0,13.0,67.0,60.00000000000001,1018.7,1017.3,4.0,4.0,25.7,25.8,No,No
2012-03-13,Brisbane,18.4,28.4,0.0,7.0,9.8,SE,39.0,SE,ESE,9.0,16.999999999999996,61.0,50.0,1020.5000000000001,1017.7,5.0,6.0,25.8,27.599999999999998,No,Yes
2012-03-15,Brisbane,20.5,27.299999999999997,8.2,2.0,2.8,NE,26.0,SSE,E,9.0,13.0,79.0,79.0,1016.0,1012.8,7.0,8.0,25.2,25.3,Yes,No
2012-03-16,Brisbane,20.3,29.700000000000003,0.6,4.2,11.1,SE,26.0,SSE,E,9.0,13.0,72.0,61.0,1014.1,1010.9,2.0,1.0,26.300000000000004,27.999999999999996,No,No
2012-03-17,Brisbane,22.5,28.4,0.4,5.6,2.4,S,31.0,SSW,E,4.0,11.0,82.0,79.0,1013.4,1010.5,7.0,8.0,26.800000000000004,25.7,No,Yes
2012-03-18,Brisbane,20.1,26.000000000000004,22.2,4.0,0.0,SE,33.0,SSW,SE,4.0,13.0,88.0,68.0,1015.7,1013.6,8.0,7.0,23.0,25.2,Yes,No
2012-03-19,Brisbane,18.4,28.099999999999998,0.2,4.4,6.3,ESE,28.0,SSW,SSW,6.0,2.0,73.0,68.0,1016.0,1012.2,3.0,7.0,23.3,25.8,No,Yes
2012-03-20,Brisbane,20.7,27.9,4.4,3.7999999999999994,7.1,SE,37.0,ESE,ESE,13.0,14.999999999999998,84.0,65.0,1014.0,1010.7,5.0,4.0,24.5,27.099999999999998,Yes,Yes
2012-03-21,Brisbane,19.4,28.3,3.4,5.0,2.6,ESE,22.0,ESE,ESE,7.0,11.0,76.0,73.0,1009.4,1005.7,7.0,7.0,24.5,25.3,Yes,No
2012-03-22,Brisbane,22.2,25.1,0.2,4.0,0.0,ENE,26.0,ESE,SE,11.0,9.0,83.0,96.99999999999999,1006.8,1004.9,8.0,8.0,24.9,21.7,No,Yes
2012-03-23,Brisbane,19.8,30.099999999999998,16.0,0.8,3.4,WNW,19.0,SW,W,4.0,4.0,93.0,66.0,1004.4,1001.8,7.0,5.0,21.7,29.199999999999996,Yes,No
2012-03-24,Brisbane,18.5,27.9,0.0,4.2,9.2,ESE,28.0,SW,E,6.0,13.0,48.00000000000001,64.0,1010.9,1010.8,6.0,5.0,24.3,26.7,No,No
2012-03-25,Brisbane,19.0,26.800000000000004,0.0,5.4,8.6,SE,33.0,SE,ESE,11.0,14.999999999999998,60.0,60.00000000000001,1018.6,1017.8,6.0,3.0,24.6,24.4,No,No
2012-03-26,Brisbane,17.0,26.499999999999996,0.0,8.0,10.8,E,28.0,SSE,ESE,6.0,13.0,64.0,52.0,1021.4,1019.2,2.0,1.0,24.4,25.4,No,No
2012-03-27,Brisbane,16.8,26.900000000000002,0.0,7.0,8.0,E,33.0,S,ESE,6.0,14.999999999999998,66.0,53.99999999999999,1021.6,1019.0,1.0,6.0,23.9,25.4,No,No
2012-03-28,Brisbane,18.0,27.2,0.0,5.2,9.2,SE,30.0,SE,ESE,7.0,14.999999999999998,65.0,50.0,1020.4,1017.0,5.0,2.0,24.5,26.100000000000005,No,No
2012-03-29,Brisbane,18.0,27.600000000000005,0.0,6.8,8.2,SSE,30.0,SSW,ESE,6.0,13.0,65.0,58.0,1018.4,1014.7,3.0,4.0,23.8,26.100000000000005,No,No
2012-03-30,Brisbane,18.1,28.199999999999996,0.2,5.0,9.5,E,30.0,SW,E,4.0,13.0,69.0,65.0,1016.4,1013.6,1.0,3.0,24.6,25.8,No,Yes
2012-03-31,Brisbane,17.5,28.500000000000004,2.0,6.2,11.0,SE,30.0,SSW,SE,6.0,13.0,70.0,55.0,1016.8,1013.4,1.0,1.0,23.6,26.7,Yes,No
2012-04-01,Brisbane,17.6,28.7,0.2,6.0,8.2,SSE,30.0,WSW,SSW,6.0,6.0,69.0,52.0,1016.0,1012.4,1.0,4.0,23.3,27.700000000000003,No,No
2012-04-02,Brisbane,18.0,30.3,0.0,6.6,10.7,SE,20.0,SW,WSW,7.0,6.0,65.0,42.0,1015.6,1011.9,1.0,3.0,23.8,29.8,No,No
2012-04-03,Brisbane,18.3,30.500000000000004,0.0,5.2,10.4,SE,24.000000000000004,SSW,S,6.0,6.0,66.0,39.0,1015.6,1012.2,1.0,2.0,23.9,29.8,No,No
2012-04-04,Brisbane,17.7,28.8,0.0,5.2,10.5,ENE,24.000000000000004,WSW,ESE,7.0,11.0,68.0,53.0,1016.8,1014.0,1.0,2.0,23.9,26.600000000000005,No,No
2012-04-05,Brisbane,17.9,28.4,0.0,6.6,8.7,E,26.0,SW,ESE,4.0,11.0,70.0,53.0,1019.3000000000001,1016.1,2.0,2.0,23.5,26.100000000000005,No,No
2012-04-06,Brisbane,17.7,27.399999999999995,0.0,8.0,10.6,E,26.0,S,ESE,6.0,13.0,63.0,58.0,1020.0,1016.4,5.0,4.0,23.5,24.7,No,No
2012-04-07,Brisbane,16.1,29.300000000000004,0.0,6.4,10.6,WNW,15.0,SSW,SE,4.0,6.0,68.0,45.0,1018.3,1014.3,1.0,1.0,22.6,28.200000000000003,No,No
2012-04-08,Brisbane,17.5,27.299999999999997,0.0,4.6,8.8,E,22.0,SSW,E,4.0,11.0,70.0,67.0,1020.0,1016.9,2.0,6.0,23.5,25.7,No,No
2012-04-09,Brisbane,17.0,30.500000000000004,0.0,4.8,10.7,NE,20.0,SSW,NE,4.0,6.0,80.0,59.0,1017.6,1013.1,1.0,1.0,22.399999999999995,28.6,No,No
2012-04-10,Brisbane,18.5,28.4,0.0,5.8,9.5,ESE,35.0,SW,E,6.0,16.999999999999996,62.0,56.99999999999999,1018.0,1016.7,4.0,2.0,22.9,23.6,No,No
2012-04-11,Brisbane,15.1,24.4,0.0,7.800000000000001,8.7,ESE,31.0,SSW,ESE,7.0,13.0,56.0,50.0,1025.0,1022.9,2.0,4.0,20.4,23.4,No,No
2012-04-12,Brisbane,14.900000000000002,24.9,0.0,6.2,8.6,SE,39.0,S,SE,7.0,9.0,61.0,69.0,1027.9,1026.4,1.0,5.0,21.1,21.0,No,Yes
2012-04-13,Brisbane,16.1,25.8,3.4,4.6,6.3,ESE,30.0,WSW,ESE,6.0,11.0,88.0,59.0,1028.6,1025.9,6.0,7.0,18.9,23.9,Yes,Yes
2012-04-14,Brisbane,17.2,25.2,2.4,4.4,6.5,ESE,28.0,SW,ESE,4.0,7.000000000000001,78.0,72.0,1025.8,1022.2999999999998,3.0,2.0,22.3,23.6,Yes,Yes
2012-04-15,Brisbane,18.3,23.9,12.4,3.4,5.1,SSE,20.0,SSW,SSE,4.0,6.0,90.0,93.0,1023.8,1020.5,7.0,7.0,21.1,21.7,Yes,Yes
2012-04-16,Brisbane,18.6,25.3,7.599999999999999,3.6,3.7,E,20.0,SSW,E,4.0,9.0,90.99999999999999,72.0,1021.0,1017.5,7.0,7.0,21.8,23.2,Yes,Yes
2012-04-17,Brisbane,18.4,25.4,7.200000000000001,3.7999999999999994,4.6,E,26.0,SE,E,2.0,9.0,92.0,61.0,1018.2,1014.8,7.0,3.0,20.8,24.6,Yes,No
2012-04-18,Brisbane,17.7,26.6,0.0,2.8,10.0,ESE,26.0,SSE,ESE,2.0,13.0,73.0,67.0,1016.7,1013.1,5.0,3.0,23.2,24.6,No,No
2012-04-19,Brisbane,18.0,27.9,0.2,5.6,10.5,E,19.0,SW,ENE,6.0,7.000000000000001,73.0,62.0,1016.5,1013.3,3.0,2.0,23.4,26.9,No,No
2012-04-20,Brisbane,18.6,27.2,0.2,3.6,3.4,ESE,24.000000000000004,SW,SE,4.0,11.0,78.0,72.0,1016.3,1013.2,6.0,7.0,24.3,25.0,No,No
2012-04-21,Brisbane,18.1,29.9,0.0,3.2,10.4,ENE,17.0,WSW,ENE,6.0,9.0,72.0,61.0,1014.6,1011.1,1.0,3.0,23.6,27.799999999999997,No,No
2012-04-22,Brisbane,18.2,28.6,0.2,3.4,8.7,WNW,22.0,WSW,NE,6.0,7.000000000000001,79.0,65.0,1015.5,1012.0,8.0,7.0,22.5,26.600000000000005,No,No
2012-04-23,Brisbane,18.2,27.600000000000005,0.0,3.2,6.5,ENE,17.0,W,NE,6.0,7.000000000000001,98.0,68.0,1016.1,1011.9,7.0,7.0,20.5,26.300000000000004,No,No
2012-04-24,Brisbane,20.4,25.8,0.0,2.6,1.0,W,22.0,SW,S,2.0,6.0,88.0,81.0,1014.0,1012.0,7.0,8.0,24.1,24.3,No,No
2012-04-25,Brisbane,19.3,22.8,0.2,3.4,1.9,W,30.0,W,WNW,7.0,7.000000000000001,73.0,49.00000000000001,1015.5,1012.0,7.0,7.0,20.8,22.7,No,No
2012-04-26,Brisbane,11.6,24.4,0.0,3.4,10.5,W,20.0,SSW,WSW,6.0,4.0,44.0,32.0,1018.3,1015.8,1.0,2.0,18.1,23.7,No,No
2012-04-27,Brisbane,13.900000000000002,20.4,0.2,4.0,0.1,SSE,19.0,SW,WSW,6.0,6.0,83.0,79.0,1021.8,1019.0,8.0,8.0,16.2,19.6,No,Yes
2012-04-30,Brisbane,16.9,24.6,0.0,3.0,8.2,SE,35.0,SSW,SE,6.0,13.0,67.0,55.0,1023.2,1020.5,1.0,2.0,21.3,23.5,No,No
2012-05-01,Brisbane,15.1,23.7,0.0,4.8,4.2,SE,28.0,S,ESE,6.0,7.000000000000001,72.0,63.00000000000001,1025.4,1022.4000000000001,1.0,7.0,21.0,22.7,No,Yes
2012-05-02,Brisbane,17.1,24.3,4.2,2.2,7.1,E,20.0,SSW,E,4.0,9.0,83.0,56.99999999999999,1023.4,1019.5,7.0,2.0,20.0,23.0,Yes,No
2012-05-03,Brisbane,16.1,25.0,0.0,4.6,7.700000000000001,ENE,22.0,SW,ENE,4.0,6.0,74.0,70.0,1019.5,1015.8,3.0,6.0,20.8,23.5,No,Yes
2012-05-04,Brisbane,16.8,24.8,7.8,3.2,6.700000000000001,SE,20.0,WSW,ESE,4.0,7.000000000000001,85.0,68.0,1017.5,1013.4,7.0,5.0,19.2,23.7,Yes,No
2012-05-05,Brisbane,14.799999999999999,25.2,0.0,3.6,10.2,W,22.0,SW,W,6.0,9.0,68.0,39.0,1014.8,1011.8,1.0,1.0,20.6,24.4,No,No
2012-05-06,Brisbane,10.6,24.7,0.0,4.8,10.2,WSW,17.0,SW,WSW,4.0,4.0,56.0,31.0,1018.0,1014.9,1.0,1.0,17.4,24.1,No,No
2012-05-07,Brisbane,11.2,25.4,0.0,3.6,10.3,SW,15.0,SW,NE,6.0,2.0,64.0,42.0,1018.6,1014.5,2.0,1.0,17.4,24.9,No,No
2012-05-08,Brisbane,11.8,26.3,0.0,4.0,10.2,E,17.0,SW,S,6.0,4.0,65.0,35.0,1018.1,1015.3,2.0,1.0,17.5,26.0,No,No
2012-05-09,Brisbane,12.8,26.1,0.0,2.6,9.9,ENE,13.0,SW,NE,4.0,7.000000000000001,73.0,43.0,1022.7,1019.9,0.0,1.0,18.5,24.6,No,No
2012-05-10,Brisbane,13.1,26.7,0.0,3.4,9.7,NE,17.0,SW,NNE,4.0,7.000000000000001,73.0,49.00000000000001,1024.3,1020.2,1.0,1.0,18.9,24.9,No,No
2012-05-11,Brisbane,13.400000000000002,25.8,0.0,3.6,10.1,NNW,15.0,SW,NNE,4.0,6.0,80.99999999999999,53.0,1023.1,1018.2,1.0,1.0,18.9,24.3,No,No
2012-05-12,Brisbane,13.400000000000002,27.2,0.0,3.7999999999999994,10.1,W,13.0,SW,NW,2.0,6.0,83.0,38.0,1019.1,1014.6,0.0,1.0,17.6,27.099999999999998,No,No
2012-05-13,Brisbane,12.8,25.8,0.0,3.2,10.0,W,39.0,W,W,4.0,19.999999999999996,59.0,29.0,1016.3,1013.1,0.0,0.0,20.8,25.1,No,No
2012-05-14,Brisbane,10.0,21.4,0.0,7.2,9.9,WSW,22.0,SW,ENE,6.0,7.000000000000001,42.99999999999999,35.0,1020.0,1018.4,0.0,1.0,16.1,20.0,No,No
2012-05-15,Brisbane,8.1,23.4,0.0,5.4,9.5,SW,19.0,SW,SW,7.0,4.0,52.0,38.0,1022.5,1018.7,1.0,1.0,15.199999999999998,23.2,No,No
2012-05-16,Brisbane,10.2,24.3,0.0,4.8,9.9,WSW,17.0,SW,S,7.0,2.0,67.0,36.0,1022.8,1019.4,1.0,1.0,16.4,23.4,No,No
2012-05-17,Brisbane,10.9,24.9,0.0,3.7999999999999994,9.8,E,20.0,SW,NNE,7.0,4.0,69.0,60.00000000000001,1023.6,1020.4,1.0,2.0,16.8,22.8,No,No
2012-05-18,Brisbane,11.9,24.1,0.0,3.7999999999999994,8.7,E,19.0,SW,ESE,6.0,7.000000000000001,76.0,48.0,1024.2,1021.0999999999999,1.0,5.0,17.3,22.0,No,No
2012-05-19,Brisbane,10.8,24.4,0.0,3.4,9.3,ESE,17.0,SSW,ENE,4.0,9.0,75.0,51.0,1023.8,1020.4,1.0,1.0,17.0,22.6,No,No
2012-05-20,Brisbane,11.3,24.0,0.0,3.7999999999999994,9.4,ESE,20.0,SSW,E,2.0,7.000000000000001,78.0,49.00000000000001,1023.8,1020.5,1.0,5.0,16.5,22.1,No,No
2012-05-21,Brisbane,11.7,22.9,0.0,3.2,5.9,SSE,20.0,SW,E,6.0,7.000000000000001,72.0,61.0,1024.5,1022.0,3.0,6.0,17.0,22.0,No,No
2012-05-22,Brisbane,13.699999999999998,24.8,0.0,2.2,9.8,ENE,17.0,WSW,NNE,6.0,6.0,76.0,50.0,1025.8,1022.2999999999998,2.0,3.0,18.4,23.8,No,No
2012-05-23,Brisbane,13.0,23.7,0.0,3.7999999999999994,7.4,ENE,20.0,WSW,NNE,4.0,7.000000000000001,79.0,56.99999999999999,1026.3,1022.8000000000001,2.0,5.0,17.9,23.5,No,No
2012-05-26,Brisbane,11.3,19.7,10.6,1.8,8.2,W,30.0,W,W,9.0,13.0,67.0,45.0,1019.2,1015.0,6.0,3.0,13.2,19.3,Yes,No
2012-05-27,Brisbane,8.4,22.6,0.2,4.0,8.9,SW,22.0,SW,SSE,6.0,4.0,56.0,45.0,1018.7,1015.8,1.0,3.0,14.8,21.2,No,No
2012-05-28,Brisbane,10.2,22.7,0.0,3.0,8.7,SSE,26.0,SW,S,7.0,9.0,63.0,51.0,1021.6,1019.5,1.0,6.0,15.7,21.9,No,No
2012-05-29,Brisbane,13.3,22.5,0.0,3.2,9.6,SE,35.0,SSW,SE,6.0,16.999999999999996,70.0,56.0,1025.3,1024.2,1.0,4.0,18.2,22.1,No,No
2012-05-30,Brisbane,13.199999999999998,22.9,0.0,3.6,7.2,SE,35.0,SSW,SE,2.0,11.0,85.0,56.0,1029.5,1026.7,6.0,4.0,16.7,21.8,No,Yes
2012-05-31,Brisbane,14.699999999999998,21.0,13.2,3.6,2.4,SE,31.0,S,SSE,7.0,7.000000000000001,90.99999999999999,72.0,1028.6,1026.1,6.0,8.0,16.9,19.1,Yes,Yes
2012-06-01,Brisbane,13.699999999999998,22.0,6.0,0.0,3.2,ESE,26.0,SSE,E,6.0,11.0,88.0,85.0,1024.9,1021.6,7.0,7.0,18.5,19.1,Yes,Yes
2012-06-02,Brisbane,15.199999999999998,22.4,13.000000000000002,1.6,0.8,ENE,26.0,SW,E,2.0,9.0,94.0,82.0,1019.5999999999999,1015.6,7.0,7.0,16.8,20.4,Yes,Yes
2012-06-04,Brisbane,13.8,22.4,0.2,1.0,9.7,W,44.0,W,W,9.0,19.0,74.0,47.0,1007.7,1004.5,1.0,2.0,18.8,21.5,No,No
2012-06-05,Brisbane,12.1,17.9,0.0,6.6,9.9,WNW,46.0,W,WNW,17.0,19.999999999999996,55.0,43.0,1007.6,1004.1,1.0,2.0,14.699999999999998,17.2,No,No
2012-06-06,Brisbane,10.7,22.0,0.0,5.6,8.3,W,30.0,WSW,S,11.0,7.000000000000001,58.00000000000001,42.0,1011.0,1010.3,1.0,2.0,14.699999999999998,21.6,No,No
2012-06-07,Brisbane,12.1,21.1,0.0,5.4,7.499999999999999,SE,22.0,SW,ESE,7.0,9.0,68.0,51.0,1018.2,1016.7,1.0,4.0,16.3,20.1,No,No
2012-06-08,Brisbane,11.0,20.7,0.0,3.2,4.0,SSE,28.0,SSW,ESE,6.0,11.0,72.0,56.99999999999999,1022.8,1020.8,6.0,7.0,15.3,18.8,No,No
2012-06-09,Brisbane,12.7,20.3,0.0,2.4,6.0,SSE,26.0,WSW,SE,6.0,11.0,79.0,61.0,1023.8,1020.5,6.0,5.0,14.9,18.9,No,Yes
2012-06-10,Brisbane,12.8,17.9,6.999999999999999,0.2,0.0,SSE,22.0,SW,SSE,4.0,7.000000000000001,98.0,80.0,1021.1,1016.5,7.0,7.0,13.2,17.2,Yes,Yes
2012-06-11,Brisbane,13.199999999999998,19.0,5.2,1.6,0.4,SW,30.0,SSW,SW,7.0,11.0,79.0,82.0,1012.8,1009.8,7.0,8.0,15.9,15.6,Yes,Yes
2012-06-12,Brisbane,14.0,21.9,1.6,2.4,8.8,SW,33.0,SW,SSW,7.0,7.000000000000001,66.0,59.0,1010.2,1009.5,1.0,1.0,18.9,20.8,Yes,No
2012-06-13,Brisbane,13.5,22.7,0.4,3.4,7.9,S,26.0,SSW,S,7.0,4.0,68.0,53.0,1014.9,1013.3,2.0,2.0,17.5,21.9,No,No
2012-06-14,Brisbane,12.7,23.3,0.2,3.6,9.0,W,24.000000000000004,SW,SSW,7.0,6.0,72.0,52.0,1017.3,1015.3,0.0,2.0,17.2,21.8,No,No
2012-06-15,Brisbane,10.2,23.5,0.0,3.0,9.8,SW,13.0,SW,N,2.0,4.0,79.0,53.0,1020.5000000000001,1017.7,1.0,1.0,15.3,22.2,No,No
2012-06-17,Brisbane,13.199999999999998,23.4,0.0,2.2,9.9,W,26.0,W,W,7.0,9.0,64.0,33.0,1021.3,1018.4,1.0,0.0,18.0,22.8,No,No
2012-06-18,Brisbane,9.2,21.2,0.0,3.2,9.9,WSW,20.0,WSW,WSW,9.0,2.0,56.0,41.0,1022.6,1018.9,0.0,0.0,15.1,20.9,No,No
2012-06-19,Brisbane,8.4,21.8,0.0,2.8,10.0,W,20.0,WSW,W,6.0,11.0,71.0,39.0,1022.4,1018.4,0.0,1.0,13.799999999999999,20.3,No,No
2012-06-20,Brisbane,8.5,22.6,0.0,2.0,9.8,NE,19.0,SW,NNE,6.0,6.0,67.0,53.0,1023.0,1019.9,1.0,2.0,13.799999999999999,20.9,No,No
2012-06-21,Brisbane,8.2,22.9,0.0,3.4,9.8,NW,19.0,S,NNW,2.0,6.0,98.0,38.0,1021.8,1017.1,1.0,0.0,10.6,22.4,No,No
2012-06-23,Brisbane,12.900000000000002,19.1,0.0,3.2,0.4,WSW,24.000000000000004,WSW,NW,9.0,4.0,53.00000000000001,41.0,1022.2,1020.4,7.0,7.0,14.399999999999999,18.2,No,No
2012-06-24,Brisbane,11.8,19.6,0.0,3.7999999999999994,1.2,SE,22.0,WSW,SE,6.0,9.0,68.0,55.0,1027.7,1025.4,6.0,7.0,13.799999999999999,18.6,No,No
2012-06-25,Brisbane,13.400000000000002,17.4,0.2,2.8,0.2,WSW,17.0,SW,WSW,6.0,4.0,60.0,63.00000000000001,1027.9,1024.6,8.0,8.0,14.200000000000001,17.3,No,No
2012-06-26,Brisbane,13.3,16.1,0.0,2.0,0.0,WSW,17.0,S,SSW,2.0,2.0,76.0,90.0,1025.1,1023.5000000000001,8.0,8.0,15.8,14.100000000000001,No,Yes
2012-06-27,Brisbane,11.9,15.099999999999998,27.2,2.0,0.0,SSE,37.0,WSW,SSW,6.0,4.0,98.0,98.00000000000001,1024.2,1020.8,8.0,8.0,12.6,14.3,Yes,Yes
2012-06-28,Brisbane,12.6,19.0,21.4,1.4,0.0,SSE,33.0,SW,SSE,6.0,16.999999999999996,98.0,89.0,1017.5,1012.4,8.0,7.0,14.699999999999998,17.8,Yes,Yes
2012-06-29,Brisbane,14.699999999999998,23.3,13.2,1.2,8.8,SSE,24.000000000000004,SW,S,6.0,6.0,88.0,61.0,1012.5,1010.0,4.0,3.0,18.0,22.7,Yes,No
2012-06-30,Brisbane,11.6,23.0,0.0,2.0,9.8,W,17.0,SW,SW,7.0,2.0,87.0,47.0,1015.8,1012.7,1.0,1.0,15.4,22.9,No,No
2012-07-01,Brisbane,9.8,23.4,0.0,1.6,9.5,W,22.0,SSW,WNW,4.0,7.000000000000001,84.0,49.00000000000001,1018.4,1014.4,1.0,2.0,13.899999999999999,22.9,No,No
2012-07-02,Brisbane,6.5,19.6,0.0,3.4,10.1,W,26.0,WSW,W,7.0,11.0,48.00000000000001,34.0,1019.8,1016.3,0.0,0.0,13.899999999999999,19.1,No,No
2012-07-03,Brisbane,6.0,19.5,0.0,3.6,10.2,WNW,15.0,SW,W,4.0,4.0,58.00000000000001,42.0,1020.1,1016.8,0.0,0.0,12.9,18.9,No,No
2012-07-04,Brisbane,6.8,19.3,0.0,2.8,10.1,SW,20.0,SSW,WSW,4.0,6.0,58.00000000000001,35.0,1022.9,1021.0,1.0,0.0,12.4,18.9,No,No
2012-07-05,Brisbane,7.099999999999999,22.0,0.0,2.4,9.2,SW,20.0,WSW,SSW,7.0,6.0,61.0,43.0,1025.8,1023.2,1.0,3.0,13.300000000000002,21.0,No,No
2012-07-06,Brisbane,9.9,20.4,0.0,3.2,9.6,SE,33.0,SSW,SSE,9.0,11.0,65.0,52.0,1027.1,1024.9,1.0,2.0,15.3,18.9,No,No
2012-07-07,Brisbane,10.7,21.4,0.0,3.4,4.8,ESE,26.0,SW,ESE,4.0,11.0,75.0,53.0,1028.0,1025.6,3.0,5.0,15.0,19.8,No,No
2012-07-08,Brisbane,10.7,21.3,0.0,2.8,9.3,E,24.000000000000004,SW,ESE,6.0,11.0,77.0,53.0,1028.4,1025.9,2.0,3.0,14.100000000000001,19.5,No,No
2012-07-09,Brisbane,11.4,21.0,0.0,3.0,7.700000000000001,E,28.0,SW,ESE,4.0,13.0,74.0,66.0,1029.0,1025.2,3.0,3.0,15.3,19.1,No,Yes
2012-07-10,Brisbane,12.3,18.7,4.2,2.4,0.0,E,22.0,SSE,E,2.0,9.0,98.0,83.0,1025.9,1022.5999999999999,7.0,8.0,15.9,17.5,Yes,Yes
2012-07-13,Brisbane,18.7,22.9,19.2,1.4,0.8,SW,17.0,NE,NE,2.0,6.0,98.0,95.0,1017.1,1013.8,7.0,8.0,21.0,21.3,Yes,Yes
2012-07-14,Brisbane,17.8,24.5,12.0,0.2,4.3,WNW,28.0,WSW,W,6.0,9.0,82.0,56.99999999999999,1016.9,1014.8,6.0,7.0,19.9,21.9,Yes,No
2012-07-15,Brisbane,15.700000000000001,21.1,0.4,3.4,4.8,W,30.0,W,WSW,9.0,11.0,75.0,39.0,1020.4,1018.0,8.0,2.0,15.8,20.6,No,No
2012-07-16,Brisbane,8.5,21.3,0.2,3.6,4.0,ESE,22.0,SW,E,6.0,13.0,64.0,52.0,1026.8,1024.1,0.0,6.0,13.799999999999999,20.6,No,Yes
2012-07-17,Brisbane,12.0,21.4,2.0,2.8,6.0,ESE,20.0,SW,E,2.0,9.0,78.0,58.0,1026.4,1022.1,7.0,3.0,15.4,21.1,Yes,No
2012-07-18,Brisbane,13.199999999999998,20.8,0.6,2.6,0.7,ENE,13.0,S,ENE,2.0,6.0,92.0,63.00000000000001,1021.1,1015.8,8.0,7.0,15.7,20.0,No,Yes
2012-07-19,Brisbane,13.900000000000002,22.2,7.4,3.4,9.6,SSE,22.0,SW,SSW,7.0,7.000000000000001,80.99999999999999,50.0,1016.1,1013.5,1.0,3.0,16.9,21.2,Yes,No
2012-07-20,Brisbane,9.8,21.9,0.2,1.8,9.8,WSW,20.0,SW,SW,9.0,6.0,59.0,46.00000000000001,1020.4,1017.6,1.0,3.0,14.9,21.6,No,No
2012-07-21,Brisbane,12.7,22.0,0.0,3.7999999999999994,6.4,SSW,22.0,SW,SSW,7.0,9.0,63.0,58.0,1021.8,1020.2,6.0,6.0,16.9,20.1,No,No
2012-07-22,Brisbane,12.400000000000002,21.2,0.0,3.6,7.8,SW,31.0,SW,SSW,7.0,9.0,64.0,58.0,1023.0,1021.2,1.0,6.0,17.1,18.2,No,No
2012-07-23,Brisbane,10.9,21.5,0.0,3.6,8.2,S,22.0,SW,SSW,6.0,7.000000000000001,68.0,48.0,1022.7,1019.7,1.0,2.0,15.5,21.3,No,No
2012-07-24,Brisbane,11.2,22.1,0.0,3.0,9.0,SE,20.0,SW,S,6.0,4.0,67.0,48.0,1024.4,1021.3000000000001,1.0,6.0,15.9,20.3,No,No
2012-07-25,Brisbane,10.5,21.3,0.0,3.7999999999999994,7.2,S,20.0,SSW,ENE,6.0,7.000000000000001,73.0,56.99999999999999,1022.9,1020.3,3.0,4.0,15.5,20.4,No,No
2012-07-26,Brisbane,12.8,22.0,0.0,2.2,6.4,NE,17.0,WSW,NE,6.0,9.0,75.0,56.99999999999999,1019.9000000000001,1015.1,5.0,6.0,16.4,20.3,No,No
2012-07-27,Brisbane,10.3,22.6,0.0,2.2,7.4,W,26.0,SW,NNW,6.0,6.0,82.0,46.00000000000001,1015.0,1010.2,2.0,4.0,14.9,20.0,No,No
2012-07-28,Brisbane,7.7,19.8,0.0,3.6,10.3,WNW,31.0,W,W,11.0,11.0,54.0,39.0,1017.4,1015.1,1.0,2.0,14.200000000000001,19.6,No,No
2012-07-29,Brisbane,6.599999999999999,20.4,0.0,6.0,9.7,W,20.0,SW,SW,4.0,6.0,62.0,41.0,1022.2,1019.1,0.0,2.0,13.600000000000001,19.9,No,No
2012-07-30,Brisbane,7.8999999999999995,21.6,0.0,4.2,9.9,WSW,17.0,SW,W,6.0,6.0,66.0,32.0,1021.4,1017.2,1.0,1.0,13.899999999999999,21.0,No,No
2012-07-31,Brisbane,8.5,21.4,0.0,3.6,10.0,SW,22.0,SSW,W,7.0,2.0,54.0,36.0,1023.3,1019.1,1.0,2.0,14.399999999999999,21.2,No,No
2012-08-01,Brisbane,7.8,21.1,0.0,3.6,10.0,WSW,20.0,SW,WSW,4.0,6.0,70.0,32.0,1022.4,1017.7,0.0,1.0,13.899999999999999,21.1,No,No
2012-08-02,Brisbane,4.6,20.7,0.0,2.4,10.4,WNW,22.0,SW,SSW,6.0,2.0,52.0,28.0,1021.6,1018.2,0.0,0.0,13.400000000000002,20.3,No,No
2012-08-03,Brisbane,4.1,21.6,0.0,3.6,9.3,W,24.000000000000004,SW,WSW,2.0,9.0,61.0,26.0,1020.3,1016.4,1.0,2.0,12.5,21.3,No,No
2012-08-04,Brisbane,5.4,22.5,0.0,4.4,10.2,ENE,19.0,SW,SSW,4.0,4.0,54.0,28.0,1021.3,1017.1,0.0,0.0,13.799999999999999,22.1,No,No
2012-08-05,Brisbane,5.9,23.6,0.0,4.0,10.2,W,26.0,WSW,S,6.0,4.0,65.0,25.0,1021.4,1016.1,0.0,1.0,12.1,23.1,No,No
2012-08-06,Brisbane,7.099999999999999,25.1,0.0,3.6,10.3,WSW,28.0,SSW,W,2.0,11.0,58.00000000000001,22.0,1019.9000000000001,1016.6,0.0,1.0,14.399999999999999,24.9,No,No
2012-08-08,Brisbane,6.700000000000001,23.7,0.0,3.4,10.1,NNW,19.0,SW,WNW,4.0,7.000000000000001,57.0,16.0,1024.3,1019.3,0.0,0.0,13.2,23.4,No,No
2012-08-09,Brisbane,7.3,25.5,0.0,3.7999999999999994,8.7,W,30.0,SSW,WNW,2.0,16.999999999999996,50.0,23.000000000000004,1018.1,1011.4,5.0,3.0,16.2,24.7,No,No
2012-08-10,Brisbane,10.5,19.3,0.0,6.0,10.3,SW,39.0,SW,WSW,9.0,13.0,41.0,22.0,1015.7,1012.2,1.0,0.0,13.799999999999999,18.8,No,No
2012-08-11,Brisbane,9.7,21.9,0.0,7.0,10.2,W,28.0,WSW,SSW,7.0,6.0,40.0,28.0,1017.9,1014.8,1.0,5.0,14.599999999999998,20.8,No,No
2012-08-12,Brisbane,9.0,22.1,0.0,4.6,7.2,SE,20.0,SW,S,6.0,7.000000000000001,51.0,38.0,1020.7,1017.9,3.0,6.0,16.6,20.9,No,No
2012-08-13,Brisbane,10.0,21.7,0.0,4.0,9.7,SE,20.0,SW,SE,6.0,6.0,57.0,47.0,1024.6,1021.4999999999999,1.0,4.0,15.7,19.6,No,No
2012-08-14,Brisbane,8.1,23.3,0.0,3.4,10.0,W,22.0,WSW,WNW,4.0,7.000000000000001,72.0,28.0,1024.2,1019.8,1.0,5.0,13.899999999999999,23.0,No,No
2012-08-15,Brisbane,7.8,24.8,0.0,3.2,10.2,W,24.000000000000004,SSW,WNW,2.0,6.0,60.0,26.0,1022.5,1017.8,0.0,1.0,14.8,24.3,No,No
2012-08-17,Brisbane,10.4,26.6,0.0,4.0,9.9,NNW,30.0,ENE,NE,2.0,7.000000000000001,68.0,50.0,1015.8,1010.4,3.0,3.0,17.8,23.7,No,No
2012-08-18,Brisbane,12.5,21.6,0.0,4.8,10.9,WNW,43.0,W,W,9.0,16.999999999999996,28.0,21.0,1016.7,1013.7,1.0,1.0,17.3,20.9,No,No
2012-08-19,Brisbane,7.3,20.4,0.0,7.599999999999999,8.9,W,19.0,SW,NE,9.0,7.000000000000001,39.0,34.0,1021.7,1019.4,2.0,8.0,15.6,18.9,No,No
2012-08-20,Brisbane,11.4,22.6,0.0,3.0,9.7,E,20.0,WSW,ENE,4.0,11.0,55.0,44.0,1023.1,1018.9,2.0,1.0,16.1,20.7,No,No
2012-08-21,Brisbane,10.5,22.3,0.0,3.6,7.2,ENE,20.0,SSE,ENE,4.0,9.0,69.0,49.00000000000001,1023.1,1019.3,7.0,7.0,17.4,21.1,No,No
2012-08-22,Brisbane,11.4,24.1,0.0,2.8,8.1,ENE,17.0,WSW,ENE,6.0,6.0,79.0,56.99999999999999,1021.5,1016.7,6.0,2.0,16.4,22.7,No,No
2012-08-23,Brisbane,12.8,26.1,0.0,2.2,10.2,NNE,22.0,ENE,NE,2.0,11.0,67.0,64.0,1020.1,1015.5,1.0,1.0,21.7,24.9,No,No
2012-08-24,Brisbane,17.9,27.600000000000005,0.0,3.7999999999999994,7.1,NNW,22.0,NW,ENE,4.0,9.0,77.0,63.00000000000001,1018.9,1014.7,6.0,5.0,21.4,25.2,No,No
2012-08-25,Brisbane,11.7,25.6,0.0,4.0,10.5,WSW,20.0,WSW,SW,7.0,4.0,34.0,18.0,1021.1,1016.3,1.0,0.0,18.9,25.3,No,No
2012-08-26,Brisbane,9.5,25.8,0.0,5.4,10.9,WNW,20.0,SW,S,6.0,4.0,54.0,24.0,1019.8,1014.8,0.0,1.0,16.5,24.9,No,No
2012-08-27,Brisbane,13.199999999999998,22.6,0.0,5.0,9.2,ESE,28.0,SE,E,13.0,11.0,58.00000000000001,43.0,1022.2,1019.6,7.0,2.0,19.5,20.9,No,No
2012-08-28,Brisbane,10.6,22.4,0.0,7.0,9.8,ENE,19.0,SSW,NE,4.0,9.0,60.0,46.00000000000001,1024.9,1020.8,1.0,2.0,17.3,21.1,No,No
2012-08-29,Brisbane,10.4,22.9,0.0,4.6,10.6,N,20.0,SW,NE,6.0,11.0,66.0,53.0,1023.2,1017.7,5.0,1.0,16.2,21.5,No,No
2012-08-30,Brisbane,11.3,25.6,0.0,4.4,10.3,NE,24.000000000000004,NNE,NE,4.0,11.0,63.0,60.00000000000001,1018.6,1013.1,1.0,1.0,19.9,23.7,No,No
2012-08-31,Brisbane,15.799999999999999,22.2,0.2,4.6,2.3,W,24.000000000000004,W,W,7.0,4.0,68.0,41.0,1016.1,1014.5,6.0,7.0,19.8,21.0,No,No
2012-09-01,Brisbane,9.3,22.2,0.0,6.4,10.5,W,26.0,SSW,W,6.0,6.0,35.0,23.000000000000004,1020.4,1016.8,0.0,0.0,15.8,22.1,No,No
2012-09-02,Brisbane,7.3,22.4,0.0,4.8,11.0,S,20.0,SW,NE,6.0,9.0,55.0,36.0,1024.0,1019.8,0.0,1.0,14.8,20.7,No,No
2012-09-03,Brisbane,8.6,24.6,0.0,4.0,10.9,NNE,15.0,WSW,ENE,4.0,7.000000000000001,60.0,40.0,1023.9,1018.8,0.0,1.0,16.5,22.9,No,No
2012-09-04,Brisbane,10.2,24.6,0.0,4.0,10.8,NNE,20.0,WSW,NNE,9.0,7.000000000000001,62.0,41.0,1025.3,1021.0999999999999,1.0,1.0,16.9,23.6,No,No
2012-09-05,Brisbane,11.1,23.7,0.0,6.6,10.7,NE,30.0,SW,NE,4.0,13.0,65.0,43.0,1024.1,1019.0,1.0,1.0,18.5,22.2,No,No
2012-09-06,Brisbane,14.6,27.299999999999997,0.0,5.8,10.6,NW,33.0,NW,NNE,11.0,11.0,52.0,49.00000000000001,1019.9000000000001,1014.8,1.0,1.0,21.5,24.5,No,No
2012-09-07,Brisbane,15.6,27.399999999999995,0.0,6.4,9.6,E,20.0,NNW,ENE,7.0,9.0,56.0,52.0,1015.4,1010.2,1.0,1.0,22.1,25.4,No,No
2012-09-08,Brisbane,12.1,27.1,0.0,7.800000000000001,11.2,WSW,30.0,WSW,WNW,11.0,13.0,25.0,16.0,1018.1,1013.2,0.0,0.0,19.1,26.5,No,No
2012-09-09,Brisbane,12.3,24.5,0.0,8.0,10.8,ESE,24.000000000000004,WSW,ENE,7.0,13.0,36.0,55.0,1020.9,1018.9,1.0,2.0,19.4,22.8,No,No
2012-09-10,Brisbane,16.0,23.3,0.0,6.2,5.0,SE,24.000000000000004,ESE,ENE,11.0,9.0,52.0,53.99999999999999,1026.1,1023.1000000000001,7.0,8.0,20.7,21.7,No,No
2012-09-11,Brisbane,12.400000000000002,25.0,0.0,4.0,10.1,E,19.0,WSW,ENE,7.0,9.0,66.0,39.0,1025.6,1020.9,1.0,1.0,19.3,24.6,No,No
2012-09-12,Brisbane,13.1,25.6,0.0,4.6,10.6,NE,22.0,NNW,ENE,2.0,11.0,62.0,43.0,1024.1,1019.9,1.0,1.0,20.8,24.3,No,No
2012-09-13,Brisbane,14.0,25.3,0.0,4.8,10.5,NNE,30.0,N,NNE,6.0,9.0,61.0,56.99999999999999,1018.7,1011.8,1.0,1.0,21.4,24.3,No,No
2012-09-14,Brisbane,13.0,23.2,0.0,7.599999999999999,10.5,WSW,28.0,SW,ESE,7.0,9.0,35.0,35.0,1017.5,1015.1,1.0,1.0,17.6,22.2,No,No
2012-09-15,Brisbane,10.9,23.4,0.0,6.8,10.4,NE,26.0,SW,E,6.0,11.0,53.00000000000001,45.0,1023.1,1019.9,1.0,1.0,18.6,21.8,No,No
2012-09-16,Brisbane,11.1,23.5,0.0,5.4,10.6,E,19.0,W,NE,6.0,9.0,60.0,46.00000000000001,1022.6,1017.7,5.0,5.0,17.5,22.3,No,No
2012-09-17,Brisbane,13.3,23.6,0.0,4.6,7.499999999999999,E,24.000000000000004,S,NE,4.0,11.0,63.0,51.0,1020.3,1017.0,3.0,7.0,20.9,22.4,No,No
2012-09-18,Brisbane,15.0,21.1,0.2,4.6,4.3,E,26.0,E,ENE,9.0,11.0,70.0,72.0,1019.8,1016.9,8.0,5.0,19.8,19.6,No,Yes
2012-09-19,Brisbane,13.199999999999998,27.600000000000005,1.2,3.7999999999999994,10.6,NE,31.0,S,NE,2.0,11.0,73.0,55.0,1018.7,1013.6,3.0,2.0,19.4,24.5,Yes,No
2012-09-20,Brisbane,14.799999999999999,28.4,0.2,3.7999999999999994,10.8,ENE,22.0,WSW,NE,6.0,11.0,67.0,53.0,1019.2,1014.5,1.0,0.0,21.4,25.1,No,No
2012-09-21,Brisbane,15.1,26.2,0.0,3.0,3.5,NNW,20.0,NW,N,2.0,6.0,84.0,75.0,1018.2,1014.2,7.0,7.0,19.2,22.3,No,No
2012-09-22,Brisbane,13.8,29.9,0.2,2.2,10.8,E,28.0,SW,ENE,4.0,14.999999999999998,59.0,55.0,1014.9,1010.9,1.0,1.0,24.7,25.4,No,No
2012-09-23,Brisbane,16.4,30.8,0.0,4.0,10.4,NE,22.0,SSW,ENE,6.0,9.0,65.0,53.99999999999999,1013.3,1009.3,1.0,1.0,23.7,27.099999999999998,No,No
2012-09-24,Brisbane,18.2,30.6,0.0,6.0,4.4,NNW,28.0,WNW,NE,6.0,6.0,83.0,66.0,1013.1,1009.1,7.0,8.0,19.8,24.6,No,No
2012-09-25,Brisbane,15.9,25.6,0.6,4.6,10.6,E,31.0,ESE,ESE,13.0,14.999999999999998,58.00000000000001,53.0,1018.5,1016.9,2.0,5.0,22.9,23.8,No,No
2012-09-26,Brisbane,15.299999999999999,24.7,0.0,7.0,6.9,ENE,28.0,E,E,9.0,13.0,53.00000000000001,42.0,1021.6,1018.5,4.0,3.0,21.7,23.2,No,No
2012-09-27,Brisbane,14.199999999999998,26.1,0.0,6.4,9.9,ENE,22.0,NE,ENE,4.0,11.0,51.0,49.00000000000001,1022.0,1017.9,3.0,2.0,22.7,23.9,No,No
2012-09-28,Brisbane,13.8,25.5,0.0,4.8,10.8,NE,28.0,N,NNE,7.0,14.999999999999998,56.0,59.0,1019.9000000000001,1014.8,1.0,1.0,22.5,23.9,No,No
2012-09-29,Brisbane,14.900000000000002,29.300000000000004,0.0,7.800000000000001,7.499999999999999,W,28.0,N,NE,9.0,7.000000000000001,50.0,53.0,1016.3,1011.5,5.0,6.0,22.6,25.5,No,Yes
2012-09-30,Brisbane,17.8,23.8,3.2,5.2,0.8,E,20.0,SW,E,4.0,6.0,70.0,56.99999999999999,1018.9,1017.2,8.0,7.0,20.6,23.7,Yes,No
2012-10-01,Brisbane,15.199999999999998,21.9,0.6,2.6,0.0,ESE,26.0,SSW,ESE,4.0,11.0,85.99999999999999,58.0,1024.8,1023.5000000000001,8.0,8.0,16.8,20.1,No,No
2012-10-03,Brisbane,14.199999999999998,25.1,0.0,7.599999999999999,9.6,ENE,30.0,S,ENE,6.0,9.0,52.0,46.00000000000001,1028.0,1024.0,7.0,2.0,21.4,23.5,No,No
2012-10-04,Brisbane,12.6,27.9,0.0,5.6,11.5,NNW,28.0,S,NE,4.0,9.0,58.00000000000001,48.0,1024.7,1019.4,2.0,0.0,21.7,24.9,No,No
2012-10-05,Brisbane,12.900000000000002,28.999999999999996,0.0,7.0,11.3,NE,26.0,SW,NNE,2.0,11.0,56.0,49.00000000000001,1022.6,1017.9,0.0,1.0,23.5,27.000000000000004,No,No
2012-10-06,Brisbane,14.299999999999999,30.9,0.0,5.4,11.4,NE,20.0,E,NE,6.0,11.0,45.0,48.0,1018.4,1013.1,0.0,1.0,26.100000000000005,28.6,No,No
2012-10-07,Brisbane,15.199999999999998,31.6,0.0,6.8,10.8,SE,43.0,NE,ENE,4.0,11.0,45.0,43.0,1013.3,1006.5,0.0,2.0,27.000000000000004,30.3,No,No
2012-10-08,Brisbane,18.1,24.8,0.0,7.800000000000001,6.1,E,26.0,ESE,E,6.0,9.0,64.0,62.0,1014.8,1010.6,7.0,3.0,20.5,22.6,No,No
2012-10-09,Brisbane,16.6,31.2,0.0,5.0,11.2,WNW,33.0,WNW,W,6.0,11.0,60.0,19.0,1012.1,1006.7,4.0,1.0,23.6,30.8,No,No
2012-10-10,Brisbane,17.2,28.3,0.0,9.0,9.1,NNE,31.0,ENE,NNE,6.0,11.0,66.0,68.0,1014.6,1008.8,7.0,1.0,22.9,26.9,No,No
2012-10-11,Brisbane,20.9,24.2,0.6,5.8,0.0,W,44.0,N,SW,7.0,4.0,79.0,92.00000000000001,1009.1,1007.6,8.0,8.0,22.5,17.1,No,Yes
2012-10-12,Brisbane,12.7,20.0,11.599999999999998,1.4,11.9,W,57.0,W,WSW,24.0,19.999999999999996,42.99999999999999,30.000000000000004,1015.2,1014.4,2.0,1.0,15.199999999999998,19.3,Yes,No
2012-10-13,Brisbane,8.8,25.4,0.0,11.8,12.1,NNE,24.000000000000004,SW,NNE,6.0,7.000000000000001,37.0,26.0,1022.3,1017.6,0.0,1.0,19.8,23.5,No,No
2012-10-14,Brisbane,11.3,27.9,0.0,6.8,11.8,SE,41.0,SW,ENE,6.0,11.0,47.0,33.0,1023.3,1018.9,1.0,1.0,20.4,24.7,No,No
2012-10-16,Brisbane,13.900000000000002,26.2,0.0,6.2,11.8,NE,28.0,E,NE,6.0,13.0,56.0,49.00000000000001,1024.6,1020.4,3.0,1.0,22.9,24.4,No,No
2012-10-17,Brisbane,13.900000000000002,28.7,0.0,6.8,12.0,NE,22.0,N,NNE,6.0,11.0,45.0,46.00000000000001,1020.9,1015.8,0.0,0.0,24.1,26.5,No,No
2012-10-18,Brisbane,16.5,28.6,0.0,9.0,10.3,NE,30.0,ESE,ENE,7.0,16.999999999999996,57.0,63.00000000000001,1020.5000000000001,1017.6,2.0,4.0,25.9,25.5,No,No
2012-10-19,Brisbane,19.4,27.2,0.4,5.6,11.5,NE,28.0,N,NE,7.0,11.0,58.00000000000001,58.0,1020.1,1015.6,2.0,8.0,24.7,25.600000000000005,No,No
2012-10-20,Brisbane,16.7,30.199999999999996,0.0,8.0,11.2,NE,28.0,NNW,NE,6.0,11.0,49.0,56.99999999999999,1016.4,1011.0,1.0,1.0,26.9,28.200000000000003,No,No
2012-10-21,Brisbane,16.3,31.6,0.0,6.6,11.2,E,24.000000000000004,ENE,NE,4.0,9.0,53.00000000000001,46.00000000000001,1015.6,1012.2,0.0,1.0,27.300000000000004,29.399999999999995,No,No
2012-10-22,Brisbane,20.6,33.2,0.0,5.6,11.2,ESE,41.0,NE,NE,4.0,9.0,53.00000000000001,51.0,1013.8,1007.6,6.0,2.0,27.500000000000004,30.0,No,No
2012-10-23,Brisbane,15.299999999999999,24.8,0.0,9.4,10.7,SE,37.0,S,ESE,9.0,13.0,35.0,46.00000000000001,1021.2,1018.6,1.0,7.0,21.6,22.0,No,No
2012-10-24,Brisbane,14.799999999999999,25.7,0.0,8.8,11.9,SE,39.0,SSE,E,11.0,19.0,45.0,44.0,1022.1,1017.6,3.0,2.0,21.9,24.1,No,No
2012-10-25,Brisbane,13.699999999999998,26.499999999999996,0.0,8.0,11.1,ENE,26.0,WSW,ENE,7.0,13.0,52.0,42.0,1018.1,1012.5,7.0,3.0,21.1,25.2,No,No
2012-10-26,Brisbane,13.699999999999998,31.300000000000004,0.0,7.800000000000001,11.4,NE,24.000000000000004,ENE,NNE,4.0,11.0,50.0,53.99999999999999,1010.9,1006.3,0.0,0.0,24.8,27.300000000000004,No,No
2012-10-27,Brisbane,18.9,29.600000000000005,0.0,5.4,8.8,E,37.0,SSE,E,7.0,19.999999999999996,55.0,51.0,1011.0,1010.7,2.0,7.0,27.000000000000004,25.5,No,Yes
2012-10-28,Brisbane,18.1,23.4,8.2,8.4,0.2,ESE,37.0,SE,ESE,15.0,14.999999999999998,55.0,53.99999999999999,1022.1,1020.2,7.0,7.0,21.3,21.3,Yes,No
2012-10-29,Brisbane,16.0,25.6,0.0,5.6,3.7,ESE,30.0,SSE,ESE,13.0,11.0,58.00000000000001,43.0,1022.1,1018.8,7.0,6.0,20.9,23.4,No,No
2012-10-30,Brisbane,14.799999999999999,25.7,0.0,5.8,5.8,ENE,19.0,ESE,ENE,4.0,9.0,59.0,55.0,1019.5,1016.1,6.0,6.0,22.2,23.9,No,No
2012-10-31,Brisbane,16.8,29.2,0.0,4.0,8.9,ESE,31.0,SSW,NE,6.0,9.0,56.0,74.0,1017.7,1014.7,2.0,5.0,25.1,24.0,No,No
2012-11-01,Brisbane,15.799999999999999,29.600000000000005,0.4,4.8,12.5,NNE,31.0,NNE,NE,6.0,14.999999999999998,59.0,59.0,1014.9,1008.7,1.0,6.0,25.0,26.9,No,No
2012-11-02,Brisbane,18.6,29.399999999999995,0.0,6.0,10.6,E,46.0,ESE,ESE,13.0,19.999999999999996,52.0,52.0,1008.6,1009.8,5.0,1.0,27.799999999999997,25.3,No,No
2012-11-03,Brisbane,19.4,26.499999999999996,0.0,11.0,7.4,ENE,30.0,E,E,11.0,13.0,57.0,51.0,1017.7,1016.3,7.0,7.0,22.6,23.8,No,No
2012-11-04,Brisbane,17.6,26.3,0.6,7.0,9.1,ENE,22.0,E,E,6.0,9.0,71.0,49.00000000000001,1020.6,1017.6,6.0,3.0,21.2,24.4,No,No
2012-11-05,Brisbane,15.6,27.1,0.2,9.6,12.2,ENE,26.0,NNW,ENE,2.0,13.0,58.00000000000001,52.0,1020.6,1017.7,5.0,1.0,23.5,25.2,No,No
2012-11-06,Brisbane,15.5,27.0,0.0,6.6,11.3,ENE,30.0,ENE,ENE,6.0,14.999999999999998,49.0,50.0,1019.8,1016.9,5.0,2.0,24.9,24.9,No,No
2012-11-07,Brisbane,15.700000000000001,28.0,0.0,6.8,8.2,E,22.0,NE,NE,4.0,11.0,65.0,53.0,1017.8,1014.4,6.0,6.0,22.6,26.0,No,No
2012-11-08,Brisbane,19.8,28.0,0.0,4.2,8.0,NE,33.0,ENE,NE,9.0,16.999999999999996,73.0,60.00000000000001,1015.9,1013.5,7.0,2.0,24.4,25.8,No,No
2012-11-09,Brisbane,21.5,29.300000000000004,0.0,9.6,8.3,NE,33.0,N,NNE,7.0,13.0,57.0,61.0,1016.8,1013.9,2.0,7.0,27.000000000000004,25.1,No,Yes
2012-11-10,Brisbane,20.4,22.4,8.0,5.4,0.0,WNW,22.0,WNW,SSE,4.0,6.0,88.0,91.0,1017.0,1015.2,8.0,8.0,22.1,19.8,Yes,Yes
2012-11-11,Brisbane,16.9,25.8,22.0,3.0,7.1,SSE,46.0,SSE,SE,15.0,19.0,62.0,37.0,1021.8,1019.9,7.0,2.0,22.3,24.6,Yes,No
2012-11-12,Brisbane,15.299999999999999,25.8,0.0,8.0,11.7,E,30.0,SE,E,9.0,13.0,58.00000000000001,45.0,1024.9,1021.2,7.0,2.0,21.3,24.2,No,No
2012-11-13,Brisbane,14.1,26.800000000000004,0.0,7.2,11.9,NE,22.0,WNW,NNE,4.0,9.0,50.0,48.0,1022.1,1018.0,1.0,2.0,23.4,25.5,No,No
2012-11-14,Brisbane,14.799999999999999,27.9,0.0,8.0,12.3,NE,26.0,N,NNE,6.0,13.0,53.00000000000001,56.0,1019.5,1015.6,1.0,1.0,24.3,26.300000000000004,No,No
2012-11-15,Brisbane,17.8,28.500000000000004,0.0,6.6,11.6,NE,33.0,NE,NE,6.0,13.0,56.0,59.0,1016.6,1012.0,1.0,2.0,25.7,27.099999999999998,No,No
2012-11-16,Brisbane,17.9,31.1,0.0,7.599999999999999,12.1,NE,30.0,NW,NE,7.0,13.0,39.0,59.0,1012.1,1007.0,1.0,1.0,27.4,28.900000000000002,No,No
2012-11-17,Brisbane,22.4,27.2,0.0,8.0,4.7,WSW,70.0,ENE,NNE,6.0,6.0,71.0,61.0,1011.9,1009.7,7.0,3.0,25.9,26.5,No,Yes
2012-11-19,Brisbane,17.6,34.4,16.6,5.8,12.4,WNW,35.0,W,WNW,6.0,13.0,71.0,20.000000000000004,1011.4000000000001,1007.0,1.0,2.0,26.0,33.7,Yes,No
2012-11-20,Brisbane,18.2,28.099999999999998,0.0,9.0,12.0,ENE,26.0,S,ENE,6.0,9.0,44.0,43.0,1017.0,1014.6,6.0,1.0,23.4,25.7,No,No
2012-11-21,Brisbane,17.7,28.099999999999998,0.0,8.0,12.1,SE,28.0,SE,E,9.0,13.0,56.0,61.0,1017.0,1013.7,4.0,4.0,25.5,24.7,No,No
2012-11-22,Brisbane,18.1,28.9,0.0,5.6,9.0,ENE,24.000000000000004,W,NNE,4.0,7.000000000000001,58.00000000000001,56.99999999999999,1014.2,1010.5,2.0,7.0,25.1,27.099999999999998,No,No
2012-11-23,Brisbane,22.4,28.099999999999998,0.0,7.800000000000001,8.6,ENE,26.0,ENE,ENE,7.0,9.0,58.00000000000001,60.00000000000001,1017.0,1015.3,3.0,7.0,26.0,25.7,No,No
2012-11-24,Brisbane,19.1,27.700000000000003,0.0,7.0,11.6,NE,26.0,ENE,ENE,11.0,11.0,58.00000000000001,56.99999999999999,1019.3000000000001,1016.7,7.0,7.0,24.4,26.0,No,No
2012-11-25,Brisbane,19.8,28.099999999999998,0.0,6.8,11.7,ENE,28.0,NNE,NE,7.0,9.0,57.0,53.99999999999999,1019.0,1016.3,3.0,1.0,26.0,27.000000000000004,No,No
2012-11-26,Brisbane,21.2,28.8,0.0,7.599999999999999,9.7,E,30.0,NNE,NE,4.0,13.0,65.0,46.00000000000001,1019.1,1015.7,3.0,3.0,25.0,27.599999999999998,No,No
2012-11-27,Brisbane,19.0,29.399999999999995,0.0,7.800000000000001,11.0,NNE,26.0,NW,NNE,6.0,7.000000000000001,62.0,53.0,1018.1,1015.0,7.0,7.0,25.600000000000005,28.099999999999998,No,No
2012-11-28,Brisbane,20.7,30.3,0.0,8.4,11.2,NE,26.0,NE,NNE,4.0,11.0,59.0,53.99999999999999,1016.8,1013.7,6.0,7.0,27.300000000000004,28.400000000000002,No,Yes
2012-11-29,Brisbane,20.5,29.9,5.0,7.0,11.3,NNE,20.0,E,NNE,4.0,9.0,57.0,53.0,1016.6,1013.9,2.0,1.0,26.600000000000005,29.199999999999996,Yes,No
2012-11-30,Brisbane,20.0,30.6,0.0,7.0,13.2,NE,26.0,E,NNE,6.0,11.0,58.00000000000001,48.0,1017.2,1015.0,1.0,1.0,27.599999999999998,29.6,No,No
2013-01-01,Brisbane,20.1,30.099999999999998,0.0,7.2,8.9,ENE,22.0,ENE,ENE,6.0,11.0,63.0,51.0,1016.2,1013.0,6.0,7.0,27.799999999999997,28.200000000000003,No,No
2013-01-02,Brisbane,21.4,34.8,0.0,8.0,13.1,SE,30.0,SW,ENE,4.0,13.0,56.0,47.0,1011.4000000000001,1007.7,1.0,1.0,28.6,32.9,No,No
2013-01-03,Brisbane,23.5,30.7,0.0,11.8,11.7,ESE,37.0,SE,E,15.0,19.0,54.0,53.0,1015.3,1013.0,3.0,1.0,28.099999999999998,28.299999999999997,No,No
2013-01-04,Brisbane,21.6,29.8,0.0,10.8,12.1,ENE,33.0,ESE,ESE,11.0,14.999999999999998,51.0,44.0,1016.0,1013.9,5.0,2.0,27.000000000000004,28.799999999999997,No,No
2013-01-05,Brisbane,21.7,28.500000000000004,0.0,9.8,6.1,ENE,33.0,ESE,ENE,6.0,13.0,58.00000000000001,60.00000000000001,1017.0,1015.5,6.0,5.0,26.300000000000004,27.4,No,Yes
2013-01-06,Brisbane,21.1,29.2,2.0,7.4,6.5,E,31.0,SSE,E,7.0,19.0,79.0,53.99999999999999,1018.4,1017.4,6.0,6.0,25.5,27.799999999999997,Yes,No
2013-01-07,Brisbane,19.8,30.500000000000004,0.2,8.8,8.9,ESE,35.0,E,ESE,17.0,11.0,54.0,49.00000000000001,1019.3000000000001,1016.9,7.0,7.0,26.7,28.499999999999996,No,No
2013-01-08,Brisbane,20.4,30.3,0.0,10.4,11.2,NNE,28.0,W,NE,2.0,13.0,66.0,53.99999999999999,1014.0,1008.1,6.0,1.0,25.8,29.8,No,No
2013-01-09,Brisbane,21.6,33.3,0.0,8.8,12.6,NE,35.0,N,NNE,6.0,14.999999999999998,54.0,59.0,1004.7000000000002,999.3,1.0,2.0,28.6,30.8,No,No
2013-01-10,Brisbane,23.5,31.7,0.0,10.0,11.1,E,30.0,ENE,ENE,6.0,16.999999999999996,54.0,56.99999999999999,1006.0,1005.9,5.0,7.0,30.6,30.3,No,No
2013-01-11,Brisbane,25.800000000000004,33.4,0.0,9.8,11.4,NE,30.0,NE,NNE,9.0,13.0,66.0,48.0,1012.1,1009.9,5.0,3.0,29.699999999999996,31.9,No,No
2013-01-12,Brisbane,26.1,34.2,0.0,9.4,9.8,NE,30.0,NNW,NNE,6.0,11.0,56.0,60.00000000000001,1012.7,1009.3,1.0,1.0,31.9,31.7,No,No
2013-01-13,Brisbane,24.6,33.9,0.0,9.8,12.9,NE,28.0,NW,NE,4.0,11.0,60.0,56.99999999999999,1011.1,1007.9,1.0,1.0,29.899999999999995,31.4,No,No
2013-01-14,Brisbane,24.2,32.1,0.0,10.8,3.1,SE,46.0,SSE,SE,7.0,16.999999999999996,51.0,69.0,1008.7,1009.5,7.0,7.0,30.9,26.300000000000004,No,No
2013-01-15,Brisbane,21.9,29.399999999999995,0.0,6.6,6.3,SSE,33.0,SE,E,15.0,14.999999999999998,63.0,51.0,1016.7,1014.4,7.0,6.0,23.7,28.099999999999998,No,No
2013-01-16,Brisbane,19.9,29.9,0.0,6.8,12.3,E,28.0,ESE,ENE,4.0,11.0,53.00000000000001,52.0,1015.5,1013.0,3.0,2.0,26.5,29.1,No,No
2013-01-17,Brisbane,19.9,30.0,0.0,7.800000000000001,11.5,ENE,28.0,ENE,ENE,4.0,13.0,56.0,47.0,1013.5,1010.3,4.0,1.0,26.9,28.799999999999997,No,No
2013-01-18,Brisbane,21.4,32.6,0.0,7.599999999999999,12.3,NE,31.0,NNW,NNE,7.0,11.0,57.0,52.0,1011.6,1006.8,1.0,1.0,27.900000000000002,30.3,No,No
2013-01-19,Brisbane,23.1,35.4,0.0,10.2,11.2,ENE,30.0,W,NE,4.0,13.0,56.0,56.99999999999999,1008.7,1006.0,5.0,1.0,30.1,31.9,No,Yes
2013-01-20,Brisbane,23.5,32.2,1.2,8.4,10.8,ENE,31.0,NNE,E,4.0,13.0,65.0,56.0,1012.6000000000001,1010.0,3.0,2.0,27.799999999999997,30.5,Yes,Yes
2013-01-21,Brisbane,22.1,29.700000000000003,1.2,9.4,6.1,SE,26.0,S,SE,4.0,7.000000000000001,73.0,72.0,1012.5,1009.9,6.0,7.0,26.300000000000004,26.600000000000005,Yes,Yes
2013-01-23,Brisbane,21.1,31.300000000000004,0.4,6.4,6.6,E,26.0,ESE,ENE,4.0,13.0,65.0,63.00000000000001,1012.7,1010.3,6.0,6.0,27.799999999999997,28.699999999999996,No,No
2013-01-24,Brisbane,23.0,26.7,0.0,6.2,0.0,NE,24.000000000000004,SE,ESE,7.0,4.0,79.0,81.0,1012.7,1010.6,7.0,8.0,25.5,25.7,No,Yes
2013-01-25,Brisbane,22.6,27.399999999999995,21.6,4.8,0.0,ENE,44.0,ENE,E,9.0,13.0,90.0,92.00000000000001,1010.2,1008.1,8.0,8.0,24.7,24.2,Yes,Yes
2013-01-26,Brisbane,23.1,26.1,39.2,1.6,0.0,NE,44.0,ENE,E,17.0,14.999999999999998,92.0,91.0,1008.1,1006.0,8.0,8.0,24.9,25.1,Yes,Yes
2013-01-27,Brisbane,23.2,25.3,54.6,2.0,0.0,E,70.0,E,E,22.0,24.0,92.0,96.99999999999999,1003.3,999.0,8.0,8.0,24.2,23.7,Yes,Yes
2013-01-28,Brisbane,23.1,28.8,145.0,2.1,3.2,E,67.0,ENE,NE,37.0,13.0,90.0,76.0,998.4,998.1,8.0,7.0,25.2,27.4,Yes,Yes
2013-03-01,Brisbane,22.6,26.7,0.0,4.8,0.0,E,17.0,N,NE,4.0,6.0,78.0,81.0,1009.9,1008.0,8.0,8.0,24.9,25.2,No,Yes
2013-03-02,Brisbane,20.6,23.9,14.8,2.6,0.3,E,22.0,SSW,ESE,6.0,9.0,92.0,96.99999999999999,1009.6,1009.7,7.0,8.0,23.1,20.7,Yes,Yes
2013-03-03,Brisbane,20.3,26.3,91.6,1.8,0.3,ESE,20.0,SE,S,2.0,4.0,89.0,87.0,1013.3,1011.1,8.0,8.0,23.1,23.8,Yes,Yes
2013-03-04,Brisbane,20.5,28.099999999999998,11.799999999999999,2.8,7.6,E,39.0,ESE,ESE,15.0,16.999999999999996,74.0,76.0,1014.5,1012.7,4.0,5.0,26.100000000000005,24.6,Yes,Yes
2013-03-05,Brisbane,20.7,27.5,4.6,6.8,4.7,E,41.0,E,ESE,17.0,14.999999999999998,84.0,79.0,1016.4,1014.8,7.0,7.0,23.2,23.4,Yes,Yes
2013-03-06,Brisbane,20.0,27.299999999999997,2.2,5.6,6.5,SE,39.0,ESE,E,13.0,11.0,73.0,85.0,1017.0,1015.1,7.0,6.0,24.1,23.2,Yes,Yes
2013-03-08,Brisbane,19.4,28.099999999999998,1.8000000000000003,6.4,6.5,E,33.0,SE,SE,13.0,11.0,64.0,61.0,1019.0,1016.3,7.0,5.0,25.4,26.300000000000004,Yes,Yes
2013-03-09,Brisbane,19.8,26.7,5.0,4.2,5.9,SE,41.0,SSE,ESE,9.0,13.0,72.0,60.00000000000001,1018.6,1016.2,7.0,7.0,24.8,25.600000000000005,Yes,Yes
2013-03-10,Brisbane,19.2,28.3,3.2,6.0,7.499999999999999,E,30.0,SSW,ESE,4.0,14.999999999999998,77.0,52.0,1017.5,1014.7,7.0,4.0,23.6,27.4,Yes,No
2013-03-11,Brisbane,19.7,28.0,0.8,7.0,8.4,SE,37.0,SE,ESE,11.0,14.999999999999998,66.0,56.99999999999999,1016.9,1014.8,6.0,5.0,25.9,26.4,No,No
2013-03-12,Brisbane,18.9,27.600000000000005,0.2,7.0,8.5,SE,43.0,SSE,SE,11.0,13.0,68.0,64.0,1016.3,1013.7,4.0,6.0,25.2,24.5,No,Yes
2013-03-13,Brisbane,19.3,28.500000000000004,1.4,5.0,8.9,SE,35.0,SE,ESE,11.0,14.999999999999998,64.0,56.99999999999999,1011.9,1008.2,1.0,6.0,24.8,27.099999999999998,Yes,No
2013-03-14,Brisbane,17.9,29.9,0.0,8.0,8.0,SSE,22.0,WSW,SE,6.0,13.0,62.0,51.0,1009.3,1006.7,2.0,7.0,24.8,28.299999999999997,No,No
2013-03-15,Brisbane,18.3,30.8,0.0,4.8,10.5,E,19.0,WSW,NE,6.0,7.000000000000001,63.0,50.0,1014.1,1011.5,1.0,1.0,24.8,28.099999999999998,No,No
2013-03-16,Brisbane,20.1,31.2,0.0,5.4,11.1,ENE,22.0,SW,NNE,4.0,7.000000000000001,65.0,55.0,1015.2,1011.2,1.0,1.0,25.9,29.5,No,No
2013-03-17,Brisbane,20.3,32.4,0.0,5.2,10.2,SE,43.0,NE,NE,2.0,7.000000000000001,70.0,62.0,1010.7,1007.0,0.0,2.0,27.200000000000003,30.8,No,No
2013-03-18,Brisbane,20.3,27.1,0.0,8.0,7.2,SE,35.0,SE,E,7.0,19.0,62.0,55.0,1017.6,1016.1,7.0,4.0,24.1,25.600000000000005,No,No
2013-03-19,Brisbane,17.5,26.800000000000004,0.0,7.0,8.4,ENE,37.0,E,E,6.0,16.999999999999996,64.0,50.0,1020.8,1019.2,4.0,7.0,24.2,25.0,No,No
2013-03-20,Brisbane,20.3,27.2,0.0,8.4,1.2,E,35.0,SSW,ESE,4.0,13.0,70.0,72.0,1022.5,1019.9,7.0,7.0,23.3,22.3,No,Yes
2013-03-21,Brisbane,19.2,26.900000000000002,5.0,2.6,5.6,E,26.0,ESE,ENE,4.0,13.0,69.0,67.0,1021.0,1017.9,5.0,7.0,25.0,25.4,Yes,No
2013-03-22,Brisbane,20.8,28.099999999999998,0.4,5.0,4.9,ENE,19.0,WNW,ENE,2.0,9.0,79.0,73.0,1020.9,1017.3,7.0,7.0,24.7,26.4,No,No
2013-03-23,Brisbane,21.4,31.2,0.0,4.0,8.6,NE,20.0,W,NNE,6.0,9.0,72.0,63.00000000000001,1019.2,1014.8,7.0,1.0,26.0,29.1,No,No
2013-03-25,Brisbane,19.5,30.8,21.2,8.8,10.3,E,24.000000000000004,WSW,E,4.0,9.0,75.0,60.00000000000001,1017.4,1014.0,4.0,1.0,25.3,30.0,Yes,No
2013-03-26,Brisbane,19.7,29.1,0.0,4.8,10.8,E,24.000000000000004,E,E,7.0,14.999999999999998,69.0,53.99999999999999,1019.5,1016.5,3.0,3.0,25.8,27.700000000000003,No,No
2013-03-27,Brisbane,20.7,28.199999999999996,0.4,5.6,9.3,E,28.0,SSE,ENE,6.0,11.0,77.0,59.0,1020.1,1017.4,6.0,2.0,25.0,27.599999999999998,No,No
2013-03-28,Brisbane,19.4,28.199999999999996,0.6,5.6,9.6,E,20.0,S,E,2.0,7.000000000000001,76.0,59.0,1020.1,1016.4,6.0,3.0,25.4,26.0,No,No
2013-03-29,Brisbane,18.7,30.199999999999996,0.2,5.4,6.8,SSE,20.0,SW,S,4.0,7.000000000000001,70.0,51.0,1015.8,1012.8,1.0,5.0,24.6,29.399999999999995,No,No
2013-03-30,Brisbane,21.1,26.7,0.0,6.2,3.0,SE,24.000000000000004,SE,E,11.0,11.0,63.0,60.00000000000001,1017.1,1013.7,7.0,2.0,24.6,25.8,No,No
2013-03-31,Brisbane,18.0,28.3,0.0,3.7999999999999994,4.7,W,33.0,SSW,ENE,4.0,6.0,73.0,73.0,1014.7,1011.1,5.0,8.0,23.6,24.6,No,Yes
2013-04-01,Brisbane,18.3,26.4,24.199999999999996,5.6,5.9,E,20.0,SW,E,7.0,7.000000000000001,73.0,64.0,1014.7,1012.2,6.0,7.0,22.1,25.1,Yes,No
2013-04-02,Brisbane,18.2,28.4,0.0,3.2,8.0,ENE,20.0,SSW,ESE,6.0,9.0,65.0,58.0,1015.4,1012.8,1.0,4.0,23.7,25.8,No,No
2013-04-03,Brisbane,19.0,28.0,0.0,3.6,6.5,ESE,26.0,SSW,E,4.0,11.0,70.0,58.0,1017.7,1015.4,2.0,3.0,24.4,26.4,No,Yes
2013-04-04,Brisbane,17.6,26.800000000000004,2.4,4.4,8.4,ESE,37.0,SSE,SE,7.0,13.0,65.0,56.0,1023.2,1021.3000000000001,7.0,5.0,22.9,25.1,Yes,Yes
2013-04-05,Brisbane,17.8,26.1,6.0,8.6,9.2,SSE,39.0,S,SE,6.0,14.999999999999998,72.0,52.0,1025.5,1023.2,2.0,4.0,22.9,24.3,Yes,Yes
2013-04-06,Brisbane,16.9,24.6,2.0,6.4,2.7,SE,30.0,SSW,S,4.0,4.0,76.0,68.0,1024.4,1020.7,7.0,8.0,21.4,22.1,Yes,No
2013-04-07,Brisbane,17.7,24.9,0.2,4.8,3.1,ESE,24.000000000000004,SW,E,6.0,2.0,71.0,68.0,1022.2,1019.5,7.0,7.0,21.8,22.0,No,Yes
2013-04-08,Brisbane,16.9,25.0,1.4,1.6,5.5,E,35.0,SSE,ENE,4.0,9.0,79.0,66.0,1022.7,1020.5,7.0,7.0,20.8,24.1,Yes,No
2013-04-09,Brisbane,16.7,25.9,0.4,3.2,8.8,SSE,26.0,SE,E,7.0,11.0,71.0,56.0,1023.5,1019.9,6.0,6.0,21.7,24.7,No,No
2013-04-10,Brisbane,17.3,23.9,0.4,5.2,2.1,E,30.0,SSE,E,7.0,7.000000000000001,79.0,67.0,1021.8,1019.1,7.0,7.0,20.1,23.0,No,No
2013-04-11,Brisbane,17.1,25.8,0.4,7.0,6.4,ESE,39.0,S,ESE,6.0,11.0,66.0,66.0,1021.0,1019.4,3.0,7.0,23.3,23.5,No,No
2013-04-12,Brisbane,18.2,23.7,0.2,2.2,1.7,E,30.0,SSE,SE,7.0,7.000000000000001,76.0,79.0,1021.0,1017.8,8.0,7.0,21.4,22.7,No,Yes
2013-04-13,Brisbane,18.4,22.5,36.6,4.3,0.0,SSE,26.0,S,SSW,2.0,4.0,96.00000000000001,92.00000000000001,1016.9,1013.5,8.0,8.0,20.2,20.9,Yes,Yes
2013-04-14,Brisbane,17.1,28.3,17.4,2.6,8.1,WSW,19.0,SW,SSE,7.0,4.0,71.0,52.0,1013.8,1010.9,1.0,7.0,22.399999999999995,26.5,Yes,No
2013-04-15,Brisbane,17.6,27.5,0.0,1.8,7.2,NE,19.0,SW,NE,4.0,9.0,84.0,63.00000000000001,1012.8,1009.1,7.0,5.0,21.3,26.300000000000004,No,No
2013-04-16,Brisbane,17.3,29.2,0.0,2.6,6.0,WNW,43.0,WSW,SSW,2.0,6.0,85.0,71.0,1013.5,1011.8,5.0,7.0,21.1,21.0,No,Yes
2013-04-17,Brisbane,16.3,26.900000000000002,6.0,2.6,9.8,ENE,19.0,W,E,2.0,6.0,72.0,56.99999999999999,1015.3,1011.7,1.0,1.0,22.9,26.4,Yes,Yes
2013-04-18,Brisbane,18.4,29.9,6.999999999999999,7.0,9.0,W,24.000000000000004,W,W,4.0,7.000000000000001,77.0,52.0,1014.9,1010.7,1.0,5.0,22.9,29.3,Yes,No
2013-04-19,Brisbane,13.8,28.199999999999996,0.0,4.2,10.4,W,31.0,SW,WSW,4.0,11.0,52.0,26.999999999999996,1012.9,1008.9,1.0,2.0,22.2,27.900000000000002,No,No
2013-04-20,Brisbane,14.0,25.5,0.0,6.8,10.7,W,30.0,SW,WSW,4.0,13.0,42.99999999999999,25.0,1011.6999999999999,1008.1,2.0,1.0,20.0,24.9,No,No
2013-04-21,Brisbane,12.0,26.2,0.0,6.4,10.8,E,17.0,SW,NE,6.0,6.0,52.0,50.0,1014.1,1011.3,1.0,2.0,19.6,24.1,No,No
2013-04-22,Brisbane,15.0,27.399999999999995,0.0,3.2,10.2,ENE,20.0,WSW,NE,4.0,7.000000000000001,77.0,53.99999999999999,1014.7,1010.2,5.0,1.0,20.6,26.0,No,No
2013-04-23,Brisbane,16.4,30.199999999999996,0.0,6.0,10.1,ENE,19.0,SW,NE,2.0,7.000000000000001,69.0,56.0,1013.3,1010.6,1.0,5.0,22.399999999999995,28.200000000000003,No,No
2013-04-24,Brisbane,17.1,26.6,0.0,3.2,10.5,E,20.0,SW,E,6.0,11.0,69.0,53.0,1018.4,1015.7,1.0,1.0,21.4,26.100000000000005,No,No
2013-04-25,Brisbane,16.0,28.6,0.0,4.0,10.5,W,15.0,WSW,W,6.0,7.000000000000001,71.0,38.0,1020.6,1017.4,1.0,1.0,21.4,27.900000000000002,No,No
2013-04-26,Brisbane,15.4,26.800000000000004,0.0,3.2,10.0,ESE,20.0,SSW,E,4.0,9.0,65.0,68.0,1022.7,1020.4,2.0,7.0,21.7,24.0,No,No
2013-04-27,Brisbane,16.0,26.1,0.0,4.0,9.0,ENE,20.0,WSW,ESE,6.0,9.0,72.0,41.0,1023.4,1019.8,3.0,6.0,21.5,25.2,No,No
2013-04-28,Brisbane,14.1,27.600000000000005,0.0,3.7999999999999994,10.6,SW,13.0,SW,ESE,2.0,6.0,71.0,47.0,1022.3,1018.9,1.0,1.0,20.6,26.5,No,No
2013-04-29,Brisbane,15.799999999999999,27.2,0.0,4.0,10.4,NE,19.0,WSW,ENE,6.0,9.0,73.0,59.0,1023.6,1021.4,1.0,1.0,21.3,26.100000000000005,No,No
2013-04-30,Brisbane,16.6,27.0,0.0,4.0,7.4,ENE,22.0,SW,E,4.0,9.0,80.99999999999999,56.99999999999999,1023.5,1020.8,7.0,1.0,20.1,25.5,No,No
2013-05-01,Brisbane,15.9,27.299999999999997,0.0,3.6,8.6,ESE,20.0,SW,ENE,6.0,7.000000000000001,74.0,59.0,1021.2,1017.3,2.0,5.0,21.4,25.1,No,No
2013-05-02,Brisbane,15.9,27.299999999999997,0.0,3.2,8.5,SE,39.0,WSW,SE,4.0,16.999999999999996,83.0,62.0,1018.8,1017.7,0.0,3.0,20.1,24.8,No,No
2013-05-03,Brisbane,16.8,24.8,0.0,5.4,9.6,SE,26.0,SW,ESE,7.0,7.000000000000001,60.0,51.0,1025.2,1021.3000000000001,2.0,3.0,20.4,23.7,No,No
2013-05-04,Brisbane,12.900000000000002,28.6,0.0,4.8,10.1,W,28.0,SW,WSW,4.0,9.0,71.0,34.0,1021.7,1016.1,1.0,1.0,19.1,28.099999999999998,No,No
2013-05-05,Brisbane,14.799999999999999,24.0,0.0,4.8,7.0,E,26.0,SW,ENE,4.0,6.0,67.0,68.0,1021.9,1018.3,5.0,5.0,20.7,22.4,No,No
2013-05-06,Brisbane,14.799999999999999,23.9,0.0,2.6,7.8,E,26.0,SSW,ESE,2.0,9.0,70.0,63.00000000000001,1023.1,1020.2,3.0,4.0,20.4,21.7,No,No
2013-05-07,Brisbane,14.900000000000002,23.9,0.0,4.4,8.4,ESE,26.0,SW,ESE,6.0,13.0,73.0,56.99999999999999,1025.6,1023.1000000000001,3.0,7.0,19.1,22.4,No,No
2013-05-08,Brisbane,15.0,24.0,0.0,4.4,9.1,SSE,31.0,SW,ESE,4.0,9.0,69.0,49.00000000000001,1028.4,1025.5,5.0,3.0,20.1,22.3,No,No
2013-05-09,Brisbane,14.299999999999999,24.4,0.0,5.0,7.499999999999999,SE,30.0,SSW,SSE,2.0,11.0,71.0,58.0,1028.8,1025.5,5.0,3.0,19.1,21.7,No,Yes
2013-05-10,Brisbane,15.799999999999999,23.5,1.2,3.4,4.8,ESE,30.0,SW,ESE,6.0,13.0,78.0,65.0,1027.6,1025.0,6.0,4.0,18.2,21.6,Yes,No
2013-05-11,Brisbane,13.900000000000002,22.6,0.8,2.4,3.0,SE,26.0,SW,ESE,4.0,7.000000000000001,80.99999999999999,89.0,1026.6,1024.1,6.0,8.0,18.0,18.4,No,Yes
2013-05-12,Brisbane,14.799999999999999,23.8,4.6,2.2,6.5,SE,22.0,S,SE,4.0,9.0,87.0,69.0,1025.9,1022.1999999999999,7.0,6.0,17.3,21.9,Yes,Yes
2013-05-14,Brisbane,17.6,23.9,1.8000000000000003,1.2,4.2,W,26.0,WSW,W,2.0,6.0,96.00000000000001,62.0,1014.6,1010.5,8.0,7.0,18.6,23.6,Yes,Yes
2013-05-15,Brisbane,15.4,23.2,1.2,2.6,9.4,SW,20.0,WSW,W,11.0,7.000000000000001,54.0,35.0,1014.8,1012.2,7.0,7.0,18.5,22.2,Yes,No
2013-05-16,Brisbane,15.4,18.6,0.0,4.0,0.0,WSW,19.0,WSW,WNW,2.0,7.000000000000001,55.0,55.0,1015.0,1012.7,7.0,7.0,17.2,17.7,No,No
2013-05-17,Brisbane,9.9,23.4,0.0,1.6,10.2,WNW,39.0,W,WSW,6.0,13.0,55.0,35.0,1016.8,1012.7,0.0,1.0,18.5,23.1,No,No
2013-05-18,Brisbane,8.6,22.8,0.0,5.2,10.2,W,35.0,SW,W,4.0,13.0,46.0,32.0,1017.1,1012.6,0.0,1.0,17.8,22.2,No,No
2013-05-19,Brisbane,8.6,21.6,0.0,5.4,10.1,W,30.0,WSW,W,7.0,11.0,45.0,33.0,1018.5,1015.0,0.0,0.0,16.6,20.9,No,No
2013-05-20,Brisbane,8.3,22.3,0.0,5.0,9.6,NW,17.0,SW,WNW,4.0,7.000000000000001,59.0,32.0,1019.5,1015.1,6.0,1.0,14.399999999999999,21.9,No,No
2013-05-21,Brisbane,9.2,21.8,0.0,3.6,6.0,SW,13.0,SW,WSW,4.0,2.0,58.00000000000001,42.0,1019.5999999999999,1015.4,7.0,7.0,14.100000000000001,20.7,No,No
2013-05-22,Brisbane,11.2,18.0,0.0,1.8,0.0,NE,24.000000000000004,SW,WSW,7.0,7.000000000000001,69.0,83.0,1015.6,1012.7,8.0,8.0,15.0,14.399999999999999,No,Yes
2013-05-23,Brisbane,11.6,22.1,5.0,0.4,10.0,W,33.0,W,W,9.0,14.999999999999998,69.0,48.0,1010.2,1007.3,2.0,3.0,17.9,21.3,Yes,No
2013-05-24,Brisbane,10.4,20.8,0.0,7.0,7.299999999999999,WSW,44.0,W,WSW,20.0,16.999999999999996,68.0,60.00000000000001,1010.2,1008.9,1.0,7.0,16.0,17.4,No,No
2013-05-25,Brisbane,14.199999999999998,24.4,1.0,4.8,8.3,SW,30.0,SW,SSW,7.0,7.000000000000001,54.0,49.00000000000001,1018.0,1018.0,1.0,7.0,19.3,21.7,No,No
2013-05-26,Brisbane,12.0,23.8,0.0,4.6,8.2,WSW,19.0,SW,SSW,7.0,4.0,58.00000000000001,45.0,1024.6,1021.2,2.0,4.0,17.3,23.0,No,No
2013-05-27,Brisbane,11.7,24.5,0.0,3.2,9.2,SE,28.0,SW,SE,6.0,13.0,65.0,47.0,1025.8,1023.7999999999998,1.0,1.0,17.4,23.0,No,Yes
2013-05-28,Brisbane,14.900000000000002,22.2,1.6,4.0,3.8,E,31.0,SW,ESE,6.0,7.000000000000001,72.0,85.0,1028.2,1026.9,3.0,7.0,18.9,18.6,Yes,Yes
2013-05-29,Brisbane,13.699999999999998,23.2,4.4,3.2,6.3,E,30.0,SSE,E,6.0,13.0,77.0,60.00000000000001,1030.4,1027.9,7.0,6.0,19.3,21.3,Yes,No
2013-05-30,Brisbane,14.1,21.4,0.8,3.0,1.8,ENE,17.0,WSW,SE,4.0,6.0,85.99999999999999,96.0,1028.1,1026.4,6.0,7.0,17.4,17.6,No,Yes
2013-05-31,Brisbane,14.299999999999999,23.1,17.4,3.7999999999999994,8.5,ENE,26.0,SW,E,4.0,13.0,90.0,60.00000000000001,1028.1,1025.0,6.0,5.0,18.9,21.6,Yes,Yes
2013-06-01,Brisbane,13.400000000000002,22.2,2.6,4.0,0.9,ESE,13.0,SW,ENE,4.0,4.0,85.0,59.0,1024.1,1019.1,7.0,7.0,17.0,21.7,Yes,No
2013-06-02,Brisbane,15.1,24.7,0.0,1.8,5.3,W,37.0,NNE,W,4.0,16.999999999999996,72.0,79.0,1013.8,1009.1,7.0,7.0,20.4,20.4,No,Yes
2013-06-03,Brisbane,12.900000000000002,22.7,1.4,3.2,10.1,WSW,26.0,WSW,SW,7.0,7.000000000000001,59.0,36.0,1016.1,1015.6,1.0,1.0,17.9,21.8,Yes,No
2013-06-04,Brisbane,9.9,23.6,0.0,4.0,9.8,WSW,20.0,SW,SE,7.0,2.0,57.0,45.0,1024.0,1021.6,0.0,4.0,16.1,22.7,No,No
2013-06-05,Brisbane,11.7,20.9,0.0,2.4,0.2,WSW,13.0,WSW,WNW,6.0,4.0,75.0,65.0,1026.1,1023.2,8.0,7.0,15.4,20.6,No,No
2013-06-07,Brisbane,14.799999999999999,24.5,0.0,2.2,3.3,S,11.0,SW,WNW,6.0,2.0,78.0,55.0,1025.5,1021.7,7.0,6.0,17.6,23.5,No,No
2013-06-08,Brisbane,13.400000000000002,23.0,0.0,1.8,2.6,SSE,26.0,SW,SSE,6.0,4.0,85.0,83.0,1026.1,1024.1,7.0,8.0,15.8,19.6,No,Yes
2013-06-09,Brisbane,15.799999999999999,22.1,6.0,0.6,1.3,ESE,33.0,ESE,SE,2.0,13.0,92.0,56.99999999999999,1026.1,1022.9,7.0,7.0,17.3,20.6,Yes,Yes
2013-06-10,Brisbane,15.1,18.7,3.0,4.2,0.0,W,15.0,S,WSW,2.0,6.0,95.0,96.99999999999999,1022.4,1019.7,8.0,8.0,16.4,17.6,Yes,Yes
2013-06-12,Brisbane,16.3,22.0,0.2,0.0,1.5,NNE,26.0,WSW,NE,4.0,13.0,97.0,83.0,1018.1,1013.5,8.0,6.0,17.9,21.3,No,Yes
2013-06-13,Brisbane,15.9,22.8,2.4,1.6,1.7,WSW,13.0,SW,WSW,4.0,6.0,85.0,74.0,1012.2,1009.3,6.0,7.0,20.0,21.5,Yes,No
2013-06-14,Brisbane,14.799999999999999,20.9,0.0,2.0,10.0,W,35.0,W,W,11.0,14.999999999999998,58.00000000000001,45.0,1011.5,1008.5,1.0,1.0,17.5,20.7,No,No
2013-06-15,Brisbane,11.4,20.1,0.0,4.0,9.9,W,39.0,W,W,13.0,19.0,60.0,48.0,1011.8,1011.3,1.0,1.0,15.9,18.8,No,No
2013-06-16,Brisbane,10.8,21.7,0.0,5.8,9.8,W,13.0,SW,SW,4.0,2.0,63.0,45.0,1014.9,1011.2,1.0,1.0,15.5,21.3,No,No
2013-06-17,Brisbane,8.9,20.3,0.0,2.2,9.8,W,33.0,W,W,9.0,13.0,50.0,36.0,1011.6999999999999,1008.1,1.0,1.0,15.1,19.6,No,No
2013-06-18,Brisbane,6.700000000000001,20.2,0.0,4.6,9.8,W,22.0,WSW,WNW,7.0,11.0,54.0,31.0,1014.1,1011.4,1.0,1.0,13.999999999999998,19.3,No,No
2013-06-19,Brisbane,8.6,20.1,0.0,3.0,9.1,SW,24.000000000000004,WSW,SSW,11.0,4.0,53.00000000000001,35.0,1018.0,1016.2,1.0,4.0,13.899999999999999,19.0,No,No
2013-06-20,Brisbane,12.3,19.3,0.0,4.8,1.0,SW,15.0,SW,WSW,4.0,6.0,63.0,58.0,1020.7,1017.7,7.0,7.0,14.8,18.8,No,Yes
2013-06-21,Brisbane,12.3,13.6,2.6,2.2,0.0,WSW,13.0,SW,SW,4.0,4.0,92.0,90.0,1019.8,1017.3,8.0,8.0,12.7,13.400000000000002,Yes,Yes
2013-06-22,Brisbane,9.8,20.7,6.0,0.2,9.2,W,17.0,WSW,SE,6.0,4.0,85.99999999999999,50.0,1021.7,1019.3,1.0,3.0,12.4,20.1,Yes,No
2013-06-23,Brisbane,8.6,22.1,0.0,2.6,8.0,WSW,19.0,SW,S,6.0,4.0,73.0,45.0,1024.7,1021.2,3.0,5.0,14.200000000000001,20.4,No,No
2013-06-24,Brisbane,10.5,21.0,0.0,2.6,9.6,W,26.0,SW,WSW,4.0,7.000000000000001,70.0,33.0,1022.0,1017.6,2.0,2.0,16.0,20.7,No,No
2013-06-25,Brisbane,5.699999999999999,19.4,0.0,3.2,8.3,W,37.0,SE,W,4.0,9.0,61.0,34.0,1018.7,1013.5,1.0,3.0,12.7,19.1,No,No
2013-06-26,Brisbane,7.3,20.1,0.0,5.0,10.1,W,24.000000000000004,WSW,WSW,9.0,9.0,61.0,35.0,1016.8,1013.2,1.0,1.0,12.9,19.9,No,No
2013-06-27,Brisbane,11.1,19.6,0.0,2.4,3.3,WSW,17.0,WSW,SE,6.0,7.000000000000001,74.0,89.0,1018.6,1016.1,6.0,8.0,15.5,17.5,No,Yes
2013-06-28,Brisbane,14.699999999999998,22.1,1.8000000000000003,0.8,2.1,ESE,22.0,WSW,ESE,7.0,9.0,84.0,68.0,1020.6,1017.7,7.0,6.0,16.5,19.9,Yes,Yes
2013-06-30,Brisbane,13.900000000000002,15.899999999999999,2.4,0.6,0.1,WSW,19.0,SSW,SSW,4.0,6.0,89.0,88.0,1019.8,1017.0,8.0,7.0,15.1,15.3,Yes,Yes
2013-07-01,Brisbane,13.1,17.9,8.8,0.8,0.8,WSW,28.0,SW,WSW,9.0,7.000000000000001,93.0,90.0,1014.1,1010.6,7.0,8.0,14.3,16.4,Yes,Yes
2013-07-02,Brisbane,14.1,23.3,15.399999999999999,1.2,3.7,SW,26.0,SW,S,6.0,9.0,79.0,61.0,1015.0,1014.8,7.0,5.0,17.9,22.4,Yes,No
2013-07-03,Brisbane,15.700000000000001,23.6,0.0,2.0,8.5,SSE,24.000000000000004,SW,SE,6.0,11.0,69.0,61.0,1022.2,1020.7,2.0,3.0,18.7,22.4,No,No
2013-07-04,Brisbane,16.5,23.9,0.4,3.0,8.9,E,19.0,SW,NE,4.0,6.0,76.0,49.00000000000001,1022.0,1017.4,3.0,5.0,19.5,23.1,No,No
2013-07-05,Brisbane,13.400000000000002,23.8,0.0,3.4,4.7,ENE,15.0,SSE,ENE,2.0,7.000000000000001,78.0,70.0,1018.2,1014.4,5.0,6.0,18.8,22.8,No,No
2013-07-06,Brisbane,12.5,25.4,0.0,2.0,9.7,ENE,13.0,WSW,NNE,6.0,6.0,82.0,31.0,1021.7,1019.1,1.0,1.0,16.1,24.4,No,No
2013-07-07,Brisbane,11.4,22.8,0.0,3.2,9.2,E,19.0,SW,E,4.0,9.0,72.0,52.0,1026.1,1024.1,7.0,2.0,14.9,21.6,No,No
2013-07-08,Brisbane,12.1,22.8,0.0,3.2,9.6,W,17.0,SW,W,4.0,6.0,69.0,47.0,1030.6,1027.3,6.0,1.0,15.7,21.6,No,No
2013-07-09,Brisbane,10.7,20.6,0.0,3.4,5.8,SSE,30.0,SSW,ESE,6.0,9.0,66.0,56.0,1030.2,1027.3,2.0,7.0,15.3,18.7,No,Yes
2013-07-10,Brisbane,12.6,17.4,1.6,2.6,0.0,SW,17.0,SW,ESE,6.0,6.0,94.0,76.0,1030.1,1028.0,8.0,8.0,13.600000000000001,17.3,Yes,No
2013-07-11,Brisbane,12.900000000000002,21.4,0.6,0.4,9.6,ESE,22.0,SW,ESE,4.0,9.0,76.0,56.99999999999999,1031.6,1029.4,3.0,2.0,16.6,19.5,No,No
2013-07-12,Brisbane,12.400000000000002,20.7,0.2,5.0,5.2,SSE,19.0,SSW,SE,4.0,4.0,75.0,62.0,1030.0,1026.4,6.0,7.0,16.7,19.8,No,No
2013-07-13,Brisbane,10.1,21.8,0.0,3.2,9.2,E,19.0,SSW,ESE,4.0,7.000000000000001,87.0,53.0,1028.2,1025.1,3.0,2.0,13.600000000000001,19.9,No,Yes
2013-07-14,Brisbane,11.6,19.6,1.6,2.2,2.3,WSW,15.0,SSW,SW,4.0,2.0,95.0,71.0,1027.4,1025.1,7.0,7.0,13.0,18.4,Yes,No
2013-07-15,Brisbane,12.900000000000002,20.3,0.2,0.6,3.1,E,22.0,SW,N,4.0,6.0,84.0,71.0,1026.7,1023.7999999999998,7.0,7.0,16.1,18.7,No,No
2013-07-16,Brisbane,13.1,22.2,0.0,1.6,8.7,E,22.0,SW,ENE,6.0,9.0,80.0,65.0,1026.8,1024.0,2.0,6.0,16.8,20.4,No,No
2013-07-17,Brisbane,13.5,22.1,0.2,2.6,8.1,E,20.0,WSW,ENE,6.0,11.0,88.0,58.0,1025.8,1022.9,5.0,4.0,16.3,20.9,No,No
2013-07-18,Brisbane,12.400000000000002,22.2,0.4,3.2,7.0,E,20.0,WSW,ENE,4.0,7.000000000000001,80.99999999999999,65.0,1024.8,1022.0,5.0,5.0,17.9,21.0,No,Yes
2013-07-19,Brisbane,13.199999999999998,23.5,1.6,1.4,5.1,ENE,20.0,SW,NE,2.0,7.000000000000001,92.0,69.0,1021.9,1017.5,5.0,7.0,17.9,21.6,Yes,Yes
2013-07-20,Brisbane,16.3,23.4,2.8,1.4,3.5,W,37.0,NNW,WNW,4.0,6.0,84.0,85.0,1015.5,1012.5,5.0,7.0,20.1,17.8,Yes,No
2013-07-21,Brisbane,13.0,22.2,0.2,2.4,9.2,W,19.0,W,WNW,9.0,9.0,64.0,43.0,1018.7,1016.1,1.0,6.0,16.9,21.5,No,No
2013-07-22,Brisbane,11.8,18.0,0.2,3.6,1.0,SW,13.0,SW,SW,6.0,2.0,68.0,67.0,1021.5,1020.0,7.0,8.0,13.899999999999999,15.9,No,Yes
2013-07-23,Brisbane,11.8,20.0,3.0,1.4,9.4,W,26.0,SW,W,4.0,11.0,65.0,33.0,1022.8,1018.9,5.0,1.0,15.3,19.7,Yes,No
2013-07-24,Brisbane,7.8999999999999995,21.3,0.0,4.8,9.8,SE,26.0,SW,SW,7.0,4.0,57.0,41.0,1023.1,1020.6,1.0,1.0,13.400000000000002,20.9,No,No
2013-07-25,Brisbane,12.1,21.6,0.0,3.4,6.2,ESE,26.0,SW,ESE,6.0,9.0,56.0,59.0,1026.9,1024.4,5.0,6.0,16.9,19.8,No,No
2013-07-26,Brisbane,14.199999999999998,22.3,0.0,2.8,6.0,E,15.0,SSE,ENE,4.0,7.000000000000001,72.0,67.0,1027.5,1024.9,7.0,6.0,16.6,19.4,No,No
2013-07-27,Brisbane,11.1,22.3,0.0,2.6,9.5,ESE,22.0,SW,E,4.0,13.0,80.99999999999999,56.0,1028.9,1026.4,2.0,4.0,15.8,20.6,No,No
2013-07-28,Brisbane,11.4,22.1,0.0,3.2,5.6,E,33.0,WSW,E,4.0,13.0,77.0,53.0,1028.7,1025.9,1.0,4.0,17.1,20.8,No,No
2013-07-29,Brisbane,13.1,21.8,1.0,2.8,4.9,E,19.0,SSW,WSW,4.0,2.0,85.99999999999999,73.0,1025.4,1022.0,3.0,6.0,16.3,19.4,No,No
2013-07-31,Brisbane,10.7,22.8,0.6,2.2,9.0,SW,20.0,SSW,SSW,6.0,6.0,69.0,53.99999999999999,1017.6,1015.3,1.0,5.0,17.1,22.0,No,No
2013-08-01,Brisbane,12.400000000000002,22.7,0.0,3.4,7.700000000000001,SSE,24.000000000000004,SSW,SSE,4.0,6.0,67.0,55.0,1019.5,1016.8,5.0,7.0,18.2,21.6,No,No
2013-08-02,Brisbane,11.4,24.3,0.0,2.6,9.1,NNW,15.0,SW,NNE,6.0,7.000000000000001,75.0,55.0,1020.0,1015.7,1.0,3.0,16.7,22.5,No,No
2013-08-03,Brisbane,11.6,24.1,0.0,3.0,10.3,WNW,33.0,SW,W,2.0,11.0,51.0,22.0,1018.7,1014.7,0.0,0.0,18.5,23.4,No,No
2013-08-05,Brisbane,8.9,23.9,0.0,4.6,10.1,WNW,22.0,SSE,W,4.0,9.0,53.00000000000001,34.0,1021.0,1016.8,0.0,1.0,17.2,23.0,No,No
2013-08-06,Brisbane,8.5,24.8,0.0,3.6,10.0,W,24.000000000000004,SW,WNW,2.0,7.000000000000001,64.0,30.000000000000004,1019.5999999999999,1014.5,3.0,2.0,15.4,24.5,No,No
2013-08-07,Brisbane,9.2,25.9,0.0,3.4,10.0,WNW,20.0,SSW,WNW,2.0,7.000000000000001,60.0,29.0,1016.8,1011.4,1.0,1.0,16.6,25.2,No,No
2013-08-08,Brisbane,9.1,22.6,0.0,3.6,10.3,W,46.0,SW,W,2.0,19.999999999999996,55.0,25.0,1011.4000000000001,1008.1,0.0,1.0,17.3,21.3,No,No
2013-08-09,Brisbane,9.8,23.0,0.0,9.2,10.2,SW,28.0,SW,WNW,11.0,7.000000000000001,46.0,36.0,1017.2,1014.0,0.0,1.0,16.1,22.6,No,No
2013-08-10,Brisbane,8.8,26.499999999999996,0.0,4.0,10.1,WSW,19.0,SW,SW,4.0,4.0,47.0,28.0,1017.4,1015.3,0.0,1.0,17.4,26.2,No,No
2013-08-11,Brisbane,10.8,26.900000000000002,0.0,3.0,10.0,ENE,15.0,SW,ENE,2.0,9.0,58.00000000000001,37.0,1019.5999999999999,1015.8,4.0,1.0,17.5,25.3,No,No
2013-08-13,Brisbane,13.1,28.0,0.0,3.7999999999999994,10.1,E,26.0,WSW,E,2.0,13.0,56.0,47.0,1015.1,1013.7,1.0,1.0,21.9,24.9,No,No
2013-08-14,Brisbane,13.199999999999998,25.1,0.0,4.6,7.700000000000001,NE,22.0,SSW,ENE,2.0,11.0,70.0,69.0,1017.7,1012.6,1.0,6.0,19.9,22.9,No,No
2013-08-15,Brisbane,13.400000000000002,25.7,0.2,3.0,10.6,W,35.0,WSW,WSW,6.0,13.0,42.99999999999999,19.0,1017.1,1014.9,1.0,0.0,21.9,24.9,No,No
2013-08-16,Brisbane,10.2,21.8,0.0,8.2,10.4,ENE,22.0,SSW,ENE,6.0,13.0,46.0,52.0,1024.0,1019.4,1.0,1.0,16.4,20.9,No,No
2013-08-17,Brisbane,11.5,24.4,0.0,3.6,9.3,ENE,28.0,SW,NE,2.0,11.0,69.0,59.0,1019.3000000000001,1013.7,6.0,2.0,17.7,22.4,No,No
2013-08-18,Brisbane,14.1,26.499999999999996,0.0,3.7999999999999994,10.5,E,20.0,SSW,WSW,4.0,2.0,87.0,29.0,1019.4,1015.6,1.0,1.0,16.4,26.300000000000004,No,No
2013-08-19,Brisbane,13.0,26.1,0.0,4.0,10.4,W,26.0,SW,W,4.0,9.0,69.0,30.000000000000004,1017.0,1010.5,6.0,5.0,18.6,24.9,No,No
2013-08-20,Brisbane,10.7,21.4,0.0,4.0,10.7,W,39.0,WNW,W,7.0,19.0,40.0,22.0,1013.8,1011.2,1.0,1.0,18.8,20.5,No,No
2013-08-21,Brisbane,7.7,20.8,0.0,8.2,10.7,WSW,22.0,WSW,NW,7.0,6.0,38.0,21.0,1017.5,1013.3,1.0,0.0,13.400000000000002,20.1,No,No
2013-08-22,Brisbane,6.8,21.9,0.0,6.0,10.8,W,22.0,SSW,W,6.0,6.0,41.0,22.0,1018.2,1014.3,1.0,3.0,15.0,21.4,No,No
2013-08-23,Brisbane,6.0,23.9,0.0,2.8,11.0,WNW,41.0,WSW,W,2.0,19.0,48.00000000000001,20.000000000000004,1019.0,1014.6,1.0,0.0,15.3,23.0,No,No
2013-08-24,Brisbane,9.0,25.7,0.0,7.4,11.0,WSW,24.000000000000004,WSW,ENE,4.0,13.0,36.0,31.0,1020.4,1018.7,0.0,0.0,19.7,23.2,No,No
2013-08-25,Brisbane,11.0,24.5,0.0,4.8,10.0,E,24.000000000000004,SW,ENE,6.0,11.0,61.0,53.0,1026.3,1022.4000000000001,1.0,1.0,18.1,22.7,No,No
2013-08-26,Brisbane,12.6,25.0,0.0,3.4,9.9,NNE,19.0,SW,NNE,4.0,9.0,71.0,52.0,1025.5,1021.2,1.0,1.0,19.1,23.1,No,No
2013-08-27,Brisbane,12.1,25.8,0.0,4.2,10.5,NE,20.0,SW,NNE,4.0,7.000000000000001,69.0,51.0,1023.3,1018.4,1.0,1.0,19.3,24.2,No,No
2013-08-28,Brisbane,11.2,28.500000000000004,0.0,3.6,10.6,WNW,19.0,SW,NW,2.0,6.0,63.0,26.0,1021.2,1017.0,0.0,1.0,19.7,28.299999999999997,No,No
2013-08-29,Brisbane,13.400000000000002,25.9,0.0,4.4,10.6,E,24.000000000000004,SW,ENE,4.0,11.0,61.0,52.0,1024.4,1020.2,1.0,1.0,20.1,23.7,No,No
2013-08-30,Brisbane,13.1,25.4,0.0,4.8,10.3,NNE,26.0,SW,NNE,4.0,9.0,71.0,53.0,1024.0,1019.5,1.0,1.0,19.7,23.6,No,No
2013-08-31,Brisbane,14.199999999999998,26.800000000000004,0.0,4.6,10.2,NE,19.0,NNE,NE,4.0,9.0,67.0,58.0,1023.3,1019.2,1.0,2.0,21.8,25.9,No,No
2013-09-01,Brisbane,16.6,26.1,0.0,4.2,9.6,ESE,30.0,SE,ESE,9.0,11.0,59.0,47.0,1025.7,1023.3999999999999,2.0,3.0,23.7,23.8,No,No
2013-09-02,Brisbane,13.699999999999998,25.6,0.0,6.6,6.700000000000001,E,31.0,SW,ESE,4.0,13.0,64.0,53.99999999999999,1029.3,1026.4,7.0,3.0,19.6,23.2,No,No
2013-09-03,Brisbane,15.1,23.5,0.0,5.2,8.9,ESE,41.0,SSE,SE,6.0,14.999999999999998,66.0,49.00000000000001,1031.1,1028.7,6.0,3.0,19.4,22.1,No,No
2013-09-04,Brisbane,12.6,23.5,0.4,7.2,10.5,ESE,31.0,SSW,ESE,4.0,14.999999999999998,52.0,44.0,1031.4,1029.2,2.0,2.0,20.6,21.8,No,No
2013-09-05,Brisbane,12.2,24.3,0.0,6.4,9.8,NE,24.000000000000004,SSW,ESE,4.0,7.000000000000001,59.0,44.0,1030.5,1026.8,2.0,1.0,19.6,23.1,No,No
2013-09-06,Brisbane,11.0,24.7,0.0,4.6,10.7,ENE,20.0,SW,NE,6.0,7.000000000000001,65.0,46.00000000000001,1029.9,1025.4,1.0,0.0,18.1,23.6,No,No
2013-09-07,Brisbane,12.3,25.6,0.0,4.2,10.6,N,24.000000000000004,W,NNE,4.0,7.000000000000001,63.0,53.99999999999999,1028.4,1023.5000000000001,0.0,0.0,20.0,23.5,No,No
2013-09-08,Brisbane,12.1,26.2,0.0,5.8,10.1,NE,20.0,ESE,NE,4.0,9.0,63.0,49.00000000000001,1025.3,1020.6,1.0,3.0,21.4,24.0,No,No
2013-09-09,Brisbane,12.0,25.0,0.0,5.2,10.4,ENE,22.0,ESE,NE,4.0,7.000000000000001,62.0,45.0,1023.6,1018.8,1.0,1.0,21.4,24.1,No,No
2013-09-10,Brisbane,15.700000000000001,26.499999999999996,0.0,6.0,7.1,NE,26.0,WNW,NE,4.0,9.0,66.0,60.00000000000001,1016.9,1011.4,5.0,7.0,21.7,24.1,No,No
2013-09-11,Brisbane,13.1,31.5,0.0,3.6,10.7,NNE,20.0,SW,NE,2.0,7.000000000000001,59.0,44.0,1013.7,1008.7,1.0,1.0,22.0,27.700000000000003,No,No
2013-09-12,Brisbane,15.199999999999998,30.9,0.0,4.8,10.6,ENE,28.0,SW,ENE,6.0,14.999999999999998,44.0,66.0,1014.6,1010.6,1.0,1.0,23.2,25.4,No,No
2013-09-13,Brisbane,16.9,26.1,0.0,5.6,8.0,E,30.0,ESE,E,9.0,14.999999999999998,58.00000000000001,60.00000000000001,1017.4,1016.0,2.0,3.0,24.2,23.2,No,No
2013-09-14,Brisbane,19.6,26.000000000000004,0.2,6.2,8.8,NE,31.0,NE,NE,9.0,13.0,71.0,71.0,1016.7,1010.5,5.0,2.0,23.2,25.0,No,No
2013-09-15,Brisbane,15.1,27.8,0.0,5.0,10.7,ENE,24.000000000000004,SSE,NE,7.0,9.0,52.0,48.0,1016.9,1013.3,1.0,1.0,24.0,25.8,No,No
2013-09-17,Brisbane,17.0,29.1,11.799999999999999,3.7999999999999994,8.2,WNW,37.0,N,NW,6.0,9.0,75.0,45.0,1009.4,1003.0,6.0,4.0,21.7,28.999999999999996,Yes,No
2013-09-18,Brisbane,12.6,29.399999999999995,0.2,5.0,11.3,W,37.0,WNW,W,6.0,13.0,41.0,22.0,1010.4,1006.1,1.0,0.0,23.7,29.199999999999996,No,No
2013-09-19,Brisbane,12.6,30.0,0.0,5.0,9.5,ENE,22.0,NNE,ENE,4.0,11.0,60.0,52.0,1010.1,1004.3,0.0,1.0,22.9,28.900000000000002,No,No
2013-09-20,Brisbane,15.199999999999998,28.099999999999998,0.0,5.8,11.4,W,37.0,WSW,W,7.0,14.999999999999998,28.0,20.000000000000004,1012.4,1008.6,0.0,0.0,24.0,27.900000000000002,No,No
2013-09-21,Brisbane,10.9,25.0,0.0,11.4,11.0,ENE,24.000000000000004,SSW,E,2.0,13.0,32.0,43.0,1014.7,1011.7,0.0,1.0,22.399999999999995,23.3,No,No
2013-09-22,Brisbane,14.699999999999998,25.4,0.0,5.8,10.5,ENE,28.0,S,NNE,2.0,11.0,57.0,56.99999999999999,1016.1,1012.3,2.0,1.0,21.6,23.9,No,No
2013-09-23,Brisbane,14.400000000000002,27.9,0.0,6.0,11.0,NE,20.0,SW,NE,6.0,7.000000000000001,65.0,47.0,1017.4,1012.3,5.0,1.0,21.6,27.4,No,No
2013-09-24,Brisbane,15.299999999999999,32.8,0.0,4.8,10.4,NW,28.0,ENE,NE,4.0,13.0,57.0,44.0,1013.4,1007.5,1.0,2.0,23.9,29.399999999999995,No,No
2013-09-25,Brisbane,16.3,31.2,0.0,7.800000000000001,10.8,E,24.000000000000004,SW,NE,4.0,13.0,48.00000000000001,26.0,1012.3,1010.2,0.0,0.0,27.700000000000003,29.3,No,No
2013-09-26,Brisbane,18.6,29.300000000000004,0.0,6.4,9.8,NNE,26.0,E,NE,2.0,9.0,73.0,61.0,1013.7,1008.9,2.0,0.0,24.3,28.099999999999998,No,No
2013-09-27,Brisbane,19.3,28.099999999999998,0.0,5.6,11.0,ESE,37.0,SE,E,19.0,19.999999999999996,45.0,51.0,1017.9,1015.4,0.0,0.0,26.0,24.8,No,No
2013-09-28,Brisbane,18.0,27.1,0.2,8.8,2.1,ENE,20.0,SSW,WNW,4.0,6.0,83.0,52.0,1017.8,1012.8,8.0,6.0,19.4,25.1,No,No
2013-09-29,Brisbane,14.799999999999999,30.099999999999998,0.4,1.6,11.0,E,39.0,SSW,E,6.0,16.999999999999996,52.0,55.0,1015.9,1013.4,1.0,2.0,26.600000000000005,25.4,No,No
2013-09-30,Brisbane,16.4,27.0,0.0,7.0,9.5,NNE,22.0,NE,NE,4.0,9.0,66.0,63.00000000000001,1021.1,1017.2,7.0,5.0,22.9,24.6,No,No
2013-10-01,Brisbane,18.4,30.8,0.0,5.2,10.2,NE,33.0,N,NNE,7.0,13.0,63.0,60.00000000000001,1018.7,1012.3,2.0,7.0,24.7,28.099999999999998,No,Yes
2013-10-02,Brisbane,18.0,29.700000000000003,1.2,8.0,9.2,W,24.000000000000004,NE,NE,6.0,11.0,61.0,39.0,1017.1,1012.5,2.0,1.0,23.5,27.500000000000004,Yes,No
2013-10-03,Brisbane,17.1,32.6,0.0,6.2,11.1,W,44.0,NNE,W,2.0,16.999999999999996,56.0,19.0,1012.0000000000001,1008.0,1.0,2.0,26.5,31.2,No,No
2013-10-04,Brisbane,12.8,24.9,0.0,15.0,11.3,E,26.0,SSW,ENE,6.0,13.0,33.0,35.0,1019.9000000000001,1016.9,0.0,1.0,20.8,22.4,No,No
2013-10-05,Brisbane,12.7,29.399999999999995,0.0,6.2,11.4,SSE,19.0,SW,ENE,4.0,11.0,52.0,36.0,1019.3000000000001,1013.4,0.0,0.0,21.1,26.100000000000005,No,No
2013-10-06,Brisbane,13.400000000000002,31.6,0.0,6.6,11.8,NE,26.0,E,NE,6.0,11.0,50.0,39.0,1014.5,1008.5,0.0,0.0,24.4,29.5,No,No
2013-10-07,Brisbane,15.199999999999998,34.7,0.0,5.4,10.5,SE,43.0,E,ENE,2.0,9.0,45.0,37.0,1009.6,1004.0,0.0,3.0,26.9,30.8,No,No
2013-10-08,Brisbane,18.2,30.999999999999996,0.0,7.4,10.5,ENE,33.0,W,NE,4.0,13.0,57.0,53.99999999999999,1013.0,1009.0,4.0,2.0,23.9,25.5,No,No
2013-10-09,Brisbane,15.1,26.2,0.0,8.2,11.9,ENE,28.0,ESE,NE,4.0,11.0,46.0,49.00000000000001,1021.5,1018.9,2.0,1.0,23.2,23.7,No,No
2013-10-10,Brisbane,14.299999999999999,28.3,0.0,6.8,11.5,NE,30.0,W,NE,4.0,14.999999999999998,52.0,52.0,1019.9000000000001,1013.3,0.0,0.0,23.4,26.800000000000004,No,No
2013-10-11,Brisbane,16.3,31.7,0.0,7.800000000000001,11.6,ESE,41.0,N,ENE,6.0,11.0,40.0,46.00000000000001,1012.8,1009.2,0.0,1.0,27.000000000000004,30.1,No,No
2013-10-12,Brisbane,20.7,28.0,0.0,7.599999999999999,8.6,NE,30.0,E,NE,11.0,11.0,77.0,60.00000000000001,1018.2,1014.1,7.0,5.0,23.8,26.9,No,No
2013-10-13,Brisbane,18.7,30.9,0.0,7.599999999999999,11.2,NNE,31.0,NNW,NE,9.0,13.0,49.0,55.0,1015.0,1008.5,1.0,1.0,25.9,27.4,No,No
2013-10-14,Brisbane,20.9,28.999999999999996,0.0,10.6,11.7,W,48.00000000000001,W,SW,13.0,9.0,26.0,14.0,1013.1,1012.0,1.0,0.0,24.9,28.299999999999997,No,No
2013-10-15,Brisbane,13.8,27.0,0.0,12.0,12.2,ENE,26.0,N,ENE,4.0,11.0,53.00000000000001,40.0,1022.2,1019.0,2.0,1.0,22.8,24.9,No,No
2013-10-16,Brisbane,16.0,26.6,0.0,6.6,8.8,NNE,31.0,N,NE,7.0,14.999999999999998,54.0,51.0,1023.7,1019.1,2.0,6.0,23.2,24.0,No,No
2013-10-17,Brisbane,15.799999999999999,27.8,0.0,8.4,11.8,NE,33.0,N,NNE,9.0,14.999999999999998,48.00000000000001,56.99999999999999,1020.3,1015.4,1.0,2.0,25.3,25.4,No,No
2013-10-18,Brisbane,18.4,24.8,0.0,8.0,2.0,E,31.0,S,SE,7.0,6.0,72.0,88.0,1020.4,1019.8,7.0,7.0,22.3,20.0,No,Yes
2013-10-19,Brisbane,15.0,27.399999999999995,12.2,4.4,11.9,E,30.0,S,E,7.0,14.999999999999998,50.0,50.0,1024.5,1020.0,1.0,2.0,23.6,25.4,Yes,No
2013-10-20,Brisbane,16.9,27.399999999999995,0.0,7.599999999999999,10.0,E,28.0,ESE,ENE,7.0,16.999999999999996,62.0,62.0,1022.8,1018.9,4.0,6.0,23.9,24.3,No,No
2013-10-21,Brisbane,18.0,28.0,0.0,6.0,11.7,ENE,24.000000000000004,NNE,ENE,4.0,11.0,58.00000000000001,53.0,1020.7,1017.1,6.0,1.0,24.8,26.600000000000005,No,No
2013-10-22,Brisbane,17.8,28.4,0.0,8.0,11.2,NE,26.0,NW,NE,7.0,11.0,61.0,47.0,1019.3000000000001,1014.9,2.0,1.0,24.3,26.4,No,No
2013-10-23,Brisbane,19.5,29.600000000000005,0.0,7.599999999999999,11.4,ENE,31.0,NW,NNE,9.0,13.0,56.0,56.0,1015.7,1011.1,1.0,1.0,25.4,27.300000000000004,No,No
2013-10-24,Brisbane,20.1,33.0,0.0,10.6,7.4,W,24.000000000000004,N,W,7.0,4.0,47.0,44.0,1013.2,1011.6,4.0,8.0,28.099999999999998,28.400000000000002,No,No
2013-10-25,Brisbane,19.2,26.2,0.2,5.2,8.7,ESE,39.0,SE,E,19.0,14.999999999999998,56.0,55.0,1021.6,1019.5,7.0,3.0,23.9,23.6,No,No
2013-10-26,Brisbane,16.8,29.2,0.0,7.599999999999999,11.9,NE,26.0,NNE,N,6.0,9.0,55.0,50.0,1020.9,1015.6,1.0,1.0,25.3,27.900000000000002,No,No
2013-10-27,Brisbane,17.9,26.7,0.0,7.800000000000001,11.5,ESE,30.0,ESE,ENE,11.0,14.999999999999998,57.0,48.0,1021.9,1019.0,6.0,1.0,24.0,25.2,No,No
2013-10-28,Brisbane,16.6,26.800000000000004,0.0,9.6,10.3,NE,37.0,NE,NE,7.0,13.0,59.0,56.99999999999999,1022.0,1017.1,7.0,1.0,23.6,25.4,No,No
2013-10-29,Brisbane,19.0,31.300000000000004,0.0,8.0,7.700000000000001,NE,35.0,N,E,9.0,13.0,51.0,80.0,1015.5,1010.7,1.0,7.0,26.0,24.5,No,Yes
2013-10-30,Brisbane,16.5,27.2,8.8,6.6,6.8,E,37.0,SSE,ESE,11.0,16.999999999999996,67.0,51.0,1015.6,1013.6,7.0,1.0,21.9,25.4,Yes,No
2013-10-31,Brisbane,18.4,26.3,0.2,8.4,10.2,E,31.0,ESE,E,11.0,13.0,58.00000000000001,51.0,1020.4,1017.8,4.0,2.0,22.7,25.1,No,No
2013-11-01,Brisbane,15.6,26.499999999999996,0.0,9.0,12.5,ENE,30.0,E,ENE,6.0,13.0,46.0,38.0,1023.1,1020.0,4.0,2.0,24.5,25.2,No,No
2013-11-02,Brisbane,15.5,28.199999999999996,0.0,8.4,12.3,NE,26.0,NE,NNE,4.0,11.0,52.0,46.00000000000001,1022.0,1017.5,3.0,5.0,24.8,26.100000000000005,No,No
2013-11-03,Brisbane,17.1,31.300000000000004,0.0,7.599999999999999,12.2,ENE,24.000000000000004,SW,NE,2.0,11.0,47.0,53.0,1018.3,1012.5,1.0,1.0,25.4,28.6,No,No
2013-11-04,Brisbane,20.0,26.1,0.0,8.4,8.2,E,37.0,SE,ESE,9.0,19.0,56.0,56.0,1017.7,1016.8,4.0,7.0,23.9,23.0,No,No
2013-11-05,Brisbane,16.7,24.9,0.0,14.4,10.3,ESE,61.0,E,E,13.0,19.0,50.0,53.99999999999999,1024.3,1021.4999999999999,3.0,2.0,22.2,23.1,No,No
2013-11-06,Brisbane,15.9,26.3,0.0,5.0,9.7,NE,26.0,ESE,ENE,9.0,13.0,38.0,45.0,1022.9,1018.8,7.0,7.0,23.4,23.6,No,No
2013-11-07,Brisbane,14.5,27.8,0.0,7.599999999999999,12.5,ENE,24.000000000000004,W,NE,4.0,11.0,47.0,43.0,1019.3000000000001,1015.1,1.0,1.0,23.4,26.0,No,No
2013-11-08,Brisbane,15.1,29.2,0.0,7.4,12.1,NE,31.0,W,NNE,4.0,13.0,49.0,39.0,1016.6,1012.9,0.0,1.0,24.7,26.600000000000005,No,No
2013-11-09,Brisbane,17.1,29.700000000000003,0.0,9.6,12.2,NE,37.0,NNE,NE,6.0,11.0,46.0,56.99999999999999,1014.6,1010.4,0.0,2.0,26.600000000000005,26.4,No,No
2013-11-10,Brisbane,20.3,30.9,0.0,9.6,8.2,S,31.0,SE,E,2.0,13.0,51.0,56.99999999999999,1012.2,1010.5,2.0,6.0,27.200000000000003,27.099999999999998,No,Yes
2013-11-11,Brisbane,20.7,28.7,4.0,7.4,6.1,NE,31.0,N,NNE,9.0,13.0,53.00000000000001,56.99999999999999,1014.5,1011.3,7.0,7.0,26.4,26.800000000000004,Yes,Yes
2013-11-12,Brisbane,21.2,29.1,1.8000000000000003,6.4,10.7,NE,33.0,NNE,NNE,9.0,13.0,59.0,53.0,1015.7,1012.8,5.0,2.0,26.0,27.599999999999998,Yes,Yes
2013-11-13,Brisbane,19.0,30.099999999999998,5.799999999999999,7.599999999999999,10.9,ENE,30.0,WNW,ENE,7.0,14.999999999999998,61.0,60.00000000000001,1015.9,1012.2,3.0,3.0,26.0,28.099999999999998,Yes,Yes
2013-11-14,Brisbane,19.4,27.700000000000003,12.8,6.4,6.6,SSE,35.0,NNW,ENE,6.0,13.0,67.0,64.0,1015.4,1010.1,6.0,2.0,25.8,27.4,Yes,Yes
2013-11-15,Brisbane,17.1,29.1,22.4,7.4,11.6,NE,24.000000000000004,ENE,NE,9.0,9.0,64.0,63.00000000000001,1013.7,1009.3,1.0,5.0,25.5,26.7,Yes,No
2013-11-16,Brisbane,20.2,27.2,0.0,8.0,6.9,ENE,33.0,E,ENE,9.0,16.999999999999996,58.00000000000001,63.00000000000001,1011.3,1007.4,6.0,6.0,24.7,24.8,No,No
2013-11-17,Brisbane,18.4,25.5,0.0,5.6,2.2,ENE,20.0,ESE,ENE,4.0,4.0,64.0,70.0,1012.0000000000001,1010.2,8.0,7.0,22.9,23.1,No,Yes
2013-11-18,Brisbane,17.3,28.4,9.2,3.0,9.1,SW,39.0,WNW,NNE,4.0,7.000000000000001,65.0,53.0,1011.0,1006.2,1.0,6.0,22.2,25.0,Yes,Yes
2013-11-19,Brisbane,14.699999999999998,30.999999999999996,5.799999999999999,6.4,12.4,WSW,28.0,W,E,13.0,14.999999999999998,51.0,47.0,1008.9,1005.6,1.0,6.0,24.1,27.300000000000004,Yes,No
2013-11-20,Brisbane,17.6,28.8,0.0,8.0,12.9,E,28.0,W,E,6.0,11.0,57.0,56.0,1011.1,1008.2,3.0,2.0,25.1,27.4,No,No
2013-11-21,Brisbane,17.8,28.8,0.0,7.599999999999999,13.0,E,26.0,SSE,ENE,6.0,11.0,56.0,53.0,1012.9,1009.8,3.0,1.0,25.5,27.4,No,No
2013-11-22,Brisbane,18.8,28.099999999999998,0.0,7.599999999999999,9.1,ENE,26.0,SE,ENE,4.0,11.0,55.0,60.00000000000001,1012.3,1009.2,2.0,7.0,26.2,25.7,No,No
2013-11-23,Brisbane,22.1,29.399999999999995,0.2,7.2,8.4,W,43.0,NNW,NNE,6.0,13.0,62.0,62.0,1009.5,1004.9,7.0,1.0,26.300000000000004,27.799999999999997,No,Yes
2013-11-24,Brisbane,19.9,31.2,10.6,7.599999999999999,8.7,S,37.0,NNW,NNE,6.0,4.0,67.0,72.0,1006.8,1002.1,5.0,5.0,27.4,25.2,Yes,Yes
2013-11-25,Brisbane,20.2,29.300000000000004,8.8,6.8,11.3,NE,30.0,SSE,E,4.0,14.999999999999998,59.0,61.0,1006.1,1003.8,4.0,7.0,27.000000000000004,26.0,Yes,No
2013-11-26,Brisbane,20.4,27.2,0.0,7.800000000000001,11.5,ESE,35.0,SE,ESE,6.0,14.999999999999998,54.0,55.0,1011.6999999999999,1010.5,5.0,2.0,25.2,25.5,No,No
2013-11-27,Brisbane,16.3,27.1,0.0,10.4,12.7,ENE,28.0,S,ENE,6.0,11.0,45.0,49.00000000000001,1016.5,1013.6,1.0,2.0,24.3,25.2,No,No
2013-11-28,Brisbane,17.1,28.9,0.0,7.0,12.9,NE,28.0,NNE,NE,6.0,11.0,56.0,56.0,1015.1,1010.9,1.0,1.0,25.4,27.099999999999998,No,No
2013-11-29,Brisbane,18.4,33.5,0.0,8.6,10.1,NE,33.0,W,NNE,6.0,11.0,49.0,60.00000000000001,1009.9,1005.4,5.0,7.0,27.4,29.6,No,Yes
2013-11-30,Brisbane,19.1,24.4,23.4,8.8,1.6,SE,35.0,SSW,S,6.0,9.0,94.0,74.0,1013.0,1014.4,8.0,7.0,19.4,21.9,Yes,Yes
2013-12-01,Brisbane,16.0,25.6,13.999999999999998,3.6,12.8,SE,39.0,SSE,ESE,7.0,16.999999999999996,50.0,48.0,1022.0,1019.2,4.0,2.0,24.0,23.6,Yes,No
2013-12-02,Brisbane,16.0,27.0,0.0,9.0,13.1,E,28.0,SSE,E,7.0,13.0,45.0,45.0,1021.1,1016.5,2.0,2.0,23.6,25.2,No,No
2013-12-03,Brisbane,15.199999999999998,27.8,0.0,8.0,13.0,E,28.0,S,ENE,6.0,11.0,47.0,52.0,1016.9,1013.3,2.0,2.0,24.4,25.8,No,No
2013-12-04,Brisbane,16.2,28.3,0.0,8.2,12.5,NNE,26.0,W,NE,6.0,9.0,57.0,47.0,1013.3,1007.8,3.0,6.0,23.2,27.099999999999998,No,No
2013-12-05,Brisbane,19.9,35.5,0.0,8.8,9.4,WNW,30.0,NW,NNE,7.0,11.0,51.0,49.00000000000001,1004.4,999.3,2.0,6.0,27.799999999999997,31.4,No,No
2013-12-06,Brisbane,17.6,29.8,0.8,8.6,12.8,WSW,28.0,SW,E,9.0,14.999999999999998,24.000000000000004,36.0,1013.7,1012.1,5.0,1.0,23.4,25.600000000000005,No,No
2013-12-07,Brisbane,15.0,26.900000000000002,0.0,3.7999999999999994,12.9,E,26.0,E,ENE,7.0,11.0,46.0,37.0,1021.0,1018.1,1.0,1.0,24.5,26.300000000000004,No,No
2013-12-08,Brisbane,17.0,27.600000000000005,0.0,12.2,13.1,E,24.000000000000004,NE,NNE,4.0,7.000000000000001,49.0,48.0,1019.9000000000001,1016.4,4.0,2.0,24.6,27.000000000000004,No,No
2013-12-09,Brisbane,16.9,27.700000000000003,0.0,8.6,13.1,ENE,31.0,NNE,NNE,7.0,13.0,52.0,48.0,1015.9,1011.6,2.0,4.0,25.7,26.4,No,No
2013-12-10,Brisbane,19.5,29.600000000000005,0.0,9.6,10.0,NE,28.0,NE,NE,6.0,11.0,54.0,55.0,1010.7999999999998,1007.6,7.0,7.0,26.300000000000004,27.099999999999998,No,No
2013-12-11,Brisbane,22.8,30.8,0.0,9.4,3.6,NE,22.0,N,NE,7.0,9.0,54.0,65.0,1009.3,1006.2,7.0,6.0,27.599999999999998,27.500000000000004,No,Yes
2013-12-12,Brisbane,21.3,27.299999999999997,2.0,3.4,0.2,WNW,17.0,SW,SE,6.0,2.0,85.0,83.0,1009.6,1008.7,8.0,8.0,23.3,24.4,Yes,No
2013-12-13,Brisbane,19.2,30.099999999999998,0.4,1.4,11.9,ENE,28.0,ESE,E,4.0,6.0,58.00000000000001,70.0,1012.5,1010.7,1.0,4.0,26.9,26.100000000000005,No,No
2013-12-14,Brisbane,19.4,30.199999999999996,0.4,6.8,12.9,ENE,26.0,SW,ENE,2.0,13.0,64.0,56.0,1014.7,1011.7,4.0,2.0,25.8,28.200000000000003,No,No
2013-12-15,Brisbane,20.5,30.500000000000004,0.2,8.0,10.7,E,26.0,E,ENE,6.0,13.0,62.0,47.0,1016.7,1013.8,3.0,2.0,27.099999999999998,28.699999999999996,No,No
2013-12-16,Brisbane,21.3,29.700000000000003,0.0,9.8,10.0,E,28.0,ENE,ENE,7.0,14.999999999999998,50.0,49.00000000000001,1018.3,1015.6,5.0,5.0,27.300000000000004,27.999999999999996,No,No
2013-12-17,Brisbane,20.7,28.0,0.0,9.0,6.9,E,33.0,ESE,E,9.0,16.999999999999996,61.0,52.0,1019.3000000000001,1017.7,7.0,5.0,24.6,26.100000000000005,No,No
2013-12-18,Brisbane,18.1,29.300000000000004,0.0,7.800000000000001,12.6,E,39.0,SE,ESE,11.0,19.0,55.0,38.0,1021.4,1019.9,5.0,1.0,25.5,27.000000000000004,No,No
2013-12-19,Brisbane,18.1,28.7,0.2,10.6,11.2,E,31.0,ESE,ESE,13.0,13.0,50.0,40.0,1022.1,1019.8,5.0,2.0,26.0,27.4,No,No
2013-12-20,Brisbane,17.7,29.2,0.0,9.2,13.2,E,26.0,ESE,ENE,7.0,13.0,54.0,50.0,1021.1,1017.2,3.0,1.0,26.9,27.500000000000004,No,No
2013-12-21,Brisbane,20.1,30.9,0.0,9.0,12.3,NE,28.0,NNW,NE,4.0,13.0,49.0,42.0,1017.4,1014.1,2.0,1.0,27.099999999999998,28.799999999999997,No,No
2013-12-22,Brisbane,19.0,30.0,0.0,9.4,12.7,ENE,26.0,NNW,ENE,4.0,11.0,54.0,52.0,1017.6,1014.9,2.0,2.0,26.2,28.400000000000002,No,No
2013-12-23,Brisbane,21.5,30.099999999999998,0.0,9.0,12.9,NE,31.0,N,NE,9.0,11.0,51.0,53.99999999999999,1016.0,1013.2,3.0,3.0,26.7,28.099999999999998,No,No
2013-12-24,Brisbane,19.7,32.5,0.0,11.0,12.0,ENE,26.0,SSW,NNE,6.0,9.0,49.0,47.0,1015.9,1013.3,3.0,6.0,27.999999999999996,30.8,No,No
2013-12-25,Brisbane,22.7,30.7,0.0,10.0,9.3,ENE,26.0,ENE,NE,7.0,9.0,62.0,53.99999999999999,1017.0,1014.0,7.0,7.0,26.800000000000004,28.999999999999996,No,No
2013-12-26,Brisbane,22.5,32.7,0.0,7.800000000000001,9.8,NE,24.000000000000004,NW,NE,7.0,11.0,52.0,56.99999999999999,1012.9,1008.7,4.0,6.0,28.799999999999997,28.999999999999996,No,No
2013-12-27,Brisbane,22.6,30.999999999999996,0.0,7.2,6.5,ESE,33.0,E,SE,9.0,14.999999999999998,76.0,60.00000000000001,1010.6,1008.2,7.0,7.0,26.100000000000005,27.300000000000004,No,No
2013-12-28,Brisbane,22.0,29.8,0.0,7.800000000000001,4.1,ENE,26.0,ENE,ENE,6.0,9.0,59.0,61.0,1011.6999999999999,1008.5,7.0,3.0,27.000000000000004,28.499999999999996,No,No
2013-12-29,Brisbane,23.4,34.8,0.0,6.0,11.5,WSW,33.0,NW,NNE,4.0,9.0,55.0,52.0,1009.3,1004.7,1.0,1.0,29.5,33.0,No,Yes
2013-12-30,Brisbane,22.0,31.1,1.2,11.0,8.8,ESE,31.0,ESE,ESE,7.0,13.0,57.0,51.0,1012.9,1009.6,7.0,2.0,26.600000000000005,28.200000000000003,Yes,No
2013-12-31,Brisbane,23.2,28.999999999999996,0.0,9.0,0.5,E,20.0,ESE,ESE,6.0,9.0,66.0,60.00000000000001,1011.2,1009.5,8.0,6.0,25.8,27.999999999999996,No,No
2014-01-01,Brisbane,20.6,30.6,0.0,3.4,12.5,ENE,31.0,SE,ENE,7.0,11.0,52.0,52.0,1015.2,1013.1,4.0,1.0,28.799999999999997,28.900000000000002,No,No
2014-01-02,Brisbane,21.1,31.799999999999997,0.0,9.0,8.6,NE,24.000000000000004,NNW,NNE,6.0,9.0,58.00000000000001,53.99999999999999,1011.9,1008.1,7.0,7.0,26.800000000000004,29.8,No,No
2014-01-03,Brisbane,22.7,34.5,1.0,8.6,11.2,NNE,35.0,NNE,NNE,4.0,14.999999999999998,55.0,56.99999999999999,1006.7,1001.7,2.0,2.0,30.6,32.0,No,No
2014-01-04,Brisbane,23.8,38.7,0.0,10.4,12.8,E,30.0,N,NE,7.0,14.999999999999998,45.0,47.0,1001.3,997.5,1.0,1.0,34.4,35.5,No,No
2014-01-05,Brisbane,23.9,33.6,0.0,11.0,6.1,ENE,26.0,SSW,ENE,4.0,13.0,64.0,59.0,1008.4,1005.5,8.0,4.0,27.799999999999997,31.6,No,No
2014-01-06,Brisbane,25.899999999999995,34.8,0.0,4.2,6.4,W,46.0,NE,ENE,2.0,11.0,68.0,66.0,1007.9,1004.9,6.0,6.0,29.399999999999995,30.3,No,Yes
2014-01-08,Brisbane,21.8,29.600000000000005,0.4,13.0,9.3,ESE,33.0,E,ESE,15.0,16.999999999999996,50.0,48.0,1018.3,1016.7,7.0,7.0,27.300000000000004,28.099999999999998,No,No
2014-01-09,Brisbane,20.4,28.6,0.2,8.2,4.9,E,31.0,SE,E,9.0,13.0,66.0,41.0,1020.9,1018.7,8.0,7.0,23.6,27.099999999999998,No,Yes
2014-01-10,Brisbane,19.4,27.8,1.4,7.0,1.5,E,30.0,SSE,ENE,7.0,9.0,65.0,61.0,1020.4,1018.3,5.0,7.0,25.8,25.9,Yes,No
2014-01-11,Brisbane,19.6,29.8,0.0,4.4,10.5,ENE,26.0,E,E,7.0,11.0,52.0,45.0,1018.9,1015.2,5.0,2.0,27.200000000000003,28.799999999999997,No,No
2014-01-12,Brisbane,19.5,30.6,0.0,8.4,10.5,E,33.0,SSE,E,6.0,14.999999999999998,51.0,50.0,1016.5,1014.3,4.0,2.0,27.799999999999997,28.6,No,No
2014-01-13,Brisbane,19.5,29.600000000000005,0.0,8.4,13.2,ESE,35.0,SSE,E,11.0,14.999999999999998,58.00000000000001,51.0,1018.3,1016.4,4.0,1.0,25.9,28.200000000000003,No,No
2014-01-14,Brisbane,20.4,30.199999999999996,0.0,9.2,12.7,E,33.0,E,E,11.0,14.999999999999998,49.0,55.0,1019.7,1018.8,4.0,4.0,27.300000000000004,27.099999999999998,No,No
2014-01-15,Brisbane,19.1,30.4,0.0,8.6,12.2,E,31.0,E,E,13.0,19.0,56.0,49.00000000000001,1021.3,1019.4,3.0,2.0,27.4,28.400000000000002,No,No
2014-01-17,Brisbane,20.8,30.8,0.2,10.4,12.2,E,35.0,E,E,13.0,14.999999999999998,55.0,47.0,1016.4,1013.5,3.0,1.0,26.5,28.799999999999997,No,No
2014-01-18,Brisbane,20.1,30.4,0.0,9.6,11.4,ENE,37.0,SE,E,6.0,11.0,54.0,44.0,1014.1,1010.7,4.0,2.0,27.300000000000004,29.8,No,No
2014-01-19,Brisbane,20.1,31.799999999999997,0.0,9.6,12.2,ENE,28.0,SE,ENE,6.0,14.999999999999998,56.0,51.0,1009.7,1006.2,4.0,1.0,26.600000000000005,29.3,No,No
2014-01-20,Brisbane,20.5,33.5,0.0,8.0,12.6,NE,30.0,S,NE,6.0,13.0,58.00000000000001,48.0,1009.1,1005.6,2.0,1.0,28.299999999999997,31.7,No,No
2014-01-21,Brisbane,23.6,32.9,0.0,8.6,12.5,NNE,39.0,NNE,NNE,6.0,14.999999999999998,53.00000000000001,62.0,1009.6,1005.2,1.0,1.0,30.2,31.1,No,No
2014-01-22,Brisbane,25.5,35.3,0.0,10.0,8.2,E,33.0,S,E,6.0,14.999999999999998,55.0,53.99999999999999,1011.4000000000001,1010.6,5.0,3.0,31.0,33.4,No,Yes
2014-01-23,Brisbane,23.9,30.099999999999998,2.2,8.4,3.9,SE,35.0,NW,E,4.0,9.0,80.0,89.0,1016.6,1015.1,6.0,8.0,26.600000000000005,23.9,Yes,Yes
2014-01-25,Brisbane,23.6,28.7,2.0,3.0,1.2,SE,37.0,W,SE,9.0,19.0,69.0,65.0,1009.6,1009.3,7.0,7.0,27.799999999999997,26.7,Yes,Yes
2014-01-26,Brisbane,21.4,28.500000000000004,1.2,6.4,8.9,SE,46.0,SE,SE,11.0,19.0,60.0,46.00000000000001,1018.7,1017.7,7.0,6.0,25.3,27.4,Yes,No
2014-01-27,Brisbane,19.8,28.6,0.0,9.2,7.299999999999999,ESE,37.0,ESE,E,13.0,19.999999999999996,49.0,50.0,1020.0,1018.9,7.0,7.0,25.8,26.4,No,No
2014-01-28,Brisbane,21.5,26.7,0.0,9.4,3.7,E,37.0,E,E,20.0,19.999999999999996,61.0,63.00000000000001,1019.5,1017.2,7.0,7.0,24.6,24.8,No,No
2014-01-29,Brisbane,19.7,27.399999999999995,0.8,6.8,4.5,E,35.0,ESE,E,4.0,13.0,78.0,60.00000000000001,1017.2,1015.2,7.0,6.0,23.3,25.4,No,No
2014-01-30,Brisbane,21.4,28.4,0.2,8.4,3.6,E,35.0,ESE,E,6.0,19.0,64.0,49.00000000000001,1017.5,1015.9,7.0,5.0,25.0,26.300000000000004,No,No
2014-01-31,Brisbane,22.7,26.900000000000002,0.0,6.8,1.2,NE,33.0,E,ESE,15.0,14.999999999999998,54.0,56.99999999999999,1014.8,1013.3,7.0,7.0,25.0,25.600000000000005,No,No
2014-02-01,Brisbane,21.5,28.8,0.0,6.6,10.9,E,35.0,E,E,19.0,13.0,56.0,55.0,1013.2,1011.4,7.0,3.0,25.8,27.500000000000004,No,No
2014-02-02,Brisbane,21.0,30.0,0.0,9.0,9.2,E,28.0,ESE,E,9.0,14.999999999999998,57.0,49.00000000000001,1014.3,1012.1,5.0,2.0,26.800000000000004,28.400000000000002,No,Yes
2014-02-03,Brisbane,19.7,28.7,1.6,9.6,7.4,E,31.0,E,E,7.0,13.0,63.0,59.0,1013.6,1012.2,5.0,5.0,24.7,26.300000000000004,Yes,No
2014-02-04,Brisbane,19.0,29.700000000000003,0.6,7.0,10.6,ENE,31.0,SSE,E,4.0,16.999999999999996,62.0,53.99999999999999,1013.5,1012.0,4.0,1.0,25.5,27.900000000000002,No,No
2014-02-05,Brisbane,20.0,29.9,0.0,7.2,9.1,SSE,39.0,SSE,SE,17.0,16.999999999999996,53.00000000000001,46.00000000000001,1015.6,1013.6,3.0,6.0,26.4,28.6,No,No
2014-02-06,Brisbane,19.1,27.399999999999995,0.2,8.8,4.5,SSE,31.0,SE,E,13.0,13.0,55.0,56.99999999999999,1016.0,1013.9,7.0,8.0,24.7,25.8,No,No
2014-02-07,Brisbane,19.6,28.6,0.0,8.0,2.9,ENE,30.0,SSE,E,9.0,13.0,60.0,58.0,1016.5,1015.3,7.0,7.0,24.5,25.5,No,No
2014-02-08,Brisbane,19.9,29.2,0.0,6.4,10.7,E,28.0,E,ENE,11.0,13.0,56.0,55.0,1018.1,1016.5,6.0,3.0,25.8,27.599999999999998,No,No
2014-02-09,Brisbane,21.8,29.1,0.0,8.6,3.9,E,22.0,E,ENE,9.0,9.0,59.0,66.0,1019.8,1017.1,7.0,7.0,26.800000000000004,26.4,No,No
2014-02-10,Brisbane,21.9,28.8,0.0,5.0,5.1,E,24.000000000000004,SE,ENE,2.0,11.0,67.0,56.0,1016.8,1014.4,7.0,4.0,25.3,28.400000000000002,No,No
2014-02-11,Brisbane,19.5,29.2,0.0,7.2,10.7,ENE,24.000000000000004,SW,NE,6.0,11.0,59.0,51.0,1016.5,1013.3,6.0,6.0,25.5,28.200000000000003,No,No
2014-02-12,Brisbane,19.2,29.8,0.0,8.0,12.1,NE,30.0,SSE,ENE,6.0,11.0,56.0,47.0,1016.2,1013.5,3.0,1.0,26.100000000000005,28.900000000000002,No,No
2014-02-15,Brisbane,23.2,31.6,0.0,8.0,8.7,NE,35.0,NE,NE,4.0,14.999999999999998,60.0,60.00000000000001,1006.6,1002.6,7.0,4.0,27.799999999999997,29.6,No,No
2014-02-16,Brisbane,23.7,32.6,0.0,9.4,12.0,NE,35.0,NNE,NNE,7.0,16.999999999999996,59.0,65.0,1006.2,1002.1,6.0,1.0,29.6,30.399999999999995,No,No
2014-02-17,Brisbane,23.4,34.1,0.0,10.8,9.7,E,33.0,NE,E,6.0,16.999999999999996,52.0,64.0,1009.3,1008.7,1.0,4.0,30.399999999999995,28.699999999999996,No,Yes
2014-02-18,Brisbane,23.4,31.300000000000004,8.4,7.800000000000001,9.3,ENE,24.000000000000004,SE,ENE,4.0,9.0,85.0,61.0,1012.1,1008.2,6.0,2.0,25.3,29.899999999999995,Yes,No
2014-02-19,Brisbane,23.0,31.899999999999995,0.2,7.4,11.7,NE,33.0,NNE,NNE,7.0,13.0,57.0,58.0,1009.4,1005.3,1.0,1.0,29.1,30.3,No,No
2014-02-20,Brisbane,25.6,33.4,0.0,9.0,7.9,NNE,26.0,NNW,NE,9.0,14.999999999999998,64.0,60.00000000000001,1009.4,1007.1,6.0,1.0,29.3,31.2,No,No
2014-02-21,Brisbane,24.6,34.0,0.0,9.6,9.1,SSE,31.0,SW,E,6.0,14.999999999999998,64.0,64.0,1012.0000000000001,1009.9,6.0,4.0,30.3,30.5,No,Yes
2014-02-22,Brisbane,23.2,27.399999999999995,2.2,8.2,0.0,SE,31.0,SE,SE,13.0,13.0,65.0,67.0,1015.5,1015.0,7.0,7.0,25.5,25.0,Yes,No
2014-02-23,Brisbane,21.2,30.199999999999996,0.0,8.0,10.0,SE,43.0,SE,ESE,17.0,19.0,49.0,44.0,1017.8,1015.6,6.0,3.0,26.600000000000005,28.299999999999997,No,Yes
2014-02-24,Brisbane,19.6,28.500000000000004,1.2,8.4,7.8,SSE,28.0,SE,ESE,9.0,16.999999999999996,68.0,46.00000000000001,1018.1,1015.4,1.0,4.0,24.9,27.300000000000004,Yes,Yes
2014-02-25,Brisbane,19.9,29.600000000000005,1.4,9.2,8.4,E,31.0,SSE,E,9.0,14.999999999999998,64.0,51.0,1016.9,1013.3,4.0,6.0,25.4,28.299999999999997,Yes,No
2014-02-26,Brisbane,19.1,29.5,0.0,8.4,10.7,ENE,24.000000000000004,SSW,ENE,4.0,13.0,58.00000000000001,50.0,1016.1,1013.1,4.0,2.0,25.9,28.6,No,No
2014-02-27,Brisbane,19.3,30.7,0.0,7.2,12.2,NE,24.000000000000004,WNW,NE,6.0,13.0,56.0,46.00000000000001,1016.5,1013.7,2.0,1.0,26.600000000000005,28.999999999999996,No,No
2014-02-28,Brisbane,20.6,30.9,0.0,8.0,7.4,E,35.0,ESE,E,9.0,16.999999999999996,59.0,48.0,1017.9,1015.1,5.0,4.0,27.099999999999998,28.900000000000002,No,No
2014-03-01,Brisbane,19.9,30.4,0.6,8.0,10.2,ENE,30.0,ESE,E,7.0,13.0,55.0,46.00000000000001,1016.0,1013.2,3.0,2.0,26.800000000000004,28.900000000000002,No,No
2014-03-02,Brisbane,20.0,30.199999999999996,0.0,7.4,10.0,E,28.0,E,E,6.0,13.0,53.00000000000001,46.00000000000001,1016.3,1014.4,2.0,3.0,27.200000000000003,28.6,No,Yes
2014-03-03,Brisbane,20.3,27.8,1.6,9.4,6.4,E,43.0,E,ESE,9.0,13.0,85.99999999999999,65.0,1021.4,1019.8,6.0,6.0,22.3,25.0,Yes,Yes
2014-03-04,Brisbane,19.5,28.6,4.6,7.0,8.3,ESE,48.00000000000001,SE,ESE,7.0,13.0,67.0,49.00000000000001,1023.0,1020.5,5.0,6.0,25.1,26.5,Yes,Yes
2014-03-05,Brisbane,19.0,27.9,3.4,6.6,5.1,ENE,26.0,SSE,ENE,7.0,13.0,82.0,52.0,1020.0,1016.2,7.0,3.0,21.6,26.4,Yes,No
2014-03-06,Brisbane,18.0,29.1,0.0,5.0,11.7,NE,28.0,S,ENE,4.0,13.0,56.0,50.0,1018.5,1016.4,2.0,3.0,25.8,27.900000000000002,No,No
2014-03-07,Brisbane,18.5,28.8,0.0,8.4,6.3,NNE,28.0,SE,ENE,9.0,13.0,65.0,50.0,1019.8,1017.5,6.0,3.0,24.3,27.4,No,No
2014-03-08,Brisbane,18.1,28.9,0.2,6.4,10.3,E,37.0,ESE,E,9.0,16.999999999999996,62.0,43.0,1020.0,1017.9,4.0,5.0,25.3,28.099999999999998,No,Yes
2014-03-09,Brisbane,19.5,28.3,1.2,9.6,1.9,E,37.0,ESE,E,11.0,16.999999999999996,62.0,67.0,1020.1999999999999,1018.2,7.0,7.0,25.2,24.0,Yes,Yes
2014-03-10,Brisbane,19.7,28.9,2.2,7.0,7.299999999999999,ESE,35.0,SE,ESE,11.0,14.999999999999998,67.0,44.0,1020.1,1018.2,5.0,7.0,24.5,27.500000000000004,Yes,Yes
2014-03-11,Brisbane,19.1,28.7,4.6,8.8,7.9,SE,35.0,ESE,SE,4.0,14.999999999999998,85.99999999999999,41.0,1020.4,1017.4,7.0,2.0,22.5,27.900000000000002,Yes,No
2014-03-12,Brisbane,19.5,29.300000000000004,0.8,7.0,10.4,E,30.0,SSE,ENE,7.0,14.999999999999998,63.0,51.0,1018.5,1015.2,3.0,2.0,24.6,27.500000000000004,No,No
2014-03-13,Brisbane,18.6,29.600000000000005,0.0,7.800000000000001,11.0,E,33.0,SE,E,9.0,19.0,58.00000000000001,45.0,1018.4,1015.5,3.0,2.0,26.2,27.999999999999996,No,No
2014-03-14,Brisbane,19.3,28.999999999999996,0.0,8.0,8.4,E,30.0,S,E,4.0,14.999999999999998,57.0,48.0,1017.3,1013.9,3.0,3.0,26.100000000000005,27.300000000000004,No,No
2014-03-15,Brisbane,18.6,30.199999999999996,0.6,6.6,11.1,ENE,24.000000000000004,S,NE,4.0,9.0,61.0,48.0,1015.9,1011.4,3.0,1.0,25.1,28.200000000000003,No,No
2014-03-16,Brisbane,19.6,32.8,0.0,6.8,10.4,NE,28.0,N,NE,7.0,9.0,54.0,55.0,1014.4,1008.5,1.0,1.0,26.800000000000004,30.5,No,Yes
2014-03-17,Brisbane,21.6,31.799999999999997,4.6,8.4,10.7,ENE,30.0,SSE,E,6.0,14.999999999999998,61.0,53.99999999999999,1015.9,1013.8,1.0,1.0,28.099999999999998,30.0,Yes,No
2014-03-19,Brisbane,23.8,30.6,0.0,6.6,8.7,E,26.0,E,E,7.0,14.999999999999998,67.0,53.99999999999999,1022.0,1019.0,7.0,2.0,26.4,28.900000000000002,No,No
2014-03-20,Brisbane,20.6,30.0,0.6,9.6,10.4,ENE,35.0,E,E,15.0,19.999999999999996,56.0,50.0,1022.0,1019.4,5.0,5.0,27.599999999999998,27.700000000000003,No,No
2014-03-21,Brisbane,19.2,28.999999999999996,0.2,7.800000000000001,8.7,NE,28.0,ESE,ENE,9.0,9.0,64.0,51.0,1019.7,1016.4,6.0,2.0,25.3,28.699999999999996,No,No
2014-03-22,Brisbane,19.6,29.5,0.6,6.2,9.9,E,24.000000000000004,S,ENE,6.0,13.0,64.0,55.0,1018.2,1015.3,6.0,1.0,25.7,27.599999999999998,No,No
2014-03-23,Brisbane,19.2,31.6,0.0,7.0,10.8,ENE,24.000000000000004,S,ENE,4.0,13.0,68.0,55.0,1018.3,1014.2,7.0,2.0,25.4,28.699999999999996,No,No
2014-03-24,Brisbane,20.1,28.8,0.0,5.2,5.2,NNE,24.000000000000004,W,NE,4.0,9.0,61.0,60.00000000000001,1016.0,1012.8,6.0,7.0,26.0,27.4,No,Yes
2014-03-25,Brisbane,19.8,26.499999999999996,22.4,5.0,1.1,SSW,22.0,WSW,SE,4.0,6.0,80.99999999999999,85.0,1018.1,1016.8,7.0,8.0,24.0,23.4,Yes,Yes
2014-03-26,Brisbane,21.7,27.2,21.6,3.4,0.0,ENE,39.0,ENE,ENE,17.0,19.999999999999996,76.0,68.0,1019.1,1017.6,8.0,7.0,25.4,26.0,Yes,Yes
2014-03-27,Brisbane,21.1,23.8,5.6,3.0,0.0,E,37.0,SE,ENE,4.0,11.0,89.0,91.0,1020.4,1016.1,8.0,8.0,23.0,23.3,Yes,Yes
2014-03-29,Brisbane,21.8,32.6,3.2,2.8,10.1,N,15.0,NW,NNE,4.0,6.0,75.0,59.0,1016.7,1012.9,7.0,7.0,26.5,30.6,Yes,No
2014-03-30,Brisbane,22.7,25.6,0.8,6.0,0.5,SSE,22.0,S,SW,6.0,4.0,88.0,87.0,1018.8,1016.5,7.0,8.0,25.1,24.3,No,Yes
2014-03-31,Brisbane,20.3,29.300000000000004,2.2,0.0,9.5,E,28.0,SW,E,7.0,14.999999999999998,74.0,61.0,1019.8,1016.8,3.0,3.0,25.600000000000005,27.4,Yes,No
2014-04-01,Brisbane,19.7,29.300000000000004,0.6,6.4,10.3,E,24.000000000000004,SE,E,7.0,13.0,66.0,50.0,1019.3000000000001,1015.9,2.0,1.0,26.100000000000005,28.200000000000003,No,No
2014-04-02,Brisbane,19.2,29.9,0.0,6.8,10.5,ENE,22.0,S,ENE,4.0,13.0,67.0,53.0,1017.8,1014.6,4.0,2.0,25.600000000000005,27.900000000000002,No,No
2014-04-03,Brisbane,19.1,29.5,0.0,6.2,10.8,ENE,24.000000000000004,SE,NE,4.0,11.0,64.0,53.0,1017.9,1015.5,2.0,2.0,25.7,28.099999999999998,No,No
2014-04-04,Brisbane,18.9,29.5,0.0,5.0,9.8,NE,20.0,WSW,NE,4.0,9.0,70.0,60.00000000000001,1018.8,1015.7,2.0,3.0,24.4,27.700000000000003,No,No
2014-04-05,Brisbane,19.9,30.9,0.0,5.8,10.5,NE,19.0,WNW,NE,4.0,7.000000000000001,71.0,48.0,1019.3000000000001,1015.3,3.0,2.0,25.9,29.3,No,No
2014-04-06,Brisbane,21.1,30.999999999999996,0.0,5.6,8.6,SE,35.0,S,ENE,4.0,7.000000000000001,66.0,53.99999999999999,1017.5,1013.7,3.0,5.0,26.300000000000004,29.699999999999996,No,Yes
2014-04-07,Brisbane,19.6,27.8,1.8000000000000003,5.8,6.2,SE,37.0,SSW,SE,11.0,11.0,68.0,53.99999999999999,1020.1999999999999,1017.6,5.0,6.0,22.6,25.0,Yes,No
2014-04-08,Brisbane,17.8,27.0,0.0,6.2,5.5,SSE,26.0,SSW,S,9.0,9.0,59.0,58.0,1019.9000000000001,1017.0,3.0,6.0,23.1,25.3,No,No
2014-04-09,Brisbane,18.4,27.8,0.0,3.2,8.8,ESE,26.0,SW,E,6.0,11.0,64.0,55.0,1019.9000000000001,1016.0,4.0,6.0,23.4,26.100000000000005,No,No
2014-04-10,Brisbane,17.3,26.3,0.0,6.6,9.2,N,15.0,WSW,NE,4.0,6.0,66.0,58.0,1017.4,1013.4,7.0,5.0,22.8,25.9,No,No
2014-04-11,Brisbane,16.4,29.700000000000003,0.0,4.0,10.2,NE,19.0,WNW,NNE,4.0,9.0,66.0,60.00000000000001,1012.1,1007.2,1.0,2.0,23.2,28.6,No,No
2014-04-12,Brisbane,20.4,31.300000000000004,0.0,4.8,5.4,NW,24.000000000000004,WNW,NW,4.0,6.0,60.0,53.99999999999999,1010.2,1007.9,2.0,5.0,27.099999999999998,28.799999999999997,No,No
2014-04-13,Brisbane,22.8,24.6,0.0,5.2,0.0,SE,20.0,ESE,ESE,7.0,4.0,73.0,87.0,1014.0,1012.6,8.0,8.0,24.2,21.9,No,Yes
2014-04-14,Brisbane,20.3,24.9,8.8,2.8,0.5,SE,41.0,SSE,SE,6.0,14.999999999999998,73.0,79.0,1013.7,1011.7,7.0,6.0,23.1,22.6,Yes,No
2014-04-15,Brisbane,17.8,25.8,0.0,2.4,7.499999999999999,SSE,28.0,SW,SSE,7.0,9.0,62.0,56.0,1016.6,1013.7,6.0,6.0,23.0,24.3,No,No
2014-04-16,Brisbane,15.799999999999999,28.199999999999996,0.0,4.6,9.8,W,24.000000000000004,WSW,S,9.0,6.0,58.00000000000001,41.0,1016.9,1013.1,1.0,2.0,21.6,27.900000000000002,No,No
2014-04-17,Brisbane,16.2,28.0,0.0,5.6,10.7,ENE,19.0,WSW,WNW,7.0,7.000000000000001,59.0,39.0,1018.4,1014.2,1.0,2.0,21.9,27.700000000000003,No,No
2014-04-18,Brisbane,16.6,28.4,0.0,4.0,10.0,W,20.0,WSW,W,6.0,7.000000000000001,69.0,39.0,1017.4,1013.0,1.0,1.0,21.9,27.799999999999997,No,No
2014-04-19,Brisbane,14.5,28.6,0.0,4.8,11.1,W,20.0,WSW,WNW,7.0,7.000000000000001,51.0,31.0,1016.9,1012.9,0.0,0.0,22.0,27.599999999999998,No,No
2014-04-20,Brisbane,15.299999999999999,28.500000000000004,0.0,7.0,10.7,ENE,17.0,SW,N,4.0,6.0,61.0,35.0,1018.6,1015.5,1.0,1.0,22.0,27.500000000000004,No,No
2014-04-21,Brisbane,15.9,29.2,0.0,5.2,10.8,NE,19.0,WSW,NNE,6.0,7.000000000000001,63.0,43.0,1021.4,1017.8,1.0,1.0,22.1,27.599999999999998,No,No
2014-04-22,Brisbane,16.8,27.5,0.0,5.0,10.5,E,20.0,SW,NE,6.0,9.0,68.0,41.0,1022.0,1018.4,1.0,7.0,22.7,26.800000000000004,No,No
2014-04-23,Brisbane,16.6,28.199999999999996,0.0,4.8,9.4,NNE,17.0,WSW,NE,4.0,6.0,70.0,46.00000000000001,1020.0,1015.5,6.0,5.0,21.8,26.7,No,No
2014-04-24,Brisbane,16.2,28.999999999999996,0.0,5.6,10.2,NE,17.0,WSW,NE,6.0,6.0,73.0,53.0,1018.1,1013.6,5.0,2.0,21.6,27.700000000000003,No,No
2014-04-25,Brisbane,17.2,28.9,0.0,3.6,10.7,E,26.0,SW,E,6.0,14.999999999999998,74.0,51.0,1019.2,1015.6,3.0,2.0,21.5,27.099999999999998,No,No
2014-04-26,Brisbane,17.2,29.1,0.0,5.0,9.6,ENE,15.0,SW,W,7.0,4.0,69.0,46.00000000000001,1019.3000000000001,1014.5,3.0,7.0,22.2,28.699999999999996,No,No
2014-04-27,Brisbane,19.1,29.399999999999995,0.0,4.4,6.8,SE,31.0,SW,SSE,4.0,7.000000000000001,78.0,45.0,1019.1,1015.8,6.0,4.0,22.2,28.699999999999996,No,Yes
2014-04-28,Brisbane,18.7,24.6,2.6,5.6,2.7,SSE,37.0,S,SE,4.0,16.999999999999996,90.0,59.0,1021.7,1018.9,7.0,7.0,19.2,23.8,Yes,No
2014-04-29,Brisbane,16.5,26.000000000000004,0.4,2.4,8.5,SSE,24.000000000000004,SW,E,7.0,6.0,73.0,48.0,1020.3,1016.7,7.0,4.0,20.5,24.1,No,No
2014-04-30,Brisbane,14.5,27.1,0.0,4.4,5.5,S,17.0,SW,NE,4.0,4.0,68.0,60.00000000000001,1016.5,1012.6,3.0,7.0,21.1,25.0,No,Yes
2014-05-01,Brisbane,18.4,27.399999999999995,4.6,0.2,7.299999999999999,ENE,17.0,SSW,NE,7.0,6.0,80.0,60.00000000000001,1015.6,1012.2,3.0,2.0,21.7,24.9,Yes,Yes
2014-05-03,Brisbane,15.4,21.1,13.8,6.0,9.0,WNW,44.0,W,W,20.0,19.999999999999996,52.0,33.0,1005.8,1004.3,5.0,6.0,16.9,19.2,Yes,No
2014-05-08,Brisbane,15.299999999999999,24.2,0.0,4.6,3.5,SE,33.0,SSW,S,7.0,7.000000000000001,61.0,59.0,1022.0,1019.3,5.0,7.0,20.5,21.2,No,No
2014-05-09,Brisbane,14.699999999999998,24.7,0.0,4.0,8.9,SSE,28.0,SW,ESE,9.0,13.0,63.0,47.0,1024.3,1021.0999999999999,2.0,7.0,19.9,23.4,No,No
2014-05-10,Brisbane,15.6,24.0,0.0,6.0,1.8,E,28.0,WSW,E,4.0,9.0,64.0,64.0,1024.6,1021.8999999999999,7.0,8.0,19.1,20.7,No,No
2014-05-11,Brisbane,13.699999999999998,25.4,0.2,2.8,9.4,SW,15.0,WSW,NE,7.0,6.0,76.0,48.0,1024.6,1021.4,1.0,1.0,18.6,23.6,No,No
2014-05-12,Brisbane,13.8,24.7,0.0,2.4,7.499999999999999,SE,26.0,SSW,E,9.0,11.0,68.0,61.0,1026.6,1023.9000000000001,2.0,4.0,19.7,22.4,No,Yes
2014-05-13,Brisbane,13.900000000000002,24.8,3.6000000000000005,4.0,10.2,SE,30.0,SW,ESE,7.0,16.999999999999996,70.0,53.0,1026.5,1023.3,1.0,5.0,19.4,23.6,Yes,No
2014-05-14,Brisbane,15.1,23.2,0.0,5.0,6.3,SE,31.0,SSW,ESE,6.0,14.999999999999998,70.0,68.0,1026.1,1023.5000000000001,6.0,7.0,19.6,21.4,No,No
2014-05-15,Brisbane,15.199999999999998,24.8,0.0,3.0,9.6,E,31.0,SW,E,6.0,14.999999999999998,68.0,47.0,1026.5,1024.1,2.0,2.0,20.5,23.7,No,No
2014-05-16,Brisbane,15.199999999999998,23.0,0.4,5.8,3.9,E,33.0,SW,ESE,6.0,6.0,69.0,69.0,1027.7,1026.0,6.0,7.0,20.4,22.4,No,Yes
2014-05-17,Brisbane,14.799999999999999,24.6,1.2,1.6,6.0,ENE,31.0,WSW,SE,2.0,9.0,70.0,61.0,1029.9,1026.8,7.0,5.0,19.0,22.4,Yes,No
2014-05-18,Brisbane,15.0,25.1,0.6,3.4,5.4,E,30.0,SW,ESE,4.0,7.000000000000001,71.0,55.0,1028.4,1026.5,5.0,7.0,20.7,22.2,No,No
2014-05-19,Brisbane,14.400000000000002,24.7,0.2,4.0,2.1,ENE,17.0,SW,E,4.0,7.000000000000001,76.0,53.99999999999999,1027.8,1024.4,7.0,7.0,18.0,23.2,No,No
2014-05-20,Brisbane,14.6,24.7,0.0,2.4,5.1,W,15.0,SW,E,6.0,6.0,69.0,56.0,1024.7,1021.3000000000001,3.0,8.0,18.8,22.9,No,No
2014-05-21,Brisbane,14.699999999999998,25.1,0.0,2.8,10.0,ESE,28.0,SW,SE,6.0,11.0,71.0,59.0,1022.9,1020.8,1.0,3.0,19.7,23.2,No,Yes
2014-05-22,Brisbane,17.8,26.1,1.2,2.0,7.4,ENE,22.0,SW,E,2.0,11.0,74.0,61.0,1023.9,1020.5,3.0,5.0,21.5,23.5,Yes,No
2014-05-24,Brisbane,16.7,27.0,0.6,1.6,10.1,WSW,24.000000000000004,WSW,SW,2.0,7.000000000000001,79.0,46.00000000000001,1017.8,1014.2,2.0,5.0,21.4,25.8,No,No
2014-05-25,Brisbane,13.5,28.4,0.0,4.0,10.4,SW,15.0,SW,W,4.0,2.0,71.0,36.0,1020.9,1018.4,0.0,1.0,19.2,27.900000000000002,No,No
2014-05-26,Brisbane,13.5,28.4,0.2,4.4,10.1,NE,15.0,SW,ENE,6.0,7.000000000000001,71.0,42.0,1024.6,1021.3000000000001,5.0,3.0,18.6,26.4,No,No
2014-05-27,Brisbane,13.8,26.900000000000002,0.0,2.8,9.7,ENE,22.0,SW,NE,6.0,11.0,73.0,60.00000000000001,1023.6,1018.2,5.0,6.0,19.9,24.8,No,No
2014-05-29,Brisbane,15.299999999999999,28.6,0.0,3.4,9.7,E,22.0,SW,ENE,4.0,9.0,77.0,51.0,1021.7,1018.4,1.0,1.0,20.2,25.9,No,No
2014-05-30,Brisbane,18.8,24.9,0.0,3.6,3.1,E,22.0,SW,E,4.0,11.0,69.0,53.99999999999999,1024.1,1021.0,7.0,7.0,20.0,24.0,No,No
2014-05-31,Brisbane,16.0,23.4,0.6,3.4,3.8,E,20.0,WSW,E,6.0,7.000000000000001,89.0,80.0,1023.6,1020.3,8.0,7.0,17.9,20.8,No,No
2014-06-01,Brisbane,14.400000000000002,24.8,0.4,3.0,8.3,ENE,15.0,SW,ENE,6.0,7.000000000000001,85.99999999999999,53.0,1021.1,1017.7,7.0,6.0,17.0,23.5,No,No
2014-06-02,Brisbane,13.8,25.8,0.0,2.4,9.7,ENE,19.0,SW,NE,6.0,7.000000000000001,75.0,56.99999999999999,1019.7,1016.3,1.0,4.0,18.7,24.6,No,No
2014-06-03,Brisbane,16.8,24.6,0.0,3.0,5.0,WNW,19.0,WSW,W,6.0,6.0,92.0,66.0,1019.7,1017.1,7.0,7.0,18.4,23.6,No,No
2014-06-04,Brisbane,15.1,25.8,0.0,1.8,7.8,WSW,13.0,SW,ENE,4.0,6.0,69.0,64.0,1022.5,1020.6,3.0,7.0,19.5,23.4,No,No
2014-06-05,Brisbane,13.8,26.1,0.0,3.6,9.1,SE,22.0,SW,S,6.0,6.0,66.0,46.00000000000001,1023.5,1019.7,1.0,5.0,18.5,24.9,No,No
2014-06-06,Brisbane,14.400000000000002,25.9,0.0,3.4,9.1,SE,19.0,SSW,E,6.0,9.0,71.0,55.0,1022.3,1018.6,1.0,2.0,19.2,23.0,No,No
2014-06-07,Brisbane,13.3,24.4,0.0,3.6,9.8,SSW,24.000000000000004,SW,SSW,7.0,11.0,64.0,43.0,1022.8,1019.3,2.0,6.0,18.6,23.0,No,No
2014-06-08,Brisbane,13.900000000000002,23.3,0.0,5.0,6.5,SW,20.0,SSW,SE,7.0,7.000000000000001,62.0,53.0,1022.3,1019.6,6.0,7.0,18.0,22.0,No,No
2014-06-09,Brisbane,14.400000000000002,22.4,0.0,4.4,3.9,SE,28.0,SW,SE,9.0,11.0,57.0,51.0,1022.6,1020.7,7.0,7.0,18.3,20.9,No,No
2014-06-10,Brisbane,13.6,23.9,0.0,4.0,9.2,SSE,41.0,SW,SE,6.0,14.999999999999998,62.0,50.0,1023.9,1019.6,4.0,3.0,18.0,21.8,No,No
2014-06-11,Brisbane,13.900000000000002,22.8,0.0,4.6,4.9,SE,30.0,WSW,SE,7.0,14.999999999999998,69.0,47.0,1022.5,1019.3,5.0,1.0,16.7,21.3,No,No
2014-06-12,Brisbane,14.400000000000002,23.6,0.0,4.6,6.5,SE,26.0,SW,E,6.0,9.0,58.00000000000001,55.0,1020.9,1018.4,2.0,7.0,18.7,21.7,No,Yes
2014-06-13,Brisbane,14.6,24.1,1.4,3.6,6.8,ESE,20.0,SSW,NE,6.0,7.000000000000001,83.0,56.99999999999999,1020.3,1016.1,3.0,7.0,17.6,22.5,Yes,No
2014-06-14,Brisbane,15.299999999999999,21.0,0.8,2.6,0.4,W,26.0,SW,NNW,2.0,7.000000000000001,88.0,70.0,1015.9,1011.7,7.0,7.0,17.5,20.4,No,No
2014-06-15,Brisbane,9.8,20.6,0.6,2.2,9.8,W,43.0,WSW,W,6.0,13.0,57.0,42.0,1015.8,1013.9,2.0,2.0,16.6,19.7,No,No
2014-06-16,Brisbane,10.2,21.6,0.0,5.4,9.5,W,20.0,WSW,SSW,9.0,4.0,57.0,38.0,1021.7,1020.4,6.0,4.0,15.199999999999998,20.6,No,No
2014-06-17,Brisbane,8.5,22.9,0.0,3.4,9.8,S,15.0,SW,SSW,6.0,6.0,62.0,37.0,1024.8,1021.8,1.0,1.0,14.9,22.1,No,No
2014-06-18,Brisbane,9.6,24.3,0.0,2.0,9.2,ESE,20.0,SW,S,4.0,4.0,61.0,45.0,1027.3,1024.5,1.0,4.0,16.4,22.4,No,No
2014-06-19,Brisbane,13.8,20.3,0.0,3.4,1.5,WSW,15.0,SW,SE,6.0,7.000000000000001,78.0,83.0,1027.0,1024.3,7.0,7.0,17.3,17.9,No,Yes
2014-06-20,Brisbane,15.700000000000001,22.5,5.799999999999999,0.6,3.3,W,13.0,SW,SSW,4.0,2.0,90.0,65.0,1024.5,1019.8,7.0,3.0,17.4,21.8,Yes,No
2014-06-21,Brisbane,14.900000000000002,25.6,0.0,1.4,7.9,SSW,15.0,WSW,SW,4.0,4.0,87.0,46.00000000000001,1021.6,1017.7,7.0,2.0,17.1,25.2,No,Yes
2014-06-22,Brisbane,13.199999999999998,24.2,5.2,3.4,9.1,WNW,19.0,SW,SW,4.0,4.0,93.0,47.0,1021.3,1017.1,2.0,1.0,15.0,23.6,Yes,No
2014-06-23,Brisbane,10.8,24.1,0.2,2.4,9.2,ENE,17.0,SW,NE,6.0,9.0,77.0,52.0,1019.8,1014.4,3.0,5.0,15.0,22.4,No,No
2014-06-24,Brisbane,10.2,20.9,0.0,2.2,2.3,W,43.0,WNW,W,11.0,19.0,47.0,30.000000000000004,1014.5,1012.1,7.0,7.0,18.1,20.1,No,No
2014-06-25,Brisbane,13.400000000000002,21.8,0.0,5.4,8.8,WSW,35.0,WSW,W,9.0,13.0,46.0,36.0,1019.8,1016.5,6.0,1.0,15.7,21.7,No,No
2014-06-26,Brisbane,10.0,24.2,0.0,6.8,9.9,W,22.0,SW,SSW,6.0,4.0,47.0,26.0,1024.1,1021.4999999999999,0.0,0.0,16.3,24.2,No,No
2014-06-27,Brisbane,6.8,23.6,0.0,3.4,9.9,ENE,15.0,SW,NE,4.0,7.000000000000001,66.0,39.0,1023.9,1019.3,0.0,0.0,11.8,21.5,No,No
2014-06-29,Brisbane,12.3,19.9,1.6,3.6,10.0,W,54.0,W,W,9.0,19.999999999999996,41.0,34.0,1013.7,1010.7,0.0,1.0,15.6,19.0,Yes,No
2014-06-30,Brisbane,5.2,19.1,0.2,8.0,9.9,W,43.0,SW,W,6.0,19.999999999999996,44.0,30.000000000000004,1019.2,1017.5,1.0,2.0,15.0,18.4,No,No
2014-07-01,Brisbane,5.2,19.8,0.0,7.0,10.2,W,28.0,WSW,S,7.0,6.0,49.0,25.0,1025.7,1023.3,0.0,0.0,12.1,18.9,No,No
2014-07-02,Brisbane,5.3,21.2,0.0,2.6,10.2,SSW,20.0,SW,WNW,6.0,6.0,63.0,30.000000000000004,1026.4,1022.9,1.0,1.0,11.6,20.7,No,No
2014-07-03,Brisbane,7.3999999999999995,22.6,0.0,3.6,9.8,WSW,17.0,SW,E,4.0,7.000000000000001,60.0,45.0,1027.1,1023.1000000000001,1.0,1.0,13.799999999999999,21.8,No,No
2014-07-04,Brisbane,9.4,23.9,0.0,3.0,8.7,E,15.0,SW,NNE,6.0,4.0,78.0,47.0,1024.7,1020.5,3.0,4.0,13.7,21.9,No,No
2014-07-05,Brisbane,11.5,24.4,0.4,2.6,9.8,SW,20.0,WSW,SW,4.0,6.0,78.0,41.0,1019.5,1014.8,1.0,3.0,16.4,23.6,No,No
2014-07-06,Brisbane,5.3,20.5,0.0,4.0,10.2,W,31.0,WSW,W,7.0,13.0,42.99999999999999,26.999999999999996,1016.7,1012.0,0.0,0.0,15.1,20.4,No,No
2014-07-07,Brisbane,8.0,19.9,0.0,7.599999999999999,10.0,W,26.0,WSW,WSW,11.0,6.0,42.99999999999999,28.0,1016.4,1013.4,0.0,1.0,13.500000000000002,19.7,No,No
2014-07-08,Brisbane,6.200000000000001,21.7,0.0,4.0,9.9,NNE,15.0,WSW,NE,6.0,6.0,55.0,34.0,1018.4,1013.5,0.0,0.0,12.6,20.6,No,No
2014-07-10,Brisbane,10.0,20.0,0.0,5.0,9.8,WNW,48.00000000000001,W,W,17.0,26.0,28.0,25.0,1013.5,1011.9,0.0,1.0,15.8,18.7,No,No
2014-07-11,Brisbane,9.3,22.4,0.0,9.6,9.9,WSW,33.0,W,NW,9.0,6.0,38.0,19.0,1021.4,1017.9,0.0,0.0,14.599999999999998,21.6,No,No
2014-07-12,Brisbane,2.6,22.6,0.0,4.6,9.9,W,22.0,SW,W,4.0,11.0,46.0,22.0,1021.4,1017.6,0.0,0.0,14.399999999999999,21.7,No,No
2014-07-13,Brisbane,7.5,21.8,0.0,4.8,9.7,ESE,20.0,WSW,ESE,7.0,6.0,44.0,26.999999999999996,1022.9,1021.0999999999999,0.0,2.0,14.200000000000001,20.6,No,No
2014-07-14,Brisbane,10.5,21.4,0.0,3.7999999999999994,9.0,ESE,30.0,SW,SE,9.0,14.999999999999998,59.0,45.0,1028.5,1024.7,2.0,2.0,14.699999999999998,20.1,No,No
2014-07-15,Brisbane,12.5,20.5,0.0,4.2,2.6,SE,22.0,SSW,N,2.0,2.0,82.0,67.0,1025.3,1021.3000000000001,7.0,7.0,14.399999999999999,18.9,No,No
2014-07-18,Brisbane,7.3,18.7,0.2,6.6,9.9,W,56.0,W,W,15.0,22.0,41.0,23.000000000000004,1014.8,1011.7,1.0,0.0,16.2,17.8,No,No
2014-07-19,Brisbane,6.700000000000001,20.3,0.0,9.0,10.0,WSW,28.0,W,W,11.0,13.0,47.0,23.000000000000004,1019.4,1016.1,0.0,1.0,11.8,19.7,No,No
2014-07-20,Brisbane,8.2,23.2,0.0,5.0,10.1,W,24.000000000000004,SW,S,6.0,6.0,46.0,33.0,1021.4,1018.9,6.0,5.0,14.399999999999999,22.2,No,No
2014-07-21,Brisbane,11.0,22.2,0.0,3.7999999999999994,6.9,ESE,20.0,WSW,ESE,6.0,7.000000000000001,70.0,56.0,1023.5,1020.1,4.0,7.0,15.7,20.3,No,No
2014-07-22,Brisbane,10.5,22.6,0.0,3.2,7.1,SE,28.0,WSW,WNW,6.0,4.0,78.0,47.0,1022.7,1018.2,2.0,3.0,15.5,21.4,No,Yes
2014-07-23,Brisbane,9.4,22.8,2.4,3.6,9.8,E,20.0,SW,NE,7.0,6.0,76.0,53.99999999999999,1023.7,1020.3,1.0,3.0,14.499999999999998,19.8,Yes,No
2014-07-24,Brisbane,11.2,23.3,0.2,3.0,9.5,E,19.0,SSW,NE,4.0,9.0,65.0,49.00000000000001,1023.2,1021.2,2.0,1.0,16.5,21.5,No,No
2014-07-25,Brisbane,10.1,23.8,0.0,3.6,9.9,NE,22.0,WSW,NE,4.0,9.0,75.0,56.99999999999999,1027.1,1023.6999999999999,1.0,3.0,16.4,22.6,No,No
2014-07-26,Brisbane,12.2,22.7,0.0,2.6,0.5,W,20.0,SW,NE,4.0,6.0,88.0,65.0,1027.6,1023.1000000000001,7.0,8.0,16.2,21.4,No,Yes
2014-07-27,Brisbane,12.0,24.4,8.0,2.4,10.3,WSW,22.0,SW,WSW,6.0,6.0,80.0,32.0,1023.8,1020.7,1.0,1.0,17.4,23.6,Yes,No
2014-07-28,Brisbane,9.4,23.7,0.2,3.4,9.8,W,22.0,SW,W,4.0,7.000000000000001,72.0,32.0,1024.4,1020.1,1.0,1.0,14.699999999999998,23.2,No,No
2014-07-29,Brisbane,7.3,25.1,0.0,3.2,10.2,W,24.000000000000004,W,W,4.0,11.0,59.0,20.000000000000004,1023.1,1018.9,0.0,0.0,14.399999999999999,24.5,No,No
2014-07-30,Brisbane,7.8,25.9,0.0,4.8,9.8,WNW,17.0,WSW,SSW,4.0,4.0,58.00000000000001,17.0,1023.2,1018.4,0.0,0.0,13.7,25.3,No,No
2014-08-02,Brisbane,12.3,21.4,0.0,7.599999999999999,10.1,WSW,28.0,WSW,ESE,11.0,6.0,29.000000000000004,9.0,1023.3,1021.8999999999999,1.0,0.0,15.0,20.6,No,No
2014-08-03,Brisbane,9.8,21.4,0.0,7.0,8.5,SE,28.0,SSW,SE,6.0,11.0,52.0,50.0,1029.0,1026.5,3.0,3.0,15.199999999999998,19.5,No,Yes
2014-08-04,Brisbane,11.9,20.2,2.0,4.0,3.2,SSE,31.0,WSW,SE,6.0,13.0,82.0,47.0,1030.6,1029.0,7.0,7.0,15.7,19.1,Yes,No
2014-08-07,Brisbane,9.0,24.0,0.0,4.0,10.0,WSW,15.0,WSW,SE,4.0,4.0,67.0,25.0,1028.9,1024.5,1.0,1.0,15.6,23.2,No,No
2014-08-08,Brisbane,9.4,23.3,0.0,3.7999999999999994,6.700000000000001,SSW,17.0,SSW,E,7.0,7.000000000000001,62.0,42.0,1030.2,1026.9,1.0,6.0,16.0,21.6,No,No
2014-08-09,Brisbane,11.0,21.9,0.0,4.0,3.0,E,28.0,SSW,ESE,6.0,11.0,67.0,64.0,1030.0,1026.9,2.0,7.0,17.2,19.1,No,No
2014-08-10,Brisbane,11.6,24.6,0.0,2.8,9.8,NNE,19.0,SW,NNW,6.0,4.0,73.0,45.0,1026.2,1020.5,1.0,2.0,17.3,23.4,No,No
2014-08-11,Brisbane,11.3,25.9,0.0,4.6,9.9,ESE,26.0,SW,E,6.0,11.0,64.0,33.0,1022.2,1018.4,1.0,2.0,17.0,23.5,No,No
2014-08-12,Brisbane,11.4,22.1,0.0,4.0,9.3,ESE,30.0,S,ESE,4.0,13.0,60.0,52.0,1025.2,1022.9,1.0,6.0,17.8,19.7,No,No
2014-08-13,Brisbane,12.1,22.6,0.0,5.6,9.2,E,28.0,SSW,ESE,7.0,14.999999999999998,59.0,48.0,1028.4,1026.3,2.0,3.0,16.6,19.8,No,No
2014-08-14,Brisbane,10.8,21.6,0.0,3.4,5.5,ESE,30.0,SW,ESE,7.0,13.0,62.0,44.0,1030.5,1028.0,3.0,2.0,17.2,20.9,No,No
2014-08-15,Brisbane,12.0,20.9,0.0,4.0,0.6,SE,30.0,WSW,ESE,4.0,13.0,73.0,56.99999999999999,1028.3,1024.0,7.0,7.0,15.8,19.6,No,Yes
2014-08-16,Brisbane,13.6,17.4,4.0,2.2,0.0,NE,26.0,SE,ENE,2.0,6.0,95.0,92.00000000000001,1021.0,1015.9,8.0,8.0,15.3,17.1,Yes,Yes
2014-08-18,Brisbane,11.7,20.9,0.0,7.2,9.8,WNW,56.0,W,W,20.0,19.999999999999996,55.0,44.0,1011.6,1008.5,5.0,3.0,15.5,19.2,No,No
2014-08-19,Brisbane,13.6,24.3,0.0,9.0,10.6,W,39.0,W,W,15.0,14.999999999999998,53.00000000000001,35.0,1013.8,1011.0,1.0,1.0,18.1,23.5,No,No
2014-08-20,Brisbane,9.8,24.2,0.0,6.4,9.9,E,24.000000000000004,WSW,ENE,7.0,9.0,54.0,47.0,1020.1999999999999,1017.7,0.0,2.0,17.9,21.7,No,No
2014-08-21,Brisbane,12.1,23.2,0.0,6.6,10.2,ESE,39.0,SSW,SE,7.0,16.999999999999996,58.00000000000001,52.0,1023.2,1020.7,1.0,3.0,18.3,21.4,No,Yes
2014-08-22,Brisbane,14.0,17.1,3.2,4.2,0.0,SSE,24.000000000000004,SSW,SSE,6.0,13.0,83.0,88.0,1025.9,1023.2,8.0,8.0,15.8,15.9,Yes,Yes
2014-08-23,Brisbane,13.8,18.5,22.4,4.0,0.0,SSE,37.0,SW,SSE,7.0,11.0,93.0,85.0,1023.8,1022.1999999999999,8.0,8.0,14.699999999999998,15.8,Yes,Yes
2014-08-24,Brisbane,14.0,22.8,6.0,1.4,3.5,SE,31.0,S,SSE,7.0,11.0,72.0,43.0,1023.9,1020.4,8.0,7.0,18.0,22.5,Yes,No
2014-08-25,Brisbane,13.699999999999998,24.0,0.0,4.2,8.9,SE,26.0,SSW,S,9.0,9.0,64.0,51.0,1021.7,1017.9,1.0,2.0,19.3,22.7,No,No
2014-08-26,Brisbane,12.8,23.9,0.0,4.0,9.1,SE,28.0,SW,SE,6.0,9.0,64.0,40.0,1018.3,1014.3,1.0,1.0,18.4,23.7,No,No
2014-08-27,Brisbane,12.0,23.8,0.0,4.0,7.4,W,35.0,WSW,S,9.0,11.0,65.0,48.0,1016.3,1012.2,1.0,7.0,18.4,21.0,No,Yes
2014-08-28,Brisbane,12.7,23.7,3.6000000000000005,4.4,7.6,SSW,35.0,SSW,S,13.0,11.0,63.0,37.0,1016.2,1017.2,5.0,2.0,19.5,22.6,Yes,No
2014-08-29,Brisbane,12.3,23.9,0.0,6.0,10.9,E,20.0,SW,S,7.0,6.0,52.0,32.0,1023.2,1018.7,1.0,1.0,17.4,22.8,No,No
2014-08-30,Brisbane,9.7,24.3,0.0,4.0,10.5,NE,19.0,SSW,SSE,7.0,6.0,61.0,40.0,1020.4,1016.2,1.0,2.0,16.7,23.1,No,No
2014-08-31,Brisbane,13.6,25.8,0.0,4.0,10.9,E,24.000000000000004,SW,NE,6.0,9.0,58.00000000000001,46.00000000000001,1019.2,1015.5,1.0,1.0,19.5,23.2,No,No
2014-09-01,Brisbane,13.400000000000002,25.3,0.0,4.6,10.3,NE,24.000000000000004,WSW,NNE,4.0,9.0,69.0,56.0,1019.8,1014.9,1.0,1.0,19.8,22.8,No,No
2014-09-02,Brisbane,12.0,29.1,0.0,4.6,6.700000000000001,WNW,43.0,NNW,NW,4.0,9.0,60.0,26.999999999999996,1013.6,1005.9,7.0,4.0,18.3,28.999999999999996,No,No
2014-09-03,Brisbane,10.9,23.1,0.0,10.8,10.9,W,44.0,W,W,15.0,11.0,37.0,18.0,1012.7,1009.3,1.0,1.0,16.3,22.5,No,No
2014-09-04,Brisbane,10.0,23.9,0.0,8.8,10.1,WNW,26.0,SW,SW,6.0,6.0,31.0,15.000000000000002,1015.0,1011.0,1.0,1.0,17.3,23.7,No,No
2014-09-05,Brisbane,9.1,23.8,0.0,5.8,10.7,ENE,24.000000000000004,SW,NE,6.0,9.0,48.00000000000001,38.0,1018.2,1015.4,1.0,3.0,16.7,21.5,No,No
2014-09-06,Brisbane,11.5,23.4,0.0,6.4,8.2,SE,30.0,WSW,ESE,9.0,11.0,56.0,50.0,1025.1,1022.7,1.0,7.0,17.6,20.3,No,No
2014-09-07,Brisbane,12.900000000000002,23.1,0.0,6.4,8.5,ESE,30.0,SE,ESE,11.0,14.999999999999998,56.0,52.0,1027.1,1024.0,5.0,6.0,19.5,20.9,No,Yes
2014-09-08,Brisbane,13.8,23.0,3.0,4.4,5.6,ESE,33.0,SSE,E,7.0,11.0,70.0,52.0,1025.9,1022.1,6.0,5.0,18.9,21.3,Yes,No
2014-09-09,Brisbane,12.400000000000002,23.6,0.0,4.0,10.5,NE,24.000000000000004,WSW,ENE,4.0,13.0,66.0,59.0,1022.6,1018.3,5.0,3.0,19.3,22.4,No,No
2014-09-10,Brisbane,13.3,28.3,0.0,4.0,10.3,NE,26.0,WNW,NE,6.0,7.000000000000001,63.0,65.0,1016.9,1011.0,2.0,5.0,21.3,23.8,No,No
2014-09-11,Brisbane,11.7,27.0,0.0,3.7999999999999994,10.6,NE,22.0,WSW,NE,6.0,9.0,50.0,33.0,1017.8,1015.1,0.0,0.0,20.7,24.5,No,No
2014-09-12,Brisbane,13.8,25.2,0.0,4.0,10.2,NE,28.0,S,E,6.0,11.0,69.0,49.00000000000001,1022.6,1020.4,5.0,2.0,20.6,23.8,No,No
2014-09-13,Brisbane,15.1,24.2,0.0,5.0,7.2,NE,24.000000000000004,NE,NE,7.0,7.000000000000001,55.0,52.0,1024.2,1021.8,5.0,7.0,22.2,22.3,No,No
2014-09-14,Brisbane,12.8,24.7,0.0,4.2,10.1,ENE,22.0,WSW,NE,6.0,9.0,66.0,50.0,1023.4,1018.8,1.0,1.0,19.6,23.2,No,No
2014-09-15,Brisbane,12.8,26.3,0.0,5.0,10.4,NNE,24.000000000000004,WSW,NE,6.0,13.0,63.0,50.0,1019.8,1014.3,1.0,1.0,20.1,23.7,No,No
2014-09-16,Brisbane,13.3,26.900000000000002,0.0,5.4,9.7,NE,30.0,N,NE,6.0,13.0,49.0,62.0,1017.0,1011.3,1.0,4.0,22.399999999999995,24.3,No,No
2014-09-17,Brisbane,11.9,29.5,0.0,6.2,11.0,NW,33.0,SW,WNW,6.0,19.999999999999996,35.0,18.0,1015.2,1010.5,0.0,1.0,24.4,28.799999999999997,No,No
2014-09-18,Brisbane,11.1,27.299999999999997,0.0,9.0,11.3,WSW,26.0,WSW,WNW,7.0,6.0,25.0,15.000000000000002,1019.5,1015.2,1.0,0.0,22.2,26.800000000000004,No,No
2014-09-19,Brisbane,11.2,24.7,0.0,7.599999999999999,11.0,ENE,28.0,SW,NNE,4.0,11.0,51.0,43.0,1021.5,1016.4,1.0,1.0,20.2,23.1,No,No
2014-09-20,Brisbane,14.400000000000002,24.0,0.0,5.6,6.9,E,31.0,S,E,6.0,14.999999999999998,66.0,53.99999999999999,1022.0,1018.8,5.0,4.0,19.5,21.9,No,No
2014-09-21,Brisbane,12.6,24.4,0.0,5.6,10.1,E,33.0,SSE,ESE,9.0,14.999999999999998,52.0,47.0,1026.5,1023.9000000000001,5.0,4.0,20.8,22.6,No,No
2014-09-22,Brisbane,13.400000000000002,23.4,0.6,6.8,7.1,ESE,35.0,SE,E,9.0,16.999999999999996,67.0,53.0,1027.7,1025.5,6.0,7.0,20.2,21.4,No,Yes
2014-09-23,Brisbane,15.5,23.9,3.0,4.8,9.7,E,31.0,SE,E,11.0,13.0,53.00000000000001,41.0,1028.7,1025.3,6.0,3.0,21.1,22.2,Yes,No
2014-09-24,Brisbane,13.900000000000002,23.4,0.8,6.2,6.8,E,24.000000000000004,WNW,NE,6.0,11.0,76.0,56.0,1025.0,1020.4,7.0,3.0,19.1,22.4,No,No
2014-09-25,Brisbane,14.799999999999999,26.3,0.0,5.0,7.499999999999999,NE,39.0,WNW,NE,9.0,13.0,56.0,61.0,1019.1,1011.1,5.0,3.0,22.8,24.6,No,Yes
2014-09-26,Brisbane,13.900000000000002,25.5,9.8,5.2,10.2,W,26.0,WSW,ENE,9.0,11.0,56.0,56.99999999999999,1015.5,1013.2,1.0,5.0,21.7,22.8,Yes,No
2014-09-27,Brisbane,14.5,26.6,0.0,6.6,9.5,S,26.0,W,ENE,6.0,13.0,60.0,47.0,1019.3000000000001,1015.2,4.0,2.0,21.1,24.7,No,Yes
2014-09-28,Brisbane,15.0,23.9,10.4,5.0,9.2,NE,24.000000000000004,SE,ENE,11.0,9.0,62.0,53.0,1022.4,1019.2,2.0,2.0,20.3,23.1,Yes,No
2014-09-29,Brisbane,13.199999999999998,24.9,0.0,5.8,10.4,ENE,24.000000000000004,ESE,ENE,2.0,11.0,59.0,52.0,1021.5,1017.3,2.0,1.0,21.2,23.7,No,No
2014-09-30,Brisbane,13.6,26.2,0.0,6.0,10.8,NE,28.0,NNE,NE,4.0,9.0,53.00000000000001,53.0,1021.0,1016.9,0.0,0.0,22.6,25.1,No,No
2014-10-01,Brisbane,15.9,31.400000000000002,0.0,5.6,10.3,SE,43.0,NW,NE,6.0,11.0,55.0,53.0,1017.6,1011.8,0.0,1.0,23.4,27.500000000000004,No,No
2014-10-02,Brisbane,17.6,23.2,0.0,7.0,7.700000000000001,SE,37.0,E,ENE,7.0,11.0,55.0,53.0,1022.3,1019.6,7.0,5.0,20.3,22.0,No,No
2014-10-03,Brisbane,13.3,26.000000000000004,0.0,8.8,10.2,ENE,26.0,E,NNE,4.0,7.000000000000001,58.00000000000001,55.0,1020.3,1017.0,0.0,1.0,21.4,24.7,No,No
2014-10-05,Brisbane,15.700000000000001,26.900000000000002,0.0,7.0,10.8,NE,26.0,WNW,NE,4.0,11.0,56.0,45.0,1021.9,1017.6,4.0,1.0,23.1,25.3,No,No
2014-10-06,Brisbane,14.400000000000002,27.2,0.0,7.2,11.2,ENE,24.000000000000004,E,ENE,2.0,11.0,49.0,39.0,1020.4,1015.9,1.0,1.0,23.6,25.600000000000005,No,No
2014-10-07,Brisbane,14.400000000000002,26.900000000000002,0.0,7.4,10.9,NE,28.0,NNW,NE,9.0,11.0,47.0,52.0,1016.8,1012.1,0.0,2.0,24.0,25.1,No,No
2014-10-08,Brisbane,16.9,31.7,0.0,6.0,8.8,ESE,37.0,NW,E,4.0,16.999999999999996,55.0,67.0,1013.9,1011.7,1.0,4.0,25.5,25.3,No,No
2014-10-09,Brisbane,19.4,25.3,0.0,5.2,7.299999999999999,E,33.0,SE,E,11.0,13.0,56.0,49.00000000000001,1020.4,1018.2,6.0,4.0,23.5,24.0,No,No
2014-10-10,Brisbane,14.900000000000002,25.4,0.0,8.0,9.9,NE,24.000000000000004,NW,NE,6.0,11.0,58.00000000000001,50.0,1020.8,1016.7,4.0,1.0,21.6,24.0,No,No
2014-10-11,Brisbane,17.7,26.4,0.0,6.6,7.700000000000001,E,24.000000000000004,S,ENE,2.0,11.0,62.0,52.0,1019.3000000000001,1015.3,7.0,1.0,21.7,25.2,No,No
2014-10-12,Brisbane,17.4,26.2,0.0,5.8,10.2,ENE,28.0,E,ENE,6.0,14.999999999999998,58.00000000000001,56.99999999999999,1019.5999999999999,1016.6,4.0,1.0,23.9,23.7,No,No
2014-10-13,Brisbane,16.2,26.900000000000002,0.0,7.0,10.5,ENE,37.0,N,NNE,7.0,13.0,57.0,56.0,1016.7,1011.5,3.0,3.0,23.2,25.2,No,Yes
2014-10-14,Brisbane,17.3,27.700000000000003,3.2,8.6,10.9,W,41.0,NW,W,13.0,19.0,60.0,26.0,1010.7,1008.4,6.0,1.0,23.4,26.800000000000004,Yes,No
2014-10-15,Brisbane,13.3,26.2,0.0,12.4,12.5,WNW,35.0,W,W,13.0,13.0,34.0,25.0,1015.9,1012.3,0.0,1.0,18.3,25.3,No,No
2014-10-16,Brisbane,13.199999999999998,26.7,0.0,7.599999999999999,12.1,E,26.0,SSW,ENE,7.0,11.0,45.0,37.0,1019.2,1015.7,1.0,1.0,22.8,25.7,No,No
2014-10-17,Brisbane,15.5,30.199999999999996,0.0,5.2,11.9,E,30.0,S,ENE,7.0,13.0,54.0,38.0,1020.7,1016.6,2.0,4.0,23.8,26.7,No,No
2014-10-18,Brisbane,16.1,26.499999999999996,0.0,7.800000000000001,11.8,ESE,39.0,S,ESE,9.0,14.999999999999998,48.00000000000001,46.00000000000001,1026.0,1023.3,1.0,2.0,23.2,24.0,No,No
2014-10-19,Brisbane,15.199999999999998,26.900000000000002,0.0,7.599999999999999,12.1,E,30.0,SE,ENE,6.0,16.999999999999996,47.0,46.00000000000001,1027.7,1023.2,2.0,1.0,23.1,24.5,No,No
2014-10-20,Brisbane,14.199999999999998,26.6,0.0,8.8,12.3,NE,24.000000000000004,SSE,ENE,4.0,13.0,49.0,46.00000000000001,1025.6,1021.7,1.0,1.0,22.399999999999995,24.7,No,No
2014-10-21,Brisbane,16.6,27.1,0.0,7.2,3.4,ESE,37.0,SSE,ESE,17.0,19.0,53.00000000000001,55.0,1027.1,1024.4,7.0,6.0,23.2,23.7,No,No
2014-10-22,Brisbane,16.6,25.5,0.0,7.800000000000001,9.2,E,31.0,SSE,E,9.0,16.999999999999996,48.00000000000001,48.0,1025.6,1022.0,5.0,2.0,22.2,24.0,No,No
2014-10-23,Brisbane,12.7,27.0,0.0,7.599999999999999,11.6,NE,30.0,NW,NE,4.0,9.0,50.0,47.0,1022.6,1017.3,1.0,1.0,22.2,25.7,No,No
2014-10-24,Brisbane,16.1,27.299999999999997,0.0,7.800000000000001,11.0,NE,31.0,NNE,NE,6.0,13.0,50.0,53.99999999999999,1022.8,1019.3,1.0,1.0,24.8,25.0,No,No
2014-10-25,Brisbane,17.3,28.6,0.0,10.0,11.7,ENE,30.0,N,NE,6.0,13.0,49.0,56.99999999999999,1020.6,1015.0,2.0,1.0,24.6,26.2,No,No
2014-10-27,Brisbane,20.5,34.0,0.0,8.0,9.8,NE,26.0,NNE,ENE,6.0,14.999999999999998,55.0,59.0,1011.6,1005.8,0.0,2.0,27.4,29.199999999999996,No,Yes
2014-10-28,Brisbane,21.2,34.2,2.6,9.8,10.5,E,37.0,ESE,ENE,7.0,11.0,29.000000000000004,58.0,1010.3,1009.2,1.0,1.0,33.9,28.099999999999998,Yes,No
2014-10-29,Brisbane,17.5,30.7,0.0,7.4,11.6,E,35.0,S,E,7.0,19.999999999999996,50.0,35.0,1014.8,1013.1,1.0,0.0,27.900000000000002,28.200000000000003,No,No
2014-11-01,Brisbane,20.9,30.9,0.0,9.2,11.6,NNE,35.0,NNW,NNE,7.0,14.999999999999998,58.00000000000001,61.0,1016.5,1009.5,7.0,1.0,26.9,27.700000000000003,No,No
2014-11-02,Brisbane,21.2,31.2,0.0,8.8,8.7,E,37.0,S,ESE,6.0,19.999999999999996,50.0,55.0,1014.4,1014.5,5.0,3.0,30.0,26.2,No,No
2014-11-03,Brisbane,20.6,23.8,0.0,11.6,1.2,E,30.0,ESE,ESE,11.0,13.0,56.0,53.99999999999999,1022.3,1020.7,7.0,7.0,23.6,22.9,No,No
2014-11-04,Brisbane,15.299999999999999,26.4,0.0,5.3,10.2,E,28.0,ENE,ENE,6.0,14.999999999999998,56.0,49.00000000000001,1023.8,1020.4,4.0,3.0,22.399999999999995,23.7,No,No
2014-11-05,Brisbane,16.3,27.0,0.0,7.0,9.3,ENE,30.0,NE,ENE,6.0,13.0,54.0,50.0,1021.4,1016.8,6.0,2.0,23.5,24.8,No,No
2014-11-06,Brisbane,18.2,28.4,0.0,8.8,9.0,NE,33.0,NNW,NE,4.0,14.999999999999998,49.0,53.0,1015.9,1011.6,1.0,3.0,24.8,26.4,No,Yes
2014-11-07,Brisbane,19.5,29.1,9.2,7.800000000000001,10.6,ENE,24.000000000000004,N,NNE,2.0,11.0,59.0,53.0,1017.1,1015.0,5.0,7.0,26.0,27.700000000000003,Yes,No
2014-11-08,Brisbane,20.7,29.1,0.0,7.599999999999999,12.0,ENE,31.0,ESE,NE,7.0,13.0,47.0,44.0,1021.2,1018.2,1.0,1.0,26.0,26.9,No,No
2014-11-09,Brisbane,17.0,28.500000000000004,0.0,9.2,12.5,NE,24.000000000000004,WNW,ENE,7.0,13.0,50.0,50.0,1020.1,1017.0,1.0,1.0,24.8,26.7,No,No
2014-11-10,Brisbane,19.9,29.2,0.0,8.0,10.6,NE,28.0,N,NNE,7.0,13.0,53.00000000000001,50.0,1019.2,1015.5,5.0,7.0,26.9,26.9,No,No
2014-11-11,Brisbane,18.8,29.9,0.0,9.0,10.2,NE,28.0,ENE,ENE,6.0,13.0,53.00000000000001,52.0,1016.6,1013.8,1.0,1.0,25.9,28.099999999999998,No,No
2014-11-12,Brisbane,22.1,28.3,0.0,7.4,8.1,ESE,30.0,ENE,E,7.0,14.999999999999998,61.0,63.00000000000001,1016.8,1014.3,6.0,5.0,25.8,25.7,No,Yes
2014-11-13,Brisbane,20.3,28.6,9.2,5.4,7.6,E,28.0,SE,ENE,4.0,13.0,78.0,61.0,1018.5,1016.2,7.0,6.0,23.9,26.2,Yes,No
2014-11-14,Brisbane,20.9,30.0,0.2,7.2,12.5,NNE,31.0,N,NE,7.0,11.0,47.0,56.99999999999999,1018.7,1014.1,1.0,2.0,27.900000000000002,28.699999999999996,No,No
2014-11-15,Brisbane,21.4,32.2,0.0,6.0,12.9,NE,30.0,ENE,NNE,6.0,13.0,51.0,56.0,1013.4,1007.3,0.0,0.0,29.6,30.9,No,No
2014-11-16,Brisbane,23.0,38.9,0.0,9.0,10.8,W,35.0,ENE,NE,6.0,7.000000000000001,51.0,53.99999999999999,1007.2,1003.8,5.0,7.0,31.3,33.2,No,No
2014-11-17,Brisbane,23.4,30.3,0.0,6.2,11.9,E,31.0,ESE,E,11.0,14.999999999999998,53.00000000000001,56.99999999999999,1013.0,1011.5,1.0,6.0,28.900000000000002,26.600000000000005,No,Yes
2014-11-18,Brisbane,22.3,28.3,2.6,9.6,4.2,ENE,24.000000000000004,S,NE,4.0,11.0,85.99999999999999,73.0,1016.2,1012.5,8.0,4.0,24.0,27.799999999999997,Yes,Yes
2014-11-19,Brisbane,24.0,30.0,13.8,5.0,4.5,SW,41.0,ENE,ENE,11.0,16.999999999999996,74.0,79.0,1017.7,1014.0,7.0,7.0,27.4,25.9,Yes,Yes
2014-11-20,Brisbane,19.1,28.9,55.99999999999999,7.0,10.8,NE,33.0,NE,NE,7.0,13.0,64.0,64.0,1018.2,1014.6,4.0,4.0,26.4,27.900000000000002,Yes,No
2014-11-21,Brisbane,22.8,30.4,0.0,6.6,11.7,NE,37.0,NNW,NE,7.0,13.0,62.0,67.0,1015.6,1011.1,5.0,5.0,28.400000000000002,28.900000000000002,No,No
2014-11-22,Brisbane,24.2,31.5,0.0,10.2,10.8,NE,37.0,NNW,NE,4.0,14.999999999999998,59.0,67.0,1014.8,1011.6,5.0,2.0,29.6,29.1,No,No
2014-11-23,Brisbane,24.1,30.4,0.0,9.8,11.2,NE,33.0,NNE,NNE,6.0,13.0,58.00000000000001,53.99999999999999,1017.8,1014.2,6.0,2.0,29.5,29.199999999999996,No,No
2014-11-24,Brisbane,22.6,30.500000000000004,0.0,11.0,12.2,NE,35.0,NNW,NE,9.0,14.999999999999998,52.0,65.0,1017.6,1013.1,3.0,5.0,28.200000000000003,27.599999999999998,No,No
2014-11-25,Brisbane,21.4,31.1,0.0,10.2,12.1,NNE,28.0,NW,NNE,7.0,9.0,48.00000000000001,52.0,1015.3,1011.6,3.0,5.0,27.999999999999996,29.899999999999995,No,Yes
2014-11-26,Brisbane,23.4,29.1,3.6000000000000005,7.800000000000001,5.1,ENE,24.000000000000004,N,ENE,7.0,11.0,79.0,63.00000000000001,1017.2,1014.7,7.0,7.0,24.5,27.799999999999997,Yes,Yes
2014-11-27,Brisbane,23.4,32.0,3.0,6.8,10.4,SW,83.0,NNW,NE,6.0,13.0,54.0,51.0,1016.3,1012.1,6.0,1.0,28.699999999999996,30.1,Yes,Yes
2014-11-28,Brisbane,17.8,27.399999999999995,43.4,9.4,6.4,ESE,35.0,SE,E,7.0,16.999999999999996,71.0,59.0,1018.7,1017.9,7.0,7.0,25.2,24.9,Yes,No
2014-11-29,Brisbane,19.4,27.299999999999997,1.0,7.800000000000001,12.3,ENE,31.0,ESE,E,11.0,13.0,48.00000000000001,47.0,1019.4,1016.6,3.0,2.0,24.8,25.7,No,No
2014-11-30,Brisbane,16.4,27.8,0.0,9.6,12.9,NE,26.0,NW,ENE,4.0,14.999999999999998,50.0,48.0,1017.3,1013.7,3.0,5.0,25.2,26.5,No,No
2014-12-01,Brisbane,19.1,28.4,0.0,7.599999999999999,11.4,NNE,26.0,ENE,NE,7.0,11.0,51.0,46.00000000000001,1015.3,1012.2,3.0,1.0,25.1,26.800000000000004,No,No
2014-12-02,Brisbane,21.6,29.1,0.0,9.6,6.1,ENE,24.000000000000004,NE,NE,9.0,11.0,64.0,53.99999999999999,1016.4,1014.4,7.0,5.0,25.8,26.5,No,No
2014-12-03,Brisbane,20.2,29.8,0.2,8.0,12.5,ENE,31.0,N,NE,2.0,14.999999999999998,59.0,62.0,1017.8,1014.7,3.0,3.0,27.099999999999998,27.500000000000004,No,No
2014-12-04,Brisbane,22.7,30.3,0.0,7.800000000000001,9.9,NE,33.0,NNW,NE,9.0,14.999999999999998,59.0,56.99999999999999,1016.8,1013.2,6.0,7.0,27.599999999999998,27.999999999999996,No,No
2014-12-05,Brisbane,23.5,30.0,0.0,9.2,4.5,ENE,26.0,NNW,NE,6.0,9.0,58.00000000000001,62.0,1012.8,1008.9,7.0,7.0,26.300000000000004,27.300000000000004,No,Yes
2014-12-07,Brisbane,22.0,30.3,1.4,4.0,11.1,NNE,31.0,NNW,NE,7.0,13.0,65.0,62.0,1008.6,1006.4,7.0,3.0,26.5,28.999999999999996,Yes,No
2014-12-08,Brisbane,24.4,30.4,0.0,7.4,3.3,NE,30.0,NNE,NNE,6.0,6.0,73.0,79.0,1012.2,1010.4,7.0,8.0,28.400000000000002,27.700000000000003,No,Yes
2014-12-09,Brisbane,21.7,33.2,25.2,5.0,8.5,ENE,28.0,WNW,NNE,6.0,13.0,64.0,59.0,1014.4,1010.0,6.0,6.0,27.900000000000002,30.1,Yes,No
2014-12-11,Brisbane,24.4,32.2,0.0,7.4,4.1,WNW,30.0,NNW,WNW,7.0,13.0,67.0,87.0,1009.9,1005.4,5.0,7.0,29.199999999999996,24.4,No,Yes
2014-12-12,Brisbane,20.4,24.7,26.999999999999996,9.8,0.8,SE,30.0,SSE,NE,6.0,4.0,75.0,76.0,1009.1,1008.2,8.0,7.0,20.6,22.9,Yes,Yes
2014-12-13,Brisbane,18.7,24.9,3.7999999999999994,5.0,0.1,SSE,35.0,SSE,SE,11.0,16.999999999999996,64.0,56.99999999999999,1011.2,1009.2,8.0,8.0,22.3,24.0,Yes,No
2014-12-14,Brisbane,18.7,26.3,0.0,4.8,4.0,SE,28.0,SSE,ESE,9.0,13.0,56.0,56.99999999999999,1010.4,1008.5,6.0,7.0,23.9,25.2,No,No
2014-12-15,Brisbane,17.6,28.8,0.0,7.2,13.3,NE,26.0,S,E,6.0,13.0,49.0,50.0,1011.5,1008.7,2.0,1.0,25.1,27.500000000000004,No,No
2014-12-16,Brisbane,17.5,30.0,0.0,7.800000000000001,11.5,NE,26.0,NNE,NE,7.0,11.0,54.0,58.0,1010.5,1005.7,6.0,3.0,26.2,27.900000000000002,No,No
2014-12-17,Brisbane,22.4,35.0,0.0,7.800000000000001,12.6,NE,24.000000000000004,ENE,NE,2.0,9.0,58.00000000000001,40.0,1006.7,1003.1,1.0,3.0,29.899999999999995,33.8,No,Yes
2014-12-18,Brisbane,24.2,32.4,1.2,8.0,6.6,W,56.0,NE,NE,7.0,9.0,67.0,69.0,1010.5,1005.7,6.0,7.0,28.999999999999996,30.1,Yes,Yes
2014-12-19,Brisbane,20.8,34.7,16.8,9.2,9.9,E,28.0,WNW,WSW,7.0,7.000000000000001,65.0,24.0,1011.6999999999999,1008.2,4.0,1.0,26.0,34.2,Yes,No
2014-12-20,Brisbane,21.8,29.1,0.0,6.8,12.5,E,33.0,ESE,E,11.0,13.0,58.00000000000001,47.0,1016.0,1013.5,2.0,1.0,26.300000000000004,28.099999999999998,No,No
2014-12-21,Brisbane,20.7,29.300000000000004,0.0,10.4,10.6,ENE,24.000000000000004,NNE,NE,6.0,13.0,62.0,55.0,1018.3,1015.6,4.0,1.0,25.0,27.4,No,No
2014-12-22,Brisbane,18.9,28.500000000000004,0.0,7.2,12.1,ENE,30.0,ESE,E,9.0,19.0,56.0,53.0,1017.9,1015.5,2.0,2.0,25.5,26.800000000000004,No,No
2014-12-23,Brisbane,19.1,28.8,0.0,9.4,11.9,E,30.0,E,NNE,6.0,13.0,55.0,53.99999999999999,1016.9,1014.1,3.0,3.0,26.300000000000004,27.300000000000004,No,No
2014-12-24,Brisbane,20.8,30.3,0.0,8.0,12.1,NE,24.000000000000004,NNE,NE,4.0,13.0,55.0,52.0,1014.3,1011.5,1.0,1.0,27.300000000000004,28.699999999999996,No,No
2014-12-25,Brisbane,21.0,30.199999999999996,0.0,9.0,11.2,NE,24.000000000000004,NNE,NE,4.0,11.0,63.0,52.0,1013.9,1009.9,3.0,3.0,26.300000000000004,29.399999999999995,No,No
2014-12-26,Brisbane,24.4,31.7,0.0,8.8,6.9,NE,22.0,N,NNE,6.0,9.0,61.0,56.99999999999999,1011.8,1009.1,6.0,7.0,28.099999999999998,30.0,No,Yes
2014-12-27,Brisbane,20.9,23.4,7.200000000000001,8.6,0.0,SW,30.0,SW,SW,2.0,6.0,89.0,90.0,1014.5,1013.9,8.0,8.0,21.9,21.4,Yes,Yes
2014-12-28,Brisbane,19.6,27.0,22.4,0.2,0.3,WSW,13.0,SW,SW,2.0,4.0,95.0,74.0,1014.8,1011.4,8.0,7.0,21.1,26.0,Yes,Yes
2014-12-30,Brisbane,22.1,35.5,1.0,5.2,11.7,SSE,22.0,WNW,N,4.0,6.0,70.0,51.0,1009.4,1005.6,5.0,2.0,28.999999999999996,34.0,No,No
2014-12-31,Brisbane,23.8,33.9,0.0,5.8,10.7,E,30.0,SSE,ENE,4.0,13.0,55.0,62.0,1009.6,1009.2,2.0,6.0,31.0,30.5,No,Yes
2015-01-01,Brisbane,25.2,31.300000000000004,12.2,7.0,12.1,E,26.0,NNE,NE,6.0,13.0,67.0,64.0,1014.9,1012.7,5.0,4.0,29.399999999999995,30.2,Yes,No
2015-01-02,Brisbane,24.800000000000004,30.500000000000004,0.2,9.0,10.3,ENE,28.0,NE,NE,9.0,13.0,68.0,69.0,1018.2,1016.6,5.0,7.0,28.099999999999998,27.799999999999997,No,Yes
2015-01-03,Brisbane,24.6,28.9,1.2,4.2,4.2,E,35.0,ENE,NE,6.0,11.0,82.0,64.0,1019.4,1017.3,8.0,6.0,25.600000000000005,28.299999999999997,Yes,Yes
2015-01-04,Brisbane,21.1,30.199999999999996,16.8,7.599999999999999,12.0,ENE,26.0,E,ENE,9.0,13.0,59.0,53.0,1018.0,1014.5,4.0,3.0,27.599999999999998,28.799999999999997,Yes,No
2015-01-05,Brisbane,21.8,28.099999999999998,0.0,8.8,3.8,ESE,20.0,ESE,SSW,6.0,4.0,69.0,80.0,1015.9,1015.2,7.0,7.0,26.800000000000004,23.7,No,Yes
2015-01-06,Brisbane,21.5,29.5,21.6,5.8,12.1,E,33.0,ESE,E,15.0,16.999999999999996,62.0,48.0,1017.5,1016.4,7.0,3.0,26.9,28.499999999999996,Yes,No
2015-01-07,Brisbane,20.6,27.1,0.0,9.0,3.6,SSE,33.0,SE,ESE,15.0,9.0,64.0,59.0,1017.7,1016.1,7.0,7.0,26.9,26.300000000000004,No,Yes
2015-01-08,Brisbane,19.8,28.4,1.8000000000000003,5.6,3.9,E,31.0,SE,E,11.0,7.000000000000001,68.0,70.0,1016.0,1013.4,6.0,7.0,25.5,25.7,Yes,Yes
2015-01-09,Brisbane,20.8,29.5,3.6000000000000005,4.2,11.8,E,26.0,E,ENE,4.0,13.0,63.0,60.00000000000001,1013.4,1010.5,4.0,2.0,26.800000000000004,28.799999999999997,Yes,No
2015-01-10,Brisbane,22.1,30.199999999999996,0.0,7.599999999999999,10.9,NE,28.0,NE,ENE,11.0,13.0,63.0,55.0,1012.8,1010.9,3.0,6.0,27.999999999999996,29.1,No,No
2015-01-11,Brisbane,23.4,28.199999999999996,0.0,7.800000000000001,0.9,ENE,19.0,W,E,4.0,9.0,76.0,75.0,1011.6,1008.0,7.0,7.0,26.800000000000004,26.800000000000004,No,Yes
2015-01-12,Brisbane,22.5,30.4,14.6,4.2,1.1,ESE,31.0,SW,ESE,4.0,6.0,80.99999999999999,94.0,1009.9,1007.5,8.0,8.0,25.9,23.5,Yes,Yes
2015-01-13,Brisbane,22.6,28.4,38.6,2.6,2.2,ENE,24.000000000000004,E,NE,7.0,13.0,78.0,69.0,1009.7,1007.0,7.0,7.0,26.4,26.9,Yes,No
2015-01-16,Brisbane,23.1,32.5,0.0,10.4,13.1,ENE,24.000000000000004,SSW,NE,4.0,13.0,56.0,60.00000000000001,1008.8,1006.0,1.0,1.0,29.199999999999996,30.8,No,No
2015-01-17,Brisbane,24.0,35.3,0.0,8.0,12.7,ENE,24.000000000000004,WSW,NNE,6.0,9.0,67.0,60.00000000000001,1009.4,1005.6,1.0,3.0,28.999999999999996,32.0,No,No
2015-01-18,Brisbane,25.899999999999995,36.7,0.0,8.0,11.7,E,30.0,SSW,ENE,6.0,13.0,65.0,52.0,1009.5,1005.7,3.0,2.0,31.0,33.5,No,No
2015-01-19,Brisbane,26.5,31.799999999999997,0.0,7.599999999999999,9.3,ENE,31.0,SE,ENE,13.0,14.999999999999998,71.0,58.0,1008.7,1006.8,4.0,3.0,29.6,30.6,No,Yes
2015-01-20,Brisbane,20.6,29.2,35.8,10.8,9.4,ESE,35.0,ENE,E,13.0,16.999999999999996,67.0,58.0,1012.7,1008.8,7.0,6.0,25.9,27.500000000000004,Yes,No
2015-01-21,Brisbane,21.3,30.0,0.2,7.4,8.0,E,28.0,SSE,ESE,6.0,13.0,82.0,64.0,1009.9,1007.7,7.0,7.0,23.6,27.599999999999998,No,No
2015-01-22,Brisbane,23.2,28.6,1.0,9.2,2.1,ENE,31.0,ESE,E,7.0,13.0,67.0,77.0,1009.6,1008.0,8.0,8.0,27.599999999999998,26.4,No,Yes
2015-01-24,Brisbane,20.0,30.8,65.2,3.0,5.4,ESE,22.0,SE,E,7.0,2.0,84.0,59.0,1006.3,1004.4,8.0,6.0,24.8,30.3,Yes,No
2015-01-25,Brisbane,22.1,36.7,0.0,3.4,12.6,W,28.0,WNW,NE,4.0,9.0,67.0,59.0,1006.2,1002.6,1.0,2.0,29.3,32.2,No,No
2015-01-26,Brisbane,24.9,33.1,0.0,6.2,7.8,ESE,30.0,ENE,ESE,4.0,14.999999999999998,66.0,53.99999999999999,1006.8,1004.9,3.0,6.0,31.0,32.0,No,No
2015-01-27,Brisbane,23.7,30.199999999999996,0.0,7.800000000000001,9.2,E,30.0,ESE,E,9.0,13.0,62.0,63.00000000000001,1007.7,1005.0,5.0,5.0,28.499999999999996,28.099999999999998,No,Yes
2015-01-28,Brisbane,19.5,28.099999999999998,5.2,7.2,1.0,SSE,33.0,SW,SSE,7.0,11.0,85.0,61.0,1006.8,1005.4,7.0,8.0,21.0,26.100000000000005,Yes,No
2015-01-29,Brisbane,20.4,28.9,0.0,4.6,11.0,E,26.0,SSW,E,7.0,14.999999999999998,53.00000000000001,58.0,1008.9,1006.4,5.0,3.0,24.8,26.600000000000005,No,Yes
2015-01-30,Brisbane,20.2,28.999999999999996,3.7999999999999994,7.800000000000001,11.2,NE,22.0,NE,NNE,4.0,9.0,63.0,58.0,1009.9,1006.3,6.0,2.0,25.2,28.299999999999997,Yes,No
2015-01-31,Brisbane,19.8,31.799999999999997,0.0,7.4,11.4,SSE,33.0,E,NE,6.0,13.0,62.0,62.0,1008.2,1003.5,1.0,2.0,26.800000000000004,29.8,No,Yes
2015-02-01,Brisbane,20.3,34.4,17.2,7.800000000000001,12.8,ENE,24.000000000000004,SW,SW,4.0,7.000000000000001,71.0,26.0,1007.6,1003.6,1.0,1.0,26.800000000000004,34.2,Yes,No
2015-02-02,Brisbane,22.1,29.600000000000005,0.0,5.6,8.8,SSE,43.0,SSE,ESE,9.0,16.999999999999996,66.0,56.0,1010.0,1008.5,6.0,2.0,26.800000000000004,27.900000000000002,No,Yes
2015-02-05,Brisbane,20.7,29.2,0.0,6.8,9.6,SSE,39.0,SE,ESE,15.0,14.999999999999998,50.0,51.0,1017.6,1016.9,4.0,3.0,26.5,28.299999999999997,No,Yes
2015-02-06,Brisbane,20.2,28.3,2.8,8.8,10.4,SSE,37.0,SE,ESE,17.0,16.999999999999996,60.0,44.0,1022.6,1020.7,5.0,1.0,25.600000000000005,27.900000000000002,Yes,No
2015-02-07,Brisbane,19.5,29.300000000000004,0.2,11.0,11.2,E,26.0,SSE,E,11.0,11.0,73.0,53.99999999999999,1023.5,1019.9,7.0,7.0,22.3,27.000000000000004,No,No
2015-02-08,Brisbane,20.8,29.9,0.2,7.4,11.9,ENE,22.0,SSE,ENE,4.0,11.0,60.0,58.0,1020.5000000000001,1017.8,2.0,1.0,25.9,28.699999999999996,No,No
2015-02-09,Brisbane,19.6,30.3,0.0,6.4,12.5,SE,33.0,SE,E,9.0,16.999999999999996,61.0,45.0,1019.5,1018.2,3.0,3.0,26.7,29.6,No,Yes
2015-02-10,Brisbane,20.6,28.999999999999996,5.2,9.0,9.4,ESE,39.0,SE,E,7.0,13.0,80.0,89.0,1020.5000000000001,1019.6,2.0,7.0,24.6,22.6,Yes,Yes
2015-02-11,Brisbane,20.3,28.9,12.2,8.0,9.0,E,30.0,S,ESE,9.0,11.0,82.0,47.0,1020.1999999999999,1017.6,6.0,1.0,22.5,28.499999999999996,Yes,Yes
2015-02-12,Brisbane,20.6,28.9,8.4,7.2,9.6,E,28.0,ESE,ESE,7.0,11.0,68.0,53.99999999999999,1019.3000000000001,1017.2,7.0,4.0,26.600000000000005,28.400000000000002,Yes,Yes
2015-02-13,Brisbane,20.2,29.600000000000005,1.6,7.4,8.2,ESE,35.0,ESE,E,11.0,16.999999999999996,70.0,68.0,1019.7,1018.7,5.0,6.0,26.4,25.7,Yes,No
2015-02-14,Brisbane,19.8,28.999999999999996,0.4,6.6,10.2,SSE,30.0,SE,E,9.0,14.999999999999998,65.0,49.00000000000001,1021.4,1017.9,5.0,3.0,26.100000000000005,27.999999999999996,No,No
2015-02-15,Brisbane,21.1,28.8,0.2,8.4,9.5,E,24.000000000000004,W,E,4.0,11.0,72.0,49.00000000000001,1018.5,1014.9,6.0,3.0,24.1,27.900000000000002,No,No
2015-02-16,Brisbane,19.5,29.399999999999995,0.4,8.0,11.8,ESE,26.0,SE,E,7.0,13.0,62.0,48.0,1016.8,1013.6,3.0,3.0,26.800000000000004,28.299999999999997,No,No
2015-02-17,Brisbane,20.1,29.1,0.4,9.0,11.6,SE,33.0,ESE,SE,11.0,11.0,60.0,62.0,1016.2,1014.8,6.0,4.0,26.2,26.300000000000004,No,No
2015-02-18,Brisbane,20.2,29.2,0.2,8.2,5.9,ESE,35.0,ESE,ESE,15.0,9.0,60.0,86.0,1016.4,1014.8,5.0,5.0,27.599999999999998,24.3,No,Yes
2015-02-19,Brisbane,22.5,26.800000000000004,4.6,5.2,0.0,SE,33.0,ESE,ESE,13.0,13.0,79.0,89.0,1016.5,1014.2,8.0,8.0,25.5,24.6,Yes,Yes
2015-02-20,Brisbane,21.8,22.6,53.99999999999999,4.8,0.0,SE,30.0,SSE,SW,2.0,6.0,95.0,95.0,1012.3,1009.8,8.0,8.0,22.399999999999995,22.0,Yes,Yes
2015-02-21,Brisbane,21.4,27.299999999999997,89.2,6.0,0.0,SSE,37.0,S,SSE,6.0,9.0,96.00000000000001,96.0,1007.3,1003.7,8.0,8.0,22.0,23.9,Yes,Yes
2015-02-23,Brisbane,22.6,30.6,4.4,4.6,10.9,SSE,33.0,SSE,SE,9.0,13.0,72.0,59.0,1011.6,1009.2,7.0,2.0,26.600000000000005,30.1,Yes,No
2015-02-24,Brisbane,22.3,30.8,0.4,6.6,10.5,SE,31.0,SE,E,11.0,19.999999999999996,74.0,60.00000000000001,1012.0000000000001,1008.7,6.0,1.0,25.9,28.799999999999997,No,No
2015-02-25,Brisbane,21.8,29.8,0.0,6.6,10.6,SSE,31.0,SE,E,7.0,14.999999999999998,69.0,60.00000000000001,1012.4,1009.7,7.0,3.0,26.4,28.799999999999997,No,No
2015-02-26,Brisbane,20.5,29.8,0.2,8.0,9.9,E,22.0,SE,E,6.0,11.0,62.0,60.00000000000001,1010.1,1007.0,3.0,3.0,26.4,27.799999999999997,No,Yes
2015-02-27,Brisbane,22.1,30.199999999999996,1.8000000000000003,6.4,8.4,ENE,20.0,W,NE,6.0,9.0,83.0,56.0,1009.2,1006.6,7.0,1.0,24.3,29.5,Yes,No
2015-02-28,Brisbane,22.6,30.099999999999998,0.2,6.2,9.4,ENE,24.000000000000004,NNW,E,4.0,11.0,65.0,64.0,1011.1,1008.6,4.0,3.0,27.200000000000003,28.6,No,No
2015-03-01,Brisbane,21.8,31.300000000000004,0.0,6.2,9.5,NNE,20.0,W,NE,6.0,7.000000000000001,73.0,59.0,1011.1,1007.8,4.0,1.0,27.000000000000004,30.2,No,No
2015-03-02,Brisbane,23.0,31.6,0.0,6.4,11.3,SE,33.0,SSW,ESE,7.0,14.999999999999998,64.0,56.99999999999999,1013.0,1011.0,5.0,4.0,27.799999999999997,29.1,No,No
2015-03-03,Brisbane,21.1,30.6,0.0,8.4,11.5,ENE,24.000000000000004,SE,ENE,7.0,14.999999999999998,63.0,56.0,1015.9,1012.6,3.0,1.0,27.200000000000003,29.1,No,No
2015-03-04,Brisbane,19.9,30.500000000000004,0.0,7.0,11.8,ENE,22.0,NW,NNE,4.0,7.000000000000001,60.0,50.0,1014.8,1010.9,2.0,1.0,27.200000000000003,29.899999999999995,No,No
2015-03-06,Brisbane,23.1,28.6,0.0,8.4,6.3,SSE,37.0,E,ENE,9.0,9.0,59.0,56.99999999999999,1009.7,1006.3,7.0,4.0,27.300000000000004,27.500000000000004,No,No
2015-03-07,Brisbane,20.6,30.199999999999996,0.0,4.8,10.9,ENE,24.000000000000004,W,NE,6.0,11.0,67.0,62.0,1010.9,1009.4,1.0,2.0,26.300000000000004,29.3,No,No
2015-03-08,Brisbane,21.0,30.9,0.0,6.4,11.3,E,24.000000000000004,S,ENE,4.0,11.0,65.0,56.99999999999999,1013.0,1010.3,2.0,2.0,27.4,29.3,No,No
2015-03-09,Brisbane,22.8,31.6,0.0,6.6,10.3,ENE,24.000000000000004,SSW,ENE,6.0,9.0,69.0,56.99999999999999,1012.6000000000001,1010.0,5.0,3.0,27.500000000000004,30.1,No,No
2015-03-10,Brisbane,23.6,30.6,0.0,5.8,10.8,E,30.0,E,E,9.0,13.0,66.0,56.99999999999999,1014.6,1012.9,2.0,1.0,28.400000000000002,29.699999999999996,No,No
2015-03-11,Brisbane,21.3,30.099999999999998,0.0,8.4,10.0,E,33.0,ESE,E,9.0,14.999999999999998,65.0,56.99999999999999,1015.7,1013.2,4.0,3.0,27.700000000000003,28.900000000000002,No,No
2015-03-12,Brisbane,20.9,29.9,0.0,8.0,10.0,E,28.0,SSE,ESE,7.0,13.0,65.0,46.00000000000001,1014.5,1011.8,7.0,2.0,26.2,28.499999999999996,No,No
2015-03-13,Brisbane,19.9,29.5,0.0,7.599999999999999,9.0,SE,35.0,SE,ESE,9.0,16.999999999999996,60.0,51.0,1014.0,1011.9,1.0,2.0,26.9,28.799999999999997,No,No
2015-03-14,Brisbane,19.9,28.8,0.0,7.599999999999999,9.9,ESE,31.0,SW,ESE,9.0,11.0,60.0,50.0,1014.5,1010.3,7.0,2.0,24.2,27.799999999999997,No,No
2015-03-15,Brisbane,17.8,32.3,0.0,7.0,11.2,E,37.0,SW,SSW,7.0,9.0,58.00000000000001,31.0,1009.7,1006.2,1.0,4.0,24.3,31.1,No,No
2015-03-16,Brisbane,19.0,28.500000000000004,0.0,7.4,11.1,E,26.0,SSW,ESE,9.0,13.0,52.0,52.0,1014.8,1011.9,1.0,2.0,24.6,26.5,No,No
2015-03-17,Brisbane,21.1,28.8,0.0,7.4,9.7,ENE,20.0,WSW,ENE,2.0,7.000000000000001,51.0,49.00000000000001,1016.5,1013.1,1.0,1.0,26.100000000000005,26.9,No,No
2015-03-18,Brisbane,21.8,28.9,0.0,8.0,7.4,SW,31.0,SW,NW,11.0,7.000000000000001,61.0,56.0,1018.1,1011.0,7.0,3.0,24.4,28.499999999999996,No,Yes
2015-03-19,Brisbane,19.8,33.5,7.599999999999999,4.8,11.1,ENE,20.0,NNW,ENE,6.0,13.0,55.0,58.0,1013.2,1009.4,1.0,1.0,27.799999999999997,31.6,Yes,No
2015-03-20,Brisbane,23.9,32.4,0.0,6.4,8.1,NNE,20.0,SW,NNE,4.0,7.000000000000001,76.0,62.0,1014.5,1011.5,7.0,1.0,27.300000000000004,31.7,No,No
2015-03-21,Brisbane,24.7,30.3,0.2,5.8,1.9,E,57.0,NE,NW,4.0,6.0,80.0,98.00000000000001,1017.6,1016.5,7.0,8.0,26.5,22.3,No,Yes
2015-03-23,Brisbane,20.1,28.3,81.8,3.2,8.8,E,19.0,SSE,NE,6.0,9.0,80.99999999999999,56.99999999999999,1018.3,1014.4,6.0,1.0,23.6,27.599999999999998,Yes,No
2015-03-24,Brisbane,20.0,30.500000000000004,0.0,5.0,10.6,NE,20.0,SW,NE,6.0,9.0,76.0,59.0,1017.0,1012.6,6.0,1.0,24.8,29.1,No,No
2015-03-25,Brisbane,22.7,31.7,0.0,7.2,9.4,NE,24.000000000000004,NW,NE,6.0,9.0,66.0,67.0,1015.6,1013.0,2.0,1.0,27.500000000000004,29.899999999999995,No,Yes
2015-03-26,Brisbane,23.4,30.7,3.7999999999999994,6.0,8.3,E,24.000000000000004,N,NE,6.0,9.0,72.0,64.0,1018.1,1015.0,6.0,4.0,28.200000000000003,28.900000000000002,Yes,No
2015-03-27,Brisbane,22.5,31.1,0.0,6.0,8.4,E,26.0,SW,ESE,6.0,9.0,74.0,65.0,1018.8,1015.8,6.0,4.0,27.000000000000004,28.099999999999998,No,No
2015-03-28,Brisbane,22.3,28.500000000000004,0.0,5.8,4.7,ENE,24.000000000000004,SSE,E,7.0,13.0,75.0,50.0,1020.9,1018.7,7.0,5.0,25.5,27.799999999999997,No,No
2015-03-29,Brisbane,19.9,28.500000000000004,0.0,6.0,9.9,ENE,24.000000000000004,ENE,ENE,11.0,11.0,59.0,53.0,1023.3,1020.9,5.0,3.0,26.2,27.4,No,No
2015-03-30,Brisbane,19.9,28.099999999999998,0.0,5.8,4.6,ENE,26.0,SW,ENE,4.0,9.0,73.0,55.0,1024.1,1020.7,7.0,6.0,23.1,25.7,No,No
2015-03-31,Brisbane,19.8,26.1,0.0,5.8,0.5,E,22.0,SW,ENE,4.0,7.000000000000001,74.0,64.0,1023.3,1020.3,7.0,7.0,23.0,24.8,No,Yes
2015-04-02,Brisbane,19.3,26.7,8.8,2.4,3.0,ENE,30.0,S,S,6.0,4.0,75.0,83.0,1019.5,1015.8,5.0,7.0,24.7,24.2,Yes,Yes
2015-04-03,Brisbane,21.0,27.700000000000003,38.4,6.0,8.1,E,28.0,S,ENE,2.0,14.999999999999998,87.0,67.0,1019.1,1015.9,7.0,3.0,24.0,26.800000000000004,Yes,No
2015-04-04,Brisbane,21.0,28.500000000000004,0.4,5.6,6.3,ENE,19.0,WSW,NE,2.0,7.000000000000001,84.0,64.0,1014.9,1009.9,7.0,7.0,23.6,27.900000000000002,No,Yes
2015-04-05,Brisbane,21.7,28.500000000000004,1.8000000000000003,1.8,8.2,WNW,33.0,NW,WNW,6.0,16.999999999999996,85.0,52.0,1008.8,1005.8,6.0,3.0,24.1,27.900000000000002,Yes,No
2015-04-08,Brisbane,16.8,26.499999999999996,0.0,6.0,10.8,WSW,33.0,W,W,7.0,11.0,34.0,28.0,1017.4,1014.2,3.0,1.0,21.0,26.300000000000004,No,No
2015-04-09,Brisbane,14.1,26.900000000000002,0.0,9.0,10.5,ENE,20.0,SW,NE,7.0,7.000000000000001,51.0,45.0,1019.3000000000001,1016.5,5.0,4.0,20.5,25.600000000000005,No,No
2015-04-10,Brisbane,16.8,27.2,0.0,5.2,9.0,E,20.0,SSW,S,6.0,6.0,55.0,46.00000000000001,1020.8,1017.6,1.0,6.0,22.2,25.8,No,No
2015-04-11,Brisbane,19.0,26.499999999999996,0.0,6.2,7.9,SSE,26.0,SSW,ESE,7.0,13.0,65.0,55.0,1019.5999999999999,1016.4,7.0,4.0,21.5,25.600000000000005,No,No
2015-04-12,Brisbane,16.7,28.7,0.0,5.2,10.4,W,20.0,SW,NE,6.0,7.000000000000001,65.0,56.0,1018.7,1014.5,1.0,4.0,22.3,25.600000000000005,No,No
2015-04-13,Brisbane,18.4,27.0,0.0,4.6,9.4,SE,28.0,SSW,E,4.0,11.0,65.0,53.0,1019.9000000000001,1017.5,2.0,3.0,23.3,25.7,No,No
2015-04-14,Brisbane,16.8,26.6,0.0,5.2,9.6,SSE,24.000000000000004,SW,E,6.0,6.0,64.0,52.0,1022.4,1020.3,2.0,3.0,22.0,26.600000000000005,No,No
2015-04-15,Brisbane,17.7,26.3,0.0,4.8,8.3,E,24.000000000000004,SSW,NE,6.0,6.0,69.0,63.00000000000001,1025.5,1022.9999999999999,6.0,7.0,23.2,24.6,No,No
2015-04-16,Brisbane,16.7,28.199999999999996,0.2,4.2,10.8,ESE,20.0,SW,ENE,6.0,9.0,71.0,53.0,1026.4,1022.2999999999998,1.0,1.0,22.3,26.5,No,No
2015-04-17,Brisbane,17.1,28.0,0.0,3.4,10.6,E,20.0,SW,NE,4.0,11.0,73.0,58.0,1024.6,1020.5,3.0,2.0,23.1,26.100000000000005,No,Yes
2015-04-18,Brisbane,18.6,27.700000000000003,3.4,4.6,10.3,ENE,24.000000000000004,SW,ENE,4.0,9.0,80.99999999999999,62.0,1023.1,1018.8,3.0,5.0,22.5,26.300000000000004,Yes,No
2015-04-19,Brisbane,19.3,28.999999999999996,0.4,4.0,7.1,NNE,19.0,WSW,N,4.0,6.0,83.0,63.00000000000001,1019.5999999999999,1016.2,6.0,7.0,22.8,26.9,No,Yes
2015-04-20,Brisbane,19.7,21.3,14.6,6.4,0.0,W,26.0,SSW,SSW,4.0,2.0,87.0,86.0,1018.2,1016.3,7.0,8.0,20.8,20.6,Yes,Yes
2015-04-21,Brisbane,14.6,21.3,2.0,2.4,9.4,W,35.0,W,WSW,13.0,14.999999999999998,49.0,45.0,1017.6,1014.9,6.0,1.0,17.1,19.9,Yes,No
2015-04-22,Brisbane,12.0,23.8,0.2,3.7999999999999994,10.8,W,28.0,W,W,13.0,6.0,61.0,45.0,1014.8,1011.2,1.0,1.0,17.5,23.3,No,No
2015-04-23,Brisbane,12.8,25.7,0.0,4.0,11.0,WSW,17.0,WSW,S,9.0,6.0,61.0,40.0,1013.3,1009.3,1.0,1.0,19.4,25.5,No,No
2015-04-24,Brisbane,15.6,28.3,0.0,4.0,9.3,WNW,24.000000000000004,SW,WSW,6.0,4.0,70.0,44.0,1011.2,1007.5,7.0,2.0,20.2,27.999999999999996,No,No
2015-04-26,Brisbane,16.7,23.4,0.0,8.0,11.0,W,50.0,WSW,W,15.0,14.999999999999998,42.0,30.000000000000004,1012.0000000000001,1010.7,0.0,1.0,19.3,22.7,No,No
2015-04-30,Brisbane,16.6,18.0,7.8,4.2,0.0,SSE,22.0,SW,SSW,4.0,6.0,90.0,91.0,1026.4,1022.1999999999999,8.0,8.0,17.3,17.1,Yes,Yes
2015-05-01,Brisbane,16.2,21.0,56.2,3.4,0.0,S,33.0,SE,SSW,9.0,13.0,95.0,95.0,1017.2,1009.5,8.0,8.0,17.9,17.5,Yes,Yes
2015-05-02,Brisbane,16.6,24.9,182.6,1.6,9.5,SSW,19.0,WNW,WSW,6.0,7.000000000000001,71.0,58.0,1013.0,1010.0,1.0,1.0,19.8,24.4,Yes,No
2015-05-03,Brisbane,16.7,24.2,0.0,3.4,7.0,W,24.000000000000004,SSE,W,4.0,13.0,69.0,64.0,1012.4,1010.0,7.0,7.0,20.6,22.7,No,No
2015-05-04,Brisbane,15.799999999999999,27.299999999999997,0.0,3.4,10.1,W,17.0,WSW,NE,6.0,6.0,79.0,49.00000000000001,1014.3,1011.4,0.0,1.0,20.3,26.600000000000005,No,No
2015-05-09,Brisbane,11.7,23.7,0.0,4.0,10.3,W,20.0,SW,WNW,6.0,9.0,60.0,34.0,1018.9,1015.2,1.0,0.0,17.6,23.4,No,No
2015-05-10,Brisbane,9.9,25.1,0.0,4.8,10.3,WNW,22.0,SW,WNW,6.0,11.0,50.0,29.0,1017.4,1013.0,0.0,0.0,18.0,24.5,No,No
2015-05-11,Brisbane,10.3,26.000000000000004,0.0,5.2,10.2,WNW,39.0,W,W,9.0,14.999999999999998,41.0,33.0,1016.3,1012.7,0.0,0.0,19.9,25.3,No,No
2015-05-13,Brisbane,9.8,24.9,0.0,3.0,10.2,W,30.0,W,W,6.0,9.0,52.0,36.0,1016.2,1012.9,0.0,1.0,19.5,24.9,No,No
2015-05-14,Brisbane,9.7,20.9,0.0,8.0,10.3,W,24.000000000000004,WSW,NW,11.0,4.0,39.0,30.000000000000004,1023.9,1022.4000000000001,0.0,0.0,13.600000000000001,20.6,No,No
2015-05-15,Brisbane,8.1,24.1,0.0,4.8,9.5,W,20.0,SW,ESE,6.0,7.000000000000001,49.0,44.0,1027.4,1024.9,1.0,1.0,16.2,22.6,No,No
2015-05-16,Brisbane,14.199999999999998,24.0,0.0,4.0,7.6,SE,35.0,SSW,SE,7.0,16.999999999999996,65.0,67.0,1029.3,1027.8,1.0,6.0,20.1,20.6,No,No
2015-05-17,Brisbane,14.900000000000002,23.0,1.0,3.7999999999999994,5.2,SSE,28.0,W,ESE,7.0,13.0,76.0,56.99999999999999,1030.1,1027.4,4.0,7.0,19.7,21.8,No,Yes
2015-05-18,Brisbane,16.9,22.9,6.6,2.2,6.2,SE,31.0,SSW,ESE,7.0,14.999999999999998,89.0,76.0,1027.7,1024.9,6.0,5.0,18.7,20.2,Yes,No
2015-05-19,Brisbane,15.9,22.7,0.8,3.2,2.9,SSW,13.0,S,N,6.0,2.0,78.0,77.0,1022.6,1018.9,6.0,6.0,19.3,21.7,No,No
2015-05-21,Brisbane,17.2,25.2,0.2,3.0,4.4,SW,22.0,NE,W,2.0,9.0,89.0,71.0,1018.9,1016.0,7.0,7.0,20.1,22.3,No,Yes
2015-05-22,Brisbane,15.4,19.9,1.4,2.8,9.9,W,46.0,W,W,13.0,16.999999999999996,56.0,45.0,1017.6,1014.8,2.0,1.0,17.2,19.3,Yes,No
2015-05-23,Brisbane,14.0,22.8,0.0,6.8,8.9,ESE,35.0,SW,SE,9.0,13.0,56.0,43.0,1023.2,1022.9999999999999,1.0,2.0,18.7,21.5,No,No
2015-05-24,Brisbane,13.699999999999998,23.6,0.0,5.0,9.6,SSE,24.000000000000004,SSW,ESE,7.0,9.0,65.0,53.0,1028.4,1026.7,1.0,1.0,18.3,22.3,No,No
2015-05-25,Brisbane,12.7,23.5,0.0,4.6,9.3,SSE,20.0,SW,ESE,4.0,11.0,69.0,49.00000000000001,1030.9,1027.6,1.0,7.0,18.3,22.2,No,No
2015-05-29,Brisbane,13.1,25.5,0.0,3.0,9.7,NE,15.0,WSW,SE,6.0,2.0,80.99999999999999,59.0,1024.8,1021.2,5.0,5.0,17.6,25.2,No,No
2015-05-30,Brisbane,15.299999999999999,27.600000000000005,0.0,2.2,9.5,NNE,15.0,SW,NE,2.0,2.0,84.0,55.0,1023.0,1018.1,6.0,6.0,18.3,25.4,No,No
2015-06-01,Brisbane,18.2,20.5,0.0,2.8,0.0,WNW,30.0,W,W,11.0,13.0,68.0,50.0,1016.8,1014.6,7.0,7.0,19.2,19.2,No,No
2015-06-02,Brisbane,9.0,19.5,0.0,5.2,10.1,WSW,20.0,WSW,WSW,6.0,6.0,56.0,42.0,1022.6,1019.2,0.0,1.0,14.100000000000001,19.0,No,No
2015-06-03,Brisbane,7.0,19.7,0.0,3.0,6.0,SSW,15.0,SW,SW,6.0,6.0,63.0,45.0,1022.9,1019.2,7.0,7.0,12.7,18.6,No,No
2015-06-04,Brisbane,7.3999999999999995,22.3,0.0,2.0,9.8,SSW,17.0,SSW,WSW,4.0,7.000000000000001,67.0,45.0,1022.5,1018.5,1.0,1.0,13.400000000000002,21.5,No,No
2015-06-05,Brisbane,7.0,21.4,0.0,2.4,10.3,W,31.0,WSW,WNW,6.0,13.0,45.0,30.000000000000004,1019.4,1015.6,0.0,1.0,16.1,20.5,No,No
2015-06-06,Brisbane,9.7,22.1,0.0,5.8,7.9,WSW,28.0,SW,SW,9.0,9.0,53.00000000000001,56.0,1022.6,1022.4000000000001,1.0,4.0,16.0,21.0,No,No
2015-06-07,Brisbane,12.3,22.8,0.0,3.0,8.5,SSE,26.0,SSW,SSE,6.0,9.0,69.0,53.0,1028.4,1026.1,3.0,3.0,17.5,21.6,No,No
2015-06-08,Brisbane,11.8,24.5,0.2,3.7999999999999994,9.1,ENE,15.0,SW,NE,6.0,6.0,71.0,56.0,1028.0,1024.2,1.0,6.0,17.1,21.1,No,No
2015-06-09,Brisbane,11.7,24.2,0.0,3.4,3.5,SW,17.0,SW,W,7.0,4.0,74.0,51.0,1025.7,1022.7,7.0,7.0,16.6,23.0,No,No
2015-06-10,Brisbane,12.7,24.2,0.0,1.0,6.1,SE,26.0,SW,ESE,7.0,11.0,76.0,53.0,1026.1,1024.4,5.0,7.0,17.2,22.6,No,No
2015-06-11,Brisbane,15.1,21.8,0.0,7.4,2.9,SE,35.0,SSE,SE,11.0,13.0,69.0,79.0,1029.6,1028.2,4.0,7.0,20.9,18.5,No,Yes
2015-06-12,Brisbane,13.400000000000002,20.1,4.6,3.4,5.5,SE,28.0,SSW,SE,7.0,9.0,75.0,69.0,1030.6,1026.9,7.0,7.0,16.6,19.0,Yes,Yes
2015-06-13,Brisbane,14.199999999999998,21.4,1.2,0.6,4.3,ESE,31.0,WSW,SE,4.0,13.0,85.0,76.0,1028.1,1025.0,7.0,7.0,17.7,19.4,Yes,Yes
2015-06-14,Brisbane,15.6,22.2,4.2,3.4,4.0,ESE,22.0,W,SSE,4.0,9.0,92.0,67.0,1026.8,1023.2,8.0,7.0,16.6,21.2,Yes,Yes
2015-06-15,Brisbane,16.0,23.2,4.0,0.8,6.5,ESE,24.000000000000004,SSW,SE,6.0,7.000000000000001,90.99999999999999,60.00000000000001,1025.6,1022.5,7.0,2.0,17.6,22.1,Yes,No
2015-06-18,Brisbane,12.0,22.7,2.4,1.0,7.8,WNW,26.0,SW,WNW,2.0,11.0,98.0,48.0,1017.2,1014.0,3.0,1.0,14.200000000000001,22.4,Yes,No
2015-06-19,Brisbane,10.4,21.6,0.0,2.6,9.2,W,35.0,WSW,WSW,9.0,11.0,62.0,39.0,1017.1,1014.0,2.0,4.0,16.9,21.3,No,No
2015-06-20,Brisbane,9.2,20.9,0.0,4.6,9.2,SW,20.0,SW,SW,7.0,6.0,65.0,44.0,1020.5000000000001,1018.3,1.0,2.0,14.9,19.4,No,No
2015-06-21,Brisbane,10.0,21.1,0.0,3.2,9.5,ESE,20.0,SW,SE,7.0,7.000000000000001,63.0,46.00000000000001,1025.5,1023.3,1.0,1.0,14.699999999999998,20.6,No,No
2015-06-22,Brisbane,12.6,20.5,0.0,3.7999999999999994,3.0,SSE,17.0,SW,ESE,4.0,7.000000000000001,71.0,61.0,1028.2,1026.0,5.0,7.0,15.6,19.6,No,No
2015-06-23,Brisbane,12.2,20.6,0.0,2.2,2.4,W,15.0,W,S,6.0,2.0,83.0,64.0,1027.7,1025.1,7.0,7.0,14.699999999999998,20.1,No,No
2015-06-24,Brisbane,12.5,19.6,0.0,1.4,1.5,SSE,17.0,SW,ESE,4.0,4.0,84.0,66.0,1025.6,1022.0,8.0,7.0,15.4,19.1,No,No
2015-06-25,Brisbane,11.2,19.6,0.0,1.0,1.9,W,19.0,SW,WSW,7.0,7.000000000000001,96.00000000000001,71.0,1022.2,1019.9,7.0,7.0,13.2,18.6,No,No
2015-06-26,Brisbane,12.6,22.7,0.2,2.2,6.8,SSE,31.0,SSW,SE,6.0,11.0,73.0,60.00000000000001,1026.2,1025.1,2.0,3.0,17.8,21.3,No,No
2015-06-27,Brisbane,14.900000000000002,22.6,0.0,3.2,6.8,SE,20.0,SW,S,7.0,9.0,66.0,68.0,1030.6,1027.6,4.0,5.0,18.3,20.7,No,Yes
2015-06-28,Brisbane,14.6,22.2,2.4,2.4,4.6,NE,22.0,SW,E,4.0,7.000000000000001,85.0,71.0,1030.8,1027.8,2.0,6.0,17.7,21.0,Yes,Yes
2015-06-29,Brisbane,15.4,18.4,6.999999999999999,2.2,0.0,SSE,24.000000000000004,SW,SSE,2.0,6.0,95.0,86.0,1031.4,1028.5,8.0,7.0,16.3,17.8,Yes,Yes
2015-06-30,Brisbane,14.199999999999998,23.1,4.0,1.4,8.3,SSW,19.0,SW,NE,6.0,6.0,83.0,56.0,1028.0,1023.9000000000001,1.0,3.0,16.9,21.7,Yes,No
2015-07-01,Brisbane,12.400000000000002,23.3,0.2,2.8,7.4,WNW,17.0,SW,W,4.0,7.000000000000001,85.99999999999999,53.0,1024.5,1020.5,7.0,3.0,15.8,22.7,No,No
2015-07-02,Brisbane,12.2,19.6,0.0,1.2,8.7,W,33.0,WSW,W,6.0,13.0,66.0,32.0,1022.4,1018.1,1.0,4.0,16.5,19.4,No,No
2015-07-03,Brisbane,7.8,20.7,0.0,4.4,9.5,W,26.0,SW,SSW,9.0,6.0,53.00000000000001,39.0,1023.2,1021.0,0.0,2.0,12.800000000000002,20.5,No,No
2015-07-04,Brisbane,9.9,21.3,0.0,3.4,6.8,SSW,17.0,WSW,WNW,6.0,6.0,67.0,50.0,1024.3,1020.7,3.0,1.0,14.499999999999998,20.8,No,No
2015-07-05,Brisbane,9.7,22.8,0.0,2.8,9.7,W,20.0,WSW,WNW,6.0,9.0,80.0,37.0,1023.1,1019.6,2.0,1.0,14.699999999999998,22.0,No,No
2015-07-06,Brisbane,9.3,24.1,0.0,2.4,9.8,WNW,19.0,WSW,WNW,4.0,7.000000000000001,72.0,41.0,1020.0,1015.3,1.0,1.0,14.399999999999999,23.6,No,No
2015-07-07,Brisbane,10.2,23.0,0.0,2.8,10.0,W,20.0,SSW,S,4.0,6.0,56.0,24.0,1018.6,1016.5,0.0,0.0,16.9,22.6,No,No
2015-07-08,Brisbane,7.0,20.4,0.0,5.0,6.8,SSE,24.000000000000004,SSW,SE,6.0,9.0,61.0,56.0,1024.2,1023.1000000000001,1.0,7.0,14.699999999999998,18.7,No,No
2015-07-09,Brisbane,11.9,19.4,0.0,2.0,5.4,SE,24.000000000000004,WSW,ESE,6.0,7.000000000000001,71.0,62.0,1028.1,1025.5,2.0,6.0,15.6,18.2,No,No
2015-07-10,Brisbane,9.7,20.2,0.2,2.2,1.6,NE,24.000000000000004,SW,ENE,6.0,7.000000000000001,74.0,73.0,1025.9,1021.4,5.0,7.0,14.8,17.9,No,No
2015-07-11,Brisbane,11.4,21.2,0.4,1.8,7.700000000000001,NNW,24.000000000000004,SSW,NE,4.0,7.000000000000001,92.0,72.0,1019.7,1013.9,6.0,6.0,13.7,20.2,No,No
2015-07-12,Brisbane,12.2,18.3,0.6,2.8,9.9,W,54.0,WSW,W,19.0,19.0,50.0,28.0,1015.4,1011.3,1.0,0.0,13.0,17.8,No,No
2015-07-13,Brisbane,8.4,18.2,0.2,6.8,9.7,WNW,48.00000000000001,W,W,13.0,22.0,49.0,42.0,1015.9,1012.3,1.0,2.0,12.9,16.8,No,No
2015-07-14,Brisbane,10.2,19.2,0.0,7.4,10.0,WSW,41.0,W,W,9.0,19.0,49.0,37.0,1018.0,1014.2,1.0,1.0,13.300000000000002,18.4,No,No
2015-07-15,Brisbane,5.4,18.2,0.0,3.7999999999999994,3.2,SW,11.0,SW,SE,4.0,4.0,66.0,45.0,1020.1999999999999,1016.8,7.0,6.0,11.1,16.7,No,No
2015-07-16,Brisbane,7.599999999999999,17.4,0.0,2.6,5.2,W,19.0,SSW,WNW,4.0,7.000000000000001,80.0,49.00000000000001,1019.5999999999999,1015.3,7.0,7.0,10.5,16.1,No,No
2015-07-17,Brisbane,6.9,16.1,0.0,3.2,9.7,W,56.0,W,W,19.0,19.999999999999996,57.0,48.0,1018.2,1015.8,1.0,1.0,10.1,14.3,No,No
2015-07-18,Brisbane,6.9,19.4,0.0,5.0,10.0,WSW,22.0,WSW,NE,9.0,2.0,52.0,37.0,1023.4,1022.1999999999999,0.0,1.0,11.9,18.9,No,No
2015-07-19,Brisbane,8.2,19.3,0.0,3.2,5.1,ESE,26.0,SW,SSE,9.0,7.000000000000001,63.0,60.00000000000001,1028.2,1025.4,4.0,6.0,13.899999999999999,18.4,No,No
2015-07-20,Brisbane,11.7,20.9,0.0,2.8,7.299999999999999,E,35.0,WSW,ESE,6.0,13.0,74.0,53.0,1030.4,1027.8,7.0,1.0,14.399999999999999,19.7,No,No
2015-07-21,Brisbane,10.6,21.6,0.2,4.0,6.6,ENE,31.0,WSW,E,6.0,14.999999999999998,77.0,58.0,1031.0,1028.5,7.0,7.0,15.3,19.7,No,Yes
2015-07-22,Brisbane,10.1,18.7,2.8,3.0,0.0,ESE,19.0,SW,ESE,2.0,4.0,85.99999999999999,92.00000000000001,1029.6,1025.4,8.0,8.0,13.300000000000002,17.7,Yes,Yes
2015-07-23,Brisbane,12.900000000000002,23.1,4.4,0.4,8.1,E,17.0,S,E,4.0,7.000000000000001,85.99999999999999,70.0,1025.6,1022.0,4.0,2.0,17.6,21.5,Yes,No
2015-07-24,Brisbane,14.1,24.4,0.0,1.6,6.6,W,24.000000000000004,SW,NE,4.0,9.0,97.0,65.0,1022.7,1017.7,7.0,5.0,17.0,23.7,No,No
2015-07-25,Brisbane,16.5,24.3,0.0,2.4,4.1,W,22.0,WSW,W,6.0,6.0,76.0,52.0,1022.2,1018.8,7.0,1.0,17.6,24.1,No,No
2015-07-26,Brisbane,13.1,25.1,0.2,1.6,6.0,W,26.0,WSW,WSW,2.0,11.0,79.0,64.0,1021.6,1017.7,6.0,7.0,17.2,23.8,No,No
2015-07-27,Brisbane,13.5,22.9,0.0,3.6,9.2,W,24.000000000000004,WNW,W,11.0,11.0,53.00000000000001,35.0,1024.6,1021.6,1.0,5.0,18.2,21.9,No,No
2015-07-28,Brisbane,10.0,21.4,0.0,4.8,9.1,ESE,22.0,SW,S,7.0,4.0,51.0,36.0,1030.2,1027.6,3.0,2.0,14.8,21.3,No,No
2015-07-29,Brisbane,7.8,21.7,0.0,4.6,10.0,WSW,19.0,SW,SSE,7.0,7.000000000000001,54.0,32.0,1032.4,1027.9,1.0,1.0,13.999999999999998,20.8,No,No
2015-07-30,Brisbane,10.2,22.8,0.0,4.0,10.1,SW,19.0,SW,ENE,7.0,6.0,60.0,48.0,1028.5,1024.0,1.0,1.0,15.199999999999998,21.9,No,No
2015-07-31,Brisbane,9.7,24.1,0.0,3.0,10.2,W,24.000000000000004,SSW,W,4.0,7.000000000000001,80.99999999999999,35.0,1024.5,1020.1,1.0,0.0,13.600000000000001,23.5,No,No
2015-08-01,Brisbane,9.1,23.6,0.0,3.0,10.0,ENE,19.0,WSW,ENE,4.0,9.0,63.0,49.00000000000001,1024.4,1020.8,0.0,1.0,14.499999999999998,22.2,No,No
2015-08-02,Brisbane,10.0,25.7,0.0,4.0,10.1,N,22.0,SSW,NE,4.0,9.0,68.0,56.0,1023.5,1018.8,0.0,1.0,15.6,23.6,No,No
2015-08-03,Brisbane,10.6,26.7,0.0,3.6,9.8,WSW,26.0,WSW,ENE,6.0,9.0,71.0,53.99999999999999,1019.5,1014.3,2.0,1.0,18.6,25.1,No,No
2015-08-04,Brisbane,13.5,21.8,0.0,3.7999999999999994,6.8,W,30.0,SW,S,6.0,6.0,47.0,52.0,1019.5999999999999,1016.7,4.0,5.0,16.9,20.0,No,No
2015-08-05,Brisbane,7.8999999999999995,19.1,0.0,5.6,10.3,WNW,33.0,WSW,W,9.0,14.999999999999998,44.0,29.0,1017.2,1013.1,0.0,0.0,12.2,18.6,No,No
2015-08-06,Brisbane,6.1,21.1,0.0,5.6,10.2,WSW,26.0,WSW,W,9.0,6.0,46.0,26.999999999999996,1018.0,1014.8,0.0,1.0,14.200000000000001,20.5,No,No
2015-08-07,Brisbane,7.7,21.4,0.0,3.2,9.7,SW,24.000000000000004,WSW,SSE,9.0,2.0,47.0,32.0,1022.4,1019.5,0.0,3.0,14.3,20.0,No,No
2015-08-08,Brisbane,7.5,22.1,0.0,3.4,10.1,ENE,19.0,SSW,ENE,6.0,7.000000000000001,56.0,33.0,1022.8,1018.9,0.0,2.0,13.2,20.4,No,No
2015-08-09,Brisbane,7.8,22.5,0.0,4.4,10.2,ENE,20.0,SW,ENE,6.0,9.0,63.0,48.0,1023.5,1019.2,1.0,1.0,14.499999999999998,20.9,No,No
2015-08-10,Brisbane,9.3,23.0,0.0,2.8,10.0,ENE,19.0,WSW,NE,4.0,9.0,72.0,55.0,1021.4,1016.2,1.0,1.0,15.4,21.6,No,No
2015-08-11,Brisbane,8.6,26.4,0.0,2.4,10.1,NE,20.0,SSW,NNE,4.0,7.000000000000001,62.0,52.0,1019.5,1015.0,0.0,1.0,14.599999999999998,23.3,No,No
2015-08-12,Brisbane,11.8,28.4,0.2,4.0,7.8,W,46.0,ESE,NNW,2.0,7.000000000000001,69.0,47.0,1013.8,1007.3,3.0,3.0,18.3,24.4,No,Yes
2015-08-13,Brisbane,12.3,22.3,3.6000000000000005,7.0,10.5,W,39.0,WSW,WSW,15.0,14.999999999999998,39.0,23.000000000000004,1018.0,1016.4,0.0,0.0,15.4,21.8,Yes,No
2015-08-14,Brisbane,8.4,23.0,0.0,6.8,10.2,SW,17.0,SW,SSE,7.0,4.0,48.00000000000001,26.999999999999996,1025.2,1022.1,0.0,0.0,15.3,22.4,No,No
2015-08-15,Brisbane,8.0,22.6,0.0,4.0,9.1,ENE,20.0,SW,ENE,6.0,7.000000000000001,62.0,56.0,1028.1,1025.1,4.0,2.0,13.400000000000002,19.9,No,No
2015-08-16,Brisbane,10.7,21.7,0.0,3.7999999999999994,4.3,SE,22.0,SW,SE,9.0,7.000000000000001,66.0,62.0,1026.2,1022.4000000000001,5.0,7.0,16.4,19.5,No,No
2015-08-17,Brisbane,11.3,23.4,0.0,2.8,10.3,NE,20.0,WSW,N,6.0,6.0,73.0,49.00000000000001,1020.6,1015.5,1.0,3.0,17.0,21.9,No,No
2015-08-18,Brisbane,10.3,24.2,0.0,3.2,10.5,E,19.0,SW,ENE,7.0,9.0,53.00000000000001,37.0,1020.6,1017.5,0.0,1.0,17.0,22.1,No,No
2015-08-19,Brisbane,10.0,22.8,0.0,4.8,10.0,SSE,20.0,SW,E,6.0,9.0,60.0,48.0,1024.9,1022.4000000000001,2.0,2.0,15.6,20.5,No,No
2015-08-20,Brisbane,11.4,22.1,0.0,4.4,6.3,E,28.0,SW,E,6.0,11.0,65.0,53.0,1027.2,1024.4,2.0,6.0,17.5,20.6,No,No
2015-08-21,Brisbane,15.299999999999999,22.4,0.4,3.0,2.6,SE,31.0,S,ENE,2.0,13.0,76.0,77.0,1026.6,1024.1,7.0,8.0,18.5,18.7,No,Yes
2015-08-22,Brisbane,16.9,24.5,2.2,4.0,9.5,E,20.0,SSW,NNE,4.0,9.0,83.0,64.0,1025.8,1021.6,5.0,3.0,19.7,23.5,Yes,No
2015-08-24,Brisbane,17.1,25.3,0.0,2.4,8.2,NE,20.0,N,NE,6.0,9.0,65.0,67.0,1021.6,1017.0,2.0,6.0,22.6,23.4,No,Yes
2015-08-25,Brisbane,16.8,29.1,2.2,4.6,9.9,W,28.0,W,ENE,6.0,4.0,75.0,55.0,1019.2,1016.0,1.0,2.0,21.9,27.200000000000003,Yes,No
2015-08-26,Brisbane,15.700000000000001,28.500000000000004,0.0,5.2,10.2,W,20.0,WSW,NW,9.0,9.0,44.0,36.0,1021.1,1017.1,3.0,2.0,21.7,28.099999999999998,No,No
2015-08-27,Brisbane,16.2,23.9,0.0,4.0,0.3,SW,30.0,SSW,SW,2.0,7.000000000000001,52.0,74.0,1021.8,1019.9,7.0,8.0,18.9,16.9,No,Yes
2015-08-28,Brisbane,14.799999999999999,24.7,5.0,1.6,6.1,W,19.0,WSW,SE,4.0,4.0,84.0,44.0,1022.4,1018.5,7.0,1.0,17.5,24.4,Yes,No
2015-08-29,Brisbane,11.9,22.9,0.2,4.0,5.2,ENE,19.0,SW,ENE,6.0,7.000000000000001,58.00000000000001,53.99999999999999,1023.4,1018.5,7.0,7.0,17.4,21.0,No,Yes
2015-08-30,Brisbane,14.1,23.2,13.6,5.6,9.2,W,33.0,W,W,7.0,14.999999999999998,59.0,29.0,1017.9,1013.6,4.0,1.0,18.1,22.3,Yes,No
2015-08-31,Brisbane,11.3,23.7,0.2,10.0,11.1,W,26.0,WSW,W,7.0,11.0,44.0,25.0,1016.9,1013.0,1.0,1.0,17.8,22.9,No,No
2015-09-03,Brisbane,16.3,25.3,2.4,3.0,7.6,WNW,48.00000000000001,N,W,6.0,19.0,85.0,21.0,1011.6,1008.6,7.0,1.0,19.7,25.3,Yes,No
2015-09-04,Brisbane,12.7,24.9,0.2,8.2,9.8,W,26.0,WSW,NNE,9.0,7.000000000000001,45.0,44.0,1018.4,1016.6,1.0,3.0,18.6,22.7,No,No
2015-09-05,Brisbane,12.0,23.6,0.0,6.8,9.3,E,22.0,SSW,ESE,6.0,11.0,61.0,53.0,1022.7,1018.8,1.0,3.0,19.4,21.3,No,No
2015-09-06,Brisbane,13.400000000000002,24.0,0.0,4.2,6.1,NNE,19.0,W,NE,6.0,7.000000000000001,69.0,53.0,1023.9,1019.5,6.0,6.0,19.2,23.2,No,No
2015-09-07,Brisbane,13.8,25.5,0.0,4.0,8.6,NE,26.0,NE,NE,2.0,11.0,68.0,65.0,1023.1,1019.3,3.0,3.0,21.0,22.3,No,No
2015-09-08,Brisbane,14.799999999999999,28.099999999999998,0.0,5.0,9.5,W,31.0,NNW,NW,6.0,6.0,54.0,38.0,1020.3,1014.6,3.0,4.0,21.9,27.300000000000004,No,No
2015-09-09,Brisbane,10.7,25.6,0.0,6.6,10.8,WNW,28.0,WSW,W,7.0,6.0,36.0,21.0,1022.6,1018.6,0.0,0.0,18.9,25.2,No,No
2015-09-10,Brisbane,11.0,25.0,0.0,5.2,10.8,E,37.0,SW,E,6.0,13.0,54.0,47.0,1027.6,1025.1,1.0,2.0,19.1,22.1,No,No
2015-09-11,Brisbane,13.3,21.6,0.0,6.2,1.9,SE,35.0,SW,ESE,6.0,11.0,60.0,67.0,1030.2,1027.8,7.0,7.0,19.2,19.6,No,No
2015-09-12,Brisbane,15.700000000000001,24.5,0.0,3.4,7.1,ESE,31.0,SSW,ESE,4.0,9.0,52.0,42.0,1029.3,1025.1,6.0,4.0,20.8,23.7,No,No
2015-09-13,Brisbane,13.199999999999998,25.4,0.0,5.0,9.4,E,28.0,WSW,ESE,4.0,11.0,62.0,49.00000000000001,1028.1,1024.6,3.0,3.0,20.0,23.6,No,No
2015-09-14,Brisbane,12.7,25.4,0.0,5.2,8.3,NE,24.000000000000004,SSW,NE,4.0,11.0,62.0,52.0,1026.9,1022.9999999999999,5.0,5.0,19.4,23.8,No,No
2015-09-15,Brisbane,13.400000000000002,25.6,0.0,4.6,10.8,NE,24.000000000000004,WSW,NE,4.0,11.0,64.0,56.0,1023.2,1018.3,2.0,1.0,21.1,23.5,No,No
2015-09-16,Brisbane,13.0,27.399999999999995,0.0,5.0,10.4,WSW,26.0,NW,ENE,2.0,11.0,65.0,53.99999999999999,1019.7,1014.6,1.0,2.0,21.1,25.7,No,Yes
2015-09-18,Brisbane,12.5,22.8,18.0,0.8,7.299999999999999,SSE,37.0,S,S,13.0,13.0,56.0,80.0,1018.3,1018.4,1.0,7.0,18.1,17.4,Yes,No
2015-09-19,Brisbane,13.0,24.0,0.6,4.4,9.0,SSE,33.0,S,E,7.0,19.0,53.00000000000001,48.0,1021.7,1018.3,3.0,7.0,20.5,22.4,No,No
2015-09-20,Brisbane,13.400000000000002,23.3,0.0,5.6,9.0,SSE,31.0,SSW,SSE,7.0,9.0,58.00000000000001,60.00000000000001,1020.7,1017.3,2.0,5.0,20.3,21.0,No,Yes
2015-09-21,Brisbane,14.199999999999998,24.3,1.6,5.2,10.8,E,24.000000000000004,S,E,7.0,9.0,59.0,56.0,1021.0,1017.5,2.0,2.0,20.8,22.1,Yes,No
2015-09-22,Brisbane,13.5,29.399999999999995,0.0,5.4,10.3,WNW,28.0,WNW,W,2.0,7.000000000000001,60.0,26.999999999999996,1018.2,1012.9,0.0,5.0,21.7,27.799999999999997,No,No
2015-09-23,Brisbane,14.699999999999998,23.5,0.0,6.0,7.6,ENE,28.0,WSW,ESE,9.0,11.0,51.0,56.99999999999999,1019.0,1016.7,2.0,5.0,19.1,18.9,No,No
2015-09-24,Brisbane,11.1,23.1,0.6,5.4,11.2,E,28.0,SSW,ENE,7.0,19.999999999999996,39.0,41.0,1022.0,1017.8,1.0,1.0,17.4,20.6,No,No
2015-09-25,Brisbane,9.4,23.4,0.2,6.8,6.9,S,26.0,WSW,S,9.0,6.0,51.0,39.0,1022.8,1019.3,2.0,4.0,18.7,22.6,No,No
2015-09-26,Brisbane,13.699999999999998,23.1,0.0,3.6,8.1,ESE,35.0,S,SSE,9.0,13.0,53.00000000000001,55.0,1022.9,1019.5,3.0,5.0,20.6,20.4,No,No
2015-09-27,Brisbane,12.400000000000002,24.1,0.4,5.4,8.4,E,24.000000000000004,SW,ENE,6.0,7.000000000000001,57.0,90.0,1022.2,1018.8,2.0,5.0,19.7,15.8,No,Yes
2015-09-28,Brisbane,11.8,24.8,12.2,4.4,10.5,NE,22.0,SSW,NE,6.0,7.000000000000001,68.0,51.0,1021.4,1016.7,3.0,1.0,18.5,24.0,Yes,No
2015-09-29,Brisbane,13.1,25.7,0.0,4.0,8.2,WNW,31.0,S,NW,2.0,6.0,61.0,73.0,1021.8,1018.2,1.0,7.0,22.1,16.2,No,Yes
2015-09-30,Brisbane,12.0,26.6,7.8,6.4,10.8,NE,26.0,NE,NE,4.0,14.999999999999998,59.0,56.99999999999999,1023.0,1019.3,0.0,3.0,21.7,24.2,Yes,No
2015-10-01,Brisbane,14.0,27.700000000000003,0.0,5.0,10.8,ENE,22.0,NE,ENE,2.0,11.0,53.00000000000001,46.00000000000001,1026.9,1024.0,0.0,2.0,22.6,25.7,No,No
2015-10-02,Brisbane,14.799999999999999,29.300000000000004,0.0,5.0,11.3,ENE,26.0,SW,ENE,4.0,9.0,64.0,21.0,1031.1,1028.3,1.0,1.0,22.3,28.299999999999997,No,No
2015-10-03,Brisbane,15.799999999999999,27.8,0.0,6.8,11.6,E,26.0,SSE,E,9.0,13.0,55.0,41.0,1032.7,1028.2,1.0,1.0,23.6,26.0,No,No
2015-10-04,Brisbane,14.199999999999998,28.999999999999996,0.0,7.4,11.3,NE,17.0,WSW,NE,4.0,7.000000000000001,64.0,40.0,1029.3,1024.9,0.0,0.0,22.3,27.700000000000003,No,No
2015-10-05,Brisbane,13.3,33.8,0.0,6.0,11.4,ENE,20.0,SW,NE,6.0,7.000000000000001,45.0,17.0,1026.7,1022.9,0.0,0.0,24.9,31.4,No,No
2015-10-06,Brisbane,12.900000000000002,30.7,0.0,7.2,10.0,ENE,20.0,WNW,NE,4.0,9.0,51.0,21.0,1027.0,1023.3,0.0,0.0,23.9,29.8,No,No
2015-10-07,Brisbane,14.6,28.3,0.0,6.2,11.4,NE,20.0,NNE,ENE,4.0,7.000000000000001,58.00000000000001,48.0,1027.0,1024.2,1.0,0.0,23.9,27.099999999999998,No,No
2015-10-08,Brisbane,17.2,25.7,0.0,6.4,5.8,SE,39.0,SE,SE,11.0,13.0,59.0,61.0,1032.0,1029.2,6.0,7.0,23.3,23.6,No,Yes
2015-10-09,Brisbane,18.5,25.1,5.799999999999999,6.6,2.6,ESE,33.0,SE,E,15.0,14.999999999999998,73.0,60.00000000000001,1032.1,1028.7,7.0,5.0,20.8,23.0,Yes,No
2015-10-10,Brisbane,17.2,25.6,0.2,4.6,9.6,E,26.0,ESE,ENE,13.0,9.0,52.0,48.0,1029.8,1026.3,5.0,3.0,22.6,23.8,No,No
2015-10-11,Brisbane,14.699999999999998,25.9,0.0,7.2,11.3,ENE,26.0,NNE,NE,6.0,11.0,48.00000000000001,48.0,1026.5,1022.1,3.0,1.0,23.1,24.6,No,No
2015-10-12,Brisbane,15.1,27.399999999999995,0.0,7.2,11.4,NE,31.0,NNW,NE,9.0,13.0,51.0,53.0,1023.5,1018.3,1.0,1.0,23.8,25.600000000000005,No,No
2015-10-13,Brisbane,16.6,28.0,0.0,7.599999999999999,9.1,E,30.0,NE,NE,6.0,13.0,53.00000000000001,65.0,1020.8,1017.5,1.0,7.0,25.3,24.6,No,No
2015-10-15,Brisbane,17.6,26.900000000000002,4.4,3.2,10.2,E,28.0,ESE,ENE,7.0,11.0,60.0,51.0,1025.4,1021.8,4.0,2.0,24.5,25.7,Yes,No
2015-10-16,Brisbane,16.9,26.6,0.0,6.8,11.8,ENE,26.0,SE,ENE,9.0,13.0,58.00000000000001,53.99999999999999,1025.0,1022.0,3.0,4.0,24.1,25.5,No,No
2015-10-17,Brisbane,16.3,27.600000000000005,0.0,6.8,10.8,ENE,24.000000000000004,W,ENE,6.0,13.0,59.0,49.00000000000001,1024.7,1021.4,3.0,1.0,23.3,26.300000000000004,No,No
2015-10-18,Brisbane,17.3,27.1,0.0,5.8,11.2,E,35.0,E,E,7.0,14.999999999999998,55.0,51.0,1025.7,1023.5000000000001,6.0,2.0,24.2,25.8,No,No
2015-10-19,Brisbane,15.199999999999998,26.499999999999996,0.0,7.4,11.2,ENE,30.0,E,ESE,7.0,14.999999999999998,61.0,50.0,1026.0,1022.8000000000001,4.0,3.0,23.9,25.0,No,No
2015-10-20,Brisbane,14.400000000000002,26.800000000000004,0.0,7.4,12.0,ENE,24.000000000000004,W,ENE,4.0,13.0,58.00000000000001,52.0,1024.4,1020.9,3.0,2.0,23.8,25.1,No,No
2015-10-21,Brisbane,15.5,27.2,0.0,5.6,12.1,ENE,31.0,ENE,NE,6.0,13.0,55.0,46.00000000000001,1020.5000000000001,1015.9,1.0,1.0,24.1,25.7,No,No
2015-10-22,Brisbane,16.6,29.300000000000004,0.0,9.0,6.9,W,65.0,NE,NE,9.0,13.0,52.0,63.00000000000001,1014.8,1008.5,3.0,4.0,25.600000000000005,25.8,No,Yes
2015-10-23,Brisbane,18.9,27.299999999999997,20.8,7.4,10.7,ESE,33.0,S,ESE,4.0,16.999999999999996,69.0,50.0,1017.3,1015.2,1.0,1.0,23.6,26.100000000000005,Yes,No
2015-10-24,Brisbane,17.4,24.3,0.0,7.599999999999999,2.8,ESE,22.0,ESE,ESE,9.0,9.0,61.0,67.0,1023.2,1020.4,7.0,7.0,22.7,22.0,No,Yes
2015-10-25,Brisbane,18.4,25.4,1.2,4.0,6.5,ENE,24.000000000000004,NNE,NE,4.0,9.0,62.0,59.0,1024.2,1020.9,7.0,6.0,23.1,24.1,Yes,No
2015-10-26,Brisbane,17.9,28.4,0.0,6.2,10.2,NE,33.0,WNW,NE,7.0,14.999999999999998,62.0,68.0,1021.5,1017.0,3.0,4.0,24.2,24.7,No,Yes
2015-10-27,Brisbane,17.9,30.7,4.8,7.4,10.5,ESE,37.0,NW,SE,4.0,16.999999999999996,53.00000000000001,62.0,1018.5,1016.7,1.0,4.0,25.9,26.2,Yes,Yes
2015-10-28,Brisbane,17.6,22.3,13.2,7.599999999999999,1.3,SE,22.0,SSE,ESE,7.0,7.000000000000001,74.0,82.0,1022.4,1019.9,7.0,8.0,21.0,20.2,Yes,Yes
2015-10-29,Brisbane,17.3,23.1,5.0,3.4,0.4,E,22.0,SE,ESE,6.0,9.0,80.0,64.0,1022.3,1019.9,7.0,7.0,19.9,21.6,Yes,No
2015-10-30,Brisbane,18.0,24.1,0.2,4.0,5.5,E,24.000000000000004,ESE,ENE,6.0,9.0,56.0,56.99999999999999,1023.1,1020.8,7.0,7.0,22.7,22.7,No,No
2015-10-31,Brisbane,16.2,25.2,0.0,4.8,11.6,ENE,26.0,NNE,ENE,7.0,13.0,54.0,50.0,1022.7,1019.7,3.0,2.0,22.9,23.8,No,No
2015-11-01,Brisbane,16.6,27.0,0.0,6.6,8.5,NE,26.0,NW,NE,7.0,9.0,56.0,48.0,1020.6,1016.4,7.0,7.0,23.6,24.9,No,No
2015-11-02,Brisbane,18.8,29.5,0.0,9.0,12.0,ENE,33.0,WNW,NE,6.0,14.999999999999998,51.0,61.0,1018.4,1014.0,3.0,2.0,25.8,26.7,No,No
2015-11-03,Brisbane,18.3,30.500000000000004,0.0,8.0,11.5,NE,28.0,NE,NE,6.0,13.0,51.0,56.99999999999999,1015.4,1012.8,1.0,3.0,28.099999999999998,27.900000000000002,No,Yes
2015-11-04,Brisbane,20.1,29.8,11.599999999999998,9.0,9.4,NNE,24.000000000000004,ENE,NNE,2.0,7.000000000000001,72.0,63.00000000000001,1015.9,1011.8,6.0,3.0,25.600000000000005,27.700000000000003,Yes,No
2015-11-05,Brisbane,22.1,29.1,0.0,5.8,8.8,NE,22.0,WNW,ENE,6.0,11.0,63.0,64.0,1014.5,1010.9,6.0,7.0,26.100000000000005,27.599999999999998,No,Yes
2015-11-06,Brisbane,19.8,29.300000000000004,19.0,7.800000000000001,5.5,NNW,26.0,NE,ENE,2.0,13.0,67.0,69.0,1013.3,1008.7,7.0,3.0,25.0,26.7,Yes,No
2015-11-07,Brisbane,19.5,33.3,0.0,4.0,9.2,SSE,37.0,NW,ENE,6.0,13.0,48.00000000000001,52.0,1011.3,1007.6,4.0,5.0,29.199999999999996,30.0,No,No
2015-11-08,Brisbane,22.1,25.0,0.4,7.800000000000001,0.7,SE,28.0,E,NE,11.0,6.0,75.0,71.0,1014.5,1012.4,8.0,8.0,23.6,24.2,No,Yes
2015-11-09,Brisbane,18.3,25.9,13.999999999999998,3.7999999999999994,0.4,ESE,39.0,S,ESE,6.0,16.999999999999996,78.0,55.0,1017.1,1014.4,7.0,7.0,21.7,24.5,Yes,No
2015-11-10,Brisbane,17.0,26.6,0.0,5.6,11.9,ENE,24.000000000000004,E,ENE,2.0,11.0,59.0,53.0,1016.2,1013.0,4.0,2.0,23.3,24.8,No,No
2015-11-11,Brisbane,17.3,26.499999999999996,0.0,6.4,8.9,ENE,28.0,SE,E,7.0,14.999999999999998,70.0,46.00000000000001,1019.1,1017.3,7.0,3.0,22.1,26.0,No,No
2015-11-12,Brisbane,17.2,26.4,0.0,7.2,7.8,E,26.0,ESE,ENE,11.0,9.0,60.0,60.00000000000001,1021.2,1018.1,7.0,7.0,24.2,24.6,No,No
2015-11-13,Brisbane,19.0,28.099999999999998,0.0,6.6,12.3,NE,28.0,NE,NE,4.0,11.0,65.0,56.0,1016.6,1012.1,5.0,1.0,24.5,27.000000000000004,No,No
2015-11-14,Brisbane,19.8,26.7,1.0,7.0,3.2,N,24.000000000000004,S,NNE,4.0,4.0,80.99999999999999,80.0,1012.9,1006.8,7.0,7.0,22.7,23.8,No,Yes
2015-11-15,Brisbane,19.7,27.299999999999997,10.6,3.6,8.8,SE,41.0,SSW,SE,9.0,19.0,65.0,53.99999999999999,1010.9,1009.5,7.0,5.0,24.5,25.9,Yes,No
2015-11-16,Brisbane,17.9,27.0,0.2,6.4,9.8,ESE,35.0,SSE,E,9.0,13.0,47.0,53.99999999999999,1016.0,1013.7,4.0,7.0,24.6,24.7,No,No
2015-11-17,Brisbane,16.5,26.000000000000004,0.6,7.0,12.6,E,28.0,SE,NE,7.0,11.0,55.0,51.0,1019.5,1017.6,5.0,2.0,23.8,23.9,No,No
2015-11-18,Brisbane,16.1,28.199999999999996,0.0,7.599999999999999,13.0,N,22.0,NE,NNE,4.0,7.000000000000001,53.00000000000001,48.0,1020.1,1016.5,2.0,1.0,24.1,27.4,No,No
2015-11-19,Brisbane,17.2,33.4,0.0,7.0,11.9,ENE,22.0,N,ENE,2.0,11.0,54.0,53.0,1018.0,1014.1,0.0,1.0,26.800000000000004,30.2,No,No
2015-11-20,Brisbane,18.7,30.9,0.0,8.0,12.7,NE,26.0,ENE,NNE,7.0,11.0,48.00000000000001,46.00000000000001,1017.5,1014.0,0.0,1.0,30.1,29.899999999999995,No,No
2015-11-21,Brisbane,19.9,33.3,0.0,9.2,12.2,ESE,41.0,ENE,ENE,6.0,13.0,39.0,53.99999999999999,1015.5,1011.2,0.0,0.0,29.6,30.3,No,No
2015-11-22,Brisbane,22.4,28.4,0.0,9.0,1.8,SE,31.0,E,ESE,13.0,9.0,71.0,73.0,1017.9,1015.1,8.0,8.0,24.6,24.5,No,No
2015-11-23,Brisbane,22.0,29.9,0.0,3.7999999999999994,11.6,NE,31.0,ENE,NE,7.0,13.0,59.0,59.0,1014.6,1010.7,3.0,1.0,27.500000000000004,28.400000000000002,No,No
2015-11-24,Brisbane,20.2,30.500000000000004,0.0,7.800000000000001,11.1,E,24.000000000000004,E,E,6.0,13.0,59.0,62.0,1014.7,1012.4,3.0,5.0,28.099999999999998,28.200000000000003,No,No
2015-11-25,Brisbane,23.3,30.999999999999996,0.0,9.6,12.4,NE,24.000000000000004,N,NE,6.0,9.0,60.0,53.99999999999999,1016.1,1012.2,4.0,1.0,27.700000000000003,29.699999999999996,No,No
2015-11-26,Brisbane,21.6,31.799999999999997,0.0,8.4,12.1,NE,31.0,N,NNE,6.0,13.0,56.0,62.0,1013.4,1008.3,1.0,2.0,28.200000000000003,29.699999999999996,No,No
2015-11-27,Brisbane,23.5,31.1,0.0,8.6,10.1,E,35.0,E,ENE,15.0,11.0,59.0,56.99999999999999,1012.1,1010.1,3.0,3.0,28.099999999999998,29.8,No,No
2015-11-28,Brisbane,23.1,30.4,0.0,8.2,7.299999999999999,E,24.000000000000004,NNW,NE,4.0,11.0,62.0,65.0,1014.5,1012.4,6.0,5.0,27.4,29.399999999999995,No,No
2015-11-29,Brisbane,24.1,30.999999999999996,0.2,6.7,8.7,WNW,57.0,NNE,NE,7.0,14.999999999999998,58.00000000000001,64.0,1013.6,1009.1,3.0,6.0,29.699999999999996,28.999999999999996,No,Yes
2015-11-30,Brisbane,20.6,31.799999999999997,16.6,11.0,10.3,NE,28.0,NNE,NE,7.0,11.0,63.0,65.0,1012.7,1009.8,3.0,6.0,28.999999999999996,29.899999999999995,Yes,No
2015-12-01,Brisbane,22.1,31.300000000000004,0.0,8.0,8.2,NE,30.0,NNE,NE,6.0,11.0,58.00000000000001,64.0,1015.6,1013.2,3.0,8.0,29.199999999999996,28.499999999999996,No,No
2015-12-02,Brisbane,23.8,27.9,0.4,7.599999999999999,0.2,WNW,22.0,NNW,WNW,6.0,6.0,69.0,75.0,1016.2,1015.1,7.0,7.0,26.600000000000005,25.1,No,Yes
2015-12-03,Brisbane,21.2,27.9,2.0,2.0,6.9,SE,35.0,SSW,SSE,7.0,13.0,78.0,42.0,1020.5000000000001,1019.9,7.0,7.0,24.1,26.5,Yes,No
2015-12-04,Brisbane,17.3,25.6,0.2,10.0,4.2,SSE,33.0,S,SSE,9.0,11.0,52.0,56.0,1022.0,1019.8,7.0,7.0,23.8,24.0,No,No
2015-12-05,Brisbane,16.9,28.4,0.0,5.6,12.7,ESE,33.0,S,ESE,7.0,16.999999999999996,51.0,48.0,1020.1999999999999,1016.9,4.0,2.0,25.4,25.8,No,No
2015-12-06,Brisbane,17.5,29.1,0.0,9.0,13.1,E,35.0,ESE,E,6.0,14.999999999999998,50.0,42.0,1018.9,1016.1,3.0,1.0,25.9,27.099999999999998,No,No
2015-12-07,Brisbane,18.0,29.8,0.0,9.6,13.1,ENE,28.0,ESE,ENE,6.0,11.0,55.0,53.99999999999999,1019.9000000000001,1017.6,2.0,5.0,27.500000000000004,28.400000000000002,No,No
2015-12-08,Brisbane,18.3,30.7,0.0,4.0,12.8,ENE,26.0,NE,NE,7.0,11.0,51.0,51.0,1021.6,1018.5,3.0,2.0,28.499999999999996,28.799999999999997,No,No
2015-12-09,Brisbane,20.7,30.8,0.0,8.4,8.7,NE,26.0,NW,NE,6.0,11.0,58.00000000000001,59.0,1020.0,1016.3,7.0,7.0,27.500000000000004,27.700000000000003,No,No
2015-12-10,Brisbane,23.1,32.3,0.0,8.8,8.7,SE,41.0,WSW,NNE,4.0,7.000000000000001,56.0,60.00000000000001,1016.4,1012.5,6.0,6.0,28.200000000000003,28.400000000000002,No,No
2015-12-11,Brisbane,20.0,32.5,0.6,7.800000000000001,9.4,NNE,33.0,NNE,NE,4.0,11.0,60.0,67.0,1012.4,1007.0,1.0,5.0,28.900000000000002,28.299999999999997,No,No
2015-12-13,Brisbane,19.7,27.299999999999997,9.8,4.4,4.5,E,28.0,SSW,SE,6.0,11.0,90.99999999999999,41.0,1018.7,1016.6,8.0,4.0,20.7,26.7,Yes,No
2015-12-14,Brisbane,17.6,29.1,0.8,3.7999999999999994,12.8,ENE,24.000000000000004,NE,ENE,6.0,11.0,55.0,52.0,1017.9,1014.8,5.0,1.0,26.4,27.599999999999998,No,No
2015-12-15,Brisbane,19.8,29.9,0.0,7.2,8.5,E,31.0,NNE,ENE,4.0,13.0,59.0,56.0,1016.1,1012.8,7.0,7.0,26.100000000000005,27.599999999999998,No,No
2015-12-16,Brisbane,21.9,27.299999999999997,0.0,7.2,1.3,E,20.0,E,ESE,6.0,6.0,58.00000000000001,51.0,1015.7,1013.3,7.0,7.0,25.9,26.5,No,Yes
2015-12-17,Brisbane,19.8,29.700000000000003,3.7999999999999994,4.8,10.1,E,33.0,ESE,ESE,11.0,14.999999999999998,52.0,42.0,1015.1,1013.5,7.0,4.0,26.0,28.200000000000003,Yes,Yes
2015-12-18,Brisbane,18.7,28.6,3.2,9.0,10.9,NE,28.0,ESE,ENE,7.0,11.0,59.0,49.00000000000001,1017.1,1014.8,7.0,2.0,25.600000000000005,27.200000000000003,Yes,No
2015-12-19,Brisbane,18.4,28.7,0.0,7.599999999999999,13.2,ENE,30.0,NW,ENE,6.0,14.999999999999998,58.00000000000001,52.0,1017.3,1015.3,3.0,1.0,25.1,27.200000000000003,No,No
2015-12-20,Brisbane,18.8,30.099999999999998,0.0,10.0,12.1,NE,28.0,NNE,ENE,6.0,13.0,42.99999999999999,59.0,1019.1,1016.2,3.0,3.0,27.999999999999996,27.700000000000003,No,No
2015-12-21,Brisbane,21.9,31.2,0.0,7.4,11.5,NE,26.0,NE,NNE,6.0,11.0,45.0,39.0,1019.0,1015.9,2.0,1.0,28.200000000000003,29.6,No,No
2015-12-22,Brisbane,21.6,30.500000000000004,0.0,10.4,9.6,NE,24.000000000000004,ENE,NE,7.0,11.0,53.00000000000001,55.0,1018.2,1014.9,6.0,7.0,27.099999999999998,27.500000000000004,No,No
2015-12-23,Brisbane,20.8,30.6,0.0,8.2,12.0,E,28.0,ENE,ENE,7.0,13.0,49.0,45.0,1014.7,1011.0,6.0,2.0,28.200000000000003,29.3,No,Yes
2015-12-24,Brisbane,20.8,28.099999999999998,3.2,8.8,1.3,SSE,28.0,SSW,ENE,6.0,7.000000000000001,63.0,59.0,1014.2,1011.9,7.0,7.0,26.0,26.9,Yes,Yes
2015-12-25,Brisbane,19.7,28.4,9.2,4.6,10.3,SE,26.0,SW,SE,7.0,13.0,64.0,53.99999999999999,1014.1,1011.4,7.0,6.0,24.8,27.099999999999998,Yes,No
2015-12-26,Brisbane,19.0,32.0,0.4,7.2,12.9,N,24.000000000000004,ESE,NE,2.0,9.0,57.0,52.0,1012.6000000000001,1008.8,5.0,2.0,26.100000000000005,30.399999999999995,No,No
2015-12-27,Brisbane,23.6,31.2,0.8,8.8,0.8,SE,26.0,NNE,ENE,4.0,4.0,65.0,76.0,1012.7,1010.5,8.0,8.0,28.099999999999998,27.599999999999998,No,No
2015-12-28,Brisbane,20.1,28.999999999999996,0.8,5.8,5.1,SSE,35.0,SE,SE,13.0,11.0,51.0,56.0,1017.1,1014.8,6.0,7.0,25.600000000000005,25.9,No,No
2015-12-29,Brisbane,18.5,26.499999999999996,0.0,9.0,8.2,SSE,33.0,S,SE,11.0,11.0,51.0,51.0,1016.9,1014.8,4.0,6.0,23.4,25.2,No,No
2015-12-30,Brisbane,19.1,29.8,0.0,8.0,11.6,SSE,33.0,S,ESE,7.0,13.0,47.0,48.0,1015.9,1013.5,3.0,3.0,26.2,27.099999999999998,No,No
2015-12-31,Brisbane,19.4,29.9,0.0,10.8,11.4,E,35.0,SSE,SE,7.0,16.999999999999996,44.0,43.0,1015.0,1012.5,7.0,1.0,26.0,28.200000000000003,No,No
2014-06-03,Brisbane,23.9274709845373,30.145058030925398,12.542830398646512,4.951647323024865,5.201113816139444,SW,40.032946460497314,E,ENE,10.516473230248659,16.516473230248653,73.51647323024865,78.03294646049731,1016.4549185678903,1012.996681952766,6.879118307562164,7.0,27.641763384875674,26.23846873882594,Yes,Yes
2013-02-15,Brisbane,20.038687584396012,27.33316078662515,2.3215895509588975,5.500517640124539,6.533160786625153,SE,38.88946404458282,ESE,E,13.0,11.221071910834361,73.6079477547945,83.8946404458282,1016.8341960668743,1014.8568208980823,6.88946404458282,5.88946404458282,24.12210719108344,23.415545113063498,Yes,Yes
2012-06-19,Brisbane,20.78374770737433,31.614141662374855,0.5608818134998437,6.695684835999584,10.95977954662504,ENE,29.40220453374961,NNE,E,4.0,14.06519697750026,59.14141662374857,61.325984887501306,1009.0848499742491,1007.3370075562493,1.9348030224997395,2.5325984887501303,26.894582569124783,28.742424987124572,No,Yes
2012-03-27,Brisbane,16.25661521926149,23.392708886314338,0.0,3.8690367209993117,4.028398084974609,SE,29.47929749710363,WSW,SE,6.0,11.0,73.58775944894991,64.86588610789292,1019.1222778094495,1016.6727727531861,6.386588610789293,5.773177221578584,19.73235763486615,20.678307609630743,No,Yes
2013-10-01,Brisbane,14.350550919138113,21.53362715687366,1.3679154167130558,3.0668135784368302,2.1674746814025654,ENE,17.835169730460375,WNW,SE,4.0,6.501101838276226,87.00220367655244,91.1560155633298,1027.8828558700802,1025.8654913725054,6.334067892184151,7.0,17.26637284312634,18.201322205931472,No,Yes
2009-04-25,Brisbane,21.409714511249323,29.210597648635627,1.1201066845371193,2.2176627477260467,7.443479207276648,ESE,28.02649412158907,SSW,ESE,8.955843130684883,10.955843130684883,72.07948236476722,65.25610984202768,1015.9461286194355,1013.0505443063671,7.008831373863023,7.008831373863023,23.81854588511235,26.47350587841093,No,Yes
2011-02-08,Brisbane,21.714662638893245,28.409969791699336,8.519647534742916,2.6926686805533775,4.917301111145962,E,30.085045312450994,SE,ENE,7.841641493082782,15.60996979169934,79.01173211798476,71.02346423596953,1017.8645166145653,1014.3328449131818,4.926686805533773,7.231671701383443,25.76598187501961,27.295307152806092,Yes,Yes
2014-07-30,Brisbane,13.944048145716309,23.749336177775728,0.5770927096540502,6.719824483789176,7.237443742075698,ESE,34.88546354827025,SE,E,9.114536451729748,16.88546354827025,66.82819532240538,53.51541403278387,1026.8982448378918,1024.7211521282377,5.770927096540502,7.0,20.560789822948706,21.74933617777573,No,Yes
2013-01-24,Brisbane,17.846660749735868,29.527650132557234,0.0,7.910918712619843,10.745247345705343,ENE,41.55459356309922,N,NNE,7.700706702015262,13.70070670201526,53.14611313891606,54.948939946977106,1013.4066785005282,1008.4168905111328,2.299293297984737,2.299293297984737,25.477296781549605,27.267084770945026,No,Yes
2010-08-26,Brisbane,23.0,27.733152551294054,0.6077367948788591,5.835357923072684,0.9116051923182887,ESE,31.90057833342517,SE,ESE,14.292841538546309,11.900578333425166,79.60773679487886,69.45300089730168,1012.7607736794879,1010.4784526410243,7.0,8.0,24.34530008973017,26.42928415385463,No,Yes
2014-11-21,Brisbane,20.39087880525803,28.654321360340568,0.09746229779669828,7.974622977966982,10.402537702203302,ENE,32.61419659914858,N,NE,7.974622977966983,13.0,62.3604263788184,62.33504935678539,1017.4309672334753,1013.9852885938158,3.974622977966983,4.949245955933966,25.58782629601911,26.467009871357078,No,Yes
2009-12-24,Brisbane,18.393043393288586,25.608378299147468,1.692526414220931,5.93891886609831,6.615464150625793,SSE,29.846650941411205,WSW,SE,8.307990564846724,11.0,80.53866037656447,78.69459433049155,1016.5682962301469,1013.7298943431164,6.769330188282241,5.769330188282241,20.746909430945035,21.823454715472515,No,Yes
2013-04-11,Brisbane,14.947139244807712,22.753153718420382,2.0824448512088134,1.4708065216209316,2.841417734423135,ESE,23.412224256044066,WSW,ESE,6.823471967994491,9.353056064011016,84.70611212802203,66.41124771195042,1022.0122242560441,1019.1475298624451,6.823471967994491,6.176528032005509,16.92366727681322,20.60611212802203,Yes,Yes
2010-07-19,Brisbane,19.55434034634912,27.47638896725614,17.870144962350874,5.697568954649123,7.813367928208772,E,30.779513790929823,N,ENE,8.559027581859649,13.440972418140351,65.07118280861404,58.42534829977193,1013.9244796662579,1011.5142365617228,6.779513790929824,6.559027581859649,25.089756895464912,26.822048620907022,Yes,Yes
2014-11-28,Brisbane,13.605082088358682,23.150849390284595,0.037287652428850904,5.115260518424938,8.533904344639364,SSE,30.440685213567235,SSW,SE,6.440685213567236,8.440685213567235,61.54232698074084,65.03383307789487,1022.1169307922963,1018.9593005330838,2.5593147864327634,5.372876524288509,19.98305495435477,20.68305495435477,No,Yes
2014-10-16,Brisbane,19.52041552643325,26.6118337894267,27.050405588672827,2.267750684140052,2.404878078630234,ENE,27.79584473566753,S,S,5.118337894267014,4.0,78.08581737006544,83.88166210573299,1018.1334237361139,1014.7640470257638,5.66124657929974,7.220415526433246,24.347335157706805,24.1118337894267,Yes,Yes
2014-07-15,Brisbane,18.47531314791683,23.980601244000304,12.219649274333156,6.689674326166501,0.8448371630832509,SE,22.700250518333462,SE,ESE,6.64987474083327,7.700250518333461,80.30225466500114,86.20150311000076,1021.5947119039165,1019.4448371630833,7.35012525916673,8.0,21.14005010366669,20.935263044250135,Yes,Yes
2012-04-22,Brisbane,19.687649546557658,29.737258587492825,0.13882242375215129,6.168629293746415,10.252943940619623,NE,22.0,SW,E,4.0,8.884314646873207,75.57842676563396,59.694112118760756,1013.4643052487664,1009.9932265870483,5.7686292937464145,3.173528029690189,24.38931699639989,28.81990578452381,No,Yes
2014-11-16,Brisbane,20.75478236166181,23.260961835633648,7.1505642082252985,8.396077358929354,0.00308973698591887,SSW,29.598334191830542,SW,SW,2.061794739718377,5.938205260281623,89.03089736985918,89.81461578084486,1014.4660128931549,1013.7702310465913,8.0,7.969102630140811,21.742423413718136,21.251692624675893,Yes,Yes
2012-10-06,Brisbane,13.223242823007315,22.574600477897594,0.534584929168242,3.576757176992685,7.002436004437823,SE,34.186501194743975,SSW,SE,2.581070575182871,10.767571769926851,83.83785884963426,57.510783495475465,1029.6278355265401,1026.7232428230075,6.116214115036574,4.348642345109723,16.68837858849634,21.474600477897592,No,Yes
2015-05-10,Brisbane,12.349082647716383,28.248279794709944,2.656422371362761,3.9711009132780855,7.236467808922661,SW,44.55504566390426,ENE,NNW,2.5057340176335092,6.927752283195214,70.95068835372925,50.3233949730202,1013.9589449769705,1007.7551606158701,3.288990867219148,3.288990867219148,18.58176609553867,24.27717888143186,No,Yes
2011-03-26,Brisbane,18.128006975444606,26.811712007913197,0.0,7.196944693587861,4.791852516234297,SE,35.04073741882852,S,SE,6.0356452414749535,13.0,59.04073741882851,69.02036870941426,1022.5933801694405,1020.6010184354707,4.015276532060694,6.005092177353565,24.70611061282428,23.80305530641214,No,Yes
2009-11-24,Brisbane,23.591366627731794,29.69132570093661,22.66996736763959,7.069558099687795,1.4738133956291288,NE,30.173895249219488,N,NNE,3.2172667445364107,13.0,78.6092472741959,73.52209501561026,1012.7651800233608,1009.8130114485951,7.0,7.0,26.565220950156103,28.039157126170767,Yes,Yes
2012-11-14,Brisbane,17.74534387372037,22.822713286952233,48.51290483328842,2.6867643659752143,0.03962420189026587,S,33.792484037805316,SE,SSW,10.584968075610636,10.226305867681388,93.41503192438935,86.28267558414151,1014.9414204922548,1008.6678917603044,8.0,8.0,19.326471268049573,20.551063545550473,Yes,Yes
2011-12-13,Brisbane,18.85605150588059,24.21428998158468,10.659317025069457,4.51210301176118,4.592300798978592,SSE,19.274715427112273,SSW,SE,3.5164769514081824,6.241761524295908,85.64829256267365,90.58238475704093,1021.3582086046113,1018.4450270434847,7.241761524295908,7.241761524295908,22.067046097183635,21.941761524295906,Yes,Yes
2010-09-25,Brisbane,22.203979381946205,26.260795876389242,33.34259380970565,6.6,0.13920412361075846,SSE,19.863670111139324,S,SE,3.215917527784831,7.519896909731038,90.60795876389241,84.08806185416138,1014.4352247416645,1011.413632988886,8.0,8.0,24.435224741664552,24.56562267985917,Yes,Yes
2012-04-01,Brisbane,21.969091462248404,31.19240222204572,0.0,9.507533099712463,7.607856490921521,NE,28.0,N,NE,6.153895906339855,12.384416374640578,58.230520468300725,66.84545731124203,1014.146168771902,1011.1229226903464,6.07662456196087,5.230520468300725,27.984545731124204,28.300129356483623,No,Yes
2010-02-15,Brisbane,23.7476652499362,31.58174918746341,0.0,9.126333249996247,8.347333500007506,NE,41.15833124990618,NNW,NE,9.710831874934325,16.631666249981233,61.23749687485927,57.079165624953085,1014.7578336250131,1010.7841668750094,4.2633324999624715,5.447499374971853,27.736999249966228,29.82649912496059,No,Yes
2011-07-08,Brisbane,10.846643431019963,17.564853260897276,3.2768323488152453,3.297762287346643,0.8079860586119784,WSW,22.835454867753178,WSW,WNW,6.019965146529946,5.122202859183303,73.61101429591652,60.735629135103444,1018.58003485347,1015.1291571951438,8.0,7.775559428163339,12.88554200142831,17.162856746244284,No,Yes
2014-03-24,Brisbane,25.519510054801536,34.2628377244257,0.2685811377871477,5.050506936325968,6.444763522964525,W,48.23817614822624,NE,ENE,3.1190880741131153,10.552364770354755,67.77618238517738,66.67145284446788,1008.4819257985388,1005.0790540918581,6.0,6.223817614822623,29.31047295407095,30.255236477035478,No,Yes
2011-05-30,Brisbane,18.318318153258925,25.63504117265485,3.3331079224162883,3.9221846537360485,5.2054616343401205,SE,32.202514034974854,SSE,ESE,9.0,10.22184653736048,70.61092326868024,61.38907673131976,1021.1929432317969,1018.1910099815584,7.0,7.0,22.484872114467066,23.979410480126948,Yes,Yes
2010-07-09,Brisbane,13.165416234569868,26.9858798696834,0.0,3.341643830588428,8.941643830588427,W,25.256480521266376,SSW,NE,3.185879869683406,6.964699674208516,70.84942045610808,59.29178084705786,1017.5743519478734,1013.1778819804524,3.0353003257914843,3.0353003257914843,19.76282402606332,24.86376185013592,No,Yes
2013-03-21,Brisbane,15.217318958081295,19.88701723064895,25.18441379762149,3.2597413764865664,0.4619051713784077,SSE,30.70129311756717,WSW,SSE,5.160172415675623,4.839827584324378,90.8614655332428,92.54112070189156,1021.6385258678106,1019.1203448313512,7.5800862078378115,8.0,17.387017230648954,18.121215508675917,Yes,Yes
2011-12-29,Brisbane,22.898728957724938,26.01893288861708,22.328081572356854,4.290215795122694,0.0731894699182039,E,24.012710422750605,E,ESE,10.006355211375304,11.36594734959102,96.71918427643143,89.62769743903367,1012.4176618463421,1009.8634052650409,8.0,7.725539487806735,23.84510789756135,24.855527623576183,Yes,Yes
2010-06-19,Brisbane,21.840699121419494,28.114222603841263,15.831499041668867,3.2901565494784784,0.8391722044263267,E,45.3873043131519,E,ESE,21.3873043131519,19.387304313151898,70.8380870605443,62.328243610022774,1010.1700278753242,1009.0965043929025,7.877460862630381,7.0,25.83238258789114,26.12012867415418,Yes,Yes
2011-03-11,Brisbane,12.967199978705647,19.514079970187904,11.999680545135437,1.2531200085177412,0.0,SSE,19.78080076659671,SW,SSE,3.0624001703548243,5.984000638830591,93.59360025553224,90.46879991482258,1020.3641598339041,1016.8798397402089,8.0,7.734399957411294,14.920319987223388,18.90159993611694,Yes,Yes
2014-08-30,Brisbane,23.481940314868783,29.650309712536426,12.297626913119473,5.077708952769682,4.759029842565608,SSW,40.74097015743439,ENE,E,11.259029842565608,16.222910472303173,73.8704850787172,79.77708952769683,1017.609339555102,1014.1424664134112,7.0,6.870485078717196,26.972600759766745,25.55030971253643,Yes,Yes
2011-04-26,Brisbane,15.534135944746833,26.333755760393068,0.5785099846813184,9.177749615973795,10.55537250382967,ESE,31.890015361048178,SE,E,7.0,14.777496159737955,53.33755760393068,58.782565284454776,1018.3670046083145,1015.7783832565633,2.8887480798689773,3.4450076805240912,23.26687788019654,24.199746543764157,No,Yes
2010-11-03,Brisbane,15.41487436256875,22.328610655133716,89.45784993465894,12.600863484067782,0.0,E,36.51216648052729,ESE,SE,11.0,10.911302996459508,89.68956048760826,89.35478801416197,1025.3396390656574,1023.9174648147721,8.0,8.0,19.35722131026743,19.693131853717517,No,Yes
2014-06-06,Brisbane,19.420765902445087,32.48289351971053,0.0,6.965446859281459,10.551659621008005,NE,28.0,N,NE,6.86212761726545,9.551489530938197,53.58638285179635,55.2757447654691,1014.5378723827346,1009.0928512457587,1.0,1.2757447654690988,26.979234097554915,30.141531804890167,No,Yes
2009-07-06,Brisbane,19.818983420216487,27.58088663516146,0.8476128597799024,2.466677495385171,6.490435196041854,ESE,28.380967850550242,SSW,ESE,8.04758037362439,10.619032149449756,71.04758037362438,66.7143553274761,1018.8382104865993,1015.8429685239618,7.0,7.0,22.618999663294247,25.071370560436584,No,Yes
2013-09-25,Brisbane,13.831250139980968,28.98971778257512,0.06895160387219566,6.489919526428284,7.603427405808293,W,34.205644348497614,ESE,NE,6.586693864473151,7.000000000000001,56.55040236785859,50.93145188383413,1015.4381049515976,1010.0520163186839,4.3104839612780435,4.965725941917065,21.117540516747795,25.120766178702922,No,Yes
2012-04-28,Brisbane,21.418628207025378,28.02457131469543,1.8287996811472051,7.947427888172581,4.47542868530457,ENE,27.30514422365484,SE,NE,5.101714741218279,11.0,84.34742788817259,66.38971155269033,1019.0093725901065,1015.4195440642284,7.4491426293908605,4.0,22.898285258781723,27.30422836645177,Yes,Yes
2009-11-28,Brisbane,15.582741743610203,23.074043067619062,3.2267219581396125,2.208629128194898,2.6738344242303334,WSW,13.0,SW,SW,3.82602648017718,6.73903972026577,93.17397351982282,68.52192055946846,1020.1867781165228,1015.5085595803986,8.0,5.1739735198228205,16.808837771583626,22.074043067619066,Yes,Yes
2013-03-24,Brisbane,20.0915467869293,31.09998218719804,23.935358285942947,7.346474859086882,6.001385118442502,NE,26.816906426141394,NNE,ENE,4.366187147717205,14.183093573858601,66.84514317905027,64.30989176991909,1013.7239567079677,1009.6394602028646,3.2676257045655897,4.042266065353493,25.643651183795996,27.198579255953575,No,Yes
2011-07-06,Brisbane,17.32432454697019,25.306970432696048,13.000000000000002,3.388904881659107,4.3405409116169835,ENE,28.6088196190862,SW,E,2.745377034024628,13.099573687135452,83.93741004066752,73.05547559170446,1017.9601705251458,1014.631009855768,6.254622965975372,5.881934448963058,20.48961631842191,23.195163877592353,Yes,Yes
2013-09-24,Brisbane,24.748049243247937,30.78572916213636,0.14804924324793475,8.532443189231412,10.274024621623967,E,30.85729162136359,NE,NE,8.22073864871902,14.039015135041303,67.22073864871902,67.18172351367771,1016.7453788109423,1015.1194034325661,5.519507567520653,7.0,28.125975378376033,28.345482945896684,No,Yes
2012-06-15,Brisbane,12.744684022737717,18.204237874942557,10.982750362884378,0.5318958635736981,0.0,SSE,25.042378749425566,SW,SSE,4.553159772622831,9.765798863114151,98.0,82.48921897680273,1020.1043124092789,1015.3660224661232,7.276579886311415,7.0,13.614869829467123,17.36594793178685,Yes,Yes
2011-12-04,Brisbane,19.075158016019497,24.691655075704414,4.571954998535642,5.730519560417096,3.0751580160194982,SE,34.925763231417875,S,SE,6.479378675393853,11.958757350787707,80.93401176126034,80.4298874963391,1017.706695218327,1015.7513336739296,6.991751470157542,7.495875735078771,22.134643825338326,22.186705957798942,Yes,Yes
2010-11-05,Brisbane,19.791766377267532,27.029673945452235,55.601290011417035,6.2784306761385285,0.7269294045414142,NE,27.837907568184704,NNE,ENE,2.4052310795382392,13.162092431815294,84.64836972726118,72.08104621590765,1016.7027445409108,1014.9811752170493,8.0,6.756861352277056,23.140523107953825,24.575557134086004,Yes,Yes
2009-06-15,Brisbane,21.51468094596136,29.75137711337064,23.238540581895624,6.179816798050189,7.994494645264489,NE,28.440366403899624,NNE,ESE,7.0,10.559633596100378,69.69725197075283,51.0,1016.7183480837045,1014.8018351182452,5.119267192200755,5.339450394150566,26.68348703454053,28.641285512395736,No,Yes
2014-04-21,Brisbane,18.725335563531818,28.558370618170198,6.285980625668281,4.583706181702021,8.561539898221314,SW,36.46607010927677,W,NNE,6.217188654382828,7.000000000000001,63.73303505463838,53.950223709021216,1013.2488627780169,1007.720357934434,2.9004474180424245,5.049776290978787,22.89683071994889,26.10859432719142,No,Yes
2014-01-22,Brisbane,14.491357031388363,23.66851777354127,0.0,4.462964452917459,6.3172859372232795,SE,26.989701173373902,SW,E,6.0761308594903,9.761308594903001,58.8374394543933,55.91357031388361,1020.8162560545605,1018.3619345702548,2.380654297451501,7.0,18.760904687592237,21.61625605456067,No,Yes
2011-04-29,Brisbane,21.37922419917069,25.64946558198044,36.259517234380496,6.257775902312167,0.17024138280975373,SSE,16.636723945463544,S,SSE,2.0,5.702413828097538,90.89275851570737,86.04155160165863,1015.1124654804975,1012.138068937522,8.0,8.0,24.11555180462434,24.304827656195073,Yes,Yes
2011-11-20,Brisbane,17.930100760757295,26.3126282580076,0.0,4.986410275639129,6.662142910708999,NE,25.029120837916157,SW,E,2.9902930540279486,7.9902930540279495,75.50485347298603,60.51456041895808,1016.6407691730826,1012.9893131311868,6.504853472986026,5.019413891944103,21.26602568909782,25.210686868813188,No,Yes
2013-11-08,Brisbane,21.047108859831233,29.198533556683376,1.0232961072080222,6.249525101049285,3.6281285896441235,WNW,26.155307381386812,NW,WNW,4.961173154653296,4.961173154653296,70.55824026802006,81.75237449475358,1010.6422763773952,1009.3864523505931,4.40293288663324,7.0,26.703882684534676,24.84029328866333,No,Yes
2014-03-22,Brisbane,23.988611676989272,28.859240778465953,59.811760565961364,3.344056347784987,3.7924077846595177,E,48.04295089089544,ENE,NE,18.635358675554958,11.815184430680965,85.26073772272386,68.89110658408579,1010.8405634778497,1009.4742294654627,8.0,6.4075922153404825,25.43696311386381,27.933167006193568,Yes,Yes
2011-12-06,Brisbane,20.368851477330537,28.755234858068558,17.451914204449107,3.9091067045904175,4.131830028442813,E,29.577871306673657,ESE,E,5.227233238523954,7.928509374823358,83.54553352295208,73.19489545480239,1017.6739560225282,1014.8337007952682,7.1753190340748505,7.0,25.13055389214341,26.558468636440715,Yes,Yes
2014-07-12,Brisbane,20.952229613922764,25.0,15.703605147696493,6.339201326810789,0.5260953960489035,SE,33.217138118532894,E,N,10.304381584195612,8.434664455315351,80.21713811853289,72.39123683160878,1015.1956184158043,1013.3043039405457,7.652190792097807,7.652190792097807,22.904381584195615,24.060876316839124,No,Yes
2010-05-18,Brisbane,21.42908883907485,29.37490660688982,0.06439676948818727,6.562841996653565,1.4727612338582476,ESE,28.06809691535438,SSW,E,9.39008076279532,12.170242288385952,73.03404845767719,53.76166079625966,1013.8604013235235,1012.8554417049212,7.678016152559064,7.678016152559064,23.969651688189003,27.017319528937072,No,Yes
2009-03-08,Brisbane,19.658940230780217,26.9577567135899,0.0,6.1051711423932655,3.647414428803367,SE,30.565731963995788,SSE,E,13.0,10.737072144016835,62.0,73.31463927991582,1016.7163875744438,1015.3347051096363,7.0,7.434268036004209,24.501183517190324,23.996012374797058,No,Yes
2009-06-13,Brisbane,12.799457594745867,23.13351413508471,0.0,1.9874621943727269,6.606811308067768,E,32.54490464542148,SSW,NE,6.732971729830579,7.869197891185949,76.46594345966116,59.06811308067768,1013.1294148532875,1010.0016272157624,4.068113080677685,6.198915189491736,17.16648586491529,21.80681130806777,No,Yes
2009-12-24,Brisbane,13.490245942691663,24.03588995906547,0.0,5.242740027289684,6.567014030018653,SE,34.150409904486104,SSW,SE,6.878629986355158,14.514519945420634,62.5435598362619,57.907669877196426,1026.1883840436635,1022.5461650614019,4.757259972710316,6.514519945420632,19.15383493859821,21.257259972710315,No,Yes
2010-12-11,Brisbane,17.20352653828434,22.377168623767624,43.66872710195333,4.240514795678615,0.3848905589468366,SE,41.78455612964157,SSW,SE,4.405147956786144,12.215443870358431,85.81029591357229,74.92278064820785,1020.5787900422695,1018.5382752465908,8.0,7.797426021606928,19.65915077501612,20.856911225928314,Yes,Yes
2014-11-18,Brisbane,11.610205276310344,21.53661926613663,0.0,7.136619266136631,6.587330274087183,SE,30.390837157391022,SSE,SE,7.707740826707872,11.68309633068315,57.806318810806765,59.90489679490566,1029.204928899205,1027.0806318810808,3.3415481653415746,4.3661926613662985,17.146824542446975,19.158451834658425,No,Yes
2014-06-01,Brisbane,20.77930192508691,27.189650962543457,0.029883654181151614,8.133374028746601,3.0919778789204226,SSE,34.195346167246065,SE,ESE,15.0,9.298836541811516,65.0459278963403,62.28720195992667,1017.5804653832754,1015.9804653832755,7.0,7.149418270905758,26.885058172909428,26.135639902003664,No,Yes
2010-02-11,Brisbane,21.605223337792456,29.18672942009598,0.17345884019196048,6.77345884019196,7.623200424894993,SE,47.336471004799016,SE,SE,13.0,16.469176803839204,70.46917680383922,66.9289405932814,1020.0857881186563,1018.5450350775045,6.132705799040197,7.0,25.81327057990402,25.961129561727645,No,Yes
2013-07-30,Brisbane,20.383416334802096,29.675053358087055,0.0,7.708362976715035,9.941672595343007,SE,41.83345190686014,SE,ESE,14.666903813720278,18.416725953430067,52.49964427941958,45.74982213970979,1018.5874199628694,1016.2124377488984,5.708362976715035,3.8749110698548956,26.366690381372035,28.095854083700523,No,Yes
2012-11-03,Brisbane,21.959093298545703,25.1546773045093,33.65845316436485,1.9911680119271875,0.0,NE,40.41429322400078,E,E,15.37013328363672,13.696106626909375,92.32597334327266,91.32597334327265,1010.3492160685813,1007.5809707148725,8.0,8.0,23.7590932985457,24.08948263585477,Yes,Yes
2013-12-09,Brisbane,16.76216153117478,24.083172946507066,0.8655627843275758,4.0739315080062815,3.5537928074960745,ESE,23.394942923338565,SW,E,5.394942923338568,3.512642691653582,75.23539953663003,68.90758561499216,1024.8017454296441,1022.0109868681449,5.487357308346418,6.697471461669283,20.55963299284406,21.69747146166928,No,Yes
2011-12-12,Brisbane,21.17978884235955,30.619859228239697,0.0,8.78383107388764,11.359929614119851,NE,26.639718456479397,NE,NNE,5.599296141198498,12.279436912958799,56.7609854023221,51.4411261740824,1016.6720563087041,1013.6360281543521,5.040422315280901,5.080844630561803,27.81177476518352,28.783831073887637,No,Yes
2011-09-04,Brisbane,20.663693349317743,28.411137900603816,1.3729990384253365,7.847444551286073,4.511137900603818,ENE,26.0,ENE,ENE,7.144165865354447,12.237222756430368,68.62777243569631,60.81388621784815,1016.1390549679265,1013.377193830105,6.237222756430368,7.0,25.553471554462043,27.287415624960783,No,Yes
2011-10-10,Brisbane,14.51168846616756,23.88587347430027,0.0,8.215213181522792,6.321468368575066,SE,27.505433279115284,NW,NE,7.269016476903489,5.236416802211794,53.95653376707774,69.0325996746917,1017.1108665582307,1014.9668431652574,2.989133441769435,6.752716639557641,21.13750345803485,20.224463588158173,No,Yes
2011-02-04,Brisbane,20.630371321001775,28.315860510529305,7.384927326124329,3.993025526465369,9.001349700056839,E,36.04836936824156,SSE,E,8.20697447353463,10.268840842344588,73.73115915765541,80.51068768355238,1013.588976426295,1011.941394894707,6.524184684120779,5.0,25.847581531587927,25.053768168468924,Yes,Yes
2011-08-25,Brisbane,21.995303392640853,33.021306138798394,0.0,7.376174151839786,11.602176897997321,NE,24.000000000000004,NW,NE,4.238258481602143,9.0,61.595646204005355,55.54868013041392,1011.8122557354446,1008.6837332799253,1.1191292408010716,1.0,27.852348303679577,31.926002746157536,No,Yes
2010-03-08,Brisbane,23.26698293034401,33.05669246092234,0.0,6.774368705549047,10.040972119480246,ENE,28.0,E,NE,6.615530583235696,16.23106116647139,58.384469416764304,44.89709530578338,1011.4794190611566,1008.2075755334114,4.256312944509536,2.871843527745232,29.072033285951633,31.533586344275214,No,Yes
2014-12-30,Brisbane,21.694709781075588,22.614623641517284,52.7189690030863,4.729806520717058,0.0,SE,29.766021735723527,SE,SW,2.1462364151727957,5.941505433930882,94.94150543393087,94.79526901875809,1012.563225547311,1010.0778491888283,8.0,7.970752716965441,22.33273124902051,21.956129075448157,Yes,Yes
2013-02-27,Brisbane,19.714151322684472,30.812286901581338,3.762358187801128,7.460031926750764,6.9335937024849565,NE,33.432350755082865,N,E,8.651633501129524,13.348366498870474,58.14151322684474,78.78071725395334,1015.5174183249435,1011.0135298489836,2.2192827460466615,6.477450251694288,25.581960201355432,25.057386398192758,No,Yes
2010-02-19,Brisbane,22.45874655661153,26.819582185537175,10.030958939787562,5.038157549409713,0.6123835759150246,E,38.484520530106224,E,E,13.25773973494689,15.25773973494689,86.39164371074352,85.36068477095597,1013.4206644361866,1012.1629247012397,7.871130132526555,7.871130132526555,24.11958218553718,23.29020890723141,Yes,Yes
2013-04-27,Brisbane,20.304820906499682,25.864345489463116,22.872982726041002,5.007499187888396,0.23458319798139932,SE,26.670237708518286,E,NW,9.670237708518284,6.0,88.96250406055802,85.62738520629888,1015.4973217186113,1013.197857374889,7.335118854259142,7.335118854259142,22.669166395962797,23.20267828138871,No,Yes
2014-12-01,Brisbane,23.19220990754993,29.563964035695736,0.6668785336418199,9.302596697483358,4.423052476887483,ENE,25.487016512583217,NNW,NE,5.4870165125832155,9.512983487416783,65.18176882383497,64.82140918079232,1013.6720719286086,1009.8233702773503,7.256491743708392,6.230524768874823,25.710068989470702,27.428245871854198,No,Yes
2009-06-03,Brisbane,19.73025223908889,25.19810025987923,30.884035825422256,2.6288633347091728,0.08392401039516918,S,33.23164114346861,SE,SSW,12.035440623710151,5.678480207903384,88.42784166322706,75.41139844072462,1012.3198754698464,1008.7021551579913,7.839240103951692,8.0,21.596455937628985,24.460504478177782,No,Yes
2013-11-26,Brisbane,18.507565871245344,25.37139554953818,18.322461340266994,4.526714262709562,1.9919615818165952,SSE,22.728131903523753,WSW,SE,4.364065951761876,6.9101648794046895,80.63593404823811,80.6312085788575,1019.1375879625214,1017.4735220107594,6.817967024119062,7.453901072357187,22.343499919483467,22.580851608535777,No,Yes
2012-02-14,Brisbane,20.15035974661268,27.18393291102113,13.623023783211357,4.764987849140838,0.7050364525774836,SE,26.182255686549354,SE,ESE,7.175060754295807,10.342926576338064,91.16067088978873,88.62829369464774,1018.2534759575351,1016.7366893753309,8.0,7.832134177957742,21.819664555105643,22.988249870373256,Yes,Yes
2014-04-26,Brisbane,16.62688384153901,29.95376768307802,0.0,6.82688384153901,8.819416107778173,NE,35.955193597434985,W,NE,7.4775967987174905,11.985064532478328,52.44772586367415,60.49253226623917,1014.4312968494003,1008.2074339175632,5.0,5.029870935043345,25.134351575299846,27.137338668804183,No,Yes
2013-01-22,Brisbane,23.2038315230301,25.321073376665552,54.34967382870013,2.0,0.0,E,69.76372274647716,E,E,21.955298897982164,23.9425271545485,91.97445651313267,96.9808423848495,1003.328097835554,999.0536413224214,8.0,8.0,24.20510869737347,23.702554348686732,Yes,Yes
2011-09-20,Brisbane,19.4601877063023,26.301853386444876,3.472234718194005,4.9944398406653665,4.5240703472052965,SE,34.148152532699655,SSE,SSE,12.148152532699651,13.574076266349824,60.00926693222439,63.01853386444878,1014.0888796813308,1011.9444339215208,6.287038133174913,7.287038133174913,25.559261013079862,24.90185338644488,No,Yes
2011-04-09,Brisbane,21.425390377563613,28.840312302050894,6.124272350943172,5.020936906152672,5.9959900122230705,E,43.318488428630204,ESE,ESE,17.467707673502968,14.532292326497029,63.51224238761239,68.59687697949109,1011.3536727162837,1009.5536727162837,5.850780755127227,6.233853836751484,26.5935415347006,26.389088063289655,Yes,Yes
2009-04-17,Brisbane,19.40535740304643,26.607238785243684,14.325318199200384,4.456441465917729,3.692474471210969,E,30.05644146591773,NW,ENE,6.94355853408227,13.075255287890304,89.52965445068558,67.16932439775319,1023.259183078751,1020.5118617802743,7.924744712109694,7.018813821972577,21.26744301555593,24.913169675380807,No,Yes
2013-06-24,Brisbane,12.594549178386666,18.784538937823335,3.240040962253319,3.3272541080666733,0.9263627054033337,W,19.78642414878331,SW,WSW,5.840932364916658,6.368186472983331,74.04559418949995,69.78196713546662,1018.2699692783101,1015.0858760418184,7.0,7.368186472983331,14.615906763508335,17.916352464840003,No,Yes
2010-05-06,Brisbane,22.82990179053208,28.775489310766815,4.9323535540845125,8.34019641893584,3.1730375472143835,ENE,43.76471405446016,ENE,E,10.48039283787168,15.44117851361504,77.2990179053208,67.74019641893584,1012.4666643512364,1010.358821486385,7.2205892568075205,7.74019641893584,26.50784286485133,27.479410743192474,Yes,Yes
2013-01-16,Brisbane,10.96916464078241,22.346397718760155,0.0,4.468011406199222,7.434005703099611,S,23.804034218597668,SW,S,7.0,9.0,59.025937265904275,56.587897344207,1024.8939486721035,1022.0207498127235,2.097982890701166,6.268011406199223,16.461383461011128,20.256196007830273,No,Yes
2010-08-20,Brisbane,20.400073101420723,27.690021930426216,10.368304101910207,5.601980993630612,6.91790204409623,ESE,29.779897658010988,NE,E,5.3800438608524335,12.840058481136579,83.36023392454632,62.20029240568289,1017.2739546771191,1014.3899488290056,7.460014620284144,3.4600146202841446,23.330007310142072,26.45803362665353,No,Yes
2014-10-03,Brisbane,24.047752632241824,31.50186085563603,0.0,8.932092762909315,6.173489803998774,NE,22.0,N,NE,6.220154604848857,9.0,59.45891776605801,58.76123683879085,1011.2496134878778,1008.4615516459384,6.220154604848856,6.779845395151144,27.989922697575572,29.449613487877855,No,Yes
2015-01-08,Brisbane,21.22465934153661,29.23816640790601,0.35720774446921666,6.092110938604009,6.824205130252095,ENE,20.176787027096545,WNW,NE,2.213961277653917,7.641883832961752,81.00454211284516,63.25113552821129,1014.2367200392729,1009.4827755085748,6.786038722346083,6.35811616703825,24.295374152375235,28.327922555307836,No,Yes
2014-11-22,Brisbane,22.586766516997567,28.706252565746553,1.9786725465052728,9.504411161000812,4.271691629249392,ENE,24.477944194995946,NW,NE,4.477944194995945,10.522055805004056,79.30878127005678,70.37130692752231,1015.3874948685069,1011.6397004490074,7.761027902502028,4.7169162924939165,24.54963582424534,27.680513951251015,No,Yes
2014-08-04,Brisbane,20.668907159413784,29.496353447721052,0.10825331573522207,7.042226789853446,9.79539323654372,E,33.78886605073277,ESE,E,9.0,15.165066314704438,62.0,52.174668426477794,1014.3575789177162,1011.9823388649218,4.45873342132389,5.0,26.76794694823645,28.099999999999998,No,Yes
2015-01-27,Brisbane,16.955668815050082,27.814960019294972,0.0,3.325984007717989,10.448267215821879,E,20.14803198456402,SW,NE,4.111023988423016,10.814960019294974,73.14803198456403,58.0,1024.1003920520964,1020.0670064451502,3.0,2.185039980705027,22.88535362238217,25.937164816979582,No,Yes
2012-10-20,Brisbane,20.50512329962321,27.59487670037679,9.121187652851093,7.280392570560147,4.485515870183358,E,43.34187216603869,E,ESE,12.760593826425549,13.68374433207737,85.31625566792263,68.76059382642553,1018.0496527728209,1016.2787166898015,6.683744332077373,5.658127833961314,22.641872166038688,25.47862103245416,Yes,Yes
2011-02-01,Brisbane,18.614329349612476,26.963262189313394,22.034454576857804,6.27347562137321,6.509907984772507,ESE,31.16310946566974,NE,E,3.265243786267896,11.734756213732105,78.93902485492842,59.980184030454986,1018.0019815969545,1015.7060975145072,7.3673781068660515,4.469512427464208,23.1,24.995884082447347,No,Yes
2011-04-20,Brisbane,14.765090388510933,22.839859472449913,0.22718875779599304,3.1767269256739548,6.6291465995309675,SSE,28.611747050409843,SSE,SE,4.475803261429877,6.339859472449913,76.38825294959015,85.98042158265027,1028.041706800938,1025.894126474795,5.0,6.72811242204007,18.973845419694907,19.62626509355192,No,Yes
2015-10-09,Brisbane,19.96401556478509,27.15104280315899,0.8974902720093207,7.328031129570174,4.112336579117046,N,24.410038911962722,NW,NNE,4.307529183972038,4.512548639953397,77.61717897630759,77.12972761626098,1013.1460233471777,1007.2920466943551,6.589961088037283,6.7949805440186415,23.2433015583506,24.425309340743144,No,Yes
2014-11-13,Brisbane,24.199131159156643,30.318397033407386,0.11298872297438808,7.337228487236452,3.764509194450263,NE,30.188314538290644,NNE,NNE,6.188314538290648,6.439400589344842,72.12119882131032,77.36794066814772,1012.4197002946726,1010.5506516306325,6.874456974472903,7.623370923418706,28.249348369367482,27.69372284872365,No,Yes
2013-09-16,Brisbane,23.01396574474309,30.777005755964225,25.91945079377558,9.373302821876422,4.540045767185369,W,43.203314614333344,NE,NE,5.439428611504066,8.06365716690244,71.36959988778861,74.30594272088618,1009.9694057279113,1006.074537133239,6.624228555398373,7.3121142776991865,27.408217183734145,28.1024686227252,Yes,Yes
2014-11-27,Brisbane,21.39297764536897,27.692977645368963,0.4070223546310314,8.24373611533759,3.63040735223707,ESE,20.881881768367236,ESE,SSE,5.728651763579313,4.610533531946547,70.56025235941895,78.43974764058105,1016.5919380028728,1015.7223453551098,7.0,7.0,26.15554793850087,23.489705116773965,No,Yes
2012-09-23,Brisbane,19.890289070084048,26.71067449686277,16.32053594767431,5.601927133893632,2.8154923315968525,SSE,24.708672102521344,WSW,SE,5.504817834734081,7.504817834734082,80.99999999999999,84.69903643305318,1016.9864348022967,1015.2650858085713,7.0,7.398072866106368,23.548554649579774,23.189325503137226,Yes,Yes
2010-05-31,Brisbane,19.287161386155088,27.941247430477727,1.7509674681283105,6.192214898606043,10.120623715238867,SSE,43.957204620516976,S,SE,9.540860443226409,19.957204620516972,64.2101070249019,49.16731164541887,1021.6758707213155,1019.305053512451,2.7081720886452816,3.2918279113547184,24.670430221613202,26.5661506836649,No,Yes
2011-06-13,Brisbane,14.412444218090599,22.526940240587507,0.18652987970624563,3.040410360881263,6.54714542102814,SE,28.471454210281404,SSW,SE,3.8652987970624566,6.336753007343859,77.53880481175017,84.91213135446807,1028.3808207217626,1026.2336753007344,5.067350601468772,6.797948195593685,18.472033857209336,19.46837650367193,No,Yes
2011-05-01,Brisbane,22.658217046017626,27.80751932212339,12.168838545144371,7.0122477486698385,1.106123874334919,ENE,47.49302276105764,ENE,E,10.164340920352547,15.328681840705093,81.84961355753218,78.02790895576943,1010.4910852300882,1008.5075193221234,8.0,8.0,25.631472736282042,25.655426150440682,Yes,Yes
2012-04-15,Brisbane,15.165411694304703,23.391766113905913,0.0,3.8931742177505386,3.1414140879447574,W,37.0,N,SW,5.96235082914113,10.458830569529567,68.72941528476478,79.65411694304704,1013.0150596683435,1008.642118139867,6.345883056952957,7.0,19.942118139867066,16.540710036022443,No,Yes
2010-12-07,Brisbane,15.97842948070684,24.395422411162613,0.35163379289300917,3.985619653804559,7.220260516241793,SSE,31.41176034009271,SSE,SE,6.65359137562766,7.895422411162615,73.58823965990729,81.31373276651216,1026.8594789675165,1024.494119829954,5.0,5.483662071069908,20.68496465227888,21.119605514716113,No,Yes
2010-04-08,Brisbane,22.06798057633124,32.34053535604373,0.0,7.909780881150031,11.813722610143754,NE,29.908515932374975,NW,NNE,8.908515932374973,12.817031864749948,54.67980576331241,54.86277389856246,1008.6201942366876,1004.3476394569751,1.0914840676250257,3.091484067625026,27.71372261014376,30.854257966187486,No,Yes
2010-12-07,Brisbane,18.049621178466683,28.398235900927634,0.0,6.4972294449219,11.179848471386673,ENE,27.486147224609507,ENE,NE,4.642315969238118,10.743073612304753,61.0,51.5138527753905,1013.4193938855467,1010.9423159692382,5.614610418457129,2.1284631938476237,25.15969694277335,27.385389581542874,No,Yes
2014-12-24,Brisbane,20.421950741783977,28.987486401714587,11.87656542396424,7.984093381506438,8.848887124311164,E,30.07953309246781,NW,ESE,8.867444845886984,11.15906618493562,81.54931247601576,47.768819893855486,1019.9481452071852,1017.417073887324,5.946977938354793,1.1855772157582214,22.69883273116952,28.42311801061445,No,Yes
2011-02-11,Brisbane,23.529237340985517,32.779441909442625,1.3307130078000955,4.89418470797135,7.015970209271367,SE,28.404587881286012,WSW,ENE,4.466832170714628,11.0,76.28009930242878,60.31122144714308,1011.8786236356143,1007.8809175762573,4.093366434142926,3.0933664341429257,26.419900697571226,30.576329694971186,Yes,Yes
2014-03-15,Brisbane,18.772458371723353,25.97343324284316,0.0,9.150208900954246,4.200835603816981,SSE,31.748259158714625,S,ESE,13.497910990457548,7.748259158714623,60.49512564440095,62.25452618734198,1017.8001392673028,1016.2001392673029,5.748259158714624,7.0,25.172597639026183,24.19707538664057,No,Yes
2014-04-03,Brisbane,18.815413567111705,28.145499807242338,1.9138102717126098,6.921948255921621,7.456103488156757,ESE,34.349568799346834,SE,ESE,11.0,14.999999999999998,65.56905135856304,45.04068992104506,1021.0106036809144,1018.9545001927577,5.0,6.869913759869368,23.84956879934684,26.64143081513783,No,Yes
2014-04-17,Brisbane,15.341541721116872,23.97025249465552,0.0,6.351652639185805,6.4452371653966924,ESE,28.54957917557413,SE,ESE,10.033052783716089,12.340895155219247,61.55994649363249,59.01036731805835,1023.6189900213778,1020.760726825449,5.483473608141955,6.483473608141955,20.950420824425866,22.060336659540692,No,Yes
2011-01-29,Brisbane,23.333615325561233,31.118863175685956,3.424586916458801,4.580330466832959,10.221321867331834,SSW,33.098347665835206,E,ENE,7.147521498752808,13.049173832917601,70.34421683042322,70.8524785012472,1007.5622736486281,1005.822934582294,5.9754130835411985,6.9262392506235955,29.279524109351872,28.660660933665913,Yes,Yes
2010-05-22,Brisbane,15.3132741309174,25.8110617757645,0.11946717825658518,1.8132741309173983,7.422123551528997,WNW,29.778764484710024,SW,N,2.0442471030579945,4.0442471030579945,74.84513513929701,66.64602317553604,1017.0314169902601,1012.9181428593427,5.9557528969420055,5.933629345413008,20.028760616987697,23.546459458210894,No,Yes
2013-01-05,Brisbane,17.906383358727158,24.635827446386973,0.0,4.31194248212899,4.741661314897247,NE,26.058338685102754,W,ENE,3.294440876598165,8.294440876598166,71.79306715105596,62.64722043829909,1018.7612556193579,1015.0259776631877,6.676389780850458,7.0,20.48596481894119,23.271105402557062,No,Yes
2011-03-07,Brisbane,19.134070428786004,26.288643190404667,3.4227136191906684,5.218170895352535,5.587537547225662,ESE,35.97728638080933,SSE,SE,11.090854476762676,14.022713619190666,76.76120662069269,69.29527704947868,1020.2341305043471,1018.4364018662661,7.0,6.022713619190668,22.593185914242802,24.026150699849797,Yes,Yes
2012-09-09,Brisbane,21.182144422603635,27.14234447876571,3.3897926383542902,4.121429615069089,5.469892666435331,SE,33.09692610273248,ESE,ESE,11.62244450684676,12.474481595885724,81.47448159588572,70.05103680822855,1014.0,1011.1362259061654,5.688777746576621,4.918370328768827,24.43112222534234,25.906118572600526,No,Yes
2012-01-20,Brisbane,20.913227054498215,29.14338647275089,1.8368868156822695,5.823432020823086,3.588739470310395,ENE,19.75056935090242,WNW,ENE,6.316704623393495,6.117160104115432,71.24943064909758,61.36659075321301,1015.2850341610541,1011.5167046233936,5.733181506426021,5.733181506426021,24.90672739742959,27.963340924678697,No,Yes
2014-04-10,Brisbane,21.936395683391172,31.57672867399956,0.22163891744930067,7.651152449333041,8.484923261246067,ENE,23.90492977014423,WNW,NE,2.8918054127534965,9.67541623826049,71.51472422145105,60.878681055362755,1012.1354032204641,1008.1609794451307,6.108194587246503,4.32458376173951,26.49836759144887,29.683610825506992,No,Yes
2013-12-21,Brisbane,14.324837330484328,15.706925330368827,5.883519995379991,3.349231998382997,0.0,WNW,16.557146661661655,SSW,SSW,4.0,3.4527466674366685,90.63186666859167,88.90549333487333,1019.3621973339494,1017.0263733337183,7.7263733337183345,8.0,14.916375996881493,15.370111997227996,Yes,Yes
2010-12-21,Brisbane,17.801150199936917,23.1,0.02933009839134663,7.983897200883183,0.0,SE,23.994249000315424,SE,SW,7.0,4.0,75.0517589971612,88.0,1016.6135148492588,1015.5109268994006,7.002875499842289,7.997124500157711,22.094249000315422,20.599712450015776,No,Yes
2010-08-17,Brisbane,21.35541472498102,28.876870818273098,0.0,3.8295274791056104,5.223129181726899,E,28.295274791056105,E,NE,8.147637395528053,13.852362604471946,74.11417562683167,70.24508213801154,1016.557675926137,1014.7362198328449,7.0,7.0,25.463780167155114,26.29330764626073,No,Yes
2011-07-20,Brisbane,21.521519014349472,28.28610290705057,18.762563767925098,5.224993287586831,1.6701319900197993,SSE,35.93051453525286,ENE,SE,8.097225951340649,6.0,82.00700224578007,91.1944519026813,1012.3437651029296,1009.672932888332,6.548612975670324,7.0,24.953460848411023,23.91874496569012,No,Yes
2013-10-16,Brisbane,13.28897677284419,18.88356863443501,1.3453667483416845,4.418119105958346,0.8363761788083308,SW,15.781604960258376,SW,SW,5.345504715233323,2.6544952847666767,71.43610024502506,70.76334788740839,1020.3546332516584,1019.0018946907308,7.163623821191669,8.0,15.208990569533354,16.79993101655418,No,Yes
2014-10-28,Brisbane,20.969585572125403,29.815814113625486,1.430657187749873,6.50283798550031,4.782318940375304,E,31.41038090250014,S,E,9.974047743749647,8.641523610000567,65.33252413374909,66.71695277999886,1015.0561239242496,1012.8254667364998,5.79480954874993,6.1792381949997175,26.628547481875394,27.279966474625546,No,Yes
2013-09-10,Brisbane,18.17294200961002,29.119783122500763,5.861263554843703,6.068411128907443,10.563050448359638,ENE,26.630504483596372,W,E,5.468411128907443,12.243140032033397,64.36949551640363,59.08104667734447,1015.7162093354689,1012.0468411128909,2.387364451562977,2.387364451562977,25.050414899922615,27.579259783828533,Yes,Yes
2011-05-08,Brisbane,23.393537239075968,29.264997516873056,0.13246176767325624,6.890922542095735,2.8831524326815865,W,47.116921548844964,N,SSW,7.0,5.558460774422479,68.09077457904264,89.66230883836629,1008.1649235353465,1005.4960779545296,6.441539225577521,7.220769612788761,27.01953624582519,23.567612213853288,No,Yes
2011-11-25,Brisbane,15.67300019579327,24.634095163507325,13.545522616117214,5.971618562797619,3.649428627369506,WNW,41.59952222453067,WSW,W,12.093808498225732,8.752856863152472,93.24714313684754,47.31809672985348,1011.8471431368475,1006.278952809833,8.0,7.0,15.847143136847528,23.6,Yes,Yes
2010-09-12,Brisbane,14.163900139585056,21.87510125626552,9.64230795634827,2.439001395850574,4.417004187551721,E,26.0,SW,E,5.360998604149427,10.278002791701146,84.5560055834023,76.33198324979311,1025.1738530010787,1021.8697032104564,6.680499302074713,6.360998604149426,17.87925104688793,19.55850209377586,Yes,Yes
2010-10-27,Brisbane,18.930713921402468,27.505187471392848,13.000000000000002,4.741653828549449,7.017856535670785,ENE,30.581578499967947,SW,E,3.3090224285622702,16.199623357092484,76.32819721440936,66.29173085725276,1016.720150657163,1013.8982708428691,5.690977571437729,5.036466357156595,23.279661021383237,25.308834107108513,Yes,Yes
2013-02-26,Brisbane,10.94769001339248,22.219778580994625,0.0,6.453480946003581,7.898829040603939,SE,29.912816688987466,SSW,SE,6.27325952699821,12.093038107992838,55.27911432397851,52.459335742983875,1028.1255695136058,1025.2703321285082,3.546519053996419,4.093038107992838,16.42966787149194,20.04651905399642,No,Yes
2013-03-28,Brisbane,18.218195180326514,22.426295343375614,35.450207356659604,4.265604493575287,0.11792745059901498,SE,26.24568218874795,S,SSE,2.2456821887479483,4.147409313248769,95.75431781125206,91.01727124500822,1017.4748963216701,1014.1191191156448,7.9017271245008205,8.0,20.037849755426354,20.811554412050736,Yes,Yes
2013-09-01,Brisbane,16.50483839356237,20.739281539042153,2.5468263246572995,4.683385253698881,0.619337356301691,W,17.265868376713502,NW,WNW,2.7552894589045014,7.057405242466301,90.77037903013478,95.48942108219099,1020.5117763527387,1017.5398721475332,7.5468263246572995,7.8489421082190995,18.33354101479552,18.627193664110123,No,Yes
2014-05-18,Brisbane,21.21880176125112,27.413533039791474,2.611259915204031,6.972933920417041,3.2300616764551533,E,31.920969178105356,E,ESE,12.24431718853138,11.108986790616582,72.75929517289235,66.89462557080714,1016.0973656392702,1014.1514977984361,7.0,7.0,24.367303962815022,24.74023788323207,No,Yes
2012-01-24,Brisbane,22.427865073106155,29.353401392435753,0.5661695521005593,7.566169552100559,6.159366767229045,ESE,28.50745671849161,N,NNE,8.887231840335197,9.225536319329604,55.1127681596648,69.21062288234639,1014.0578754235306,1010.9338304478995,5.830847760502797,6.7744636806703955,27.446271640754198,26.143615920167594,No,Yes
2011-11-10,Brisbane,23.116054536614776,26.013536438774405,35.460434348168825,3.091291024007918,0.08394546338522446,E,56.9884531752902,E,E,18.222454147664898,20.222454147664898,91.16054536614777,94.06190878151715,1006.9096549255646,1003.9947550714209,8.0,8.0,24.241972731692613,23.49013634153694,Yes,Yes
2015-04-06,Brisbane,18.22425469308112,21.578358483737468,55.40475708486098,3.90606367327028,0.0,S,31.91557784299226,SE,SSW,6.469681633648598,10.469681633648598,95.0,95.0,1015.428777143554,1009.6084422157007,8.0,8.0,19.526633235511614,19.126633235511616,Yes,Yes
2012-08-13,Brisbane,17.189141287741382,25.444604146961883,11.56618755911435,3.944604146961883,3.4638824663507215,SW,21.37353837759074,N,NE,4.783160785739559,6.397594397962794,78.91546889778587,78.30103528556263,1016.7819244816297,1012.8855328846855,6.204811204074412,7.204811204074412,21.636151036740475,22.96989647144374,No,Yes
2012-06-17,Brisbane,14.027555774796621,20.50982033550122,5.132331687985478,2.7290582428184043,1.0145962486900792,E,21.45156959530266,SSE,E,2.54843040469734,9.0,96.08049358355932,79.98363277416463,1024.5563455084916,1021.2015024680218,7.0,7.72578479765133,17.517869693857154,19.063026653387418,Yes,Yes
2015-09-18,Brisbane,17.163148590307607,25.68718211836786,0.0,6.396795529591966,5.844862585712481,SE,39.0,S,SE,10.935910591839312,12.935910591839312,59.03204470408034,61.12817881632138,1031.9343083566353,1029.1551374142875,5.919888239799141,6.967955295919657,23.264750825511623,23.558341884695555,No,Yes
2011-03-05,Brisbane,14.604667003157525,24.287068618313622,0.0,5.419737640416274,8.809868820208138,ESE,26.865338044205302,SSE,E,5.228002018945129,13.818668012630084,61.222653880014185,60.315993943164614,1020.9942633690562,1017.3673309778973,3.590665993684957,4.181331987369914,20.028536832838224,22.214535823365658,No,Yes
2014-12-07,Brisbane,22.691676177659843,28.271707531405315,0.8940992036791343,8.818757133244883,2.1105900796320864,ENE,29.835091240470476,ESE,E,6.682297611037403,12.046892833112208,66.6822976110374,76.25869442575394,1009.85416191117,1008.2329817519059,8.0,7.894099203679135,27.102266257291934,26.050527372141143,No,Yes
2011-07-23,Brisbane,20.913313219351505,27.503177037024763,0.30801815764356555,4.956127103504958,2.7909228300148468,S,32.83963684712869,SSW,E,4.689863817673259,12.83963684712869,79.0105901234159,76.24054472930696,1014.8717094777029,1012.201664083594,7.0,7.770045394108914,25.121331376995073,24.52723150995546,No,Yes
2011-06-03,Brisbane,18.47868952959749,26.472075872137957,0.0,3.4688303488551835,2.17366798105585,NE,39.295162367799335,N,NNE,6.213104704025084,11.426209408050168,69.29516236779934,76.52480121547325,1012.7195957505905,1006.870422457773,6.7213717758495,7.786895295974917,22.89014081925769,23.536007283345484,No,Yes
2013-01-23,Brisbane,21.966123443596604,29.587917301615757,1.3494435978456545,9.375092733692393,6.196515656941985,SE,26.404743077498647,S,SE,4.062268165769023,7.249072663076092,72.9688659171155,71.37731834230976,1012.9047430774987,1010.314083302364,5.875463668461954,6.906597751346466,26.194144118192668,26.528391609365627,Yes,Yes
2013-03-12,Brisbane,17.120332412819867,24.52583341268794,0.20899990477446895,3.1933326984964596,3.4538341744921905,W,39.43833222236881,NE,SW,5.044999523872344,12.471668729886504,74.4383322223688,83.5283312701135,1012.1628340792666,1008.5775002380639,7.3483331746241145,7.3483331746241145,21.131499666710642,19.250500523740417,No,Yes
2012-06-23,Brisbane,13.94761059056465,19.22091575315911,8.01035785004198,1.5685263437237613,0.0,SSE,18.31673709351385,SW,SSE,2.0,3.474105374895044,93.1055790311713,89.1573682813812,1025.0852634372377,1022.1852634372375,8.0,7.631473656276238,15.47908424684089,18.74721048441436,Yes,Yes
2011-09-28,Brisbane,18.991486599871713,26.796537374759453,0.05425670006414517,7.810101549775491,3.1,ENE,26.271283500320727,ENE,ENE,6.4069252504810885,13.271283500320724,62.62770100192436,57.678208750801815,1016.1409788509942,1013.5444414762347,7.0,6.864358249839637,24.545743299935857,25.71861494990378,No,Yes
2013-07-14,Brisbane,24.49819764542792,29.850876654758757,0.4214320746467543,7.178567925353245,7.561592692082139,E,29.419629720074674,SE,ENE,10.892839626766229,10.785679253532457,74.6875306531591,73.80370279925329,1012.124135606505,1010.3294936251666,5.5803702799253285,5.107160373233771,28.019629720074672,28.65087665475876,No,Yes
2015-04-19,Brisbane,13.562213517634921,20.179516430213194,6.171244661012747,3.425445257668222,5.32506385353097,SE,28.477098581279176,SSW,SE,6.904580283744165,9.063613144170555,75.31806572085277,69.38167886502333,1030.2342244210192,1026.5882955935645,7.031806572085278,7.031806572085278,16.74949088880081,19.066793801379085,Yes,Yes
2010-06-29,Brisbane,15.133945928265618,21.7122342018203,3.028948968593758,3.7628948968593754,2.85249847983593,SE,25.257897937187515,SSE,ESE,6.556576547109364,7.000000000000001,72.25789793718752,76.03159174875006,1025.9103964170233,1022.0475015201641,7.0,7.814474484296879,19.637105103140627,19.819471443968737,Yes,Yes
2011-06-24,Brisbane,20.438782412373865,27.716840473369174,0.3474492671822443,6.6,1.34004368685277,ESE,31.182391488399503,SSE,SE,7.0,7.445145152488282,84.92731820662394,85.0076803823132,1015.5561161219907,1013.9247392899463,7.080362175689276,7.343115839778054,22.382528889391374,23.745282553480152,No,Yes
2012-09-19,Brisbane,12.181911015228906,21.26808377664991,0.3574450355332132,3.2234031472082587,6.828727725887793,E,28.670209441624774,SW,ESE,4.4468062944165165,11.65958111675045,73.55319370558348,70.24465979695691,1028.8212774822334,1025.579785350254,3.0,3.893612588833033,16.104251329949733,18.988298426395875,No,Yes
2011-07-01,Brisbane,23.662553106786433,27.844042087325374,24.37986368995316,2.0,0.0,E,41.47589174817008,E,E,16.603547087491638,17.06170339820353,88.9163126214238,94.68723446606785,1006.692056116434,1005.4757434950101,8.0,8.0,24.816737475715243,24.008368737857623,Yes,Yes
2011-02-03,Brisbane,20.636131487798707,28.315521677188308,7.406612659948082,3.976083859415562,8.994911866577914,E,36.068699368701324,SSE,E,8.223916140584437,10.241734175064897,73.7582658249351,80.58523101857153,1013.5913482596818,1011.9447832281169,6.534349684350663,5.0,25.84656503156494,25.04834683501298,Yes,Yes
2012-08-17,Brisbane,19.9805119954715,27.4345664126798,8.20142071667559,5.812518430793804,1.8640128706446089,SSE,24.955904036228002,SE,ESE,6.716928027171004,10.911808072456006,86.26457578263198,82.52915156526394,1019.622047981886,1017.8352767710177,6.3271679366009925,7.044095963771996,22.236416031699502,23.494880045285008,Yes,Yes
2014-05-23,Brisbane,20.56262203216314,28.60097625730513,9.670850906453188,5.555369415178228,8.852440643262831,E,32.11157646205443,ESE,ESE,9.990237426948676,13.242678070211507,70.24267807021151,62.22315292410885,1017.5058575438308,1015.5179914473415,5.878660964894246,4.373779678368584,26.413110160815712,26.979637222199383,Yes,Yes
2010-07-17,Brisbane,15.378746926609432,25.865622438841193,0.7087223394848929,1.8787469266094325,7.531244877682387,WNW,28.687551223176122,SW,N,2.262489755364775,4.262489755364775,74.08128585622329,64.9000819570818,1016.6931408791846,1012.5143939525752,5.737510244635224,5.6062653669528375,20.170618340987104,23.775614243133017,No,Yes
2012-04-24,Brisbane,20.758547123084256,27.864221202559616,4.40650523589825,3.8455366512877527,6.869064125612112,SE,36.869895282034996,ESE,ESE,13.0,14.934947641017496,83.83736910254373,65.78062830779005,1014.0813154487281,1010.8138416282194,5.097578538473756,4.130104717965008,24.532526179491253,27.018684551271868,Yes,Yes
2015-04-15,Brisbane,14.192084784781565,21.4,1.1683391391262747,0.7899651652423516,4.102119619539216,ENE,29.89186986941962,WSW,SE,4.0,12.445934934709808,85.0791521521843,77.58304304368626,1028.1,1025.110813013058,6.920847847815687,7.0,17.676254354344707,19.257526126068235,No,Yes
2013-05-22,Brisbane,19.231557107288943,25.838236855672356,35.88153056085891,10.410068679012902,2.3432711951788048,ENE,26.51694465314745,ESE,SSE,7.91674842739631,6.683447798354835,77.0503433950645,83.45014716931335,1019.8485017604364,1018.880156980601,7.383349685479262,7.383349685479262,23.848207421809686,22.128266289535027,No,Yes
2011-05-03,Brisbane,17.505624046776298,24.37662100331435,0.0,3.1800837123381767,2.174459665561882,ENE,19.796537290976175,SW,E,4.0,9.0,74.40692541804765,60.66232876242883,1017.8926445987117,1014.0536834114189,7.0,7.0,20.029433026702502,22.89696727421674,No,Yes
2011-01-19,Brisbane,21.17760612364729,29.814671769706074,0.0,5.570215064252309,3.4928296387727906,ESE,28.073910593949797,SSW,E,7.629343539412149,14.1108658909247,72.07391059394979,52.29674586663805,1013.6558743417978,1012.4446774036215,5.1108658909247,5.5923882424372495,24.71108658909247,27.955432945462345,No,Yes
2010-09-19,Brisbane,15.659806252009055,20.847499354348887,1.0088504250765924,3.318460346490253,0.35307672441504223,SSE,16.765383622075213,SW,SSE,3.765383622075211,6.413459055188028,59.3404029916086,46.86540944811971,1020.7821157322737,1018.6765383622076,8.0,8.0,16.765383622075213,20.270960992141365,No,Yes
2015-04-19,Brisbane,18.811032241599854,25.699405464951838,0.02503715844051009,5.57466557403541,1.088373223351987,E,21.624442623392348,SW,ENE,4.250371584405101,7.000000000000001,71.9970273247592,62.7481420779745,1023.3125185792202,1020.0746655740353,7.0,7.0,22.29895956366572,24.32429398963031,No,Yes
2010-05-09,Brisbane,20.7309219765785,24.8994785053014,14.524797751227123,5.054121815951869,0.0,SSE,36.28347930843457,S,SSE,10.912348733976629,11.541218159518685,88.45878184048132,87.88660827662618,1015.8030955404337,1014.5969044595664,8.0,8.0,21.913913218072427,21.722678344674765,Yes,Yes
2010-08-30,Brisbane,23.45575528408043,28.556969410510053,8.859350397528166,3.290917684698388,0.5163670738793552,E,33.860611789798924,E,E,15.0,15.860611789798924,79.82418799691023,88.40602336630698,1009.5072847585777,1008.174550610819,8.0,8.0,25.387275305409517,24.874550610819036,No,Yes
2013-07-20,Brisbane,18.418478292569024,29.237743675188547,5.318740655919191,6.998425819898989,9.977586257178451,ENE,30.0,WNW,ENE,6.799475273299663,14.197901093198652,66.41416762090908,59.79947527329966,1018.4466640290942,1014.9471887557946,3.60157418010101,3.802098906801347,24.57627444042761,27.257796147858585,Yes,Yes
2013-12-07,Brisbane,18.976464730876025,24.905451097729618,21.262150566559566,5.633621813034252,2.725624185550167,SE,29.373918201121555,SE,ESE,9.949567280448623,11.915945467414367,80.39072910763868,72.16810906517125,1015.8617925283389,1013.8042276204062,7.491594546741437,7.508405453258563,22.42562418555017,23.24788618979691,Yes,Yes
2013-08-07,Brisbane,15.658617752553665,19.290722221091233,2.8330567636046515,4.418310386055457,0.012841787415026817,W,15.449462559525939,NW,WNW,2.2568357483005363,6.0,93.33056763604651,95.58740338434703,1022.0019045901341,1019.4046388894544,7.935791062924866,7.935791062924866,17.05493115816637,18.081567028063507,No,Yes
2012-02-09,Brisbane,19.2360571961712,28.065577121531522,12.373646503333795,5.578702766508956,7.459039850720634,SE,38.163942803828796,SE,ESE,10.672114392342404,16.999999999999996,71.86874355022563,55.01634317702721,1015.7344739818242,1013.436108299527,6.254085794256804,6.418028598085601,25.005745663637363,27.09836568229728,No,Yes
2011-10-23,Brisbane,16.88193231826802,26.401234296937492,0.0,5.506363064836547,6.950308574234372,SE,26.537986808870194,NW,NE,3.8829538310456835,7.655032977824511,61.69610552903844,63.22792085322118,1015.1759736177404,1011.9677591074976,4.924026382259609,6.268993404435098,23.362630339598557,24.77146199831008,No,Yes
2014-03-15,Brisbane,14.167551413249656,22.75707092076463,0.3190236402548753,5.273653661656689,4.972936766622903,E,30.165827408920634,SSW,ESE,5.595118201274376,6.202440899362812,72.64393618853062,65.76094561019501,1027.8012204496815,1025.8178031905734,5.392677301911565,5.987795503185941,19.02340188433288,21.89389775159297,No,Yes
2013-06-28,Brisbane,12.851710432861141,16.56544357662863,6.8757558546738435,1.2345067424930032,0.551710432861141,WSW,23.344570616146395,SW,WNW,7.44819020538213,6.068914123229279,92.68963804107644,90.0,1015.8690631658644,1012.6794251247879,7.310361958923574,8.0,13.803420865722282,15.468914123229279,Yes,Yes
2012-08-14,Brisbane,20.175358581419022,24.39030186582638,0.6373082087145215,5.450767165141913,1.0895597018363976,E,26.903018658263793,S,SE,7.0,6.0,75.64176119265441,89.82088059632721,1016.5306287328046,1014.6104903004675,7.455220149081801,7.455220149081801,22.891786193806343,20.77387425343906,No,Yes
2012-11-05,Brisbane,18.95694064554969,29.649968321604835,0.0,5.404648215963241,8.822079025825392,E,36.91865622064329,SSE,E,6.965138380275698,19.918656220643296,55.0,51.127825938989105,1010.9837312441288,1010.6825691901379,2.0,6.988379460091899,27.046482159632408,25.558102699540505,No,Yes
2015-03-05,Brisbane,19.127669586422986,21.06092527027796,13.556764815758353,6.197148714175236,0.07244688779455888,SW,25.058190458670733,SSW,SSW,4.144893775589117,2.0,85.62350913190339,84.62350913190338,1018.439074729722,1016.5680534848398,7.0,8.0,20.300116474217543,20.259499627365575,No,Yes
2011-09-30,Brisbane,21.97474548948468,28.47576353154596,0.0,6.298981957938717,1.8447197151114185,W,43.26971648189413,E,NE,6.0,7.822519330779945,67.3549613384401,62.82251933077995,1009.5914755143455,1006.4802158489555,6.392493556406685,4.822519330779945,26.446755799233987,27.046755799233985,No,Yes
2011-05-21,Brisbane,13.199999999999998,23.239969417358562,0.7679021355473976,1.4,5.828085631396028,E,22.080244661131506,SW,NE,4.600305826414383,6.479938834717124,84.19908252075686,63.27932718188836,1016.283339414945,1012.975467862039,3.9598776694342472,7.0,17.587963300830275,21.652006116528288,No,Yes
2011-01-24,Brisbane,16.89989725940348,26.41992191714664,0.0,5.800020548119304,9.359960958573323,SE,41.799856163164876,S,SE,8.599917807522784,14.199732874449051,61.0,60.60043151050537,1024.7801602753307,1022.920178768638,1.7999589037613926,4.200041096238607,22.819911643086993,23.599866437224527,No,Yes
2009-10-17,Brisbane,24.18749877361279,33.362506131936044,0.0,6.9166650314837215,9.200009811097672,ENE,28.0,E,NE,6.12501226387209,15.25002452774418,60.333300629674426,48.95826383805815,1011.2125012263873,1007.7250024527743,4.87498773612791,4.166650314837213,29.350004905548836,31.529176068968606,No,Yes
2013-09-08,Brisbane,22.179927544506167,28.550967395027776,3.783010868324075,7.494981886126543,6.015054341620372,E,26.135126797114207,N,ENE,7.610036227746915,11.610036227746916,73.20465583640431,60.864873202885796,1015.8579202989567,1013.4189239217316,7.0,7.0,24.713512679711425,27.494981886126542,Yes,Yes
2011-08-10,Brisbane,21.42919949245421,29.122330472410855,0.6559510411243182,6.844660944821704,6.571412493491818,N,30.098164042161933,N,NNE,9.0,10.398776028107955,55.839265616864765,68.32146876627046,1014.4175471304,1010.8860122397189,5.300611985946023,6.160734383135227,26.790795581729835,25.962208075221646,No,Yes
2015-06-14,Brisbane,15.291791384450688,22.023880791114678,3.53955296668005,2.7835827689013795,4.066044703331995,ESE,23.981341099959852,W,SE,4.0,9.8805960444266,90.45895692225345,68.98134109995985,1027.0861937144387,1023.5962682199921,7.77985098889335,7.0,16.84216391221732,20.80373178000803,Yes,Yes
2009-06-09,Brisbane,17.011885647604508,21.48319953323155,55.13410346211079,2.5445336445123004,0.04358070788319286,E,36.7226682225615,ESE,ESE,8.920762349303287,16.484955270471353,91.04914819163943,65.0,1019.5534103462111,1015.1168004667684,7.960381174651642,7.960381174651642,17.370360948997934,21.06735200309221,Yes,Yes
2012-08-11,Brisbane,15.845419452321924,27.580506947257827,0.9610138945156579,2.477972210968684,8.33499098882119,S,19.402534736289144,SW,NE,5.441520841773486,4.961013894515658,66.55847915822652,60.48050694725784,1017.1727097261609,1013.0805069472578,2.038986105484342,5.558479158226513,22.157115283967226,25.52855764198361,No,Yes
2014-10-07,Brisbane,19.936409231943628,31.348800232801842,0.06295810705090492,7.31605585726546,10.256261055241895,SSE,32.685209464745476,E,N,6.314790535254525,12.37041892949095,63.15423196259992,65.04297517412706,1008.7666229634582,1004.4653576414473,1.6295810705090492,2.629581070509049,26.779013964316366,29.107460822440043,No,Yes
2011-05-19,Brisbane,15.747157555518847,25.69306366338403,3.9413659175148577,2.991133117382703,6.310225079312637,NE,29.210225079312636,SW,NNE,4.484090031725055,11.0,75.52842444481153,63.031819936549894,1022.4820527366821,1018.0578482350958,6.515909968274945,7.0,20.426814145935253,23.53636012690022,No,Yes
2009-03-23,Brisbane,20.698666259326714,26.416004888079424,0.005334962693141415,9.767990223841151,0.012003666059568173,SE,34.97332518653429,SE,SE,18.946650373068586,16.946650373068586,59.09336184712998,79.09336184712997,1016.0319792256624,1013.5439828917221,7.0,8.0,25.702667481346573,23.587996333940435,No,Yes
2009-07-19,Brisbane,16.343508022777275,23.929764708425004,1.6849910858030264,3.6284991085803027,4.129258468487125,SE,22.569982171606053,SSE,ESE,8.572513371295459,7.000000000000001,69.56998217160606,65.27992868642421,1024.4992406400931,1020.770741531513,7.0,7.142495542901513,19.771500891419695,21.701012479875764,Yes,Yes
2011-08-29,Brisbane,17.952557247061883,23.55189013913269,12.82357114683125,5.706893448601592,4.443662474672729,SE,36.99555261380542,SSW,S,6.498888153451356,11.993328920708135,81.02890801026473,69.5100066189378,1016.69177233554,1016.9443295826019,6.004447386194576,7.0,20.198221045522168,21.40111184654864,Yes,Yes
2010-10-18,Brisbane,16.734438510704287,25.299856538749655,0.12363114686362382,5.283573762363486,5.397983580817705,SE,31.090778671590595,S,ESE,5.909221328409404,11.472622937272476,60.618155734318115,74.63545070113418,1020.5129672442733,1018.8165696988868,5.145532797045643,7.0,23.108934405908716,19.58184426568188,No,Yes
2010-11-20,Brisbane,15.242957964652923,24.232218473489695,0.0,3.3355630530206124,4.81408407069415,SE,35.132044617073355,SW,E,6.702464970544104,16.024649705441036,65.72711467598515,63.42957964652925,1020.1272885324014,1018.0487675147278,5.5123248527205195,7.0,19.26197197643528,20.927288532401487,No,Yes
2013-01-05,Brisbane,18.62473776467748,28.49087578715812,0.4403513165130859,6.21649184311832,5.942278549085879,N,21.20175658256543,NW,NE,4.0,5.678946050460743,72.60526974769628,68.24737764677481,1015.4743839440398,1010.3257867059675,5.321053949539258,7.0,23.707367630276444,25.7587703922042,No,Yes
2012-06-15,Brisbane,12.806502236869102,20.382075118321143,0.01954169483836732,2.40586250845151,5.953099932387918,SE,26.10747932161102,WNW,SE,6.029312542257551,11.07816677935347,78.90229152580817,61.03908338967674,1023.6612539666476,1020.3905665089052,6.009770847419183,5.0195416948383675,15.026043931707468,18.97621260986963,No,Yes
2013-06-29,Brisbane,15.852243437279107,24.882827960576698,0.39175356989279025,4.326461308243991,2.721998503585947,SE,29.34707738351202,WSW,ENE,4.0,12.347077383512016,73.97938392473198,57.97938392473197,1022.978680675623,1018.7113268064473,6.020616075268024,5.694154767024033,19.35842825985951,23.289012783157112,No,Yes
2013-10-01,Brisbane,21.449592601477192,25.90217856286128,1.061034384553635,5.392915342646115,3.1348743179993757,SE,29.163478775690482,ESE,ENE,9.893730139691732,7.3760184963070206,73.0,86.03542328676943,1015.4468650698459,1013.8057208915382,7.517711643384711,7.035423286769423,24.151771164338474,22.526974863599875,No,Yes
2009-07-06,Brisbane,20.17907984923035,28.266946348375182,61.82424834258731,2.0284528977765666,6.597907051966883,E,29.82426700171033,ESE,E,6.736400502565499,14.209201507696498,83.2635994974345,67.7907984923035,1017.6891204020524,1014.897907051967,6.087866499144833,5.175732998289667,24.83179974871725,26.943933249572414,Yes,Yes
2013-08-13,Brisbane,18.32987461375816,24.414310375669903,0.07012538624183616,5.966363798986752,1.8948119206372456,E,30.649373068790823,S,SE,7.0,6.350626931209181,73.40250772483672,84.84435761911737,1020.6103761587256,1019.0987461375817,7.350626931209181,7.0,21.984435761911737,20.94669271426479,No,Yes
2013-12-26,Brisbane,24.26796891208633,33.687890777361154,0.0,9.360937616702161,9.053515647692087,SSE,30.767578238460434,SW,E,6.0332031087913665,14.867187564834532,64.53124974066186,64.0,1012.2888670464849,1010.1390623832979,5.867187564834534,3.9667968912086335,29.921484559778424,30.20781264263597,No,Yes
2010-05-01,Brisbane,22.81926945654345,28.531431398862008,4.773268534422208,4.842843005689958,1.5536032371975934,E,35.31431398862008,E,E,14.842843005689957,16.999999999999996,70.1786774573253,80.84284300568996,1012.5129122778092,1009.8836329252487,7.9214215028449795,7.9214215028449795,25.986436346870523,25.93928924857751,No,Yes
2012-06-12,Brisbane,14.47938465524032,23.9969232762016,0.0,3.7267687923564887,6.976307931441916,SE,25.206153447596805,SW,E,6.396923276201596,9.793846552403192,66.73231207643511,58.572309485814365,1020.8206153447596,1017.883999740938,2.0,5.412306895193616,18.77938465524032,21.7,No,Yes
2013-08-22,Brisbane,16.33425651260046,20.491662679581314,2.6018527378708187,4.6246904129377935,0.5441345915765475,W,16.990736310645904,NW,WNW,2.663578770215302,6.929010278301423,91.2839588867943,95.6728424595694,1020.7410530744618,1017.8021647171843,7.601852737870819,7.86728424595694,18.098761651751172,18.50246712749281,No,Yes
2011-12-24,Brisbane,17.937605379875556,29.78367156269854,1.248589866175428,3.297377455215325,10.343245915173846,W,28.837704241307794,S,ENE,4.837704241307791,12.135081696523116,68.9727859378309,58.54032678609246,1013.854329262906,1009.7759027897768,2.7026225447846746,2.0,24.561999174395503,28.76472058061242,No,Yes
2012-08-04,Brisbane,14.207391080243111,22.37892993827453,0.0,2.358963055552922,1.9168229321019847,SSE,23.20518472223539,SW,SSE,5.378929938274532,4.931605092588202,75.68394907411796,69.95752870376516,1024.4231108333413,1022.4231108333412,7.310535030862734,8.0,16.17264203703528,19.84842802469019,No,Yes
2010-08-16,Brisbane,19.31700783454368,34.960117339821814,1.4410560583963492,6.48035201946545,9.338415912405475,WSW,81.03520194654497,NNW,NNW,11.205280291981746,17.80645369019991,55.80058669910908,30.38415912405476,1009.1398826601782,1002.6985332522273,1.8005866991090829,5.803520194654498,27.25835724249457,33.80058669910908,No,Yes
2014-01-23,Brisbane,14.459669462661418,24.53920370550251,0.0,1.6001502442448101,7.519714535934862,SSE,17.20165268669291,WSW,SSW,4.40030048848962,5.401051709713671,85.39879804604152,49.00225366367216,1022.0403305373386,1018.2604206838855,6.79984975575519,2.6004507327344304,16.65966946266142,23.939053461257696,No,Yes
2014-12-06,Brisbane,21.94926567596684,29.700489549355442,0.0,6.001958197421767,9.000979098710884,SE,43.0,SE,ESE,10.339860658072558,17.334965164518138,63.15279610159581,53.990209012891164,1011.3063641416207,1009.6891263340394,6.0,2.16748258225907,26.766503483548192,27.966993032903627,No,Yes
2012-09-23,Brisbane,18.690864319331197,29.38040753529776,0.2509628168025606,5.23269145546496,9.0091356806688,E,35.640618075652796,SSE,E,7.2091356806688,19.058889436990395,55.3137035210032,52.150246243678396,1011.1568517605017,1010.6790864319331,2.2091356806688003,7.0,26.780407535297766,25.489543215966563,No,Yes
2013-04-14,Brisbane,18.33672334753564,25.38215124771818,0.5817116007301812,6.800293097992002,2.145281351186545,E,33.545720998174545,SSW,ESE,4.727139500912727,10.81858149726182,70.72713950091273,76.72640675593273,1024.5723475776012,1022.4449882531944,5.545720998174547,7.0,21.700293097992002,20.954791923311458,No,Yes
2011-02-04,Brisbane,14.960722324758084,24.39209222216486,3.8149689230292663,1.930361162379042,5.993100957192589,W,20.0,SSW,N,4.587048547026198,6.0,74.16400974377508,58.33810683782746,1013.9706475726487,1009.769638837621,5.174097094052396,4.467621367565494,19.68561649567796,22.987633965733423,No,Yes
2013-12-08,Brisbane,18.286289878627684,33.27257975725537,0.0,8.486289878627689,10.01787602345333,NE,33.18951686895385,W,NE,6.094758434476927,11.063172289651286,49.2211030137795,60.031586144825646,1010.1905925323958,1005.5800410255061,5.0,6.873655420697432,27.25470373380205,29.44206927587179,No,Yes
2012-04-02,Brisbane,21.017075920116795,27.774287341152135,0.5617273477462139,6.651030203005047,1.1952865159437804,SSE,30.191363261268926,ENE,ESE,8.808636738731071,7.382726522537862,72.29833470868058,89.150155141067,1013.2555461297159,1012.1131526654419,6.617273477462139,7.617273477462139,26.61275755075127,23.620999174791645,No,Yes
2015-08-08,Brisbane,13.400000000000002,23.28440861490456,0.0,5.402509122124405,8.667383784630577,SSE,30.740143581742636,SSW,SSE,6.948028716348527,8.740143581742638,59.403224658589764,61.19533952398387,1020.9806449317181,1017.6534047288299,2.259856418257362,5.155913850954417,20.066129223568375,20.92724020288794,No,Yes
2010-07-23,Brisbane,9.426555391735505,22.928332982290367,0.43303706824085636,2.1265553917355042,5.344851516410794,SW,17.128332982290367,SSW,NE,2.917407329397859,6.293518323494647,79.90851937662354,64.28463037072034,1019.6862779064935,1016.1147409435656,4.789074347107493,4.247778011806423,15.053110783471007,21.63201821818176,No,Yes
2012-08-28,Brisbane,21.063423636156415,24.412551012815314,29.30805766133116,2.298254753317801,0.0,NE,37.59933142792016,E,E,14.090605194509164,12.672484155607332,92.58187896109817,91.58187896109817,1012.1149648315773,1008.8221129613262,8.0,8.0,22.863423636156416,23.296175220595682,Yes,Yes
2011-03-15,Brisbane,20.803220417390268,27.612898804012527,28.600042836128654,2.335480278260177,0.232255577257046,SE,26.64515438126957,SW,SE,2.258061752507829,7.774185257523487,92.32259860869911,75.41938247492172,1009.1419211130406,1005.5806303759169,7.870969123746086,7.870969123746086,22.683867927758612,25.97741424213948,Yes,Yes
2011-06-02,Brisbane,20.98493903531647,31.25634772852971,0.0,8.085913067867573,10.999443409970798,NE,30.857739203602716,NNW,NE,7.570434660662138,13.571826135735144,53.28452159279456,54.428173864264856,1010.4729393157936,1006.1729393157935,1.0,3.0,26.870852103184045,29.613391194595923,No,Yes
2012-06-23,Brisbane,13.549113076660312,20.008594651739376,4.874124517562708,2.6379263003162503,0.7336060926417702,E,21.603456166139583,SSE,E,2.3965438338604166,9.0,96.61209658148854,80.81900891376772,1024.9284676070422,1021.5888132236558,7.0,7.801728083069792,17.06980430988823,18.630149926502185,Yes,Yes
2013-08-16,Brisbane,16.87890038508561,21.712845404339895,40.58529114303093,3.060549807457194,0.0,S,29.266047882029135,SE,SSW,8.321099614914386,9.944948267114745,94.32109961491437,92.62384865220035,1018.5917457894254,1012.8266118869195,8.0,7.660549807457194,18.646790423594172,18.51835057762842,Yes,Yes
2012-04-29,Brisbane,19.251832283881622,29.544447534123954,0.0740699545013951,5.548139909002791,8.244475341239538,E,37.0,SE,E,7.370349772506976,19.074125568732562,57.222098635041846,52.851748862534876,1012.5739865331547,1011.8851192720224,2.185174886253488,7.0,26.64816771611838,25.83331479525628,No,Yes
2011-12-16,Brisbane,19.77653977800797,26.65250532409257,31.46007225364411,3.8884134469848304,0.296424931623298,SE,27.76252662046285,E,SE,8.83977030723065,6.0,93.51643976207507,92.6795406144613,1015.3510697442841,1012.9030008364533,6.919885153615325,7.0,22.68870056294652,22.91631008523862,No,Yes
2015-01-20,Brisbane,23.668444996818156,30.210518334393942,0.0,7.631706649696845,9.483995028636576,E,30.10518334393947,ESE,E,9.210366687878945,13.210366687878945,61.05334990454475,62.36889993636317,1008.2574717228792,1005.6836917356064,4.579266624242111,5.105183343939473,28.542073337575786,27.94222498409079,No,Yes
2014-02-15,Brisbane,11.592833138538364,21.899887979845694,0.0,3.276147801845978,5.545128742230318,W,26.856662770767247,WSW,S,7.6427771284612085,9.190369504614946,69.07166861461637,66.54871257769682,1017.3405375348464,1013.9643897330005,3.2620381192313186,7.4524076238462635,17.088017890845833,19.416573316538077,No,Yes
2011-06-14,Brisbane,16.036643638397567,21.63664363839757,2.3249742019024837,2.2038898121650274,0.347134237071262,E,35.750257980975164,NE,NNE,4.0,4.365404460075013,89.80757323954994,93.91351115018753,1020.21535286388,1016.9086488849813,7.0,8.0,19.471239178322552,19.84810669011252,No,Yes
2010-09-28,Brisbane,19.76675440167438,28.0523182845183,17.658797288716876,5.4092731380732,7.049605192465291,SE,39.7139097071098,SE,ESE,13.0,19.2615914225915,76.1443611715608,56.1198623012621,1013.4874873598275,1011.2542417615019,4.8337720083718985,5.1907268619268,24.261854627614643,26.671390970710977,Yes,Yes
2011-03-05,Brisbane,20.49596490689946,29.616744981222585,0.0,4.99798245344973,7.904909144890772,E,29.28715539039305,E,NE,8.28715539039305,14.425689219213899,65.07935464716178,56.22797620873398,1016.3842637920526,1013.1773371006116,5.930733085589575,5.574310780786099,26.095964906899464,27.63059836410467,No,Yes
2012-12-04,Brisbane,21.942079201719167,28.599834944221385,0.10528053218722265,4.336633613753328,4.272937115949426,SSE,41.94719467812777,SE,ESE,12.158415965616678,13.841584034383319,68.63201330468057,69.16006652340283,1013.6321783604591,1012.0795380943656,6.526402660936113,5.15841596561668,26.800000000000004,26.47871281547249,No,Yes
2013-08-29,Brisbane,19.961046286946804,26.16317904351066,10.905030521382697,5.703098678170141,4.5311065609521926,SE,38.04748473930865,SSE,ESE,8.194768565265996,10.584305695797987,72.80523143473401,64.29456765191469,1016.0501004566758,1014.0527161740428,7.268410478244668,7.0,23.672675991372397,24.875291708739397,Yes,Yes
2013-08-14,Brisbane,13.630594883198832,18.642832836478362,9.910167755616019,0.7510220107816463,0.7591850089847052,WSW,26.775550269541156,SW,WNW,8.428590125785872,6.755110053908231,93.16325996406118,88.69392028751057,1014.1571409874214,1010.6653039856245,7.08162998203059,7.91837001796941,14.85508387780801,17.183647827493658,Yes,Yes
2010-07-24,Brisbane,17.355154998422645,18.38365479475565,8.406873331230194,1.787929583201887,0.26554916955848074,SSE,20.327745847792404,WNW,ESE,6.784577091877329,4.422464587933947,85.0,85.03436665615098,1017.2145847852914,1013.594802914432,7.939647916009436,7.879295832018872,18.075859166403777,17.30519708556792,Yes,Yes
2011-07-12,Brisbane,18.90385360827407,23.76755622091364,4.818539302335063,3.1837781104568204,1.314281965837542,WNW,28.494206468020295,NNW,W,4.741309702030439,14.505793531979705,85.82241914974634,73.44785821218264,1012.3845593277666,1008.3362973873603,7.258690297969561,7.0,21.74632201670045,20.48493681685276,No,Yes
2013-04-26,Brisbane,16.02535914465649,24.620227659943406,0.095726808067913,2.438178720452753,4.454413195400102,W,38.11681276079232,NE,SW,4.478634040339565,14.925919158528549,73.11681276079231,81.07408084147146,1013.0501400034681,1008.8606829798302,7.159544680113188,7.159544680113188,20.735043828237693,19.873502555626477,No,Yes
2012-11-26,Brisbane,20.80257314672624,30.171783566592204,0.0,8.55385972008936,10.828172343117386,NE,26.897515033854585,N,NNE,4.384649300223394,11.256432866815597,58.7435671331844,54.89751503385458,1016.8,1013.7256432866816,5.487134266368807,7.0,27.261535069977665,27.97688576975427,No,Yes
2012-03-24,Brisbane,20.728820981037064,23.64951972794085,7.298515240454258,5.356157202528392,0.0,W,22.0,WNW,SSE,4.438427974716088,5.123144050567823,84.71179018962933,91.21921398735805,1016.890393006321,1015.2,8.0,8.0,22.62611356965931,20.282270772187697,Yes,Yes
2013-01-28,Brisbane,20.485519153491477,28.09034610232765,11.650364586078615,2.8386155906893897,7.566211358146784,E,38.90346102327653,ESE,ESE,15.096538976723474,16.95173051163826,73.87932627909565,75.58970934892523,1014.6279141441586,1012.8158467720682,4.072404232542606,5.048269488361737,26.063797883728704,24.63620211627131,Yes,Yes
2011-08-11,Brisbane,15.77806653366754,22.829924650877295,0.2652416832915573,3.9454456920217633,3.4363370760652896,ESE,31.673791583542215,WNW,NE,5.010687375313321,7.705853709482174,80.56691783040901,81.92518837280676,1021.8978625249373,1018.5251396789264,6.315521041144466,6.652416832915573,19.359339279929078,20.85399559227242,No,Yes
2012-07-18,Brisbane,23.16357641686226,25.60960045667079,46.29542304459532,2.4735065807906182,0.03642358313773986,E,64.35434461365033,E,E,20.36093875880171,22.360938758801705,91.63576416862261,95.72517459017908,1004.8662140749228,1001.1672031966955,8.0,8.0,24.21821179156887,23.60894104215565,Yes,Yes
2011-01-03,Brisbane,15.230050151431143,20.666959703573884,0.9253265685730919,4.104723582858051,3.847638208570975,ESE,36.57939701428496,SSE,SE,10.261808957145124,13.42060298571504,76.94422090000529,70.15452239286282,1027.8240202942807,1026.0450504435664,7.0,7.0,17.640778807859373,19.762236120715837,No,Yes
2015-01-17,Brisbane,20.63412922244991,27.81671367144816,0.0,8.249157106101928,5.647753346994743,SSE,35.047753346994746,SE,ESE,15.0,11.047753346994742,59.22190885701226,56.269662204007,1017.6658707775501,1016.3730337795993,5.976123326502629,5.6348311020035045,26.763483110200355,26.98258444899825,No,Yes
2012-03-07,Brisbane,20.796030576196905,29.348376144807826,5.7870091584626,4.807938847606189,6.851623855192175,ENE,31.512629984828024,SE,ENE,10.003608567093723,15.996391432906277,71.48376144807824,54.462110045515914,1018.6054128506406,1016.0079388476062,4.501804283546861,7.0,25.546211004551594,27.99819571645314,Yes,Yes
2013-02-11,Brisbane,19.600518412468396,29.556054767562156,0.0,6.377508971312683,9.266436261125158,SE,37.221454203750525,S,ENE,6.776817754688157,12.553635509376312,63.22318224531185,51.778545796249475,1019.166090652813,1015.9214542037505,4.110727101875263,5.555363550937631,26.02231822453119,28.53373654303097,No,Yes
2010-04-17,Brisbane,22.265037688246053,29.54927715476438,1.154713953874303,6.01775608780102,6.7280798221727744,ENE,35.34962311753943,ENE,ENE,16.19201778272264,13.876807113089056,74.52718399554962,69.1576053348168,1014.4793525312564,1012.0670332425655,6.438403556544528,7.0,26.52463857738219,27.758155198664888,No,Yes
2010-08-02,Brisbane,21.857317888003053,31.071545258668703,0.0,9.325854310402441,11.58577262933435,NE,27.543090517337404,NE,NNE,7.857726293343506,14.086181034674805,53.599183189319085,47.82763793065039,1016.4913818965325,1013.5456909482663,3.685364223993896,2.3707284479877924,28.534472413869924,29.325854310402445,No,Yes
2012-06-10,Brisbane,13.210998251829773,18.999633391605673,5.201466433577304,1.6014664335773034,0.3989001748170226,SSW,29.952340908737643,SSW,SW,6.989001748170225,10.974337412397194,79.04032692337583,82.0073321678865,1012.8021996503659,1009.7996333916057,7.0036660839432585,7.9963339160567415,15.903299475548932,15.603666083943256,Yes,Yes
2015-01-19,Brisbane,21.81264204847333,29.373138459321048,0.0,5.544544956722922,8.72437948644035,SSE,42.672311107908186,SSE,ESE,8.92437948644035,16.79834529717426,66.0,56.0,1010.5091781246349,1008.9738885516405,5.8991726485871325,2.1260341892660843,26.510121364688008,27.668097091750404,No,Yes
2010-04-08,Brisbane,16.544772019557143,23.388892666420414,0.5202605490775495,5.980390823616325,4.490195411808162,SE,30.65032568634694,SSE,E,7.147068822877568,9.09804588191838,78.25814215867342,72.40521098155098,1025.1362701767532,1022.8013027453878,5.699348627306126,7.349674313653063,20.728762391881638,21.193794960516332,No,Yes
2013-10-28,Brisbane,14.120411794163772,24.18050330397794,0.0,5.119725470557487,7.799313676393717,SE,30.199542450929144,SSW,SSE,2.9977122546457258,10.60091509814171,68.40594813792111,58.39908490185829,1027.183706147474,1023.8637519023811,4.401372647212565,3.3990849018582905,19.339450941114976,21.5603202843496,No,Yes
2013-05-07,Brisbane,21.623840230298097,31.515703284839322,0.0,9.4325477818351,12.004068472729386,NE,28.63954351513742,NW,NNE,7.639543515137417,10.279087030274834,50.238402302980965,52.95931527270612,1013.061597697019,1009.1697346424778,2.3604564848625826,4.360456484862583,27.90406847272939,30.219771757568704,No,Yes
2012-02-06,Brisbane,18.287715863345856,28.329957136162513,0.18556031820416483,4.826723818449977,9.333943659347895,E,30.0,SW,E,4.216595226937527,13.14439681795835,69.0,64.7112063640833,1016.6165952269374,1013.8093753860397,1.2887936359167034,3.2165952269375273,24.73717697706044,25.966056340652106,No,Yes
2011-02-07,Brisbane,21.763216997353034,27.68160849867652,0.1938694995588388,3.377784512793675,0.3042185074997406,SSE,40.754779982353554,SE,ESE,15.0,10.938694995588389,70.78543248455937,80.32564495147226,1016.9245220017646,1015.3245220017646,7.0,7.969347497794194,26.803065250220584,25.233717752426386,No,Yes
2012-05-26,Brisbane,20.751536577702243,27.422695133446634,9.495974881713058,5.87234160135963,3.695036734806267,E,41.77304866553364,E,ESE,17.77304866553364,14.999999999999998,84.0,78.22695133446635,1015.1631221351462,1013.4342806908905,7.257682888511214,6.484634222977572,23.22576828885112,24.17304866553364,Yes,Yes
2013-04-22,Brisbane,19.850918016803845,29.797180312477774,0.0,6.247672139435043,9.15514754808718,SE,36.85049182695726,S,ENE,6.313114783696581,11.626229567393162,63.68688521630342,52.149508173042726,1018.887868870218,1015.5504918269572,3.9252459134786326,5.462622956739317,26.068688521630346,28.728491790847436,No,Yes
2011-02-09,Brisbane,17.541362527041905,24.53357177325604,0.9473090021633521,4.683854012980112,1.5682725054083806,E,30.36545010816761,S,ENE,3.7365450108167613,10.341362527041904,72.89800488101562,50.84418492428267,1021.4473090021634,1019.620399023797,8.0,7.86827250540838,22.64618004326704,24.254535276501063,No,Yes
2013-12-27,Brisbane,16.382533418612475,28.20970248837878,0.0,6.818264744186953,8.13584534883154,S,30.63812581397276,W,E,5.4543381395326165,10.544521627896772,61.90981651163584,47.272830930233695,1015.2893853255648,1011.3530838837049,4.818492790701076,3.091323720934768,22.600570116285308,26.609816511635838,No,Yes
2012-12-17,Brisbane,19.25729347880002,28.56604565336004,0.0,4.320421740640053,7.554903263080077,ESE,24.970826084799924,SSW,E,4.0,10.485413042399964,71.2864673940001,58.257293478800015,1016.33634456236,1013.7275923877999,3.029173915200076,3.0,24.50291739152001,27.14615108852005,No,Yes
2009-08-31,Brisbane,24.227648000334423,33.16175999832788,0.0,6.97019733377923,8.878815997324619,ENE,28.0,E,NE,5.7235199966557735,14.447039993311547,61.403946675584606,51.23338668561728,1011.1723519996656,1007.6447039993311,5.276480003344226,4.701973337792301,29.18940799866231,31.221365330769427,No,Yes
2010-06-10,Brisbane,20.187520467951938,26.41776445006465,0.0,7.27674799403757,1.4534959880751406,W,30.34593499254696,N,NNW,4.691869985093926,8.383739970187852,61.46504011924859,61.46504011924859,1012.5296749627347,1009.7567074664613,7.345934992546963,7.345934992546963,24.37560995528178,25.383739970187847,No,Yes
2010-07-22,Brisbane,21.559286803584687,28.246610845135415,0.0,6.822623257790761,3.793662020775364,SE,40.031689896123176,S,SE,10.402728659107781,13.0,64.03168989612317,71.51584494806158,1021.78235039188,1020.725792247403,5.886883711046192,6.628961237015397,25.454753484418475,24.177376742209237,No,Yes
2010-12-08,Brisbane,20.879004258351298,28.2790042583513,8.370358952966539,3.2,8.60366659714125,E,36.88884607362452,SSE,E,8.913546946152405,9.04940174505577,75.0,83.60478603955384,1013.8062137518699,1012.193863315606,7.0,5.037051308791827,25.780239301977698,24.80864530538476,Yes,Yes
2010-04-28,Brisbane,21.80373794061004,29.751868970305015,9.207475881220084,2.776480442214923,6.476207463683717,ENE,28.802183828249653,SE,ENE,8.919781617175035,16.83956323435007,75.63901727728766,64.35825293740028,1017.3366442293337,1014.0687315824636,4.0401091914124825,6.9598908085875175,26.539836212881283,28.419781617175037,Yes,Yes
2010-10-13,Brisbane,12.258467716285718,27.60054724418367,0.7180299209387777,4.134062992244897,9.787250393795917,W,21.734062992244898,SSW,N,4.0,8.601094488367345,68.0,53.60109448836734,1017.3814228348775,1012.7681259844898,1.3989055116326545,1.2659370077551029,19.826046456591836,25.773406299224494,No,Yes
2011-02-21,Brisbane,14.65227803114411,19.83499277829227,1.8213245914276066,1.641615735430308,1.7202911440027013,WSW,15.527947548565638,SW,SSW,4.0,6.578675408572394,91.31470163428958,76.42649182855213,1020.3208078677152,1016.3634570505703,8.0,5.842649182855213,15.85227803114411,19.003522614863318,Yes,Yes
2013-02-24,Brisbane,22.315738368188107,29.780692290405202,0.0,8.67366149697249,6.605354012110034,ENE,25.122769161620816,NNW,NE,6.438615419189591,9.0,55.36830748486246,56.73661496972492,1013.1508923353516,1009.5140615868654,7.0,5.684153742431229,26.124553832324168,27.738615419189593,No,Yes
2012-01-21,Brisbane,19.62201044521124,24.220979803550698,4.606494430407792,5.309896935833946,1.7308767393846398,E,25.527318943736226,WNW,N,3.4505153208302732,3.373711697924318,87.62628830207568,74.87886490622705,1017.2208245133284,1013.8163913662418,7.725257660415137,7.725257660415137,20.553917826256427,22.31551601480345,No,Yes
2010-06-29,Brisbane,13.547991810871071,26.773337882849404,0.0,3.0653392477042276,8.665339247704226,WNW,26.106648468602376,SSW,NE,2.9733378828494055,6.433344707123514,71.59331741002708,60.673303761478856,1017.4893351531398,1013.1460006824274,3.5666552928764856,3.5666552928764856,19.80533242343012,24.619338565276816,No,Yes
2012-12-29,Brisbane,21.66454979049384,29.48986514287751,0.0,9.574684647616332,7.705089218983805,NE,31.607655618898267,N,NE,7.0,12.493692952326642,56.620269714244984,61.50630704767335,1015.8506742856124,1012.9253589332287,2.6328838095916973,6.873423238081661,27.075946057151008,25.403784228604017,No,Yes
2011-03-06,Brisbane,18.067403103158345,30.019157763186488,0.0,6.05677142554821,8.497192543954966,NE,19.893683223898673,NW,NE,4.297894407966225,7.198596271977483,64.21263355220266,58.30491304807881,1017.2815441008247,1012.9510527960169,3.9007018640112587,6.8014037280225175,24.8475434759606,27.55817515357073,No,Yes
2010-03-31,Brisbane,13.810860463436727,22.33258139031018,1.3252465170024714,3.231311629250618,4.962623258501236,E,29.51762795064508,WSW,SE,6.8913953656327225,11.313116292506177,76.90409297622837,69.48237204935492,1027.6083209413177,1024.2818046632556,6.421720926873455,4.578279073126545,17.057827907312657,20.17475348299753,No,Yes
2010-12-15,Brisbane,23.407930506912372,29.565006031336285,16.665033393550107,5.37293653824866,2.675737150230309,W,43.84758304147423,N,SSW,5.615861013824742,6.276827797235051,73.02800611981648,89.83048339170516,1006.3497643354838,1003.5712265732718,6.553655594470103,7.276827797235051,27.16500603133629,24.292688811059794,No,Yes
2014-10-27,Brisbane,15.066884704265973,23.91781595292075,1.712128619907879,3.0445898028439826,7.554101971560174,ESE,25.554101971560172,SW,SE,5.184700657186725,10.184700657186724,79.56064309953939,62.2611973712531,1024.489833718486,1021.7783592113759,3.853547699846464,4.630598685626551,18.43628601863942,22.384700657186723,No,Yes
2015-04-11,Brisbane,16.2,23.461816728083452,0.4907652645465304,3.8247266912333817,0.2824726691233382,SSW,28.86072349301698,SSW,SW,2.1752733087666183,6.737090036850073,55.330192866565746,74.8763665438331,1021.0638521031801,1019.0061061252902,7.087636654383309,7.912363345616691,18.715963025795052,16.873709003685004,No,Yes
2012-06-18,Brisbane,22.636543184187534,28.46294049759093,119.42561025471207,2.3317284079062333,2.6944107463864,E,62.15476965286967,ENE,N,33.41874278690367,13.421324378011331,88.736026865966,76.0,1001.1807408948747,1000.5015489546646,8.0,6.578675621988667,24.799741840889236,27.189337810994335,Yes,Yes
2011-10-24,Brisbane,19.616363491229382,29.486889975069044,0.1508133665746069,5.701626733149214,7.668899750690448,E,37.0,SE,E,7.7540668328730336,18.114832917817413,59.52440099723821,54.770334164365174,1014.2047840397104,1013.1130138651938,2.377033416436517,7.0,26.283636508770623,26.17866014958573,No,Yes
2013-07-13,Brisbane,21.042127735888975,27.321063867944485,0.07368795598149588,6.863049276536619,2.34730474831457,SSE,35.947518239259836,SE,ESE,15.0,9.736879559814959,66.57907845935236,67.10567515796454,1017.405248176074,1015.8052481760741,7.0,7.3684397799074794,26.863156022009253,25.894716242101776,No,Yes
2013-03-29,Brisbane,19.331791156906966,27.98483808604683,0.0,6.87907469414418,7.517951108462114,SE,38.996695336229216,SE,ESE,14.864904179322249,16.331130224152812,51.9357567534319,46.401982798262466,1020.0418506117115,1017.7617845184362,6.266886977584719,4.067547910338876,24.678413761390026,26.138215481563773,No,Yes
2010-07-04,Brisbane,18.618410916614533,25.76313537025452,2.5103799066543777,3.5315676851272597,3.715762444305424,NNW,18.447244536399857,SSW,ENE,2.26313537025452,6.394703055381779,83.0,74.94745851898192,1018.1580096117019,1014.7001283895493,5.394703055381779,6.210593889236441,22.447372925949093,24.39209737958908,No,Yes
2014-07-13,Brisbane,16.13454519071672,24.47340028254329,1.7179799152370125,3.5367001412716457,6.305050211907468,NE,22.0,SW,E,4.0,7.568350070635824,82.15824964682088,67.58989957618506,1025.5711793501505,1022.4290918324914,3.1367001412716458,5.147474894046265,19.71764275075717,23.358652793138663,No,Yes
2009-12-15,Brisbane,22.363805690069643,32.39090325206656,0.0,7.927354471068103,11.472517074396308,NE,31.182577231346666,NNW,NNE,9.181934958668718,13.363869917337436,55.818707314009224,55.27290243800308,1008.863998371873,1004.6003853636067,1.363869917337436,3.272902438003077,27.763677235534054,30.87270975619969,No,Yes
2011-12-24,Brisbane,20.956253512903807,24.164827502819893,10.123317183044632,5.609394320970936,0.0,SE,20.257781762091692,SW,SE,2.0,8.640633782259515,88.2577817620917,91.12507025807614,1016.5773907350883,1015.7664681649295,8.0,8.0,22.81015844556488,22.300764124593943,Yes,Yes
2014-10-24,Brisbane,19.766280327446715,30.442525994954327,0.0,7.160138639756409,11.478563702827326,S,32.52491335015225,SE,E,7.3371967255328565,16.04982670030449,58.624566750761225,47.85051989908653,1017.7659337280558,1016.3709163980861,2.7624566750761224,3.712629974771633,26.81877166246194,29.006141687690306,No,Yes
2010-10-13,Brisbane,14.931582567408459,21.283071398133508,3.6974910219669477,3.8171629435750156,2.5943961896625893,S,26.05720981191672,SSE,ENE,5.942790188083279,7.057209811916721,73.2860490595836,78.68534603445802,1025.8137165987077,1021.8965536551328,7.02860490595836,7.799765658291477,19.671512264895902,19.463047963962655,Yes,Yes
2014-09-23,Brisbane,20.714138283743065,27.014138283743062,1.0858617162569386,7.315988987782184,3.347557618226275,ESE,22.352700385223365,ESE,SSE,5.276092189162042,5.6287925743854075,73.16246991231827,75.83753008768174,1017.7459649176368,1016.593522535863,7.0,7.0,25.080718949259854,23.138971446600582,No,Yes
2014-11-20,Brisbane,22.50104844817398,28.148593789445695,0.8543850933695792,8.675786336130484,2.114561490663042,ENE,29.39823602706537,ESE,E,6.563155280108737,11.689465840326212,66.56315528010873,75.98069565358706,1009.949475775913,1008.3203527945869,8.0,7.854385093369579,26.91560993883702,25.919470808119616,No,Yes
2010-07-21,Brisbane,18.183011284185678,26.70308885742078,22.825098725541835,6.532433002918253,5.781660788563057,E,26.953667138688207,S,E,4.461389282240174,13.0,83.90733427737642,64.46138928224018,1020.6059837817538,1016.8413117090051,7.492277856448035,4.461389282240174,21.252316643065587,25.306177714841574,Yes,Yes
2015-06-13,Brisbane,14.546123504164447,21.597784859522537,1.9416932232095312,1.2922470083288957,4.225830677679047,ESE,28.774920330371405,WNW,SE,4.0,12.011075702387291,86.73061752082224,73.7749203303714,1027.7785996032758,1024.5549840660742,7.247231074403177,7.0,17.428045818156505,19.845015933925716,Yes,Yes
2009-12-12,Brisbane,22.470074595217294,30.50272477292678,0.0,8.006800157963982,3.06870043440095,W,32.68025128345735,N,NNE,6.646250493637443,11.258500197454978,50.87074990127252,52.16325088854739,1015.6578248913997,1012.7904750691092,7.870749901272512,7.870749901272512,28.17074990127251,27.547624654453788,No,Yes
2010-09-17,Brisbane,13.643755795997869,23.732042117496,0.0,4.376572642996268,6.700774729502398,SE,35.0,SSW,SE,4.7734737249866726,13.218778979989338,73.35141035505598,57.664084234992,1027.4476294435099,1024.0929346985126,5.4453052550026655,5.6640842349920035,18.364084234992003,21.6335915765008,No,Yes
2011-05-18,Brisbane,18.50372147750783,27.93631965615315,2.5229497595656114,3.6711232988625127,8.240385858971111,NE,24.91109587642186,SW,NNE,4.0,8.940730584281239,79.36664381463278,61.42591323035155,1020.0133013404859,1015.6647830758789,6.48518264607031,6.48518264607031,22.47298403761643,25.9244657730094,No,Yes
2012-05-16,Brisbane,18.54864034623775,25.1097902921381,60.04760329806188,10.413519740321687,0.6825434018595549,E,44.18466738799531,ESE,S,8.48536641420164,9.203833153001172,86.40766630600235,92.23310032459788,1023.110593023162,1021.818363033982,7.640766630600234,8.0,21.75832693355827,20.56993009737937,No,Yes
2012-09-06,Brisbane,10.478852554304781,23.563786958300334,0.0,4.014098297130146,8.630131192008898,S,27.185901702869852,SW,S,6.407049148565072,11.371803405739708,60.92950851434927,48.22114744569522,1024.0903935760266,1021.7647542571746,1.0,3.4422948913904357,16.585901702869855,21.77885255430478,No,Yes
2012-06-14,Brisbane,19.298114323551015,28.4,1.9672952254829954,7.77483793127894,9.504390053680348,E,31.0,SE,E,5.14466710809516,15.364761274149771,67.16352387258502,63.30819098068018,1013.4905716177551,1011.4761049069456,4.327047745170045,5.327047745170045,26.00188567644899,26.285533289190482,Yes,Yes
2011-05-12,Brisbane,15.130702156017886,24.148026617013418,0.0,3.503946765973169,5.038595687964226,SE,33.915940023527114,SW,E,6.60891846334824,15.089184633482395,64.69810309683064,62.307021560178875,1020.2301896903168,1018.0955407683258,5.044592316741197,7.0,19.187134770678593,21.030189690316938,No,Yes
2009-04-24,Brisbane,19.980708057107623,25.459296682742323,37.393400946695415,1.6550578197964827,0.09694123223352875,S,34.93882464467057,SE,SSW,12.87764928934115,6.214113743652987,91.12235071065884,73.67292890862367,1011.6743497626888,1007.4642341230958,8.0,8.0,21.389884360407038,24.964474881981715,Yes,Yes
2011-05-14,Brisbane,15.839254118338909,21.649014237580264,0.10325337308045102,4.3744002981033825,3.0416529259253773,ESE,35.19306597109211,SSE,SE,8.483733134597744,11.193065971092105,77.87200149051691,72.93706895212593,1026.4182383902416,1024.695678420052,7.258133432701127,7.258133432701127,18.10368065582744,20.242293850045865,No,Yes
2013-03-13,Brisbane,13.143263335458707,18.105958001275223,12.286255366064097,1.5044006747430896,0.0,SSE,27.148950031880617,SW,SSE,5.029790006376123,8.373053341834831,96.28368332270647,81.71631667729355,1022.0268110057385,1018.4566010121146,7.343263335458708,7.343263335458708,13.71489500318806,16.71943133035781,Yes,Yes
2013-03-16,Brisbane,16.92855551189232,26.98289913487186,23.143537816360375,3.7300760256898777,2.53648250095262,SSE,32.503801284493896,E,S,6.723669550427136,6.325190064224695,87.21986826593326,78.04125704566404,1015.2845818587056,1011.5513025953845,5.69923974310122,5.69923974310122,20.93175874952369,23.252823109181982,No,Yes
2011-05-11,Brisbane,20.082862375961238,27.8265268743134,23.61969051812626,4.506107497253597,5.627119308174416,SE,38.3591612458804,SE,ESE,13.0,18.132634371566994,81.56335501647841,59.05515063392581,1011.29731068084,1009.3801730568013,6.414311879806204,6.093892502746403,24.081221499450717,26.53591612458804,Yes,Yes
2014-05-20,Brisbane,23.921475803568992,30.15704839286202,12.438913928529164,4.94765053571266,5.259067232166429,SW,39.953010714253196,E,ENE,10.476505357126602,16.476505357126598,73.4765053571266,77.9530107142532,1016.3520012946011,1012.9137486160378,6.86912633928165,7.0,27.6617473214367,26.26644625001138,Yes,Yes
2011-11-08,Brisbane,17.353503221340226,27.153503221340223,29.870488188419174,8.642250536890037,7.812071581968582,E,24.2716105942931,S,E,2.1207158196858216,13.060357909842912,77.30588403680653,61.75856836062835,1017.6068546885026,1013.0245526126964,6.93964209015709,2.030178954921455,21.689717967245972,25.932377952895205,No,Yes
2013-09-20,Brisbane,16.00498902686798,26.515062623069248,3.3495364765283475,5.6033260179119875,9.130220788603808,E,25.46210458616361,WNW,ENE,5.638631375849082,11.369683668930886,70.07579082767278,62.2689477069182,1019.9387269183144,1016.6471375055597,3.9075790827672785,3.9075790827672785,22.32430471479252,24.878094256176162,No,Yes
2011-04-13,Brisbane,14.123168382429188,24.69827754840555,0.5193110193622208,3.6386220387244417,6.918025231673232,ESE,22.776807413543423,S,ESE,7.18025231673232,8.124454170118176,65.47210092669293,53.16739443984243,1020.6347646756575,1017.9708151390039,5.763949536653536,7.0,20.603857363066965,23.603857363066968,No,Yes
2012-07-27,Brisbane,12.950111059077956,22.789754879004978,0.0,3.8498889409220434,7.295545771529017,SE,34.48552276868991,SSW,SE,2.2939869893200506,11.0,82.57460733810959,55.55901951601993,1029.463251626335,1026.685300650534,5.779509758009962,3.9265032526699875,16.589754879004982,21.63095748114097,No,Yes
2013-05-20,Brisbane,19.850927371526264,26.618830533561276,18.970890317231675,5.339515810175081,2.067620058998982,SSE,23.52782114578787,WSW,SE,4.848789525437704,6.848789525437704,80.99999999999999,84.83024209491246,1017.4718957511761,1015.9342346840535,7.0,7.660484189824919,23.745363142368692,23.28116946643872,Yes,Yes
2013-02-05,Brisbane,16.148587733754354,20.64689234792449,4.649717990974265,2.8395478971120354,2.702824532491292,SSE,23.67796553700416,W,ESE,6.519773948556018,8.677965537004159,80.32203446299584,70.92655549187549,1024.1932195672389,1020.8689257003617,5.92090420577593,7.4802260514439824,18.93163831768963,19.542937558213282,No,Yes
2012-09-20,Brisbane,17.09272255266213,24.32422096444649,1.1933942824236847,2.2154133410114025,1.459693964780556,ENE,19.640977764980995,WSW,ENE,6.662996823568713,6.640977764980995,81.30397458854972,65.97798094141228,1018.7127822119847,1015.5094793531966,7.0,6.337003176431287,19.162325093807162,22.596025411450288,No,Yes
2011-10-08,Brisbane,17.91868986329304,25.88446653646956,2.1604367122356534,4.023543404941741,6.671116634117391,ESE,28.0,SSW,ESE,4.855583170586952,7.6844665364695635,76.97330019529565,70.80218356117827,1024.1230569856496,1020.72572696612,3.684466536469562,2.8555831705869528,22.55667495117609,24.096238238940437,No,Yes
2011-04-22,Brisbane,17.32115992428222,23.847952552055972,10.926959545693327,3.4682601135766684,1.9203075615206953,SW,26.47952552055973,N,NE,6.739762760279865,9.877987712956253,83.3498241954986,82.50426181380763,1015.678071171916,1012.1626274100851,5.276449905352776,7.138224952676389,22.03413005678833,22.420307561520694,No,Yes
2010-08-28,Brisbane,20.55385718223711,24.598457127105156,0.24974285451752598,4.045628526797942,0.8461428177628896,ENE,31.756428637061852,ENE,ENE,13.507714364474221,11.99485709035052,71.49742854517525,77.0257145482474,1013.8368855803938,1011.7104712802403,7.75128572741237,7.50257145482474,24.124871427258764,22.94614281776289,No,Yes
2012-10-31,Brisbane,19.92059634326715,28.830875882115464,0.07657100267919399,5.332582927661762,5.554849050904687,WNW,34.21140514735567,NNW,W,7.0,16.44569512056373,69.29713008037582,70.15437941057732,1011.3548490509047,1006.9314200535839,4.61714498660403,4.70286991962418,25.639448375417476,23.86400298124564,No,Yes
2014-06-10,Brisbane,24.160165825328168,28.870677721688544,43.36543621187289,3.5842321554594365,3.906777216885446,E,44.383129059665734,ENE,NE,15.089906276551183,11.58644556622911,84.34578226491644,67.51867339737464,1013.2423215545942,1011.6701225642005,8.0,6.293222783114555,25.482710886754184,28.036099495196904,Yes,Yes
2013-05-12,Brisbane,10.317154480271235,21.66636647367924,0.0,3.16659161841981,8.949437138148577,E,20.50337717110855,SSW,ESE,4.0,8.0022514474057,84.82845519728765,55.17154480271235,1028.3336335263207,1025.11670419079,3.0,2.1670419079009497,13.883971243431615,19.766366473679238,No,Yes
2010-08-15,Brisbane,17.983809608144156,26.684952667690137,0.8659046269693459,3.9005715297729897,4.302286119091963,E,28.0,S,W,4.335238432576635,3.664761567423365,77.9942847022701,76.32380783711683,1020.2451419969296,1017.3607608590124,6.329523134846729,7.0,22.717333451401824,22.886667257009112,No,Yes
2014-01-22,Brisbane,19.865302867625328,28.642312864185765,0.0,5.177997143839875,5.2550071404003145,NNE,24.33004284240189,SW,NE,4.073342853867086,9.220028561601257,61.256699988534805,60.07334285386709,1016.165021421201,1012.9063471381072,6.036671426933543,7.0,25.787305723785455,27.220310008025642,No,Yes
2014-05-14,Brisbane,17.08869944633047,26.34141904331734,0.0,5.917989924671797,7.185354760829334,SE,27.3179899246718,SW,E,6.0,10.581587909606156,59.581587909606164,57.372381864409235,1018.5539779340842,1016.1594171280578,3.054391939737438,6.209206045196922,21.757736625238568,24.019662267422362,No,Yes
2011-10-27,Brisbane,21.1,24.67668415332368,13.268691337076678,4.987979016011582,0.0,SE,26.39630039232028,SW,SSE,2.6723909447563896,9.672390944756389,87.0,82.23315846676317,1017.0543594687737,1016.9215985632494,8.0,8.0,23.303434566853838,23.348216456366615,Yes,Yes
2015-11-11,Brisbane,20.5402684318764,30.193127511225313,0.10507382485003722,7.791651014224572,7.8456644236503355,W,60.79704700599851,NE,NE,7.949261751499627,14.050738248500373,55.15221474550112,63.52536912425019,1014.1695570508998,1008.8152214745501,3.0,5.050738248500372,27.754013409425767,27.481181197600595,No,Yes
2014-02-27,Brisbane,22.050672718350718,28.222085224484598,2.381838628556876,9.132511346907592,4.277914775515401,ENE,24.934977306184823,S,NE,4.311659102061606,11.0,85.53251134690758,71.13004538763036,1016.9947307102572,1013.3258966204633,7.844170448969197,4.0,23.6883408979384,27.659753404072276,Yes,Yes
2015-06-02,Brisbane,21.666804183540062,27.338865969409987,0.8939172964297554,7.122268061180021,1.960721479969819,E,24.080926788048885,E,ESE,8.137628317549414,7.748968623449522,63.05257602329862,56.4412357173985,1015.836030892935,1013.5914947705749,7.0,7.0,25.375309412965148,25.897577474145166,No,Yes
2009-08-14,Brisbane,20.8658582542413,28.765858254241298,0.23414174575870086,7.585354364396752,6.019496110155453,E,32.65858254241299,ENE,ENE,15.341417457587008,16.65858254241299,71.09748055077726,60.14645635603247,1017.7097480550777,1015.5,6.4146456356032475,6.4146456356032475,25.4975747627239,27.69510241947448,No,Yes
2010-11-13,Brisbane,20.323369689077843,24.85750532933447,11.628361510952978,7.499430865950384,2.6048138415397757,SE,20.424946706655277,SSW,SE,2.2634574389734827,7.5269148779469655,73.71247335332762,82.73654256102651,1014.4113350852285,1012.6718164693824,8.0,8.0,24.59943086595039,22.489234048821213,Yes,Yes
2010-04-02,Brisbane,23.600279771749975,31.4972192808566,0.0,9.117663515985292,8.364672968029415,NE,40.94158789963232,NNW,NE,9.559111529742623,16.58831757992646,60.91238184944848,56.97079394981616,1014.7881776940515,1010.8058412100369,4.1766351598529265,5.382476369889695,27.658971643867638,29.735466917845574,No,Yes
2015-02-02,Brisbane,15.1768884186625,22.344040190301133,0.3552321522409088,3.0895356955181823,2.3873527231443172,SE,30.664241141806812,S,ENE,2.783437335784095,12.552321522409088,74.20928608963635,74.31392913445453,1026.5552321522407,1024.055232152241,7.0,7.888080380602272,18.600727657457956,18.86787942909659,No,Yes
2011-06-12,Brisbane,22.261849766910192,32.2111752719381,0.0,7.638150233089807,11.152600932359224,NE,28.38150233089806,NW,NE,8.190751165449031,11.92100155393204,57.96724572668688,58.236995338203876,1010.269172164074,1006.4277465036529,1.2697496115169895,2.460500776966021,27.646050077696607,30.63025038848301,No,Yes
2011-06-22,Brisbane,14.063187549073044,22.997243659039235,0.01141737121786297,2.8456694848714514,7.300196003687398,ESE,23.885826287821374,SSW,E,4.11417371217863,13.0,68.71456571955342,63.31495772692823,1023.2169300531393,1019.1025603372733,3.7716525756427406,5.057086856089315,17.66594389003381,20.694291314391066,No,Yes
2011-08-09,Brisbane,20.143894849598144,25.234157725602785,10.380525752009287,3.743637339201445,1.9653272536038184,E,33.28181330399277,S,ENE,5.593508584003096,12.062339056002065,89.53116952800104,78.25193132797523,1022.0466255368032,1018.5433798288047,8.0,7.468830471998968,21.99077789679804,24.14987124480165,Yes,Yes
2010-12-30,Brisbane,21.160532523048914,24.471164630803603,0.1873211384589923,3.5042926769841856,0.29018292311511557,ENE,32.556239846064734,ENE,ENE,14.429451230654653,11.126788615410078,70.36605692294961,80.41514230737403,1011.5535772308201,1009.1282195077382,7.936605692294961,7.936605692294961,24.131697153852524,22.42821950773814,No,Yes
2011-12-09,Brisbane,16.99049014353757,27.535409186601658,2.384262583732596,3.9731115789414417,10.792131291866298,E,24.275404784679573,SSE,E,8.803282296657452,11.23606124401106,58.35409186601659,62.0,1012.5196717703343,1010.5236061244011,4.0,6.921312918662981,24.94721224880221,25.439343540668506,Yes,Yes
2010-10-15,Brisbane,21.626734051593985,27.9604043095639,1.9385849165263378,6.28251422357393,0.0,ESE,32.93063793624064,SSE,SE,7.976879312080214,7.09898922609024,89.48843965604011,90.48843965604009,1014.5465318968121,1013.107586853817,8.0,8.0,22.792413146182955,23.770303232172928,No,Yes
2013-12-22,Brisbane,21.865104372724538,29.014722332119756,6.993309699804414,7.49560194343313,5.1209373763652755,SE,35.0,NNW,E,4.904398056566871,10.80879611313374,74.12141263231534,77.69502429291413,1016.0573611660599,1012.8390048585828,6.0,5.2868058302993886,26.238240777373253,25.482696598992025,Yes,Yes
2013-06-08,Brisbane,14.002437578875574,24.201625052583715,0.0,5.13224996494419,7.566124982472095,SE,29.867750035055806,SSW,SE,2.2644999298883803,11.0,69.7436253330302,57.471000140223246,1028.8132249964945,1025.566124982472,4.86775003505581,3.0,18.84211256835883,21.55452503856139,No,Yes
2010-08-29,Brisbane,22.21921947511625,27.651531685069745,15.9058497679628,3.896936629860503,1.0749307569209516,E,33.6323122099535,E,E,15.0,15.6323122099535,79.7799412706045,81.35375580092997,1012.758497679628,1011.6048761961907,7.68384389502325,7.68384389502325,24.33607217954882,24.03676877900465,Yes,Yes
2009-03-12,Brisbane,19.315996399164554,26.78263645914786,0.0,5.9884243060985725,3.7057878469507144,SE,30.492765191311605,SSE,E,13.0,11.028939234753569,62.0,71.85530382623215,1017.4752420103594,1015.9622193547202,7.0,7.507234808688392,24.3333599400167,23.944935633918128,No,Yes
2010-06-05,Brisbane,16.321011567804252,19.8164040053411,3.84202313560851,2.808314571810078,0.36606629792250944,SSW,36.62584426854647,SSW,S,4.0,6.0,90.4179799732945,81.24943715430234,1019.6741557314535,1015.7531441636493,7.875281422848824,7.0,16.587303004005822,19.395842714094957,No,Yes
2012-07-15,Brisbane,20.095633116728898,27.318147918172034,0.3406627196151644,7.251656799037911,1.6268816847142356,SE,33.89005920577254,SE,SE,14.406627196151645,13.0,64.96159759326538,82.29141997594778,1014.115207220204,1012.3371953790494,6.851656799037912,7.851656799037912,25.514307677498568,22.833508880865878,No,Yes
2010-01-16,Brisbane,20.91604385244938,31.967912295101232,0.0,3.626739754082306,8.208021926224692,SSE,41.02673975408231,SSE,ENE,2.0935891392880714,16.999999999999996,60.08021926224692,58.959890368876536,1014.9331506147943,1011.5585533811724,5.013369877041153,5.946520491835388,27.09598903688765,27.702673975408235,No,Yes
2010-01-08,Brisbane,18.652342744695922,28.496511869643605,0.006976260712790909,9.211640960754647,6.93139317320756,W,44.06976260712791,ESE,NNE,10.686068267924409,12.790712178616273,50.66274476771513,59.54654305366859,1014.6686068267925,1013.1872240482598,6.860474785744183,6.860474785744183,26.986068267924413,24.496511869643605,No,Yes
2015-07-12,Brisbane,10.635567862727749,21.598024007626236,0.21975992373763845,4.003951984747528,6.571842108673866,ENE,30.91108034318063,WSW,E,5.990120038131181,14.960480152524722,77.06915973308173,58.14325944709788,1030.9520821849362,1028.4446722135347,7.0049399809344095,7.0,15.32025392183108,19.702963988560644,No,Yes
2014-04-17,Brisbane,18.14942128420084,27.212065963150625,4.455435356269716,0.25782585749211334,7.193985927931125,ENE,17.144564643730284,SSW,NE,6.759058927116194,6.048188214576761,80.57825857492114,60.43369393119085,1015.9035857518336,1012.4553975372569,3.096376429153522,2.240941072883805,21.516884784608308,24.740978891896688,Yes,Yes
2011-04-29,Brisbane,14.409632397980797,21.896968068402952,21.40488317140948,4.3278239875631,1.2143278818494507,SE,39.165280373106995,SSW,SE,5.278239875631001,14.834719626893003,87.556479751262,61.82640186553498,1023.7655755460531,1021.6377515584901,8.0,7.360880062184499,16.12312850369445,20.3330560746214,Yes,Yes
2012-07-07,Brisbane,15.79815559726385,29.300000000000004,0.0,7.4565875657520575,6.509387208900165,W,27.735836589040048,ESE,NE,8.603754883560066,7.264163410959957,51.98122558219966,54.45289876027976,1015.2169300150641,1010.5622198910921,5.132081705479978,6.0,23.15474316301591,25.750955240411958,No,Yes
2011-05-16,Brisbane,18.245473985563386,27.61810405774645,0.09094797112677183,5.0004276823944895,7.754739855633859,SE,29.183178989437014,NW,N,2.9094797112677178,10.818959422535436,63.726300721830704,72.73271595774806,1015.4187455813382,1012.8010692059862,5.090520288732282,6.454739855633859,24.963791884507092,23.616607169365743,No,Yes
2014-01-15,Brisbane,19.107705305743224,24.68440397142075,0.40623841143170014,4.4436688800219,2.131377474251299,SW,33.343112628743505,N,SW,4.5779801428962505,6.422019857103749,83.84403971420748,81.82751660016427,1013.8471589199233,1011.6689933599343,7.5155960285792505,7.5155960285792505,21.337430468590203,19.6189006513879,No,Yes
2011-09-03,Brisbane,18.54869426918183,28.513193714847837,9.421926061798443,4.457617004976297,10.04442329012846,ENE,25.843852123596882,SW,E,2.977693160513841,12.843852123596882,69.55576709871539,57.48884658025692,1015.2511153419744,1012.335500554334,2.9553863210276807,2.4665397407707603,24.757617004976296,27.133269870385384,Yes,Yes
2009-12-06,Brisbane,18.39857734566805,26.09839951387655,0.0,3.7989330092510367,1.900355663582988,ENE,23.331357424538954,SSW,E,6.331950197177269,11.665085939631165,74.0,53.66864257546104,1016.3018968724426,1013.634499119522,7.333135742453896,7.333135742453896,20.5320094744411,24.39851806840422,No,Yes
2012-02-25,Brisbane,18.025185733828536,28.766080319351136,1.795511756658838,4.888278996194949,5.850371467657072,WNW,27.905231178655303,S,WNW,3.720697490487374,4.279302509512626,75.21197885939519,89.25686129280682,1007.8601062053816,1006.2785595741985,2.8379075285378774,7.139651254756313,25.34762695053435,23.622441216705813,Yes,Yes
2012-03-23,Brisbane,20.062944538732623,30.16702905114005,0.0,6.382015846076394,10.54604753822918,NE,22.0,SW,E,4.059947179745356,9.059947179745356,74.64031692152786,59.14986794936338,1012.4629445387326,1008.9599471797454,6.0,3.119894359490712,24.838965666834486,29.249044897216447,No,Yes
2011-07-31,Brisbane,21.83872293575031,26.085066889023263,9.2811529603232,6.045726105135857,0.3460350292044046,ENE,37.771369474320714,ENE,E,13.152420350452854,8.155509591138335,76.85066889023263,91.30792994159118,1012.6914522102718,1011.2143152628397,8.0,8.0,24.630792994159123,22.46982485397798,Yes,Yes
2013-04-21,Brisbane,22.14297885589503,28.233617330421737,16.284253729259643,4.640340796506084,2.0081708133908025,ENE,35.16084991557641,ENE,ENE,14.637446101893175,17.34212686462982,77.47659618631677,67.70468076273664,1018.6274892203787,1016.7731061356626,7.11404228820994,7.0,25.902042703347703,27.092681177874407,Yes,Yes
2011-03-09,Brisbane,9.527599153704086,22.24037069042459,0.04037069042458968,4.6751810244803345,7.880741380849179,S,27.412974164860636,SW,S,6.798146547877052,10.614827616983586,57.42224142547537,52.018534521229476,1022.9726034744361,1020.2331595100729,1.4037069042458967,6.798146547877051,15.86426293988278,20.141297416486065,No,Yes
2009-01-30,Brisbane,24.93874594665993,31.4245378366776,0.0,4.7756432400302975,4.536897293370363,ENE,26.65313513335017,E,NE,6.020297299974752,13.69372973329967,76.10148649987376,73.79521623317342,1012.3468648666499,1011.0712216266195,7.0,7.0,27.691881080010102,28.553135133350168,No,Yes
2013-06-08,Brisbane,11.793982409221455,17.951859273771632,0.1939824092214541,3.533806501435995,0.9699120461072704,SSW,13.120351815570919,SSW,SSW,5.879648184429082,2.060175907785459,68.45131930839095,67.6017590778546,1021.4518592737717,1019.9458416829931,7.030087953892729,8.0,13.896991204610726,15.906017590778548,No,Yes
2010-06-11,Brisbane,22.915489355789525,29.568538997894812,11.960510551579677,5.225361717894604,6.106581574736721,N,32.71829785263174,ENE,E,14.248794273684652,19.530496421052906,77.30978711579047,75.68538997894815,1013.719262433684,1012.3065815747368,6.0,5.9060992842105815,26.887319141052703,26.87792906947376,No,Yes
2010-11-28,Brisbane,19.910683812805228,24.57082148275759,28.114768541810278,5.385754916259697,0.2946580935973864,WNW,24.61918305419899,ESE,NW,6.017806354675379,4.982193645324622,77.0890317733769,83.14245083740302,1007.1679485615844,1005.9131527980345,7.672602118225126,7.672602118225126,23.3761633891602,21.24233131527698,No,Yes
2013-09-15,Brisbane,20.851876162314227,29.290624451738566,1.0674997368345145,6.153750570191884,3.8712485525898304,WNW,26.449998245563428,NW,WNW,4.887500438609142,4.887500438609142,70.66874934208629,82.23124714904058,1010.248127346559,1008.9812524123504,4.218751096522856,7.0,26.71124995613909,24.82187510965229,No,Yes
2009-12-17,Brisbane,15.028584930690755,21.803367329767035,1.5318577456224944,2.1626560578795093,2.5307983122570152,WSW,13.791146473734967,SW,SSW,4.0,6.8681422543775055,92.47256901751003,70.63715491244989,1020.5813280289399,1016.0450435201847,8.0,5.263715491244989,16.228584930690754,20.856110428016034,Yes,Yes
2013-09-10,Brisbane,11.259434810502647,20.34402911567902,0.0,2.6834396631158173,4.026314136734282,WNW,20.188696210052946,WSW,S,6.531449368342158,7.708599157789544,72.40565189497352,81.73685863265717,1018.1925554842711,1015.4091158211553,5.114251052763071,7.822850210552614,16.01373438939742,18.12002426306585,No,Yes
2010-11-28,Brisbane,19.46395723691885,25.917230522911755,0.1385251904452329,3.384424428664301,0.3536870238869177,SE,37.004137378940136,SE,ESE,13.155755713356987,10.385251904452328,67.61888547448781,72.3935266623326,1019.7585786442967,1017.8819420013002,7.0,7.692625952226164,24.525432046473618,23.663129761130822,No,Yes
2011-05-09,Brisbane,16.596104254513126,26.97991578347794,4.525822564099795,3.047538841407559,8.545696239316701,SW,24.209002469149134,SW,N,4.485654131055669,7.133192972463229,67.51434586894433,51.97130826211133,1013.7571729344722,1008.9762305792962,3.83811528964811,2.67623057929622,22.044669667618695,26.198973428301993,No,Yes
2011-06-19,Brisbane,14.237547666155217,19.804010602786388,0.02215431221039073,3.7661573415779297,3.8729182998434957,ESE,36.61229953631816,SSE,SE,8.889228438948045,12.612299536318162,74.83078670788964,68.27387295209746,1029.702750355479,1027.9193660896367,7.0553857805259765,7.0553857805259765,16.765546151471444,19.18800605873508,No,Yes
2011-05-15,Brisbane,20.673299211315857,29.078273619802754,0.3366496056579292,6.833503943420708,5.514923225460681,E,35.099488169737874,SE,E,9.0,14.36649605657929,66.68324802828964,54.66496056579292,1019.9434527603945,1017.6068031547366,4.583759858551771,7.0,24.624872042434472,27.23664960565793,No,Yes
2013-10-04,Brisbane,19.764973750755335,28.115821321552808,0.0,6.221471793535953,7.6468922404092705,NE,24.02260188793258,N,NE,6.0,11.01130094396629,61.983048584050565,68.00565047198315,1017.8288107300632,1014.2847437256455,4.514126179957863,6.0,25.41582132155281,25.662713561962075,No,Yes
2011-11-30,Brisbane,18.346659950555413,24.700680616684128,0.12356944804024277,3.8178472402012145,2.7132845945713817,SSW,23.057222078390293,WSW,W,3.528611039195145,2.764305519597572,78.0,64.9175699658352,1016.4597428739678,1013.3190068024104,5.089236201006069,5.471388960804855,21.863826574072508,23.62425006472437,No,Yes
2013-11-08,Brisbane,22.171064330818027,27.59880186962123,1.7378099689574364,2.921342990687231,1.8292560745021522,SE,35.557954829265896,W,SE,8.606714953436153,17.951239875829746,70.31095015521282,64.47561993791487,1011.4615492204022,1010.7682641738384,6.868904984478718,6.7378099689574364,26.108874299775465,25.677458878934004,No,Yes
2013-03-10,Brisbane,22.34064631592484,29.78530487331941,0.0,8.684731695966596,6.561073216133617,ENE,25.14121949327766,NNW,NE,6.429390253361171,9.0,55.42365847983298,56.84731695966595,1013.143512202689,1009.5011463547056,7.0,5.711829239916489,26.128243898655533,27.729390253361174,No,Yes
2009-04-01,Brisbane,20.117954938818542,30.123200459759225,0.261328713392797,6.260219525394551,9.017400344819418,SSW,45.17954938818541,W,N,6.969612940303163,12.726516462728467,65.60774119393673,57.88122473120826,1012.6610514163932,1007.4975158880294,3.1519352984841844,1.212709417877858,25.662980934364672,28.929277871698588,No,Yes
2012-04-14,Brisbane,20.06547434775349,27.196671826290235,9.764727998664195,5.234774435276275,0.5386001750455733,SSE,24.276205217972095,SE,ESE,6.207153913479067,9.552410435944177,90.34276869216747,90.68553738433492,1019.9618973910141,1018.3790358256224,7.516640868548844,7.723794782027911,21.64167956572558,22.64525652246511,Yes,Yes
2012-10-23,Brisbane,19.986283949381065,26.97942592407159,12.637641924623598,4.013716050618937,5.372195476753654,SE,39.758107004126245,SE,ESE,10.241892995873755,14.241892995873753,76.65709873452658,60.62094649793688,1015.6505041347999,1013.4988827339747,7.310473248968439,7.0,24.52057407592841,25.848378599174755,Yes,Yes
2011-06-15,Brisbane,18.96498834612983,30.820823621774856,2.4354481887980874,8.053172283197132,6.51477007866587,S,26.47118740088145,SW,NE,7.382566928886233,7.382566928886232,70.706053543109,60.00000000000001,1012.2379656696033,1009.4880384254246,5.0295401573317395,7.6765133857772465,24.14431023599761,27.57075086595354,No,Yes
2011-05-06,Brisbane,14.81756364298288,23.803833703941965,0.0,3.698054786643196,5.631350304795434,E,22.15675152397717,SW,E,6.215675152397718,13.431350304795433,69.0,64.13729939040913,1023.9490841160932,1020.5784892075319,1.8627006095908687,6.784324847602283,20.852861097263563,23.001888490585163,No,Yes
2013-06-05,Brisbane,15.1,22.653312821395943,1.0233435893020286,2.618674871441623,3.4920929922330832,W,29.49548034511846,NNW,W,3.3177709404653144,13.247740172559228,79.84563418464887,85.14006153581217,1016.733584955999,1012.7158140155339,7.341114529767343,7.341114529767343,19.035541880930626,19.444879316651438,No,Yes
2013-05-16,Brisbane,20.31251865003296,28.694359328336713,0.0,7.0066305170283965,7.533250846219573,NE,24.849084754766732,N,NE,6.0,11.424542377383366,61.36318643392495,68.21227118869169,1017.0539830424062,1013.7268677905325,5.030677971729208,6.0,25.994359328336714,26.12761017455629,No,Yes
2012-02-17,Brisbane,19.932712549491285,28.69567169439086,0.0,6.865425098982566,10.711726167858089,NE,30.533971298460603,N,NNE,5.046301068875524,13.092602137751049,64.23150534437761,57.836437252543575,1018.3694516033132,1014.7463010688756,5.302465954082984,5.604931908165968,25.591041587503316,27.039808610461822,No,Yes
2010-04-16,Brisbane,18.176154636353218,28.096485999967264,0.08527442424639257,5.685274424246392,9.703079030275251,SE,28.319779090923973,SSE,E,5.786813939384019,15.934069696920089,64.66482575769976,56.558232727391776,1023.2837349091088,1020.2690093333551,1.4263721212319629,3.426372121231963,24.31373833330605,26.60055227269007,No,Yes
2013-12-19,Brisbane,18.807751383348805,28.09206077414273,2.0052928172381788,4.984121548285464,6.260867398239051,E,28.604917132221253,SE,E,10.315690609206072,8.368618781587855,64.57845304603036,67.26276243682429,1014.8024585661105,1012.4077513833488,5.315690609206072,7.0,25.294707182761822,25.597353591380912,Yes,Yes
2015-01-10,Brisbane,23.399003333810136,28.199824117731197,0.0,7.7996482354624,0.9049247035264016,ENE,19.00293137114667,W,E,3.998827451541333,9.003517645375998,76.0,74.98886078964267,1011.6021105872256,1008.0029313711466,6.998827451541333,6.997654903082666,26.798534314426668,26.799706862885333,No,Yes
2010-07-05,Brisbane,17.85785444663267,21.62908714585895,4.27713926217689,4.934993708809556,1.3821203886055604,ENE,13.819604660629452,WNW,E,4.144636116581668,7.385696310884448,89.5536388341833,85.69827495076498,1021.039654990153,1017.0541186018111,7.75893980569722,6.807151844557776,19.718199456479667,20.67605390311234,Yes,Yes
2009-11-12,Brisbane,18.89586842627047,25.666194865758182,16.61652629491813,7.931522552663952,3.3497832052868985,E,35.0,E,E,15.0,16.999999999999996,62.159780710450775,54.616297026024434,1023.4306553738115,1020.4375031185451,7.022825815778683,7.022825815778683,22.968477447336046,23.94565163155736,No,Yes
2010-04-30,Brisbane,24.074473631421696,33.68618407855426,1.38348706645776,7.837236815710851,6.838585321759101,W,37.744736314217036,W,E,4.0,13.0,69.47598756795158,67.40690796072286,1009.3207238821685,1006.0648686586024,5.2207238821686115,6.0,28.990986564963947,30.055855223566276,No,Yes
2015-06-22,Brisbane,21.006794479460385,30.315657590741967,0.05169861986509635,8.04490414040471,11.728582245708244,E,28.646232748313707,ENE,ENE,8.292465496627408,12.741506900674517,51.19719134426659,46.93869824494111,1013.6014043278668,1010.1211234622934,6.0,2.5169861986509634,28.057828795370984,29.015657590741966,No,Yes
2010-03-27,Brisbane,21.54664306550885,26.968404517103018,9.09944677100935,7.076698388407913,2.0088072579708633,ENE,47.17101129275756,ENE,E,11.0,16.999999999999996,75.1295419362331,66.25908387246618,1014.4429696741977,1012.1947864486909,8.0,7.782385484058273,24.950790001161298,25.807780484638926,Yes,Yes
2013-08-31,Brisbane,23.44329837390133,33.27733089587467,0.5195804868159987,9.760839026368004,10.176282112914665,E,32.13403252197333,NE,E,5.134032521973336,15.268065043946669,57.62878860717331,60.53613008789335,1010.7288463387439,1009.2628788607174,1.8659674780266644,3.1340325219733356,29.274242278565335,29.479370730223994,No,Yes
2011-04-29,Brisbane,13.330775395374337,22.152310158149735,0.0,3.790759367401061,5.016914446475929,E,21.046203162994694,SW,E,6.0,13.0,70.30775395374336,67.8770586982354,1023.6830054136577,1020.5230214416309,2.3077539537433673,7.0,18.986139051101592,21.02458826035292,No,Yes
2013-10-07,Brisbane,12.759727065719352,18.400898647705553,1.9493759172605918,3.9401564283562256,0.8785155613013478,SW,14.579297703082476,SSW,SSW,5.7570311226026964,2.0,70.3082043352744,69.3082043352744,1021.0991013522945,1019.550507576815,7.0,8.0,14.738242627020698,16.470976861883663,No,Yes
2010-03-23,Brisbane,18.368947587617253,26.12853355545215,6.738792567444668,2.604140321651033,7.13627371051407,ESE,34.466245146416526,SSW,ESE,6.979298391744834,11.0,78.46624514641654,68.63726289485929,1020.4051295059963,1017.5859575703265,5.3834387133958685,6.191719356697934,21.051845812772978,23.873087909268286,No,Yes
2013-06-24,Brisbane,12.56162652925059,15.006242594721925,4.62760560169208,1.742153573811466,0.26162652925059093,WSW,17.90549742344858,SW,SW,5.635165807816194,4.981099484689716,92.32703316156325,90.0,1017.9359109790895,1015.1088778175263,7.6729668384367615,8.0,13.223253058501182,14.381099484689717,Yes,Yes
2014-03-07,Brisbane,12.967871401232664,20.565369260210982,4.068149416901735,3.732406614436415,4.303336188028905,SE,30.991659529927738,SSW,SE,6.667593385563585,11.65925291549132,79.65369260210981,63.01668094014452,1029.203892219367,1026.0025021410218,7.332406614436415,7.0,15.46981751091619,19.299165952992773,Yes,Yes
2011-05-24,Brisbane,20.453723246446994,26.489029985182654,27.33497880919049,2.8454778554584625,0.0,SE,24.65492159358881,SW,SE,2.0,7.384308116117483,92.65492159358881,81.07446492893986,1009.8560484212284,1006.9093722186284,8.0,8.0,22.49607702902937,24.750599173570908,Yes,Yes
2013-04-24,Brisbane,19.44594540698289,30.4909706752096,0.14262891913403059,5.770515676536123,9.177826079539447,N,31.81142567388308,N,NNE,7.475429730446768,12.049140539106462,61.098281078212935,62.37714865223384,1017.5589686469278,1011.9671991886872,2.950859460893537,7.0,25.41314459567015,27.648341756075574,No,Yes
2014-05-07,Brisbane,20.761197380184257,28.620760109955985,14.721311810684819,3.9978136488586347,2.21202493127751,ESE,33.62842256483775,SW,ESE,4.0,7.010931755706827,82.41530445798956,89.95627297717269,1013.3371679694033,1010.8765120640609,6.989068244293172,7.393440946575904,24.100541474841847,22.792347771005222,Yes,Yes
2014-03-02,Brisbane,23.9466250277806,28.856441668518706,63.83688067009976,3.2852750388928413,3.764416685187067,E,48.93866607401386,ENE,NE,19.50308275920092,11.871166629625865,85.48466651850347,69.2269997777552,1010.2527503889285,1008.9368003555916,8.0,6.435583314812933,25.425766674074833,27.907975016668356,Yes,Yes
2014-06-10,Brisbane,13.12904549750739,23.738344967802377,1.6759252111898015,2.6728663135299913,2.066625740894815,SW,23.46114989267459,SW,NE,4.0,6.182165783824979,83.81018697202549,62.81401059410026,1024.5760479885053,1020.0213982533579,5.90700529705013,7.635668432350043,17.29299470294987,22.055796821769924,No,Yes
2011-08-14,Brisbane,15.671080156369323,18.79181185016645,4.950871100998714,2.1923344885929734,0.2081881498335476,SSW,16.519163778517566,SW,SW,4.240418110741217,3.759581889258783,87.3554007818466,81.95644605869965,1014.3736933485019,1010.9381532703172,7.8797909446293914,7.1202090553706086,16.451393739425235,16.515853661240577,No,Yes
2011-08-08,Brisbane,19.765470713874382,29.463346729388256,0.1822043608156602,5.764408721631321,7.433467293882548,E,37.0,SE,E,7.911021804078301,17.722445489804247,60.46613082446981,55.555109020391505,1014.8718426673329,1013.6152697730506,2.4555109020391503,7.0,26.13452928612562,26.319919623670472,No,Yes
2012-02-15,Brisbane,20.99424133950188,29.487330946904127,14.72744087772367,6.5942413395018775,8.090786143203005,SE,35.02303464199248,N,E,4.051827944483094,12.988482679003756,73.0,65.11517320996242,1015.906334526548,1013.1115173209962,3.0230346419924863,5.005758660498121,27.182148152455824,28.46947909935995,Yes,Yes
2015-05-28,Brisbane,17.398064858738003,25.450828340199458,0.1298343319601081,5.670165668039893,3.0642280562121353,E,22.649171659800544,SW,ENE,4.64917165980054,7.000000000000001,68.4820408916954,72.43923157740703,1022.9429555871097,1019.8131212551496,5.377070850498649,6.35082834019946,21.928866761329108,21.87872753089757,No,Yes
2014-07-14,Brisbane,20.177015390718623,29.280738474462968,0.0,8.12670769302572,8.73849233964456,E,27.267076930257208,ENE,ENE,6.633538465128601,13.0,53.39753841845677,49.39753841845677,1014.9198769209229,1011.5496923023071,6.366461534871398,3.8323076743569895,26.88073847446297,28.017384627950104,No,Yes
2015-01-11,Brisbane,17.120195992736257,30.331677917908486,0.0,5.396172691609255,10.835789960770182,WSW,28.773208841264786,NW,ESE,2.792345383218511,10.20765461678149,61.03827308390744,53.20765461678149,1015.5798040072636,1010.6778903530684,1.0,1.6038273083907446,24.427850609517748,28.592060648747562,No,Yes
2012-06-09,Brisbane,14.752691821268387,23.757224614578522,0.6172803240139173,2.8872524692962207,4.8576500391918405,SE,27.522663966550688,SW,ESE,4.0,8.827196759860827,76.73654089365806,78.03681944083503,1026.1127475307037,1023.2473081787316,4.781868826759449,7.086401620069586,19.43130412855765,20.379463156515897,No,Yes
2012-08-15,Brisbane,14.1,22.09940458228662,0.6445767594918617,3.0,2.8491068734299336,E,18.94279050635173,WSW,SE,4.0,7.165674303811037,85.61144189872964,88.61739607586343,1027.167460556951,1024.7680559746648,6.388558101270346,5.834325696188962,17.24457675949186,18.95995335444621,No,Yes
2012-12-29,Brisbane,17.40121150560534,27.729382577276883,4.476864694294073,5.946080867867591,8.36399066406364,ENE,30.0,WNW,ENE,6.448693622622531,12.794774490490123,75.88527218919168,59.448693622622535,1022.9015909926939,1019.7528973700714,4.653919132132408,5.205225509509877,22.085724720619968,25.784513215014623,Yes,Yes
2013-03-27,Brisbane,19.665123566448116,29.767438216775936,4.4222440409289,6.9823852597267475,8.358277799644696,ENE,26.43683803688509,WNW,ENE,6.762455869125673,11.911926298633743,64.56316196311491,60.47508826174866,1015.6862102822131,1011.9624558691257,3.95017652349731,3.95017652349731,25.61992939060108,28.052491173825135,No,Yes
2010-05-18,Brisbane,21.75847912074748,31.95428342065789,8.14772670881858,6.698601433303472,10.225349641674132,ENE,31.880244625111978,SW,E,4.74650358325868,16.640733875335936,63.2674820837066,56.1337410418533,1010.9449295754255,1009.4541079795213,3.5069928334826397,3.62674820837066,28.52893377898377,29.13173091237682,No,Yes
2014-01-19,Brisbane,21.513634813631572,31.577266217252618,0.0,9.563645043663175,12.05454607454737,NNE,27.090921490947395,NW,NNE,6.318191118210545,9.0,50.95450515442097,52.4545392545263,1014.3909214909473,1010.8045563045789,2.5454607454736973,4.0909214909473945,27.977273037273687,30.42272014270525,No,Yes
2013-10-13,Brisbane,18.656185733189552,33.41948448385471,0.0,8.409690598202046,10.180515516145286,NE,32.19484483854712,W,NNE,5.853608152463113,10.707216304926227,50.903094017979534,59.926804076231555,1010.1927836950737,1005.7074228798274,5.073195923768443,6.926804076231557,27.334123668608406,29.629278369507375,No,Yes
2012-08-08,Brisbane,15.917239283682907,26.010342096920155,4.203444910157393,8.806897186762756,7.07068879787028,SE,31.568962659567596,NW,NE,7.810345780144133,4.0,56.74137391251658,72.0,1013.6189691052095,1010.7896597446919,3.1896542198558664,6.206897186762756,22.934480408977805,20.79482526831594,No,Yes
2012-10-24,Brisbane,12.561255205057444,21.398144641733982,0.530859522311974,3.331787201444984,6.406029914364564,E,28.99536160433495,SW,ESE,4.663574402889967,11.009276791330096,73.33642559711004,72.3039568274547,1028.734570238844,1025.7640382424565,3.0,4.3271488057799345,16.49443392520194,18.934106399277507,No,Yes
2010-08-15,Brisbane,20.37448338746634,26.12320925249038,10.155922768076916,4.619490346009615,3.6549930414567253,NE,28.81439380610576,E,ENE,11.955922768076917,15.053374498124988,84.70764480985578,83.08815446384617,1016.6343320589183,1013.4698347543655,6.761019307980771,6.761019307980771,23.537362148687492,23.917871802677876,Yes,Yes
2011-12-07,Brisbane,13.802542256940745,22.71460238247977,0.09269880876011447,3.321903573719657,6.875554169339599,SE,31.75554169339599,SSW,SE,2.9269880876011443,8.682529780997138,81.29204764959542,70.36831535781774,1028.9438071474392,1026.4682529780998,5.536505956199427,5.390482131401717,17.58063868322109,20.64126489049857,No,Yes
2012-01-28,Brisbane,20.462021421982076,28.713935734053766,0.0,5.344257063784924,9.139357340537689,E,27.24042843964154,SSW,E,6.37978578017923,13.759571560358461,62.923427517132325,53.038286241433845,1015.9084206839747,1012.9742707301001,6.240428439641541,4.240428439641541,25.29617137585662,27.22021421982077,No,Yes
2013-04-28,Brisbane,21.336666350428175,29.400665970941983,1.5540005692292855,6.83733232137016,10.836666350428175,NE,32.31666824785913,NNE,NNE,9.0,13.273332700856349,58.043335547002776,52.043335547002776,1015.7956664452997,1012.8956664452996,4.72666729914365,1.8633336495718251,26.396332416241712,27.87333270085635,No,Yes
2011-12-10,Brisbane,22.391592568653845,32.18625539175881,5.0977330775560885,7.807632714054487,10.361061712435896,NNW,37.0,NNW,NNE,8.59540892568109,11.786226777043273,63.88550928918269,68.88550928918269,1008.7725107835176,1004.3839598545994,3.442754644591346,2.923672859455128,28.80152081986779,28.15876617527644,No,Yes
2014-05-29,Brisbane,14.420818122370271,22.808327248948107,0.9041636244740537,3.1291453713183763,4.145799869214592,SE,27.041636244740538,SW,ESE,5.562454367110807,10.124908734221615,78.39590938814865,72.3338200841514,1028.4228634282958,1025.818699803822,4.958363755259462,7.479181877629731,18.885390808029456,20.170781616058914,No,Yes
2010-04-09,Brisbane,21.71281697625812,29.807684506451732,0.9384996085155461,5.566665314451633,9.158964581419504,SSE,38.66665314451634,S,SSW,12.71793727612921,14.717937276129208,58.97439850064456,54.974398500644554,1021.9666612578065,1020.9051202998711,4.102568263225743,5.076926197419307,27.020505539354954,28.402556093290446,No,Yes
2011-04-21,Brisbane,19.827279109809503,30.370901285723505,0.0,6.635008689495375,7.827001737899074,WNW,33.83379561985072,W,ENE,4.0,10.952513034243061,69.43622175914003,62.56377824085996,1013.9012130696447,1010.3329635041194,4.341247827626156,6.0,25.17178519245627,26.546273896112282,No,Yes
2013-06-21,Brisbane,18.34535445800667,27.220415487834558,0.30415649502868564,6.4,9.534474173470315,SE,32.23960876242829,SE,E,7.099021906070714,13.19804381214143,70.88508608843229,57.54645541993328,1022.161369331501,1020.4811737127152,3.760391237571714,4.520782475143428,23.924571982863245,25.912102497777187,No,Yes
2011-11-05,Brisbane,23.56070633146186,27.28388482304023,31.033853011158502,2.0,0.0,E,47.756442893185316,E,E,17.791759466278304,18.589405028072104,89.59529112358761,95.1964683426907,1005.9451797640537,1004.0498886404661,8.0,8.0,24.68094177528248,23.94047088764124,Yes,Yes
2011-08-30,Brisbane,16.49853434460473,21.5778448676954,3.192413686145598,3.1206894769093294,1.403793156927201,ESE,16.77844867695401,WSW,E,5.259482892318003,7.839655261545336,88.06120658459132,79.02327501531931,1021.006120658459,1017.467931052309,7.580172369227332,6.580172369227332,18.182499870759262,20.132068947690932,Yes,Yes
2012-01-23,Brisbane,18.021776808397398,30.03481400699783,1.9209691682167624,7.2814537523251435,6.300403820090318,S,24.470435654176303,SW,NE,6.668012733634392,6.6680127336343915,70.13441018690752,60.00000000000001,1013.1383039556207,1010.1454282850564,4.600807640180635,7.533602546726878,23.501211460270955,27.027689677562137,No,Yes
2014-08-04,Brisbane,18.20395254639672,27.113359952518675,1.882055554591466,7.764743055676067,5.332806711255721,E,33.35256944323933,NW,SE,5.823715278380334,10.31304397927211,64.55019676307545,77.80553241262956,1019.6550196763075,1018.5845057876597,4.647430556760668,5.823715278380334,23.7115416659436,22.430988424680645,No,Yes
2010-03-12,Brisbane,20.27709141539745,25.270233476915745,10.50776257234656,4.094046695383149,1.9749806030461226,ESE,50.00301544621618,SSE,SE,13.119066092337027,14.529766523084255,86.4167313231796,85.06556393860087,1017.3868872122799,1016.1752821476678,7.764883261542129,7.294649784626385,21.676186781532596,22.269931932294124,Yes,Yes
2012-03-28,Brisbane,13.76104278385172,18.98129857387161,5.274805704513563,1.6748057045135627,0.34389572161482806,SSW,27.568814603309217,SSW,SW,6.43895721614828,9.690900171012656,81.05715687412295,82.3740285225678,1012.9122085567703,1009.7812985738716,7.187014261283906,7.812985738716094,16.068312835155517,15.787014261283908,Yes,Yes
2014-11-15,Brisbane,14.171812307622648,21.4,1.0872492304905979,1.2765046170564136,3.595307690566236,ENE,27.05372306717092,WSW,SE,4.0,11.02686153358546,85.2818769237735,81.63753847547011,1028.1,1025.394627693283,6.718123076226495,7.0,17.615436922867946,18.892621537207688,No,Yes
2015-01-03,Brisbane,22.41994265271888,26.848923934449576,4.591104739190986,5.137733174336909,0.31578175871996406,SE,33.17790521618026,ESE,ESE,13.0,13.088952608090128,79.22238152022533,87.93256870291843,1016.3888092398873,1014.0443329358424,7.866571087864804,7.822094783819739,25.455523695954934,24.711190760112665,Yes,Yes
2012-11-15,Brisbane,21.443478993703277,29.327348874014547,0.0,9.519776636224009,8.33464190708509,NE,33.0,N,NNE,7.0,13.0,57.10939549605817,60.98176741732363,1016.8346419070851,1013.8708278677178,2.0,7.0,26.95806505984437,25.15469774802909,No,Yes
2011-09-05,Brisbane,21.27620018711519,24.635512316964565,25.60074960945058,3.022267539870894,0.9788899284177305,E,35.545113813886104,ESE,ESE,10.957779856835462,13.0,89.16888057265815,89.73510445812651,1011.4909772372228,1009.4497106329279,7.804222014316454,7.804222014316454,23.76353414416583,23.559312129849378,Yes,Yes
2011-10-19,Brisbane,19.403025149991254,27.49394970001748,13.73344670019235,4.3984874250043715,5.800756287497814,S,28.098317374715847,SSE,ENE,4.0378143748907105,9.030251499912568,82.91680837524044,67.93949700017487,1009.3703347372966,1004.8862167747508,7.9924371250218575,1.0453772498688527,22.120419762440985,25.004537724986882,Yes,Yes
2013-07-10,Brisbane,13.104343557627969,27.236666556710187,0.1294949428309206,4.775555628859874,6.248888742280253,W,43.532322999082226,ESE,NNE,5.877778144299367,9.820202286763177,67.23737357077302,53.69798043106255,1013.8,1008.2518182717826,3.0,4.057575857536191,20.097878957811524,24.2237373570773,No,Yes
2012-08-24,Brisbane,16.71181670630008,26.136499188465045,3.0533038664299554,4.7223633412600154,6.5549236276250324,ESE,29.184244391599897,WNW,ENE,6.0,11.0,85.45076372374969,59.509847255250065,1027.1622307401947,1024.3704582342498,6.0,7.0,19.634180047560097,24.277286968885043,No,Yes
2009-04-11,Brisbane,21.679143349044157,30.773929186305196,0.0,8.161731866162661,11.03477655513555,N,29.5130354068474,E,NE,8.5130354068474,16.999999999999996,61.0260708136948,53.8347301445081,1012.5860800958202,1009.6399907178745,3.2434822965762993,6.026070813694803,27.80870574144075,29.325232726989938,No,Yes
2014-04-20,Brisbane,15.178110363438892,22.941627635837044,0.48755854624443207,5.668662180633351,3.892703454479631,E,32.85406908959261,SW,ESE,6.0,6.072965455203693,69.21889636561109,70.1674472832591,1027.736482727602,1026.0656689096834,5.78110363438892,7.0,20.29055181719446,22.122731270225966,No,Yes
2010-12-27,Brisbane,17.898663048552194,24.840850221754888,0.9758930438841756,4.855358263305054,1.6397326097104392,E,31.794652194208783,S,ENE,3.8794652194208785,10.698663048552195,71.32588258637034,49.84374346405385,1021.4758930438841,1019.934823482726,8.0,7.939732609710439,23.217860877683513,24.604689787581147,No,Yes
2014-12-17,Brisbane,24.14754882144441,32.373774410722206,1.3180151517500744,7.921323232166618,6.849143098139046,SW,57.77022727625112,NE,NE,6.934436026805514,9.262255892777942,66.14766834847168,67.81984848249925,1010.880271044528,1006.1196094284446,6.0,6.606616160833086,28.980330808041654,30.1,Yes,Yes
2009-07-05,Brisbane,20.91097361234378,27.384543524270978,0.07032453744792688,8.745131938281096,2.918468304088966,SE,39.57109493411525,SE,SE,16.890263876562194,16.999999999999996,63.21947224687561,74.42890506588475,1017.4361662115107,1015.2174643613024,6.648377312760365,7.648377312760365,25.735162268723965,24.51421898682305,No,Yes
2010-10-29,Brisbane,19.86511498241718,27.062273325518746,54.84742934737899,6.247868757326176,0.7839783196578063,NE,27.797158343101565,NNE,ENE,2.5071041422460825,13.202841656898434,84.81136662759373,72.10142082844922,1016.678295005861,1014.9261637631871,8.0,6.69573751465235,23.150710414224612,24.64483081672734,Yes,Yes
2011-06-19,Brisbane,12.234458935104959,23.479669305708715,0.09717435183726512,2.908476944488205,8.714128240813675,SE,30.429358795931627,SW,SE,6.0,14.943487036745301,65.97174351837265,53.31633286942224,1027.0632665738844,1024.8203306942912,1.9717435183726513,3.4293587959316283,17.5457615277559,21.88249495387145,No,Yes
2010-04-19,Brisbane,22.39186811873539,27.432380923926676,4.9891574916471875,8.086446864558983,1.5405128051912889,ENE,46.14835148419238,ENE,E,12.027106270882031,14.17545775507441,74.71611716139746,73.90586105757167,1011.4960073599336,1009.7757509573379,8.0,8.0,25.86347983487514,25.41611716139746,Yes,Yes
2009-04-26,Brisbane,17.06345323528558,26.718071941171345,4.290762588228463,3.313949160784769,8.544792325487578,E,33.115932862781534,SSW,NE,6.715127098038077,11.569745803923846,73.56974580392385,60.569745803923844,1017.2697458039239,1013.1569745803924,5.569745803923846,4.0,22.020427815677966,25.890173619601814,No,Yes
2011-12-08,Brisbane,16.988525670307094,22.865086638740753,1.9395880982063973,3.796861726425035,1.3828048421682897,E,29.463550175368564,NNE,NE,4.614579929852574,5.536449824631433,81.55214119250626,83.47401108728512,1018.3416802805897,1014.5109512840971,7.0,7.692710035073714,20.481235705380808,21.758319719410295,No,Yes
2012-06-04,Brisbane,21.037881871517133,24.672737845201606,12.33965648917326,4.775734668729849,0.0,W,41.833284876159304,N,SW,6.015129489163317,4.5909223065020095,81.95461153251006,92.00000000000001,1007.7605761052621,1006.122694233745,8.0,8.0,22.834855973684476,17.946988639319546,No,Yes
2011-04-09,Brisbane,13.806012935979387,23.99909034032217,0.1078322553350509,1.9078322553350509,6.701819319355662,WNW,39.15664510670101,NNE,W,5.617483830025764,19.69580638337627,72.53916127667526,59.59019403969084,1013.7460838723324,1009.2617483830026,5.382516169974236,3.765032339948473,20.13041936166237,21.801819319355662,No,Yes
2011-12-15,Brisbane,20.2066076902532,26.113215380506396,63.45778399629727,2.111307699156004,0.4867846194936022,ESE,24.669615487340053,S,S,6.047000089028047,6.179153894092026,83.08515371603593,83.57561530928396,1015.3235000445139,1013.5593308233324,7.6886923008439965,7.6886923008439965,23.286784619493602,23.301907681350396,Yes,Yes
2010-02-25,Brisbane,20.11453135343196,28.9417650017496,1.535198920053796,5.288267026648735,8.049300404979826,SSE,40.506995950201734,SSE,SE,10.220667566621836,15.2863283835799,66.83100134993275,66.15500674966378,1019.7850387780621,1017.6864379681024,5.779332433378164,4.5586648667563265,25.502798380080698,25.58073162341851,No,Yes
2013-08-15,Brisbane,13.825773988665212,24.138008247019698,0.4296904045339161,7.481238381864335,8.121857572796502,ESE,33.86460269689277,SE,E,8.432301348446387,16.432301348446387,62.17456146179429,53.56769865155362,1024.9750464725428,1022.6047368770764,5.148452022669581,5.864602696892774,21.02316304475274,22.251547977330418,No,Yes
2011-12-25,Brisbane,19.06312000366767,30.39072320132036,0.0,6.036198401173654,8.454411200953594,NE,20.36312000366767,NW,NE,4.545248001467068,7.545248001467069,66.0,61.18099200586827,1016.9820143986063,1013.0727375999265,3.4547519985329327,5.364255995598797,25.317872002200602,28.008822401907185,No,Yes
2013-05-12,Brisbane,20.84438838274563,30.288776765491264,0.0,5.530839281220281,7.6812946091521095,NE,23.1729017969493,W,NE,4.0,8.172901796949295,66.78968742135491,59.586450898474645,1015.1315468867967,1011.476642875119,6.0,6.586450898474649,26.206774550762677,28.475227663965917,No,Yes
2014-10-11,Brisbane,21.77562278133261,23.026601326679316,48.34448526916563,4.5318505946587155,0.3534696706771479,SE,29.756227813326102,SSE,SSW,2.609430466684738,6.365658280010843,92.9279364132719,91.9528476665763,1012.3487544373347,1009.9340747026706,7.878113906663052,7.756227813326105,22.729092452009755,22.365658280010845,Yes,Yes
2012-05-09,Brisbane,18.95360908934855,27.244183764115895,15.885702619027201,4.8724597398138725,2.743448048604041,NE,20.72459739813872,SSW,NE,2.3622986990693606,9.0,85.56551951395959,78.01471431023703,1012.3970571379526,1007.723125967115,6.81885065046532,6.18114934953468,21.660091552533807,23.797057137952592,No,Yes
2013-04-30,Brisbane,15.756646438105053,24.53342893588054,5.046435004449024,4.24084573462411,7.360981794294546,SE,27.420996482595292,S,SE,4.637764292070035,10.913292876210102,82.21676780947475,63.57900351740471,1025.772447141586,1022.518882146035,5.4055892698249135,5.362235707929965,19.085740017796095,22.66531715048404,Yes,Yes
2011-10-17,Brisbane,10.969650616334578,17.024082120643268,0.3265890258521285,2.1822739827652478,0.7620410603216331,WNW,18.632945129260644,WSW,WNW,3.6371233046087457,4.362876695391254,73.08027373547756,64.45568495691312,1019.5113699138262,1016.4755000618219,8.0,7.818561652304373,13.279349260021576,16.805938285873705,No,Yes
2013-06-03,Brisbane,18.41640509953672,26.22143777627013,14.884901969799763,3.7251633836670606,3.7116013898311695,ESE,37.17287601232822,SW,ESE,4.0,8.374183081664698,84.32385631433058,84.50326767334121,1017.9722224776599,1015.4297714927602,5.625816918335301,6.575490151001181,21.673954114636835,21.838071842834708,Yes,Yes
2010-10-18,Brisbane,25.025427757033455,30.388997149617104,0.3491444859330808,3.7745722429665403,3.4200491121053243,E,28.618583644498106,ENE,NE,6.709046261722433,13.836185046889728,81.29095373827758,75.34474018755893,1014.8621039249764,1014.1801964484214,7.290953738277567,6.709046261722433,26.80537864492814,28.016381495311023,No,Yes
2013-02-25,Brisbane,15.031318461593704,22.00381076921473,2.0565046154273854,1.2275076923789754,1.9717476922863073,ESE,21.038107692147307,WSW,ENE,6.679369230715768,8.786246153810511,84.7481384616632,70.03066153880012,1020.6748138461663,1017.6572492307621,7.1068769230947435,6.1068769230947435,16.809943076974758,19.942750769237897,Yes,Yes
2010-10-14,Brisbane,21.837505885517572,28.659612668222653,0.22692488785156142,7.0,7.866367432255847,E,33.865375560742194,ENE,ENE,15.269248878515615,14.461502242968775,66.4326877803711,62.59612668222658,1011.0028343621193,1009.0893719181934,6.432687780371096,6.432687780371096,26.710580997666018,26.92692488785156,No,Yes
2012-06-04,Brisbane,18.771718608149317,27.574343721629866,0.3026251134805455,6.640812102818091,8.474343721629864,SE,41.46062329779182,SSE,SE,11.0,12.486874432597272,68.0,66.05250226961091,1018.4038148263511,1015.7525022696109,4.256562783701364,5.230311648895909,24.9177809379285,24.39737488651945,No,Yes
2009-08-22,Brisbane,13.622243874857453,21.688878062571273,1.9703415001900637,3.2961952506652232,5.2629268752375795,E,34.85170750095031,WSW,SE,8.814634376187898,13.0,71.51902374667388,64.44487749714905,1028.966634187714,1025.7703415001902,6.03707312476242,5.074146249524841,17.122243874857453,19.496292687523756,Yes,Yes
2013-04-06,Brisbane,22.31316348262406,32.42531847007989,0.0,7.296709129343984,10.608864116799811,NE,24.000000000000004,NW,NE,5.032908706560151,9.0,63.58227176640038,60.71390659264098,1013.5207537191043,1010.6306263310723,1.5164543532800754,1.0,27.693418258687974,31.012154987455826,No,Yes
2010-04-09,Brisbane,23.517977649325474,33.276179884392924,0.0,6.605992549775158,10.385018625562106,ENE,27.223970199100638,E,NE,7.388014900449684,15.447940398201263,58.58202235067453,46.13408195247326,1012.6580521515739,1009.3356551316638,3.805992549775158,3.0,29.29258435452783,31.77318360950535,No,Yes
2014-03-04,Brisbane,22.359365681962466,30.59520388794063,0.9895016072562243,6.859365681962467,6.48606474813443,SE,35.0,NW,E,4.0,7.899546915687476,72.29682840981233,69.74207102453083,1017.0952038879407,1014.3296828409813,4.3493203735312145,6.3493203735312145,26.434932037353125,27.091313944506314,No,Yes
2012-04-10,Brisbane,21.922159789729157,24.969762401435542,0.4517926905579511,3.8523973882936153,0.05643629271126491,ENE,26.30388772998373,ESE,SE,10.609287204306627,9.173650131419276,83.39071279569337,95.2634986858072,1007.637861884098,1005.6814255913868,7.956587467145181,7.956587467145181,24.570064750303377,21.652246213859698,No,Yes
2013-01-07,Brisbane,22.4,32.40407936006451,0.0,9.192933026306848,9.117667434232876,NE,26.53260550237609,ESE,NE,4.53260550237609,11.532605502376088,58.633151375594025,58.361389892226654,1011.3853201793959,1008.4817866925492,4.798908253564134,4.899454126782067,28.82364266149016,30.064406883995268,No,Yes
2013-05-29,Brisbane,11.804859665779334,17.897947018633978,0.2,3.5028066844133137,0.951403342206657,SW,13.0,SW,SW,5.9028066844133145,2.0,68.29157994676007,67.09719331558668,1021.7284042916287,1020.1603689707181,7.048596657793343,8.0,13.865982339544658,15.890280668441331,No,Yes
2012-11-29,Brisbane,20.13580926761954,27.079677635970732,8.605184684839246,6.1674143726731225,1.8649966424536266,ENE,31.179046338097695,ENE,ENE,10.382269978390358,15.788717258975682,66.97582269780503,61.38226997839035,1016.8138750834439,1014.5317797172537,7.398388179853669,7.0,24.918710543882938,25.87967763597074,No,Yes
2014-01-08,Brisbane,13.671216710859817,23.870108965490342,0.4915133156560741,7.233946737375703,7.750920106063555,ESE,34.27675543770716,SE,E,8.63837771885358,16.638377718853576,63.92621061025543,53.36162228114642,1025.9642130504972,1023.6557263661532,5.457566578280371,6.276755437707161,20.724352307662308,21.942433421719628,No,Yes
2009-08-12,Brisbane,19.24312782877822,26.401024597104016,1.9452542193664972,6.467349731402675,6.7073651706787265,SSE,30.42103231674204,WSW,SE,8.652619390045224,11.0,80.7684129266968,81.33674865701337,1015.488459244525,1012.718983122534,6.8842064633484075,5.8842064633484075,21.6199691214479,22.25998456072395,No,Yes
2009-10-27,Brisbane,22.761431338651903,32.377192022805104,0.0,8.119311680728504,10.978912820983842,NE,32.965037035336124,NNW,NNE,9.456159543897865,13.912319087795728,57.05271794754039,55.684239315846796,1009.7140945860834,1005.5053264948629,1.91231908779573,3.6842393158467974,27.85965584036426,30.831576068415316,No,Yes
2011-09-04,Brisbane,16.520700427385115,23.451064555458537,73.75260298458998,12.109411672385448,0.8057703916512613,E,33.39523772156014,ESE,SE,9.939775800458866,9.515686120642414,85.54705836192723,87.09159644082597,1024.0159381489452,1022.764369536881,7.787955160091773,7.787955160091773,20.73274526729335,20.46938384362373,No,Yes
2013-04-02,Brisbane,20.905490494425496,25.600702660204643,22.33036654580261,4.145095055745042,3.7345825070304794,E,31.05490494425496,ESE,ESE,8.221961977701984,12.221961977701984,85.71844867667876,79.66120153174165,1014.8398387813878,1012.7398387813878,7.610980988850992,6.443923955403967,24.400468440136432,24.856310264664245,Yes,Yes
2012-07-30,Brisbane,14.1,22.139851245652068,0.6355886120773181,3.0,2.9097768684781027,E,19.055142349033524,WSW,SE,4.0,7.233085409420114,85.58897153019329,88.1904590736726,1027.113531672464,1024.6736804268119,6.411028469806705,5.766914590579885,17.23558861207732,19.03859964432347,No,Yes
2010-12-26,Brisbane,21.932027739426655,33.07188904229338,0.0,7.464055478853312,11.883986130286672,NE,24.96083218279968,NW,NNE,4.8006934856663985,9.640554788533118,60.03916781720032,54.16013869713327,1010.8195839086001,1007.4434313417536,1.0,1.3202773942665593,27.86797226057335,31.991819693726736,No,Yes
2012-11-01,Brisbane,18.36991444342736,28.62992369278656,0.21994912852437543,3.6200416221164193,5.2598705089711375,W,32.80004624679602,SSE,ENE,4.299930629805966,6.699838136213921,72.90002312339801,71.90025435737812,1014.1701225540095,1010.6001156169901,4.900023123398011,7.400138740388067,23.959916755767164,25.24984969791293,No,Yes
2010-10-25,Brisbane,14.573133310304405,22.8040817240731,0.0,1.8602641379081541,1.7903962068622314,W,24.594477930935334,SSW,ESE,5.293157241394564,6.0,83.3452579311565,74.93973586209184,1014.1827371034422,1010.9706842758605,6.939735862091846,8.0,18.556686758561202,19.492028896491473,No,Yes
2014-04-15,Brisbane,24.14983781384545,33.665593143076066,0.42636700615406775,8.95776954051228,7.181456596409727,E,32.52625888205104,S,E,7.18435279487241,13.105035528204144,58.07931726666827,57.789928943591704,1012.4896045712826,1011.2632375651286,5.236870558974482,3.9474822358979282,29.69721192564035,31.57609669589649,No,Yes
2013-12-17,Brisbane,17.69520868506088,28.11468316981702,0.0,8.053786751829131,9.24142193323175,NE,32.341576545731584,NNE,NE,4.658423454268414,13.683153091463172,50.97527036280525,52.56105103048772,1016.4047913149392,1012.1486862118903,1.2194744847561383,3.0,24.73415765457316,26.22442041219509,No,Yes
2010-10-18,Brisbane,23.58015517156149,28.160310343122983,13.64124137249193,2.714495692425154,0.054961207109627215,E,34.64883621328882,E,E,14.450387928903728,14.999999999999998,88.54961207109628,92.90077585780745,1008.8541853493023,1008.3618211244185,8.0,8.0,24.807635775116303,23.852674568006677,Yes,Yes
2012-06-13,Brisbane,12.764522863702737,18.095124249634953,9.554353813403031,0.41286281778358597,0.0,SSE,23.95124249634954,SW,SSE,4.3547713629726434,8.773856814863217,98.0,81.5964711333769,1020.4614115466493,1015.7727187059061,7.177385681486322,7.0,13.46607852222948,17.306431408891793,Yes,Yes
2010-03-15,Brisbane,18.006710748364032,22.469439604931807,7.491402702566083,3.8305046985404947,1.7373268399599278,ESE,46.79644968797103,SSE,SE,12.457570478107423,14.152523492702473,84.9489731806735,82.5590671514834,1021.9560738047314,1020.6170832018124,7.576261746351237,7.576261746351237,19.223682557121062,20.340654365878095,No,Yes
2010-11-18,Brisbane,20.39496557403862,25.19311078552653,36.579614722873046,4.332980040283412,0.5984101812753533,SE,39.01059879149765,SSW,SE,4.0,11.66490020141706,83.67019959716588,73.35364768370383,1018.8007949093624,1016.3686097784412,7.667549899291471,7.667549899291471,22.39708533233815,23.79284581573909,Yes,Yes
2010-02-25,Brisbane,22.080892937233067,32.47642825106773,0.0,7.761785874466132,11.809553531383468,NE,29.42678811699199,NW,NNE,8.522323430826658,12.617858744661326,55.57321188300801,54.904464686165326,1008.586605941504,1004.3916947867222,1.0,2.8089293723306636,27.719107062766934,31.024195907985067,No,Yes
2014-03-11,Brisbane,22.476140675323425,27.472490514288456,14.744714472678341,5.218384083124124,5.053260529880241,ESE,35.265969454527976,ENE,E,10.76140675323427,14.999999999999998,72.66036093502623,73.53193890905595,1013.5275761246862,1011.1780323948155,6.752281350646854,6.128422025970281,25.46147339220892,25.474315594805944,No,Yes
2012-06-23,Brisbane,20.274595964716795,27.677651518105844,0.0,8.813181821727014,4.455303036211688,ENE,29.1623737511606,ENE,ENE,6.0,13.0,59.64469696378832,58.35530303621168,1016.0680050538532,1013.8553030362117,6.548232321262771,6.096464642525541,25.368005053853295,26.522828285979568,No,Yes
2013-09-06,Brisbane,18.683842850573782,27.779912694763212,13.78835456791125,6.840174610473577,5.512226993615651,E,28.106259242228322,S,E,7.279476168579266,9.480349220947156,72.13391536824525,66.69286770540378,1016.7441047662841,1013.2759825389526,6.413391536824526,4.933042315877371,23.805094699019445,25.7,Yes,Yes
2014-11-21,Brisbane,20.018418470068326,27.62713464437363,2.438453989430481,5.163163059863354,3.2447445897950327,E,32.00808524646918,SE,E,9.823900545785955,7.672056830979454,71.52829836264213,73.52829836264213,1016.7392625140774,1013.8536383609111,6.336028415489727,7.168014207744863,25.079964480637845,25.29676590141233,Yes,Yes
2012-02-05,Brisbane,21.684308609326962,28.16318637044976,3.9258918177479587,5.284248493933018,3.294629267189781,S,30.210621234832548,SSW,E,4.0,10.473747489888364,82.26312625505584,76.105611194386,1012.3211823542711,1009.0001803461818,7.263126255055818,6.158116214609275,25.56330660123766,25.515811621460927,No,Yes
2013-11-23,Brisbane,19.815566721650576,28.025594155086456,3.5050090972737586,8.913985387716144,1.6393144473321342,E,36.0395795428026,ESE,E,10.039579542802601,15.627970775432285,66.93930520844378,70.8416818287896,1018.8279707754323,1016.7730896064496,7.137202922456772,7.137202922456772,24.939314447332134,24.137202922456773,Yes,Yes
2015-09-08,Brisbane,21.601498459791216,26.473830640617273,0.31330407996368975,7.713304079963691,3.0191158609712994,SE,29.083699000453883,E,NE,9.916300999546122,7.517178600635429,72.18238259881991,69.04934179918303,1013.134539259428,1010.471015779192,6.48282139936457,6.699561199455346,24.29356736029049,25.413742880508348,No,Yes
2010-11-21,Brisbane,18.710572022144355,26.140286955392742,0.0,4.421144044288711,9.934000377728227,NE,37.7557107782379,N,NNE,6.712856333439515,16.42571266687903,72.56428166719758,63.94713988927821,1020.8692845001592,1016.4128563334395,4.191429111040323,3.382858222080647,22.86900132204879,24.873286766528636,No,Yes
2012-01-19,Brisbane,21.177797291164435,32.2257924018625,0.0,7.319628807442457,4.407809514419288,SE,42.692698381397626,WSW,E,4.0,4.212747274417028,67.14183151627802,48.212747274417026,1005.1602344892982,1001.6413236204611,7.0,6.023638586046337,26.344703270699572,31.413973108839333,No,Yes
2013-10-19,Brisbane,16.801270745788973,25.583973847296075,0.4567886001773064,6.298760100620572,7.95926839893616,ESE,34.28394300088653,SE,E,9.71605699911347,16.28394300088653,65.9259145013298,56.22225649601061,1022.6876010062058,1020.6308124060283,4.567886001773064,7.0,22.455579547207424,23.58397384729608,No,Yes
2012-05-25,Brisbane,16.550205048427124,22.35716238556449,3.407367433991609,4.471487156693463,2.306957337137367,E,29.82128210826634,SW,ESE,5.214188072177562,5.035470180443904,78.67940138649072,82.64256421653269,1024.2316497644968,1022.34229081863,4.9645298195560965,7.392905963911219,19.096452981955608,19.228649542257948,Yes,Yes
2012-02-08,Brisbane,16.632119909584873,24.589523958827233,4.418678965085628,0.8346236222003021,5.169477839756129,E,23.346236222003018,SSW,NE,7.90660517457186,10.986328460145229,78.1867896508563,71.78586726943418,1020.6769889776025,1017.6396310474313,4.81321034914372,4.26651293642965,20.06811068577065,21.13758852552678,Yes,Yes
2011-03-10,Brisbane,19.24376193252189,25.795841288347926,0.9536105807768048,5.417504773008756,2.697372513298694,E,31.84026451942012,S,ESE,5.159735480579877,10.0722116155361,71.8555767689278,58.04593674852305,1020.0387332944694,1018.6459544560229,7.7680529038840245,7.7680529038840245,24.37264657873633,25.36389419223195,No,Yes
2011-09-28,Brisbane,16.50274862825195,23.511842632346433,5.296369207370073,2.887275203275588,0.5481846036850369,E,25.654564024566913,SSE,E,2.0,11.43637601637794,83.99083790582684,64.11808587307095,1023.70726158526,1020.833627388126,7.0,8.0,20.95548023398423,22.372752032755884,Yes,Yes
2012-06-20,Brisbane,20.156685801111703,27.235028701667556,19.624117845579857,3.843314198888296,4.889390230183506,SE,38.62209465925531,SE,ESE,11.377905340744693,15.377905340744691,80.9171450277926,61.188952670372345,1012.9524748157313,1011.0280558838804,7.594476335186173,7.0,24.264971298332444,26.07558106814894,Yes,Yes
2013-08-21,Brisbane,21.995473602402836,29.133510980181764,84.74446096811589,4.885127550752179,5.021871672074773,NE,25.006466282281664,NW,NE,3.987067435436678,7.490300576577508,82.10346051650657,77.56789596395744,1012.0270446979001,1009.3767213837859,5.019398846844984,4.522631987985815,25.386420807208513,27.232864351953598,No,Yes
2009-06-22,Brisbane,15.164578008623172,22.588848233955474,1.414657375742135,2.3975571040429773,2.864578008623173,WSW,13.0,SW,SW,4.0,6.963356560644663,92.98778552021489,68.26871855527247,1020.6890069681934,1015.9171002716992,8.0,5.036643439355338,16.35480642479508,21.598619817783565,Yes,Yes
2011-10-18,Brisbane,21.222795777301062,24.291350564829052,27.29782307687743,2.773046960738279,0.6821987627836656,E,34.77371678323753,ESE,ESE,10.364397525567332,13.0,91.54240989773066,91.63392791818454,1011.6452566433526,1009.5861885691195,7.863560247443267,7.863560247443267,23.532115034971262,23.268554787527993,Yes,Yes
2013-01-25,Brisbane,21.968346929714226,28.343884356761926,4.27535208385743,7.1658265351428865,6.914566337857218,E,28.609710891904815,S,ESE,9.0,8.219421783809624,79.21942178380964,75.50092671595135,1016.724277229762,1014.7499073284049,6.695144554047594,5.170867324285563,25.35009267159514,27.387768713523847,No,Yes
2011-09-03,Brisbane,12.876544985516567,21.85122879707116,0.3574087391374247,2.6,3.166344485436182,ENE,15.425912608625753,S,ENE,3.6172750724171685,6.0,81.08339326118413,60.16976862326995,1020.9787043695687,1016.649069413019,7.191362463791416,7.0,17.19597944198588,20.9703650434503,No,Yes
2012-08-09,Brisbane,19.015140885671084,27.930542040894238,0.08563992298512295,5.714880616119017,7.38850288805789,N,22.85639922985123,SW,E,4.856399229851229,6.002602695520696,73.28720154029754,62.853796534330534,1016.596356226271,1013.4389159182115,6.428199614925615,4.712798459702459,23.515401155223156,26.174142811043012,No,Yes
2011-06-10,Brisbane,16.21201117170912,22.681452512314213,3.8518435749469178,3.9129608937367295,3.4601675967622008,SE,30.236033515127357,SSE,ESE,6.847206703025471,8.694413406050943,72.71759776565818,73.63435754750535,1024.1255027955679,1020.6491061470808,7.0,7.7175977656581765,21.068491618577486,21.07913407635349,Yes,Yes
2013-08-05,Brisbane,22.222858542748572,28.68453830920538,1.1072298552322695,9.18487230264874,5.792436151324369,ENE,30.231925361919327,ESE,ENE,6.30756384867563,12.38487230264874,64.45884082218824,60.92269154602689,1017.0615127697351,1015.2539489210594,6.30756384867563,5.6151276973512605,25.746385072383866,27.523025539470254,No,Yes
2009-12-29,Brisbane,21.88688399055328,28.05015916410247,4.827980820152997,5.201748801259562,0.0,W,22.0,WNW,SSE,5.982511987404377,2.0349760251912468,73.13116009446718,91.99125599370218,1016.504372003149,1015.2,8.0,8.0,24.47901438488525,21.980763186144813,Yes,Yes
2015-06-29,Brisbane,14.656286333958215,28.35011774196052,0.0,4.8972845684367,9.8864228421835,WNW,28.567885789082506,NNW,ENE,2.0,11.0,65.38518286836236,55.540731473449505,1018.1849473844413,1013.354575392295,1.6419714472706262,2.513577157816501,22.16567260246924,26.290613731488975,No,Yes
2012-12-11,Brisbane,20.445753509137834,26.518630263706747,82.10519997616402,2.2997263170439983,0.2687671051847501,ESE,21.04109649384166,SE,S,2.5205482469208316,4.208219298768333,89.0,87.3123289481525,1013.4145206143224,1011.2873973688916,8.0,8.0,23.089589035061582,23.831232894815248,No,Yes
2013-10-01,Brisbane,17.62227665531706,23.357462515267645,23.72317367778204,4.173016451386223,0.7967726988416153,SSE,26.134917743068883,WSW,SE,4.551322365742518,5.448677634257482,85.6862401088114,88.58359537732638,1019.7815332155146,1017.902644731485,7.275661182871259,8.0,20.857462515267652,20.891483235871544,Yes,Yes
2011-11-10,Brisbane,21.735160751019226,29.216742241089104,0.11567738340128181,6.011871399184618,4.9101951303436,E,32.048708419044864,E,E,11.205482253057683,15.313547668025638,62.25419067210255,66.24354209522431,1013.7550975651718,1011.3923880315666,5.470321502038455,5.891934585032045,26.44809700789167,27.038355324082694,No,Yes
2011-07-25,Brisbane,14.728788932542564,22.19170859926266,0.603153466431573,3.661139066175107,6.219328533247844,SSE,27.370803332799028,WSW,SE,6.822481999679417,11.0,79.5483213331196,67.30569533087554,1021.2228897343379,1018.0873861342737,6.274160666559806,5.274160666559806,16.98362106585452,19.941810532927263,No,Yes
2010-02-05,Brisbane,21.8,29.682322524044054,0.3494452235515411,5.584116126202202,8.653457931503526,SSE,39.15883873797797,S,SSE,13.158838737977973,14.999999999999998,60.14432296270264,56.54141980764757,1021.5599482908749,1020.623483786066,4.317677475955946,5.23825810696696,26.842612839549563,28.08377410157159,No,Yes
2013-06-07,Brisbane,11.896621721246804,19.839843098870006,0.6852659967714443,2.656974748789292,3.017327776331779,WNW,17.428291247982152,WNW,SE,5.828683500807139,6.914341750403571,75.19921549435003,89.17131649919287,1018.4629468006457,1016.0229075753633,6.171316499192861,8.0,16.06534444733644,17.69701397407179,No,Yes
2013-12-03,Brisbane,14.286721976545056,25.133817413877114,0.0,2.7385892010748214,7.796265550940468,SE,26.211618250671762,SSW,E,8.682572623992355,11.634854752015292,67.36514524798471,60.259336122648826,1026.208506236257,1023.466182586123,1.8941908746641183,3.894190874664118,20.250207451746583,22.929045626679407,No,Yes
2010-04-26,Brisbane,16.51867324718743,26.40355285235619,0.0,3.7814447379749487,7.96861425460624,SSE,25.3430712730312,SW,E,6.808132675281257,11.767469298874973,76.93012280450012,64.0,1019.0307542749471,1015.7185552620251,2.7674692988749716,3.191867324718743,21.087287501793668,23.388432457524935,No,Yes
2012-05-03,Brisbane,16.52145640836464,21.959770627306874,10.653793564576187,2.365211001230333,3.450805033210844,SSE,20.646743124231044,SSW,SSE,4.0,6.323371562115521,92.58697249692415,88.79616969249824,1022.9268967822882,1019.206513751538,7.0,7.0,18.545364659287383,20.24482797048016,Yes,Yes
2011-10-20,Brisbane,21.94397536534477,32.63599384133619,0.2719876826723856,6.8560246346552285,5.089306645790169,SE,39.60015396659518,WSW,E,4.0,5.586594815588916,69.0399076200429,50.719876826723855,1006.2772573764797,1002.6185978949209,6.320030793319036,5.320030793319036,26.622665640222706,31.51867487821841,No,Yes
2013-01-15,Brisbane,22.712509235420157,28.096506280085702,11.655899518628694,2.7160029553344502,0.7740044330016752,SE,38.41998522332775,SW,SE,7.225018470840313,16.1600295533445,75.38993350497488,62.87002216500837,1011.2329830068269,1011.0394818985765,7.354996305831937,7.354996305831937,26.486513668421832,26.7354996305832,Yes,Yes
2013-10-02,Brisbane,20.427769537098435,28.64859668992226,0.21388476854921865,8.061152314507813,4.962481458471484,E,31.41654305647656,SE,E,9.0,13.138847685492186,66.06942384274609,42.38847685492187,1020.8028066201555,1018.5889218516063,7.652880786269533,7.0,23.70413576411914,27.11388476854922,No,Yes
2010-08-12,Brisbane,20.91759835545594,27.234307623634884,43.018681921778644,3.1466325854568424,3.5296065781762382,E,30.0,ESE,ENE,5.557179372724811,11.152478327266163,90.21410313637595,80.46632585456842,1014.1967603899936,1011.5891364736304,6.961880418183459,6.442820627275189,24.02668370727158,25.986213602725716,Yes,Yes
2014-10-28,Brisbane,20.214608387524375,28.797162309223353,4.848414669320483,9.013522512718442,9.48789633266988,ESE,38.459099491262286,SE,E,7.0,13.13522512718443,77.97162309223354,86.7011728378647,1020.3377298473787,1019.3092659765535,2.067612563592215,6.72954974563114,24.498581154611685,22.721702614465986,No,Yes
2009-12-17,Brisbane,23.260606063298013,28.760606063298013,0.6787878734039707,6.040998221902612,2.5811051742493207,SE,44.39750444524347,SE,SE,13.798573968710556,14.39750444524347,67.59893047653291,70.60427809386833,1020.0023173008452,1019.3426025071032,7.199643492177638,7.199643492177638,25.88003565078224,24.679500889048693,No,Yes
2010-09-01,Brisbane,16.790795372011907,23.742499740608856,0.6130303344716536,6.213030334471654,6.008787658698425,SE,30.298863754268698,SSE,E,4.467424163820866,9.33712081910433,81.15719795223917,72.3909100341496,1025.6586365051226,1023.1716668395941,4.065151672358268,6.065151672358268,20.685416450507383,21.652840614328248,No,Yes
2014-06-16,Brisbane,16.02791898068933,25.76793089529384,1.0119737878700767,6.675992851237294,7.948014297525413,ESE,32.29994042697744,SE,ESE,11.0,14.999999999999998,61.05986893935038,48.32009531683609,1023.8800834022315,1021.3320691047061,5.0,6.459988085395489,21.799940426977447,23.93592136361023,No,Yes
2010-09-07,Brisbane,19.339841824877084,27.59187345990166,0.17601581751229164,5.415857642389375,6.87215026636677,E,33.23984182487708,E,ENE,6.839446387069792,15.479683649754168,67.88007908756147,51.91873459901667,1018.8841423576106,1016.2920711788053,7.0,7.0,23.207731102291042,25.819920912438544,No,Yes
2012-10-06,Brisbane,14.264560311907397,24.107718840477293,0.7680697880961729,5.622456633332143,7.5466680047586765,ENE,35.159651059519135,SSW,SE,5.952632107141582,13.508773690471939,63.585962095244895,61.07718840477296,1023.6538594202386,1021.4680697880962,3.0947357857168347,4.74561315476403,19.801227313097066,22.02842073571505,No,Yes
2010-12-02,Brisbane,19.27853536755021,28.48456360468748,0.09340844268973293,4.772507130412937,9.410929833928547,ENE,21.664788932756675,ENE,NE,5.7307045058593475,8.065915573102671,62.401126640346,57.33521106724332,1020.5885068458986,1017.5418026245536,4.868168853794659,4.868168853794659,25.12467626872208,26.730704505859343,No,Yes
2011-06-05,Brisbane,16.57833123442312,23.705364861603886,0.8702664987538496,4.221598992523099,1.3756662468846244,E,26.513324937692484,S,ENE,3.3513324937692484,9.378331234423122,77.13534256853826,53.54067254361526,1021.3702664987538,1018.7729314862924,8.0,7.675666246884624,21.105329975076994,23.310764609734658,No,Yes
2011-11-02,Brisbane,20.833598469553444,24.73210707831533,14.324252417794625,4.934791582543929,0.0,SE,21.331013391407385,SW,SE,2.0,8.333996173883603,89.33101339140738,88.67196939106883,1014.9368795302772,1013.6046730258795,8.0,8.0,22.7334990434709,22.89870746092697,Yes,Yes
2014-05-28,Brisbane,18.851719137449592,27.150873050890134,0.0,4.911899140493755,7.836435650718008,NE,22.644104358414477,N,NE,6.0,10.322052179207239,63.01692173118914,67.66102608960362,1019.1211521639865,1015.2152295580702,3.6525652240090496,6.0,24.450873050890138,24.887308701608138,No,Yes
2009-12-28,Brisbane,21.836705101188606,28.050184570379926,4.7718689338616045,5.183590211419269,0.019340107970147215,W,21.97069680610584,WSW,SE,6.0,2.0293031938941626,73.00586063877884,91.9824180836635,1016.5123073414355,1015.205274574901,7.988278722442335,8.0,24.44725425099051,21.973627125495252,No,Yes
2010-02-14,Brisbane,22.07776986334643,29.166183918984938,0.13236783796987572,6.732367837969875,6.575379868231831,SE,46.30919594924689,SE,SE,13.0,15.647356759397516,69.64735675939751,68.36712567105435,1020.3734251342108,1019.0792181063916,6.3381608101506215,7.0,25.833816081015062,25.59131054172888,No,Yes
2013-06-10,Brisbane,19.14575296357189,25.819103215681963,26.732994957798507,1.9386802016880598,2.4542470364281095,SW,26.864382408929725,N,SW,2.0,8.115566834740049,91.21108291314987,80.28654823522947,1011.5592047283424,1008.9687563361834,7.442216582629975,7.442216582629975,21.913087988782898,21.90200507563302,No,Yes
2009-09-02,Brisbane,22.1922602040957,28.042414540784673,13.30588775563654,3.307739795904302,3.712072703923393,E,24.383903061435475,SSE,SSE,6.191951530717739,7.114553571674722,75.73065051023924,72.69349489760754,1009.8507716834448,1006.8931862242296,7.0,6.461301020478492,26.234674744880383,27.23065051023925,Yes,Yes
2013-10-17,Brisbane,16.277315918615795,18.519069183875338,6.792001939342285,4.04690469404836,0.0,WNW,21.186850510553462,SE,SSW,2.930411224567436,2.0,81.11726173512092,88.13917755086513,1021.8900812752423,1020.1505195915572,7.534794387716282,8.0,18.12602806141859,17.12383647984417,No,Yes
2014-06-05,Brisbane,15.013451894528012,24.22548036304817,0.0,4.9007117130039255,6.656370090762041,SE,26.300711713003928,SW,E,6.0,9.36085405560471,58.36085405560472,55.54128108340707,1020.364733150853,1017.8887900878933,2.240569370403141,6.819572972197644,19.397651174169106,22.22925261488691,No,Yes
2012-12-20,Brisbane,15.688190826015106,22.075081273648834,5.777682030411591,5.463272099663942,0.9626219104732541,SE,25.373780895267462,SE,ESE,8.124593631755818,8.12459363175582,66.12784457770927,65.69339233954062,1024.536727900336,1022.0367279003361,7.0,7.43770318412209,20.100325094595345,20.2,No,Yes
2011-08-17,Brisbane,13.727962983659147,19.465261390429017,0.0,3.7271241464838596,4.35848576451718,ESE,37.08474943098924,SSE,SE,8.91525056901076,13.169498861978479,73.32200455208609,66.3643792675807,1030.2864271053397,1028.4567648044933,6.745751707032281,6.830501138021521,16.480511959439777,19.00593678873655,No,Yes
2015-08-26,Brisbane,13.697241773446684,24.45060588471532,0.3298788230569361,5.470121176943064,7.0151067553744895,E,23.649394115284686,SW,ENE,5.649394115284681,7.000000000000001,59.98015002008021,85.44212349870085,1022.3928332365934,1019.0629544135364,2.8765147117882983,5.3506058847153195,20.278499709780277,17.37772648121894,No,Yes
2011-12-30,Brisbane,18.808015650626132,25.98701124888753,3.8840176069543966,4.0140029344924,5.435007336230998,SE,35.110092925592646,SSE,ESE,9.0,11.140029344923994,71.070014672462,60.929985327538006,1020.3359726114044,1017.5329789694713,7.0,7.0,23.250024454103333,24.515017117872333,Yes,Yes
2011-04-03,Brisbane,17.73691882742511,26.35467797464338,0.4794397868045661,5.961680639586302,7.294864712375189,SE,36.59813262268189,SSE,SE,11.0,11.401867377318112,68.20093368865906,73.4065358206134,1025.5247618121612,1023.0060689762838,4.799066311340944,3.803734754636226,23.457012196291025,22.974771343509286,No,Yes
2012-01-23,Brisbane,20.631768641238832,27.649841241737686,0.1856689262107675,7.535827684473082,6.256371745583048,E,29.249206208688435,ENE,ENE,11.105895470796106,12.071655368946162,63.320861577634595,58.392516946580756,1011.076031928705,1008.6473697811266,6.535827684473081,6.535827684473081,25.7604307888173,26.403424010184995,No,Yes
2013-05-14,Brisbane,20.241691124116798,27.25166177517664,2.4320234791521274,5.561329420141312,5.871603077296323,SE,38.41994130211968,ESE,E,13.0,11.193352899293439,73.58005869788032,85.38670579858687,1016.9516617751766,1015.012991195318,7.096676449646719,6.193352899293439,24.235347029505412,23.335347029505407,Yes,Yes
2011-08-18,Brisbane,18.657329258941065,23.858071131457436,25.841468466061745,5.248887191225444,1.1908160597680073,SE,22.205934980130962,S,SSE,4.251854681290926,6.450370936258186,90.45037093625817,79.1451778286436,1021.015118920363,1018.2952672948661,7.09925812748363,8.0,21.242069603560342,22.287848569702525,Yes,Yes
2013-05-30,Brisbane,22.107665643144806,32.36875963515625,0.19506933688380315,9.678351312918133,9.773151001331426,E,33.0,NE,E,5.512326657790493,15.536979973371475,57.852080106514094,61.317796617847705,1011.5920647083846,1010.4800076990647,2.4630200266285236,3.756163328895246,28.619992300935298,27.895338985354307,No,Yes
2012-02-18,Brisbane,20.82679973213085,29.18660013393457,2.015914840586096,5.903685963021353,3.9190153093571087,ENE,20.21357286358473,WNW,ENE,6.347571524238982,6.518429815106766,70.78642713641527,61.30485695152204,1015.3128143718151,1011.5475715242391,5.609713903044072,5.609713903044072,24.95611443878237,27.969514304847795,No,Yes
2012-03-19,Brisbane,17.97649434287158,25.971755998987064,0.0,5.471229516333232,8.236141240820452,ENE,22.670176551025566,SW,ENE,3.3298234489744365,9.015794479615037,74.67017655102556,65.30876414282106,1018.0591204152951,1014.8617528285641,3.670176551025564,4.994735173461654,21.97280896429474,24.438247171435787,No,Yes
2011-10-29,Brisbane,13.577310321524221,17.575055474444277,22.086249019743228,3.0227501960513536,1.3909402666298416,SSE,35.77269976473838,WSW,SSE,6.613650117630813,5.431850274471896,94.52264933342539,95.13629945105622,1022.1954096157393,1018.9385946431865,7.795449960789729,7.590899921579458,14.625045388181679,16.018220329366272,Yes,Yes
2009-06-14,Brisbane,21.00923327078082,30.178675338706846,0.0,8.54174225558356,11.487386616624656,NE,29.563066916876714,E,NE,8.490244736356168,16.41742255583562,61.708711277917814,55.76202293115069,1012.5412202627205,1009.6829625183042,2.8543556389589053,6.708711277917811,27.39661988740548,28.793239774810953,No,Yes
2010-10-18,Brisbane,18.99274837189645,23.210069412824183,42.54946640545386,5.0916399110507236,0.7039262455663606,SE,36.89930587175821,SSW,SE,3.530715836289093,10.061431672578186,81.94965293587909,81.46928416371091,1017.8329327579806,1015.9033253825372,8.0,8.0,22.191639911050725,21.475427330968724,Yes,Yes
2015-06-15,Brisbane,20.280547267352553,29.219452732647447,6.563146787277183,6.241641802057661,9.799657957904653,E,29.996579579046543,ESE,ESE,8.597263663237232,12.597263663237232,61.61094534705107,49.20820901028829,1017.622873153601,1015.7225311115056,7.0,4.0,26.36041045051442,28.320136816838136,Yes,Yes
2014-04-13,Brisbane,19.752416013330418,28.286617581337413,1.0171007840034991,8.491449607998252,7.159852744012246,SSE,28.762080066652086,SE,ESE,9.914496079982504,15.78067189335666,67.39033594667833,47.98140817329543,1018.0390335946679,1015.5066912093314,1.9144960799825046,4.457248039991252,25.204832026660835,27.147583986669588,No,Yes
2015-04-19,Brisbane,16.2120263965466,21.015784645467413,55.77757282130069,3.4345758900714745,0.0,S,32.93235151942538,SE,SSW,8.98496700431675,12.932351519425376,94.8496700431675,94.94738451510862,1017.195490101295,1009.5450989870498,7.992483502158375,8.0,17.931569290934824,17.523301143309038,No,Yes
2010-11-14,Brisbane,15.43579554754824,22.49929603151039,86.94248827469572,12.576605613960915,0.20439728981197294,E,37.0,ESE,SE,11.0,10.635004839621478,88.10202516603168,87.10202516603168,1025.3459113247143,1023.9386114215067,7.927000967924295,7.927000967924295,19.537994192454228,20.001494676416378,Yes,Yes
2011-11-05,Brisbane,20.566090026410826,29.92613289613027,1.6600428697194405,5.455725633795582,8.950107174298601,SSW,29.380128609158323,SE,ENE,8.079914260561118,15.159828521122238,69.84017147887776,53.36068591551105,1014.0976270334407,1011.1216013116092,2.380128609158321,3.079914260561119,25.958098600354717,29.04816290493388,Yes,Yes
2012-11-21,Brisbane,13.199999999999998,23.42101664718821,1.347253271002274,1.4,5.32115338787301,E,20.631866822494317,SW,NE,2.789833528117893,6.842033294376422,89.63049941564633,67.26236623814064,1020.1939595792654,1016.1256896610748,4.6840665887528425,7.0,17.805219976625853,21.615796670562357,No,Yes
2011-07-26,Brisbane,22.31496972954333,28.743712606818384,35.99880697730218,2.479042022727958,2.7305395295493593,E,35.87425213636775,E,E,14.041915954544084,15.958084045455916,86.08383190908816,86.81436965908064,1013.4485042727356,1012.4299412386436,7.520957977272042,7.520957977272042,25.95808404545592,25.201796652274304,Yes,Yes
2012-06-02,Brisbane,14.596605651206625,22.140382678418767,12.416796990416007,4.292079852815455,2.5460399264077274,WSW,37.353785320041396,W,WNW,11.494342752011041,8.24717137600552,93.0,62.562229727878574,1012.5410357799931,1007.6691472663871,7.62358568800276,7.37641431199724,15.110661394403586,20.88981695361987,Yes,Yes
2011-12-23,Brisbane,20.904986193866836,28.730663578979566,53.99725305346878,3.1425990913856268,5.209815623361909,E,39.0,E,E,13.0,16.821751135767965,84.5347465926961,79.98036875327618,1019.0048294294951,1017.2761289751879,7.089124432116017,7.089124432116017,26.759364033286758,26.114801817228745,Yes,Yes
2014-05-15,Brisbane,11.779743378447128,22.772135766086596,0.0,3.6084326727948928,6.396608724036913,W,30.594867568942544,WSW,S,8.265811261490423,10.021081681987232,67.20256621552873,58.03391275963087,1016.8628780328572,1013.1544453600626,2.2236478975159604,7.244729579503192,17.690284219440745,20.143446471738827,No,Yes
2012-09-20,Brisbane,18.715195508357315,28.836396631267988,0.43422584435979844,4.285311237813891,4.738314045090571,W,33.0,SSW,E,4.0,6.893994385446645,73.38314045090571,72.36143258182382,1014.2402314589132,1010.7296308974578,5.25542696727047,7.74457303272953,23.970369102542183,25.251338766539703,No,Yes
2014-11-12,Brisbane,19.278380692434325,28.74786473949494,0.0,8.55649468235354,8.00858549243941,NE,32.478202890757586,NNE,NE,4.347864739494944,13.434608672272754,53.17437687393932,57.52224161343426,1015.2564502319344,1011.3912811563031,2.04359421848483,3.8696618487373584,25.4261565310909,26.626112080671714,No,Yes
2013-10-14,Brisbane,21.448755059727382,24.73727922301734,4.553734820817851,3.828293266852534,1.3078314739776848,E,35.03825278903348,SE,ENE,5.08985956164807,10.128112350681544,86.60230896437425,90.34608426301115,1019.266546055886,1015.5332730279431,7.782028087670386,7.782028087670386,23.784698884386614,24.08469888438661,No,Yes
2011-01-15,Brisbane,22.23110007939199,28.663117046614467,0.058251060451404706,6.716502120902809,4.7436531019622254,SE,43.0,SE,SE,12.417489395485953,13.0,67.29125530225703,70.37870227968678,1019.8437234887148,1018.7320873539751,6.126234093228929,6.7087446977429765,25.696121288420084,24.429125530225697,No,Yes
2011-12-30,Brisbane,19.17955283715448,26.902366972583142,0.007232076104952423,7.826430173481142,2.9915188584257137,ENE,26.253122663673338,ENE,ENE,6.3254434247228595,12.927679238950475,61.361603805247626,57.90400951311904,1015.155358477901,1012.3698226301109,7.036160380524763,7.036160380524763,24.581919809737624,25.66982263011086,No,Yes
2012-10-29,Brisbane,11.005933137271073,21.242502684756264,0.0,3.0606256711890656,8.154692533917993,E,25.271844796492044,SSW,ESE,4.0,11.181229864328028,77.94066862728928,62.05933137271072,1028.7574973152439,1025.1696871644053,3.0,2.6968716440546716,14.784681794892942,19.342502684756262,No,Yes
2009-11-21,Brisbane,22.29484108920506,25.636973547258552,26.010662290267472,6.968357597875179,0.0,SSE,35.47291368848433,SE,SE,6.7893377097325285,9.94754972035663,91.73688743008915,84.36801312919758,1014.4156489667237,1011.5103178215899,8.0,8.0,23.126397374160486,23.273774860178314,Yes,Yes
2011-10-13,Brisbane,15.064668396610445,24.4727093188519,0.0,7.583236118159494,6.468177329712974,SE,27.279727185056963,NW,NE,6.479045147699366,5.800682037357595,55.762182519544304,67.67836311034176,1016.659454370114,1014.2671542736766,3.4405456298860764,6.639863592528481,21.65662747436899,21.28528223023228,No,Yes
2012-06-21,Brisbane,15.348556326052401,21.762491896845393,12.148287038833937,4.108327931230264,2.7242781630262023,SE,30.561786266180803,S,SE,6.737071759708484,7.000000000000001,89.4224305582509,72.0,1027.1889517771021,1024.6801875024257,6.0,7.912357253236161,17.72384181958008,19.75732060072879,Yes,Yes
2015-03-11,Brisbane,14.193695782303106,21.513475918544085,1.1495662584248503,0.7513012247254495,4.312608435393788,ENE,30.432620407279565,WSW,SE,4.0,12.74783129212425,85.0,76.06304217696893,1027.9486987752746,1024.8234819044872,7.0,6.810873469093188,17.655870476121745,19.50717170084719,No,Yes
2011-05-01,Brisbane,17.743327227939453,25.88034252244346,13.000000000000002,3.7417492445805944,5.038878713232426,ENE,29.123384315013368,SW,E,2.8923955185752477,13.908175352163859,81.95266049923416,71.29125377709703,1017.6367298591344,1014.4398858258521,6.107604481424753,5.661406722137128,21.217357816947477,23.746483194657177,Yes,Yes
2010-08-17,Brisbane,16.561104862131604,24.38602050090827,4.644644411788649,3.444419448526419,2.780271226988014,SE,21.27734034921233,SW,ESE,2.611048621316047,8.833145863948141,83.66741654420743,73.13979499091731,1024.1666291727895,1020.4666291727897,6.1668541360518585,7.083427068025929,19.644306966895304,22.122097242632094,No,Yes
2011-03-17,Brisbane,23.017585213659427,30.451246399515423,13.139765961929188,7.917585213659426,6.397965074642269,ENE,33.412073931702864,NE,E,11.839240278034316,16.618110897554303,69.82414786340573,65.04527724388575,1014.6502628419474,1012.2311683868252,5.412073931702866,5.015092414628583,27.136679668781717,28.510039006345135,Yes,Yes
2010-07-18,Brisbane,20.1645785456853,25.588179815937718,11.895587577428628,5.341607621514507,1.9372733946874274,NNE,28.894405081009673,N,NNE,3.1055949189903282,10.788810162019342,75.70803810757253,70.9192279455532,1012.8422379675961,1007.9521671134137,7.552797459495165,4.236012702524178,22.122340578089172,24.485697529483364,No,Yes
2010-11-18,Brisbane,22.401783000081853,28.50089150004093,0.15976226665575308,6.919524533311505,2.2813669667294194,SE,39.00594333360617,SE,SE,13.798811333278767,13.0,66.60059433336062,78.19227366631198,1017.1861216336143,1016.246775400311,7.0,7.399405666639383,25.9,23.721010366713045,No,Yes
2012-06-19,Brisbane,12.6968641144607,18.467247370466147,14.425783758829565,0.8188153132357973,0.0,SSE,27.672473704661474,SW,SSE,5.0313588553929955,12.156794276964979,98.0,84.64111484926849,1019.2435540602927,1014.3857143464443,7.515679427696497,7.0,13.973519141544747,17.5094076566179,Yes,Yes
2010-01-13,Brisbane,21.25163518392865,28.97429752500037,0.18387839464288347,7.041824080356748,7.630953377679665,SE,46.95209565178743,SE,SE,13.483648160713496,16.999999999999996,70.03270367857301,67.04790434821257,1019.5936894982148,1017.8292030767864,6.080608026785582,7.080608026785582,25.791939197321447,25.990419130357488,No,Yes
2010-03-25,Brisbane,19.04301601068341,26.896963482905825,0.8012146068376679,5.191497752136324,3.0551620790600884,E,31.478744380340807,S,SSW,5.490890448717491,11.951415726493284,77.5091095512825,72.53340168803587,1020.0066803376072,1017.2569839893166,7.0,7.49696348290583,23.59392696581166,24.238157583332736,No,Yes
2009-04-03,Brisbane,19.0125471762827,28.609410382212022,3.4587855108306798,7.573337250399263,10.485100228164296,SE,42.92158014823313,S,ESE,12.929422133409815,21.91373816305644,63.03136794070676,49.16468168871044,1018.721580148233,1015.7435377067278,1.039209925883437,3.0313679407067493,24.725878551083067,26.996079007411655,Yes,Yes
2010-08-28,Brisbane,20.701152614088244,26.697150084509808,0.8297150084509809,1.5131602028235402,2.0108549746470574,ESE,31.04002529578433,SE,ESE,8.78290050705885,8.485750422549044,72.33717538029414,79.02849915490191,1011.1822925802843,1009.3782900507059,7.0,7.148575042254905,25.473134907039217,25.282292580284317,No,Yes
2011-02-07,Brisbane,18.238297314608012,24.083829440200542,19.266383177028263,1.9089357488149419,0.8706384342069305,E,30.0,ESE,ENE,6.374468456927992,4.625531543072007,74.25531543072007,71.25531543072007,1014.7906390167274,1011.9948942739062,7.208510514357336,7.208510514357336,21.875318925843207,23.179574183021874,Yes,Yes
2013-06-21,Brisbane,14.920821435606825,22.25552382828487,1.5167142575726997,4.12492861364095,3.8069404785356085,E,31.138809570712166,SW,ESE,6.0,6.930595214643917,71.79178564393175,83.88952343430266,1028.165297607322,1026.8375356931797,3.2082143560682512,7.0,19.004107178034126,18.86373818435312,No,Yes
2011-10-20,Brisbane,19.990164972898597,31.315615376070383,1.0603603225374287,7.17162145141843,9.732357284863406,SSW,33.719969623259765,SW,ENE,2.5818319894273802,12.767267204229046,70.28003037674024,58.69819838731286,1015.0447449464671,1011.62147166689,1.116366397885476,2.116366397885476,26.23415889755055,29.741065779242167,No,Yes
2013-08-04,Brisbane,22.432483455003315,32.80389293028746,0.14604023320704676,9.960268659059482,9.754765087452641,E,33.0,NE,E,5.634899416982384,15.904698250947149,56.3812069962114,61.99194679340311,1011.0159727401826,1010.0326171280143,2.095301749052851,3.817449708491192,29.067382871985696,28.09758403802093,No,Yes
2014-11-13,Brisbane,19.47336032389859,28.270243856515684,0.07612465869531601,7.76124658695316,10.423875341304685,ENE,33.57439035871078,N,NE,7.76124658695316,13.0,61.18685622824238,60.94810281519554,1017.2709349402149,1013.4411787967305,3.76124658695316,4.52249317390632,25.06505413803524,26.189620563039107,No,Yes
2012-04-30,Brisbane,13.63721827621691,19.976205436439443,22.351800300528456,1.4976205436439443,0.0,SE,33.97620543643944,SW,SSE,5.755948640890139,16.26784592267041,96.65771752489577,85.33922961335207,1017.0973152574687,1012.6196462231989,8.0,7.12202567955493,15.847041387816347,18.898231115994374,Yes,Yes
2013-03-13,Brisbane,19.241668028128938,27.519449436472776,1.5888907041719202,5.845838098451291,5.8666721125157615,E,32.604170070322354,SE,SE,12.208340140644701,10.472226760429802,65.5833197187106,63.3749795780659,1019.263886619785,1016.4979149648387,7.1319433098925495,5.263886619785099,24.8722267604298,25.825004084386823,No,Yes
2011-08-23,Brisbane,19.410519359811808,27.310519359811803,0.07762983995295153,8.0,3.779261099588326,E,26.97037299941189,ENE,ENE,8.134820598706165,13.388149199764756,63.522969798470925,56.80592540011762,1015.8240014196824,1013.0822237996471,6.805925400117621,6.805925400117621,24.677629839952953,26.304593959694188,No,Yes
2013-04-22,Brisbane,17.362990869107882,28.087161312427423,0.3779452146472896,2.3060426108298864,5.62205478535271,W,39.430517417220045,WSW,SSW,2.0,6.0,87.30966520062233,69.11027392676355,1013.7309665200622,1011.5270395671993,5.629908691078816,7.0,20.575076090767656,21.54592086560164,No,Yes
2009-05-13,Brisbane,18.292927781580403,22.298368940603932,16.9658290060078,2.2108823180470694,1.0054411590235346,SSE,31.0,SSE,E,8.132753973686286,6.914037417294122,84.94558840976465,88.9532086090196,1017.136778112404,1015.0766043045097,7.695320860901959,7.695320860901959,20.632753973686285,20.336671092858833,No,Yes
2010-12-15,Brisbane,18.742757849153758,25.62367713220501,0.0,3.5340672681382648,0.6716300493253932,NE,40.35264573558998,N,NNE,6.080919283051252,11.161838566102505,69.86713003728246,79.38161433897496,1011.5612399133921,1006.0878139059356,7.514484301692487,7.919080716948748,22.772228702035758,22.526573992543504,No,Yes
2014-07-06,Brisbane,23.520894053629547,32.52837730281587,0.0,9.591059463704516,9.498509910617418,E,31.791059463704514,N,E,7.208940536295485,15.388079284939355,56.02980178765161,63.59701982123484,1008.6552317139757,1007.2089733385689,2.611920715060646,4.402980178765161,29.63433766034619,28.458211892740906,No,Yes
2013-06-23,Brisbane,14.355278447956827,24.856172063487858,0.0,2.8858686419622246,6.91001664904587,SE,26.694098059946032,SSE,E,9.694098059946034,11.347049029973018,66.95885291008095,61.17352451498651,1025.9059019400538,1023.2579592945499,2.8676225749325432,4.694098059946034,20.30733580245278,22.60822941798381,No,Yes
2009-01-31,Brisbane,20.966058693317045,24.262622277743844,17.882051124707758,7.2068728311464,0.0,SSE,45.86465762231723,SE,SE,10.83029346658523,9.440391288780306,89.16970653341477,89.4747554445123,1016.2729315244635,1014.9610097822195,8.0,8.0,22.074544019987783,21.89151467332926,Yes,Yes
2010-12-17,Brisbane,23.234750683655538,29.28099112119508,20.835203537574692,4.915741804850616,2.4194310118101936,W,42.80850410193322,N,SSW,5.269501367311072,6.346099726537786,75.03689206959578,90.03829917961335,1005.9618415313884,1003.2387213126186,6.692199453075571,7.346099726537785,26.880991121195077,24.015601093848858,No,Yes
2014-02-26,Brisbane,21.736584698710125,27.2853642969903,21.160983615478468,3.502437156388358,0.16585063415257836,ENE,38.6829326111789,ENE,ENE,16.80488160687932,19.78049180773923,76.12194899570042,67.97561020085992,1019.0609763213758,1017.5317085624077,7.926830602579745,7.0,25.441462658538143,26.090242256818318,Yes,Yes
2012-10-18,Brisbane,15.135902792265465,23.981944154690662,0.0,2.9488893524949376,4.115207855239595,W,37.0,NE,SW,5.0770837679640035,13.40972077345332,70.20486038672666,79.35902792265466,1013.3691664928144,1008.8486804541417,6.640972077345332,7.0,20.148680454141733,18.281735256337456,No,Yes
2010-04-13,Brisbane,21.77511588907709,28.031317298162996,11.779844509074888,4.822480563634361,4.85263532544273,NE,31.04728619997797,E,ENE,13.579844509074888,17.69224732724669,81.6627915454846,79.84031098185022,1014.9089152091079,1012.7390699709163,6.355038872731278,6.355038872731278,25.384573129072685,25.562092565438327,Yes,Yes
2013-08-30,Brisbane,23.4626685799519,30.060242598177446,6.705838873222847,7.843396374484238,4.522865961886688,SE,34.734950654516304,NW,E,4.0,9.265049345483696,78.27717925435596,86.48203121790488,1015.5663075526136,1014.238589627178,6.0,7.867475327258152,26.78553454183859,24.244564149128802,Yes,Yes
2011-01-07,Brisbane,18.73473338154594,27.317366690772968,3.5873074580930226,6.393179724818328,9.103094134772048,ENE,33.27597103545475,NE,E,5.793811730455907,12.103884141819021,75.58604344681787,55.4837393190928,1018.327439102136,1015.6826333092271,7.0,3.5519420709095098,23.596747863818564,25.648373931909276,No,Yes
2012-06-09,Brisbane,20.630481471462055,28.201246956997757,4.060131638258936,4.07807411415178,7.432144080792404,SE,36.69102876205358,ENE,ESE,12.459300333593761,14.84551438102679,82.30065819129467,64.76827157154018,1013.5519917049777,1010.1438517716965,4.691028762053577,3.8455143810267884,24.677658461819195,27.308555585613835,No,Yes
2011-12-08,Brisbane,11.338814243543192,21.912938081181064,0.10258761623621282,4.743072442803318,8.346118575645681,SE,30.564690405905324,SSW,SE,6.0,14.077628487086383,59.694071217715965,55.12938081181064,1028.6922371512915,1026.1922371512915,3.0,4.538814243543192,16.482345202952658,20.115525697417276,No,Yes
2010-05-15,Brisbane,20.636248237349413,27.15061119257041,8.276210634136902,5.612505875501955,4.136248237349413,E,29.212505875501954,ESE,E,5.818758813252932,11.456276439758796,79.33121768473923,78.42501175100391,1016.8337564630522,1014.740009400803,6.393747062249022,7.0,24.866243536947852,24.671861780120604,Yes,Yes
2012-10-12,Brisbane,20.9824049004515,24.77002707512382,25.837663460588296,3.375950995485023,2.257825911331244,E,31.82404900451498,ESE,ESE,8.52961960180599,12.52961960180599,90.17948422618687,86.12201163792581,1013.7168884534083,1011.6168884534081,7.764809800902995,7.059239203611982,23.84668471674922,23.96410315476263,Yes,Yes
2013-04-04,Brisbane,22.508323000971895,34.834967725452074,0.3147095290687426,6.104903176356248,11.027935706396885,WSW,43.490317635624756,NNW,NNE,5.573547645343713,10.923224899864536,55.174838627260414,47.27935706396886,1009.2650322745478,1004.262903431849,1.1748386272604125,2.0490317635624753,29.010451843670847,33.17483862726042,No,Yes
2011-08-05,Brisbane,22.24204516296333,28.750769822939034,37.01034128792802,2.5025660764634425,2.864626635841622,E,36.01539645878066,E,E,13.994867847073115,16.005132152926887,85.98973569414622,86.46150885304836,1013.7307929175614,1012.6769438028662,7.4974339235365575,7.4974339235365575,26.005132152926887,25.255901975865914,Yes,Yes
2009-11-17,Brisbane,20.498663027772313,26.277727147212932,26.753691700137704,1.7594652111089253,0.8973260555446263,S,35.79732605554463,SE,SSE,13.797326055544625,9.587967249950818,80.63476127791985,73.0,1010.1445457055742,1006.4830750361236,7.601336972227687,8.0,23.57304774441603,25.479064119440622,Yes,Yes
2012-01-02,Brisbane,21.1,24.012308972567872,8.71297581189398,5.785229232918555,0.0,SE,22.220227827569477,SW,SSE,2.2927479843244982,9.292747984324498,87.0,88.87691027432129,1017.8705918337024,1017.6998666321348,8.0,8.0,23.0756487905947,22.361144759243697,Yes,Yes
2010-02-14,Brisbane,18.700918669228503,21.762480629353263,16.416845976460902,2.743644573624432,0.0,SSE,35.94027537833225,SE,SSE,9.307809800623783,13.735068844583061,85.63246557770847,86.0,1019.2845331395633,1018.0725882152299,8.0,8.0,20.23338424693697,19.25390490031189,Yes,Yes
2013-03-05,Brisbane,22.311459675206514,26.45457968621222,0.0,6.213634461877099,0.5794646297766954,N,24.409033856312963,SE,ESE,7.272689237541973,4.749895403240429,77.43203688413365,79.02300302782068,1013.681681255151,1011.5135089457657,6.863655381229012,7.863655381229012,25.090966143687037,25.37277291494963,No,Yes
2013-06-19,Brisbane,14.835470232626284,22.249042623204026,1.5690257116606157,4.036136669729282,3.91873477196764,E,30.819316651353592,SW,ENE,6.0,7.000000000000001,71.61282139575769,85.12905953474744,1028.045128558303,1026.6909235537091,2.974188093050513,6.948376186101026,18.92064952555959,18.527726660541436,No,Yes
2014-08-21,Brisbane,20.30263416385939,27.27571617590127,0.0,8.729667421690355,4.438030992759901,SE,33.81099773492894,SE,ESE,14.189002265071062,10.081330313238581,63.594501132535534,57.7835033976066,1018.0784656096336,1016.3162660626477,6.729667421690355,6.864833710845177,26.751317081929695,26.475716175901276,No,Yes
2014-03-17,Brisbane,13.969670486689802,24.851228042484387,0.0,2.518031642914644,7.603277687550312,SE,26.07376977682165,SSW,E,8.88934533476752,11.221309330464958,67.77869066953505,60.74180578112422,1026.4635259128797,1023.7487719575157,1.9631151115891738,3.9631151115891736,19.891801419736293,22.584424442054132,No,Yes
2011-04-30,Brisbane,18.668622573608367,25.418152109503385,22.910350210309627,2.6811291138519593,1.9261761602624574,ENE,27.80188185641993,SSW,E,2.0,9.900940928209966,90.84670675126512,79.74764767947508,1018.2035415612745,1015.419811814358,7.0,7.450470464104983,20.674045991302854,23.0577757382194,Yes,Yes
2009-02-07,Brisbane,25.16240437726854,31.09569794877098,0.0,3.7093690843096963,3.3324093041581047,ENE,26.06835567769356,E,NE,7.0,15.068355677693557,80.21390970652406,78.76959780151591,1012.9418976739604,1012.7291108057661,6.8974664834596595,6.863288644612879,27.382026813232276,28.046964707041152,No,Yes
2010-12-03,Brisbane,20.41350042433397,28.081002546003837,0.0,5.972999151332052,7.610751909502881,E,28.864995756660264,SSE,E,6.0,12.135004243339736,69.0,55.18997453996158,1018.2970093353474,1015.4430076380114,7.0,3.702506365009604,25.037752758170832,26.69175445550672,No,Yes
2010-10-05,Brisbane,21.617177106096097,24.367724199627887,44.3855610795665,3.2,0.0,ESE,35.752735467658965,E,ESE,9.570022536062146,14.376367733829483,93.62363226617052,92.87089679851155,1010.7494529064683,1008.5429977463938,8.0,8.0,22.066630012564307,22.554813879479045,Yes,Yes
2013-06-13,Brisbane,16.176410010213054,20.54176466731366,7.856505138130246,3.795086509727805,2.581323500485245,SSE,21.97543254863902,SSW,SSE,4.987716274319512,9.45700696011829,86.54299303988171,90.53070931420123,1024.8371020880356,1021.8334169703314,7.493858137159756,7.493858137159756,18.482551873053296,18.835622804473417,Yes,Yes
2013-10-15,Brisbane,17.97014441680506,24.98867948270379,0.11209766227341798,2.2854607808911327,3.1261932479417673,NNE,25.120976622734183,WNW,NE,4.0,11.241953245468359,81.17757920921525,72.89123116144307,1017.1770254538709,1013.192341817957,7.1209766227341795,6.43951168863291,21.46004467792657,23.981021300660753,No,Yes
2014-04-13,Brisbane,19.53997717341276,28.53583828934564,0.0,5.178867063147651,5.443028773802011,NE,25.584970263926163,W,NE,4.52832342130872,9.422658737046975,60.47167657869129,60.10566468426175,1016.3275605212114,1012.620370036755,5.894335315738256,6.577341262953024,25.66187301036242,27.104138884067115,No,Yes
2010-12-26,Brisbane,19.5211905300533,26.577521055929385,0.25633052587608246,7.74935579299134,4.177521055929382,ENE,29.79586842654897,ESE,ENE,7.922478944070618,14.281652629380414,67.6123947203531,61.28165262938041,1019.8837184161059,1018.5118836790439,6.640826314690206,5.640826314690206,24.95426473915057,25.990182107681548,No,Yes
2010-09-05,Brisbane,16.75368018327016,23.62585200456336,0.6271694539923203,6.227169453992321,5.909813822053758,SE,30.351885452471198,SSE,E,4.432076365019199,9.160381825095996,81.59904543726002,72.81508361976961,1025.7222625429654,1023.2494319969579,4.135847269961602,6.135847269961602,20.588210003802796,21.520286368821996,No,Yes
2009-05-07,Brisbane,19.38680190669476,24.631232972797566,16.41134705285442,3.0150491337560608,1.902060225510852,SSW,31.76082409020434,SSW,E,5.23917590979566,8.662884315715193,87.77217114305877,82.87011091754792,1016.1806212301622,1013.4045388211417,7.619587954897829,7.239175909795659,21.543296360817365,22.82257370063409,Yes,Yes
2010-08-12,Brisbane,18.579839126081477,26.02469836140277,0.26008043695926136,7.089718470642585,3.1,ENE,27.300402184796305,ENE,ENE,7.95060327719446,14.300402184796306,68.80241310877784,60.25100546199076,1019.3312467728684,1017.5065484114658,7.0,6.349798907601847,24.33991956304074,25.409879344561105,No,Yes
2013-10-02,Brisbane,21.928037279692973,27.732086985950268,18.863552643684333,4.038504383140322,1.033769001274807,ENE,37.02367690932758,ENE,ENE,15.783801174970815,18.631776321842164,76.76012426564324,67.84797514687135,1018.8567602349942,1017.1743304112398,7.543925440614055,7.0,25.658442250318704,26.562491956576,Yes,Yes
2014-08-08,Brisbane,18.058895857645464,28.32024548475613,0.0,8.591411267823728,9.067484589821735,NE,32.815951118667996,NNE,NE,4.1840488813320045,14.63190223733599,49.55214664399601,52.87730074577866,1016.0411041423545,1011.7533740677767,1.0613496271106682,3.0,24.781595111866803,26.350920298311465,No,Yes
2009-03-28,Brisbane,18.030420545478332,26.126172193435746,0.0,5.550781462290496,3.924609268854752,SE,30.219238413931556,SSE,E,13.0,12.123046344273758,62.0,66.3847682786312,1020.3199204951118,1018.3145496401886,7.0,7.78076158606844,23.704248352042587,23.753466889752094,No,Yes
2010-10-27,Brisbane,19.46558088991557,23.79548110180023,31.56173932005717,5.947241610323417,1.3794012713079606,SE,31.045188981997676,SSW,SE,3.08039915246136,9.160798304922722,79.02259449099883,81.91960084753863,1016.6170777116457,1014.7550178387764,8.0,8.0,23.047241610323418,21.83568067803091,Yes,Yes
2010-10-05,Brisbane,16.2664319116845,27.344287941123,0.0,5.6442879411229985,10.193062072808761,NE,29.883672408989046,NNE,NE,7.116327591010951,9.348982773032853,57.651017226967156,50.70918102247262,1018.0953051680902,1014.0651017226967,2.0581637955054757,2.8836724089890486,24.755920700224095,25.832655182021906,No,Yes
2009-03-21,Brisbane,19.220021363037908,28.037989252943724,5.969197903018603,3.2359357798116304,9.210267365660465,ENE,24.0308020969814,SSW,NE,6.984598951509302,11.010267365660466,72.91272739188605,59.98459895150931,1016.6589305373582,1013.0635508519053,5.0,3.9845989515093017,24.1308020969814,27.423101572736048,No,Yes
2010-02-07,Brisbane,23.79153106323197,31.601314129125072,16.39461823866322,7.330663326804361,4.153775551202907,W,30.520025048967298,N,NE,7.346683365978199,9.3466833659782,71.53775551202907,87.67104709708357,1010.5964539073876,1008.0213391780923,6.7688777560145335,6.942219439003633,28.582206914519986,26.820880260911263,No,Yes
2011-03-07,Brisbane,21.489362607451643,28.175887267652627,23.146092094615152,2.7929084049677617,0.5489365880546043,SE,27.524823855707233,SW,SE,2.609929542282894,8.829788626848682,90.0354579751612,71.90070457717107,1010.971633619871,1007.4631230512135,7.695035228858553,7.695035228858553,23.070922496511184,26.628369653223356,Yes,Yes
2009-11-11,Brisbane,18.868548513893664,25.6473311167361,16.72580594442535,7.95103677579024,3.36409363557951,E,35.0,E,E,15.0,16.999999999999996,62.1142475231561,54.44066901788783,1023.5074113181083,1020.5123076405292,7.016321074736586,7.016321074736586,22.948963224209756,23.93264214947317,No,Yes
2014-01-06,Brisbane,22.823689531028332,29.525967749881772,4.735309104688811,7.92163979156815,4.545786281382999,SE,35.0,NNW,E,4.478360208431851,9.956720416863702,76.89065864519297,83.02049739460186,1016.3129838749409,1013.9040994789204,6.0,6.564919374704447,26.408655916627264,24.737130364755735,Yes,Yes
2014-05-05,Brisbane,22.97325189393841,31.317203030301457,14.010101136388986,7.596596464648298,8.92060656565316,SW,73.32704292927066,NNW,NE,5.431002525251215,12.004254419189627,57.84073295455429,55.97872790405186,1015.2331297348459,1011.3603032828266,6.284498737374392,1.9957455808103732,28.017203030301456,29.189604040401942,Yes,Yes
2014-06-27,Brisbane,23.701751448274027,28.48729120596374,1.078615060577571,4.127169036346543,4.418492890960372,E,33.05784096924114,ENE,NE,5.514460242310285,10.514460242310285,79.81507109039629,63.514460242310285,1019.8612627698053,1017.6398778303827,7.878615060577571,6.121384939422429,25.199429699905988,27.656659821061126,No,Yes
2012-08-24,Brisbane,17.89098254427028,26.312292603297315,4.180349114594427,8.175414793405366,7.86558935070258,SE,37.78689940972962,S,SE,6.0,14.39344970486481,68.05742308162127,57.15567750864913,1024.620502072054,1022.4114846163243,2.6065502951351913,4.606550295135191,23.44589526562167,24.148362426216202,No,Yes
2015-01-01,Brisbane,20.750522905505324,29.301045811010646,0.0,6.9212549732127755,9.640418324404258,SE,39.404183244042585,SE,ESE,15.202091622021292,15.404183244042585,49.89895418898935,50.292679322925466,1017.6202091622022,1016.7686404456862,4.202091622021293,3.0,26.510104581101064,28.299999999999997,No,Yes
2011-07-19,Brisbane,13.11529680501648,18.347222205632836,0.061567731661173616,2.0,2.431925400616358,WSW,24.388127799340833,NW,SSW,3.5391932915293407,8.156773166117363,75.0764840250824,75.5315830596242,1021.5906392953129,1019.1594749178872,6.768645366776528,5.845129391858923,17.062138499054058,16.839764058922224,No,Yes
2010-10-24,Brisbane,16.764290536081464,27.73247839103263,1.8754164037398746,0.699000631024301,11.175749526731774,S,22.249167192520254,SW,NNE,7.0,6.186875394390188,64.37708201869937,60.314790220569314,1018.1304796530812,1013.9239173502764,1.0,4.186875394390188,22.807894794772505,25.720020031406623,No,Yes
2012-12-28,Brisbane,19.211369274585863,27.417022551475736,0.09811557437004205,6.596231148740084,7.026444679625526,SE,43.41520084665189,SE,SE,11.981155743700421,14.96231148740084,64.88693446220253,63.45288935925105,1026.0640077506125,1023.8036434096477,6.0,7.0,24.526444679625527,24.87550246681055,No,Yes
2015-07-21,Brisbane,10.140959012223087,18.738646809920173,2.838977124534874,3.003963775376428,0.0036334607617255184,ESE,19.03963775376428,SW,ESE,2.0066062922940464,4.006606292294046,85.98348426926486,92.00660629229405,1029.5349280209036,1025.3408736839683,8.0,8.0,13.34161964145249,17.719158247652736,Yes,Yes
2011-01-20,Brisbane,22.88374945816023,29.732645401431295,3.6372059460987964,7.4139702695060175,5.628012697887918,ENE,27.67426757444583,ENE,ENE,10.116178382963886,10.069851347530095,79.13970269506018,71.46471353185555,1016.8116899971723,1014.3907345929132,5.558089191481944,7.186029730493981,26.63492567376505,28.211762156048145,Yes,Yes
2011-04-26,Brisbane,12.584351101169617,17.99957053940063,3.199141078801257,1.5230438876462022,0.24608777529240436,SSW,24.99785269700314,SSW,SSW,5.076097191155054,8.306536067617076,80.53912224707595,83.92390280884494,1015.5319419885598,1013.0321567188595,7.384780561768989,8.0,15.091960820285124,15.792390280884495,No,Yes
2014-11-07,Brisbane,11.423144190169042,21.522501448314646,0.0,7.122501448314645,6.784979723594975,SE,30.14377534550628,SSE,SE,7.5312681039330585,11.612507241573224,57.206311553372394,58.88135500281174,1029.183752172472,1027.0206311553372,3.306253620786612,4.225014483146447,16.945645638483686,19.19374637921339,No,Yes
2011-03-15,Brisbane,18.262389583629165,27.55044166548334,0.1247791672583277,5.372570839841605,7.923895836291639,SE,30.36727085404147,NW,N,3.247791672583277,11.495583345166553,62.880520818541804,77.46908341616589,1015.9092979252458,1013.731427099604,4.752208327416723,6.623895836291639,25.09911666903331,22.24644372603773,No,Yes
2009-12-09,Brisbane,13.889183414435339,21.82704146391165,2.8377512165300907,2.5378580494763123,3.554082927823303,E,24.945917072176698,SW,E,6.0,11.108165855646606,77.78366828870679,79.78366828870678,1021.4810175587887,1018.7134673154827,6.472958536088348,7.0,17.768929024738156,19.02163317112932,No,Yes
2010-05-21,Brisbane,20.018266585775407,28.08869993933155,0.3147833232219257,6.80696652510696,6.813041691945186,E,31.85216676778074,E,ENE,12.313082777205913,14.999999999999998,71.44349969665778,53.44349969665777,1018.4686917222795,1015.8834750455013,6.426083383890371,6.426083383890371,24.062616555441185,27.249574863495997,No,Yes
2010-09-02,Brisbane,18.593398863225516,28.3921311302206,0.0,6.207868869779401,9.967388023752425,ENE,27.7385792465196,ENE,NE,4.392131130220599,11.522841506960798,63.614207534803995,54.79060092546578,1012.7392131130222,1010.6398469795246,6.1307103767402,2.6535518837009975,25.126775941850504,27.11763933906618,No,Yes
2011-02-19,Brisbane,14.993770493316733,22.841185013504127,0.0,4.27626229599004,1.754580798263659,SE,29.700936771393003,SE,ESE,9.907166278076266,10.133957847595331,58.752646367645134,51.9794379371642,1025.24747540802,1022.7814941434476,6.8866042152404665,6.546416860961867,20.21644965026864,21.11850585655222,No,Yes
2014-02-23,Brisbane,21.65021535117868,26.124461622053307,0.4899569297642645,7.260258421414413,0.6100430702357355,SE,28.899569297642643,E,N,10.100430702357356,6.449784648821323,74.10043070235736,79.99569297642645,1014.0951938160607,1012.5349353946465,7.550215351178678,8.0,24.949353946463972,23.750215351178674,No,Yes
2010-08-09,Brisbane,10.882585450352787,26.04839739361311,0.15569800945661205,3.5825854503527865,8.32624639834142,SW,20.248397393613114,SSW,NE,3.61075497635847,8.026887440896173,72.28169526005684,57.69782772459453,1018.5422542890086,1014.312037061468,2.3623575827453553,2.16773507092459,17.965170900705576,24.301406658980113,No,Yes
2011-09-27,Brisbane,21.8400539877196,28.789672194736813,42.586347912276544,2.63224064912271,3.6037716999994496,E,36.793443894736264,E,E,13.73551870175458,16.264481298245418,85.47103740350916,84.51639026315934,1015.2868877894725,1014.0385268157885,7.367759350877289,7.367759350877289,26.264481298245425,25.554153492982238,Yes,Yes
2011-08-01,Brisbane,16.704020579299176,24.02119462879339,0.08282595050578541,3.159563307080996,2.748477851517356,ENE,21.656519010115712,SW,E,4.828259505057854,6.10109173229751,72.75761074241322,61.5554272778182,1020.6181503318281,1017.2151060348627,7.0,7.0,19.749454133851245,21.941412975252895,No,Yes
2011-04-11,Brisbane,13.452158939898132,17.193465783248442,1.4072347310318802,2.8072347310318797,0.0,SW,15.931855775363136,SW,SW,3.6550757911337484,2.6898484177325033,76.58693156649689,72.62170419309564,1024.1821933781325,1021.6788562183286,8.0,8.0,14.700420308568194,16.683033995268815,No,Yes
2013-09-12,Brisbane,24.746722876112283,30.793024181382457,0.1467228761122804,8.520505885010524,10.27336143805614,E,30.93024181382458,NE,NE,8.200843141684206,14.06554247775439,67.20084314168422,67.13530066392981,1016.7082405311438,1015.0816019691999,5.532771238877196,7.0,28.12663856194386,28.35940980082105,No,Yes
2011-11-29,Brisbane,21.52316587236961,27.561582936184806,0.15386097872826796,4.53803161688023,0.9843633616194447,SSE,39.15443914913072,SE,ESE,15.0,10.538609787282681,69.38513425548938,75.92470766010948,1017.0845560850869,1015.4845560850869,7.0,7.76930489364134,26.823069510635868,25.453764616994523,No,Yes
2010-11-26,Brisbane,17.67170321878621,28.06398133368615,0.0,6.602206252885729,10.98786560912849,ENE,28.0,E,NE,4.033093793285942,11.066187586571884,60.966906206714064,50.92278114899946,1012.6845562297999,1010.2735249653713,5.977937471142706,2.011031264428647,24.854053195700377,27.05736257502897,No,Yes
2011-06-09,Brisbane,19.390692596541548,26.673308193993215,4.437229613833812,4.515538795995475,5.489462192172975,E,23.329231985438092,SSW,E,4.832307996359523,10.664615992719046,81.84461204004525,62.84461204004525,1020.6670768014561,1017.2919230009102,7.0,6.167692003640477,23.381385193083098,25.03107759199095,No,Yes
2013-09-02,Brisbane,21.99253766065413,26.65596754509403,0.09626883032706472,6.489548072150447,1.9708922237857702,ENE,22.88806490981194,ESE,SSE,8.406720758176618,6.4067207581766175,75.73881812289453,88.1828505778005,1011.5197682201186,1010.2421552381562,7.481344151635324,7.481344151635324,25.88544611189289,22.73731169672935,No,Yes
2012-06-17,Brisbane,13.694242316953082,22.02686918755228,5.896361705155495,0.13050748239678547,3.274849879609921,ESE,26.17273049140751,SE,E,6.057576830469171,11.115153660938342,87.59696218671581,84.3858471416622,1024.9537383751046,1021.6748498796101,6.980807723176944,7.0,18.532626870599195,19.144142236693032,No,Yes
2015-12-09,Brisbane,19.96859773201589,26.5930833892788,5.798132087450342,8.488224149505958,1.3,SE,26.441120747529794,SSE,ENE,6.259813208745035,7.000000000000001,65.85794529619538,64.97570380113578,1016.3304683117093,1013.9785056699602,7.0,7.259813208745034,24.70093395627483,25.15925150140827,Yes,Yes
2012-02-13,Brisbane,17.153275662651932,29.94721747757024,4.170957077674849,7.704115929248855,6.708956416303044,W,28.47942035375573,N,NE,8.520579646244268,7.479420353755731,55.27362389131303,61.62956636760314,1014.8857099564206,1010.6370433632396,5.47942035375573,6.239710176877865,24.110174114330555,25.8595652653168,No,Yes
2014-03-03,Brisbane,13.914611822394594,23.552462028905698,0.10968776458319923,5.632185647917606,7.6224978833344075,ESE,30.0,SE,ESE,10.451561177084002,13.903122354168007,58.056645585934994,56.113291171869975,1024.87882276719,1021.9707763552109,5.274219411457998,6.137109705728999,20.363791146092694,21.462149793488894,No,Yes
2011-10-21,Brisbane,15.131213302340962,19.597034802821113,3.090674709843994,2.9293797370948167,0.1,SSE,17.929379737094816,SW,W,4.929379737094816,4.929379737094816,86.74717092016814,81.67655065726296,1017.3033948957982,1014.0216157774909,8.0,7.464689868547408,16.521186078871555,17.994069605642228,No,Yes
2010-04-16,Brisbane,13.216484492841369,23.679762433622408,0.1569596255965525,1.9569596255965525,7.3404751327551825,WNW,40.13919251193105,NNE,W,6.354394383948287,20.923990639913814,72.78479812798277,50.74726739262054,1013.7215201872018,1009.3354394383948,4.6456056160517125,2.291211232103425,20.007600936008618,22.440475132755182,No,Yes
2009-04-10,Brisbane,17.744846866182407,25.841210633789235,5.54424443663809,2.9903033802848857,6.808484542250725,ESE,32.93939612678053,SSW,ESE,7.024241549287786,11.0,72.98787922535611,79.81818838034161,1023.3103062676352,1021.3981854929913,7.0,7.0,22.71333285210828,21.461815950683857,No,Yes
2012-12-21,Brisbane,13.627639562720136,22.337682040639358,4.697512128962476,1.640169911676882,4.140685684638211,ESE,28.170813118395873,SE,E,6.723604372798624,12.447208745597248,82.93476939040963,77.28155335681467,1025.5753640812788,1022.5406856846383,6.758798542400458,7.0,18.91004247791922,19.654763352478945,No,Yes
2009-11-13,Brisbane,17.856572758838094,26.740766782406354,1.2965049803597843,6.537271762766139,6.3431794069153495,ESE,30.782863794190483,E,ENE,12.855242529460323,14.80699003928043,59.844418578148115,85.19300996071958,1023.266223256874,1020.9697182765141,3.1206312254497313,7.024126245089946,25.316640537316413,20.851747509820104,Yes,Yes
2014-03-07,Brisbane,21.085533602778764,22.69923144405851,45.307325500474946,4.323689068519175,0.0,SE,28.412296895063918,SE,SW,2.9923144405850524,5.603074223765979,94.60307422376597,93.61075978318091,1014.0861659930531,1011.6853974371115,8.0,7.80153711188299,21.943535357330877,21.702305667824483,Yes,Yes
2010-03-16,Brisbane,22.842348912852028,28.455534308753137,0.2,5.008084671135793,1.4384977985059026,E,34.919153288642065,E,E,14.6361897988893,16.919153288642065,68.95957664432103,79.74687597395203,1012.1910481608886,1009.4910481608886,7.959576644321033,7.959576644321033,25.774687597395207,25.891915328864204,No,Yes
2015-02-21,Brisbane,19.648785404392637,24.219231949619733,18.594738457374373,3.2246950723434478,0.15364378682209126,WNW,19.34210257104271,SSW,SSW,2.9757080878527247,3.024291912147275,91.0971676485891,79.85424852711635,1016.4587037493496,1013.7904848152391,7.512145956073637,7.487854043926363,20.953643786822095,23.365588162797646,Yes,Yes
2014-12-19,Brisbane,23.40371226357074,30.178052760264492,0.0,7.931683438413003,9.2,E,29.78052760264499,ESE,E,9.0,13.219472397355007,61.45131900661248,61.463693218514955,1008.4242589112716,1005.7791270106102,5.0,4.670791403967489,28.313448462248246,28.132920859603253,No,Yes
2011-05-09,Brisbane,19.223160548134132,26.316324088210454,0.0,5.994489124257876,2.768468868744722,W,41.97244562128939,N,SSW,7.0,6.547959488973694,66.09591897794738,84.06836459923676,1010.4754095981764,1006.817858211408,6.0,7.0,23.58754839482624,19.427241570186748,No,Yes
2010-11-15,Brisbane,18.954562266544002,30.091060398896037,0.10912453308800782,4.8543773345599615,9.836683064336073,E,32.089396011039646,SSE,E,7.0,17.271886672799802,61.54747198528047,53.7281133272002,1012.0366830643361,1010.8091245330879,2.545622665440039,3.7262640073597653,26.56350186764797,27.355117062496138,No,Yes
2012-09-02,Brisbane,20.98015725106869,27.728792791013575,4.431128583452077,4.017900084164537,5.9949352874512725,SE,36.377428330958466,ESE,ESE,13.0,14.688714165479231,83.22178541369809,68.73543001424922,1014.389107293151,1011.2447502104113,5.466928751781152,4.622571669041536,24.655642917260387,26.71089270684904,Yes,Yes
2012-06-23,Brisbane,15.425811097803408,21.85331845282293,12.023009030589066,4.1688789685486185,2.762905548901705,SE,30.509587096078775,S,SE,6.705752257647266,7.000000000000001,89.23451354588359,72.0,1027.0208704493737,1024.511062191295,6.0,7.9019174192157555,17.821976259371898,19.835619355881835,Yes,Yes
2013-03-15,Brisbane,20.232361705532668,29.13000993293702,8.621265282731029,7.061146087486754,3.1694269562566233,E,32.605829766804,ESE,E,7.582312040847552,11.62934749276044,73.71778728852267,71.394170233196,1017.9052666559977,1015.5634978600824,7.0,7.0,25.688241137021777,25.660019865874048,Yes,Yes
2010-01-11,Brisbane,21.449951335306018,28.490029198816387,0.7802530564087182,6.79012652820436,3.365345519327288,N,31.350437982245857,S,E,6.150048664693985,11.300097329387969,67.25072997040976,75.40077863510375,1011.1505353116339,1009.8255596439809,6.249756676530079,7.849951335306016,26.384897804142636,25.14985400591805,No,Yes
2015-03-26,Brisbane,19.49090740470783,23.920777775463858,22.519472208917172,9.085712960841867,0.9623379634450299,SE,27.40259258487952,SSE,N,6.32467592689006,4.9740277806701805,74.67532407310993,77.94805556134035,1013.4181898276378,1011.9987083446138,7.67532407310994,7.32467592689006,20.72987037075603,22.023374997396836,Yes,Yes
2011-09-04,Brisbane,19.51827178210588,28.365743197583445,0.9050571690448801,6.777814429746841,10.21011433808976,ENE,32.4747141547756,NE,E,4.0,11.525285845224401,73.1109278512658,53.7879287678366,1017.0978781720655,1014.4241424643268,5.949428309551198,2.7373570773877995,24.334421736277342,26.739478905322223,No,Yes
2009-04-19,Brisbane,16.0561087762126,25.380090646843833,2.856108776212599,2.2568326328637798,7.785248949295671,E,24.000000000000004,SSW,NE,7.0,8.380090646843833,75.09592748252493,58.952036258737536,1013.7657015244652,1010.8468779562857,3.9520362587375333,5.5719456118937005,20.536923279707615,24.41330333740197,No,Yes
2012-11-13,Brisbane,23.680837861406733,31.3113452293105,0.07517765702915387,6.397157487533537,9.826243599204078,E,29.87233514456269,SE,ENE,10.744670289125386,14.999999999999998,69.49644685941692,57.24822342970847,1010.2787307976122,1008.3411419690976,3.6241117148542306,2.248223429708461,28.321979830504386,29.960989915252195,No,Yes
2009-07-26,Brisbane,21.067066235006827,27.768837954287942,0.8422094885719859,5.521104744285993,3.3145908814221623,ESE,35.42209488571986,SE,ESE,12.2939032643094,14.633142328579789,80.0,64.3668576714202,1017.4153724592694,1014.4631056692714,7.0,6.422094885719859,22.495466420003904,25.598228280718885,No,Yes
2011-12-16,Brisbane,20.272995816869223,25.040506274696163,9.73502091565388,3.6432254757683813,1.6999530431021506,E,33.78387262115809,S,ENE,5.37834030521796,11.918893536811973,89.45944676840598,79.97327755825631,1021.8242849820585,1018.2134551346676,8.0,7.540553231594013,22.127051140028627,24.03511482944958,Yes,Yes
2012-08-07,Brisbane,17.523452022872533,27.693485110546646,2.2710099263022343,4.186970221093297,9.316614152475694,E,25.5048841931406,SE,E,9.429966912325886,10.140066175348228,60.14983456162943,63.719867649303545,1013.2524420965702,1011.1234520228725,4.429966912325886,7.0,25.028990073697766,25.46449503684888,Yes,Yes
2011-01-24,Brisbane,20.72229641129082,30.76546253571473,0.0,5.886332248847812,12.248918564516329,ENE,24.431661244239063,ENE,NE,8.460423444701172,9.215830622119531,61.0,54.56833875576094,1017.6956742580653,1014.7604234447011,3.3237459331792967,2.8920846889402343,27.297837129032654,29.676254066820704,No,Yes
2010-12-03,Brisbane,17.53052331987093,25.651862065886643,0.24466531349607176,3.626799188097643,5.919602435707071,E,19.714645015937148,ENE,NE,2.178661253984287,7.178661253984288,64.80397564292929,60.17866125398429,1023.030271808715,1019.974937122211,7.044665313496072,6.955334686503928,22.447395534537037,23.23672616152918,No,Yes
2014-04-08,Brisbane,18.24272997890624,26.213317926059304,4.472142031753177,5.977136254025417,6.5312981059189505,ESE,43.31187449761649,SE,ENE,5.934516931276476,11.508323703787065,72.96670518485173,58.16315439102232,1022.5738067725106,1019.5197555767743,5.639289841234115,6.42619322748941,23.011653185301896,24.496891830799772,Yes,Yes
2012-09-17,Brisbane,18.65232551659841,27.589244137448805,5.041569654047218,1.1462206872440381,7.899273101921224,ENE,19.20784827023609,SSW,NE,7.0,7.577034478740064,77.79215172976392,60.00000000000001,1015.946947585323,1012.4838662061733,3.6308137914960255,2.6308137914960255,22.456976549795233,25.688517239370032,Yes,Yes
2011-07-28,Brisbane,18.55085499826439,28.857295410090355,3.7159274128673276,4.146445645915364,8.306440411825962,W,26.549171172182614,SW,ESE,4.0,8.183057057394205,67.06440411825963,55.98984470261532,1012.1599947659106,1007.8342331186068,4.0,3.9355958817403733,24.231533762786505,27.065766881393255,No,Yes
2010-02-28,Brisbane,18.755744692128577,27.22429875642333,7.311159387279905,4.474546254156277,6.8866956323679425,ENE,27.311159387279904,SW,E,4.0,15.186365635390684,70.06322186838774,57.56239687594461,1017.0816934334382,1014.137768122544,5.875206248110784,5.312809372166176,23.024133757934706,25.274381255667652,No,Yes
2013-12-28,Brisbane,14.1932154259796,24.64601779920723,1.1925270047263181,1.9093412440921023,6.500688421253281,E,20.0,SW,NE,2.5093412440921026,8.018682488184206,87.16125818112502,66.19862315749344,1022.5876106795243,1018.2640118661382,4.490658755907898,5.726646889769745,19.224287234639466,22.74601779920723,No,Yes
2009-10-18,Brisbane,18.358963370048137,27.95896337004814,0.0,8.890789054162951,6.34305052799073,W,43.20435789712962,N,NNE,11.318256841148155,13.318256841148154,52.22779788803708,60.954770523444466,1014.5567844214834,1012.8589633700481,6.363486317703691,6.840871579425922,26.6793991597611,24.404522947655554,No,Yes
2014-02-12,Brisbane,19.707593777094512,32.72698993697158,0.0,6.9229643166794395,10.273193048424327,NE,28.0,N,NE,6.961573651037675,9.153705395849299,54.19213174481162,55.53796888547256,1014.3884720953113,1008.6191216817832,1.23055809377395,1.192131744811625,26.85379688854726,30.400091492697953,No,Yes
2009-06-26,Brisbane,16.59017619921354,24.31158579292188,1.9108376408957977,3.5607047968541696,3.9677527653958635,SE,21.50880996067712,SSW,ESE,8.312333944947964,7.000000000000001,71.16123617302068,64.86652214942696,1024.1607047968541,1020.4607047968542,7.098238007864577,7.098238007864577,19.652642988203134,21.982114390562508,Yes,Yes
2009-08-21,Brisbane,22.36147746462473,26.938522535375263,14.19857267221878,5.092136900949255,0.05385225353752659,SE,41.231928172130054,SE,SE,11.923747889127924,15.846702818377393,80.15250422174417,70.69102675711942,1014.2462270424503,1012.0232721132008,8.0,8.0,24.78474957782559,24.877045070750537,Yes,Yes
2010-04-29,Brisbane,19.72136561187147,30.96740664563726,3.019522362893249,6.389693881997837,8.596313502043566,S,27.734813291274524,SW,NE,8.27440295361656,7.91160443042484,69.46041033765796,60.36279852319173,1012.9935486285763,1010.0316717298736,4.186007384041402,6.548805907233122,24.765563396659047,27.820443987382358,Yes,Yes
2013-02-17,Brisbane,13.449421371147277,22.10542421230935,0.0,2.0593539222057826,6.647227547809013,SSE,22.25289314426361,WSW,SSE,5.318707844411565,8.61547745544048,81.72516862235373,55.89030883308674,1023.0505786288527,1019.5461909821762,6.340646077794217,3.978061766617348,15.649421371147277,21.046070290103568,No,Yes
2014-09-05,Brisbane,16.60904081124451,21.482458392749933,54.16528416970681,3.2112119332717657,0.010488225929346366,S,33.20976451858693,SE,SSW,9.419529037173856,12.265824184945755,94.58047096282614,92.6925902955438,1016.6021711220272,1009.2797472554837,8.0,8.0,18.27757613345647,18.30759339655967,Yes,Yes
2012-10-15,Brisbane,15.136333031783277,23.97333936433441,0.0,2.9626570170649367,4.101009951151784,W,37.0,NE,SW,5.089990953498377,13.366696821672072,70.18334841083603,79.36333031783279,1013.3640036186007,1008.8456687775171,6.6366696821672075,7.0,20.14566877751704,18.25635112478652,No,Yes
2011-11-08,Brisbane,22.96836015085604,29.4259808297082,10.549195474318887,6.519014037328172,4.17474837636842,ENE,32.949195474318884,ENE,E,9.0,11.772132830479878,84.47459773715944,76.65166038099846,1014.6817151687485,1012.2133550178924,6.158199245719815,7.386066415239938,26.17344060342415,27.576634716180333,Yes,Yes
2010-08-22,Brisbane,13.153321632448552,20.759986836504616,1.199780608410349,3.573339183775724,2.493268978467036,ESE,30.93312856784966,SSW,ESE,4.0,9.133304081121379,68.39969285177449,74.0,1030.6333918377572,1027.2800482661496,6.733391837757241,6.86669591887862,17.560008775663587,19.06665204056069,No,Yes
2011-03-21,Brisbane,15.182188659550693,22.029751175860277,27.56119088079459,4.303681604389041,0.9849752416958878,SE,39.88955186832878,SSW,SE,5.036816043890409,14.110448131671221,87.07363208778081,65.44775934164387,1022.8843785602,1020.780696955811,8.0,7.481591978054796,17.100895022243847,20.477910373665754,Yes,Yes
2013-01-29,Brisbane,16.29657170759849,29.76552390253283,0.18020280098044997,7.830033800163409,7.364847899264662,W,32.20473202287717,N,NE,8.699661998365917,7.300338001634083,52.55287301388971,55.402704013072665,1015.4290197952611,1010.6290197952611,5.1501690008170415,6.1501690008170415,23.561081605229067,26.190777403758393,No,Yes
2010-12-09,Brisbane,14.224008301986204,24.31283115639257,0.0,1.9251324625570285,7.57652154824191,E,22.949735074885943,SW,NE,6.2123013061644565,7.312831156392573,75.94973507488594,58.0,1014.6446441222598,1011.8720249059586,3.0,5.687168843607428,18.822884141415383,22.855291417625466,No,Yes
2009-12-02,Brisbane,16.09000271268593,25.5974457405055,0.5853336950247906,5.0633342375619765,5.826888225787885,E,43.31776994112954,SSE,NE,6.0,12.024443841625349,78.90222463349859,61.51222192081267,1019.968223005887,1015.4950013563429,7.0,4.0,19.336446011774093,24.441334780099165,No,Yes
2014-03-02,Brisbane,13.400000000000002,23.095931666237497,0.0,3.0151344390082575,4.646542213066539,SSE,27.59886110395823,SSW,SSE,6.319772220791647,5.598861103958233,76.36615003862553,75.64523892179213,1024.3732300077252,1021.9255488986167,5.401138896041767,7.04068333762506,17.23897499356241,20.047681109108307,No,Yes
2014-06-22,Brisbane,14.71663923734951,25.474981298192848,0.0,1.4750112210842914,7.866661679518093,SSE,15.541747707830993,WSW,SW,4.083345801204768,4.0,86.62494389457855,46.041672900602386,1021.6458401906627,1017.7208364503012,6.791635496988079,2.0416729006023844,17.033323359036185,25.04164297771094,No,Yes
2011-09-12,Brisbane,18.13741764492825,23.83741764492825,0.0,8.701750419254964,0.0,SSE,33.169584032091606,SE,SE,15.339168064183212,15.169584032091603,55.33916806418321,58.86542435300767,1015.5508752096274,1013.2339168064184,7.0,7.084792016045803,22.405251257764892,21.861104830487026,No,Yes
2010-06-04,Brisbane,23.922028874638194,31.392234841800583,0.510617901487172,8.40570548657551,8.909191529843294,NE,40.16323388062682,NNE,NNE,10.432646776125363,15.865293552250725,62.58161694031342,56.58161694031342,1014.8404119343247,1011.2240885462621,5.0,4.865293552250729,27.719176131350437,29.748970164188044,No,Yes
2014-01-20,Brisbane,23.40720843359987,33.96303976160252,0.08650120319840804,10.626997593603186,9.779292769598541,E,32.85583132800265,NE,E,5.855831328002653,16.711662656005302,52.937096367982754,63.42332531201062,1009.5378783087956,1008.7937096367983,1.1441686719973467,3.8558313280026533,30.212580726403445,28.829751804797606,No,Yes
2015-04-12,Brisbane,16.400481162257275,18.03562836388263,8.840348225372775,4.185748654446949,0.0,SSE,23.06885091647888,SW,SSE,4.213770183295776,6.3562836388262935,90.21377018329576,90.57245963340844,1026.2147325078104,1022.1999999999999,8.0,8.0,17.11473250781033,17.007366253905165,Yes,Yes
2014-12-08,Brisbane,24.32492745354369,30.375783049530224,0.0,7.416951865328842,3.3690183088388586,NE,30.03632542570466,NNE,NE,5.975783049530225,6.108976277113987,72.7093965943627,78.68517964389292,1012.2448013583692,1010.4145301702819,6.927349148590675,7.939457623825563,28.356409489154405,27.68425898219465,No,Yes
2013-03-27,Brisbane,16.534892449182806,26.943498601700515,5.739008389796881,2.8000935678223917,9.77825069914974,ENE,19.2174930085026,W,E,2.0,6.391487415304679,72.17399440680208,56.95650139829947,1015.29565013983,1011.7565481822107,1.1739944068020796,1.0869972034010398,22.960898042380727,26.395650139829943,No,Yes
2014-12-12,Brisbane,19.38121238243447,29.266222413785272,0.0,8.380013375134412,9.104996656216397,NE,30.637575235131063,NNW,NE,4.524983281081986,13.425050156754041,53.46235788919688,56.67488296757391,1015.8212525078378,1011.9674882967573,1.262491640540993,2.475016718918014,25.508727429460684,27.318720741893475,No,Yes
2015-06-25,Brisbane,18.80544802809711,28.78804915489876,0.2586994365991744,4.777153098704541,8.195079366356397,NE,23.9455197190289,WNW,N,5.059754225506192,9.179262676518578,75.58172042145665,64.76625704251032,1020.2711776761538,1016.4826011268017,4.940245774493808,5.940245774493808,23.29455197190289,26.12284690129546,No,Yes
2011-08-07,Brisbane,18.911685395090373,28.393071162575307,10.734588042613119,4.059307116257531,7.685496255673951,SE,28.075749069013586,NW,NE,2.5930711625753102,9.59307116257531,66.29653558128766,62.96535581287656,1012.5283614191754,1009.795889511811,6.0,6.296535581287655,25.60822097637803,27.06277153496988,No,Yes
2014-08-12,Brisbane,12.050296770254153,23.015919987787868,0.26011870810166016,4.560712248609962,8.155207739177905,E,25.398812918983403,SW,ENE,5.3005935405083004,9.098219378475097,62.94495490567944,81.60712248609961,1024.577981962272,1021.0381006703734,2.3497032297458498,4.3005935405083004,18.16130578911826,16.954020658161305,No,Yes
2009-11-19,Brisbane,22.181703121716716,27.469029887307308,4.859168474834837,8.1042377685986,2.3506929376376364,ENE,45.49307062362364,ENE,E,10.098614124724728,16.54930706236236,75.77465353118119,70.70415762582581,1012.2774252817319,1010.4224945754954,7.549307062362364,7.7746535311811815,25.781703121716724,25.843683418488496,Yes,Yes
2010-11-17,Brisbane,20.497913394684556,28.993146944647922,0.0,5.083614044574674,7.037040572250709,E,29.322741222140827,E,NE,7.306853055352072,12.322741222140829,67.98411183321124,62.322741222140834,1016.4232390107775,1013.1200613774197,7.0,7.0,25.589969311290176,26.72542106686201,No,Yes
2009-09-28,Brisbane,22.71854759002891,31.485195567867468,0.0,9.525921772853014,11.051815512463861,NE,30.777933518012023,NNE,NNE,9.370391135734936,15.370391135734934,54.22234681440961,48.22234681440961,1016.0481284210517,1012.9629328531844,3.370391135734936,1.9259778393373397,28.80740221606627,29.78519556786747,No,Yes
2011-07-10,Brisbane,15.79553439879955,26.21294533233296,4.459809589195944,2.29553439879955,8.225890664665915,W,21.741093353340844,SW,N,3.6517813293318313,5.651781329331831,69.21876534733859,53.78574936534534,1014.5397389395357,1009.9442045407361,4.348218670668169,3.522328006002253,21.07365786406569,25.234370395798425,No,Yes
2012-06-02,Brisbane,21.643957847493443,28.03593609606043,0.36064174011464106,5.285133920917128,2.9018178135383264,S,30.50802175143301,SSW,E,4.491978248566986,11.0,80.62246090401246,77.22887830515884,1014.6988225762168,1011.8185017061595,6.508021751433013,7.606417401146411,26.101390887034885,25.375294355945794,No,Yes
2014-06-02,Brisbane,19.90039558558291,29.375576192418126,0.13206054394026762,6.332060543940268,10.84351564847786,E,34.96181631820803,ESE,E,9.679394560597324,16.320605439402673,58.94272447731204,47.75576192418126,1017.6221190379094,1015.7259374060885,2.9809081591040143,5.339697280298662,26.52291020907519,27.59045407955201,No,Yes
2010-06-04,Brisbane,14.451741583998247,26.27125467555653,0.0,2.4126310782234865,8.012631078223487,WNW,28.114981297773884,SSW,NE,2.471254675556528,5.17813668889132,73.35060863555215,63.936844608882566,1017.2885018702226,1013.0706882013335,4.82186331110868,4.82186331110868,19.905749064888695,24.04194287689001,No,Yes
2013-01-07,Brisbane,18.403702858719974,27.66030035820248,0.0,5.040972143004998,5.597569642487506,NNE,26.385417854925038,SW,NE,4.530092856650008,10.590278569950023,62.85532499827503,60.53009285665001,1017.1927089274625,1013.5686346421426,6.265046428325004,7.0,24.46273071571498,26.10127250120748,No,Yes
2012-03-02,Brisbane,18.312031163670166,28.263857753299064,0.0,6.932976124701079,9.609400854618695,SE,38.769605428659965,SE,ESE,9.0,16.832440311752695,60.979055038969086,50.062834883092734,1020.6193862778763,1017.8256697661855,5.041889922061825,6.020944961030913,25.66595224940216,27.445007288371244,No,Yes
2013-08-12,Brisbane,13.627292670877422,23.820469503158066,1.846515002429282,1.301393999028287,5.28077766844814,ENE,19.753484997570716,SSW,NE,2.410858337382137,6.917828332523573,91.01393999028289,68.26045499271216,1021.3823184948984,1017.0644901623749,4.8356566650471455,6.589141662617863,18.212252336410423,21.87116650267221,Yes,Yes
2012-08-26,Brisbane,15.028559860619879,29.27428802787603,0.0,7.851423944247951,7.4807160209070185,W,28.514239442479514,N,NE,9.064279930309938,7.192839790929818,50.0,53.22497975608479,1016.2485760557519,1011.5610659337943,5.064279930309939,6.032139965154969,22.75105783622836,25.46786003484503,No,Yes
2010-05-24,Brisbane,17.754576712072257,24.39544477747742,0.0,6.763644178018064,1.6386119436935507,W,32.65900299729678,N,NNW,6.659002997296782,9.363558219819362,66.11366566756773,66.70455522252257,1011.6863343324322,1008.7318005994595,5.818220890090319,6.70455522252258,22.624989255225163,23.97045552225226,No,Yes
2009-12-03,Brisbane,22.369213240027705,25.730747128730588,26.1076694435144,6.9230875930266125,0.0,SSE,34.92320648675173,SE,SE,6.692330556485599,10.076892591352536,91.76922314783813,84.0769916694568,1014.3154082417018,1011.3615735199446,8.0,8.0,23.184601666108644,23.338446295676267,Yes,Yes
2011-08-27,Brisbane,19.897308550834108,28.186322490989923,0.12493271377085274,6.826278438353798,9.950403717374883,ESE,32.249327137708526,SSE,E,9.498654275417055,14.999999999999998,58.74528996395969,59.37264498197984,1015.3514802970412,1013.1761438658954,2.3753364311457363,5.498654275417055,25.2238561341045,26.33645706344822,No,Yes
2011-06-17,Brisbane,21.061138017943783,25.19792675672892,0.8111034234446335,3.0541810810413126,1.6041464865421626,W,22.291637837917374,WSW,W,2.0,3.5277585586115836,84.87491351375213,70.65284504485945,1013.3638792793058,1010.3763879279305,7.381939639652896,7.0,23.050034594499152,24.465284504485943,No,Yes
2009-12-18,Brisbane,22.447488023169775,26.4,21.287581373159124,7.258199239025776,0.0,SSE,31.82274904878222,SE,SE,8.673934408542216,12.23412357317333,85.21232034754668,81.38293821341334,1014.1142181554889,1010.9787679652453,7.794312737804445,8.0,24.03194325061067,23.758862547560888,No,Yes
2009-01-27,Brisbane,25.102890865472475,31.157802343607223,0.0,4.036991105373863,3.634100239901388,ENE,26.24277283631881,E,NE,6.635840745521781,14.514454327362373,79.1792037276089,77.69365805497128,1012.7572271636813,1012.2202360583074,7.0,7.0,27.44566370179129,28.142772836318816,No,Yes
2014-01-21,Brisbane,15.110405333316276,18.758826228279187,10.222743232830439,1.4300259360777332,0.11549610958834,WSW,13.0,SW,SW,3.2300259360777335,4.0,93.1549610958834,83.84020748862186,1017.8750648401942,1015.0285765114293,8.0,7.615012968038867,15.933891068473521,18.250836602710283,Yes,Yes
2010-11-02,Brisbane,22.907023914829125,30.33941404902046,2.8337548541684794,7.104194317403133,6.777463378063779,ENE,28.929760851708757,ENE,ENE,11.25366219362212,11.901464877448849,78.97170402574008,67.67609865808663,1016.5534618786787,1013.9436083664235,5.450732438724424,7.0,26.919707024510235,29.09151120772203,No,Yes
2012-04-07,Brisbane,19.59413618016967,24.647801067563623,1.2302468056658091,2.2682872393766083,2.7043978648727487,W,23.863425521246782,WSW,W,2.0,4.575617014164522,89.59027656374036,66.98534045042416,1013.8878085070822,1010.4287808507082,7.64390425354113,7.0,21.163889374503864,24.098534045042417,No,Yes
2011-07-14,Brisbane,16.79696682639731,25.662117893021883,0.10606042664983166,5.542422986548822,6.3742387463215495,SE,30.65151066624579,S,ESE,4.939395733501684,10.18181279949495,66.16667653425925,76.25755333122896,1020.945462080707,1018.9000059205556,2.590906399747475,7.0,23.3333293862963,20.843942533627942,No,Yes
2011-03-24,Brisbane,24.174829265941018,30.328682920166216,1.6167804893726547,4.532878042509382,1.774829265941018,SE,31.251707340589817,SW,SE,4.2097561171581805,13.251707340589817,80.49658531882035,58.293658564021456,1017.839219478488,1014.6650731487828,7.0,7.0,24.734243914981242,29.095121941420906,Yes,Yes
2010-10-26,Brisbane,18.449582044151015,25.19916408830203,0.0,3.0315112224056167,0.09768478945741035,NNE,40.59035410872699,N,NNE,5.936977555188768,10.936977555188768,70.93697755518876,80.52733166391576,1011.1661735670517,1005.4409645891272,8.0,7.810932665566303,22.277106232618095,22.271639899834945,No,Yes
2011-02-04,Brisbane,22.308556305725713,29.089713533236594,0.0,6.757171221640064,3.357814125812777,W,45.78585610820032,N,SSW,7.0,6.201285808345426,65.40257161669085,87.18842772489117,1008.8460432992235,1005.604500329209,6.0,7.0,26.568942048229342,23.20598468903486,No,Yes
2013-11-12,Brisbane,17.823244941318972,26.896165275257236,0.0,3.4398034055254025,4.9486135559588424,W,34.95024574309325,NNE,W,4.878466110102893,15.82871185319614,70.53588981649517,81.34257629360772,1012.6579940568662,1008.0165584642064,6.414355926598071,7.0,22.976833922968485,21.57128814680386,No,Yes
2009-01-19,Brisbane,21.81602373651292,25.97997032935885,4.780563742181838,5.315875383307174,0.0,SSE,40.51928790461242,SE,SSE,14.739614281665059,14.879821976153103,85.12017802384688,86.02002967064115,1015.2298961527559,1014.977819009089,8.0,8.0,22.70801186825646,22.1400593412823,Yes,Yes
2015-04-20,Brisbane,21.174300081236048,31.1658329278726,0.7222579075635864,8.39811841036368,6.719435523109103,W,59.583065693273106,NE,NE,7.796236820727356,10.592473641454712,61.02822384454483,66.61128953781794,1012.2119091645637,1006.8147315490182,4.805644768908966,5.805644768908966,27.646397404763498,28.388090835436188,No,Yes
2012-08-25,Brisbane,16.484608278509857,27.176912417764783,6.986793898812463,2.650546405075652,8.692304139254928,SW,27.933969494062318,SW,N,4.0,6.417577341792754,66.74726797462174,51.8351546835855,1012.7472679746218,1008.0055102404425,2.7472679746217397,4.25273202537826,21.67581960761348,25.34945359492435,Yes,Yes
2014-08-23,Brisbane,21.870182948573827,26.925963410285235,3.995375630630877,5.300770728228187,1.6375243337080412,SE,34.511560923422806,ESE,ENE,13.0,12.496146358859065,77.4884390765772,87.99229271771813,1016.6259634102853,1014.4267341385134,7.748073179429532,7.496146358859065,25.147302451201348,24.247302451201346,Yes,Yes
2010-03-19,Brisbane,19.638814381437754,25.991778427843364,12.905928092811237,4.136477703326193,3.003548215933509,E,31.317611483369035,S,ENE,6.435309364270412,12.623539576180274,89.81176978809013,71.5175250858367,1022.9164863430794,1019.8341410252146,8.0,7.188230211909863,21.45763740262874,24.598831660944217,Yes,Yes
2014-04-30,Brisbane,16.455015520409884,24.948171141347977,1.5755486575956064,3.774085570673989,6.661128356010984,NE,22.0,SW,E,4.0,7.687042785336996,81.56478607331503,66.87774328797803,1024.4792063748996,1021.3074456785654,3.3740855706739894,4.969435821994508,20.139001887946336,23.851227559148526,No,Yes
2013-02-01,Brisbane,13.361571276090142,22.57728403699154,1.1016234187493201,1.72314255218028,2.2669510594478797,SSE,24.590946789971795,SW,SSE,5.4876170145352,3.7438085072676004,85.8966702245634,84.0247659709296,1025.4979499920787,1023.3826638203492,7.1280957463662,8.0,15.697523402907041,19.56157127609014,No,Yes
2010-05-26,Brisbane,19.682236978419805,25.948410227820354,22.246929976022006,2.5234649880110034,0.9014802517983495,E,39.26425491607702,ENE,ESE,15.60252242207152,11.279057434060517,78.58771990408803,72.27905743406052,1013.0883770263758,1010.7177630215803,7.661732494005502,5.676535011988997,22.691118489209906,25.148410227820357,Yes,Yes
2010-05-05,Brisbane,22.750341451771764,29.28561672806521,19.748655341673263,7.614383271934789,3.61506617547832,ENE,34.208920043586545,N,ENE,16.280836403260498,18.4246691226084,73.43149815804371,70.42466912260839,1016.0862996316088,1013.771916359674,7.0,7.0,26.54178400871731,27.24314981580437,Yes,Yes
2010-09-03,Brisbane,16.771692784872087,23.682463038169423,0.6203075105249184,6.220307510524918,5.9578474263255705,SE,30.326153164468444,SSE,E,4.449231223687703,9.246156118438519,81.3846097039037,72.60922531574755,1025.6913837973623,1023.2116913078871,4.101537552624592,6.101537552624592,20.63538586514118,21.58461708882889,No,Yes
2012-12-27,Brisbane,18.104850964361287,27.45825053575627,20.007156308712116,7.483498928487459,6.348548607033698,E,26.60516916686259,S,E,5.34950321453762,10.766997856974921,74.27832976162487,64.9773361907001,1017.1300993570925,1013.2116501071513,6.627832976162487,3.8608351191875667,22.925884797733804,25.7,Yes,Yes
2012-11-12,Brisbane,11.9839615585279,24.9035921030154,0.0,3.377738389299553,4.604730387969862,W,20.864153765888393,SSW,NE,4.0,7.296230648832587,79.35846234111608,60.24715428761384,1023.4088542354413,1018.8656465471469,4.407538702334824,4.9754618193906275,17.669061402010264,23.30113828495446,No,Yes
2012-10-03,Brisbane,19.387808065955504,23.781785030916645,2.748548940227823,2.506023035038863,0.5712264866027879,ENE,29.075834927861166,ESE,SE,7.045355092749929,10.75761995877781,86.95464490725008,79.42380041222191,1015.2805163011029,1012.8092898145002,7.560595010305548,7.560595010305548,21.560522078322162,21.216654511336102,No,Yes
2010-12-09,Brisbane,22.109761039737407,28.65482416700219,22.72691629881861,4.225879164989052,2.9417718787746354,E,36.5482416700219,E,E,14.22587916498905,16.999999999999996,74.80590626258213,80.22587916498905,1014.9190712565427,1012.5674256322976,7.612939582494525,7.612939582494525,26.325766459256023,26.093530208752735,No,Yes
2015-02-23,Brisbane,20.687849735442466,30.033389065246695,0.1886151675489415,7.874766843038356,9.945539329804234,E,22.45539329804234,SE,E,5.886151675489415,11.113848324510585,61.60153086421295,60.11384832451059,1010.0715379188724,1007.1252331569617,2.9430758377447077,3.1707724867658773,26.661851146374342,27.953695238089285,No,Yes
2009-12-14,Brisbane,18.855584372900495,28.551861457633496,2.429783322135984,7.455584372900496,10.331515101717248,SE,42.03722915266998,SE,ESE,12.037229152669982,20.796536440837478,62.51861457633499,49.2406927118325,1019.2091776101151,1016.2573161524817,1.9627708473300198,3.7220781354975148,24.96476198301576,27.144415627099505,No,Yes
2010-05-30,Brisbane,18.434606055724036,26.096246559247707,1.0486005505203673,3.629898073178714,3.426144632426419,E,27.270991742194493,S,W,4.3645041289027535,4.243002752601836,79.12150137630091,79.70101926821286,1019.9821873380316,1017.1849862369908,7.121501376300918,7.121501376300918,22.721501376300917,22.22709917421945,No,Yes
2014-04-12,Brisbane,20.175193930733883,31.306323775350155,0.0,6.965564922308139,9.148836415596715,SSE,31.617706570980438,E,NE,6.0,12.21011804056025,62.592411469579815,62.39494097971988,1008.180252951014,1003.6777234408739,1.9873524492996866,2.7898819594397493,26.800000000000004,29.32607082433615,No,Yes
2010-08-31,Brisbane,24.326852170690586,32.87384980041854,0.0,8.248765219539608,11.922615019958148,NNE,35.98232410188342,NNW,NNE,10.547699600837078,17.869249002092698,59.530023702720506,64.41694860292978,1011.1314529690164,1007.0766830089326,2.1130750997907306,1.452300399162922,29.862542290439464,30.786924900209264,No,Yes
2014-11-18,Brisbane,13.718770268610315,23.68960810607927,0.0,5.387486487593123,8.46871621898281,SE,30.645810812655203,SSW,SSE,5.229054063276029,9.708378374689588,62.604459435482326,59.29162162531041,1023.5689324174929,1020.2043513362272,3.062567562034382,4.2916216253104125,19.87497297518625,21.247932431141358,No,Yes
2010-04-04,Brisbane,22.000269504934824,27.913958458293425,0.0,6.342818642152168,1.6424143847499317,NE,28.284559264565036,S,E,6.28590678923916,8.99865247532588,69.00269504934823,75.28725431391328,1010.4149017255653,1008.814766973098,7.0,8.0,26.35691185291301,25.628590678923917,No,Yes
2010-02-02,Brisbane,19.558871021605427,26.585249797192873,1.7521591830941485,5.679734694843085,4.313488571834096,E,30.184053061031378,SSE,NE,6.552159183094148,12.104318366188297,81.71162857278031,65.60132652578457,1022.3122918356726,1018.9779395906008,7.0,4.552159183094148,21.282193061977605,25.004253471376757,Yes,Yes
2014-05-06,Brisbane,20.91978099527247,24.4376980167282,5.073205986181057,3.3604380094550663,0.5406570141825993,E,36.168219978180616,SE,E,4.970410025455947,10.445479985453744,86.08876992363216,88.08876992363216,1019.7900279839992,1015.7256989901813,7.722739992726872,7.861369996363436,23.346575009091413,23.632712008727754,Yes,Yes
2013-08-06,Brisbane,18.507439962916806,25.730228491964585,0.0,5.9683655871433325,2.3381370951787495,ENE,20.92091396785833,ENE,ENE,4.306971322619444,5.381370951787498,63.53954301607083,68.00468640297362,1012.5065026823222,1010.5530170210124,7.8465143386902785,7.0,23.160925624226525,23.51441128553625,No,Yes
2012-03-09,Brisbane,17.13511305244529,27.5729661197244,2.3513559201837326,3.9459322394488017,10.240593082112927,E,24.567514264523123,SE,E,9.16214693272089,10.675706134558219,58.81073466360446,62.648587730883555,1012.7837571322616,1010.7351130524453,4.162146932720891,7.0,24.94864407981627,25.42432203990813,Yes,Yes
2014-01-30,Brisbane,18.12445237002368,27.137898491063847,0.2991035919306554,5.095517959653276,5.770293857635941,ENE,21.270169181560256,WSW,NE,2.504482040346723,7.000000000000001,80.46862571757293,60.973107757919664,1017.0944968755083,1012.5989789158549,6.747758979826639,6.747758979826639,21.228934410370403,26.260433368873155,No,Yes
2013-01-27,Brisbane,18.595966457002977,27.546974842752228,4.94294129975521,0.934874213761165,7.76542033538207,ENE,18.714706498776053,SSW,NE,7.0,7.224790356268609,78.28529350122393,60.00000000000001,1015.8694538783792,1012.4204622641283,3.489916142507443,2.489916142507443,22.287899371008933,25.5123951781343,Yes,Yes
2013-06-02,Brisbane,21.211788061176026,28.49480538582553,21.146851706853713,4.547452782554497,3.5461541290108785,NE,39.85514452453274,ENE,E,13.31568402180688,14.07892100545172,73.11788061176027,85.93406552998445,1011.5079922798286,1008.1645356371886,4.77622351908102,7.53946050272586,25.40659344700156,24.823676301635516,No,Yes
2011-07-28,Brisbane,20.87400434132981,27.958406946127702,68.17068799369078,11.515191896184344,1.6432150499433595,SW,25.74409840347581,NNW,NE,2.632005788439754,7.106010129769569,76.73396092803165,80.46994935115215,1009.9850108533245,1007.7216075249717,7.683997105780123,6.893989870230431,24.658406946127702,24.711209261503605,Yes,Yes
2009-10-18,Brisbane,12.428490677161612,21.972074582707094,0.0,1.7774335622181927,2.860791363816191,W,20.543018645676774,SSW,N,5.456981354323227,6.8145279685151605,83.29830422039387,70.02679489755549,1014.9860372913535,1011.5516223748122,6.099434740131293,6.099434740131293,16.831735426785873,19.17073483782932,No,Yes
2011-05-27,Brisbane,21.508184382299394,29.389421021400114,2.86826306420033,6.04231591439956,6.140118022851404,E,43.09381680449643,ESE,ESE,17.211579571997795,13.447105107000553,55.882237232498625,59.081843822993946,1010.6742495549515,1008.9189600656516,7.0,6.329342339499174,26.698802701849754,27.656486787450195,Yes,Yes
2014-12-01,Brisbane,18.356443957101646,23.812887914203287,10.380527068984787,6.430950248115642,2.881655546667071,SE,28.53292508405964,SSE,ESE,7.687676324637857,9.063028973913571,73.31232367536214,74.43556042898358,1021.093414983188,1018.62779879942,7.0,7.656161837681071,22.30658501681193,22.056726076522214,Yes,Yes
2012-02-04,Brisbane,15.467772062303062,25.237114661992443,0.0,6.377428769469708,7.925770676015113,SE,38.290284922121174,S,SE,6.822571230530293,9.709715077878828,60.64514246106059,69.0,1026.9596275218107,1025.3709131370758,1.5322863084091205,5.1774287694697065,21.738743570090946,21.49680055451518,No,Yes
2012-11-30,Brisbane,20.2720430702351,28.681048454014487,13.890053837793879,6.509005383779387,7.417540378345408,SE,35.0,NE,ENE,4.909946162206123,13.0,70.27016151338162,64.54502691889694,1015.6725134594485,1011.7350807566908,4.364919243309185,3.635080756690815,26.56303768645572,27.99952961078663,Yes,Yes
2010-07-23,Brisbane,7.572052224234811,18.859788015854416,0.7877357916196066,0.23679262514118019,1.3862027655720572,SW,13.107311823328443,SW,NE,2.030660520950984,4.030660520950983,89.96933947904901,72.87735791619606,1021.2981136670431,1018.5705191981873,7.9846697395245085,7.0153302604754915,11.27665130237746,18.150589859569124,No,Yes
2011-01-01,Brisbane,18.267977658830123,24.369231314062386,0.012522386700576225,6.812164199491357,1.3320223411698786,W,31.001790936046095,ESE,NNW,3.874776132994238,7.000000000000001,67.12522386700576,65.74776132994238,1010.9878358005086,1008.1436492598475,6.749552265988475,6.749552265988475,22.049552265988478,24.025044773401152,No,Yes
2011-03-23,Brisbane,23.135239396304485,30.548891924710453,4.377127244346211,7.4186703096525495,6.50641859658032,ENE,26.56125856536115,ENE,ENE,9.345389886376093,11.388563622173105,80.78413132101493,67.04317373579701,1017.5690779772751,1014.9208864602315,5.129521207391035,7.0,27.02660464914508,29.54025717755105,Yes,Yes
2014-08-22,Brisbane,12.412037039323593,21.839444449657787,0.0,4.428518520896537,2.0668518599919903,S,29.340740737082253,WNW,ENE,4.329629631458874,13.0,70.85740739551731,55.35185184270563,1026.816666658435,1022.549629621581,6.505555552811689,6.175925921352814,16.673518523366017,20.44055556022013,No,Yes
2012-06-28,Brisbane,16.48201344301823,26.366433725854616,3.7161490562909485,4.995186320363685,6.905952357890985,ENE,30.0,WNW,ENE,6.131728773454562,11.526915093818248,84.44332311672683,59.13172877345456,1026.927044577127,1024.0953158036725,5.604813679636314,6.473084906181752,19.83527429152739,24.453260848509156,Yes,Yes
2010-09-19,Brisbane,19.231668306049997,26.322060270044112,0.2903919639941182,7.476864288047054,3.922060270044114,ENE,29.370100450073526,ESE,ENE,8.177939729955886,14.451959819970591,68.88969864977943,61.45195981997059,1020.2669095949338,1018.9121055769308,6.725979909985296,5.725979909985296,24.77544218903088,25.802844198032346,No,Yes
2012-12-18,Brisbane,13.23644293402861,22.389798923599447,0.8381874826580528,3.563557065971389,6.890235060756806,SE,33.724497308998615,SSW,SE,2.911073350715274,10.63557065971389,83.17785329856943,58.36879071185971,1029.7004361371573,1026.7364429340287,6.182214670143055,4.546644010429165,16.681778532985696,21.289798923599445,No,Yes
2013-03-30,Brisbane,19.232694328611622,24.607839770320396,0.2989159128349406,6.804336348660237,1.5729772673786562,E,29.078397703203947,S,SE,7.0,6.0,73.70809093048537,88.85404546524269,1018.5851533863593,1017.3659704240583,7.213511366310672,7.213511366310672,22.57756477620388,20.36296932272814,No,Yes
2011-10-31,Brisbane,15.316387540265122,24.52224023321695,0.49648838422890257,3.209364308722926,6.085701427006157,SE,28.529263464759147,SW,ESE,4.0,10.035116157710974,73.91806229867439,70.78930305373416,1025.790635691277,1022.683612459735,3.976589228192684,6.482441921144513,20.377507656873593,21.68804250418689,No,Yes
2012-05-02,Brisbane,22.717687267226882,26.15487515518208,19.39637329299712,4.78231273277312,0.7486957683473598,E,25.0266424677872,E,ESE,10.2743757759104,11.6371878879552,95.7698423921568,89.0884363361344,1013.1212581907563,1010.6805551627451,7.8407030280112,7.8407030280112,23.788492119607838,24.49291393641456,Yes,Yes
2013-05-19,Brisbane,11.66719845523375,21.828315211224623,0.10687938209349977,3.641276292560999,7.887038918663625,E,26.931206179065004,SW,ENE,4.534396910467499,11.396809268597503,69.45762626102626,72.41276292561,1027.1830505044106,1023.4899298865039,2.7328015447662506,3.534396910467499,16.4756732030285,18.21824509772863,No,Yes
2013-12-05,Brisbane,15.062671161647556,22.633789764393477,0.9493153534097821,4.976026969885327,3.854223720549185,E,32.084474410983695,SW,ESE,6.0,6.4577627945081515,70.37328838352445,76.32420471213042,1027.9288813972541,1026.4119865150574,4.626711616475545,7.0,19.713355808237772,20.660501380869025,No,Yes
2012-09-14,Brisbane,18.859034769045877,26.903591073779914,0.2,6.672278152367019,7.27104307137632,SE,38.903476904587734,SSE,SE,11.0,13.0,63.903476904587734,61.95173845229386,1016.3819304619082,1014.1096523095413,4.819304619082454,6.409652309541227,25.159034769045878,24.5,No,Yes
2010-07-14,Brisbane,21.082606132973492,27.95919660160791,0.2,5.098327890616744,4.100672773193948,E,34.01672109383256,E,E,10.575244922246519,16.016721093832555,68.50836054691628,65.75917695440468,1015.4398040622027,1012.7398040622028,7.50836054691628,7.50836054691628,24.375917695440467,25.801672109383254,No,Yes
2010-08-20,Brisbane,14.813187013285532,20.67667053103202,1.6975484513188204,1.8644127876261232,2.0668643363073023,WSW,14.785290707912925,SW,SSW,4.0,6.7024515486811795,91.80980619472473,73.95096902637641,1020.4322063938131,1016.2273032964507,8.0,5.595096902637641,16.01318701328553,19.795689911559545,Yes,Yes
2013-09-09,Brisbane,19.021074775720656,28.53856377929115,13.510327018514108,8.26098680428459,8.986546185003935,E,22.869956014281968,S,E,4.260087971436064,11.869956014281968,68.95964811425574,60.86995601428197,1013.4493306549856,1009.65336584356,4.739912028563936,2.565021992859016,24.22510996429508,26.886546185003933,No,Yes
2013-07-28,Brisbane,14.977770604100181,22.044442651025044,3.5155476645102004,3.4,4.404449107334882,ENE,26.044491073348823,W,SE,5.555573489749547,10.244458791799635,85.46659134305192,66.06665590615027,1027.4844523354898,1024.0088982146697,7.377770604100181,6.377770604100181,16.755557348974953,20.671105013485153,Yes,Yes
2012-02-23,Brisbane,18.84471146179853,24.039344792553113,13.793447925531115,3.121310414893777,4.453946870890119,SSE,19.619968747582423,SSE,SSE,3.746645831721615,6.380031252417577,90.12667708413917,92.23993749516485,1022.2798749903296,1019.0432135323994,7.126677084139192,7.126677084139192,21.353354168278386,22.00402500193406,Yes,Yes
2012-01-16,Brisbane,20.290887406193775,27.418145676989624,22.61679399640156,4.109192104429052,2.672423686712842,SE,32.271787601730225,SE,ESE,10.454039477854737,14.090330831833983,88.81854323010376,73.63867667266406,1013.1007951062284,1011.5371659708304,8.0,7.363708646020752,22.99072838494812,24.908794551314916,Yes,Yes
2009-11-20,Brisbane,22.637233690747472,26.304448614817264,21.449122429766742,6.313345844451789,0.0,SSE,33.38878462956842,SE,SE,8.149906166611578,11.955513851827368,90.3278507593021,82.95551385182736,1014.0060933870267,1011.4466166221928,8.0,8.0,23.385009383338847,23.393906612973367,Yes,Yes
2010-01-07,Brisbane,21.48381374911811,29.271763604649905,10.23237250176378,2.8881289429182315,5.967806585622653,E,28.320143269909146,S,ENE,8.679856730090853,16.359713460181705,78.24100288936403,65.32014326990914,1018.1244584637094,1014.9044942811864,4.640286539818292,7.0,25.719606007749853,27.923742114163534,Yes,Yes
2012-12-28,Brisbane,20.246205180933433,29.084573556276457,3.1229666483652183,7.415377010232084,10.161508040928338,ENE,27.23065515348126,W,ENE,4.692212627901051,14.999999999999998,67.92336211629684,58.153770102320834,1015.5769097679062,1012.5692459795359,3.92311494883958,3.0,25.215352293486358,27.269196546044377,No,Yes
2009-03-04,Brisbane,22.25614138681266,27.790668380172907,17.260025702593598,3.2111979437925124,2.5550565569798502,E,26.102647818098024,SSE,SE,7.0,9.037326479308373,75.89735218190197,69.8693573224207,1008.2409074593891,1005.0530385651643,7.0,6.981336760345814,26.070138816553307,27.47760411241498,Yes,Yes
2010-01-21,Brisbane,21.843266245131073,29.871919494157286,0.0493357729043246,6.75863495224378,1.2920292748518953,ESE,28.519926812870263,SSW,E,9.766605677391885,13.299817032175653,73.25996340643513,52.18025615495408,1012.9341500336159,1012.1174528723119,7.753321135478377,7.753321135478377,24.21062763353081,27.574576402539986,No,Yes
2014-02-11,Brisbane,20.20673897382771,29.6991078866243,0.05470765697739902,8.288800459293814,9.500892113375695,E,30.461844563982954,ESE,E,9.0,15.547076569773987,58.36769142443497,47.35877029067803,1015.8591682238558,1013.6865220523446,4.726461715113005,2.8206148546609855,26.38969257266951,28.317938514533903,No,Yes
2012-06-05,Brisbane,12.802457014595191,17.914742087571145,7.013104077841018,0.20819004865063656,0.0,SSE,21.942669659445546,SW,SSE,3.983619902698727,6.959049756746819,97.95085970809617,80.090090535157,1021.1024570145953,1016.5163800973013,7.008190048650636,7.008190048650636,13.214742087571144,17.217199102166337,Yes,Yes
2009-05-02,Brisbane,18.940438135242356,29.339616234829577,0.07934247966977273,5.785095782559261,8.516493013260995,SSW,42.72712271362188,SW,NE,6.504109502063921,12.107397103715055,67.4794524896804,58.58684959339545,1013.3628494664088,1008.4107947153767,3.4958904979360796,1.5950685975232954,24.442081936067925,28.189205284623185,No,Yes
2013-10-09,Brisbane,14.671057937373533,26.467322147720314,0.0,3.681793179033546,8.236413641932907,SE,29.204482947583863,SW,SE,5.1970113682774235,10.591034104832271,70.21942610619675,46.19701136827742,1023.1099880837293,1020.5880454731097,3.0074715793064413,2.2044829475838648,19.327172716134186,25.288517600409342,No,Yes
2011-08-14,Brisbane,14.60010645304874,25.480184518617815,0.11995741878050427,8.720170324877982,9.980255487316974,ESE,31.79971612520336,SE,E,7.399858062601681,15.399858062601682,53.39879353211429,54.60014193739833,1020.019318700488,1017.3392761192686,3.5997870939025214,3.799716125203362,22.520205809227562,23.800212906097478,No,Yes
2011-01-06,Brisbane,19.222195990458943,27.26928195964647,0.0,7.077578619222661,4.473542984593762,SE,36.632285077031185,S,SE,7.428249442402292,13.0,60.63228507703119,69.81614253851559,1022.3347536749825,1020.6408071269258,4.612106903886697,6.204035634628899,24.94484276155468,23.92242138077734,No,Yes
2011-05-02,Brisbane,21.811016989860455,28.83305096958137,0.11101698986045726,7.35762622306994,6.433050969581372,ENE,36.33050969581372,ENE,ENE,13.216104340929721,14.110169898604571,65.77118929023202,65.55084949302287,1014.9461856875815,1013.0021177281396,6.5550849493022865,6.110169898604573,26.300000000000004,27.177966020279086,No,Yes
2011-06-15,Brisbane,20.658191942604756,27.35897805451573,0.2932285184118699,4.852599628883088,2.8537787967495527,S,33.1354296317626,SSW,E,4.800786111910976,13.135429631762603,78.52992684838578,75.7968555523561,1015.1083437054101,1012.4752724093804,7.0,7.733071296029674,24.85142046101663,24.338663609751347,No,Yes
2011-08-16,Brisbane,19.68323346440159,26.437620369635745,4.577765867033959,4.587138891092752,4.194350530884608,SE,34.53605819895928,SSE,SSE,12.536058198959285,13.768029099479639,60.688101848178746,64.37620369635749,1013.2742777821854,1011.0134603224977,6.384014549739821,7.384014549739821,25.714423279583716,25.03762036963575,No,Yes
2012-03-26,Brisbane,14.14012367307708,21.608506358846288,0.6752098938461665,3.0512593630769986,0.8880247346154161,E,16.76049469230832,S,ENE,2.3760494692308325,6.940123673077081,87.86345583846084,60.36765371538417,1021.1752098938463,1016.6273088323079,8.0,7.188024734615416,17.204197876923327,20.921321199615537,No,Yes
2013-08-18,Brisbane,22.014922904137233,30.335538456868573,0.0,8.044615431314261,8.392461907382659,NE,27.421538274742957,NE,NNE,4.7107691373714795,9.223077156571303,63.97538396160036,62.88461421714348,1015.1652309840456,1012.527230923337,6.355384568685739,7.355384568685739,27.690923025554316,28.151230801919983,No,Yes
2015-10-11,Brisbane,19.972966572411686,29.527033427588318,4.794557791367172,5.3188997172350465,9.991895892242697,E,31.918958922426988,ESE,ESE,10.13516713794159,14.135167137941586,55.45933144823364,44.594498586175234,1016.0080745051613,1014.2999703974041,7.0,4.0,26.129724929308765,28.243241643102923,Yes,Yes
2013-11-17,Brisbane,18.406060753701663,25.768740296097715,0.08915469717359667,2.8819778734864863,3.5506381022884614,NNE,24.891546971735966,W,NE,4.0,10.783093943471933,77.0478454912474,70.25279017496362,1016.9361243203227,1013.1120414401075,6.891546971735966,6.554226514132017,22.389234764469336,24.680781736205304,No,Yes
2015-08-20,Brisbane,17.106798497605787,25.32876287448602,0.0,2.4146429179201556,8.210459227085826,NE,20.067984976057865,N,NE,6.005229613542913,9.02091845417165,64.98954077291417,66.96339270519961,1021.5848341207255,1016.9754208163483,2.0,6.005229613542912,22.61098218844012,23.424579183651687,No,Yes
2014-10-05,Brisbane,18.08433418789605,24.960990760028093,0.29560369598876246,3.6692258719213373,3.348359344123613,SW,27.258203279381934,N,SW,3.1950461998595308,7.804953800140469,86.60990760028095,76.01919403941004,1016.5577094482753,1013.992322384236,7.239009239971907,7.239009239971907,20.67362217593258,21.05715195214609,No,Yes
2012-01-29,Brisbane,21.760029303398408,27.910593406482064,0.0,7.221186812964143,9.003384618501991,ENE,23.82344322529881,W,E,2.070622709880478,14.788131870358567,76.0,56.67091574386454,1015.0728791222151,1012.8234432252987,5.070622709880478,3.1412454197609563,24.388278387350603,26.317655677470118,No,Yes
2011-02-16,Brisbane,20.69829351309249,29.122013647911867,0.34914675654624644,6.708532434537536,5.571160404458109,E,35.47440269638739,SE,E,9.0,14.491467565462463,66.74573378273124,55.914675654624645,1019.8559727041763,1017.5068259476301,4.271331086343839,7.0,24.71860067409685,27.249146756546246,No,Yes
2011-07-09,Brisbane,18.86694556846267,28.12893001659485,0.15950388796695253,6.078511663900858,8.360744168049571,SE,33.404961120330476,S,ENE,4.0,11.785116639008574,62.012402800826194,81.11566095438192,1017.1012402800826,1015.3747908236529,3.7975194398347627,6.595038879669525,25.582232504148713,21.32604588173499,No,Yes
2015-03-26,Brisbane,14.8119543082507,22.59161469602388,0.008385303976123961,3.1748440880716284,6.858697127832867,SE,20.545044758448057,SW,S,6.9580734801193795,9.335412159044958,66.04192651988062,67.66458784095504,1030.5077616562626,1027.5287249162027,3.9580734801193804,5.04192651988062,18.274844088071628,20.7,No,Yes
2010-05-25,Brisbane,16.260296243489577,24.555561417057284,0.45282369947916623,4.737706647656248,4.665031069921871,ESE,31.89617774609375,SSE,ESE,2.735881502604169,10.264118497395831,75.2167702330729,70.2076445078125,1026.8548208083332,1023.201997108854,7.0,5.103822253906253,19.622589595833333,21.90747254401041,No,Yes
2010-08-15,Brisbane,17.238410301971527,26.528807726478647,4.561500888112453,2.611523090591458,7.859580373013876,ENE,22.692273534647686,SSW,NE,5.365341918309604,9.692273534647684,79.2117007104235,62.942384547042714,1018.4000444049581,1014.5384991118876,5.0,4.980794849014237,22.07302397870391,25.503796625239143,Yes,Yes
2014-08-28,Brisbane,20.057557484235375,28.795778364767287,0.029777610066488935,4.659555220132978,10.776667924501332,E,26.595552201329777,SSW,E,6.553335849002665,14.70222389933511,55.382208805319124,59.04221635232712,1010.0166603774934,1007.4719939623936,4.404447798670221,3.0,24.770222389933515,26.480889559734045,No,Yes
2010-12-07,Brisbane,17.280472833666636,22.605779391254988,3.9555166276078286,4.738879156901957,2.55026276364716,ESE,18.195271663333653,WSW,E,4.6112084309804295,8.22241686196086,90.08318735352935,78.44308196627398,1023.5309107730785,1019.9281962532158,7.3887915690195705,7.0,19.247197892254892,21.400175175764772,Yes,Yes
2011-04-24,Brisbane,16.18370324779514,27.260354009623338,0.0,5.8193874097841185,9.96431583801102,NE,30.3700477145154,NNE,NE,6.629952285484602,9.740095429030795,56.88985685645381,51.246698476343596,1017.9162967522049,1013.7916269045705,1.8766507618282007,3.0,24.537004771451542,25.69867939053744,No,Yes
2014-12-05,Brisbane,23.504765361084576,30.001832831186377,0.0007331324745505548,9.199266867525449,4.521260841761966,ENE,26.007331324745508,NNE,NE,6.010996987118259,9.01466264949101,58.03665662372753,62.02565963660927,1012.8197945768129,1008.9282256002703,6.992668675254494,7.0,26.306598192270958,27.30183283118638,No,Yes
2010-02-18,Brisbane,19.851828619649307,28.00450480744657,0.12633809389863032,4.9259143098246545,6.552464295760272,ENE,22.31478577456164,E,NE,2.7366190610136965,8.473238122027393,64.7366190610137,60.368309530506856,1018.7066237278166,1015.3856380095124,7.0,7.0,24.583519089142456,25.541335760497248,No,Yes
2010-05-01,Brisbane,19.64583189286363,24.96166724285455,0.3102778738090915,5.074723854754556,1.7541681071363724,ENE,30.243053154772717,ENE,ENE,11.691663785727256,13.205557476181829,72.10277873809092,70.97221261909084,1016.9241715642637,1015.1306998702137,7.448610630954542,6.897221261909085,24.155138936904546,23.854168107136374,No,Yes
2012-07-20,Brisbane,15.705994279212064,25.233514874156715,1.667574370783578,6.86702974831343,8.766757437078358,SE,39.0,S,SE,6.722070938202736,10.667574370783578,64.0572196797699,64.27520594944653,1027.2329702516865,1025.5106270022488,1.277929061797263,4.722070938202737,21.60027231123507,21.917165903930968,No,Yes
2012-05-13,Brisbane,21.384510548837312,24.09178194158161,4.835826497488238,6.013065653581254,0.13656506344191058,SE,21.04847595162866,SW,SE,2.7966295367444785,10.138042195349255,84.95152404837134,90.69967763348716,1017.4871424461392,1017.2757620241857,7.886195780465075,7.886195780465075,23.457640675721134,22.18040151962812,Yes,Yes
2012-03-22,Brisbane,19.439475864277007,28.865040396927576,0.11860886683735683,5.95582660051207,8.422086699743966,SE,33.81391133162643,S,ENE,4.0,10.558266005120705,63.03477832906608,74.16350736235067,1017.2034778329066,1014.9453931017923,3.593044334186784,6.186088668373568,25.766260099231896,23.473034491038764,No,Yes
2010-04-22,Brisbane,19.078305139635564,29.677796033826557,0.9047462567200927,5.887797653075752,10.660847430182216,E,29.17457709453349,SSE,E,5.825422905466511,15.783051396355656,67.0,58.34915418906697,1012.9391525698178,1010.9783051396355,3.3915256981778295,2.5661027927113174,26.160847430182223,27.921185754555427,No,Yes
2014-07-11,Brisbane,16.986895756497706,27.33155460212156,0.0,5.082524368169724,6.550969766048165,NE,32.81067238727064,W,NE,6.936890795756881,11.349512636605505,58.06310920424312,60.58737815915138,1017.8208722933692,1011.8014571294426,5.412621840848624,4.650487363394495,24.120389890715597,25.75534115437615,No,Yes
2011-11-14,Brisbane,16.152112663694254,25.365101698089145,0.4435054828025545,3.939123629299361,7.912910771337546,SE,30.08685443949042,SW,ESE,4.913145560509579,13.0,69.73943668152874,54.21752741401277,1026.5523474528663,1023.1567293063695,2.6087637070063865,5.6087637070063865,21.786854439490423,23.956416254140102,No,Yes
2011-02-28,Brisbane,21.900643652720852,33.19742538911658,0.0,7.401287305441712,11.899678173639574,NE,24.019309581625674,NW,NNE,4.0160913180213935,9.012873054417115,60.98069041837433,54.003218263604275,1011.2903452091871,1008.0868051192225,1.0,1.0064365272085574,27.899356347279145,32.19581625731445,No,Yes
2009-09-30,Brisbane,19.19248054860141,21.902275217331333,23.647835734983936,5.413207494726916,0.0,SSE,42.29384006189761,SSE,SE,7.858768012379521,9.282463975240956,89.0979466872992,89.0979466872992,1018.5640122464469,1016.7640122464468,8.0,8.0,20.65876801237952,20.20227521733133,Yes,Yes
2013-06-20,Brisbane,17.94191575116265,28.393070643853697,0.0,6.573408387470371,11.17543671983858,ENE,32.37859086426235,ESE,NE,7.710986020882714,11.57802795823457,58.42197204176543,55.64450698955864,1017.2687888167062,1012.8508734396771,3.0,3.0,24.76416924594197,26.906366450118515,No,Yes
2009-02-05,Brisbane,20.8469632024675,24.014506671807286,19.807428226775436,7.464913061320419,0.0,SSE,46.55938131893959,SE,SE,10.234816012337495,8.646421349783326,89.76518398766251,89.9709866563854,1016.4118762637879,1014.9411605337446,8.0,8.0,21.985222401850624,21.861740800616875,Yes,Yes
2009-07-26,Brisbane,12.941775663540142,20.357943838938795,0.0,0.8929906398231322,0.8695326067265515,WNW,20.92990639823132,SSW,N,5.628037440707471,5.814018720353736,87.69813104247613,75.16308424159182,1014.1975700474339,1011.0952803436285,7.814018720353736,7.814018720353736,16.190560687257157,17.3323363507973,No,Yes
2012-04-07,Brisbane,15.270505667370976,23.22949433262902,0.4705618135587124,4.752809067793563,5.853033652544506,SE,28.94101133474195,SSE,E,6.058988665258047,8.647190932206438,79.17584307201942,70.99943853812265,1026.5411797733052,1024.0764606800847,3.7646068008451716,5.764606800845172,19.523539319915482,20.92949433262902,No,Yes
2012-01-16,Brisbane,12.107610844045551,17.66469217438718,0.09619457797722475,3.2608867523644043,0.5190271101138763,SW,14.038054220227751,SW,W,4.0,4.076108440455505,68.29070178874737,63.29070178874736,1023.3453508943737,1020.3934481833622,7.480972889886123,7.480972889886123,14.030443376182202,17.308984041353018,No,Yes
2011-11-01,Brisbane,23.254697419164042,31.01967423548725,4.363628583956225,7.614604684456864,5.338744502340204,E,31.926976577715685,NW,ESE,5.788372370473863,14.853953155431363,71.08046605961114,65.62744025125158,1014.0979075039004,1013.1679538712541,4.715348948189545,5.496278681336592,27.317441444289205,26.63725597487484,No,Yes
2014-08-15,Brisbane,22.202719608275547,28.377824313379563,2.4313806543442826,9.496234248827252,4.5307533318631386,ENE,24.000000000000004,NW,NE,4.194560783448905,10.870292811034064,83.79497778757907,71.50836732689173,1016.0313806543444,1012.3573220921375,7.935146405517032,4.0,24.12322182951764,27.83242679724148,No,Yes
2010-12-02,Brisbane,21.62198540868532,26.86390596708316,14.612463679555445,4.635931907198152,2.899918937140656,E,40.53978923656571,ESE,ESE,14.799837874281312,13.0,73.80064850287475,77.44051880229979,1010.4920421526868,1008.5660372889153,7.420016212571869,7.420016212571869,25.261936770969715,25.441920558397847,Yes,Yes
2011-02-25,Brisbane,16.25243698889714,23.22621849444857,1.5754061648161906,1.8737815055514284,3.470070035652619,WNW,18.70070035652619,W,SW,3.122969175919047,6.561484587959524,94.31554623612145,65.36890752775714,1018.0250559865531,1013.5320167749813,8.0,5.877030824080952,17.364733906489047,22.533179282876905,Yes,Yes
2012-10-21,Brisbane,18.93050835878145,28.240990141624255,4.797412774212602,7.551471924467062,10.654415773401189,E,31.0753793390868,ESE,ESE,11.393399055838291,12.757359622335315,58.7738619827396,50.92462066091319,1022.4193133296452,1019.9239074146197,6.560660094416171,4.439339905583829,25.984924132182645,26.994112302131747,No,Yes
2012-02-12,Brisbane,19.479530932940147,26.750114233129715,0.0,6.1690679331507825,8.66558026655433,ENE,23.20697533319291,SW,ENE,2.79302466680709,11.431388999368092,75.20697533319291,61.55117266764963,1016.9050030336352,1014.1102345335299,4.20697533319291,4.189537000210636,22.912206833087595,25.189765466470075,No,Yes
2014-10-15,Brisbane,14.167646793722636,21.4,1.070587174890545,1.3764769506567307,3.491169843065906,ENE,26.47055112116907,WSW,SE,4.0,10.735275560584535,85.32353206277364,82.47064125547274,1028.1,1025.4529448878832,6.676467937226362,7.0,17.602940381167908,18.81764228700745,No,Yes
2013-01-26,Brisbane,13.785033000957691,19.955553901564226,4.185942798340003,2.068026400766153,0.380498899968077,SW,30.0,SSW,SW,6.024944998403849,10.21995599872308,73.73470299138079,80.43991199744616,1014.555099002873,1011.7696111032242,7.0,8.0,16.48503300095769,15.853514300414997,No,Yes
2014-07-02,Brisbane,15.191942248756465,20.421992065436,4.161892432076929,3.4951394566154286,2.239511977064179,N,31.936055842820714,SE,ENE,3.3491036006410715,7.888745040897501,87.44501983640998,80.3977090344868,1021.5396414402564,1017.1411753125898,7.190537839615357,7.460358559743572,17.944243057256504,19.636314769205217,Yes,Yes
2010-04-01,Brisbane,15.285088938324112,24.53499011796399,0.0,2.7300197640720247,4.694832005387789,SE,36.725642332340804,SSW,E,7.349901179639875,17.6003952814405,68.82504941018006,65.95029646108037,1020.9896640107755,1018.9497035389196,6.1252470509003105,6.475148230540186,19.534990117963986,20.91491106167589,No,Yes
2013-05-07,Brisbane,19.488487502938796,28.19546477388498,0.2989534093580722,7.298953409358072,8.208023861588114,ENE,32.51569885962891,N,NNE,7.996511364526906,11.006977270946185,56.00348863547309,62.97557955168835,1015.3048840896623,1011.2010465906419,4.494767046790361,4.9930227290538145,25.44215057018554,25.69825568226345,No,Yes
2011-12-04,Brisbane,16.53782608806864,27.122414432241776,2.2304717859044714,3.954116558268662,10.530296023029841,E,23.614708604328342,SSE,E,8.768825162597008,10.614708604328344,57.84588344173134,61.229417208656685,1013.2243478238627,1011.0317021260269,4.231174837402993,7.0,24.491591120588048,25.06864939972238,No,Yes
2013-02-12,Brisbane,14.282434721226808,24.4,0.0,5.0,7.4297388849072235,SE,30.292754646219894,SSW,SE,2.2927546462198958,11.234203716975918,70.59014349529215,58.05855092924398,1028.624347212268,1025.2950717476463,5.0,3.234203716975917,19.13513055754639,21.688289814151204,No,Yes
2015-03-06,Brisbane,17.23858224843715,25.27444954078612,0.2663046725215757,3.869019628609758,4.605429912176365,SE,32.33695327478424,S,ENE,2.668476637392122,10.994570087823634,72.6576168130394,69.31251866999061,1023.5584312998658,1020.6239214855609,5.663046725215757,6.997285043911818,21.107058885829275,22.37662150565667,No,Yes
2010-03-12,Brisbane,13.786041209155412,22.084896977111466,1.290618137331195,2.898855767956055,4.069793954222935,E,24.430206045777066,SW,E,6.0,12.139587908445868,75.72082418310826,77.72082418310825,1020.3464533007095,1017.8883296732433,6.215103022888533,7.0,17.94942788397803,19.22791758168917,No,Yes
2013-01-12,Brisbane,13.343101943569986,21.849291045873148,0.0,2.107680934740916,6.555406223992261,SSE,22.78449028215007,WSW,SE,5.415361869481831,8.953766543186411,81.33855252207269,56.615214021113744,1023.1568980564301,1019.6815066172746,6.292319065259084,4.123042804222747,15.543101943569987,20.74161011113223,No,Yes
2013-12-02,Brisbane,23.975598362222385,31.324401637777612,0.15772299293448128,9.126831021196557,10.490246531794835,ENE,32.65047077720706,N,NE,9.0,13.422770070655186,63.34952922279294,65.61783943475851,1015.8959031149293,1013.6617480089465,4.154459858689625,5.731689788034439,28.43821605652415,28.49757061658106,No,Yes
2013-05-08,Brisbane,16.54803230331384,21.161927812147795,4.8758233209817465,2.689638566135035,0.0,E,29.240964153375863,SE,E,2.9654618871167813,9.965461887116781,93.65542150797448,86.86184754846713,1023.244979810429,1019.4622488668705,7.482730943558391,8.0,19.327389699264575,20.299839472638666,Yes,Yes
2010-05-26,Brisbane,21.515283607360235,27.795681603271216,37.887362924353155,5.560298496933236,2.0674428057246264,NE,26.88039799591098,NNE,ENE,4.7990050102225466,14.11960200408902,88.47840801635608,72.55980100204451,1016.1282387975466,1013.6885372944798,8.0,5.320596993866472,23.379900501022256,26.203323406951334,Yes,Yes
2012-03-04,Brisbane,18.81474525267063,26.15066929540068,0.2,6.317962021365027,5.942357580118852,SE,34.47452526706284,SSE,SE,11.0,13.0,59.474525267062845,59.73726263353142,1016.4705094946587,1014.5525474732938,5.705094946587432,6.852547473293716,25.11474525267063,24.5,No,Yes
2011-12-10,Brisbane,18.489204782579552,26.95330115938421,4.030843478344131,7.48414463772834,9.626650579692106,SSE,41.29734927526519,S,SE,7.640963768046557,17.297349275265184,68.38987971029758,50.687228985562754,1023.7277591305098,1021.3949398551489,2.3281927536093114,3.6718072463906886,23.72048188402328,25.350216811549796,No,Yes
2011-07-17,Brisbane,15.42052059868711,23.246912852217562,1.4451573944174745,4.0527845070609,4.633716725452336,ESE,28.868038732347753,SSW,ESE,4.0,7.86803873234775,73.22578697208738,72.86803873234776,1028.0134987674867,1024.5569007041042,4.7360774646955015,4.170096830869376,20.26010897898279,21.603510915600175,No,Yes
2013-11-16,Brisbane,19.920259613288344,29.95191879689707,0.017720085935923446,7.205079054704843,9.743058753929109,E,28.443002148398087,E,E,6.0,13.177200859359235,54.32900644519427,46.354401718718464,1016.5480812031028,1014.5772008593592,2.443002148398086,3.354401718718469,26.810158109409684,28.343058753929114,No,Yes
2012-12-04,Brisbane,13.020611952711212,18.032367171626724,10.397424071752653,1.0383254203026027,0.0,SSE,25.309179290668165,SW,SSE,4.661835858133634,7.882447810844846,96.89694023644394,81.10305976355606,1021.6956522723204,1017.7574881304539,7.220611952711211,7.220611952711211,13.530917929066817,16.891143266204303,Yes,Yes
2010-06-25,Brisbane,22.89467588219122,32.7152082939721,0.0,6.398225294063739,10.904436764840653,ENE,26.392901176254956,E,NE,7.803549411872522,13.785802352509908,59.205324117808786,48.419521765298875,1014.1124229415539,1010.8731328239282,3.598225294063739,3.0,28.85627311753385,31.31609564694023,No,Yes
2011-04-29,Brisbane,22.98055565414149,28.67930106572824,26.766486087714835,2.26433688576081,1.506720248836618,E,34.58602131456486,E,E,14.47132622847838,15.52867377152162,86.94265245695676,90.03494671358784,1010.8720426291297,1010.1755373004885,7.735663114239189,7.735663114239189,25.52867377152162,24.707974837249864,Yes,Yes
2014-08-04,Brisbane,9.808758189617368,21.40066099544282,0.0,7.0006609954428205,8.490746063800518,SE,28.011567420249357,SSE,SE,6.008262443035251,11.003304977214102,52.028092306319856,50.047922169604455,1029.0009914931643,1026.502809230632,3.0016524886070504,3.0066099544282014,15.209419185060185,19.49834751139295,No,Yes
2009-07-27,Brisbane,19.040132001193864,28.593311333134356,3.0662266626871153,7.653509334925153,10.319405994627607,SE,41.996699970153365,SE,ESE,12.732453325374232,21.66556665671779,63.334433343282214,48.799339994030674,1018.7531793319404,1015.7732453325375,1.0,3.0668866686564424,24.713377333731287,27.020066000596934,Yes,Yes
2013-02-03,Brisbane,13.722508761719794,23.48676528167331,1.4723044013944253,3.700408720650732,6.749795639674634,E,23.574348004648083,WSW,ENE,4.714869600929617,8.429739201859235,83.50204360325365,62.85539119721115,1026.1582522417661,1023.3939957218128,5.357434800464809,5.714869600929617,18.257434800464807,22.036560921347945,No,Yes
2010-10-17,Brisbane,16.572882981494306,25.0831357068826,0.11575038934118562,5.189004672094227,5.0985147949650536,SE,30.893759733529638,S,ESE,6.10624026647036,11.315007786823712,60.57875194670592,73.25631813470748,1020.8754820903055,1019.1278596210232,5.263744159882216,7.0,22.87251168023557,19.621248053294067,No,Yes
2011-10-05,Brisbane,21.972764527058352,28.808941891766587,0.12723547294164653,6.127645270583535,7.209351689408474,ENE,35.72559628237409,ENE,E,14.634128376498792,14.999999999999998,67.99795101179056,67.45324155295762,1014.5733792235211,1012.2006146964628,6.6361773647082325,6.272354729416465,26.118088682354124,26.527030574120705,No,Yes
2011-06-24,Brisbane,20.91434838191977,32.07139097084814,1.414348381919768,6.556779384865346,10.064304514575932,SW,34.14260647232093,SSW,ENE,3.07174190959884,13.0,69.6430451457593,58.85739352767907,1013.2496929285932,1009.8711277667851,1.643045145759304,2.0,27.200000000000003,30.864304514575934,Yes,Yes
2009-10-31,Brisbane,20.064499142722987,27.11716466635363,4.590391056652424,6.763327618153225,6.125483711736693,SSE,29.934974281689513,WSW,SE,8.408319045383063,10.408319045383063,80.99999999999999,84.11833619092339,1014.8378439064165,1012.3035145737093,7.0,6.236672381846775,22.67750428638508,22.782835333646368,Yes,Yes
2010-01-12,Brisbane,16.50221058447919,24.184191562418448,0.5279239117570306,3.0261331544251964,4.372495915390328,ESE,29.18019022060742,SSW,ESE,6.049524448481441,9.819809779392576,69.04952444848144,70.31085599273341,1024.7924171435254,1021.5973695883735,7.0,7.0,20.14141031611699,22.074286672722163,No,Yes
2011-01-14,Brisbane,9.069937600770952,20.337898057898077,2.1456608006608158,0.648553600220272,2.6335224006057474,SW,17.165140573473952,SW,NNE,2.3203954287287654,4.480593143093149,85.99505714089042,69.79604571271234,1019.5659833134833,1016.5295681133181,6.878615999449321,6.839802285635617,12.962174858008211,19.20536422911424,No,Yes
2011-12-13,Brisbane,20.589882150992437,27.84544965673974,8.65663844409721,4.860599542319653,4.4949679634276505,S,29.151498855799133,SSW,E,4.0,9.767665903866087,82.61616704806696,72.22216247126347,1010.8737151029254,1006.9878478260183,7.616167048066956,3.686830663531308,23.90401487408531,25.268683066353127,No,Yes
2013-12-14,Brisbane,23.541881003300194,28.326885369336694,0.0856255457545627,6.598136460845816,4.409715606359979,E,21.70940501650095,N,NE,6.140638643864067,8.996894101409694,73.71872271227187,75.86246725472624,1013.4534601488143,1011.6818984674461,6.71561681368156,7.571872271227186,26.270008732073006,26.31313209480932,No,Yes
2013-08-12,Brisbane,20.16036110915475,25.0,26.26185187793672,5.331368684378767,0.4061153195689009,SE,36.81654041293297,ENE,ESE,9.824461278275603,10.114385526035386,83.81654041293297,73.35107744344879,1015.6755387217245,1013.9282003382417,7.4122306391378014,7.4122306391378014,22.424461278275604,23.964892255655123,No,Yes
2015-01-29,Brisbane,15.171876384714281,22.698085883460827,1.9941522431059933,2.8427430075207343,4.323285620299541,N,22.368952506267284,SW,E,4.368952506267279,6.0776187343318036,82.41733245612905,70.44657124059908,1029.2135042230507,1026.2688470989908,2.922381265668197,6.1844762531336395,18.45635263784792,21.184476253133642,No,Yes
2012-09-20,Brisbane,20.517341264991373,27.582658735008625,9.569179716350344,7.154140261755813,4.371481526747186,E,43.36223544165229,E,ESE,12.984589858175172,13.724470883304576,85.27552911669541,68.98458985817517,1017.8500926718076,1016.0689749509814,6.724470883304576,5.637764558347712,22.662235441652292,25.507129618313204,Yes,Yes
2011-04-12,Brisbane,17.367255644370967,25.400706773245155,3.470436123974183,3.9316841957612954,6.600353386622579,ESE,29.672556443709663,SSW,ESE,5.003533866225797,8.338045154967729,76.32744355629035,74.67609030993546,1024.9971729070191,1022.0323909690063,4.338045154967729,3.6725564437096607,22.433804515496774,22.86407516476775,Yes,Yes
2010-08-05,Brisbane,14.37506543958668,20.011740831531572,2.7266492161102183,1.5519409094859757,0.26720642702706093,E,31.209573668256517,NNE,NE,4.05239341706413,4.340557210916843,91.29268886963426,92.18790203550599,1020.5851869900371,1016.8402000779544,7.0,7.973803291467935,18.169826097880264,19.577685110439887,No,Yes
2015-11-01,Brisbane,21.8322630611042,27.302419176389133,0.004838352778271049,7.151616472217289,1.4403122305698604,E,20.314492930587615,E,ENE,6.0,6.2177258750221975,58.241917638913556,50.97580823610864,1015.7822519972306,1013.3749944680632,7.0,7.0,25.8250055319368,26.48064658888692,No,Yes
2013-12-27,Brisbane,22.261430539762475,31.136605912648452,0.0,8.962412313557012,4.74446010300474,NE,23.009817737945358,N,NE,7.0,9.0,54.0,63.31697043675773,1010.1583450772534,1006.5870967995457,5.990182262054641,5.158485218378868,27.465357634940617,28.00490886897268,No,Yes
2012-07-12,Brisbane,14.889638003100595,25.316945084097878,3.9254176261468134,2.4546141619945625,6.242740601214782,W,20.0,SW,N,4.0,6.0,73.46141619945625,54.82299133961937,1017.7137630156302,1013.0683771776248,4.819212429918437,4.365354049864062,19.907338869138655,24.45310259811419,No,Yes
2010-11-25,Brisbane,15.41565034414625,21.15062054546868,2.0313006882925015,2.903615753247763,3.415704103928419,SSE,32.33729110385066,SSW,S,4.0,6.0,83.74689727265657,84.1084725974329,1023.9627088961494,1020.9470585520031,6.445763701283553,7.0,17.587965409101514,19.348192123376116,No,Yes
2015-04-25,Brisbane,20.48706881925418,29.76866609959634,0.11949022943550922,7.519490229435509,8.203636362600129,SE,31.506372132056136,E,NE,7.493627867943865,10.908920984878588,65.88343245665405,64.68853016229895,1010.0819711136094,1006.1586576049401,3.0910790151214114,3.7923534415326383,25.844078164515928,28.127136787902874,No,Yes
2013-04-19,Brisbane,11.522037735346021,24.363562263765285,0.0,3.318641509769319,9.116950943161477,S,27.88135849023068,SW,S,6.05932075488466,12.762716980461361,64.40679245115341,47.17796226465398,1025.5508528294843,1023.5033962255767,1.0,1.3559245293079574,17.28135849023068,22.82203773534602,No,Yes
2014-01-10,Brisbane,20.29266384184497,31.151758102835565,0.0,6.829547130495298,8.44401694893018,SSE,31.184922687939583,E,NE,6.0,11.962812964536905,62.77789027659732,62.518593517731546,1008.1740703241135,1003.7333670829792,2.2964837943288687,3.037187035463095,26.800000000000004,29.17768777872214,No,Yes
2013-01-03,Brisbane,19.885171593630535,27.701519537834514,6.4471573228017975,6.46083316331238,3.3513231393636933,SSE,25.71862725095574,SE,ESE,7.288970438216805,12.437254501911479,81.68823649426557,73.37647298853112,1019.2406863745222,1017.2250981992355,4.992402310827455,6.28137274904426,22.903798844586273,24.448284063694675,Yes,Yes
2011-03-25,Brisbane,14.996352023110056,23.136348747576992,0.25090789980615924,3.3309013487400354,6.741812524079257,SSE,29.145427745638585,SSE,SE,4.890888246607787,6.636348747576991,75.85457225436141,85.09095375726902,1027.8163749518415,1025.6272861271807,5.0,6.490921001938407,19.299983622334693,19.91089479767391,No,Yes
2013-06-23,Brisbane,16.730634617354948,26.230960840450514,2.020640560300341,4.747746153058021,8.684519579774744,ESE,37.31613286641638,SSE,SE,7.0,13.632265732832767,63.89353496754266,55.367734267167236,1023.2,1021.2051601400751,6.051601400750852,4.683867133583617,22.172894407242318,24.515154197129696,No,Yes
2011-10-04,Brisbane,21.806949291076858,26.4047115596309,46.0633751458527,6.4883391492922335,0.16277971643074454,SSE,19.0942311926181,S,SSE,2.7444056713851097,6.558304253538831,91.11660850707767,87.04711559630906,1013.4042393661528,1010.3739683736604,8.0,8.0,24.278916030030427,24.71389858215372,Yes,Yes
2015-01-30,Brisbane,20.680264330979572,28.785550950570993,0.0,7.234184718449437,8.415859858774262,SSE,37.81585985877426,SE,ESE,15.0,13.815859858774262,52.762993662860055,52.578853521634315,1017.6197356690205,1016.7421146478366,4.592070070612869,3.7894267608171583,26.57894267608172,27.90528661959142,No,Yes
2014-07-08,Brisbane,12.516022301646728,23.974560660213683,0.0,2.375263603871793,7.466549509390314,SE,22.043570472407396,WSW,W,5.083626226524215,4.0,82.12368198064104,46.5418131132621,1022.1959944245883,1017.970906556631,4.290934433689463,2.5418131132621076,16.233099018780628,23.14111016960399,No,Yes
2010-02-01,Brisbane,17.14489066162561,22.414234631379244,38.730151732841854,1.9238435790805026,0.5312657592938907,E,33.619217895402514,ESE,ESE,8.034062255829289,10.721404662890382,80.40874706995147,65.0,1017.9130151732842,1014.1857653686209,7.5170311279146445,7.5170311279146445,19.276766149967028,21.821047082545103,Yes,Yes
2013-04-09,Brisbane,17.047487845529282,23.388191713125813,0.17330400551681124,0.8008798344956627,2.7947557324346546,NE,25.46608011033622,WNW,NE,4.0,12.199120165504338,94.06344060684924,79.79648066201736,1017.539384115853,1012.9794281075777,7.733040055168113,6.0,19.047927762777114,22.46127576001871,No,Yes
2015-07-10,Brisbane,18.63046620640421,30.532240605502853,0.0,8.161203027514249,11.14535333946865,NE,28.0,N,NE,6.0,13.0,51.644812110057,57.96721816508549,1015.2952180321156,1012.7032781834914,1.483609082542748,3.241804541271374,28.108060151375717,27.900000000000002,No,Yes
2010-06-08,Brisbane,19.341921673039042,26.49190896046065,3.213249128394138,5.674993643710801,4.731605495329474,ESE,31.544121386052467,E,ESE,10.007332376711418,14.45587861394753,68.79418494894445,88.26472831631482,1020.0352716836852,1017.8896838222904,4.3603034651311745,7.272060693026235,25.1463210990659,21.743388148381328,Yes,Yes
2012-07-03,Brisbane,20.96804812298797,31.65389273240917,0.6042466171736403,6.811324312463042,10.948938345706589,ENE,29.5106165429341,NNE,E,4.0,13.992922304710598,59.5389273240917,60.964611523553,1009.323356394455,1007.5176942382235,2.0070776952894005,2.4964611523553,26.95601604099599,28.861678197227516,No,Yes
2014-01-31,Brisbane,19.16271153432117,27.97638026961385,0.0,4.2463639346450055,4.775779156861785,W,33.94204508169374,NNE,W,5.310552107845539,15.252597189539278,69.8157464869241,82.49480562092144,1012.0962822598008,1007.4836524003239,6.126298594769641,7.0,24.24428618301358,22.147402810460715,No,Yes
2014-10-24,Brisbane,18.1311477261839,19.83934443472294,11.300000389559239,4.831147726183901,0.02704917713476032,W,24.106557600566777,SSW,SSW,4.0,3.081967085390413,87.5409835426952,86.54098354269522,1018.6327868341563,1016.4893442399433,7.270491771347603,7.729508228652397,19.258196903318662,19.166393611857703,Yes,Yes
2013-06-30,Brisbane,18.31998740707422,29.09170546566177,5.237230957578663,6.896538696973329,9.821359335359105,ENE,30.0,WNW,ENE,6.765512898991109,14.062051595964439,67.33115172724004,59.76551289899111,1018.8779861828128,1015.4124732838219,3.7034613030266708,3.937948404035561,24.33514158283688,27.11515417576266,Yes,Yes
2014-01-01,Brisbane,16.94686838804596,28.091811257520153,0.0,7.413161235940319,10.61123571736855,ENE,39.065806179701596,N,NNE,7.317816335338707,13.317816335338707,55.252010155637116,55.52327549699194,1015.2062632239082,1010.1016081245097,2.682183664661293,2.682183664661293,24.2329030898508,26.13755818924919,No,Yes
2009-12-16,Brisbane,19.06932455156707,25.730675448432923,24.352626121028102,5.274765508223981,3.9664634716046683,ESE,33.33864910313415,E,ESE,13.0,14.999999999999998,72.2523449177602,87.33864910313416,1018.3108819133138,1016.0719044282615,4.948874252611794,7.389774850522358,23.784990657701623,21.289774850522356,Yes,Yes
2011-11-19,Brisbane,21.011314389238674,28.845858367088926,50.5223924114387,3.270708164555371,5.090906629750415,E,38.45858367088926,E,E,13.270708164555373,16.999999999999996,81.96968876583472,79.27070816455536,1018.6442381582341,1016.7224194841841,7.1353540822776855,7.1353540822776855,26.85111050949455,26.332322958861155,No,Yes
2011-03-16,Brisbane,20.498899931176762,27.150275017205807,31.75467529249876,2.049724982794191,0.0,SE,29.72937370956431,SW,SE,2.497249827941909,7.994499655883819,92.25962560220331,73.27612663455186,1009.3911994494141,1006.6862491397097,8.0,8.0,22.822662353750623,25.823212388162244,Yes,Yes
2012-10-22,Brisbane,22.04304484373286,27.508740359359575,16.04267353152766,5.183833187410874,0.6517852030924349,ENE,42.77349328106147,ENE,E,14.941730937602838,18.970865468801417,76.0,68.0,1016.2184233126441,1014.5812053751508,8.0,7.34304484373286,25.708740359359577,26.240131390613,Yes,Yes
2012-04-28,Brisbane,18.499786371508044,28.434708303133235,0.0,6.991322924216691,9.791322924216692,SE,39.0,SE,ESE,9.26031227349925,16.91322924216691,60.52276083191804,50.04338537891654,1020.3741824011421,1017.6652916968668,4.956614621083458,5.869843863250374,25.83036976524158,27.63036976524158,No,Yes
2011-11-06,Brisbane,18.4379595378456,26.644855339481243,18.420796167738818,4.551751141116885,2.3999782474336215,NE,20.551664130851368,SSW,NE,2.1379160327128424,9.137916032712843,90.51729388550504,80.7587557055844,1012.6274744437108,1007.6688492535245,7.0,6.068958016356421,20.527604959108945,22.90345877710101,Yes,Yes
2011-04-20,Brisbane,19.165767167309248,26.52582886250337,6.091287553842007,3.2228218884605018,1.0597532192235122,E,27.543562230789963,SSW,E,2.114109442302509,12.771781115394981,75.91287553842007,53.141094423025095,1022.2258288625034,1019.5744796134674,7.0,7.942945278848746,24.063068669236987,25.368774141352116,Yes,Yes
2014-05-26,Brisbane,13.150440136902159,22.48712517012272,0.0,3.7643741493864007,7.0821870746932,S,21.693122448159198,SW,S,7.0,9.0,62.895942178374796,62.92063265552239,1028.0603163277613,1025.1167537426998,3.1534387759203995,5.5643741493864,17.48165748338972,20.502469047714758,No,Yes
2012-12-15,Brisbane,19.001923072592582,28.609364546988722,0.0,6.947658863252818,9.747658863252818,SE,39.0,SE,ESE,10.570234102415435,16.476588632528184,58.12123747890503,50.2617056837359,1019.7410535171658,1017.4906354530114,4.738294316264094,5.214882948792282,25.98319397861514,27.783193978615138,No,Yes
2014-06-20,Brisbane,19.745242046217598,25.7440335658464,70.42961127052801,5.4072508822272,0.5927491177727996,SE,35.518127205568,S,SSE,6.246978799072,8.506042401856,94.76510600464,90.072508822272,1012.5606484202335,1009.2323250992129,7.506042401856,8.0,20.7404081247328,22.7145017644544,Yes,Yes
2015-10-22,Brisbane,20.725003664416832,30.562501832208415,0.0,8.12500366441683,11.812509161042072,E,28.0,E,E,6.906254580521036,13.0,49.374981677915855,45.093745419478964,1014.8499926711664,1011.3187344262285,5.625018322084147,2.0937454194789633,28.10625458052104,29.234378206364724,No,Yes
2010-03-27,Brisbane,20.549909239969903,28.94936467978931,0.0,5.0014521604815805,7.800363040120396,E,28.499092399699016,SSW,E,6.249546199849507,13.499092399699009,69.0,52.745008198344564,1020.0003630401204,1016.8752269000753,6.500907600300987,5.249546199849506,25.824591579864563,27.72477309992475,No,Yes
2013-11-12,Brisbane,17.431698356771786,23.731698356771787,4.3683016432282145,2.8299877542547742,1.9798743153215774,ESE,29.464653560327797,ESE,SE,3.0877989045145244,10.55245246484232,85.74515629904148,63.2548437009585,1023.3261127934879,1020.8059871088094,7.0,7.0,19.883522398222,21.443044150998755,No,Yes
2014-03-09,Brisbane,19.651879652483593,28.82781947872539,2.7774441701968873,7.0,7.540601737582035,ESE,38.127822588566474,SE,ESE,10.037593049671854,14.518796524835928,67.0,45.20300868791018,1020.797745038988,1018.7533839964386,5.0,6.759398262417964,24.644361042549228,27.259398262417967,Yes,Yes
2013-05-06,Brisbane,22.46455773216592,28.034921952735157,0.0,7.469843905470324,5.5221853234154645,ENE,21.7513007877473,W,E,2.8994796849010798,12.30156094529676,76.0,64.54505700656026,1013.580936567178,1010.7513007877473,5.89947968490108,4.79895936980216,25.424349606126356,26.524869921225275,No,Yes
2013-07-29,Brisbane,14.033973665826892,23.604802493701683,0.6213684455641449,2.8465788860896377,3.5582236076120473,S,23.99039501259663,SW,ESE,4.0,6.330131670865544,78.09723724041736,82.52460615170025,1024.3447766252473,1021.5321714049845,5.330131670865544,7.776710556955181,18.69219727343894,19.873710324095804,No,Yes
2011-04-05,Brisbane,17.695414147896987,22.962731069114792,3.6735780551184507,7.699315675203828,0.0,S,24.588295418079472,SE,SSW,7.13073231512877,4.5882954180794675,76.3073231512877,88.4575631029507,1016.6392196945386,1015.1078030546137,7.065366157564386,8.0,21.825462138229582,20.397364911550408,No,Yes
2012-12-27,Brisbane,15.441688392123417,25.867115554163725,0.2049715225306463,4.624857612653232,5.2761004932858935,ENE,23.38814074306046,WSW,NE,2.975142387346769,7.000000000000001,77.17400328857262,58.149145675919385,1019.1418693849583,1015.1170117723052,6.512428806326616,6.512428806326616,19.01683077947019,24.730787241123004,No,Yes
2014-02-13,Brisbane,21.693277279963343,27.142856879688416,21.00167791673757,3.5075635205865043,0.016806800091641316,ENE,38.865545599266866,ENE,ENE,16.932772799633433,19.529409597434043,75.8319319990836,68.77311280421549,1018.9218479190287,1017.4319319990836,8.0,7.0336136001832825,25.37310911985337,25.855461519211886,Yes,Yes
2015-03-17,Brisbane,22.61855083550804,31.662408077926788,0.0,7.387959610366063,9.569163649329457,NE,24.25061281382142,NW,NE,6.062653203455355,9.0,64.87224233780361,66.06020194816968,1015.5812040389635,1012.9122855151625,2.0626532034553544,1.250612813821418,27.53132660172768,29.899999999999995,No,Yes
2014-12-03,Brisbane,23.387724944013293,29.840943670685498,0.24326262130453172,9.237425018662234,4.471931236003323,ENE,25.81287490668882,NNW,NE,5.812874906688823,9.18712509331118,60.61975130635649,63.029188013211474,1013.118112658629,1009.2368251679601,7.093562546655589,6.719312360033233,26.08480614269215,27.346781273327796,No,Yes
2014-12-04,Brisbane,23.536678699070908,30.121509257764803,0.0,7.594943519564635,4.093698615370292,NE,30.417736113352788,NNE,NE,5.72150925776481,7.2532083400583565,69.65811109317772,75.37962035094252,1012.7152078731352,1010.5670944453412,6.164527773294429,7.303773144412024,27.89871666397666,27.518981017547127,No,Yes
2014-09-27,Brisbane,20.134797888968738,28.228313752513696,0.0,6.126944775926519,5.750864861534001,NE,21.064841364550436,N,NE,6.532420682275217,9.0,59.14337249497261,65.93515863544957,1015.0512256080149,1011.2498566314276,4.662103411376085,6.0,25.26210341137609,25.582924797328396,No,Yes
2009-12-26,Brisbane,19.65775296416113,29.093314723120848,16.76615488582332,6.202274951157597,9.718918355058658,SE,38.88904397399293,S,ESE,9.300139576593642,17.477948371392227,64.64438241040283,57.633007654614836,1014.6890439739929,1012.8401116612749,3.055478013003533,4.644382410402827,26.056615488582334,26.794452198699652,Yes,Yes
2009-09-27,Brisbane,19.850674375072828,24.690722055181023,4.997779300790676,3.1747820127340827,0.06526566737411574,SE,47.91594004244694,S,SE,14.22125338992926,18.957970021223467,76.599523198918,70.7256131352476,1017.6482152753224,1016.3482152753226,8.0,8.0,23.055987722555148,22.986519057303376,Yes,Yes
2009-11-19,Brisbane,15.479800014824727,24.409850011118547,0.0,2.9802999777629093,4.340399970350545,SE,37.69783349393454,SW,E,6.899833345687272,17.998333456872725,67.89816680256,65.79800014824727,1019.910183319744,1017.9500833271563,6.499166728436363,7.0,19.419866676549816,20.710183319744,No,Yes
2010-12-18,Brisbane,20.849806187416373,28.234529809673532,8.38254128257961,3.208729358710196,8.590883016122552,E,36.62900225481668,SSE,E,8.890883016122553,9.0,75.34917434840783,83.73811923869413,1013.8593107964612,1012.2178463425877,7.0,5.043646793550979,25.712706412898044,24.76508256515922,Yes,Yes
2012-10-25,Brisbane,21.0,30.0,10.886150853279661,5.946567443592291,6.080188474974732,E,28.0,ESE,E,5.681051569122054,9.025892824419698,76.24990089909208,66.92232152674092,1015.0965476234106,1012.564652780323,6.327579372351178,5.3189484308779456,26.40172618829465,27.73621031382441,No,Yes
2013-10-18,Brisbane,18.619633394718697,30.832945009207805,0.0,5.331780036831219,10.079201632904716,NE,32.597338776349055,N,NNE,6.96339443421355,12.8535777368542,62.9267888684271,59.89018330264066,1018.4474215960735,1012.1828621894832,2.1464222631457983,7.0,24.82445892367393,28.169550574994258,No,Yes
2011-07-08,Brisbane,17.149816381387893,24.36142955942566,2.688807280616841,3.968470913693158,1.4514449945759218,W,19.80084091730921,WSW,SE,6.0,4.199159082690791,73.43983181653816,90.68050455038552,1017.4236468147302,1015.5958486348844,7.120336366923684,8.0,20.541513651156578,20.02075682557829,No,Yes
2014-08-02,Brisbane,22.305233693049633,34.67147680257208,0.0,7.850542030373527,12.52418695443971,NE,24.379065227801448,E,NE,2.442242765768357,9.505420303735265,58.25271015186764,41.07401814543744,1007.0980184891915,1003.5485605195652,1.1263550759338163,3.2527101518676327,29.72942064748935,33.45884129497869,No,Yes
2014-03-04,Brisbane,19.510451575857203,28.615677363785807,4.474581089713543,7.0,8.247742120713978,ESE,47.3206475692817,SE,ESE,7.209031517144095,13.104515758572047,67.0,48.738710603569885,1022.8484521500704,1020.3798068776422,5.0,6.0522578792860235,25.06864527242839,26.552257879286028,Yes,Yes
2012-04-16,Brisbane,15.253016702314596,23.246983297685404,0.4649653447406709,4.724826723703355,5.872621293407652,SE,28.906033404629195,SSE,E,6.093966595370807,8.675173276296645,79.04292693759095,70.88051357573926,1026.5418793319072,1024.0743620042779,3.7436200427775157,5.743620042777516,19.525637995722246,20.946983297685403,No,Yes
2013-12-05,Brisbane,21.530078895481022,31.646331361020305,0.0,9.471558185306256,12.04796844180759,NNE,26.9593688361518,NW,NNE,6.219526627113845,9.0,51.38205128250667,52.5203155819241,1014.2593688361518,1010.6894477316329,2.4796844180758977,3.9593688361517954,27.973984220903795,30.498362919212717,No,Yes
2014-02-27,Brisbane,16.630686456030833,21.56527597354047,41.072138231917016,4.638223561088644,0.0,S,30.577388684826566,SE,SSW,8.46164192996146,10.577388684826568,89.61641929961459,93.1157467548651,1017.0384925789884,1011.1150742101156,7.73082096498073,8.0,19.030551947080934,18.33445500855974,No,Yes
2012-10-21,Brisbane,20.428054364254127,22.50660658416569,7.940150689591189,5.39625941809945,0.0,W,22.0,WNW,SSE,4.037405819005507,5.925188361988987,87.71945635745871,91.01870290950274,1016.9906485452486,1015.2,8.0,8.0,22.144886982806607,19.84114640090606,Yes,Yes
2015-06-14,Brisbane,15.707836074933098,18.2973879750223,7.205224049955398,2.7130601248884956,0.0,SSE,23.486939875111506,SW,SSE,2.513060124888496,6.0,93.71734968777875,87.28265031222124,1030.1173496877789,1026.883860606601,8.0,7.256530062444248,16.55653006244425,17.62042895628903,Yes,Yes
2009-05-23,Brisbane,21.37666031882074,29.03458253985259,0.06916507970518511,6.44667936235852,5.718738097788888,E,36.3833015941037,ENE,ENE,15.074952391155554,17.616698405896297,68.72912699262962,67.3833015941037,1015.9166984058962,1013.9437857066333,7.0,7.0,26.234582539852596,26.80374761955778,No,Yes
2015-10-10,Brisbane,20.61426775430195,27.73312633395779,0.4754343186233763,5.126468048616883,7.967989942409091,NE,22.0,W,E,5.60380473448052,10.20760946896104,67.35814792071429,65.38668342931818,1017.7289914139837,1014.2478499936395,5.2076094689610395,6.80190236724026,24.435979884818188,26.292555623785717,No,Yes
2015-07-11,Brisbane,15.616556116170088,24.96933949085678,0.22613210182864393,5.573867898171357,4.9661090111157185,E,23.130660509143222,SW,ENE,5.13066050914322,7.000000000000001,64.38938567228263,78.69858661886185,1022.6781367199712,1019.4520046181425,4.173348727141951,5.86933949085678,21.134410159913685,19.712027708855512,No,Yes
2014-01-12,Brisbane,19.704101269967495,29.224752740681836,0.0,4.971145989350669,9.97934852928566,E,31.1032573535717,SSE,E,7.0,17.31966243344168,53.92786497337668,54.75247259318164,1009.8742582220455,1008.3949096927599,3.6082025399349913,4.855729946753344,25.820651470714342,26.08967426464283,No,Yes
2009-04-25,Brisbane,20.89563890631022,24.646029312973454,12.636069285209985,3.9888021318526152,0.11477814851069787,ESE,53.524090603736134,SSE,SE,14.832031977789223,14.944010659263075,92.46810126299921,93.2441439000515,1016.019920055527,1014.9975243192322,7.972005329631537,7.972005329631537,21.162826115194534,21.330013324078845,No,Yes
2010-11-23,Brisbane,16.65581454532516,24.077519999864453,1.6519381817750531,3.4868218181571726,2.2868218181571733,ENE,23.69379999966113,W,SE,4.0,6.608527272696468,78.6976727276424,85.0465090914636,1025.9093018182928,1024.2701545455625,6.608527272696467,7.608527272696467,20.564341818021628,21.007752727100215,No,Yes
2011-03-26,Brisbane,19.36315921864436,25.236925148861406,39.15971640037351,2.137828037182003,0.6990127441736376,W,34.39802548834727,N,SW,3.7475318604340937,7.000000000000001,84.56332795365589,87.80592353495818,1005.8999156324942,1003.0009028883205,7.300987255826362,7.650493627913181,22.627221325609312,18.98840603260095,No,Yes
2010-05-15,Brisbane,20.146967819739636,29.389919927295672,13.502021453506908,6.103350959291373,10.094627587201721,ENE,32.20132950578447,SW,E,4.0,19.201329505784464,69.62420305242247,58.228191569775866,1016.6718356250543,1014.3691494186551,5.114095784887933,4.114095784887933,25.81005287787412,27.181196555206018,Yes,Yes
2012-07-21,Brisbane,13.366371511608428,23.126870243102402,0.0,3.8117455602289083,7.24537404862048,SE,34.243765856325325,SSW,SE,2.0,11.0,82.8825443977109,56.302493657469874,1029.3941272198856,1026.518503805518,5.8487531712650656,3.8487531712650656,17.062992388963842,21.784875317126506,No,Yes
2013-04-08,Brisbane,20.43519015797074,27.66480984202926,6.556972458927172,8.003035034302345,5.138225192273084,E,43.22531692995124,E,ESE,11.478486229463586,13.450633859902469,85.54936614009753,67.47848622946358,1019.1918940864779,1017.4792356215023,6.45063385990247,5.774683070048765,22.525316929951238,25.315443701931727,Yes,Yes
2010-06-22,Brisbane,19.150579996804176,28.57490333386597,2.698066677319404,7.800773329072237,9.822390014381197,SE,39.23550007989553,SE,ESE,11.99613335463881,20.74516669329851,64.25483330670149,48.24710001597911,1018.6243233370618,1015.6996133354638,1.0,3.250966661340298,24.750193332268058,27.075289998402095,Yes,Yes
2011-06-25,Brisbane,13.780492846272914,21.465554452057024,12.959240867617066,3.2597535768635453,5.942710654501006,ESE,41.90862480977593,SSW,ESE,4.0,10.701232115682275,84.86293721466389,74.0,1027.4975357686355,1024.6929670091242,3.5975357686354488,5.298767884317725,17.089630365295317,19.850616057841137,No,Yes
2012-10-25,Brisbane,15.339807318507084,24.797973136083293,4.489782306260199,5.185711903595535,7.641834182423787,SE,40.54078740080293,SW,SSE,5.12244557656505,14.295896247672822,73.5102176937398,47.2448911531301,1024.207127373371,1021.58059471931,6.0,4.5612227882825245,18.720418712648346,23.98572857842679,No,Yes
2013-10-15,Brisbane,12.781287270900506,23.146781822748732,0.20935636454974657,4.732747275924114,6.874850916397973,E,22.093563645497465,SW,E,6.0,9.859654531753801,62.7193090635076,78.08477278435916,1023.6298272658769,1020.1821663570144,1.5233909113743664,5.953218177251268,19.509356364549745,18.564332714028673,No,Yes
2009-02-18,Brisbane,21.16058630221468,27.724554707513878,0.0,6.616369805009252,3.3918150974953742,SE,30.885231128130783,SSE,E,13.0,9.45907548747687,62.0,79.70462256261564,1013.3935962674399,1012.5870122980753,7.0,7.1147688718692175,25.2360315947008,24.21966178969155,No,Yes
2011-11-04,Brisbane,15.997203747908218,22.909790459975845,0.08391618399033902,5.111888245320452,1.72027938669887,W,37.97902214655395,N,SW,7.0,6.580419080048306,68.67832367980678,81.67832367980678,1012.1104889267231,1008.2881117546796,6.27972061330113,7.139860306650565,20.091608858621584,14.863636797291468,No,Yes
2012-04-08,Brisbane,14.040299877540614,22.303838520695397,8.654588214546934,5.619617065882672,1.816844290962545,SE,36.44562860641697,SSW,S,6.0,14.78251442566787,90.38592848395758,57.37527102620487,1022.6857116629938,1021.4835801714432,8.0,7.0,14.9185513201074,20.45437139358303,Yes,Yes
2013-07-19,Brisbane,14.10676683619,21.4,0.8270673447600007,2.8375959314399966,1.9691709047500041,ENE,17.947357066600024,WSW,SE,4.0,6.473678533300011,85.93233163809998,94.64663276199995,1028.1,1026.30526429334,6.067668361900002,7.0,17.420300508569998,17.721803051420004,No,Yes
2014-10-23,Brisbane,16.586453704182514,25.053917548614884,0.14156701944595373,2.6494021166757227,4.662948412493209,SW,26.38247354155347,NE,W,2.5843298055404627,11.337319222161849,84.03319665290606,73.33731922216185,1017.4099589958719,1013.9840621708854,7.0,7.0,20.18764947083107,21.74488668473656,No,Yes
2014-03-12,Brisbane,18.14958630033574,23.930063052475596,0.10870764346852922,5.7868006349091194,2.930614652027938,E,23.261229304055878,E,ENE,7.630614652027938,8.71769108671323,64.52245860811175,62.414302564195566,1017.9285066911048,1015.2567375824335,7.543538217342646,5.912923565314708,22.58441687420986,22.749586300335743,No,Yes
2011-11-06,Brisbane,21.661066912230478,26.4471056223442,21.939161664994714,4.37116903190902,0.5557323510780922,E,30.0,ESE,ENE,4.245176037240334,7.653802765974228,96.77411981379834,92.7116903190902,1010.8292851622502,1008.3965950239515,7.836549308506443,7.754823962759665,23.41441548404549,25.15527815691888,Yes,Yes
2013-02-26,Brisbane,19.966640513222924,28.08752942262421,14.215738219413844,6.200156920662449,6.150117690496836,SE,32.12470577375791,SE,ESE,10.833202566114627,16.999999999999996,76.70771218904447,53.3328102644585,1013.9752942262421,1011.7794249319236,4.208104490700595,5.37490192458597,24.441699358471343,26.88752942262421,Yes,Yes
2012-06-19,Brisbane,12.642348143565025,23.254591113860986,0.0,4.441845891094179,7.623983688121081,ESE,24.33165915843052,S,ESE,8.423481435650235,10.362266584170422,60.63773341582957,54.06121485147981,1023.8535866089193,1020.8566473514934,5.515303712869953,6.515303712869953,19.448469628713003,21.67295556930493,No,Yes
2014-10-28,Brisbane,17.549197086146947,24.49892944819593,0.0663098160653103,7.434225459836723,2.8497323620489827,ENE,22.994647240979653,ESE,ENE,9.0,9.994647240979655,62.989294481959305,66.17112729918362,1022.9181832817225,1020.3668450919673,7.0,6.834225459836724,22.948661810244914,22.53047852852248,No,Yes
2013-01-28,Brisbane,19.55747537369918,27.871932217401184,1.778279258800113,6.1827925880011305,6.147037955501835,E,32.4026796170031,SE,SE,12.674188882001696,10.728490735001412,64.86882964799548,62.68335744299125,1018.614456843702,1015.8710153613022,7.054301852999718,5.162905558999153,25.302256664600506,26.0502114762013,Yes,Yes
2014-11-08,Brisbane,19.514854691735902,25.06005910844641,22.94933502997787,8.989867005995574,1.5051157540408888,S,28.049679829248603,SSE,NE,5.699950742961325,4.0,73.94982760036463,73.59960594369059,1010.2101822510432,1008.8601083654852,7.24987685740331,7.0,20.67501231425967,23.21505171989061,No,Yes
2013-10-25,Brisbane,11.625324053081032,21.87184914212404,0.06619553253417833,3.4647821301367134,4.783156361303757,SE,25.021201035961976,WNW,WNW,6.0,4.661955325341784,79.65488831335446,57.59128520546853,1022.4021201035962,1018.4647821301368,3.98586597602535,4.6548883133544585,15.731684363869624,20.804240207192393,No,Yes
2009-06-29,Brisbane,12.506556658499088,23.2311477805003,0.0,2.417050234201336,6.684918224400243,E,38.79345795201943,SSW,NE,6.537704438999393,9.23606892700425,76.07540887799878,59.849182244002435,1014.6134462636046,1010.8803300245028,4.849182244002429,5.613113316998178,17.0688522194997,21.884918224400245,No,Yes
2013-03-04,Brisbane,13.323532503862683,27.04117371277112,0.11764689168309829,4.905884191485918,5.988231617028162,W,43.117641208908445,ESE,NNE,6.529420957429593,10.294124332676068,66.94117229207745,54.82354529010566,1013.8,1008.4117669622782,3.0,4.235296624753525,20.400004262080994,24.194117229207745,No,Yes
2010-02-19,Brisbane,18.442371638692425,22.427929007328167,5.598371817498205,3.4055220511056112,3.245946755496127,SSW,28.423716386924237,W,N,6.349026532849046,7.141238795641413,78.01946934301908,75.87823054737767,1015.9501593759,1011.5313275364812,6.254867335754771,5.556814270056679,20.822406956222558,21.358123700758355,No,Yes
2010-01-29,Brisbane,22.3,26.02718429068693,10.126909910510486,2.8363454955255247,1.3635796735172636,E,24.18172747762762,SE,SE,7.0,7.636295608220716,77.81827252237237,80.00049887304809,1009.8273588962537,1006.4909884570759,7.454568130593095,7.454568130593095,24.963579673517266,24.863504842560054,Yes,Yes
2010-06-13,Brisbane,16.281681098824414,19.87436469646928,3.7633621976488345,2.8124546211763772,0.49854787764406794,SSW,36.43954204706303,SSW,S,4.0,6.0,90.12817651765359,81.37363863529131,1019.8604579529369,1015.9787768541125,7.813180682354343,7.0,16.63077352235196,19.393772689411808,No,Yes
2015-02-21,Brisbane,20.315003178524396,22.376255562417693,10.807480399099546,7.527505827294728,0.0,SW,28.050010595081325,SSW,SSW,2.9749947024593366,4.050010595081327,88.02500529754067,88.05001059508132,1016.3037401995498,1015.0699936429512,7.512502648770331,8.0,21.363752913647367,21.010002119016267,Yes,Yes
2011-01-14,Brisbane,21.448175915824493,24.3839909569179,1.3225614468931357,2.6710349358740246,0.7550258927919259,E,23.16157829660296,S,SSE,6.4192108516985185,5.612807234465679,79.80640361723285,89.28965064125975,1013.681086721458,1010.3359638276715,7.8064036172328395,7.8064036172328395,23.40640361723284,21.816157829660295,No,Yes
2011-07-28,Brisbane,12.205163865356653,23.535596257046386,0.09184797551939161,2.9244560734418252,8.740760122403042,SE,30.296199387984792,SW,SE,6.0,14.83695951038783,65.91847975519391,52.970118408760456,1026.994023681752,1024.7644037429536,1.9184797551939161,3.29619938798479,17.537771963279084,21.943748281526997,No,Yes
2014-10-03,Brisbane,20.432390802011582,23.010325668342986,6.836303957120122,8.23630395712012,0.0,SW,29.116738181577436,SW,SW,2.103913155108537,5.792173689782927,88.22065133668598,88.90891187136036,1015.1078919573848,1014.3883918290101,8.0,8.0,21.447977775277863,21.10384750794067,No,Yes
2009-04-11,Brisbane,21.014511279753613,28.91451127975361,0.08548872024638675,7.213721800615967,5.499210520862354,E,34.14511279753613,ENE,ENE,13.854887202463868,18.145112797536132,68.49605260431176,63.862781993840336,1017.4496052604311,1015.5,6.786278199384033,6.786278199384033,25.943533839260844,27.063327061047147,No,Yes
2010-04-30,Brisbane,22.69863621786402,26.359727243572802,28.692819552078163,6.6,0.04027275642719488,SSE,27.778179485824413,S,SE,5.194544871456103,9.993181089320128,91.59727243572806,82.60409134640793,1013.8416365385631,1010.6221820514176,8.0,8.0,23.841636538563172,24.02150016034957,Yes,Yes
2010-04-20,Brisbane,22.389654998134354,27.427585829291097,4.986206664179138,8.082758330223921,1.5379308311567457,ENE,46.120687476679414,ENE,E,12.034483339552155,14.15517081623157,74.70689582555981,73.94827920242489,1011.5017245881529,1009.7827591725745,8.0,8.0,25.860344580690334,25.406895825559808,Yes,Yes
2015-07-14,Brisbane,12.807057127643736,22.987057928478634,0.0,5.830588894805214,8.917646823283851,SE,30.50588093970311,SSW,SE,6.835293646567703,9.329412706864591,57.01176187940623,58.35293646567704,1022.0670627334881,1018.8152984515771,2.1647063534322957,4.670587293135409,19.459997597495292,20.752940469851556,No,Yes
2012-01-25,Brisbane,21.01216124700116,24.19719355838435,0.9376989091799033,4.249204363280386,0.6604301297429951,E,24.97193558384348,S,SE,7.0,6.0,77.358279481028,90.679139740514,1014.7068280514078,1012.164451739535,7.669784935128503,7.669784935128503,23.170720415667052,21.138634389718455,No,Yes
2011-01-03,Brisbane,20.48647755967068,27.88647755967068,7.816203613652725,3.2,6.802661744371351,E,34.81076355119772,SSE,E,7.297260539820445,9.972993977245459,75.0,76.21604818203632,1015.7919370510779,1013.9486885567665,7.0,5.729745482934095,25.41080240910182,24.970273946017958,Yes,Yes
2010-12-31,Brisbane,22.317044038843306,27.999193530579525,3.7038771719007877,7.080614140496062,3.527869085125195,ENE,30.674472735535435,ENE,ENE,12.116315157023624,8.403070702480314,75.80614140496063,79.4652606280945,1015.5782723198354,1013.6573511090912,6.558157578511812,7.519385859503937,25.80153535124016,25.544913123968495,Yes,Yes
2010-07-14,Brisbane,19.157097683545416,28.614643822452138,0.0,5.985356177547862,9.381437934209371,ENE,27.590237451698577,ENE,NE,4.614643822452138,11.81952509660285,65.09762548301426,56.94155695037066,1012.7614643822452,1010.8326913127919,6.204881274150712,3.024406370753563,25.31220318537678,27.18439314673564,No,Yes
2010-02-05,Brisbane,18.547500585794182,26.71674511722806,2.1040574216748977,6.184622265716938,5.705895507988266,ESE,31.244339843695915,E,ESE,11.65613085967245,14.755660156304081,63.39811718652653,86.46603906217551,1021.8339609378245,1019.658394922194,3.6108496092397955,7.122169921847959,25.341179101597653,21.278726757728673,Yes,Yes
2009-08-05,Brisbane,20.304710846582402,27.88324733891275,60.39584540866372,2.137170806135718,5.981156613670398,E,30.0,ESE,ENE,6.638745564854587,14.03665483961223,84.80627217572707,70.37170806135718,1016.9727802831268,1014.2209475411463,6.240836290096942,5.361254435145412,24.53141459693214,26.671205524407906,Yes,Yes
2009-07-12,Brisbane,16.367041165082814,23.972908802651823,1.658843149907986,3.6258843149907984,4.154099007587413,SE,22.51768629981597,SSE,ESE,8.61173527513802,7.000000000000001,69.51768629981598,65.0707451992639,1024.4717853074035,1020.7459009924125,7.0,7.129421574953993,19.774115685009203,21.73761959012882,Yes,Yes
2009-06-13,Brisbane,22.838861595125223,28.89705591219753,20.248020777251057,6.283611365855383,2.7208047658483157,NE,32.14916590243385,N,NNE,3.1939810569076967,13.955184845526157,81.61203788618461,74.13444546342153,1014.5252862812956,1011.219332721947,6.283611365855382,6.044815154473843,25.597055912197536,27.392574396750152,No,Yes
2013-12-02,Brisbane,17.841649835301286,21.59652590088319,2.1950426232760476,4.004957376723953,0.0,NE,25.097521311638026,SE,ENE,4.25619672090494,5.097521311638023,87.7801704931042,87.03636721400913,1017.2547134432979,1013.5084314758407,7.548760655819012,8.0,19.90264131064608,20.980658359956497,No,Yes
2010-12-07,Brisbane,21.52551758456051,25.498498965614086,3.872049650523799,6.548964830878974,0.49249482807043754,ENE,34.96997931228175,E,ENE,14.804865529831375,6.105072407013874,71.360248252619,91.09006206315473,1013.7624741403522,1012.5504658652649,8.0,8.0,24.593995862456357,21.734523790875986,Yes,Yes
2013-01-27,Brisbane,18.422798752369,29.546068619704947,0.0,4.698427447881979,7.874527258361902,NE,34.82390018952008,N,NNE,6.772012476309991,12.544024952619981,64.82390018952009,64.78773799749021,1016.9672948199559,1010.7268860865389,3.3679251421400576,7.227987523690009,24.17562869551298,26.77767236259794,No,Yes
2014-03-18,Brisbane,19.614103169147352,28.35161810032856,1.1673990945293282,9.551098641793992,2.0983221749465866,E,36.80982805142108,ESE,E,10.94566515754888,16.89133031509776,62.0,66.89133031509776,1019.8604072346805,1017.8413900398227,6.945665157548881,6.945665157548881,25.289652490044347,24.111386427024797,No,Yes
2012-04-11,Brisbane,18.90444510642026,26.436929641647037,31.98304389714327,3.6260818365041967,0.508595811831838,SE,27.30409182520984,E,S,8.543567861176555,6.065204591260492,94.23947603596673,90.00058880201736,1015.8565498992268,1013.189211075059,6.739181634958031,6.739181634958031,21.94570209408408,22.810847805142835,No,Yes
2013-09-13,Brisbane,20.831965688406168,26.394770565213403,18.977635391321186,4.880343115938336,5.146258782601605,E,30.319656884061665,ESE,ESE,7.927862753624665,11.927862753624666,81.45400992755766,73.48511782611797,1015.91330094927,1013.81330094927,7.463931376812333,5.855725507249331,24.929847043475604,25.70919801448847,Yes,Yes
2015-01-27,Brisbane,12.135885238312229,28.100426679343148,0.181844041172312,4.199715547104567,7.400568905790865,W,45.36454144103092,ESE,NNE,2.9985777355228374,7.72623835310752,68.5461010293078,48.724816088630355,1013.8,1007.5451054441737,3.0,3.2723393824153195,18.762976950106044,24.354610102930778,No,Yes
2010-02-22,Brisbane,20.638701797952717,26.515793056519612,23.224714691591597,1.8154807191810858,1.1774035959054285,S,36.07740359590542,SE,SSE,14.077403595905428,10.848316181574429,76.99375325322943,73.0,1009.6684138869607,1006.1609858647088,7.461298202047286,8.0,24.301249349354116,25.577091258566902,Yes,Yes
2012-12-21,Brisbane,15.735343803829746,25.28206256588118,4.017499935725678,5.103062488751994,7.553281237948565,SE,39.53718736341707,SW,SSE,5.004374983931419,13.52843739555423,73.98250006427432,47.00874996786283,1023.6699061768879,1020.9725311672468,6.0,4.50218749196571,19.0864375498126,24.481625067488036,No,Yes
2011-04-15,Brisbane,15.095326359878566,21.226568439947958,4.433642259574979,4.2008000598351956,2.3734315600520435,SE,25.57810520017348,SSE,ESE,6.105473699956631,7.000000000000001,73.10547369995663,79.31642109986988,1025.888652570169,1022.1363157501086,7.0,8.0,19.747663179939284,19.394926329960967,Yes,Yes
2014-06-23,Brisbane,19.977541884803276,28.740253926692994,0.7881361256691528,7.850848167558872,8.417795811496271,SSE,31.775418848032768,SE,ESE,11.059319371654237,16.31356020944859,61.822041885037294,47.71609947637853,1017.9283900523621,1015.9148298429135,2.029659685827118,3.656780104724294,25.449151832441128,27.643219895275706,No,Yes
2014-07-18,Brisbane,22.277896839399776,27.908626953320493,6.97355610447116,6.368198331481308,6.659035600861825,ESE,32.490555751596844,ENE,E,8.778968393997745,14.999999999999998,66.51480202139302,67.98111150319369,1015.2522974972219,1012.8234562329818,6.355793678799549,5.5336905181993234,25.639892844540203,25.593261896360133,No,Yes
2012-02-27,Brisbane,14.1,22.51524398648639,0.5521680030030249,3.0,3.472865979729582,E,20.09789996246219,WSW,SE,4.0,7.858739977477313,85.38042000750755,84.22798014264369,1026.6130080180183,1023.7977640315318,6.6195799924924374,5.141260022522687,17.152168003003027,19.76852997372353,No,Yes
2010-10-29,Brisbane,17.842430226113624,21.09510519259738,20.752219840918862,1.3795105192597379,0.4712151130568124,SE,33.89755259629869,SSE,SSE,8.019493341672053,13.448776298149344,81.28784886943188,83.08295406202926,1018.5707599874919,1016.5014942086023,7.775611850925327,8.0,20.572666377689913,19.462421637319782,Yes,Yes
2014-03-07,Brisbane,20.94724961177349,30.605690858299006,0.20603540737529238,5.834454084254642,8.29449922354698,SE,34.46714980851217,S,E,4.106570038297565,7.000000000000001,66.95913034467809,55.38541049786834,1017.2762029195751,1013.5508019463833,3.1776167304959415,5.106570038297566,25.980289885107307,29.28437685063949,No,Yes
2010-05-31,Brisbane,17.898455649725676,20.665235276155517,19.528437276573904,2.0558191283362945,0.0,SSE,34.630131673021516,SE,SSE,7.833898132149202,13.407532918255379,85.7962335408723,86.0,1020.3162713074955,1018.8422976420999,8.0,8.0,19.594689190597986,18.5169490660746,Yes,Yes
2011-04-22,Brisbane,20.309331852477897,28.099999999999998,37.73086806300608,2.323329631194741,7.218663704955794,E,34.70996668075267,ESE,ENE,11.186637049557932,16.04665926238948,78.29003331924734,71.70996668075267,1016.1206792539379,1013.8440088851327,4.953340737610517,5.0,25.432661483672643,25.696341848252096,Yes,Yes
2009-11-19,Brisbane,20.846465314365684,29.163313638917923,0.0,7.34057926706468,2.758424162276118,W,33.297103664676605,N,NNE,8.009965706592029,12.148551832338303,54.73279345509949,55.30706937126863,1015.2257240838308,1011.9247275131717,6.564310209577123,7.425724083830849,26.89302400538558,26.822734371853237,No,Yes
2014-07-10,Brisbane,21.509996186647374,28.05070311803874,0.331432929545857,7.751425302840608,5.867122700850412,SW,28.099961866473752,SSW,NW,9.549980933236876,6.3785632571015185,67.00722184801866,60.97149394318785,1018.203572790483,1012.1185861372173,7.0,3.8285823238646426,23.67499046661844,27.58855944374889,No,Yes
2012-04-13,Brisbane,14.341410809877095,18.51983402929304,3.31900417575825,2.6758506145901477,0.48016597070695827,SSW,15.310373463524632,SW,SW,4.844813268237685,3.1551867317623152,80.70705404938546,76.81908721997968,1016.8214937363625,1014.0507883314241,7.577593365881158,7.422406634118842,15.575020761055358,16.304315356116813,No,Yes
2012-02-21,Brisbane,16.59982857126158,25.17452857096934,1.015331868080486,3.9037472526509114,4.3151604393420655,WSW,25.24957142815395,S,SW,3.2691648351006073,3.2691648351006077,73.46167032979878,88.7308351648994,1012.662184616014,1011.1891010995241,4.192505494698177,7.365417582449696,22.780406593053346,20.76311538427819,No,Yes
2010-02-10,Brisbane,22.151239470386752,26.71707982346225,10.616686723072847,5.28709185730596,0.846674689229139,E,38.19165663846358,E,E,13.404171680768213,15.404171680768213,84.34159646924503,82.72490974617217,1014.2846129165325,1012.8804412357642,7.797914159615894,7.797914159615894,24.017079823462254,23.34146008826887,Yes,Yes
2013-01-05,Brisbane,16.328206691362816,23.251685629278878,15.322202357685919,7.057729920285198,1.7187911417987363,SE,35.79194094532491,SSW,S,6.0,12.167763781299639,92.02014763668771,64.89267912876353,1018.3060043336769,1018.280510632092,8.0,7.0,16.94498306949278,21.10805905467509,Yes,Yes
2012-06-01,Brisbane,16.346238801619577,26.16511270584971,3.6037838358230965,4.85472979477887,6.690585685327601,ENE,30.0,WNW,ENE,6.084909931592957,11.339639726371827,85.70743184699018,59.084909931592954,1027.5216438687694,1024.7367339371765,5.7452702052211295,6.660360273628173,19.502860514309994,24.256621712690418,Yes,Yes
2010-12-12,Brisbane,13.292024129158401,24.212298148636876,0.0,2.827336492058492,7.353302886724614,WSW,25.330288672461396,SW,ESE,2.93394226550772,5.40091339826158,76.40091339826158,60.92937527419982,1020.8357690620307,1016.9225575151324,5.53302886724614,6.0,17.43165876985377,21.538721242433787,No,Yes
2014-05-30,Brisbane,22.60522710629879,31.810568375984744,0.0,7.294772893701208,9.779091574804834,NE,24.94772893701209,NW,NE,6.4738644685060445,9.63181929134139,64.26249694881118,65.10454212597583,1014.4469297933019,1011.5784065944819,1.842045177164652,1.315909645670696,27.531590964567073,30.05795482283534,No,Yes
2015-11-14,Brisbane,18.573122821859833,24.06378511462094,10.158991181688023,7.9649210581974375,1.3,SE,23.824605290987183,SSE,ENE,6.695899118168803,7.000000000000001,70.65489029985683,75.00567971788246,1019.9063727689842,1017.4671929453503,7.0,7.695899118168803,22.520504409155986,22.237475908269023,Yes,Yes
2009-10-18,Brisbane,15.154367112764902,22.39571484267725,6.0,2.0894341093864437,2.169218160701207,E,26.41347729912349,SSW,E,5.173045401753018,9.826954598246981,80.55282945306777,77.38436321402413,1023.4898920256574,1020.2552829453068,7.0,7.206738649561745,18.80582281701987,20.026496681976045,Yes,Yes
2011-04-05,Brisbane,18.331676167706753,27.71676167706752,0.1366476645864947,6.453409341654022,8.77514251560129,SE,34.900570062405166,S,ESE,5.583808385337633,14.267046708270108,61.0,75.96305627143398,1018.1086658697363,1016.4018471864283,4.316761677067527,6.683238322932473,25.52670467082701,21.860798087367222,No,Yes
2010-07-28,Brisbane,19.028385789306363,26.014154674804487,0.8570263776039908,6.771384891601496,3.385641486002494,ENE,27.428717027995013,ESE,ENE,8.714358513997505,14.428717027995011,73.85692445800748,62.14282074300124,1020.8858708050946,1019.4144859134932,7.0,6.142820743001247,24.242846222900372,25.57133393180324,No,Yes
2015-06-13,Brisbane,14.331399443327927,21.475085396187385,1.481570235702701,0.8627988866558542,4.27184297642973,ESE,30.155289292891894,WNW,SE,4.0,12.624573019063066,85.65699721663962,75.1552892928919,1027.9779862311955,1024.8310578585786,7.093856745234234,7.0,17.596757580242343,19.56894214142162,Yes,Yes
2011-06-25,Brisbane,21.612333717671067,29.189238205048877,4.2060460267912925,6.621523589902248,6.273760641937922,E,41.01571922719944,ESE,ESE,15.677146151466292,12.446191025244381,60.0459493611559,61.230955126221914,1012.1413544250403,1010.2582830788269,7.0,6.169286537866573,26.81692865378666,27.74921403864003,Yes,Yes
2014-12-22,Brisbane,24.575282209072835,28.898352147271524,3.5696122235510583,4.165395092701967,4.183521472715222,E,35.52731287311289,ENE,NE,6.510834345828116,11.032957054569557,82.13182821827823,64.19774232741733,1019.0539509270196,1016.9836122761321,8.0,6.016478527284778,25.593408589086096,28.285169325443693,Yes,Yes
2009-11-30,Brisbane,16.93114616634149,28.21707501353661,0.0,7.118576943902483,9.326640375243883,NNE,30.0,NNE,N,10.437153887804968,12.437153887804966,54.56284611219503,69.04505791097607,1015.9658499729268,1010.662846112195,3.718576943902483,4.718576943902483,24.328142305609752,23.27992112573165,No,Yes
2014-02-09,Brisbane,23.878790598958506,30.242418802082984,11.699037048614104,4.919193732639004,5.671690876734441,SW,39.38387465278008,E,ENE,10.191937326390041,16.19193732639004,73.19193732639005,77.38387465278008,1015.6192386154544,1012.3232699522594,6.79798433159751,7.0,27.804031336804982,26.465643871526968,Yes,Yes
2011-04-23,Brisbane,20.155321840875907,28.20270171226633,3.6473254822859222,7.094759742780842,8.59740706594267,E,31.0,NE,E,8.078875803809868,13.0,60.92112419619013,56.0,1012.7631550321524,1010.4078875803809,6.2631006430478955,6.078875803809869,25.67898458201887,27.4816319051807,Yes,Yes
2014-05-31,Brisbane,13.85158559401102,17.301419550985045,5.129387277856758,3.903171188022038,0.0,SSE,24.95409260992917,SSW,SSE,6.0,13.424041159968517,84.59015434988194,88.10601028999214,1025.0095135640663,1022.0550888680849,8.0,7.893989710007871,15.683388681008658,16.10141955098505,Yes,Yes
2011-03-26,Brisbane,20.114618611042236,27.051740954067352,0.2617170209299847,4.632019146509893,2.9877026610475648,S,33.76565958140031,SSW,E,5.037122343025114,13.765659581400307,77.5058031802245,74.85151062789954,1015.6125276651202,1013.0582351127953,7.0,7.654292552324962,24.276335631972227,23.936892016857307,No,Yes
2011-07-19,Brisbane,13.038197395178456,24.240461826989502,0.0,4.608417132889091,7.421683426577817,WNW,23.194189947667727,SW,ENE,4.0,7.912625699333638,76.02264431811045,55.97735568188954,1022.5142271852212,1018.8446480418659,4.847895716777727,6.0,16.96408938820082,20.973147115445002,No,Yes
2011-07-03,Brisbane,19.948549811226194,28.35596765816316,4.818069877557434,5.998382908158255,9.763385505100137,E,33.64194051021009,SSE,E,6.201617091841745,13.477412653053205,70.52258734694679,71.68711520410368,1013.3082263928579,1011.5403234183684,5.320970255105047,5.0,25.9679029744895,25.695482530610647,Yes,Yes
2013-02-23,Brisbane,22.353993357381334,28.015410592479054,0.0,7.430821184958119,6.068503410586337,ENE,22.07649012534901,W,E,2.769403949860396,12.691788150418812,76.0,63.30933752367376,1013.8150728902513,1011.076490125349,5.769403949860396,4.538807899720792,25.2617549373255,26.492350987465098,No,Yes
2013-07-04,Brisbane,10.967085071966025,20.766928169978765,0.06677126799150664,3.3165359150106166,5.566300562029727,SE,29.666143660042465,SSW,ESE,5.833071830021233,8.833071830021233,67.25196127484075,58.754314804649646,1029.8995292940383,1027.032914928034,2.333856339957533,7.083464084989384,15.525353029471336,18.674960774503184,No,Yes
2010-04-13,Brisbane,22.953290026240364,28.82955764733688,0.0,6.6705501789555965,3.388133810548258,SE,42.05933094725871,S,SE,12.176914578851372,13.0,66.05933094725872,72.52966547362935,1021.4528587210705,1020.7764832736815,6.647249105222016,6.8824163684073385,25.75889964208881,24.3294498210444,No,Yes
2011-05-25,Brisbane,15.351532070011874,21.087207827482032,0.07855858582338593,4.189189393675394,3.2947744953102944,ESE,35.62522474809075,SSE,SE,8.607207070883069,11.625224748090746,76.94594696837697,71.51711868484469,1027.4183772741528,1025.6772962135203,7.196396464558465,7.196396464558465,17.696216666085864,19.92126161570402,No,Yes
2013-02-27,Brisbane,21.941148484919715,26.06509964337225,0.303124064145983,5.907289483007293,0.2526033867883191,SE,25.052067735766382,ESE,ESE,8.010413547153275,5.515620320729915,73.0,89.02082709430654,1013.7979172905694,1012.6505206773576,7.494793226423361,8.0,25.412496256583935,22.55676880564963,No,Yes
2014-03-10,Brisbane,14.059699739452554,24.80848216964474,0.0,2.5446428928596503,7.361931784088515,SE,26.16436692370415,SSE,E,9.13149353896332,10.934253230518342,67.80275969155502,61.69034107955742,1026.126623259732,1023.4956573676878,2.164366923704148,4.0986201542224885,19.89066563149681,22.462459431007577,No,Yes
2011-12-24,Brisbane,20.340151186524103,28.1934341243494,0.0,4.944090711914462,4.36841756684016,W,43.404629227973906,N,SSW,5.7467170621747,10.595370772026095,67.9243268549257,84.822390207249,1010.3647897777231,1006.6545961129555,6.4177609792751,7.0,24.999688263726714,23.311195103624502,No,Yes
2014-10-04,Brisbane,20.4841103190365,33.88718326515913,0.931135304461227,7.974576510458396,9.65222596703943,NE,26.031779361927,NNE,ENE,5.936441276145992,14.968220638072996,55.460800747941555,59.20656585252552,1011.6826263410103,1005.9493630010568,0.12711744770801747,2.0794484048175113,27.33167437185694,29.122140563278837,No,Yes
2011-08-22,Brisbane,21.196616003230208,26.49962400035891,0.5343359990429016,2.593232006460414,1.402631997487617,ESE,28.007519992821763,SE,ESE,7.0,6.003759996410882,73.65664000957099,81.66791999880363,1011.4977440021535,1009.664912001675,7.0,7.332080001196373,25.700375999641093,25.23245600083746,No,Yes
2012-03-27,Brisbane,22.652006909880914,29.421349456388796,10.175917081429052,6.065619347666552,4.315764658126802,ENE,30.74927344769876,ENE,ENE,11.92262981396847,14.287958540714525,79.1733563662697,67.36532872674606,1018.0845259627937,1015.8229204348889,6.095986180238175,7.0,26.4789411645317,28.348283711039578,Yes,Yes
2015-03-13,Brisbane,18.886393950228126,28.988956327163297,0.066381958118314,5.835753355994332,10.85704653657173,SE,32.66809020940843,S,E,7.838315732929504,16.33618041881686,63.48932342943678,50.31055664946511,1020.6782797566001,1019.1791338822452,3.66381958118314,3.829774476478925,25.339169858574564,27.79109164127594,No,Yes
2015-01-17,Brisbane,26.18120494742254,32.047951707560244,0.0,7.387469964948358,9.4653011383735,E,30.881927758304645,SE,ENE,11.937349824741796,14.763855516609288,69.1108441328743,58.47228896678143,1008.8062650175258,1007.0833733800688,3.763855516609288,3.354216725086068,29.7653011383735,30.588192775830464,No,Yes
2011-05-12,Brisbane,18.32283146542714,26.58928402986197,0.0,4.919045373149293,5.095456689266583,SE,28.86255156039692,SSE,E,11.290041248317541,9.85497937584123,64.56493812752369,73.02271655366708,1018.3558515060569,1016.8581231614236,4.862551560396924,5.717530936238155,23.020559810060433,23.487769592950833,No,Yes
2014-01-12,Brisbane,23.16994967397884,29.710639826122048,3.9196741012942815,8.075533188435042,4.338030195612695,SE,35.0,NNW,E,4.3244668115649585,9.648933623129917,77.89096572482777,84.94416485543802,1016.405319913061,1014.2888329710877,6.0,7.026599565305124,26.47021327537402,24.467816920238675,Yes,Yes
2012-01-18,Brisbane,23.18487097602909,25.435301055932122,8.71094617578668,3.1949569920096965,0.0037822559927277125,ENE,33.16389775968487,E,ESE,2.2521503995151804,13.08825263983031,94.67220448063027,96.5335217608969,1011.2747849600485,1009.2873924800242,8.0,7.987392480024241,24.225215039951518,24.0315187999394,Yes,Yes
2012-04-06,Brisbane,19.405001697082632,27.50439090617859,1.519511367276765,5.368537495995558,4.701947742562413,ESE,33.91828978546867,SSE,SE,7.0,9.918289785468678,75.56586359267882,70.968306756295,1019.3258500160177,1017.6019477425624,7.440244316361618,6.320732949084852,22.944024431636162,24.659755683638384,No,Yes
2009-06-29,Brisbane,18.95479924424535,27.32191969769814,3.5205583373397755,5.439720831330112,6.341780113363197,ENE,33.109598488490704,ENE,ESE,16.16439773273606,14.999999999999998,64.27399622122677,71.28760982481042,1021.4541013225706,1019.2013613603584,5.109598488490706,7.0,25.025340340089596,23.642478035037918,Yes,Yes
2012-09-19,Brisbane,20.50354753565841,29.26484029092009,42.01025154635886,4.234844061575703,6.906779423812618,E,35.91288984606074,E,E,11.03547535658411,15.87741448947663,75.29996229344391,69.73866953818224,1018.7458023160552,1016.917737678292,5.596768111845793,5.877414489476634,27.05612927552617,27.017422030787852,No,Yes
2012-09-22,Brisbane,12.731690336378637,18.9451290265089,21.5097419469822,1.6853290621537145,0.0,SSE,33.43896778792879,SW,SSE,6.109741946982198,16.34154831810681,97.45129026508901,88.56103221207121,1018.1913742659877,1013.4754710804255,8.0,7.109741946982198,14.699999999999998,17.580516106035606,Yes,Yes
2014-06-20,Brisbane,13.720593415356971,18.452356049214185,21.177138596497343,3.6982549783564878,0.0,SSE,35.80890123035456,SW,SSE,6.761780246070911,10.682373661427883,93.39703292321515,84.60296707678486,1023.5856022214638,1021.7473824675346,7.92059341535697,7.92059341535697,14.580890123035454,15.911169218500243,Yes,Yes
2012-06-19,Brisbane,17.78330631738735,25.13149649034036,32.61685577828857,4.411021057957826,1.673149649034036,SE,36.462992980680724,SSW,S,6.0,14.851971922722896,95.46299298068072,70.34251754829819,1009.9277147405704,1009.5721231637536,8.0,7.0,19.54629929806807,22.704646139374397,Yes,Yes
2010-01-28,Brisbane,19.737059720487913,26.162235832292748,16.70014088944387,6.875528335414507,2.7627993900682206,E,34.625176111804834,E,E,15.0,16.625176111804834,66.87271054653714,61.49647776390328,1020.7014088944387,1018.2074211435022,7.187411944097582,7.187411944097582,23.29356508260492,23.937482388819518,Yes,Yes
2014-01-29,Brisbane,15.224744903318491,25.525468840528507,0.028364589368567214,3.0269167149485376,9.475255096681506,ESE,28.0,SSW,SE,6.0,9.723593478414477,71.28364589368567,60.27640652158552,1021.9214216667845,1019.5803226571516,1.283645893685672,3.567291787371344,20.21056260863421,23.568739661791373,No,Yes
2010-02-21,Brisbane,25.091438108316993,30.620033379109476,0.21712378336601273,3.7085618916830065,3.2990301347521784,E,27.628428375245093,ENE,NE,6.819063513861655,14.276254055446625,81.18093648613834,77.1050162217865,1014.1579935112853,1013.6961205390087,7.180936486138344,6.819063513861656,26.99240797356482,27.972374594455335,No,Yes
2011-10-10,Brisbane,14.48787247407517,23.290904355556375,18.153806085477036,3.6652700079768707,1.8081587509971089,SE,37.0,SSW,SE,6.0,16.999999999999996,92.2144437151012,59.2657124102602,1018.3179700877456,1016.669017581763,8.0,7.0,16.138919968092516,21.32353935954481,Yes,Yes
2011-07-10,Brisbane,20.148383952152876,27.859704116007602,0.9851744846807408,4.884097119449325,1.9675189283977994,ENE,19.346358020650328,WSW,ENE,6.0,4.607814812390197,79.47708641652027,61.13072839586993,1018.9406979387229,1015.4594308602374,6.7102427986233115,7.0,22.806335392428213,26.740971194493248,No,Yes
2011-09-19,Brisbane,20.705694966044877,29.457175056591876,0.3371299773632503,6.765830203730747,7.088835464053369,E,32.28474830224378,SE,E,8.056949660448755,13.742599547265005,65.42824943408125,60.68564988681626,1016.5451089360728,1013.9250638568442,3.0,5.742599547265007,25.508655147138874,27.45717505659188,No,Yes
2012-01-29,Brisbane,18.992262723414996,25.93262766490905,15.475109611675954,2.0461313617074968,4.537408656936704,E,34.75948890960467,ESE,ESE,11.230656808537484,10.87481731387341,71.17299260640311,70.81715311173903,1015.2067518483991,1012.8884671595731,5.413503696798443,5.9423357978656295,23.932627664909056,23.704780992027654,Yes,Yes
2011-09-08,Brisbane,21.519002937407592,27.90058331358932,0.3286547590841887,5.528654759084189,2.7032172738921982,S,30.821636897710473,SSE,E,5.605267920605756,11.356726204579058,78.43273795420943,75.96782726107801,1015.0409405410636,1012.2301220922084,7.0,8.0,26.157892831757703,25.325437485191994,No,Yes
2011-10-02,Brisbane,12.071086171872503,23.02220440848036,0.0,5.918530394346427,7.3103834337810705,SE,31.785143619787505,SSW,SE,6.540734802826786,13.162939211307144,58.48881763392143,54.86661322544107,1027.2696486309544,1024.0666933872794,4.081469605653572,5.162939211307144,17.633306612720535,20.581469605653574,No,Yes
2012-05-04,Brisbane,18.253210408047348,28.288072663124275,14.513759203645014,6.141284163218939,7.463302602011837,SE,28.56880693869823,SW,E,6.642201734674558,10.284403469349117,70.84403469349117,55.0,1015.955046643006,1013.1339457756686,4.568806938698232,3.1467895919526505,23.32385248965682,27.287155091668655,No,Yes
2010-01-03,Brisbane,21.850578755274967,26.10115751054994,20.484044177440463,6.00694506329964,0.10115751054994002,SSE,27.849523628507797,S,SSE,8.424761814253898,10.447912025252698,87.5289377637485,85.4942124472503,1015.0471062236251,1013.481479831201,8.0,8.0,23.762153860774372,23.51620514769916,Yes,Yes
2010-11-05,Brisbane,18.809151345613007,23.390053438788797,50.32453400215646,3.8221483553618807,0.0,SE,40.08023729143271,SSW,SE,3.656498504874437,10.312997009748875,86.54575672806502,80.48474775731165,1017.1592165525406,1014.8844153564401,8.0,8.0,21.48892582231906,21.855703289276242,Yes,Yes
2014-08-22,Brisbane,13.932958390525824,17.569291266319222,9.635994509520756,4.132958390525826,0.0,SSE,28.357704615821348,SSW,SSE,6.335208047370873,12.329583905258254,86.35208047370874,86.99437585788738,1025.1960631005213,1022.8647919526292,8.0,8.0,15.43127114789204,15.866479195262915,Yes,Yes
2014-01-13,Brisbane,22.204256955881448,28.265247681372852,0.9383126029330165,7.608513911762893,7.022678122558387,ENE,33.47523186271487,ENE,E,7.695046372542975,15.347523186271488,63.60642389703616,63.86880796567872,1015.740054281872,1013.3443112377533,6.347523186271488,5.521284779407232,25.886880796567873,25.873761593135747,No,Yes
2012-02-24,Brisbane,21.932861689455436,25.386395793900768,43.771727164437365,3.727915878015315,0.9791523308753455,E,59.920490711577315,E,E,19.984098142315467,21.984098142315467,83.36042060992344,84.61660287422357,1009.174913985252,1005.2492957588221,7.7120140203307805,7.7120140203307805,23.825618226430016,23.757597195933844,Yes,Yes
2010-03-25,Brisbane,22.4911738552497,27.647543353041012,5.121565140332931,8.251956425416163,1.6563694977913144,ENE,47.389673190621224,ENE,E,11.696087149167672,15.085760339788896,75.12989106354041,72.00250110771411,1011.239467540605,1009.4612827917092,8.0,8.0,26.004162961603743,25.82989106354041,Yes,Yes
2014-12-29,Brisbane,22.00942626932882,29.66038248711412,0.0,5.841529948456479,8.92076497422824,SE,43.0,SE,ESE,9.805099828188267,17.201274957047065,64.28916286509994,54.7923502577176,1010.7849723324836,1009.2145260975171,6.0,2.1006374785235336,26.779872504295298,27.940254991409414,No,Yes
2009-12-15,Brisbane,20.315886701480352,28.555760814236294,54.25426918475396,2.4236726931654564,6.248289540661327,E,29.52025177448811,ESE,E,6.280377661732166,12.841132985196497,83.71962233826783,69.1588670148035,1017.3243021293857,1014.5482895406614,6.2398741127559445,5.479748225511889,25.059811169133916,27.019937056377973,Yes,Yes
2011-02-03,Brisbane,22.90557646450574,30.970420153585092,2.250592724231355,4.5456896327648195,6.0919988726969425,SSE,26.722252092151056,WNW,ENE,4.283943979521988,10.006196071673044,77.27774790784895,63.69127173378585,1012.8234375406138,1008.6518319385659,4.567887959043976,3.7098599488049695,25.479040888055454,28.940786541298284,Yes,Yes
2013-04-18,Brisbane,16.7561757652535,25.29973475336102,5.512882023784966,6.373174965874133,8.260558188728151,SE,33.084996003103164,S,SE,5.304117176835667,12.912351530507,77.21912117373249,57.915003996896836,1025.6391765646329,1022.8520585884178,3.739707057910833,4.695882823164333,20.951528095139864,23.464940612202803,Yes,Yes
2010-11-29,Brisbane,17.151754894527063,26.611333719840562,0.0,5.749649021094587,9.455666859920285,SE,42.15245685233789,S,SE,8.80140391562165,14.854562725770364,61.0,59.54262944298633,1024.387262364538,1022.4819464835231,1.9007019578108253,4.099298042189175,23.036509209293275,23.927281362885186,No,Yes
2012-03-19,Brisbane,19.406572513005486,29.354929384754115,0.8539904543247581,4.754459919539435,4.775352098911008,W,33.0,SSW,E,4.0,7.758215641256854,73.75352098911009,71.74413168481654,1013.795774813068,1010.3715963771937,5.502347326073387,7.497652673926613,24.328403622806416,25.88098568148714,No,Yes
2009-08-09,Brisbane,17.488393381165658,26.716327728378644,0.0,5.3395409660473305,6.2628849737336205,SE,29.30229516976335,SSE,E,10.55803309417172,14.395409660473302,62.0,59.20918067905339,1022.7046557245355,1020.0604590339526,4.906885509290045,6.25573792440837,23.793049105701154,24.925639177449643,No,Yes
2012-11-25,Brisbane,21.744421435286668,26.40069284568745,0.37255714048705874,6.069299994469803,0.3104642837392156,SE,26.20928567478431,ESE,ESE,8.241857134956863,5.862785702435294,73.0,89.48371426991372,1013.7516285730086,1012.6620928567479,7.3790714325215685,8.0,25.690228561948235,22.70720713772196,No,Yes
2012-09-01,Brisbane,16.039087857715312,26.025737708222344,2.979075245595589,1.398074818472825,7.159050021356138,E,30.742622917776526,SSW,NE,6.647625053390346,8.466624626267581,78.23812526695173,60.70474989321931,1016.69236233449,1012.5876124412707,4.409499786438618,2.704749893219309,19.973362761612695,23.913350149492967,No,Yes
2009-05-26,Brisbane,20.6,23.769539159755908,20.850924487376535,8.0,0.47565734074572025,SSE,43.08487414562756,SSE,SE,7.890132871593319,7.000000000000001,87.98750350861043,89.73158042467807,1016.2243426592543,1014.4401979039458,8.0,8.0,22.323223074820294,21.942697202223716,Yes,Yes
2011-03-11,Brisbane,17.191881064325873,23.93683176827596,10.15128638595524,3.66217840351119,2.025346635235228,SW,27.36831768275962,N,NE,7.18415884137981,10.24158450658348,81.9762363084624,81.33267214545323,1015.544752347586,1012.009108763887,5.114851330407342,7.057425665203671,22.131089201755596,22.525346635235227,No,Yes
2014-11-24,Brisbane,24.276719134289404,31.56627160329699,0.0,8.678808640487897,6.755824072304566,NE,22.397006177712065,N,NNE,6.0,9.04179012396969,61.20895061984845,57.50148148763629,1011.7853734566105,1009.0226882706561,6.041790123969691,7.020895061984845,27.98089814668638,29.839108022716683,No,Yes
2009-07-02,Brisbane,21.441473081919806,24.560987798942364,24.897573585112788,7.487798993614032,0.0,SSE,41.780416351027526,SE,SE,7.90242641488721,8.463431446817053,91.36585786170426,87.70727924466162,1015.5658406287168,1013.2170538361604,8.0,8.0,22.458544151067674,22.531715723408524,Yes,Yes
2010-03-10,Brisbane,22.074747051687098,32.5010117932516,0.0,7.7494941033742,11.81262647415645,NE,29.24241155061298,NW,NNE,8.368676292177486,12.49494103374199,55.75758844938702,54.873735258435495,1008.6787942246935,1004.5176854404144,1.0,2.7474705168709948,27.725252948312903,31.064144164033852,No,Yes
2010-06-21,Brisbane,21.786594347622433,31.139945760716827,2.299003711056476,6.369474735886648,4.90285326862263,W,33.0,SSW,E,4.0,10.733242934528038,75.0285326862263,69.61911218962283,1012.2657607765284,1009.1390850699813,6.3523551241508684,6.6476448758491316,25.560914930018765,28.048505566584712,No,Yes
2013-11-15,Brisbane,15.42016642469072,23.16255200771585,2.820582486417514,3.60493759074098,3.5094591197551654,SE,24.423855830251313,SW,ESE,5.3744799228415046,11.049375907409805,80.87656023147548,65.12760038579248,1028.0518447027803,1025.0267406873486,5.300416061726796,7.325104015431699,19.24485437839562,21.50740638611147,No,Yes
2013-09-14,Brisbane,23.00804334740717,30.768901422767705,26.04288602246109,9.380160334581172,4.529759498128243,W,43.13941506412999,NE,NE,5.431635983430487,8.058981590058291,71.39141924639463,74.33243765633634,1009.9667562343664,1006.0764073639767,6.627345606627805,7.313672803313903,27.400268703099098,28.092494058791026,Yes,Yes
2011-05-25,Brisbane,21.605004785145265,28.797497607427367,0.4039186593419532,5.181066985222254,0.9451602853377413,ENE,16.044617222436088,WNW,ENE,6.069641148162407,2.9053349261112746,74.95538277756391,61.86071770367519,1015.0626770333462,1011.2696411481623,6.721435407350377,6.721435407350377,24.511425837059846,27.91392822963248,No,Yes
2011-09-06,Brisbane,18.504928862305572,28.43497628743519,0.55962059896307,7.104928862305576,9.92241700602317,SE,39.69952574870384,SE,ESE,9.699525748703836,17.874407185879797,61.349762874351924,49.825118562824045,1020.2027015568009,1017.3677252693657,4.300474251296162,5.4753556884721215,25.60763041910645,27.495071137694424,No,Yes
2011-08-05,Brisbane,21.3960643249362,28.901967837531895,0.8367238983464391,5.375083126844955,1.7436113297080857,ENE,17.163941116413202,WNW,ENE,6.144262741094214,3.8754156342247774,73.8360588835868,61.71147451781157,1015.1298364669848,1011.3442627410942,6.422949035623145,6.422949035623145,24.63082038575074,27.928852548218842,No,Yes
2011-01-27,Brisbane,20.945845860501237,32.4503074618224,0.0,6.991076797357674,11.036717683310645,NE,22.864102214882426,NW,NE,4.0,8.545640885952968,62.13589778511757,55.135897785117564,1012.7085132535458,1009.2358977851177,1.6815386710705447,2.3630773421410893,27.12758950612005,31.08682017058478,No,Yes
2011-10-07,Brisbane,14.098498486309595,23.447386148736715,0.0,8.687430301360465,6.211846537184178,SE,27.67408225048588,NW,NE,7.85928787670058,4.8147943737853,52.60734199611295,70.04449350291527,1017.4481645009718,1015.4896549765064,2.65183549902824,6.83704112524294,20.749610823882474,19.431813422716363,No,Yes
2012-12-15,Brisbane,18.312633033891775,27.599112819646038,0.0,5.032434346927354,5.618914132681616,NNE,26.513484796089692,SW,NE,4.5585521769088215,10.675656530726462,62.95493261918087,60.55855217690882,1017.2567423980448,1013.6099006565178,6.27927608845441,7.0,24.380198686964423,26.031547166573393,No,Yes
2011-09-05,Brisbane,18.442777887812138,25.142743213729943,16.81447889845792,1.7713889439060677,3.4212675846184,E,33.21406280947163,ESE,ESE,9.856944719530338,8.642535169236801,70.14270853964776,68.92829898935422,1015.464322865088,1012.9571527640235,5.9286457301761235,6.285763820117415,23.142743213729947,23.378524370888456,Yes,Yes
2012-06-15,Brisbane,12.455320458807863,18.70958298225112,8.319104400532595,2.2776602294039323,4.1649034410589865,SSE,29.36434369139186,WSW,SE,6.0,8.859054014568818,84.81113910331321,72.31642878013626,1023.9223397705961,1020.591754827947,6.6116988529803375,5.917548279470507,14.19654631907261,17.49309263814522,No,Yes
2011-08-19,Brisbane,20.71453924103977,31.634786846071847,0.09746904937098941,6.127840456919117,9.807592851887032,E,30.0,SW,E,5.025309506290106,11.974690493709895,62.84814296225936,58.84814296225936,1009.9405501103723,1008.422186993235,1.0,3.0,28.18858327201537,28.568335666983288,No,Yes
2010-02-06,Brisbane,11.377445594048487,22.372134917351758,0.555751458642615,2.092926195519734,3.8119543459041774,SSW,23.075252330992132,SW,NE,3.5265533834836567,6.7477960902705805,82.3672330825817,68.11502917285229,1018.5437971127385,1015.0805204209965,6.473446616516344,5.168135939819612,15.68806694744195,21.519479579003388,No,Yes
2014-10-19,Brisbane,21.804595746160928,34.53218237198359,0.0,7.587355623628904,12.132182371983589,NE,24.850577505484388,ENE,NE,3.0632218818554806,9.0,57.14942249451561,43.18966564556644,1008.3373616980575,1004.248279632404,1.0,2.5747112472578078,29.240802433249602,33.09827355797538,No,Yes
2009-05-01,Brisbane,19.046465096387397,28.56681064543757,4.076198960448052,7.467242581750294,10.290907066256716,SE,42.80086387262545,SE,ESE,13.0,21.83405322718787,63.79654450949823,49.43146160931155,1018.4780632607444,1015.5245283571319,1.2323254819369835,3.132757418249705,24.67344851635006,26.98008638726255,Yes,Yes
2011-03-20,Brisbane,18.454996324714752,23.5,23.125778254392397,1.5039464012407238,0.7656589586352038,E,30.91183920372217,ESE,ESE,7.607892802481447,6.735517611166514,76.81444563598099,74.42233843846243,1014.7842143950371,1012.1273715160297,7.303946401240724,7.303946401240724,21.955919601861087,22.669605359875927,Yes,Yes
2009-07-24,Brisbane,19.720255814203075,27.930632558106257,4.335181394550158,4.379246512193638,7.6392325573907724,ENE,26.0810232568123,SSE,NE,6.653162790531283,11.0,76.46837209468718,60.346837209468724,1018.2954511635561,1014.730134884503,5.693674418937434,4.0,23.371641860115698,27.22658139526564,Yes,Yes
2012-03-26,Brisbane,15.13213530029333,22.332135300293327,12.56813372913938,1.6123390363103036,0.9048818086375794,E,26.0,SW,E,2.2467807262060697,9.0,93.25965782138178,82.12339036310303,1019.8591197625163,1015.8961368714473,7.0,7.0,16.83701710893091,20.288948673207265,Yes,Yes
2014-09-18,Brisbane,20.103770309205018,28.809843137584135,0.025759103547389594,4.651518207094779,10.806806723394578,E,26.51518207094779,SSW,E,6.613613446789156,14.742408964526103,55.06072828379117,58.901568624158635,1009.8659663830271,1007.3273277277061,4.484817929052208,3.0,24.77424089645261,26.496963585810445,No,Yes
2012-04-03,Brisbane,14.843972474867005,24.6118429217964,2.4797133687257924,9.132129553070605,6.631625103354684,SE,30.10541701118228,NW,NE,8.298194329605908,4.0,53.976898798899846,72.0,1015.4565319748489,1013.1313327821084,2.7018056703940925,6.532129553070606,21.73112065363876,19.60772713129229,No,Yes
2011-10-11,Brisbane,14.236608018058837,23.390471206154878,0.042310531349340263,4.211552656746702,6.109676424010815,E,22.115526567467015,SW,E,5.576894686506598,13.0,69.0,65.0,1023.338336620629,1019.9864234803517,1.0,6.153789373013195,20.42122908075752,22.488521158336148,No,Yes
2014-12-29,Brisbane,22.831483393823593,28.4994954710428,0.6649849034759953,8.59697282625679,4.110090579144028,ENE,30.664984903475997,ENE,E,7.0,13.670030193048008,64.98990942085597,72.30978864866394,1012.0121086949728,1010.1105951081013,7.329969806951991,6.994954710427986,26.99697282625679,26.165489432433198,No,Yes
2009-11-06,Brisbane,24.7780860572698,32.8917705139472,0.0,8.312344229079203,10.93693862700579,NE,38.56172114539602,NNW,NNE,11.0,18.47942628486799,61.78086057269802,63.91770513947198,1011.6151187445074,1007.5671761160206,2.780860572698009,2.301434287830015,29.657512342137796,30.8219139427302,No,Yes
2013-03-10,Brisbane,21.857768447800087,28.555682981576503,0.33409788945901286,9.61439006141166,6.00719503070583,ENE,32.16475527635247,ESE,ENE,6.09280496929417,12.81439006141166,59.948904355177575,60.27841490788252,1017.0185609938588,1015.4257560245646,6.09280496929417,5.185609938588341,26.132951055270496,27.437121987717664,No,Yes
2013-08-22,Brisbane,22.948782785242166,30.687808021910335,27.27800089705795,9.44877782761433,4.426833258578505,W,42.50002478813919,NE,NE,5.35366155952917,8.012196935717503,71.60974763331832,74.59755069760082,1009.9402449302399,1006.0951212257129,6.658535376188332,7.329267688094166,27.320734790719754,27.99268679619734,Yes,Yes
2011-06-12,Brisbane,19.665929034391933,27.23955936901956,8.9933905352934,3.872528757176528,5.806599722784595,ENE,32.16484694078484,SSE,SE,7.0,11.241762523921759,69.83515305921516,62.15383116627384,1016.5626535278047,1014.0912263480792,7.0,5.87911873803912,24.306589980862594,26.154942485646945,Yes,Yes
2014-12-05,Brisbane,22.66725054777529,28.255932645438207,0.8890105307865189,8.800437910831468,2.111098946921348,ENE,29.77911583865171,ESE,E,6.667031592359557,12.00109477707867,66.66703159235955,76.22307371550563,1009.8663747261123,1008.2441768322697,8.0,7.889010530786519,27.07834949469664,26.033734751595514,No,Yes
2012-12-30,Brisbane,19.2976778882196,25.395327898793816,1.251755522657991,5.712966758309881,2.4882500528710856,E,28.235277719032126,NNE,NE,5.105888912387149,6.764722280967873,73.19988848941847,75.85872185799919,1016.3764443504514,1012.5211499048321,7.0,7.447055543806425,22.544733432026028,23.723555649548597,No,Yes
2011-07-20,Brisbane,12.601534247437495,17.572889359274026,2.8982086439903685,1.6,0.21585669151922948,SW,22.173909389567253,SSW,SW,5.618925186394221,6.856775559182664,76.69820864399037,76.01534247437496,1018.9688008341058,1016.014836661226,7.460358271201926,8.0,14.657032667754798,15.64603582712019,No,Yes
2010-09-06,Brisbane,20.665678254288792,26.670872780954657,0.827087278095466,1.4500946742911844,2.018738165713602,ESE,30.94805473334131,SE,ESE,8.62523668572796,8.354363904773301,72.21892751429597,79.29127219045338,1011.1573291419069,1009.3625236685729,7.0,7.13543639047733,25.502039940949878,25.257329141906926,No,Yes
2012-09-28,Brisbane,21.760055339436633,29.376088543098618,45.31057224253484,9.861230033051616,4.714858510047,SW,45.82792102723038,NNW,NE,3.813407119248846,9.173462458685481,68.75950194507028,70.1326877065726,1012.2001383485916,1009.2574292550236,7.0932964403755765,4.8265375413145195,26.07608854309861,26.601451390798154,Yes,Yes
2011-12-07,Brisbane,12.944363238925417,22.04552208608756,0.5325607685585735,3.476080109794082,5.2674392314414265,SSE,26.956795608236725,SSW,ESE,7.141201646911228,8.239198902059181,67.14120164691123,58.66280384279287,1027.9175967061776,1024.7132762670012,3.902002744852048,7.0,17.011802470366845,19.99336186649939,No,Yes
2010-12-20,Brisbane,20.700482825191667,28.07728315370233,8.30256137974477,3.1814402628085277,8.498162858042736,E,36.65200492765989,SSE,E,8.837602299574614,9.0,75.53359244425484,83.97680032851065,1013.98303599217,1012.3435965506382,7.0,5.069599014468022,25.57032325225553,24.630642398127815,Yes,Yes
2010-04-20,Brisbane,16.61282938936421,21.26572942398316,5.713532321376843,1.822144118665263,1.2304044499473676,WNW,29.439367713242103,NNW,W,4.3321617799789465,15.775044153284208,89.89630872680002,66.12126457351579,1013.2553602966633,1009.3110720593327,7.557117626694737,6.335676440042106,19.36643235599579,19.62073825464,No,Yes
2014-04-05,Brisbane,13.059213084572555,19.77470339891017,1.7747033989101675,2.476077485299111,1.6901937132477785,N,23.154903143376114,SW,SW,5.732354715064166,7.84509685662389,78.71861385117472,76.2392251470089,1020.3325423970938,1017.1367584972755,8.0,7.577451571688055,15.676077485299112,17.273329312521223,No,Yes
2009-12-15,Brisbane,22.684814936214458,30.56045935152299,0.0,7.732760519725751,2.5378222076542647,W,31.33619740137124,N,NNE,6.294172726199837,11.168098700685622,51.54632077722827,51.63037012757107,1015.7159506496571,1012.5865333770372,7.789876624142973,7.915950649657189,28.094079091660113,27.82769883179724,No,Yes
2011-11-04,Brisbane,18.662354753162358,30.21211505507968,0.0,6.79644104447212,9.140383516932278,NE,21.340862913097627,NW,NE,4.780287637699209,7.520191758466138,61.31827417380475,57.17932884536852,1016.9277890656872,1012.7098561811505,3.7399041207669304,6.479808241533861,25.410335577315745,27.97624928600598,No,Yes
2012-04-19,Brisbane,12.824577034340255,18.047462206041526,7.131077516481358,0.28192344780084944,0.0,SSE,21.426535865394058,SW,SSE,3.836153104398301,6.590382760995754,97.5084593131949,80.90115792580934,1021.1245770343403,1016.6638468956018,7.0819234478008495,7.0819234478008495,13.347462206041527,17.372039240381785,Yes,Yes
2010-10-11,Brisbane,16.43964536927035,22.740018664775246,4.463768556786966,4.751940272719216,1.1761567841120555,E,28.0,WNW,N,4.0,3.4001866477524474,83.6792907385407,71.43899210213678,1019.6402053125278,1016.7841978466176,7.439925340899022,7.439925340899022,17.943805886337454,20.536044795460587,No,Yes
2011-04-22,Brisbane,14.438301628163341,22.19496495744369,13.84008009727156,3.1716683353598243,6.628331664640176,ESE,42.44175844479033,SSW,ESE,4.424974969602637,11.0,85.87512515198682,74.84994993920527,1026.404195868797,1023.8175225273577,3.5666332928035165,5.283316646401758,17.807452442245012,20.19832165248123,Yes,Yes
2011-08-22,Brisbane,16.41953479840187,24.836422090586627,3.680465201598132,2.3688729218475912,5.12922182304619,NE,26.83112707815241,SW,NE,4.0,10.415563539076205,77.27898069937635,62.831127078152406,1023.43170858015,1019.3823704567044,6.707781769538102,7.0,20.479302197602806,23.294865736679007,No,Yes
2013-05-24,Brisbane,18.560926614246874,27.08246693753471,0.18215403232878305,7.0356919353424345,8.000312905205925,SE,42.28616129315132,SSE,SE,11.0,13.0,68.08922983835609,65.33844757534128,1017.4867568501359,1014.9938326561632,4.0,6.089229838356085,24.816311695068837,23.964620969863493,No,Yes
2011-04-30,Brisbane,9.911173344751518,21.16196572547087,2.8667200097870156,0.888906669929005,3.2944933423047638,SW,19.396990506483615,SW,NNE,2.4920761928064326,4.738114289209649,83.84904758991958,68.07923807193568,1018.6904114166872,1015.4737314142404,6.277733325177488,6.7539619035967835,13.906419060435377,19.797662865182193,No,Yes
2010-12-07,Brisbane,22.59275761978774,29.573012727372085,17.385986379775076,5.504788991791541,4.568105950530649,NE,26.0,NNE,ENE,6.804906776841438,14.999999999999998,84.78155074313324,70.26869487578014,1014.8196271073658,1011.1928754048377,6.439254214731509,3.6098135536828773,24.341354248002535,27.992639834737844,No,Yes
2010-03-24,Brisbane,20.781993444399546,29.283794099959593,0.4252091778406363,6.189196066639727,5.765787544359136,E,36.891960666397274,SE,E,9.036013111200909,14.855947555196364,67.01800655560045,61.16205900040409,1019.4369770553984,1017.0333757442784,3.0540196668013637,7.0,25.107202622240187,27.271189511039275,No,Yes
2015-08-28,Brisbane,12.314463821270262,24.014463821270258,0.38512414282961044,5.318182785562858,8.429751714340778,E,23.814051785370136,SSW,ENE,5.925620714148052,7.000000000000001,58.115689287779226,88.62398321173896,1022.4231378575558,1019.0342947504336,2.037189642925974,4.888431071222078,19.473143178151556,15.952477535996495,No,Yes
2013-04-03,Brisbane,18.92600908334768,26.824023357179744,6.994574968109144,7.413367936562587,2.0366645039648383,E,37.0,ESE,E,11.0,16.999999999999996,64.73329007929676,65.08669694449227,1022.3046333610586,1019.894639849164,7.273329007929677,7.0,23.80602205955865,23.61733938889845,Yes,Yes
2012-08-10,Brisbane,18.40278255816432,29.338008763089064,4.1714934276832,4.001855038776213,9.89142532861584,ENE,22.352262049247464,SW,E,3.2190043815445333,7.523755476930666,67.42873356920799,55.780995618455464,1011.7953624030595,1009.2010410178337,1.0,1.6095021907722666,25.55133452985936,27.862805257853438,No,Yes
2010-09-29,Brisbane,20.327031463774155,29.595273597830616,30.570023940341958,4.78005813947992,8.92415013676819,SE,34.70605335141153,S,ESE,5.535448016270378,12.876658686552684,66.31757865943538,66.41728796203579,1010.5060533514114,1009.8283584130163,5.146973324294235,6.317578659435387,27.437002394034195,26.585302667570577,Yes,Yes
2013-08-07,Brisbane,20.411740644438197,29.693261842853122,0.0,7.71847880158507,9.943695760317013,SE,41.87391520634028,SE,ESE,14.74783041268056,18.43695760317014,52.37825438097916,45.68912719048958,1018.5601072357202,1016.1911945166714,5.71847880158507,3.84456359524479,26.37478304126806,28.102935161109546,No,Yes
2009-08-28,Brisbane,19.05658148444225,25.660321458750147,5.381154010846804,6.36376919783064,5.93472610904967,SSE,31.76347696260323,WSW,SE,8.618261518698382,10.109276876962896,83.1631847273758,85.78144624607421,1015.647012372252,1012.8579400599483,7.127246160433872,6.254492320867744,21.240263011704666,21.63113225235547,Yes,Yes
2011-01-12,Brisbane,16.686740381512816,20.737061943160562,7.234453345198828,2.833094889048334,0.6867403815128158,SE,41.97355297258514,S,SE,8.437098047940314,15.874196095880626,87.19871375340901,87.08613336299706,1021.8179059006746,1020.3715513931392,7.774839219176126,7.887419609588063,18.84567527946027,18.701965474666242,Yes,Yes
2014-01-01,Brisbane,13.585160368445115,17.66299664282449,8.592915210213517,3.3703207368902284,0.0,SSE,26.666826202852842,SSW,SSE,6.0,14.185256090156816,87.44471033808806,88.2963140225392,1023.4109622106708,1019.9998085565766,8.0,7.703685977460796,15.474054575206873,16.462996642824486,Yes,Yes
2011-09-01,Brisbane,19.656393503716703,26.67790457006527,7.967441218684072,3.416279390657964,5.996507616775448,E,27.808125897036525,SSE,E,6.296507616775449,9.0,83.65117562631855,77.51161828026108,1017.6470988795079,1015.0197717738826,7.0,6.08139695328982,23.63720609342036,23.93488243736814,Yes,Yes
2009-04-06,Brisbane,24.80420867219869,31.00965344701954,0.0,3.81237583442997,3.9977705728175996,ENE,25.806931059609116,ENE,NE,7.193068940390881,14.420793178827356,79.06931059609117,77.58663824511399,1013.5116326920358,1013.1316827284691,6.613862119218236,6.613862119218236,27.328960341058636,28.102722387410427,No,Yes
2009-08-22,Brisbane,19.42269728087525,26.98728839000934,54.92774760313811,1.6548637030446967,5.421205178924618,E,30.0,ESE,ENE,7.0,12.33916788915277,79.37159257611742,66.51621234348232,1017.4404017263082,1014.6162123434823,6.2418938282588385,5.483787656517678,23.925939749571715,25.88404592131288,Yes,Yes
2012-04-06,Brisbane,17.149143451263008,25.144181836752082,2.372711120189907,4.3900767709781485,6.446662644007546,ESE,28.024808072554634,SSW,ESE,4.0,7.02480807255463,77.86355560094954,72.02480807255463,1025.8632605850144,1022.3645009886419,3.049616145109259,2.0620201813865737,22.24170102949662,23.542941433124355,No,Yes
2014-07-21,Brisbane,21.571804934688426,29.362464069070988,0.5625215585574069,7.793811082579321,7.212320345354942,E,33.812607792787034,ESE,E,11.0,15.937535930929013,57.21891168918055,61.68767965464506,1016.3751293513444,1014.6407453686122,3.812607792787035,6.468767965464506,27.165558527781332,25.381203289792285,No,Yes
2011-08-24,Brisbane,19.712150943292,28.369873473923995,3.928097668864002,6.693673696199998,10.027596004555999,E,32.80759156456,SSE,E,5.506326303800002,14.589877913919997,69.41012208608001,68.62783573672,1013.210885682532,1011.4012652607602,4.903795782280001,5.0,26.009620421772002,25.917975582783995,Yes,Yes
2010-03-10,Brisbane,15.522956528264036,22.425420301817393,2.5967149685955175,3.7196714968595512,3.2631207798342583,SE,24.393429937191037,SSE,ESE,7.204927547106724,7.000000000000001,71.39342993719103,72.57371974876413,1025.4565507170253,1021.6368792201657,7.0,7.598357484297759,19.680328503140448,20.42459904396628,Yes,Yes
2011-07-26,Brisbane,21.38364695772982,28.335248165353626,43.71645229919431,3.475580492333788,4.065192057602605,E,39.0,E,E,13.0,16.405524384582762,85.7834268462517,82.26961588479479,1017.3815450998728,1015.8193353460397,7.297237807708617,7.297237807708617,26.19745791918674,25.448839015332425,Yes,Yes
2012-09-09,Brisbane,13.270169865835335,19.680194132383235,0.2,3.8800323553972063,0.36992720035628623,SSE,17.20048533095809,SW,WNW,6.0,4.800323553972061,78.50121332739522,75.40097066191618,1021.7100242665479,1019.2999191115069,7.700080888493015,8.0,15.510186043533933,18.490299287424158,No,Yes
2010-07-15,Brisbane,21.417512518604763,27.732302316702164,1.4272272050735866,6.445915919238962,0.7447397236783503,ESE,31.284034006341983,SSE,SE,9.054454410147173,8.31126121141557,88.7431931987316,87.94554558985281,1015.1704204038051,1013.6190590435516,7.743193198731603,7.743193198731603,22.820235239112126,23.817512518604765,No,Yes
2009-05-15,Brisbane,21.31967159577101,27.841128641271432,0.0,6.588171521695244,3.5021999111090842,SE,30.759285820108236,SSE,E,12.807428656086588,9.096285671956707,62.288857015870114,80.98900044445458,1012.8932568380884,1012.1921568825337,6.759285820108233,6.855571492064939,25.220771551325555,24.208528611641132,No,Yes
2009-04-04,Brisbane,20.905789990383976,28.844631992307175,0.01942100096160257,6.825210991345577,5.384499509135224,E,34.80578999038397,E,ENE,12.320264966343911,18.611579980767953,67.09710500480801,64.4463199230718,1017.4747890086543,1015.5873945043272,7.0,7.0,25.869842983652756,26.60289499519199,No,Yes
2013-09-13,Brisbane,15.475058429018205,27.9125486908485,0.5318500521917469,5.19777507828762,5.721604188413228,S,19.06830575852346,SW,NE,4.738680628044092,4.738680628044093,68.59094450243528,60.00000000000001,1015.5692624086644,1011.9204138221994,3.4432083768264556,7.1477361256088185,21.764812565239684,25.56139727731351,No,Yes
2014-02-28,Brisbane,20.39317190064156,31.098975785096236,0.0,6.395903140384936,9.103755454647143,NE,29.345851515490473,N,NNE,6.667804683226406,11.671218732905626,62.335609366452815,59.00341404967922,1016.4078523142622,1011.2369749863244,3.328781267094374,7.0,25.82946407703022,28.73117110186983,No,Yes
2013-03-22,Brisbane,17.820342553311416,28.350852751461748,4.823731768257722,6.379664710322152,9.028819222493969,ENE,30.0,WNW,ENE,6.593221570107384,13.372886280429537,71.98301760710062,59.59322157010739,1021.0660860596362,1017.772864489529,4.2203352896778465,4.627113719570463,23.11187314776243,26.391530594451012,Yes,Yes
2012-04-30,Brisbane,21.52305874348878,32.51846725204638,0.0,6.280013504836905,11.081532747953617,NE,23.184672520463828,W,NNE,4.215395003720696,7.430790007441392,72.19986495163096,59.10769750186035,1013.4692099925586,1009.1476704921866,5.892302498139652,6.107697501860348,26.596927751674315,29.956920999255857,No,Yes
2011-02-16,Brisbane,19.033985807879215,25.655990538586142,0.962933964094257,5.333594323151686,2.496919771973472,E,32.07334910235643,S,ESE,4.9266508976435714,10.258679281885144,71.48264143622971,56.22787700161986,1020.332419868969,1018.9582877971576,7.814669820471286,7.814669820471286,24.237457520633274,25.270660359057423,No,Yes
2013-11-25,Brisbane,19.534247575724407,27.960598235229735,11.789194723957394,6.336824670247338,6.757938324381657,SE,35.0,NNW,ENE,5.842061675618343,12.526185026855027,66.92103083780917,63.21030837809171,1015.5658352406007,1010.384288983887,5.763092513427514,2.236907486572486,25.83948458109542,27.581629073038904,No,Yes
2010-04-01,Brisbane,22.211363220882397,29.483216271855262,1.0143345776924297,5.926922373800984,6.723951016990954,ENE,35.886367791176006,ENE,ENE,16.60489830090462,14.041959320361846,74.15559152918584,69.28146949027139,1014.30594271362,1011.9101386456563,6.520979660180924,7.0,26.49160813592763,27.646677458755757,No,Yes
2014-05-01,Brisbane,19.01126487711101,28.286445696750473,0.0,5.158915655740039,5.672469958989562,NE,27.081325819497145,W,NE,5.0271086064990484,9.821686885199238,59.97289139350095,60.20542172129981,1016.6368073360294,1012.4507830737903,5.7945782787001905,6.178313114800761,25.342650491840608,26.824819180360535,No,Yes
2010-03-27,Brisbane,20.906934053345296,27.07172001311201,23.863494027121273,3.165329733273517,0.7722637866188133,E,43.61862706600868,ENE,ESE,19.61862706600868,14.930659466547032,84.45071346744429,76.69340533452966,1011.6138681066906,1009.5138681066906,8.0,5.10401080017945,23.28959891998206,26.26825298643936,Yes,Yes
2013-10-17,Brisbane,19.567509063866417,29.6834386329833,0.08343863298330206,6.484702228782927,9.258912481408162,E,30.742102526252342,SE,E,6.582806835083489,16.2452615157514,57.92035215441557,54.75473848424859,1010.6245261515752,1009.156385289809,2.4171931649165104,5.3312273403339585,26.749684101050097,26.459544279307973,No,Yes
2011-08-19,Brisbane,13.934218628565178,21.634674876946047,15.1352127299166,3.19543751619131,6.604106235427821,ESE,43.92700025906096,SSW,ESE,4.02281241904345,11.0,87.92700025906096,73.95893764572179,1026.8502689264853,1024.1493564297239,3.0182499352347603,5.00912496761738,17.031024889899093,20.029656144756483,No,Yes
2012-03-22,Brisbane,21.013417656302526,24.163797968347318,28.400504220448262,2.286582343697476,1.0967096868347004,E,33.865823436974765,ESE,ESE,9.865823436974763,13.577215624649842,93.68101015826342,93.11392187675078,1012.3607597654062,1010.3040509372548,7.422784375350158,7.567088281512618,23.44734210910363,22.88860781232492,Yes,Yes
2013-08-30,Brisbane,16.88486819436436,21.105638968208208,6.157108621912822,4.949880176694873,0.20857827561743578,SW,30.0,SSW,SW,4.607228445217947,8.607228445217947,83.7855431095641,85.82843448765128,1013.6135423286258,1011.7620726749212,7.478554310956411,8.0,18.77132586573846,18.375615003547182,Yes,Yes
2015-05-07,Brisbane,14.79728681878859,22.371830455073933,2.259989999569387,2.552738182287942,4.504538636070036,N,22.127281818573284,SW,E,4.127281818573285,6.681795453566789,84.10902726998701,70.80907727214007,1030.2526881801348,1027.271780452921,2.3182045464332117,6.063640909286642,17.960927728075234,21.063640909286644,No,Yes
2011-10-22,Brisbane,18.93412546652425,26.590592869051402,0.033725297122858044,6.132549405754284,7.133725297122857,E,28.14510865824281,SSE,E,6.0,10.156867571928549,66.80785568701423,60.313735143857095,1016.8286215622471,1014.0745059424571,7.0,2.843132428071451,23.50745551761284,24.758043463297124,No,Yes
2013-06-05,Brisbane,15.1,22.293871049063267,1.2030644754683686,2.7624515803746945,3.174586093339216,W,28.177527179898636,NNW,W,3.1979570163544215,12.588763589949314,81.22349431192414,86.21838685281021,1017.248784829676,1013.3508278133216,7.40102149182279,7.40102149182279,18.79591403270884,19.27713982289619,No,Yes
2012-01-13,Brisbane,21.1,23.902265489708483,7.958391929429605,5.91728141234982,0.0,SE,21.52852593531047,SW,SSE,2.229865994119134,9.229865994119134,87.0,89.97734510291517,1018.0057881126439,1017.8287747120557,8.0,8.0,23.037919596471475,22.19765158470975,Yes,Yes
2009-09-15,Brisbane,19.73395658918891,25.168256489812563,38.62083132557311,1.7689431126820412,0.09061427151766438,S,34.812285430353285,SE,SSW,12.624570860706575,6.657000993763494,91.37542913929342,75.06486026611384,1012.0349865234931,1007.597100298129,8.0,8.0,21.16211377463592,24.47729890686016,Yes,Yes
2013-07-25,Brisbane,18.75245540419729,24.718664137492933,0.1265224527887706,7.493910188844918,1.8192536388731848,E,30.18664137492933,S,SE,7.0,6.0,72.72298544450726,88.36149272225364,1019.6318279652111,1018.7697457415773,7.090373180563407,7.090373180563407,22.41748513473243,20.153634406957792,No,Yes
2010-08-24,Brisbane,16.91064110433993,24.344481156927543,1.7368803681133098,3.535360210350462,2.335360210350463,ENE,24.36120289231886,SW,SE,4.0,6.669200262938079,77.96959684474305,83.95439526711459,1025.6908790534228,1024.057799079717,6.669200262938078,7.669200262938078,20.879841367278008,21.34752147245324,No,Yes
2011-05-06,Brisbane,15.704704086422499,21.458345967037417,2.322003038086915,2.731562965329306,0.7682094030746005,E,30.146433996583777,NNE,NE,4.34142640136649,4.853566003416223,86.19575117676968,87.70789077881942,1019.434294394534,1015.6172230744656,7.0,7.829286799316756,19.333990885739254,20.665705605465956,No,Yes
2010-06-25,Brisbane,19.189820268391077,26.208288618814475,3.219161252491691,4.363063299153199,8.674503772625087,NE,37.91081010254041,N,NNE,6.394894501411336,16.515915601129066,75.21021099717733,66.45225319661279,1020.2229122125121,1015.8286480820324,4.363063299153199,3.4840843988709307,22.908288618814478,24.95988017892739,No,Yes
2013-08-20,Brisbane,18.64378535053047,27.75765852807248,14.218601790598656,6.884682943855033,5.570087827011544,E,28.002406464338257,S,E,7.145951168434899,9.569365887710067,72.28227647951678,66.57417881638658,1016.770809766313,1013.2715317056145,6.428227647951678,4.858861760241611,23.74426664339812,25.7,Yes,Yes
2010-11-24,Brisbane,16.270896997012695,23.629620172890217,1.0616180261389092,4.6197467819268105,6.386042918595967,SSE,28.412768241224793,WSW,SE,7.447660944734876,11.0,79.9651072964899,72.09873390963405,1019.2639957064974,1016.2535278954443,6.482553648244958,5.482553648244958,18.567407726661685,20.73370386333084,No,Yes
2011-09-02,Brisbane,22.03432497199507,28.7708717769037,39.89162135619742,2.56957258967901,3.246563761170356,E,36.41743553807406,E,E,13.86085482064198,16.139145179358014,85.72170964128397,85.45641115481484,1014.5348710761482,1013.3805121916296,7.43042741032099,7.43042741032099,26.13914517935802,25.41001695626172,Yes,Yes
2010-02-21,Brisbane,20.59016795267467,26.78964896261826,7.247084276400998,5.766106824417762,4.090167952674672,E,29.36610682441776,ESE,E,6.049160236626642,12.147480709879925,78.48641246570232,78.73221364883553,1017.0027175068597,1014.9857709190684,6.3169465877911195,7.0,24.697282493140463,24.326259645060038,Yes,Yes
2011-12-17,Brisbane,17.12659090568148,24.235454540908638,3.0691919217174237,3.6261616156565153,3.208434345202196,ENE,25.392424234847727,SW,SE,4.0,7.869191921717424,81.82272729545681,73.21944443055418,1025.4995707099752,1023.0303787882576,7.4345959608587115,7.5654040391412885,19.992424234847732,22.330808078282576,Yes,Yes
2014-06-24,Brisbane,23.563354726201577,30.377387965573014,0.0,7.626120344269844,5.086350719731765,NE,29.095518622920626,NE,NNE,5.547759311460313,7.130601721349217,69.83431518022219,73.3469913932539,1013.2401535836412,1011.1461971360904,6.773879655730156,7.773879655730156,28.151267621303177,27.858284240988894,No,Yes
2009-09-25,Brisbane,21.164039205131775,28.663077489624214,3.794229706954605,5.603846862030263,5.477691882781842,E,41.62115774116645,ESE,ESE,19.0,13.796153137969736,61.77691882781842,62.00961715507566,1013.5399963174426,1011.5409580329501,7.0,7.0,25.984423891334803,26.942692803421185,Yes,Yes
2010-01-17,Brisbane,16.43457918584648,22.4205605538826,2.4579441041083694,2.685981368036123,7.106541921918722,SE,37.81775618950331,SSW,SE,7.0,14.355139739729076,68.75233697031608,65.42990684018062,1021.4962624424605,1020.2953276543341,4.322430130135462,7.0,20.527102475801325,20.695794250914204,Yes,Yes
2014-04-25,Brisbane,14.144338001437918,21.4,0.977352005751675,1.9358879654899495,2.9084500359479692,ENE,23.20732020130863,WSW,SE,4.0,9.103660100654315,85.55661998562081,87.13239971241624,1028.1,1025.7792679798692,6.443380014379188,7.0,17.533014004313756,18.398084025882536,No,Yes
2011-10-18,Brisbane,17.11742558762191,25.514029977850015,0.0785820842562492,6.042835831487501,7.178582084256249,E,25.67798536590629,SSE,E,6.0,9.035447893593771,63.8921645233438,58.07089578718754,1018.1967535698155,1014.971641685125,7.0,3.96455210640623,22.453321019978148,23.771194146362518,No,Yes
2011-11-21,Brisbane,21.57775323360475,25.410607734072403,40.73716399625878,4.212154681448068,1.2535543194872383,E,57.0957643582196,E,E,19.41915287164392,21.41915287164392,80.93922659275967,81.1462247829555,1010.8213259169233,1007.0006260979038,7.631307553091989,7.631307553091989,23.720699819019583,23.7737384893816,Yes,Yes
2014-04-28,Brisbane,20.55916971623063,28.57335772984506,9.788229648158493,5.403467514147832,8.783394324612651,E,32.49133121463042,ESE,ESE,10.266422701549395,13.449817026162046,70.44981702616205,62.98266242926083,1017.3401463790703,1015.3626372303786,5.775091486918976,4.408302837693674,26.395848581153167,26.84844921676404,Yes,Yes
2009-10-05,Brisbane,23.148428073873653,32.61053509234206,0.0,7.335259208446071,10.346049340371726,ENE,28.594732453828968,E,NE,7.594732453828967,16.999999999999996,59.189464907657936,47.86576094988828,1011.8055225857546,1008.5839423219032,3.702633773085516,4.189464907657935,28.956584432713793,31.070008337724968,No,Yes
2013-02-22,Brisbane,15.221496167013218,24.786309878462674,0.09497338734992251,4.789946774699845,7.866203427862366,E,22.474866936749613,SW,ENE,4.4748669367496134,6.237433468374807,69.96363103762829,74.74866936749612,1020.141070364612,1016.5123004051244,2.7625665316251937,5.762566531625193,20.538823184787713,21.671762293513993,No,Yes
2009-11-19,Brisbane,15.67596393284616,25.522254799582424,0.10247275550915812,3.219782044073265,8.417309288564107,SE,27.586546442820534,SW,ENE,5.462908667362628,12.024727555091582,73.33927089190472,58.363998446996305,1022.9031642434469,1019.2519278656923,2.0,4.024727555091581,20.846982354674005,23.339564088146528,No,Yes
2009-12-02,Brisbane,22.46056200702087,31.48760464505503,0.0,9.433240315506644,11.720844960561669,NE,28.93802322527513,NNE,NNE,9.208449605616696,15.41689921123339,52.938023225275124,48.08449605616695,1015.7954961437116,1012.7704263803415,2.8957751971916523,1.0,29.025069763370023,29.73549224365085,No,Yes
2013-07-11,Brisbane,22.300135274061745,30.223233008532784,0.0,9.476902265528963,5.407203239930619,NE,26.229624604092937,N,NE,7.0,10.53804531057925,55.15353398293444,63.46195468942074,1012.1838349573361,1009.1607372228651,5.077443361775938,6.384511327644812,27.369293203413115,26.57717281365245,No,Yes
2011-12-06,Brisbane,21.687667068621266,30.17286755096678,0.9221992764817242,7.960534619588046,11.187667068621263,NE,30.56166465689368,NNE,NNE,9.0,13.97533413724253,55.58633051965115,49.58633051965114,1016.0413669480349,1013.1413669480349,4.024665862757471,1.5123329313787357,27.41423449900167,28.57533413724253,No,Yes
2010-06-29,Brisbane,24.295783074818225,29.50456431604553,0.0,4.017330888545433,2.021895204590965,E,22.87001833590925,ENE,NE,5.956672778636418,11.870018335909252,79.95667277863642,80.34777574045454,1011.9218952045909,1011.1958988717729,7.347775740454527,7.347775740454527,26.46533822290914,26.961005500772774,No,Yes
2014-04-22,Brisbane,19.99116831568965,28.78021242103448,0.0,5.2494689474137965,5.447344737068982,NE,24.44522052672417,W,NE,4.148406842241389,9.296813684482778,61.0494689474138,60.39575157931037,1016.2720792107758,1013.007769579138,5.851593157758611,6.851593157758611,25.91095589465517,27.26643384198275,No,Yes
2012-07-26,Brisbane,18.43993489334516,28.603580866015957,0.0,4.321432346406383,6.12664087879323,NE,36.19479146761315,N,NNE,6.600651066548356,12.201302133096712,66.19479146761316,68.38632760248453,1015.6649481057675,1009.5444923591836,4.3960936007098645,7.399348933451644,23.781497453061217,25.783776185980464,No,Yes
2011-11-09,Brisbane,17.130749202352515,27.812795894558295,4.323094447941552,3.7845928526465777,8.810249734117503,SW,23.846091257351603,SW,ESE,3.4871878323531194,7.794842586764081,68.25640608382344,52.79484258676408,1014.076921825147,1009.7102497341175,3.2307817485296795,2.7435939161765597,22.8127958945583,26.93331163588189,Yes,Yes
2010-08-25,Brisbane,17.0468669702524,24.033081639362948,18.88820718906215,2.698746788100959,4.535089933173135,SE,38.01253211899041,SSW,SE,6.506266059495203,15.987467881009593,81.82455033413433,66.97493576201919,1014.6726862901443,1013.7233128960938,5.974935762019189,7.0,20.308772483293286,21.936841275060072,Yes,Yes
2014-01-25,Brisbane,21.841387256477397,27.202485565486036,4.526820806275266,4.687745643926863,2.5978613772280474,SE,34.463583874494674,ESE,ESE,13.0,13.731791937247335,80.82947984311834,80.21849675303196,1015.5852600784408,1012.9193641098173,6.902312094128994,6.536416125505325,25.13410403137633,25.514739921559173,Yes,Yes
2010-04-25,Brisbane,22.83685590289232,28.52837288645351,4.328254978985614,4.858135567732453,1.5191949726019804,E,35.28372886453509,E,E,14.858135567732452,16.999999999999996,70.0639832420066,80.85813556773245,1012.4532712858435,1009.8171102803639,7.929067783866227,7.929067783866227,25.97802543774715,25.935466108066887,No,Yes
2012-12-21,Brisbane,19.9921271652832,28.381587371262768,0.050878316168369395,4.057904845515324,7.26317474252554,ESE,27.78074106589293,SSE,E,5.780741065892929,12.017566323367388,68.47365051494891,59.01756632336739,1016.6824336766327,1014.5096294670535,2.0,4.017566323367388,24.93422231976788,26.67983073892603,No,Yes
2009-02-04,Brisbane,24.689482474564105,31.82959097883332,0.0,5.8973288644615005,5.907846389897389,ENE,27.276293813589724,E,NE,5.085559279615416,12.447412372820557,71.42779639807708,67.87520877089763,1011.7237061864103,1009.3263773219487,7.0,7.0,28.065776288153835,29.176293813589716,No,Yes
2012-10-05,Brisbane,19.972493355006513,30.254702820546246,30.911889396618307,7.155989368010422,4.894188201560576,NE,27.055013289986977,NNE,ENE,3.8899734200260547,13.944986710013028,70.2976927048111,65.85758638491532,1014.343034553966,1010.7585624629388,4.220053159947891,4.637533224967433,25.13172142652801,26.615217439531914,No,Yes
2011-09-20,Brisbane,13.688014336770264,22.83280860206216,0.009129749100476748,9.307848028784743,5.735237276086174,SSE,28.59343369153099,S,N,9.273892473014302,4.319541218516686,50.958623655550056,72.41083870952146,1018.0452215053971,1016.4452215053972,2.2282437275119187,7.045648745502383,20.31041146941621,18.2332358421674,No,Yes
2010-08-03,Brisbane,16.39801686828732,22.676081931681278,0.6879807219573458,6.231971082936019,4.615985541468009,SE,30.859975902446678,SSE,E,5.260216877979858,7.840144585319907,83.49939756116706,75.75961443914692,1025.953906019542,1023.6399036097869,5.280048195106636,7.140024097553318,19.932091570702603,20.41808916094727,No,Yes
2009-10-23,Brisbane,24.18304429233739,33.384778538313036,0.0,6.9107257231165224,9.235645661300866,ENE,28.0,E,NE,6.1695570766260825,15.339114153252165,60.21451446233045,48.705843232452196,1011.2169557076626,1007.7339114153251,4.8304429233739175,4.107257231165223,29.36782283065043,31.563327092079998,No,Yes
2014-01-09,Brisbane,20.54518327640464,28.790730970962958,0.19430653818021015,8.251241156378107,4.993942120026532,E,31.0569346181979,S,E,8.914598072703152,13.0569346181979,65.68685959991156,41.37007501828634,1020.6295605635598,1018.4694147962986,7.914598072703152,6.886130763604203,23.810658087332225,27.279344047323377,No,Yes
2010-06-11,Brisbane,12.898808204261831,20.98116684814773,0.13373059857938985,2.0,5.2823586438859,WSW,33.047671829526784,NNW,SW,5.343264964484746,15.373059857938989,73.99404102130916,58.573309333843376,1017.4773558809748,1014.071992800153,5.325388028412203,3.3194290497213554,18.54147727087749,20.051011636782846,No,Yes
2010-06-07,Brisbane,21.670324910649043,28.777508487404216,0.4820410581120825,6.243101460531002,2.528734307020668,E,33.0,NW,ESE,4.0,14.107753651327505,67.41020529056041,62.984891430973775,1015.9060434276105,1015.2793900520649,5.92816423244833,8.0,26.96314133389388,25.262571259321543,No,Yes
2010-01-13,Brisbane,20.429365489427855,32.69394989917598,0.0,8.501852808665,10.925463202166249,ESE,47.84292515987767,N,NNE,8.607804574523213,15.392195425476785,51.49073595667501,55.35317255286072,1010.0453679783374,1005.4453679783376,1.5882931382151788,1.3921954254767859,28.268486697009727,29.805755095926603,No,Yes
2012-08-13,Brisbane,17.377843985784846,24.391034732080414,8.96646804264546,2.532936085290922,5.558098646789491,SSW,31.215601421515366,WNW,NE,4.778439857848464,5.8323402132273054,72.78439857848463,65.84425765449964,1013.6466955166848,1009.1580714598241,3.7245395024696224,6.778439857848463,20.60419829141065,21.92516256149857,Yes,Yes
2009-12-20,Brisbane,19.364888180170766,29.62988203190048,0.14386335689680513,4.905229787928754,9.689540424142491,E,28.56136643103195,SSE,E,6.719316784484025,13.8772671379361,67.56136643103194,57.68409929309585,1013.7139813249963,1011.60170803879,4.122732862063897,1.2806832155159742,25.66670189051965,27.94567706724569,No,Yes
2013-10-01,Brisbane,20.355105195093103,28.431188125501482,10.144059372492585,3.2139851568768534,8.117481446096066,E,37.75804452936944,ESE,ESE,14.172029686246292,16.58601484312314,69.44616327435462,68.96225233309349,1014.624195547063,1012.8655940627507,4.6209777353152806,4.7930074215615734,26.07930074215616,25.345173282378337,Yes,Yes
2010-12-19,Brisbane,22.89143157111495,28.71794777662851,29.102327767552065,4.009379347743462,1.9113187252501227,W,40.74858942668968,N,SSW,4.582863142229895,6.483427371554021,79.0193937750666,90.45028211466206,1005.1928067192974,1002.5795486165407,6.966854743108042,7.483427371554021,26.317947776628515,23.466290513783918,No,Yes
2010-11-08,Brisbane,14.922573776557726,26.01101159832084,0.0,9.169167524701642,10.676875643526232,ESE,30.972471004197892,SSE,E,6.983482602518737,14.977976803358315,50.110115983208416,55.016517397481266,1018.0977976803358,1015.300550579916,2.994494200839579,3.0,23.107157538908552,24.411011598320837,No,Yes
2013-02-02,Brisbane,23.11149604897384,28.800766403264927,143.8979121050414,2.1160944685633734,3.2076640326492254,E,66.7547509552248,ENE,NE,36.76241498787402,12.984671934701549,89.93868773880618,75.9080316082093,998.5609446856337,998.2471494268651,8.0,6.992335967350774,25.203065613059692,27.406897629384304,Yes,Yes
2011-05-05,Brisbane,11.941995879137988,23.144833950946314,0.0,3.518048619975913,7.321906880910185,WSW,22.19068809101858,SW,ENE,3.5618623817962844,6.342793572694427,77.34279357269443,56.847894518324146,1023.347449527185,1019.5598220035444,5.2190688091018576,6.0,15.704878450060216,20.2200889982278,No,Yes
2015-08-05,Brisbane,17.41836068125041,24.395475542502133,0.04406563500098537,7.563278637499178,2.935869041253038,ESE,22.330492262507388,ENE,ESE,9.146885450003284,9.220328175004926,60.92655727499836,67.66098452501478,1023.2036721362501,1020.4257049537506,6.853114549996715,7.0,22.8028198150023,21.959606501249095,No,Yes
2011-06-16,Brisbane,21.03301714567209,27.987030022737436,0.1944463574352445,4.546291832651097,0.4052489328483136,ENE,15.75618027891484,WSW,ENE,6.108025754130692,2.7561802789148397,76.86420603304553,62.64815452478415,1015.6049442231318,1011.9021674018495,7.0,6.891974245869308,23.54659654236754,27.035793966954472,No,Yes
2010-06-02,Brisbane,23.083418051983745,32.88507624678537,0.0,6.461139350661248,10.74715162334688,ENE,26.644557402644995,E,NE,7.677721298677503,14.289114805289985,59.01658194801626,47.72746714272627,1013.6720245453712,1010.4075688051066,3.6611393506612484,3.0,28.98839263638862,31.45450657145475,No,Yes
2010-02-10,Brisbane,15.15440177215985,25.44793757321032,0.0,3.1372460196976455,7.427847305974879,E,25.184485922521123,SW,NE,6.4077570387394385,7.38190024294131,72.85429927117607,57.80258567957982,1010.6262056309915,1008.2472399028235,3.394828640840374,5.815514077478877,19.826903301378398,23.71362606828591,No,Yes
2012-04-03,Brisbane,12.517448081183433,22.5279513566307,1.0296875580647415,1.998263798565958,2.998697848924468,ENE,24.567708139784195,WSW,ESE,5.716145930107903,8.144097286738601,78.00868100717021,61.15277829390881,1021.8838540698921,1018.941058934229,6.572048643369301,6.0,15.515711879749393,20.54192703494605,No,Yes
2012-11-05,Brisbane,18.918926553878936,23.56199682213075,3.173472810547215,2.2569297317481842,0.6664680437433413,ENE,29.588674081694915,ESE,SE,6.3859904663922515,11.050670903825665,87.61400953360776,76.49329096174334,1016.6944871109588,1014.1280190672155,7.487332274043584,7.487332274043584,21.003725282731235,21.13606550144794,No,Yes
2012-12-08,Brisbane,19.51739552928325,27.914188527644665,24.162682246282245,4.715257528190863,3.3457725845725865,SE,28.05442176245685,E,NW,8.119533530375636,8.054421762456851,86.02138001092386,83.90184648054823,1013.7107871789767,1010.635762885598,5.23906706075127,5.532555883959391,23.550048586757363,24.78377064477766,No,Yes
2010-08-20,Brisbane,18.44568661004186,23.06587685971641,13.189187088842644,2.563791073361241,0.0,SE,22.545970244537468,SE,SW,6.658768597164082,4.136492561134367,93.13649256113438,88.47772396397029,1020.6857834748954,1018.6516603346117,8.0,7.068246280567184,20.256966445304524,20.602369420850778,Yes,Yes
2011-01-16,Brisbane,16.71492479381404,25.947163901030745,11.697908199998482,4.720596991752561,3.9865676855673633,NE,25.161195536083493,SSW,NE,3.5880601649487667,11.38209024742315,81.86865405154458,74.05969917525616,1015.133433867011,1010.2128368752585,7.0,6.397015041237192,20.501492479381405,22.801492479381402,No,Yes
2009-07-10,Brisbane,19.455513525711293,26.599059909109172,2.008395913049303,6.599373272739451,6.730325786563383,SSE,30.564536166021142,WSW,SE,8.738721699612684,11.0,80.82581446640845,81.99686636369725,1015.2186720078803,1012.4664163478029,6.912907233204228,5.912907233204228,21.83809497235214,22.36904748617607,No,Yes
2010-11-23,Brisbane,20.97658669677644,25.78314610963586,26.510294477504708,2.8170665161178015,0.4936532128942411,E,39.78773167729581,ENE,ESE,15.787731677295815,14.234133032235604,88.97813529046859,83.65866967764397,1011.753173393553,1009.653173393553,8.0,6.148800451646596,23.18511995483534,24.944852761247645,Yes,Yes
2009-05-08,Brisbane,14.318747501734485,24.206474731089777,0.25044446564852313,4.7267878556561564,6.413838393476602,SE,35.4553535739064,SSW,SE,7.0,14.999999999999998,64.45535357390641,59.683030360859604,1025.1852726752263,1021.7154040163085,4.886161606523398,7.0,19.84798991151958,21.43169696391404,No,Yes
2009-12-27,Brisbane,21.485732228637968,28.927388428599155,0.2690446285603384,6.2975801712844,6.665477685719831,E,36.23821485758646,ENE,ENE,18.309553714396614,14.999999999999998,72.69044628560339,65.16687600077631,1014.922548771168,1012.5535041426076,6.654776857198308,6.654776857198308,25.851209914357803,27.483312399922372,No,Yes
2010-01-02,Brisbane,20.085176122564384,28.1881408980515,0.10148238774356177,6.086658510307944,6.164082683563836,E,33.98517612256438,E,ENE,9.44811642897534,16.970352245128765,67.50741193871781,57.881408980515054,1018.213341489692,1015.9566707448461,7.0,7.0,24.474799408359452,26.192588061282194,No,Yes
2014-05-14,Brisbane,13.674222524685176,18.424533514811106,20.46302688015171,3.5220455938036683,0.0,SSE,35.11333787027763,SW,SSE,6.622667574055527,10.496890098740703,93.62888737657413,84.37111262342589,1023.46040081665,1021.4830683907054,7.874222524685176,7.874222524685176,14.511333787027763,15.976088465440755,Yes,Yes
2011-08-27,Brisbane,21.1,25.272586968809584,17.35488207183715,4.2728956374284985,0.0,SE,30.14197523251739,SW,SSE,3.0129068393197627,10.012906839319761,87.0,76.27413031190414,1016.3222502954626,1016.2235409793944,8.0,8.0,23.50774410359186,24.233557782231387,Yes,Yes
2009-08-24,Brisbane,23.03367545511134,31.597741233968335,0.0,9.480903506412666,10.657905681110824,NE,32.46611850952504,NNE,NNE,9.595482467936671,15.595482467936673,55.57289480762003,49.57289480762003,1015.8342916554601,1012.6365504214918,3.5954824679366713,2.4887061698416786,28.751129383015833,29.897741233968333,No,Yes
2009-11-10,Brisbane,18.830169276203907,25.610056425401304,16.942534711992565,7.975577252596839,3.377013884797025,E,35.02873264400372,E,E,14.985633677998141,16.985633677998134,62.201128508026024,54.25859379603346,1023.6152387001891,1020.629605022191,7.007183161000929,7.007183161000929,22.9100564254013,23.894971787299347,Yes,Yes
2013-01-26,Brisbane,19.53217180867332,22.123872848214237,6.948087040816147,5.137021760204037,0.19723367984697243,WNW,21.07957616071413,W,SE,4.262978239795963,6.1314891198979815,86.68510880102019,89.94808704081613,1018.3148911989798,1016.3965509910716,7.8685108801020185,7.8685108801020185,21.468852224489687,19.550170672193836,No,Yes
2011-06-01,Brisbane,20.185754915876874,31.40220467807147,0.0,5.804409356142943,8.957094100947748,E,29.373657627597602,NNW,ENE,4.0,15.549463051039035,57.02204678071472,68.74731525519519,1007.2912381699418,1006.5659696954613,1.8241945765585585,4.373657627597598,27.17145294952613,26.76042955916877,No,Yes
2009-12-16,Brisbane,19.083728226792935,25.716271773207062,24.6378188905002,5.258441342968002,3.9352555086152985,ESE,33.36745645358588,E,ESE,13.0,14.999999999999998,72.41558657031997,87.36745645358589,1018.2494262323501,1016.0099686247904,4.972880377988232,7.394576075597646,23.763865267370356,21.294576075597643,Yes,Yes
2012-08-24,Brisbane,18.692032989178145,25.777872164109684,14.875524400365089,3.730969071232988,4.685539517580067,E,29.156343642922337,ESE,ESE,7.0,6.95279724977182,68.0,60.35989003607285,1017.3920329891781,1014.8294955320092,7.0,5.734515464383506,23.651323710548045,25.104420617671334,Yes,Yes
2011-02-03,Brisbane,20.144084301062183,26.691961118270083,0.6355915698937816,4.3042463655842,2.9889789247344543,NNW,22.75429505371764,SSW,E,2.8220421505310918,8.055105376327727,82.58897892473446,77.23306322579663,1016.9927714408801,1013.8571798709864,5.822042150531091,7.411021075265546,24.267390623641848,24.875429505371763,No,Yes
2013-08-25,Brisbane,15.903784277757973,24.99564479181902,0.036955598977378,2.335856185171981,4.82881611303843,W,35.614165038348325,NNE,W,4.184777994886891,15.9837210281221,71.72283300766966,78.63044401022621,1014.0217335938643,1009.6543339846608,7.0,7.0,20.97281178414936,20.83422828798419,No,Yes
2010-04-13,Brisbane,11.05843351321903,22.213501197847254,0.11438694221325743,3.371226115573485,2.998937106760797,ENE,28.857902066599433,WSW,NE,4.0,6.142097933400569,75.71934711066287,62.58079215472632,1023.1710489667003,1020.2282424378068,6.571934711066287,6.571934711066287,14.972111859939488,20.685081611167142,No,Yes
2010-06-17,Brisbane,21.470830334953742,28.068695735499773,0.2,5.078418957181859,3.513359236864848,E,34.215810428181406,E,E,11.471146926816335,16.215810428181406,68.6079052140907,68.84506163681182,1014.723082458547,1012.0230824585469,7.607905214090704,7.607905214090704,24.684506163681185,25.821581042818142,No,Yes
2013-01-19,Brisbane,22.471881846411655,32.44876734424285,24.873566516167685,7.9799853943218055,7.942213744578004,WNW,27.431291078469926,NW,NE,3.3812545642744363,8.071881846411653,63.043690664432326,62.5186724073346,1009.1453136410686,1005.3806199792981,3.1656090250394744,3.1656090250394744,27.76751277996842,30.12283372387613,No,Yes
2011-01-12,Brisbane,16.351088272028807,22.711007885758246,77.1420218862689,11.414113457991654,0.0,E,35.06169422643424,ESE,SE,11.0,10.64758076844259,88.76653268954905,90.40967692622962,1022.7815334538932,1021.2934286460038,8.0,8.0,20.122015771516494,19.970040193135283,No,Yes
2012-07-24,Brisbane,11.55728820980254,21.053927386218014,0.07190318162401756,3.0449394885150114,7.524735994791457,E,28.13481846554503,SW,ESE,4.089878977030022,12.730363068909933,73.91012102296997,66.85385028178521,1028.964048409188,1025.2763971304755,3.0,3.1797579540600442,15.461782158654039,19.0775302557425,No,Yes
2011-07-26,Brisbane,22.043041373959817,26.092718969530132,29.87041920227802,6.492718969530136,0.25364051523493203,SSE,16.251612022148414,S,SSE,2.7152068697990943,5.642396565100453,89.64239656510044,85.35760343489956,1015.515206869799,1012.7224879002689,7.821198282550227,8.0,24.853640515234936,24.79271896953014,No,Yes
2010-12-21,Brisbane,17.80359974194039,23.10391276297868,0.05759587104620287,7.989983326774574,0.0001565105191472904,S,24.017216157106205,SE,SSW,7.009390631148837,4.003130210382945,75.02504168306356,87.97652342212791,1016.5920179635234,1015.487322647949,7.001565105191473,8.0,22.099060936885117,20.607199483880777,No,Yes
2010-05-08,Brisbane,22.59075438224803,31.063640137018343,0.0,5.000083014403495,9.018532742705686,ENE,24.727197259633183,ENE,NE,8.272802740366814,11.181591778899557,68.27197259633185,64.08996574541482,1016.372927261972,1014.4273632884401,4.454394519266372,4.454394519266372,27.490920411055022,29.236442877385155,No,Yes
2011-06-19,Brisbane,15.975004321654756,18.85397815670211,5.323868940212655,2.0818166103073614,0.14602184329789064,SSW,16.795458474231598,SW,SW,4.102270762884202,3.8977292371157986,88.87502160827377,83.13069851548428,1013.814196589681,1010.2266944288536,7.9488646185578995,7.0511353814421005,16.651707393817908,16.56420523299053,No,Yes
2013-05-11,Brisbane,14.783367942367093,26.05902483729918,0.0,5.621092562731857,8.108921010197902,S,29.348893864338383,SW,E,6.257607220333722,14.54564332200233,62.318464983003494,52.15214440667444,1019.4288036101668,1015.8955394949011,4.772821661001165,3.2880361016686095,20.687828447466043,23.64381039663174,No,Yes
2010-02-28,Brisbane,20.965477170382545,24.15595621149542,58.028532944976256,3.1761901198608915,0.017857410104331506,ENE,37.535722303129944,E,ESE,13.535722303129946,15.29762350173886,91.57140719165348,89.15473428921906,1010.4285703595826,1008.2059524700348,8.0,7.9404752996522285,21.403575971773638,22.17381362159975,Yes,Yes
2011-03-03,Brisbane,18.78303636235951,26.40569317942408,0.15848181882024492,7.445313634129142,3.1,ENE,26.792409094101227,ENE,ENE,7.188613641151837,13.792409094101224,65.75445456460734,58.981022735253056,1017.7564681917138,1015.5507750122897,7.0,6.603795452949388,24.44151818117976,25.562277271769634,No,Yes
2012-01-29,Brisbane,16.641838818334474,27.162834437701942,0.4387741211103504,2.5373179826985215,5.0284287318270815,WNW,33.5976974047782,WNW,SSW,2.6268201730147864,6.313410086507393,87.50728069205914,70.05976974047782,1015.7565526228533,1013.0849813546803,5.940230259522179,6.373179826985213,19.626972593415253,21.219387060555178,No,Yes
2011-01-16,Brisbane,20.33667843244842,25.051166070514324,6.024310994074518,7.473356864896837,3.2404240399384006,SSE,17.343462914197715,SSW,SE,2.2289752761318105,6.8855123619340945,74.06077748518629,84.14487638065906,1014.8563251444657,1012.9731449235602,7.8855123619340945,7.8855123619340945,24.642049447736383,22.585512361934093,Yes,Yes
2011-05-02,Brisbane,17.825256069619353,23.31313276083044,57.749448323598905,9.545450052595184,0.0,E,32.777772286505225,ESE,SE,11.0,10.232322233910041,87.31312781868515,92.07071106435983,1018.7535256689274,1017.161606227405,8.0,8.0,21.32626552166088,20.40606165439446,No,Yes
2009-07-06,Brisbane,12.384354763433313,23.27188174552223,0.0,2.5962796802978074,6.717505396417784,E,41.400431713422655,SSW,NE,6.456236508955541,9.806344437311205,75.91247301791108,60.17505396417783,1015.2326025319378,1011.2469357097001,5.175053964177832,5.368709526866626,17.028118254477775,21.917505396417784,No,Yes
2012-09-06,Brisbane,17.373810604352183,24.598753875862556,8.978568186943448,2.5571363738869,5.741617501975659,SSW,31.61893956478167,WNW,NE,4.738106043521833,5.892840934717251,72.38106043521833,65.17874971811025,1013.5095605479743,1009.004802965383,3.583371152326416,6.738106043521833,20.68688261078024,22.08448112808876,Yes,Yes
2011-10-24,Brisbane,20.92738499970888,29.43118249771959,14.778264993498414,4.642050000970386,4.4273849997088845,E,28.242050000970387,ESE,E,4.363075001455579,7.089225004366738,84.66872499466287,76.48410000194077,1015.7662550010675,1013.1872800015526,6.878974999514807,7.0,25.933744998932575,26.85538749781663,Yes,Yes
2014-10-28,Brisbane,17.229683535700037,25.718734142800155,0.08378955803749508,3.6025237008376525,6.555154225368964,NE,30.06736546868767,WNW,NE,5.743156629437573,14.162104419625047,76.66317265656164,74.28421685281214,1020.0755775133626,1015.5336827343438,5.094738950937377,4.837895580374951,21.560628921818907,23.275577513362585,No,Yes
2010-04-03,Brisbane,11.825353414342526,16.02441097609579,0.15023560956168364,1.5502356095616836,0.0,SSW,13.995287808766328,SSW,SSW,3.5023560956168365,2.497643904383164,76.23939756972423,73.47879513944848,1024.6324217011932,1022.031008043823,8.0,8.0,13.349293171314947,15.799528780876631,No,Yes
2011-03-30,Brisbane,21.1,26.751473174133604,27.495816051201867,2.498232191039673,0.0,SE,39.43783138026838,SW,SSE,3.8579846709334893,10.85798467093349,87.0,61.48526825866394,1014.505332957493,1014.4911314245863,8.0,8.0,24.0147908025601,26.430760144427072,Yes,Yes
2010-04-20,Brisbane,22.37639603098019,31.22783798732629,0.0,9.423603969019814,11.02648788171201,NE,28.160360028163808,NNE,NNE,8.75945995775429,14.27837987326287,53.68378029571998,48.64594046470281,1016.063243940856,1013.2514419563462,3.320720056327614,1.561260098573324,28.85990999295905,29.447657973244386,No,Yes
2010-04-27,Brisbane,20.132365933062427,28.174274449796815,0.32904574163280315,7.006640382859244,6.777385645917993,E,31.70954258367197,E,ENE,13.097515789804174,14.999999999999998,71.8713722489841,53.871372248984095,1018.3902484210196,1015.8192941626523,6.354771291835984,6.354771291835984,24.219503157960833,27.442117512042845,No,Yes
2012-03-14,Brisbane,19.274822865143225,27.075756574895397,0.0,7.9650354269713555,3.391371441905375,ENE,26.2330971535243,ENE,E,6.058274288381075,13.116548576762149,61.0,57.34964573028645,1015.3874114325715,1012.604893719086,6.9417257116189255,6.88345142323785,24.669929146057292,25.794172571161898,No,Yes
2010-08-31,Brisbane,20.972003410824158,28.404002558118123,0.1337145293445828,6.261711118520424,5.506861528202491,ENE,34.69144440739788,ENE,ENE,14.691444407397883,14.337145293445827,68.35429911395205,65.69144440739788,1013.9628547065541,1011.4971410299156,7.0,7.0,25.736573499428957,26.602287176067502,No,Yes
2010-08-15,Brisbane,20.656788155978766,27.414128069323898,46.7107883968849,5.918004935008848,1.3997241213168186,NE,27.357339913345132,NNE,ENE,3.606650216637176,13.64266008665487,86.57064034661948,72.32133004332744,1016.4144039480071,1014.3324088830159,8.0,6.036009870017694,23.260665021663723,25.392522147313283,Yes,Yes
2014-03-29,Brisbane,14.282848005497282,25.15232003664854,0.28953599267029195,5.079936038480967,7.147520059553877,S,26.0,SW,ENE,5.27616001832427,10.828480054972811,67.60031980759517,62.20063961519033,1021.9420159331163,1018.421087918457,4.72383998167573,4.17151994502719,19.978048028402622,22.41990405772145,No,Yes
2014-08-20,Brisbane,20.48386650988867,28.565134351646964,0.0,6.555625538459768,5.469160360440723,NE,21.187321582417074,N,NE,6.5936607912085385,9.0,58.46973129670607,65.81267841758292,1014.2979722681349,1010.5884634549478,4.968303956042693,6.0,25.56830395604269,25.834009243955013,No,Yes
2009-04-13,Brisbane,20.117223012847166,28.081763868750063,65.71167692986278,1.8283673152776814,6.731107948611346,E,30.0,ESE,ENE,6.969606447916769,14.918950527778053,83.15196776041617,67.28367315277681,1017.8219898829864,1015.0260423565976,6.020262368055487,5.03039355208323,24.68581634236116,26.88075075034729,Yes,Yes
2011-04-03,Brisbane,12.471603394920077,23.308288139228623,0.0,5.727807907180916,7.100588697899007,SE,32.452672324866796,SSW,SE,6.636096046409542,13.544384185638169,59.6331525569145,55.72486441768588,1026.9644926514895,1023.6375677911572,4.272192092819084,5.544384185638169,18.06243220884294,20.772192092819086,No,Yes
2009-11-19,Brisbane,21.402239917701376,30.909791264093066,0.08671305242376329,8.958323412064152,11.613286947576237,N,29.30069578635645,NE,NNE,9.0,15.34685220969505,52.78041747181387,47.04055662908516,1016.5040556629084,1013.2658747584559,2.8265738951524737,1.0,28.232309496337024,29.157763432638806,No,Yes
2010-07-30,Brisbane,22.27222082028969,30.31359571647588,0.0,7.6900587746758555,9.648683878489663,E,29.811397974827717,NNW,NE,6.612573468344819,12.099412253241447,57.036544911517346,54.649118379862166,1013.2125734683448,1010.5324559189932,7.0,5.1622795949655425,26.791081022806917,28.919882450648288,No,Yes
2012-10-11,Brisbane,21.943232686024995,26.831643670598545,21.701041125226926,4.395835499092304,0.303123375680772,ENE,43.11589015426442,ENE,E,9.252602813067309,13.50520562613462,87.7265746823942,87.95835499092306,1012.4355348956457,1010.1587129264987,8.0,7.8736985934663455,24.11901352994519,23.997917749546154,Yes,Yes
2012-01-03,Brisbane,19.0501413324745,26.96465988842369,0.2895892221864375,6.6,2.8154748342458435,ESE,32.48424250080516,SSE,SE,7.0,9.036296389872968,80.44316471944892,79.51097610771157,1016.8290371118984,1015.0530101673645,6.0678113882626565,6.619865277330469,21.702673360690643,23.354727249758454,No,Yes
2010-02-18,Brisbane,21.569542967823764,32.098603958990765,0.0,7.534771483911882,11.353933859306347,NE,28.673857419559408,NW,NE,8.397207917981548,12.276649501577857,56.32614258044059,55.48223366561476,1009.4091374309139,1005.0970815892737,1.3616752492110709,3.482233665614761,27.314213067508195,30.46598970094671,No,Yes
2010-12-06,Brisbane,20.004965174443633,24.936623929671768,4.712266536429209,7.51226653642921,3.3414134244995535,SSE,18.073013619855743,SSW,SE,2.195093385428317,6.902453307285842,72.48773346357079,83.39018677085663,1015.1241817136267,1013.3851630365411,7.707359921857526,7.902453307285842,24.465946497357976,22.36834124477186,No,Yes
2015-01-02,Brisbane,22.33389038911056,26.833221922177888,4.44053477354614,5.22657753774231,0.43188498831253674,SE,33.398663066134645,ESE,ENE,13.0,12.86711231128845,78.60133693386535,88.7342246225769,1016.533221922178,1014.2597994599203,7.933556155644225,7.86711231128845,25.406978617901917,24.50697861790192,Yes,Yes
2012-09-26,Brisbane,19.966032527452235,30.208830944910876,31.29049389129896,7.145652043923578,4.834102505305796,NE,27.06793494509553,NNE,ENE,3.8641301098089453,13.932065054904472,70.48505670388515,65.94157714312092,1014.3766308572484,1010.8192942419489,4.27173978038211,4.669837362738819,25.10393986804462,26.583559384515954,No,Yes
2013-10-17,Brisbane,23.244657190516357,27.960886956274017,2.4548387961390645,3.483266220897756,1.0294354514478508,SE,34.44153177171776,SW,SE,8.005040133445796,17.578628762065424,71.55846822828224,69.12197659001026,1010.8650204017617,1010.5792341141412,7.142137123793457,7.142137123793457,27.103528093412056,25.975100668653365,Yes,Yes
2014-12-13,Brisbane,22.404682644292357,34.9508322349302,0.0,7.818730577169446,12.494640503421863,NE,23.976586778538195,ENE,NE,2.05853305365452,9.0,57.95317355707639,40.2926652682726,1006.7304371879004,1003.1362904932658,1.0702396643854244,3.035119832192712,29.873074795318917,33.726248352395295,No,Yes
2012-04-20,Brisbane,20.654066385502208,24.279830834114872,0.8091520358213052,4.763391856714779,0.844068520255278,E,25.79830834114875,S,SE,7.0,6.0,76.62372591897888,90.31186295948945,1015.487291211085,1013.2111905654551,7.577965739872361,7.577965739872361,23.051355461834074,20.982541757783014,No,Yes
2011-08-30,Brisbane,18.470495929234584,26.92272389209786,0.0,3.649089556839144,3.0094152180723936,NE,38.63967433876675,N,NNE,6.295040707654156,11.590081415308312,68.63967433876675,74.80414513926273,1013.3423093781715,1007.4357808828136,6.229755754075063,7.704959292345844,23.07859362760456,24.011236104394108,No,Yes
2011-11-20,Brisbane,20.862599555582158,23.325199111164313,8.925199111164314,5.297200098759522,0.0,WNW,22.0,SW,S,4.0,6.0,79.77600790076164,90.48600049379759,1011.7058050861153,1010.0600049379761,7.486000493797603,8.0,22.3569997531012,19.388800395038082,Yes,Yes
