Date,Location,MinTemp,MaxTemp,Rainfall,Evaporation,Sunshine,WindGustDir,WindGustSpeed,WindDir9am,WindDir3pm,WindSpeed9am,WindSpeed3pm,Humidity9am,Humidity3pm,Pressure9am,Pressure3pm,Cloud9am,Cloud3pm,Temp9am,Temp3pm,RainToday,RainTomorrow
2009-01-01,Brisbane,22.2,33.9,0.0,9.0,6.9,W,44.0,SE,NNE,4.0,13.0,60.0,65.0,1007.4,1005.1,5.0,7.0,29.699999999999996,30.9,No,No
2009-01-02,Brisbane,23.2,31.5,0.0,7.4,0.7,ESE,30.0,SSW,E,11.0,16.999999999999996,74.0,47.0,1009.9,1009.7,8.0,8.0,25.0,29.399999999999995,No,Yes
2009-01-03,Brisbane,21.8,26.000000000000004,4.4,5.4,0.0,SSE,41.0,SE,SSE,15.0,14.999999999999998,85.0,86.0,1015.3,1015.1,8.0,8.0,22.7,22.1,Yes,Yes
2009-01-04,Brisbane,20.1,27.5,4.8,4.2,7.0,ESE,35.0,SE,SE,17.0,16.999999999999996,55.0,45.0,1017.4,1014.7,7.0,7.0,25.600000000000005,26.300000000000004,Yes,No
2009-01-05,Brisbane,20.4,28.999999999999996,0.0,7.800000000000001,7.700000000000001,SSE,30.0,SE,E,11.0,19.0,65.0,53.99999999999999,1014.1,1012.1,7.0,7.0,25.8,27.700000000000003,No,No
2009-01-06,Brisbane,20.8,30.500000000000004,0.0,6.4,12.7,E,30.0,ESE,E,9.0,14.999999999999998,58.00000000000001,49.00000000000001,1013.5,1011.1,3.0,2.0,27.300000000000004,29.6,No,No
2009-01-07,Brisbane,20.9,29.8,0.0,8.6,11.4,NE,30.0,E,NE,9.0,16.999999999999996,62.0,56.99999999999999,1013.0,1010.2,3.0,7.0,27.200000000000003,28.400000000000002,No,Yes
2009-01-09,Brisbane,23.1,30.199999999999996,0.6,4.4,2.8,SSE,43.0,S,SSE,9.0,24.0,74.0,47.0,1011.8,1010.4,8.0,7.0,24.9,28.900000000000002,No,No
2009-01-10,Brisbane,19.0,29.1,0.2,6.4,9.6,SE,43.0,SE,ESE,20.0,22.0,52.0,51.0,1012.4,1010.4,3.0,5.0,26.0,26.300000000000004,No,No
2009-01-11,Brisbane,19.6,28.7,0.0,9.0,8.9,ESE,33.0,SE,E,9.0,16.999999999999996,55.0,56.0,1012.6000000000001,1010.6,7.0,7.0,25.5,26.2,No,No
2009-01-12,Brisbane,18.6,29.5,0.0,7.599999999999999,9.5,ESE,35.0,E,E,9.0,14.999999999999998,60.0,53.99999999999999,1014.6,1013.2,7.0,7.0,26.0,27.799999999999997,No,No
2009-01-13,Brisbane,20.2,30.199999999999996,0.0,7.599999999999999,11.5,E,37.0,ESE,E,17.0,19.999999999999996,55.0,53.0,1017.2,1015.4,6.0,4.0,26.300000000000004,27.200000000000003,No,No
2009-01-14,Brisbane,18.8,29.300000000000004,0.0,9.4,13.0,NE,33.0,E,ESE,13.0,16.999999999999996,49.0,39.0,1017.2,1015.3,3.0,3.0,26.7,28.499999999999996,No,No
2009-01-15,Brisbane,19.0,31.7,0.0,8.4,12.8,NNE,30.0,W,ENE,7.0,16.999999999999996,59.0,45.0,1016.4,1013.1,3.0,1.0,26.100000000000005,29.699999999999996,No,No
2009-01-16,Brisbane,19.8,32.9,0.0,9.0,12.4,NE,31.0,WNW,NE,7.0,14.999999999999998,54.0,52.0,1013.8,1010.0,1.0,6.0,28.099999999999998,31.1,No,No
2009-01-17,Brisbane,23.2,31.1,0.0,9.0,7.1,ESE,52.0,ESE,SE,15.0,22.0,65.0,61.0,1012.6000000000001,1014.0,7.0,7.0,27.900000000000002,26.100000000000005,No,No
2009-01-18,Brisbane,20.3,27.8,0.0,8.8,5.8,ESE,33.0,ESE,ESE,13.0,16.999999999999996,56.0,56.0,1019.4,1018.1,7.0,7.0,25.4,25.1,No,No
2009-01-19,Brisbane,18.7,28.9,0.0,7.599999999999999,9.0,ENE,31.0,SE,ENE,13.0,14.999999999999998,49.0,50.0,1019.2,1016.7,7.0,7.0,26.4,26.5,No,No
2009-01-20,Brisbane,19.3,30.9,0.0,8.6,12.5,ENE,26.0,ENE,ENE,9.0,16.999999999999996,49.0,42.0,1017.7,1015.5,4.0,3.0,27.4,29.3,No,No
2009-01-21,Brisbane,21.9,31.5,0.0,8.2,11.7,NE,35.0,NNE,NNE,11.0,16.999999999999996,63.0,53.99999999999999,1016.5,1013.5,5.0,1.0,28.400000000000002,30.2,No,No
2009-01-22,Brisbane,25.0,32.3,0.0,9.2,8.2,NE,43.0,NNW,NNE,11.0,16.999999999999996,64.0,58.0,1014.5,1010.6,5.0,6.0,28.400000000000002,30.6,No,Yes
2009-01-23,Brisbane,24.2,29.9,26.6,7.0,0.5,NNE,30.0,N,NNE,2.0,13.0,84.0,77.0,1012.4,1009.5,7.0,7.0,26.600000000000005,28.299999999999997,Yes,Yes
2009-01-24,Brisbane,23.6,32.5,4.4,2.8,3.8,NNE,30.0,SW,NE,6.0,13.0,68.0,64.0,1011.5,1007.9,7.0,7.0,29.3,30.3,Yes,No
2009-01-25,Brisbane,25.2,30.999999999999996,0.0,3.6,3.1,ENE,26.0,ENE,NE,7.0,14.999999999999998,80.99999999999999,80.0,1013.0,1012.9,7.0,7.0,27.300000000000004,27.900000000000002,No,Yes
2009-01-26,Brisbane,23.1,30.500000000000004,29.800000000000004,6.4,7.4,NE,28.0,NNE,ESE,7.0,11.0,73.0,51.0,1016.3,1015.0,6.0,6.0,27.300000000000004,29.5,Yes,Yes
2009-01-27,Brisbane,22.1,30.500000000000004,1.8000000000000003,5.8,10.4,E,39.0,ESE,SE,15.0,19.999999999999996,68.0,55.0,1016.7,1015.1,6.0,4.0,26.9,27.999999999999996,Yes,No
2009-01-28,Brisbane,20.8,30.099999999999998,0.2,8.6,10.2,ESE,35.0,ESE,ESE,15.0,19.0,61.0,53.99999999999999,1016.1,1015.3,6.0,1.0,27.799999999999997,28.6,No,No
2009-01-29,Brisbane,21.1,28.999999999999996,0.0,7.0,5.2,E,35.0,ENE,ENE,13.0,19.0,67.0,66.0,1017.3,1015.5,7.0,7.0,26.2,26.7,No,Yes
2009-02-01,Brisbane,22.1,27.9,0.8,7.4,0.1,SE,28.0,SSW,ESE,4.0,13.0,80.0,60.00000000000001,1015.4,1012.9,7.0,7.0,23.9,27.300000000000004,No,No
2009-02-02,Brisbane,23.0,28.4,1.0,5.6,1.5,ESE,37.0,SE,ESE,19.0,16.999999999999996,80.0,62.0,1012.8,1010.4,7.0,8.0,23.6,26.9,No,Yes
2009-02-03,Brisbane,21.9,29.8,6.2,2.4,8.7,NE,28.0,SSE,ENE,6.0,13.0,77.0,59.0,1011.1,1008.0,7.0,4.0,24.9,28.400000000000002,Yes,No
2009-02-04,Brisbane,22.7,30.6,0.6,5.8,11.8,ENE,33.0,ESE,E,15.0,19.0,62.0,51.0,1009.2,1007.1,3.0,2.0,28.799999999999997,29.399999999999995,No,No
2009-02-05,Brisbane,22.0,30.4,0.0,9.2,11.8,E,33.0,SE,ESE,11.0,19.0,60.0,55.0,1009.0,1007.3,7.0,3.0,28.099999999999998,30.0,No,No
2009-02-06,Brisbane,21.9,31.1,0.0,9.0,12.1,E,33.0,SE,E,11.0,19.0,60.0,53.0,1011.4000000000001,1010.6,7.0,2.0,27.300000000000004,29.5,No,No
2009-02-07,Brisbane,22.1,30.8,0.0,9.0,9.0,ENE,31.0,E,ESE,17.0,16.999999999999996,55.0,47.0,1014.4,1012.5,4.0,2.0,28.299999999999997,29.699999999999996,No,No
2009-02-08,Brisbane,20.2,30.8,0.0,8.4,12.2,ENE,50.0,S,ENE,7.0,11.0,62.0,50.0,1012.6000000000001,1009.4,6.0,2.0,27.099999999999998,30.3,No,No
2009-02-09,Brisbane,20.5,36.1,0.0,7.4,12.0,WSW,31.0,W,NNE,7.0,13.0,60.0,50.0,1010.0,1006.5,0.0,1.0,27.799999999999997,33.1,No,No
2009-02-10,Brisbane,24.4,32.3,0.0,7.2,7.499999999999999,ENE,28.0,E,NE,4.0,11.0,66.0,61.0,1011.0,1007.3,7.0,7.0,28.499999999999996,29.899999999999995,No,Yes
2009-02-11,Brisbane,23.3,31.5,1.4,8.0,9.7,S,30.0,NE,E,9.0,16.999999999999996,64.0,52.0,1005.8,1004.7,7.0,7.0,27.500000000000004,30.7,Yes,No
2009-02-12,Brisbane,21.7,28.0,0.0,6.8,3.3,SSE,31.0,SSE,E,13.0,9.0,62.0,82.0,1012.2,1011.6,7.0,7.0,25.5,24.3,No,Yes
2009-02-13,Brisbane,20.6,23.5,23.8,8.0,0.0,SSE,48.00000000000001,SSE,SE,9.0,7.000000000000001,90.99999999999999,91.0,1016.7,1014.9,8.0,8.0,21.8,21.8,Yes,Yes
2009-02-14,Brisbane,20.1,25.6,36.8,1.6,0.1,S,35.0,SE,SSW,13.0,6.0,90.99999999999999,73.0,1011.5,1007.4,8.0,8.0,21.5,25.2,Yes,Yes
2009-02-15,Brisbane,20.8,31.799999999999997,2.0,1.2,11.4,SSW,24.000000000000004,WSW,NNE,11.0,9.0,62.0,53.99999999999999,1007.0,1004.8,2.0,5.0,25.5,29.5,Yes,No
2009-02-16,Brisbane,21.1,30.8,0.0,5.8,9.3,ESE,30.0,S,E,11.0,14.999999999999998,59.0,56.0,1009.7,1006.8,2.0,7.0,26.7,28.900000000000002,No,No
2009-02-17,Brisbane,21.6,28.4,0.0,6.4,2.3,NE,30.0,S,E,6.0,11.0,65.0,73.0,1009.5,1008.1,7.0,8.0,26.7,25.600000000000005,No,Yes
2009-02-18,Brisbane,22.3,27.8,17.4,3.2,2.5,E,26.0,SSE,SE,7.0,9.0,76.0,70.0,1008.1,1004.9,7.0,7.0,26.100000000000005,27.500000000000004,Yes,Yes
2009-02-19,Brisbane,21.7,31.6,2.2,2.0,10.3,W,31.0,SE,ENE,7.0,13.0,72.0,62.0,1009.4,1006.1,4.0,2.0,27.200000000000003,31.1,Yes,Yes
2009-02-20,Brisbane,23.6,32.5,3.4,7.599999999999999,5.0,W,33.0,SW,E,4.0,13.0,76.0,68.0,1011.1,1008.2,7.0,6.0,26.5,29.699999999999996,Yes,Yes
2009-02-21,Brisbane,20.9,28.7,35.2,6.2,1.9,W,28.0,SW,ENE,6.0,9.0,87.0,72.0,1011.6999999999999,1009.3,7.0,7.0,23.1,27.700000000000003,Yes,No
2009-02-23,Brisbane,20.8,29.700000000000003,0.0,6.8,11.3,ENE,31.0,ESE,E,11.0,19.0,65.0,53.0,1016.6,1015.1,3.0,1.0,27.000000000000004,28.699999999999996,No,No
2009-02-24,Brisbane,19.8,29.8,0.0,8.0,10.8,ENE,28.0,W,NE,2.0,14.999999999999998,61.0,55.0,1016.9,1015.3,1.0,2.0,27.4,28.699999999999996,No,No
2009-02-25,Brisbane,20.4,27.9,0.0,7.0,1.5,NE,22.0,W,ENE,6.0,11.0,70.0,64.0,1016.8,1014.0,7.0,7.0,25.3,26.7,No,No
2009-02-26,Brisbane,20.9,30.3,0.0,3.6,10.1,SE,43.0,SSE,SE,13.0,19.999999999999996,59.0,55.0,1015.2,1012.9,3.0,3.0,27.300000000000004,27.799999999999997,No,No
2009-02-27,Brisbane,19.9,30.099999999999998,0.0,7.2,11.9,ESE,44.0,S,E,11.0,14.999999999999998,51.0,51.0,1015.2,1011.8,1.0,3.0,25.3,27.900000000000002,No,No
2009-02-28,Brisbane,19.2,32.2,0.0,7.4,11.8,NNE,26.0,SW,NE,7.0,9.0,56.0,45.0,1012.9,1009.4,2.0,3.0,25.3,30.8,No,No
2009-03-01,Brisbane,20.0,33.8,0.0,6.8,9.2,E,22.0,S,NNE,6.0,9.0,63.0,53.0,1011.4000000000001,1008.1,0.0,7.0,27.4,31.7,No,No
2009-03-02,Brisbane,23.0,32.2,0.0,5.8,10.0,E,28.0,SW,ENE,6.0,13.0,57.0,55.0,1014.0,1012.0,6.0,6.0,28.900000000000002,29.8,No,No
2009-03-03,Brisbane,24.0,30.500000000000004,0.2,6.0,9.8,ENE,24.000000000000004,E,NE,7.0,13.0,72.0,58.0,1017.0,1014.0,6.0,3.0,27.799999999999997,30.1,No,No
2009-03-04,Brisbane,23.3,31.1,0.2,4.8,10.6,ENE,30.0,NE,NE,11.0,13.0,59.0,56.0,1014.6,1010.0,5.0,3.0,28.999999999999996,30.0,No,No
2009-03-05,Brisbane,20.5,31.5,0.0,7.800000000000001,10.7,WSW,39.0,WSW,WSW,15.0,7.000000000000001,32.0,22.0,1010.4,1007.0,1.0,1.0,24.5,31.3,No,No
2009-03-06,Brisbane,20.4,28.8,0.0,9.0,9.8,ENE,26.0,SSE,ENE,7.0,14.999999999999998,55.0,50.0,1013.2,1010.6,7.0,2.0,25.0,28.400000000000002,No,No
2009-03-07,Brisbane,20.2,29.8,0.0,6.2,11.2,NE,28.0,W,NE,9.0,16.999999999999996,62.0,53.0,1014.8,1011.4,4.0,3.0,26.100000000000005,28.6,No,No
2009-03-08,Brisbane,20.2,30.199999999999996,0.0,7.0,11.2,E,35.0,E,ESE,15.0,19.0,60.0,53.99999999999999,1014.8,1012.9,4.0,5.0,27.099999999999998,27.900000000000002,No,No
2009-03-09,Brisbane,20.7,26.4,0.0,9.8,0.0,SSE,35.0,SE,SE,19.0,16.999999999999996,59.0,79.0,1016.1,1013.6,7.0,8.0,25.7,23.6,No,Yes
2009-03-10,Brisbane,21.9,27.399999999999995,3.4,3.7999999999999994,0.1,SE,50.0,SE,SE,17.0,19.999999999999996,70.0,61.0,1014.8,1013.5,8.0,8.0,25.8,25.8,Yes,Yes
2009-03-11,Brisbane,20.6,25.8,4.4,6.0,2.9,ESE,35.0,SSE,SE,15.0,14.999999999999998,88.0,82.0,1017.4,1015.7,7.0,7.0,22.3,23.0,Yes,Yes
2009-03-12,Brisbane,19.9,27.700000000000003,5.6,4.4,6.2,ENE,35.0,ESE,ESE,19.0,14.999999999999998,69.0,59.0,1019.8,1017.5,7.0,7.0,24.6,26.100000000000005,Yes,Yes
2009-03-13,Brisbane,20.4,25.3,3.0,6.4,3.9,ENE,30.0,ESE,E,7.0,14.999999999999998,75.0,80.0,1017.7,1016.0,6.0,7.0,24.0,22.9,Yes,Yes
2009-03-14,Brisbane,19.2,28.0,6.0,3.2,9.2,ENE,24.000000000000004,SSW,NE,7.0,11.0,73.0,60.00000000000001,1016.7,1013.1,5.0,4.0,24.1,27.4,Yes,Yes
2009-03-15,Brisbane,19.8,29.600000000000005,3.0,5.6,10.8,NE,24.000000000000004,SSE,NE,6.0,13.0,66.0,55.0,1014.8,1010.2,4.0,1.0,26.2,28.400000000000002,Yes,No
2009-03-16,Brisbane,20.2,30.500000000000004,0.0,6.4,9.3,SSW,46.0,W,NE,7.0,13.0,65.0,56.99999999999999,1012.5,1007.3,3.0,1.0,25.9,29.3,No,Yes
2009-03-17,Brisbane,18.2,30.3,13.2,8.2,10.0,ESE,24.000000000000004,W,ENE,9.0,13.0,72.0,58.0,1012.6000000000001,1009.8,1.0,2.0,23.9,28.299999999999997,Yes,No
2009-03-18,Brisbane,21.1,28.8,0.0,4.0,6.3,ESE,33.0,SE,E,9.0,16.999999999999996,68.0,59.0,1016.7,1014.4,7.0,8.0,25.7,27.099999999999998,No,No
2009-03-19,Brisbane,21.2,26.900000000000002,0.0,6.0,0.0,SE,30.0,S,ESE,7.0,13.0,72.0,68.0,1016.9,1014.4,8.0,7.0,24.2,25.4,No,No
2009-03-20,Brisbane,19.8,29.1,0.0,3.4,5.0,SE,33.0,E,ESE,9.0,16.999999999999996,74.0,55.0,1015.8,1012.1,7.0,5.0,24.8,28.400000000000002,No,No
2009-03-21,Brisbane,20.8,29.300000000000004,0.2,5.4,8.5,SSE,35.0,SSE,SE,13.0,19.999999999999996,68.0,48.0,1015.0,1012.1,6.0,2.0,25.4,27.900000000000002,No,No
2009-03-22,Brisbane,19.3,28.6,0.0,6.0,10.8,SE,37.0,S,SE,11.0,16.999999999999996,56.0,51.0,1015.2,1013.0,1.0,3.0,25.7,27.4,No,No
2009-03-23,Brisbane,18.3,28.6,0.0,6.2,11.0,SSE,30.0,SSW,ESE,7.0,16.999999999999996,63.0,47.0,1017.2,1015.1,2.0,2.0,25.2,27.000000000000004,No,No
2009-03-24,Brisbane,18.1,28.4,0.0,6.2,10.9,SE,31.0,SSE,SE,9.0,14.999999999999998,59.0,45.0,1019.4,1017.1,1.0,2.0,25.4,27.599999999999998,No,No
2009-03-25,Brisbane,18.0,28.500000000000004,0.0,8.0,9.1,E,31.0,SSE,ESE,9.0,13.0,55.0,49.00000000000001,1021.9,1019.6,2.0,5.0,24.6,27.799999999999997,No,No
2009-03-26,Brisbane,17.7,28.6,0.0,5.8,11.0,E,30.0,SSW,ESE,9.0,13.0,58.00000000000001,43.0,1021.9,1018.8,2.0,2.0,24.5,27.900000000000002,No,No
2009-03-27,Brisbane,17.3,29.399999999999995,0.0,6.2,11.0,ESE,30.0,SSW,E,7.0,16.999999999999996,62.0,44.0,1019.7,1016.8,1.0,1.0,24.2,28.6,No,No
2009-03-28,Brisbane,19.9,28.7,0.0,5.2,10.5,SSE,46.0,S,SE,11.0,22.0,61.0,48.0,1020.1,1017.7,3.0,3.0,25.4,27.500000000000004,No,Yes
2009-03-29,Brisbane,19.0,28.6,3.2,7.599999999999999,10.5,SE,43.0,SE,ESE,13.0,22.0,63.0,49.00000000000001,1018.8,1015.8,1.0,3.0,24.7,27.000000000000004,Yes,Yes
2009-03-30,Brisbane,20.1,27.2,2.2,7.0,6.8,SSE,31.0,WSW,SE,9.0,11.0,80.99999999999999,84.0,1014.4,1011.7,7.0,6.0,22.5,22.7,Yes,Yes
2009-03-31,Brisbane,19.4,30.0,3.0,4.0,9.6,WSW,30.0,W,W,13.0,7.000000000000001,59.0,47.0,1009.7,1007.1,3.0,4.0,24.8,27.999999999999996,Yes,No
2009-04-01,Brisbane,19.0,30.500000000000004,0.2,4.4,10.7,E,28.0,SSE,ENE,7.0,14.999999999999998,67.0,56.0,1012.9,1010.9,3.0,1.0,26.2,28.900000000000002,No,Yes
2009-04-02,Brisbane,21.1,24.8,13.000000000000002,4.0,0.0,ESE,54.0,SSE,SSE,15.0,14.999999999999998,93.0,94.0,1015.6,1014.6,8.0,8.0,21.3,21.4,Yes,Yes
2009-04-03,Brisbane,20.1,28.099999999999998,66.2,1.8,6.8,E,30.0,ESE,ENE,7.0,14.999999999999998,83.0,67.0,1017.9,1015.1,6.0,5.0,24.7,26.9,Yes,Yes
2009-04-04,Brisbane,21.9,28.099999999999998,41.0,4.0,4.5,SSE,22.0,ENE,NNE,7.0,11.0,92.0,66.0,1017.2,1013.6,7.0,7.0,22.6,26.800000000000004,Yes,No
2009-04-05,Brisbane,20.8,28.099999999999998,0.8,3.6,3.2,E,28.0,SSW,ESE,7.0,11.0,73.0,75.0,1015.7,1012.2,7.0,7.0,24.9,25.4,No,No
2009-04-06,Brisbane,21.4,29.2,1.0,2.2,7.499999999999999,ESE,28.0,SSW,ESE,9.0,11.0,72.0,65.0,1016.0,1013.1,7.0,7.0,23.8,26.5,No,Yes
2009-04-07,Brisbane,20.0,25.7,1.2,2.8,0.9,ESE,35.0,S,SE,15.0,11.0,70.0,76.0,1019.8,1019.0,7.0,7.0,23.7,22.2,Yes,Yes
2009-04-08,Brisbane,18.1,26.6,1.8000000000000003,3.6,10.4,SSE,39.0,SE,ESE,9.0,19.0,57.0,47.0,1023.3,1020.6,2.0,4.0,23.8,24.8,Yes,No
2009-04-09,Brisbane,17.0,25.6,0.0,5.2,4.1,SE,30.0,SSE,E,13.0,13.0,62.0,62.0,1022.6,1020.2,7.0,8.0,23.2,23.6,No,Yes
2009-04-10,Brisbane,17.7,25.8,5.6,3.0,6.8,ESE,33.0,SSW,ESE,7.0,11.0,73.0,80.0,1023.4,1021.4999999999999,7.0,7.0,22.7,21.4,Yes,Yes
2009-04-11,Brisbane,18.3,25.8,2.2,3.7999999999999994,2.6,ENE,28.0,SW,SE,4.0,7.000000000000001,74.0,78.0,1024.5,1022.9,7.0,8.0,22.6,23.2,Yes,Yes
2009-04-12,Brisbane,19.3,26.499999999999996,14.6,4.4,3.7,E,30.0,S,ENE,7.0,13.0,90.0,67.0,1023.5,1020.7,8.0,7.0,21.1,24.9,Yes,Yes
2009-04-14,Brisbane,21.2,27.5,43.8,0.6,3.2,E,30.0,E,E,6.0,6.0,77.0,67.0,1014.9,1011.9,7.0,8.0,25.1,26.600000000000005,Yes,No
2009-04-15,Brisbane,20.3,30.7,0.4,1.6,9.7,E,28.0,SW,WSW,11.0,9.0,74.0,45.0,1012.5,1009.2,3.0,3.0,25.3,30.2,No,No
2009-04-16,Brisbane,19.8,29.5,0.0,4.0,10.6,ESE,22.0,SW,E,9.0,13.0,68.0,41.0,1014.5,1011.5,1.0,2.0,23.9,27.599999999999998,No,No
2009-04-17,Brisbane,15.6,29.700000000000003,0.0,6.4,10.4,SW,30.0,SSW,SE,6.0,11.0,64.0,34.0,1014.8,1011.5,4.0,2.0,22.0,28.799999999999997,No,No
2009-04-18,Brisbane,16.5,27.9,0.6,5.0,10.4,ESE,24.000000000000004,SSW,S,9.0,7.000000000000001,64.0,40.0,1016.3,1012.9,2.0,2.0,22.399999999999995,27.799999999999997,No,No
2009-04-19,Brisbane,16.7,27.2,0.2,4.6,10.6,SSE,28.0,WSW,SSW,13.0,14.999999999999998,57.0,41.0,1014.1,1010.8,1.0,5.0,22.2,25.7,No,No
2009-04-20,Brisbane,18.6,27.299999999999997,0.0,3.6,10.2,SSW,31.0,SW,SSW,11.0,13.0,54.0,41.0,1012.6000000000001,1010.1,1.0,6.0,22.6,26.9,No,No
2009-04-21,Brisbane,17.9,26.4,0.0,5.6,8.7,SSW,35.0,SW,SSW,13.0,9.0,59.0,80.0,1014.9,1013.4,6.0,6.0,21.9,21.1,No,No
2009-04-22,Brisbane,16.5,27.2,1.0,4.2,9.8,SSE,31.0,SSW,SSW,11.0,11.0,62.0,43.0,1017.9,1014.4,2.0,3.0,21.9,26.5,No,No
2009-04-23,Brisbane,17.0,26.900000000000002,0.2,3.6,10.0,WSW,28.0,SW,S,11.0,11.0,58.00000000000001,43.0,1017.8,1014.9,1.0,2.0,22.0,26.300000000000004,No,No
2009-04-24,Brisbane,14.699999999999998,27.2,0.0,1.4,9.5,NNE,46.0,SW,NE,7.0,13.0,64.0,49.00000000000001,1016.7,1011.5,1.0,1.0,20.6,25.3,No,No
2009-04-25,Brisbane,15.799999999999999,30.3,0.0,4.0,9.8,NNW,28.0,NE,NNW,7.0,9.0,68.0,41.0,1011.6999999999999,1007.5,1.0,2.0,22.7,29.8,No,No
2009-04-26,Brisbane,17.9,28.9,0.0,4.8,10.7,WNW,33.0,W,WNW,15.0,16.999999999999996,40.0,28.0,1012.1,1008.0,1.0,1.0,25.1,28.400000000000002,No,No
2009-04-27,Brisbane,14.299999999999999,26.499999999999996,0.0,6.2,10.7,W,31.0,SW,W,9.0,16.999999999999996,45.0,30.000000000000004,1016.0,1013.3,0.0,0.0,21.9,25.7,No,No
2009-04-28,Brisbane,12.6,26.1,0.0,6.4,10.8,SW,20.0,WSW,SE,9.0,6.0,40.0,25.0,1020.7,1016.5,0.0,0.0,19.5,25.8,No,No
2009-04-29,Brisbane,12.1,25.5,0.0,3.4,9.5,E,20.0,WSW,ENE,11.0,11.0,59.0,40.0,1020.6,1016.5,5.0,3.0,17.6,24.4,No,No
2009-04-30,Brisbane,13.3,26.4,0.0,3.2,10.3,SE,43.0,SSW,W,9.0,14.999999999999998,64.0,29.0,1018.0,1014.6,1.0,1.0,19.7,25.8,No,No
2009-05-01,Brisbane,13.1,24.6,0.0,5.0,6.3,ESE,26.0,SW,ESE,11.0,9.0,57.0,55.0,1022.6,1019.9,1.0,7.0,18.8,22.4,No,No
2009-05-02,Brisbane,15.6,24.8,0.0,4.2,9.7,ENE,26.0,SW,ESE,9.0,13.0,62.0,53.99999999999999,1024.0,1020.5,7.0,4.0,20.1,22.5,No,No
2009-05-03,Brisbane,14.199999999999998,24.8,0.0,4.0,7.700000000000001,ENE,31.0,SW,ESE,9.0,11.0,69.0,48.0,1024.3,1021.8,5.0,5.0,18.7,22.3,No,No
2009-05-04,Brisbane,14.900000000000002,24.9,0.0,3.2,9.0,E,31.0,SW,ESE,9.0,16.999999999999996,66.0,55.0,1025.6,1023.6,2.0,3.0,19.3,22.5,No,No
2009-05-05,Brisbane,13.400000000000002,24.4,0.0,3.6,9.5,SE,30.0,SSW,ESE,11.0,19.0,66.0,45.0,1027.4,1024.2,3.0,2.0,19.4,22.5,No,No
2009-05-06,Brisbane,14.0,24.4,0.0,5.0,6.3,SE,35.0,SSW,SE,7.0,14.999999999999998,64.0,59.0,1025.8,1022.0,5.0,7.0,19.7,21.5,No,Yes
2009-05-07,Brisbane,16.6,24.4,1.4,3.6,4.4,SSE,22.0,SSW,ESE,9.0,7.000000000000001,69.0,63.00000000000001,1024.2,1020.5,7.0,7.0,19.8,22.1,Yes,Yes
2009-05-08,Brisbane,14.400000000000002,25.8,2.2,2.2,9.9,SSE,24.000000000000004,SW,E,9.0,13.0,73.0,45.0,1024.1,1020.9,1.0,4.0,20.2,24.4,Yes,No
2009-05-09,Brisbane,12.5,25.4,0.2,4.0,9.4,W,24.000000000000004,SW,SW,11.0,9.0,66.0,42.0,1022.6,1018.2,1.0,2.0,18.9,25.1,No,No
2009-05-10,Brisbane,12.400000000000002,25.4,0.0,3.6,10.0,SW,50.0,SW,SSE,9.0,7.000000000000001,69.0,37.0,1020.3,1017.5,1.0,1.0,18.2,24.7,No,No
2009-05-11,Brisbane,14.1,23.6,0.0,4.0,10.0,E,35.0,SSW,ESE,7.0,14.999999999999998,62.0,46.00000000000001,1021.9,1018.9,1.0,2.0,19.7,22.5,No,No
2009-05-12,Brisbane,13.8,21.5,0.0,4.4,1.3,SSW,17.0,SW,NNW,9.0,2.0,73.0,59.0,1020.8,1017.3,7.0,7.0,16.6,20.9,No,No
2009-05-13,Brisbane,12.0,24.3,0.0,1.4,9.2,NNW,24.000000000000004,SW,W,9.0,7.000000000000001,75.0,37.0,1018.5,1014.2,5.0,3.0,16.4,23.4,No,No
2009-05-14,Brisbane,12.5,25.4,0.0,3.6,9.8,W,26.0,SW,WNW,7.0,9.0,67.0,30.000000000000004,1017.2,1013.4,2.0,1.0,17.4,25.1,No,No
2009-05-15,Brisbane,10.2,24.9,0.0,3.6,10.1,WNW,26.0,SW,W,2.0,11.0,52.0,23.000000000000004,1018.1,1014.4,1.0,1.0,17.8,24.6,No,No
2009-05-16,Brisbane,9.0,26.2,0.0,4.0,10.4,WNW,31.0,SW,WSW,7.0,14.999999999999998,46.0,21.0,1016.6,1012.5,0.0,1.0,19.1,25.9,No,No
2009-05-17,Brisbane,12.6,26.2,0.0,5.0,7.1,ESE,22.0,SW,ESE,7.0,14.999999999999998,48.00000000000001,56.99999999999999,1017.0,1015.2,1.0,7.0,19.9,22.8,No,No
2009-05-18,Brisbane,15.6,24.5,0.0,2.8,4.1,SE,39.0,SW,E,7.0,19.0,69.0,67.0,1019.8,1017.9,7.0,7.0,19.5,20.6,No,Yes
2009-05-19,Brisbane,17.0,21.4,56.6,2.6,0.0,ENE,37.0,ESE,ESE,9.0,16.999999999999996,92.0,65.0,1019.7,1015.2,8.0,8.0,17.2,21.0,Yes,Yes
2009-05-22,Brisbane,13.199999999999998,23.0,0.0,1.4,6.5,E,24.000000000000004,SW,NE,7.0,6.0,77.0,58.0,1011.1,1008.8,3.0,7.0,17.3,21.7,No,Yes
2009-05-23,Brisbane,15.1,22.8,5.4,1.6,4.4,SE,41.0,WSW,ESE,19.0,11.0,85.0,70.0,1008.1,1010.4,7.0,6.0,17.7,20.5,Yes,Yes
2009-05-24,Brisbane,16.8,22.7,2.2,2.6,7.299999999999999,SE,39.0,SSW,SE,7.0,14.999999999999998,68.0,65.0,1020.4,1019.5,4.0,7.0,21.0,20.9,Yes,Yes
2009-05-25,Brisbane,14.799999999999999,23.7,2.2,2.4,3.0,SE,31.0,SW,SE,7.0,11.0,75.0,46.00000000000001,1023.1,1020.5,7.0,6.0,18.1,22.5,Yes,No
2009-05-26,Brisbane,15.299999999999999,22.3,0.0,2.6,3.1,ESE,20.0,SW,E,6.0,13.0,69.0,63.00000000000001,1022.9,1020.0,7.0,7.0,18.6,21.1,No,No
2009-05-27,Brisbane,13.8,24.1,0.0,2.6,4.0,NE,17.0,WSW,N,6.0,7.000000000000001,87.0,58.0,1021.1,1018.0,6.0,5.0,16.3,21.8,No,No
2009-05-28,Brisbane,14.6,25.1,0.0,1.0,8.4,SW,17.0,SW,WSW,6.0,6.0,76.0,47.0,1020.4,1016.8,2.0,6.0,18.6,24.5,No,No
2009-05-29,Brisbane,14.6,24.6,0.0,2.4,7.700000000000001,SSE,24.000000000000004,SW,ENE,7.0,11.0,80.0,64.0,1020.7,1017.1,2.0,3.0,18.9,21.7,No,Yes
2009-05-30,Brisbane,14.5,23.5,5.2,2.6,8.0,SE,28.0,SW,SE,9.0,7.000000000000001,76.0,52.0,1023.7,1021.3000000000001,6.0,5.0,17.5,22.2,Yes,No
2009-05-31,Brisbane,12.8,22.4,0.2,2.6,8.2,SE,33.0,SW,SE,6.0,16.999999999999996,67.0,60.00000000000001,1028.4,1025.9,3.0,6.0,17.7,20.7,No,Yes
2009-06-01,Brisbane,13.6,21.7,2.0,3.4,5.3,E,35.0,WSW,SE,9.0,13.0,71.0,64.0,1029.0,1025.8,6.0,5.0,17.1,19.5,Yes,Yes
2009-06-02,Brisbane,14.5,21.2,4.2,1.6,2.6,E,31.0,SSW,NE,9.0,16.999999999999996,76.0,86.0,1026.8,1024.2,7.0,7.0,18.1,16.6,Yes,Yes
2009-06-03,Brisbane,14.1,21.3,6.0,1.8,2.5,E,26.0,SW,E,6.0,9.0,82.0,84.0,1023.8,1020.4,7.0,7.0,17.4,18.6,Yes,Yes
2009-06-04,Brisbane,15.199999999999998,22.7,1.4,2.4,2.9,WSW,13.0,W,SW,4.0,7.000000000000001,93.0,68.0,1020.7,1015.9,8.0,5.0,16.4,21.7,Yes,Yes
2009-06-05,Brisbane,14.799999999999999,24.4,1.2,0.2,7.2,SSW,30.0,WSW,SW,7.0,13.0,85.0,60.00000000000001,1017.1,1013.4,2.0,6.0,18.2,21.3,Yes,No
2009-06-06,Brisbane,12.400000000000002,24.3,0.0,1.6,10.0,W,22.0,SW,SW,9.0,6.0,63.0,31.0,1015.5,1011.8,0.0,1.0,18.2,23.9,No,No
2009-06-07,Brisbane,12.7,23.4,0.2,2.0,7.9,WSW,41.0,NNW,W,7.0,22.0,73.0,43.0,1013.7,1009.4,4.0,1.0,19.9,23.0,No,Yes
2009-06-08,Brisbane,8.6,22.0,1.2,4.4,10.0,W,26.0,NW,W,9.0,13.0,46.0,39.0,1015.9,1012.8,1.0,1.0,18.5,21.5,Yes,No
2009-06-09,Brisbane,7.7,21.6,0.0,4.0,9.9,W,39.0,W,W,7.0,16.999999999999996,54.0,36.0,1018.0,1014.0,1.0,1.0,17.4,21.4,No,No
2009-06-10,Brisbane,8.2,20.4,0.0,5.4,9.7,W,43.0,W,WSW,13.0,19.0,47.0,35.0,1019.0,1015.5,3.0,3.0,15.6,19.7,No,No
2009-06-11,Brisbane,7.599999999999999,16.5,0.0,5.0,10.0,W,35.0,WSW,WNW,17.0,13.0,49.0,30.000000000000004,1021.8,1018.9,0.0,0.0,10.7,16.2,No,No
2009-06-12,Brisbane,5.5,19.9,0.0,2.4,9.9,SW,20.0,SW,SSE,7.0,6.0,56.0,42.0,1024.1,1020.4,0.0,1.0,10.7,19.2,No,No
2009-06-13,Brisbane,7.8,22.0,0.0,2.0,9.8,NW,17.0,SW,NW,7.0,7.000000000000001,70.0,46.00000000000001,1021.7,1017.2,1.0,1.0,13.1,21.9,No,No
2009-06-14,Brisbane,8.6,24.1,0.0,2.4,9.5,NNW,20.0,SW,NW,6.0,9.0,73.0,39.0,1018.7,1014.0,1.0,4.0,13.600000000000001,23.3,No,No
2009-06-16,Brisbane,9.6,22.4,0.4,0.6,9.8,WSW,24.000000000000004,SSW,SW,7.0,6.0,69.0,35.0,1017.8,1015.9,0.0,1.0,15.5,22.2,No,No
2009-06-17,Brisbane,8.9,22.3,0.0,2.2,9.8,W,20.0,SW,NE,9.0,6.0,66.0,40.0,1022.6,1020.0,1.0,1.0,13.999999999999998,22.2,No,No
2009-06-18,Brisbane,12.0,21.1,0.0,2.4,4.9,SSW,22.0,WSW,SSE,9.0,9.0,70.0,60.00000000000001,1022.3,1020.2,2.0,7.0,16.2,19.4,No,No
2009-06-19,Brisbane,12.900000000000002,22.8,0.0,1.8999999999999997,8.7,ESE,28.0,SSW,ESE,9.0,11.0,72.0,59.0,1021.8,1019.1,1.0,3.0,16.8,20.3,No,No
2009-06-20,Brisbane,13.5,22.1,0.0,2.6,8.3,ENE,30.0,SSW,ESE,9.0,11.0,75.0,59.0,1021.7,1019.8,4.0,4.0,17.8,20.9,No,No
2009-06-21,Brisbane,14.699999999999998,20.0,0.4,2.8,0.0,ESE,31.0,WSW,NNE,4.0,4.0,90.0,89.0,1022.1,1019.3,8.0,8.0,16.9,18.9,No,Yes
2009-06-22,Brisbane,16.8,19.8,24.4,0.2,0.0,SSW,31.0,SSW,E,6.0,6.0,95.0,92.00000000000001,1019.3000000000001,1016.6,8.0,8.0,18.5,18.6,Yes,Yes
2009-06-23,Brisbane,14.799999999999999,23.1,31.2,0.2,7.1,WSW,52.0,WSW,SSW,13.0,11.0,72.0,59.0,1017.2,1014.3,3.0,2.0,17.9,22.7,Yes,No
2009-06-24,Brisbane,11.3,23.2,0.0,2.2,5.2,SE,15.0,SW,NW,6.0,6.0,95.0,51.0,1019.2,1015.2,6.0,8.0,13.500000000000002,22.0,No,No
2009-06-25,Brisbane,10.9,19.3,0.2,1.4,1.0,W,13.0,SW,ENE,7.0,6.0,90.99999999999999,70.0,1018.4,1014.5,7.0,7.0,12.7,19.1,No,No
2009-06-26,Brisbane,12.7,19.8,0.0,0.8,0.2,WNW,20.0,SSW,N,6.0,6.0,89.0,76.0,1013.9,1010.9,8.0,8.0,15.8,16.7,No,Yes
2009-06-27,Brisbane,13.699999999999998,20.3,14.8,0.4,4.7,WSW,31.0,SW,W,7.0,14.999999999999998,90.0,59.0,1006.6,1002.6,7.0,3.0,14.599999999999998,19.8,Yes,No
2009-06-28,Brisbane,8.8,20.4,0.0,2.2,8.4,NW,24.000000000000004,WSW,WNW,7.0,9.0,67.0,53.99999999999999,1008.8,1006.8,1.0,5.0,17.4,19.2,No,No
2009-06-29,Brisbane,8.2,21.4,0.0,3.2,9.0,W,24.000000000000004,SW,SW,11.0,9.0,57.0,38.0,1014.9,1013.2,0.0,1.0,14.8,20.6,No,No
2009-07-02,Brisbane,12.5,23.2,0.0,1.6,8.9,W,43.0,E,W,2.0,22.0,66.0,21.0,1012.2,1010.1,2.0,1.0,19.4,22.3,No,No
2009-07-03,Brisbane,12.7,20.8,0.0,7.0,9.7,W,54.0,W,W,17.0,26.0,44.0,34.0,1011.3,1006.4,1.0,1.0,17.1,20.2,No,No
2009-07-04,Brisbane,10.6,19.1,0.0,8.0,9.9,W,44.0,W,W,17.0,24.0,50.0,34.0,1015.1,1013.0,0.0,1.0,13.0,18.4,No,No
2009-07-05,Brisbane,7.3999999999999995,18.3,0.0,5.2,6.6,W,26.0,SW,SW,13.0,9.0,56.0,43.0,1017.7,1015.3,7.0,7.0,12.5,17.4,No,No
2009-07-06,Brisbane,7.200000000000001,20.6,0.0,1.4,7.2,ENE,24.000000000000004,SW,ESE,7.0,11.0,69.0,56.99999999999999,1021.3,1018.5,5.0,6.0,12.4,19.0,No,No
2009-07-07,Brisbane,11.6,16.4,0.0,1.4,0.0,SSW,17.0,SSW,SSW,2.0,4.0,83.0,87.0,1019.9000000000001,1018.2,8.0,8.0,13.799999999999999,16.1,No,Yes
2009-07-08,Brisbane,11.9,19.1,3.4,2.8,2.9,ESE,43.0,SSW,SE,9.0,14.999999999999998,68.0,52.0,1023.1,1021.6,7.0,7.0,15.5,18.2,Yes,No
2009-07-09,Brisbane,11.1,20.7,0.0,1.8,9.3,S,41.0,SW,SSE,9.0,14.999999999999998,69.0,47.0,1023.1,1020.2,2.0,2.0,15.199999999999998,19.9,No,No
2009-07-10,Brisbane,13.0,20.4,0.0,2.6,8.1,SSE,37.0,SSW,SSE,11.0,14.999999999999998,62.0,51.0,1020.6,1017.7,4.0,6.0,16.5,19.7,No,No
2009-07-11,Brisbane,11.2,21.7,0.0,3.2,8.2,SSE,31.0,SW,S,11.0,9.0,66.0,51.0,1019.3000000000001,1016.6,1.0,3.0,15.6,19.9,No,No
2009-07-12,Brisbane,8.9,22.5,0.0,2.4,9.9,N,17.0,SW,NW,7.0,6.0,77.0,44.0,1018.7,1014.3,0.0,1.0,13.500000000000002,22.3,No,No
2009-07-13,Brisbane,7.8999999999999995,25.5,0.0,2.6,10.0,W,26.0,S,WNW,2.0,13.0,73.0,35.0,1014.1,1008.7,0.0,1.0,15.1,25.0,No,No
2009-07-14,Brisbane,11.3,19.4,0.0,3.0,6.8,WNW,30.0,WSW,NW,7.0,11.0,55.0,55.0,1011.9,1009.0,5.0,3.0,17.2,19.2,No,No
2009-07-15,Brisbane,6.200000000000001,19.7,0.0,2.6,7.2,W,30.0,WSW,NW,4.0,9.0,63.0,32.0,1013.5,1010.4,0.0,2.0,13.2,18.7,No,No
2009-07-16,Brisbane,10.9,17.1,0.0,1.6,8.8,W,39.0,W,WNW,13.0,22.0,61.0,50.0,1014.0,1011.1,1.0,1.0,13.600000000000001,15.9,No,No
2009-07-17,Brisbane,8.2,19.9,0.0,6.2,10.0,W,33.0,WSW,SSW,15.0,7.000000000000001,57.0,40.0,1017.0,1015.8,1.0,1.0,12.800000000000002,18.8,No,No
2009-07-18,Brisbane,8.6,21.7,0.0,4.0,9.0,NNW,19.0,SW,E,9.0,11.0,66.0,50.0,1023.3,1020.1,1.0,3.0,13.600000000000001,20.0,No,No
2009-07-19,Brisbane,11.0,22.5,0.0,1.6,9.2,WNW,22.0,SSW,N,2.0,7.000000000000001,72.0,53.0,1023.7,1020.2,1.0,3.0,16.8,21.5,No,No
2009-07-20,Brisbane,8.1,22.9,0.0,1.8,9.6,NNE,19.0,S,NE,2.0,9.0,58.00000000000001,48.0,1027.4,1023.7999999999998,1.0,1.0,14.3,21.6,No,No
2009-07-21,Brisbane,10.0,23.5,0.0,2.8,9.2,W,46.0,SW,ENE,9.0,11.0,80.99999999999999,52.0,1027.0,1021.3000000000001,1.0,1.0,14.200000000000001,21.9,No,No
2009-07-22,Brisbane,10.6,24.4,0.0,2.6,9.1,NNW,48.00000000000001,W,NW,4.0,9.0,62.0,43.0,1021.7,1016.3,1.0,6.0,18.4,24.1,No,No
2009-07-23,Brisbane,14.699999999999998,25.8,0.0,4.0,6.4,WSW,31.0,N,W,6.0,14.999999999999998,60.0,42.0,1015.9,1012.7,4.0,1.0,19.8,25.2,No,No
2009-07-24,Brisbane,9.9,21.7,0.0,4.0,9.6,SSE,24.000000000000004,SW,SE,9.0,9.0,46.0,34.0,1022.2,1020.9,1.0,2.0,15.199999999999998,19.9,No,No
2009-07-25,Brisbane,10.6,20.9,0.0,3.4,8.9,S,28.0,SW,ESE,7.0,16.999999999999996,69.0,53.0,1025.4,1022.8000000000001,3.0,2.0,14.200000000000001,19.0,No,No
2009-07-26,Brisbane,11.5,21.7,0.0,3.0,9.2,NNE,22.0,WSW,NNE,9.0,9.0,77.0,55.0,1023.0,1018.4,6.0,6.0,14.8,20.3,No,No
2009-07-27,Brisbane,11.6,23.1,0.2,3.2,9.9,W,39.0,NW,W,6.0,14.999999999999998,66.0,30.000000000000004,1017.0,1014.6,1.0,0.0,19.0,23.1,No,No
2009-07-28,Brisbane,9.7,22.2,0.0,5.2,10.1,WSW,19.0,SW,W,9.0,7.000000000000001,54.0,32.0,1023.0,1020.3,1.0,1.0,15.4,21.9,No,No
2009-07-29,Brisbane,9.0,22.0,0.0,2.4,10.0,W,20.0,SW,W,9.0,11.0,65.0,35.0,1024.9,1022.1,1.0,1.0,13.799999999999999,21.3,No,No
2009-07-30,Brisbane,8.3,21.8,0.0,3.0,9.6,NE,19.0,SW,NE,9.0,9.0,65.0,45.0,1025.2,1021.3000000000001,1.0,1.0,13.7,20.3,No,No
2009-07-31,Brisbane,8.3,21.3,0.0,3.0,10.2,W,28.0,SW,WNW,7.0,7.000000000000001,61.0,30.000000000000004,1022.7,1019.2,0.0,0.0,14.699999999999998,21.0,No,No
2009-08-01,Brisbane,8.4,22.5,0.0,3.2,9.8,W,19.0,SW,ENE,9.0,11.0,60.0,52.0,1025.4,1022.2999999999998,1.0,1.0,13.7,19.3,No,No
2009-08-02,Brisbane,8.8,23.0,0.0,5.4,10.0,SSW,20.0,SW,NNE,9.0,9.0,69.0,42.0,1027.2,1024.1,1.0,1.0,14.399999999999999,21.8,No,No
2009-08-03,Brisbane,9.4,24.3,0.0,3.2,9.1,WNW,24.000000000000004,SSW,WNW,6.0,11.0,73.0,36.0,1024.8,1020.1,0.0,0.0,15.0,24.1,No,No
2009-08-04,Brisbane,9.1,22.8,0.0,3.0,9.8,NE,22.0,SW,NE,7.0,11.0,66.0,52.0,1023.4,1019.3,5.0,7.0,15.5,20.9,No,No
2009-08-05,Brisbane,10.8,23.4,0.0,2.8,9.8,ENE,22.0,SW,ENE,9.0,13.0,69.0,46.00000000000001,1021.5,1018.8,6.0,1.0,16.3,22.0,No,No
2009-08-06,Brisbane,11.3,22.5,0.0,2.8,10.1,ESE,26.0,SW,ENE,9.0,13.0,72.0,49.00000000000001,1023.6,1020.0,1.0,1.0,15.9,21.5,No,No
2009-08-07,Brisbane,10.4,23.7,0.0,3.6,10.0,ENE,19.0,SW,NNE,7.0,9.0,73.0,50.0,1021.6,1016.6,1.0,1.0,15.9,22.8,No,No
2009-08-08,Brisbane,10.5,22.7,0.0,2.8,10.0,E,28.0,SW,E,9.0,14.999999999999998,69.0,47.0,1019.7,1016.7,1.0,1.0,16.4,20.5,No,No
2009-08-09,Brisbane,8.2,22.0,0.0,5.0,9.8,NE,19.0,SW,NE,11.0,9.0,59.0,43.0,1021.3,1017.6,1.0,1.0,14.3,21.1,No,No
2009-08-10,Brisbane,9.3,22.5,0.0,2.6,10.1,ENE,22.0,SSW,ENE,6.0,13.0,71.0,48.0,1022.9,1019.7,4.0,1.0,15.1,21.1,No,No
2009-08-11,Brisbane,9.5,23.0,0.0,2.4,10.1,NE,24.000000000000004,SW,NE,6.0,13.0,70.0,40.0,1022.2,1017.8,1.0,1.0,16.2,21.9,No,No
2009-08-12,Brisbane,11.7,23.5,0.0,3.6,6.9,E,56.0,SSW,NE,6.0,13.0,75.0,62.0,1018.7,1013.3,7.0,4.0,16.8,22.1,No,Yes
2009-08-13,Brisbane,10.6,26.800000000000004,2.8,3.0,10.0,NE,19.0,ESE,NNE,2.0,9.0,67.0,51.0,1016.4,1012.1,1.0,1.0,19.5,25.3,Yes,No
2009-08-14,Brisbane,12.1,26.4,0.0,2.8,9.5,W,30.0,SW,SSW,7.0,7.000000000000001,53.00000000000001,22.0,1018.1,1014.8,1.0,0.0,18.6,26.4,No,No
2009-08-15,Brisbane,10.8,23.4,0.0,4.0,10.5,NNE,20.0,SSW,NE,7.0,11.0,68.0,48.0,1021.6,1018.0,1.0,1.0,16.5,22.6,No,No
2009-08-16,Brisbane,10.2,25.4,0.0,4.0,10.8,NNE,24.000000000000004,S,NNE,4.0,14.999999999999998,68.0,51.0,1022.2,1017.4,0.0,0.0,16.6,23.0,No,No
2009-08-17,Brisbane,11.2,27.8,0.0,4.6,10.4,W,41.0,SW,ENE,7.0,9.0,69.0,52.0,1019.0,1014.6,0.0,1.0,18.5,26.100000000000005,No,No
2009-08-18,Brisbane,13.3,23.4,0.2,5.0,10.6,E,31.0,SSW,ESE,7.0,16.999999999999996,50.0,32.0,1024.9,1023.5000000000001,1.0,1.0,19.2,21.7,No,No
2009-08-19,Brisbane,10.9,23.4,0.0,5.2,10.5,SE,24.000000000000004,SW,E,9.0,7.000000000000001,58.00000000000001,43.0,1027.9,1023.3999999999999,1.0,1.0,17.1,20.6,No,No
2009-08-20,Brisbane,10.7,22.7,0.0,3.4,9.4,E,22.0,SW,NNE,7.0,7.000000000000001,68.0,41.0,1023.0,1017.8,1.0,6.0,17.5,22.3,No,No
2009-08-22,Brisbane,14.5,28.099999999999998,0.0,4.6,8.9,E,48.00000000000001,NW,ENE,2.0,13.0,62.0,50.0,1014.7,1010.5,1.0,1.0,21.2,26.100000000000005,No,No
2009-08-23,Brisbane,14.199999999999998,28.3,0.0,5.6,10.5,ENE,24.000000000000004,SSW,NE,4.0,14.999999999999998,70.0,53.99999999999999,1015.7,1011.4,0.0,1.0,21.4,25.4,No,No
2009-08-25,Brisbane,17.6,33.4,0.0,5.8,10.8,W,39.0,WNW,WNW,15.0,16.999999999999996,29.000000000000004,23.000000000000004,1011.8,1008.3,0.0,1.0,29.199999999999996,33.1,No,No
2009-08-26,Brisbane,18.0,30.0,0.0,7.2,10.2,W,37.0,W,W,11.0,16.999999999999996,21.0,8.0,1016.8,1013.6,1.0,3.0,23.6,29.5,No,No
2009-08-27,Brisbane,10.8,26.499999999999996,0.0,5.6,9.1,E,22.0,WSW,ENE,9.0,11.0,39.0,36.0,1020.1,1016.3,6.0,3.0,17.5,25.1,No,No
2009-08-28,Brisbane,15.799999999999999,29.300000000000004,0.0,2.8,9.6,NNW,28.0,WSW,NNE,7.0,11.0,62.0,56.99999999999999,1018.8,1013.7,1.0,1.0,21.6,26.0,No,No
2009-08-29,Brisbane,19.2,27.1,0.0,3.7999999999999994,9.2,NNE,35.0,NNW,NE,7.0,16.999999999999996,79.0,65.0,1016.8,1010.1,4.0,1.0,22.0,25.2,No,No
2009-08-30,Brisbane,18.0,29.2,0.0,5.8,8.4,WSW,35.0,WSW,W,15.0,16.999999999999996,40.0,26.0,1014.2,1011.9,6.0,4.0,25.3,27.799999999999997,No,No
2009-08-31,Brisbane,12.7,22.2,1.0,9.2,2.8,W,30.0,WSW,WSW,11.0,13.0,70.0,38.0,1019.5999999999999,1016.4,8.0,5.0,14.100000000000001,20.3,No,No
2009-09-01,Brisbane,8.5,23.2,0.2,2.6,10.6,ENE,26.0,SSW,ENE,7.0,13.0,45.0,47.0,1022.3,1019.6,0.0,1.0,17.1,21.8,No,No
2009-09-02,Brisbane,11.8,23.6,0.0,2.4,10.6,E,26.0,SSW,NE,6.0,13.0,64.0,50.0,1024.4,1021.7,1.0,1.0,18.8,21.7,No,No
2009-09-03,Brisbane,11.6,23.9,0.0,5.2,9.9,NE,28.0,W,ENE,7.0,14.999999999999998,61.0,49.00000000000001,1024.4,1020.6,5.0,2.0,18.7,21.6,No,No
2009-09-04,Brisbane,13.699999999999998,24.5,0.0,4.6,6.700000000000001,NNE,33.0,SW,NE,6.0,14.999999999999998,68.0,62.0,1020.5000000000001,1015.7,7.0,7.0,20.2,22.5,No,Yes
2009-09-05,Brisbane,16.1,27.299999999999997,7.8,4.6,8.2,ESE,35.0,WNW,W,11.0,14.999999999999998,85.0,37.0,1015.3,1011.6,6.0,3.0,17.3,26.600000000000005,Yes,No
2009-09-06,Brisbane,14.0,25.2,0.0,5.0,10.5,ENE,26.0,SSW,ENE,7.0,14.999999999999998,65.0,56.0,1018.6,1015.1,1.0,2.0,20.4,23.1,No,No
2009-09-07,Brisbane,15.5,25.1,0.0,6.2,3.4,W,39.0,N,NNE,13.0,14.999999999999998,64.0,66.0,1013.8,1010.0,3.0,6.0,23.4,23.9,No,Yes
2009-09-08,Brisbane,16.2,27.299999999999997,15.199999999999998,3.6,9.1,W,33.0,W,SW,9.0,11.0,63.0,20.000000000000004,1011.1,1007.9,1.0,2.0,21.5,27.000000000000004,Yes,No
2009-09-09,Brisbane,11.6,25.5,0.0,4.0,11.2,WSW,35.0,W,W,9.0,14.999999999999998,46.0,25.0,1015.3,1012.1,0.0,1.0,20.0,24.7,No,No
2009-09-10,Brisbane,10.1,26.1,0.0,5.6,10.6,NW,22.0,SSW,NE,6.0,11.0,45.0,26.999999999999996,1019.3000000000001,1015.4,0.0,2.0,19.4,24.5,No,No
2009-09-11,Brisbane,11.8,26.3,0.0,4.8,11.2,E,33.0,WSW,ENE,7.0,13.0,39.0,25.0,1023.1,1019.5,1.0,1.0,19.7,24.4,No,No
2009-09-12,Brisbane,10.9,25.4,0.0,5.4,11.0,NW,30.0,SSW,ENE,7.0,13.0,53.00000000000001,42.0,1026.7,1023.9000000000001,0.0,1.0,20.1,24.4,No,No
2009-09-13,Brisbane,12.0,25.3,0.0,5.0,11.1,ENE,28.0,SSW,ENE,6.0,13.0,62.0,47.0,1026.5,1022.5,1.0,1.0,19.9,24.0,No,No
2009-09-14,Brisbane,12.400000000000002,26.6,0.0,4.8,10.6,ENE,22.0,SW,NE,6.0,11.0,65.0,49.00000000000001,1023.2,1018.6,2.0,1.0,20.1,25.1,No,No
2009-09-15,Brisbane,12.5,25.7,0.0,4.8,10.4,ENE,24.000000000000004,W,ENE,7.0,11.0,70.0,50.0,1022.1,1017.7,1.0,1.0,20.3,24.5,No,No
2009-09-16,Brisbane,13.8,26.2,0.0,3.7999999999999994,11.0,E,24.000000000000004,SW,ENE,7.0,14.999999999999998,63.0,51.0,1022.9,1019.7,1.0,1.0,21.2,24.3,No,No
2009-09-17,Brisbane,14.0,26.1,0.0,6.0,10.3,ENE,28.0,S,NNE,6.0,13.0,62.0,51.0,1024.8,1020.7,6.0,1.0,21.3,24.5,No,No
2009-09-18,Brisbane,13.900000000000002,28.4,0.0,5.6,10.1,NNE,28.0,NW,ENE,7.0,14.999999999999998,58.00000000000001,55.0,1022.1,1016.4,1.0,1.0,22.8,25.8,No,No
2009-09-19,Brisbane,16.4,27.299999999999997,0.0,5.2,9.5,E,26.0,SSE,ENE,7.0,14.999999999999998,62.0,56.99999999999999,1019.7,1014.0,4.0,6.0,24.3,25.8,No,No
2009-09-20,Brisbane,18.5,32.2,0.0,4.0,10.7,E,31.0,WSW,E,7.0,16.999999999999996,62.0,48.0,1015.8,1011.8,1.0,1.0,24.5,27.500000000000004,No,No
2009-09-21,Brisbane,17.0,29.300000000000004,0.0,6.0,9.5,NE,24.000000000000004,WNW,NE,7.0,14.999999999999998,67.0,59.0,1014.9,1010.2,4.0,1.0,23.7,26.5,No,No
2009-09-22,Brisbane,21.0,28.0,0.2,5.4,9.9,NE,33.0,NE,ENE,7.0,16.999999999999996,69.0,60.00000000000001,1014.4,1009.1,3.0,1.0,24.7,26.800000000000004,No,No
2009-09-23,Brisbane,19.8,27.700000000000003,0.0,8.0,5.2,W,57.0,W,W,19.0,26.0,48.00000000000001,13.0,1007.4,1005.9,3.0,7.0,26.600000000000005,25.9,No,No
2009-09-24,Brisbane,15.5,30.0,0.0,10.8,11.2,W,33.0,WSW,SW,13.0,11.0,35.0,16.0,1015.4,1011.5,0.0,0.0,21.5,29.6,No,No
2009-09-25,Brisbane,10.1,28.4,0.0,10.6,11.2,NNE,30.0,SW,NE,7.0,13.0,31.0,29.0,1017.8,1012.7,0.0,0.0,22.2,25.9,No,No
2009-09-26,Brisbane,13.6,34.2,0.0,6.2,9.7,WSW,48.00000000000001,NNW,WNW,9.0,16.999999999999996,44.0,13.0,1012.3,1005.3,0.0,0.0,23.6,33.9,No,No
2009-09-27,Brisbane,15.299999999999999,24.7,0.0,10.6,11.2,W,54.0,WSW,W,17.0,22.0,23.0,14.0,1013.7,1008.6,0.0,0.0,19.4,24.1,No,No
2009-09-28,Brisbane,8.7,25.6,0.0,10.6,11.6,WNW,44.0,W,W,19.0,24.0,27.0,14.0,1011.6999999999999,1006.2,0.0,0.0,18.8,24.8,No,No
2009-09-29,Brisbane,10.0,26.800000000000004,0.0,10.4,11.6,ENE,31.0,WSW,NNE,13.0,11.0,30.0,26.999999999999996,1014.7,1011.5,0.0,0.0,19.8,24.0,No,No
2009-09-30,Brisbane,12.5,26.1,0.0,6.0,11.6,ENE,28.0,WSW,ENE,6.0,14.999999999999998,47.0,31.0,1020.6,1016.9,1.0,1.0,21.6,24.8,No,No
2009-10-01,Brisbane,14.1,28.3,0.0,5.4,10.7,NE,31.0,NW,NNE,7.0,13.0,52.0,45.0,1020.7,1015.3,0.0,0.0,22.5,25.9,No,No
2009-10-02,Brisbane,14.6,28.7,0.0,7.4,10.7,N,44.0,E,NE,7.0,14.999999999999998,52.0,49.00000000000001,1016.1,1010.4,0.0,2.0,24.0,26.600000000000005,No,No
2009-10-03,Brisbane,19.7,34.1,0.0,7.599999999999999,9.3,W,46.0,WNW,W,11.0,19.0,45.0,18.0,1009.4,1004.9,5.0,3.0,28.099999999999998,33.6,No,No
2009-10-04,Brisbane,17.5,26.6,0.0,9.8,9.7,ENE,31.0,SE,E,11.0,19.999999999999996,55.0,58.0,1016.6,1013.9,4.0,4.0,24.0,23.3,No,No
2009-10-05,Brisbane,16.1,28.4,0.4,8.8,10.6,S,31.0,SSE,E,9.0,16.999999999999996,59.0,50.0,1018.0,1013.5,3.0,1.0,23.0,24.3,No,No
2009-10-06,Brisbane,16.1,27.399999999999995,0.0,4.0,10.9,E,30.0,SE,ENE,9.0,14.999999999999998,56.0,48.0,1018.7,1014.9,4.0,1.0,23.1,25.3,No,No
2009-10-07,Brisbane,17.1,28.4,0.0,7.4,9.2,NNE,30.0,NNW,N,11.0,13.0,54.0,72.0,1015.6,1010.1,4.0,5.0,24.3,22.9,No,Yes
2009-10-08,Brisbane,11.8,27.0,2.4,6.6,12.0,WSW,35.0,SW,ENE,13.0,14.999999999999998,28.0,33.0,1016.4,1013.3,0.0,1.0,19.7,23.3,Yes,No
2009-10-09,Brisbane,13.3,26.499999999999996,0.0,6.6,11.7,ESE,31.0,SSW,E,11.0,19.0,34.0,41.0,1022.1,1018.5,1.0,2.0,21.1,23.6,No,No
2009-10-10,Brisbane,13.699999999999998,24.9,0.0,7.800000000000001,11.0,ESE,35.0,SSE,E,15.0,19.0,48.00000000000001,48.0,1025.9,1022.5,1.0,3.0,21.3,21.5,No,No
2009-10-11,Brisbane,15.0,22.4,0.0,7.0,2.5,WNW,24.000000000000004,ESE,ENE,9.0,7.000000000000001,63.0,68.0,1024.1,1020.6,7.0,7.0,19.6,18.9,No,No
2009-10-12,Brisbane,13.0,26.800000000000004,1.0,2.2,10.7,N,43.0,NE,NNE,9.0,19.0,61.0,58.0,1017.6,1010.8,1.0,1.0,21.2,24.5,No,Yes
2009-10-13,Brisbane,18.3,35.0,1.8000000000000003,6.6,8.8,WSW,93.0,NNW,NW,13.0,19.999999999999996,56.0,25.0,1009.1,1002.2,2.0,7.0,26.7,34.0,Yes,Yes
2009-10-14,Brisbane,16.6,31.400000000000002,10.2,8.6,9.2,W,58.99999999999999,WNW,W,24.0,28.000000000000004,20.0,14.0,1008.8,1004.4,1.0,0.0,27.200000000000003,30.6,Yes,No
2009-10-15,Brisbane,12.1,30.999999999999996,0.2,13.8,11.8,W,30.0,SSW,N,9.0,11.0,23.0,23.000000000000004,1013.8,1008.7,0.0,0.0,25.5,29.399999999999995,No,No
2009-10-16,Brisbane,12.900000000000002,29.600000000000005,0.0,9.8,12.1,W,43.0,WSW,WSW,15.0,19.0,23.0,14.0,1013.8,1010.3,0.0,0.0,26.4,29.199999999999996,No,No
2009-10-17,Brisbane,14.699999999999998,26.2,0.0,11.8,12.1,NE,28.0,S,ENE,9.0,14.999999999999998,21.0,37.0,1019.9000000000001,1018.1,2.0,1.0,22.7,24.0,No,No
2009-10-18,Brisbane,14.6,25.7,0.0,7.800000000000001,9.6,ENE,31.0,ESE,E,7.0,19.999999999999996,48.00000000000001,50.0,1024.6,1022.1999999999999,2.0,3.0,21.8,22.5,No,No
2009-10-19,Brisbane,14.5,25.2,0.0,7.0,10.5,ESE,30.0,SSE,E,7.0,14.999999999999998,48.00000000000001,51.0,1026.5,1023.3999999999999,3.0,2.0,22.7,22.7,No,No
2009-10-20,Brisbane,14.199999999999998,25.7,0.0,7.0,11.9,ENE,28.0,E,ENE,9.0,16.999999999999996,48.00000000000001,46.00000000000001,1025.9,1022.2999999999998,3.0,1.0,23.3,24.4,No,No
2009-10-21,Brisbane,14.5,28.099999999999998,0.0,6.4,11.6,ENE,30.0,NE,NNE,9.0,13.0,49.0,48.0,1025.0,1020.8,1.0,1.0,24.4,25.7,No,No
2009-10-22,Brisbane,15.199999999999998,28.0,0.0,7.800000000000001,11.4,NE,30.0,WNW,NE,9.0,13.0,50.0,45.0,1023.0,1020.9,1.0,1.0,24.9,26.300000000000004,No,No
2009-10-23,Brisbane,16.1,28.3,0.0,6.4,11.7,NE,31.0,N,ENE,13.0,14.999999999999998,48.00000000000001,46.00000000000001,1023.0,1019.0,2.0,4.0,24.3,26.100000000000005,No,No
2009-10-24,Brisbane,16.0,28.8,0.0,8.0,10.9,NNE,35.0,NW,NNE,11.0,16.999999999999996,45.0,53.99999999999999,1019.9000000000001,1014.4,1.0,1.0,24.4,26.100000000000005,No,No
2009-10-25,Brisbane,16.7,28.9,0.4,7.2,11.9,SW,46.0,SE,NNE,6.0,19.0,56.0,56.99999999999999,1015.6,1011.5,1.0,1.0,25.7,25.9,No,No
2009-10-26,Brisbane,18.9,28.500000000000004,0.0,9.4,6.9,W,44.0,N,NNE,11.0,13.0,50.0,60.00000000000001,1014.7,1013.4,7.0,7.0,27.300000000000004,24.5,No,Yes
2009-10-27,Brisbane,18.1,26.900000000000002,35.4,12.2,11.3,E,37.0,ENE,ENE,19.0,19.0,61.0,53.99999999999999,1022.4,1020.9,7.0,4.0,24.7,25.1,Yes,Yes
2009-10-28,Brisbane,17.9,26.900000000000002,1.2,6.6,6.5,ESE,31.0,ENE,ESE,13.0,14.999999999999998,59.0,85.0,1023.3,1021.0999999999999,3.0,7.0,25.5,20.9,Yes,Yes
2009-10-29,Brisbane,17.7,26.3,4.4,7.0,11.9,E,33.0,ENE,E,15.0,14.999999999999998,48.00000000000001,47.0,1023.8,1021.8999999999999,7.0,5.0,23.0,24.4,Yes,No
2009-10-30,Brisbane,16.7,26.000000000000004,0.0,5.6,9.6,ENE,26.0,ESE,ENE,7.0,13.0,79.0,49.00000000000001,1023.6,1021.0,7.0,4.0,19.8,24.6,No,No
2009-10-31,Brisbane,16.3,27.2,0.0,5.8,11.7,E,31.0,WSW,ENE,4.0,14.999999999999998,52.0,49.00000000000001,1022.9,1019.9,6.0,1.0,24.4,25.1,No,No
2009-11-01,Brisbane,18.3,24.8,0.4,7.599999999999999,6.4,SSE,39.0,SSE,E,7.0,16.999999999999996,67.0,59.0,1024.4,1021.3000000000001,7.0,4.0,22.5,23.0,No,No
2009-11-02,Brisbane,14.199999999999998,26.6,0.0,4.6,12.6,ENE,28.0,NW,N,7.0,11.0,50.0,42.0,1023.2,1018.9,3.0,0.0,22.7,26.300000000000004,No,No
2009-11-03,Brisbane,14.900000000000002,29.300000000000004,0.0,9.2,12.5,NNE,26.0,WNW,NE,7.0,13.0,47.0,51.0,1019.3000000000001,1014.4,1.0,0.0,24.3,27.300000000000004,No,No
2009-11-04,Brisbane,18.2,32.0,0.0,6.8,12.5,ENE,30.0,E,NNE,7.0,16.999999999999996,45.0,50.0,1016.6,1012.4,1.0,1.0,27.300000000000004,29.3,No,No
2009-11-05,Brisbane,19.8,29.700000000000003,0.0,8.0,9.7,SW,46.0,SE,ENE,7.0,16.999999999999996,56.0,58.0,1016.4,1014.4,7.0,2.0,27.000000000000004,27.700000000000003,No,No
2009-11-06,Brisbane,18.3,25.5,0.4,6.6,3.1,ENE,28.0,ESE,ENE,9.0,14.999999999999998,73.0,62.0,1021.5,1020.2,7.0,6.0,24.2,25.2,No,Yes
2009-11-07,Brisbane,18.9,26.6,6.999999999999999,4.6,10.3,ESE,33.0,ENE,ENE,15.0,16.999999999999996,63.0,55.0,1024.9,1023.3,5.0,4.0,24.0,25.600000000000005,Yes,No
2009-11-08,Brisbane,16.8,27.399999999999995,0.2,8.0,12.0,E,35.0,ESE,ESE,17.0,14.999999999999998,47.0,47.0,1026.4,1023.3999999999999,6.0,5.0,25.2,25.2,No,Yes
2009-11-09,Brisbane,18.8,25.6,17.0,8.0,3.4,E,35.0,E,E,15.0,16.999999999999996,62.0,53.99999999999999,1023.7,1020.7,7.0,7.0,22.9,23.9,Yes,Yes
2009-11-10,Brisbane,17.2,25.6,1.6,4.6,10.9,ESE,39.0,SE,E,11.0,19.0,66.0,49.00000000000001,1021.7,1019.8,2.0,3.0,22.0,24.7,Yes,No
2009-11-11,Brisbane,15.4,26.2,0.2,8.0,12.4,NE,26.0,E,NE,6.0,13.0,59.0,50.0,1022.5,1020.1,4.0,2.0,23.4,25.4,No,No
2009-11-12,Brisbane,16.1,27.5,0.0,6.6,12.1,NE,28.0,NNW,ENE,7.0,16.999999999999996,54.0,53.0,1021.7,1018.3,3.0,1.0,24.1,25.2,No,No
2009-11-13,Brisbane,17.5,27.8,0.0,7.800000000000001,7.499999999999999,E,22.0,E,ENE,9.0,11.0,52.0,58.0,1017.2,1014.1,7.0,7.0,24.2,25.1,No,No
2009-11-14,Brisbane,19.2,28.099999999999998,0.0,4.8,11.3,NE,30.0,NE,ENE,9.0,14.999999999999998,53.00000000000001,55.0,1016.0,1013.0,2.0,1.0,26.2,26.5,No,No
2009-11-15,Brisbane,18.9,30.4,0.0,9.8,11.8,NE,31.0,ENE,NE,7.0,14.999999999999998,54.0,53.0,1013.6,1009.8,1.0,1.0,26.0,28.499999999999996,No,No
2009-11-16,Brisbane,19.6,31.400000000000002,0.0,8.0,12.2,NNW,35.0,N,NE,7.0,14.999999999999998,51.0,58.0,1011.6999999999999,1007.0,0.0,1.0,28.200000000000003,28.900000000000002,No,No
2009-11-17,Brisbane,20.9,34.4,0.0,9.6,11.2,ESE,50.0,N,NNE,9.0,14.999999999999998,46.0,53.0,1007.3,1002.7,1.0,1.0,29.699999999999996,31.1,No,Yes
2009-11-18,Brisbane,20.7,28.199999999999996,3.2,8.0,8.1,ENE,30.0,ESE,ENE,15.0,14.999999999999998,60.0,61.0,1013.0,1011.4,7.0,3.0,25.3,26.5,Yes,No
2009-11-21,Brisbane,22.5,30.7,0.0,9.2,12.4,NNE,35.0,NNW,NNE,11.0,16.999999999999996,56.0,56.99999999999999,1014.3,1011.1,1.0,1.0,27.700000000000003,28.699999999999996,No,No
2009-11-22,Brisbane,22.0,31.7,0.0,7.599999999999999,11.0,NE,35.0,NNW,NNE,11.0,16.999999999999996,48.00000000000001,61.0,1014.6,1012.0,1.0,2.0,29.199999999999996,29.199999999999996,No,No
2009-11-23,Brisbane,22.2,31.300000000000004,0.0,9.6,11.7,NE,28.0,NNE,NNE,9.0,14.999999999999998,52.0,46.00000000000001,1016.4,1013.5,3.0,1.0,28.900000000000002,29.6,No,Yes
2009-11-24,Brisbane,22.4,29.8,1.2,10.0,12.5,ENE,41.0,ENE,ENE,17.0,19.999999999999996,58.00000000000001,43.0,1020.8,1019.3,3.0,2.0,27.500000000000004,28.699999999999996,Yes,No
2009-11-25,Brisbane,21.6,30.199999999999996,0.2,9.4,10.0,E,35.0,ENE,E,15.0,19.999999999999996,54.0,46.00000000000001,1021.6,1018.5,4.0,3.0,26.800000000000004,27.599999999999998,No,No
2009-11-26,Brisbane,21.0,28.6,0.0,7.4,11.0,ENE,35.0,ENE,ENE,17.0,16.999999999999996,60.0,61.0,1019.7,1016.4,3.0,5.0,27.599999999999998,26.800000000000004,No,No
2009-11-27,Brisbane,22.0,31.2,0.0,7.800000000000001,12.3,NNE,33.0,NW,NE,11.0,16.999999999999996,52.0,53.0,1015.5,1010.6,1.0,1.0,27.599999999999998,28.799999999999997,No,No
2009-11-28,Brisbane,22.0,34.2,0.0,10.0,6.4,NNE,24.000000000000004,NW,NE,7.0,9.0,51.0,61.0,1010.3,1006.1,5.0,7.0,29.5,30.0,No,No
2009-12-03,Brisbane,18.0,28.3,6.6,4.8,12.1,ENE,33.0,SE,E,15.0,19.0,52.0,53.0,1021.0,1018.2,3.0,2.0,24.7,25.2,Yes,No
2009-12-04,Brisbane,17.1,30.500000000000004,0.0,8.4,12.7,NE,30.0,SSE,NE,6.0,14.999999999999998,50.0,45.0,1019.5999999999999,1015.6,1.0,1.0,26.600000000000005,28.400000000000002,No,No
2009-12-05,Brisbane,19.3,29.8,0.0,9.8,12.9,NNE,37.0,NNE,NNE,11.0,14.999999999999998,52.0,51.0,1017.3,1012.4,1.0,1.0,26.800000000000004,28.400000000000002,No,No
2009-12-06,Brisbane,20.4,30.6,0.0,10.2,12.9,NNE,33.0,NE,NNE,7.0,14.999999999999998,42.99999999999999,52.0,1014.7,1012.5,1.0,1.0,28.299999999999997,28.900000000000002,No,No
2009-12-07,Brisbane,22.2,30.500000000000004,0.0,10.8,12.7,NNE,37.0,NW,NNE,11.0,19.0,56.0,52.0,1016.7,1012.7,3.0,1.0,28.099999999999998,29.199999999999996,No,No
2009-12-08,Brisbane,22.2,31.899999999999995,0.0,9.6,12.5,NE,35.0,NNE,NE,9.0,19.0,48.00000000000001,59.0,1013.4,1009.1,1.0,1.0,28.999999999999996,29.399999999999995,No,No
2009-12-09,Brisbane,22.3,32.7,0.0,9.6,12.6,ENE,33.0,N,NNE,9.0,14.999999999999998,47.0,55.0,1011.8,1008.3,1.0,0.0,28.799999999999997,30.3,No,No
2009-12-10,Brisbane,22.6,33.0,0.0,10.4,12.4,NE,33.0,ENE,NE,9.0,19.0,47.0,58.0,1012.6000000000001,1009.6,1.0,1.0,29.5,29.899999999999995,No,No
2009-12-11,Brisbane,23.2,33.2,0.0,9.0,8.8,NE,30.0,NNE,NNE,9.0,16.999999999999996,62.0,56.99999999999999,1013.6,1010.2,5.0,4.0,28.6,29.199999999999996,No,No
2009-12-12,Brisbane,23.6,30.8,0.0,8.0,7.2,E,31.0,SSE,ENE,13.0,14.999999999999998,62.0,53.0,1015.9,1012.2,7.0,7.0,27.700000000000003,29.8,No,No
2009-12-14,Brisbane,24.4,31.799999999999997,0.2,7.599999999999999,5.9,E,30.0,ENE,ENE,6.0,14.999999999999998,59.0,53.0,1017.0,1015.2,7.0,7.0,28.400000000000002,29.199999999999996,No,No
2009-12-16,Brisbane,20.0,30.0,12.2,5.0,12.7,E,31.0,NW,NE,7.0,19.999999999999996,59.0,53.0,1021.2,1018.8,7.0,2.0,26.7,27.900000000000002,Yes,No
2009-12-17,Brisbane,20.5,30.500000000000004,0.0,9.6,11.8,NNE,33.0,NE,NE,15.0,19.0,45.0,56.0,1021.2,1017.8,3.0,2.0,27.500000000000004,27.4,No,No
2009-12-18,Brisbane,22.0,31.6,0.0,8.8,12.8,NE,33.0,N,NNE,11.0,14.999999999999998,49.0,49.00000000000001,1017.3,1013.9,3.0,1.0,28.699999999999996,30.0,No,No
2009-12-19,Brisbane,23.0,30.8,0.0,7.800000000000001,2.5,W,31.0,NE,NNE,6.0,11.0,51.0,51.0,1015.8,1012.7,8.0,8.0,28.299999999999997,27.999999999999996,No,Yes
2009-12-20,Brisbane,21.9,28.099999999999998,4.8,5.2,0.0,W,22.0,WSW,SSE,6.0,2.0,73.0,92.00000000000001,1016.5,1015.2,8.0,8.0,24.5,22.0,Yes,Yes
2009-12-21,Brisbane,20.9,28.999999999999996,34.0,5.0,5.5,E,30.0,SE,ESE,6.0,9.0,61.0,65.0,1015.8,1014.0,5.0,7.0,26.600000000000005,25.4,Yes,No
2009-12-22,Brisbane,20.9,32.0,0.0,3.6,8.2,SSE,41.0,SSE,ENE,2.0,16.999999999999996,60.0,59.0,1015.0,1011.6,5.0,6.0,27.099999999999998,27.700000000000003,No,Yes
2009-12-23,Brisbane,20.9,30.199999999999996,13.000000000000002,6.4,10.3,ENE,33.0,SW,E,4.0,19.999999999999996,67.0,58.0,1015.2,1013.0,5.0,4.0,26.7,27.900000000000002,Yes,Yes
2009-12-24,Brisbane,21.4,30.0,1.6,10.6,7.4,ENE,30.0,N,ENE,4.0,16.999999999999996,71.0,56.99999999999999,1015.5,1012.7,6.0,2.0,26.100000000000005,28.099999999999998,Yes,No
2009-12-25,Brisbane,21.9,29.1,0.2,5.4,6.700000000000001,ENE,39.0,ENE,ENE,19.0,14.999999999999998,72.0,70.0,1013.3,1011.0,7.0,7.0,26.300000000000004,27.000000000000004,No,Yes
2009-12-26,Brisbane,23.0,29.700000000000003,13.2,5.0,5.9,NE,33.0,ENE,ENE,15.0,19.999999999999996,79.0,77.0,1013.4,1012.1,6.0,6.0,27.000000000000004,27.000000000000004,Yes,Yes
2009-12-27,Brisbane,22.7,29.300000000000004,21.0,7.599999999999999,3.5,ENE,35.0,NE,ENE,17.0,19.0,73.0,71.0,1016.0,1013.7,7.0,7.0,26.7,27.200000000000003,Yes,Yes
2009-12-28,Brisbane,23.1,28.500000000000004,21.6,4.9,3.3,NE,26.0,NNE,ENE,7.0,14.999999999999998,92.0,73.0,1015.6,1012.5,8.0,4.0,23.6,27.700000000000003,Yes,Yes
2009-12-29,Brisbane,22.9,29.1,35.0,4.0,3.3,ENE,30.0,SSW,ENE,2.0,11.0,87.0,77.0,1016.5,1015.2,7.0,8.0,25.4,26.300000000000004,Yes,Yes
2009-12-30,Brisbane,22.8,28.6,7.8,4.0,8.1,ENE,33.0,ENE,ENE,15.0,16.999999999999996,66.0,58.0,1018.8,1016.4,5.0,7.0,27.799999999999997,27.900000000000002,Yes,No
2009-12-31,Brisbane,20.7,28.6,0.4,8.0,6.6,E,31.0,ENE,ENE,17.0,14.999999999999998,74.0,56.0,1018.0,1015.5,6.0,6.0,25.0,28.400000000000002,No,Yes
2010-01-01,Brisbane,23.6,29.600000000000005,1.4,7.599999999999999,6.0,ENE,31.0,NE,NNE,13.0,13.0,61.0,66.0,1016.0,1013.5,7.0,7.0,27.4,27.799999999999997,Yes,No
2010-01-02,Brisbane,23.9,30.8,0.8,6.4,11.3,NE,30.0,NW,NE,7.0,13.0,62.0,66.0,1012.5,1009.0,2.0,3.0,28.699999999999996,29.199999999999996,No,No
2010-01-03,Brisbane,24.9,32.2,0.0,7.4,3.3,E,33.0,NW,ESE,4.0,16.999999999999996,65.0,76.0,1010.7,1010.7,4.0,8.0,30.0,25.600000000000005,No,Yes
2010-01-04,Brisbane,23.4,27.700000000000003,20.6,4.2,0.0,SSE,43.0,SE,ESE,15.0,14.999999999999998,70.0,65.0,1015.8,1015.1,8.0,7.0,26.2,26.4,Yes,No
2010-01-05,Brisbane,21.1,27.8,0.0,4.0,0.7,ESE,31.0,SSE,ESE,9.0,16.999999999999996,69.0,56.0,1017.3,1015.7,7.0,7.0,24.9,27.700000000000003,No,No
2010-01-06,Brisbane,21.8,29.300000000000004,0.0,4.8,3.3,ENE,24.000000000000004,E,ENE,11.0,11.0,80.99999999999999,64.0,1015.5,1013.1,8.0,7.0,24.7,28.299999999999997,No,No
2010-01-07,Brisbane,22.4,28.6,0.6,4.4,1.8,NE,26.0,ESE,E,11.0,16.999999999999996,73.0,62.0,1014.8,1012.9,7.0,7.0,26.9,27.500000000000004,No,No
2010-01-08,Brisbane,22.3,30.3,0.2,5.4,6.8,ENE,33.0,ESE,ENE,15.0,19.0,63.0,55.0,1017.6,1016.1,7.0,3.0,26.600000000000005,29.3,No,No
2010-01-09,Brisbane,21.7,30.199999999999996,0.0,4.6,12.9,ENE,35.0,E,E,13.0,14.999999999999998,65.0,48.0,1019.2,1017.0,3.0,3.0,28.099999999999998,29.6,No,No
2010-01-10,Brisbane,21.0,30.6,0.0,7.2,13.2,E,28.0,SSE,ENE,6.0,16.999999999999996,60.0,52.0,1017.7,1014.6,2.0,1.0,27.700000000000003,29.199999999999996,No,No
2010-01-11,Brisbane,20.8,30.500000000000004,0.0,7.0,12.2,ENE,33.0,SE,E,9.0,19.0,61.0,52.0,1016.7,1014.3,3.0,2.0,28.099999999999998,29.6,No,No
2010-01-12,Brisbane,21.3,30.999999999999996,0.0,8.0,12.2,ESE,31.0,NE,ENE,6.0,14.999999999999998,58.00000000000001,61.0,1015.0,1012.6,3.0,2.0,27.900000000000002,28.999999999999996,No,No
2010-01-13,Brisbane,20.9,30.099999999999998,0.0,10.8,10.6,NNE,39.0,ENE,NE,9.0,14.999999999999998,58.00000000000001,53.99999999999999,1014.8,1011.5,3.0,1.0,27.700000000000003,28.999999999999996,No,No
2010-01-14,Brisbane,23.2,30.7,0.0,5.8,10.7,E,28.0,SSE,ENE,6.0,19.0,59.0,49.00000000000001,1015.6,1012.9,6.0,1.0,27.999999999999996,29.399999999999995,No,No
2010-01-15,Brisbane,21.5,30.8,0.0,9.2,10.5,E,33.0,E,ESE,11.0,14.999999999999998,65.0,42.0,1015.5,1013.0,7.0,4.0,26.600000000000005,30.2,No,No
2010-01-16,Brisbane,21.3,29.9,0.0,8.2,8.6,NE,26.0,ENE,NE,4.0,13.0,54.0,55.0,1012.7,1009.3,6.0,1.0,27.4,29.1,No,No
2010-01-17,Brisbane,22.1,32.4,0.0,7.800000000000001,11.8,NE,30.0,NW,NNE,9.0,13.0,55.0,55.0,1008.3,1004.0,1.0,3.0,27.700000000000003,30.9,No,Yes
2010-01-18,Brisbane,22.1,35.1,4.4,7.599999999999999,12.7,ENE,30.0,SW,NE,9.0,16.999999999999996,62.0,56.99999999999999,1004.2,1000.2,1.0,3.0,29.399999999999995,31.9,Yes,No
2010-01-19,Brisbane,17.3,32.8,0.0,9.0,12.9,E,50.0,SW,ENE,9.0,19.0,42.0,50.0,1008.3,1006.0,1.0,1.0,26.2,28.499999999999996,No,No
2010-01-20,Brisbane,20.2,33.0,0.2,8.6,13.0,NNE,26.0,SSW,ENE,6.0,13.0,56.0,39.0,1012.2,1009.0,1.0,0.0,27.099999999999998,30.7,No,No
2010-01-21,Brisbane,21.3,32.6,0.0,8.4,10.5,ENE,24.000000000000004,WSW,NNE,6.0,13.0,60.0,50.0,1013.4,1010.4,6.0,6.0,28.400000000000002,30.3,No,No
2010-01-22,Brisbane,22.4,30.9,0.0,7.0,6.3,NE,26.0,ENE,NE,6.0,13.0,56.0,56.99999999999999,1015.2,1013.7,6.0,6.0,27.900000000000002,28.799999999999997,No,No
2010-01-23,Brisbane,21.3,32.1,0.0,5.6,13.0,E,28.0,NW,ENE,6.0,13.0,59.0,50.0,1014.4,1011.4,2.0,1.0,28.299999999999997,30.5,No,No
2010-01-24,Brisbane,21.8,31.7,0.0,9.0,12.8,E,31.0,ENE,ENE,11.0,16.999999999999996,54.0,50.0,1014.2,1011.9,2.0,1.0,28.6,30.3,No,No
2010-01-25,Brisbane,21.5,32.5,0.0,9.0,11.6,ENE,28.0,N,NNE,7.0,13.0,59.0,47.0,1015.0,1012.2,5.0,3.0,28.900000000000002,31.9,No,No
2010-01-26,Brisbane,22.4,32.8,0.0,9.2,12.0,NE,31.0,WSW,NE,4.0,14.999999999999998,59.0,56.0,1014.1,1011.1,5.0,1.0,28.299999999999997,30.6,No,No
2010-01-27,Brisbane,21.9,33.6,0.0,9.2,11.8,SE,41.0,W,NNE,6.0,14.999999999999998,58.00000000000001,51.0,1012.7,1010.0,1.0,1.0,28.299999999999997,30.9,No,No
2010-01-28,Brisbane,24.1,33.8,0.0,6.8,9.9,ENE,28.0,E,NE,7.0,16.999999999999996,58.00000000000001,44.0,1011.3,1007.9,4.0,3.0,29.699999999999996,32.2,No,Yes
2010-01-29,Brisbane,21.1,32.6,3.6000000000000005,9.8,7.0,S,31.0,W,NE,9.0,9.0,72.0,60.00000000000001,1010.2,1008.0,6.0,8.0,25.600000000000005,28.799999999999997,Yes,Yes
2010-01-30,Brisbane,22.8,31.2,3.0,4.8,7.499999999999999,SSW,46.0,SSE,SE,9.0,22.0,65.0,56.99999999999999,1012.4,1011.4,7.0,7.0,27.700000000000003,27.900000000000002,Yes,Yes
2010-01-31,Brisbane,22.7,28.099999999999998,5.4,8.6,1.9,ENE,50.0,ENE,E,11.0,16.999999999999996,76.0,68.0,1010.7,1008.8,8.0,8.0,26.300000000000004,26.7,Yes,Yes
2010-02-01,Brisbane,22.0,28.199999999999996,17.4,2.8,0.3,ENE,46.0,E,ESE,22.0,19.999999999999996,69.0,60.00000000000001,1009.3,1008.3,8.0,7.0,26.2,26.5,Yes,Yes
2010-02-02,Brisbane,22.0,29.300000000000004,2.6,6.4,5.0,E,46.0,ESE,ESE,19.0,13.0,57.0,64.0,1009.4,1007.6,7.0,7.0,26.9,27.500000000000004,Yes,Yes
2010-02-03,Brisbane,22.0,30.199999999999996,2.4,7.4,11.8,E,31.0,E,E,17.0,19.0,57.0,51.0,1009.7,1008.1,6.0,2.0,27.700000000000003,28.900000000000002,Yes,No
2010-02-04,Brisbane,21.5,30.9,0.0,7.4,10.2,NE,26.0,ESE,ENE,4.0,14.999999999999998,61.0,60.00000000000001,1011.1,1008.9,3.0,6.0,28.099999999999998,28.400000000000002,No,No
2010-02-05,Brisbane,21.8,31.5,0.0,7.4,11.9,E,28.0,NE,NE,9.0,16.999999999999996,62.0,46.00000000000001,1011.3,1009.0,7.0,3.0,28.499999999999996,30.1,No,No
2010-02-06,Brisbane,24.6,31.6,0.0,7.2,10.2,E,39.0,NNW,NE,6.0,16.999999999999996,65.0,62.0,1012.6000000000001,1010.9,7.0,7.0,28.200000000000003,29.899999999999995,No,Yes
2010-02-07,Brisbane,22.3,26.7,89.0,8.2,0.1,SSE,30.0,SSE,SE,11.0,13.0,90.0,73.0,1017.7,1015.8,8.0,8.0,22.3,26.0,Yes,No
2010-02-08,Brisbane,22.0,30.3,0.8,2.0,5.2,E,37.0,SSE,E,11.0,22.0,77.0,53.0,1019.1,1017.0,7.0,6.0,25.3,28.400000000000002,No,No
2010-02-09,Brisbane,21.3,29.2,0.2,6.8,8.3,SE,48.00000000000001,SE,SE,13.0,16.999999999999996,71.0,66.0,1019.9000000000001,1018.2,6.0,7.0,25.8,26.2,No,Yes
2010-02-10,Brisbane,21.4,29.9,6.999999999999999,5.8,9.3,SE,33.0,SE,ESE,11.0,19.0,65.0,53.99999999999999,1018.9,1016.3,7.0,3.0,26.5,29.1,Yes,No
2010-02-11,Brisbane,21.4,29.5,0.0,6.6,12.1,E,28.0,E,NE,4.0,14.999999999999998,63.0,52.0,1018.1,1015.0,3.0,2.0,26.9,28.999999999999996,No,No
2010-02-12,Brisbane,21.0,31.1,0.0,7.0,11.8,NE,26.0,SW,NE,7.0,14.999999999999998,67.0,53.99999999999999,1015.4,1011.9,4.0,2.0,27.099999999999998,29.699999999999996,No,No
2010-02-13,Brisbane,21.6,31.1,0.0,6.8,11.3,NE,30.0,WSW,NE,6.0,19.0,62.0,56.0,1013.5,1011.2,3.0,5.0,27.999999999999996,29.6,No,No
2010-02-14,Brisbane,23.6,31.400000000000002,0.0,7.599999999999999,12.1,NNE,35.0,NW,NE,11.0,16.999999999999996,59.0,61.0,1013.1,1008.6,5.0,2.0,27.999999999999996,30.3,No,No
2010-02-15,Brisbane,24.7,33.1,0.0,8.0,11.9,NNE,37.0,NNW,NNE,11.0,19.0,61.0,66.0,1010.6,1006.5,2.0,1.0,30.1,30.9,No,Yes
2010-02-16,Brisbane,24.299999999999997,32.0,17.4,7.4,4.2,WNW,30.0,N,NE,7.0,9.0,72.0,89.0,1010.4,1007.9,7.0,7.0,28.900000000000002,27.000000000000004,Yes,Yes
2010-02-17,Brisbane,21.3,28.3,121.4,4.2,0.7,ESE,24.000000000000004,SSW,ESE,7.0,13.0,85.0,65.0,1013.8,1012.0,8.0,8.0,22.6,27.4,Yes,No
2010-02-18,Brisbane,22.5,30.0,0.0,2.2,3.8,E,37.0,S,SE,11.0,19.999999999999996,69.0,52.0,1016.8,1015.5,7.0,7.0,25.9,28.400000000000002,No,No
2010-02-19,Brisbane,20.4,29.1,0.0,5.8,7.9,SE,35.0,SSE,ESE,11.0,16.999999999999996,60.0,53.99999999999999,1019.5999999999999,1017.7,6.0,6.0,26.300000000000004,27.4,No,No
2010-02-20,Brisbane,20.8,29.300000000000004,0.4,6.2,5.8,E,37.0,SE,E,9.0,14.999999999999998,67.0,61.0,1019.5,1017.1,3.0,7.0,25.1,27.300000000000004,No,Yes
2010-02-21,Brisbane,21.4,29.9,2.2,5.6,9.4,ENE,31.0,WSW,ENE,6.0,9.0,76.0,50.0,1019.8,1017.0,7.0,3.0,25.7,29.1,Yes,No
2010-02-22,Brisbane,20.3,30.999999999999996,0.2,7.0,10.6,SE,48.00000000000001,SSW,ENE,7.0,14.999999999999998,64.0,66.0,1019.2,1015.6,6.0,3.0,27.000000000000004,29.3,No,No
2010-02-23,Brisbane,22.7,33.5,0.0,6.0,11.6,ENE,20.0,WSW,ENE,11.0,13.0,66.0,53.0,1015.8,1011.8,2.0,1.0,27.799999999999997,32.3,No,No
2010-02-24,Brisbane,24.0,30.4,0.0,6.4,6.5,SSE,43.0,SSE,SE,13.0,16.999999999999996,67.0,66.0,1017.2,1016.9,7.0,7.0,27.599999999999998,26.9,No,No
2010-02-25,Brisbane,23.6,29.1,0.0,6.6,3.2,SE,43.0,SE,SE,13.0,13.0,67.0,73.0,1021.3,1020.8,7.0,7.0,25.9,24.4,No,Yes
2010-02-26,Brisbane,19.6,28.500000000000004,1.4,5.0,6.700000000000001,ESE,46.0,WSW,ESE,7.0,16.999999999999996,71.0,50.0,1022.2,1018.9,5.0,6.0,24.0,27.500000000000004,Yes,No
2010-02-27,Brisbane,20.2,27.399999999999995,0.6,6.6,2.2,E,35.0,S,SE,7.0,19.999999999999996,76.0,67.0,1018.9,1016.1,7.0,8.0,24.6,26.2,No,Yes
2010-02-28,Brisbane,21.9,29.8,9.4,2.6,6.4,ENE,28.0,SE,ENE,9.0,16.999999999999996,76.0,65.0,1017.1,1013.8,4.0,7.0,26.600000000000005,28.499999999999996,Yes,Yes
2010-03-01,Brisbane,22.9,26.4,26.8,6.6,0.0,SSE,31.0,SE,SE,6.0,11.0,92.0,82.0,1013.6,1010.3,8.0,8.0,23.6,23.8,Yes,Yes
2010-03-02,Brisbane,20.9,23.9,60.599999999999994,3.2,0.0,ESE,37.0,E,ESE,13.0,14.999999999999998,93.0,91.0,1010.5,1008.2,8.0,8.0,21.1,21.9,Yes,Yes
2010-03-03,Brisbane,20.9,27.2,23.599999999999998,3.2,0.8,E,44.0,ENE,ESE,20.0,14.999999999999998,84.0,76.0,1011.6,1009.5,8.0,5.0,23.3,26.4,Yes,Yes
2010-03-04,Brisbane,21.5,27.0,20.0,4.4,0.2,SE,35.0,ESE,ESE,13.0,14.999999999999998,65.0,58.0,1013.2,1011.1,8.0,7.0,25.8,26.4,Yes,No
2010-03-05,Brisbane,23.0,28.500000000000004,0.2,5.0,1.2,E,35.0,E,E,15.0,16.999999999999996,69.0,81.0,1011.9,1009.2,8.0,8.0,25.9,25.9,No,Yes
2010-03-06,Brisbane,23.0,27.0,9.0,4.6,0.2,E,39.0,E,E,13.0,14.999999999999998,90.0,90.0,1011.9,1010.9,8.0,8.0,24.3,23.2,Yes,Yes
2010-03-07,Brisbane,21.9,27.2,3.4,2.0,2.2,ESE,35.0,E,ENE,15.0,16.999999999999996,70.0,64.0,1014.4,1012.1,7.0,7.0,26.5,26.9,Yes,No
2010-03-08,Brisbane,22.5,27.2,0.6,2.8,0.0,E,15.0,WSW,ENE,6.0,6.0,80.99999999999999,64.0,1016.3,1014.1,7.0,7.0,23.9,26.9,No,No
2010-03-09,Brisbane,20.5,32.6,0.0,2.2,10.7,NE,22.0,SW,SSW,11.0,7.000000000000001,78.0,51.0,1017.0,1013.7,1.0,3.0,24.4,32.2,No,No
2010-03-10,Brisbane,22.7,33.1,0.0,5.8,8.7,ESE,31.0,SW,E,7.0,16.999999999999996,76.0,65.0,1017.9,1016.0,7.0,7.0,26.9,28.999999999999996,No,No
2010-03-11,Brisbane,21.8,30.0,0.0,5.6,9.4,SSW,39.0,S,SSW,13.0,14.999999999999998,58.00000000000001,53.99999999999999,1022.1,1021.0999999999999,4.0,5.0,27.200000000000003,28.6,No,Yes
2010-03-12,Brisbane,20.1,28.099999999999998,1.2,5.6,7.9,ESE,50.0,SE,SE,20.0,22.0,58.00000000000001,52.0,1028.1,1026.2,3.0,6.0,25.5,26.100000000000005,Yes,No
2010-03-13,Brisbane,18.8,27.399999999999995,0.6,6.4,6.4,SE,48.00000000000001,SE,ESE,19.0,24.0,53.00000000000001,67.0,1027.5,1025.7,5.0,6.0,25.4,22.3,No,No
2010-03-14,Brisbane,18.4,27.5,0.6,5.6,8.4,SSE,37.0,SSE,SE,11.0,11.0,68.0,72.0,1024.5,1021.7,5.0,3.0,24.1,24.1,No,Yes
2010-03-15,Brisbane,18.4,28.0,4.8,6.0,8.4,SSE,31.0,SSE,SSE,13.0,16.999999999999996,68.0,55.0,1023.1,1019.4,5.0,6.0,23.2,26.2,Yes,No
2010-03-16,Brisbane,19.0,28.3,0.2,6.0,7.499999999999999,ESE,39.0,SSE,ESE,13.0,19.0,62.0,45.0,1020.5000000000001,1018.0,5.0,3.0,24.6,27.300000000000004,No,No
2010-03-19,Brisbane,18.4,28.6,0.0,6.2,10.6,ESE,30.0,E,ESE,19.0,16.999999999999996,55.0,44.0,1022.4,1020.3,4.0,2.0,25.9,27.200000000000003,No,No
2010-03-20,Brisbane,17.2,28.4,0.0,8.0,3.1,ESE,37.0,SE,ESE,15.0,16.999999999999996,59.0,73.0,1021.7,1019.8,7.0,7.0,24.7,24.4,No,No
2010-03-21,Brisbane,20.9,28.199999999999996,1.0,4.2,2.3,NE,30.0,E,E,17.0,13.0,62.0,66.0,1020.6,1017.9,7.0,8.0,27.300000000000004,26.2,No,No
2010-03-22,Brisbane,20.5,28.500000000000004,0.0,2.8,1.9,NNE,20.0,WSW,NE,7.0,9.0,71.0,68.0,1018.4,1016.5,8.0,8.0,25.5,26.7,No,No
2010-03-23,Brisbane,20.7,30.0,0.0,2.6,7.2,E,30.0,SW,E,7.0,14.999999999999998,69.0,61.0,1019.4,1016.5,5.0,6.0,26.5,28.099999999999998,No,Yes
2010-03-25,Brisbane,18.4,28.8,0.0,5.6,10.3,SE,28.0,SSW,E,6.0,16.999999999999996,62.0,53.99999999999999,1022.9,1019.8,1.0,3.0,24.9,27.4,No,Yes
2010-03-26,Brisbane,20.4,28.7,3.4,6.4,9.0,NNE,22.0,SW,ENE,7.0,11.0,77.0,59.0,1022.6,1018.8,5.0,4.0,23.1,27.700000000000003,Yes,No
2010-03-27,Brisbane,18.4,29.1,0.0,3.7999999999999994,10.9,NE,24.000000000000004,SW,ENE,6.0,11.0,69.0,58.0,1021.1,1018.3,1.0,1.0,25.4,26.7,No,No
2010-03-28,Brisbane,20.5,28.6,0.0,5.8,8.0,E,28.0,SSW,E,6.0,13.0,69.0,50.0,1020.1999999999999,1017.0,7.0,5.0,25.600000000000005,27.599999999999998,No,Yes
2010-03-29,Brisbane,20.7,27.8,1.2,6.6,4.7,ENE,30.0,SSE,NE,6.0,11.0,83.0,61.0,1021.3,1017.8,7.0,4.0,22.0,26.9,Yes,Yes
2010-03-30,Brisbane,19.5,26.1,3.2,3.7999999999999994,1.6,NNE,24.000000000000004,SW,ENE,6.0,13.0,76.0,71.0,1019.8,1016.8,5.0,6.0,24.2,24.7,Yes,No
2010-04-01,Brisbane,20.5,27.700000000000003,1.4,2.8,6.3,ESE,26.0,SW,E,7.0,13.0,76.0,62.0,1016.7,1013.7,7.0,5.0,23.6,25.9,Yes,No
2010-04-02,Brisbane,19.7,27.9,0.0,4.0,9.0,E,31.0,SSE,ESE,9.0,16.999999999999996,65.0,53.0,1017.4,1014.4,3.0,5.0,25.4,27.000000000000004,No,No
2010-04-03,Brisbane,19.1,27.600000000000005,0.0,6.0,9.3,ESE,35.0,SSE,E,11.0,11.0,62.0,59.0,1018.7,1015.4,3.0,4.0,24.6,25.9,No,No
2010-04-04,Brisbane,18.9,26.499999999999996,0.0,6.0,8.7,ESE,31.0,SSW,ESE,7.0,11.0,61.0,53.99999999999999,1018.6,1015.6,3.0,3.0,23.6,26.2,No,No
2010-04-05,Brisbane,17.9,27.700000000000003,0.0,4.0,10.2,WSW,46.0,SSW,E,9.0,14.999999999999998,60.0,53.99999999999999,1018.9,1015.9,1.0,3.0,23.5,25.1,No,No
2010-04-06,Brisbane,17.8,26.1,0.0,6.0,6.2,E,22.0,SW,ENE,6.0,11.0,68.0,55.0,1020.5000000000001,1018.3,6.0,7.0,22.9,25.3,No,No
2010-04-07,Brisbane,17.5,27.700000000000003,0.0,4.0,7.8,NE,22.0,WSW,NNE,7.0,9.0,76.0,51.0,1021.7,1018.0,7.0,7.0,21.7,26.9,No,No
2010-04-10,Brisbane,21.0,30.999999999999996,0.0,6.0,7.6,NNE,17.0,WNW,NE,2.0,7.000000000000001,67.0,61.0,1012.5,1008.5,7.0,3.0,25.2,29.1,No,No
2010-04-11,Brisbane,21.2,31.300000000000004,0.0,4.0,7.6,NE,20.0,SSE,NE,2.0,9.0,85.0,63.00000000000001,1013.0,1009.1,4.0,2.0,24.0,29.6,No,No
2010-04-12,Brisbane,23.2,26.000000000000004,0.2,4.2,0.0,W,20.0,WSW,W,2.0,2.0,78.0,76.0,1012.6000000000001,1010.3,7.0,7.0,25.8,25.0,No,Yes
2010-04-13,Brisbane,18.5,24.4,2.0,2.0,1.4,SE,26.0,WSW,SE,2.0,11.0,80.99999999999999,53.99999999999999,1018.0,1016.5,8.0,7.0,19.3,24.1,Yes,No
2010-04-14,Brisbane,16.5,26.900000000000002,0.0,3.2,8.3,ESE,28.0,SSW,SE,7.0,11.0,64.0,47.0,1020.3,1017.8,1.0,7.0,22.1,26.600000000000005,No,No
2010-04-15,Brisbane,16.2,27.399999999999995,0.0,3.6,7.4,ESE,26.0,SSW,E,4.0,13.0,65.0,49.00000000000001,1020.7,1017.8,7.0,3.0,22.7,26.300000000000004,No,No
2010-04-16,Brisbane,17.3,24.6,0.0,5.0,0.7,SE,26.0,NE,ESE,4.0,13.0,78.0,50.0,1023.3,1021.0,7.0,7.0,19.2,24.1,No,No
2010-04-17,Brisbane,17.0,27.5,0.4,2.6,10.4,ESE,30.0,S,E,6.0,13.0,63.0,48.0,1023.9,1021.3000000000001,1.0,3.0,23.8,26.5,No,No
2010-04-18,Brisbane,18.1,26.800000000000004,0.6,5.4,6.1,ESE,33.0,SSE,ESE,2.0,11.0,80.0,68.0,1024.5,1020.7,7.0,4.0,20.8,23.6,No,Yes
2010-04-19,Brisbane,18.5,26.2,4.6,3.4,4.6,SE,30.0,SSE,E,7.0,9.0,74.0,67.0,1022.7,1020.2,8.0,7.0,22.6,23.3,Yes,No
2010-04-20,Brisbane,17.9,26.4,1.0,3.7999999999999994,3.9,E,28.0,S,WNW,4.0,4.0,79.0,78.0,1021.1,1018.4,7.0,7.0,22.6,22.3,No,Yes
2010-04-21,Brisbane,18.2,23.1,10.2,2.4,0.0,SE,22.0,SE,SW,7.0,4.0,93.0,88.0,1021.3,1019.3,8.0,7.0,20.1,20.5,Yes,Yes
2010-04-22,Brisbane,17.8,25.6,12.8,1.0,5.3,E,22.0,SSW,ENE,4.0,4.0,71.0,66.0,1022.3,1019.7,7.0,5.0,22.8,24.3,Yes,No
2010-04-23,Brisbane,18.0,28.4,0.2,3.2,10.5,ESE,19.0,SSW,E,6.0,9.0,72.0,56.0,1021.6,1018.0,1.0,1.0,23.1,26.7,No,No
2010-04-24,Brisbane,18.5,25.5,0.8,3.4,3.4,NNW,17.0,SSW,ENE,2.0,6.0,83.0,76.0,1019.5,1016.2,5.0,7.0,22.5,24.3,No,Yes
2010-04-25,Brisbane,18.3,29.300000000000004,2.2,2.6,9.5,WSW,22.0,NE,ENE,2.0,9.0,74.0,66.0,1016.9,1012.2,4.0,6.0,23.4,27.4,Yes,No
2010-04-26,Brisbane,16.7,26.4,0.0,4.0,10.3,SSE,20.0,SSW,ESE,6.0,4.0,48.00000000000001,43.0,1021.3,1019.6,3.0,2.0,21.9,23.9,No,No
2010-04-27,Brisbane,13.5,25.9,0.0,4.8,7.499999999999999,ENE,17.0,SSW,ENE,6.0,7.000000000000001,57.0,53.0,1022.7,1019.4,3.0,7.0,20.1,24.3,No,No
2010-04-28,Brisbane,16.5,27.399999999999995,0.0,3.0,8.5,ENE,15.0,SW,ENE,4.0,9.0,69.0,53.0,1022.2,1018.5,5.0,1.0,22.7,26.5,No,No
2010-04-29,Brisbane,18.0,29.300000000000004,0.0,3.0,9.5,W,19.0,SW,W,2.0,9.0,72.0,36.0,1021.5,1017.6,2.0,3.0,22.8,28.999999999999996,No,No
2010-04-30,Brisbane,13.0,28.3,0.0,3.0,10.1,ESE,26.0,WSW,ESE,4.0,11.0,54.0,59.0,1022.3,1019.5,1.0,2.0,21.0,25.8,No,No
2010-05-01,Brisbane,17.8,27.0,0.0,4.8,10.0,E,28.0,SSW,E,4.0,14.999999999999998,67.0,59.0,1025.3,1022.4000000000001,4.0,3.0,22.6,24.4,No,No
2010-05-02,Brisbane,17.6,27.0,0.6,4.0,10.1,E,24.000000000000004,SSW,ENE,2.0,9.0,66.0,52.0,1026.1,1022.9,2.0,2.0,23.0,26.0,No,No
2010-05-03,Brisbane,16.7,26.4,0.2,4.0,9.1,SE,31.0,SW,ESE,4.0,13.0,67.0,53.0,1025.0,1021.3000000000001,2.0,5.0,22.7,24.9,No,Yes
2010-05-04,Brisbane,17.8,21.2,4.2,4.8,0.9,ESE,13.0,WSW,E,4.0,7.000000000000001,90.99999999999999,87.0,1021.3,1017.3,8.0,7.0,19.4,20.3,Yes,Yes
2010-05-08,Brisbane,11.6,26.4,0.0,3.4,9.1,SE,24.000000000000004,SW,E,7.0,9.0,60.0,55.0,1019.5999999999999,1016.4,6.0,5.0,18.8,23.7,No,No
2010-05-09,Brisbane,14.299999999999999,25.7,0.0,2.8,9.7,SSE,22.0,SSW,SE,4.0,7.000000000000001,67.0,51.0,1020.5000000000001,1016.9,1.0,2.0,21.1,24.1,No,No
2010-05-10,Brisbane,16.3,24.1,0.0,3.2,4.5,SSE,19.0,SW,NE,6.0,6.0,67.0,66.0,1019.9000000000001,1016.5,2.0,7.0,20.6,22.8,No,No
2010-05-11,Brisbane,15.299999999999999,25.8,0.0,1.8,7.4,WSW,30.0,SW,NE,2.0,4.0,75.0,67.0,1017.1,1013.0,6.0,6.0,20.0,23.5,No,Yes
2010-05-12,Brisbane,14.6,27.299999999999997,12.2,0.8,9.4,W,33.0,SW,WSW,6.0,11.0,82.0,26.0,1015.4,1012.4,0.0,1.0,18.7,26.800000000000004,Yes,No
2010-05-13,Brisbane,11.3,24.4,0.2,6.6,9.9,WNW,24.000000000000004,SSW,WNW,6.0,9.0,46.0,24.0,1019.5999999999999,1014.9,0.0,1.0,18.1,23.8,No,No
2010-05-14,Brisbane,9.7,25.3,0.0,2.6,10.0,WSW,20.0,WSW,SSW,6.0,4.0,46.0,25.0,1017.5,1012.9,0.0,1.0,16.0,24.6,No,No
2010-05-15,Brisbane,9.9,25.1,0.0,2.4,10.1,WSW,19.0,SW,SW,7.0,4.0,56.0,29.0,1016.6,1013.3,1.0,3.0,15.8,25.0,No,No
2010-05-16,Brisbane,12.8,20.6,0.0,2.8,0.0,SW,13.0,SSW,W,6.0,4.0,73.0,56.0,1019.1,1016.5,8.0,8.0,15.0,19.8,No,No
2010-05-17,Brisbane,12.5,20.8,0.0,1.8,1.3,SSW,19.0,SW,SW,4.0,6.0,76.0,63.00000000000001,1018.1,1014.9,7.0,7.0,15.6,19.9,No,No
2010-05-18,Brisbane,10.7,23.5,0.0,1.4,9.6,W,19.0,SW,W,6.0,6.0,63.0,38.0,1016.2,1012.9,1.0,2.0,17.0,23.1,No,No
2010-05-19,Brisbane,11.2,24.4,0.0,2.8,9.1,WSW,19.0,SW,ESE,9.0,4.0,56.0,48.0,1018.2,1016.2,1.0,3.0,17.9,23.3,No,No
2010-05-20,Brisbane,12.400000000000002,23.4,0.0,2.6,6.8,ESE,19.0,S,ESE,6.0,6.0,65.0,56.0,1020.8,1017.9,6.0,7.0,19.4,22.4,No,Yes
2010-05-21,Brisbane,16.4,19.7,4.0,2.8,0.1,SW,37.0,SW,S,4.0,6.0,90.99999999999999,81.0,1019.3000000000001,1015.3,8.0,7.0,16.5,19.4,Yes,Yes
2010-05-22,Brisbane,11.9,23.7,18.6,1.8,10.0,WSW,19.0,SW,S,6.0,6.0,80.0,40.0,1017.3,1014.6,1.0,2.0,15.8,23.2,Yes,No
2010-05-23,Brisbane,11.5,22.5,0.0,2.8,5.6,S,26.0,SW,SSE,6.0,7.000000000000001,65.0,59.0,1018.9,1016.8,1.0,7.0,18.1,21.1,No,No
2010-05-24,Brisbane,16.0,23.4,0.0,2.0,2.5,ENE,20.0,SW,E,4.0,9.0,74.0,56.99999999999999,1019.5,1015.6,7.0,7.0,18.3,21.9,No,Yes
2010-05-25,Brisbane,16.4,21.5,3.6000000000000005,3.0,0.1,NNW,13.0,SW,NW,2.0,2.0,88.0,75.0,1013.3,1008.6,8.0,7.0,17.5,21.0,Yes,No
2010-05-26,Brisbane,13.699999999999998,23.1,0.0,1.8,9.3,W,41.0,W,WSW,13.0,13.0,63.0,42.0,1007.0,1005.0,1.0,5.0,21.5,21.2,No,No
2010-05-27,Brisbane,14.5,23.9,0.0,4.0,6.5,SSW,30.0,W,SSE,11.0,7.000000000000001,56.0,62.0,1012.5,1012.0,1.0,7.0,19.3,21.4,No,No
2010-05-28,Brisbane,13.699999999999998,22.3,0.0,3.2,4.5,E,24.000000000000004,SW,E,6.0,13.0,74.0,76.0,1019.4,1017.2,6.0,7.0,18.1,19.4,No,Yes
2010-05-29,Brisbane,17.1,21.0,6.4,1.8,0.4,WNW,28.0,NW,W,4.0,14.999999999999998,92.0,69.0,1013.2,1009.3,8.0,7.0,19.3,19.2,Yes,Yes
2010-05-30,Brisbane,11.6,19.8,2.8,1.6,9.6,W,37.0,WNW,W,13.0,14.999999999999998,55.0,42.0,1011.2,1008.7,1.0,2.0,17.6,19.4,Yes,No
2010-05-31,Brisbane,13.3,21.5,0.0,4.0,9.0,W,39.0,W,W,13.0,13.0,63.0,47.0,1013.3,1010.7,1.0,2.0,16.6,20.6,No,No
2010-06-01,Brisbane,11.8,22.4,0.0,2.6,5.2,W,19.0,SW,WSW,7.0,4.0,60.0,61.0,1017.0,1014.8,1.0,7.0,18.4,20.9,No,No
2010-06-02,Brisbane,15.799999999999999,20.3,0.4,2.2,0.0,WSW,20.0,SW,SW,6.0,6.0,84.0,77.0,1017.0,1014.8,8.0,7.0,17.6,19.4,No,No
2010-06-03,Brisbane,16.1,23.3,0.0,1.8,8.6,W,24.000000000000004,SW,SW,9.0,7.000000000000001,70.0,55.0,1016.8,1014.0,2.0,5.0,18.8,21.6,No,No
2010-06-04,Brisbane,10.4,21.9,0.0,2.4,10.0,W,35.0,W,W,4.0,13.0,63.0,49.00000000000001,1013.3,1009.6,1.0,1.0,17.7,21.2,No,No
2010-06-05,Brisbane,15.6,25.2,0.0,3.4,9.6,WSW,26.0,SW,W,7.0,9.0,57.0,43.0,1010.4,1008.4,1.0,1.0,19.5,24.4,No,No
2010-06-06,Brisbane,13.3,22.5,0.0,4.2,9.5,W,31.0,SSE,W,2.0,13.0,55.0,32.0,1014.1,1012.5,1.0,1.0,18.1,21.9,No,No
2010-06-07,Brisbane,10.3,22.3,0.0,6.2,6.3,SW,19.0,SW,SSW,7.0,4.0,51.0,50.0,1020.6,1018.7,2.0,7.0,16.2,20.7,No,No
2010-06-08,Brisbane,11.5,22.8,0.0,2.0,5.4,SSE,17.0,SSW,ESE,6.0,7.000000000000001,67.0,58.0,1022.4,1018.6,5.0,6.0,17.0,20.1,No,No
2010-06-09,Brisbane,12.5,23.9,0.0,1.2,7.4,W,26.0,WSW,WNW,2.0,7.000000000000001,78.0,53.0,1018.6,1012.7,7.0,7.0,15.8,22.2,No,No
2010-06-10,Brisbane,9.5,19.4,0.0,4.0,4.9,W,33.0,W,WSW,11.0,9.0,44.0,35.0,1019.4,1017.0,3.0,7.0,14.9,18.9,No,No
2010-06-11,Brisbane,11.5,21.3,0.0,3.6,4.5,WSW,17.0,SW,NW,4.0,4.0,60.0,45.0,1021.7,1017.6,8.0,1.0,13.0,21.1,No,No
2010-06-12,Brisbane,9.0,19.7,0.0,2.4,10.0,W,22.0,SW,WNW,7.0,9.0,47.0,33.0,1020.0,1017.9,1.0,1.0,13.799999999999999,18.9,No,No
2010-06-13,Brisbane,8.7,21.6,0.0,2.8,6.5,ESE,28.0,SW,SE,7.0,11.0,55.0,52.0,1025.5,1024.0,7.0,7.0,14.499999999999998,19.8,No,No
2010-06-14,Brisbane,12.3,21.9,0.0,1.6,6.4,E,33.0,SW,ESE,4.0,13.0,78.0,53.0,1029.4,1027.0,7.0,3.0,15.199999999999998,20.8,No,No
2010-06-15,Brisbane,12.900000000000002,22.1,0.0,3.4,7.0,SE,31.0,SSW,SE,6.0,14.999999999999998,71.0,46.00000000000001,1029.1,1025.5,6.0,2.0,17.1,21.1,No,No
2010-06-16,Brisbane,13.199999999999998,21.3,0.0,3.4,1.6,SSE,22.0,SW,E,6.0,9.0,65.0,47.0,1027.2,1023.9000000000001,6.0,7.0,17.3,20.4,No,No
2010-06-17,Brisbane,10.8,22.4,0.0,2.8,4.8,SW,15.0,SW,NE,4.0,4.0,71.0,55.0,1023.1,1018.7,6.0,7.0,15.5,21.7,No,No
2010-06-18,Brisbane,14.799999999999999,20.4,0.0,1.2,0.6,SSW,15.0,WSW,NW,2.0,4.0,80.99999999999999,63.00000000000001,1018.9,1015.5,7.0,8.0,16.9,20.1,No,No
2010-06-19,Brisbane,15.6,22.3,0.0,1.4,4.4,SW,17.0,SW,W,4.0,4.0,66.0,34.0,1019.7,1018.0,6.0,2.0,16.5,21.9,No,No
2010-06-20,Brisbane,9.4,23.0,0.0,2.2,10.0,WSW,17.0,WSW,ENE,6.0,6.0,58.00000000000001,46.00000000000001,1025.3,1023.3,1.0,1.0,14.599999999999998,21.8,No,No
2010-06-21,Brisbane,9.8,22.1,0.0,2.6,9.7,ESE,20.0,SW,SE,7.0,9.0,70.0,48.0,1029.5,1027.5,1.0,1.0,14.3,21.9,No,No
2010-06-24,Brisbane,12.5,22.1,4.4,1.8,8.1,E,26.0,SW,E,6.0,11.0,76.0,59.0,1028.8,1025.2,4.0,3.0,16.3,20.4,Yes,No
2010-06-25,Brisbane,9.9,21.7,0.0,3.4,5.9,SE,17.0,SW,E,4.0,4.0,72.0,61.0,1027.1,1023.6,1.0,3.0,15.3,20.1,No,No
2010-06-26,Brisbane,12.5,21.3,0.0,2.4,5.3,NNE,17.0,SSW,ENE,4.0,6.0,92.0,67.0,1023.5,1019.3,7.0,4.0,14.3,20.6,No,No
2010-06-29,Brisbane,8.2,16.0,0.0,2.2,0.6,WSW,22.0,SW,W,4.0,6.0,50.0,34.0,1020.7,1018.6,6.0,6.0,12.2,15.9,No,No
2010-06-30,Brisbane,7.5,18.8,0.8,0.2,1.4,SW,13.0,SW,NNE,2.0,4.0,90.0,73.0,1021.2,1018.5,8.0,7.0,11.2,18.1,No,Yes
2010-07-01,Brisbane,11.2,19.3,2.2,1.2,1.3,W,19.0,SSW,SW,6.0,2.0,52.0,52.0,1023.9,1022.1,7.0,7.0,13.799999999999999,18.2,Yes,No
2010-07-02,Brisbane,11.9,15.899999999999999,0.2,1.6,0.0,SW,13.0,SW,SW,4.0,2.0,74.0,69.0,1026.2,1023.3,8.0,8.0,13.2,15.7,No,Yes
2010-07-03,Brisbane,12.400000000000002,18.9,8.6,0.4,9.2,W,31.0,WSW,W,9.0,13.0,68.0,39.0,1025.2,1022.7,4.0,1.0,13.2,17.9,Yes,No
2010-07-04,Brisbane,6.700000000000001,21.3,0.0,5.0,9.6,SW,19.0,SW,SE,6.0,7.000000000000001,59.0,46.00000000000001,1027.6,1023.6,1.0,2.0,12.4,20.3,No,No
2010-07-05,Brisbane,11.9,22.6,0.0,3.2,8.6,SSE,20.0,SSW,E,6.0,7.000000000000001,65.0,50.0,1025.0,1020.8,3.0,3.0,16.0,20.9,No,No
2010-07-06,Brisbane,13.3,22.5,0.0,2.2,2.9,W,26.0,SSW,W,2.0,11.0,67.0,62.0,1020.1999999999999,1015.7,6.0,7.0,17.8,20.9,No,No
2010-07-07,Brisbane,13.5,16.9,0.0,3.6,0.0,W,28.0,W,SW,9.0,6.0,55.0,45.0,1020.8,1018.3,7.0,8.0,14.399999999999999,16.1,No,No
2010-07-08,Brisbane,12.6,21.2,0.4,2.6,3.5,SSE,28.0,SW,SE,7.0,13.0,74.0,51.0,1020.9,1017.9,7.0,7.0,15.5,20.2,No,No
2010-07-09,Brisbane,13.199999999999998,22.2,0.0,2.8,7.6,SSE,39.0,SW,SE,7.0,16.999999999999996,62.0,56.0,1022.9,1021.4999999999999,2.0,5.0,17.8,19.9,No,No
2010-07-10,Brisbane,12.8,22.5,0.0,3.4,4.5,E,28.0,WSW,ESE,4.0,11.0,75.0,58.0,1027.3,1023.3999999999999,7.0,3.0,15.4,20.9,No,No
2010-07-11,Brisbane,11.6,21.3,0.0,2.6,2.2,E,15.0,SW,ENE,6.0,2.0,80.0,59.0,1026.6,1023.3999999999999,7.0,7.0,14.399999999999999,20.7,No,No
2010-07-12,Brisbane,11.6,23.6,0.0,1.6,9.9,ESE,17.0,SW,NE,4.0,7.000000000000001,83.0,51.0,1024.2,1020.6,1.0,1.0,15.5,22.4,No,No
2010-07-13,Brisbane,11.6,23.9,0.0,1.6,9.8,N,20.0,SW,NE,2.0,9.0,78.0,53.0,1023.0,1018.8,1.0,7.0,16.8,22.0,No,No
2010-07-14,Brisbane,12.6,22.8,0.0,2.8,6.700000000000001,W,46.0,N,W,6.0,13.0,66.0,45.0,1017.8,1015.7,4.0,4.0,20.2,20.0,No,No
2010-07-18,Brisbane,8.1,23.6,0.0,3.7999999999999994,9.9,NNE,13.0,SW,NNE,4.0,4.0,71.0,33.0,1025.5,1021.0,1.0,1.0,13.400000000000002,22.9,No,No
2010-07-21,Brisbane,10.9,20.3,0.0,3.4,5.8,S,17.0,SW,SSE,6.0,6.0,65.0,44.0,1022.5,1019.6,6.0,7.0,14.8,19.1,No,No
2010-07-22,Brisbane,9.0,21.4,0.0,3.6,10.0,S,24.000000000000004,SW,SSE,7.0,7.000000000000001,60.0,26.0,1025.4,1022.9,1.0,2.0,14.399999999999999,20.4,No,No
2010-07-23,Brisbane,8.3,21.5,0.0,2.8,9.8,SE,26.0,SW,SE,6.0,9.0,55.0,49.00000000000001,1028.3,1025.7,1.0,3.0,14.699999999999998,19.6,No,No
2010-07-24,Brisbane,11.6,21.4,0.0,3.6,2.2,SE,22.0,SW,SE,6.0,9.0,69.0,56.99999999999999,1027.8,1024.4,6.0,7.0,15.1,20.2,No,No
2010-07-26,Brisbane,14.400000000000002,21.4,2.0,1.8,4.8,SE,24.000000000000004,SSW,ESE,6.0,9.0,80.99999999999999,60.00000000000001,1029.5,1027.3,7.0,7.0,16.3,20.3,Yes,No
2010-07-27,Brisbane,13.1,20.7,0.2,3.6,2.2,ESE,30.0,SSW,ESE,4.0,9.0,67.0,74.0,1030.9,1027.5,7.0,7.0,17.6,19.0,No,Yes
2010-07-28,Brisbane,14.900000000000002,23.2,5.2,1.2,5.1,NE,28.0,SW,NNE,4.0,11.0,84.0,64.0,1026.5,1022.1,7.0,7.0,18.2,21.6,Yes,Yes
2010-07-29,Brisbane,17.0,23.9,8.0,2.6,4.2,NE,15.0,W,NNE,6.0,6.0,85.99999999999999,73.0,1022.6,1018.7,6.0,7.0,19.1,22.3,Yes,No
2010-07-30,Brisbane,15.299999999999999,26.4,0.0,0.2,8.0,NE,20.0,SW,NE,2.0,9.0,95.0,61.0,1021.1,1017.5,8.0,1.0,17.5,24.3,No,No
2010-07-31,Brisbane,16.3,26.800000000000004,0.0,2.6,5.5,WNW,37.0,NNE,WNW,4.0,9.0,69.0,58.0,1019.1,1016.4,1.0,7.0,22.6,25.4,No,No
2010-08-01,Brisbane,13.900000000000002,24.0,0.0,5.0,8.0,W,26.0,SW,W,6.0,9.0,58.00000000000001,38.0,1023.9,1019.2,6.0,1.0,19.3,23.6,No,No
2010-08-02,Brisbane,12.5,20.4,0.0,4.6,10.2,W,35.0,W,W,11.0,19.0,44.0,26.999999999999996,1021.2,1016.0,1.0,0.0,16.3,19.9,No,No
2010-08-03,Brisbane,10.2,20.7,0.0,9.2,10.2,W,39.0,W,W,17.0,13.0,54.0,38.0,1014.9,1012.2,1.0,1.0,13.799999999999999,20.2,No,No
2010-08-04,Brisbane,9.2,22.7,0.0,3.4,10.2,WSW,20.0,WSW,SE,6.0,2.0,53.00000000000001,28.0,1019.5999999999999,1016.4,0.0,1.0,16.0,22.6,No,No
2010-08-05,Brisbane,8.8,22.5,0.0,4.6,5.9,E,19.0,SW,NE,6.0,6.0,70.0,45.0,1020.1999999999999,1015.8,6.0,7.0,12.800000000000002,20.9,No,No
2010-08-06,Brisbane,12.7,22.4,0.0,2.6,9.9,W,28.0,WSW,WSW,9.0,7.000000000000001,53.00000000000001,20.000000000000004,1019.3000000000001,1015.9,3.0,1.0,17.1,22.1,No,No
2010-08-07,Brisbane,8.1,20.1,0.0,4.8,10.0,E,20.0,WSW,E,7.0,11.0,47.0,29.0,1023.1,1019.6,1.0,1.0,14.699999999999998,18.9,No,No
2010-08-08,Brisbane,6.599999999999999,22.2,0.0,4.0,10.1,ENE,19.0,SW,NE,6.0,9.0,58.00000000000001,37.0,1022.4,1018.3,1.0,1.0,13.400000000000002,21.4,No,No
2010-08-09,Brisbane,9.6,23.1,0.0,3.6,4.2,ENE,28.0,WSW,NE,4.0,7.000000000000001,70.0,52.0,1023.6,1020.6,6.0,6.0,14.200000000000001,21.4,No,Yes
2010-08-10,Brisbane,14.1,19.7,2.8,1.4,0.0,E,31.0,NNE,NNE,4.0,4.0,92.0,93.0,1020.8,1017.0,7.0,8.0,17.9,19.3,Yes,Yes
2010-08-11,Brisbane,16.1,19.0,78.0,8.4,2.1,W,28.0,NW,W,2.0,9.0,89.0,51.0,1014.7,1011.1,8.0,7.0,16.9,17.7,Yes,No
2010-08-12,Brisbane,12.5,19.6,0.0,4.8,10.0,W,65.0,W,W,19.0,28.000000000000004,53.00000000000001,33.0,1012.2,1008.2,1.0,1.0,15.1,19.0,No,No
2010-08-13,Brisbane,10.4,20.5,0.2,6.6,10.1,W,33.0,WSW,W,17.0,9.0,51.0,35.0,1013.6,1011.5,1.0,0.0,13.799999999999999,19.9,No,No
2010-08-14,Brisbane,6.1,22.2,0.0,5.0,10.2,NE,26.0,SSE,NE,2.0,9.0,61.0,45.0,1018.8,1014.9,0.0,0.0,14.3,20.9,No,No
2010-08-16,Brisbane,7.599999999999999,23.5,0.0,5.2,10.7,W,37.0,WSW,WNW,6.0,13.0,42.0,30.000000000000004,1017.5,1013.8,1.0,1.0,17.9,23.1,No,No
2010-08-17,Brisbane,10.2,21.9,0.0,6.2,10.7,E,22.0,SW,ESE,7.0,9.0,47.0,45.0,1021.7,1019.2,1.0,1.0,16.7,20.6,No,No
2010-08-18,Brisbane,9.5,23.4,0.0,4.0,10.5,E,22.0,SW,NE,6.0,7.000000000000001,65.0,46.00000000000001,1023.4,1018.9,1.0,1.0,16.0,22.1,No,No
2010-08-19,Brisbane,11.7,27.8,0.0,4.4,10.0,W,22.0,SSW,NE,4.0,9.0,68.0,53.99999999999999,1017.9,1013.3,1.0,1.0,19.6,25.8,No,Yes
2010-08-20,Brisbane,17.5,18.1,8.6,1.8,0.0,SSW,19.0,WNW,N,6.0,4.0,85.0,86.0,1017.8,1013.8,8.0,8.0,18.1,17.1,Yes,Yes
2010-08-21,Brisbane,6.9,21.8,4.6,3.2,10.8,W,31.0,SW,W,6.0,7.000000000000001,50.0,34.0,1020.0,1016.5,1.0,0.0,16.0,21.8,Yes,No
2010-08-22,Brisbane,8.1,22.3,0.0,3.7999999999999994,10.6,E,17.0,SW,ENE,7.0,9.0,46.0,42.0,1023.0,1019.2,0.0,1.0,15.199999999999998,21.5,No,No
2010-08-24,Brisbane,14.0,21.1,10.2,1.0,6.6,WNW,37.0,W,WNW,15.0,19.999999999999996,58.00000000000001,45.0,1015.0,1012.5,2.0,7.0,17.9,18.8,Yes,No
2010-08-25,Brisbane,15.0,18.6,0.2,5.6,0.0,W,35.0,W,WNW,9.0,9.0,61.0,53.0,1013.8,1010.4,8.0,8.0,15.4,18.3,No,No
2010-08-26,Brisbane,14.1,20.8,0.0,4.0,7.0,WNW,43.0,W,W,9.0,14.999999999999998,59.0,33.0,1013.0,1008.6,7.0,2.0,14.9,20.7,No,No
2010-08-27,Brisbane,10.3,22.4,0.0,5.0,10.8,W,41.0,WSW,W,11.0,14.999999999999998,42.99999999999999,31.0,1016.1,1013.3,1.0,0.0,17.5,21.5,No,No
2010-08-28,Brisbane,7.3999999999999995,23.7,0.0,6.4,9.9,ENE,17.0,SW,ENE,6.0,11.0,50.0,37.0,1021.7,1018.6,6.0,4.0,17.6,21.6,No,No
2010-08-29,Brisbane,12.3,22.4,0.0,4.0,7.4,ESE,28.0,WSW,E,4.0,13.0,58.00000000000001,46.00000000000001,1026.4,1023.3,3.0,5.0,17.7,20.9,No,No
2010-08-30,Brisbane,10.7,23.2,0.0,4.0,8.4,E,22.0,SW,ENE,7.0,11.0,62.0,49.00000000000001,1026.3,1022.5999999999999,1.0,7.0,17.6,20.0,No,No
2010-08-31,Brisbane,11.4,24.2,0.0,4.0,10.7,ENE,19.0,SW,NE,6.0,9.0,63.0,46.00000000000001,1026.1,1022.9999999999999,1.0,2.0,17.7,22.0,No,No
2010-09-01,Brisbane,12.1,24.8,0.0,3.6,9.9,NE,26.0,WSW,NE,4.0,13.0,63.0,52.0,1024.4,1019.4,1.0,4.0,19.0,22.9,No,No
2010-09-02,Brisbane,11.8,28.4,0.0,4.0,10.5,NNE,20.0,NE,N,4.0,7.000000000000001,59.0,35.0,1021.2,1016.0,0.0,1.0,21.0,28.099999999999998,No,No
2010-09-03,Brisbane,15.199999999999998,27.1,0.0,4.4,9.6,E,37.0,SSW,ESE,4.0,11.0,57.0,62.0,1020.1999999999999,1018.7,4.0,1.0,23.0,25.0,No,No
2010-09-04,Brisbane,18.5,25.7,0.0,4.0,9.8,NE,39.0,N,NNE,7.0,16.999999999999996,74.0,65.0,1021.3,1016.7,4.0,3.0,22.399999999999995,24.5,No,Yes
2010-09-06,Brisbane,17.3,25.1,26.8,2.0,6.1,NE,17.0,SW,W,4.0,6.0,78.0,42.0,1020.3,1017.0,7.0,4.0,19.6,24.4,Yes,No
2010-09-07,Brisbane,11.9,25.4,0.0,4.0,10.8,SSW,19.0,WSW,WSW,7.0,4.0,51.0,31.0,1023.4,1019.5,1.0,1.0,18.8,25.1,No,No
2010-09-08,Brisbane,11.6,23.8,0.0,4.0,10.2,ESE,39.0,SW,ESE,6.0,11.0,62.0,56.99999999999999,1024.4,1020.6,5.0,2.0,17.9,22.6,No,No
2010-09-09,Brisbane,14.1,25.4,0.0,3.2,9.8,NNE,26.0,WSW,NNE,4.0,11.0,66.0,60.00000000000001,1020.8,1015.2,1.0,3.0,20.2,23.6,No,No
2010-09-10,Brisbane,18.7,24.1,0.0,7.0,0.9,WNW,30.0,N,NW,4.0,7.000000000000001,67.0,67.0,1010.7999999999998,1008.2,7.0,7.0,22.3,24.0,No,Yes
2010-09-11,Brisbane,12.2,25.3,3.2,1.8,11.1,W,22.0,SW,ENE,4.0,13.0,40.0,34.0,1017.8,1016.2,0.0,1.0,20.5,22.8,Yes,No
2010-09-12,Brisbane,12.5,23.6,0.0,5.8,9.5,ENE,20.0,SSW,ENE,2.0,9.0,55.0,53.0,1022.5,1019.4,2.0,1.0,20.0,21.4,No,No
2010-09-14,Brisbane,16.1,25.1,0.0,4.8,4.4,NE,20.0,SSW,ENE,2.0,9.0,70.0,69.0,1016.2,1011.9,6.0,7.0,22.7,23.7,No,No
2010-09-15,Brisbane,17.9,26.1,0.4,4.0,10.7,W,52.0,W,WSW,17.0,14.999999999999998,40.0,32.0,1012.7,1011.1,2.0,1.0,21.4,25.7,No,No
2010-09-16,Brisbane,13.400000000000002,23.9,0.0,10.2,2.5,WNW,30.0,WSW,WNW,6.0,9.0,49.0,35.0,1018.5,1014.6,6.0,7.0,18.4,22.7,No,No
2010-09-17,Brisbane,15.700000000000001,21.9,0.0,6.8,1.0,WNW,24.000000000000004,WSW,E,9.0,6.0,40.0,39.0,1020.1,1019.4,8.0,8.0,19.0,19.8,No,No
2010-09-18,Brisbane,13.0,24.1,0.0,3.2,3.6,W,24.000000000000004,SW,WSW,4.0,9.0,53.00000000000001,26.999999999999996,1019.9000000000001,1015.9,7.0,8.0,17.3,22.1,No,No
2010-09-19,Brisbane,16.0,21.0,0.0,3.6,0.4,SSE,17.0,SW,SSE,4.0,7.000000000000001,55.0,41.0,1020.7,1018.7,8.0,8.0,17.0,20.4,No,Yes
2010-09-20,Brisbane,13.1,19.7,8.6,1.2,0.0,SSE,15.0,SW,SSE,2.0,2.0,92.0,91.0,1021.4,1018.5,8.0,8.0,15.0,19.3,Yes,Yes
2010-09-21,Brisbane,15.0,24.4,22.4,0.0,0.4,W,19.0,SSW,W,6.0,7.000000000000001,93.0,78.0,1021.1,1018.7,7.0,7.0,18.1,22.8,Yes,No
2010-09-22,Brisbane,17.2,24.0,0.0,3.0,4.5,E,28.0,SE,ESE,7.0,6.0,79.0,79.0,1024.2,1022.1,7.0,8.0,20.9,19.9,No,No
2010-09-23,Brisbane,15.1,25.1,0.0,3.2,5.9,ENE,19.0,W,NNE,4.0,9.0,76.0,58.0,1022.8,1019.9,7.0,5.0,19.3,23.6,No,No
2010-09-24,Brisbane,17.2,25.5,0.2,3.6,6.0,ENE,19.0,ENE,NE,2.0,7.000000000000001,64.0,60.00000000000001,1023.2,1020.1,7.0,7.0,22.3,23.0,No,Yes
2010-09-26,Brisbane,13.900000000000002,26.6,5.4,3.0,5.9,E,19.0,NE,ENE,2.0,7.000000000000001,64.0,62.0,1019.8,1016.8,7.0,7.0,22.1,24.4,Yes,No
2010-09-27,Brisbane,16.4,27.8,0.2,3.7999999999999994,10.0,N,24.000000000000004,WSW,NNE,2.0,7.000000000000001,68.0,60.00000000000001,1018.9,1014.1,3.0,3.0,23.4,25.2,No,No
2010-09-29,Brisbane,18.2,28.099999999999998,31.399999999999995,4.4,5.6,SE,26.0,SW,E,7.0,7.000000000000001,77.0,71.0,1012.5,1010.9,6.0,6.0,22.9,23.0,Yes,No
2010-09-30,Brisbane,16.5,21.9,0.4,3.7999999999999994,5.7,SE,35.0,S,ESE,9.0,16.999999999999996,59.0,53.99999999999999,1020.9,1020.6,6.0,5.0,21.3,21.0,No,No
2010-10-01,Brisbane,14.199999999999998,21.9,0.0,3.7999999999999994,0.7,SE,28.0,SE,ESE,9.0,9.0,60.0,53.0,1026.2,1023.6999999999999,7.0,7.0,19.4,20.2,No,Yes
2010-10-02,Brisbane,14.799999999999999,21.1,3.4,3.7999999999999994,2.5,SE,26.0,SSE,ESE,6.0,7.000000000000001,73.0,79.0,1026.3,1022.4000000000001,7.0,8.0,19.6,19.3,Yes,Yes
2010-10-03,Brisbane,16.5,23.5,6.6,3.2,0.0,SE,17.0,SW,ESE,2.0,7.000000000000001,90.99999999999999,82.0,1023.8,1020.1,8.0,8.0,18.3,20.9,Yes,Yes
2010-10-04,Brisbane,17.3,28.099999999999998,2.0,0.4,11.4,S,22.0,SW,NNE,7.0,6.0,65.0,61.0,1017.9,1013.6,1.0,4.0,23.3,26.100000000000005,Yes,Yes
2010-10-05,Brisbane,17.2,28.3,2.2,3.6,10.0,SE,24.000000000000004,SW,SW,7.0,4.0,65.0,50.0,1017.1,1014.2,2.0,6.0,23.8,27.300000000000004,Yes,No
2010-10-06,Brisbane,18.5,29.399999999999995,0.0,6.6,11.4,ENE,22.0,WSW,ENE,7.0,13.0,59.0,56.0,1018.4,1014.8,2.0,5.0,23.9,26.4,No,No
2010-10-07,Brisbane,17.7,29.9,0.0,5.6,8.1,NE,19.0,NW,NE,4.0,7.000000000000001,66.0,59.0,1017.5,1013.1,4.0,7.0,24.5,27.300000000000004,No,Yes
2010-10-08,Brisbane,18.5,22.6,53.99999999999999,4.2,0.0,SE,43.0,SSW,SE,4.0,11.0,85.0,81.0,1019.1,1017.1,8.0,8.0,21.3,21.1,Yes,Yes
2010-10-09,Brisbane,16.9,19.3,23.4,1.2,0.0,SSE,33.0,SSE,SSE,6.0,13.0,85.99999999999999,86.0,1021.6,1019.8,8.0,8.0,18.8,17.6,Yes,Yes
2010-10-10,Brisbane,16.0,19.6,8.0,2.0,0.0,SE,44.0,S,SE,9.0,16.999999999999996,89.0,89.0,1023.0,1021.7,8.0,8.0,17.9,17.7,Yes,Yes
2010-10-11,Brisbane,15.1,22.2,93.6,13.0,0.0,E,37.0,ESE,SE,11.0,11.0,90.0,89.0,1026.2,1024.8,8.0,8.0,19.1,19.6,Yes,Yes
2010-10-12,Brisbane,17.4,22.9,22.4,1.6,2.4,ENE,37.0,ESE,E,11.0,16.999999999999996,72.0,60.00000000000001,1027.9,1024.4,8.0,7.0,20.1,22.6,Yes,Yes
2010-10-13,Brisbane,14.799999999999999,23.9,4.2,3.4,6.6,E,31.0,ENE,ENE,13.0,9.0,48.00000000000001,53.0,1022.7,1019.1,5.0,7.0,22.5,21.9,Yes,No
2010-10-14,Brisbane,14.799999999999999,25.6,0.2,7.0,5.6,NNE,22.0,NNW,NE,4.0,9.0,62.0,66.0,1017.7,1013.6,5.0,7.0,22.5,23.2,No,No
2010-10-15,Brisbane,18.5,25.3,0.0,3.0,0.0,NNE,41.0,N,NNE,6.0,11.0,71.0,81.0,1011.1,1005.4,8.0,8.0,22.399999999999995,22.3,No,Yes
2010-10-16,Brisbane,14.6,20.8,22.2,4.8,10.3,W,54.0,W,W,26.0,19.999999999999996,48.00000000000001,36.0,1008.3,1007.1,1.0,1.0,16.3,20.2,Yes,No
2010-10-17,Brisbane,9.7,22.2,0.0,9.6,12.3,W,26.0,SW,NNE,7.0,6.0,38.0,35.0,1016.4,1013.1,0.0,0.0,16.7,21.5,No,No
2010-10-18,Brisbane,11.0,23.7,0.0,8.6,12.3,E,20.0,WNW,ENE,4.0,7.000000000000001,59.0,40.0,1020.5000000000001,1017.5,1.0,1.0,19.4,22.6,No,No
2010-10-19,Brisbane,12.900000000000002,26.7,0.0,4.8,11.7,ESE,31.0,SSW,ESE,4.0,14.999999999999998,57.0,45.0,1022.1,1019.8,1.0,1.0,22.2,25.2,No,No
2010-10-20,Brisbane,16.3,22.2,0.8,6.4,4.7,SE,31.0,SSE,E,4.0,7.000000000000001,87.0,78.0,1026.5,1024.2,5.0,7.0,19.4,19.9,No,Yes
2010-10-21,Brisbane,15.799999999999999,22.6,1.6,4.0,3.4,E,24.000000000000004,E,E,11.0,9.0,52.0,52.0,1025.9,1022.1999999999999,7.0,7.0,21.8,21.2,Yes,No
2010-10-22,Brisbane,13.0,25.4,0.0,3.0,11.7,E,22.0,SSE,E,4.0,11.0,55.0,47.0,1023.2,1019.0,3.0,2.0,22.0,24.2,No,No
2010-10-23,Brisbane,14.900000000000002,26.6,0.0,5.8,12.0,ENE,22.0,NE,NE,4.0,9.0,59.0,51.0,1020.3,1015.9,2.0,1.0,22.3,25.2,No,No
2010-10-24,Brisbane,15.9,27.1,0.0,5.4,10.1,NNE,30.0,NNE,NE,7.0,9.0,58.00000000000001,51.0,1018.2,1014.1,2.0,3.0,24.5,25.600000000000005,No,Yes
2010-10-26,Brisbane,18.1,26.4,0.0,4.8,7.6,ENE,20.0,E,ENE,6.0,9.0,66.0,63.00000000000001,1019.0,1015.3,7.0,3.0,23.0,24.7,No,No
2010-10-27,Brisbane,19.5,28.0,0.4,3.6,10.1,ENE,24.000000000000004,WSW,NE,6.0,13.0,65.0,56.99999999999999,1017.1,1013.6,3.0,2.0,24.3,25.5,No,No
2010-10-28,Brisbane,18.3,27.399999999999995,0.2,6.2,8.3,SE,33.0,S,ESE,4.0,13.0,61.0,88.0,1017.0,1015.8,4.0,7.0,25.4,19.2,No,Yes
2010-10-29,Brisbane,16.9,26.499999999999996,26.8,7.0,11.7,E,26.0,ESE,ENE,9.0,11.0,58.00000000000001,51.0,1018.6,1016.4,2.0,4.0,24.4,25.4,Yes,No
2010-10-30,Brisbane,16.6,26.499999999999996,0.0,4.6,11.7,ENE,26.0,ENE,ENE,9.0,9.0,56.0,56.0,1019.0,1016.0,3.0,6.0,23.9,24.2,No,No
2010-10-31,Brisbane,15.799999999999999,25.7,0.0,6.0,6.2,NNE,19.0,SE,ENE,2.0,6.0,63.0,56.99999999999999,1017.3,1014.3,7.0,5.0,22.5,25.0,No,No
2010-11-01,Brisbane,16.4,23.3,0.0,4.2,0.3,NNW,15.0,E,N,6.0,4.0,66.0,67.0,1015.5,1012.9,8.0,8.0,21.9,22.2,No,No
2010-11-02,Brisbane,18.1,27.399999999999995,0.2,3.2,12.8,WSW,35.0,W,WSW,6.0,9.0,54.0,30.000000000000004,1015.5,1011.9,3.0,1.0,22.6,27.300000000000004,No,No
2010-11-03,Brisbane,14.900000000000002,26.000000000000004,0.0,9.2,10.7,ESE,31.0,SSE,E,7.0,14.999999999999998,50.0,55.0,1018.1,1015.3,3.0,3.0,23.1,24.4,No,Yes
2010-11-04,Brisbane,19.1,22.6,6.2,5.2,0.0,E,28.0,WNW,N,4.0,2.0,89.0,79.0,1018.1,1015.3,8.0,8.0,19.4,20.2,Yes,Yes
2010-11-05,Brisbane,17.3,23.5,19.6,1.2,1.1,E,30.0,ESE,ESE,7.0,4.0,68.0,65.0,1016.0,1013.1,7.0,7.0,21.5,22.7,Yes,Yes
2010-11-06,Brisbane,16.6,27.399999999999995,2.6,3.0,12.2,SE,31.0,S,S,6.0,11.0,57.0,41.0,1016.8,1014.2,1.0,2.0,23.3,26.9,Yes,No
2010-11-07,Brisbane,18.2,26.4,0.0,5.2,10.9,E,30.0,SE,E,11.0,14.999999999999998,63.0,53.0,1019.5999999999999,1017.9,7.0,4.0,23.4,25.5,No,No
2010-11-08,Brisbane,19.0,26.2,0.0,7.0,2.8,E,24.000000000000004,ENE,ENE,11.0,13.0,63.0,61.0,1021.9,1020.3,8.0,7.0,24.2,24.3,No,No
2010-11-09,Brisbane,20.4,26.1,0.6,4.8,3.5,E,30.0,ENE,ENE,9.0,13.0,67.0,62.0,1024.8,1023.3,7.0,7.0,24.1,24.6,No,No
2010-11-10,Brisbane,16.7,26.4,0.8,5.6,8.8,N,26.0,ENE,ENE,11.0,11.0,55.0,56.99999999999999,1023.7,1020.3,4.0,7.0,25.0,24.8,No,No
2010-11-11,Brisbane,16.9,28.0,0.0,5.4,12.2,NE,26.0,NE,NE,2.0,11.0,55.0,65.0,1018.0,1014.5,4.0,5.0,25.1,25.5,No,No
2010-11-12,Brisbane,19.0,28.0,0.0,6.6,11.0,NE,28.0,NNE,NNE,7.0,11.0,71.0,55.0,1016.9,1015.0,5.0,4.0,24.6,25.7,No,No
2010-11-13,Brisbane,21.7,27.1,0.0,7.800000000000001,12.5,ENE,30.0,ENE,NE,15.0,11.0,58.00000000000001,56.0,1020.6,1019.0,4.0,3.0,25.7,26.100000000000005,No,No
2010-11-14,Brisbane,21.2,27.9,0.0,6.0,7.499999999999999,ENE,28.0,N,ENE,6.0,13.0,64.0,56.99999999999999,1020.7,1017.8,7.0,3.0,25.4,26.2,No,No
2010-11-15,Brisbane,17.7,28.199999999999996,0.2,5.6,12.4,NE,28.0,NE,NE,9.0,11.0,53.00000000000001,49.00000000000001,1016.9,1013.2,6.0,4.0,25.9,26.300000000000004,No,No
2010-11-16,Brisbane,21.3,27.8,0.0,8.4,8.4,ENE,31.0,N,NNE,6.0,9.0,57.0,59.0,1013.6,1010.3,7.0,5.0,26.100000000000005,26.600000000000005,No,No
2010-11-17,Brisbane,20.8,29.5,0.0,8.0,9.3,ENE,24.000000000000004,NW,NE,7.0,9.0,52.0,50.0,1013.6,1010.3,7.0,4.0,25.9,28.299999999999997,No,Yes
2010-11-18,Brisbane,20.6,25.2,5.2,8.0,3.0,SSE,17.0,SSW,SE,2.0,7.000000000000001,72.0,83.0,1013.7,1012.0,8.0,8.0,25.1,22.7,Yes,Yes
2010-11-19,Brisbane,18.3,27.5,9.4,2.4,1.7,SSE,33.0,WSW,ESE,6.0,11.0,79.0,65.0,1015.8,1015.0,8.0,7.0,22.5,25.600000000000005,Yes,No
2010-11-20,Brisbane,20.0,25.5,0.2,5.4,0.6,ESE,41.0,SE,SE,13.0,11.0,56.0,66.0,1021.7,1020.5,7.0,7.0,24.2,23.0,No,No
2010-11-21,Brisbane,18.2,25.1,1.0,5.0,1.7,E,33.0,S,ESE,4.0,11.0,70.0,49.00000000000001,1021.5,1020.2,8.0,8.0,23.7,24.9,No,Yes
2010-11-22,Brisbane,17.7,26.6,4.4,5.8,10.4,ESE,37.0,SSE,ESE,6.0,14.999999999999998,74.0,47.0,1021.4,1019.8,5.0,4.0,23.0,25.8,Yes,No
2010-11-23,Brisbane,16.6,26.6,0.2,9.4,10.4,E,41.0,E,E,22.0,16.999999999999996,44.0,47.0,1023.4,1022.0,6.0,6.0,25.0,25.4,No,No
2010-11-24,Brisbane,18.5,26.4,1.0,7.4,5.0,E,37.0,SE,ESE,15.0,13.0,65.0,47.0,1023.6,1021.4999999999999,7.0,6.0,22.399999999999995,25.600000000000005,No,No
2010-11-25,Brisbane,17.3,26.1,0.0,7.0,5.3,E,37.0,ESE,E,9.0,11.0,53.00000000000001,56.99999999999999,1021.4,1019.7,6.0,7.0,24.0,23.8,No,No
2010-11-26,Brisbane,19.1,27.399999999999995,0.2,5.2,7.1,E,33.0,E,ENE,6.0,14.999999999999998,68.0,50.0,1019.1,1016.4,7.0,7.0,22.8,25.7,No,Yes
2010-11-27,Brisbane,17.2,26.7,1.8000000000000003,7.0,10.2,E,33.0,ENE,ENE,17.0,13.0,54.0,50.0,1017.8,1015.0,4.0,2.0,25.3,25.600000000000005,Yes,No
2010-11-28,Brisbane,18.9,26.3,0.0,8.8,3.2,ENE,24.000000000000004,ENE,ENE,7.0,11.0,58.00000000000001,50.0,1015.3,1012.2,7.0,7.0,24.1,25.1,No,No
2010-11-29,Brisbane,17.6,28.0,0.0,6.6,11.0,ENE,28.0,ENE,NE,4.0,11.0,61.0,51.0,1012.7,1010.3,6.0,2.0,24.8,27.000000000000004,No,Yes
2010-11-30,Brisbane,19.4,27.299999999999997,4.2,6.8,8.1,E,31.0,NE,ENE,9.0,13.0,60.0,56.0,1012.8,1010.5,7.0,7.0,25.2,26.800000000000004,Yes,Yes
2010-12-01,Brisbane,21.5,25.5,3.7999999999999994,6.6,0.5,ENE,35.0,ENE,ENE,15.0,6.0,71.0,91.0,1013.8,1012.6,8.0,8.0,24.6,21.7,Yes,Yes
2010-12-02,Brisbane,19.5,26.900000000000002,58.60000000000001,6.4,0.5,NE,28.0,NNE,ENE,2.0,13.0,84.0,72.0,1016.8,1015.2,8.0,7.0,23.1,24.3,Yes,Yes
2010-12-03,Brisbane,20.2,24.9,1.2,4.4,0.0,ENE,30.0,SE,NE,4.0,11.0,77.0,70.0,1017.0,1013.3,8.0,8.0,22.8,23.7,Yes,No
2010-12-04,Brisbane,21.3,24.3,0.2,3.2,0.1,ENE,33.0,ENE,ENE,15.0,11.0,71.0,82.0,1011.3,1008.9,8.0,8.0,24.1,22.2,No,Yes
2010-12-05,Brisbane,19.6,26.1,50.6,4.2,1.2,E,28.0,SE,ENE,4.0,13.0,94.0,72.0,1010.4,1008.1,8.0,7.0,21.0,24.9,Yes,No
2010-12-06,Brisbane,20.3,26.4,0.8,0.8,2.1,ESE,30.0,SE,ESE,7.0,7.000000000000001,71.0,82.0,1010.9,1009.2,7.0,7.0,25.8,25.0,No,Yes
2010-12-07,Brisbane,20.9,28.3,8.4,3.2,8.7,E,37.0,SSE,E,9.0,9.0,75.0,84.0,1013.7,1012.1,7.0,5.0,25.8,24.8,Yes,Yes
2010-12-08,Brisbane,21.1,27.9,5.4,6.4,10.9,E,26.0,ENE,ENE,9.0,13.0,69.0,66.0,1016.8,1015.2,5.0,7.0,25.9,26.9,Yes,No
2010-12-09,Brisbane,21.6,28.9,0.0,6.2,11.4,NE,24.000000000000004,ENE,NE,9.0,11.0,65.0,62.0,1016.9,1014.2,3.0,1.0,26.9,27.799999999999997,No,No
2010-12-10,Brisbane,21.7,30.4,0.0,8.0,12.0,NE,31.0,NNW,NE,7.0,14.999999999999998,59.0,65.0,1013.0,1008.1,4.0,4.0,27.300000000000004,28.400000000000002,No,No
2010-12-11,Brisbane,24.1,30.7,0.0,7.2,3.7,W,48.00000000000001,N,SSW,7.0,6.0,65.0,89.0,1007.9,1004.9,6.0,7.0,28.299999999999997,25.4,No,Yes
2010-12-12,Brisbane,20.4,27.2,80.4,12.4,0.0,W,15.0,NW,NE,2.0,6.0,80.99999999999999,86.0,1008.8,1006.9,8.0,8.0,23.9,23.7,Yes,Yes
2010-12-13,Brisbane,22.0,30.199999999999996,1.6,2.0,9.2,ENE,30.0,SSW,E,2.0,13.0,67.0,62.0,1010.7999999999998,1008.8,7.0,1.0,27.200000000000003,28.699999999999996,Yes,No
2010-12-14,Brisbane,20.8,29.1,0.0,5.8,9.1,ESE,33.0,SSE,ESE,7.0,13.0,64.0,60.00000000000001,1011.8,1009.1,6.0,3.0,26.5,28.999999999999996,No,No
2010-12-15,Brisbane,20.5,32.1,0.2,5.8,12.4,NE,24.000000000000004,SW,ENE,4.0,11.0,62.0,55.0,1011.2,1006.8,1.0,2.0,27.000000000000004,29.199999999999996,No,No
2010-12-19,Brisbane,21.3,24.2,9.8,5.2,0.0,WSW,22.0,SW,S,4.0,6.0,72.0,90.0,1006.7,1005.2,7.0,8.0,22.6,19.0,Yes,Yes
2010-12-20,Brisbane,17.3,28.099999999999998,57.4,3.7999999999999994,12.3,W,48.00000000000001,W,W,17.0,24.0,64.0,31.0,1002.6,1003.6,7.0,1.0,24.1,27.200000000000003,Yes,No
2010-12-22,Brisbane,17.8,23.1,0.0,8.0,0.0,SE,24.000000000000004,SE,SW,7.0,4.0,75.0,88.0,1016.6,1015.5,7.0,8.0,22.1,20.6,No,Yes
2010-12-23,Brisbane,19.2,29.1,12.8,0.6,2.9,ESE,24.000000000000004,SW,E,6.0,9.0,87.0,65.0,1016.9,1014.8,8.0,7.0,21.8,27.999999999999996,Yes,No
2010-12-24,Brisbane,21.8,27.700000000000003,0.2,3.2,0.2,SSE,41.0,SE,ESE,15.0,11.0,71.0,81.0,1016.9,1015.3,7.0,8.0,26.800000000000004,25.2,No,Yes
2010-12-25,Brisbane,21.9,26.2,36.2,6.6,0.2,SSE,15.0,S,SSE,2.0,6.0,90.0,85.0,1014.8,1011.9,8.0,8.0,24.8,24.9,Yes,Yes
2010-12-27,Brisbane,21.6,26.6,60.2,0.6,0.0,W,33.0,N,SW,2.0,7.000000000000001,94.0,92.00000000000001,1002.2999999999998,1000.1,8.0,8.0,24.2,21.4,Yes,Yes
2010-12-28,Brisbane,21.1,25.1,34.0,2.0,0.0,SE,46.0,SE,SE,17.0,9.0,73.0,70.0,1012.7,1013.1,8.0,8.0,23.6,23.5,Yes,No
2010-12-29,Brisbane,20.4,27.5,1.0,3.4,0.0,SE,33.0,SE,SE,17.0,11.0,58.00000000000001,56.0,1015.8,1013.3,8.0,7.0,24.5,27.099999999999998,No,No
2010-12-30,Brisbane,19.4,30.4,0.0,4.4,11.4,E,30.0,SSE,E,7.0,14.999999999999998,58.00000000000001,56.99999999999999,1015.5,1013.2,6.0,3.0,26.7,29.1,No,No
2010-12-31,Brisbane,20.4,29.5,0.0,6.8,12.6,ESE,35.0,ESE,E,9.0,16.999999999999996,58.00000000000001,52.0,1015.3,1013.3,4.0,1.0,26.9,28.299999999999997,No,No
2011-01-01,Brisbane,21.7,28.4,0.4,6.6,0.0,ESE,30.0,SSE,SE,7.0,6.0,89.0,90.0,1014.4,1012.9,8.0,8.0,23.0,24.1,No,Yes
2011-01-02,Brisbane,22.7,29.600000000000005,3.0,2.2,11.2,E,26.0,NE,NE,7.0,11.0,68.0,63.00000000000001,1013.9,1010.7,4.0,3.0,27.4,28.400000000000002,Yes,No
2011-01-03,Brisbane,22.9,32.1,0.0,6.2,6.9,E,24.000000000000004,SW,ESE,4.0,6.0,67.0,58.0,1009.7,1006.3,5.0,5.0,27.799999999999997,28.6,No,No
2011-01-04,Brisbane,22.2,30.7,0.0,5.4,7.8,ESE,28.0,S,E,7.0,13.0,60.0,64.0,1007.8,1006.0,6.0,7.0,28.499999999999996,28.699999999999996,No,No
2011-01-05,Brisbane,21.7,29.300000000000004,0.0,5.2,0.0,W,26.0,E,NE,6.0,9.0,65.0,64.0,1008.1,1004.4,6.0,6.0,26.800000000000004,27.4,No,Yes
2011-01-06,Brisbane,20.5,24.8,41.8,4.6,0.0,WSW,22.0,ESE,S,7.0,4.0,82.0,91.0,1005.4,1004.8,8.0,8.0,23.9,19.9,Yes,Yes
2011-01-08,Brisbane,21.1,27.299999999999997,11.599999999999998,2.0,2.1,SE,37.0,SSE,SSE,15.0,14.999999999999998,65.0,73.0,1008.1,1005.1,7.0,8.0,26.7,25.9,Yes,Yes
2011-01-11,Brisbane,23.8,28.6,15.399999999999999,2.0,0.0,E,33.0,E,E,15.0,14.999999999999998,88.0,94.0,1007.7,1007.4,8.0,8.0,25.0,24.1,Yes,Yes
2011-01-13,Brisbane,22.1,28.4,0.4,7.800000000000001,6.9,ENE,31.0,ESE,ESE,13.0,13.0,58.00000000000001,56.99999999999999,1013.1,1010.8,3.0,5.0,27.200000000000003,27.099999999999998,No,No
2011-01-14,Brisbane,19.4,28.9,0.0,8.2,11.8,E,31.0,ESE,E,11.0,13.0,60.0,59.0,1011.5,1009.0,7.0,5.0,26.100000000000005,27.099999999999998,No,No
2011-01-15,Brisbane,20.2,28.8,0.4,7.2,9.2,E,26.0,SW,E,4.0,7.000000000000001,77.0,52.0,1009.3,1006.6,7.0,5.0,24.0,27.999999999999996,No,No
2011-01-18,Brisbane,23.2,34.9,0.0,7.2,10.1,ENE,30.0,SW,E,6.0,11.0,57.0,53.0,1003.8,1003.5,1.0,3.0,31.6,31.2,No,Yes
2011-01-19,Brisbane,23.4,31.2,3.4,4.6,10.3,SW,33.0,E,ENE,7.0,13.0,70.0,71.0,1007.4,1005.7,6.0,7.0,29.399999999999995,28.699999999999996,Yes,Yes
2011-01-20,Brisbane,20.6,29.8,36.2,4.2,8.6,SE,33.0,S,ESE,4.0,11.0,67.0,70.0,1008.8,1008.6,6.0,7.0,27.999999999999996,26.5,Yes,Yes
2011-01-21,Brisbane,20.7,28.500000000000004,4.4,6.0,8.0,ESE,43.0,SE,SE,11.0,14.999999999999998,77.0,51.0,1012.2,1010.7,7.0,5.0,23.8,27.900000000000002,Yes,No
2011-01-22,Brisbane,18.9,29.399999999999995,0.0,6.4,12.5,SSE,39.0,S,ESE,9.0,19.999999999999996,54.0,48.0,1012.9,1011.7,3.0,4.0,26.7,27.799999999999997,No,No
2011-01-23,Brisbane,18.8,29.8,0.0,9.8,11.6,ESE,37.0,SSE,SE,9.0,11.0,49.0,43.0,1010.9,1008.4,3.0,2.0,26.600000000000005,28.699999999999996,No,No
2011-01-24,Brisbane,19.1,29.399999999999995,0.0,8.4,12.5,NE,20.0,NNE,ENE,2.0,7.000000000000001,52.0,47.0,1010.2,1007.3,1.0,1.0,26.100000000000005,28.900000000000002,No,No
2011-01-25,Brisbane,20.2,30.4,0.0,5.8,12.8,NNE,24.000000000000004,N,NE,4.0,11.0,58.00000000000001,56.0,1011.4000000000001,1009.9,1.0,1.0,28.200000000000003,28.900000000000002,No,No
2011-01-26,Brisbane,21.5,30.500000000000004,0.0,7.4,12.8,ENE,28.0,ESE,ENE,2.0,11.0,57.0,59.0,1015.3,1013.7,3.0,1.0,27.300000000000004,28.900000000000002,No,No
2011-01-27,Brisbane,20.6,30.999999999999996,0.0,7.0,12.6,E,22.0,SE,NE,4.0,9.0,61.0,56.0,1015.5,1012.5,3.0,1.0,27.200000000000003,29.899999999999995,No,No
2011-01-28,Brisbane,21.9,31.400000000000002,0.0,8.2,9.6,SE,31.0,SSE,ESE,6.0,14.999999999999998,65.0,53.99999999999999,1013.5,1013.1,5.0,3.0,27.799999999999997,30.1,No,No
2011-01-29,Brisbane,23.1,29.700000000000003,0.2,8.0,10.4,E,46.0,SE,SE,15.0,16.999999999999996,58.00000000000001,44.0,1018.0,1016.1,5.0,2.0,25.5,29.1,No,No
2011-01-30,Brisbane,20.8,30.0,0.0,8.0,4.1,ESE,31.0,ESE,E,11.0,14.999999999999998,63.0,62.0,1019.5999999999999,1017.6,7.0,7.0,27.000000000000004,27.4,No,No
2011-01-31,Brisbane,21.1,31.1,0.0,5.8,12.4,ENE,24.000000000000004,ENE,NE,9.0,9.0,61.0,55.0,1018.3,1015.3,3.0,3.0,27.599999999999998,30.0,No,Yes
2011-02-01,Brisbane,23.2,30.7,3.6000000000000005,7.599999999999999,6.8,ENE,26.0,ENE,ENE,9.0,11.0,80.99999999999999,67.0,1017.5,1014.8,5.0,7.0,27.099999999999998,29.699999999999996,Yes,Yes
2011-02-07,Brisbane,24.2,30.4,1.6,4.6,1.8,SE,31.0,SW,SE,4.0,13.0,80.99999999999999,58.0,1018.2,1014.9,7.0,7.0,24.6,29.199999999999996,Yes,Yes
2011-02-09,Brisbane,21.0,28.999999999999996,14.2,2.2,8.3,SE,43.0,SE,ESE,13.0,16.999999999999996,59.0,45.0,1019.9000000000001,1019.0,5.0,3.0,26.600000000000005,28.299999999999997,Yes,No
2011-02-13,Brisbane,20.7,30.8,0.0,6.4,10.4,E,22.0,WSW,ENE,6.0,11.0,65.0,59.0,1016.1,1013.1,5.0,3.0,26.4,28.900000000000002,No,No
2011-02-14,Brisbane,21.4,31.799999999999997,0.0,6.4,12.0,E,33.0,SE,E,11.0,16.999999999999996,61.0,48.0,1016.1,1014.3,5.0,3.0,27.799999999999997,30.5,No,No
2011-02-16,Brisbane,20.3,28.8,21.0,4.8,3.6,SE,30.0,S,S,6.0,2.0,79.0,84.0,1016.9,1014.4,5.0,6.0,25.4,24.7,Yes,Yes
2011-02-17,Brisbane,21.9,28.7,2.2,3.6,7.0,E,20.0,SSE,W,4.0,2.0,75.0,80.0,1014.6,1012.3,7.0,5.0,26.600000000000005,26.5,Yes,Yes
2011-02-18,Brisbane,21.0,31.300000000000004,19.0,4.4,11.7,E,24.000000000000004,SE,E,6.0,14.999999999999998,69.0,60.00000000000001,1013.7,1011.5,3.0,2.0,27.000000000000004,29.6,Yes,No
2011-02-19,Brisbane,22.1,31.899999999999995,0.0,8.0,12.2,ENE,20.0,E,ENE,6.0,9.0,68.0,56.0,1014.1,1011.4,4.0,1.0,28.200000000000003,30.3,No,No
2011-02-20,Brisbane,22.1,35.3,0.0,3.6,12.3,ENE,20.0,WSW,NE,4.0,9.0,55.0,51.0,1011.9,1007.3,0.0,1.0,28.699999999999996,33.6,No,No
2011-02-21,Brisbane,24.4,34.5,0.0,8.0,8.1,WNW,41.0,WNW,ENE,4.0,13.0,65.0,67.0,1008.1,1004.6,4.0,6.0,30.7,30.3,No,Yes
2011-02-22,Brisbane,21.9,28.4,68.8,10.6,9.1,SE,48.00000000000001,SSE,SE,22.0,16.999999999999996,59.0,55.0,1014.4,1014.5,5.0,7.0,25.8,26.0,Yes,No
2011-02-24,Brisbane,18.8,27.700000000000003,3.6000000000000005,6.6,9.0,SSE,30.0,S,ESE,4.0,11.0,63.0,53.99999999999999,1017.3,1014.4,6.0,5.0,23.9,27.000000000000004,Yes,No
2011-02-25,Brisbane,18.3,29.300000000000004,0.0,4.2,11.2,E,22.0,SW,ENE,4.0,11.0,61.0,56.0,1015.2,1012.4,2.0,2.0,25.5,27.900000000000002,No,No
2011-02-26,Brisbane,19.2,30.6,0.0,7.4,11.0,ENE,22.0,SW,ENE,4.0,11.0,63.0,49.00000000000001,1014.3,1010.9,2.0,1.0,26.0,28.499999999999996,No,No
2011-03-01,Brisbane,21.9,33.2,0.0,7.4,11.9,NNE,24.000000000000004,NW,NNE,4.0,9.0,61.0,53.99999999999999,1011.3,1008.1,1.0,1.0,27.900000000000002,32.2,No,Yes
2011-03-02,Brisbane,20.4,30.9,22.6,7.0,8.0,SSE,30.0,SW,E,7.0,11.0,78.0,55.0,1013.2,1010.2,6.0,1.0,25.9,30.399999999999995,Yes,Yes
2011-03-03,Brisbane,23.8,33.1,1.2,5.0,7.1,SSE,28.0,WSW,ENE,4.0,11.0,76.0,60.00000000000001,1012.0000000000001,1007.8,4.0,3.0,26.7,30.9,Yes,Yes
2011-03-04,Brisbane,22.6,25.0,23.4,1.2,0.0,SSE,17.0,SSE,SSE,2.0,9.0,90.99999999999999,87.0,1011.8,1009.0,8.0,8.0,23.1,24.1,Yes,Yes
2011-03-05,Brisbane,21.1,27.0,29.2,2.2,0.0,SE,41.0,SW,SSE,4.0,11.0,87.0,59.0,1014.2,1014.2,8.0,8.0,24.1,26.800000000000004,Yes,Yes
2011-03-06,Brisbane,19.2,27.399999999999995,1.4,5.0,8.2,SE,48.00000000000001,SE,SE,13.0,19.999999999999996,57.0,44.0,1020.5000000000001,1019.4,3.0,3.0,25.3,26.4,Yes,No
2011-03-07,Brisbane,18.5,27.5,0.4,6.6,9.5,ESE,33.0,SE,ESE,7.0,14.999999999999998,63.0,45.0,1020.4,1017.7,7.0,3.0,23.2,26.600000000000005,No,No
2011-03-08,Brisbane,18.1,27.0,0.8,6.2,10.0,ESE,33.0,NE,E,4.0,11.0,76.0,53.0,1018.7,1016.0,7.0,3.0,23.1,25.4,No,Yes
2011-03-10,Brisbane,19.7,27.600000000000005,0.2,6.8,4.7,NE,24.000000000000004,E,NE,4.0,9.0,60.0,58.0,1015.7,1013.2,6.0,7.0,26.4,27.200000000000003,No,No
2011-03-11,Brisbane,20.7,29.2,0.0,3.2,8.6,ENE,26.0,ENE,ENE,6.0,13.0,61.0,58.0,1016.5,1015.3,6.0,7.0,26.9,27.799999999999997,No,No
2011-03-12,Brisbane,21.2,28.9,0.2,5.6,7.9,E,30.0,ENE,ENE,11.0,13.0,64.0,58.0,1020.1,1018.7,6.0,6.0,27.4,27.599999999999998,No,No
2011-03-16,Brisbane,21.3,30.4,0.0,5.6,8.5,ENE,22.0,S,ENE,4.0,9.0,68.0,61.0,1018.1,1014.8,6.0,6.0,26.2,28.699999999999996,No,No
2011-03-18,Brisbane,21.8,28.7,0.0,5.0,0.2,ENE,15.0,WSW,ENE,6.0,2.0,76.0,62.0,1015.0,1011.2,7.0,7.0,24.4,27.900000000000002,No,Yes
2011-03-19,Brisbane,22.3,23.9,1.4,2.4,0.0,E,22.0,SE,SSE,7.0,6.0,80.0,92.00000000000001,1011.9,1008.4,8.0,8.0,23.6,21.7,Yes,Yes
2011-03-20,Brisbane,20.3,27.2,32.6,2.0,0.0,SE,26.0,SW,SE,2.0,7.000000000000001,94.0,78.0,1007.8,1004.2,8.0,8.0,22.399999999999995,25.5,Yes,Yes
2011-03-21,Brisbane,22.2,31.1,1.2,1.4,8.1,ENE,15.0,SW,ENE,4.0,9.0,70.0,68.0,1005.1,1001.9,5.0,5.0,26.9,28.6,Yes,No
2011-03-22,Brisbane,23.1,34.5,0.0,3.0,8.5,WNW,28.0,W,WNW,4.0,13.0,76.0,39.0,1003.1999999999999,1000.1,7.0,2.0,27.4,33.9,No,No
2011-03-23,Brisbane,19.6,32.4,0.0,5.4,11.6,W,30.0,WSW,WNW,6.0,11.0,48.00000000000001,40.0,1006.7,1003.4,1.0,3.0,27.999999999999996,31.8,No,No
2011-03-24,Brisbane,20.7,30.9,0.0,7.800000000000001,11.2,W,31.0,W,W,9.0,14.999999999999998,52.0,34.0,1009.8,1006.5,1.0,2.0,26.300000000000004,30.3,No,No
2011-03-25,Brisbane,16.3,29.9,0.0,7.800000000000001,8.6,W,37.0,SW,W,4.0,14.999999999999998,42.99999999999999,34.0,1011.6999999999999,1008.7,1.0,4.0,25.8,29.3,No,No
2011-03-26,Brisbane,19.1,28.7,0.0,8.0,10.7,SE,31.0,SSW,SE,4.0,13.0,56.0,48.0,1014.8,1013.8,3.0,3.0,25.7,27.4,No,No
2011-03-27,Brisbane,19.4,27.0,0.0,8.0,5.2,SE,41.0,S,SE,9.0,13.0,57.0,52.0,1020.0,1018.2,5.0,7.0,25.2,25.8,No,No
2011-03-28,Brisbane,18.1,26.800000000000004,0.0,7.2,4.8,SE,35.0,S,SE,6.0,13.0,59.0,69.0,1022.6,1020.6,4.0,6.0,24.7,23.8,No,Yes
2011-03-29,Brisbane,19.2,26.6,6.0,3.2,0.9,E,28.0,SSW,E,2.0,13.0,75.0,52.0,1022.3,1019.7,7.0,8.0,24.2,25.5,Yes,Yes
2011-03-31,Brisbane,19.3,27.600000000000005,16.0,1.0,6.6,WSW,22.0,SW,E,2.0,9.0,79.0,70.0,1020.0,1017.6,7.0,7.0,22.8,25.4,Yes,No
2011-05-01,Brisbane,14.699999999999998,27.1,0.2,3.4,10.1,W,20.0,WSW,S,6.0,6.0,66.0,37.0,1015.3,1011.5,0.0,1.0,20.8,26.300000000000004,No,No
2011-05-02,Brisbane,14.1,27.600000000000005,0.0,3.0,10.1,E,17.0,SSW,ENE,4.0,4.0,66.0,47.0,1015.6,1012.2,1.0,3.0,20.9,25.7,No,No
2011-05-04,Brisbane,14.799999999999999,25.3,19.6,3.4,8.8,WSW,20.0,SW,SSE,6.0,6.0,72.0,47.0,1014.0,1011.5,1.0,3.0,19.6,24.4,Yes,No
2011-05-05,Brisbane,14.199999999999998,25.6,0.2,3.4,8.8,SSE,26.0,WSW,SW,6.0,7.000000000000001,61.0,45.0,1016.3,1014.5,1.0,3.0,20.1,25.4,No,No
2011-05-06,Brisbane,14.299999999999999,24.9,0.0,4.0,9.6,SW,19.0,SW,W,7.0,6.0,53.00000000000001,43.0,1020.4,1016.5,6.0,6.0,19.6,23.3,No,No
2011-05-07,Brisbane,12.3,25.0,0.0,4.0,10.0,W,13.0,SW,W,6.0,4.0,67.0,38.0,1018.3,1014.3,1.0,3.0,18.1,24.0,No,No
2011-05-09,Brisbane,16.2,18.9,5.6,2.0,0.1,SSW,17.0,SW,W,4.0,4.0,90.0,84.0,1013.4,1009.7,8.0,7.0,16.8,16.6,Yes,Yes
2011-05-10,Brisbane,13.199999999999998,22.5,3.7999999999999994,1.6,10.1,WSW,31.0,WSW,W,11.0,13.0,69.0,47.0,1011.8,1009.8,2.0,2.0,16.9,20.8,Yes,No
2011-05-11,Brisbane,10.3,21.5,0.0,3.4,10.2,WNW,35.0,W,WNW,4.0,13.0,49.0,32.0,1014.7,1010.9,0.0,0.0,18.0,21.2,No,No
2011-05-12,Brisbane,11.8,21.7,0.0,5.4,10.2,W,41.0,WSW,W,11.0,16.999999999999996,44.0,36.0,1014.9,1010.6,1.0,1.0,16.4,21.2,No,No
2011-05-13,Brisbane,7.8999999999999995,22.9,0.0,5.6,10.3,W,22.0,SW,SW,6.0,7.000000000000001,47.0,35.0,1016.6,1012.2,0.0,1.0,16.2,22.3,No,No
2011-05-14,Brisbane,8.2,23.0,0.0,4.0,10.3,W,28.0,SW,WSW,6.0,6.0,48.00000000000001,31.0,1016.2,1014.4,2.0,2.0,18.3,22.7,No,No
2011-05-15,Brisbane,11.5,23.2,0.0,4.0,10.0,SW,19.0,SW,S,6.0,4.0,42.99999999999999,32.0,1026.0,1024.5,1.0,2.0,16.5,22.2,No,No
2011-05-16,Brisbane,10.5,23.7,0.0,4.4,8.1,W,17.0,SW,NNW,6.0,2.0,59.0,79.0,1029.5,1026.0,2.0,5.0,17.4,18.7,No,No
2011-05-17,Brisbane,11.2,24.9,0.4,3.2,8.1,ESE,19.0,SW,ESE,4.0,9.0,75.0,53.0,1027.7,1024.2,1.0,2.0,16.6,22.2,No,No
2011-05-18,Brisbane,12.1,23.8,0.2,4.0,7.299999999999999,SE,28.0,SW,SE,4.0,9.0,64.0,51.0,1028.6,1025.7,3.0,5.0,18.0,22.7,No,No
2011-05-19,Brisbane,14.5,22.5,0.2,3.0,6.5,SSE,28.0,SSW,SE,4.0,6.0,77.0,87.0,1028.3,1026.2,5.0,7.0,18.6,19.3,No,Yes
2011-05-20,Brisbane,14.199999999999998,24.1,4.2,3.0,8.9,ESE,24.000000000000004,SSW,E,4.0,7.000000000000001,73.0,56.99999999999999,1027.0,1023.9000000000001,1.0,6.0,18.9,22.4,Yes,No
2011-05-21,Brisbane,14.1,23.2,0.4,3.0,4.5,E,22.0,WSW,SE,4.0,9.0,85.0,77.0,1025.7,1022.1999999999999,7.0,4.0,17.0,21.1,No,Yes
2011-05-22,Brisbane,17.0,24.5,10.8,2.2,4.7,E,15.0,SW,ENE,4.0,7.000000000000001,89.0,64.0,1022.9,1017.9,7.0,7.0,18.7,23.1,Yes,No
2011-05-24,Brisbane,14.1,22.6,11.4,0.8,9.7,W,31.0,W,W,9.0,9.0,63.0,42.0,1009.3,1005.4,1.0,3.0,18.9,22.1,Yes,No
2011-05-25,Brisbane,11.7,19.4,0.0,5.6,10.1,W,44.0,W,W,11.0,14.999999999999998,61.0,46.00000000000001,1009.6,1006.5,1.0,1.0,16.0,19.2,No,No
2011-05-26,Brisbane,11.0,22.2,0.0,6.0,9.6,WSW,24.000000000000004,WSW,W,7.0,7.000000000000001,55.0,43.0,1013.4,1012.2,1.0,2.0,16.4,21.1,No,No
2011-05-27,Brisbane,9.6,23.7,0.0,3.2,9.8,SW,19.0,SW,WSW,6.0,4.0,64.0,39.0,1018.8,1015.8,1.0,1.0,16.3,22.6,No,No
2011-05-28,Brisbane,10.4,22.8,0.0,3.0,5.5,SE,15.0,SW,E,6.0,6.0,71.0,59.0,1021.5,1019.2,1.0,7.0,15.6,20.8,No,No
2011-05-29,Brisbane,14.400000000000002,23.1,0.0,2.8,7.499999999999999,ESE,24.000000000000004,SSW,E,4.0,13.0,69.0,64.0,1023.0,1018.8,4.0,5.0,17.9,20.7,No,Yes
2011-05-30,Brisbane,14.400000000000002,22.7,12.0,2.0,8.3,WSW,22.0,SW,WSW,4.0,4.0,87.0,51.0,1018.1,1013.7,4.0,4.0,16.4,21.9,Yes,No
2011-05-31,Brisbane,10.4,19.9,0.2,2.0,7.9,ESE,19.0,SW,WSW,6.0,6.0,76.0,56.0,1015.2,1012.7,5.0,6.0,14.3,19.6,No,No
2011-06-02,Brisbane,12.5,24.0,0.0,0.4,7.4,SW,26.0,SW,SSW,7.0,7.000000000000001,72.0,53.99999999999999,1017.6,1015.4,1.0,6.0,18.6,22.2,No,No
2011-06-03,Brisbane,13.400000000000002,23.9,0.0,3.4,9.8,WSW,19.0,WSW,W,9.0,9.0,59.0,44.0,1018.6,1015.2,0.0,1.0,18.6,23.2,No,No
2011-06-04,Brisbane,10.5,24.3,0.0,2.8,9.8,WNW,19.0,W,WNW,4.0,7.000000000000001,73.0,40.0,1018.9,1015.2,0.0,2.0,15.1,23.5,No,No
2011-06-05,Brisbane,11.1,22.8,0.0,2.8,2.1,WSW,13.0,SW,W,4.0,6.0,80.0,49.00000000000001,1018.9,1014.7,7.0,6.0,14.499999999999998,21.9,No,No
2011-06-06,Brisbane,10.6,25.8,0.0,4.0,10.1,W,20.0,SW,WNW,2.0,6.0,69.0,39.0,1017.4,1014.5,1.0,2.0,17.9,25.1,No,No
2011-06-09,Brisbane,12.2,12.6,0.0,2.8,0.0,W,22.0,W,W,7.0,7.000000000000001,42.0,45.0,1017.4,1014.9,7.0,7.0,12.4,12.0,No,No
2011-06-10,Brisbane,6.8,20.4,0.0,3.4,9.2,W,28.0,WSW,W,7.0,6.0,51.0,33.0,1017.8,1015.9,1.0,2.0,12.4,19.6,No,No
2011-06-11,Brisbane,9.5,15.499999999999998,0.0,2.4,0.0,WSW,17.0,WSW,WSW,4.0,4.0,68.0,65.0,1020.6,1017.8,8.0,8.0,12.1,15.3,No,Yes
2011-06-12,Brisbane,12.1,18.8,3.7999999999999994,0.4,1.7,SW,26.0,SW,WSW,4.0,11.0,93.0,79.0,1016.9,1014.0,8.0,7.0,14.100000000000001,17.0,Yes,No
2011-06-13,Brisbane,12.5,22.5,0.2,3.2,9.5,WSW,28.0,WSW,SSW,9.0,6.0,70.0,53.99999999999999,1014.2,1010.3,3.0,2.0,16.5,21.9,No,No
2011-06-14,Brisbane,9.6,20.1,0.0,3.6,9.8,W,33.0,W,WNW,13.0,14.999999999999998,66.0,53.99999999999999,1012.1,1009.8,1.0,4.0,16.1,19.1,No,No
2011-06-16,Brisbane,7.7,22.0,0.0,2.2,9.5,WSW,30.0,W,WSW,11.0,9.0,65.0,48.0,1015.6,1012.5,1.0,2.0,15.0,20.7,No,No
2011-06-17,Brisbane,8.0,21.7,0.0,3.4,10.2,W,43.0,WSW,W,4.0,11.0,60.0,43.0,1014.1,1009.3,1.0,2.0,17.4,21.1,No,No
2011-06-18,Brisbane,8.5,20.3,0.0,5.8,9.7,W,35.0,WSW,W,9.0,16.999999999999996,45.0,33.0,1013.6,1010.5,1.0,1.0,15.1,19.7,No,No
2011-06-19,Brisbane,7.7,20.1,0.0,5.0,9.1,WSW,19.0,WSW,WSW,7.0,4.0,58.00000000000001,41.0,1017.5,1015.2,0.0,0.0,13.500000000000002,19.5,No,No
2011-06-22,Brisbane,8.2,18.5,0.0,3.6,9.9,WSW,37.0,W,W,11.0,13.0,58.00000000000001,30.000000000000004,1015.9,1013.8,1.0,0.0,14.8,18.0,No,No
2011-06-23,Brisbane,6.0,20.5,0.0,6.4,9.9,WSW,17.0,SW,WNW,6.0,6.0,57.0,33.0,1020.4,1018.1,0.0,0.0,12.7,20.1,No,No
2011-06-24,Brisbane,7.7,23.1,0.0,3.0,9.6,SW,17.0,SW,SSE,4.0,4.0,63.0,45.0,1025.5,1022.9999999999999,1.0,2.0,13.600000000000001,23.0,No,No
2011-06-25,Brisbane,12.3,22.5,0.2,2.8,9.4,E,30.0,SSW,ESE,6.0,13.0,69.0,48.0,1028.5,1025.9,1.0,1.0,17.0,20.9,No,No
2011-06-26,Brisbane,13.0,22.7,0.0,3.6,9.1,NE,24.000000000000004,WSW,ESE,6.0,7.000000000000001,69.0,56.0,1028.4,1024.9,2.0,1.0,16.8,20.5,No,No
2011-06-27,Brisbane,12.5,22.6,0.0,2.8,0.1,WSW,13.0,WSW,NE,2.0,4.0,77.0,47.0,1027.3,1024.3,7.0,6.0,15.0,21.3,No,No
2011-06-28,Brisbane,12.0,22.4,0.0,2.2,8.8,E,30.0,SSW,SE,6.0,11.0,62.0,58.0,1029.3,1026.8,1.0,3.0,16.6,20.3,No,No
2011-06-29,Brisbane,13.8,19.3,0.0,3.6,4.1,ESE,37.0,SSE,SE,9.0,13.0,74.0,67.0,1030.6,1028.8,7.0,7.0,16.4,18.9,No,Yes
2011-06-30,Brisbane,12.3,20.8,6.4,1.8,4.9,SSE,37.0,SW,SSE,4.0,13.0,82.0,53.0,1031.1,1027.6,5.0,4.0,15.3,19.5,Yes,No
2011-07-01,Brisbane,11.4,21.6,0.2,3.0,8.8,SE,22.0,SW,SSE,7.0,7.000000000000001,70.0,48.0,1026.5,1022.7,2.0,6.0,15.9,21.0,No,No
2011-07-02,Brisbane,11.3,22.1,0.0,2.8,8.7,SE,24.000000000000004,WSW,SW,7.0,2.0,71.0,47.0,1024.6,1021.0,6.0,2.0,15.8,21.1,No,No
2011-07-03,Brisbane,12.3,20.9,0.0,3.0,1.2,WSW,15.0,SW,NE,4.0,6.0,72.0,63.00000000000001,1023.4,1021.0,7.0,7.0,15.9,19.2,No,No
2011-07-04,Brisbane,10.6,23.5,0.0,2.8,9.5,W,19.0,SW,WNW,4.0,7.000000000000001,79.0,39.0,1022.5,1017.2,0.0,1.0,14.8,23.0,No,No
2011-07-05,Brisbane,11.1,22.3,0.0,2.6,10.2,W,43.0,W,W,9.0,16.999999999999996,55.0,26.999999999999996,1017.3,1013.0,1.0,0.0,19.5,21.6,No,No
2011-07-06,Brisbane,7.200000000000001,21.4,0.0,8.2,9.9,WSW,31.0,WSW,W,11.0,13.0,35.0,26.0,1016.2,1012.8,0.0,0.0,16.3,20.9,No,No
2011-07-07,Brisbane,7.3999999999999995,20.9,0.0,6.2,9.9,W,39.0,WSW,W,4.0,13.0,36.0,32.0,1017.9,1015.9,0.0,1.0,17.2,20.6,No,No
2011-07-08,Brisbane,6.5,20.8,0.0,5.0,9.7,WNW,22.0,SW,SW,4.0,4.0,53.00000000000001,32.0,1024.4,1020.8,1.0,1.0,13.999999999999998,20.3,No,No
2011-07-09,Brisbane,9.0,20.0,0.0,4.0,10.1,W,33.0,W,W,13.0,14.999999999999998,41.0,28.0,1020.8,1016.9,0.0,0.0,13.7,19.7,No,No
2011-07-10,Brisbane,6.8,19.2,0.0,6.0,10.0,WSW,33.0,SW,WNW,6.0,11.0,47.0,29.0,1019.2,1015.1,0.0,0.0,12.1,19.0,No,No
2011-07-11,Brisbane,10.0,21.9,0.0,7.2,9.9,W,35.0,W,WNW,9.0,9.0,42.0,29.0,1018.9,1017.8,5.0,2.0,14.699999999999998,20.7,No,No
2011-07-12,Brisbane,6.700000000000001,21.6,0.0,5.0,9.9,NNE,15.0,SW,SW,4.0,2.0,62.0,36.0,1024.9,1021.2,1.0,0.0,11.6,21.3,No,No
2011-07-13,Brisbane,5.6,23.5,0.0,2.4,9.6,W,20.0,SW,WSW,2.0,4.0,63.0,21.0,1022.2,1018.5,7.0,3.0,11.7,23.0,No,No
2011-07-16,Brisbane,12.0,16.4,10.8,2.6,0.6,SSE,22.0,SSW,S,4.0,4.0,90.99999999999999,77.0,1028.1,1024.1,8.0,7.0,13.1,15.9,Yes,No
2011-07-17,Brisbane,12.2,21.8,1.0,1.2,7.8,SSE,17.0,SW,SSE,6.0,2.0,74.0,58.0,1022.8,1019.0,1.0,3.0,15.6,20.6,No,No
2011-07-18,Brisbane,10.1,23.4,0.2,2.6,9.9,SW,19.0,SW,WSW,6.0,6.0,80.0,40.0,1019.4,1015.2,1.0,3.0,14.8,23.2,No,No
2011-07-19,Brisbane,8.3,19.6,0.0,3.2,10.2,WSW,37.0,W,W,7.0,16.999999999999996,60.0,30.000000000000004,1016.7,1012.4,1.0,0.0,15.6,18.9,No,No
2011-07-20,Brisbane,10.0,18.0,0.0,6.0,10.0,W,43.0,W,W,13.0,19.999999999999996,56.0,49.00000000000001,1012.0000000000001,1009.3,1.0,1.0,13.500000000000002,17.2,No,No
2011-07-21,Brisbane,10.8,23.2,0.0,6.2,10.0,W,30.0,WSW,WNW,7.0,14.999999999999998,51.0,34.0,1012.0000000000001,1008.2,0.0,1.0,17.6,22.8,No,No
2011-07-22,Brisbane,12.3,23.6,0.0,6.2,10.0,SSW,30.0,WSW,SSW,9.0,9.0,51.0,40.0,1012.1,1009.4,1.0,1.0,17.2,22.6,No,No
2011-07-23,Brisbane,11.4,22.1,0.0,4.0,9.8,SSW,24.000000000000004,WSW,SW,7.0,7.000000000000001,54.0,35.0,1014.8,1013.4,1.0,3.0,16.5,20.8,No,No
2011-07-24,Brisbane,8.4,21.3,0.0,4.8,9.8,WSW,17.0,SW,WNW,4.0,7.000000000000001,56.0,34.0,1019.3000000000001,1016.5,0.0,2.0,14.699999999999998,20.1,No,No
2011-07-25,Brisbane,7.7,22.2,0.0,2.4,10.1,WSW,19.0,SW,WSW,4.0,4.0,67.0,30.000000000000004,1021.4,1018.2,0.0,1.0,12.4,22.0,No,No
2011-07-26,Brisbane,7.5,24.1,0.2,3.6,7.6,W,22.0,SW,WNW,4.0,6.0,62.0,28.0,1024.1,1019.9,3.0,6.0,13.0,22.2,No,No
2011-07-27,Brisbane,8.8,22.9,0.0,3.2,9.7,WSW,22.0,SW,W,2.0,6.0,56.0,30.000000000000004,1025.4,1022.5,1.0,2.0,15.5,22.4,No,No
2011-07-28,Brisbane,7.200000000000001,21.5,0.0,4.0,9.7,SSE,20.0,SSW,SE,6.0,7.000000000000001,59.0,42.0,1027.9,1024.1,1.0,2.0,13.799999999999999,21.4,No,No
2011-07-29,Brisbane,10.8,21.8,0.0,4.0,8.2,E,26.0,SW,ESE,7.0,9.0,63.0,49.00000000000001,1026.5,1023.2,3.0,4.0,15.5,20.4,No,No
2011-07-30,Brisbane,10.1,21.4,0.0,3.2,8.5,ENE,30.0,SW,ESE,4.0,11.0,67.0,52.0,1024.7,1021.4999999999999,2.0,5.0,15.199999999999998,19.1,No,No
2011-07-31,Brisbane,9.0,22.4,0.0,4.0,8.7,ESE,20.0,SW,E,6.0,7.000000000000001,69.0,49.00000000000001,1023.8,1020.1,1.0,3.0,14.699999999999998,19.2,No,No
2011-08-01,Brisbane,8.8,23.0,0.0,3.4,10.0,E,19.0,SSW,ENE,4.0,7.000000000000001,72.0,40.0,1024.5,1021.0,1.0,1.0,14.599999999999998,21.6,No,No
2011-08-02,Brisbane,9.8,23.2,0.0,3.4,9.8,E,17.0,SW,ENE,4.0,7.000000000000001,74.0,50.0,1025.3,1022.1999999999999,1.0,1.0,14.8,21.7,No,No
2011-08-03,Brisbane,9.7,22.9,0.0,3.2,10.0,E,24.000000000000004,SW,ESE,4.0,9.0,73.0,43.0,1026.4,1024.0,1.0,2.0,15.5,21.7,No,No
2011-08-04,Brisbane,9.1,21.9,0.0,4.0,9.9,E,22.0,SW,E,4.0,11.0,72.0,50.0,1029.1,1026.9,1.0,2.0,15.4,19.9,No,No
2011-08-05,Brisbane,10.3,21.7,0.0,3.6,4.8,E,30.0,WSW,ENE,6.0,9.0,67.0,53.0,1028.9,1025.8,6.0,5.0,16.6,21.4,No,No
2011-08-06,Brisbane,9.5,23.5,0.0,2.8,9.0,NE,20.0,WSW,NNE,6.0,6.0,73.0,49.00000000000001,1026.2,1021.4,1.0,4.0,15.4,21.9,No,No
2011-08-07,Brisbane,13.900000000000002,24.8,0.0,2.8,7.299999999999999,NE,19.0,SW,NE,4.0,9.0,65.0,53.99999999999999,1020.9,1016.0,3.0,2.0,18.7,22.6,No,No
2011-08-08,Brisbane,12.900000000000002,23.9,0.0,4.0,10.1,W,31.0,W,WNW,13.0,9.0,61.0,31.0,1014.1,1009.2,6.0,2.0,18.6,23.4,No,No
2011-08-09,Brisbane,5.3,22.1,0.0,6.4,10.2,W,37.0,WNW,WNW,6.0,14.999999999999998,44.0,24.0,1012.5,1008.0,1.0,3.0,16.4,21.4,No,No
2011-08-10,Brisbane,5.6,22.8,0.0,6.0,10.1,WNW,33.0,NNE,W,4.0,13.0,45.0,25.0,1012.4,1007.4,0.0,1.0,16.4,22.3,No,No
2011-08-11,Brisbane,9.7,21.0,0.0,4.6,4.5,ENE,17.0,WSW,NE,6.0,9.0,59.0,53.0,1010.4,1006.6,6.0,7.0,13.2,19.0,No,No
2011-08-12,Brisbane,9.2,22.7,0.0,2.2,10.3,W,20.0,SW,WNW,6.0,4.0,53.00000000000001,25.0,1015.7,1013.6,0.0,1.0,15.1,22.6,No,No
2011-08-13,Brisbane,9.1,22.5,0.0,4.0,10.8,ESE,22.0,WSW,ENE,7.0,11.0,59.0,48.0,1023.2,1020.4,1.0,3.0,15.9,21.1,No,No
2011-08-14,Brisbane,11.0,22.4,0.0,4.0,7.299999999999999,WSW,20.0,SW,ENE,4.0,7.000000000000001,78.0,53.99999999999999,1025.1,1021.4,5.0,6.0,14.499999999999998,19.3,No,Yes
2011-08-15,Brisbane,9.5,22.5,2.2,3.7999999999999994,10.4,NE,19.0,SW,NE,6.0,7.000000000000001,74.0,45.0,1024.2,1019.5,1.0,3.0,14.399999999999999,20.9,Yes,No
2011-08-16,Brisbane,10.5,23.6,0.0,4.0,10.5,E,24.000000000000004,SW,ENE,7.0,9.0,67.0,53.99999999999999,1021.6,1017.5,2.0,3.0,16.2,21.1,No,No
2011-08-17,Brisbane,11.4,21.8,0.0,4.0,4.9,ENE,22.0,SW,NE,4.0,6.0,70.0,60.00000000000001,1020.5000000000001,1017.8,3.0,6.0,16.3,19.1,No,No
2011-08-18,Brisbane,13.8,21.8,0.0,3.4,5.6,W,43.0,NE,W,4.0,16.999999999999996,80.99999999999999,34.0,1015.0,1012.3,6.0,1.0,16.2,21.3,No,No
2011-08-19,Brisbane,6.0,21.4,0.0,4.6,10.8,W,33.0,WSW,WSW,9.0,11.0,42.0,33.0,1017.9,1014.6,1.0,2.0,16.1,21.1,No,No
2011-08-20,Brisbane,8.7,22.2,0.0,5.2,7.8,S,26.0,SW,S,7.0,9.0,55.0,50.0,1021.6,1018.8,1.0,7.0,15.4,20.0,No,Yes
2011-08-21,Brisbane,12.1,21.5,3.0,4.4,1.9,SE,37.0,SSW,SE,6.0,16.999999999999996,89.0,51.0,1026.4,1024.2,8.0,7.0,13.2,19.9,Yes,Yes
2011-08-22,Brisbane,12.400000000000002,21.2,8.0,5.8,8.3,SE,48.00000000000001,SW,SSE,6.0,19.999999999999996,70.0,49.00000000000001,1028.2,1026.1,6.0,5.0,16.0,20.3,Yes,Yes
2011-08-23,Brisbane,13.900000000000002,21.6,15.199999999999998,3.2,6.6,ESE,44.0,SW,ESE,4.0,11.0,88.0,74.0,1026.9,1024.2,3.0,5.0,17.0,20.0,Yes,Yes
2011-08-24,Brisbane,13.400000000000002,22.3,6.8,3.6,5.2,SSE,35.0,SSW,SE,6.0,14.999999999999998,66.0,55.0,1025.7,1022.7,7.0,7.0,17.8,20.6,Yes,No
2011-08-25,Brisbane,14.199999999999998,23.0,0.0,4.0,6.1,SSE,24.000000000000004,SW,ESE,7.0,9.0,61.0,64.0,1025.0,1022.4000000000001,7.0,4.0,19.0,21.2,No,No
2011-08-26,Brisbane,13.199999999999998,22.1,0.0,4.0,5.2,E,20.0,SW,E,6.0,13.0,69.0,65.0,1025.2,1021.7,1.0,7.0,19.3,21.6,No,Yes
2011-08-27,Brisbane,16.1,20.3,5.2,4.0,0.0,NE,22.0,E,ENE,7.0,7.000000000000001,94.0,93.0,1021.9,1015.7,8.0,8.0,17.9,18.9,Yes,Yes
2011-08-28,Brisbane,15.4,24.9,23.599999999999998,2.0,8.4,W,20.0,WSW,ENE,7.0,6.0,69.0,56.0,1019.7,1016.5,5.0,4.0,19.4,22.5,Yes,No
2011-08-29,Brisbane,13.699999999999998,25.4,0.0,2.6,10.2,E,19.0,SW,NE,4.0,7.000000000000001,73.0,53.99999999999999,1020.7,1017.3,1.0,3.0,19.0,24.2,No,No
2011-08-30,Brisbane,15.9,22.5,0.0,3.6,2.8,NE,28.0,W,ENE,2.0,7.000000000000001,76.0,62.0,1020.8,1017.0,7.0,7.0,17.8,21.2,No,Yes
2011-08-31,Brisbane,12.5,24.2,12.8,2.8,10.9,E,20.0,SW,ENE,7.0,9.0,80.0,52.0,1022.7,1019.4,1.0,1.0,16.1,22.3,Yes,No
2011-09-01,Brisbane,12.8,23.9,0.0,3.6,10.8,E,22.0,SSW,NE,2.0,9.0,69.0,45.0,1024.0,1019.8,1.0,2.0,18.4,22.8,No,No
2011-09-02,Brisbane,13.1,23.8,0.0,3.6,9.9,ESE,31.0,SSW,ESE,4.0,13.0,69.0,53.99999999999999,1025.1,1022.9,1.0,5.0,19.4,20.6,No,No
2011-09-03,Brisbane,11.8,22.1,0.0,5.6,9.2,SE,30.0,SSW,ESE,6.0,11.0,58.00000000000001,40.0,1029.2,1026.0,3.0,6.0,18.3,21.4,No,No
2011-09-04,Brisbane,12.6,21.6,0.0,5.8,8.3,SE,24.000000000000004,SSW,E,4.0,11.0,57.0,53.0,1029.0,1025.7,6.0,3.0,17.8,20.2,No,No
2011-09-05,Brisbane,13.400000000000002,22.5,0.4,3.7999999999999994,9.2,E,33.0,SSW,E,4.0,14.999999999999998,72.0,42.0,1028.5,1024.6,3.0,2.0,18.7,21.4,No,No
2011-09-06,Brisbane,12.2,23.5,0.2,5.0,10.0,ENE,22.0,WSW,E,4.0,11.0,62.0,56.0,1024.6,1019.9,4.0,4.0,18.5,21.7,No,No
2011-09-07,Brisbane,12.6,25.3,0.0,3.4,10.6,ENE,22.0,SW,NE,7.0,9.0,73.0,43.0,1020.8,1017.4,1.0,1.0,18.8,24.2,No,No
2011-09-08,Brisbane,12.7,25.2,0.0,4.8,11.0,ENE,26.0,W,NE,4.0,11.0,65.0,44.0,1020.6,1016.2,1.0,8.0,19.8,24.0,No,No
2011-09-09,Brisbane,15.199999999999998,22.7,0.0,5.0,2.0,WNW,37.0,N,SW,7.0,7.000000000000001,67.0,80.0,1012.6000000000001,1008.4,6.0,7.0,19.7,14.499999999999998,No,Yes
2011-09-10,Brisbane,10.7,19.6,14.6,4.2,11.2,W,46.0,W,W,19.0,22.0,50.0,28.0,1013.4,1010.1,1.0,1.0,13.799999999999999,19.0,Yes,No
2011-09-11,Brisbane,7.0,22.9,0.0,9.2,11.2,WSW,31.0,W,W,13.0,13.0,42.0,26.999999999999996,1017.2,1012.8,0.0,1.0,15.8,22.6,No,No
2011-09-12,Brisbane,8.8,21.6,0.0,7.4,8.3,ENE,26.0,SSW,NE,6.0,6.0,42.0,38.0,1021.0,1020.0,1.0,7.0,17.7,19.0,No,No
2011-09-13,Brisbane,11.4,22.2,0.0,4.6,9.6,E,24.000000000000004,S,ENE,6.0,9.0,55.0,52.0,1027.8,1024.5,3.0,2.0,18.4,20.2,No,No
2011-09-14,Brisbane,9.7,26.2,0.0,4.8,10.8,WNW,24.000000000000004,SSW,NNE,4.0,7.000000000000001,59.0,36.0,1027.1,1021.4999999999999,0.0,0.0,18.7,24.9,No,No
2011-09-15,Brisbane,10.2,27.700000000000003,0.0,6.0,11.3,NE,20.0,SW,ENE,6.0,9.0,49.0,21.0,1024.2,1019.4,0.0,1.0,18.9,25.8,No,No
2011-09-16,Brisbane,10.3,29.399999999999995,0.0,5.4,11.3,W,20.0,SW,NE,2.0,6.0,42.99999999999999,21.0,1021.4,1016.2,0.0,1.0,20.2,28.499999999999996,No,No
2011-09-17,Brisbane,11.2,31.6,0.0,5.6,11.0,NNE,17.0,SW,NNE,2.0,7.000000000000001,44.0,23.000000000000004,1019.8,1016.1,0.0,0.0,21.7,30.5,No,No
2011-09-18,Brisbane,13.900000000000002,32.3,0.0,5.8,10.6,NE,19.0,WSW,NE,4.0,7.000000000000001,47.0,25.0,1021.1,1017.2,0.0,0.0,21.7,30.2,No,No
2011-09-19,Brisbane,13.900000000000002,30.6,0.0,5.2,10.6,ENE,24.000000000000004,SSW,ENE,4.0,11.0,48.00000000000001,28.0,1021.2,1016.6,0.0,0.0,21.8,28.400000000000002,No,No
2011-09-20,Brisbane,13.6,26.3,0.0,4.4,10.3,NNE,31.0,ENE,NE,4.0,9.0,55.0,56.99999999999999,1018.1,1012.7,0.0,8.0,21.9,23.9,No,No
2011-09-21,Brisbane,15.799999999999999,25.1,0.0,5.0,11.2,E,31.0,SE,E,15.0,14.999999999999998,56.0,46.00000000000001,1019.2,1017.1,2.0,1.0,22.5,23.6,No,No
2011-09-22,Brisbane,14.199999999999998,24.7,0.0,7.2,11.0,ESE,26.0,ESE,ENE,6.0,13.0,55.0,45.0,1024.7,1021.3000000000001,3.0,1.0,21.9,23.3,No,No
2011-09-23,Brisbane,12.3,25.7,0.0,6.2,10.7,ENE,22.0,W,NE,4.0,9.0,58.00000000000001,51.0,1022.8,1017.8,1.0,1.0,20.5,24.3,No,No
2011-09-24,Brisbane,14.799999999999999,26.4,0.0,5.2,9.9,N,24.000000000000004,WNW,NNE,2.0,9.0,65.0,52.0,1020.1999999999999,1016.0,7.0,2.0,21.0,24.9,No,No
2011-09-25,Brisbane,17.5,26.1,0.2,6.4,9.4,NE,28.0,NW,NE,11.0,13.0,62.0,66.0,1015.4,1009.0,4.0,5.0,22.3,23.1,No,No
2011-09-26,Brisbane,13.5,23.8,0.0,4.8,8.2,SE,28.0,SSW,SE,6.0,9.0,53.00000000000001,55.0,1017.4,1015.6,2.0,7.0,20.6,21.6,No,No
2011-09-27,Brisbane,13.1,23.3,0.0,4.8,11.2,E,24.000000000000004,S,ESE,6.0,11.0,54.0,47.0,1021.7,1018.2,1.0,2.0,20.8,22.3,No,No
2011-09-28,Brisbane,12.400000000000002,22.6,0.0,5.8,3.1,NE,19.0,WSW,ENE,2.0,6.0,57.0,53.99999999999999,1020.0,1016.5,7.0,7.0,20.0,21.1,No,No
2011-09-29,Brisbane,16.9,22.1,0.0,4.0,3.1,NNW,28.0,N,NNW,4.0,9.0,69.0,66.0,1013.2,1006.7,8.0,2.0,18.5,21.4,No,Yes
2011-09-30,Brisbane,9.9,26.3,3.2,3.7999999999999994,11.6,WNW,39.0,WSW,W,15.0,14.999999999999998,30.0,21.0,1011.0,1006.2,0.0,0.0,20.9,25.4,Yes,No
2011-10-01,Brisbane,12.0,27.399999999999995,0.0,8.0,9.4,W,44.0,WSW,WSW,6.0,14.999999999999998,55.0,23.000000000000004,1006.0,1001.9,1.0,3.0,18.9,25.5,No,No
2011-10-02,Brisbane,12.400000000000002,22.5,0.0,9.4,11.5,W,48.00000000000001,WSW,WSW,15.0,19.999999999999996,40.0,30.000000000000004,1010.5,1009.0,1.0,5.0,17.9,20.8,No,No
2011-10-03,Brisbane,13.3,22.6,0.0,9.6,6.0,SSE,28.0,S,NE,9.0,4.0,50.0,72.0,1018.1,1016.5,2.0,7.0,20.0,17.9,No,Yes
2011-10-04,Brisbane,10.6,24.7,6.0,5.2,11.4,SSE,28.0,WSW,ENE,6.0,13.0,53.00000000000001,44.0,1022.0,1018.1,0.0,1.0,18.3,22.1,Yes,No
2011-10-05,Brisbane,12.2,22.6,0.2,5.8,7.299999999999999,E,19.0,SSE,E,6.0,6.0,56.0,52.0,1021.9,1017.4,7.0,7.0,19.6,21.1,No,Yes
2011-10-07,Brisbane,15.9,26.3,5.4,2.4,8.4,W,20.0,SW,N,4.0,6.0,68.0,51.0,1014.0,1009.3,4.0,3.0,21.3,25.600000000000005,Yes,Yes
2011-10-08,Brisbane,15.5,24.7,14.6,6.4,3.6,WSW,43.0,WSW,WNW,13.0,9.0,93.0,46.00000000000001,1011.6,1005.9,8.0,7.0,15.6,23.6,Yes,Yes
2011-10-09,Brisbane,12.7,29.1,1.4,1.4,11.1,W,33.0,S,W,4.0,9.0,53.00000000000001,29.0,1010.9,1005.6,1.0,7.0,23.1,28.299999999999997,Yes,No
2011-10-10,Brisbane,14.799999999999999,25.8,0.0,5.4,5.1,W,19.0,SW,SW,6.0,6.0,67.0,39.0,1012.0000000000001,1008.4,7.0,4.0,18.5,25.1,No,No
2011-10-11,Brisbane,14.199999999999998,27.700000000000003,0.0,3.7999999999999994,11.8,NE,28.0,N,N,2.0,7.000000000000001,52.0,44.0,1012.8,1008.3,2.0,2.0,23.4,26.0,No,No
2011-10-12,Brisbane,15.700000000000001,27.600000000000005,0.0,5.8,10.9,ENE,24.000000000000004,SE,ENE,6.0,13.0,65.0,59.0,1015.2,1012.1,5.0,1.0,22.9,25.5,No,No
2011-10-13,Brisbane,18.5,27.299999999999997,0.0,4.0,6.8,E,30.0,E,NE,9.0,13.0,69.0,63.00000000000001,1019.2,1016.1,7.0,7.0,24.1,25.1,No,Yes
2011-10-14,Brisbane,17.1,26.900000000000002,30.799999999999997,8.6,7.8,E,24.000000000000004,S,E,2.0,13.0,78.0,62.0,1017.8,1013.1,7.0,2.0,21.4,25.7,Yes,Yes
2011-10-15,Brisbane,19.4,27.5,13.8,4.4,5.8,S,28.0,SSW,ENE,4.0,9.0,83.0,68.0,1009.3,1004.8,8.0,1.0,22.1,25.0,Yes,Yes
2011-10-16,Brisbane,15.199999999999998,29.300000000000004,6.2,5.6,12.0,ENE,20.0,WSW,ENE,4.0,11.0,64.0,49.00000000000001,1014.2,1013.2,0.0,1.0,23.5,26.9,Yes,No
2011-10-17,Brisbane,19.7,22.5,0.6,4.2,1.0,SSE,54.0,SE,SE,13.0,16.999999999999996,74.0,63.00000000000001,1025.9,1026.5,7.0,7.0,21.3,20.3,No,No
2011-10-18,Brisbane,16.9,23.8,0.4,5.8,9.0,SE,33.0,ESE,ESE,15.0,19.0,42.0,47.0,1031.0,1028.5,5.0,6.0,21.4,22.5,No,No
2011-10-19,Brisbane,15.9,23.2,0.0,7.800000000000001,8.8,E,31.0,SSE,E,7.0,14.999999999999998,65.0,48.0,1029.9,1026.4,7.0,7.0,20.6,22.4,No,No
2011-10-20,Brisbane,15.299999999999999,24.0,0.0,6.4,5.7,E,26.0,E,E,7.0,13.0,52.0,50.0,1028.3,1024.7,7.0,6.0,21.6,23.2,No,No
2011-10-21,Brisbane,16.1,25.6,0.0,4.0,10.4,E,30.0,ESE,E,11.0,13.0,59.0,51.0,1025.8,1022.5,7.0,5.0,22.2,24.1,No,No
2011-10-22,Brisbane,15.6,25.2,0.0,6.0,7.9,ENE,30.0,ESE,E,6.0,16.999999999999996,63.0,63.00000000000001,1024.5,1022.1999999999999,7.0,6.0,22.3,22.8,No,No
2011-10-23,Brisbane,15.299999999999999,25.1,0.0,6.0,12.0,E,28.0,E,ENE,7.0,11.0,56.0,53.0,1023.8,1020.8,4.0,2.0,22.7,24.0,No,No
2011-10-24,Brisbane,14.400000000000002,26.4,0.0,5.2,11.5,E,24.000000000000004,WSW,NE,4.0,9.0,60.0,47.0,1019.9000000000001,1015.3,5.0,7.0,23.0,25.600000000000005,No,No
2011-10-25,Brisbane,16.2,28.3,0.0,5.8,11.1,NNE,28.0,E,NNE,2.0,11.0,58.00000000000001,58.0,1015.5,1011.5,2.0,6.0,25.1,26.4,No,No
2011-10-26,Brisbane,20.3,27.399999999999995,0.0,6.2,7.1,E,30.0,SSE,E,6.0,11.0,69.0,62.0,1015.8,1013.4,7.0,2.0,24.3,25.5,No,Yes
2011-10-27,Brisbane,16.8,25.7,6.2,7.2,6.1,SSE,35.0,S,SE,6.0,14.999999999999998,68.0,67.0,1018.0,1015.9,5.0,5.0,23.6,23.3,Yes,No
2011-10-28,Brisbane,19.3,23.9,0.0,5.6,0.8,SE,22.0,ESE,E,11.0,9.0,62.0,62.0,1019.0,1016.2,6.0,7.0,23.0,23.3,No,No
2011-10-29,Brisbane,19.8,26.4,0.0,4.8,5.7,ENE,19.0,NNW,NE,4.0,7.000000000000001,62.0,60.00000000000001,1016.2,1013.1,8.0,2.0,22.6,24.9,No,No
2011-10-30,Brisbane,18.2,27.8,0.0,4.0,7.299999999999999,SE,26.0,NW,NNE,2.0,9.0,66.0,60.00000000000001,1014.1,1010.3,6.0,6.0,24.6,27.300000000000004,No,Yes
2011-10-31,Brisbane,20.3,25.6,28.4,5.0,1.5,SE,39.0,SE,SE,17.0,14.999999999999998,71.0,60.00000000000001,1015.7,1014.9,8.0,7.0,22.9,23.2,Yes,No
2011-11-01,Brisbane,18.1,24.9,0.0,7.2,8.9,S,24.000000000000004,SSE,E,9.0,7.000000000000001,58.00000000000001,51.0,1018.7,1014.4,6.0,6.0,22.2,24.1,No,No
2011-11-02,Brisbane,18.1,28.0,0.0,5.0,12.0,ENE,26.0,NNE,NNE,6.0,7.000000000000001,58.00000000000001,55.0,1014.0,1008.9,4.0,3.0,24.2,27.000000000000004,No,No
2011-11-03,Brisbane,17.1,28.199999999999996,0.0,6.2,12.3,SE,30.0,S,ENE,4.0,13.0,54.0,62.0,1010.7999999999998,1007.6,1.0,1.0,26.0,26.4,No,No
2011-11-04,Brisbane,20.4,26.900000000000002,0.0,6.6,9.8,E,30.0,ESE,ENE,13.0,16.999999999999996,57.0,53.99999999999999,1016.4,1014.7,3.0,2.0,24.2,25.5,No,No
2011-11-05,Brisbane,18.6,25.2,0.0,9.4,7.0,E,20.0,ESE,ENE,7.0,9.0,64.0,49.00000000000001,1020.3,1017.5,7.0,7.0,23.0,24.5,No,No
2011-11-06,Brisbane,16.1,26.499999999999996,0.0,5.2,9.9,NE,28.0,NE,NE,6.0,11.0,55.0,49.00000000000001,1018.2,1014.8,3.0,6.0,23.1,24.9,No,No
2011-11-07,Brisbane,15.799999999999999,27.0,0.0,9.2,12.0,NE,26.0,NNE,NNE,7.0,9.0,52.0,53.0,1018.5,1015.4,1.0,1.0,25.5,26.0,No,No
2011-11-08,Brisbane,18.0,27.600000000000005,0.0,7.4,13.1,NNE,28.0,NW,NE,9.0,11.0,53.00000000000001,46.00000000000001,1019.7,1016.1,2.0,1.0,24.3,26.7,No,No
2011-11-09,Brisbane,18.0,28.4,0.0,7.800000000000001,12.4,NE,28.0,NNW,NE,7.0,11.0,55.0,56.0,1019.5999999999999,1016.0,2.0,1.0,25.8,26.9,No,No
2011-11-10,Brisbane,18.1,29.9,0.0,8.0,12.2,NNE,28.0,N,NE,6.0,11.0,48.00000000000001,55.0,1017.5,1014.0,1.0,2.0,26.800000000000004,27.999999999999996,No,No
2011-11-11,Brisbane,21.6,29.300000000000004,0.0,8.6,9.7,E,28.0,ENE,ENE,7.0,14.999999999999998,66.0,53.99999999999999,1020.0,1017.9,7.0,1.0,25.5,27.900000000000002,No,No
2011-11-12,Brisbane,21.4,28.199999999999996,0.0,8.2,12.5,E,22.0,NE,ENE,7.0,7.000000000000001,56.0,47.0,1019.2,1016.3,4.0,1.0,25.8,27.200000000000003,No,No
2011-11-13,Brisbane,20.5,28.500000000000004,0.0,7.599999999999999,11.0,NE,30.0,N,NE,6.0,11.0,56.0,55.0,1017.7,1013.7,6.0,7.0,25.8,26.800000000000004,No,No
2011-11-14,Brisbane,22.1,29.9,0.0,8.0,12.2,ENE,30.0,NNE,NE,9.0,13.0,51.0,58.0,1016.5,1013.3,2.0,1.0,27.099999999999998,27.300000000000004,No,No
2011-11-15,Brisbane,19.4,32.4,0.0,9.0,12.2,ENE,22.0,N,NNE,4.0,11.0,51.0,52.0,1017.3,1014.6,0.0,1.0,27.900000000000002,29.6,No,No
2011-11-16,Brisbane,21.9,30.4,0.0,8.0,10.5,NNE,26.0,NNW,NE,6.0,13.0,50.0,45.0,1018.7,1015.5,1.0,3.0,28.6,28.299999999999997,No,No
2011-11-17,Brisbane,21.8,28.9,0.0,8.4,6.5,ENE,20.0,ENE,NNE,9.0,7.000000000000001,53.00000000000001,52.0,1019.1,1015.8,6.0,7.0,26.800000000000004,27.700000000000003,No,No
2011-11-18,Brisbane,20.8,28.500000000000004,0.0,6.2,3.8,NE,22.0,NNE,NE,6.0,7.000000000000001,60.0,52.0,1018.8,1015.5,6.0,5.0,25.9,27.000000000000004,No,No
2011-11-19,Brisbane,18.7,28.6,0.0,7.0,12.5,ENE,24.000000000000004,ENE,ENE,7.0,11.0,54.0,50.0,1019.1,1016.2,3.0,1.0,26.4,26.9,No,No
2011-11-20,Brisbane,19.0,29.600000000000005,0.0,9.4,12.4,NNE,30.0,NE,NNE,9.0,13.0,54.0,53.0,1018.1,1013.3,2.0,1.0,26.4,27.799999999999997,No,No
2011-11-21,Brisbane,19.5,29.9,0.0,11.4,12.5,E,28.0,NW,NNE,6.0,9.0,50.0,39.0,1016.1,1013.2,2.0,1.0,27.4,28.799999999999997,No,No
2011-11-22,Brisbane,19.7,28.999999999999996,0.0,11.2,9.2,NE,39.0,NE,NE,9.0,14.999999999999998,55.0,56.99999999999999,1015.3,1011.1,7.0,7.0,25.9,27.500000000000004,No,No
2011-11-23,Brisbane,22.4,30.9,0.0,10.0,7.1,NE,28.0,N,NE,6.0,13.0,59.0,69.0,1014.1,1011.6,7.0,6.0,28.200000000000003,27.900000000000002,No,Yes
2011-11-24,Brisbane,20.4,24.8,1.6,6.8,0.0,SW,17.0,SSW,S,4.0,4.0,90.0,80.0,1018.6,1016.4,7.0,7.0,20.9,24.1,Yes,Yes
2011-11-26,Brisbane,22.8,29.5,0.6,7.599999999999999,5.9,N,28.0,N,NNE,9.0,9.0,55.0,70.0,1013.9,1010.9,6.0,7.0,27.700000000000003,26.2,No,Yes
2011-11-27,Brisbane,20.9,33.9,3.2,7.2,12.6,NE,24.000000000000004,SSW,ENE,4.0,13.0,60.0,56.0,1012.3,1009.5,1.0,2.0,27.700000000000003,29.899999999999995,Yes,No
2011-11-30,Brisbane,20.8,28.999999999999996,0.0,9.4,7.499999999999999,ENE,26.0,ENE,ENE,7.0,9.0,57.0,61.0,1016.4,1012.6,7.0,4.0,27.4,27.900000000000002,No,No
2011-12-01,Brisbane,21.9,28.3,0.0,6.2,0.9,SE,35.0,WSW,SE,6.0,11.0,65.0,71.0,1011.6999999999999,1010.6,7.0,7.0,27.4,23.5,No,Yes
2011-12-02,Brisbane,16.7,24.9,13.000000000000002,5.0,2.3,SSE,33.0,SSW,SE,7.0,13.0,58.00000000000001,56.99999999999999,1015.3,1014.2,7.0,7.0,22.8,23.6,Yes,No
2011-12-03,Brisbane,15.799999999999999,27.1,0.0,7.0,12.2,E,30.0,SE,E,13.0,13.0,49.0,44.0,1017.8,1014.9,3.0,2.0,24.0,25.3,No,No
2011-12-04,Brisbane,16.4,27.9,0.0,9.8,8.7,E,22.0,ENE,NE,4.0,9.0,58.00000000000001,53.99999999999999,1015.6,1011.2,7.0,7.0,24.5,26.0,No,No
2011-12-05,Brisbane,19.4,25.6,0.0,6.8,2.4,ESE,37.0,SSE,ESE,11.0,14.999999999999998,64.0,58.0,1015.3,1013.4,7.0,7.0,23.2,23.3,No,No
2011-12-06,Brisbane,17.9,23.6,0.0,8.6,0.0,SSE,33.0,SSE,SE,15.0,14.999999999999998,55.0,56.99999999999999,1015.5,1013.2,7.0,7.0,22.1,21.7,No,Yes
2011-12-07,Brisbane,16.8,19.9,5.799999999999999,12.2,0.0,SE,20.0,S,E,7.0,7.000000000000001,93.0,93.0,1011.2,1009.5,8.0,8.0,17.3,18.0,Yes,Yes
2011-12-08,Brisbane,17.3,25.4,36.0,2.8,1.7,SE,37.0,SSW,SE,6.0,16.999999999999996,96.00000000000001,69.0,1008.8,1007.8,8.0,7.0,19.6,23.0,Yes,Yes
2011-12-09,Brisbane,16.9,27.5,2.4,3.7999999999999994,10.8,E,24.000000000000004,SSE,E,9.0,11.0,58.00000000000001,62.0,1012.5,1010.5,4.0,7.0,24.9,25.4,Yes,Yes
2011-12-10,Brisbane,18.7,26.900000000000002,19.4,4.8,2.2,NE,20.0,SSW,NE,2.0,9.0,90.99999999999999,82.0,1011.6,1006.6,7.0,6.0,20.7,23.0,Yes,Yes
2011-12-11,Brisbane,18.5,30.4,1.6,5.0,6.8,WSW,30.0,SE,WNW,4.0,4.0,72.0,88.0,1005.5,1004.1,2.0,7.0,26.800000000000004,24.6,Yes,Yes
2011-12-12,Brisbane,21.3,32.9,10.0,3.2,10.2,W,33.0,SSW,W,4.0,14.999999999999998,74.0,41.0,1002.2,999.1,6.0,4.0,27.200000000000003,32.4,Yes,No
2011-12-13,Brisbane,18.4,31.1,0.0,5.2,11.1,ENE,28.0,NNW,ENE,4.0,14.999999999999998,54.0,66.0,1006.0,1005.0,1.0,3.0,26.100000000000005,27.200000000000003,No,Yes
2011-12-14,Brisbane,19.2,28.4,2.0,8.2,10.6,E,31.0,SSE,E,4.0,16.999999999999996,67.0,62.0,1013.0,1011.1,4.0,5.0,26.100000000000005,26.4,Yes,Yes
2011-12-15,Brisbane,18.5,24.6,1.2,7.2,0.0,SE,26.0,E,ESE,7.0,14.999999999999998,83.0,71.0,1017.0,1015.1,8.0,8.0,21.5,22.2,Yes,No
2011-12-16,Brisbane,19.6,25.7,0.2,2.0,2.4,SE,30.0,ESE,ESE,11.0,16.999999999999996,55.0,55.0,1018.2,1017.3,8.0,6.0,23.8,23.4,No,No
2011-12-17,Brisbane,17.3,27.1,0.0,6.6,10.9,ENE,35.0,SE,ESE,11.0,19.0,52.0,50.0,1019.8,1017.6,5.0,4.0,24.2,24.9,No,No
2011-12-18,Brisbane,16.8,25.5,0.0,9.2,2.1,E,24.000000000000004,SE,ENE,7.0,9.0,60.0,53.99999999999999,1018.6,1016.0,7.0,8.0,24.4,24.3,No,No
2011-12-19,Brisbane,17.6,27.0,0.0,5.8,6.0,ENE,28.0,NNE,NE,6.0,11.0,61.0,53.99999999999999,1015.3,1011.9,7.0,7.0,23.8,25.9,No,No
2011-12-20,Brisbane,19.1,29.1,0.0,7.0,12.2,NNE,26.0,NW,NNE,6.0,9.0,54.0,51.0,1013.2,1011.4,6.0,4.0,26.0,27.300000000000004,No,No
2011-12-21,Brisbane,21.7,27.9,0.0,7.2,9.3,ENE,24.000000000000004,W,ENE,2.0,14.999999999999998,76.0,56.0,1015.2,1013.0,5.0,3.0,24.3,26.300000000000004,No,Yes
2011-12-22,Brisbane,19.0,28.199999999999996,3.4,7.800000000000001,10.9,E,33.0,ESE,E,13.0,14.999999999999998,61.0,52.0,1014.9,1012.9,6.0,7.0,26.100000000000005,26.9,Yes,No
2011-12-23,Brisbane,20.6,27.600000000000005,0.4,7.4,0.9,SE,33.0,SE,SE,15.0,13.0,66.0,86.0,1011.0,1009.4,7.0,8.0,25.9,22.7,No,Yes
2011-12-24,Brisbane,20.4,27.600000000000005,29.6,3.6,4.2,SE,37.0,SE,ESE,13.0,16.999999999999996,87.0,62.0,1009.1,1007.5,8.0,7.0,23.9,26.4,Yes,Yes
2011-12-25,Brisbane,19.4,28.9,1.8000000000000003,6.6,12.3,SE,37.0,SE,ESE,11.0,19.0,62.0,52.0,1008.6,1006.4,3.0,1.0,25.7,27.500000000000004,Yes,No
2011-12-26,Brisbane,18.7,31.5,0.0,10.4,13.1,ENE,26.0,WSW,E,9.0,13.0,55.0,50.0,1007.5,1003.9,1.0,1.0,25.600000000000005,29.1,No,No
2011-12-27,Brisbane,21.4,32.5,0.0,7.4,4.5,SE,43.0,WSW,E,4.0,4.0,67.0,48.0,1004.6,1001.1,7.0,6.0,26.600000000000005,31.7,No,Yes
2011-12-28,Brisbane,18.5,28.9,5.4,3.2,11.0,SSE,24.000000000000004,SSW,SE,7.0,4.0,56.0,56.0,1008.1,1006.0,2.0,6.0,26.0,27.4,Yes,No
2011-12-29,Brisbane,19.7,28.099999999999998,0.0,2.4,7.8,E,30.0,SSW,ESE,4.0,9.0,57.0,56.0,1010.4,1009.3,7.0,7.0,24.6,26.800000000000004,No,No
2011-12-30,Brisbane,20.2,28.4,0.0,7.4,5.3,SE,43.0,S,ESE,6.0,19.0,56.0,61.0,1014.5,1013.1,6.0,6.0,24.6,25.5,No,No
2011-12-31,Brisbane,18.8,25.9,0.2,6.2,5.5,SE,33.0,SSE,SSE,11.0,13.0,58.00000000000001,59.0,1016.5,1014.7,6.0,7.0,25.1,24.5,No,Yes
2012-01-01,Brisbane,18.0,27.9,2.4,5.6,13.1,E,33.0,SSE,ESE,9.0,14.999999999999998,55.0,46.00000000000001,1016.4,1013.9,4.0,3.0,25.1,26.9,Yes,No
2012-01-02,Brisbane,17.8,28.4,0.0,8.0,13.0,E,28.0,SSE,E,7.0,11.0,53.00000000000001,45.0,1018.0,1015.7,2.0,2.0,25.8,27.200000000000003,No,No
2012-01-04,Brisbane,17.4,28.8,0.0,7.599999999999999,12.7,NNE,28.0,ESE,NE,2.0,9.0,52.0,48.0,1017.4,1013.0,2.0,2.0,25.3,28.299999999999997,No,No
2012-01-05,Brisbane,19.8,27.700000000000003,0.0,7.800000000000001,6.6,ENE,26.0,ENE,NE,2.0,11.0,68.0,59.0,1015.5,1013.2,7.0,3.0,26.300000000000004,26.2,No,No
2012-01-06,Brisbane,18.6,31.300000000000004,0.0,7.2,8.3,NE,22.0,SW,ENE,4.0,11.0,62.0,53.99999999999999,1012.2,1009.5,7.0,2.0,25.5,29.1,No,No
2012-01-07,Brisbane,21.4,28.199999999999996,0.0,7.0,5.8,E,20.0,ESE,E,4.0,9.0,75.0,65.0,1014.9,1012.7,7.0,5.0,24.2,27.000000000000004,No,No
2012-01-08,Brisbane,23.4,30.500000000000004,0.0,6.4,11.6,ENE,26.0,NNW,NNE,6.0,11.0,65.0,62.0,1013.1,1009.1,2.0,1.0,26.9,28.900000000000002,No,No
2012-01-09,Brisbane,22.8,33.8,0.0,8.0,12.7,ENE,24.000000000000004,NW,ENE,6.0,11.0,54.0,56.99999999999999,1007.8,1003.5,2.0,2.0,29.699999999999996,33.0,No,No
2012-01-10,Brisbane,24.6,32.9,0.0,9.0,10.6,E,28.0,S,E,4.0,14.999999999999998,71.0,56.0,1008.7,1005.5,6.0,1.0,28.6,30.399999999999995,No,No
2012-01-11,Brisbane,23.2,37.1,0.0,7.599999999999999,11.9,W,33.0,WSW,WSW,9.0,11.0,37.0,16.0,1007.3,1003.1,7.0,5.0,31.5,36.29999999999999,No,No
2012-01-12,Brisbane,20.9,28.6,0.0,12.4,9.6,SE,35.0,SE,E,7.0,16.999999999999996,46.0,49.00000000000001,1012.1,1011.4,4.0,5.0,27.200000000000003,25.8,No,No
2012-01-13,Brisbane,20.8,28.099999999999998,0.0,10.6,9.7,E,28.0,E,ENE,6.0,11.0,55.0,53.0,1016.4,1013.6,5.0,5.0,24.8,25.9,No,No
2012-01-14,Brisbane,19.1,27.0,0.0,8.0,3.1,ENE,26.0,ENE,ENE,6.0,13.0,61.0,56.99999999999999,1015.3,1012.5,7.0,7.0,24.6,25.8,No,Yes
2012-01-15,Brisbane,19.7,26.3,2.4,7.2,2.8,ENE,37.0,ESE,SE,11.0,6.0,64.0,63.00000000000001,1014.5,1013.0,7.0,7.0,25.1,25.1,Yes,Yes
2012-01-16,Brisbane,18.8,25.0,44.4,3.6,0.2,SE,43.0,ESE,ESE,9.0,13.0,90.0,75.0,1016.5,1015.0,7.0,7.0,21.6,23.8,Yes,Yes
2012-01-17,Brisbane,19.4,26.3,34.2,3.6,0.0,SE,26.0,E,SE,9.0,6.0,96.00000000000001,93.0,1016.0,1013.6,7.0,7.0,22.2,22.7,Yes,Yes
2012-01-18,Brisbane,20.0,29.399999999999995,5.4,1.6,7.499999999999999,E,20.0,WSW,ENE,6.0,11.0,72.0,70.0,1012.7,1010.7,2.0,7.0,26.2,27.599999999999998,Yes,No
2012-01-19,Brisbane,20.7,30.9,0.0,5.0,12.3,ESE,31.0,SE,ESE,7.0,16.999999999999996,65.0,62.0,1013.9,1011.7,3.0,2.0,27.500000000000004,29.1,No,No
2012-01-20,Brisbane,20.6,30.3,0.0,10.0,8.8,SE,35.0,SSE,SE,7.0,16.999999999999996,64.0,61.0,1013.7,1011.9,7.0,4.0,26.7,27.500000000000004,No,No
2012-01-21,Brisbane,20.0,30.199999999999996,0.0,7.599999999999999,9.7,ESE,35.0,SSE,SE,7.0,14.999999999999998,56.0,63.00000000000001,1012.5,1010.3,3.0,7.0,27.099999999999998,27.300000000000004,No,No
2012-01-22,Brisbane,21.1,29.600000000000005,0.0,8.0,9.7,ENE,37.0,ESE,ESE,13.0,11.0,58.00000000000001,56.0,1014.3,1012.3,7.0,7.0,26.9,28.099999999999998,No,No
2012-01-23,Brisbane,21.1,27.5,0.6,6.6,0.5,SSE,30.0,ESE,ESE,9.0,7.000000000000001,73.0,91.0,1013.6,1012.7,7.0,8.0,26.600000000000005,23.2,No,Yes
2012-01-24,Brisbane,21.1,23.5,31.2,2.2,0.0,E,33.0,ESE,ESE,9.0,13.0,97.0,96.0,1012.0000000000001,1009.9,8.0,8.0,23.0,22.6,Yes,Yes
2012-01-25,Brisbane,21.3,26.6,168.4,2.6,0.7,NE,26.0,S,NE,2.0,6.0,98.0,88.0,1008.5,1005.8,8.0,8.0,23.3,24.6,Yes,Yes
2012-01-27,Brisbane,23.2,25.4,8.6,3.2,0.0,ESE,33.0,E,ESE,2.0,13.0,95.0,96.99999999999999,1011.3,1009.3,8.0,8.0,24.2,24.0,Yes,Yes
2012-01-29,Brisbane,21.8,26.3,18.0,4.6,0.0,E,30.0,ESE,ENE,4.0,7.000000000000001,98.0,95.0,1010.2,1007.8,8.0,8.0,23.3,25.0,Yes,Yes
2012-01-30,Brisbane,22.3,28.199999999999996,15.8,2.2,6.3,NE,26.0,ENE,NE,11.0,11.0,83.0,72.0,1009.4,1006.7,6.0,5.0,25.9,27.599999999999998,Yes,No
2012-02-02,Brisbane,22.4,28.4,0.4,7.0,9.9,E,33.0,ENE,ENE,17.0,11.0,66.0,60.00000000000001,1006.2,1004.2,6.0,6.0,27.099999999999998,27.099999999999998,No,Yes
2012-02-04,Brisbane,20.3,29.399999999999995,0.2,4.4,8.6,ESE,22.0,SSE,SE,6.0,9.0,61.0,55.0,1003.8,1001.5,2.0,6.0,26.9,28.099999999999998,No,No
2012-02-05,Brisbane,19.9,31.7,0.0,5.8,11.1,E,24.000000000000004,SW,ENE,4.0,9.0,63.0,53.99999999999999,1003.7,999.5,3.0,2.0,26.4,30.3,No,No
2012-02-06,Brisbane,22.3,34.0,0.0,7.0,11.2,E,22.0,WNW,E,4.0,14.999999999999998,68.0,62.0,1001.1,998.8,1.0,5.0,27.599999999999998,30.399999999999995,No,No
2012-02-07,Brisbane,23.3,30.500000000000004,0.0,5.0,10.6,WSW,31.0,SE,ENE,6.0,9.0,65.0,65.0,1004.8,1002.2,4.0,2.0,28.6,29.1,No,No
2012-02-09,Brisbane,19.9,30.500000000000004,32.2,6.4,12.1,SE,35.0,SSW,SE,7.0,16.999999999999996,68.0,59.0,1010.1,1008.1,3.0,4.0,26.5,27.599999999999998,Yes,No
2012-02-10,Brisbane,19.8,28.999999999999996,0.0,6.4,12.0,E,24.000000000000004,S,E,6.0,11.0,62.0,56.99999999999999,1012.4,1009.8,2.0,1.0,26.0,27.599999999999998,No,No
2012-02-11,Brisbane,20.0,30.199999999999996,0.0,6.4,10.6,NE,22.0,SW,E,4.0,9.0,75.0,59.0,1012.4,1008.9,6.0,3.0,24.8,29.3,No,Yes
2012-02-12,Brisbane,20.7,32.2,1.2,7.800000000000001,10.0,SW,35.0,SW,ENE,2.0,13.0,69.0,58.0,1014.3,1010.9,1.0,2.0,27.200000000000003,30.8,Yes,Yes
2012-02-13,Brisbane,21.0,29.5,14.8,6.6,8.1,SE,35.0,NE,ENE,4.0,13.0,73.0,65.0,1015.9,1013.1,3.0,5.0,27.200000000000003,28.499999999999996,Yes,Yes
2012-02-14,Brisbane,20.9,29.300000000000004,1.6,6.4,10.9,E,33.0,SE,ESE,9.0,16.999999999999996,64.0,63.00000000000001,1017.4,1015.2,1.0,3.0,26.600000000000005,27.599999999999998,Yes,No
2012-02-15,Brisbane,19.9,29.700000000000003,0.0,7.800000000000001,11.6,SE,35.0,SE,ESE,11.0,16.999999999999996,61.0,52.0,1018.5,1015.7,2.0,1.0,26.100000000000005,28.099999999999998,No,No
2012-02-16,Brisbane,19.6,29.399999999999995,0.0,9.6,11.6,SE,31.0,SSE,ESE,9.0,13.0,60.0,53.0,1017.8,1015.4,2.0,2.0,26.5,28.099999999999998,No,No
2012-02-17,Brisbane,20.1,29.9,0.0,9.2,11.9,ESE,35.0,SSW,ESE,7.0,13.0,64.0,55.0,1016.9,1014.2,2.0,3.0,26.2,28.400000000000002,No,No
2012-02-18,Brisbane,20.1,29.700000000000003,0.0,8.6,8.7,E,26.0,S,ENE,7.0,11.0,65.0,61.0,1016.9,1014.3,4.0,5.0,26.4,29.1,No,No
2012-02-19,Brisbane,21.5,31.300000000000004,0.0,5.6,8.9,ENE,22.0,S,ENE,4.0,11.0,68.0,61.0,1017.3,1013.4,4.0,3.0,27.4,30.3,No,No
2012-02-20,Brisbane,21.9,32.4,0.0,6.0,11.2,NE,22.0,W,NNE,4.0,7.000000000000001,75.0,59.0,1013.9,1009.6,6.0,6.0,26.5,30.0,No,Yes
2012-02-21,Brisbane,22.6,31.2,20.0,7.0,5.3,ESE,26.0,N,NE,6.0,6.0,83.0,77.0,1009.4,1006.3,7.0,7.0,26.100000000000005,27.799999999999997,Yes,No
2012-02-22,Brisbane,22.9,29.5,0.2,5.4,9.5,ESE,33.0,SSE,E,11.0,14.999999999999998,64.0,62.0,1013.7,1011.9,2.0,7.0,26.5,27.500000000000004,No,Yes
2012-02-23,Brisbane,21.1,23.5,5.2,6.4,0.0,SE,19.0,SW,SSE,2.0,9.0,87.0,94.0,1018.5,1018.3,8.0,8.0,22.9,21.6,Yes,Yes
2012-02-24,Brisbane,20.1,27.1,10.4,5.0,0.0,SSE,24.000000000000004,SE,ESE,6.0,9.0,92.0,94.0,1020.1,1018.6,8.0,8.0,21.4,22.3,Yes,Yes
2012-02-25,Brisbane,20.7,28.9,58.4,3.0,5.7,E,39.0,E,E,13.0,16.999999999999996,84.0,79.0,1019.7,1017.9,7.0,7.0,27.000000000000004,26.4,Yes,Yes
2012-02-26,Brisbane,22.3,29.2,13.999999999999998,3.7999999999999994,6.2,E,28.0,ESE,ESE,9.0,11.0,74.0,71.0,1020.8,1017.8,5.0,6.0,26.5,26.0,Yes,No
2012-02-28,Brisbane,21.1,29.700000000000003,0.0,7.2,11.6,ENE,26.0,E,ENE,15.0,9.0,64.0,58.0,1016.8,1014.8,2.0,3.0,27.099999999999998,28.6,No,No
2012-02-29,Brisbane,20.6,30.6,0.0,6.8,11.5,NE,24.000000000000004,S,NNE,4.0,9.0,71.0,63.00000000000001,1016.3,1012.1,2.0,1.0,27.200000000000003,29.399999999999995,No,No
2012-03-01,Brisbane,20.6,31.2,0.0,6.6,10.8,NE,24.000000000000004,W,NE,4.0,11.0,68.0,56.99999999999999,1013.0,1009.0,7.0,7.0,26.800000000000004,29.699999999999996,No,No
2012-03-02,Brisbane,19.5,32.1,0.0,8.0,11.2,ENE,20.0,SW,NE,4.0,7.000000000000001,61.0,50.0,1011.0,1008.5,6.0,1.0,27.4,31.4,No,No
2012-03-03,Brisbane,22.7,28.099999999999998,0.8,6.8,6.0,E,28.0,SE,ESE,9.0,7.000000000000001,78.0,88.0,1015.2,1013.5,7.0,7.0,26.600000000000005,26.9,No,Yes
2012-03-04,Brisbane,21.0,30.0,16.4,4.4,4.5,E,28.0,ESE,E,4.0,6.0,85.99999999999999,76.0,1015.5,1012.8,7.0,7.0,26.2,27.4,Yes,Yes
2012-03-05,Brisbane,23.1,25.9,22.2,4.4,0.0,E,22.0,E,ESE,9.0,11.0,98.0,91.0,1012.5,1009.9,8.0,8.0,23.9,24.7,Yes,Yes
2012-03-06,Brisbane,21.6,26.1,7.599999999999999,2.6,2.9,SE,28.0,SSE,SSE,7.0,9.0,78.0,70.0,1012.7,1010.9,7.0,6.0,25.1,25.0,Yes,Yes
2012-03-07,Brisbane,19.2,28.7,7.4,2.8,10.3,SE,30.0,S,ESE,7.0,9.0,66.0,53.0,1012.0000000000001,1008.1,1.0,5.0,24.4,27.200000000000003,Yes,No
2012-03-08,Brisbane,18.3,28.999999999999996,0.0,7.0,9.6,E,20.0,SSW,ENE,4.0,9.0,63.0,62.0,1011.5,1007.8,4.0,4.0,24.2,26.600000000000005,No,No
2012-03-09,Brisbane,19.9,31.7,0.0,7.0,11.7,SW,24.000000000000004,SW,SSW,7.0,6.0,68.0,32.0,1011.5,1008.3,1.0,1.0,25.1,30.7,No,No
2012-03-10,Brisbane,16.9,31.400000000000002,0.0,4.6,11.5,E,20.0,WSW,ENE,7.0,7.000000000000001,50.0,50.0,1013.3,1011.4,1.0,2.0,24.7,29.399999999999995,No,No
2012-03-12,Brisbane,20.3,27.600000000000005,0.2,4.6,8.6,E,31.0,SE,E,4.0,13.0,67.0,60.00000000000001,1018.7,1017.3,4.0,4.0,25.7,25.8,No,No
2012-03-13,Brisbane,18.4,28.4,0.0,7.0,9.8,SE,39.0,SE,ESE,9.0,16.999999999999996,61.0,50.0,1020.5000000000001,1017.7,5.0,6.0,25.8,27.599999999999998,No,Yes
2012-03-15,Brisbane,20.5,27.299999999999997,8.2,2.0,2.8,NE,26.0,SSE,E,9.0,13.0,79.0,79.0,1016.0,1012.8,7.0,8.0,25.2,25.3,Yes,No
2012-03-16,Brisbane,20.3,29.700000000000003,0.6,4.2,11.1,SE,26.0,SSE,E,9.0,13.0,72.0,61.0,1014.1,1010.9,2.0,1.0,26.300000000000004,27.999999999999996,No,No
2012-03-17,Brisbane,22.5,28.4,0.4,5.6,2.4,S,31.0,SSW,E,4.0,11.0,82.0,79.0,1013.4,1010.5,7.0,8.0,26.800000000000004,25.7,No,Yes
2012-03-18,Brisbane,20.1,26.000000000000004,22.2,4.0,0.0,SE,33.0,SSW,SE,4.0,13.0,88.0,68.0,1015.7,1013.6,8.0,7.0,23.0,25.2,Yes,No
2012-03-19,Brisbane,18.4,28.099999999999998,0.2,4.4,6.3,ESE,28.0,SSW,SSW,6.0,2.0,73.0,68.0,1016.0,1012.2,3.0,7.0,23.3,25.8,No,Yes
2012-03-20,Brisbane,20.7,27.9,4.4,3.7999999999999994,7.1,SE,37.0,ESE,ESE,13.0,14.999999999999998,84.0,65.0,1014.0,1010.7,5.0,4.0,24.5,27.099999999999998,Yes,Yes
2012-03-21,Brisbane,19.4,28.3,3.4,5.0,2.6,ESE,22.0,ESE,ESE,7.0,11.0,76.0,73.0,1009.4,1005.7,7.0,7.0,24.5,25.3,Yes,No
2012-03-22,Brisbane,22.2,25.1,0.2,4.0,0.0,ENE,26.0,ESE,SE,11.0,9.0,83.0,96.99999999999999,1006.8,1004.9,8.0,8.0,24.9,21.7,No,Yes
2012-03-23,Brisbane,19.8,30.099999999999998,16.0,0.8,3.4,WNW,19.0,SW,W,4.0,4.0,93.0,66.0,1004.4,1001.8,7.0,5.0,21.7,29.199999999999996,Yes,No
2012-03-24,Brisbane,18.5,27.9,0.0,4.2,9.2,ESE,28.0,SW,E,6.0,13.0,48.00000000000001,64.0,1010.9,1010.8,6.0,5.0,24.3,26.7,No,No
2012-03-25,Brisbane,19.0,26.800000000000004,0.0,5.4,8.6,SE,33.0,SE,ESE,11.0,14.999999999999998,60.0,60.00000000000001,1018.6,1017.8,6.0,3.0,24.6,24.4,No,No
2012-03-26,Brisbane,17.0,26.499999999999996,0.0,8.0,10.8,E,28.0,SSE,ESE,6.0,13.0,64.0,52.0,1021.4,1019.2,2.0,1.0,24.4,25.4,No,No
2012-03-27,Brisbane,16.8,26.900000000000002,0.0,7.0,8.0,E,33.0,S,ESE,6.0,14.999999999999998,66.0,53.99999999999999,1021.6,1019.0,1.0,6.0,23.9,25.4,No,No
2012-03-28,Brisbane,18.0,27.2,0.0,5.2,9.2,SE,30.0,SE,ESE,7.0,14.999999999999998,65.0,50.0,1020.4,1017.0,5.0,2.0,24.5,26.100000000000005,No,No
2012-03-29,Brisbane,18.0,27.600000000000005,0.0,6.8,8.2,SSE,30.0,SSW,ESE,6.0,13.0,65.0,58.0,1018.4,1014.7,3.0,4.0,23.8,26.100000000000005,No,No
2012-03-30,Brisbane,18.1,28.199999999999996,0.2,5.0,9.5,E,30.0,SW,E,4.0,13.0,69.0,65.0,1016.4,1013.6,1.0,3.0,24.6,25.8,No,Yes
2012-03-31,Brisbane,17.5,28.500000000000004,2.0,6.2,11.0,SE,30.0,SSW,SE,6.0,13.0,70.0,55.0,1016.8,1013.4,1.0,1.0,23.6,26.7,Yes,No
2012-04-01,Brisbane,17.6,28.7,0.2,6.0,8.2,SSE,30.0,WSW,SSW,6.0,6.0,69.0,52.0,1016.0,1012.4,1.0,4.0,23.3,27.700000000000003,No,No
2012-04-02,Brisbane,18.0,30.3,0.0,6.6,10.7,SE,20.0,SW,WSW,7.0,6.0,65.0,42.0,1015.6,1011.9,1.0,3.0,23.8,29.8,No,No
2012-04-03,Brisbane,18.3,30.500000000000004,0.0,5.2,10.4,SE,24.000000000000004,SSW,S,6.0,6.0,66.0,39.0,1015.6,1012.2,1.0,2.0,23.9,29.8,No,No
2012-04-04,Brisbane,17.7,28.8,0.0,5.2,10.5,ENE,24.000000000000004,WSW,ESE,7.0,11.0,68.0,53.0,1016.8,1014.0,1.0,2.0,23.9,26.600000000000005,No,No
2012-04-05,Brisbane,17.9,28.4,0.0,6.6,8.7,E,26.0,SW,ESE,4.0,11.0,70.0,53.0,1019.3000000000001,1016.1,2.0,2.0,23.5,26.100000000000005,No,No
2012-04-06,Brisbane,17.7,27.399999999999995,0.0,8.0,10.6,E,26.0,S,ESE,6.0,13.0,63.0,58.0,1020.0,1016.4,5.0,4.0,23.5,24.7,No,No
2012-04-07,Brisbane,16.1,29.300000000000004,0.0,6.4,10.6,WNW,15.0,SSW,SE,4.0,6.0,68.0,45.0,1018.3,1014.3,1.0,1.0,22.6,28.200000000000003,No,No
2012-04-08,Brisbane,17.5,27.299999999999997,0.0,4.6,8.8,E,22.0,SSW,E,4.0,11.0,70.0,67.0,1020.0,1016.9,2.0,6.0,23.5,25.7,No,No
2012-04-09,Brisbane,17.0,30.500000000000004,0.0,4.8,10.7,NE,20.0,SSW,NE,4.0,6.0,80.0,59.0,1017.6,1013.1,1.0,1.0,22.399999999999995,28.6,No,No
2012-04-10,Brisbane,18.5,28.4,0.0,5.8,9.5,ESE,35.0,SW,E,6.0,16.999999999999996,62.0,56.99999999999999,1018.0,1016.7,4.0,2.0,22.9,23.6,No,No
2012-04-11,Brisbane,15.1,24.4,0.0,7.800000000000001,8.7,ESE,31.0,SSW,ESE,7.0,13.0,56.0,50.0,1025.0,1022.9,2.0,4.0,20.4,23.4,No,No
2012-04-12,Brisbane,14.900000000000002,24.9,0.0,6.2,8.6,SE,39.0,S,SE,7.0,9.0,61.0,69.0,1027.9,1026.4,1.0,5.0,21.1,21.0,No,Yes
2012-04-13,Brisbane,16.1,25.8,3.4,4.6,6.3,ESE,30.0,WSW,ESE,6.0,11.0,88.0,59.0,1028.6,1025.9,6.0,7.0,18.9,23.9,Yes,Yes
2012-04-14,Brisbane,17.2,25.2,2.4,4.4,6.5,ESE,28.0,SW,ESE,4.0,7.000000000000001,78.0,72.0,1025.8,1022.2999999999998,3.0,2.0,22.3,23.6,Yes,Yes
2012-04-15,Brisbane,18.3,23.9,12.4,3.4,5.1,SSE,20.0,SSW,SSE,4.0,6.0,90.0,93.0,1023.8,1020.5,7.0,7.0,21.1,21.7,Yes,Yes
2012-04-16,Brisbane,18.6,25.3,7.599999999999999,3.6,3.7,E,20.0,SSW,E,4.0,9.0,90.99999999999999,72.0,1021.0,1017.5,7.0,7.0,21.8,23.2,Yes,Yes
2012-04-17,Brisbane,18.4,25.4,7.200000000000001,3.7999999999999994,4.6,E,26.0,SE,E,2.0,9.0,92.0,61.0,1018.2,1014.8,7.0,3.0,20.8,24.6,Yes,No
2012-04-18,Brisbane,17.7,26.6,0.0,2.8,10.0,ESE,26.0,SSE,ESE,2.0,13.0,73.0,67.0,1016.7,1013.1,5.0,3.0,23.2,24.6,No,No
2012-04-19,Brisbane,18.0,27.9,0.2,5.6,10.5,E,19.0,SW,ENE,6.0,7.000000000000001,73.0,62.0,1016.5,1013.3,3.0,2.0,23.4,26.9,No,No
2012-04-20,Brisbane,18.6,27.2,0.2,3.6,3.4,ESE,24.000000000000004,SW,SE,4.0,11.0,78.0,72.0,1016.3,1013.2,6.0,7.0,24.3,25.0,No,No
2012-04-21,Brisbane,18.1,29.9,0.0,3.2,10.4,ENE,17.0,WSW,ENE,6.0,9.0,72.0,61.0,1014.6,1011.1,1.0,3.0,23.6,27.799999999999997,No,No
2012-04-22,Brisbane,18.2,28.6,0.2,3.4,8.7,WNW,22.0,WSW,NE,6.0,7.000000000000001,79.0,65.0,1015.5,1012.0,8.0,7.0,22.5,26.600000000000005,No,No
2012-04-23,Brisbane,18.2,27.600000000000005,0.0,3.2,6.5,ENE,17.0,W,NE,6.0,7.000000000000001,98.0,68.0,1016.1,1011.9,7.0,7.0,20.5,26.300000000000004,No,No
2012-04-24,Brisbane,20.4,25.8,0.0,2.6,1.0,W,22.0,SW,S,2.0,6.0,88.0,81.0,1014.0,1012.0,7.0,8.0,24.1,24.3,No,No
2012-04-25,Brisbane,19.3,22.8,0.2,3.4,1.9,W,30.0,W,WNW,7.0,7.000000000000001,73.0,49.00000000000001,1015.5,1012.0,7.0,7.0,20.8,22.7,No,No
2012-04-26,Brisbane,11.6,24.4,0.0,3.4,10.5,W,20.0,SSW,WSW,6.0,4.0,44.0,32.0,1018.3,1015.8,1.0,2.0,18.1,23.7,No,No
2012-04-27,Brisbane,13.900000000000002,20.4,0.2,4.0,0.1,SSE,19.0,SW,WSW,6.0,6.0,83.0,79.0,1021.8,1019.0,8.0,8.0,16.2,19.6,No,Yes
2012-04-30,Brisbane,16.9,24.6,0.0,3.0,8.2,SE,35.0,SSW,SE,6.0,13.0,67.0,55.0,1023.2,1020.5,1.0,2.0,21.3,23.5,No,No
2012-05-01,Brisbane,15.1,23.7,0.0,4.8,4.2,SE,28.0,S,ESE,6.0,7.000000000000001,72.0,63.00000000000001,1025.4,1022.4000000000001,1.0,7.0,21.0,22.7,No,Yes
2012-05-02,Brisbane,17.1,24.3,4.2,2.2,7.1,E,20.0,SSW,E,4.0,9.0,83.0,56.99999999999999,1023.4,1019.5,7.0,2.0,20.0,23.0,Yes,No
2012-05-03,Brisbane,16.1,25.0,0.0,4.6,7.700000000000001,ENE,22.0,SW,ENE,4.0,6.0,74.0,70.0,1019.5,1015.8,3.0,6.0,20.8,23.5,No,Yes
2012-05-04,Brisbane,16.8,24.8,7.8,3.2,6.700000000000001,SE,20.0,WSW,ESE,4.0,7.000000000000001,85.0,68.0,1017.5,1013.4,7.0,5.0,19.2,23.7,Yes,No
2012-05-05,Brisbane,14.799999999999999,25.2,0.0,3.6,10.2,W,22.0,SW,W,6.0,9.0,68.0,39.0,1014.8,1011.8,1.0,1.0,20.6,24.4,No,No
2012-05-06,Brisbane,10.6,24.7,0.0,4.8,10.2,WSW,17.0,SW,WSW,4.0,4.0,56.0,31.0,1018.0,1014.9,1.0,1.0,17.4,24.1,No,No
2012-05-07,Brisbane,11.2,25.4,0.0,3.6,10.3,SW,15.0,SW,NE,6.0,2.0,64.0,42.0,1018.6,1014.5,2.0,1.0,17.4,24.9,No,No
2012-05-08,Brisbane,11.8,26.3,0.0,4.0,10.2,E,17.0,SW,S,6.0,4.0,65.0,35.0,1018.1,1015.3,2.0,1.0,17.5,26.0,No,No
2012-05-09,Brisbane,12.8,26.1,0.0,2.6,9.9,ENE,13.0,SW,NE,4.0,7.000000000000001,73.0,43.0,1022.7,1019.9,0.0,1.0,18.5,24.6,No,No
2012-05-10,Brisbane,13.1,26.7,0.0,3.4,9.7,NE,17.0,SW,NNE,4.0,7.000000000000001,73.0,49.00000000000001,1024.3,1020.2,1.0,1.0,18.9,24.9,No,No
2012-05-11,Brisbane,13.400000000000002,25.8,0.0,3.6,10.1,NNW,15.0,SW,NNE,4.0,6.0,80.99999999999999,53.0,1023.1,1018.2,1.0,1.0,18.9,24.3,No,No
2012-05-12,Brisbane,13.400000000000002,27.2,0.0,3.7999999999999994,10.1,W,13.0,SW,NW,2.0,6.0,83.0,38.0,1019.1,1014.6,0.0,1.0,17.6,27.099999999999998,No,No
2012-05-13,Brisbane,12.8,25.8,0.0,3.2,10.0,W,39.0,W,W,4.0,19.999999999999996,59.0,29.0,1016.3,1013.1,0.0,0.0,20.8,25.1,No,No
2012-05-14,Brisbane,10.0,21.4,0.0,7.2,9.9,WSW,22.0,SW,ENE,6.0,7.000000000000001,42.99999999999999,35.0,1020.0,1018.4,0.0,1.0,16.1,20.0,No,No
2012-05-15,Brisbane,8.1,23.4,0.0,5.4,9.5,SW,19.0,SW,SW,7.0,4.0,52.0,38.0,1022.5,1018.7,1.0,1.0,15.199999999999998,23.2,No,No
2012-05-16,Brisbane,10.2,24.3,0.0,4.8,9.9,WSW,17.0,SW,S,7.0,2.0,67.0,36.0,1022.8,1019.4,1.0,1.0,16.4,23.4,No,No
2012-05-17,Brisbane,10.9,24.9,0.0,3.7999999999999994,9.8,E,20.0,SW,NNE,7.0,4.0,69.0,60.00000000000001,1023.6,1020.4,1.0,2.0,16.8,22.8,No,No
2012-05-18,Brisbane,11.9,24.1,0.0,3.7999999999999994,8.7,E,19.0,SW,ESE,6.0,7.000000000000001,76.0,48.0,1024.2,1021.0999999999999,1.0,5.0,17.3,22.0,No,No
2012-05-19,Brisbane,10.8,24.4,0.0,3.4,9.3,ESE,17.0,SSW,ENE,4.0,9.0,75.0,51.0,1023.8,1020.4,1.0,1.0,17.0,22.6,No,No
2012-05-20,Brisbane,11.3,24.0,0.0,3.7999999999999994,9.4,ESE,20.0,SSW,E,2.0,7.000000000000001,78.0,49.00000000000001,1023.8,1020.5,1.0,5.0,16.5,22.1,No,No
2012-05-21,Brisbane,11.7,22.9,0.0,3.2,5.9,SSE,20.0,SW,E,6.0,7.000000000000001,72.0,61.0,1024.5,1022.0,3.0,6.0,17.0,22.0,No,No
2012-05-22,Brisbane,13.699999999999998,24.8,0.0,2.2,9.8,ENE,17.0,WSW,NNE,6.0,6.0,76.0,50.0,1025.8,1022.2999999999998,2.0,3.0,18.4,23.8,No,No
2012-05-23,Brisbane,13.0,23.7,0.0,3.7999999999999994,7.4,ENE,20.0,WSW,NNE,4.0,7.000000000000001,79.0,56.99999999999999,1026.3,1022.8000000000001,2.0,5.0,17.9,23.5,No,No
2012-05-26,Brisbane,11.3,19.7,10.6,1.8,8.2,W,30.0,W,W,9.0,13.0,67.0,45.0,1019.2,1015.0,6.0,3.0,13.2,19.3,Yes,No
2012-05-27,Brisbane,8.4,22.6,0.2,4.0,8.9,SW,22.0,SW,SSE,6.0,4.0,56.0,45.0,1018.7,1015.8,1.0,3.0,14.8,21.2,No,No
2012-05-28,Brisbane,10.2,22.7,0.0,3.0,8.7,SSE,26.0,SW,S,7.0,9.0,63.0,51.0,1021.6,1019.5,1.0,6.0,15.7,21.9,No,No
2012-05-29,Brisbane,13.3,22.5,0.0,3.2,9.6,SE,35.0,SSW,SE,6.0,16.999999999999996,70.0,56.0,1025.3,1024.2,1.0,4.0,18.2,22.1,No,No
2012-05-30,Brisbane,13.199999999999998,22.9,0.0,3.6,7.2,SE,35.0,SSW,SE,2.0,11.0,85.0,56.0,1029.5,1026.7,6.0,4.0,16.7,21.8,No,Yes
2012-05-31,Brisbane,14.699999999999998,21.0,13.2,3.6,2.4,SE,31.0,S,SSE,7.0,7.000000000000001,90.99999999999999,72.0,1028.6,1026.1,6.0,8.0,16.9,19.1,Yes,Yes
2012-06-01,Brisbane,13.699999999999998,22.0,6.0,0.0,3.2,ESE,26.0,SSE,E,6.0,11.0,88.0,85.0,1024.9,1021.6,7.0,7.0,18.5,19.1,Yes,Yes
2012-06-02,Brisbane,15.199999999999998,22.4,13.000000000000002,1.6,0.8,ENE,26.0,SW,E,2.0,9.0,94.0,82.0,1019.5999999999999,1015.6,7.0,7.0,16.8,20.4,Yes,Yes
2012-06-04,Brisbane,13.8,22.4,0.2,1.0,9.7,W,44.0,W,W,9.0,19.0,74.0,47.0,1007.7,1004.5,1.0,2.0,18.8,21.5,No,No
2012-06-05,Brisbane,12.1,17.9,0.0,6.6,9.9,WNW,46.0,W,WNW,17.0,19.999999999999996,55.0,43.0,1007.6,1004.1,1.0,2.0,14.699999999999998,17.2,No,No
2012-06-06,Brisbane,10.7,22.0,0.0,5.6,8.3,W,30.0,WSW,S,11.0,7.000000000000001,58.00000000000001,42.0,1011.0,1010.3,1.0,2.0,14.699999999999998,21.6,No,No
2012-06-07,Brisbane,12.1,21.1,0.0,5.4,7.499999999999999,SE,22.0,SW,ESE,7.0,9.0,68.0,51.0,1018.2,1016.7,1.0,4.0,16.3,20.1,No,No
2012-06-08,Brisbane,11.0,20.7,0.0,3.2,4.0,SSE,28.0,SSW,ESE,6.0,11.0,72.0,56.99999999999999,1022.8,1020.8,6.0,7.0,15.3,18.8,No,No
2012-06-09,Brisbane,12.7,20.3,0.0,2.4,6.0,SSE,26.0,WSW,SE,6.0,11.0,79.0,61.0,1023.8,1020.5,6.0,5.0,14.9,18.9,No,Yes
2012-06-10,Brisbane,12.8,17.9,6.999999999999999,0.2,0.0,SSE,22.0,SW,SSE,4.0,7.000000000000001,98.0,80.0,1021.1,1016.5,7.0,7.0,13.2,17.2,Yes,Yes
2012-06-11,Brisbane,13.199999999999998,19.0,5.2,1.6,0.4,SW,30.0,SSW,SW,7.0,11.0,79.0,82.0,1012.8,1009.8,7.0,8.0,15.9,15.6,Yes,Yes
2012-06-12,Brisbane,14.0,21.9,1.6,2.4,8.8,SW,33.0,SW,SSW,7.0,7.000000000000001,66.0,59.0,1010.2,1009.5,1.0,1.0,18.9,20.8,Yes,No
2012-06-13,Brisbane,13.5,22.7,0.4,3.4,7.9,S,26.0,SSW,S,7.0,4.0,68.0,53.0,1014.9,1013.3,2.0,2.0,17.5,21.9,No,No
2012-06-14,Brisbane,12.7,23.3,0.2,3.6,9.0,W,24.000000000000004,SW,SSW,7.0,6.0,72.0,52.0,1017.3,1015.3,0.0,2.0,17.2,21.8,No,No
2012-06-15,Brisbane,10.2,23.5,0.0,3.0,9.8,SW,13.0,SW,N,2.0,4.0,79.0,53.0,1020.5000000000001,1017.7,1.0,1.0,15.3,22.2,No,No
2012-06-17,Brisbane,13.199999999999998,23.4,0.0,2.2,9.9,W,26.0,W,W,7.0,9.0,64.0,33.0,1021.3,1018.4,1.0,0.0,18.0,22.8,No,No
2012-06-18,Brisbane,9.2,21.2,0.0,3.2,9.9,WSW,20.0,WSW,WSW,9.0,2.0,56.0,41.0,1022.6,1018.9,0.0,0.0,15.1,20.9,No,No
2012-06-19,Brisbane,8.4,21.8,0.0,2.8,10.0,W,20.0,WSW,W,6.0,11.0,71.0,39.0,1022.4,1018.4,0.0,1.0,13.799999999999999,20.3,No,No
2012-06-20,Brisbane,8.5,22.6,0.0,2.0,9.8,NE,19.0,SW,NNE,6.0,6.0,67.0,53.0,1023.0,1019.9,1.0,2.0,13.799999999999999,20.9,No,No
2012-06-21,Brisbane,8.2,22.9,0.0,3.4,9.8,NW,19.0,S,NNW,2.0,6.0,98.0,38.0,1021.8,1017.1,1.0,0.0,10.6,22.4,No,No
2012-06-23,Brisbane,12.900000000000002,19.1,0.0,3.2,0.4,WSW,24.000000000000004,WSW,NW,9.0,4.0,53.00000000000001,41.0,1022.2,1020.4,7.0,7.0,14.399999999999999,18.2,No,No
2012-06-24,Brisbane,11.8,19.6,0.0,3.7999999999999994,1.2,SE,22.0,WSW,SE,6.0,9.0,68.0,55.0,1027.7,1025.4,6.0,7.0,13.799999999999999,18.6,No,No
2012-06-25,Brisbane,13.400000000000002,17.4,0.2,2.8,0.2,WSW,17.0,SW,WSW,6.0,4.0,60.0,63.00000000000001,1027.9,1024.6,8.0,8.0,14.200000000000001,17.3,No,No
2012-06-26,Brisbane,13.3,16.1,0.0,2.0,0.0,WSW,17.0,S,SSW,2.0,2.0,76.0,90.0,1025.1,1023.5000000000001,8.0,8.0,15.8,14.100000000000001,No,Yes
2012-06-27,Brisbane,11.9,15.099999999999998,27.2,2.0,0.0,SSE,37.0,WSW,SSW,6.0,4.0,98.0,98.00000000000001,1024.2,1020.8,8.0,8.0,12.6,14.3,Yes,Yes
2012-06-28,Brisbane,12.6,19.0,21.4,1.4,0.0,SSE,33.0,SW,SSE,6.0,16.999999999999996,98.0,89.0,1017.5,1012.4,8.0,7.0,14.699999999999998,17.8,Yes,Yes
2012-06-29,Brisbane,14.699999999999998,23.3,13.2,1.2,8.8,SSE,24.000000000000004,SW,S,6.0,6.0,88.0,61.0,1012.5,1010.0,4.0,3.0,18.0,22.7,Yes,No
2012-06-30,Brisbane,11.6,23.0,0.0,2.0,9.8,W,17.0,SW,SW,7.0,2.0,87.0,47.0,1015.8,1012.7,1.0,1.0,15.4,22.9,No,No
2012-07-01,Brisbane,9.8,23.4,0.0,1.6,9.5,W,22.0,SSW,WNW,4.0,7.000000000000001,84.0,49.00000000000001,1018.4,1014.4,1.0,2.0,13.899999999999999,22.9,No,No
2012-07-02,Brisbane,6.5,19.6,0.0,3.4,10.1,W,26.0,WSW,W,7.0,11.0,48.00000000000001,34.0,1019.8,1016.3,0.0,0.0,13.899999999999999,19.1,No,No
2012-07-03,Brisbane,6.0,19.5,0.0,3.6,10.2,WNW,15.0,SW,W,4.0,4.0,58.00000000000001,42.0,1020.1,1016.8,0.0,0.0,12.9,18.9,No,No
2012-07-04,Brisbane,6.8,19.3,0.0,2.8,10.1,SW,20.0,SSW,WSW,4.0,6.0,58.00000000000001,35.0,1022.9,1021.0,1.0,0.0,12.4,18.9,No,No
2012-07-05,Brisbane,7.099999999999999,22.0,0.0,2.4,9.2,SW,20.0,WSW,SSW,7.0,6.0,61.0,43.0,1025.8,1023.2,1.0,3.0,13.300000000000002,21.0,No,No
2012-07-06,Brisbane,9.9,20.4,0.0,3.2,9.6,SE,33.0,SSW,SSE,9.0,11.0,65.0,52.0,1027.1,1024.9,1.0,2.0,15.3,18.9,No,No
2012-07-07,Brisbane,10.7,21.4,0.0,3.4,4.8,ESE,26.0,SW,ESE,4.0,11.0,75.0,53.0,1028.0,1025.6,3.0,5.0,15.0,19.8,No,No
2012-07-08,Brisbane,10.7,21.3,0.0,2.8,9.3,E,24.000000000000004,SW,ESE,6.0,11.0,77.0,53.0,1028.4,1025.9,2.0,3.0,14.100000000000001,19.5,No,No
2012-07-09,Brisbane,11.4,21.0,0.0,3.0,7.700000000000001,E,28.0,SW,ESE,4.0,13.0,74.0,66.0,1029.0,1025.2,3.0,3.0,15.3,19.1,No,Yes
2012-07-10,Brisbane,12.3,18.7,4.2,2.4,0.0,E,22.0,SSE,E,2.0,9.0,98.0,83.0,1025.9,1022.5999999999999,7.0,8.0,15.9,17.5,Yes,Yes
2012-07-13,Brisbane,18.7,22.9,19.2,1.4,0.8,SW,17.0,NE,NE,2.0,6.0,98.0,95.0,1017.1,1013.8,7.0,8.0,21.0,21.3,Yes,Yes
2012-07-14,Brisbane,17.8,24.5,12.0,0.2,4.3,WNW,28.0,WSW,W,6.0,9.0,82.0,56.99999999999999,1016.9,1014.8,6.0,7.0,19.9,21.9,Yes,No
2012-07-15,Brisbane,15.700000000000001,21.1,0.4,3.4,4.8,W,30.0,W,WSW,9.0,11.0,75.0,39.0,1020.4,1018.0,8.0,2.0,15.8,20.6,No,No
2012-07-16,Brisbane,8.5,21.3,0.2,3.6,4.0,ESE,22.0,SW,E,6.0,13.0,64.0,52.0,1026.8,1024.1,0.0,6.0,13.799999999999999,20.6,No,Yes
2012-07-17,Brisbane,12.0,21.4,2.0,2.8,6.0,ESE,20.0,SW,E,2.0,9.0,78.0,58.0,1026.4,1022.1,7.0,3.0,15.4,21.1,Yes,No
2012-07-18,Brisbane,13.199999999999998,20.8,0.6,2.6,0.7,ENE,13.0,S,ENE,2.0,6.0,92.0,63.00000000000001,1021.1,1015.8,8.0,7.0,15.7,20.0,No,Yes
2012-07-19,Brisbane,13.900000000000002,22.2,7.4,3.4,9.6,SSE,22.0,SW,SSW,7.0,7.000000000000001,80.99999999999999,50.0,1016.1,1013.5,1.0,3.0,16.9,21.2,Yes,No
2012-07-20,Brisbane,9.8,21.9,0.2,1.8,9.8,WSW,20.0,SW,SW,9.0,6.0,59.0,46.00000000000001,1020.4,1017.6,1.0,3.0,14.9,21.6,No,No
2012-07-21,Brisbane,12.7,22.0,0.0,3.7999999999999994,6.4,SSW,22.0,SW,SSW,7.0,9.0,63.0,58.0,1021.8,1020.2,6.0,6.0,16.9,20.1,No,No
2012-07-22,Brisbane,12.400000000000002,21.2,0.0,3.6,7.8,SW,31.0,SW,SSW,7.0,9.0,64.0,58.0,1023.0,1021.2,1.0,6.0,17.1,18.2,No,No
2012-07-23,Brisbane,10.9,21.5,0.0,3.6,8.2,S,22.0,SW,SSW,6.0,7.000000000000001,68.0,48.0,1022.7,1019.7,1.0,2.0,15.5,21.3,No,No
2012-07-24,Brisbane,11.2,22.1,0.0,3.0,9.0,SE,20.0,SW,S,6.0,4.0,67.0,48.0,1024.4,1021.3000000000001,1.0,6.0,15.9,20.3,No,No
2012-07-25,Brisbane,10.5,21.3,0.0,3.7999999999999994,7.2,S,20.0,SSW,ENE,6.0,7.000000000000001,73.0,56.99999999999999,1022.9,1020.3,3.0,4.0,15.5,20.4,No,No
2012-07-26,Brisbane,12.8,22.0,0.0,2.2,6.4,NE,17.0,WSW,NE,6.0,9.0,75.0,56.99999999999999,1019.9000000000001,1015.1,5.0,6.0,16.4,20.3,No,No
2012-07-27,Brisbane,10.3,22.6,0.0,2.2,7.4,W,26.0,SW,NNW,6.0,6.0,82.0,46.00000000000001,1015.0,1010.2,2.0,4.0,14.9,20.0,No,No
2012-07-28,Brisbane,7.7,19.8,0.0,3.6,10.3,WNW,31.0,W,W,11.0,11.0,54.0,39.0,1017.4,1015.1,1.0,2.0,14.200000000000001,19.6,No,No
2012-07-29,Brisbane,6.599999999999999,20.4,0.0,6.0,9.7,W,20.0,SW,SW,4.0,6.0,62.0,41.0,1022.2,1019.1,0.0,2.0,13.600000000000001,19.9,No,No
2012-07-30,Brisbane,7.8999999999999995,21.6,0.0,4.2,9.9,WSW,17.0,SW,W,6.0,6.0,66.0,32.0,1021.4,1017.2,1.0,1.0,13.899999999999999,21.0,No,No
2012-07-31,Brisbane,8.5,21.4,0.0,3.6,10.0,SW,22.0,SSW,W,7.0,2.0,54.0,36.0,1023.3,1019.1,1.0,2.0,14.399999999999999,21.2,No,No
2012-08-01,Brisbane,7.8,21.1,0.0,3.6,10.0,WSW,20.0,SW,WSW,4.0,6.0,70.0,32.0,1022.4,1017.7,0.0,1.0,13.899999999999999,21.1,No,No
2012-08-02,Brisbane,4.6,20.7,0.0,2.4,10.4,WNW,22.0,SW,SSW,6.0,2.0,52.0,28.0,1021.6,1018.2,0.0,0.0,13.400000000000002,20.3,No,No
2012-08-03,Brisbane,4.1,21.6,0.0,3.6,9.3,W,24.000000000000004,SW,WSW,2.0,9.0,61.0,26.0,1020.3,1016.4,1.0,2.0,12.5,21.3,No,No
2012-08-04,Brisbane,5.4,22.5,0.0,4.4,10.2,ENE,19.0,SW,SSW,4.0,4.0,54.0,28.0,1021.3,1017.1,0.0,0.0,13.799999999999999,22.1,No,No
2012-08-05,Brisbane,5.9,23.6,0.0,4.0,10.2,W,26.0,WSW,S,6.0,4.0,65.0,25.0,1021.4,1016.1,0.0,1.0,12.1,23.1,No,No
2012-08-06,Brisbane,7.099999999999999,25.1,0.0,3.6,10.3,WSW,28.0,SSW,W,2.0,11.0,58.00000000000001,22.0,1019.9000000000001,1016.6,0.0,1.0,14.399999999999999,24.9,No,No
2012-08-08,Brisbane,6.700000000000001,23.7,0.0,3.4,10.1,NNW,19.0,SW,WNW,4.0,7.000000000000001,57.0,16.0,1024.3,1019.3,0.0,0.0,13.2,23.4,No,No
2012-08-09,Brisbane,7.3,25.5,0.0,3.7999999999999994,8.7,W,30.0,SSW,WNW,2.0,16.999999999999996,50.0,23.000000000000004,1018.1,1011.4,5.0,3.0,16.2,24.7,No,No
2012-08-10,Brisbane,10.5,19.3,0.0,6.0,10.3,SW,39.0,SW,WSW,9.0,13.0,41.0,22.0,1015.7,1012.2,1.0,0.0,13.799999999999999,18.8,No,No
2012-08-11,Brisbane,9.7,21.9,0.0,7.0,10.2,W,28.0,WSW,SSW,7.0,6.0,40.0,28.0,1017.9,1014.8,1.0,5.0,14.599999999999998,20.8,No,No
2012-08-12,Brisbane,9.0,22.1,0.0,4.6,7.2,SE,20.0,SW,S,6.0,7.000000000000001,51.0,38.0,1020.7,1017.9,3.0,6.0,16.6,20.9,No,No
2012-08-13,Brisbane,10.0,21.7,0.0,4.0,9.7,SE,20.0,SW,SE,6.0,6.0,57.0,47.0,1024.6,1021.4999999999999,1.0,4.0,15.7,19.6,No,No
2012-08-14,Brisbane,8.1,23.3,0.0,3.4,10.0,W,22.0,WSW,WNW,4.0,7.000000000000001,72.0,28.0,1024.2,1019.8,1.0,5.0,13.899999999999999,23.0,No,No
2012-08-15,Brisbane,7.8,24.8,0.0,3.2,10.2,W,24.000000000000004,SSW,WNW,2.0,6.0,60.0,26.0,1022.5,1017.8,0.0,1.0,14.8,24.3,No,No
2012-08-17,Brisbane,10.4,26.6,0.0,4.0,9.9,NNW,30.0,ENE,NE,2.0,7.000000000000001,68.0,50.0,1015.8,1010.4,3.0,3.0,17.8,23.7,No,No
2012-08-18,Brisbane,12.5,21.6,0.0,4.8,10.9,WNW,43.0,W,W,9.0,16.999999999999996,28.0,21.0,1016.7,1013.7,1.0,1.0,17.3,20.9,No,No
2012-08-19,Brisbane,7.3,20.4,0.0,7.599999999999999,8.9,W,19.0,SW,NE,9.0,7.000000000000001,39.0,34.0,1021.7,1019.4,2.0,8.0,15.6,18.9,No,No
2012-08-20,Brisbane,11.4,22.6,0.0,3.0,9.7,E,20.0,WSW,ENE,4.0,11.0,55.0,44.0,1023.1,1018.9,2.0,1.0,16.1,20.7,No,No
2012-08-21,Brisbane,10.5,22.3,0.0,3.6,7.2,ENE,20.0,SSE,ENE,4.0,9.0,69.0,49.00000000000001,1023.1,1019.3,7.0,7.0,17.4,21.1,No,No
2012-08-22,Brisbane,11.4,24.1,0.0,2.8,8.1,ENE,17.0,WSW,ENE,6.0,6.0,79.0,56.99999999999999,1021.5,1016.7,6.0,2.0,16.4,22.7,No,No
2012-08-23,Brisbane,12.8,26.1,0.0,2.2,10.2,NNE,22.0,ENE,NE,2.0,11.0,67.0,64.0,1020.1,1015.5,1.0,1.0,21.7,24.9,No,No
2012-08-24,Brisbane,17.9,27.600000000000005,0.0,3.7999999999999994,7.1,NNW,22.0,NW,ENE,4.0,9.0,77.0,63.00000000000001,1018.9,1014.7,6.0,5.0,21.4,25.2,No,No
2012-08-25,Brisbane,11.7,25.6,0.0,4.0,10.5,WSW,20.0,WSW,SW,7.0,4.0,34.0,18.0,1021.1,1016.3,1.0,0.0,18.9,25.3,No,No
2012-08-26,Brisbane,9.5,25.8,0.0,5.4,10.9,WNW,20.0,SW,S,6.0,4.0,54.0,24.0,1019.8,1014.8,0.0,1.0,16.5,24.9,No,No
2012-08-27,Brisbane,13.199999999999998,22.6,0.0,5.0,9.2,ESE,28.0,SE,E,13.0,11.0,58.00000000000001,43.0,1022.2,1019.6,7.0,2.0,19.5,20.9,No,No
2012-08-28,Brisbane,10.6,22.4,0.0,7.0,9.8,ENE,19.0,SSW,NE,4.0,9.0,60.0,46.00000000000001,1024.9,1020.8,1.0,2.0,17.3,21.1,No,No
2012-08-29,Brisbane,10.4,22.9,0.0,4.6,10.6,N,20.0,SW,NE,6.0,11.0,66.0,53.0,1023.2,1017.7,5.0,1.0,16.2,21.5,No,No
2012-08-30,Brisbane,11.3,25.6,0.0,4.4,10.3,NE,24.000000000000004,NNE,NE,4.0,11.0,63.0,60.00000000000001,1018.6,1013.1,1.0,1.0,19.9,23.7,No,No
2012-08-31,Brisbane,15.799999999999999,22.2,0.2,4.6,2.3,W,24.000000000000004,W,W,7.0,4.0,68.0,41.0,1016.1,1014.5,6.0,7.0,19.8,21.0,No,No
2012-09-01,Brisbane,9.3,22.2,0.0,6.4,10.5,W,26.0,SSW,W,6.0,6.0,35.0,23.000000000000004,1020.4,1016.8,0.0,0.0,15.8,22.1,No,No
2012-09-02,Brisbane,7.3,22.4,0.0,4.8,11.0,S,20.0,SW,NE,6.0,9.0,55.0,36.0,1024.0,1019.8,0.0,1.0,14.8,20.7,No,No
2012-09-03,Brisbane,8.6,24.6,0.0,4.0,10.9,NNE,15.0,WSW,ENE,4.0,7.000000000000001,60.0,40.0,1023.9,1018.8,0.0,1.0,16.5,22.9,No,No
2012-09-04,Brisbane,10.2,24.6,0.0,4.0,10.8,NNE,20.0,WSW,NNE,9.0,7.000000000000001,62.0,41.0,1025.3,1021.0999999999999,1.0,1.0,16.9,23.6,No,No
2012-09-05,Brisbane,11.1,23.7,0.0,6.6,10.7,NE,30.0,SW,NE,4.0,13.0,65.0,43.0,1024.1,1019.0,1.0,1.0,18.5,22.2,No,No
2012-09-06,Brisbane,14.6,27.299999999999997,0.0,5.8,10.6,NW,33.0,NW,NNE,11.0,11.0,52.0,49.00000000000001,1019.9000000000001,1014.8,1.0,1.0,21.5,24.5,No,No
2012-09-07,Brisbane,15.6,27.399999999999995,0.0,6.4,9.6,E,20.0,NNW,ENE,7.0,9.0,56.0,52.0,1015.4,1010.2,1.0,1.0,22.1,25.4,No,No
2012-09-08,Brisbane,12.1,27.1,0.0,7.800000000000001,11.2,WSW,30.0,WSW,WNW,11.0,13.0,25.0,16.0,1018.1,1013.2,0.0,0.0,19.1,26.5,No,No
2012-09-09,Brisbane,12.3,24.5,0.0,8.0,10.8,ESE,24.000000000000004,WSW,ENE,7.0,13.0,36.0,55.0,1020.9,1018.9,1.0,2.0,19.4,22.8,No,No
2012-09-10,Brisbane,16.0,23.3,0.0,6.2,5.0,SE,24.000000000000004,ESE,ENE,11.0,9.0,52.0,53.99999999999999,1026.1,1023.1000000000001,7.0,8.0,20.7,21.7,No,No
2012-09-11,Brisbane,12.400000000000002,25.0,0.0,4.0,10.1,E,19.0,WSW,ENE,7.0,9.0,66.0,39.0,1025.6,1020.9,1.0,1.0,19.3,24.6,No,No
2012-09-12,Brisbane,13.1,25.6,0.0,4.6,10.6,NE,22.0,NNW,ENE,2.0,11.0,62.0,43.0,1024.1,1019.9,1.0,1.0,20.8,24.3,No,No
2012-09-13,Brisbane,14.0,25.3,0.0,4.8,10.5,NNE,30.0,N,NNE,6.0,9.0,61.0,56.99999999999999,1018.7,1011.8,1.0,1.0,21.4,24.3,No,No
2012-09-14,Brisbane,13.0,23.2,0.0,7.599999999999999,10.5,WSW,28.0,SW,ESE,7.0,9.0,35.0,35.0,1017.5,1015.1,1.0,1.0,17.6,22.2,No,No
2012-09-15,Brisbane,10.9,23.4,0.0,6.8,10.4,NE,26.0,SW,E,6.0,11.0,53.00000000000001,45.0,1023.1,1019.9,1.0,1.0,18.6,21.8,No,No
2012-09-16,Brisbane,11.1,23.5,0.0,5.4,10.6,E,19.0,W,NE,6.0,9.0,60.0,46.00000000000001,1022.6,1017.7,5.0,5.0,17.5,22.3,No,No
2012-09-17,Brisbane,13.3,23.6,0.0,4.6,7.499999999999999,E,24.000000000000004,S,NE,4.0,11.0,63.0,51.0,1020.3,1017.0,3.0,7.0,20.9,22.4,No,No
2012-09-18,Brisbane,15.0,21.1,0.2,4.6,4.3,E,26.0,E,ENE,9.0,11.0,70.0,72.0,1019.8,1016.9,8.0,5.0,19.8,19.6,No,Yes
2012-09-19,Brisbane,13.199999999999998,27.600000000000005,1.2,3.7999999999999994,10.6,NE,31.0,S,NE,2.0,11.0,73.0,55.0,1018.7,1013.6,3.0,2.0,19.4,24.5,Yes,No
2012-09-20,Brisbane,14.799999999999999,28.4,0.2,3.7999999999999994,10.8,ENE,22.0,WSW,NE,6.0,11.0,67.0,53.0,1019.2,1014.5,1.0,0.0,21.4,25.1,No,No
2012-09-21,Brisbane,15.1,26.2,0.0,3.0,3.5,NNW,20.0,NW,N,2.0,6.0,84.0,75.0,1018.2,1014.2,7.0,7.0,19.2,22.3,No,No
2012-09-22,Brisbane,13.8,29.9,0.2,2.2,10.8,E,28.0,SW,ENE,4.0,14.999999999999998,59.0,55.0,1014.9,1010.9,1.0,1.0,24.7,25.4,No,No
2012-09-23,Brisbane,16.4,30.8,0.0,4.0,10.4,NE,22.0,SSW,ENE,6.0,9.0,65.0,53.99999999999999,1013.3,1009.3,1.0,1.0,23.7,27.099999999999998,No,No
2012-09-24,Brisbane,18.2,30.6,0.0,6.0,4.4,NNW,28.0,WNW,NE,6.0,6.0,83.0,66.0,1013.1,1009.1,7.0,8.0,19.8,24.6,No,No
2012-09-25,Brisbane,15.9,25.6,0.6,4.6,10.6,E,31.0,ESE,ESE,13.0,14.999999999999998,58.00000000000001,53.0,1018.5,1016.9,2.0,5.0,22.9,23.8,No,No
2012-09-26,Brisbane,15.299999999999999,24.7,0.0,7.0,6.9,ENE,28.0,E,E,9.0,13.0,53.00000000000001,42.0,1021.6,1018.5,4.0,3.0,21.7,23.2,No,No
2012-09-27,Brisbane,14.199999999999998,26.1,0.0,6.4,9.9,ENE,22.0,NE,ENE,4.0,11.0,51.0,49.00000000000001,1022.0,1017.9,3.0,2.0,22.7,23.9,No,No
2012-09-28,Brisbane,13.8,25.5,0.0,4.8,10.8,NE,28.0,N,NNE,7.0,14.999999999999998,56.0,59.0,1019.9000000000001,1014.8,1.0,1.0,22.5,23.9,No,No
2012-09-29,Brisbane,14.900000000000002,29.300000000000004,0.0,7.800000000000001,7.499999999999999,W,28.0,N,NE,9.0,7.000000000000001,50.0,53.0,1016.3,1011.5,5.0,6.0,22.6,25.5,No,Yes
2012-09-30,Brisbane,17.8,23.8,3.2,5.2,0.8,E,20.0,SW,E,4.0,6.0,70.0,56.99999999999999,1018.9,1017.2,8.0,7.0,20.6,23.7,Yes,No
2012-10-01,Brisbane,15.199999999999998,21.9,0.6,2.6,0.0,ESE,26.0,SSW,ESE,4.0,11.0,85.99999999999999,58.0,1024.8,1023.5000000000001,8.0,8.0,16.8,20.1,No,No
2012-10-03,Brisbane,14.199999999999998,25.1,0.0,7.599999999999999,9.6,ENE,30.0,S,ENE,6.0,9.0,52.0,46.00000000000001,1028.0,1024.0,7.0,2.0,21.4,23.5,No,No
2012-10-04,Brisbane,12.6,27.9,0.0,5.6,11.5,NNW,28.0,S,NE,4.0,9.0,58.00000000000001,48.0,1024.7,1019.4,2.0,0.0,21.7,24.9,No,No
2012-10-05,Brisbane,12.900000000000002,28.999999999999996,0.0,7.0,11.3,NE,26.0,SW,NNE,2.0,11.0,56.0,49.00000000000001,1022.6,1017.9,0.0,1.0,23.5,27.000000000000004,No,No
2012-10-06,Brisbane,14.299999999999999,30.9,0.0,5.4,11.4,NE,20.0,E,NE,6.0,11.0,45.0,48.0,1018.4,1013.1,0.0,1.0,26.100000000000005,28.6,No,No
2012-10-07,Brisbane,15.199999999999998,31.6,0.0,6.8,10.8,SE,43.0,NE,ENE,4.0,11.0,45.0,43.0,1013.3,1006.5,0.0,2.0,27.000000000000004,30.3,No,No
2012-10-08,Brisbane,18.1,24.8,0.0,7.800000000000001,6.1,E,26.0,ESE,E,6.0,9.0,64.0,62.0,1014.8,1010.6,7.0,3.0,20.5,22.6,No,No
2012-10-09,Brisbane,16.6,31.2,0.0,5.0,11.2,WNW,33.0,WNW,W,6.0,11.0,60.0,19.0,1012.1,1006.7,4.0,1.0,23.6,30.8,No,No
2012-10-10,Brisbane,17.2,28.3,0.0,9.0,9.1,NNE,31.0,ENE,NNE,6.0,11.0,66.0,68.0,1014.6,1008.8,7.0,1.0,22.9,26.9,No,No
2012-10-11,Brisbane,20.9,24.2,0.6,5.8,0.0,W,44.0,N,SW,7.0,4.0,79.0,92.00000000000001,1009.1,1007.6,8.0,8.0,22.5,17.1,No,Yes
2012-10-12,Brisbane,12.7,20.0,11.599999999999998,1.4,11.9,W,57.0,W,WSW,24.0,19.999999999999996,42.99999999999999,30.000000000000004,1015.2,1014.4,2.0,1.0,15.199999999999998,19.3,Yes,No
2012-10-13,Brisbane,8.8,25.4,0.0,11.8,12.1,NNE,24.000000000000004,SW,NNE,6.0,7.000000000000001,37.0,26.0,1022.3,1017.6,0.0,1.0,19.8,23.5,No,No
2012-10-14,Brisbane,11.3,27.9,0.0,6.8,11.8,SE,41.0,SW,ENE,6.0,11.0,47.0,33.0,1023.3,1018.9,1.0,1.0,20.4,24.7,No,No
2012-10-16,Brisbane,13.900000000000002,26.2,0.0,6.2,11.8,NE,28.0,E,NE,6.0,13.0,56.0,49.00000000000001,1024.6,1020.4,3.0,1.0,22.9,24.4,No,No
2012-10-17,Brisbane,13.900000000000002,28.7,0.0,6.8,12.0,NE,22.0,N,NNE,6.0,11.0,45.0,46.00000000000001,1020.9,1015.8,0.0,0.0,24.1,26.5,No,No
2012-10-18,Brisbane,16.5,28.6,0.0,9.0,10.3,NE,30.0,ESE,ENE,7.0,16.999999999999996,57.0,63.00000000000001,1020.5000000000001,1017.6,2.0,4.0,25.9,25.5,No,No
2012-10-19,Brisbane,19.4,27.2,0.4,5.6,11.5,NE,28.0,N,NE,7.0,11.0,58.00000000000001,58.0,1020.1,1015.6,2.0,8.0,24.7,25.600000000000005,No,No
2012-10-20,Brisbane,16.7,30.199999999999996,0.0,8.0,11.2,NE,28.0,NNW,NE,6.0,11.0,49.0,56.99999999999999,1016.4,1011.0,1.0,1.0,26.9,28.200000000000003,No,No
2012-10-21,Brisbane,16.3,31.6,0.0,6.6,11.2,E,24.000000000000004,ENE,NE,4.0,9.0,53.00000000000001,46.00000000000001,1015.6,1012.2,0.0,1.0,27.300000000000004,29.399999999999995,No,No
2012-10-22,Brisbane,20.6,33.2,0.0,5.6,11.2,ESE,41.0,NE,NE,4.0,9.0,53.00000000000001,51.0,1013.8,1007.6,6.0,2.0,27.500000000000004,30.0,No,No
2012-10-23,Brisbane,15.299999999999999,24.8,0.0,9.4,10.7,SE,37.0,S,ESE,9.0,13.0,35.0,46.00000000000001,1021.2,1018.6,1.0,7.0,21.6,22.0,No,No
2012-10-24,Brisbane,14.799999999999999,25.7,0.0,8.8,11.9,SE,39.0,SSE,E,11.0,19.0,45.0,44.0,1022.1,1017.6,3.0,2.0,21.9,24.1,No,No
2012-10-25,Brisbane,13.699999999999998,26.499999999999996,0.0,8.0,11.1,ENE,26.0,WSW,ENE,7.0,13.0,52.0,42.0,1018.1,1012.5,7.0,3.0,21.1,25.2,No,No
2012-10-26,Brisbane,13.699999999999998,31.300000000000004,0.0,7.800000000000001,11.4,NE,24.000000000000004,ENE,NNE,4.0,11.0,50.0,53.99999999999999,1010.9,1006.3,0.0,0.0,24.8,27.300000000000004,No,No
2012-10-27,Brisbane,18.9,29.600000000000005,0.0,5.4,8.8,E,37.0,SSE,E,7.0,19.999999999999996,55.0,51.0,1011.0,1010.7,2.0,7.0,27.000000000000004,25.5,No,Yes
2012-10-28,Brisbane,18.1,23.4,8.2,8.4,0.2,ESE,37.0,SE,ESE,15.0,14.999999999999998,55.0,53.99999999999999,1022.1,1020.2,7.0,7.0,21.3,21.3,Yes,No
2012-10-29,Brisbane,16.0,25.6,0.0,5.6,3.7,ESE,30.0,SSE,ESE,13.0,11.0,58.00000000000001,43.0,1022.1,1018.8,7.0,6.0,20.9,23.4,No,No
2012-10-30,Brisbane,14.799999999999999,25.7,0.0,5.8,5.8,ENE,19.0,ESE,ENE,4.0,9.0,59.0,55.0,1019.5,1016.1,6.0,6.0,22.2,23.9,No,No
2012-10-31,Brisbane,16.8,29.2,0.0,4.0,8.9,ESE,31.0,SSW,NE,6.0,9.0,56.0,74.0,1017.7,1014.7,2.0,5.0,25.1,24.0,No,No
2012-11-01,Brisbane,15.799999999999999,29.600000000000005,0.4,4.8,12.5,NNE,31.0,NNE,NE,6.0,14.999999999999998,59.0,59.0,1014.9,1008.7,1.0,6.0,25.0,26.9,No,No
2012-11-02,Brisbane,18.6,29.399999999999995,0.0,6.0,10.6,E,46.0,ESE,ESE,13.0,19.999999999999996,52.0,52.0,1008.6,1009.8,5.0,1.0,27.799999999999997,25.3,No,No
2012-11-03,Brisbane,19.4,26.499999999999996,0.0,11.0,7.4,ENE,30.0,E,E,11.0,13.0,57.0,51.0,1017.7,1016.3,7.0,7.0,22.6,23.8,No,No
2012-11-04,Brisbane,17.6,26.3,0.6,7.0,9.1,ENE,22.0,E,E,6.0,9.0,71.0,49.00000000000001,1020.6,1017.6,6.0,3.0,21.2,24.4,No,No
2012-11-05,Brisbane,15.6,27.1,0.2,9.6,12.2,ENE,26.0,NNW,ENE,2.0,13.0,58.00000000000001,52.0,1020.6,1017.7,5.0,1.0,23.5,25.2,No,No
2012-11-06,Brisbane,15.5,27.0,0.0,6.6,11.3,ENE,30.0,ENE,ENE,6.0,14.999999999999998,49.0,50.0,1019.8,1016.9,5.0,2.0,24.9,24.9,No,No
2012-11-07,Brisbane,15.700000000000001,28.0,0.0,6.8,8.2,E,22.0,NE,NE,4.0,11.0,65.0,53.0,1017.8,1014.4,6.0,6.0,22.6,26.0,No,No
2012-11-08,Brisbane,19.8,28.0,0.0,4.2,8.0,NE,33.0,ENE,NE,9.0,16.999999999999996,73.0,60.00000000000001,1015.9,1013.5,7.0,2.0,24.4,25.8,No,No
2012-11-09,Brisbane,21.5,29.300000000000004,0.0,9.6,8.3,NE,33.0,N,NNE,7.0,13.0,57.0,61.0,1016.8,1013.9,2.0,7.0,27.000000000000004,25.1,No,Yes
2012-11-10,Brisbane,20.4,22.4,8.0,5.4,0.0,WNW,22.0,WNW,SSE,4.0,6.0,88.0,91.0,1017.0,1015.2,8.0,8.0,22.1,19.8,Yes,Yes
2012-11-11,Brisbane,16.9,25.8,22.0,3.0,7.1,SSE,46.0,SSE,SE,15.0,19.0,62.0,37.0,1021.8,1019.9,7.0,2.0,22.3,24.6,Yes,No
2012-11-12,Brisbane,15.299999999999999,25.8,0.0,8.0,11.7,E,30.0,SE,E,9.0,13.0,58.00000000000001,45.0,1024.9,1021.2,7.0,2.0,21.3,24.2,No,No
2012-11-13,Brisbane,14.1,26.800000000000004,0.0,7.2,11.9,NE,22.0,WNW,NNE,4.0,9.0,50.0,48.0,1022.1,1018.0,1.0,2.0,23.4,25.5,No,No
2012-11-14,Brisbane,14.799999999999999,27.9,0.0,8.0,12.3,NE,26.0,N,NNE,6.0,13.0,53.00000000000001,56.0,1019.5,1015.6,1.0,1.0,24.3,26.300000000000004,No,No
2012-11-15,Brisbane,17.8,28.500000000000004,0.0,6.6,11.6,NE,33.0,NE,NE,6.0,13.0,56.0,59.0,1016.6,1012.0,1.0,2.0,25.7,27.099999999999998,No,No
2012-11-16,Brisbane,17.9,31.1,0.0,7.599999999999999,12.1,NE,30.0,NW,NE,7.0,13.0,39.0,59.0,1012.1,1007.0,1.0,1.0,27.4,28.900000000000002,No,No
2012-11-17,Brisbane,22.4,27.2,0.0,8.0,4.7,WSW,70.0,ENE,NNE,6.0,6.0,71.0,61.0,1011.9,1009.7,7.0,3.0,25.9,26.5,No,Yes
2012-11-19,Brisbane,17.6,34.4,16.6,5.8,12.4,WNW,35.0,W,WNW,6.0,13.0,71.0,20.000000000000004,1011.4000000000001,1007.0,1.0,2.0,26.0,33.7,Yes,No
2012-11-20,Brisbane,18.2,28.099999999999998,0.0,9.0,12.0,ENE,26.0,S,ENE,6.0,9.0,44.0,43.0,1017.0,1014.6,6.0,1.0,23.4,25.7,No,No
2012-11-21,Brisbane,17.7,28.099999999999998,0.0,8.0,12.1,SE,28.0,SE,E,9.0,13.0,56.0,61.0,1017.0,1013.7,4.0,4.0,25.5,24.7,No,No
2012-11-22,Brisbane,18.1,28.9,0.0,5.6,9.0,ENE,24.000000000000004,W,NNE,4.0,7.000000000000001,58.00000000000001,56.99999999999999,1014.2,1010.5,2.0,7.0,25.1,27.099999999999998,No,No
2012-11-23,Brisbane,22.4,28.099999999999998,0.0,7.800000000000001,8.6,ENE,26.0,ENE,ENE,7.0,9.0,58.00000000000001,60.00000000000001,1017.0,1015.3,3.0,7.0,26.0,25.7,No,No
2012-11-24,Brisbane,19.1,27.700000000000003,0.0,7.0,11.6,NE,26.0,ENE,ENE,11.0,11.0,58.00000000000001,56.99999999999999,1019.3000000000001,1016.7,7.0,7.0,24.4,26.0,No,No
2012-11-25,Brisbane,19.8,28.099999999999998,0.0,6.8,11.7,ENE,28.0,NNE,NE,7.0,9.0,57.0,53.99999999999999,1019.0,1016.3,3.0,1.0,26.0,27.000000000000004,No,No
2012-11-26,Brisbane,21.2,28.8,0.0,7.599999999999999,9.7,E,30.0,NNE,NE,4.0,13.0,65.0,46.00000000000001,1019.1,1015.7,3.0,3.0,25.0,27.599999999999998,No,No
2012-11-27,Brisbane,19.0,29.399999999999995,0.0,7.800000000000001,11.0,NNE,26.0,NW,NNE,6.0,7.000000000000001,62.0,53.0,1018.1,1015.0,7.0,7.0,25.600000000000005,28.099999999999998,No,No
2012-11-28,Brisbane,20.7,30.3,0.0,8.4,11.2,NE,26.0,NE,NNE,4.0,11.0,59.0,53.99999999999999,1016.8,1013.7,6.0,7.0,27.300000000000004,28.400000000000002,No,Yes
2012-11-29,Brisbane,20.5,29.9,5.0,7.0,11.3,NNE,20.0,E,NNE,4.0,9.0,57.0,53.0,1016.6,1013.9,2.0,1.0,26.600000000000005,29.199999999999996,Yes,No
2012-11-30,Brisbane,20.0,30.6,0.0,7.0,13.2,NE,26.0,E,NNE,6.0,11.0,58.00000000000001,48.0,1017.2,1015.0,1.0,1.0,27.599999999999998,29.6,No,No
2013-01-01,Brisbane,20.1,30.099999999999998,0.0,7.2,8.9,ENE,22.0,ENE,ENE,6.0,11.0,63.0,51.0,1016.2,1013.0,6.0,7.0,27.799999999999997,28.200000000000003,No,No
2013-01-02,Brisbane,21.4,34.8,0.0,8.0,13.1,SE,30.0,SW,ENE,4.0,13.0,56.0,47.0,1011.4000000000001,1007.7,1.0,1.0,28.6,32.9,No,No
2013-01-03,Brisbane,23.5,30.7,0.0,11.8,11.7,ESE,37.0,SE,E,15.0,19.0,54.0,53.0,1015.3,1013.0,3.0,1.0,28.099999999999998,28.299999999999997,No,No
2013-01-04,Brisbane,21.6,29.8,0.0,10.8,12.1,ENE,33.0,ESE,ESE,11.0,14.999999999999998,51.0,44.0,1016.0,1013.9,5.0,2.0,27.000000000000004,28.799999999999997,No,No
2013-01-05,Brisbane,21.7,28.500000000000004,0.0,9.8,6.1,ENE,33.0,ESE,ENE,6.0,13.0,58.00000000000001,60.00000000000001,1017.0,1015.5,6.0,5.0,26.300000000000004,27.4,No,Yes
2013-01-06,Brisbane,21.1,29.2,2.0,7.4,6.5,E,31.0,SSE,E,7.0,19.0,79.0,53.99999999999999,1018.4,1017.4,6.0,6.0,25.5,27.799999999999997,Yes,No
2013-01-07,Brisbane,19.8,30.500000000000004,0.2,8.8,8.9,ESE,35.0,E,ESE,17.0,11.0,54.0,49.00000000000001,1019.3000000000001,1016.9,7.0,7.0,26.7,28.499999999999996,No,No
2013-01-08,Brisbane,20.4,30.3,0.0,10.4,11.2,NNE,28.0,W,NE,2.0,13.0,66.0,53.99999999999999,1014.0,1008.1,6.0,1.0,25.8,29.8,No,No
2013-01-09,Brisbane,21.6,33.3,0.0,8.8,12.6,NE,35.0,N,NNE,6.0,14.999999999999998,54.0,59.0,1004.7000000000002,999.3,1.0,2.0,28.6,30.8,No,No
2013-01-10,Brisbane,23.5,31.7,0.0,10.0,11.1,E,30.0,ENE,ENE,6.0,16.999999999999996,54.0,56.99999999999999,1006.0,1005.9,5.0,7.0,30.6,30.3,No,No
2013-01-11,Brisbane,25.800000000000004,33.4,0.0,9.8,11.4,NE,30.0,NE,NNE,9.0,13.0,66.0,48.0,1012.1,1009.9,5.0,3.0,29.699999999999996,31.9,No,No
2013-01-12,Brisbane,26.1,34.2,0.0,9.4,9.8,NE,30.0,NNW,NNE,6.0,11.0,56.0,60.00000000000001,1012.7,1009.3,1.0,1.0,31.9,31.7,No,No
2013-01-13,Brisbane,24.6,33.9,0.0,9.8,12.9,NE,28.0,NW,NE,4.0,11.0,60.0,56.99999999999999,1011.1,1007.9,1.0,1.0,29.899999999999995,31.4,No,No
2013-01-14,Brisbane,24.2,32.1,0.0,10.8,3.1,SE,46.0,SSE,SE,7.0,16.999999999999996,51.0,69.0,1008.7,1009.5,7.0,7.0,30.9,26.300000000000004,No,No
2013-01-15,Brisbane,21.9,29.399999999999995,0.0,6.6,6.3,SSE,33.0,SE,E,15.0,14.999999999999998,63.0,51.0,1016.7,1014.4,7.0,6.0,23.7,28.099999999999998,No,No
2013-01-16,Brisbane,19.9,29.9,0.0,6.8,12.3,E,28.0,ESE,ENE,4.0,11.0,53.00000000000001,52.0,1015.5,1013.0,3.0,2.0,26.5,29.1,No,No
2013-01-17,Brisbane,19.9,30.0,0.0,7.800000000000001,11.5,ENE,28.0,ENE,ENE,4.0,13.0,56.0,47.0,1013.5,1010.3,4.0,1.0,26.9,28.799999999999997,No,No
2013-01-18,Brisbane,21.4,32.6,0.0,7.599999999999999,12.3,NE,31.0,NNW,NNE,7.0,11.0,57.0,52.0,1011.6,1006.8,1.0,1.0,27.900000000000002,30.3,No,No
2013-01-19,Brisbane,23.1,35.4,0.0,10.2,11.2,ENE,30.0,W,NE,4.0,13.0,56.0,56.99999999999999,1008.7,1006.0,5.0,1.0,30.1,31.9,No,Yes
2013-01-20,Brisbane,23.5,32.2,1.2,8.4,10.8,ENE,31.0,NNE,E,4.0,13.0,65.0,56.0,1012.6000000000001,1010.0,3.0,2.0,27.799999999999997,30.5,Yes,Yes
2013-01-21,Brisbane,22.1,29.700000000000003,1.2,9.4,6.1,SE,26.0,S,SE,4.0,7.000000000000001,73.0,72.0,1012.5,1009.9,6.0,7.0,26.300000000000004,26.600000000000005,Yes,Yes
2013-01-23,Brisbane,21.1,31.300000000000004,0.4,6.4,6.6,E,26.0,ESE,ENE,4.0,13.0,65.0,63.00000000000001,1012.7,1010.3,6.0,6.0,27.799999999999997,28.699999999999996,No,No
2013-01-24,Brisbane,23.0,26.7,0.0,6.2,0.0,NE,24.000000000000004,SE,ESE,7.0,4.0,79.0,81.0,1012.7,1010.6,7.0,8.0,25.5,25.7,No,Yes
2013-01-25,Brisbane,22.6,27.399999999999995,21.6,4.8,0.0,ENE,44.0,ENE,E,9.0,13.0,90.0,92.00000000000001,1010.2,1008.1,8.0,8.0,24.7,24.2,Yes,Yes
2013-01-26,Brisbane,23.1,26.1,39.2,1.6,0.0,NE,44.0,ENE,E,17.0,14.999999999999998,92.0,91.0,1008.1,1006.0,8.0,8.0,24.9,25.1,Yes,Yes
2013-01-27,Brisbane,23.2,25.3,54.6,2.0,0.0,E,70.0,E,E,22.0,24.0,92.0,96.99999999999999,1003.3,999.0,8.0,8.0,24.2,23.7,Yes,Yes
2013-01-28,Brisbane,23.1,28.8,145.0,2.1,3.2,E,67.0,ENE,NE,37.0,13.0,90.0,76.0,998.4,998.1,8.0,7.0,25.2,27.4,Yes,Yes
2013-03-01,Brisbane,22.6,26.7,0.0,4.8,0.0,E,17.0,N,NE,4.0,6.0,78.0,81.0,1009.9,1008.0,8.0,8.0,24.9,25.2,No,Yes
2013-03-02,Brisbane,20.6,23.9,14.8,2.6,0.3,E,22.0,SSW,ESE,6.0,9.0,92.0,96.99999999999999,1009.6,1009.7,7.0,8.0,23.1,20.7,Yes,Yes
2013-03-03,Brisbane,20.3,26.3,91.6,1.8,0.3,ESE,20.0,SE,S,2.0,4.0,89.0,87.0,1013.3,1011.1,8.0,8.0,23.1,23.8,Yes,Yes
2013-03-04,Brisbane,20.5,28.099999999999998,11.799999999999999,2.8,7.6,E,39.0,ESE,ESE,15.0,16.999999999999996,74.0,76.0,1014.5,1012.7,4.0,5.0,26.100000000000005,24.6,Yes,Yes
2013-03-05,Brisbane,20.7,27.5,4.6,6.8,4.7,E,41.0,E,ESE,17.0,14.999999999999998,84.0,79.0,1016.4,1014.8,7.0,7.0,23.2,23.4,Yes,Yes
2013-03-06,Brisbane,20.0,27.299999999999997,2.2,5.6,6.5,SE,39.0,ESE,E,13.0,11.0,73.0,85.0,1017.0,1015.1,7.0,6.0,24.1,23.2,Yes,Yes
2013-03-08,Brisbane,19.4,28.099999999999998,1.8000000000000003,6.4,6.5,E,33.0,SE,SE,13.0,11.0,64.0,61.0,1019.0,1016.3,7.0,5.0,25.4,26.300000000000004,Yes,Yes
2013-03-09,Brisbane,19.8,26.7,5.0,4.2,5.9,SE,41.0,SSE,ESE,9.0,13.0,72.0,60.00000000000001,1018.6,1016.2,7.0,7.0,24.8,25.600000000000005,Yes,Yes
2013-03-10,Brisbane,19.2,28.3,3.2,6.0,7.499999999999999,E,30.0,SSW,ESE,4.0,14.999999999999998,77.0,52.0,1017.5,1014.7,7.0,4.0,23.6,27.4,Yes,No
2013-03-11,Brisbane,19.7,28.0,0.8,7.0,8.4,SE,37.0,SE,ESE,11.0,14.999999999999998,66.0,56.99999999999999,1016.9,1014.8,6.0,5.0,25.9,26.4,No,No
2013-03-12,Brisbane,18.9,27.600000000000005,0.2,7.0,8.5,SE,43.0,SSE,SE,11.0,13.0,68.0,64.0,1016.3,1013.7,4.0,6.0,25.2,24.5,No,Yes
2013-03-13,Brisbane,19.3,28.500000000000004,1.4,5.0,8.9,SE,35.0,SE,ESE,11.0,14.999999999999998,64.0,56.99999999999999,1011.9,1008.2,1.0,6.0,24.8,27.099999999999998,Yes,No
2013-03-14,Brisbane,17.9,29.9,0.0,8.0,8.0,SSE,22.0,WSW,SE,6.0,13.0,62.0,51.0,1009.3,1006.7,2.0,7.0,24.8,28.299999999999997,No,No
2013-03-15,Brisbane,18.3,30.8,0.0,4.8,10.5,E,19.0,WSW,NE,6.0,7.000000000000001,63.0,50.0,1014.1,1011.5,1.0,1.0,24.8,28.099999999999998,No,No
2013-03-16,Brisbane,20.1,31.2,0.0,5.4,11.1,ENE,22.0,SW,NNE,4.0,7.000000000000001,65.0,55.0,1015.2,1011.2,1.0,1.0,25.9,29.5,No,No
2013-03-17,Brisbane,20.3,32.4,0.0,5.2,10.2,SE,43.0,NE,NE,2.0,7.000000000000001,70.0,62.0,1010.7,1007.0,0.0,2.0,27.200000000000003,30.8,No,No
2013-03-18,Brisbane,20.3,27.1,0.0,8.0,7.2,SE,35.0,SE,E,7.0,19.0,62.0,55.0,1017.6,1016.1,7.0,4.0,24.1,25.600000000000005,No,No
2013-03-19,Brisbane,17.5,26.800000000000004,0.0,7.0,8.4,ENE,37.0,E,E,6.0,16.999999999999996,64.0,50.0,1020.8,1019.2,4.0,7.0,24.2,25.0,No,No
2013-03-20,Brisbane,20.3,27.2,0.0,8.4,1.2,E,35.0,SSW,ESE,4.0,13.0,70.0,72.0,1022.5,1019.9,7.0,7.0,23.3,22.3,No,Yes
2013-03-21,Brisbane,19.2,26.900000000000002,5.0,2.6,5.6,E,26.0,ESE,ENE,4.0,13.0,69.0,67.0,1021.0,1017.9,5.0,7.0,25.0,25.4,Yes,No
2013-03-22,Brisbane,20.8,28.099999999999998,0.4,5.0,4.9,ENE,19.0,WNW,ENE,2.0,9.0,79.0,73.0,1020.9,1017.3,7.0,7.0,24.7,26.4,No,No
2013-03-23,Brisbane,21.4,31.2,0.0,4.0,8.6,NE,20.0,W,NNE,6.0,9.0,72.0,63.00000000000001,1019.2,1014.8,7.0,1.0,26.0,29.1,No,No
2013-03-25,Brisbane,19.5,30.8,21.2,8.8,10.3,E,24.000000000000004,WSW,E,4.0,9.0,75.0,60.00000000000001,1017.4,1014.0,4.0,1.0,25.3,30.0,Yes,No
2013-03-26,Brisbane,19.7,29.1,0.0,4.8,10.8,E,24.000000000000004,E,E,7.0,14.999999999999998,69.0,53.99999999999999,1019.5,1016.5,3.0,3.0,25.8,27.700000000000003,No,No
2013-03-27,Brisbane,20.7,28.199999999999996,0.4,5.6,9.3,E,28.0,SSE,ENE,6.0,11.0,77.0,59.0,1020.1,1017.4,6.0,2.0,25.0,27.599999999999998,No,No
2013-03-28,Brisbane,19.4,28.199999999999996,0.6,5.6,9.6,E,20.0,S,E,2.0,7.000000000000001,76.0,59.0,1020.1,1016.4,6.0,3.0,25.4,26.0,No,No
2013-03-29,Brisbane,18.7,30.199999999999996,0.2,5.4,6.8,SSE,20.0,SW,S,4.0,7.000000000000001,70.0,51.0,1015.8,1012.8,1.0,5.0,24.6,29.399999999999995,No,No
2013-03-30,Brisbane,21.1,26.7,0.0,6.2,3.0,SE,24.000000000000004,SE,E,11.0,11.0,63.0,60.00000000000001,1017.1,1013.7,7.0,2.0,24.6,25.8,No,No
2013-03-31,Brisbane,18.0,28.3,0.0,3.7999999999999994,4.7,W,33.0,SSW,ENE,4.0,6.0,73.0,73.0,1014.7,1011.1,5.0,8.0,23.6,24.6,No,Yes
2013-04-01,Brisbane,18.3,26.4,24.199999999999996,5.6,5.9,E,20.0,SW,E,7.0,7.000000000000001,73.0,64.0,1014.7,1012.2,6.0,7.0,22.1,25.1,Yes,No
2013-04-02,Brisbane,18.2,28.4,0.0,3.2,8.0,ENE,20.0,SSW,ESE,6.0,9.0,65.0,58.0,1015.4,1012.8,1.0,4.0,23.7,25.8,No,No
2013-04-03,Brisbane,19.0,28.0,0.0,3.6,6.5,ESE,26.0,SSW,E,4.0,11.0,70.0,58.0,1017.7,1015.4,2.0,3.0,24.4,26.4,No,Yes
2013-04-04,Brisbane,17.6,26.800000000000004,2.4,4.4,8.4,ESE,37.0,SSE,SE,7.0,13.0,65.0,56.0,1023.2,1021.3000000000001,7.0,5.0,22.9,25.1,Yes,Yes
2013-04-05,Brisbane,17.8,26.1,6.0,8.6,9.2,SSE,39.0,S,SE,6.0,14.999999999999998,72.0,52.0,1025.5,1023.2,2.0,4.0,22.9,24.3,Yes,Yes
2013-04-06,Brisbane,16.9,24.6,2.0,6.4,2.7,SE,30.0,SSW,S,4.0,4.0,76.0,68.0,1024.4,1020.7,7.0,8.0,21.4,22.1,Yes,No
2013-04-07,Brisbane,17.7,24.9,0.2,4.8,3.1,ESE,24.000000000000004,SW,E,6.0,2.0,71.0,68.0,1022.2,1019.5,7.0,7.0,21.8,22.0,No,Yes
2013-04-08,Brisbane,16.9,25.0,1.4,1.6,5.5,E,35.0,SSE,ENE,4.0,9.0,79.0,66.0,1022.7,1020.5,7.0,7.0,20.8,24.1,Yes,No
2013-04-09,Brisbane,16.7,25.9,0.4,3.2,8.8,SSE,26.0,SE,E,7.0,11.0,71.0,56.0,1023.5,1019.9,6.0,6.0,21.7,24.7,No,No
2013-04-10,Brisbane,17.3,23.9,0.4,5.2,2.1,E,30.0,SSE,E,7.0,7.000000000000001,79.0,67.0,1021.8,1019.1,7.0,7.0,20.1,23.0,No,No
2013-04-11,Brisbane,17.1,25.8,0.4,7.0,6.4,ESE,39.0,S,ESE,6.0,11.0,66.0,66.0,1021.0,1019.4,3.0,7.0,23.3,23.5,No,No
2013-04-12,Brisbane,18.2,23.7,0.2,2.2,1.7,E,30.0,SSE,SE,7.0,7.000000000000001,76.0,79.0,1021.0,1017.8,8.0,7.0,21.4,22.7,No,Yes
2013-04-13,Brisbane,18.4,22.5,36.6,4.3,0.0,SSE,26.0,S,SSW,2.0,4.0,96.00000000000001,92.00000000000001,1016.9,1013.5,8.0,8.0,20.2,20.9,Yes,Yes
2013-04-14,Brisbane,17.1,28.3,17.4,2.6,8.1,WSW,19.0,SW,SSE,7.0,4.0,71.0,52.0,1013.8,1010.9,1.0,7.0,22.399999999999995,26.5,Yes,No
2013-04-15,Brisbane,17.6,27.5,0.0,1.8,7.2,NE,19.0,SW,NE,4.0,9.0,84.0,63.00000000000001,1012.8,1009.1,7.0,5.0,21.3,26.300000000000004,No,No
2013-04-16,Brisbane,17.3,29.2,0.0,2.6,6.0,WNW,43.0,WSW,SSW,2.0,6.0,85.0,71.0,1013.5,1011.8,5.0,7.0,21.1,21.0,No,Yes
2013-04-17,Brisbane,16.3,26.900000000000002,6.0,2.6,9.8,ENE,19.0,W,E,2.0,6.0,72.0,56.99999999999999,1015.3,1011.7,1.0,1.0,22.9,26.4,Yes,Yes
2013-04-18,Brisbane,18.4,29.9,6.999999999999999,7.0,9.0,W,24.000000000000004,W,W,4.0,7.000000000000001,77.0,52.0,1014.9,1010.7,1.0,5.0,22.9,29.3,Yes,No
2013-04-19,Brisbane,13.8,28.199999999999996,0.0,4.2,10.4,W,31.0,SW,WSW,4.0,11.0,52.0,26.999999999999996,1012.9,1008.9,1.0,2.0,22.2,27.900000000000002,No,No
2013-04-20,Brisbane,14.0,25.5,0.0,6.8,10.7,W,30.0,SW,WSW,4.0,13.0,42.99999999999999,25.0,1011.6999999999999,1008.1,2.0,1.0,20.0,24.9,No,No
2013-04-21,Brisbane,12.0,26.2,0.0,6.4,10.8,E,17.0,SW,NE,6.0,6.0,52.0,50.0,1014.1,1011.3,1.0,2.0,19.6,24.1,No,No
2013-04-22,Brisbane,15.0,27.399999999999995,0.0,3.2,10.2,ENE,20.0,WSW,NE,4.0,7.000000000000001,77.0,53.99999999999999,1014.7,1010.2,5.0,1.0,20.6,26.0,No,No
2013-04-23,Brisbane,16.4,30.199999999999996,0.0,6.0,10.1,ENE,19.0,SW,NE,2.0,7.000000000000001,69.0,56.0,1013.3,1010.6,1.0,5.0,22.399999999999995,28.200000000000003,No,No
2013-04-24,Brisbane,17.1,26.6,0.0,3.2,10.5,E,20.0,SW,E,6.0,11.0,69.0,53.0,1018.4,1015.7,1.0,1.0,21.4,26.100000000000005,No,No
2013-04-25,Brisbane,16.0,28.6,0.0,4.0,10.5,W,15.0,WSW,W,6.0,7.000000000000001,71.0,38.0,1020.6,1017.4,1.0,1.0,21.4,27.900000000000002,No,No
2013-04-26,Brisbane,15.4,26.800000000000004,0.0,3.2,10.0,ESE,20.0,SSW,E,4.0,9.0,65.0,68.0,1022.7,1020.4,2.0,7.0,21.7,24.0,No,No
2013-04-27,Brisbane,16.0,26.1,0.0,4.0,9.0,ENE,20.0,WSW,ESE,6.0,9.0,72.0,41.0,1023.4,1019.8,3.0,6.0,21.5,25.2,No,No
2013-04-28,Brisbane,14.1,27.600000000000005,0.0,3.7999999999999994,10.6,SW,13.0,SW,ESE,2.0,6.0,71.0,47.0,1022.3,1018.9,1.0,1.0,20.6,26.5,No,No
2013-04-29,Brisbane,15.799999999999999,27.2,0.0,4.0,10.4,NE,19.0,WSW,ENE,6.0,9.0,73.0,59.0,1023.6,1021.4,1.0,1.0,21.3,26.100000000000005,No,No
2013-04-30,Brisbane,16.6,27.0,0.0,4.0,7.4,ENE,22.0,SW,E,4.0,9.0,80.99999999999999,56.99999999999999,1023.5,1020.8,7.0,1.0,20.1,25.5,No,No
2013-05-01,Brisbane,15.9,27.299999999999997,0.0,3.6,8.6,ESE,20.0,SW,ENE,6.0,7.000000000000001,74.0,59.0,1021.2,1017.3,2.0,5.0,21.4,25.1,No,No
2013-05-02,Brisbane,15.9,27.299999999999997,0.0,3.2,8.5,SE,39.0,WSW,SE,4.0,16.999999999999996,83.0,62.0,1018.8,1017.7,0.0,3.0,20.1,24.8,No,No
2013-05-03,Brisbane,16.8,24.8,0.0,5.4,9.6,SE,26.0,SW,ESE,7.0,7.000000000000001,60.0,51.0,1025.2,1021.3000000000001,2.0,3.0,20.4,23.7,No,No
2013-05-04,Brisbane,12.900000000000002,28.6,0.0,4.8,10.1,W,28.0,SW,WSW,4.0,9.0,71.0,34.0,1021.7,1016.1,1.0,1.0,19.1,28.099999999999998,No,No
2013-05-05,Brisbane,14.799999999999999,24.0,0.0,4.8,7.0,E,26.0,SW,ENE,4.0,6.0,67.0,68.0,1021.9,1018.3,5.0,5.0,20.7,22.4,No,No
2013-05-06,Brisbane,14.799999999999999,23.9,0.0,2.6,7.8,E,26.0,SSW,ESE,2.0,9.0,70.0,63.00000000000001,1023.1,1020.2,3.0,4.0,20.4,21.7,No,No
2013-05-07,Brisbane,14.900000000000002,23.9,0.0,4.4,8.4,ESE,26.0,SW,ESE,6.0,13.0,73.0,56.99999999999999,1025.6,1023.1000000000001,3.0,7.0,19.1,22.4,No,No
2013-05-08,Brisbane,15.0,24.0,0.0,4.4,9.1,SSE,31.0,SW,ESE,4.0,9.0,69.0,49.00000000000001,1028.4,1025.5,5.0,3.0,20.1,22.3,No,No
2013-05-09,Brisbane,14.299999999999999,24.4,0.0,5.0,7.499999999999999,SE,30.0,SSW,SSE,2.0,11.0,71.0,58.0,1028.8,1025.5,5.0,3.0,19.1,21.7,No,Yes
2013-05-10,Brisbane,15.799999999999999,23.5,1.2,3.4,4.8,ESE,30.0,SW,ESE,6.0,13.0,78.0,65.0,1027.6,1025.0,6.0,4.0,18.2,21.6,Yes,No
2013-05-11,Brisbane,13.900000000000002,22.6,0.8,2.4,3.0,SE,26.0,SW,ESE,4.0,7.000000000000001,80.99999999999999,89.0,1026.6,1024.1,6.0,8.0,18.0,18.4,No,Yes
2013-05-12,Brisbane,14.799999999999999,23.8,4.6,2.2,6.5,SE,22.0,S,SE,4.0,9.0,87.0,69.0,1025.9,1022.1999999999999,7.0,6.0,17.3,21.9,Yes,Yes
2013-05-14,Brisbane,17.6,23.9,1.8000000000000003,1.2,4.2,W,26.0,WSW,W,2.0,6.0,96.00000000000001,62.0,1014.6,1010.5,8.0,7.0,18.6,23.6,Yes,Yes
2013-05-15,Brisbane,15.4,23.2,1.2,2.6,9.4,SW,20.0,WSW,W,11.0,7.000000000000001,54.0,35.0,1014.8,1012.2,7.0,7.0,18.5,22.2,Yes,No
2013-05-16,Brisbane,15.4,18.6,0.0,4.0,0.0,WSW,19.0,WSW,WNW,2.0,7.000000000000001,55.0,55.0,1015.0,1012.7,7.0,7.0,17.2,17.7,No,No
2013-05-17,Brisbane,9.9,23.4,0.0,1.6,10.2,WNW,39.0,W,WSW,6.0,13.0,55.0,35.0,1016.8,1012.7,0.0,1.0,18.5,23.1,No,No
2013-05-18,Brisbane,8.6,22.8,0.0,5.2,10.2,W,35.0,SW,W,4.0,13.0,46.0,32.0,1017.1,1012.6,0.0,1.0,17.8,22.2,No,No
2013-05-19,Brisbane,8.6,21.6,0.0,5.4,10.1,W,30.0,WSW,W,7.0,11.0,45.0,33.0,1018.5,1015.0,0.0,0.0,16.6,20.9,No,No
2013-05-20,Brisbane,8.3,22.3,0.0,5.0,9.6,NW,17.0,SW,WNW,4.0,7.000000000000001,59.0,32.0,1019.5,1015.1,6.0,1.0,14.399999999999999,21.9,No,No
2013-05-21,Brisbane,9.2,21.8,0.0,3.6,6.0,SW,13.0,SW,WSW,4.0,2.0,58.00000000000001,42.0,1019.5999999999999,1015.4,7.0,7.0,14.100000000000001,20.7,No,No
2013-05-22,Brisbane,11.2,18.0,0.0,1.8,0.0,NE,24.000000000000004,SW,WSW,7.0,7.000000000000001,69.0,83.0,1015.6,1012.7,8.0,8.0,15.0,14.399999999999999,No,Yes
2013-05-23,Brisbane,11.6,22.1,5.0,0.4,10.0,W,33.0,W,W,9.0,14.999999999999998,69.0,48.0,1010.2,1007.3,2.0,3.0,17.9,21.3,Yes,No
2013-05-24,Brisbane,10.4,20.8,0.0,7.0,7.299999999999999,WSW,44.0,W,WSW,20.0,16.999999999999996,68.0,60.00000000000001,1010.2,1008.9,1.0,7.0,16.0,17.4,No,No
2013-05-25,Brisbane,14.199999999999998,24.4,1.0,4.8,8.3,SW,30.0,SW,SSW,7.0,7.000000000000001,54.0,49.00000000000001,1018.0,1018.0,1.0,7.0,19.3,21.7,No,No
2013-05-26,Brisbane,12.0,23.8,0.0,4.6,8.2,WSW,19.0,SW,SSW,7.0,4.0,58.00000000000001,45.0,1024.6,1021.2,2.0,4.0,17.3,23.0,No,No
2013-05-27,Brisbane,11.7,24.5,0.0,3.2,9.2,SE,28.0,SW,SE,6.0,13.0,65.0,47.0,1025.8,1023.7999999999998,1.0,1.0,17.4,23.0,No,Yes
2013-05-28,Brisbane,14.900000000000002,22.2,1.6,4.0,3.8,E,31.0,SW,ESE,6.0,7.000000000000001,72.0,85.0,1028.2,1026.9,3.0,7.0,18.9,18.6,Yes,Yes
2013-05-29,Brisbane,13.699999999999998,23.2,4.4,3.2,6.3,E,30.0,SSE,E,6.0,13.0,77.0,60.00000000000001,1030.4,1027.9,7.0,6.0,19.3,21.3,Yes,No
2013-05-30,Brisbane,14.1,21.4,0.8,3.0,1.8,ENE,17.0,WSW,SE,4.0,6.0,85.99999999999999,96.0,1028.1,1026.4,6.0,7.0,17.4,17.6,No,Yes
2013-05-31,Brisbane,14.299999999999999,23.1,17.4,3.7999999999999994,8.5,ENE,26.0,SW,E,4.0,13.0,90.0,60.00000000000001,1028.1,1025.0,6.0,5.0,18.9,21.6,Yes,Yes
2013-06-01,Brisbane,13.400000000000002,22.2,2.6,4.0,0.9,ESE,13.0,SW,ENE,4.0,4.0,85.0,59.0,1024.1,1019.1,7.0,7.0,17.0,21.7,Yes,No
2013-06-02,Brisbane,15.1,24.7,0.0,1.8,5.3,W,37.0,NNE,W,4.0,16.999999999999996,72.0,79.0,1013.8,1009.1,7.0,7.0,20.4,20.4,No,Yes
2013-06-03,Brisbane,12.900000000000002,22.7,1.4,3.2,10.1,WSW,26.0,WSW,SW,7.0,7.000000000000001,59.0,36.0,1016.1,1015.6,1.0,1.0,17.9,21.8,Yes,No
2013-06-04,Brisbane,9.9,23.6,0.0,4.0,9.8,WSW,20.0,SW,SE,7.0,2.0,57.0,45.0,1024.0,1021.6,0.0,4.0,16.1,22.7,No,No
2013-06-05,Brisbane,11.7,20.9,0.0,2.4,0.2,WSW,13.0,WSW,WNW,6.0,4.0,75.0,65.0,1026.1,1023.2,8.0,7.0,15.4,20.6,No,No
2013-06-07,Brisbane,14.799999999999999,24.5,0.0,2.2,3.3,S,11.0,SW,WNW,6.0,2.0,78.0,55.0,1025.5,1021.7,7.0,6.0,17.6,23.5,No,No
2013-06-08,Brisbane,13.400000000000002,23.0,0.0,1.8,2.6,SSE,26.0,SW,SSE,6.0,4.0,85.0,83.0,1026.1,1024.1,7.0,8.0,15.8,19.6,No,Yes
2013-06-09,Brisbane,15.799999999999999,22.1,6.0,0.6,1.3,ESE,33.0,ESE,SE,2.0,13.0,92.0,56.99999999999999,1026.1,1022.9,7.0,7.0,17.3,20.6,Yes,Yes
2013-06-10,Brisbane,15.1,18.7,3.0,4.2,0.0,W,15.0,S,WSW,2.0,6.0,95.0,96.99999999999999,1022.4,1019.7,8.0,8.0,16.4,17.6,Yes,Yes
2013-06-12,Brisbane,16.3,22.0,0.2,0.0,1.5,NNE,26.0,WSW,NE,4.0,13.0,97.0,83.0,1018.1,1013.5,8.0,6.0,17.9,21.3,No,Yes
2013-06-13,Brisbane,15.9,22.8,2.4,1.6,1.7,WSW,13.0,SW,WSW,4.0,6.0,85.0,74.0,1012.2,1009.3,6.0,7.0,20.0,21.5,Yes,No
2013-06-14,Brisbane,14.799999999999999,20.9,0.0,2.0,10.0,W,35.0,W,W,11.0,14.999999999999998,58.00000000000001,45.0,1011.5,1008.5,1.0,1.0,17.5,20.7,No,No
2013-06-15,Brisbane,11.4,20.1,0.0,4.0,9.9,W,39.0,W,W,13.0,19.0,60.0,48.0,1011.8,1011.3,1.0,1.0,15.9,18.8,No,No
2013-06-16,Brisbane,10.8,21.7,0.0,5.8,9.8,W,13.0,SW,SW,4.0,2.0,63.0,45.0,1014.9,1011.2,1.0,1.0,15.5,21.3,No,No
2013-06-17,Brisbane,8.9,20.3,0.0,2.2,9.8,W,33.0,W,W,9.0,13.0,50.0,36.0,1011.6999999999999,1008.1,1.0,1.0,15.1,19.6,No,No
2013-06-18,Brisbane,6.700000000000001,20.2,0.0,4.6,9.8,W,22.0,WSW,WNW,7.0,11.0,54.0,31.0,1014.1,1011.4,1.0,1.0,13.999999999999998,19.3,No,No
2013-06-19,Brisbane,8.6,20.1,0.0,3.0,9.1,SW,24.000000000000004,WSW,SSW,11.0,4.0,53.00000000000001,35.0,1018.0,1016.2,1.0,4.0,13.899999999999999,19.0,No,No
2013-06-20,Brisbane,12.3,19.3,0.0,4.8,1.0,SW,15.0,SW,WSW,4.0,6.0,63.0,58.0,1020.7,1017.7,7.0,7.0,14.8,18.8,No,Yes
2013-06-21,Brisbane,12.3,13.6,2.6,2.2,0.0,WSW,13.0,SW,SW,4.0,4.0,92.0,90.0,1019.8,1017.3,8.0,8.0,12.7,13.400000000000002,Yes,Yes
2013-06-22,Brisbane,9.8,20.7,6.0,0.2,9.2,W,17.0,WSW,SE,6.0,4.0,85.99999999999999,50.0,1021.7,1019.3,1.0,3.0,12.4,20.1,Yes,No
2013-06-23,Brisbane,8.6,22.1,0.0,2.6,8.0,WSW,19.0,SW,S,6.0,4.0,73.0,45.0,1024.7,1021.2,3.0,5.0,14.200000000000001,20.4,No,No
2013-06-24,Brisbane,10.5,21.0,0.0,2.6,9.6,W,26.0,SW,WSW,4.0,7.000000000000001,70.0,33.0,1022.0,1017.6,2.0,2.0,16.0,20.7,No,No
2013-06-25,Brisbane,5.699999999999999,19.4,0.0,3.2,8.3,W,37.0,SE,W,4.0,9.0,61.0,34.0,1018.7,1013.5,1.0,3.0,12.7,19.1,No,No
2013-06-26,Brisbane,7.3,20.1,0.0,5.0,10.1,W,24.000000000000004,WSW,WSW,9.0,9.0,61.0,35.0,1016.8,1013.2,1.0,1.0,12.9,19.9,No,No
2013-06-27,Brisbane,11.1,19.6,0.0,2.4,3.3,WSW,17.0,WSW,SE,6.0,7.000000000000001,74.0,89.0,1018.6,1016.1,6.0,8.0,15.5,17.5,No,Yes
2013-06-28,Brisbane,14.699999999999998,22.1,1.8000000000000003,0.8,2.1,ESE,22.0,WSW,ESE,7.0,9.0,84.0,68.0,1020.6,1017.7,7.0,6.0,16.5,19.9,Yes,Yes
2013-06-30,Brisbane,13.900000000000002,15.899999999999999,2.4,0.6,0.1,WSW,19.0,SSW,SSW,4.0,6.0,89.0,88.0,1019.8,1017.0,8.0,7.0,15.1,15.3,Yes,Yes
2013-07-01,Brisbane,13.1,17.9,8.8,0.8,0.8,WSW,28.0,SW,WSW,9.0,7.000000000000001,93.0,90.0,1014.1,1010.6,7.0,8.0,14.3,16.4,Yes,Yes
2013-07-02,Brisbane,14.1,23.3,15.399999999999999,1.2,3.7,SW,26.0,SW,S,6.0,9.0,79.0,61.0,1015.0,1014.8,7.0,5.0,17.9,22.4,Yes,No
2013-07-03,Brisbane,15.700000000000001,23.6,0.0,2.0,8.5,SSE,24.000000000000004,SW,SE,6.0,11.0,69.0,61.0,1022.2,1020.7,2.0,3.0,18.7,22.4,No,No
2013-07-04,Brisbane,16.5,23.9,0.4,3.0,8.9,E,19.0,SW,NE,4.0,6.0,76.0,49.00000000000001,1022.0,1017.4,3.0,5.0,19.5,23.1,No,No
2013-07-05,Brisbane,13.400000000000002,23.8,0.0,3.4,4.7,ENE,15.0,SSE,ENE,2.0,7.000000000000001,78.0,70.0,1018.2,1014.4,5.0,6.0,18.8,22.8,No,No
2013-07-06,Brisbane,12.5,25.4,0.0,2.0,9.7,ENE,13.0,WSW,NNE,6.0,6.0,82.0,31.0,1021.7,1019.1,1.0,1.0,16.1,24.4,No,No
2013-07-07,Brisbane,11.4,22.8,0.0,3.2,9.2,E,19.0,SW,E,4.0,9.0,72.0,52.0,1026.1,1024.1,7.0,2.0,14.9,21.6,No,No
2013-07-08,Brisbane,12.1,22.8,0.0,3.2,9.6,W,17.0,SW,W,4.0,6.0,69.0,47.0,1030.6,1027.3,6.0,1.0,15.7,21.6,No,No
2013-07-09,Brisbane,10.7,20.6,0.0,3.4,5.8,SSE,30.0,SSW,ESE,6.0,9.0,66.0,56.0,1030.2,1027.3,2.0,7.0,15.3,18.7,No,Yes
2013-07-10,Brisbane,12.6,17.4,1.6,2.6,0.0,SW,17.0,SW,ESE,6.0,6.0,94.0,76.0,1030.1,1028.0,8.0,8.0,13.600000000000001,17.3,Yes,No
2013-07-11,Brisbane,12.900000000000002,21.4,0.6,0.4,9.6,ESE,22.0,SW,ESE,4.0,9.0,76.0,56.99999999999999,1031.6,1029.4,3.0,2.0,16.6,19.5,No,No
2013-07-12,Brisbane,12.400000000000002,20.7,0.2,5.0,5.2,SSE,19.0,SSW,SE,4.0,4.0,75.0,62.0,1030.0,1026.4,6.0,7.0,16.7,19.8,No,No
2013-07-13,Brisbane,10.1,21.8,0.0,3.2,9.2,E,19.0,SSW,ESE,4.0,7.000000000000001,87.0,53.0,1028.2,1025.1,3.0,2.0,13.600000000000001,19.9,No,Yes
2013-07-14,Brisbane,11.6,19.6,1.6,2.2,2.3,WSW,15.0,SSW,SW,4.0,2.0,95.0,71.0,1027.4,1025.1,7.0,7.0,13.0,18.4,Yes,No
2013-07-15,Brisbane,12.900000000000002,20.3,0.2,0.6,3.1,E,22.0,SW,N,4.0,6.0,84.0,71.0,1026.7,1023.7999999999998,7.0,7.0,16.1,18.7,No,No
2013-07-16,Brisbane,13.1,22.2,0.0,1.6,8.7,E,22.0,SW,ENE,6.0,9.0,80.0,65.0,1026.8,1024.0,2.0,6.0,16.8,20.4,No,No
2013-07-17,Brisbane,13.5,22.1,0.2,2.6,8.1,E,20.0,WSW,ENE,6.0,11.0,88.0,58.0,1025.8,1022.9,5.0,4.0,16.3,20.9,No,No
2013-07-18,Brisbane,12.400000000000002,22.2,0.4,3.2,7.0,E,20.0,WSW,ENE,4.0,7.000000000000001,80.99999999999999,65.0,1024.8,1022.0,5.0,5.0,17.9,21.0,No,Yes
2013-07-19,Brisbane,13.199999999999998,23.5,1.6,1.4,5.1,ENE,20.0,SW,NE,2.0,7.000000000000001,92.0,69.0,1021.9,1017.5,5.0,7.0,17.9,21.6,Yes,Yes
2013-07-20,Brisbane,16.3,23.4,2.8,1.4,3.5,W,37.0,NNW,WNW,4.0,6.0,84.0,85.0,1015.5,1012.5,5.0,7.0,20.1,17.8,Yes,No
2013-07-21,Brisbane,13.0,22.2,0.2,2.4,9.2,W,19.0,W,WNW,9.0,9.0,64.0,43.0,1018.7,1016.1,1.0,6.0,16.9,21.5,No,No
2013-07-22,Brisbane,11.8,18.0,0.2,3.6,1.0,SW,13.0,SW,SW,6.0,2.0,68.0,67.0,1021.5,1020.0,7.0,8.0,13.899999999999999,15.9,No,Yes
2013-07-23,Brisbane,11.8,20.0,3.0,1.4,9.4,W,26.0,SW,W,4.0,11.0,65.0,33.0,1022.8,1018.9,5.0,1.0,15.3,19.7,Yes,No
2013-07-24,Brisbane,7.8999999999999995,21.3,0.0,4.8,9.8,SE,26.0,SW,SW,7.0,4.0,57.0,41.0,1023.1,1020.6,1.0,1.0,13.400000000000002,20.9,No,No
2013-07-25,Brisbane,12.1,21.6,0.0,3.4,6.2,ESE,26.0,SW,ESE,6.0,9.0,56.0,59.0,1026.9,1024.4,5.0,6.0,16.9,19.8,No,No
2013-07-26,Brisbane,14.199999999999998,22.3,0.0,2.8,6.0,E,15.0,SSE,ENE,4.0,7.000000000000001,72.0,67.0,1027.5,1024.9,7.0,6.0,16.6,19.4,No,No
2013-07-27,Brisbane,11.1,22.3,0.0,2.6,9.5,ESE,22.0,SW,E,4.0,13.0,80.99999999999999,56.0,1028.9,1026.4,2.0,4.0,15.8,20.6,No,No
2013-07-28,Brisbane,11.4,22.1,0.0,3.2,5.6,E,33.0,WSW,E,4.0,13.0,77.0,53.0,1028.7,1025.9,1.0,4.0,17.1,20.8,No,No
2013-07-29,Brisbane,13.1,21.8,1.0,2.8,4.9,E,19.0,SSW,WSW,4.0,2.0,85.99999999999999,73.0,1025.4,1022.0,3.0,6.0,16.3,19.4,No,No
2013-07-31,Brisbane,10.7,22.8,0.6,2.2,9.0,SW,20.0,SSW,SSW,6.0,6.0,69.0,53.99999999999999,1017.6,1015.3,1.0,5.0,17.1,22.0,No,No
2013-08-01,Brisbane,12.400000000000002,22.7,0.0,3.4,7.700000000000001,SSE,24.000000000000004,SSW,SSE,4.0,6.0,67.0,55.0,1019.5,1016.8,5.0,7.0,18.2,21.6,No,No
2013-08-02,Brisbane,11.4,24.3,0.0,2.6,9.1,NNW,15.0,SW,NNE,6.0,7.000000000000001,75.0,55.0,1020.0,1015.7,1.0,3.0,16.7,22.5,No,No
2013-08-03,Brisbane,11.6,24.1,0.0,3.0,10.3,WNW,33.0,SW,W,2.0,11.0,51.0,22.0,1018.7,1014.7,0.0,0.0,18.5,23.4,No,No
2013-08-05,Brisbane,8.9,23.9,0.0,4.6,10.1,WNW,22.0,SSE,W,4.0,9.0,53.00000000000001,34.0,1021.0,1016.8,0.0,1.0,17.2,23.0,No,No
2013-08-06,Brisbane,8.5,24.8,0.0,3.6,10.0,W,24.000000000000004,SW,WNW,2.0,7.000000000000001,64.0,30.000000000000004,1019.5999999999999,1014.5,3.0,2.0,15.4,24.5,No,No
2013-08-07,Brisbane,9.2,25.9,0.0,3.4,10.0,WNW,20.0,SSW,WNW,2.0,7.000000000000001,60.0,29.0,1016.8,1011.4,1.0,1.0,16.6,25.2,No,No
2013-08-08,Brisbane,9.1,22.6,0.0,3.6,10.3,W,46.0,SW,W,2.0,19.999999999999996,55.0,25.0,1011.4000000000001,1008.1,0.0,1.0,17.3,21.3,No,No
2013-08-09,Brisbane,9.8,23.0,0.0,9.2,10.2,SW,28.0,SW,WNW,11.0,7.000000000000001,46.0,36.0,1017.2,1014.0,0.0,1.0,16.1,22.6,No,No
2013-08-10,Brisbane,8.8,26.499999999999996,0.0,4.0,10.1,WSW,19.0,SW,SW,4.0,4.0,47.0,28.0,1017.4,1015.3,0.0,1.0,17.4,26.2,No,No
2013-08-11,Brisbane,10.8,26.900000000000002,0.0,3.0,10.0,ENE,15.0,SW,ENE,2.0,9.0,58.00000000000001,37.0,1019.5999999999999,1015.8,4.0,1.0,17.5,25.3,No,No
2013-08-13,Brisbane,13.1,28.0,0.0,3.7999999999999994,10.1,E,26.0,WSW,E,2.0,13.0,56.0,47.0,1015.1,1013.7,1.0,1.0,21.9,24.9,No,No
2013-08-14,Brisbane,13.199999999999998,25.1,0.0,4.6,7.700000000000001,NE,22.0,SSW,ENE,2.0,11.0,70.0,69.0,1017.7,1012.6,1.0,6.0,19.9,22.9,No,No
2013-08-15,Brisbane,13.400000000000002,25.7,0.2,3.0,10.6,W,35.0,WSW,WSW,6.0,13.0,42.99999999999999,19.0,1017.1,1014.9,1.0,0.0,21.9,24.9,No,No
2013-08-16,Brisbane,10.2,21.8,0.0,8.2,10.4,ENE,22.0,SSW,ENE,6.0,13.0,46.0,52.0,1024.0,1019.4,1.0,1.0,16.4,20.9,No,No
2013-08-17,Brisbane,11.5,24.4,0.0,3.6,9.3,ENE,28.0,SW,NE,2.0,11.0,69.0,59.0,1019.3000000000001,1013.7,6.0,2.0,17.7,22.4,No,No
2013-08-18,Brisbane,14.1,26.499999999999996,0.0,3.7999999999999994,10.5,E,20.0,SSW,WSW,4.0,2.0,87.0,29.0,1019.4,1015.6,1.0,1.0,16.4,26.300000000000004,No,No
2013-08-19,Brisbane,13.0,26.1,0.0,4.0,10.4,W,26.0,SW,W,4.0,9.0,69.0,30.000000000000004,1017.0,1010.5,6.0,5.0,18.6,24.9,No,No
2013-08-20,Brisbane,10.7,21.4,0.0,4.0,10.7,W,39.0,WNW,W,7.0,19.0,40.0,22.0,1013.8,1011.2,1.0,1.0,18.8,20.5,No,No
2013-08-21,Brisbane,7.7,20.8,0.0,8.2,10.7,WSW,22.0,WSW,NW,7.0,6.0,38.0,21.0,1017.5,1013.3,1.0,0.0,13.400000000000002,20.1,No,No
2013-08-22,Brisbane,6.8,21.9,0.0,6.0,10.8,W,22.0,SSW,W,6.0,6.0,41.0,22.0,1018.2,1014.3,1.0,3.0,15.0,21.4,No,No
2013-08-23,Brisbane,6.0,23.9,0.0,2.8,11.0,WNW,41.0,WSW,W,2.0,19.0,48.00000000000001,20.000000000000004,1019.0,1014.6,1.0,0.0,15.3,23.0,No,No
2013-08-24,Brisbane,9.0,25.7,0.0,7.4,11.0,WSW,24.000000000000004,WSW,ENE,4.0,13.0,36.0,31.0,1020.4,1018.7,0.0,0.0,19.7,23.2,No,No
2013-08-25,Brisbane,11.0,24.5,0.0,4.8,10.0,E,24.000000000000004,SW,ENE,6.0,11.0,61.0,53.0,1026.3,1022.4000000000001,1.0,1.0,18.1,22.7,No,No
2013-08-26,Brisbane,12.6,25.0,0.0,3.4,9.9,NNE,19.0,SW,NNE,4.0,9.0,71.0,52.0,1025.5,1021.2,1.0,1.0,19.1,23.1,No,No
2013-08-27,Brisbane,12.1,25.8,0.0,4.2,10.5,NE,20.0,SW,NNE,4.0,7.000000000000001,69.0,51.0,1023.3,1018.4,1.0,1.0,19.3,24.2,No,No
2013-08-28,Brisbane,11.2,28.500000000000004,0.0,3.6,10.6,WNW,19.0,SW,NW,2.0,6.0,63.0,26.0,1021.2,1017.0,0.0,1.0,19.7,28.299999999999997,No,No
2013-08-29,Brisbane,13.400000000000002,25.9,0.0,4.4,10.6,E,24.000000000000004,SW,ENE,4.0,11.0,61.0,52.0,1024.4,1020.2,1.0,1.0,20.1,23.7,No,No
2013-08-30,Brisbane,13.1,25.4,0.0,4.8,10.3,NNE,26.0,SW,NNE,4.0,9.0,71.0,53.0,1024.0,1019.5,1.0,1.0,19.7,23.6,No,No
2013-08-31,Brisbane,14.199999999999998,26.800000000000004,0.0,4.6,10.2,NE,19.0,NNE,NE,4.0,9.0,67.0,58.0,1023.3,1019.2,1.0,2.0,21.8,25.9,No,No
2013-09-01,Brisbane,16.6,26.1,0.0,4.2,9.6,ESE,30.0,SE,ESE,9.0,11.0,59.0,47.0,1025.7,1023.3999999999999,2.0,3.0,23.7,23.8,No,No
2013-09-02,Brisbane,13.699999999999998,25.6,0.0,6.6,6.700000000000001,E,31.0,SW,ESE,4.0,13.0,64.0,53.99999999999999,1029.3,1026.4,7.0,3.0,19.6,23.2,No,No
2013-09-03,Brisbane,15.1,23.5,0.0,5.2,8.9,ESE,41.0,SSE,SE,6.0,14.999999999999998,66.0,49.00000000000001,1031.1,1028.7,6.0,3.0,19.4,22.1,No,No
2013-09-04,Brisbane,12.6,23.5,0.4,7.2,10.5,ESE,31.0,SSW,ESE,4.0,14.999999999999998,52.0,44.0,1031.4,1029.2,2.0,2.0,20.6,21.8,No,No
2013-09-05,Brisbane,12.2,24.3,0.0,6.4,9.8,NE,24.000000000000004,SSW,ESE,4.0,7.000000000000001,59.0,44.0,1030.5,1026.8,2.0,1.0,19.6,23.1,No,No
2013-09-06,Brisbane,11.0,24.7,0.0,4.6,10.7,ENE,20.0,SW,NE,6.0,7.000000000000001,65.0,46.00000000000001,1029.9,1025.4,1.0,0.0,18.1,23.6,No,No
2013-09-07,Brisbane,12.3,25.6,0.0,4.2,10.6,N,24.000000000000004,W,NNE,4.0,7.000000000000001,63.0,53.99999999999999,1028.4,1023.5000000000001,0.0,0.0,20.0,23.5,No,No
2013-09-08,Brisbane,12.1,26.2,0.0,5.8,10.1,NE,20.0,ESE,NE,4.0,9.0,63.0,49.00000000000001,1025.3,1020.6,1.0,3.0,21.4,24.0,No,No
2013-09-09,Brisbane,12.0,25.0,0.0,5.2,10.4,ENE,22.0,ESE,NE,4.0,7.000000000000001,62.0,45.0,1023.6,1018.8,1.0,1.0,21.4,24.1,No,No
2013-09-10,Brisbane,15.700000000000001,26.499999999999996,0.0,6.0,7.1,NE,26.0,WNW,NE,4.0,9.0,66.0,60.00000000000001,1016.9,1011.4,5.0,7.0,21.7,24.1,No,No
2013-09-11,Brisbane,13.1,31.5,0.0,3.6,10.7,NNE,20.0,SW,NE,2.0,7.000000000000001,59.0,44.0,1013.7,1008.7,1.0,1.0,22.0,27.700000000000003,No,No
2013-09-12,Brisbane,15.199999999999998,30.9,0.0,4.8,10.6,ENE,28.0,SW,ENE,6.0,14.999999999999998,44.0,66.0,1014.6,1010.6,1.0,1.0,23.2,25.4,No,No
2013-09-13,Brisbane,16.9,26.1,0.0,5.6,8.0,E,30.0,ESE,E,9.0,14.999999999999998,58.00000000000001,60.00000000000001,1017.4,1016.0,2.0,3.0,24.2,23.2,No,No
2013-09-14,Brisbane,19.6,26.000000000000004,0.2,6.2,8.8,NE,31.0,NE,NE,9.0,13.0,71.0,71.0,1016.7,1010.5,5.0,2.0,23.2,25.0,No,No
2013-09-15,Brisbane,15.1,27.8,0.0,5.0,10.7,ENE,24.000000000000004,SSE,NE,7.0,9.0,52.0,48.0,1016.9,1013.3,1.0,1.0,24.0,25.8,No,No
2013-09-17,Brisbane,17.0,29.1,11.799999999999999,3.7999999999999994,8.2,WNW,37.0,N,NW,6.0,9.0,75.0,45.0,1009.4,1003.0,6.0,4.0,21.7,28.999999999999996,Yes,No
2013-09-18,Brisbane,12.6,29.399999999999995,0.2,5.0,11.3,W,37.0,WNW,W,6.0,13.0,41.0,22.0,1010.4,1006.1,1.0,0.0,23.7,29.199999999999996,No,No
2013-09-19,Brisbane,12.6,30.0,0.0,5.0,9.5,ENE,22.0,NNE,ENE,4.0,11.0,60.0,52.0,1010.1,1004.3,0.0,1.0,22.9,28.900000000000002,No,No
2013-09-20,Brisbane,15.199999999999998,28.099999999999998,0.0,5.8,11.4,W,37.0,WSW,W,7.0,14.999999999999998,28.0,20.000000000000004,1012.4,1008.6,0.0,0.0,24.0,27.900000000000002,No,No
2013-09-21,Brisbane,10.9,25.0,0.0,11.4,11.0,ENE,24.000000000000004,SSW,E,2.0,13.0,32.0,43.0,1014.7,1011.7,0.0,1.0,22.399999999999995,23.3,No,No
2013-09-22,Brisbane,14.699999999999998,25.4,0.0,5.8,10.5,ENE,28.0,S,NNE,2.0,11.0,57.0,56.99999999999999,1016.1,1012.3,2.0,1.0,21.6,23.9,No,No
2013-09-23,Brisbane,14.400000000000002,27.9,0.0,6.0,11.0,NE,20.0,SW,NE,6.0,7.000000000000001,65.0,47.0,1017.4,1012.3,5.0,1.0,21.6,27.4,No,No
2013-09-24,Brisbane,15.299999999999999,32.8,0.0,4.8,10.4,NW,28.0,ENE,NE,4.0,13.0,57.0,44.0,1013.4,1007.5,1.0,2.0,23.9,29.399999999999995,No,No
2013-09-25,Brisbane,16.3,31.2,0.0,7.800000000000001,10.8,E,24.000000000000004,SW,NE,4.0,13.0,48.00000000000001,26.0,1012.3,1010.2,0.0,0.0,27.700000000000003,29.3,No,No
2013-09-26,Brisbane,18.6,29.300000000000004,0.0,6.4,9.8,NNE,26.0,E,NE,2.0,9.0,73.0,61.0,1013.7,1008.9,2.0,0.0,24.3,28.099999999999998,No,No
2013-09-27,Brisbane,19.3,28.099999999999998,0.0,5.6,11.0,ESE,37.0,SE,E,19.0,19.999999999999996,45.0,51.0,1017.9,1015.4,0.0,0.0,26.0,24.8,No,No
2013-09-28,Brisbane,18.0,27.1,0.2,8.8,2.1,ENE,20.0,SSW,WNW,4.0,6.0,83.0,52.0,1017.8,1012.8,8.0,6.0,19.4,25.1,No,No
2013-09-29,Brisbane,14.799999999999999,30.099999999999998,0.4,1.6,11.0,E,39.0,SSW,E,6.0,16.999999999999996,52.0,55.0,1015.9,1013.4,1.0,2.0,26.600000000000005,25.4,No,No
2013-09-30,Brisbane,16.4,27.0,0.0,7.0,9.5,NNE,22.0,NE,NE,4.0,9.0,66.0,63.00000000000001,1021.1,1017.2,7.0,5.0,22.9,24.6,No,No
2013-10-01,Brisbane,18.4,30.8,0.0,5.2,10.2,NE,33.0,N,NNE,7.0,13.0,63.0,60.00000000000001,1018.7,1012.3,2.0,7.0,24.7,28.099999999999998,No,Yes
2013-10-02,Brisbane,18.0,29.700000000000003,1.2,8.0,9.2,W,24.000000000000004,NE,NE,6.0,11.0,61.0,39.0,1017.1,1012.5,2.0,1.0,23.5,27.500000000000004,Yes,No
2013-10-03,Brisbane,17.1,32.6,0.0,6.2,11.1,W,44.0,NNE,W,2.0,16.999999999999996,56.0,19.0,1012.0000000000001,1008.0,1.0,2.0,26.5,31.2,No,No
2013-10-04,Brisbane,12.8,24.9,0.0,15.0,11.3,E,26.0,SSW,ENE,6.0,13.0,33.0,35.0,1019.9000000000001,1016.9,0.0,1.0,20.8,22.4,No,No
2013-10-05,Brisbane,12.7,29.399999999999995,0.0,6.2,11.4,SSE,19.0,SW,ENE,4.0,11.0,52.0,36.0,1019.3000000000001,1013.4,0.0,0.0,21.1,26.100000000000005,No,No
2013-10-06,Brisbane,13.400000000000002,31.6,0.0,6.6,11.8,NE,26.0,E,NE,6.0,11.0,50.0,39.0,1014.5,1008.5,0.0,0.0,24.4,29.5,No,No
2013-10-07,Brisbane,15.199999999999998,34.7,0.0,5.4,10.5,SE,43.0,E,ENE,2.0,9.0,45.0,37.0,1009.6,1004.0,0.0,3.0,26.9,30.8,No,No
2013-10-08,Brisbane,18.2,30.999999999999996,0.0,7.4,10.5,ENE,33.0,W,NE,4.0,13.0,57.0,53.99999999999999,1013.0,1009.0,4.0,2.0,23.9,25.5,No,No
2013-10-09,Brisbane,15.1,26.2,0.0,8.2,11.9,ENE,28.0,ESE,NE,4.0,11.0,46.0,49.00000000000001,1021.5,1018.9,2.0,1.0,23.2,23.7,No,No
2013-10-10,Brisbane,14.299999999999999,28.3,0.0,6.8,11.5,NE,30.0,W,NE,4.0,14.999999999999998,52.0,52.0,1019.9000000000001,1013.3,0.0,0.0,23.4,26.800000000000004,No,No
2013-10-11,Brisbane,16.3,31.7,0.0,7.800000000000001,11.6,ESE,41.0,N,ENE,6.0,11.0,40.0,46.00000000000001,1012.8,1009.2,0.0,1.0,27.000000000000004,30.1,No,No
2013-10-12,Brisbane,20.7,28.0,0.0,7.599999999999999,8.6,NE,30.0,E,NE,11.0,11.0,77.0,60.00000000000001,1018.2,1014.1,7.0,5.0,23.8,26.9,No,No
2013-10-13,Brisbane,18.7,30.9,0.0,7.599999999999999,11.2,NNE,31.0,NNW,NE,9.0,13.0,49.0,55.0,1015.0,1008.5,1.0,1.0,25.9,27.4,No,No
2013-10-14,Brisbane,20.9,28.999999999999996,0.0,10.6,11.7,W,48.00000000000001,W,SW,13.0,9.0,26.0,14.0,1013.1,1012.0,1.0,0.0,24.9,28.299999999999997,No,No
2013-10-15,Brisbane,13.8,27.0,0.0,12.0,12.2,ENE,26.0,N,ENE,4.0,11.0,53.00000000000001,40.0,1022.2,1019.0,2.0,1.0,22.8,24.9,No,No
2013-10-16,Brisbane,16.0,26.6,0.0,6.6,8.8,NNE,31.0,N,NE,7.0,14.999999999999998,54.0,51.0,1023.7,1019.1,2.0,6.0,23.2,24.0,No,No
2013-10-17,Brisbane,15.799999999999999,27.8,0.0,8.4,11.8,NE,33.0,N,NNE,9.0,14.999999999999998,48.00000000000001,56.99999999999999,1020.3,1015.4,1.0,2.0,25.3,25.4,No,No
2013-10-18,Brisbane,18.4,24.8,0.0,8.0,2.0,E,31.0,S,SE,7.0,6.0,72.0,88.0,1020.4,1019.8,7.0,7.0,22.3,20.0,No,Yes
2013-10-19,Brisbane,15.0,27.399999999999995,12.2,4.4,11.9,E,30.0,S,E,7.0,14.999999999999998,50.0,50.0,1024.5,1020.0,1.0,2.0,23.6,25.4,Yes,No
2013-10-20,Brisbane,16.9,27.399999999999995,0.0,7.599999999999999,10.0,E,28.0,ESE,ENE,7.0,16.999999999999996,62.0,62.0,1022.8,1018.9,4.0,6.0,23.9,24.3,No,No
2013-10-21,Brisbane,18.0,28.0,0.0,6.0,11.7,ENE,24.000000000000004,NNE,ENE,4.0,11.0,58.00000000000001,53.0,1020.7,1017.1,6.0,1.0,24.8,26.600000000000005,No,No
2013-10-22,Brisbane,17.8,28.4,0.0,8.0,11.2,NE,26.0,NW,NE,7.0,11.0,61.0,47.0,1019.3000000000001,1014.9,2.0,1.0,24.3,26.4,No,No
2013-10-23,Brisbane,19.5,29.600000000000005,0.0,7.599999999999999,11.4,ENE,31.0,NW,NNE,9.0,13.0,56.0,56.0,1015.7,1011.1,1.0,1.0,25.4,27.300000000000004,No,No
2013-10-24,Brisbane,20.1,33.0,0.0,10.6,7.4,W,24.000000000000004,N,W,7.0,4.0,47.0,44.0,1013.2,1011.6,4.0,8.0,28.099999999999998,28.400000000000002,No,No
2013-10-25,Brisbane,19.2,26.2,0.2,5.2,8.7,ESE,39.0,SE,E,19.0,14.999999999999998,56.0,55.0,1021.6,1019.5,7.0,3.0,23.9,23.6,No,No
2013-10-26,Brisbane,16.8,29.2,0.0,7.599999999999999,11.9,NE,26.0,NNE,N,6.0,9.0,55.0,50.0,1020.9,1015.6,1.0,1.0,25.3,27.900000000000002,No,No
2013-10-27,Brisbane,17.9,26.7,0.0,7.800000000000001,11.5,ESE,30.0,ESE,ENE,11.0,14.999999999999998,57.0,48.0,1021.9,1019.0,6.0,1.0,24.0,25.2,No,No
2013-10-28,Brisbane,16.6,26.800000000000004,0.0,9.6,10.3,NE,37.0,NE,NE,7.0,13.0,59.0,56.99999999999999,1022.0,1017.1,7.0,1.0,23.6,25.4,No,No
2013-10-29,Brisbane,19.0,31.300000000000004,0.0,8.0,7.700000000000001,NE,35.0,N,E,9.0,13.0,51.0,80.0,1015.5,1010.7,1.0,7.0,26.0,24.5,No,Yes
2013-10-30,Brisbane,16.5,27.2,8.8,6.6,6.8,E,37.0,SSE,ESE,11.0,16.999999999999996,67.0,51.0,1015.6,1013.6,7.0,1.0,21.9,25.4,Yes,No
2013-10-31,Brisbane,18.4,26.3,0.2,8.4,10.2,E,31.0,ESE,E,11.0,13.0,58.00000000000001,51.0,1020.4,1017.8,4.0,2.0,22.7,25.1,No,No
2013-11-01,Brisbane,15.6,26.499999999999996,0.0,9.0,12.5,ENE,30.0,E,ENE,6.0,13.0,46.0,38.0,1023.1,1020.0,4.0,2.0,24.5,25.2,No,No
2013-11-02,Brisbane,15.5,28.199999999999996,0.0,8.4,12.3,NE,26.0,NE,NNE,4.0,11.0,52.0,46.00000000000001,1022.0,1017.5,3.0,5.0,24.8,26.100000000000005,No,No
2013-11-03,Brisbane,17.1,31.300000000000004,0.0,7.599999999999999,12.2,ENE,24.000000000000004,SW,NE,2.0,11.0,47.0,53.0,1018.3,1012.5,1.0,1.0,25.4,28.6,No,No
2013-11-04,Brisbane,20.0,26.1,0.0,8.4,8.2,E,37.0,SE,ESE,9.0,19.0,56.0,56.0,1017.7,1016.8,4.0,7.0,23.9,23.0,No,No
2013-11-05,Brisbane,16.7,24.9,0.0,14.4,10.3,ESE,61.0,E,E,13.0,19.0,50.0,53.99999999999999,1024.3,1021.4999999999999,3.0,2.0,22.2,23.1,No,No
2013-11-06,Brisbane,15.9,26.3,0.0,5.0,9.7,NE,26.0,ESE,ENE,9.0,13.0,38.0,45.0,1022.9,1018.8,7.0,7.0,23.4,23.6,No,No
2013-11-07,Brisbane,14.5,27.8,0.0,7.599999999999999,12.5,ENE,24.000000000000004,W,NE,4.0,11.0,47.0,43.0,1019.3000000000001,1015.1,1.0,1.0,23.4,26.0,No,No
2013-11-08,Brisbane,15.1,29.2,0.0,7.4,12.1,NE,31.0,W,NNE,4.0,13.0,49.0,39.0,1016.6,1012.9,0.0,1.0,24.7,26.600000000000005,No,No
2013-11-09,Brisbane,17.1,29.700000000000003,0.0,9.6,12.2,NE,37.0,NNE,NE,6.0,11.0,46.0,56.99999999999999,1014.6,1010.4,0.0,2.0,26.600000000000005,26.4,No,No
2013-11-10,Brisbane,20.3,30.9,0.0,9.6,8.2,S,31.0,SE,E,2.0,13.0,51.0,56.99999999999999,1012.2,1010.5,2.0,6.0,27.200000000000003,27.099999999999998,No,Yes
2013-11-11,Brisbane,20.7,28.7,4.0,7.4,6.1,NE,31.0,N,NNE,9.0,13.0,53.00000000000001,56.99999999999999,1014.5,1011.3,7.0,7.0,26.4,26.800000000000004,Yes,Yes
2013-11-12,Brisbane,21.2,29.1,1.8000000000000003,6.4,10.7,NE,33.0,NNE,NNE,9.0,13.0,59.0,53.0,1015.7,1012.8,5.0,2.0,26.0,27.599999999999998,Yes,Yes
2013-11-13,Brisbane,19.0,30.099999999999998,5.799999999999999,7.599999999999999,10.9,ENE,30.0,WNW,ENE,7.0,14.999999999999998,61.0,60.00000000000001,1015.9,1012.2,3.0,3.0,26.0,28.099999999999998,Yes,Yes
2013-11-14,Brisbane,19.4,27.700000000000003,12.8,6.4,6.6,SSE,35.0,NNW,ENE,6.0,13.0,67.0,64.0,1015.4,1010.1,6.0,2.0,25.8,27.4,Yes,Yes
2013-11-15,Brisbane,17.1,29.1,22.4,7.4,11.6,NE,24.000000000000004,ENE,NE,9.0,9.0,64.0,63.00000000000001,1013.7,1009.3,1.0,5.0,25.5,26.7,Yes,No
2013-11-16,Brisbane,20.2,27.2,0.0,8.0,6.9,ENE,33.0,E,ENE,9.0,16.999999999999996,58.00000000000001,63.00000000000001,1011.3,1007.4,6.0,6.0,24.7,24.8,No,No
2013-11-17,Brisbane,18.4,25.5,0.0,5.6,2.2,ENE,20.0,ESE,ENE,4.0,4.0,64.0,70.0,1012.0000000000001,1010.2,8.0,7.0,22.9,23.1,No,Yes
2013-11-18,Brisbane,17.3,28.4,9.2,3.0,9.1,SW,39.0,WNW,NNE,4.0,7.000000000000001,65.0,53.0,1011.0,1006.2,1.0,6.0,22.2,25.0,Yes,Yes
2013-11-19,Brisbane,14.699999999999998,30.999999999999996,5.799999999999999,6.4,12.4,WSW,28.0,W,E,13.0,14.999999999999998,51.0,47.0,1008.9,1005.6,1.0,6.0,24.1,27.300000000000004,Yes,No
2013-11-20,Brisbane,17.6,28.8,0.0,8.0,12.9,E,28.0,W,E,6.0,11.0,57.0,56.0,1011.1,1008.2,3.0,2.0,25.1,27.4,No,No
2013-11-21,Brisbane,17.8,28.8,0.0,7.599999999999999,13.0,E,26.0,SSE,ENE,6.0,11.0,56.0,53.0,1012.9,1009.8,3.0,1.0,25.5,27.4,No,No
2013-11-22,Brisbane,18.8,28.099999999999998,0.0,7.599999999999999,9.1,ENE,26.0,SE,ENE,4.0,11.0,55.0,60.00000000000001,1012.3,1009.2,2.0,7.0,26.2,25.7,No,No
2013-11-23,Brisbane,22.1,29.399999999999995,0.2,7.2,8.4,W,43.0,NNW,NNE,6.0,13.0,62.0,62.0,1009.5,1004.9,7.0,1.0,26.300000000000004,27.799999999999997,No,Yes
2013-11-24,Brisbane,19.9,31.2,10.6,7.599999999999999,8.7,S,37.0,NNW,NNE,6.0,4.0,67.0,72.0,1006.8,1002.1,5.0,5.0,27.4,25.2,Yes,Yes
2013-11-25,Brisbane,20.2,29.300000000000004,8.8,6.8,11.3,NE,30.0,SSE,E,4.0,14.999999999999998,59.0,61.0,1006.1,1003.8,4.0,7.0,27.000000000000004,26.0,Yes,No
2013-11-26,Brisbane,20.4,27.2,0.0,7.800000000000001,11.5,ESE,35.0,SE,ESE,6.0,14.999999999999998,54.0,55.0,1011.6999999999999,1010.5,5.0,2.0,25.2,25.5,No,No
2013-11-27,Brisbane,16.3,27.1,0.0,10.4,12.7,ENE,28.0,S,ENE,6.0,11.0,45.0,49.00000000000001,1016.5,1013.6,1.0,2.0,24.3,25.2,No,No
2013-11-28,Brisbane,17.1,28.9,0.0,7.0,12.9,NE,28.0,NNE,NE,6.0,11.0,56.0,56.0,1015.1,1010.9,1.0,1.0,25.4,27.099999999999998,No,No
2013-11-29,Brisbane,18.4,33.5,0.0,8.6,10.1,NE,33.0,W,NNE,6.0,11.0,49.0,60.00000000000001,1009.9,1005.4,5.0,7.0,27.4,29.6,No,Yes
2013-11-30,Brisbane,19.1,24.4,23.4,8.8,1.6,SE,35.0,SSW,S,6.0,9.0,94.0,74.0,1013.0,1014.4,8.0,7.0,19.4,21.9,Yes,Yes
2013-12-01,Brisbane,16.0,25.6,13.999999999999998,3.6,12.8,SE,39.0,SSE,ESE,7.0,16.999999999999996,50.0,48.0,1022.0,1019.2,4.0,2.0,24.0,23.6,Yes,No
2013-12-02,Brisbane,16.0,27.0,0.0,9.0,13.1,E,28.0,SSE,E,7.0,13.0,45.0,45.0,1021.1,1016.5,2.0,2.0,23.6,25.2,No,No
2013-12-03,Brisbane,15.199999999999998,27.8,0.0,8.0,13.0,E,28.0,S,ENE,6.0,11.0,47.0,52.0,1016.9,1013.3,2.0,2.0,24.4,25.8,No,No
2013-12-04,Brisbane,16.2,28.3,0.0,8.2,12.5,NNE,26.0,W,NE,6.0,9.0,57.0,47.0,1013.3,1007.8,3.0,6.0,23.2,27.099999999999998,No,No
2013-12-05,Brisbane,19.9,35.5,0.0,8.8,9.4,WNW,30.0,NW,NNE,7.0,11.0,51.0,49.00000000000001,1004.4,999.3,2.0,6.0,27.799999999999997,31.4,No,No
2013-12-06,Brisbane,17.6,29.8,0.8,8.6,12.8,WSW,28.0,SW,E,9.0,14.999999999999998,24.000000000000004,36.0,1013.7,1012.1,5.0,1.0,23.4,25.600000000000005,No,No
2013-12-07,Brisbane,15.0,26.900000000000002,0.0,3.7999999999999994,12.9,E,26.0,E,ENE,7.0,11.0,46.0,37.0,1021.0,1018.1,1.0,1.0,24.5,26.300000000000004,No,No
2013-12-08,Brisbane,17.0,27.600000000000005,0.0,12.2,13.1,E,24.000000000000004,NE,NNE,4.0,7.000000000000001,49.0,48.0,1019.9000000000001,1016.4,4.0,2.0,24.6,27.000000000000004,No,No
2013-12-09,Brisbane,16.9,27.700000000000003,0.0,8.6,13.1,ENE,31.0,NNE,NNE,7.0,13.0,52.0,48.0,1015.9,1011.6,2.0,4.0,25.7,26.4,No,No
2013-12-10,Brisbane,19.5,29.600000000000005,0.0,9.6,10.0,NE,28.0,NE,NE,6.0,11.0,54.0,55.0,1010.7999999999998,1007.6,7.0,7.0,26.300000000000004,27.099999999999998,No,No
2013-12-11,Brisbane,22.8,30.8,0.0,9.4,3.6,NE,22.0,N,NE,7.0,9.0,54.0,65.0,1009.3,1006.2,7.0,6.0,27.599999999999998,27.500000000000004,No,Yes
2013-12-12,Brisbane,21.3,27.299999999999997,2.0,3.4,0.2,WNW,17.0,SW,SE,6.0,2.0,85.0,83.0,1009.6,1008.7,8.0,8.0,23.3,24.4,Yes,No
2013-12-13,Brisbane,19.2,30.099999999999998,0.4,1.4,11.9,ENE,28.0,ESE,E,4.0,6.0,58.00000000000001,70.0,1012.5,1010.7,1.0,4.0,26.9,26.100000000000005,No,No
2013-12-14,Brisbane,19.4,30.199999999999996,0.4,6.8,12.9,ENE,26.0,SW,ENE,2.0,13.0,64.0,56.0,1014.7,1011.7,4.0,2.0,25.8,28.200000000000003,No,No
2013-12-15,Brisbane,20.5,30.500000000000004,0.2,8.0,10.7,E,26.0,E,ENE,6.0,13.0,62.0,47.0,1016.7,1013.8,3.0,2.0,27.099999999999998,28.699999999999996,No,No
2013-12-16,Brisbane,21.3,29.700000000000003,0.0,9.8,10.0,E,28.0,ENE,ENE,7.0,14.999999999999998,50.0,49.00000000000001,1018.3,1015.6,5.0,5.0,27.300000000000004,27.999999999999996,No,No
2013-12-17,Brisbane,20.7,28.0,0.0,9.0,6.9,E,33.0,ESE,E,9.0,16.999999999999996,61.0,52.0,1019.3000000000001,1017.7,7.0,5.0,24.6,26.100000000000005,No,No
2013-12-18,Brisbane,18.1,29.300000000000004,0.0,7.800000000000001,12.6,E,39.0,SE,ESE,11.0,19.0,55.0,38.0,1021.4,1019.9,5.0,1.0,25.5,27.000000000000004,No,No
2013-12-19,Brisbane,18.1,28.7,0.2,10.6,11.2,E,31.0,ESE,ESE,13.0,13.0,50.0,40.0,1022.1,1019.8,5.0,2.0,26.0,27.4,No,No
2013-12-20,Brisbane,17.7,29.2,0.0,9.2,13.2,E,26.0,ESE,ENE,7.0,13.0,54.0,50.0,1021.1,1017.2,3.0,1.0,26.9,27.500000000000004,No,No
2013-12-21,Brisbane,20.1,30.9,0.0,9.0,12.3,NE,28.0,NNW,NE,4.0,13.0,49.0,42.0,1017.4,1014.1,2.0,1.0,27.099999999999998,28.799999999999997,No,No
2013-12-22,Brisbane,19.0,30.0,0.0,9.4,12.7,ENE,26.0,NNW,ENE,4.0,11.0,54.0,52.0,1017.6,1014.9,2.0,2.0,26.2,28.400000000000002,No,No
2013-12-23,Brisbane,21.5,30.099999999999998,0.0,9.0,12.9,NE,31.0,N,NE,9.0,11.0,51.0,53.99999999999999,1016.0,1013.2,3.0,3.0,26.7,28.099999999999998,No,No
2013-12-24,Brisbane,19.7,32.5,0.0,11.0,12.0,ENE,26.0,SSW,NNE,6.0,9.0,49.0,47.0,1015.9,1013.3,3.0,6.0,27.999999999999996,30.8,No,No
2013-12-25,Brisbane,22.7,30.7,0.0,10.0,9.3,ENE,26.0,ENE,NE,7.0,9.0,62.0,53.99999999999999,1017.0,1014.0,7.0,7.0,26.800000000000004,28.999999999999996,No,No
2013-12-26,Brisbane,22.5,32.7,0.0,7.800000000000001,9.8,NE,24.000000000000004,NW,NE,7.0,11.0,52.0,56.99999999999999,1012.9,1008.7,4.0,6.0,28.799999999999997,28.999999999999996,No,No
2013-12-27,Brisbane,22.6,30.999999999999996,0.0,7.2,6.5,ESE,33.0,E,SE,9.0,14.999999999999998,76.0,60.00000000000001,1010.6,1008.2,7.0,7.0,26.100000000000005,27.300000000000004,No,No
2013-12-28,Brisbane,22.0,29.8,0.0,7.800000000000001,4.1,ENE,26.0,ENE,ENE,6.0,9.0,59.0,61.0,1011.6999999999999,1008.5,7.0,3.0,27.000000000000004,28.499999999999996,No,No
2013-12-29,Brisbane,23.4,34.8,0.0,6.0,11.5,WSW,33.0,NW,NNE,4.0,9.0,55.0,52.0,1009.3,1004.7,1.0,1.0,29.5,33.0,No,Yes
2013-12-30,Brisbane,22.0,31.1,1.2,11.0,8.8,ESE,31.0,ESE,ESE,7.0,13.0,57.0,51.0,1012.9,1009.6,7.0,2.0,26.600000000000005,28.200000000000003,Yes,No
2013-12-31,Brisbane,23.2,28.999999999999996,0.0,9.0,0.5,E,20.0,ESE,ESE,6.0,9.0,66.0,60.00000000000001,1011.2,1009.5,8.0,6.0,25.8,27.999999999999996,No,No
2014-01-01,Brisbane,20.6,30.6,0.0,3.4,12.5,ENE,31.0,SE,ENE,7.0,11.0,52.0,52.0,1015.2,1013.1,4.0,1.0,28.799999999999997,28.900000000000002,No,No
2014-01-02,Brisbane,21.1,31.799999999999997,0.0,9.0,8.6,NE,24.000000000000004,NNW,NNE,6.0,9.0,58.00000000000001,53.99999999999999,1011.9,1008.1,7.0,7.0,26.800000000000004,29.8,No,No
2014-01-03,Brisbane,22.7,34.5,1.0,8.6,11.2,NNE,35.0,NNE,NNE,4.0,14.999999999999998,55.0,56.99999999999999,1006.7,1001.7,2.0,2.0,30.6,32.0,No,No
2014-01-04,Brisbane,23.8,38.7,0.0,10.4,12.8,E,30.0,N,NE,7.0,14.999999999999998,45.0,47.0,1001.3,997.5,1.0,1.0,34.4,35.5,No,No
2014-01-05,Brisbane,23.9,33.6,0.0,11.0,6.1,ENE,26.0,SSW,ENE,4.0,13.0,64.0,59.0,1008.4,1005.5,8.0,4.0,27.799999999999997,31.6,No,No
2014-01-06,Brisbane,25.899999999999995,34.8,0.0,4.2,6.4,W,46.0,NE,ENE,2.0,11.0,68.0,66.0,1007.9,1004.9,6.0,6.0,29.399999999999995,30.3,No,Yes
2014-01-08,Brisbane,21.8,29.600000000000005,0.4,13.0,9.3,ESE,33.0,E,ESE,15.0,16.999999999999996,50.0,48.0,1018.3,1016.7,7.0,7.0,27.300000000000004,28.099999999999998,No,No
2014-01-09,Brisbane,20.4,28.6,0.2,8.2,4.9,E,31.0,SE,E,9.0,13.0,66.0,41.0,1020.9,1018.7,8.0,7.0,23.6,27.099999999999998,No,Yes
2014-01-10,Brisbane,19.4,27.8,1.4,7.0,1.5,E,30.0,SSE,ENE,7.0,9.0,65.0,61.0,1020.4,1018.3,5.0,7.0,25.8,25.9,Yes,No
2014-01-11,Brisbane,19.6,29.8,0.0,4.4,10.5,ENE,26.0,E,E,7.0,11.0,52.0,45.0,1018.9,1015.2,5.0,2.0,27.200000000000003,28.799999999999997,No,No
2014-01-12,Brisbane,19.5,30.6,0.0,8.4,10.5,E,33.0,SSE,E,6.0,14.999999999999998,51.0,50.0,1016.5,1014.3,4.0,2.0,27.799999999999997,28.6,No,No
2014-01-13,Brisbane,19.5,29.600000000000005,0.0,8.4,13.2,ESE,35.0,SSE,E,11.0,14.999999999999998,58.00000000000001,51.0,1018.3,1016.4,4.0,1.0,25.9,28.200000000000003,No,No
2014-01-14,Brisbane,20.4,30.199999999999996,0.0,9.2,12.7,E,33.0,E,E,11.0,14.999999999999998,49.0,55.0,1019.7,1018.8,4.0,4.0,27.300000000000004,27.099999999999998,No,No
2014-01-15,Brisbane,19.1,30.4,0.0,8.6,12.2,E,31.0,E,E,13.0,19.0,56.0,49.00000000000001,1021.3,1019.4,3.0,2.0,27.4,28.400000000000002,No,No
2014-01-17,Brisbane,20.8,30.8,0.2,10.4,12.2,E,35.0,E,E,13.0,14.999999999999998,55.0,47.0,1016.4,1013.5,3.0,1.0,26.5,28.799999999999997,No,No
2014-01-18,Brisbane,20.1,30.4,0.0,9.6,11.4,ENE,37.0,SE,E,6.0,11.0,54.0,44.0,1014.1,1010.7,4.0,2.0,27.300000000000004,29.8,No,No
2014-01-19,Brisbane,20.1,31.799999999999997,0.0,9.6,12.2,ENE,28.0,SE,ENE,6.0,14.999999999999998,56.0,51.0,1009.7,1006.2,4.0,1.0,26.600000000000005,29.3,No,No
2014-01-20,Brisbane,20.5,33.5,0.0,8.0,12.6,NE,30.0,S,NE,6.0,13.0,58.00000000000001,48.0,1009.1,1005.6,2.0,1.0,28.299999999999997,31.7,No,No
2014-01-21,Brisbane,23.6,32.9,0.0,8.6,12.5,NNE,39.0,NNE,NNE,6.0,14.999999999999998,53.00000000000001,62.0,1009.6,1005.2,1.0,1.0,30.2,31.1,No,No
2014-01-22,Brisbane,25.5,35.3,0.0,10.0,8.2,E,33.0,S,E,6.0,14.999999999999998,55.0,53.99999999999999,1011.4000000000001,1010.6,5.0,3.0,31.0,33.4,No,Yes
2014-01-23,Brisbane,23.9,30.099999999999998,2.2,8.4,3.9,SE,35.0,NW,E,4.0,9.0,80.0,89.0,1016.6,1015.1,6.0,8.0,26.600000000000005,23.9,Yes,Yes
2014-01-25,Brisbane,23.6,28.7,2.0,3.0,1.2,SE,37.0,W,SE,9.0,19.0,69.0,65.0,1009.6,1009.3,7.0,7.0,27.799999999999997,26.7,Yes,Yes
2014-01-26,Brisbane,21.4,28.500000000000004,1.2,6.4,8.9,SE,46.0,SE,SE,11.0,19.0,60.0,46.00000000000001,1018.7,1017.7,7.0,6.0,25.3,27.4,Yes,No
2014-01-27,Brisbane,19.8,28.6,0.0,9.2,7.299999999999999,ESE,37.0,ESE,E,13.0,19.999999999999996,49.0,50.0,1020.0,1018.9,7.0,7.0,25.8,26.4,No,No
2014-01-28,Brisbane,21.5,26.7,0.0,9.4,3.7,E,37.0,E,E,20.0,19.999999999999996,61.0,63.00000000000001,1019.5,1017.2,7.0,7.0,24.6,24.8,No,No
2014-01-29,Brisbane,19.7,27.399999999999995,0.8,6.8,4.5,E,35.0,ESE,E,4.0,13.0,78.0,60.00000000000001,1017.2,1015.2,7.0,6.0,23.3,25.4,No,No
2014-01-30,Brisbane,21.4,28.4,0.2,8.4,3.6,E,35.0,ESE,E,6.0,19.0,64.0,49.00000000000001,1017.5,1015.9,7.0,5.0,25.0,26.300000000000004,No,No
2014-01-31,Brisbane,22.7,26.900000000000002,0.0,6.8,1.2,NE,33.0,E,ESE,15.0,14.999999999999998,54.0,56.99999999999999,1014.8,1013.3,7.0,7.0,25.0,25.600000000000005,No,No
2014-02-01,Brisbane,21.5,28.8,0.0,6.6,10.9,E,35.0,E,E,19.0,13.0,56.0,55.0,1013.2,1011.4,7.0,3.0,25.8,27.500000000000004,No,No
2014-02-02,Brisbane,21.0,30.0,0.0,9.0,9.2,E,28.0,ESE,E,9.0,14.999999999999998,57.0,49.00000000000001,1014.3,1012.1,5.0,2.0,26.800000000000004,28.400000000000002,No,Yes
2014-02-03,Brisbane,19.7,28.7,1.6,9.6,7.4,E,31.0,E,E,7.0,13.0,63.0,59.0,1013.6,1012.2,5.0,5.0,24.7,26.300000000000004,Yes,No
2014-02-04,Brisbane,19.0,29.700000000000003,0.6,7.0,10.6,ENE,31.0,SSE,E,4.0,16.999999999999996,62.0,53.99999999999999,1013.5,1012.0,4.0,1.0,25.5,27.900000000000002,No,No
2014-02-05,Brisbane,20.0,29.9,0.0,7.2,9.1,SSE,39.0,SSE,SE,17.0,16.999999999999996,53.00000000000001,46.00000000000001,1015.6,1013.6,3.0,6.0,26.4,28.6,No,No
2014-02-06,Brisbane,19.1,27.399999999999995,0.2,8.8,4.5,SSE,31.0,SE,E,13.0,13.0,55.0,56.99999999999999,1016.0,1013.9,7.0,8.0,24.7,25.8,No,No
2014-02-07,Brisbane,19.6,28.6,0.0,8.0,2.9,ENE,30.0,SSE,E,9.0,13.0,60.0,58.0,1016.5,1015.3,7.0,7.0,24.5,25.5,No,No
2014-02-08,Brisbane,19.9,29.2,0.0,6.4,10.7,E,28.0,E,ENE,11.0,13.0,56.0,55.0,1018.1,1016.5,6.0,3.0,25.8,27.599999999999998,No,No
2014-02-09,Brisbane,21.8,29.1,0.0,8.6,3.9,E,22.0,E,ENE,9.0,9.0,59.0,66.0,1019.8,1017.1,7.0,7.0,26.800000000000004,26.4,No,No
2014-02-10,Brisbane,21.9,28.8,0.0,5.0,5.1,E,24.000000000000004,SE,ENE,2.0,11.0,67.0,56.0,1016.8,1014.4,7.0,4.0,25.3,28.400000000000002,No,No
2014-02-11,Brisbane,19.5,29.2,0.0,7.2,10.7,ENE,24.000000000000004,SW,NE,6.0,11.0,59.0,51.0,1016.5,1013.3,6.0,6.0,25.5,28.200000000000003,No,No
2014-02-12,Brisbane,19.2,29.8,0.0,8.0,12.1,NE,30.0,SSE,ENE,6.0,11.0,56.0,47.0,1016.2,1013.5,3.0,1.0,26.100000000000005,28.900000000000002,No,No
2014-02-15,Brisbane,23.2,31.6,0.0,8.0,8.7,NE,35.0,NE,NE,4.0,14.999999999999998,60.0,60.00000000000001,1006.6,1002.6,7.0,4.0,27.799999999999997,29.6,No,No
2014-02-16,Brisbane,23.7,32.6,0.0,9.4,12.0,NE,35.0,NNE,NNE,7.0,16.999999999999996,59.0,65.0,1006.2,1002.1,6.0,1.0,29.6,30.399999999999995,No,No
2014-02-17,Brisbane,23.4,34.1,0.0,10.8,9.7,E,33.0,NE,E,6.0,16.999999999999996,52.0,64.0,1009.3,1008.7,1.0,4.0,30.399999999999995,28.699999999999996,No,Yes
2014-02-18,Brisbane,23.4,31.300000000000004,8.4,7.800000000000001,9.3,ENE,24.000000000000004,SE,ENE,4.0,9.0,85.0,61.0,1012.1,1008.2,6.0,2.0,25.3,29.899999999999995,Yes,No
2014-02-19,Brisbane,23.0,31.899999999999995,0.2,7.4,11.7,NE,33.0,NNE,NNE,7.0,13.0,57.0,58.0,1009.4,1005.3,1.0,1.0,29.1,30.3,No,No
2014-02-20,Brisbane,25.6,33.4,0.0,9.0,7.9,NNE,26.0,NNW,NE,9.0,14.999999999999998,64.0,60.00000000000001,1009.4,1007.1,6.0,1.0,29.3,31.2,No,No
2014-02-21,Brisbane,24.6,34.0,0.0,9.6,9.1,SSE,31.0,SW,E,6.0,14.999999999999998,64.0,64.0,1012.0000000000001,1009.9,6.0,4.0,30.3,30.5,No,Yes
2014-02-22,Brisbane,23.2,27.399999999999995,2.2,8.2,0.0,SE,31.0,SE,SE,13.0,13.0,65.0,67.0,1015.5,1015.0,7.0,7.0,25.5,25.0,Yes,No
2014-02-23,Brisbane,21.2,30.199999999999996,0.0,8.0,10.0,SE,43.0,SE,ESE,17.0,19.0,49.0,44.0,1017.8,1015.6,6.0,3.0,26.600000000000005,28.299999999999997,No,Yes
2014-02-24,Brisbane,19.6,28.500000000000004,1.2,8.4,7.8,SSE,28.0,SE,ESE,9.0,16.999999999999996,68.0,46.00000000000001,1018.1,1015.4,1.0,4.0,24.9,27.300000000000004,Yes,Yes
2014-02-25,Brisbane,19.9,29.600000000000005,1.4,9.2,8.4,E,31.0,SSE,E,9.0,14.999999999999998,64.0,51.0,1016.9,1013.3,4.0,6.0,25.4,28.299999999999997,Yes,No
2014-02-26,Brisbane,19.1,29.5,0.0,8.4,10.7,ENE,24.000000000000004,SSW,ENE,4.0,13.0,58.00000000000001,50.0,1016.1,1013.1,4.0,2.0,25.9,28.6,No,No
2014-02-27,Brisbane,19.3,30.7,0.0,7.2,12.2,NE,24.000000000000004,WNW,NE,6.0,13.0,56.0,46.00000000000001,1016.5,1013.7,2.0,1.0,26.600000000000005,28.999999999999996,No,No
2014-02-28,Brisbane,20.6,30.9,0.0,8.0,7.4,E,35.0,ESE,E,9.0,16.999999999999996,59.0,48.0,1017.9,1015.1,5.0,4.0,27.099999999999998,28.900000000000002,No,No
2014-03-01,Brisbane,19.9,30.4,0.6,8.0,10.2,ENE,30.0,ESE,E,7.0,13.0,55.0,46.00000000000001,1016.0,1013.2,3.0,2.0,26.800000000000004,28.900000000000002,No,No
2014-03-02,Brisbane,20.0,30.199999999999996,0.0,7.4,10.0,E,28.0,E,E,6.0,13.0,53.00000000000001,46.00000000000001,1016.3,1014.4,2.0,3.0,27.200000000000003,28.6,No,Yes
2014-03-03,Brisbane,20.3,27.8,1.6,9.4,6.4,E,43.0,E,ESE,9.0,13.0,85.99999999999999,65.0,1021.4,1019.8,6.0,6.0,22.3,25.0,Yes,Yes
2014-03-04,Brisbane,19.5,28.6,4.6,7.0,8.3,ESE,48.00000000000001,SE,ESE,7.0,13.0,67.0,49.00000000000001,1023.0,1020.5,5.0,6.0,25.1,26.5,Yes,Yes
2014-03-05,Brisbane,19.0,27.9,3.4,6.6,5.1,ENE,26.0,SSE,ENE,7.0,13.0,82.0,52.0,1020.0,1016.2,7.0,3.0,21.6,26.4,Yes,No
2014-03-06,Brisbane,18.0,29.1,0.0,5.0,11.7,NE,28.0,S,ENE,4.0,13.0,56.0,50.0,1018.5,1016.4,2.0,3.0,25.8,27.900000000000002,No,No
2014-03-07,Brisbane,18.5,28.8,0.0,8.4,6.3,NNE,28.0,SE,ENE,9.0,13.0,65.0,50.0,1019.8,1017.5,6.0,3.0,24.3,27.4,No,No
2014-03-08,Brisbane,18.1,28.9,0.2,6.4,10.3,E,37.0,ESE,E,9.0,16.999999999999996,62.0,43.0,1020.0,1017.9,4.0,5.0,25.3,28.099999999999998,No,Yes
2014-03-09,Brisbane,19.5,28.3,1.2,9.6,1.9,E,37.0,ESE,E,11.0,16.999999999999996,62.0,67.0,1020.1999999999999,1018.2,7.0,7.0,25.2,24.0,Yes,Yes
2014-03-10,Brisbane,19.7,28.9,2.2,7.0,7.299999999999999,ESE,35.0,SE,ESE,11.0,14.999999999999998,67.0,44.0,1020.1,1018.2,5.0,7.0,24.5,27.500000000000004,Yes,Yes
2014-03-11,Brisbane,19.1,28.7,4.6,8.8,7.9,SE,35.0,ESE,SE,4.0,14.999999999999998,85.99999999999999,41.0,1020.4,1017.4,7.0,2.0,22.5,27.900000000000002,Yes,No
2014-03-12,Brisbane,19.5,29.300000000000004,0.8,7.0,10.4,E,30.0,SSE,ENE,7.0,14.999999999999998,63.0,51.0,1018.5,1015.2,3.0,2.0,24.6,27.500000000000004,No,No
2014-03-13,Brisbane,18.6,29.600000000000005,0.0,7.800000000000001,11.0,E,33.0,SE,E,9.0,19.0,58.00000000000001,45.0,1018.4,1015.5,3.0,2.0,26.2,27.999999999999996,No,No
2014-03-14,Brisbane,19.3,28.999999999999996,0.0,8.0,8.4,E,30.0,S,E,4.0,14.999999999999998,57.0,48.0,1017.3,1013.9,3.0,3.0,26.100000000000005,27.300000000000004,No,No
2014-03-15,Brisbane,18.6,30.199999999999996,0.6,6.6,11.1,ENE,24.000000000000004,S,NE,4.0,9.0,61.0,48.0,1015.9,1011.4,3.0,1.0,25.1,28.200000000000003,No,No
2014-03-16,Brisbane,19.6,32.8,0.0,6.8,10.4,NE,28.0,N,NE,7.0,9.0,54.0,55.0,1014.4,1008.5,1.0,1.0,26.800000000000004,30.5,No,Yes
2014-03-17,Brisbane,21.6,31.799999999999997,4.6,8.4,10.7,ENE,30.0,SSE,E,6.0,14.999999999999998,61.0,53.99999999999999,1015.9,1013.8,1.0,1.0,28.099999999999998,30.0,Yes,No
2014-03-19,Brisbane,23.8,30.6,0.0,6.6,8.7,E,26.0,E,E,7.0,14.999999999999998,67.0,53.99999999999999,1022.0,1019.0,7.0,2.0,26.4,28.900000000000002,No,No
2014-03-20,Brisbane,20.6,30.0,0.6,9.6,10.4,ENE,35.0,E,E,15.0,19.999999999999996,56.0,50.0,1022.0,1019.4,5.0,5.0,27.599999999999998,27.700000000000003,No,No
2014-03-21,Brisbane,19.2,28.999999999999996,0.2,7.800000000000001,8.7,NE,28.0,ESE,ENE,9.0,9.0,64.0,51.0,1019.7,1016.4,6.0,2.0,25.3,28.699999999999996,No,No
2014-03-22,Brisbane,19.6,29.5,0.6,6.2,9.9,E,24.000000000000004,S,ENE,6.0,13.0,64.0,55.0,1018.2,1015.3,6.0,1.0,25.7,27.599999999999998,No,No
2014-03-23,Brisbane,19.2,31.6,0.0,7.0,10.8,ENE,24.000000000000004,S,ENE,4.0,13.0,68.0,55.0,1018.3,1014.2,7.0,2.0,25.4,28.699999999999996,No,No
2014-03-24,Brisbane,20.1,28.8,0.0,5.2,5.2,NNE,24.000000000000004,W,NE,4.0,9.0,61.0,60.00000000000001,1016.0,1012.8,6.0,7.0,26.0,27.4,No,Yes
2014-03-25,Brisbane,19.8,26.499999999999996,22.4,5.0,1.1,SSW,22.0,WSW,SE,4.0,6.0,80.99999999999999,85.0,1018.1,1016.8,7.0,8.0,24.0,23.4,Yes,Yes
2014-03-26,Brisbane,21.7,27.2,21.6,3.4,0.0,ENE,39.0,ENE,ENE,17.0,19.999999999999996,76.0,68.0,1019.1,1017.6,8.0,7.0,25.4,26.0,Yes,Yes
2014-03-27,Brisbane,21.1,23.8,5.6,3.0,0.0,E,37.0,SE,ENE,4.0,11.0,89.0,91.0,1020.4,1016.1,8.0,8.0,23.0,23.3,Yes,Yes
2014-03-29,Brisbane,21.8,32.6,3.2,2.8,10.1,N,15.0,NW,NNE,4.0,6.0,75.0,59.0,1016.7,1012.9,7.0,7.0,26.5,30.6,Yes,No
2014-03-30,Brisbane,22.7,25.6,0.8,6.0,0.5,SSE,22.0,S,SW,6.0,4.0,88.0,87.0,1018.8,1016.5,7.0,8.0,25.1,24.3,No,Yes
2014-03-31,Brisbane,20.3,29.300000000000004,2.2,0.0,9.5,E,28.0,SW,E,7.0,14.999999999999998,74.0,61.0,1019.8,1016.8,3.0,3.0,25.600000000000005,27.4,Yes,No
2014-04-01,Brisbane,19.7,29.300000000000004,0.6,6.4,10.3,E,24.000000000000004,SE,E,7.0,13.0,66.0,50.0,1019.3000000000001,1015.9,2.0,1.0,26.100000000000005,28.200000000000003,No,No
2014-04-02,Brisbane,19.2,29.9,0.0,6.8,10.5,ENE,22.0,S,ENE,4.0,13.0,67.0,53.0,1017.8,1014.6,4.0,2.0,25.600000000000005,27.900000000000002,No,No
2014-04-03,Brisbane,19.1,29.5,0.0,6.2,10.8,ENE,24.000000000000004,SE,NE,4.0,11.0,64.0,53.0,1017.9,1015.5,2.0,2.0,25.7,28.099999999999998,No,No
2014-04-04,Brisbane,18.9,29.5,0.0,5.0,9.8,NE,20.0,WSW,NE,4.0,9.0,70.0,60.00000000000001,1018.8,1015.7,2.0,3.0,24.4,27.700000000000003,No,No
2014-04-05,Brisbane,19.9,30.9,0.0,5.8,10.5,NE,19.0,WNW,NE,4.0,7.000000000000001,71.0,48.0,1019.3000000000001,1015.3,3.0,2.0,25.9,29.3,No,No
2014-04-06,Brisbane,21.1,30.999999999999996,0.0,5.6,8.6,SE,35.0,S,ENE,4.0,7.000000000000001,66.0,53.99999999999999,1017.5,1013.7,3.0,5.0,26.300000000000004,29.699999999999996,No,Yes
2014-04-07,Brisbane,19.6,27.8,1.8000000000000003,5.8,6.2,SE,37.0,SSW,SE,11.0,11.0,68.0,53.99999999999999,1020.1999999999999,1017.6,5.0,6.0,22.6,25.0,Yes,No
2014-04-08,Brisbane,17.8,27.0,0.0,6.2,5.5,SSE,26.0,SSW,S,9.0,9.0,59.0,58.0,1019.9000000000001,1017.0,3.0,6.0,23.1,25.3,No,No
2014-04-09,Brisbane,18.4,27.8,0.0,3.2,8.8,ESE,26.0,SW,E,6.0,11.0,64.0,55.0,1019.9000000000001,1016.0,4.0,6.0,23.4,26.100000000000005,No,No
2014-04-10,Brisbane,17.3,26.3,0.0,6.6,9.2,N,15.0,WSW,NE,4.0,6.0,66.0,58.0,1017.4,1013.4,7.0,5.0,22.8,25.9,No,No
2014-04-11,Brisbane,16.4,29.700000000000003,0.0,4.0,10.2,NE,19.0,WNW,NNE,4.0,9.0,66.0,60.00000000000001,1012.1,1007.2,1.0,2.0,23.2,28.6,No,No
2014-04-12,Brisbane,20.4,31.300000000000004,0.0,4.8,5.4,NW,24.000000000000004,WNW,NW,4.0,6.0,60.0,53.99999999999999,1010.2,1007.9,2.0,5.0,27.099999999999998,28.799999999999997,No,No
2014-04-13,Brisbane,22.8,24.6,0.0,5.2,0.0,SE,20.0,ESE,ESE,7.0,4.0,73.0,87.0,1014.0,1012.6,8.0,8.0,24.2,21.9,No,Yes
2014-04-14,Brisbane,20.3,24.9,8.8,2.8,0.5,SE,41.0,SSE,SE,6.0,14.999999999999998,73.0,79.0,1013.7,1011.7,7.0,6.0,23.1,22.6,Yes,No
2014-04-15,Brisbane,17.8,25.8,0.0,2.4,7.499999999999999,SSE,28.0,SW,SSE,7.0,9.0,62.0,56.0,1016.6,1013.7,6.0,6.0,23.0,24.3,No,No
2014-04-16,Brisbane,15.799999999999999,28.199999999999996,0.0,4.6,9.8,W,24.000000000000004,WSW,S,9.0,6.0,58.00000000000001,41.0,1016.9,1013.1,1.0,2.0,21.6,27.900000000000002,No,No
2014-04-17,Brisbane,16.2,28.0,0.0,5.6,10.7,ENE,19.0,WSW,WNW,7.0,7.000000000000001,59.0,39.0,1018.4,1014.2,1.0,2.0,21.9,27.700000000000003,No,No
2014-04-18,Brisbane,16.6,28.4,0.0,4.0,10.0,W,20.0,WSW,W,6.0,7.000000000000001,69.0,39.0,1017.4,1013.0,1.0,1.0,21.9,27.799999999999997,No,No
2014-04-19,Brisbane,14.5,28.6,0.0,4.8,11.1,W,20.0,WSW,WNW,7.0,7.000000000000001,51.0,31.0,1016.9,1012.9,0.0,0.0,22.0,27.599999999999998,No,No
2014-04-20,Brisbane,15.299999999999999,28.500000000000004,0.0,7.0,10.7,ENE,17.0,SW,N,4.0,6.0,61.0,35.0,1018.6,1015.5,1.0,1.0,22.0,27.500000000000004,No,No
2014-04-21,Brisbane,15.9,29.2,0.0,5.2,10.8,NE,19.0,WSW,NNE,6.0,7.000000000000001,63.0,43.0,1021.4,1017.8,1.0,1.0,22.1,27.599999999999998,No,No
2014-04-22,Brisbane,16.8,27.5,0.0,5.0,10.5,E,20.0,SW,NE,6.0,9.0,68.0,41.0,1022.0,1018.4,1.0,7.0,22.7,26.800000000000004,No,No
2014-04-23,Brisbane,16.6,28.199999999999996,0.0,4.8,9.4,NNE,17.0,WSW,NE,4.0,6.0,70.0,46.00000000000001,1020.0,1015.5,6.0,5.0,21.8,26.7,No,No
2014-04-24,Brisbane,16.2,28.999999999999996,0.0,5.6,10.2,NE,17.0,WSW,NE,6.0,6.0,73.0,53.0,1018.1,1013.6,5.0,2.0,21.6,27.700000000000003,No,No
2014-04-25,Brisbane,17.2,28.9,0.0,3.6,10.7,E,26.0,SW,E,6.0,14.999999999999998,74.0,51.0,1019.2,1015.6,3.0,2.0,21.5,27.099999999999998,No,No
2014-04-26,Brisbane,17.2,29.1,0.0,5.0,9.6,ENE,15.0,SW,W,7.0,4.0,69.0,46.00000000000001,1019.3000000000001,1014.5,3.0,7.0,22.2,28.699999999999996,No,No
2014-04-27,Brisbane,19.1,29.399999999999995,0.0,4.4,6.8,SE,31.0,SW,SSE,4.0,7.000000000000001,78.0,45.0,1019.1,1015.8,6.0,4.0,22.2,28.699999999999996,No,Yes
2014-04-28,Brisbane,18.7,24.6,2.6,5.6,2.7,SSE,37.0,S,SE,4.0,16.999999999999996,90.0,59.0,1021.7,1018.9,7.0,7.0,19.2,23.8,Yes,No
2014-04-29,Brisbane,16.5,26.000000000000004,0.4,2.4,8.5,SSE,24.000000000000004,SW,E,7.0,6.0,73.0,48.0,1020.3,1016.7,7.0,4.0,20.5,24.1,No,No
2014-04-30,Brisbane,14.5,27.1,0.0,4.4,5.5,S,17.0,SW,NE,4.0,4.0,68.0,60.00000000000001,1016.5,1012.6,3.0,7.0,21.1,25.0,No,Yes
2014-05-01,Brisbane,18.4,27.399999999999995,4.6,0.2,7.299999999999999,ENE,17.0,SSW,NE,7.0,6.0,80.0,60.00000000000001,1015.6,1012.2,3.0,2.0,21.7,24.9,Yes,Yes
2014-05-03,Brisbane,15.4,21.1,13.8,6.0,9.0,WNW,44.0,W,W,20.0,19.999999999999996,52.0,33.0,1005.8,1004.3,5.0,6.0,16.9,19.2,Yes,No
2014-05-08,Brisbane,15.299999999999999,24.2,0.0,4.6,3.5,SE,33.0,SSW,S,7.0,7.000000000000001,61.0,59.0,1022.0,1019.3,5.0,7.0,20.5,21.2,No,No
2014-05-09,Brisbane,14.699999999999998,24.7,0.0,4.0,8.9,SSE,28.0,SW,ESE,9.0,13.0,63.0,47.0,1024.3,1021.0999999999999,2.0,7.0,19.9,23.4,No,No
2014-05-10,Brisbane,15.6,24.0,0.0,6.0,1.8,E,28.0,WSW,E,4.0,9.0,64.0,64.0,1024.6,1021.8999999999999,7.0,8.0,19.1,20.7,No,No
2014-05-11,Brisbane,13.699999999999998,25.4,0.2,2.8,9.4,SW,15.0,WSW,NE,7.0,6.0,76.0,48.0,1024.6,1021.4,1.0,1.0,18.6,23.6,No,No
2014-05-12,Brisbane,13.8,24.7,0.0,2.4,7.499999999999999,SE,26.0,SSW,E,9.0,11.0,68.0,61.0,1026.6,1023.9000000000001,2.0,4.0,19.7,22.4,No,Yes
2014-05-13,Brisbane,13.900000000000002,24.8,3.6000000000000005,4.0,10.2,SE,30.0,SW,ESE,7.0,16.999999999999996,70.0,53.0,1026.5,1023.3,1.0,5.0,19.4,23.6,Yes,No
2014-05-14,Brisbane,15.1,23.2,0.0,5.0,6.3,SE,31.0,SSW,ESE,6.0,14.999999999999998,70.0,68.0,1026.1,1023.5000000000001,6.0,7.0,19.6,21.4,No,No
2014-05-15,Brisbane,15.199999999999998,24.8,0.0,3.0,9.6,E,31.0,SW,E,6.0,14.999999999999998,68.0,47.0,1026.5,1024.1,2.0,2.0,20.5,23.7,No,No
2014-05-16,Brisbane,15.199999999999998,23.0,0.4,5.8,3.9,E,33.0,SW,ESE,6.0,6.0,69.0,69.0,1027.7,1026.0,6.0,7.0,20.4,22.4,No,Yes
2014-05-17,Brisbane,14.799999999999999,24.6,1.2,1.6,6.0,ENE,31.0,WSW,SE,2.0,9.0,70.0,61.0,1029.9,1026.8,7.0,5.0,19.0,22.4,Yes,No
2014-05-18,Brisbane,15.0,25.1,0.6,3.4,5.4,E,30.0,SW,ESE,4.0,7.000000000000001,71.0,55.0,1028.4,1026.5,5.0,7.0,20.7,22.2,No,No
2014-05-19,Brisbane,14.400000000000002,24.7,0.2,4.0,2.1,ENE,17.0,SW,E,4.0,7.000000000000001,76.0,53.99999999999999,1027.8,1024.4,7.0,7.0,18.0,23.2,No,No
2014-05-20,Brisbane,14.6,24.7,0.0,2.4,5.1,W,15.0,SW,E,6.0,6.0,69.0,56.0,1024.7,1021.3000000000001,3.0,8.0,18.8,22.9,No,No
2014-05-21,Brisbane,14.699999999999998,25.1,0.0,2.8,10.0,ESE,28.0,SW,SE,6.0,11.0,71.0,59.0,1022.9,1020.8,1.0,3.0,19.7,23.2,No,Yes
2014-05-22,Brisbane,17.8,26.1,1.2,2.0,7.4,ENE,22.0,SW,E,2.0,11.0,74.0,61.0,1023.9,1020.5,3.0,5.0,21.5,23.5,Yes,No
2014-05-24,Brisbane,16.7,27.0,0.6,1.6,10.1,WSW,24.000000000000004,WSW,SW,2.0,7.000000000000001,79.0,46.00000000000001,1017.8,1014.2,2.0,5.0,21.4,25.8,No,No
2014-05-25,Brisbane,13.5,28.4,0.0,4.0,10.4,SW,15.0,SW,W,4.0,2.0,71.0,36.0,1020.9,1018.4,0.0,1.0,19.2,27.900000000000002,No,No
2014-05-26,Brisbane,13.5,28.4,0.2,4.4,10.1,NE,15.0,SW,ENE,6.0,7.000000000000001,71.0,42.0,1024.6,1021.3000000000001,5.0,3.0,18.6,26.4,No,No
2014-05-27,Brisbane,13.8,26.900000000000002,0.0,2.8,9.7,ENE,22.0,SW,NE,6.0,11.0,73.0,60.00000000000001,1023.6,1018.2,5.0,6.0,19.9,24.8,No,No
2014-05-29,Brisbane,15.299999999999999,28.6,0.0,3.4,9.7,E,22.0,SW,ENE,4.0,9.0,77.0,51.0,1021.7,1018.4,1.0,1.0,20.2,25.9,No,No
2014-05-30,Brisbane,18.8,24.9,0.0,3.6,3.1,E,22.0,SW,E,4.0,11.0,69.0,53.99999999999999,1024.1,1021.0,7.0,7.0,20.0,24.0,No,No
2014-05-31,Brisbane,16.0,23.4,0.6,3.4,3.8,E,20.0,WSW,E,6.0,7.000000000000001,89.0,80.0,1023.6,1020.3,8.0,7.0,17.9,20.8,No,No
2014-06-01,Brisbane,14.400000000000002,24.8,0.4,3.0,8.3,ENE,15.0,SW,ENE,6.0,7.000000000000001,85.99999999999999,53.0,1021.1,1017.7,7.0,6.0,17.0,23.5,No,No
2014-06-02,Brisbane,13.8,25.8,0.0,2.4,9.7,ENE,19.0,SW,NE,6.0,7.000000000000001,75.0,56.99999999999999,1019.7,1016.3,1.0,4.0,18.7,24.6,No,No
2014-06-03,Brisbane,16.8,24.6,0.0,3.0,5.0,WNW,19.0,WSW,W,6.0,6.0,92.0,66.0,1019.7,1017.1,7.0,7.0,18.4,23.6,No,No
2014-06-04,Brisbane,15.1,25.8,0.0,1.8,7.8,WSW,13.0,SW,ENE,4.0,6.0,69.0,64.0,1022.5,1020.6,3.0,7.0,19.5,23.4,No,No
2014-06-05,Brisbane,13.8,26.1,0.0,3.6,9.1,SE,22.0,SW,S,6.0,6.0,66.0,46.00000000000001,1023.5,1019.7,1.0,5.0,18.5,24.9,No,No
2014-06-06,Brisbane,14.400000000000002,25.9,0.0,3.4,9.1,SE,19.0,SSW,E,6.0,9.0,71.0,55.0,1022.3,1018.6,1.0,2.0,19.2,23.0,No,No
2014-06-07,Brisbane,13.3,24.4,0.0,3.6,9.8,SSW,24.000000000000004,SW,SSW,7.0,11.0,64.0,43.0,1022.8,1019.3,2.0,6.0,18.6,23.0,No,No
2014-06-08,Brisbane,13.900000000000002,23.3,0.0,5.0,6.5,SW,20.0,SSW,SE,7.0,7.000000000000001,62.0,53.0,1022.3,1019.6,6.0,7.0,18.0,22.0,No,No
2014-06-09,Brisbane,14.400000000000002,22.4,0.0,4.4,3.9,SE,28.0,SW,SE,9.0,11.0,57.0,51.0,1022.6,1020.7,7.0,7.0,18.3,20.9,No,No
2014-06-10,Brisbane,13.6,23.9,0.0,4.0,9.2,SSE,41.0,SW,SE,6.0,14.999999999999998,62.0,50.0,1023.9,1019.6,4.0,3.0,18.0,21.8,No,No
2014-06-11,Brisbane,13.900000000000002,22.8,0.0,4.6,4.9,SE,30.0,WSW,SE,7.0,14.999999999999998,69.0,47.0,1022.5,1019.3,5.0,1.0,16.7,21.3,No,No
2014-06-12,Brisbane,14.400000000000002,23.6,0.0,4.6,6.5,SE,26.0,SW,E,6.0,9.0,58.00000000000001,55.0,1020.9,1018.4,2.0,7.0,18.7,21.7,No,Yes
2014-06-13,Brisbane,14.6,24.1,1.4,3.6,6.8,ESE,20.0,SSW,NE,6.0,7.000000000000001,83.0,56.99999999999999,1020.3,1016.1,3.0,7.0,17.6,22.5,Yes,No
2014-06-14,Brisbane,15.299999999999999,21.0,0.8,2.6,0.4,W,26.0,SW,NNW,2.0,7.000000000000001,88.0,70.0,1015.9,1011.7,7.0,7.0,17.5,20.4,No,No
2014-06-15,Brisbane,9.8,20.6,0.6,2.2,9.8,W,43.0,WSW,W,6.0,13.0,57.0,42.0,1015.8,1013.9,2.0,2.0,16.6,19.7,No,No
2014-06-16,Brisbane,10.2,21.6,0.0,5.4,9.5,W,20.0,WSW,SSW,9.0,4.0,57.0,38.0,1021.7,1020.4,6.0,4.0,15.199999999999998,20.6,No,No
2014-06-17,Brisbane,8.5,22.9,0.0,3.4,9.8,S,15.0,SW,SSW,6.0,6.0,62.0,37.0,1024.8,1021.8,1.0,1.0,14.9,22.1,No,No
2014-06-18,Brisbane,9.6,24.3,0.0,2.0,9.2,ESE,20.0,SW,S,4.0,4.0,61.0,45.0,1027.3,1024.5,1.0,4.0,16.4,22.4,No,No
2014-06-19,Brisbane,13.8,20.3,0.0,3.4,1.5,WSW,15.0,SW,SE,6.0,7.000000000000001,78.0,83.0,1027.0,1024.3,7.0,7.0,17.3,17.9,No,Yes
2014-06-20,Brisbane,15.700000000000001,22.5,5.799999999999999,0.6,3.3,W,13.0,SW,SSW,4.0,2.0,90.0,65.0,1024.5,1019.8,7.0,3.0,17.4,21.8,Yes,No
2014-06-21,Brisbane,14.900000000000002,25.6,0.0,1.4,7.9,SSW,15.0,WSW,SW,4.0,4.0,87.0,46.00000000000001,1021.6,1017.7,7.0,2.0,17.1,25.2,No,Yes
2014-06-22,Brisbane,13.199999999999998,24.2,5.2,3.4,9.1,WNW,19.0,SW,SW,4.0,4.0,93.0,47.0,1021.3,1017.1,2.0,1.0,15.0,23.6,Yes,No
2014-06-23,Brisbane,10.8,24.1,0.2,2.4,9.2,ENE,17.0,SW,NE,6.0,9.0,77.0,52.0,1019.8,1014.4,3.0,5.0,15.0,22.4,No,No
2014-06-24,Brisbane,10.2,20.9,0.0,2.2,2.3,W,43.0,WNW,W,11.0,19.0,47.0,30.000000000000004,1014.5,1012.1,7.0,7.0,18.1,20.1,No,No
2014-06-25,Brisbane,13.400000000000002,21.8,0.0,5.4,8.8,WSW,35.0,WSW,W,9.0,13.0,46.0,36.0,1019.8,1016.5,6.0,1.0,15.7,21.7,No,No
2014-06-26,Brisbane,10.0,24.2,0.0,6.8,9.9,W,22.0,SW,SSW,6.0,4.0,47.0,26.0,1024.1,1021.4999999999999,0.0,0.0,16.3,24.2,No,No
2014-06-27,Brisbane,6.8,23.6,0.0,3.4,9.9,ENE,15.0,SW,NE,4.0,7.000000000000001,66.0,39.0,1023.9,1019.3,0.0,0.0,11.8,21.5,No,No
2014-06-29,Brisbane,12.3,19.9,1.6,3.6,10.0,W,54.0,W,W,9.0,19.999999999999996,41.0,34.0,1013.7,1010.7,0.0,1.0,15.6,19.0,Yes,No
2014-06-30,Brisbane,5.2,19.1,0.2,8.0,9.9,W,43.0,SW,W,6.0,19.999999999999996,44.0,30.000000000000004,1019.2,1017.5,1.0,2.0,15.0,18.4,No,No
2014-07-01,Brisbane,5.2,19.8,0.0,7.0,10.2,W,28.0,WSW,S,7.0,6.0,49.0,25.0,1025.7,1023.3,0.0,0.0,12.1,18.9,No,No
2014-07-02,Brisbane,5.3,21.2,0.0,2.6,10.2,SSW,20.0,SW,WNW,6.0,6.0,63.0,30.000000000000004,1026.4,1022.9,1.0,1.0,11.6,20.7,No,No
2014-07-03,Brisbane,7.3999999999999995,22.6,0.0,3.6,9.8,WSW,17.0,SW,E,4.0,7.000000000000001,60.0,45.0,1027.1,1023.1000000000001,1.0,1.0,13.799999999999999,21.8,No,No
2014-07-04,Brisbane,9.4,23.9,0.0,3.0,8.7,E,15.0,SW,NNE,6.0,4.0,78.0,47.0,1024.7,1020.5,3.0,4.0,13.7,21.9,No,No
2014-07-05,Brisbane,11.5,24.4,0.4,2.6,9.8,SW,20.0,WSW,SW,4.0,6.0,78.0,41.0,1019.5,1014.8,1.0,3.0,16.4,23.6,No,No
2014-07-06,Brisbane,5.3,20.5,0.0,4.0,10.2,W,31.0,WSW,W,7.0,13.0,42.99999999999999,26.999999999999996,1016.7,1012.0,0.0,0.0,15.1,20.4,No,No
2014-07-07,Brisbane,8.0,19.9,0.0,7.599999999999999,10.0,W,26.0,WSW,WSW,11.0,6.0,42.99999999999999,28.0,1016.4,1013.4,0.0,1.0,13.500000000000002,19.7,No,No
2014-07-08,Brisbane,6.200000000000001,21.7,0.0,4.0,9.9,NNE,15.0,WSW,NE,6.0,6.0,55.0,34.0,1018.4,1013.5,0.0,0.0,12.6,20.6,No,No
2014-07-10,Brisbane,10.0,20.0,0.0,5.0,9.8,WNW,48.00000000000001,W,W,17.0,26.0,28.0,25.0,1013.5,1011.9,0.0,1.0,15.8,18.7,No,No
2014-07-11,Brisbane,9.3,22.4,0.0,9.6,9.9,WSW,33.0,W,NW,9.0,6.0,38.0,19.0,1021.4,1017.9,0.0,0.0,14.599999999999998,21.6,No,No
2014-07-12,Brisbane,2.6,22.6,0.0,4.6,9.9,W,22.0,SW,W,4.0,11.0,46.0,22.0,1021.4,1017.6,0.0,0.0,14.399999999999999,21.7,No,No
2014-07-13,Brisbane,7.5,21.8,0.0,4.8,9.7,ESE,20.0,WSW,ESE,7.0,6.0,44.0,26.999999999999996,1022.9,1021.0999999999999,0.0,2.0,14.200000000000001,20.6,No,No
2014-07-14,Brisbane,10.5,21.4,0.0,3.7999999999999994,9.0,ESE,30.0,SW,SE,9.0,14.999999999999998,59.0,45.0,1028.5,1024.7,2.0,2.0,14.699999999999998,20.1,No,No
2014-07-15,Brisbane,12.5,20.5,0.0,4.2,2.6,SE,22.0,SSW,N,2.0,2.0,82.0,67.0,1025.3,1021.3000000000001,7.0,7.0,14.399999999999999,18.9,No,No
2014-07-18,Brisbane,7.3,18.7,0.2,6.6,9.9,W,56.0,W,W,15.0,22.0,41.0,23.000000000000004,1014.8,1011.7,1.0,0.0,16.2,17.8,No,No
2014-07-19,Brisbane,6.700000000000001,20.3,0.0,9.0,10.0,WSW,28.0,W,W,11.0,13.0,47.0,23.000000000000004,1019.4,1016.1,0.0,1.0,11.8,19.7,No,No
2014-07-20,Brisbane,8.2,23.2,0.0,5.0,10.1,W,24.000000000000004,SW,S,6.0,6.0,46.0,33.0,1021.4,1018.9,6.0,5.0,14.399999999999999,22.2,No,No
2014-07-21,Brisbane,11.0,22.2,0.0,3.7999999999999994,6.9,ESE,20.0,WSW,ESE,6.0,7.000000000000001,70.0,56.0,1023.5,1020.1,4.0,7.0,15.7,20.3,No,No
2014-07-22,Brisbane,10.5,22.6,0.0,3.2,7.1,SE,28.0,WSW,WNW,6.0,4.0,78.0,47.0,1022.7,1018.2,2.0,3.0,15.5,21.4,No,Yes
2014-07-23,Brisbane,9.4,22.8,2.4,3.6,9.8,E,20.0,SW,NE,7.0,6.0,76.0,53.99999999999999,1023.7,1020.3,1.0,3.0,14.499999999999998,19.8,Yes,No
2014-07-24,Brisbane,11.2,23.3,0.2,3.0,9.5,E,19.0,SSW,NE,4.0,9.0,65.0,49.00000000000001,1023.2,1021.2,2.0,1.0,16.5,21.5,No,No
2014-07-25,Brisbane,10.1,23.8,0.0,3.6,9.9,NE,22.0,WSW,NE,4.0,9.0,75.0,56.99999999999999,1027.1,1023.6999999999999,1.0,3.0,16.4,22.6,No,No
2014-07-26,Brisbane,12.2,22.7,0.0,2.6,0.5,W,20.0,SW,NE,4.0,6.0,88.0,65.0,1027.6,1023.1000000000001,7.0,8.0,16.2,21.4,No,Yes
2014-07-27,Brisbane,12.0,24.4,8.0,2.4,10.3,WSW,22.0,SW,WSW,6.0,6.0,80.0,32.0,1023.8,1020.7,1.0,1.0,17.4,23.6,Yes,No
2014-07-28,Brisbane,9.4,23.7,0.2,3.4,9.8,W,22.0,SW,W,4.0,7.000000000000001,72.0,32.0,1024.4,1020.1,1.0,1.0,14.699999999999998,23.2,No,No
2014-07-29,Brisbane,7.3,25.1,0.0,3.2,10.2,W,24.000000000000004,W,W,4.0,11.0,59.0,20.000000000000004,1023.1,1018.9,0.0,0.0,14.399999999999999,24.5,No,No
2014-07-30,Brisbane,7.8,25.9,0.0,4.8,9.8,WNW,17.0,WSW,SSW,4.0,4.0,58.00000000000001,17.0,1023.2,1018.4,0.0,0.0,13.7,25.3,No,No
2014-08-02,Brisbane,12.3,21.4,0.0,7.599999999999999,10.1,WSW,28.0,WSW,ESE,11.0,6.0,29.000000000000004,9.0,1023.3,1021.8999999999999,1.0,0.0,15.0,20.6,No,No
2014-08-03,Brisbane,9.8,21.4,0.0,7.0,8.5,SE,28.0,SSW,SE,6.0,11.0,52.0,50.0,1029.0,1026.5,3.0,3.0,15.199999999999998,19.5,No,Yes
2014-08-04,Brisbane,11.9,20.2,2.0,4.0,3.2,SSE,31.0,WSW,SE,6.0,13.0,82.0,47.0,1030.6,1029.0,7.0,7.0,15.7,19.1,Yes,No
2014-08-07,Brisbane,9.0,24.0,0.0,4.0,10.0,WSW,15.0,WSW,SE,4.0,4.0,67.0,25.0,1028.9,1024.5,1.0,1.0,15.6,23.2,No,No
2014-08-08,Brisbane,9.4,23.3,0.0,3.7999999999999994,6.700000000000001,SSW,17.0,SSW,E,7.0,7.000000000000001,62.0,42.0,1030.2,1026.9,1.0,6.0,16.0,21.6,No,No
2014-08-09,Brisbane,11.0,21.9,0.0,4.0,3.0,E,28.0,SSW,ESE,6.0,11.0,67.0,64.0,1030.0,1026.9,2.0,7.0,17.2,19.1,No,No
2014-08-10,Brisbane,11.6,24.6,0.0,2.8,9.8,NNE,19.0,SW,NNW,6.0,4.0,73.0,45.0,1026.2,1020.5,1.0,2.0,17.3,23.4,No,No
2014-08-11,Brisbane,11.3,25.9,0.0,4.6,9.9,ESE,26.0,SW,E,6.0,11.0,64.0,33.0,1022.2,1018.4,1.0,2.0,17.0,23.5,No,No
2014-08-12,Brisbane,11.4,22.1,0.0,4.0,9.3,ESE,30.0,S,ESE,4.0,13.0,60.0,52.0,1025.2,1022.9,1.0,6.0,17.8,19.7,No,No
2014-08-13,Brisbane,12.1,22.6,0.0,5.6,9.2,E,28.0,SSW,ESE,7.0,14.999999999999998,59.0,48.0,1028.4,1026.3,2.0,3.0,16.6,19.8,No,No
2014-08-14,Brisbane,10.8,21.6,0.0,3.4,5.5,ESE,30.0,SW,ESE,7.0,13.0,62.0,44.0,1030.5,1028.0,3.0,2.0,17.2,20.9,No,No
2014-08-15,Brisbane,12.0,20.9,0.0,4.0,0.6,SE,30.0,WSW,ESE,4.0,13.0,73.0,56.99999999999999,1028.3,1024.0,7.0,7.0,15.8,19.6,No,Yes
2014-08-16,Brisbane,13.6,17.4,4.0,2.2,0.0,NE,26.0,SE,ENE,2.0,6.0,95.0,92.00000000000001,1021.0,1015.9,8.0,8.0,15.3,17.1,Yes,Yes
2014-08-18,Brisbane,11.7,20.9,0.0,7.2,9.8,WNW,56.0,W,W,20.0,19.999999999999996,55.0,44.0,1011.6,1008.5,5.0,3.0,15.5,19.2,No,No
2014-08-19,Brisbane,13.6,24.3,0.0,9.0,10.6,W,39.0,W,W,15.0,14.999999999999998,53.00000000000001,35.0,1013.8,1011.0,1.0,1.0,18.1,23.5,No,No
2014-08-20,Brisbane,9.8,24.2,0.0,6.4,9.9,E,24.000000000000004,WSW,ENE,7.0,9.0,54.0,47.0,1020.1999999999999,1017.7,0.0,2.0,17.9,21.7,No,No
2014-08-21,Brisbane,12.1,23.2,0.0,6.6,10.2,ESE,39.0,SSW,SE,7.0,16.999999999999996,58.00000000000001,52.0,1023.2,1020.7,1.0,3.0,18.3,21.4,No,Yes
2014-08-22,Brisbane,14.0,17.1,3.2,4.2,0.0,SSE,24.000000000000004,SSW,SSE,6.0,13.0,83.0,88.0,1025.9,1023.2,8.0,8.0,15.8,15.9,Yes,Yes
2014-08-23,Brisbane,13.8,18.5,22.4,4.0,0.0,SSE,37.0,SW,SSE,7.0,11.0,93.0,85.0,1023.8,1022.1999999999999,8.0,8.0,14.699999999999998,15.8,Yes,Yes
2014-08-24,Brisbane,14.0,22.8,6.0,1.4,3.5,SE,31.0,S,SSE,7.0,11.0,72.0,43.0,1023.9,1020.4,8.0,7.0,18.0,22.5,Yes,No
2014-08-25,Brisbane,13.699999999999998,24.0,0.0,4.2,8.9,SE,26.0,SSW,S,9.0,9.0,64.0,51.0,1021.7,1017.9,1.0,2.0,19.3,22.7,No,No
2014-08-26,Brisbane,12.8,23.9,0.0,4.0,9.1,SE,28.0,SW,SE,6.0,9.0,64.0,40.0,1018.3,1014.3,1.0,1.0,18.4,23.7,No,No
2014-08-27,Brisbane,12.0,23.8,0.0,4.0,7.4,W,35.0,WSW,S,9.0,11.0,65.0,48.0,1016.3,1012.2,1.0,7.0,18.4,21.0,No,Yes
2014-08-28,Brisbane,12.7,23.7,3.6000000000000005,4.4,7.6,SSW,35.0,SSW,S,13.0,11.0,63.0,37.0,1016.2,1017.2,5.0,2.0,19.5,22.6,Yes,No
2014-08-29,Brisbane,12.3,23.9,0.0,6.0,10.9,E,20.0,SW,S,7.0,6.0,52.0,32.0,1023.2,1018.7,1.0,1.0,17.4,22.8,No,No
2014-08-30,Brisbane,9.7,24.3,0.0,4.0,10.5,NE,19.0,SSW,SSE,7.0,6.0,61.0,40.0,1020.4,1016.2,1.0,2.0,16.7,23.1,No,No
2014-08-31,Brisbane,13.6,25.8,0.0,4.0,10.9,E,24.000000000000004,SW,NE,6.0,9.0,58.00000000000001,46.00000000000001,1019.2,1015.5,1.0,1.0,19.5,23.2,No,No
2014-09-01,Brisbane,13.400000000000002,25.3,0.0,4.6,10.3,NE,24.000000000000004,WSW,NNE,4.0,9.0,69.0,56.0,1019.8,1014.9,1.0,1.0,19.8,22.8,No,No
2014-09-02,Brisbane,12.0,29.1,0.0,4.6,6.700000000000001,WNW,43.0,NNW,NW,4.0,9.0,60.0,26.999999999999996,1013.6,1005.9,7.0,4.0,18.3,28.999999999999996,No,No
2014-09-03,Brisbane,10.9,23.1,0.0,10.8,10.9,W,44.0,W,W,15.0,11.0,37.0,18.0,1012.7,1009.3,1.0,1.0,16.3,22.5,No,No
2014-09-04,Brisbane,10.0,23.9,0.0,8.8,10.1,WNW,26.0,SW,SW,6.0,6.0,31.0,15.000000000000002,1015.0,1011.0,1.0,1.0,17.3,23.7,No,No
2014-09-05,Brisbane,9.1,23.8,0.0,5.8,10.7,ENE,24.000000000000004,SW,NE,6.0,9.0,48.00000000000001,38.0,1018.2,1015.4,1.0,3.0,16.7,21.5,No,No
2014-09-06,Brisbane,11.5,23.4,0.0,6.4,8.2,SE,30.0,WSW,ESE,9.0,11.0,56.0,50.0,1025.1,1022.7,1.0,7.0,17.6,20.3,No,No
2014-09-07,Brisbane,12.900000000000002,23.1,0.0,6.4,8.5,ESE,30.0,SE,ESE,11.0,14.999999999999998,56.0,52.0,1027.1,1024.0,5.0,6.0,19.5,20.9,No,Yes
2014-09-08,Brisbane,13.8,23.0,3.0,4.4,5.6,ESE,33.0,SSE,E,7.0,11.0,70.0,52.0,1025.9,1022.1,6.0,5.0,18.9,21.3,Yes,No
2014-09-09,Brisbane,12.400000000000002,23.6,0.0,4.0,10.5,NE,24.000000000000004,WSW,ENE,4.0,13.0,66.0,59.0,1022.6,1018.3,5.0,3.0,19.3,22.4,No,No
2014-09-10,Brisbane,13.3,28.3,0.0,4.0,10.3,NE,26.0,WNW,NE,6.0,7.000000000000001,63.0,65.0,1016.9,1011.0,2.0,5.0,21.3,23.8,No,No
2014-09-11,Brisbane,11.7,27.0,0.0,3.7999999999999994,10.6,NE,22.0,WSW,NE,6.0,9.0,50.0,33.0,1017.8,1015.1,0.0,0.0,20.7,24.5,No,No
2014-09-12,Brisbane,13.8,25.2,0.0,4.0,10.2,NE,28.0,S,E,6.0,11.0,69.0,49.00000000000001,1022.6,1020.4,5.0,2.0,20.6,23.8,No,No
2014-09-13,Brisbane,15.1,24.2,0.0,5.0,7.2,NE,24.000000000000004,NE,NE,7.0,7.000000000000001,55.0,52.0,1024.2,1021.8,5.0,7.0,22.2,22.3,No,No
2014-09-14,Brisbane,12.8,24.7,0.0,4.2,10.1,ENE,22.0,WSW,NE,6.0,9.0,66.0,50.0,1023.4,1018.8,1.0,1.0,19.6,23.2,No,No
2014-09-15,Brisbane,12.8,26.3,0.0,5.0,10.4,NNE,24.000000000000004,WSW,NE,6.0,13.0,63.0,50.0,1019.8,1014.3,1.0,1.0,20.1,23.7,No,No
2014-09-16,Brisbane,13.3,26.900000000000002,0.0,5.4,9.7,NE,30.0,N,NE,6.0,13.0,49.0,62.0,1017.0,1011.3,1.0,4.0,22.399999999999995,24.3,No,No
2014-09-17,Brisbane,11.9,29.5,0.0,6.2,11.0,NW,33.0,SW,WNW,6.0,19.999999999999996,35.0,18.0,1015.2,1010.5,0.0,1.0,24.4,28.799999999999997,No,No
2014-09-18,Brisbane,11.1,27.299999999999997,0.0,9.0,11.3,WSW,26.0,WSW,WNW,7.0,6.0,25.0,15.000000000000002,1019.5,1015.2,1.0,0.0,22.2,26.800000000000004,No,No
2014-09-19,Brisbane,11.2,24.7,0.0,7.599999999999999,11.0,ENE,28.0,SW,NNE,4.0,11.0,51.0,43.0,1021.5,1016.4,1.0,1.0,20.2,23.1,No,No
2014-09-20,Brisbane,14.400000000000002,24.0,0.0,5.6,6.9,E,31.0,S,E,6.0,14.999999999999998,66.0,53.99999999999999,1022.0,1018.8,5.0,4.0,19.5,21.9,No,No
2014-09-21,Brisbane,12.6,24.4,0.0,5.6,10.1,E,33.0,SSE,ESE,9.0,14.999999999999998,52.0,47.0,1026.5,1023.9000000000001,5.0,4.0,20.8,22.6,No,No
2014-09-22,Brisbane,13.400000000000002,23.4,0.6,6.8,7.1,ESE,35.0,SE,E,9.0,16.999999999999996,67.0,53.0,1027.7,1025.5,6.0,7.0,20.2,21.4,No,Yes
2014-09-23,Brisbane,15.5,23.9,3.0,4.8,9.7,E,31.0,SE,E,11.0,13.0,53.00000000000001,41.0,1028.7,1025.3,6.0,3.0,21.1,22.2,Yes,No
2014-09-24,Brisbane,13.900000000000002,23.4,0.8,6.2,6.8,E,24.000000000000004,WNW,NE,6.0,11.0,76.0,56.0,1025.0,1020.4,7.0,3.0,19.1,22.4,No,No
2014-09-25,Brisbane,14.799999999999999,26.3,0.0,5.0,7.499999999999999,NE,39.0,WNW,NE,9.0,13.0,56.0,61.0,1019.1,1011.1,5.0,3.0,22.8,24.6,No,Yes
2014-09-26,Brisbane,13.900000000000002,25.5,9.8,5.2,10.2,W,26.0,WSW,ENE,9.0,11.0,56.0,56.99999999999999,1015.5,1013.2,1.0,5.0,21.7,22.8,Yes,No
2014-09-27,Brisbane,14.5,26.6,0.0,6.6,9.5,S,26.0,W,ENE,6.0,13.0,60.0,47.0,1019.3000000000001,1015.2,4.0,2.0,21.1,24.7,No,Yes
2014-09-28,Brisbane,15.0,23.9,10.4,5.0,9.2,NE,24.000000000000004,SE,ENE,11.0,9.0,62.0,53.0,1022.4,1019.2,2.0,2.0,20.3,23.1,Yes,No
2014-09-29,Brisbane,13.199999999999998,24.9,0.0,5.8,10.4,ENE,24.000000000000004,ESE,ENE,2.0,11.0,59.0,52.0,1021.5,1017.3,2.0,1.0,21.2,23.7,No,No
2014-09-30,Brisbane,13.6,26.2,0.0,6.0,10.8,NE,28.0,NNE,NE,4.0,9.0,53.00000000000001,53.0,1021.0,1016.9,0.0,0.0,22.6,25.1,No,No
2014-10-01,Brisbane,15.9,31.400000000000002,0.0,5.6,10.3,SE,43.0,NW,NE,6.0,11.0,55.0,53.0,1017.6,1011.8,0.0,1.0,23.4,27.500000000000004,No,No
2014-10-02,Brisbane,17.6,23.2,0.0,7.0,7.700000000000001,SE,37.0,E,ENE,7.0,11.0,55.0,53.0,1022.3,1019.6,7.0,5.0,20.3,22.0,No,No
2014-10-03,Brisbane,13.3,26.000000000000004,0.0,8.8,10.2,ENE,26.0,E,NNE,4.0,7.000000000000001,58.00000000000001,55.0,1020.3,1017.0,0.0,1.0,21.4,24.7,No,No
2014-10-05,Brisbane,15.700000000000001,26.900000000000002,0.0,7.0,10.8,NE,26.0,WNW,NE,4.0,11.0,56.0,45.0,1021.9,1017.6,4.0,1.0,23.1,25.3,No,No
2014-10-06,Brisbane,14.400000000000002,27.2,0.0,7.2,11.2,ENE,24.000000000000004,E,ENE,2.0,11.0,49.0,39.0,1020.4,1015.9,1.0,1.0,23.6,25.600000000000005,No,No
2014-10-07,Brisbane,14.400000000000002,26.900000000000002,0.0,7.4,10.9,NE,28.0,NNW,NE,9.0,11.0,47.0,52.0,1016.8,1012.1,0.0,2.0,24.0,25.1,No,No
2014-10-08,Brisbane,16.9,31.7,0.0,6.0,8.8,ESE,37.0,NW,E,4.0,16.999999999999996,55.0,67.0,1013.9,1011.7,1.0,4.0,25.5,25.3,No,No
2014-10-09,Brisbane,19.4,25.3,0.0,5.2,7.299999999999999,E,33.0,SE,E,11.0,13.0,56.0,49.00000000000001,1020.4,1018.2,6.0,4.0,23.5,24.0,No,No
2014-10-10,Brisbane,14.900000000000002,25.4,0.0,8.0,9.9,NE,24.000000000000004,NW,NE,6.0,11.0,58.00000000000001,50.0,1020.8,1016.7,4.0,1.0,21.6,24.0,No,No
2014-10-11,Brisbane,17.7,26.4,0.0,6.6,7.700000000000001,E,24.000000000000004,S,ENE,2.0,11.0,62.0,52.0,1019.3000000000001,1015.3,7.0,1.0,21.7,25.2,No,No
2014-10-12,Brisbane,17.4,26.2,0.0,5.8,10.2,ENE,28.0,E,ENE,6.0,14.999999999999998,58.00000000000001,56.99999999999999,1019.5999999999999,1016.6,4.0,1.0,23.9,23.7,No,No
2014-10-13,Brisbane,16.2,26.900000000000002,0.0,7.0,10.5,ENE,37.0,N,NNE,7.0,13.0,57.0,56.0,1016.7,1011.5,3.0,3.0,23.2,25.2,No,Yes
2014-10-14,Brisbane,17.3,27.700000000000003,3.2,8.6,10.9,W,41.0,NW,W,13.0,19.0,60.0,26.0,1010.7,1008.4,6.0,1.0,23.4,26.800000000000004,Yes,No
2014-10-15,Brisbane,13.3,26.2,0.0,12.4,12.5,WNW,35.0,W,W,13.0,13.0,34.0,25.0,1015.9,1012.3,0.0,1.0,18.3,25.3,No,No
2014-10-16,Brisbane,13.199999999999998,26.7,0.0,7.599999999999999,12.1,E,26.0,SSW,ENE,7.0,11.0,45.0,37.0,1019.2,1015.7,1.0,1.0,22.8,25.7,No,No
2014-10-17,Brisbane,15.5,30.199999999999996,0.0,5.2,11.9,E,30.0,S,ENE,7.0,13.0,54.0,38.0,1020.7,1016.6,2.0,4.0,23.8,26.7,No,No
2014-10-18,Brisbane,16.1,26.499999999999996,0.0,7.800000000000001,11.8,ESE,39.0,S,ESE,9.0,14.999999999999998,48.00000000000001,46.00000000000001,1026.0,1023.3,1.0,2.0,23.2,24.0,No,No
2014-10-19,Brisbane,15.199999999999998,26.900000000000002,0.0,7.599999999999999,12.1,E,30.0,SE,ENE,6.0,16.999999999999996,47.0,46.00000000000001,1027.7,1023.2,2.0,1.0,23.1,24.5,No,No
2014-10-20,Brisbane,14.199999999999998,26.6,0.0,8.8,12.3,NE,24.000000000000004,SSE,ENE,4.0,13.0,49.0,46.00000000000001,1025.6,1021.7,1.0,1.0,22.399999999999995,24.7,No,No
2014-10-21,Brisbane,16.6,27.1,0.0,7.2,3.4,ESE,37.0,SSE,ESE,17.0,19.0,53.00000000000001,55.0,1027.1,1024.4,7.0,6.0,23.2,23.7,No,No
2014-10-22,Brisbane,16.6,25.5,0.0,7.800000000000001,9.2,E,31.0,SSE,E,9.0,16.999999999999996,48.00000000000001,48.0,1025.6,1022.0,5.0,2.0,22.2,24.0,No,No
2014-10-23,Brisbane,12.7,27.0,0.0,7.599999999999999,11.6,NE,30.0,NW,NE,4.0,9.0,50.0,47.0,1022.6,1017.3,1.0,1.0,22.2,25.7,No,No
2014-10-24,Brisbane,16.1,27.299999999999997,0.0,7.800000000000001,11.0,NE,31.0,NNE,NE,6.0,13.0,50.0,53.99999999999999,1022.8,1019.3,1.0,1.0,24.8,25.0,No,No
2014-10-25,Brisbane,17.3,28.6,0.0,10.0,11.7,ENE,30.0,N,NE,6.0,13.0,49.0,56.99999999999999,1020.6,1015.0,2.0,1.0,24.6,26.2,No,No
2014-10-27,Brisbane,20.5,34.0,0.0,8.0,9.8,NE,26.0,NNE,ENE,6.0,14.999999999999998,55.0,59.0,1011.6,1005.8,0.0,2.0,27.4,29.199999999999996,No,Yes
2014-10-28,Brisbane,21.2,34.2,2.6,9.8,10.5,E,37.0,ESE,ENE,7.0,11.0,29.000000000000004,58.0,1010.3,1009.2,1.0,1.0,33.9,28.099999999999998,Yes,No
2014-10-29,Brisbane,17.5,30.7,0.0,7.4,11.6,E,35.0,S,E,7.0,19.999999999999996,50.0,35.0,1014.8,1013.1,1.0,0.0,27.900000000000002,28.200000000000003,No,No
2014-11-01,Brisbane,20.9,30.9,0.0,9.2,11.6,NNE,35.0,NNW,NNE,7.0,14.999999999999998,58.00000000000001,61.0,1016.5,1009.5,7.0,1.0,26.9,27.700000000000003,No,No
2014-11-02,Brisbane,21.2,31.2,0.0,8.8,8.7,E,37.0,S,ESE,6.0,19.999999999999996,50.0,55.0,1014.4,1014.5,5.0,3.0,30.0,26.2,No,No
2014-11-03,Brisbane,20.6,23.8,0.0,11.6,1.2,E,30.0,ESE,ESE,11.0,13.0,56.0,53.99999999999999,1022.3,1020.7,7.0,7.0,23.6,22.9,No,No
2014-11-04,Brisbane,15.299999999999999,26.4,0.0,5.3,10.2,E,28.0,ENE,ENE,6.0,14.999999999999998,56.0,49.00000000000001,1023.8,1020.4,4.0,3.0,22.399999999999995,23.7,No,No
2014-11-05,Brisbane,16.3,27.0,0.0,7.0,9.3,ENE,30.0,NE,ENE,6.0,13.0,54.0,50.0,1021.4,1016.8,6.0,2.0,23.5,24.8,No,No
2014-11-06,Brisbane,18.2,28.4,0.0,8.8,9.0,NE,33.0,NNW,NE,4.0,14.999999999999998,49.0,53.0,1015.9,1011.6,1.0,3.0,24.8,26.4,No,Yes
2014-11-07,Brisbane,19.5,29.1,9.2,7.800000000000001,10.6,ENE,24.000000000000004,N,NNE,2.0,11.0,59.0,53.0,1017.1,1015.0,5.0,7.0,26.0,27.700000000000003,Yes,No
2014-11-08,Brisbane,20.7,29.1,0.0,7.599999999999999,12.0,ENE,31.0,ESE,NE,7.0,13.0,47.0,44.0,1021.2,1018.2,1.0,1.0,26.0,26.9,No,No
2014-11-09,Brisbane,17.0,28.500000000000004,0.0,9.2,12.5,NE,24.000000000000004,WNW,ENE,7.0,13.0,50.0,50.0,1020.1,1017.0,1.0,1.0,24.8,26.7,No,No
2014-11-10,Brisbane,19.9,29.2,0.0,8.0,10.6,NE,28.0,N,NNE,7.0,13.0,53.00000000000001,50.0,1019.2,1015.5,5.0,7.0,26.9,26.9,No,No
2014-11-11,Brisbane,18.8,29.9,0.0,9.0,10.2,NE,28.0,ENE,ENE,6.0,13.0,53.00000000000001,52.0,1016.6,1013.8,1.0,1.0,25.9,28.099999999999998,No,No
2014-11-12,Brisbane,22.1,28.3,0.0,7.4,8.1,ESE,30.0,ENE,E,7.0,14.999999999999998,61.0,63.00000000000001,1016.8,1014.3,6.0,5.0,25.8,25.7,No,Yes
2014-11-13,Brisbane,20.3,28.6,9.2,5.4,7.6,E,28.0,SE,ENE,4.0,13.0,78.0,61.0,1018.5,1016.2,7.0,6.0,23.9,26.2,Yes,No
2014-11-14,Brisbane,20.9,30.0,0.2,7.2,12.5,NNE,31.0,N,NE,7.0,11.0,47.0,56.99999999999999,1018.7,1014.1,1.0,2.0,27.900000000000002,28.699999999999996,No,No
2014-11-15,Brisbane,21.4,32.2,0.0,6.0,12.9,NE,30.0,ENE,NNE,6.0,13.0,51.0,56.0,1013.4,1007.3,0.0,0.0,29.6,30.9,No,No
2014-11-16,Brisbane,23.0,38.9,0.0,9.0,10.8,W,35.0,ENE,NE,6.0,7.000000000000001,51.0,53.99999999999999,1007.2,1003.8,5.0,7.0,31.3,33.2,No,No
2014-11-17,Brisbane,23.4,30.3,0.0,6.2,11.9,E,31.0,ESE,E,11.0,14.999999999999998,53.00000000000001,56.99999999999999,1013.0,1011.5,1.0,6.0,28.900000000000002,26.600000000000005,No,Yes
2014-11-18,Brisbane,22.3,28.3,2.6,9.6,4.2,ENE,24.000000000000004,S,NE,4.0,11.0,85.99999999999999,73.0,1016.2,1012.5,8.0,4.0,24.0,27.799999999999997,Yes,Yes
2014-11-19,Brisbane,24.0,30.0,13.8,5.0,4.5,SW,41.0,ENE,ENE,11.0,16.999999999999996,74.0,79.0,1017.7,1014.0,7.0,7.0,27.4,25.9,Yes,Yes
2014-11-20,Brisbane,19.1,28.9,55.99999999999999,7.0,10.8,NE,33.0,NE,NE,7.0,13.0,64.0,64.0,1018.2,1014.6,4.0,4.0,26.4,27.900000000000002,Yes,No
2014-11-21,Brisbane,22.8,30.4,0.0,6.6,11.7,NE,37.0,NNW,NE,7.0,13.0,62.0,67.0,1015.6,1011.1,5.0,5.0,28.400000000000002,28.900000000000002,No,No
2014-11-22,Brisbane,24.2,31.5,0.0,10.2,10.8,NE,37.0,NNW,NE,4.0,14.999999999999998,59.0,67.0,1014.8,1011.6,5.0,2.0,29.6,29.1,No,No
2014-11-23,Brisbane,24.1,30.4,0.0,9.8,11.2,NE,33.0,NNE,NNE,6.0,13.0,58.00000000000001,53.99999999999999,1017.8,1014.2,6.0,2.0,29.5,29.199999999999996,No,No
2014-11-24,Brisbane,22.6,30.500000000000004,0.0,11.0,12.2,NE,35.0,NNW,NE,9.0,14.999999999999998,52.0,65.0,1017.6,1013.1,3.0,5.0,28.200000000000003,27.599999999999998,No,No
2014-11-25,Brisbane,21.4,31.1,0.0,10.2,12.1,NNE,28.0,NW,NNE,7.0,9.0,48.00000000000001,52.0,1015.3,1011.6,3.0,5.0,27.999999999999996,29.899999999999995,No,Yes
2014-11-26,Brisbane,23.4,29.1,3.6000000000000005,7.800000000000001,5.1,ENE,24.000000000000004,N,ENE,7.0,11.0,79.0,63.00000000000001,1017.2,1014.7,7.0,7.0,24.5,27.799999999999997,Yes,Yes
2014-11-27,Brisbane,23.4,32.0,3.0,6.8,10.4,SW,83.0,NNW,NE,6.0,13.0,54.0,51.0,1016.3,1012.1,6.0,1.0,28.699999999999996,30.1,Yes,Yes
2014-11-28,Brisbane,17.8,27.399999999999995,43.4,9.4,6.4,ESE,35.0,SE,E,7.0,16.999999999999996,71.0,59.0,1018.7,1017.9,7.0,7.0,25.2,24.9,Yes,No
2014-11-29,Brisbane,19.4,27.299999999999997,1.0,7.800000000000001,12.3,ENE,31.0,ESE,E,11.0,13.0,48.00000000000001,47.0,1019.4,1016.6,3.0,2.0,24.8,25.7,No,No
2014-11-30,Brisbane,16.4,27.8,0.0,9.6,12.9,NE,26.0,NW,ENE,4.0,14.999999999999998,50.0,48.0,1017.3,1013.7,3.0,5.0,25.2,26.5,No,No
2014-12-01,Brisbane,19.1,28.4,0.0,7.599999999999999,11.4,NNE,26.0,ENE,NE,7.0,11.0,51.0,46.00000000000001,1015.3,1012.2,3.0,1.0,25.1,26.800000000000004,No,No
2014-12-02,Brisbane,21.6,29.1,0.0,9.6,6.1,ENE,24.000000000000004,NE,NE,9.0,11.0,64.0,53.99999999999999,1016.4,1014.4,7.0,5.0,25.8,26.5,No,No
2014-12-03,Brisbane,20.2,29.8,0.2,8.0,12.5,ENE,31.0,N,NE,2.0,14.999999999999998,59.0,62.0,1017.8,1014.7,3.0,3.0,27.099999999999998,27.500000000000004,No,No
2014-12-04,Brisbane,22.7,30.3,0.0,7.800000000000001,9.9,NE,33.0,NNW,NE,9.0,14.999999999999998,59.0,56.99999999999999,1016.8,1013.2,6.0,7.0,27.599999999999998,27.999999999999996,No,No
2014-12-05,Brisbane,23.5,30.0,0.0,9.2,4.5,ENE,26.0,NNW,NE,6.0,9.0,58.00000000000001,62.0,1012.8,1008.9,7.0,7.0,26.300000000000004,27.300000000000004,No,Yes
2014-12-07,Brisbane,22.0,30.3,1.4,4.0,11.1,NNE,31.0,NNW,NE,7.0,13.0,65.0,62.0,1008.6,1006.4,7.0,3.0,26.5,28.999999999999996,Yes,No
2014-12-08,Brisbane,24.4,30.4,0.0,7.4,3.3,NE,30.0,NNE,NNE,6.0,6.0,73.0,79.0,1012.2,1010.4,7.0,8.0,28.400000000000002,27.700000000000003,No,Yes
2014-12-09,Brisbane,21.7,33.2,25.2,5.0,8.5,ENE,28.0,WNW,NNE,6.0,13.0,64.0,59.0,1014.4,1010.0,6.0,6.0,27.900000000000002,30.1,Yes,No
2014-12-11,Brisbane,24.4,32.2,0.0,7.4,4.1,WNW,30.0,NNW,WNW,7.0,13.0,67.0,87.0,1009.9,1005.4,5.0,7.0,29.199999999999996,24.4,No,Yes
2014-12-12,Brisbane,20.4,24.7,26.999999999999996,9.8,0.8,SE,30.0,SSE,NE,6.0,4.0,75.0,76.0,1009.1,1008.2,8.0,7.0,20.6,22.9,Yes,Yes
2014-12-13,Brisbane,18.7,24.9,3.7999999999999994,5.0,0.1,SSE,35.0,SSE,SE,11.0,16.999999999999996,64.0,56.99999999999999,1011.2,1009.2,8.0,8.0,22.3,24.0,Yes,No
2014-12-14,Brisbane,18.7,26.3,0.0,4.8,4.0,SE,28.0,SSE,ESE,9.0,13.0,56.0,56.99999999999999,1010.4,1008.5,6.0,7.0,23.9,25.2,No,No
2014-12-15,Brisbane,17.6,28.8,0.0,7.2,13.3,NE,26.0,S,E,6.0,13.0,49.0,50.0,1011.5,1008.7,2.0,1.0,25.1,27.500000000000004,No,No
2014-12-16,Brisbane,17.5,30.0,0.0,7.800000000000001,11.5,NE,26.0,NNE,NE,7.0,11.0,54.0,58.0,1010.5,1005.7,6.0,3.0,26.2,27.900000000000002,No,No
2014-12-17,Brisbane,22.4,35.0,0.0,7.800000000000001,12.6,NE,24.000000000000004,ENE,NE,2.0,9.0,58.00000000000001,40.0,1006.7,1003.1,1.0,3.0,29.899999999999995,33.8,No,Yes
2014-12-18,Brisbane,24.2,32.4,1.2,8.0,6.6,W,56.0,NE,NE,7.0,9.0,67.0,69.0,1010.5,1005.7,6.0,7.0,28.999999999999996,30.1,Yes,Yes
2014-12-19,Brisbane,20.8,34.7,16.8,9.2,9.9,E,28.0,WNW,WSW,7.0,7.000000000000001,65.0,24.0,1011.6999999999999,1008.2,4.0,1.0,26.0,34.2,Yes,No
2014-12-20,Brisbane,21.8,29.1,0.0,6.8,12.5,E,33.0,ESE,E,11.0,13.0,58.00000000000001,47.0,1016.0,1013.5,2.0,1.0,26.300000000000004,28.099999999999998,No,No
2014-12-21,Brisbane,20.7,29.300000000000004,0.0,10.4,10.6,ENE,24.000000000000004,NNE,NE,6.0,13.0,62.0,55.0,1018.3,1015.6,4.0,1.0,25.0,27.4,No,No
2014-12-22,Brisbane,18.9,28.500000000000004,0.0,7.2,12.1,ENE,30.0,ESE,E,9.0,19.0,56.0,53.0,1017.9,1015.5,2.0,2.0,25.5,26.800000000000004,No,No
2014-12-23,Brisbane,19.1,28.8,0.0,9.4,11.9,E,30.0,E,NNE,6.0,13.0,55.0,53.99999999999999,1016.9,1014.1,3.0,3.0,26.300000000000004,27.300000000000004,No,No
2014-12-24,Brisbane,20.8,30.3,0.0,8.0,12.1,NE,24.000000000000004,NNE,NE,4.0,13.0,55.0,52.0,1014.3,1011.5,1.0,1.0,27.300000000000004,28.699999999999996,No,No
2014-12-25,Brisbane,21.0,30.199999999999996,0.0,9.0,11.2,NE,24.000000000000004,NNE,NE,4.0,11.0,63.0,52.0,1013.9,1009.9,3.0,3.0,26.300000000000004,29.399999999999995,No,No
2014-12-26,Brisbane,24.4,31.7,0.0,8.8,6.9,NE,22.0,N,NNE,6.0,9.0,61.0,56.99999999999999,1011.8,1009.1,6.0,7.0,28.099999999999998,30.0,No,Yes
2014-12-27,Brisbane,20.9,23.4,7.200000000000001,8.6,0.0,SW,30.0,SW,SW,2.0,6.0,89.0,90.0,1014.5,1013.9,8.0,8.0,21.9,21.4,Yes,Yes
2014-12-28,Brisbane,19.6,27.0,22.4,0.2,0.3,WSW,13.0,SW,SW,2.0,4.0,95.0,74.0,1014.8,1011.4,8.0,7.0,21.1,26.0,Yes,Yes
2014-12-30,Brisbane,22.1,35.5,1.0,5.2,11.7,SSE,22.0,WNW,N,4.0,6.0,70.0,51.0,1009.4,1005.6,5.0,2.0,28.999999999999996,34.0,No,No
2014-12-31,Brisbane,23.8,33.9,0.0,5.8,10.7,E,30.0,SSE,ENE,4.0,13.0,55.0,62.0,1009.6,1009.2,2.0,6.0,31.0,30.5,No,Yes
2015-01-01,Brisbane,25.2,31.300000000000004,12.2,7.0,12.1,E,26.0,NNE,NE,6.0,13.0,67.0,64.0,1014.9,1012.7,5.0,4.0,29.399999999999995,30.2,Yes,No
2015-01-02,Brisbane,24.800000000000004,30.500000000000004,0.2,9.0,10.3,ENE,28.0,NE,NE,9.0,13.0,68.0,69.0,1018.2,1016.6,5.0,7.0,28.099999999999998,27.799999999999997,No,Yes
2015-01-03,Brisbane,24.6,28.9,1.2,4.2,4.2,E,35.0,ENE,NE,6.0,11.0,82.0,64.0,1019.4,1017.3,8.0,6.0,25.600000000000005,28.299999999999997,Yes,Yes
2015-01-04,Brisbane,21.1,30.199999999999996,16.8,7.599999999999999,12.0,ENE,26.0,E,ENE,9.0,13.0,59.0,53.0,1018.0,1014.5,4.0,3.0,27.599999999999998,28.799999999999997,Yes,No
2015-01-05,Brisbane,21.8,28.099999999999998,0.0,8.8,3.8,ESE,20.0,ESE,SSW,6.0,4.0,69.0,80.0,1015.9,1015.2,7.0,7.0,26.800000000000004,23.7,No,Yes
2015-01-06,Brisbane,21.5,29.5,21.6,5.8,12.1,E,33.0,ESE,E,15.0,16.999999999999996,62.0,48.0,1017.5,1016.4,7.0,3.0,26.9,28.499999999999996,Yes,No
2015-01-07,Brisbane,20.6,27.1,0.0,9.0,3.6,SSE,33.0,SE,ESE,15.0,9.0,64.0,59.0,1017.7,1016.1,7.0,7.0,26.9,26.300000000000004,No,Yes
2015-01-08,Brisbane,19.8,28.4,1.8000000000000003,5.6,3.9,E,31.0,SE,E,11.0,7.000000000000001,68.0,70.0,1016.0,1013.4,6.0,7.0,25.5,25.7,Yes,Yes
2015-01-09,Brisbane,20.8,29.5,3.6000000000000005,4.2,11.8,E,26.0,E,ENE,4.0,13.0,63.0,60.00000000000001,1013.4,1010.5,4.0,2.0,26.800000000000004,28.799999999999997,Yes,No
2015-01-10,Brisbane,22.1,30.199999999999996,0.0,7.599999999999999,10.9,NE,28.0,NE,ENE,11.0,13.0,63.0,55.0,1012.8,1010.9,3.0,6.0,27.999999999999996,29.1,No,No
2015-01-11,Brisbane,23.4,28.199999999999996,0.0,7.800000000000001,0.9,ENE,19.0,W,E,4.0,9.0,76.0,75.0,1011.6,1008.0,7.0,7.0,26.800000000000004,26.800000000000004,No,Yes
2015-01-12,Brisbane,22.5,30.4,14.6,4.2,1.1,ESE,31.0,SW,ESE,4.0,6.0,80.99999999999999,94.0,1009.9,1007.5,8.0,8.0,25.9,23.5,Yes,Yes
2015-01-13,Brisbane,22.6,28.4,38.6,2.6,2.2,ENE,24.000000000000004,E,NE,7.0,13.0,78.0,69.0,1009.7,1007.0,7.0,7.0,26.4,26.9,Yes,No
2015-01-16,Brisbane,23.1,32.5,0.0,10.4,13.1,ENE,24.000000000000004,SSW,NE,4.0,13.0,56.0,60.00000000000001,1008.8,1006.0,1.0,1.0,29.199999999999996,30.8,No,No
2015-01-17,Brisbane,24.0,35.3,0.0,8.0,12.7,ENE,24.000000000000004,WSW,NNE,6.0,9.0,67.0,60.00000000000001,1009.4,1005.6,1.0,3.0,28.999999999999996,32.0,No,No
2015-01-18,Brisbane,25.899999999999995,36.7,0.0,8.0,11.7,E,30.0,SSW,ENE,6.0,13.0,65.0,52.0,1009.5,1005.7,3.0,2.0,31.0,33.5,No,No
2015-01-19,Brisbane,26.5,31.799999999999997,0.0,7.599999999999999,9.3,ENE,31.0,SE,ENE,13.0,14.999999999999998,71.0,58.0,1008.7,1006.8,4.0,3.0,29.6,30.6,No,Yes
2015-01-20,Brisbane,20.6,29.2,35.8,10.8,9.4,ESE,35.0,ENE,E,13.0,16.999999999999996,67.0,58.0,1012.7,1008.8,7.0,6.0,25.9,27.500000000000004,Yes,No
2015-01-21,Brisbane,21.3,30.0,0.2,7.4,8.0,E,28.0,SSE,ESE,6.0,13.0,82.0,64.0,1009.9,1007.7,7.0,7.0,23.6,27.599999999999998,No,No
2015-01-22,Brisbane,23.2,28.6,1.0,9.2,2.1,ENE,31.0,ESE,E,7.0,13.0,67.0,77.0,1009.6,1008.0,8.0,8.0,27.599999999999998,26.4,No,Yes
2015-01-24,Brisbane,20.0,30.8,65.2,3.0,5.4,ESE,22.0,SE,E,7.0,2.0,84.0,59.0,1006.3,1004.4,8.0,6.0,24.8,30.3,Yes,No
2015-01-25,Brisbane,22.1,36.7,0.0,3.4,12.6,W,28.0,WNW,NE,4.0,9.0,67.0,59.0,1006.2,1002.6,1.0,2.0,29.3,32.2,No,No
2015-01-26,Brisbane,24.9,33.1,0.0,6.2,7.8,ESE,30.0,ENE,ESE,4.0,14.999999999999998,66.0,53.99999999999999,1006.8,1004.9,3.0,6.0,31.0,32.0,No,No
2015-01-27,Brisbane,23.7,30.199999999999996,0.0,7.800000000000001,9.2,E,30.0,ESE,E,9.0,13.0,62.0,63.00000000000001,1007.7,1005.0,5.0,5.0,28.499999999999996,28.099999999999998,No,Yes
2015-01-28,Brisbane,19.5,28.099999999999998,5.2,7.2,1.0,SSE,33.0,SW,SSE,7.0,11.0,85.0,61.0,1006.8,1005.4,7.0,8.0,21.0,26.100000000000005,Yes,No
2015-01-29,Brisbane,20.4,28.9,0.0,4.6,11.0,E,26.0,SSW,E,7.0,14.999999999999998,53.00000000000001,58.0,1008.9,1006.4,5.0,3.0,24.8,26.600000000000005,No,Yes
2015-01-30,Brisbane,20.2,28.999999999999996,3.7999999999999994,7.800000000000001,11.2,NE,22.0,NE,NNE,4.0,9.0,63.0,58.0,1009.9,1006.3,6.0,2.0,25.2,28.299999999999997,Yes,No
2015-01-31,Brisbane,19.8,31.799999999999997,0.0,7.4,11.4,SSE,33.0,E,NE,6.0,13.0,62.0,62.0,1008.2,1003.5,1.0,2.0,26.800000000000004,29.8,No,Yes
2015-02-01,Brisbane,20.3,34.4,17.2,7.800000000000001,12.8,ENE,24.000000000000004,SW,SW,4.0,7.000000000000001,71.0,26.0,1007.6,1003.6,1.0,1.0,26.800000000000004,34.2,Yes,No
2015-02-02,Brisbane,22.1,29.600000000000005,0.0,5.6,8.8,SSE,43.0,SSE,ESE,9.0,16.999999999999996,66.0,56.0,1010.0,1008.5,6.0,2.0,26.800000000000004,27.900000000000002,No,Yes
2015-02-05,Brisbane,20.7,29.2,0.0,6.8,9.6,SSE,39.0,SE,ESE,15.0,14.999999999999998,50.0,51.0,1017.6,1016.9,4.0,3.0,26.5,28.299999999999997,No,Yes
2015-02-06,Brisbane,20.2,28.3,2.8,8.8,10.4,SSE,37.0,SE,ESE,17.0,16.999999999999996,60.0,44.0,1022.6,1020.7,5.0,1.0,25.600000000000005,27.900000000000002,Yes,No
2015-02-07,Brisbane,19.5,29.300000000000004,0.2,11.0,11.2,E,26.0,SSE,E,11.0,11.0,73.0,53.99999999999999,1023.5,1019.9,7.0,7.0,22.3,27.000000000000004,No,No
2015-02-08,Brisbane,20.8,29.9,0.2,7.4,11.9,ENE,22.0,SSE,ENE,4.0,11.0,60.0,58.0,1020.5000000000001,1017.8,2.0,1.0,25.9,28.699999999999996,No,No
2015-02-09,Brisbane,19.6,30.3,0.0,6.4,12.5,SE,33.0,SE,E,9.0,16.999999999999996,61.0,45.0,1019.5,1018.2,3.0,3.0,26.7,29.6,No,Yes
2015-02-10,Brisbane,20.6,28.999999999999996,5.2,9.0,9.4,ESE,39.0,SE,E,7.0,13.0,80.0,89.0,1020.5000000000001,1019.6,2.0,7.0,24.6,22.6,Yes,Yes
2015-02-11,Brisbane,20.3,28.9,12.2,8.0,9.0,E,30.0,S,ESE,9.0,11.0,82.0,47.0,1020.1999999999999,1017.6,6.0,1.0,22.5,28.499999999999996,Yes,Yes
2015-02-12,Brisbane,20.6,28.9,8.4,7.2,9.6,E,28.0,ESE,ESE,7.0,11.0,68.0,53.99999999999999,1019.3000000000001,1017.2,7.0,4.0,26.600000000000005,28.400000000000002,Yes,Yes
2015-02-13,Brisbane,20.2,29.600000000000005,1.6,7.4,8.2,ESE,35.0,ESE,E,11.0,16.999999999999996,70.0,68.0,1019.7,1018.7,5.0,6.0,26.4,25.7,Yes,No
2015-02-14,Brisbane,19.8,28.999999999999996,0.4,6.6,10.2,SSE,30.0,SE,E,9.0,14.999999999999998,65.0,49.00000000000001,1021.4,1017.9,5.0,3.0,26.100000000000005,27.999999999999996,No,No
2015-02-15,Brisbane,21.1,28.8,0.2,8.4,9.5,E,24.000000000000004,W,E,4.0,11.0,72.0,49.00000000000001,1018.5,1014.9,6.0,3.0,24.1,27.900000000000002,No,No
2015-02-16,Brisbane,19.5,29.399999999999995,0.4,8.0,11.8,ESE,26.0,SE,E,7.0,13.0,62.0,48.0,1016.8,1013.6,3.0,3.0,26.800000000000004,28.299999999999997,No,No
2015-02-17,Brisbane,20.1,29.1,0.4,9.0,11.6,SE,33.0,ESE,SE,11.0,11.0,60.0,62.0,1016.2,1014.8,6.0,4.0,26.2,26.300000000000004,No,No
2015-02-18,Brisbane,20.2,29.2,0.2,8.2,5.9,ESE,35.0,ESE,ESE,15.0,9.0,60.0,86.0,1016.4,1014.8,5.0,5.0,27.599999999999998,24.3,No,Yes
2015-02-19,Brisbane,22.5,26.800000000000004,4.6,5.2,0.0,SE,33.0,ESE,ESE,13.0,13.0,79.0,89.0,1016.5,1014.2,8.0,8.0,25.5,24.6,Yes,Yes
2015-02-20,Brisbane,21.8,22.6,53.99999999999999,4.8,0.0,SE,30.0,SSE,SW,2.0,6.0,95.0,95.0,1012.3,1009.8,8.0,8.0,22.399999999999995,22.0,Yes,Yes
2015-02-21,Brisbane,21.4,27.299999999999997,89.2,6.0,0.0,SSE,37.0,S,SSE,6.0,9.0,96.00000000000001,96.0,1007.3,1003.7,8.0,8.0,22.0,23.9,Yes,Yes
2015-02-23,Brisbane,22.6,30.6,4.4,4.6,10.9,SSE,33.0,SSE,SE,9.0,13.0,72.0,59.0,1011.6,1009.2,7.0,2.0,26.600000000000005,30.1,Yes,No
2015-02-24,Brisbane,22.3,30.8,0.4,6.6,10.5,SE,31.0,SE,E,11.0,19.999999999999996,74.0,60.00000000000001,1012.0000000000001,1008.7,6.0,1.0,25.9,28.799999999999997,No,No
2015-02-25,Brisbane,21.8,29.8,0.0,6.6,10.6,SSE,31.0,SE,E,7.0,14.999999999999998,69.0,60.00000000000001,1012.4,1009.7,7.0,3.0,26.4,28.799999999999997,No,No
2015-02-26,Brisbane,20.5,29.8,0.2,8.0,9.9,E,22.0,SE,E,6.0,11.0,62.0,60.00000000000001,1010.1,1007.0,3.0,3.0,26.4,27.799999999999997,No,Yes
2015-02-27,Brisbane,22.1,30.199999999999996,1.8000000000000003,6.4,8.4,ENE,20.0,W,NE,6.0,9.0,83.0,56.0,1009.2,1006.6,7.0,1.0,24.3,29.5,Yes,No
2015-02-28,Brisbane,22.6,30.099999999999998,0.2,6.2,9.4,ENE,24.000000000000004,NNW,E,4.0,11.0,65.0,64.0,1011.1,1008.6,4.0,3.0,27.200000000000003,28.6,No,No
2015-03-01,Brisbane,21.8,31.300000000000004,0.0,6.2,9.5,NNE,20.0,W,NE,6.0,7.000000000000001,73.0,59.0,1011.1,1007.8,4.0,1.0,27.000000000000004,30.2,No,No
2015-03-02,Brisbane,23.0,31.6,0.0,6.4,11.3,SE,33.0,SSW,ESE,7.0,14.999999999999998,64.0,56.99999999999999,1013.0,1011.0,5.0,4.0,27.799999999999997,29.1,No,No
2015-03-03,Brisbane,21.1,30.6,0.0,8.4,11.5,ENE,24.000000000000004,SE,ENE,7.0,14.999999999999998,63.0,56.0,1015.9,1012.6,3.0,1.0,27.200000000000003,29.1,No,No
2015-03-04,Brisbane,19.9,30.500000000000004,0.0,7.0,11.8,ENE,22.0,NW,NNE,4.0,7.000000000000001,60.0,50.0,1014.8,1010.9,2.0,1.0,27.200000000000003,29.899999999999995,No,No
2015-03-06,Brisbane,23.1,28.6,0.0,8.4,6.3,SSE,37.0,E,ENE,9.0,9.0,59.0,56.99999999999999,1009.7,1006.3,7.0,4.0,27.300000000000004,27.500000000000004,No,No
2015-03-07,Brisbane,20.6,30.199999999999996,0.0,4.8,10.9,ENE,24.000000000000004,W,NE,6.0,11.0,67.0,62.0,1010.9,1009.4,1.0,2.0,26.300000000000004,29.3,No,No
2015-03-08,Brisbane,21.0,30.9,0.0,6.4,11.3,E,24.000000000000004,S,ENE,4.0,11.0,65.0,56.99999999999999,1013.0,1010.3,2.0,2.0,27.4,29.3,No,No
2015-03-09,Brisbane,22.8,31.6,0.0,6.6,10.3,ENE,24.000000000000004,SSW,ENE,6.0,9.0,69.0,56.99999999999999,1012.6000000000001,1010.0,5.0,3.0,27.500000000000004,30.1,No,No
2015-03-10,Brisbane,23.6,30.6,0.0,5.8,10.8,E,30.0,E,E,9.0,13.0,66.0,56.99999999999999,1014.6,1012.9,2.0,1.0,28.400000000000002,29.699999999999996,No,No
2015-03-11,Brisbane,21.3,30.099999999999998,0.0,8.4,10.0,E,33.0,ESE,E,9.0,14.999999999999998,65.0,56.99999999999999,1015.7,1013.2,4.0,3.0,27.700000000000003,28.900000000000002,No,No
2015-03-12,Brisbane,20.9,29.9,0.0,8.0,10.0,E,28.0,SSE,ESE,7.0,13.0,65.0,46.00000000000001,1014.5,1011.8,7.0,2.0,26.2,28.499999999999996,No,No
2015-03-13,Brisbane,19.9,29.5,0.0,7.599999999999999,9.0,SE,35.0,SE,ESE,9.0,16.999999999999996,60.0,51.0,1014.0,1011.9,1.0,2.0,26.9,28.799999999999997,No,No
2015-03-14,Brisbane,19.9,28.8,0.0,7.599999999999999,9.9,ESE,31.0,SW,ESE,9.0,11.0,60.0,50.0,1014.5,1010.3,7.0,2.0,24.2,27.799999999999997,No,No
2015-03-15,Brisbane,17.8,32.3,0.0,7.0,11.2,E,37.0,SW,SSW,7.0,9.0,58.00000000000001,31.0,1009.7,1006.2,1.0,4.0,24.3,31.1,No,No
2015-03-16,Brisbane,19.0,28.500000000000004,0.0,7.4,11.1,E,26.0,SSW,ESE,9.0,13.0,52.0,52.0,1014.8,1011.9,1.0,2.0,24.6,26.5,No,No
2015-03-17,Brisbane,21.1,28.8,0.0,7.4,9.7,ENE,20.0,WSW,ENE,2.0,7.000000000000001,51.0,49.00000000000001,1016.5,1013.1,1.0,1.0,26.100000000000005,26.9,No,No
2015-03-18,Brisbane,21.8,28.9,0.0,8.0,7.4,SW,31.0,SW,NW,11.0,7.000000000000001,61.0,56.0,1018.1,1011.0,7.0,3.0,24.4,28.499999999999996,No,Yes
2015-03-19,Brisbane,19.8,33.5,7.599999999999999,4.8,11.1,ENE,20.0,NNW,ENE,6.0,13.0,55.0,58.0,1013.2,1009.4,1.0,1.0,27.799999999999997,31.6,Yes,No
2015-03-20,Brisbane,23.9,32.4,0.0,6.4,8.1,NNE,20.0,SW,NNE,4.0,7.000000000000001,76.0,62.0,1014.5,1011.5,7.0,1.0,27.300000000000004,31.7,No,No
2015-03-21,Brisbane,24.7,30.3,0.2,5.8,1.9,E,57.0,NE,NW,4.0,6.0,80.0,98.00000000000001,1017.6,1016.5,7.0,8.0,26.5,22.3,No,Yes
2015-03-23,Brisbane,20.1,28.3,81.8,3.2,8.8,E,19.0,SSE,NE,6.0,9.0,80.99999999999999,56.99999999999999,1018.3,1014.4,6.0,1.0,23.6,27.599999999999998,Yes,No
2015-03-24,Brisbane,20.0,30.500000000000004,0.0,5.0,10.6,NE,20.0,SW,NE,6.0,9.0,76.0,59.0,1017.0,1012.6,6.0,1.0,24.8,29.1,No,No
2015-03-25,Brisbane,22.7,31.7,0.0,7.2,9.4,NE,24.000000000000004,NW,NE,6.0,9.0,66.0,67.0,1015.6,1013.0,2.0,1.0,27.500000000000004,29.899999999999995,No,Yes
2015-03-26,Brisbane,23.4,30.7,3.7999999999999994,6.0,8.3,E,24.000000000000004,N,NE,6.0,9.0,72.0,64.0,1018.1,1015.0,6.0,4.0,28.200000000000003,28.900000000000002,Yes,No
2015-03-27,Brisbane,22.5,31.1,0.0,6.0,8.4,E,26.0,SW,ESE,6.0,9.0,74.0,65.0,1018.8,1015.8,6.0,4.0,27.000000000000004,28.099999999999998,No,No
2015-03-28,Brisbane,22.3,28.500000000000004,0.0,5.8,4.7,ENE,24.000000000000004,SSE,E,7.0,13.0,75.0,50.0,1020.9,1018.7,7.0,5.0,25.5,27.799999999999997,No,No
2015-03-29,Brisbane,19.9,28.500000000000004,0.0,6.0,9.9,ENE,24.000000000000004,ENE,ENE,11.0,11.0,59.0,53.0,1023.3,1020.9,5.0,3.0,26.2,27.4,No,No
2015-03-30,Brisbane,19.9,28.099999999999998,0.0,5.8,4.6,ENE,26.0,SW,ENE,4.0,9.0,73.0,55.0,1024.1,1020.7,7.0,6.0,23.1,25.7,No,No
2015-03-31,Brisbane,19.8,26.1,0.0,5.8,0.5,E,22.0,SW,ENE,4.0,7.000000000000001,74.0,64.0,1023.3,1020.3,7.0,7.0,23.0,24.8,No,Yes
2015-04-02,Brisbane,19.3,26.7,8.8,2.4,3.0,ENE,30.0,S,S,6.0,4.0,75.0,83.0,1019.5,1015.8,5.0,7.0,24.7,24.2,Yes,Yes
2015-04-03,Brisbane,21.0,27.700000000000003,38.4,6.0,8.1,E,28.0,S,ENE,2.0,14.999999999999998,87.0,67.0,1019.1,1015.9,7.0,3.0,24.0,26.800000000000004,Yes,No
2015-04-04,Brisbane,21.0,28.500000000000004,0.4,5.6,6.3,ENE,19.0,WSW,NE,2.0,7.000000000000001,84.0,64.0,1014.9,1009.9,7.0,7.0,23.6,27.900000000000002,No,Yes
2015-04-05,Brisbane,21.7,28.500000000000004,1.8000000000000003,1.8,8.2,WNW,33.0,NW,WNW,6.0,16.999999999999996,85.0,52.0,1008.8,1005.8,6.0,3.0,24.1,27.900000000000002,Yes,No
2015-04-08,Brisbane,16.8,26.499999999999996,0.0,6.0,10.8,WSW,33.0,W,W,7.0,11.0,34.0,28.0,1017.4,1014.2,3.0,1.0,21.0,26.300000000000004,No,No
2015-04-09,Brisbane,14.1,26.900000000000002,0.0,9.0,10.5,ENE,20.0,SW,NE,7.0,7.000000000000001,51.0,45.0,1019.3000000000001,1016.5,5.0,4.0,20.5,25.600000000000005,No,No
2015-04-10,Brisbane,16.8,27.2,0.0,5.2,9.0,E,20.0,SSW,S,6.0,6.0,55.0,46.00000000000001,1020.8,1017.6,1.0,6.0,22.2,25.8,No,No
2015-04-11,Brisbane,19.0,26.499999999999996,0.0,6.2,7.9,SSE,26.0,SSW,ESE,7.0,13.0,65.0,55.0,1019.5999999999999,1016.4,7.0,4.0,21.5,25.600000000000005,No,No
2015-04-12,Brisbane,16.7,28.7,0.0,5.2,10.4,W,20.0,SW,NE,6.0,7.000000000000001,65.0,56.0,1018.7,1014.5,1.0,4.0,22.3,25.600000000000005,No,No
2015-04-13,Brisbane,18.4,27.0,0.0,4.6,9.4,SE,28.0,SSW,E,4.0,11.0,65.0,53.0,1019.9000000000001,1017.5,2.0,3.0,23.3,25.7,No,No
2015-04-14,Brisbane,16.8,26.6,0.0,5.2,9.6,SSE,24.000000000000004,SW,E,6.0,6.0,64.0,52.0,1022.4,1020.3,2.0,3.0,22.0,26.600000000000005,No,No
2015-04-15,Brisbane,17.7,26.3,0.0,4.8,8.3,E,24.000000000000004,SSW,NE,6.0,6.0,69.0,63.00000000000001,1025.5,1022.9999999999999,6.0,7.0,23.2,24.6,No,No
2015-04-16,Brisbane,16.7,28.199999999999996,0.2,4.2,10.8,ESE,20.0,SW,ENE,6.0,9.0,71.0,53.0,1026.4,1022.2999999999998,1.0,1.0,22.3,26.5,No,No
2015-04-17,Brisbane,17.1,28.0,0.0,3.4,10.6,E,20.0,SW,NE,4.0,11.0,73.0,58.0,1024.6,1020.5,3.0,2.0,23.1,26.100000000000005,No,Yes
2015-04-18,Brisbane,18.6,27.700000000000003,3.4,4.6,10.3,ENE,24.000000000000004,SW,ENE,4.0,9.0,80.99999999999999,62.0,1023.1,1018.8,3.0,5.0,22.5,26.300000000000004,Yes,No
2015-04-19,Brisbane,19.3,28.999999999999996,0.4,4.0,7.1,NNE,19.0,WSW,N,4.0,6.0,83.0,63.00000000000001,1019.5999999999999,1016.2,6.0,7.0,22.8,26.9,No,Yes
2015-04-20,Brisbane,19.7,21.3,14.6,6.4,0.0,W,26.0,SSW,SSW,4.0,2.0,87.0,86.0,1018.2,1016.3,7.0,8.0,20.8,20.6,Yes,Yes
2015-04-21,Brisbane,14.6,21.3,2.0,2.4,9.4,W,35.0,W,WSW,13.0,14.999999999999998,49.0,45.0,1017.6,1014.9,6.0,1.0,17.1,19.9,Yes,No
2015-04-22,Brisbane,12.0,23.8,0.2,3.7999999999999994,10.8,W,28.0,W,W,13.0,6.0,61.0,45.0,1014.8,1011.2,1.0,1.0,17.5,23.3,No,No
2015-04-23,Brisbane,12.8,25.7,0.0,4.0,11.0,WSW,17.0,WSW,S,9.0,6.0,61.0,40.0,1013.3,1009.3,1.0,1.0,19.4,25.5,No,No
2015-04-24,Brisbane,15.6,28.3,0.0,4.0,9.3,WNW,24.000000000000004,SW,WSW,6.0,4.0,70.0,44.0,1011.2,1007.5,7.0,2.0,20.2,27.999999999999996,No,No
2015-04-26,Brisbane,16.7,23.4,0.0,8.0,11.0,W,50.0,WSW,W,15.0,14.999999999999998,42.0,30.000000000000004,1012.0000000000001,1010.7,0.0,1.0,19.3,22.7,No,No
2015-04-30,Brisbane,16.6,18.0,7.8,4.2,0.0,SSE,22.0,SW,SSW,4.0,6.0,90.0,91.0,1026.4,1022.1999999999999,8.0,8.0,17.3,17.1,Yes,Yes
2015-05-01,Brisbane,16.2,21.0,56.2,3.4,0.0,S,33.0,SE,SSW,9.0,13.0,95.0,95.0,1017.2,1009.5,8.0,8.0,17.9,17.5,Yes,Yes
2015-05-02,Brisbane,16.6,24.9,182.6,1.6,9.5,SSW,19.0,WNW,WSW,6.0,7.000000000000001,71.0,58.0,1013.0,1010.0,1.0,1.0,19.8,24.4,Yes,No
2015-05-03,Brisbane,16.7,24.2,0.0,3.4,7.0,W,24.000000000000004,SSE,W,4.0,13.0,69.0,64.0,1012.4,1010.0,7.0,7.0,20.6,22.7,No,No
2015-05-04,Brisbane,15.799999999999999,27.299999999999997,0.0,3.4,10.1,W,17.0,WSW,NE,6.0,6.0,79.0,49.00000000000001,1014.3,1011.4,0.0,1.0,20.3,26.600000000000005,No,No
2015-05-09,Brisbane,11.7,23.7,0.0,4.0,10.3,W,20.0,SW,WNW,6.0,9.0,60.0,34.0,1018.9,1015.2,1.0,0.0,17.6,23.4,No,No
2015-05-10,Brisbane,9.9,25.1,0.0,4.8,10.3,WNW,22.0,SW,WNW,6.0,11.0,50.0,29.0,1017.4,1013.0,0.0,0.0,18.0,24.5,No,No
2015-05-11,Brisbane,10.3,26.000000000000004,0.0,5.2,10.2,WNW,39.0,W,W,9.0,14.999999999999998,41.0,33.0,1016.3,1012.7,0.0,0.0,19.9,25.3,No,No
2015-05-13,Brisbane,9.8,24.9,0.0,3.0,10.2,W,30.0,W,W,6.0,9.0,52.0,36.0,1016.2,1012.9,0.0,1.0,19.5,24.9,No,No
2015-05-14,Brisbane,9.7,20.9,0.0,8.0,10.3,W,24.000000000000004,WSW,NW,11.0,4.0,39.0,30.000000000000004,1023.9,1022.4000000000001,0.0,0.0,13.600000000000001,20.6,No,No
2015-05-15,Brisbane,8.1,24.1,0.0,4.8,9.5,W,20.0,SW,ESE,6.0,7.000000000000001,49.0,44.0,1027.4,1024.9,1.0,1.0,16.2,22.6,No,No
2015-05-16,Brisbane,14.199999999999998,24.0,0.0,4.0,7.6,SE,35.0,SSW,SE,7.0,16.999999999999996,65.0,67.0,1029.3,1027.8,1.0,6.0,20.1,20.6,No,No
2015-05-17,Brisbane,14.900000000000002,23.0,1.0,3.7999999999999994,5.2,SSE,28.0,W,ESE,7.0,13.0,76.0,56.99999999999999,1030.1,1027.4,4.0,7.0,19.7,21.8,No,Yes
2015-05-18,Brisbane,16.9,22.9,6.6,2.2,6.2,SE,31.0,SSW,ESE,7.0,14.999999999999998,89.0,76.0,1027.7,1024.9,6.0,5.0,18.7,20.2,Yes,No
2015-05-19,Brisbane,15.9,22.7,0.8,3.2,2.9,SSW,13.0,S,N,6.0,2.0,78.0,77.0,1022.6,1018.9,6.0,6.0,19.3,21.7,No,No
2015-05-21,Brisbane,17.2,25.2,0.2,3.0,4.4,SW,22.0,NE,W,2.0,9.0,89.0,71.0,1018.9,1016.0,7.0,7.0,20.1,22.3,No,Yes
2015-05-22,Brisbane,15.4,19.9,1.4,2.8,9.9,W,46.0,W,W,13.0,16.999999999999996,56.0,45.0,1017.6,1014.8,2.0,1.0,17.2,19.3,Yes,No
2015-05-23,Brisbane,14.0,22.8,0.0,6.8,8.9,ESE,35.0,SW,SE,9.0,13.0,56.0,43.0,1023.2,1022.9999999999999,1.0,2.0,18.7,21.5,No,No
2015-05-24,Brisbane,13.699999999999998,23.6,0.0,5.0,9.6,SSE,24.000000000000004,SSW,ESE,7.0,9.0,65.0,53.0,1028.4,1026.7,1.0,1.0,18.3,22.3,No,No
2015-05-25,Brisbane,12.7,23.5,0.0,4.6,9.3,SSE,20.0,SW,ESE,4.0,11.0,69.0,49.00000000000001,1030.9,1027.6,1.0,7.0,18.3,22.2,No,No
2015-05-29,Brisbane,13.1,25.5,0.0,3.0,9.7,NE,15.0,WSW,SE,6.0,2.0,80.99999999999999,59.0,1024.8,1021.2,5.0,5.0,17.6,25.2,No,No
2015-05-30,Brisbane,15.299999999999999,27.600000000000005,0.0,2.2,9.5,NNE,15.0,SW,NE,2.0,2.0,84.0,55.0,1023.0,1018.1,6.0,6.0,18.3,25.4,No,No
2015-06-01,Brisbane,18.2,20.5,0.0,2.8,0.0,WNW,30.0,W,W,11.0,13.0,68.0,50.0,1016.8,1014.6,7.0,7.0,19.2,19.2,No,No
2015-06-02,Brisbane,9.0,19.5,0.0,5.2,10.1,WSW,20.0,WSW,WSW,6.0,6.0,56.0,42.0,1022.6,1019.2,0.0,1.0,14.100000000000001,19.0,No,No
2015-06-03,Brisbane,7.0,19.7,0.0,3.0,6.0,SSW,15.0,SW,SW,6.0,6.0,63.0,45.0,1022.9,1019.2,7.0,7.0,12.7,18.6,No,No
2015-06-04,Brisbane,7.3999999999999995,22.3,0.0,2.0,9.8,SSW,17.0,SSW,WSW,4.0,7.000000000000001,67.0,45.0,1022.5,1018.5,1.0,1.0,13.400000000000002,21.5,No,No
2015-06-05,Brisbane,7.0,21.4,0.0,2.4,10.3,W,31.0,WSW,WNW,6.0,13.0,45.0,30.000000000000004,1019.4,1015.6,0.0,1.0,16.1,20.5,No,No
2015-06-06,Brisbane,9.7,22.1,0.0,5.8,7.9,WSW,28.0,SW,SW,9.0,9.0,53.00000000000001,56.0,1022.6,1022.4000000000001,1.0,4.0,16.0,21.0,No,No
2015-06-07,Brisbane,12.3,22.8,0.0,3.0,8.5,SSE,26.0,SSW,SSE,6.0,9.0,69.0,53.0,1028.4,1026.1,3.0,3.0,17.5,21.6,No,No
2015-06-08,Brisbane,11.8,24.5,0.2,3.7999999999999994,9.1,ENE,15.0,SW,NE,6.0,6.0,71.0,56.0,1028.0,1024.2,1.0,6.0,17.1,21.1,No,No
2015-06-09,Brisbane,11.7,24.2,0.0,3.4,3.5,SW,17.0,SW,W,7.0,4.0,74.0,51.0,1025.7,1022.7,7.0,7.0,16.6,23.0,No,No
2015-06-10,Brisbane,12.7,24.2,0.0,1.0,6.1,SE,26.0,SW,ESE,7.0,11.0,76.0,53.0,1026.1,1024.4,5.0,7.0,17.2,22.6,No,No
2015-06-11,Brisbane,15.1,21.8,0.0,7.4,2.9,SE,35.0,SSE,SE,11.0,13.0,69.0,79.0,1029.6,1028.2,4.0,7.0,20.9,18.5,No,Yes
2015-06-12,Brisbane,13.400000000000002,20.1,4.6,3.4,5.5,SE,28.0,SSW,SE,7.0,9.0,75.0,69.0,1030.6,1026.9,7.0,7.0,16.6,19.0,Yes,Yes
2015-06-13,Brisbane,14.199999999999998,21.4,1.2,0.6,4.3,ESE,31.0,WSW,SE,4.0,13.0,85.0,76.0,1028.1,1025.0,7.0,7.0,17.7,19.4,Yes,Yes
2015-06-14,Brisbane,15.6,22.2,4.2,3.4,4.0,ESE,22.0,W,SSE,4.0,9.0,92.0,67.0,1026.8,1023.2,8.0,7.0,16.6,21.2,Yes,Yes
2015-06-15,Brisbane,16.0,23.2,4.0,0.8,6.5,ESE,24.000000000000004,SSW,SE,6.0,7.000000000000001,90.99999999999999,60.00000000000001,1025.6,1022.5,7.0,2.0,17.6,22.1,Yes,No
2015-06-18,Brisbane,12.0,22.7,2.4,1.0,7.8,WNW,26.0,SW,WNW,2.0,11.0,98.0,48.0,1017.2,1014.0,3.0,1.0,14.200000000000001,22.4,Yes,No
2015-06-19,Brisbane,10.4,21.6,0.0,2.6,9.2,W,35.0,WSW,WSW,9.0,11.0,62.0,39.0,1017.1,1014.0,2.0,4.0,16.9,21.3,No,No
2015-06-20,Brisbane,9.2,20.9,0.0,4.6,9.2,SW,20.0,SW,SW,7.0,6.0,65.0,44.0,1020.5000000000001,1018.3,1.0,2.0,14.9,19.4,No,No
2015-06-21,Brisbane,10.0,21.1,0.0,3.2,9.5,ESE,20.0,SW,SE,7.0,7.000000000000001,63.0,46.00000000000001,1025.5,1023.3,1.0,1.0,14.699999999999998,20.6,No,No
2015-06-22,Brisbane,12.6,20.5,0.0,3.7999999999999994,3.0,SSE,17.0,SW,ESE,4.0,7.000000000000001,71.0,61.0,1028.2,1026.0,5.0,7.0,15.6,19.6,No,No
2015-06-23,Brisbane,12.2,20.6,0.0,2.2,2.4,W,15.0,W,S,6.0,2.0,83.0,64.0,1027.7,1025.1,7.0,7.0,14.699999999999998,20.1,No,No
2015-06-24,Brisbane,12.5,19.6,0.0,1.4,1.5,SSE,17.0,SW,ESE,4.0,4.0,84.0,66.0,1025.6,1022.0,8.0,7.0,15.4,19.1,No,No
2015-06-25,Brisbane,11.2,19.6,0.0,1.0,1.9,W,19.0,SW,WSW,7.0,7.000000000000001,96.00000000000001,71.0,1022.2,1019.9,7.0,7.0,13.2,18.6,No,No
2015-06-26,Brisbane,12.6,22.7,0.2,2.2,6.8,SSE,31.0,SSW,SE,6.0,11.0,73.0,60.00000000000001,1026.2,1025.1,2.0,3.0,17.8,21.3,No,No
2015-06-27,Brisbane,14.900000000000002,22.6,0.0,3.2,6.8,SE,20.0,SW,S,7.0,9.0,66.0,68.0,1030.6,1027.6,4.0,5.0,18.3,20.7,No,Yes
2015-06-28,Brisbane,14.6,22.2,2.4,2.4,4.6,NE,22.0,SW,E,4.0,7.000000000000001,85.0,71.0,1030.8,1027.8,2.0,6.0,17.7,21.0,Yes,Yes
2015-06-29,Brisbane,15.4,18.4,6.999999999999999,2.2,0.0,SSE,24.000000000000004,SW,SSE,2.0,6.0,95.0,86.0,1031.4,1028.5,8.0,7.0,16.3,17.8,Yes,Yes
2015-06-30,Brisbane,14.199999999999998,23.1,4.0,1.4,8.3,SSW,19.0,SW,NE,6.0,6.0,83.0,56.0,1028.0,1023.9000000000001,1.0,3.0,16.9,21.7,Yes,No
2015-07-01,Brisbane,12.400000000000002,23.3,0.2,2.8,7.4,WNW,17.0,SW,W,4.0,7.000000000000001,85.99999999999999,53.0,1024.5,1020.5,7.0,3.0,15.8,22.7,No,No
2015-07-02,Brisbane,12.2,19.6,0.0,1.2,8.7,W,33.0,WSW,W,6.0,13.0,66.0,32.0,1022.4,1018.1,1.0,4.0,16.5,19.4,No,No
2015-07-03,Brisbane,7.8,20.7,0.0,4.4,9.5,W,26.0,SW,SSW,9.0,6.0,53.00000000000001,39.0,1023.2,1021.0,0.0,2.0,12.800000000000002,20.5,No,No
2015-07-04,Brisbane,9.9,21.3,0.0,3.4,6.8,SSW,17.0,WSW,WNW,6.0,6.0,67.0,50.0,1024.3,1020.7,3.0,1.0,14.499999999999998,20.8,No,No
2015-07-05,Brisbane,9.7,22.8,0.0,2.8,9.7,W,20.0,WSW,WNW,6.0,9.0,80.0,37.0,1023.1,1019.6,2.0,1.0,14.699999999999998,22.0,No,No
2015-07-06,Brisbane,9.3,24.1,0.0,2.4,9.8,WNW,19.0,WSW,WNW,4.0,7.000000000000001,72.0,41.0,1020.0,1015.3,1.0,1.0,14.399999999999999,23.6,No,No
2015-07-07,Brisbane,10.2,23.0,0.0,2.8,10.0,W,20.0,SSW,S,4.0,6.0,56.0,24.0,1018.6,1016.5,0.0,0.0,16.9,22.6,No,No
2015-07-08,Brisbane,7.0,20.4,0.0,5.0,6.8,SSE,24.000000000000004,SSW,SE,6.0,9.0,61.0,56.0,1024.2,1023.1000000000001,1.0,7.0,14.699999999999998,18.7,No,No
2015-07-09,Brisbane,11.9,19.4,0.0,2.0,5.4,SE,24.000000000000004,WSW,ESE,6.0,7.000000000000001,71.0,62.0,1028.1,1025.5,2.0,6.0,15.6,18.2,No,No
2015-07-10,Brisbane,9.7,20.2,0.2,2.2,1.6,NE,24.000000000000004,SW,ENE,6.0,7.000000000000001,74.0,73.0,1025.9,1021.4,5.0,7.0,14.8,17.9,No,No
2015-07-11,Brisbane,11.4,21.2,0.4,1.8,7.700000000000001,NNW,24.000000000000004,SSW,NE,4.0,7.000000000000001,92.0,72.0,1019.7,1013.9,6.0,6.0,13.7,20.2,No,No
2015-07-12,Brisbane,12.2,18.3,0.6,2.8,9.9,W,54.0,WSW,W,19.0,19.0,50.0,28.0,1015.4,1011.3,1.0,0.0,13.0,17.8,No,No
2015-07-13,Brisbane,8.4,18.2,0.2,6.8,9.7,WNW,48.00000000000001,W,W,13.0,22.0,49.0,42.0,1015.9,1012.3,1.0,2.0,12.9,16.8,No,No
2015-07-14,Brisbane,10.2,19.2,0.0,7.4,10.0,WSW,41.0,W,W,9.0,19.0,49.0,37.0,1018.0,1014.2,1.0,1.0,13.300000000000002,18.4,No,No
2015-07-15,Brisbane,5.4,18.2,0.0,3.7999999999999994,3.2,SW,11.0,SW,SE,4.0,4.0,66.0,45.0,1020.1999999999999,1016.8,7.0,6.0,11.1,16.7,No,No
2015-07-16,Brisbane,7.599999999999999,17.4,0.0,2.6,5.2,W,19.0,SSW,WNW,4.0,7.000000000000001,80.0,49.00000000000001,1019.5999999999999,1015.3,7.0,7.0,10.5,16.1,No,No
2015-07-17,Brisbane,6.9,16.1,0.0,3.2,9.7,W,56.0,W,W,19.0,19.999999999999996,57.0,48.0,1018.2,1015.8,1.0,1.0,10.1,14.3,No,No
2015-07-18,Brisbane,6.9,19.4,0.0,5.0,10.0,WSW,22.0,WSW,NE,9.0,2.0,52.0,37.0,1023.4,1022.1999999999999,0.0,1.0,11.9,18.9,No,No
2015-07-19,Brisbane,8.2,19.3,0.0,3.2,5.1,ESE,26.0,SW,SSE,9.0,7.000000000000001,63.0,60.00000000000001,1028.2,1025.4,4.0,6.0,13.899999999999999,18.4,No,No
2015-07-20,Brisbane,11.7,20.9,0.0,2.8,7.299999999999999,E,35.0,WSW,ESE,6.0,13.0,74.0,53.0,1030.4,1027.8,7.0,1.0,14.399999999999999,19.7,No,No
2015-07-21,Brisbane,10.6,21.6,0.2,4.0,6.6,ENE,31.0,WSW,E,6.0,14.999999999999998,77.0,58.0,1031.0,1028.5,7.0,7.0,15.3,19.7,No,Yes
2015-07-22,Brisbane,10.1,18.7,2.8,3.0,0.0,ESE,19.0,SW,ESE,2.0,4.0,85.99999999999999,92.00000000000001,1029.6,1025.4,8.0,8.0,13.300000000000002,17.7,Yes,Yes
2015-07-23,Brisbane,12.900000000000002,23.1,4.4,0.4,8.1,E,17.0,S,E,4.0,7.000000000000001,85.99999999999999,70.0,1025.6,1022.0,4.0,2.0,17.6,21.5,Yes,No
2015-07-24,Brisbane,14.1,24.4,0.0,1.6,6.6,W,24.000000000000004,SW,NE,4.0,9.0,97.0,65.0,1022.7,1017.7,7.0,5.0,17.0,23.7,No,No
2015-07-25,Brisbane,16.5,24.3,0.0,2.4,4.1,W,22.0,WSW,W,6.0,6.0,76.0,52.0,1022.2,1018.8,7.0,1.0,17.6,24.1,No,No
2015-07-26,Brisbane,13.1,25.1,0.2,1.6,6.0,W,26.0,WSW,WSW,2.0,11.0,79.0,64.0,1021.6,1017.7,6.0,7.0,17.2,23.8,No,No
2015-07-27,Brisbane,13.5,22.9,0.0,3.6,9.2,W,24.000000000000004,WNW,W,11.0,11.0,53.00000000000001,35.0,1024.6,1021.6,1.0,5.0,18.2,21.9,No,No
2015-07-28,Brisbane,10.0,21.4,0.0,4.8,9.1,ESE,22.0,SW,S,7.0,4.0,51.0,36.0,1030.2,1027.6,3.0,2.0,14.8,21.3,No,No
2015-07-29,Brisbane,7.8,21.7,0.0,4.6,10.0,WSW,19.0,SW,SSE,7.0,7.000000000000001,54.0,32.0,1032.4,1027.9,1.0,1.0,13.999999999999998,20.8,No,No
2015-07-30,Brisbane,10.2,22.8,0.0,4.0,10.1,SW,19.0,SW,ENE,7.0,6.0,60.0,48.0,1028.5,1024.0,1.0,1.0,15.199999999999998,21.9,No,No
2015-07-31,Brisbane,9.7,24.1,0.0,3.0,10.2,W,24.000000000000004,SSW,W,4.0,7.000000000000001,80.99999999999999,35.0,1024.5,1020.1,1.0,0.0,13.600000000000001,23.5,No,No
2015-08-01,Brisbane,9.1,23.6,0.0,3.0,10.0,ENE,19.0,WSW,ENE,4.0,9.0,63.0,49.00000000000001,1024.4,1020.8,0.0,1.0,14.499999999999998,22.2,No,No
2015-08-02,Brisbane,10.0,25.7,0.0,4.0,10.1,N,22.0,SSW,NE,4.0,9.0,68.0,56.0,1023.5,1018.8,0.0,1.0,15.6,23.6,No,No
2015-08-03,Brisbane,10.6,26.7,0.0,3.6,9.8,WSW,26.0,WSW,ENE,6.0,9.0,71.0,53.99999999999999,1019.5,1014.3,2.0,1.0,18.6,25.1,No,No
2015-08-04,Brisbane,13.5,21.8,0.0,3.7999999999999994,6.8,W,30.0,SW,S,6.0,6.0,47.0,52.0,1019.5999999999999,1016.7,4.0,5.0,16.9,20.0,No,No
2015-08-05,Brisbane,7.8999999999999995,19.1,0.0,5.6,10.3,WNW,33.0,WSW,W,9.0,14.999999999999998,44.0,29.0,1017.2,1013.1,0.0,0.0,12.2,18.6,No,No
2015-08-06,Brisbane,6.1,21.1,0.0,5.6,10.2,WSW,26.0,WSW,W,9.0,6.0,46.0,26.999999999999996,1018.0,1014.8,0.0,1.0,14.200000000000001,20.5,No,No
2015-08-07,Brisbane,7.7,21.4,0.0,3.2,9.7,SW,24.000000000000004,WSW,SSE,9.0,2.0,47.0,32.0,1022.4,1019.5,0.0,3.0,14.3,20.0,No,No
2015-08-08,Brisbane,7.5,22.1,0.0,3.4,10.1,ENE,19.0,SSW,ENE,6.0,7.000000000000001,56.0,33.0,1022.8,1018.9,0.0,2.0,13.2,20.4,No,No
2015-08-09,Brisbane,7.8,22.5,0.0,4.4,10.2,ENE,20.0,SW,ENE,6.0,9.0,63.0,48.0,1023.5,1019.2,1.0,1.0,14.499999999999998,20.9,No,No
2015-08-10,Brisbane,9.3,23.0,0.0,2.8,10.0,ENE,19.0,WSW,NE,4.0,9.0,72.0,55.0,1021.4,1016.2,1.0,1.0,15.4,21.6,No,No
2015-08-11,Brisbane,8.6,26.4,0.0,2.4,10.1,NE,20.0,SSW,NNE,4.0,7.000000000000001,62.0,52.0,1019.5,1015.0,0.0,1.0,14.599999999999998,23.3,No,No
2015-08-12,Brisbane,11.8,28.4,0.2,4.0,7.8,W,46.0,ESE,NNW,2.0,7.000000000000001,69.0,47.0,1013.8,1007.3,3.0,3.0,18.3,24.4,No,Yes
2015-08-13,Brisbane,12.3,22.3,3.6000000000000005,7.0,10.5,W,39.0,WSW,WSW,15.0,14.999999999999998,39.0,23.000000000000004,1018.0,1016.4,0.0,0.0,15.4,21.8,Yes,No
2015-08-14,Brisbane,8.4,23.0,0.0,6.8,10.2,SW,17.0,SW,SSE,7.0,4.0,48.00000000000001,26.999999999999996,1025.2,1022.1,0.0,0.0,15.3,22.4,No,No
2015-08-15,Brisbane,8.0,22.6,0.0,4.0,9.1,ENE,20.0,SW,ENE,6.0,7.000000000000001,62.0,56.0,1028.1,1025.1,4.0,2.0,13.400000000000002,19.9,No,No
2015-08-16,Brisbane,10.7,21.7,0.0,3.7999999999999994,4.3,SE,22.0,SW,SE,9.0,7.000000000000001,66.0,62.0,1026.2,1022.4000000000001,5.0,7.0,16.4,19.5,No,No
2015-08-17,Brisbane,11.3,23.4,0.0,2.8,10.3,NE,20.0,WSW,N,6.0,6.0,73.0,49.00000000000001,1020.6,1015.5,1.0,3.0,17.0,21.9,No,No
2015-08-18,Brisbane,10.3,24.2,0.0,3.2,10.5,E,19.0,SW,ENE,7.0,9.0,53.00000000000001,37.0,1020.6,1017.5,0.0,1.0,17.0,22.1,No,No
2015-08-19,Brisbane,10.0,22.8,0.0,4.8,10.0,SSE,20.0,SW,E,6.0,9.0,60.0,48.0,1024.9,1022.4000000000001,2.0,2.0,15.6,20.5,No,No
2015-08-20,Brisbane,11.4,22.1,0.0,4.4,6.3,E,28.0,SW,E,6.0,11.0,65.0,53.0,1027.2,1024.4,2.0,6.0,17.5,20.6,No,No
2015-08-21,Brisbane,15.299999999999999,22.4,0.4,3.0,2.6,SE,31.0,S,ENE,2.0,13.0,76.0,77.0,1026.6,1024.1,7.0,8.0,18.5,18.7,No,Yes
2015-08-22,Brisbane,16.9,24.5,2.2,4.0,9.5,E,20.0,SSW,NNE,4.0,9.0,83.0,64.0,1025.8,1021.6,5.0,3.0,19.7,23.5,Yes,No
2015-08-24,Brisbane,17.1,25.3,0.0,2.4,8.2,NE,20.0,N,NE,6.0,9.0,65.0,67.0,1021.6,1017.0,2.0,6.0,22.6,23.4,No,Yes
2015-08-25,Brisbane,16.8,29.1,2.2,4.6,9.9,W,28.0,W,ENE,6.0,4.0,75.0,55.0,1019.2,1016.0,1.0,2.0,21.9,27.200000000000003,Yes,No
2015-08-26,Brisbane,15.700000000000001,28.500000000000004,0.0,5.2,10.2,W,20.0,WSW,NW,9.0,9.0,44.0,36.0,1021.1,1017.1,3.0,2.0,21.7,28.099999999999998,No,No
2015-08-27,Brisbane,16.2,23.9,0.0,4.0,0.3,SW,30.0,SSW,SW,2.0,7.000000000000001,52.0,74.0,1021.8,1019.9,7.0,8.0,18.9,16.9,No,Yes
2015-08-28,Brisbane,14.799999999999999,24.7,5.0,1.6,6.1,W,19.0,WSW,SE,4.0,4.0,84.0,44.0,1022.4,1018.5,7.0,1.0,17.5,24.4,Yes,No
2015-08-29,Brisbane,11.9,22.9,0.2,4.0,5.2,ENE,19.0,SW,ENE,6.0,7.000000000000001,58.00000000000001,53.99999999999999,1023.4,1018.5,7.0,7.0,17.4,21.0,No,Yes
2015-08-30,Brisbane,14.1,23.2,13.6,5.6,9.2,W,33.0,W,W,7.0,14.999999999999998,59.0,29.0,1017.9,1013.6,4.0,1.0,18.1,22.3,Yes,No
2015-08-31,Brisbane,11.3,23.7,0.2,10.0,11.1,W,26.0,WSW,W,7.0,11.0,44.0,25.0,1016.9,1013.0,1.0,1.0,17.8,22.9,No,No
2015-09-03,Brisbane,16.3,25.3,2.4,3.0,7.6,WNW,48.00000000000001,N,W,6.0,19.0,85.0,21.0,1011.6,1008.6,7.0,1.0,19.7,25.3,Yes,No
2015-09-04,Brisbane,12.7,24.9,0.2,8.2,9.8,W,26.0,WSW,NNE,9.0,7.000000000000001,45.0,44.0,1018.4,1016.6,1.0,3.0,18.6,22.7,No,No
2015-09-05,Brisbane,12.0,23.6,0.0,6.8,9.3,E,22.0,SSW,ESE,6.0,11.0,61.0,53.0,1022.7,1018.8,1.0,3.0,19.4,21.3,No,No
2015-09-06,Brisbane,13.400000000000002,24.0,0.0,4.2,6.1,NNE,19.0,W,NE,6.0,7.000000000000001,69.0,53.0,1023.9,1019.5,6.0,6.0,19.2,23.2,No,No
2015-09-07,Brisbane,13.8,25.5,0.0,4.0,8.6,NE,26.0,NE,NE,2.0,11.0,68.0,65.0,1023.1,1019.3,3.0,3.0,21.0,22.3,No,No
2015-09-08,Brisbane,14.799999999999999,28.099999999999998,0.0,5.0,9.5,W,31.0,NNW,NW,6.0,6.0,54.0,38.0,1020.3,1014.6,3.0,4.0,21.9,27.300000000000004,No,No
2015-09-09,Brisbane,10.7,25.6,0.0,6.6,10.8,WNW,28.0,WSW,W,7.0,6.0,36.0,21.0,1022.6,1018.6,0.0,0.0,18.9,25.2,No,No
2015-09-10,Brisbane,11.0,25.0,0.0,5.2,10.8,E,37.0,SW,E,6.0,13.0,54.0,47.0,1027.6,1025.1,1.0,2.0,19.1,22.1,No,No
2015-09-11,Brisbane,13.3,21.6,0.0,6.2,1.9,SE,35.0,SW,ESE,6.0,11.0,60.0,67.0,1030.2,1027.8,7.0,7.0,19.2,19.6,No,No
2015-09-12,Brisbane,15.700000000000001,24.5,0.0,3.4,7.1,ESE,31.0,SSW,ESE,4.0,9.0,52.0,42.0,1029.3,1025.1,6.0,4.0,20.8,23.7,No,No
2015-09-13,Brisbane,13.199999999999998,25.4,0.0,5.0,9.4,E,28.0,WSW,ESE,4.0,11.0,62.0,49.00000000000001,1028.1,1024.6,3.0,3.0,20.0,23.6,No,No
2015-09-14,Brisbane,12.7,25.4,0.0,5.2,8.3,NE,24.000000000000004,SSW,NE,4.0,11.0,62.0,52.0,1026.9,1022.9999999999999,5.0,5.0,19.4,23.8,No,No
2015-09-15,Brisbane,13.400000000000002,25.6,0.0,4.6,10.8,NE,24.000000000000004,WSW,NE,4.0,11.0,64.0,56.0,1023.2,1018.3,2.0,1.0,21.1,23.5,No,No
2015-09-16,Brisbane,13.0,27.399999999999995,0.0,5.0,10.4,WSW,26.0,NW,ENE,2.0,11.0,65.0,53.99999999999999,1019.7,1014.6,1.0,2.0,21.1,25.7,No,Yes
2015-09-18,Brisbane,12.5,22.8,18.0,0.8,7.299999999999999,SSE,37.0,S,S,13.0,13.0,56.0,80.0,1018.3,1018.4,1.0,7.0,18.1,17.4,Yes,No
2015-09-19,Brisbane,13.0,24.0,0.6,4.4,9.0,SSE,33.0,S,E,7.0,19.0,53.00000000000001,48.0,1021.7,1018.3,3.0,7.0,20.5,22.4,No,No
2015-09-20,Brisbane,13.400000000000002,23.3,0.0,5.6,9.0,SSE,31.0,SSW,SSE,7.0,9.0,58.00000000000001,60.00000000000001,1020.7,1017.3,2.0,5.0,20.3,21.0,No,Yes
2015-09-21,Brisbane,14.199999999999998,24.3,1.6,5.2,10.8,E,24.000000000000004,S,E,7.0,9.0,59.0,56.0,1021.0,1017.5,2.0,2.0,20.8,22.1,Yes,No
2015-09-22,Brisbane,13.5,29.399999999999995,0.0,5.4,10.3,WNW,28.0,WNW,W,2.0,7.000000000000001,60.0,26.999999999999996,1018.2,1012.9,0.0,5.0,21.7,27.799999999999997,No,No
2015-09-23,Brisbane,14.699999999999998,23.5,0.0,6.0,7.6,ENE,28.0,WSW,ESE,9.0,11.0,51.0,56.99999999999999,1019.0,1016.7,2.0,5.0,19.1,18.9,No,No
2015-09-24,Brisbane,11.1,23.1,0.6,5.4,11.2,E,28.0,SSW,ENE,7.0,19.999999999999996,39.0,41.0,1022.0,1017.8,1.0,1.0,17.4,20.6,No,No
2015-09-25,Brisbane,9.4,23.4,0.2,6.8,6.9,S,26.0,WSW,S,9.0,6.0,51.0,39.0,1022.8,1019.3,2.0,4.0,18.7,22.6,No,No
2015-09-26,Brisbane,13.699999999999998,23.1,0.0,3.6,8.1,ESE,35.0,S,SSE,9.0,13.0,53.00000000000001,55.0,1022.9,1019.5,3.0,5.0,20.6,20.4,No,No
2015-09-27,Brisbane,12.400000000000002,24.1,0.4,5.4,8.4,E,24.000000000000004,SW,ENE,6.0,7.000000000000001,57.0,90.0,1022.2,1018.8,2.0,5.0,19.7,15.8,No,Yes
2015-09-28,Brisbane,11.8,24.8,12.2,4.4,10.5,NE,22.0,SSW,NE,6.0,7.000000000000001,68.0,51.0,1021.4,1016.7,3.0,1.0,18.5,24.0,Yes,No
2015-09-29,Brisbane,13.1,25.7,0.0,4.0,8.2,WNW,31.0,S,NW,2.0,6.0,61.0,73.0,1021.8,1018.2,1.0,7.0,22.1,16.2,No,Yes
2015-09-30,Brisbane,12.0,26.6,7.8,6.4,10.8,NE,26.0,NE,NE,4.0,14.999999999999998,59.0,56.99999999999999,1023.0,1019.3,0.0,3.0,21.7,24.2,Yes,No
2015-10-01,Brisbane,14.0,27.700000000000003,0.0,5.0,10.8,ENE,22.0,NE,ENE,2.0,11.0,53.00000000000001,46.00000000000001,1026.9,1024.0,0.0,2.0,22.6,25.7,No,No
2015-10-02,Brisbane,14.799999999999999,29.300000000000004,0.0,5.0,11.3,ENE,26.0,SW,ENE,4.0,9.0,64.0,21.0,1031.1,1028.3,1.0,1.0,22.3,28.299999999999997,No,No
2015-10-03,Brisbane,15.799999999999999,27.8,0.0,6.8,11.6,E,26.0,SSE,E,9.0,13.0,55.0,41.0,1032.7,1028.2,1.0,1.0,23.6,26.0,No,No
2015-10-04,Brisbane,14.199999999999998,28.999999999999996,0.0,7.4,11.3,NE,17.0,WSW,NE,4.0,7.000000000000001,64.0,40.0,1029.3,1024.9,0.0,0.0,22.3,27.700000000000003,No,No
2015-10-05,Brisbane,13.3,33.8,0.0,6.0,11.4,ENE,20.0,SW,NE,6.0,7.000000000000001,45.0,17.0,1026.7,1022.9,0.0,0.0,24.9,31.4,No,No
2015-10-06,Brisbane,12.900000000000002,30.7,0.0,7.2,10.0,ENE,20.0,WNW,NE,4.0,9.0,51.0,21.0,1027.0,1023.3,0.0,0.0,23.9,29.8,No,No
2015-10-07,Brisbane,14.6,28.3,0.0,6.2,11.4,NE,20.0,NNE,ENE,4.0,7.000000000000001,58.00000000000001,48.0,1027.0,1024.2,1.0,0.0,23.9,27.099999999999998,No,No
2015-10-08,Brisbane,17.2,25.7,0.0,6.4,5.8,SE,39.0,SE,SE,11.0,13.0,59.0,61.0,1032.0,1029.2,6.0,7.0,23.3,23.6,No,Yes
2015-10-09,Brisbane,18.5,25.1,5.799999999999999,6.6,2.6,ESE,33.0,SE,E,15.0,14.999999999999998,73.0,60.00000000000001,1032.1,1028.7,7.0,5.0,20.8,23.0,Yes,No
2015-10-10,Brisbane,17.2,25.6,0.2,4.6,9.6,E,26.0,ESE,ENE,13.0,9.0,52.0,48.0,1029.8,1026.3,5.0,3.0,22.6,23.8,No,No
2015-10-11,Brisbane,14.699999999999998,25.9,0.0,7.2,11.3,ENE,26.0,NNE,NE,6.0,11.0,48.00000000000001,48.0,1026.5,1022.1,3.0,1.0,23.1,24.6,No,No
2015-10-12,Brisbane,15.1,27.399999999999995,0.0,7.2,11.4,NE,31.0,NNW,NE,9.0,13.0,51.0,53.0,1023.5,1018.3,1.0,1.0,23.8,25.600000000000005,No,No
2015-10-13,Brisbane,16.6,28.0,0.0,7.599999999999999,9.1,E,30.0,NE,NE,6.0,13.0,53.00000000000001,65.0,1020.8,1017.5,1.0,7.0,25.3,24.6,No,No
2015-10-15,Brisbane,17.6,26.900000000000002,4.4,3.2,10.2,E,28.0,ESE,ENE,7.0,11.0,60.0,51.0,1025.4,1021.8,4.0,2.0,24.5,25.7,Yes,No
2015-10-16,Brisbane,16.9,26.6,0.0,6.8,11.8,ENE,26.0,SE,ENE,9.0,13.0,58.00000000000001,53.99999999999999,1025.0,1022.0,3.0,4.0,24.1,25.5,No,No
2015-10-17,Brisbane,16.3,27.600000000000005,0.0,6.8,10.8,ENE,24.000000000000004,W,ENE,6.0,13.0,59.0,49.00000000000001,1024.7,1021.4,3.0,1.0,23.3,26.300000000000004,No,No
2015-10-18,Brisbane,17.3,27.1,0.0,5.8,11.2,E,35.0,E,E,7.0,14.999999999999998,55.0,51.0,1025.7,1023.5000000000001,6.0,2.0,24.2,25.8,No,No
2015-10-19,Brisbane,15.199999999999998,26.499999999999996,0.0,7.4,11.2,ENE,30.0,E,ESE,7.0,14.999999999999998,61.0,50.0,1026.0,1022.8000000000001,4.0,3.0,23.9,25.0,No,No
2015-10-20,Brisbane,14.400000000000002,26.800000000000004,0.0,7.4,12.0,ENE,24.000000000000004,W,ENE,4.0,13.0,58.00000000000001,52.0,1024.4,1020.9,3.0,2.0,23.8,25.1,No,No
2015-10-21,Brisbane,15.5,27.2,0.0,5.6,12.1,ENE,31.0,ENE,NE,6.0,13.0,55.0,46.00000000000001,1020.5000000000001,1015.9,1.0,1.0,24.1,25.7,No,No
2015-10-22,Brisbane,16.6,29.300000000000004,0.0,9.0,6.9,W,65.0,NE,NE,9.0,13.0,52.0,63.00000000000001,1014.8,1008.5,3.0,4.0,25.600000000000005,25.8,No,Yes
2015-10-23,Brisbane,18.9,27.299999999999997,20.8,7.4,10.7,ESE,33.0,S,ESE,4.0,16.999999999999996,69.0,50.0,1017.3,1015.2,1.0,1.0,23.6,26.100000000000005,Yes,No
2015-10-24,Brisbane,17.4,24.3,0.0,7.599999999999999,2.8,ESE,22.0,ESE,ESE,9.0,9.0,61.0,67.0,1023.2,1020.4,7.0,7.0,22.7,22.0,No,Yes
2015-10-25,Brisbane,18.4,25.4,1.2,4.0,6.5,ENE,24.000000000000004,NNE,NE,4.0,9.0,62.0,59.0,1024.2,1020.9,7.0,6.0,23.1,24.1,Yes,No
2015-10-26,Brisbane,17.9,28.4,0.0,6.2,10.2,NE,33.0,WNW,NE,7.0,14.999999999999998,62.0,68.0,1021.5,1017.0,3.0,4.0,24.2,24.7,No,Yes
2015-10-27,Brisbane,17.9,30.7,4.8,7.4,10.5,ESE,37.0,NW,SE,4.0,16.999999999999996,53.00000000000001,62.0,1018.5,1016.7,1.0,4.0,25.9,26.2,Yes,Yes
2015-10-28,Brisbane,17.6,22.3,13.2,7.599999999999999,1.3,SE,22.0,SSE,ESE,7.0,7.000000000000001,74.0,82.0,1022.4,1019.9,7.0,8.0,21.0,20.2,Yes,Yes
2015-10-29,Brisbane,17.3,23.1,5.0,3.4,0.4,E,22.0,SE,ESE,6.0,9.0,80.0,64.0,1022.3,1019.9,7.0,7.0,19.9,21.6,Yes,No
2015-10-30,Brisbane,18.0,24.1,0.2,4.0,5.5,E,24.000000000000004,ESE,ENE,6.0,9.0,56.0,56.99999999999999,1023.1,1020.8,7.0,7.0,22.7,22.7,No,No
2015-10-31,Brisbane,16.2,25.2,0.0,4.8,11.6,ENE,26.0,NNE,ENE,7.0,13.0,54.0,50.0,1022.7,1019.7,3.0,2.0,22.9,23.8,No,No
2015-11-01,Brisbane,16.6,27.0,0.0,6.6,8.5,NE,26.0,NW,NE,7.0,9.0,56.0,48.0,1020.6,1016.4,7.0,7.0,23.6,24.9,No,No
2015-11-02,Brisbane,18.8,29.5,0.0,9.0,12.0,ENE,33.0,WNW,NE,6.0,14.999999999999998,51.0,61.0,1018.4,1014.0,3.0,2.0,25.8,26.7,No,No
2015-11-03,Brisbane,18.3,30.500000000000004,0.0,8.0,11.5,NE,28.0,NE,NE,6.0,13.0,51.0,56.99999999999999,1015.4,1012.8,1.0,3.0,28.099999999999998,27.900000000000002,No,Yes
2015-11-04,Brisbane,20.1,29.8,11.599999999999998,9.0,9.4,NNE,24.000000000000004,ENE,NNE,2.0,7.000000000000001,72.0,63.00000000000001,1015.9,1011.8,6.0,3.0,25.600000000000005,27.700000000000003,Yes,No
2015-11-05,Brisbane,22.1,29.1,0.0,5.8,8.8,NE,22.0,WNW,ENE,6.0,11.0,63.0,64.0,1014.5,1010.9,6.0,7.0,26.100000000000005,27.599999999999998,No,Yes
2015-11-06,Brisbane,19.8,29.300000000000004,19.0,7.800000000000001,5.5,NNW,26.0,NE,ENE,2.0,13.0,67.0,69.0,1013.3,1008.7,7.0,3.0,25.0,26.7,Yes,No
2015-11-07,Brisbane,19.5,33.3,0.0,4.0,9.2,SSE,37.0,NW,ENE,6.0,13.0,48.00000000000001,52.0,1011.3,1007.6,4.0,5.0,29.199999999999996,30.0,No,No
2015-11-08,Brisbane,22.1,25.0,0.4,7.800000000000001,0.7,SE,28.0,E,NE,11.0,6.0,75.0,71.0,1014.5,1012.4,8.0,8.0,23.6,24.2,No,Yes
2015-11-09,Brisbane,18.3,25.9,13.999999999999998,3.7999999999999994,0.4,ESE,39.0,S,ESE,6.0,16.999999999999996,78.0,55.0,1017.1,1014.4,7.0,7.0,21.7,24.5,Yes,No
2015-11-10,Brisbane,17.0,26.6,0.0,5.6,11.9,ENE,24.000000000000004,E,ENE,2.0,11.0,59.0,53.0,1016.2,1013.0,4.0,2.0,23.3,24.8,No,No
2015-11-11,Brisbane,17.3,26.499999999999996,0.0,6.4,8.9,ENE,28.0,SE,E,7.0,14.999999999999998,70.0,46.00000000000001,1019.1,1017.3,7.0,3.0,22.1,26.0,No,No
2015-11-12,Brisbane,17.2,26.4,0.0,7.2,7.8,E,26.0,ESE,ENE,11.0,9.0,60.0,60.00000000000001,1021.2,1018.1,7.0,7.0,24.2,24.6,No,No
2015-11-13,Brisbane,19.0,28.099999999999998,0.0,6.6,12.3,NE,28.0,NE,NE,4.0,11.0,65.0,56.0,1016.6,1012.1,5.0,1.0,24.5,27.000000000000004,No,No
2015-11-14,Brisbane,19.8,26.7,1.0,7.0,3.2,N,24.000000000000004,S,NNE,4.0,4.0,80.99999999999999,80.0,1012.9,1006.8,7.0,7.0,22.7,23.8,No,Yes
2015-11-15,Brisbane,19.7,27.299999999999997,10.6,3.6,8.8,SE,41.0,SSW,SE,9.0,19.0,65.0,53.99999999999999,1010.9,1009.5,7.0,5.0,24.5,25.9,Yes,No
2015-11-16,Brisbane,17.9,27.0,0.2,6.4,9.8,ESE,35.0,SSE,E,9.0,13.0,47.0,53.99999999999999,1016.0,1013.7,4.0,7.0,24.6,24.7,No,No
2015-11-17,Brisbane,16.5,26.000000000000004,0.6,7.0,12.6,E,28.0,SE,NE,7.0,11.0,55.0,51.0,1019.5,1017.6,5.0,2.0,23.8,23.9,No,No
2015-11-18,Brisbane,16.1,28.199999999999996,0.0,7.599999999999999,13.0,N,22.0,NE,NNE,4.0,7.000000000000001,53.00000000000001,48.0,1020.1,1016.5,2.0,1.0,24.1,27.4,No,No
2015-11-19,Brisbane,17.2,33.4,0.0,7.0,11.9,ENE,22.0,N,ENE,2.0,11.0,54.0,53.0,1018.0,1014.1,0.0,1.0,26.800000000000004,30.2,No,No
2015-11-20,Brisbane,18.7,30.9,0.0,8.0,12.7,NE,26.0,ENE,NNE,7.0,11.0,48.00000000000001,46.00000000000001,1017.5,1014.0,0.0,1.0,30.1,29.899999999999995,No,No
2015-11-21,Brisbane,19.9,33.3,0.0,9.2,12.2,ESE,41.0,ENE,ENE,6.0,13.0,39.0,53.99999999999999,1015.5,1011.2,0.0,0.0,29.6,30.3,No,No
2015-11-22,Brisbane,22.4,28.4,0.0,9.0,1.8,SE,31.0,E,ESE,13.0,9.0,71.0,73.0,1017.9,1015.1,8.0,8.0,24.6,24.5,No,No
2015-11-23,Brisbane,22.0,29.9,0.0,3.7999999999999994,11.6,NE,31.0,ENE,NE,7.0,13.0,59.0,59.0,1014.6,1010.7,3.0,1.0,27.500000000000004,28.400000000000002,No,No
2015-11-24,Brisbane,20.2,30.500000000000004,0.0,7.800000000000001,11.1,E,24.000000000000004,E,E,6.0,13.0,59.0,62.0,1014.7,1012.4,3.0,5.0,28.099999999999998,28.200000000000003,No,No
2015-11-25,Brisbane,23.3,30.999999999999996,0.0,9.6,12.4,NE,24.000000000000004,N,NE,6.0,9.0,60.0,53.99999999999999,1016.1,1012.2,4.0,1.0,27.700000000000003,29.699999999999996,No,No
2015-11-26,Brisbane,21.6,31.799999999999997,0.0,8.4,12.1,NE,31.0,N,NNE,6.0,13.0,56.0,62.0,1013.4,1008.3,1.0,2.0,28.200000000000003,29.699999999999996,No,No
2015-11-27,Brisbane,23.5,31.1,0.0,8.6,10.1,E,35.0,E,ENE,15.0,11.0,59.0,56.99999999999999,1012.1,1010.1,3.0,3.0,28.099999999999998,29.8,No,No
2015-11-28,Brisbane,23.1,30.4,0.0,8.2,7.299999999999999,E,24.000000000000004,NNW,NE,4.0,11.0,62.0,65.0,1014.5,1012.4,6.0,5.0,27.4,29.399999999999995,No,No
2015-11-29,Brisbane,24.1,30.999999999999996,0.2,6.7,8.7,WNW,57.0,NNE,NE,7.0,14.999999999999998,58.00000000000001,64.0,1013.6,1009.1,3.0,6.0,29.699999999999996,28.999999999999996,No,Yes
2015-11-30,Brisbane,20.6,31.799999999999997,16.6,11.0,10.3,NE,28.0,NNE,NE,7.0,11.0,63.0,65.0,1012.7,1009.8,3.0,6.0,28.999999999999996,29.899999999999995,Yes,No
2015-12-01,Brisbane,22.1,31.300000000000004,0.0,8.0,8.2,NE,30.0,NNE,NE,6.0,11.0,58.00000000000001,64.0,1015.6,1013.2,3.0,8.0,29.199999999999996,28.499999999999996,No,No
2015-12-02,Brisbane,23.8,27.9,0.4,7.599999999999999,0.2,WNW,22.0,NNW,WNW,6.0,6.0,69.0,75.0,1016.2,1015.1,7.0,7.0,26.600000000000005,25.1,No,Yes
2015-12-03,Brisbane,21.2,27.9,2.0,2.0,6.9,SE,35.0,SSW,SSE,7.0,13.0,78.0,42.0,1020.5000000000001,1019.9,7.0,7.0,24.1,26.5,Yes,No
2015-12-04,Brisbane,17.3,25.6,0.2,10.0,4.2,SSE,33.0,S,SSE,9.0,11.0,52.0,56.0,1022.0,1019.8,7.0,7.0,23.8,24.0,No,No
2015-12-05,Brisbane,16.9,28.4,0.0,5.6,12.7,ESE,33.0,S,ESE,7.0,16.999999999999996,51.0,48.0,1020.1999999999999,1016.9,4.0,2.0,25.4,25.8,No,No
2015-12-06,Brisbane,17.5,29.1,0.0,9.0,13.1,E,35.0,ESE,E,6.0,14.999999999999998,50.0,42.0,1018.9,1016.1,3.0,1.0,25.9,27.099999999999998,No,No
2015-12-07,Brisbane,18.0,29.8,0.0,9.6,13.1,ENE,28.0,ESE,ENE,6.0,11.0,55.0,53.99999999999999,1019.9000000000001,1017.6,2.0,5.0,27.500000000000004,28.400000000000002,No,No
2015-12-08,Brisbane,18.3,30.7,0.0,4.0,12.8,ENE,26.0,NE,NE,7.0,11.0,51.0,51.0,1021.6,1018.5,3.0,2.0,28.499999999999996,28.799999999999997,No,No
2015-12-09,Brisbane,20.7,30.8,0.0,8.4,8.7,NE,26.0,NW,NE,6.0,11.0,58.00000000000001,59.0,1020.0,1016.3,7.0,7.0,27.500000000000004,27.700000000000003,No,No
2015-12-10,Brisbane,23.1,32.3,0.0,8.8,8.7,SE,41.0,WSW,NNE,4.0,7.000000000000001,56.0,60.00000000000001,1016.4,1012.5,6.0,6.0,28.200000000000003,28.400000000000002,No,No
2015-12-11,Brisbane,20.0,32.5,0.6,7.800000000000001,9.4,NNE,33.0,NNE,NE,4.0,11.0,60.0,67.0,1012.4,1007.0,1.0,5.0,28.900000000000002,28.299999999999997,No,No
2015-12-13,Brisbane,19.7,27.299999999999997,9.8,4.4,4.5,E,28.0,SSW,SE,6.0,11.0,90.99999999999999,41.0,1018.7,1016.6,8.0,4.0,20.7,26.7,Yes,No
2015-12-14,Brisbane,17.6,29.1,0.8,3.7999999999999994,12.8,ENE,24.000000000000004,NE,ENE,6.0,11.0,55.0,52.0,1017.9,1014.8,5.0,1.0,26.4,27.599999999999998,No,No
2015-12-15,Brisbane,19.8,29.9,0.0,7.2,8.5,E,31.0,NNE,ENE,4.0,13.0,59.0,56.0,1016.1,1012.8,7.0,7.0,26.100000000000005,27.599999999999998,No,No
2015-12-16,Brisbane,21.9,27.299999999999997,0.0,7.2,1.3,E,20.0,E,ESE,6.0,6.0,58.00000000000001,51.0,1015.7,1013.3,7.0,7.0,25.9,26.5,No,Yes
2015-12-17,Brisbane,19.8,29.700000000000003,3.7999999999999994,4.8,10.1,E,33.0,ESE,ESE,11.0,14.999999999999998,52.0,42.0,1015.1,1013.5,7.0,4.0,26.0,28.200000000000003,Yes,Yes
2015-12-18,Brisbane,18.7,28.6,3.2,9.0,10.9,NE,28.0,ESE,ENE,7.0,11.0,59.0,49.00000000000001,1017.1,1014.8,7.0,2.0,25.600000000000005,27.200000000000003,Yes,No
2015-12-19,Brisbane,18.4,28.7,0.0,7.599999999999999,13.2,ENE,30.0,NW,ENE,6.0,14.999999999999998,58.00000000000001,52.0,1017.3,1015.3,3.0,1.0,25.1,27.200000000000003,No,No
2015-12-20,Brisbane,18.8,30.099999999999998,0.0,10.0,12.1,NE,28.0,NNE,ENE,6.0,13.0,42.99999999999999,59.0,1019.1,1016.2,3.0,3.0,27.999999999999996,27.700000000000003,No,No
2015-12-21,Brisbane,21.9,31.2,0.0,7.4,11.5,NE,26.0,NE,NNE,6.0,11.0,45.0,39.0,1019.0,1015.9,2.0,1.0,28.200000000000003,29.6,No,No
2015-12-22,Brisbane,21.6,30.500000000000004,0.0,10.4,9.6,NE,24.000000000000004,ENE,NE,7.0,11.0,53.00000000000001,55.0,1018.2,1014.9,6.0,7.0,27.099999999999998,27.500000000000004,No,No
2015-12-23,Brisbane,20.8,30.6,0.0,8.2,12.0,E,28.0,ENE,ENE,7.0,13.0,49.0,45.0,1014.7,1011.0,6.0,2.0,28.200000000000003,29.3,No,Yes
2015-12-24,Brisbane,20.8,28.099999999999998,3.2,8.8,1.3,SSE,28.0,SSW,ENE,6.0,7.000000000000001,63.0,59.0,1014.2,1011.9,7.0,7.0,26.0,26.9,Yes,Yes
2015-12-25,Brisbane,19.7,28.4,9.2,4.6,10.3,SE,26.0,SW,SE,7.0,13.0,64.0,53.99999999999999,1014.1,1011.4,7.0,6.0,24.8,27.099999999999998,Yes,No
2015-12-26,Brisbane,19.0,32.0,0.4,7.2,12.9,N,24.000000000000004,ESE,NE,2.0,9.0,57.0,52.0,1012.6000000000001,1008.8,5.0,2.0,26.100000000000005,30.399999999999995,No,No
2015-12-27,Brisbane,23.6,31.2,0.8,8.8,0.8,SE,26.0,NNE,ENE,4.0,4.0,65.0,76.0,1012.7,1010.5,8.0,8.0,28.099999999999998,27.599999999999998,No,No
2015-12-28,Brisbane,20.1,28.999999999999996,0.8,5.8,5.1,SSE,35.0,SE,SE,13.0,11.0,51.0,56.0,1017.1,1014.8,6.0,7.0,25.600000000000005,25.9,No,No
2015-12-29,Brisbane,18.5,26.499999999999996,0.0,9.0,8.2,SSE,33.0,S,SE,11.0,11.0,51.0,51.0,1016.9,1014.8,4.0,6.0,23.4,25.2,No,No
2015-12-30,Brisbane,19.1,29.8,0.0,8.0,11.6,SSE,33.0,S,ESE,7.0,13.0,47.0,48.0,1015.9,1013.5,3.0,3.0,26.2,27.099999999999998,No,No
2015-12-31,Brisbane,19.4,29.9,0.0,10.8,11.4,E,35.0,SSE,SE,7.0,16.999999999999996,44.0,43.0,1015.0,1012.5,7.0,1.0,26.0,28.200000000000003,No,No
2011-08-29,Brisbane,23.495187868585496,31.00962426282901,5.049923055481907,4.6634585790569965,9.379850603673553,SW,34.26917158113993,E,ENE,7.634585790569964,13.634585790569963,70.63458579056996,72.26917158113993,1009.0340584107176,1007.0167655154327,6.158646447642491,7.0,29.082707104715013,28.25578994660102,Yes,Yes
2012-05-01,Brisbane,20.61588474653605,27.827901211316615,4.135637774827587,4.016296366050156,7.027901211316615,SE,37.24032929561128,ESE,ENE,13.0,14.519341408777432,82.67818887413794,67.40329295611284,1014.3604939434169,1011.2287244503449,5.240329295611284,4.240329295611284,24.451934140877743,26.631357873557995,Yes,Yes
2012-04-29,Brisbane,20.14358630025365,31.47606763338804,0.41025560005968187,6.294014933492486,10.997436099985078,ENE,29.025639000149205,NNE,E,4.0,14.316240666567195,57.76067633388042,62.58120333283598,1008.2564058003283,1006.7093983335819,1.6837593334328032,2.6581203332835983,26.681195433417887,28.328202900164126,No,Yes
2011-12-19,Brisbane,21.05544859451633,27.565607473492463,0.0,5.851163549908921,1.3681752356485537,SE,34.17380840767902,WSW,SE,6.0,11.0,66.28518692138819,70.08200934186559,1012.8107686963426,1011.5088107515531,6.908200934186558,6.8164018683731165,26.252511677331977,23.077724297258165,No,Yes
2013-08-08,Brisbane,14.241235482402839,21.475325590614847,1.1201337601131045,3.0376627953074244,2.0071453741908325,ENE,17.470784941342803,WNW,SE,4.0,6.28247096480568,86.56494192961135,93.26944734021174,1027.9775959152507,1026.098697637541,6.1883139765371205,7.0,17.32467440938515,17.938965157766816,No,Yes
2013-03-27,Brisbane,22.157445359669577,30.026304028730443,10.3647789922784,3.577173381217412,3.0930451801042826,ESE,30.06576007182612,SSW,ESE,5.557066546956471,7.557066546956471,78.19728021547833,84.96901402765248,1011.7996211872869,1009.2439145325912,7.688586690608706,7.688586690608706,25.24603205027828,24.43423992817388,No,Yes
2014-02-25,Brisbane,21.116391577102792,23.92293682827095,5.677859991238267,2.9918042114486036,0.13113261682234534,E,36.81559475759357,SE,ENE,4.102447356892457,11.12293682827095,88.7336368720796,90.4672737441592,1020.332384744451,1016.0528742158295,7.918042114486035,7.979510528621509,23.073762096962568,23.406545251168154,Yes,Yes
2012-08-05,Brisbane,21.23436243605128,28.43048535367503,0.2701321079557354,5.6454623778450745,9.079207352265588,ESE,33.35066053977867,SE,E,10.649339460221322,15.350660539778676,64.52599080966802,60.42202757099595,1016.1546237784509,1014.284491670495,2.701321079557354,7.0,25.39541929969717,26.430485353675035,No,Yes
2009-12-18,Brisbane,20.819342821390773,34.27129173626187,0.0,9.555381135237448,11.187987228717775,ENE,49.77690567618724,N,NNE,8.9656777963365,14.965677796336498,46.18877212014926,53.051483305495246,1007.4613143572184,1002.8510176961195,1.0343222036635005,1.0343222036635005,29.588452838093623,30.998749499192673,No,Yes
2010-01-12,Brisbane,23.0,27.997719519106646,0.7633644230039109,5.741981346197653,1.1450466345058663,ESE,33.923737499050844,SE,ESE,16.16037307604693,13.923737499050842,79.7633644230039,66.4960759629257,1012.7763364423004,1010.4473271153993,7.0,8.0,24.049607596292574,26.616037307604692,No,Yes
2014-10-29,Brisbane,17.860548397363296,27.595113282617195,0.038617404589844105,7.386174045898441,10.461382595410157,ENE,35.262216793457014,N,NE,7.386174045898441,13.0,59.12395725244143,58.510131298339864,1016.9896305344239,1012.484743817041,3.386174045898441,3.772348091796882,24.146126412451178,25.702026259667974,No,Yes
2010-05-08,Brisbane,17.537348023938435,24.810500184483136,1.4381304936033181,5.407000122988757,6.52295654312848,SSE,29.268478394552996,WSW,SE,7.961087036731797,11.0,80.3073913578212,76.03500061494378,1017.6552606182404,1014.7474780255867,6.6536956789106,5.6536956789106,19.868087159720556,21.384043579860275,No,Yes
2012-12-05,Brisbane,15.350543338115456,23.81929310787656,2.5434781007033784,2.5657604891705232,4.051630014346368,ESE,25.717390503516892,WSW,ESE,6.535326187060388,9.929347625879222,85.85869525175845,63.817935683543496,1024.317390503517,1021.5103252661049,6.535326187060389,6.464673812939611,17.61521715105507,21.758695251758443,Yes,Yes
2009-11-01,Brisbane,19.854841577849935,27.81981894611421,44.48596832385133,3.551131586786183,7.255294212564408,E,30.350226317357237,ESE,ENE,7.700452634714473,14.299547365285525,74.94479470078356,63.14751050907039,1016.1138457814781,1013.4889589401567,6.350226317357237,5.700452634714473,24.875113158678616,26.864977368264277,Yes,Yes
2015-07-06,Brisbane,13.452864816616739,23.26155286064237,0.009611784839406745,5.475046797087711,8.879852689507416,SSE,30.8558232274089,SSW,SE,6.855823227408898,8.855823227408898,58.91311955974365,61.29759095331992,1021.0652478238975,1017.7277244253535,2.144176772591101,5.0961178483940675,20.218299828865042,20.91829982886504,No,Yes
2015-02-22,Brisbane,19.350854268408618,26.679658292636553,13.010733424233237,2.3694874389548315,2.8626934752967417,ENE,29.49145731591386,S,S,5.796582926365544,4.0,75.71195975772059,83.20341707363445,1019.1847035358666,1015.5609849384796,5.152562805225842,7.050854268408614,24.618633170546214,24.179658292636553,Yes,Yes
2012-07-25,Brisbane,19.816700968245122,26.556065859030628,10.717294915565468,5.294630993025076,0.14731549651253817,SE,23.773360774596096,SE,ESE,6.113319612701953,8.773360774596094,89.96024697136485,92.64016464757655,1020.3606351092145,1018.7473154965126,7.886680387298048,8.0,21.354672154919218,22.0620288133259,Yes,Yes
2012-12-29,Brisbane,18.591174433954745,28.112851013266287,0.6261446960201135,5.356425506633145,9.034638259949716,NE,22.0,SW,E,4.0,8.478212753316571,77.60893623341713,62.13072348010057,1017.2004426694874,1013.8308894811584,4.956425506633144,3.7826808700251418,22.94765527427383,27.134582926263775,No,Yes
2011-05-29,Brisbane,16.27193133936481,18.96887043130673,5.624487264464615,2.101009965916539,0.09846954597096153,SSW,17.198959023775004,SW,SW,3.9693909194192307,4.03060908058077,89.98469545970961,84.09182724174231,1013.4168349943194,1009.7642790692196,8.0,7.015304540290384,16.878053155480966,16.673461793393848,Yes,Yes
2012-08-12,Brisbane,13.213312738384102,22.713621662622554,0.3061929828343781,3.5866872616158965,7.086841723735121,SE,34.53405415655638,SSW,SE,2.3328184596025854,10.866872616158966,84.33436308079483,56.86532799496672,1029.5732200611126,1026.713312738384,6.066563691920517,4.199691075761551,16.69334363080795,21.613621662622553,No,Yes
2013-10-31,Brisbane,15.592096882244029,27.352183756222047,17.16464394688119,3.8004159535661035,3.908111094539022,SSW,36.020797678305186,ENE,NW,5.492720812593186,6.501039883915259,82.471923134288,69.95216533989807,1014.8977122553864,1010.4434487313339,4.995840464338963,4.995840464338963,20.24594445273049,23.551767802655938,No,Yes
2010-09-27,Brisbane,20.633424033799656,27.85943186867986,0.0,6.9236264690400375,4.0630039174401,SE,38.6849804127995,S,SE,9.224357861199564,13.0,62.6849804127995,70.84249020639975,1022.0011906829201,1020.69212451032,5.381867654799812,6.460622551599937,25.252747061919923,24.076373530959962,No,Yes
2012-05-06,Brisbane,21.806126807106505,29.079243476722226,11.14241881160201,7.273585507759257,4.33019710862959,NE,30.68396376939814,N,NNE,6.787746385786987,13.0,62.797123148657626,63.320724612037175,1013.836323915736,1010.7311347849167,7.0,7.0,26.463207246120376,27.27405434590279,Yes,Yes
2011-07-05,Brisbane,18.601819541120665,23.832915356193606,44.25248741083567,2.2914679040981554,0.06158511643899139,S,34.231702328779825,SE,SSW,11.463404657559657,8.689041849270604,92.53659534244034,81.4512743834219,1013.6896483629774,1008.2067125547812,8.0,8.0,20.117064191803692,22.242053965802338,Yes,Yes
2012-03-17,Brisbane,18.429049309510262,23.972940914071017,11.996019552837451,3.6580986190205174,4.98217236957759,SSE,19.83167481368227,SSW,SE,3.887783209121514,6.056108395439242,88.99004888209363,92.43891604560757,1023.2333052060636,1020.0230786387665,7.056108395439243,7.056108395439243,21.32443358175697,21.75610839543924,Yes,Yes
2010-12-08,Brisbane,21.95574840287483,26.211149680574962,35.675965012976576,6.6,0.1888503194250335,SSE,15.89197444599732,S,SE,2.22299361149933,6.2787420143741635,90.11149680574965,84.8327547913755,1014.7331019165501,1011.8108025554002,8.0,8.0,24.7331019165502,24.838676756837685,Yes,Yes
2013-11-24,Brisbane,19.97184298604599,32.547677973754496,0.0,7.224963412623988,9.961756480731513,NE,28.0,N,NE,6.867198933555003,9.531204265779984,54.66400533222498,56.85921493022995,1014.3601596800665,1008.9116833059795,1.7968063986699772,1.6640053322249813,26.985921493023,30.15471722724301,No,Yes
2011-03-02,Brisbane,22.52754446263288,30.881974030039444,0.0,9.054561438978403,8.490877122043191,NE,39.364035974460116,NNW,NE,8.454825182122079,16.27280719489202,58.54605396169017,56.182017987230054,1015.0090349635756,1010.963596402554,3.545614389784045,4.909210792338033,27.091052950805643,29.07289510927325,No,Yes
2011-09-14,Brisbane,14.305695768094399,22.868733511078077,11.693859702363037,5.603797178729599,2.883417460856639,WSW,37.824681661742396,WSW,WNW,11.208543652141598,8.004746473411998,88.02373236706,49.7819634010344,1013.3914563478585,1008.2687033932795,8.0,7.1990507053176005,14.903322531388397,21.947879145863922,No,Yes
2014-08-28,Brisbane,24.74881381794893,33.17479597828084,0.8126020108595781,6.7732397010553305,6.535433668476596,W,52.77168342382983,NE,N,5.385841711914909,9.645663315234037,67.32283165761702,68.03150502714895,1009.6606376901958,1005.4417346739064,6.0,6.6771683423829815,29.129132663046803,30.164566331523403,No,Yes
2011-07-20,Brisbane,18.43477453335019,25.718744195845446,3.4641213500189596,3.94402022500316,5.2600505625078995,SE,32.89397379176673,SSE,ESE,9.0,10.4402022500316,70.7201011250158,61.279898874984205,1020.9891445666372,1018.0345217208107,7.0,7.0,22.666835208359668,24.106784645851768,Yes,Yes
2010-05-24,Brisbane,14.837398728357922,26.057000706467818,0.0,2.1341009184081665,7.734100918408167,WNW,28.971997174128717,SSW,NE,2.2570007064678204,4.64250176616955,74.10049752736262,65.32949540795917,1017.2028002825872,1013.0385501059701,5.357498233830449,5.357498233830449,19.948599858706437,23.79555081243799,No,Yes
2012-10-25,Brisbane,13.391487003785576,17.252272385209565,26.29378004833281,2.5663874697919913,0.20767540559039668,SSE,34.168062651040046,WSW,SSE,5.622408353472006,4.3775916465279945,94.79047100451206,95.54565429756806,1023.0483454780897,1020.044816706944,7.811204176736003,8.0,14.752272385209567,16.018041991702372,Yes,Yes
2010-07-12,Brisbane,21.294593153363294,26.96683131846714,23.348895266041538,3.4152326291072534,0.6565115805951643,E,40.05406846636702,E,ESE,18.027034233183507,14.28255790297582,86.51104733958462,78.69040786384066,1011.7614244718305,1009.5717442097024,8.0,5.538081572768133,23.40761631455363,26.095087108764723,Yes,Yes
2011-03-30,Brisbane,21.513721571132045,27.938157769071097,12.61202777730013,4.296241319593709,1.9458654515530796,E,44.129698350507866,E,ESE,20.129698350507862,18.129698350507862,74.6109049484764,67.10714626807011,1011.9558283422788,1010.7313921443397,7.625939670101573,7.0,25.07781901030472,25.340412977314873,Yes,Yes
2012-03-04,Brisbane,12.689786578114367,19.125701209360113,19.101463600272233,1.3640853687542536,0.0,SSE,29.767683187882824,SW,SSE,5.281707375085072,14.306402656569018,96.92256106262761,89.35914631245747,1018.2003353092921,1013.4953962529953,8.0,7.179573156228732,14.753871946868617,18.0693597343431,Yes,Yes
2013-10-09,Brisbane,21.394060912568847,28.24099111598397,6.242776646449658,5.390890863114673,5.802969543715576,SSE,39.69703045628442,ENE,E,12.302969543715577,13.091091368853274,73.34851522814222,82.90890863114673,1017.2439606596995,1014.7166332490436,7.0,6.348515228142212,25.250100252869302,24.140991115983972,Yes,Yes
2014-03-25,Brisbane,19.421899148702554,28.37994692036976,4.125241328640924,9.041336871975348,9.668689667839768,ESE,37.34652512098604,SE,E,7.0,13.413368719753489,73.79946920369764,81.97273176419066,1020.0039575362958,1018.71125725253,2.2066843598767454,6.1732625604930185,24.289973460184886,22.97203184777814,No,Yes
2011-10-29,Brisbane,20.254875996019948,24.305512730768715,25.78796929179389,6.465650145890204,0.0,E,29.013572400532468,ESE,SE,11.0,9.547922254642268,84.91772789124794,94.80831098143092,1012.1148458700301,1010.3518264336906,8.0,8.0,23.311025461537426,21.12468163262562,No,Yes
2015-06-28,Brisbane,18.578965855620886,30.993554975329257,0.0,7.742493056349952,11.263951968320788,NE,28.0,N,NE,6.214589119708374,12.141643521166502,51.64376735912513,56.57082176058324,1015.1854108802916,1011.8772667852539,1.0,2.570821760583252,27.821034144379112,28.457931711241773,No,Yes
2010-01-28,Brisbane,16.231250390792198,23.906702207437796,0.5018072665823807,3.0718372834808334,4.199473141108272,ESE,29.245481833544048,SSW,ESE,5.886295416139879,9.754518166455952,68.88629541613987,70.60466825094822,1025.2788396599033,1022.0674692015172,7.0,7.0,19.93900631601345,21.829443124209817,No,Yes
2015-07-02,Brisbane,11.920785710161725,28.43506681907921,0.19220737353795325,4.148059902778888,7.78831106030693,W,45.298663618415794,ESE,NNE,2.2727419261716353,7.000000000000001,68.25970048610556,47.2337787938614,1013.8974078307756,1007.4636451557029,3.0779262646204675,3.1168893969307008,18.467541468934005,24.442859445541252,No,Yes
2012-01-05,Brisbane,21.310793785059374,27.990873057831053,1.7344445619269502,7.745238346986321,4.509126942168946,ENE,27.709523306027357,SE,NE,5.236507768675786,11.0,84.14523834698632,65.58095338794529,1019.3530948101233,1015.7767455869908,7.381746115662107,4.0,22.76349223132421,27.243571504095897,Yes,Yes
2011-04-19,Brisbane,16.680838545510397,24.14718312402152,8.467638512663255,1.6595807272448018,2.024959041289311,WSW,13.0,SW,SW,3.326891570222547,5.990337355333821,93.67310842977746,70.01932528933236,1018.7143301321565,1014.3855060330008,8.0,5.673108429777453,17.981804809977014,23.147183124021524,Yes,Yes
2012-04-06,Brisbane,19.84427736461926,29.344369288796727,38.425346433311496,6.950843783390813,3.7017794909590975,NE,27.311445270761485,NNE,ENE,3.3771094584770314,13.688554729238513,74.01595642604153,67.52439425994966,1015.0097577039799,1011.963792772579,5.245781083045937,5.278613176903711,24.58039266786281,25.98695908663436,No,Yes
2011-06-24,Brisbane,17.39676073950372,25.406093643531403,13.000000000000002,3.4499037806347124,4.461267899172868,ENE,28.697776346758957,SW,E,2.77079324193113,13.239362830621216,83.59429123392975,72.75048109682643,1017.9042548677514,1014.5979687854895,6.2292067580688695,5.843810137103305,20.615426547559093,23.290474657241734,Yes,Yes
2011-08-30,Brisbane,24.663677266205443,31.24977503587007,0.06367726620544206,7.773095395848978,10.23183863310272,E,35.497750358700685,NNE,NE,6.95515899308163,15.726454675891157,65.95515899308162,64.22870431719048,1014.3829634537525,1012.714802086855,6.363227337945579,7.0,28.168161366897284,29.231388704842853,No,Yes
2012-06-22,Brisbane,12.668124913892848,18.625312973589335,16.495006199714943,0.9912505166429119,0.0,SSE,29.253129735893364,SW,SSE,5.31875086107152,13.593754305357596,98.0,85.93437887482185,1018.7262484500712,1013.7965607348033,7.65937543053576,7.0,14.18906314580364,17.595625258321455,Yes,Yes
2012-06-18,Brisbane,20.50976337776099,27.06698526481738,2.972722792004141,7.470860491054317,4.509763377760991,SE,30.692501508246252,S,SE,5.303472641179515,9.60694528235903,77.17111245177445,76.43180698001036,1015.237292546477,1012.9761954331836,6.521389056471806,7.260694528235903,24.110165962818417,24.279818698700463,Yes,Yes
2010-06-17,Brisbane,21.28573483545626,27.69365992686945,40.24661419114397,5.655943818559891,1.8889048720215371,NE,27.007925091413192,NNE,ENE,4.480187271467031,13.992074908586812,87.96829963434726,72.49603745429341,1016.204755054848,1013.8606988734078,8.0,5.511887637119782,23.348018727146705,25.98652734459758,Yes,Yes
2010-04-12,Brisbane,18.11118941741804,28.14417278044741,9.151867310980208,5.707109641308061,9.270803968468236,NE,29.385780717383874,NNE,N,7.0,9.614219282616121,62.60664461962091,51.0,1017.6164916815146,1014.3763986771772,3.2284385652322425,3.921328923924182,25.359906995662573,26.797727601101435,No,Yes
2014-09-30,Brisbane,20.232485279960613,28.7258316977734,3.2046967609694152,6.2583169777340135,7.9921722275704346,SW,33.78669283562558,SW,NNW,8.561643768827617,7.000000000000001,62.393346417812786,54.9549901866404,1015.6268101083823,1009.3279842986248,4.909980373280816,4.0450098133595915,23.633659470202968,27.280821884413808,No,Yes
2009-09-12,Brisbane,15.523977782226847,24.44298333667014,0.0,2.9140333266597267,4.252044435546303,SE,38.1764259741242,SW,E,6.936648151855707,18.366481518557073,68.30312967041279,66.23977782226848,1019.8696870329587,1017.9316759240721,6.683240759278537,7.0,19.449318521484567,20.669687032958723,No,Yes
2013-03-11,Brisbane,18.53715214336476,22.644989408699892,36.58432546932974,4.390128551353986,0.007837265335129252,SSE,25.56895040656789,S,SSE,2.0,4.078372653351292,95.76488203994613,91.72569571327048,1016.8177087139811,1013.437301877319,8.0,8.0,20.380257102707972,21.056745306702584,Yes,Yes
2011-11-07,Brisbane,17.613578730033872,25.718184444209953,0.0,4.770248888803621,6.059979047381514,NE,25.49232380970653,SW,E,2.835892063431157,7.8358920634311575,75.58205396828443,60.74616190485326,1017.2892533335892,1013.6146371431038,6.582053968284422,5.328215873137685,20.725622222009054,24.58536285689619,No,Yes
2015-10-16,Brisbane,23.628176923057314,27.981048621199378,0.438903338175703,7.515709433952642,0.4139683599663666,WNW,22.259355587838023,NNW,WNW,5.935161103040495,5.935161103040495,69.09725834543926,75.42145283023679,1015.8531119012667,1014.7433860667228,6.8379027576012374,7.0,26.606483889695955,25.083790275760126,No,Yes
2014-02-18,Brisbane,23.92195782487213,28.85479718832481,66.20164318892505,3.2507409548209836,3.7479718832480877,E,49.464899736061206,ENE,NE,20.012871619309298,11.904056233503825,85.61622493401529,69.42433740102295,1009.9074095482098,1008.6210601583632,8.0,6.4520281167519125,25.419188753299238,27.893174694923278,Yes,Yes
2011-05-16,Brisbane,18.924495392309225,25.906643690387643,19.85917434615129,2.7857186384627317,3.289288978847049,E,33.18876151922694,ESE,E,8.03570340384317,12.341819634610694,77.92859319231366,66.7755350769299,1022.6489603153794,1019.4877370692258,7.576529057691881,7.0,22.683172748079524,24.63266052307897,Yes,Yes
2013-09-08,Brisbane,20.223883063625138,25.0,25.414892484998166,5.412214808250175,0.41573985812502084,SE,36.527804256249375,ENE,ESE,9.862959432500084,9.979641986249709,83.52780425624938,73.27408113499983,1015.6370405675,1013.8781527377499,7.431479716250042,7.431479716250042,22.462959432500085,23.97259188650002,No,Yes
2010-10-24,Brisbane,20.867585163919465,28.701102196703356,0.08481508494838308,6.29740389567102,1.7177810193805971,ESE,27.455547451548508,SSW,E,8.879622876290423,10.638868628871268,72.72777372577426,55.90558391958022,1015.1161277243256,1013.8559391624708,7.575924575258084,7.575924575258084,23.642958640825874,26.261841856909825,No,Yes
2009-02-27,Brisbane,20.43874444990831,27.355954612719138,0.0,6.370636408479424,3.514681795760288,SE,30.73164775529964,SSE,E,13.0,10.073408978801439,62.0,76.63295510599279,1014.9908633448838,1013.9078293044231,7.0,7.26835224470036,24.882789837189176,24.11215342870975,No,Yes
2009-06-01,Brisbane,13.008465405866302,23.063844864711236,0.0,1.6809174047294242,6.551075891768986,E,28.086071341518902,SSW,NE,6.872310270577534,6.893828105957259,76.74462054115507,58.51075891768987,1012.0704419436107,1009.3746037824011,3.5107589176898624,6.616930811732603,17.23615513528877,21.751075891768984,No,Yes
2013-04-11,Brisbane,10.85006908670764,22.150049347648313,0.0,6.499967101567791,7.949963811724571,SE,29.750115144512737,SSW,SE,6.250016449216106,12.000065796864419,55.00019739059326,52.250148042944936,1028.1999473625085,1025.3749259785277,3.5000328984322095,4.000065796864419,16.325074021472467,20.00003289843221,No,Yes
2011-02-18,Brisbane,15.815481679001023,22.1385984135783,32.607744629539404,4.283891197531219,0.7969663765465712,SE,40.48326407406346,SSW,SE,4.838911975312181,13.516735925936539,86.67782395062434,68.4163203703173,1022.1620287098896,1020.0781375123582,8.0,7.58054401234391,17.90240649998567,20.596652814812693,Yes,Yes
2014-09-13,Brisbane,10.504281981788473,21.45315335711611,0.0,7.053153357116111,7.755853000374445,SE,28.930183749531945,SSE,SE,6.66441696395139,11.265766785580556,54.25901767743473,53.853618390918065,1029.0797300356742,1026.7259017677436,3.132883392790278,3.5315335711611118,15.957435338904583,19.36711660720972,No,Yes
2013-04-01,Brisbane,21.125759969427474,27.362879984713736,0.08762666157124528,6.458826814433887,2.1103467532888303,SSE,36.50506646284981,SE,ESE,15.0,9.876266615712453,67.06693315499359,68.63893277283698,1017.349493353715,1015.749493353715,7.0,7.438133307856226,26.85618666921438,25.818053361358153,No,Yes
2010-02-21,Brisbane,23.05122722248222,29.123859685979035,0.04771937195806803,6.647719371958067,4.416843984930735,SE,44.19298429895171,SE,SE,13.0,13.95438743916136,67.95438743916135,71.32982198146762,1020.9659643962935,1020.179648164545,6.7614031402096595,7.0,25.87614031402097,24.82947434762261,No,Yes
2013-07-10,Brisbane,20.303565383720688,29.62372060382044,0.0,7.679844779900245,9.935968955980048,SE,41.71937911960098,SE,ESE,14.438758239201967,18.359689559800493,52.84186264119705,45.92093132059852,1018.6644190942692,1016.2723259622095,5.679844779900246,3.9604656602992625,26.3438758239202,28.075891345930167,No,Yes
2012-09-13,Brisbane,21.27936132313162,24.59147081059477,30.356897855210736,2.2242189749263015,0.0,NE,38.27799272984224,E,E,14.399087604473747,12.919270083578995,92.52018247910524,91.52018247910524,1011.6892591058262,1008.5228850236605,8.0,8.0,23.07936132313162,23.487434314773726,Yes,Yes
2014-12-17,Brisbane,15.338532072452335,22.843237611490746,1.875880464711245,2.971766765769551,4.242645771394031,N,22.476472304807956,SW,E,4.476472304807959,5.808819237980104,81.66469386634428,70.28529154278807,1028.7511690893257,1025.8226399350472,3.191180762019897,6.23823615240398,18.676768224856314,21.238236152403978,No,Yes
2011-01-13,Brisbane,21.633406670735557,30.922271113823705,0.0,9.146725336588448,11.511135556911851,NE,27.244542227647408,NE,NNE,7.111355569118525,13.48908445529482,54.64410220323406,49.02183108941036,1016.5510915544705,1013.5755457772352,4.133186658528885,3.266373317057769,28.295633782117932,29.146725336588446,No,Yes
2011-08-05,Brisbane,21.00925735852469,28.72298834793691,1.6764210952899719,7.813730989412225,4.822988347936915,ENE,26.0,ENE,ENE,7.39701757940831,12.068654947061127,70.31345052938873,61.656725264694366,1016.3244795582327,1013.5710468108797,6.068654947061127,7.0,25.76418131617359,27.616122853230802,No,Yes
2011-10-17,Brisbane,15.76685016565292,25.217881808448,0.0,6.780742667825235,6.654470452111998,SE,26.993122381366156,NW,NE,5.475928334781544,6.517194046584612,58.05502094907075,65.95873428819694,1016.0862447627323,1013.3786793822351,4.01375523726769,6.496561190683078,22.315818522857846,22.63232480757907,No,Yes
2011-05-01,Brisbane,20.237649253427353,28.33896180862192,5.906444248197098,5.148090431096017,9.440274363816485,E,34.66229148268478,SSE,E,7.051909568903982,12.116944689753627,71.88305531024638,75.42840210317752,1013.4272673396465,1011.7103819137809,5.8311457413423895,5.0,25.916885425865765,25.423388937950726,Yes,Yes
2014-01-07,Brisbane,22.46189186039255,32.14645276176397,0.0,7.259527034901862,10.144087936273278,NE,24.000000000000004,NW,NE,5.404729650981379,9.0,64.51182412745345,63.13074273137896,1014.3201687496099,1011.5415876449043,1.7023648254906891,1.0,27.619054069803724,30.584560901371418,No,Yes
2010-10-30,Brisbane,18.249901766552114,28.579912345538805,0.0,6.619996977432372,10.89001662412195,ENE,28.0,E,NE,4.29995466148559,11.59990932297118,60.700045338514414,50.300105789866954,1012.5600211579733,1010.0600362708115,5.800030225676274,2.099984887161863,25.289925947093135,27.519921413241697,No,Yes
2014-11-18,Brisbane,21.607452931709474,22.62674264837369,51.65734400246524,4.671635287806314,0.0,SE,29.572117626021047,SE,SW,2.2674264837368447,5.893029406505262,94.89302940650526,94.62560292276841,1012.7813676707264,1010.3081103190999,8.0,7.946514703252631,22.27698381748105,21.919772054878948,Yes,Yes
2013-09-01,Brisbane,19.169979862778884,31.183916191272953,0.8955036673229154,7.871478640337915,7.517582586286073,NE,34.626873471948784,N,E,8.917082993766396,13.0829170062336,52.69979862778887,79.70979047818238,1015.5041458503117,1010.7746253056102,1.2902095218176113,6.875624490649595,25.90049959251968,24.632667209973768,No,Yes
2009-11-27,Brisbane,19.441998794798522,25.813999598266175,15.777145152764719,7.480286689925006,2.910858061105887,E,35.61142742361764,E,E,14.69428628819118,16.694286288191176,66.27999196532349,59.502846812558765,1021.896289100328,1019.2020028121368,7.15285685590441,7.15285685590441,23.113999598266176,23.79300020086691,Yes,Yes
2013-05-25,Brisbane,20.358244014249344,25.83862325239846,22.204204562360044,5.0906017999434265,0.24843363332390445,SE,26.709810380925443,E,NW,9.709810380925441,6.0,88.54699100028287,85.19208580982016,1015.4676422143058,1013.1741137714447,7.354905190462721,7.354905190462721,22.696867266647814,23.23235778569408,No,Yes
2014-12-04,Brisbane,23.448161062151744,29.92656150471498,0.11231769867121358,9.217279645949416,4.487040265537937,ENE,25.913601770252914,NNW,NE,5.913601770252913,9.086398229747086,59.20957521645923,62.47519026360898,1012.9468769905701,1009.0555168135448,7.043199114873544,6.870402655379369,26.200642035790853,27.321599557436773,No,Yes
2010-05-17,Brisbane,18.543429219824105,23.908075238939244,11.89486751718564,5.931327388315541,0.03232300955756967,S,27.555531051332668,SE,SSW,8.93938057345418,4.646460191151394,80.17168152921114,83.15154856636455,1014.9515265125639,1012.8818362258368,7.323230095575696,8.0,21.906061942654585,22.086858439648207,No,Yes
2013-04-21,Brisbane,16.125898742462763,23.29162988778438,10.80846927199519,3.6545544690708702,3.6356473467510515,SSE,24.06991620142943,WSW,SE,5.034958100714715,8.587395251786788,79.96504189928528,72.58050279142341,1021.0496305870369,1018.7146724863222,6.482520949642643,6.4475628489279275,19.290940641748044,21.07134427339189,No,Yes
2012-01-24,Brisbane,20.25209230266846,27.3534871711141,20.133907370781348,4.2902359208805265,2.129292237358419,SE,30.590666448966537,SE,ESE,9.548820395597366,13.05579473782556,89.46512828885903,77.77682104869776,1014.5232822354899,1012.9725848012671,8.0,7.493025657771805,22.66743585557049,24.378594803135595,Yes,Yes
2014-08-31,Brisbane,15.099823880302935,26.89964776060587,0.0,5.2998238803029345,7.7165394691076745,NE,38.500293532828444,W,NE,8.750146766414222,12.83343117760948,55.41700912163318,60.91671558880474,1018.3337834170037,1010.625278856187,5.0,3.3331376447810386,23.183108291498197,25.0164220559763,No,Yes
2012-11-19,Brisbane,23.25502248835509,25.602623685952988,51.00519742746755,2.0,0.0,E,66.6069465514362,E,E,21.35807096919063,23.17466267467367,91.63318341096608,96.72488755822454,1003.7034982479373,999.7703148369712,8.0,8.0,24.273363317806783,23.736681658903393,Yes,Yes
2011-05-30,Brisbane,20.185614129572574,26.743417296261562,7.067826555272756,3.6697481112153003,3.451700851936196,SE,35.409763703604476,SSE,SSE,13.409763703604478,14.204881851802238,62.21708648130784,67.43417296261566,1011.4394962224306,1008.9165671113493,6.602440925901119,7.602440925901119,26.063905481441793,25.343417296261567,No,Yes
2011-06-20,Brisbane,21.3305545785187,28.764443662814962,6.705931918418633,4.793330988444883,6.160372063900918,E,42.87592136642061,ESE,ESE,17.214812209383204,14.785187790616796,64.58704811012139,69.3555633718504,1011.6761144330363,1009.8761144330365,5.661109157037402,6.107406104691601,26.542962441876643,26.20573885180282,Yes,Yes
2009-11-07,Brisbane,23.708723787864315,30.987450998361894,3.1058272673537424,6.761816314927313,3.3850911580096916,E,32.36181631492731,NW,ENE,4.638183685072686,16.14908841990308,70.31819737560572,74.08544894478194,1013.4229170563102,1012.8272789502423,4.850911580096916,7.787272104975771,28.10672173428436,25.45109047348304,No,Yes
2013-06-21,Brisbane,12.34304436569465,19.22467236003437,0.4734880226411256,4.584778171526761,0.9892389085763381,SW,15.699470942538026,SW,WSW,4.269027285591548,6.05380545711831,64.61416371354929,59.72177462778592,1020.3448839830193,1017.31798125446,7.0,7.05380545711831,14.773097271440845,18.670866902916057,No,Yes
2010-11-13,Brisbane,23.0906480252356,30.13136973122512,3.9936671091518354,7.818703949528797,5.7283506473088925,ENE,31.248894788691143,ENE,E,9.437407899057595,12.312223697172785,79.906480252356,67.2187039495288,1016.0128131432042,1013.4877763028272,5.656111848586392,7.2187039495287975,26.925036840376965,29.043888151413604,Yes,Yes
2015-01-18,Brisbane,14.196519467491822,22.554614159193022,0.0,3.426929204034896,6.913464602017448,S,20.680787612104687,SW,S,7.0,9.0,64.75188937780807,65.95763716368593,1029.5788185818428,1026.6015115022465,3.659606193947656,5.226929204034896,17.9709526541494,20.620574778587788,No,Yes
2011-02-06,Brisbane,18.445354471563537,27.10360634146906,2.2366746017043133,6.110207837393481,9.53722500810486,ESE,32.51650373981105,NE,E,4.207212682938122,11.27628357725083,77.10513430900332,54.38141788625414,1018.4858802276306,1015.7582518699055,7.069070894312707,3.0690708943127074,23.134535447156356,25.55886305691923,No,Yes
2014-12-16,Brisbane,24.358797133655056,31.67682338768097,0.0,8.815451074879354,6.815019088163554,NE,22.0,N,NE,6.0257517914655905,9.0,60.81973745974088,57.20601433172471,1011.7356205213359,1009.0253198047499,6.02575179146559,6.97424820853441,28.087124104267208,29.935620521336027,No,Yes
2013-01-22,Brisbane,23.09145560826369,35.371925570009275,0.0016275031878683877,10.181283713339512,11.180063085948612,ENE,29.955243662333615,W,NE,3.9918624840606585,12.975587452181975,56.11392522315079,57.02848130578769,1008.7252262994119,1006.0158681560818,5.0081375159393415,1.0244125478180255,30.073553073197143,31.88372496812131,No,Yes
2014-12-04,Brisbane,23.432954614387178,29.905019037048508,0.1452650021611101,9.22234846187094,4.483238653596795,ENE,25.888257690645297,NNW,NE,5.8882576906453,9.1117423093547,59.5643923309658,62.61458270145084,1012.989961925903,1009.1011361568384,7.05587115467735,6.83238653596795,26.1714963442421,27.327935577338682,No,Yes
2014-06-01,Brisbane,19.57260088197035,29.241853776171688,0.14740711135820178,6.768150220492587,10.01073911247011,E,35.15924889753706,ESE,E,9.0,15.94814222716403,62.0,48.25928886417982,1016.7655373485295,1014.5077586826039,4.2629644432089915,5.0,26.141486218268774,28.099999999999998,No,Yes
2012-08-11,Brisbane,15.329071503643457,25.729578850824947,0.0,2.4918315403299776,8.738254657676455,E,21.816336919340046,SW,NE,5.362252689505032,8.729578850824947,74.81633691934005,58.0,1018.4698628972274,1015.1872145109304,3.0,4.270421149175055,20.466311466956938,24.102029388725953,No,Yes
2011-05-07,Brisbane,20.723498890327217,27.37650110967278,17.12829264533128,5.023844799952094,2.4473436902793106,E,43.70583148387869,E,ESE,16.76414632266564,14.411662967757387,84.5883370322426,72.76414632266564,1014.4828514579888,1012.5299357160495,7.411662967757389,5.294168516121306,23.005831483878694,25.988164077430174,Yes,Yes
2011-03-05,Brisbane,18.14388727843621,26.99686519439741,2.611917638295005,6.206269611205173,9.702193467754283,ESE,32.84325971987067,NE,E,3.93730388794827,11.06269611205173,76.25078444820691,53.59561306449143,1018.6404386935508,1015.9749215551793,7.031348056025865,3.1253922241034604,23.1,25.365517138371548,No,Yes
2011-01-05,Brisbane,15.716682960317348,24.059849949124803,0.3247879959299844,3.8111219735448985,7.092742980667426,SSE,30.80772990842465,SSE,SE,6.1837899287747256,7.559849949124805,74.19227009157535,82.32045015262558,1027.1145140386652,1024.7961350457877,5.0,5.752120040700156,20.315834944037288,20.797455951159815,No,Yes
2015-01-22,Brisbane,21.139142198779798,30.382641046644444,0.16303612576262608,9.678284397559596,10.648978480712627,NE,27.347855496949496,NW,NNE,6.510891622712122,8.184819371186869,53.38019215016666,56.56501152135353,1014.9087132981697,1010.8174265963394,3.6521445030505046,5.326072251525252,27.135908533458082,28.905479632847975,No,Yes
2014-10-17,Brisbane,23.97397985699469,30.226929316904087,0.23963633044048566,7.266868705310841,4.2851715806997746,NE,30.399393884067475,NNE,NNE,6.399393884067476,6.93191906282411,71.13616187435177,75.53858633808187,1012.6659595314121,1010.719515107254,6.733737410621683,7.201212231865048,28.08048489274602,27.686686870531087,No,Yes
2014-04-25,Brisbane,23.586226902303142,31.560099971572722,13.992323509892378,8.710684639438465,5.533973040842302,W,49.37771131432338,NE,NE,6.192403818819925,8.515442291291954,69.2612693073042,71.74582701601226,1010.2254172983987,1005.8938230834832,6.32303847247203,7.161519236236015,28.176251895196323,29.0662768880895,Yes,Yes
2014-05-05,Brisbane,19.243451149718354,25.543451149718354,2.5565488502816467,5.306049904615083,2.734771312382647,ESE,25.539189175610232,ESE,SSE,4.2956340998122355,7.834823275422469,78.80010392607964,70.19989607392036,1020.2461330454787,1018.4809043578614,7.0,7.0,22.75213098705406,22.379116427354482,No,Yes
2013-02-13,Brisbane,19.86677292527131,26.65580349229972,17.90395636506518,5.4451528351420615,2.368685580154874,SSE,24.003187758139276,WSW,SE,5.112882087855152,7.112882087855152,80.99999999999999,84.77742358242898,1017.2764672549872,1015.6648602703877,7.0,7.554847164857939,23.666135373643456,23.244196507700277,Yes,Yes
2011-08-31,Brisbane,18.632968364103927,27.131294165081055,3.6200903882744893,7.251384553355543,9.715647082540528,SSE,41.77656121367976,S,SE,7.983258009771259,17.776561213679763,67.63683237850323,50.41339359218299,1023.3580813494472,1021.0184161892518,2.396651601954252,3.603348398045748,23.891629004885626,25.56928512625361,No,Yes
2012-04-19,Brisbane,13.34053401859019,22.85675876351071,0.02162061824464468,3.535138145266066,7.1243278361437445,SE,34.24327836143744,SSW,SE,2.216206182446447,10.459484543883883,84.1351752702142,59.351195827919916,1029.370276290532,1026.6459484543884,5.8918969087767765,4.3243092736696696,16.90539587332412,21.52974227194194,No,Yes
2012-08-18,Brisbane,22.614660482169203,27.502623375184417,19.225001888589187,5.357098322429697,0.27854916121484846,ENE,44.87962893015216,ENE,E,9.293209643384051,13.586419286768098,87.94753249631165,88.4814842793914,1010.273302410846,1008.2026233751844,8.0,8.0,24.934567714707242,24.56651205423006,Yes,Yes
2012-07-29,Brisbane,15.14866738313076,23.726652337384785,0.0,3.3573562601843423,3.693976356684897,W,37.0,NE,SW,5.460021493922821,12.133261686923928,69.56663084346197,79.4866738313076,1013.2159914024309,1008.7593283180847,6.513326168692393,7.0,20.059328318084674,17.528624395285114,No,Yes
2010-06-23,Brisbane,17.49041051754434,26.33385963787736,0.5067087710301889,4.993607011696227,7.956866662393397,SSE,34.90094734817925,SSE,SE,9.367403493028306,9.83385963787736,70.09905265182076,75.49842108636793,1025.3862666752132,1022.7495263259103,5.0,3.9329122896981112,22.8172456016651,22.980505252362267,No,Yes
2012-11-13,Brisbane,21.693086207941253,31.644302957605184,0.0,9.195133001344278,11.974391625168034,NE,28.837389165546433,NW,NNE,7.837389165546435,10.67477833109287,50.93086207941253,53.256083748319654,1012.3691379205875,1008.4179211709236,2.162610834453565,4.162610834453565,27.874391625168034,30.318694582773215,No,Yes
2010-12-08,Brisbane,18.07901517303849,28.42427058183409,0.0,6.490510817591202,11.191606069215394,ENE,27.452554087956017,ENE,NE,4.684307390054981,10.726277043978008,61.0,51.54744591204398,1013.4664242768616,1010.9843073900549,5.589415565967012,2.1368614780109962,25.18321213843079,27.410584434032987,No,Yes
2014-07-03,Brisbane,20.850344144263286,29.29481210349322,10.740391617388685,7.928215981183049,8.318051821238974,E,30.358920094084752,NW,ESE,8.401799843192084,11.7178401881695,79.96611946685309,50.469560909485914,1019.063419702065,1016.7744837836052,5.760719937276834,1.8374802195310824,23.397300235211876,28.153043909051405,No,Yes
2009-10-24,Brisbane,17.159161185034087,25.237857494925414,4.405922186535269,2.404729658519068,5.039050022941612,SE,37.92309248213298,WSW,ENE,15.449722094768818,11.0,82.8698332568613,67.63314806317922,1009.02307225536,1009.7846184964267,6.289944418953763,5.289944418953763,19.830166743138708,22.961526014293618,Yes,Yes
2014-09-19,Brisbane,19.926164056344387,26.68462167856846,0.0,9.055383776190872,3.8215351047634893,SSE,32.53846853174273,S,ESE,14.446162238091278,8.538468531742732,62.70771188887964,60.199981817468895,1017.7369225174606,1016.1369225174607,6.538468531742732,7.0,26.26308657380497,25.52462713332779,No,Yes
2014-06-25,Brisbane,15.67515657601527,25.46704531483655,0.8978447745931746,6.64486675670723,8.010266486585541,ESE,32.040556305893574,SE,ESE,11.0,14.999999999999998,60.48922387296587,48.73510991057027,1024.243221171749,1021.6329546851633,5.0,6.408111261178716,21.540556305893578,23.593534323779526,No,Yes
2013-08-19,Brisbane,19.462795708326833,25.43921431187887,0.0,6.270043649340063,2.9768550969526655,N,26.101309480201884,SE,ESE,8.400872986801254,7.8524007137034495,70.94498032589279,70.84367084569091,1017.7431427524846,1015.2929245057843,6.299563506599373,7.299563506599373,23.39869051979812,24.018952415838495,No,Yes
2011-11-17,Brisbane,21.48791077192536,28.863002054575436,4.1081811955832,4.033455043533439,8.03382017413376,SE,35.8327247823328,ENE,ENE,11.2490871734992,14.4163623911664,79.91453673816478,66.7509128265008,1012.0739958908491,1009.240905977916,5.2918188044168,4.875456413250401,25.92991214164232,27.56691008706688,Yes,Yes
2011-01-14,Brisbane,15.589000192778471,26.040833493982056,2.6010017350062227,2.089000192778469,7.881666987964115,WNW,25.183330120358846,SW,N,2.9633339759282307,4.963333975928231,71.6283310842512,59.29332819257416,1015.6068323373113,1011.2178321445327,5.036666024071769,4.554999036107654,20.62616708435335,24.511500674724644,No,Yes
2013-03-30,Brisbane,18.24352305875798,24.994718094806878,0.0,4.43157269826896,5.067925540733527,NE,25.732074459266475,W,ENE,3.511950360489018,8.511950360489019,71.0861613284107,62.755975180244505,1018.4186781822298,1014.6942757002543,6.622012409877746,7.0,20.937296998014716,23.61912057678243,No,Yes
2012-01-22,Brisbane,18.484746907110022,26.50508436429666,2.9898312714066804,4.871865017125344,6.77796400363163,ESE,36.41016872859332,SSE,SE,9.35932508562672,13.589831271406679,71.78305962117682,63.667806528286846,1021.4894893129207,1019.6484724400614,7.0,5.5898312714066805,22.723050618577997,24.480677165022993,Yes,Yes
2013-10-07,Brisbane,22.277679275696396,25.42078970961995,1.094386279493267,4.851786183797596,1.7659414964550444,SE,24.228310625314894,ESE,ESE,8.492344926581728,6.735965698733168,75.73596569873317,81.52806860253366,1014.0,1012.1274241065825,7.253827536709136,7.005103382278849,24.27461724632909,23.193365603037496,No,Yes
2012-12-27,Brisbane,19.924707081253477,29.63764645937326,3.884535331689228,6.741343424550343,7.366297939495646,ENE,25.046212064713522,WNW,ENE,6.6697474709809015,10.70671712275172,65.95378793528648,60.660505058038204,1015.6027727238828,1011.869747470981,4.321010116076394,4.321010116076394,25.47159595356944,28.03394949419618,No,Yes
2014-04-19,Brisbane,21.91234887342537,31.497717726969075,0.22621926220469146,7.598478484646048,8.42881403799253,ENE,23.77897028937098,WNW,NE,2.8689036889765425,9.606711066929629,71.8353483543284,60.958837088582094,1012.2063985641727,1008.2056378064957,6.131096311023457,4.393288933070372,26.423936989173765,29.637807377953088,No,Yes
2013-12-07,Brisbane,14.177248086661228,15.553352738823168,5.644186086477665,3.265465130267183,0.0,WNW,16.297868260350803,SSW,SSW,4.0,3.492635652253723,90.7315891306343,88.98527130450744,1019.394108521803,1017.0463178261267,7.7463178261268615,8.0,14.754825608372425,15.226511651886602,Yes,Yes
2010-07-29,Brisbane,18.037919165287434,23.1,6.066938714829545,4.669131685975936,0.0,SE,22.810404173562834,SE,SW,7.0,4.0,85.7063624379345,88.0,1019.3955501921273,1017.7602320702305,7.594797913218583,7.405202086781417,20.910404173562835,20.540520208678142,No,Yes
2010-03-26,Brisbane,22.32886926887357,29.414450193258535,0.0,3.7714107899179963,4.685549806741461,E,27.714107899179954,E,NE,7.857053949589979,14.14294605041002,75.85767630246012,72.71504142848518,1015.656867243729,1014.2712863193441,7.0,7.0,25.92871368065604,26.700124470574035,No,Yes
2011-03-25,Brisbane,22.88257714628014,29.56028498800694,8.858693956855143,6.267505899278406,2.7416032853694725,SSW,42.30142494003471,ESE,SSE,7.518052278178663,6.0,73.02981031176928,90.03610455635733,1009.9981117266235,1007.1535274100772,6.259026139089332,7.0,26.719940551555077,24.7006294244588,No,Yes
2014-08-27,Brisbane,18.781473163288002,22.142852206786284,5.570363971760003,7.435974265542858,0.23280514689142826,SW,26.042312502845714,SW,SW,2.9312205875657136,5.068779412434287,84.11109191528,84.64548162149714,1016.12963602824,1015.3201113960378,7.767194853108572,8.0,20.037558824868572,20.119571692097143,No,Yes
2014-11-07,Brisbane,20.81009499430285,29.622746572050815,1.4810226333780478,6.37972245174255,4.66200148693022,E,31.35441929624661,S,E,10.113951759383466,8.417677184986456,65.69627457439701,67.16464563002708,1015.1848356186327,1012.9038129852547,5.8227903518766935,6.291161407506772,26.47465306467819,27.06451429054946,No,Yes
2013-09-20,Brisbane,18.309371473746904,29.281477302218555,5.851157668611339,6.321058284716489,10.618632822637627,ENE,27.186328226376276,W,E,5.721058284716489,12.697904912489681,63.81367177362372,59.23263497082989,1015.746526994166,1012.0721058284718,2.488423313886596,2.488423313886596,25.207056136524226,27.66515981680361,Yes,Yes
2012-03-11,Brisbane,21.92067383328989,26.27324372387009,0.4086236562581454,6.246544802064328,1.1801541197414367,W,45.27584229161236,N,SSW,7.0,4.637921145806182,74.53455197935672,91.04311828129073,1008.7172473125163,1006.7388064531617,7.362078854193818,7.681039427096909,24.349971322837927,19.747372755095654,No,Yes
2012-02-24,Brisbane,15.998763589714185,24.509994822966025,11.559917167456385,5.164966349279156,3.742503882775482,WNW,38.96238998802801,WSW,W,10.38742881578283,8.28748058612259,93.71251941387742,49.80010354067952,1012.3125194138775,1006.9925297679454,8.0,7.0,16.31251941387741,23.6,Yes,Yes
2011-10-25,Brisbane,14.219955421425595,22.379598792830357,12.837459021258915,2.9995542142559497,6.098662642767851,E,26.0,SW,E,4.80044578574405,11.3991084285119,86.79821685702382,69.6053494289286,1026.3790415606502,1023.1589746927887,6.400222892872025,5.800445785744049,18.29966566069196,20.399331321383926,Yes,Yes
2011-04-03,Brisbane,17.922974878017296,26.12617614886577,13.000000000000002,3.8930314762250933,5.338291463362163,ENE,29.34400423616159,SW,E,2.955429781760455,14.254863799682502,81.10169794623384,70.53484261887453,1017.4980544801269,1014.3579412837114,6.044570218239545,5.566855327359317,21.529377419714255,23.982861681601705,Yes,Yes
2014-02-25,Brisbane,10.148143551112089,21.64867396508006,0.0,6.8342173566132915,8.317639092274622,SE,28.58023925185348,SSW,SE,6.082891321693355,11.331565286773417,52.99469586032024,50.74602189524018,1028.7347477705814,1026.1269890523802,3.1657826433867085,3.331565286773417,15.573010947620093,19.66578264338671,No,Yes
2012-11-14,Brisbane,16.654969448799672,21.79255518194581,25.563860838354696,3.9698590849080455,1.131911708886698,SE,28.35814939351395,S,SSE,4.358149393513955,5.414889636108373,93.64185060648605,82.5674024259442,1022.4180695808226,1019.4425364716551,7.056740242594419,8.0,18.64362140028079,20.051066218334977,Yes,Yes
2014-02-05,Brisbane,19.15792323394097,24.590533726688506,1.6909925051803323,5.5962746611409795,1.7889769095868795,W,21.54503747409834,NW,WNW,4.18167915803278,9.054350821245892,82.78259671501644,92.63664168393443,1016.945802104918,1013.4603976080263,6.690992505180332,7.563664168393444,21.985098644563912,20.56708365492458,No,Yes
2015-05-29,Brisbane,21.66253109883208,27.33957815019465,0.9102974544770234,7.120843699610693,1.9728285533091041,E,24.155705770438583,E,ESE,8.176798260705924,7.781016758759393,63.14515952530491,56.54094102725144,1015.8385235256814,1013.59683612646,7.0,7.0,25.365694972372182,25.886538671982873,No,Yes
2011-12-19,Brisbane,22.65414441377819,29.4425417387611,0.5867404012525624,7.586740401252562,6.001656923730354,ESE,28.198893981211565,N,NNE,8.955801337508541,9.088397324982918,55.04419866249145,69.69060936255978,1013.961878127488,1010.9132595987473,5.933702006262813,6.911602675017083,27.600553009394222,26.177900668754273,No,Yes
2011-06-19,Brisbane,23.08879899227148,26.24520856569239,29.24617023789815,3.4456131004707196,0.11120100772851692,E,52.763843802079876,E,E,16.995954652216742,18.99595465221674,90.88798992271482,93.10796472950189,1008.0816433323263,1005.6164599598467,8.0,8.0,24.25560050386426,23.421997480678705,Yes,Yes
2015-03-15,Brisbane,19.992956225645532,22.08370177875587,54.70991005421068,4.348239056411383,0.0,S,30.968059164832752,SE,SSW,4.258804717943085,8.258804717943086,95.0,95.0,1013.8811633025601,1009.7031940835167,8.0,8.0,20.94791125275087,20.547911252750872,Yes,Yes
2012-07-16,Brisbane,18.535077023466943,23.177765013108306,18.366704960675083,1.6777650131083055,1.0907852480977576,SW,17.4774086162799,N,NE,2.3038054830872094,6.043400783298173,95.9167624016877,93.17716710147674,1017.0652793733615,1013.7001781984142,6.913198433403655,7.913198433403655,21.069441253277077,21.48228328985233,No,Yes
2012-04-22,Brisbane,18.125252980408657,24.802645979475734,7.343787322760226,3.509571996268315,3.4211803218273054,E,20.15071333955281,SSE,E,3.8492866604471923,9.0,91.52749668843482,72.82892336754045,1021.3692476819044,1017.8843190158597,7.0,7.075356669776404,21.355395648319213,22.770466982274495,Yes,Yes
2015-06-27,Brisbane,17.013966145140916,25.635292572222927,0.0,6.383823143055732,6.0264759972197535,SE,39.0,S,SE,10.676462861114638,12.676462861114638,59.16176856944268,61.64707427777073,1031.6683744326426,1028.9735240027803,5.595578576393297,6.838231430557319,23.122054573613052,23.389700859724517,No,Yes
2011-04-07,Brisbane,14.526495083994623,23.8336714871688,0.0,4.419137075131143,8.309568537565571,ESE,25.77093117592469,SSE,E,4.758970503967723,13.505980335978483,64.19318680820442,61.72308848809683,1021.7603481768527,1017.9145344120376,3.7470098320107588,4.4940196640215175,19.215548873544055,21.636063621560194,No,Yes
2014-09-13,Brisbane,21.737973390911908,27.655774481630605,0.6954111231066475,8.10348004318393,2.1304588876893353,ENE,27.649522354173122,ESE,E,6.086233369319943,10.258700107959827,66.08623336931994,74.86787786174654,1010.3310133045441,1008.6700955291653,8.0,7.6954111231066475,26.168432278601244,25.394856706251936,No,Yes
2011-12-30,Brisbane,21.97950162508059,28.105805266349897,0.36982618116409227,5.388783268148646,2.5282387300526077,S,31.603476376718152,SSW,E,4.226303641269308,11.603476376718154,81.019350887833,78.09478543492277,1013.8827811013745,1011.0582156484643,7.0,7.9245654529102305,26.249327806244686,25.315283809842178,No,Yes
2011-04-13,Brisbane,18.483378456809074,26.21418487550089,0.0,3.3656739502003568,1.6953974054743797,NE,39.67027654472597,N,NNE,6.1662154319092535,11.332430863818507,69.67027654472598,77.50947592990569,1012.3632372825102,1006.5468864801738,7.002707408544483,7.833784568090747,22.782295493391278,23.264049505073668,No,Yes
2013-02-06,Brisbane,21.16772084167809,28.919487216288633,2.240683711615158,9.226552714730808,6.772108230418122,SE,28.818518385624387,S,SE,4.433618213172982,8.73447285269193,72.7831908934135,67.66381786827017,1015.3185183856244,1012.7835611176004,5.132763573654035,6.349572680240526,25.562849037605933,26.101339054851074,Yes,Yes
2012-12-19,Brisbane,19.191935108331304,24.347246973419715,0.42330363189634207,4.62202421264228,1.5608179182489783,W,41.93854237212399,N,SW,6.116518159481711,7.8284213089125885,76.93854237212399,88.17157869108742,1010.4841215501453,1008.0417409202591,7.70550605316057,7.70550605316057,21.881562711637198,18.07183002457012,No,Yes
2015-06-22,Brisbane,15.390412162567554,18.40541921246182,7.0066697999530065,2.1958313750293708,0.0,SSE,23.962482375264337,SW,SSE,2.0,5.983325500117482,94.9874941250881,86.02084312485314,1031.3583137502937,1028.4583137502937,8.0,7.004168624970629,16.294580787538184,17.806252937455945,Yes,Yes
2011-05-17,Brisbane,18.857540044691053,26.54538758379572,0.12122997765447406,7.575695078209342,3.1,ENE,26.60614988827237,ENE,ENE,6.9092248324085555,13.60614988827237,64.63689932963422,58.515374720680924,1017.1790646536443,1014.8336770698487,7.0,6.696925055863815,24.47877002234553,25.61815503351829,No,Yes
2013-04-11,Brisbane,24.159966959241032,29.521546776103108,0.492638534896624,7.107361465103375,7.267866043551425,E,29.152605494137664,SE,ENE,10.53680732551688,10.07361465103376,75.31058718034546,76.4739450586234,1012.7026880960351,1010.9258477297592,5.84739450586234,5.46319267448312,27.752605494137665,28.32154677610312,No,Yes
2014-03-20,Brisbane,14.740786400200605,20.757248235392456,17.58722513135485,3.6103194353255845,4.054053882136606,SE,31.94348941235471,SSW,SE,6.2113021175290575,9.525798588313961,77.6289929415698,72.15479152988377,1027.5766581171945,1024.3235869172618,7.2628992941569805,7.2628992941569805,17.835626682537814,19.55208851772966,Yes,Yes
2009-06-19,Brisbane,16.447457815004395,24.12033932750805,1.569491316661787,3.616949131666179,4.2389832491713015,SE,22.33898263332357,SSE,ESE,8.745763025007319,7.000000000000001,69.33898263332358,64.35593053329431,1024.377965882495,1020.6610167508288,7.0,7.084745658330894,19.78305086833382,21.862712156673496,Yes,Yes
2011-02-25,Brisbane,21.303543111115324,28.185252518520794,0.3834809629631385,6.6,0.4212354444399694,ESE,30.371678333329385,SSE,SE,7.0,6.454273518513692,87.71977462964324,88.43069148149816,1014.763418814811,1013.2221212222189,7.710916851854924,7.793512037039231,22.805901314816875,23.988496500001187,No,Yes
2013-05-09,Brisbane,14.697476357848025,22.13056332269075,1.5074177635876682,3.9421361022422925,4.0256692012550594,E,30.826408306726876,SW,ESE,5.884272204484586,7.347183386546245,72.11572779551541,83.90058594260356,1028.2462911182063,1026.801631373812,3.0,6.76854440896917,18.691689968072254,18.628931948878858,No,Yes
2012-04-07,Brisbane,23.43671307916488,26.601921935406832,39.13474549456131,2.0,0.0,E,55.402693451499196,E,E,19.23834740974309,20.449303812526832,90.42191280556747,95.8164346041756,1005.0358959138758,1002.3139831083083,8.0,8.0,24.515617438886505,23.857808719443256,Yes,Yes
2011-11-04,Brisbane,19.381485312091,28.389324393406408,2.68323882198966,7.666219670320577,10.39716347472182,E,31.640536395615307,SSE,E,4.533780329679422,16.145951472512923,67.85404852748707,64.34863345058946,1013.0747292461551,1011.2067560659359,4.320268197807653,5.0,26.06797318021924,26.229190294502587,Yes,Yes
2013-06-24,Brisbane,19.767830032398482,28.030075909284253,4.288072596132062,7.2587557796903255,5.181851494583687,SSE,26.657359740812147,SE,ESE,7.9930198056091095,14.314719481624294,76.05584155512712,62.11168311025424,1018.771320129594,1016.4741122073503,3.3496204535787424,5.342640259187853,23.72518977321063,25.62169967601519,Yes,Yes
2013-07-02,Brisbane,20.516967990389556,28.23574392311645,11.223088326755077,3.546591577140488,7.9393598077911305,E,37.133521057148776,ESE,ESE,13.642560768835477,15.981920576626608,72.9819205766266,72.26704211429755,1015.3144635386986,1013.4635595675301,4.509039711686697,4.830320096104434,26.184839951947787,25.244783634803152,Yes,Yes
2011-04-08,Brisbane,15.688109017001235,26.12342418083436,3.492981153011109,2.1881090170012345,8.046848361668724,W,23.53151638331276,SW,N,3.2936967233374475,5.2936967233374475,70.47206146831894,56.65042621330041,1015.094770078827,1010.6066610618257,4.7063032766625525,4.059454914993829,20.84090287016934,24.858381559504327,No,Yes
2013-05-08,Brisbane,21.39888309118177,27.472904777611138,4.477653676797975,4.343575737585821,4.343294473671907,SE,35.44692646404051,ESE,ESE,13.0,14.223463232020254,82.05865808005063,74.31844121575693,1014.9706709599748,1012.0589393439645,6.164805151969617,5.553073535959489,24.888268383989875,26.12932904002532,Yes,Yes
2013-11-17,Brisbane,14.122939474570495,21.4,0.8917578982819798,2.449452610308121,2.373486864262374,ENE,20.211526439869296,WSW,SE,4.0,7.605763219934649,85.77060525429503,91.41210508590099,1028.1,1026.078847356013,6.229394745704949,7.0,17.468818423711486,18.01291054226891,No,Yes
2011-11-26,Brisbane,16.8817840972604,23.76903375728901,68.70821022334722,11.883060715150195,1.010564114864108,E,32.479055275607934,ESE,SE,9.670310375178806,9.138434525250327,84.41530357575098,86.60655867532185,1023.4608393728683,1022.2469959203432,7.734062075035761,7.734062075035761,21.147722022224645,20.69034549235338,No,Yes
2013-05-11,Brisbane,20.733446295481016,26.47034354301471,0.0,5.709998447809444,1.4765521523284293,ENE,19.36034509520527,SW,E,4.0,9.0,75.27930980958946,68.51378828630517,1014.4467262521216,1010.7386227235601,7.0,7.0,23.737066690755224,25.034309033494186,No,Yes
2010-02-09,Brisbane,22.108210576012095,30.590175480010082,0.0,6.412190521153802,2.2077092045547237,ESE,28.960200548582947,SSW,E,9.180350960020162,15.440300822874425,72.96020054858295,49.85944849139689,1011.9276089302633,1011.1817142182692,6.440300822874423,6.700250685728687,24.844030082287443,28.620150411437205,No,Yes
2010-09-19,Brisbane,14.685601544196391,20.41078689912252,3.8978712827279467,2.5122219676108055,0.2187036612684676,SSE,16.093518306342336,SW,SSE,3.0935183063423377,4.733795765855845,71.76991133266675,63.662042341441555,1021.0172685927802,1018.6093518306343,8.0,8.0,16.09351830634234,19.901435068488283,No,Yes
2015-04-05,Brisbane,19.544703986233763,25.996588956449116,0.006463190221930093,5.741831288002629,0.6518849702153572,E,21.90305214667105,SW,ENE,4.0646319022193005,7.000000000000001,73.4829447822456,63.676840488903494,1023.3032315951109,1020.2418312880026,7.0,7.0,22.819030673785957,24.677199385783332,No,Yes
2012-02-01,Brisbane,19.351195924374416,23.479172275091308,27.591615069159946,4.60773985788584,0.0,SSE,30.196452607534187,S,SSE,5.636925593196294,7.077398578858403,92.92260142114161,90.32141895698632,1016.4523783885296,1013.9476216114704,8.0,8.0,20.899408767922363,21.235716208602735,Yes,Yes
2010-09-05,Brisbane,23.471034623302252,28.558879327912777,9.14965784274277,3.2336201626165586,0.4934480650466235,E,33.822413441744374,E,E,15.0,15.82241344174437,80.18707230342847,88.65431262866159,1009.4270682276632,1008.1401720975699,8.0,8.0,25.37008604878497,24.840172097569937,No,Yes
2012-11-29,Brisbane,17.251932542132433,27.508037907299816,4.3533234831440835,5.791654353930104,8.127203342692827,ENE,30.0,WNW,ENE,6.397218117976702,12.588872471906805,77.27511081462906,59.3972181179767,1023.5553299016959,1020.4581117837192,4.8083456460698955,5.4111275280931945,21.72024863763458,25.568316095502144,Yes,Yes
2014-10-13,Brisbane,18.358681399042364,23.736075505330188,17.64370533724813,6.51616942993948,2.0857771632938764,SE,26.064364637726946,SE,ESE,8.625745855090779,9.7095764251513,77.52244935269668,76.5808471496974,1018.7962633545487,1016.5401252328123,7.27095764251513,7.72904235748487,21.785777163293876,21.879937383593806,Yes,Yes
2013-10-09,Brisbane,16.258710589446622,19.925303152058497,2.653718674418251,4.652829425760749,0.026637025044749938,W,15.932295876566247,NW,WNW,2.532740500894999,6.0,91.53718674418249,94.0699272450775,1021.5742522236127,1019.0873484239708,7.86681487477625,7.86681487477625,17.758488277282247,18.598888439178126,No,Yes
2011-12-30,Brisbane,20.24759924080167,27.660960303679335,27.34446876386477,3.8590812906371545,4.626722125755314,SE,37.15240075919832,SE,ESE,12.695198481603347,16.999999999999996,85.01879013042176,61.08559544481004,1009.9686843274305,1008.2772438719115,7.771398861202511,6.923799620400837,24.044780721238407,26.491440455518998,No,Yes
2011-10-05,Brisbane,13.591394047036621,22.90923449889601,0.0,9.266978231958147,6.077308624724002,SE,27.88106365427077,NW,NE,8.583722789947684,4.297340864323083,50.95149076583387,71.2863819256246,1017.8621273085415,1016.1312973282395,2.2378726914584663,6.940531827135383,20.273553595177233,18.459000824927397,No,Yes
2013-11-18,Brisbane,12.224859194466243,22.299966869286173,0.16665562309539167,4.283261550120046,6.991812993986059,E,24.832946808338708,SSW,ESE,4.833278115476959,6.583360942261521,79.50049696070738,59.66622492381567,1027.9916804711308,1025.4749751519646,4.2499171732154375,4.083195288692396,16.433145592621656,20.941597644346196,No,Yes
2013-06-25,Brisbane,12.635069903055339,15.401000728922446,5.196791748678877,1.6136276696531568,0.33506990305533896,WSW,19.282560682287606,SW,W,6.094186894095868,5.256512136457522,92.41883737881919,90.0,1017.4126269407308,1014.4937895619115,7.581162621180827,8.0,13.370139806110677,14.656512136457522,Yes,Yes
2011-06-03,Brisbane,21.984788552158683,23.972741103347996,1.2868471725697832,2.8526113097208667,0.1616468963288809,E,22.727411033479964,S,SE,7.0,6.0,79.35341241468446,91.67670620734225,1012.5869993093978,1009.3213873090746,7.91917655183556,7.91917655183556,23.49492951738623,21.56260013812045,No,Yes
2013-01-01,Brisbane,19.305467258173,29.955818206151818,0.0,5.4330993680141235,8.957221998067082,E,36.420761059752856,SSE,E,6.751754739894081,19.420761059752852,55.0,51.91023262038836,1010.8841522119507,1010.5758773699472,2.0,6.917251579964693,27.330993680141226,25.913742100176528,No,Yes
2013-10-09,Brisbane,12.774374261186239,18.407017096444882,1.9760746026685851,3.9453478394077806,0.8766614859257927,SW,14.603400682964693,SSW,SSW,5.753322971851586,2.0,70.34343176740994,69.34343176740994,1021.092982903555,1019.5436474979253,7.0,8.0,14.75103574711203,16.479691016148774,No,Yes
2012-01-16,Brisbane,22.08611151078085,28.141665467657454,0.0,6.744446043123396,2.5924630009571294,WNW,50.26986639193908,E,NE,6.0,7.345236382367789,68.30952723526443,62.34523638236779,1010.1960339156675,1007.3234157244835,6.55158787254407,4.34523638236779,26.30357091471034,26.90357091471034,No,Yes
2010-01-27,Brisbane,13.199999999999998,23.0824171305685,0.2637348178192015,1.4,6.269232034408199,E,23.340662955451997,SW,NE,6.175828694314996,6.164834261137002,79.47251391705502,59.81317687250701,1012.8802100202796,1010.2340580718918,3.3296685222740017,7.0,17.3989005566822,21.6835165738863,No,Yes
2010-06-28,Brisbane,17.843724417073155,27.137230556975595,0.0,5.61125511658537,9.7186152784878,SE,43.12121418390242,S,SE,9.354979533658524,16.653683484390204,61.0,56.636357448292756,1023.307789909366,1021.2779195142929,2.177489766829262,3.822510233170738,23.63160299868291,24.826841742195104,No,Yes
2009-04-29,Brisbane,24.333280685120567,32.63359657439716,0.0,7.11104091349409,8.033754519035458,ENE,28.0,E,NE,4.667193148794323,12.334386297588647,64.2208182698818,57.21923882349884,1011.0667193148794,1007.4334386297588,6.332806851205676,6.110409134940902,28.766877259517727,30.411514747408976,No,Yes
2012-10-30,Brisbane,21.32148032746542,28.164666147359434,3.9117779508801878,7.280370081866355,6.658889754400935,E,27.63740942693552,N,ENE,8.03925983626729,12.03925983626729,69.12703155546073,59.36259057306448,1014.913628360212,1012.5175543438387,7.0,7.0,24.86374094269355,27.28037008186636,Yes,Yes
2011-11-15,Brisbane,22.655803296521945,29.46027233679686,0.6058855797337983,7.520544673593722,5.970626956805579,N,28.220709240017435,N,NNE,9.0,9.147139493344957,55.08828369600697,69.82343260798605,1013.9544416125376,1010.8985286050665,5.9264302533275215,6.9117163039930265,27.604359329325778,26.174986286131357,No,Yes
2015-06-13,Brisbane,14.727434557913115,21.701391175950352,2.3302169098138226,1.6548691158262339,4.186978309018618,ESE,27.609349270558535,WNW,SE,4.0,11.493044120248236,87.63717278956558,72.60934927055852,1027.6102393390806,1024.3218698541118,7.376738969937941,7.0,17.285587133068265,20.07813014588829,Yes,Yes
2010-06-24,Brisbane,17.224873489992824,22.974114429949747,28.86560290088534,1.550590380033499,0.8245361299736792,E,31.752951900167492,ESE,ESE,7.500843400047855,7.255482100311063,74.01012080057427,65.0,1016.9265602900886,1013.6258855700503,7.250421700023928,7.250421700023928,20.423186689897108,22.27428310995932,Yes,Yes
2012-12-04,Brisbane,15.600370457140809,27.49298944897886,0.7859788979577182,2.828042204084564,7.818637748975269,S,18.964947244894294,SW,NE,5.1789683469365775,4.785978897957719,66.82103165306343,60.39298944897887,1017.0501852285705,1012.9929894489788,2.214021102042282,5.8210316530634225,21.96457678775349,25.432288393876746,No,Yes
2012-07-30,Brisbane,20.87791348691847,28.234593850961986,0.4974985324239086,6.736668623434788,2.362109994298993,SSE,30.512507337880454,ENE,ESE,8.487492662119543,8.025014675760914,71.12080642777165,86.04576240048891,1012.6774867918151,1011.1283108304999,5.9749853242390865,6.9749853242390865,26.6341671558587,24.327516143337004,No,Yes
2012-06-21,Brisbane,16.891785142080117,29.061539132407198,2.240776360338112,5.411202871826532,7.9454073458287375,NE,30.84540734582874,SW,NNE,5.1381629383314955,11.0,64.08214857919883,61.72367412333701,1017.0532476118485,1012.596339464932,5.8618370616685045,7.0,23.435549516324876,26.15265175332598,No,Yes
2011-10-19,Brisbane,20.606351182959,27.523785804492,0.37459526816399946,7.5524283910160035,0.8428393533689987,SE,33.127023659180004,SE,SE,15.254047318360005,13.254047318360003,65.55541719286998,85.55541719287,1011.323910330909,1009.666749684278,7.0,8.0,25.887297634082003,22.757160646631,No,Yes
2009-05-26,Brisbane,16.533720638255215,24.278487836801226,1.4736437352719824,3.607364373527198,4.330038451491617,SE,22.147287470543965,SSE,ESE,8.889534397092026,7.000000000000001,69.14728747054397,63.58914988217587,1024.2773259220355,1020.5699615485084,7.0,7.036821867635991,19.7926356264728,21.996898770619225,Yes,Yes
2013-04-23,Brisbane,18.792140126758547,24.17245139803892,20.562335081426575,7.970116863436075,2.362957077163609,SE,35.53540847520253,SSW,S,6.133852118800634,9.803112712803799,90.51984491118354,72.79533093079431,1013.9905056791247,1015.0826458058832,7.464591524797467,7.0,19.61416339008101,21.766147881199366,Yes,Yes
2010-10-01,Brisbane,14.25605505579069,21.975195806548484,0.002734392965399457,3.832812715584793,0.8039069326851793,SE,28.068359824134987,S,ESE,8.931640175865013,9.054687859307988,60.01367196482699,53.4785187689449,1026.0742179235917,1023.5919914778667,6.958984105519008,7.0,19.48203178896198,20.186328035173002,No,Yes
2014-01-24,Brisbane,14.490430872422955,23.66782315431722,0.0,4.4643536913655675,6.3191382551540904,SE,26.979667784582006,SW,E,6.075359060352462,9.753590603524623,58.82894966387708,55.90430872422955,1020.8171050336123,1018.3623204698238,2.3767953017623116,7.0,18.76028724828197,21.617105033612294,No,Yes
2012-05-04,Brisbane,18.347399765945287,28.913486070940515,0.30828560283108797,6.031599843963523,6.589400546127669,N,20.54142801415544,NW,NE,4.0,6.075143191506736,70.62428404246631,65.47399765945285,1016.081886226977,1011.1578007021641,4.924856808493264,7.0,23.945085914904045,26.221000390091195,No,Yes
2013-04-23,Brisbane,18.52437439782115,24.78850871024749,1.0686925500589262,2.720607765017678,3.4351378798585768,SE,31.877809025324094,W,SE,7.603038825088389,15.274770200235704,73.65653724970537,63.13738510011785,1016.2122828945816,1014.51532171967,6.534346275029463,6.068692550058926,21.793066947880074,23.067900945229812,No,Yes
2012-01-12,Brisbane,20.84894684374567,30.048911143533658,0.8998928993639662,4.749910749469971,5.474419871554816,SE,28.500178501060056,WSW,ENE,4.0,11.500178501060057,75.24973224840991,59.24973224840992,1016.0764547836394,1011.8514458585865,4.750267751590084,4.000357002120113,23.974027169222694,28.07399146901068,No,Yes
2014-03-09,Brisbane,22.556864106321402,24.834452468904367,0.1910353450331859,5.234733699096943,0.5644226103253212,SE,21.649850707104786,ESE,ENE,7.5210054864541425,4.6078397341965,73.0,86.82633150451528,1014.2605027432271,1012.8170856193559,7.913165752257643,7.826331504515286,24.191316575225763,22.012884522065065,No,Yes
2010-12-18,Brisbane,20.626634579092926,29.211784111418396,37.0595532901915,3.3213887840462273,5.454156075651414,E,28.829700935349056,ESE,E,5.244551403023583,9.733654209070751,84.75544859697642,72.26634579092925,1016.4956411224188,1013.7541560756514,6.585149532325472,6.170299064650944,25.57772429848821,27.192574766162736,Yes,Yes
2013-06-03,Brisbane,18.25477583118563,24.001267071520967,0.14522416881436961,3.788499104383281,1.7821637467784457,E,30.273879155928153,SE,SE,7.0,6.726120844071849,74.9044833762874,81.46491240335337,1020.8356725064432,1018.3477583118563,7.726120844071848,7.0,21.646491240335337,21.96052627899399,No,Yes
2010-07-23,Brisbane,17.02918797957544,26.883436700800914,0.0,4.149015345294318,8.040086317140563,SSE,25.700431585702812,SW,E,6.757081202042455,11.971675191830176,76.11329923267928,64.0,1018.5866064577694,1015.3509846547057,2.9716751918301765,3.242918797957544,21.669274296716,23.83768542202639,No,Yes
2010-12-03,Brisbane,22.13094373666569,28.651140219710314,22.19090196785077,4.244298901448427,2.900327471741039,E,36.511402197103145,E,E,14.244298901448428,16.999999999999996,74.6677582391368,80.24429890144843,1014.8472342843512,1012.4872997786994,7.622149450724214,7.622149450724214,26.315635604203365,26.088925274637887,No,Yes
2013-03-25,Brisbane,14.448216966465928,23.841084832329635,0.0,4.069613368874809,6.789301798795558,SE,25.517830335340737,SW,E,6.241084832329632,9.482169664659263,63.3038663112519,57.169763490966695,1020.851783033534,1018.0865897179715,2.0,6.035660670681473,18.748216966465925,21.7,No,Yes
2013-10-01,Brisbane,17.00692155511068,21.468111934838085,2.3848640144804256,4.856145051220881,0.8406858468767521,W,18.07567992759787,NW,WNW,3.025226642532625,7.435317299545675,89.2587308018173,94.94954671493475,1019.8369333936685,1016.7678518023567,7.384864014480425,7.794954671493475,19.024580204883517,18.99430823384437,No,Yes
2014-01-21,Brisbane,15.187549223752647,28.45605824594955,0.5531733669259566,4.245672681464605,10.37485575604882,WNW,27.257212197558992,NW,ENE,3.257212197558992,11.502884879023599,66.76009707658258,56.01153951609438,1017.1101428730285,1012.4627392641497,1.7543273185353954,2.0,22.63379888102197,27.05778917336371,No,Yes
2011-06-19,Brisbane,15.285697327732638,21.549463594051822,0.0,3.105482765353364,1.0044099534569995,SSE,19.47258617323318,SW,SSE,4.549463594051818,6.175804608922275,63.241953910777255,52.53873547508816,1022.1835517039399,1020.18355170394,7.725268202974092,8.0,16.67032184356891,20.18021456237927,No,Yes
2013-02-13,Brisbane,22.34313899005891,34.841445529801604,0.3730097682145016,6.124336589404834,10.940485347678246,WSW,45.43365894048339,NNW,NNE,5.865048841072508,11.27950413908862,55.207227649008054,46.40485347678247,1009.2585544701983,1004.1819308774799,1.2072276490080565,2.2433658940483387,28.919762582777444,33.20722764900806,No,Yes
2012-09-07,Brisbane,12.967914531545775,20.94543046236028,0.0,2.2782206674791925,6.231380731789535,SSE,24.660427342271113,WSW,SE,5.756441334958385,10.147544672354346,79.97423466016646,59.17331001218788,1023.5320854684542,1020.1590178689418,6.121779332520807,4.634662002437577,15.167914531545778,19.66720979488109,No,Yes
2014-05-18,Brisbane,21.418700781044993,30.054199479303332,0.0,7.416797917213349,9.708398958606676,SE,43.0,SE,ESE,15.05599305737783,18.51399826434446,53.131014753072115,46.91601041393326,1015.9045932309434,1013.8746938384228,6.0,2.7569991321722287,26.64860017356556,28.20279965286889,No,Yes
2012-10-12,Brisbane,18.806207064417556,29.50151741763844,0.1125515226989278,5.3249656515340495,8.893792935582441,E,36.39034591871414,SSE,E,7.09379293558244,19.57793178987902,55.140689403373656,51.51586114570341,1011.0703447016868,1010.6906207064418,2.0937929355824396,7.0,26.90151741763844,25.49531035322088,No,Yes
2013-05-09,Brisbane,16.350831402936663,23.543362410126537,1.1701240287595083,5.182158920911353,3.1014515467342005,E,32.07468992810123,SSW,ESE,5.4626550359493855,8.612034892151843,71.46265503594938,81.50725773367101,1026.6685668524558,1025.019292625823,4.074689928101229,7.0,20.08215892091135,19.59408818349364,No,Yes
2009-07-14,Brisbane,12.770991174496965,19.94420082319696,0.11979760696362882,0.8354955872484827,0.38191488464847334,W,20.0,SSW,N,5.955630515939397,6.0,88.53412041736365,75.44538144924246,1013.902218474203,1010.8645044127516,7.9112610318787935,7.889076289848492,15.92201608116666,16.897444204069682,No,Yes
2014-04-27,Brisbane,16.60660532807478,29.91321065614957,0.0,6.806605328074785,8.804770514720678,NE,35.98899111987536,W,NE,7.494495559937678,11.996330373291785,52.48715630652126,60.49816518664589,1014.4831197171422,1008.2395415638816,5.0,5.007339253416428,25.108440141428893,27.109174066770542,No,Yes
2013-08-23,Brisbane,20.41907390582572,29.75229400380724,0.28572641807340854,7.019031442568789,6.209303404999745,SSE,31.571367909632954,E,N,7.428632090367042,10.142735819265916,67.23831766467916,75.81011020688142,1010.7715377626607,1007.8811384104589,3.8572641807340853,4.857264180734085,26.704757860642204,26.65700940119251,No,Yes
2013-10-27,Brisbane,13.400000000000002,23.050588552981253,0.0,2.4407883377624953,3.6792224635999924,SSE,26.843142549687492,SSW,SSE,6.1686285099374984,4.843142549687494,80.44703023168753,79.12154427143753,1025.1894060463374,1022.9533261324249,6.156857450312506,7.494114470187504,16.558828294718747,19.8360799139125,No,Yes
2010-08-04,Brisbane,10.407335592961592,25.030004842060556,0.24622179181683954,3.1073355929615927,7.3531157379689756,SW,19.230004842060556,SSW,NE,3.384445520457901,7.461113801144753,74.77109927496308,59.84776755564994,1018.9156648912444,1014.9004416468094,3.154440678397346,2.8466634386262966,17.014671185923184,23.43011525376292,No,Yes
2012-10-23,Brisbane,21.814700146491436,25.03503726423576,32.957114997244126,2.040674235488651,0.0,NE,39.960486174687375,E,E,15.163857352130625,13.531085881704497,92.36722852957386,91.36722852957386,1010.6338768540597,1007.7810583684334,8.0,8.0,23.614700146491437,23.96159155832099,Yes,Yes
2011-03-19,Brisbane,20.424902314784692,27.302483950592567,31.60718672863452,2.08326820985646,0.05764722220831839,SE,26.160131172800885,SW,SE,2.064052469120354,7.192157407361063,93.5836589507177,77.35947530879646,1008.1330728394257,1004.542680709794,7.967973765439823,7.967973765439823,22.470457716032385,25.618497067872653,Yes,Yes
2014-06-04,Brisbane,18.54479207112602,28.75363289346258,0.0,8.711591776634354,9.247543025423811,NE,32.73477532990306,NNW,NE,4.442041116828233,14.823183553268706,49.530449340193876,53.176816446731294,1015.2280975024212,1010.9280975024211,1.0,3.0,25.056383847760376,26.79783700514541,No,Yes
2012-06-22,Brisbane,13.611547611341315,20.074002259500425,4.907819345803248,2.6498185926364406,0.7702739939623584,E,21.583635678939267,SSE,E,2.416364321060734,9.0,96.54272487628744,80.70999623416596,1024.8799074134013,1021.538270981295,7.0,7.791817839469633,17.128274747129165,18.686638315023092,Yes,Yes
2012-05-13,Brisbane,17.379911794275273,22.238907383989037,29.062028731668743,2.810044102862364,0.0,S,26.510485131486003,SE,SSW,7.820088205724727,7.6903969257612745,93.82008820572473,90.87030872003653,1019.6188191782643,1015.2815677919488,8.0,7.410044102862364,19.1979029737028,19.26986769141291,Yes,Yes
2011-06-05,Brisbane,19.887912662664895,29.444013790105547,0.20798161319260997,5.81596322638522,7.240137901055425,E,37.0,SE,E,8.039908065963049,17.400229835092375,61.23944839577829,56.19954032981524,1015.419609280343,1014.0277058110818,2.519954032981525,7.0,26.012087337335107,26.43591725936675,No,Yes
2011-08-01,Brisbane,21.37651815972585,28.15035742612633,19.817676369654436,5.113928803194271,1.5559823810607778,SSE,35.251787130631655,ENE,SE,8.158928442669849,6.0,82.96339086138268,91.3178568853397,1012.5936601928129,1009.941338725614,6.579464221334925,7.0,24.76526824985696,23.835446602395702,No,Yes
2015-01-12,Brisbane,23.635400479183293,30.221533173605565,0.0,7.455469222310896,9.781395687350363,E,30.215331736055685,ESE,E,9.430663472111382,13.430663472111378,60.062014375498784,61.70800958366586,1008.8412582010952,1006.3996562843619,4.138673055777238,5.21533173605569,28.586132694422275,27.77700239591647,No,Yes
2014-03-26,Brisbane,11.675425221276818,22.285317699291816,0.0,3.4229781711587877,5.921381563594394,W,28.508504425536366,WSW,S,7.918084070922727,9.55744542789697,68.24574778723182,62.78618436405606,1017.1294688789592,1013.6064907078005,2.8031932151287884,7.360638643025758,17.3541479352253,19.737764749409852,No,Yes
2011-07-04,Brisbane,16.166526524294763,21.766526524294765,2.2931161355503407,2.257803462914808,0.3704151317132125,E,36.06883864449659,NE,NNE,4.0,4.389910664961277,89.66053601023235,93.9747766624032,1020.176142936062,1016.9025223337596,7.0,8.0,19.576615859333486,19.884865997441917,No,Yes
2009-07-04,Brisbane,19.135588517852725,28.503151058676625,5.756812050937065,7.212604234706505,9.889851669662745,SE,42.41890635205976,SE,ESE,13.0,21.515755293383133,65.32437459176097,50.25903623720386,1017.8605652691632,1014.996153787016,1.6779425892636164,3.387395765293495,24.622520846941303,26.941890635205976,Yes,Yes
2011-02-17,Brisbane,20.643323212255165,29.787785871367596,0.0,5.0716616061275825,7.986482492498395,E,29.23452742419458,E,NE,8.234527424194583,14.53094515161083,64.78990083307022,55.72801052984855,1016.1763833255686,1012.9615624391978,5.851791136291876,5.4690548483891686,26.24332321225517,27.81742764410923,No,Yes
2011-01-22,Brisbane,21.805861182472288,27.73712082232448,0.19609254501847556,3.2468894597782936,0.3680205642055506,SSE,41.03907454981524,SE,ESE,14.882776350554266,11.117223649445734,70.9023136254619,80.51156812730945,1016.7651928031373,1015.1671465306282,6.980462725092378,7.882776350554267,26.800000000000004,25.25275064225058,No,Yes
2013-11-16,Brisbane,20.035147290274868,25.91617569908377,13.622067310078524,6.394708042565443,3.9012480326636143,SE,36.68896634496074,SSE,ESE,7.824263548625655,9.472790645876966,73.17573645137435,66.27059440732984,1014.8768345706479,1013.0647027963352,7.391912150458115,7.0,23.153968968075922,24.541837193763094,Yes,Yes
2014-06-13,Brisbane,17.238188090544835,23.69346332676277,17.45836277406304,0.41801340702663053,0.4816778391888587,WSW,18.450335175665764,SW,W,4.5434897486440216,5.090067035133153,94.27328864324457,79.81369085404349,1014.5456510251356,1011.1093154572978,7.636644321622283,7.363355678377717,18.629181387031522,22.511785487573913,Yes,Yes
2009-12-11,Brisbane,16.168442539498656,20.707633360148463,6.824590052664878,1.689036878291555,2.441188677585793,SE,31.205943387928965,WNW,ESE,13.212602911048933,7.883709259795581,85.0,77.1229502633244,1012.4182885971404,1011.9136269309564,7.445184391457774,6.890368782915549,17.87807375658311,18.986373069043566,Yes,Yes
2010-10-27,Brisbane,17.76431526467471,22.019223419774903,5.817586617271486,2.3096117098874496,0.7367077368899221,WNW,28.18200418210266,NNW,W,4.2730062731539915,14.817995817897339,89.72494772371675,70.63803763892395,1012.8996930995307,1008.9450918448998,7.726993726846009,7.0,20.20092070140817,19.673210873466918,No,Yes
2012-12-14,Brisbane,19.31310278937132,24.336801483674886,0.43583821959013697,4.705588130600914,1.45009572695379,W,42.084779228551604,N,SW,6.179191097950684,7.556838575547032,77.0847792285516,88.44316142445297,1010.3859339465439,1008.0104044510247,7.726397032650228,7.726397032650228,21.92543376856548,18.002889792254248,No,Yes
2012-11-19,Brisbane,21.06204295448071,29.847446306899112,0.0,8.943064431721066,9.887594290007424,NE,29.167875851706217,N,NNE,5.357661079302665,11.905107386201777,58.09489261379822,57.16787585170622,1016.8,1013.7905107386201,4.189785227596446,7.0,27.16423389206974,26.90657281276707,No,Yes
2011-07-23,Brisbane,21.076365671124154,24.970189550271794,6.557086568268467,5.30981791051678,0.0,W,22.0,WNW,SSE,4.901820894832209,4.196358210335583,81.23634328875843,91.4509104474161,1016.774544776292,1015.2,8.0,8.0,23.182185073798653,20.79200298431543,Yes,Yes
2012-10-25,Brisbane,20.446282767041964,28.064188511361305,11.244921926100291,2.9432459545547625,7.474659789764582,E,38.64188511361309,ESE,ESE,15.358114886386907,16.820942556806546,73.55235639201636,74.47801173285563,1014.9745022244626,1013.1297378636643,4.268586164790181,5.179057443193454,25.965706917604916,24.734293082395094,Yes,Yes
2011-05-13,Brisbane,15.65347024493424,22.50285939295238,0.2808162193832198,3.8130621352426317,3.039186405727895,ESE,31.595918903083902,WNW,NE,4.893878354625851,7.277553966961455,81.65713535682538,82.74285151761903,1021.9212243290748,1018.6146932614536,6.5102027422902475,6.808162193832198,19.07510399625624,20.62816481894331,No,Yes
2011-07-23,Brisbane,23.095279544797,26.19012386922552,30.723736213715494,3.361365917639029,0.10472045520300224,E,53.76832944353465,E,E,17.2875795158649,19.287579515864895,90.95279544796998,93.3347840678949,1007.802979573729,1005.2308670845787,8.0,8.0,24.2523602276015,23.438198861992493,Yes,Yes
2010-10-18,Brisbane,15.85603527384445,21.265327835292492,1.3303757654287616,4.325659508415688,3.737170245792156,ESE,36.395283742986926,SSE,SE,10.814148771039221,13.604716257013074,78.23301379909151,71.53537192759805,1026.6088727037136,1024.8391085165642,7.0,7.0,18.183912958188564,20.1396683268768,No,Yes
2015-01-13,Brisbane,20.620352822432615,27.52740927108486,0.0,8.55223790648253,4.821169345956736,SSE,34.22116934595674,SE,ESE,15.0,10.221169345956735,61.150604859434274,57.37177420539101,1017.6796471775674,1016.2628225794609,6.389415327021632,6.185887102695509,26.818588710269555,26.70705644865225,No,Yes
2012-05-03,Brisbane,20.71056297748158,29.313412127151555,5.507297017212442,4.978874045036842,6.886587872848444,ENE,31.78457234437679,SE,ENE,10.081306384107654,15.91869361589234,71.13412127151555,53.64628296686962,1018.7219595761615,1016.1788740450368,4.540653192053828,7.0,25.464628296686964,27.959346807946172,Yes,Yes
2012-07-10,Brisbane,18.82635317944948,28.81056232095135,0.0,6.778927981026193,9.610509698022451,SE,38.368365660074836,S,ENE,8.210457075093547,15.420914150187091,61.78954292490645,50.63163433992516,1020.0262742450562,1017.0683656600748,4.684182830037419,5.84209141501871,25.878954292490647,27.93160802846071,No,Yes
2010-03-28,Brisbane,22.200406936289983,29.469731613895362,0.9856796795276485,5.908380969106125,6.723108225868461,ENE,35.995930637100166,ENE,ENE,16.689177413153978,14.075670965261587,74.07974032816142,69.30675322394619,1014.2705454864753,1011.8781125830016,6.537835482630795,7.0,26.484865806947685,27.62392209844843,No,Yes
2010-02-04,Brisbane,22.1006460332222,31.233764022148133,0.0,9.520516826577762,11.666882011074065,NE,27.86752804429627,NE,NNE,8.66882011074067,14.735056088592538,52.46365184496305,46.52988782281493,1016.4264943911407,1013.5132471955703,3.1987079335555975,1.3974158671111951,28.794022435437018,29.520516826577765,No,Yes
2011-05-27,Brisbane,16.062416200786103,18.90458612664046,5.581655493438146,1.981655493438147,0.11375837992138989,SSW,17.596196463260227,SSW,SW,4.137583799213899,4.321028864832431,89.49552606954903,83.90827746719073,1013.3724832401572,1009.7045861266405,7.954138733595367,7.045861266404633,16.758724860235834,16.55413873359537,Yes,Yes
2014-06-30,Brisbane,17.77718480241184,26.187251159798823,0.0,4.7657725057286004,7.662417053266274,SSE,38.07047389748718,SSE,ESE,7.862417053266274,13.96644547537673,66.0,56.0,1017.6597251746739,1015.6288531328646,4.483222737688365,3.8959715778895436,22.439265370854052,24.411412296683235,No,Yes
2009-10-20,Brisbane,16.75681061424221,24.41879441203359,0.27793072658033136,5.616896089870497,4.308448044935249,SE,30.34741340822541,SSE,E,9.873279325971273,10.915519550647515,70.68533520563535,67.55861453160664,1023.9549122920791,1021.5896536329018,6.305173183549171,7.652586591774586,21.879829048743424,22.31457038956597,No,Yes
2013-11-06,Brisbane,14.111782288029337,24.16995612981363,0.0,5.1254784746471085,7.813696186617771,SE,30.20913079107851,SSW,SSE,3.0456539553925706,10.581738417842972,68.28129971597932,58.41826158215703,1027.106040592264,1023.7851275131562,4.372607626764458,3.4182615821570286,19.35095694929422,21.55360844624504,No,Yes
2012-11-10,Brisbane,21.69424504586978,31.64645508518674,0.0,9.191159842732173,11.973894980341521,NE,28.840700131056526,NW,NNE,7.840700131056522,10.681400262113046,50.942450458697834,53.26105019658479,1012.3575495413021,1008.4053395019852,2.159299868943477,4.159299868943477,27.873894980341525,30.32035006552826,No,Yes
2011-07-22,Brisbane,18.988064347187017,28.814813778821776,0.131687357908691,4.180248294904292,8.714404615949945,E,30.0,SW,E,5.024689631369635,13.68312642091309,69.0,63.63374715817381,1017.4246896313697,1014.5905333103241,2.36625284182618,4.024689631369635,25.248970099867435,26.585595384050052,No,Yes
2013-02-23,Brisbane,21.155283899943118,27.377641949971558,0.09254731665718598,6.316127816941607,2.0266956168278383,SSE,36.701892666287435,SE,ESE,15.0,9.92547316657186,67.23915608300152,69.18020483229046,1017.3298107333713,1015.7298107333713,7.0,7.46273658328593,26.853726341671408,25.790989758385482,No,Yes
2011-10-17,Brisbane,20.792023831796715,27.36196425230493,13.34226402068787,5.14357102765914,2.905535279964069,E,42.38035747695072,E,ESE,18.380357476950714,14.999999999999998,84.0,77.61964252304928,1014.191428036879,1012.361368457387,7.460119158983572,6.079761682032856,23.246011915898357,24.780357476950716,Yes,Yes
2013-01-20,Brisbane,19.521131513937284,29.4796081245322,0.0,6.418672548328815,9.301719327138985,SE,37.339064423796614,S,ENE,6.923830529745768,12.847661059491536,63.076169470254236,51.660935576203386,1019.2542983178474,1016.0390644237966,4.169532211898307,5.584766105949154,26.007616947025426,28.471991177506776,No,Yes
2011-11-19,Brisbane,15.201502444551407,22.52129210231421,0.7601201955641125,3.560721173384675,1.1003004889102812,E,21.006009778205627,S,ENE,2.800600977820563,8.001502444551408,83.19338924397381,57.395793155256065,1021.2601201955641,1017.5613221512052,8.0,7.400300488910282,18.90240391128225,21.96147239566038,No,Yes
2013-11-27,Brisbane,16.586093741491172,28.3837613151881,0.0,6.841865941042454,7.98833786848466,S,31.13965124715216,W,E,5.3953351473938636,10.279008163272385,62.11632698412147,47.30233242630307,1014.8557133333449,1010.9371127891267,4.906997278909205,3.209329705212273,22.762828344666875,26.816326984121474,No,Yes
2012-04-26,Brisbane,19.8199327276507,29.803852000831537,0.0,5.895811637421964,9.861724183367876,N,22.720269089397195,SSW,E,4.0,9.360134544698596,74.0996636382535,58.819932727650695,1013.3543565434513,1010.0704372702705,5.279730910602806,3.0,24.727973091060285,28.777804910187033,No,Yes
2009-05-28,Brisbane,24.308950439868116,32.755247800659376,0.0,7.078600586490832,8.228396481055011,ENE,28.0,E,NE,4.910495601318763,12.820991202637527,63.57201172981664,55.840524925860336,1011.0910495601319,1007.4820991202637,6.089504398681237,5.786005864908316,28.864198240527507,30.598046627677718,No,Yes
2010-05-24,Brisbane,20.47014322173737,26.858130136195438,0.0,7.329328971486023,1.5586579429720449,W,30.41166121435753,N,NNW,4.8233224287150565,8.646644857430113,60.41342057027955,60.41342057027954,1012.8583060717875,1010.052475464609,7.411661214357528,7.411661214357528,24.76996728614517,25.646644857430115,No,Yes
2011-02-06,Brisbane,18.791253173300706,27.089069508834843,0.0,7.124590562912649,4.598908167767068,SE,36.005459161164666,S,SE,6.879776766019081,13.0,60.005459161164666,69.50272958058233,1022.4366128863107,1020.625136479029,4.377047185436749,6.125682395145583,24.850818874174703,23.87540943708735,No,Yes
2011-01-30,Brisbane,20.075901293269155,27.47590129326916,7.236566531674106,3.2,4.9188412279408436,E,32.6371244937779,SSE,E,5.606652384049476,10.939055780543155,75.0,68.48755375565474,1017.8689699281679,1015.784205983032,7.0,6.454291835407368,25.02437768778274,25.139334761595055,Yes,Yes
2014-01-24,Brisbane,19.56453516175175,28.632267580875872,4.729070323503499,6.881685536788459,8.2489096636132,ENE,47.46220698540209,SE,ENE,7.053779301459791,13.10755860291958,67.24200685656906,49.430234411678335,1022.8413510606937,1020.3198393401098,4.9731103492701045,6.0268896507298955,25.140334476094846,26.55377930145979,Yes,Yes
2011-01-31,Brisbane,13.371871338727967,27.202903093311438,2.149548864078815,3.6038707910819205,9.363096632865537,W,21.20387079108192,SSW,N,4.0,7.80580618662288,68.0,52.80580618662287,1016.3475480426097,1011.7077415821637,2.1941938133771193,1.7961292089180796,20.27670982758037,25.720387079108193,No,Yes
2012-08-01,Brisbane,14.19100378567822,17.42217364816298,2.1761509340936795,1.002928318631377,0.7267773845376977,WSW,17.656905604562077,SSW,SSW,4.0,6.223849065906321,89.89539626362529,83.5230186818736,1020.0014641593157,1016.753766027503,8.0,6.552301868187358,15.391003785678215,16.73263402180045,Yes,Yes
2011-08-08,Brisbane,21.28116528051999,29.589104681577776,0.0,8.21385123578666,8.444595056853357,ENE,24.3564187263111,NNW,NE,6.821790636844449,9.0,53.0692561789333,52.13851235786661,1013.4574325094754,1010.0505068915822,7.0,4.534628089466652,25.971283745262223,28.12179063684445,No,Yes
2013-09-25,Brisbane,20.344343007137464,26.464012495847918,2.401479241369843,5.461966948871045,4.125979444718964,E,22.105743650401482,WNW,N,2.6901652556447737,5.274586860888067,85.72541313911194,69.17623941733581,1016.0042644090316,1011.7634461902409,7.345082627822387,7.345082627822387,22.150652963145976,25.24286376576762,No,Yes
2010-06-15,Brisbane,14.04857082786234,26.49523842896537,0.0,2.7038099576549772,8.303809957654977,WNW,27.219046284138532,SSW,NE,2.695238428965367,5.738096072413418,72.56666549862122,62.48095021172511,1017.3780953715861,1013.1042857643448,4.261903927586582,4.261903927586582,19.86095231420693,24.299524193310173,No,Yes
2013-11-28,Brisbane,22.758653914069285,30.752292977772253,0.0,9.406360936297034,3.749482002980276,NE,22.349851496336818,N,NE,7.0,9.12721872594066,54.095414044455495,64.87278127405934,1009.5385351111387,1006.4448960474358,6.840976592574174,6.031804681485165,27.580917191108902,27.423668764435607,No,Yes
2012-08-18,Brisbane,19.369753355932588,30.441541628951107,0.0,7.675909577645919,9.905138763170363,NE,23.061562217133325,NW,NE,5.353854072377774,7.902569381585184,57.87687556573336,55.84100716445186,1016.5071736802563,1012.4230729638111,3.5487153092074086,6.097430618414817,26.07949641777407,28.47334019606074,No,Yes
2010-06-20,Brisbane,13.867211751866263,22.50163525559878,1.1449223940279631,3.1862305985069908,4.8724611970139815,E,28.0524944514772,WSW,SE,6.327882481337385,10.862305985069908,78.48192905225531,70.9475055485228,1027.2364024376827,1023.8760753865628,6.534423503732523,4.465576496267477,17.04655764962675,20.355077605972035,No,Yes
2010-12-17,Brisbane,23.210021289320036,29.240434914484855,21.430687353173568,4.8504562038048915,2.382831508193651,W,42.66012773592021,N,SSW,5.220042578640069,6.3559914842719865,75.32375304388759,90.06797445281596,1005.9064476880768,1003.1912408754945,6.711982968543972,7.3559914842719865,26.840434914484856,23.976034062912056,No,Yes
2014-07-01,Brisbane,14.795204463393663,24.793230062398187,0.4442874958371117,2.8634696422624444,9.365303577375554,ESE,27.365303577375556,SW,SE,5.7884345257918515,10.788434525791851,73.22143747918555,59.846261896832594,1023.3125526747059,1021.0538785690497,1.7404791597285199,3.423130948416297,19.372073514977366,22.98843452579185,No,Yes
2011-11-27,Brisbane,16.2,19.543741991498216,4.879008969521994,2.2574967965992876,0.12574967965992878,SSW,18.67372917789537,SSW,SW,3.742503203400712,4.386245194898932,85.10756086461352,82.71251601700357,1014.481486545717,1011.0132336626563,7.871251601700356,7.128748398299644,17.070371636429254,16.638624519489895,No,Yes
2012-02-12,Brisbane,22.37378107071766,28.27184077870375,104.92591908414713,2.463109464641171,2.407761168055627,E,59.407711193866426,ENE,N,31.388308273727358,13.660199026620312,88.01940292013907,76.0,1002.7573135756941,1001.8631344517357,8.0,6.339800973379689,24.572810924710705,27.069900486689846,Yes,Yes
2011-01-01,Brisbane,20.188992747107946,29.396474829404006,0.27136689412798837,5.942733788255977,6.764748294040087,E,37.0,SE,E,8.356834470639942,16.607913823400143,63.14100682383965,57.78417235319971,1016.7665465002198,1015.0418703060479,2.678417235319971,7.0,25.71100725289206,26.72115102357595,No,Yes
2011-05-09,Brisbane,21.689251296525505,27.644625648262757,0.18154188275425076,3.7352854001267275,0.5137879931777367,SSE,40.26167531017003,SE,ESE,15.0,10.815418827542508,70.35396589639878,78.96960710296759,1016.9738324689829,1015.373832468983,7.0,7.907709413771254,26.80922905862288,25.301519644851624,No,Yes
2012-05-20,Brisbane,17.568017758394053,25.89350677066723,0.0,5.820810655036431,5.174652164723527,SE,35.2171809108444,SE,ESE,12.849163152450346,13.811453940562933,54.70740066538078,48.66969145349336,1022.1583786899272,1019.802722308144,6.518854605943707,5.075418423774828,22.86424683720531,24.09727769185597,No,Yes
2011-04-30,Brisbane,19.119006245386473,26.875569434192165,9.74120132224908,4.087784717096083,5.050683321030599,NW,24.565631888056917,SSW,ENE,3.375569434192166,8.063354151288248,83.0,70.49772226323132,1012.4845958856199,1008.3592542251047,7.063354151288249,2.873291697423502,22.224886113161567,24.781449301967257,No,Yes
2013-11-03,Brisbane,17.237052126844787,26.106743891621907,1.2279768325134268,4.353371945810955,7.530057918716433,NE,22.0,SW,E,4.0,7.976685972905478,80.11657013547261,65.13988416256714,1021.8144890492697,1018.5703175560433,3.953371945810955,4.534971040641784,21.167235203814446,25.053246787557732,No,Yes
2009-03-20,Brisbane,24.544764720123037,32.31569776827161,0.0,8.980231244197327,8.765119657778296,NE,40.95929012468948,NNW,NNE,10.686044634567612,16.37208926913522,62.58720085555426,57.52906695185142,1013.5267383671596,1009.5639472940732,4.372089269135225,5.529066951851419,28.290115622098664,30.64709330481486,No,Yes
2011-10-18,Brisbane,20.798171227806343,24.89595807139567,15.537635447632791,4.7399417529348815,0.0,SE,21.64100175669451,SW,SE,2.0,8.245428069515855,89.64100175669451,87.96342455612684,1014.4630401719098,1012.9802678900868,8.0,8.0,22.711357017378962,23.071415264444084,Yes,Yes
2015-02-08,Brisbane,19.601816517068553,30.301557014630188,0.0,6.40830407802767,12.48884139515032,S,32.99480995123271,SE,E,8.981834829314474,16.98961990246541,60.97404975616353,45.03114029260376,1019.4810563219994,1018.1800183122459,2.9974049756163534,3.0077850731509397,26.701297512191825,29.593512439040886,No,Yes
2010-11-21,Brisbane,15.4058149076363,21.942872914972245,4.769668486829897,3.8790193357786475,2.934606346782563,S,26.263397785928824,SSE,ENE,5.736602214071174,7.263397785928826,74.31698892964414,77.55131217739145,1024.0611188196049,1020.0820994838264,7.131698892964414,7.078107749249108,19.929247232411036,20.050683689897156,Yes,Yes
2014-11-17,Brisbane,21.292897953915908,27.592897953915905,0.5071020460840916,8.10696053701841,3.5887074807982953,ESE,21.098721099848866,ESE,SSE,5.661931969277273,4.760653069126137,70.94389117665568,78.05610882334432,1016.7620734783429,1015.8507809591413,7.0,7.0,25.997088427033525,23.437997276189883,No,Yes
2014-08-01,Brisbane,21.266934794826064,27.351562054991835,0.5972780822554306,7.750201096119549,2.140272191774457,ENE,26.570058904809738,ESE,E,5.7918342467662915,9.375502740298874,65.79183424676629,74.18094657578801,1010.566532602587,1008.8859882190382,8.0,7.59727808225543,25.707206986600525,25.07101767144292,No,Yes
2009-04-25,Brisbane,19.269765390906993,26.50549720165327,14.822636666957596,4.457720617359376,3.756346316946058,E,29.91754197520089,S,E,6.931284979334076,13.0,89.83508395040178,66.93128497933408,1023.4216648764409,1020.5955531685878,7.986256995866815,6.931284979334076,21.104122901239954,24.91099440330655,Yes,Yes
2015-06-14,Brisbane,14.951226904382263,21.829272516789864,2.809771937961998,2.102453808764531,4.1390228062038,ESE,26.17068418611401,W,SE,4.0,10.853637416050669,88.75613452191133,71.170684186114,1027.4024321602164,1024.0341368372228,7.536590645987332,7.0,17.109750289413935,20.365863162777195,Yes,Yes
2009-12-15,Brisbane,22.688571212340474,30.6252960459471,0.0,7.921533185428108,2.834216259927294,W,31.987457131603367,N,NNE,6.379791204462834,11.151916481785134,50.92404175910743,51.68362416803309,1015.7164459350182,1012.7531707686248,7.924041759107433,7.924041759107433,28.224041759107433,27.734146156876015,No,Yes
2010-01-25,Brisbane,13.811106773506078,24.04582520032389,0.0,4.669436853635633,6.512504879805664,SE,35.0,SSW,SE,5.819417334412978,14.055533867530384,68.95844719546548,58.29165040064779,1026.6736311725342,1023.1097477056519,5.236116533117404,6.291650400647787,18.991650400647785,21.570834959935222,No,Yes
2011-10-06,Brisbane,20.2196878625631,30.19158976222579,1.2482318735245552,4.847785962900411,9.735727994519273,NE,23.440267546374486,SW,NNE,4.0,7.960178364249659,77.16040131956173,60.20022295531207,1016.9245618473864,1012.6005573882802,6.240044591062414,6.240044591062414,24.507629894181964,27.983625435075712,No,Yes
2013-02-19,Brisbane,20.200151238145928,26.503252607185622,43.97977857887192,9.174886571390555,1.0094049325497145,E,47.625315079470674,N,NW,7.2811397221852605,8.343671230132331,84.68734246026467,93.78139178576181,1021.6311145158276,1020.3904942420197,7.468734246026466,8.0,23.031366579404153,21.034417535728544,No,Yes
2012-11-27,Brisbane,10.861548184174394,23.85718694120037,0.0,3.7589678772170703,8.808722485948051,S,27.44103212278293,SW,S,6.279483938608535,11.882064245565859,62.20516061391465,47.83845181582561,1024.626167457844,1022.4025803069572,1.0,2.6769036316512107,16.84103212278293,22.161548184174393,No,Yes
2012-02-22,Brisbane,19.237404817506743,28.4,1.9875317274977518,8.037912457470771,10.182312871174682,E,31.0,SE,E,4.43638953757869,16.37658637488758,67.06234136251123,62.49873090008993,1013.1870240875337,1011.243385133776,4.124682725022483,5.124682725022483,26.062595182493258,26.35636104624213,Yes,Yes
2010-02-15,Brisbane,15.422713089712527,24.3670348172844,0.0,3.065930365431208,4.454573820574944,SE,37.07939180521905,SW,E,6.852260908093773,17.522609080937734,67.37486998903151,65.22713089712528,1019.9625130010968,1017.9738695459531,6.261304540468867,7.0,19.38180872647502,20.762513001096853,No,Yes
2014-07-03,Brisbane,16.719156021491166,21.6123378715024,53.61753158540293,3.160389528542539,0.013311692858747825,S,33.26623385717495,SE,SSW,9.532467714349913,12.068181499887652,94.46753228565007,92.07142757107547,1016.4412335070514,1009.2204544499663,8.0,8.0,18.37922094291492,18.525000350123584,Yes,Yes
2011-02-26,Brisbane,19.228607492686315,25.55320609917031,0.27486620216133245,5.661496516209993,1.2826214278463424,ESE,32.18984146217668,SSE,SE,7.625668989193337,8.189841462176682,84.30748258104995,82.80480662427661,1019.467918812466,1017.8740684640869,7.687165505403331,7.687165505403331,20.935292335661984,22.47326062809732,No,Yes
2012-10-13,Brisbane,12.955559327366371,17.993335596419822,9.395613641442115,0.7911254439922104,0.0,SSE,24.333389910495573,SW,SSE,4.466677982099114,7.622237309465486,97.22220336316815,80.77779663683185,1021.5200101838893,1017.3866881659883,7.155559327366372,7.155559327366372,13.433338991049558,16.98221694168708,Yes,Yes
2014-09-20,Brisbane,13.702916636734736,27.87419408721803,8.713048111708028,3.899846492803435,5.847006609666982,SSW,40.99232464017175,ENE,NNW,3.7526863759398874,6.749616232008589,75.76036173576814,58.51765332760499,1014.350844289581,1008.8774177383458,4.00153507196565,4.00153507196565,19.27649669516651,23.974347594414596,No,Yes
2009-04-28,Brisbane,19.042661013827033,28.569527847266404,4.004464832166886,7.478111389065622,10.308025437778356,SE,42.81716708359844,SE,ESE,13.0,21.847639236332032,63.73133166560627,49.396137985536726,1018.5044201184841,1015.5470811323112,1.213305069135159,3.1218886109343766,24.675622277813126,26.981716708359848,Yes,Yes
2011-07-24,Brisbane,23.479671011355165,31.040657977289666,4.780964196822878,4.65311400757011,9.529846890233395,SW,34.06228015140221,E,ENE,7.5311400757011056,13.531140075701105,70.5311400757011,72.06228015140222,1008.7676856949304,1006.8021156570798,6.132785018925277,7.0,29.134429962149444,28.328201947009227,Yes,Yes
2013-04-03,Brisbane,22.525167965337747,32.32516796533774,10.907717460428263,9.504194660889624,8.058341331682751,E,29.81267996286187,S,E,4.583413316827499,14.291706658413748,63.14537342824188,56.833173366345,1013.6665386930761,1011.4853666769828,5.708293341586251,2.6458533292068744,27.600191960385995,30.673070634892934,No,Yes
2013-09-27,Brisbane,16.37871870547306,26.962405723217746,3.6553153044779534,5.852479136982037,9.35106105323408,E,26.02836167495917,WNW,ENE,5.8085085024877525,11.82268933996734,68.94327665008164,61.985819162520414,1019.4347581092862,1016.0922055585401,3.794327665008165,3.794327665008165,22.782972956716932,25.280136789221014,No,Yes
2010-10-13,Brisbane,13.165544915687112,23.97678041592864,0.230712166371458,3.0614243327429165,6.852434583266239,ESE,20.677906664519693,S,ESE,6.524345832662405,6.943822498792327,65.20973833306496,54.74157000161023,1020.7265915834273,1017.9314607499598,5.895130833467519,7.0,19.93483274931565,22.93483274931565,No,Yes
2014-01-06,Brisbane,10.692822299281016,21.793892190859268,0.0,6.107177700718985,8.158626767921966,SE,29.838163557343265,SSW,SE,4.949620824375277,11.0,60.66562819890397,51.57556876343708,1029.1312973969532,1026.5525189587813,3.787784381718543,3.262594793906181,15.59389219085927,20.103968025984216,No,Yes
2013-04-27,Brisbane,19.85468516354279,26.62759871493317,18.717865654785644,5.364567756951916,2.1390181073129613,SSE,23.640554906283622,WSW,SE,4.91141939237979,6.91141939237979,80.99999999999999,84.81771612152404,1017.4255496496389,1015.8703522197726,7.0,7.635432243048084,23.726574182286065,23.272401285066824,Yes,Yes
2013-04-22,Brisbane,16.03369076075103,20.8634289508923,4.313865300656843,2.9279301840376726,2.932618478497949,SSE,24.075685828169533,W,ESE,6.563965092018837,9.075685828169528,79.92431417183049,69.64501233145374,1024.7367706318316,1021.4699252514561,5.7441396319246545,7.436034907981163,19.00234414723014,19.75063593248853,No,Yes
2011-07-29,Brisbane,20.66904089973331,27.64868590679434,0.286722025419724,4.33098194068731,0.5026510268319309,ENE,16.11503009885448,WSW,ENE,6.159290014122069,3.115030098854482,77.27432011297655,62.955740084732405,1015.8920240790836,1012.2353850917934,7.0,6.840709985877931,23.141608888435655,26.62567988702345,No,Yes
2009-07-13,Brisbane,21.025341819409363,28.843182685151778,1.1248860601968786,2.3962495231665235,7.410795671287943,ESE,28.0,SSW,ESE,8.55397835643972,10.643182685151777,72.53522597227234,65.62443030098439,1016.8742024213781,1013.9206798241509,6.643182685151775,6.553978356439719,23.66619350693192,26.24130744673504,No,Yes
2011-01-03,Brisbane,16.986926195150325,24.077738240834154,8.921557170901949,3.9696107072745126,2.191872466440361,SW,28.77738240834152,N,NE,7.888691204170758,10.81802007613971,79.7985908234722,79.47526864354981,1015.3333926387488,1011.765724856741,4.858657743937906,6.929328871968953,22.284805353637253,22.691872466440362,No,Yes
2010-09-03,Brisbane,20.600350765350598,24.579859693859763,0.24664328230996024,3.992935799269324,0.7996492346494036,ENE,31.83391794225099,ENE,ENE,13.600701530701194,11.932865646199206,71.46643282309961,77.33567176900398,1013.678807397808,1011.5353454505128,7.766783588450199,7.533567176900398,24.123321641154984,22.899649234649402,No,Yes
2011-04-28,Brisbane,16.712244312055642,26.41775640564869,0.13141462714434796,3.851805067102605,6.596877915742612,WNW,37.227804492939136,NNW,W,7.0,18.91365822149566,70.94243881433044,58.08878202824345,1012.3968779157426,1008.0282925428869,4.34292686427826,3.0575611856695613,23.08921983778782,23.480097609989564,No,Yes
2013-12-28,Brisbane,23.810954912145835,28.847396994143057,76.84312242228603,3.0953368770041685,3.673969941430556,E,51.83296187422221,ENE,NE,22.306931815652764,12.052060117138888,86.20824046855556,70.31236070283333,1008.3533687700416,1007.2002228754667,8.0,6.526030058569444,25.389587976572226,27.8265729472875,Yes,Yes
2013-03-04,Brisbane,10.561635594263096,21.515916557376556,0.0,3.128979139344139,8.667343545081042,E,22.195938729513742,SSW,ESE,4.0,9.13062581967583,82.38364405736904,57.61635594263096,1028.4840834426236,1025.1355104303277,3.0,2.3551043032793046,14.203677315574817,19.615916557376554,No,Yes
2011-07-18,Brisbane,18.224411420145785,27.502998828495677,0.48094172776673916,4.189293704174946,5.457174816699783,ENE,28.0,SE,SW,5.297645680583152,2.7023543194168482,75.10706295825054,71.51177159708423,1017.7910035145129,1014.3772983901923,4.4047086388336965,7.0,23.054175988204104,24.570879941020515,No,Yes
2012-01-17,Brisbane,17.0306745487728,26.737796962456724,0.0,4.91225073894745,5.919373152631375,NNE,28.316238915788254,SW,NE,4.9591642035085,11.8774926105255,64.35707471227975,60.9591642035085,1018.158119457894,1014.1907880950873,6.47958210175425,7.0,23.21842380982535,25.050047701404175,No,Yes
2014-04-27,Brisbane,18.641165255915475,27.924325358972638,0.0,6.679002576429154,7.58108133974316,SE,28.079002576429154,SW,E,6.0,11.494803091714983,60.49480309171499,58.74220463757247,1017.1993754139561,1014.8656956200704,3.663202061143323,5.7525984541425075,23.523285977315634,25.35904453451531,No,Yes
2011-11-22,Brisbane,21.1,24.421121336117803,11.51626059052209,5.294654396658634,0.0,SE,24.789905541311917,SW,SSE,2.5263550492101743,9.526355049210174,87.0,84.78878663882196,1017.3683366441982,1017.2209721491192,8.0,8.0,23.215813029526103,22.968523127946455,Yes,Yes
2015-11-08,Brisbane,19.91693300537172,30.051838147884254,0.08845154680991252,7.982807211686006,7.696063921289213,W,61.4619381276035,NE,NE,8.115484531900874,13.884515468099124,54.65354640429738,63.44225773404956,1014.2692907191405,1008.7653546404297,3.0,4.884515468099125,27.413256709603207,27.2152247489586,No,Yes
2012-12-17,Brisbane,21.638456695457215,28.09326771733038,2.0211496085250626,8.359606303982277,4.40673228266962,ENE,26.480787392035445,S,NE,4.826929130678482,11.0,84.75960630398227,68.03842521592911,1018.3086692832301,1014.691362196298,7.586535434660759,4.0,23.173070869321517,27.42788189119468,Yes,Yes
2014-09-29,Brisbane,21.377350251027167,27.38710829149547,2.00349070439585,7.025783417009056,2.78084095542302,E,29.146370607024533,E,ESE,10.790956032250946,9.919873117296227,69.32407789441133,63.195160809366044,1016.0048790202341,1013.953312186216,7.0,7.0,24.724038064811133,25.149821481820187,No,Yes
2009-06-05,Brisbane,20.948490949619487,28.84849094961948,0.15150905038051574,7.37877262595129,5.730281676331805,E,33.48490949619484,ENE,ENE,14.515090503805158,17.48490949619484,69.65140838165902,62.212273740487106,1017.5651408381659,1015.5,6.62122737404871,6.62122737404871,25.745472848858455,27.34391346411719,No,Yes
2010-10-22,Brisbane,19.20863835113103,23.477361768066988,37.5325945070504,5.482297968713289,1.0123405016157543,SE,34.22638231933013,SSW,SE,3.3251063322561634,9.65021266451233,80.61319115966506,81.67489366774383,1017.2777870970916,1015.3790211472532,8.0,8.0,22.58229796871329,21.63991493419507,Yes,Yes
2014-04-08,Brisbane,18.882397699413914,28.791375151134453,0.0,8.840141041141994,8.91971791771601,NE,34.00352602854988,NNW,NE,4.7024682199849135,15.200705205709976,50.50528904282482,53.501763014274935,1015.759506356003,1011.4996473971449,1.4014104114199508,3.301057808564963,25.16126937027796,26.821480931990948,No,Yes
2012-09-01,Brisbane,14.63168925547707,22.096222388853214,0.15697791108257086,3.486044177834858,1.4456450776422116,SE,29.177334333119283,S,ENE,6.252886556055009,10.569779110825708,66.27911644330284,62.41867466495425,1026.3569779110826,1023.8569779110825,7.0,7.3924447777064275,19.046799700064213,19.611332833440358,No,Yes
2011-04-25,Brisbane,22.246611893278793,32.22895279117474,0.0,7.6533881067212075,11.213552426884828,NE,28.533881067212068,NW,NE,8.266940533606036,12.022587378141381,57.68788471011119,57.93223786557585,1010.083778034892,1006.1991783991818,1.2443531554646545,2.511293689070691,27.651129368907075,30.655646844535347,No,Yes
2011-12-21,Brisbane,11.460338582691254,22.203154143871906,0.09964953956978805,3.198598158279152,5.756133057528709,ESE,23.003504604302123,SSW,E,4.99649539569788,13.0,66.5087615107553,58.021027625812714,1024.8933412518259,1021.4407127985993,2.0070092086042393,5.4982476978489405,15.857184438819344,20.65017523021511,No,Yes
2012-08-06,Brisbane,20.505372733694358,24.69194089945847,8.573136331528225,3.46248787379328,1.2222893807393818,E,34.6875606310336,S,ENE,4.991045443842743,11.660696962561829,89.33034848128091,83.07163644925807,1021.4240802919709,1017.6196030138923,8.0,7.669651518719086,22.372337885566264,23.828557570049462,Yes,Yes
2010-12-31,Brisbane,21.154122012271724,24.47903207584834,0.18673836475197492,3.518279245952603,0.2989245287203761,ENE,32.53584276631912,ENE,ENE,14.40322641383887,11.132616352480252,70.33691823759875,80.34229559399687,1011.5652327049604,1009.1387094344645,7.933691823759874,7.933691823759874,24.13315408812007,22.438709434464453,No,Yes
2011-12-09,Brisbane,16.91732903520837,27.506780926820667,2.39698625474637,3.8331511977899284,10.798493127373186,E,24.05274054193853,SSE,E,8.962328184329627,11.045206178804449,58.06780926820668,62.0,1012.5037671815671,1010.5045206178804,4.0,6.984931273731851,24.90904123576089,25.407534363134076,Yes,Yes
2010-08-10,Brisbane,21.564800321372484,27.588801928234894,3.2391932511778556,6.014134725947426,0.0,ESE,35.40798714510068,SSE,SE,8.802662381700225,8.027995179412754,89.9013311908501,90.90133119085012,1014.6703993572551,1013.2830657561113,8.0,8.0,22.616934243888704,23.491601446176173,No,Yes
2013-12-28,Brisbane,22.25589431146674,29.22314363278226,6.072782288545011,7.669286360651886,4.886463413119955,SE,35.0,NNW,E,4.7307136393481155,10.46142727869623,75.25036134423725,79.86607950814856,1016.1615718163911,1013.2732159016297,6.0,5.807859081955654,26.307714544260758,25.1787488688592,Yes,Yes
2013-12-26,Brisbane,11.995144103639321,22.863429402426213,0.0,6.024380398382524,8.012190199191261,SE,28.975619601617474,SSW,SE,4.048760796765048,11.0,61.26838621536602,53.9024784064699,1028.9024380398382,1026.0121901991913,3.975619601617476,3.0,17.102458223154077,20.573181561779222,No,Yes
2010-01-12,Brisbane,19.54591241081927,26.047547446491564,16.761308028537833,7.104905107016878,2.892779560642897,E,34.70163503567229,E,E,15.0,16.70163503567229,65.87874453626019,59.967299286554145,1021.3130802853784,1018.7158729872208,7.149182482163853,7.149182482163853,23.21328321254409,23.92983649643277,Yes,Yes
2009-02-17,Brisbane,21.286928164661322,27.789069701103656,0.0,6.65937980073577,3.370310099632115,SE,30.91211237545986,SSE,E,13.0,9.351550498160575,62.0,80.24224750919711,1013.1140312952176,1012.3558335710452,7.0,7.087887624540144,25.297858463557674,24.2384786628219,No,Yes
2011-03-10,Brisbane,14.868856715191828,21.9564216828752,0.9377134303836551,2.961172977348229,5.257535275143318,SSE,29.74721601932971,SSW,S,4.0,6.0,79.717891585624,85.83518932044686,1026.5527839806703,1024.0839272654785,5.582405339776569,7.0,18.192316262156403,19.319413511325887,No,Yes
2012-03-09,Brisbane,20.410778136186284,27.494258370221747,0.3777386042572099,7.344346510643025,1.1727020978491791,SE,33.33392093614185,SE,SE,14.777386042572099,13.0,65.61042557450118,84.60866276607561,1012.1687232764965,1010.501939089268,6.944346510643024,7.944346510643024,25.75530092767187,22.750088140421276,No,Yes
2010-10-13,Brisbane,21.08922315764218,31.621553684715632,0.0,3.915371929403637,8.29461157882109,SSE,41.31537192940363,SSE,ENE,3.103801752912728,16.999999999999996,60.9461157882109,58.52694210589455,1014.2115701764909,1011.1111735094244,5.157685964701819,5.369256141192727,27.052694210589454,27.731537192940362,No,Yes
2015-04-25,Brisbane,12.16661189290904,28.40516354778745,0.1896729044250974,4.278831580522369,7.753528069912939,W,45.89672904425098,ESE,NNE,2.4647193008706156,7.309812867247078,68.01892592038426,47.67126121236866,1013.8464719300871,1007.6149764150344,3.2065419114980513,3.2065419114980513,18.764719300870617,24.405163547787446,No,Yes
2015-06-16,Brisbane,10.7313458662842,21.592703007428653,0.2729699257134442,4.014593985142689,6.496017855858343,ENE,30.6716353342895,WSW,E,5.963515037143279,14.854060148573113,77.25539473999704,58.52903196142247,1030.8230479301449,1028.2956842080023,7.018242481428361,7.0,15.374794173856282,19.710945488857014,No,Yes
2014-02-03,Brisbane,16.824199604305388,26.218149703229038,3.6908843870992643,0.5636462451602942,6.633315217206127,ENE,17.909115612900735,SSW,NE,5.484807311832108,6.3030385376335785,83.63646245160294,62.72734683870221,1017.5091427870916,1013.806104249458,3.606077075267157,3.5151926881678923,20.548453556992403,23.899972825809193,Yes,Yes
2011-08-20,Brisbane,12.117564577482275,21.503018911754765,3.139967726811889,4.399451106953679,1.8947855160599492,SE,37.01646679138963,SSW,SE,5.994511069536789,16.983533208610364,88.98902213907358,51.08233395694816,1026.3799654038094,1024.1805142968556,8.0,7.002744465231606,13.222230168376004,19.903293358277924,Yes,Yes
2012-07-26,Brisbane,15.603050211776658,29.300000000000004,0.0,7.531186683732455,6.724576972305155,W,27.793220525948044,ESE,NE,8.689830788922063,7.206779474051959,51.55084605538969,54.13728710728577,1015.4522041563869,1010.7659328671156,5.103389737025979,6.0,23.034236895509114,25.696440500349357,No,Yes
2011-04-02,Brisbane,18.257599841780568,27.569600632877734,0.115199683561132,5.267196519172452,7.87599841780566,SE,30.031988924639624,NW,N,3.1519968356113197,11.303993671222639,63.1200079109717,76.12795569855848,1015.7703954116364,1013.4679912979311,4.84800316438868,6.57599841780566,25.06079873424453,22.634412815774155,No,Yes
2012-12-29,Brisbane,20.594363768416464,24.282604386914468,0.5669582452342127,5.568707716639488,0.36345930242366115,SW,42.1827034878817,N,SW,6.586978065427657,4.413021934572342,79.82604386914468,90.26530787479616,1009.9095229917618,1008.2938768500815,7.917395613085532,7.917395613085532,22.301749471405277,17.529542811955235,No,Yes
2013-04-11,Brisbane,16.324380029428983,26.9174900211121,6.037100044783239,2.620140024310901,9.802650003198803,ENE,19.074200089566475,SW,E,2.010600012795211,6.074200089566475,71.97349996801198,57.005300006397604,1015.2994699993602,1011.7068900083169,1.0212000255904217,1.0159000191928163,22.9201400243109,26.40795000959641,Yes,Yes
2010-05-11,Brisbane,16.179516426794972,23.601955980144343,0.0,2.1346373200962314,2.4551208933012565,ENE,20.24932837054857,SSW,E,4.174529859384002,9.199462696438859,74.0,56.75067162945142,1019.2606447642734,1015.4528962613764,7.024932837054857,7.024932837054857,18.467050008267545,22.086996277911428,No,Yes
2012-09-04,Brisbane,16.831454150520134,24.65823928267222,2.2870482909622987,4.607400976592972,3.4629083010402657,WNW,22.638768311118234,S,WNW,3.0185024414824313,4.981497558517569,83.28722192295203,92.41673901332905,1013.7936543694735,1011.7556809564371,4.9444926755527066,7.490748779258785,21.696212695708642,21.164758545188512,Yes,Yes
2014-10-23,Brisbane,21.51808180290573,29.404814293716047,0.0,5.966262342026934,9.298787026080804,NE,22.0,W,E,5.445792193243552,10.445792193243552,66.3252468405387,62.61448048310887,1013.9180818029057,1010.3457921932436,6.0,5.891584386487103,25.73976492560831,28.07107663574298,No,Yes
2012-09-06,Brisbane,22.402947620468687,27.059636798991367,18.41133422212968,5.122449348323966,0.08956926342332372,ENE,42.38775325838018,ENE,E,10.074831161079883,11.746030312073469,86.5963679899137,91.82086147315336,1010.8448986966479,1008.90612337081,8.0,8.0,24.682086147315335,23.75215368288338,Yes,Yes
2013-05-07,Brisbane,22.12231409374517,28.185399552072063,16.532230875057966,4.582479462486475,1.914490558311435,ENE,35.3399445208752,ENE,ENE,14.747658166692428,17.466115437528984,77.40771364581724,67.71845727083655,1018.6495316333385,1016.8116803583423,7.155371812509661,7.0,25.87862263957786,27.04170809790475,Yes,Yes
2010-06-12,Brisbane,10.893650601384133,22.30700734640898,0.1070073464089821,3.808904496683233,8.014014692817964,S,29.745257124314374,SW,S,6.46496326795509,13.280293856359283,61.420440784538926,55.3503673204491,1025.2382497779054,1022.5987607975188,2.070073464089821,6.464963267955089,16.630584483703295,20.37452571243144,No,Yes
2009-02-02,Brisbane,24.781295587301123,31.680394670635664,0.0,5.4841698571449164,5.402874269843787,ENE,27.04676103174718,E,NE,5.429858452379236,12.906477936505649,73.14929226189618,70.05577019840183,1011.9532389682529,1009.9690691111078,7.0,7.0,27.92805661904831,28.946761031747172,No,Yes
2012-11-26,Brisbane,11.767716511740526,17.741732093924195,0.16771651174052496,3.2448816291457745,0.8385825587026248,SSW,13.6456697651895,SSW,SSW,5.354330234810499,2.3228348825947505,70.42126161946062,70.2283488259475,1021.2417320939242,1019.7094486056648,7.161417441297376,8.0,13.883858255870262,15.932283488259475,No,Yes
2010-12-26,Brisbane,22.815430195865485,29.412891415790757,10.492976206027139,5.492186144358702,6.3511706323288095,N,32.38476731955162,ENE,E,13.359379518804326,18.974612199252704,75.30860391730974,74.12891415790757,1014.0972637045082,1012.5511706323288,6.0,5.794922439850541,26.75390692782065,26.733399171805708,No,Yes
2011-01-02,Brisbane,20.442389319707623,24.777595846552966,40.46215197987699,4.676814240389837,0.028805340146189157,WNW,22.256047467966123,ESE,NW,6.903982199512702,4.096017800487297,81.51991099756353,90.2318575961016,1005.5728320408771,1004.9088201738855,7.967994066504234,7.967994066504234,23.848790506406772,20.031224327332637,No,Yes
2014-10-08,Brisbane,22.268048137834764,28.622618802908125,0.746857025395902,6.848476444975545,2.1077136396774616,WNW,24.312380169306014,NNW,WNW,5.421904957673497,5.421904957673497,69.86714256348976,78.75761777512227,1013.1071915235533,1011.9204772672043,5.554762394183742,7.0,26.657809504232656,24.955476239418378,No,Yes
2012-09-06,Brisbane,14.159359005539816,17.256647105900573,2.20049307266168,0.9591124692089755,0.6586193965472953,WSW,17.80295843597008,SSW,SSW,4.0,6.199506927338319,89.79802770935328,84.0098614532336,1019.9795562346045,1016.7805423799277,8.0,6.60098614532336,15.359359005539815,16.576844334965244,Yes,Yes
2014-05-07,Brisbane,11.76262246532864,22.692238171533653,0.0,3.577995493917581,6.318613453163802,W,30.252449306572785,WSW,S,8.208741551095464,9.944988734793954,67.3737753467136,58.81386546836199,1016.9066314774934,1013.2286359835759,2.318764081507559,7.263752816301512,17.635116832725615,20.07686514294471,No,Yes
2010-11-15,Brisbane,18.226784176176487,24.97307213445048,0.10596800463622333,3.4820959860913296,0.4350799884094417,SE,34.88792030135452,SE,ESE,12.1790401390867,10.059680046362233,65.82824025499228,67.83552064907126,1021.2724877844157,1019.2493438052785,7.0,7.529840023181117,23.320816171540265,22.84920011590558,No,Yes
2011-01-06,Brisbane,17.15891058872889,27.529633598293337,3.81904251648,3.571079617422222,8.66349291392,SW,27.612017513244442,SW,N,4.878309713066666,8.049389330488887,67.12169028693333,52.75661942613333,1013.5608451434666,1008.7144601912888,3.7072300956444444,2.414460191288889,22.646741560035558,26.683248646115562,No,Yes
2011-05-18,Brisbane,15.634541938601576,21.41320653687017,0.09288819942286448,4.296661495671484,3.147895955915639,ESE,35.374456510099876,SSE,SE,8.535559002885677,11.37445651009987,77.48330747835742,72.3410714668147,1026.8380279233738,1025.107694072941,7.232220498557162,7.232220498557162,17.93265529047726,20.10754659249724,No,Yes
2013-09-07,Brisbane,20.434916071835868,28.661103125712774,0.21745803591793508,8.025419640820648,4.978561161630708,E,31.523741077538055,SE,E,9.0,13.174580359179348,66.08729017958967,42.7458035917935,1020.7777937485745,1018.5603357126566,7.563549102051622,7.0,23.730935269384517,27.117458035917934,No,Yes
2013-10-16,Brisbane,19.717649031295462,28.06581784438766,0.0,6.153609931668963,7.656714351995281,NE,23.951168349125226,N,NE,6.0,10.975584174562611,62.03662373815608,67.9877920872813,1017.8957796726951,1014.3329613643405,4.469480218203265,6.0,25.365817844387657,25.622532196382934,No,Yes
2010-07-27,Brisbane,22.336582146663062,25.768848763673578,0.18640286845138684,4.132014342256935,0.4826981699757673,SW,20.543885261944528,WSW,W,2.271942630972264,2.1359713154861315,78.0,74.02841592545109,1013.286655143205,1010.8370866961702,6.660071711284671,6.728057369027736,25.099747725246424,24.755251632124963,No,Yes
2012-12-17,Brisbane,16.194999894538707,22.99339441413992,0.6412843843190286,2.5923853152957084,4.460917477634331,SE,29.527064113754655,WNW,SE,6.961926576478543,13.565137537276117,75.79357807840485,62.28256876863805,1019.2468808713348,1016.9088074478135,6.320642192159514,5.641284384319029,19.036284278857735,21.40100909884421,No,Yes
2013-04-13,Brisbane,22.403484363406324,29.79694154877895,0.0,8.712659717069478,6.449361131722085,ENE,25.1877661951158,NNW,NE,6.406116902442101,9.0,55.5632985853474,57.12659717069479,1013.1248935219537,1009.468563663419,7.0,5.781649292673697,26.13755323902316,27.7061169024421,No,Yes
2009-09-25,Brisbane,19.20307769992328,25.92154202927729,3.1753821409851066,4.701539785054478,5.866156521957966,SSW,36.030776999232806,W,N,6.630769518490104,9.676925666410934,72.38460963019791,67.70768396378698,1014.4569215520024,1009.6999981298143,4.84615240754948,3.584613370569273,23.020002244222812,24.79538812557927,No,Yes
2013-03-29,Brisbane,19.82713398610955,27.86402483889326,5.379265344415717,6.855488894455061,4.256709816691022,SSE,26.1829281111236,SE,ESE,7.637196083342701,13.365856222247201,78.90243133325839,67.80486266651678,1019.0085359444382,1016.8536575111011,4.1798758055336975,5.817071888876399,23.31006209723315,25.0286601389045,Yes,Yes
2012-08-22,Brisbane,20.070838129237107,27.10625719385566,16.104363298721434,3.929161870762892,5.13262530049486,SE,39.194412471752614,SE,ESE,10.805587528247388,14.805587528247388,78.7709532309277,60.9027937641237,1014.3117296204125,1012.2728471260621,7.451396882061847,7.0,24.39374280614434,25.96111750564948,Yes,Yes
2011-12-30,Brisbane,18.12288506726725,30.119070889389377,1.9761191276003183,7.364178691400477,6.323382969833466,S,24.684907718445682,SW,NE,6.744609899444886,6.744609899444886,70.19568791955591,60.00000000000001,1013.0417915266994,1010.0749588925107,4.646765939666932,7.548921979888977,23.5701489095004,27.085903523578118,No,Yes
2011-05-13,Brisbane,14.71297846747677,23.693670652408866,0.0,3.7175773527376696,5.603460924660472,E,22.017304623302355,SW,E,6.201730462330237,13.40346092466047,69.0,64.19307815067906,1024.0299633184848,1020.6510015958828,1.8069218493209434,6.798269537669764,20.7524593287777,22.911248005146533,No,Yes
2013-06-05,Brisbane,15.1,22.807429287279,0.9462853563605003,2.5570282850884003,3.6282292037631168,W,30.060574053356337,NNE,W,3.369143095759666,13.530287026678165,79.25485439876383,84.677712138163,1016.5126846882333,1012.4435415924738,7.315428452120167,7.315428452120167,19.13828619151933,19.516800334063532,No,Yes
2012-03-22,Brisbane,21.934299010413916,30.40793857704112,0.0,9.332202354555807,7.196654922366922,NE,27.297055110058746,N,NE,6.0,12.648527555029371,59.52720866745594,68.82426377751469,1014.75901083432,1012.0744878007102,6.560659443786716,6.0,27.707938577041123,27.504593499408045,No,Yes
2010-12-26,Brisbane,18.805414501572447,26.338593957833293,0.0,4.6108290031448895,9.994354682818829,NE,37.195277945253736,N,NNE,6.583525679673938,16.167051359347877,71.91762839836969,63.47292749213777,1020.6752885195108,1016.283525679674,4.2776495468840405,3.5552990937680815,23.080241389865897,25.04141661642388,No,Yes
2010-03-26,Brisbane,18.394307111229907,28.78210806386543,0.0021687195314637367,5.602168719531464,10.284818963279754,SE,28.00813269824299,SSE,E,5.9945782011713415,16.9728910058567,62.06777248535823,54.06506158594391,1022.9097592378916,1019.8119279574231,1.0108435976573187,3.0108435976573187,24.885090053221184,27.379668254392527,No,Yes
2012-04-18,Brisbane,17.238418586010877,27.605026457727515,2.329982361514991,4.0100529154550255,9.994797157422399,E,24.81687244899177,SE,E,9.233392128283363,10.533215743433276,59.16696064141682,62.933568513133444,1012.9084362244959,1010.8384185860109,4.233392128283363,7.0,24.970017638485007,25.4350088192425,Yes,Yes
2013-06-02,Brisbane,22.504382541788218,28.041949860315565,0.0,7.483899720631135,5.325403911164106,ENE,21.634168994740545,W,E,2.9463324021037844,12.161002793688647,76.0,64.99015781998595,1013.4966016762132,1010.6341689947405,5.946332402103785,4.892664804207569,25.482915502629734,26.53658310052595,No,Yes
2012-06-23,Brisbane,18.52732225726701,26.594306741396963,5.169763009689341,6.497085266956348,6.961018810558386,ENE,23.303731977949255,WNW,E,5.818305643167515,11.84881504844671,72.81694356832483,70.63524921149236,1018.0270498422985,1014.2088804066152,4.969490594720806,4.575592475776645,23.400272414968537,25.027594672235537,Yes,Yes
2009-12-03,Brisbane,19.663984310140858,26.196560595097257,13.54406275943657,7.382868349899387,2.9474367899262175,E,35.0,E,E,15.0,16.999999999999996,63.439973850234765,59.554184850905514,1021.2726155096043,1018.3343286746143,7.205710550033538,7.205710550033538,23.517131650100612,24.311421100067076,No,Yes
2010-12-05,Brisbane,24.314640599909247,34.28660149977313,0.36277745038568254,7.957320299954626,7.769232324648347,W,40.146405999092515,W,E,4.0,13.0,66.1736917512478,67.10669925011344,1008.4200977503402,1004.9841173004085,4.320097750340308,6.0,30.251863149523565,30.235980449931933,No,Yes
2015-05-25,Brisbane,21.038836063973672,30.2716004120362,0.05970901599341812,8.020872952019745,11.686527666034555,E,28.74636269991773,ENE,ENE,8.492725399835452,12.70145492003291,51.53763317972027,47.23908809975318,1013.43118341014,1009.9849467281119,6.0,2.597090159934181,28.035800206018106,28.9716004120362,No,Yes
2010-04-06,Brisbane,21.353664985408205,26.779067532853333,9.718433065671789,6.821821678841026,2.0270127372256406,ENE,46.69766883213334,ENE,E,11.0,16.999999999999996,74.98389810219487,65.96779620438974,1015.0692381605621,1012.7627974014399,8.0,7.745974525548718,24.725042058402053,25.658495554749745,Yes,Yes
2013-06-30,Brisbane,23.459148170706406,32.97618475657824,0.7097780484768997,9.380443903046203,10.35062987777049,E,31.817036585871836,NE,E,4.817036585871834,14.634073171743667,59.68926219183307,59.26814634348733,1011.2518896333114,1009.4689262191833,2.1829634141281664,2.8170365858718336,28.862147561633382,29.764667072715344,No,Yes
2011-07-26,Brisbane,13.233530966450022,22.11341238658001,0.0,3.9463504536799636,5.153056646969969,E,20.26824773160018,SW,E,6.0,13.0,69.33530966450023,65.7376812619005,1024.8110407891797,1021.3982213019498,1.335309664500227,7.0,19.219525680519947,21.452463747619902,No,Yes
2013-07-28,Brisbane,11.871657135986615,18.02993272769061,0.33061553901357665,3.6253974659193062,0.9909294764573907,SW,13.117916806053922,SSW,SSW,5.981858952914782,2.0,68.17233994730958,67.17233994730958,1021.4700672723094,1019.9664390628923,7.0,8.0,13.962586612444003,15.942631460650263,No,Yes
2009-10-01,Brisbane,19.862486424600718,27.641986243595397,3.911025702755968,2.4050018100532373,7.315498370952086,ESE,31.280028960851794,SSW,ESE,7.9749909497338125,11.0,75.2800289608518,66.84501629047912,1018.2345197295803,1015.3755200915909,6.179992759787051,6.589996379893526,22.40598769163799,25.16748823465396,No,Yes
2013-06-25,Brisbane,12.603382867971042,15.230682915344342,4.9512172267755625,1.6690799810506796,0.30338286797104036,WSW,18.688428774457005,SW,W,5.896142924819002,5.137685754891401,92.37922858496381,90.0,1017.6383970657063,1014.7591684807425,7.6207714150362,8.0,13.306765735942081,14.5376857548914,Yes,Yes
