Date,Location,MinTemp,MaxTemp,Rainfall,Evaporation,Sunshine,WindGustDir,WindGustSpeed,WindDir9am,WindDir3pm,WindSpeed9am,WindSpeed3pm,Humidity9am,Humidity3pm,Pressure9am,Pressure3pm,Cloud9am,Cloud3pm,Temp9am,Temp3pm,RainToday,RainTomorrow
2009-01-01,Brisbane,22.2,33.9,0.0,9.0,6.9,W,44.0,SE,NNE,4.0,13.0,60.0,65.0,1007.4,1005.1,5.0,7.0,29.699999999999996,30.9,No,No
2009-01-02,Brisbane,23.2,31.5,0.0,7.4,0.7,ESE,30.0,SSW,E,11.0,16.999999999999996,74.0,47.0,1009.9,1009.7,8.0,8.0,25.0,29.399999999999995,No,Yes
2009-01-03,Brisbane,21.8,26.000000000000004,4.4,5.4,0.0,SSE,41.0,SE,SSE,15.0,14.999999999999998,85.0,86.0,1015.3,1015.1,8.0,8.0,22.7,22.1,Yes,Yes
2009-01-04,Brisbane,20.1,27.5,4.8,4.2,7.0,ESE,35.0,SE,SE,17.0,16.999999999999996,55.0,45.0,1017.4,1014.7,7.0,7.0,25.600000000000005,26.300000000000004,Yes,No
2009-01-05,Brisbane,20.4,28.999999999999996,0.0,7.800000000000001,7.700000000000001,SSE,30.0,SE,E,11.0,19.0,65.0,53.99999999999999,1014.1,1012.1,7.0,7.0,25.8,27.700000000000003,No,No
2009-01-06,Brisbane,20.8,30.500000000000004,0.0,6.4,12.7,E,30.0,ESE,E,9.0,14.999999999999998,58.00000000000001,49.00000000000001,1013.5,1011.1,3.0,2.0,27.300000000000004,29.6,No,No
2009-01-07,Brisbane,20.9,29.8,0.0,8.6,11.4,NE,30.0,E,NE,9.0,16.999999999999996,62.0,56.99999999999999,1013.0,1010.2,3.0,7.0,27.200000000000003,28.400000000000002,No,Yes
2009-01-09,Brisbane,23.1,30.199999999999996,0.6,4.4,2.8,SSE,43.0,S,SSE,9.0,24.0,74.0,47.0,1011.8,1010.4,8.0,7.0,24.9,28.900000000000002,No,No
2009-01-10,Brisbane,19.0,29.1,0.2,6.4,9.6,SE,43.0,SE,ESE,20.0,22.0,52.0,51.0,1012.4,1010.4,3.0,5.0,26.0,26.300000000000004,No,No
2009-01-11,Brisbane,19.6,28.7,0.0,9.0,8.9,ESE,33.0,SE,E,9.0,16.999999999999996,55.0,56.0,1012.6000000000001,1010.6,7.0,7.0,25.5,26.2,No,No
2009-01-12,Brisbane,18.6,29.5,0.0,7.599999999999999,9.5,ESE,35.0,E,E,9.0,14.999999999999998,60.0,53.99999999999999,1014.6,1013.2,7.0,7.0,26.0,27.799999999999997,No,No
2009-01-13,Brisbane,20.2,30.199999999999996,0.0,7.599999999999999,11.5,E,37.0,ESE,E,17.0,19.999999999999996,55.0,53.0,1017.2,1015.4,6.0,4.0,26.300000000000004,27.200000000000003,No,No
2009-01-14,Brisbane,18.8,29.300000000000004,0.0,9.4,13.0,NE,33.0,E,ESE,13.0,16.999999999999996,49.0,39.0,1017.2,1015.3,3.0,3.0,26.7,28.499999999999996,No,No
2009-01-15,Brisbane,19.0,31.7,0.0,8.4,12.8,NNE,30.0,W,ENE,7.0,16.999999999999996,59.0,45.0,1016.4,1013.1,3.0,1.0,26.100000000000005,29.699999999999996,No,No
2009-01-16,Brisbane,19.8,32.9,0.0,9.0,12.4,NE,31.0,WNW,NE,7.0,14.999999999999998,54.0,52.0,1013.8,1010.0,1.0,6.0,28.099999999999998,31.1,No,No
2009-01-17,Brisbane,23.2,31.1,0.0,9.0,7.1,ESE,52.0,ESE,SE,15.0,22.0,65.0,61.0,1012.6000000000001,1014.0,7.0,7.0,27.900000000000002,26.100000000000005,No,No
2009-01-18,Brisbane,20.3,27.8,0.0,8.8,5.8,ESE,33.0,ESE,ESE,13.0,16.999999999999996,56.0,56.0,1019.4,1018.1,7.0,7.0,25.4,25.1,No,No
2009-01-19,Brisbane,18.7,28.9,0.0,7.599999999999999,9.0,ENE,31.0,SE,ENE,13.0,14.999999999999998,49.0,50.0,1019.2,1016.7,7.0,7.0,26.4,26.5,No,No
2009-01-20,Brisbane,19.3,30.9,0.0,8.6,12.5,ENE,26.0,ENE,ENE,9.0,16.999999999999996,49.0,42.0,1017.7,1015.5,4.0,3.0,27.4,29.3,No,No
2009-01-21,Brisbane,21.9,31.5,0.0,8.2,11.7,NE,35.0,NNE,NNE,11.0,16.999999999999996,63.0,53.99999999999999,1016.5,1013.5,5.0,1.0,28.400000000000002,30.2,No,No
2009-01-22,Brisbane,25.0,32.3,0.0,9.2,8.2,NE,43.0,NNW,NNE,11.0,16.999999999999996,64.0,58.0,1014.5,1010.6,5.0,6.0,28.400000000000002,30.6,No,Yes
2009-01-23,Brisbane,24.2,29.9,26.6,7.0,0.5,NNE,30.0,N,NNE,2.0,13.0,84.0,77.0,1012.4,1009.5,7.0,7.0,26.600000000000005,28.299999999999997,Yes,Yes
2009-01-24,Brisbane,23.6,32.5,4.4,2.8,3.8,NNE,30.0,SW,NE,6.0,13.0,68.0,64.0,1011.5,1007.9,7.0,7.0,29.3,30.3,Yes,No
2009-01-25,Brisbane,25.2,30.999999999999996,0.0,3.6,3.1,ENE,26.0,ENE,NE,7.0,14.999999999999998,80.99999999999999,80.0,1013.0,1012.9,7.0,7.0,27.300000000000004,27.900000000000002,No,Yes
2009-01-26,Brisbane,23.1,30.500000000000004,29.800000000000004,6.4,7.4,NE,28.0,NNE,ESE,7.0,11.0,73.0,51.0,1016.3,1015.0,6.0,6.0,27.300000000000004,29.5,Yes,Yes
2009-01-27,Brisbane,22.1,30.500000000000004,1.8000000000000003,5.8,10.4,E,39.0,ESE,SE,15.0,19.999999999999996,68.0,55.0,1016.7,1015.1,6.0,4.0,26.9,27.999999999999996,Yes,No
2009-01-28,Brisbane,20.8,30.099999999999998,0.2,8.6,10.2,ESE,35.0,ESE,ESE,15.0,19.0,61.0,53.99999999999999,1016.1,1015.3,6.0,1.0,27.799999999999997,28.6,No,No
2009-01-29,Brisbane,21.1,28.999999999999996,0.0,7.0,5.2,E,35.0,ENE,ENE,13.0,19.0,67.0,66.0,1017.3,1015.5,7.0,7.0,26.2,26.7,No,Yes
2009-02-01,Brisbane,22.1,27.9,0.8,7.4,0.1,SE,28.0,SSW,ESE,4.0,13.0,80.0,60.00000000000001,1015.4,1012.9,7.0,7.0,23.9,27.300000000000004,No,No
2009-02-02,Brisbane,23.0,28.4,1.0,5.6,1.5,ESE,37.0,SE,ESE,19.0,16.999999999999996,80.0,62.0,1012.8,1010.4,7.0,8.0,23.6,26.9,No,Yes
2009-02-03,Brisbane,21.9,29.8,6.2,2.4,8.7,NE,28.0,SSE,ENE,6.0,13.0,77.0,59.0,1011.1,1008.0,7.0,4.0,24.9,28.400000000000002,Yes,No
2009-02-04,Brisbane,22.7,30.6,0.6,5.8,11.8,ENE,33.0,ESE,E,15.0,19.0,62.0,51.0,1009.2,1007.1,3.0,2.0,28.799999999999997,29.399999999999995,No,No
2009-02-05,Brisbane,22.0,30.4,0.0,9.2,11.8,E,33.0,SE,ESE,11.0,19.0,60.0,55.0,1009.0,1007.3,7.0,3.0,28.099999999999998,30.0,No,No
2009-02-06,Brisbane,21.9,31.1,0.0,9.0,12.1,E,33.0,SE,E,11.0,19.0,60.0,53.0,1011.4000000000001,1010.6,7.0,2.0,27.300000000000004,29.5,No,No
2009-02-07,Brisbane,22.1,30.8,0.0,9.0,9.0,ENE,31.0,E,ESE,17.0,16.999999999999996,55.0,47.0,1014.4,1012.5,4.0,2.0,28.299999999999997,29.699999999999996,No,No
2009-02-08,Brisbane,20.2,30.8,0.0,8.4,12.2,ENE,50.0,S,ENE,7.0,11.0,62.0,50.0,1012.6000000000001,1009.4,6.0,2.0,27.099999999999998,30.3,No,No
2009-02-09,Brisbane,20.5,36.1,0.0,7.4,12.0,WSW,31.0,W,NNE,7.0,13.0,60.0,50.0,1010.0,1006.5,0.0,1.0,27.799999999999997,33.1,No,No
2009-02-10,Brisbane,24.4,32.3,0.0,7.2,7.499999999999999,ENE,28.0,E,NE,4.0,11.0,66.0,61.0,1011.0,1007.3,7.0,7.0,28.499999999999996,29.899999999999995,No,Yes
2009-02-11,Brisbane,23.3,31.5,1.4,8.0,9.7,S,30.0,NE,E,9.0,16.999999999999996,64.0,52.0,1005.8,1004.7,7.0,7.0,27.500000000000004,30.7,Yes,No
2009-02-12,Brisbane,21.7,28.0,0.0,6.8,3.3,SSE,31.0,SSE,E,13.0,9.0,62.0,82.0,1012.2,1011.6,7.0,7.0,25.5,24.3,No,Yes
2009-02-13,Brisbane,20.6,23.5,23.8,8.0,0.0,SSE,48.00000000000001,SSE,SE,9.0,7.000000000000001,90.99999999999999,91.0,1016.7,1014.9,8.0,8.0,21.8,21.8,Yes,Yes
2009-02-14,Brisbane,20.1,25.6,36.8,1.6,0.1,S,35.0,SE,SSW,13.0,6.0,90.99999999999999,73.0,1011.5,1007.4,8.0,8.0,21.5,25.2,Yes,Yes
2009-02-15,Brisbane,20.8,31.799999999999997,2.0,1.2,11.4,SSW,24.000000000000004,WSW,NNE,11.0,9.0,62.0,53.99999999999999,1007.0,1004.8,2.0,5.0,25.5,29.5,Yes,No
2009-02-16,Brisbane,21.1,30.8,0.0,5.8,9.3,ESE,30.0,S,E,11.0,14.999999999999998,59.0,56.0,1009.7,1006.8,2.0,7.0,26.7,28.900000000000002,No,No
2009-02-17,Brisbane,21.6,28.4,0.0,6.4,2.3,NE,30.0,S,E,6.0,11.0,65.0,73.0,1009.5,1008.1,7.0,8.0,26.7,25.600000000000005,No,Yes
2009-02-18,Brisbane,22.3,27.8,17.4,3.2,2.5,E,26.0,SSE,SE,7.0,9.0,76.0,70.0,1008.1,1004.9,7.0,7.0,26.100000000000005,27.500000000000004,Yes,Yes
2009-02-19,Brisbane,21.7,31.6,2.2,2.0,10.3,W,31.0,SE,ENE,7.0,13.0,72.0,62.0,1009.4,1006.1,4.0,2.0,27.200000000000003,31.1,Yes,Yes
2009-02-20,Brisbane,23.6,32.5,3.4,7.599999999999999,5.0,W,33.0,SW,E,4.0,13.0,76.0,68.0,1011.1,1008.2,7.0,6.0,26.5,29.699999999999996,Yes,Yes
2009-02-21,Brisbane,20.9,28.7,35.2,6.2,1.9,W,28.0,SW,ENE,6.0,9.0,87.0,72.0,1011.6999999999999,1009.3,7.0,7.0,23.1,27.700000000000003,Yes,No
2009-02-23,Brisbane,20.8,29.700000000000003,0.0,6.8,11.3,ENE,31.0,ESE,E,11.0,19.0,65.0,53.0,1016.6,1015.1,3.0,1.0,27.000000000000004,28.699999999999996,No,No
2009-02-24,Brisbane,19.8,29.8,0.0,8.0,10.8,ENE,28.0,W,NE,2.0,14.999999999999998,61.0,55.0,1016.9,1015.3,1.0,2.0,27.4,28.699999999999996,No,No
2009-02-25,Brisbane,20.4,27.9,0.0,7.0,1.5,NE,22.0,W,ENE,6.0,11.0,70.0,64.0,1016.8,1014.0,7.0,7.0,25.3,26.7,No,No
2009-02-26,Brisbane,20.9,30.3,0.0,3.6,10.1,SE,43.0,SSE,SE,13.0,19.999999999999996,59.0,55.0,1015.2,1012.9,3.0,3.0,27.300000000000004,27.799999999999997,No,No
2009-02-27,Brisbane,19.9,30.099999999999998,0.0,7.2,11.9,ESE,44.0,S,E,11.0,14.999999999999998,51.0,51.0,1015.2,1011.8,1.0,3.0,25.3,27.900000000000002,No,No
2009-02-28,Brisbane,19.2,32.2,0.0,7.4,11.8,NNE,26.0,SW,NE,7.0,9.0,56.0,45.0,1012.9,1009.4,2.0,3.0,25.3,30.8,No,No
2009-03-01,Brisbane,20.0,33.8,0.0,6.8,9.2,E,22.0,S,NNE,6.0,9.0,63.0,53.0,1011.4000000000001,1008.1,0.0,7.0,27.4,31.7,No,No
2009-03-02,Brisbane,23.0,32.2,0.0,5.8,10.0,E,28.0,SW,ENE,6.0,13.0,57.0,55.0,1014.0,1012.0,6.0,6.0,28.900000000000002,29.8,No,No
2009-03-03,Brisbane,24.0,30.500000000000004,0.2,6.0,9.8,ENE,24.000000000000004,E,NE,7.0,13.0,72.0,58.0,1017.0,1014.0,6.0,3.0,27.799999999999997,30.1,No,No
2009-03-04,Brisbane,23.3,31.1,0.2,4.8,10.6,ENE,30.0,NE,NE,11.0,13.0,59.0,56.0,1014.6,1010.0,5.0,3.0,28.999999999999996,30.0,No,No
2009-03-05,Brisbane,20.5,31.5,0.0,7.800000000000001,10.7,WSW,39.0,WSW,WSW,15.0,7.000000000000001,32.0,22.0,1010.4,1007.0,1.0,1.0,24.5,31.3,No,No
2009-03-06,Brisbane,20.4,28.8,0.0,9.0,9.8,ENE,26.0,SSE,ENE,7.0,14.999999999999998,55.0,50.0,1013.2,1010.6,7.0,2.0,25.0,28.400000000000002,No,No
2009-03-07,Brisbane,20.2,29.8,0.0,6.2,11.2,NE,28.0,W,NE,9.0,16.999999999999996,62.0,53.0,1014.8,1011.4,4.0,3.0,26.100000000000005,28.6,No,No
2009-03-08,Brisbane,20.2,30.199999999999996,0.0,7.0,11.2,E,35.0,E,ESE,15.0,19.0,60.0,53.99999999999999,1014.8,1012.9,4.0,5.0,27.099999999999998,27.900000000000002,No,No
2009-03-09,Brisbane,20.7,26.4,0.0,9.8,0.0,SSE,35.0,SE,SE,19.0,16.999999999999996,59.0,79.0,1016.1,1013.6,7.0,8.0,25.7,23.6,No,Yes
2009-03-10,Brisbane,21.9,27.399999999999995,3.4,3.7999999999999994,0.1,SE,50.0,SE,SE,17.0,19.999999999999996,70.0,61.0,1014.8,1013.5,8.0,8.0,25.8,25.8,Yes,Yes
2009-03-11,Brisbane,20.6,25.8,4.4,6.0,2.9,ESE,35.0,SSE,SE,15.0,14.999999999999998,88.0,82.0,1017.4,1015.7,7.0,7.0,22.3,23.0,Yes,Yes
2009-03-12,Brisbane,19.9,27.700000000000003,5.6,4.4,6.2,ENE,35.0,ESE,ESE,19.0,14.999999999999998,69.0,59.0,1019.8,1017.5,7.0,7.0,24.6,26.100000000000005,Yes,Yes
2009-03-13,Brisbane,20.4,25.3,3.0,6.4,3.9,ENE,30.0,ESE,E,7.0,14.999999999999998,75.0,80.0,1017.7,1016.0,6.0,7.0,24.0,22.9,Yes,Yes
2009-03-14,Brisbane,19.2,28.0,6.0,3.2,9.2,ENE,24.000000000000004,SSW,NE,7.0,11.0,73.0,60.00000000000001,1016.7,1013.1,5.0,4.0,24.1,27.4,Yes,Yes
2009-03-15,Brisbane,19.8,29.600000000000005,3.0,5.6,10.8,NE,24.000000000000004,SSE,NE,6.0,13.0,66.0,55.0,1014.8,1010.2,4.0,1.0,26.2,28.400000000000002,Yes,No
2009-03-16,Brisbane,20.2,30.500000000000004,0.0,6.4,9.3,SSW,46.0,W,NE,7.0,13.0,65.0,56.99999999999999,1012.5,1007.3,3.0,1.0,25.9,29.3,No,Yes
2009-03-17,Brisbane,18.2,30.3,13.2,8.2,10.0,ESE,24.000000000000004,W,ENE,9.0,13.0,72.0,58.0,1012.6000000000001,1009.8,1.0,2.0,23.9,28.299999999999997,Yes,No
2009-03-18,Brisbane,21.1,28.8,0.0,4.0,6.3,ESE,33.0,SE,E,9.0,16.999999999999996,68.0,59.0,1016.7,1014.4,7.0,8.0,25.7,27.099999999999998,No,No
2009-03-19,Brisbane,21.2,26.900000000000002,0.0,6.0,0.0,SE,30.0,S,ESE,7.0,13.0,72.0,68.0,1016.9,1014.4,8.0,7.0,24.2,25.4,No,No
2009-03-20,Brisbane,19.8,29.1,0.0,3.4,5.0,SE,33.0,E,ESE,9.0,16.999999999999996,74.0,55.0,1015.8,1012.1,7.0,5.0,24.8,28.400000000000002,No,No
2009-03-21,Brisbane,20.8,29.300000000000004,0.2,5.4,8.5,SSE,35.0,SSE,SE,13.0,19.999999999999996,68.0,48.0,1015.0,1012.1,6.0,2.0,25.4,27.900000000000002,No,No
2009-03-22,Brisbane,19.3,28.6,0.0,6.0,10.8,SE,37.0,S,SE,11.0,16.999999999999996,56.0,51.0,1015.2,1013.0,1.0,3.0,25.7,27.4,No,No
2009-03-23,Brisbane,18.3,28.6,0.0,6.2,11.0,SSE,30.0,SSW,ESE,7.0,16.999999999999996,63.0,47.0,1017.2,1015.1,2.0,2.0,25.2,27.000000000000004,No,No
2009-03-24,Brisbane,18.1,28.4,0.0,6.2,10.9,SE,31.0,SSE,SE,9.0,14.999999999999998,59.0,45.0,1019.4,1017.1,1.0,2.0,25.4,27.599999999999998,No,No
2009-03-25,Brisbane,18.0,28.500000000000004,0.0,8.0,9.1,E,31.0,SSE,ESE,9.0,13.0,55.0,49.00000000000001,1021.9,1019.6,2.0,5.0,24.6,27.799999999999997,No,No
2009-03-26,Brisbane,17.7,28.6,0.0,5.8,11.0,E,30.0,SSW,ESE,9.0,13.0,58.00000000000001,43.0,1021.9,1018.8,2.0,2.0,24.5,27.900000000000002,No,No
2009-03-27,Brisbane,17.3,29.399999999999995,0.0,6.2,11.0,ESE,30.0,SSW,E,7.0,16.999999999999996,62.0,44.0,1019.7,1016.8,1.0,1.0,24.2,28.6,No,No
2009-03-28,Brisbane,19.9,28.7,0.0,5.2,10.5,SSE,46.0,S,SE,11.0,22.0,61.0,48.0,1020.1,1017.7,3.0,3.0,25.4,27.500000000000004,No,Yes
2009-03-29,Brisbane,19.0,28.6,3.2,7.599999999999999,10.5,SE,43.0,SE,ESE,13.0,22.0,63.0,49.00000000000001,1018.8,1015.8,1.0,3.0,24.7,27.000000000000004,Yes,Yes
2009-03-30,Brisbane,20.1,27.2,2.2,7.0,6.8,SSE,31.0,WSW,SE,9.0,11.0,80.99999999999999,84.0,1014.4,1011.7,7.0,6.0,22.5,22.7,Yes,Yes
2009-03-31,Brisbane,19.4,30.0,3.0,4.0,9.6,WSW,30.0,W,W,13.0,7.000000000000001,59.0,47.0,1009.7,1007.1,3.0,4.0,24.8,27.999999999999996,Yes,No
2009-04-01,Brisbane,19.0,30.500000000000004,0.2,4.4,10.7,E,28.0,SSE,ENE,7.0,14.999999999999998,67.0,56.0,1012.9,1010.9,3.0,1.0,26.2,28.900000000000002,No,Yes
2009-04-02,Brisbane,21.1,24.8,13.000000000000002,4.0,0.0,ESE,54.0,SSE,SSE,15.0,14.999999999999998,93.0,94.0,1015.6,1014.6,8.0,8.0,21.3,21.4,Yes,Yes
2009-04-03,Brisbane,20.1,28.099999999999998,66.2,1.8,6.8,E,30.0,ESE,ENE,7.0,14.999999999999998,83.0,67.0,1017.9,1015.1,6.0,5.0,24.7,26.9,Yes,Yes
2009-04-04,Brisbane,21.9,28.099999999999998,41.0,4.0,4.5,SSE,22.0,ENE,NNE,7.0,11.0,92.0,66.0,1017.2,1013.6,7.0,7.0,22.6,26.800000000000004,Yes,No
2009-04-05,Brisbane,20.8,28.099999999999998,0.8,3.6,3.2,E,28.0,SSW,ESE,7.0,11.0,73.0,75.0,1015.7,1012.2,7.0,7.0,24.9,25.4,No,No
2009-04-06,Brisbane,21.4,29.2,1.0,2.2,7.499999999999999,ESE,28.0,SSW,ESE,9.0,11.0,72.0,65.0,1016.0,1013.1,7.0,7.0,23.8,26.5,No,Yes
2009-04-07,Brisbane,20.0,25.7,1.2,2.8,0.9,ESE,35.0,S,SE,15.0,11.0,70.0,76.0,1019.8,1019.0,7.0,7.0,23.7,22.2,Yes,Yes
2009-04-08,Brisbane,18.1,26.6,1.8000000000000003,3.6,10.4,SSE,39.0,SE,ESE,9.0,19.0,57.0,47.0,1023.3,1020.6,2.0,4.0,23.8,24.8,Yes,No
2009-04-09,Brisbane,17.0,25.6,0.0,5.2,4.1,SE,30.0,SSE,E,13.0,13.0,62.0,62.0,1022.6,1020.2,7.0,8.0,23.2,23.6,No,Yes
2009-04-10,Brisbane,17.7,25.8,5.6,3.0,6.8,ESE,33.0,SSW,ESE,7.0,11.0,73.0,80.0,1023.4,1021.4999999999999,7.0,7.0,22.7,21.4,Yes,Yes
2009-04-11,Brisbane,18.3,25.8,2.2,3.7999999999999994,2.6,ENE,28.0,SW,SE,4.0,7.000000000000001,74.0,78.0,1024.5,1022.9,7.0,8.0,22.6,23.2,Yes,Yes
2009-04-12,Brisbane,19.3,26.499999999999996,14.6,4.4,3.7,E,30.0,S,ENE,7.0,13.0,90.0,67.0,1023.5,1020.7,8.0,7.0,21.1,24.9,Yes,Yes
2009-04-14,Brisbane,21.2,27.5,43.8,0.6,3.2,E,30.0,E,E,6.0,6.0,77.0,67.0,1014.9,1011.9,7.0,8.0,25.1,26.600000000000005,Yes,No
2009-04-15,Brisbane,20.3,30.7,0.4,1.6,9.7,E,28.0,SW,WSW,11.0,9.0,74.0,45.0,1012.5,1009.2,3.0,3.0,25.3,30.2,No,No
2009-04-16,Brisbane,19.8,29.5,0.0,4.0,10.6,ESE,22.0,SW,E,9.0,13.0,68.0,41.0,1014.5,1011.5,1.0,2.0,23.9,27.599999999999998,No,No
2009-04-17,Brisbane,15.6,29.700000000000003,0.0,6.4,10.4,SW,30.0,SSW,SE,6.0,11.0,64.0,34.0,1014.8,1011.5,4.0,2.0,22.0,28.799999999999997,No,No
2009-04-18,Brisbane,16.5,27.9,0.6,5.0,10.4,ESE,24.000000000000004,SSW,S,9.0,7.000000000000001,64.0,40.0,1016.3,1012.9,2.0,2.0,22.399999999999995,27.799999999999997,No,No
2009-04-19,Brisbane,16.7,27.2,0.2,4.6,10.6,SSE,28.0,WSW,SSW,13.0,14.999999999999998,57.0,41.0,1014.1,1010.8,1.0,5.0,22.2,25.7,No,No
2009-04-20,Brisbane,18.6,27.299999999999997,0.0,3.6,10.2,SSW,31.0,SW,SSW,11.0,13.0,54.0,41.0,1012.6000000000001,1010.1,1.0,6.0,22.6,26.9,No,No
2009-04-21,Brisbane,17.9,26.4,0.0,5.6,8.7,SSW,35.0,SW,SSW,13.0,9.0,59.0,80.0,1014.9,1013.4,6.0,6.0,21.9,21.1,No,No
2009-04-22,Brisbane,16.5,27.2,1.0,4.2,9.8,SSE,31.0,SSW,SSW,11.0,11.0,62.0,43.0,1017.9,1014.4,2.0,3.0,21.9,26.5,No,No
2009-04-23,Brisbane,17.0,26.900000000000002,0.2,3.6,10.0,WSW,28.0,SW,S,11.0,11.0,58.00000000000001,43.0,1017.8,1014.9,1.0,2.0,22.0,26.300000000000004,No,No
2009-04-24,Brisbane,14.699999999999998,27.2,0.0,1.4,9.5,NNE,46.0,SW,NE,7.0,13.0,64.0,49.00000000000001,1016.7,1011.5,1.0,1.0,20.6,25.3,No,No
2009-04-25,Brisbane,15.799999999999999,30.3,0.0,4.0,9.8,NNW,28.0,NE,NNW,7.0,9.0,68.0,41.0,1011.6999999999999,1007.5,1.0,2.0,22.7,29.8,No,No
2009-04-26,Brisbane,17.9,28.9,0.0,4.8,10.7,WNW,33.0,W,WNW,15.0,16.999999999999996,40.0,28.0,1012.1,1008.0,1.0,1.0,25.1,28.400000000000002,No,No
2009-04-27,Brisbane,14.299999999999999,26.499999999999996,0.0,6.2,10.7,W,31.0,SW,W,9.0,16.999999999999996,45.0,30.000000000000004,1016.0,1013.3,0.0,0.0,21.9,25.7,No,No
2009-04-28,Brisbane,12.6,26.1,0.0,6.4,10.8,SW,20.0,WSW,SE,9.0,6.0,40.0,25.0,1020.7,1016.5,0.0,0.0,19.5,25.8,No,No
2009-04-29,Brisbane,12.1,25.5,0.0,3.4,9.5,E,20.0,WSW,ENE,11.0,11.0,59.0,40.0,1020.6,1016.5,5.0,3.0,17.6,24.4,No,No
2009-04-30,Brisbane,13.3,26.4,0.0,3.2,10.3,SE,43.0,SSW,W,9.0,14.999999999999998,64.0,29.0,1018.0,1014.6,1.0,1.0,19.7,25.8,No,No
2009-05-01,Brisbane,13.1,24.6,0.0,5.0,6.3,ESE,26.0,SW,ESE,11.0,9.0,57.0,55.0,1022.6,1019.9,1.0,7.0,18.8,22.4,No,No
2009-05-02,Brisbane,15.6,24.8,0.0,4.2,9.7,ENE,26.0,SW,ESE,9.0,13.0,62.0,53.99999999999999,1024.0,1020.5,7.0,4.0,20.1,22.5,No,No
2009-05-03,Brisbane,14.199999999999998,24.8,0.0,4.0,7.700000000000001,ENE,31.0,SW,ESE,9.0,11.0,69.0,48.0,1024.3,1021.8,5.0,5.0,18.7,22.3,No,No
2009-05-04,Brisbane,14.900000000000002,24.9,0.0,3.2,9.0,E,31.0,SW,ESE,9.0,16.999999999999996,66.0,55.0,1025.6,1023.6,2.0,3.0,19.3,22.5,No,No
2009-05-05,Brisbane,13.400000000000002,24.4,0.0,3.6,9.5,SE,30.0,SSW,ESE,11.0,19.0,66.0,45.0,1027.4,1024.2,3.0,2.0,19.4,22.5,No,No
2009-05-06,Brisbane,14.0,24.4,0.0,5.0,6.3,SE,35.0,SSW,SE,7.0,14.999999999999998,64.0,59.0,1025.8,1022.0,5.0,7.0,19.7,21.5,No,Yes
2009-05-07,Brisbane,16.6,24.4,1.4,3.6,4.4,SSE,22.0,SSW,ESE,9.0,7.000000000000001,69.0,63.00000000000001,1024.2,1020.5,7.0,7.0,19.8,22.1,Yes,Yes
2009-05-08,Brisbane,14.400000000000002,25.8,2.2,2.2,9.9,SSE,24.000000000000004,SW,E,9.0,13.0,73.0,45.0,1024.1,1020.9,1.0,4.0,20.2,24.4,Yes,No
2009-05-09,Brisbane,12.5,25.4,0.2,4.0,9.4,W,24.000000000000004,SW,SW,11.0,9.0,66.0,42.0,1022.6,1018.2,1.0,2.0,18.9,25.1,No,No
2009-05-10,Brisbane,12.400000000000002,25.4,0.0,3.6,10.0,SW,50.0,SW,SSE,9.0,7.000000000000001,69.0,37.0,1020.3,1017.5,1.0,1.0,18.2,24.7,No,No
2009-05-11,Brisbane,14.1,23.6,0.0,4.0,10.0,E,35.0,SSW,ESE,7.0,14.999999999999998,62.0,46.00000000000001,1021.9,1018.9,1.0,2.0,19.7,22.5,No,No
2009-05-12,Brisbane,13.8,21.5,0.0,4.4,1.3,SSW,17.0,SW,NNW,9.0,2.0,73.0,59.0,1020.8,1017.3,7.0,7.0,16.6,20.9,No,No
2009-05-13,Brisbane,12.0,24.3,0.0,1.4,9.2,NNW,24.000000000000004,SW,W,9.0,7.000000000000001,75.0,37.0,1018.5,1014.2,5.0,3.0,16.4,23.4,No,No
2009-05-14,Brisbane,12.5,25.4,0.0,3.6,9.8,W,26.0,SW,WNW,7.0,9.0,67.0,30.000000000000004,1017.2,1013.4,2.0,1.0,17.4,25.1,No,No
2009-05-15,Brisbane,10.2,24.9,0.0,3.6,10.1,WNW,26.0,SW,W,2.0,11.0,52.0,23.000000000000004,1018.1,1014.4,1.0,1.0,17.8,24.6,No,No
2009-05-16,Brisbane,9.0,26.2,0.0,4.0,10.4,WNW,31.0,SW,WSW,7.0,14.999999999999998,46.0,21.0,1016.6,1012.5,0.0,1.0,19.1,25.9,No,No
2009-05-17,Brisbane,12.6,26.2,0.0,5.0,7.1,ESE,22.0,SW,ESE,7.0,14.999999999999998,48.00000000000001,56.99999999999999,1017.0,1015.2,1.0,7.0,19.9,22.8,No,No
2009-05-18,Brisbane,15.6,24.5,0.0,2.8,4.1,SE,39.0,SW,E,7.0,19.0,69.0,67.0,1019.8,1017.9,7.0,7.0,19.5,20.6,No,Yes
2009-05-19,Brisbane,17.0,21.4,56.6,2.6,0.0,ENE,37.0,ESE,ESE,9.0,16.999999999999996,92.0,65.0,1019.7,1015.2,8.0,8.0,17.2,21.0,Yes,Yes
2009-05-22,Brisbane,13.199999999999998,23.0,0.0,1.4,6.5,E,24.000000000000004,SW,NE,7.0,6.0,77.0,58.0,1011.1,1008.8,3.0,7.0,17.3,21.7,No,Yes
2009-05-23,Brisbane,15.1,22.8,5.4,1.6,4.4,SE,41.0,WSW,ESE,19.0,11.0,85.0,70.0,1008.1,1010.4,7.0,6.0,17.7,20.5,Yes,Yes
2009-05-24,Brisbane,16.8,22.7,2.2,2.6,7.299999999999999,SE,39.0,SSW,SE,7.0,14.999999999999998,68.0,65.0,1020.4,1019.5,4.0,7.0,21.0,20.9,Yes,Yes
2009-05-25,Brisbane,14.799999999999999,23.7,2.2,2.4,3.0,SE,31.0,SW,SE,7.0,11.0,75.0,46.00000000000001,1023.1,1020.5,7.0,6.0,18.1,22.5,Yes,No
2009-05-26,Brisbane,15.299999999999999,22.3,0.0,2.6,3.1,ESE,20.0,SW,E,6.0,13.0,69.0,63.00000000000001,1022.9,1020.0,7.0,7.0,18.6,21.1,No,No
2009-05-27,Brisbane,13.8,24.1,0.0,2.6,4.0,NE,17.0,WSW,N,6.0,7.000000000000001,87.0,58.0,1021.1,1018.0,6.0,5.0,16.3,21.8,No,No
2009-05-28,Brisbane,14.6,25.1,0.0,1.0,8.4,SW,17.0,SW,WSW,6.0,6.0,76.0,47.0,1020.4,1016.8,2.0,6.0,18.6,24.5,No,No
2009-05-29,Brisbane,14.6,24.6,0.0,2.4,7.700000000000001,SSE,24.000000000000004,SW,ENE,7.0,11.0,80.0,64.0,1020.7,1017.1,2.0,3.0,18.9,21.7,No,Yes
2009-05-30,Brisbane,14.5,23.5,5.2,2.6,8.0,SE,28.0,SW,SE,9.0,7.000000000000001,76.0,52.0,1023.7,1021.3000000000001,6.0,5.0,17.5,22.2,Yes,No
2009-05-31,Brisbane,12.8,22.4,0.2,2.6,8.2,SE,33.0,SW,SE,6.0,16.999999999999996,67.0,60.00000000000001,1028.4,1025.9,3.0,6.0,17.7,20.7,No,Yes
2009-06-01,Brisbane,13.6,21.7,2.0,3.4,5.3,E,35.0,WSW,SE,9.0,13.0,71.0,64.0,1029.0,1025.8,6.0,5.0,17.1,19.5,Yes,Yes
2009-06-02,Brisbane,14.5,21.2,4.2,1.6,2.6,E,31.0,SSW,NE,9.0,16.999999999999996,76.0,86.0,1026.8,1024.2,7.0,7.0,18.1,16.6,Yes,Yes
2009-06-03,Brisbane,14.1,21.3,6.0,1.8,2.5,E,26.0,SW,E,6.0,9.0,82.0,84.0,1023.8,1020.4,7.0,7.0,17.4,18.6,Yes,Yes
2009-06-04,Brisbane,15.199999999999998,22.7,1.4,2.4,2.9,WSW,13.0,W,SW,4.0,7.000000000000001,93.0,68.0,1020.7,1015.9,8.0,5.0,16.4,21.7,Yes,Yes
2009-06-05,Brisbane,14.799999999999999,24.4,1.2,0.2,7.2,SSW,30.0,WSW,SW,7.0,13.0,85.0,60.00000000000001,1017.1,1013.4,2.0,6.0,18.2,21.3,Yes,No
2009-06-06,Brisbane,12.400000000000002,24.3,0.0,1.6,10.0,W,22.0,SW,SW,9.0,6.0,63.0,31.0,1015.5,1011.8,0.0,1.0,18.2,23.9,No,No
2009-06-07,Brisbane,12.7,23.4,0.2,2.0,7.9,WSW,41.0,NNW,W,7.0,22.0,73.0,43.0,1013.7,1009.4,4.0,1.0,19.9,23.0,No,Yes
2009-06-08,Brisbane,8.6,22.0,1.2,4.4,10.0,W,26.0,NW,W,9.0,13.0,46.0,39.0,1015.9,1012.8,1.0,1.0,18.5,21.5,Yes,No
2009-06-09,Brisbane,7.7,21.6,0.0,4.0,9.9,W,39.0,W,W,7.0,16.999999999999996,54.0,36.0,1018.0,1014.0,1.0,1.0,17.4,21.4,No,No
2009-06-10,Brisbane,8.2,20.4,0.0,5.4,9.7,W,43.0,W,WSW,13.0,19.0,47.0,35.0,1019.0,1015.5,3.0,3.0,15.6,19.7,No,No
2009-06-11,Brisbane,7.599999999999999,16.5,0.0,5.0,10.0,W,35.0,WSW,WNW,17.0,13.0,49.0,30.000000000000004,1021.8,1018.9,0.0,0.0,10.7,16.2,No,No
2009-06-12,Brisbane,5.5,19.9,0.0,2.4,9.9,SW,20.0,SW,SSE,7.0,6.0,56.0,42.0,1024.1,1020.4,0.0,1.0,10.7,19.2,No,No
2009-06-13,Brisbane,7.8,22.0,0.0,2.0,9.8,NW,17.0,SW,NW,7.0,7.000000000000001,70.0,46.00000000000001,1021.7,1017.2,1.0,1.0,13.1,21.9,No,No
2009-06-14,Brisbane,8.6,24.1,0.0,2.4,9.5,NNW,20.0,SW,NW,6.0,9.0,73.0,39.0,1018.7,1014.0,1.0,4.0,13.600000000000001,23.3,No,No
2009-06-16,Brisbane,9.6,22.4,0.4,0.6,9.8,WSW,24.000000000000004,SSW,SW,7.0,6.0,69.0,35.0,1017.8,1015.9,0.0,1.0,15.5,22.2,No,No
2009-06-17,Brisbane,8.9,22.3,0.0,2.2,9.8,W,20.0,SW,NE,9.0,6.0,66.0,40.0,1022.6,1020.0,1.0,1.0,13.999999999999998,22.2,No,No
2009-06-18,Brisbane,12.0,21.1,0.0,2.4,4.9,SSW,22.0,WSW,SSE,9.0,9.0,70.0,60.00000000000001,1022.3,1020.2,2.0,7.0,16.2,19.4,No,No
2009-06-19,Brisbane,12.900000000000002,22.8,0.0,1.8999999999999997,8.7,ESE,28.0,SSW,ESE,9.0,11.0,72.0,59.0,1021.8,1019.1,1.0,3.0,16.8,20.3,No,No
2009-06-20,Brisbane,13.5,22.1,0.0,2.6,8.3,ENE,30.0,SSW,ESE,9.0,11.0,75.0,59.0,1021.7,1019.8,4.0,4.0,17.8,20.9,No,No
2009-06-21,Brisbane,14.699999999999998,20.0,0.4,2.8,0.0,ESE,31.0,WSW,NNE,4.0,4.0,90.0,89.0,1022.1,1019.3,8.0,8.0,16.9,18.9,No,Yes
2009-06-22,Brisbane,16.8,19.8,24.4,0.2,0.0,SSW,31.0,SSW,E,6.0,6.0,95.0,92.00000000000001,1019.3000000000001,1016.6,8.0,8.0,18.5,18.6,Yes,Yes
2009-06-23,Brisbane,14.799999999999999,23.1,31.2,0.2,7.1,WSW,52.0,WSW,SSW,13.0,11.0,72.0,59.0,1017.2,1014.3,3.0,2.0,17.9,22.7,Yes,No
2009-06-24,Brisbane,11.3,23.2,0.0,2.2,5.2,SE,15.0,SW,NW,6.0,6.0,95.0,51.0,1019.2,1015.2,6.0,8.0,13.500000000000002,22.0,No,No
2009-06-25,Brisbane,10.9,19.3,0.2,1.4,1.0,W,13.0,SW,ENE,7.0,6.0,90.99999999999999,70.0,1018.4,1014.5,7.0,7.0,12.7,19.1,No,No
2009-06-26,Brisbane,12.7,19.8,0.0,0.8,0.2,WNW,20.0,SSW,N,6.0,6.0,89.0,76.0,1013.9,1010.9,8.0,8.0,15.8,16.7,No,Yes
2009-06-27,Brisbane,13.699999999999998,20.3,14.8,0.4,4.7,WSW,31.0,SW,W,7.0,14.999999999999998,90.0,59.0,1006.6,1002.6,7.0,3.0,14.599999999999998,19.8,Yes,No
2009-06-28,Brisbane,8.8,20.4,0.0,2.2,8.4,NW,24.000000000000004,WSW,WNW,7.0,9.0,67.0,53.99999999999999,1008.8,1006.8,1.0,5.0,17.4,19.2,No,No
2009-06-29,Brisbane,8.2,21.4,0.0,3.2,9.0,W,24.000000000000004,SW,SW,11.0,9.0,57.0,38.0,1014.9,1013.2,0.0,1.0,14.8,20.6,No,No
2009-07-02,Brisbane,12.5,23.2,0.0,1.6,8.9,W,43.0,E,W,2.0,22.0,66.0,21.0,1012.2,1010.1,2.0,1.0,19.4,22.3,No,No
2009-07-03,Brisbane,12.7,20.8,0.0,7.0,9.7,W,54.0,W,W,17.0,26.0,44.0,34.0,1011.3,1006.4,1.0,1.0,17.1,20.2,No,No
2009-07-04,Brisbane,10.6,19.1,0.0,8.0,9.9,W,44.0,W,W,17.0,24.0,50.0,34.0,1015.1,1013.0,0.0,1.0,13.0,18.4,No,No
2009-07-05,Brisbane,7.3999999999999995,18.3,0.0,5.2,6.6,W,26.0,SW,SW,13.0,9.0,56.0,43.0,1017.7,1015.3,7.0,7.0,12.5,17.4,No,No
2009-07-06,Brisbane,7.200000000000001,20.6,0.0,1.4,7.2,ENE,24.000000000000004,SW,ESE,7.0,11.0,69.0,56.99999999999999,1021.3,1018.5,5.0,6.0,12.4,19.0,No,No
2009-07-07,Brisbane,11.6,16.4,0.0,1.4,0.0,SSW,17.0,SSW,SSW,2.0,4.0,83.0,87.0,1019.9000000000001,1018.2,8.0,8.0,13.799999999999999,16.1,No,Yes
2009-07-08,Brisbane,11.9,19.1,3.4,2.8,2.9,ESE,43.0,SSW,SE,9.0,14.999999999999998,68.0,52.0,1023.1,1021.6,7.0,7.0,15.5,18.2,Yes,No
2009-07-09,Brisbane,11.1,20.7,0.0,1.8,9.3,S,41.0,SW,SSE,9.0,14.999999999999998,69.0,47.0,1023.1,1020.2,2.0,2.0,15.199999999999998,19.9,No,No
2009-07-10,Brisbane,13.0,20.4,0.0,2.6,8.1,SSE,37.0,SSW,SSE,11.0,14.999999999999998,62.0,51.0,1020.6,1017.7,4.0,6.0,16.5,19.7,No,No
2009-07-11,Brisbane,11.2,21.7,0.0,3.2,8.2,SSE,31.0,SW,S,11.0,9.0,66.0,51.0,1019.3000000000001,1016.6,1.0,3.0,15.6,19.9,No,No
2009-07-12,Brisbane,8.9,22.5,0.0,2.4,9.9,N,17.0,SW,NW,7.0,6.0,77.0,44.0,1018.7,1014.3,0.0,1.0,13.500000000000002,22.3,No,No
2009-07-13,Brisbane,7.8999999999999995,25.5,0.0,2.6,10.0,W,26.0,S,WNW,2.0,13.0,73.0,35.0,1014.1,1008.7,0.0,1.0,15.1,25.0,No,No
2009-07-14,Brisbane,11.3,19.4,0.0,3.0,6.8,WNW,30.0,WSW,NW,7.0,11.0,55.0,55.0,1011.9,1009.0,5.0,3.0,17.2,19.2,No,No
2009-07-15,Brisbane,6.200000000000001,19.7,0.0,2.6,7.2,W,30.0,WSW,NW,4.0,9.0,63.0,32.0,1013.5,1010.4,0.0,2.0,13.2,18.7,No,No
2009-07-16,Brisbane,10.9,17.1,0.0,1.6,8.8,W,39.0,W,WNW,13.0,22.0,61.0,50.0,1014.0,1011.1,1.0,1.0,13.600000000000001,15.9,No,No
2009-07-17,Brisbane,8.2,19.9,0.0,6.2,10.0,W,33.0,WSW,SSW,15.0,7.000000000000001,57.0,40.0,1017.0,1015.8,1.0,1.0,12.800000000000002,18.8,No,No
2009-07-18,Brisbane,8.6,21.7,0.0,4.0,9.0,NNW,19.0,SW,E,9.0,11.0,66.0,50.0,1023.3,1020.1,1.0,3.0,13.600000000000001,20.0,No,No
2009-07-19,Brisbane,11.0,22.5,0.0,1.6,9.2,WNW,22.0,SSW,N,2.0,7.000000000000001,72.0,53.0,1023.7,1020.2,1.0,3.0,16.8,21.5,No,No
2009-07-20,Brisbane,8.1,22.9,0.0,1.8,9.6,NNE,19.0,S,NE,2.0,9.0,58.00000000000001,48.0,1027.4,1023.7999999999998,1.0,1.0,14.3,21.6,No,No
2009-07-21,Brisbane,10.0,23.5,0.0,2.8,9.2,W,46.0,SW,ENE,9.0,11.0,80.99999999999999,52.0,1027.0,1021.3000000000001,1.0,1.0,14.200000000000001,21.9,No,No
2009-07-22,Brisbane,10.6,24.4,0.0,2.6,9.1,NNW,48.00000000000001,W,NW,4.0,9.0,62.0,43.0,1021.7,1016.3,1.0,6.0,18.4,24.1,No,No
2009-07-23,Brisbane,14.699999999999998,25.8,0.0,4.0,6.4,WSW,31.0,N,W,6.0,14.999999999999998,60.0,42.0,1015.9,1012.7,4.0,1.0,19.8,25.2,No,No
2009-07-24,Brisbane,9.9,21.7,0.0,4.0,9.6,SSE,24.000000000000004,SW,SE,9.0,9.0,46.0,34.0,1022.2,1020.9,1.0,2.0,15.199999999999998,19.9,No,No
2009-07-25,Brisbane,10.6,20.9,0.0,3.4,8.9,S,28.0,SW,ESE,7.0,16.999999999999996,69.0,53.0,1025.4,1022.8000000000001,3.0,2.0,14.200000000000001,19.0,No,No
2009-07-26,Brisbane,11.5,21.7,0.0,3.0,9.2,NNE,22.0,WSW,NNE,9.0,9.0,77.0,55.0,1023.0,1018.4,6.0,6.0,14.8,20.3,No,No
2009-07-27,Brisbane,11.6,23.1,0.2,3.2,9.9,W,39.0,NW,W,6.0,14.999999999999998,66.0,30.000000000000004,1017.0,1014.6,1.0,0.0,19.0,23.1,No,No
2009-07-28,Brisbane,9.7,22.2,0.0,5.2,10.1,WSW,19.0,SW,W,9.0,7.000000000000001,54.0,32.0,1023.0,1020.3,1.0,1.0,15.4,21.9,No,No
2009-07-29,Brisbane,9.0,22.0,0.0,2.4,10.0,W,20.0,SW,W,9.0,11.0,65.0,35.0,1024.9,1022.1,1.0,1.0,13.799999999999999,21.3,No,No
2009-07-30,Brisbane,8.3,21.8,0.0,3.0,9.6,NE,19.0,SW,NE,9.0,9.0,65.0,45.0,1025.2,1021.3000000000001,1.0,1.0,13.7,20.3,No,No
2009-07-31,Brisbane,8.3,21.3,0.0,3.0,10.2,W,28.0,SW,WNW,7.0,7.000000000000001,61.0,30.000000000000004,1022.7,1019.2,0.0,0.0,14.699999999999998,21.0,No,No
2009-08-01,Brisbane,8.4,22.5,0.0,3.2,9.8,W,19.0,SW,ENE,9.0,11.0,60.0,52.0,1025.4,1022.2999999999998,1.0,1.0,13.7,19.3,No,No
2009-08-02,Brisbane,8.8,23.0,0.0,5.4,10.0,SSW,20.0,SW,NNE,9.0,9.0,69.0,42.0,1027.2,1024.1,1.0,1.0,14.399999999999999,21.8,No,No
2009-08-03,Brisbane,9.4,24.3,0.0,3.2,9.1,WNW,24.000000000000004,SSW,WNW,6.0,11.0,73.0,36.0,1024.8,1020.1,0.0,0.0,15.0,24.1,No,No
2009-08-04,Brisbane,9.1,22.8,0.0,3.0,9.8,NE,22.0,SW,NE,7.0,11.0,66.0,52.0,1023.4,1019.3,5.0,7.0,15.5,20.9,No,No
2009-08-05,Brisbane,10.8,23.4,0.0,2.8,9.8,ENE,22.0,SW,ENE,9.0,13.0,69.0,46.00000000000001,1021.5,1018.8,6.0,1.0,16.3,22.0,No,No
2009-08-06,Brisbane,11.3,22.5,0.0,2.8,10.1,ESE,26.0,SW,ENE,9.0,13.0,72.0,49.00000000000001,1023.6,1020.0,1.0,1.0,15.9,21.5,No,No
2009-08-07,Brisbane,10.4,23.7,0.0,3.6,10.0,ENE,19.0,SW,NNE,7.0,9.0,73.0,50.0,1021.6,1016.6,1.0,1.0,15.9,22.8,No,No
2009-08-08,Brisbane,10.5,22.7,0.0,2.8,10.0,E,28.0,SW,E,9.0,14.999999999999998,69.0,47.0,1019.7,1016.7,1.0,1.0,16.4,20.5,No,No
2009-08-09,Brisbane,8.2,22.0,0.0,5.0,9.8,NE,19.0,SW,NE,11.0,9.0,59.0,43.0,1021.3,1017.6,1.0,1.0,14.3,21.1,No,No
2009-08-10,Brisbane,9.3,22.5,0.0,2.6,10.1,ENE,22.0,SSW,ENE,6.0,13.0,71.0,48.0,1022.9,1019.7,4.0,1.0,15.1,21.1,No,No
2009-08-11,Brisbane,9.5,23.0,0.0,2.4,10.1,NE,24.000000000000004,SW,NE,6.0,13.0,70.0,40.0,1022.2,1017.8,1.0,1.0,16.2,21.9,No,No
2009-08-12,Brisbane,11.7,23.5,0.0,3.6,6.9,E,56.0,SSW,NE,6.0,13.0,75.0,62.0,1018.7,1013.3,7.0,4.0,16.8,22.1,No,Yes
2009-08-13,Brisbane,10.6,26.800000000000004,2.8,3.0,10.0,NE,19.0,ESE,NNE,2.0,9.0,67.0,51.0,1016.4,1012.1,1.0,1.0,19.5,25.3,Yes,No
2009-08-14,Brisbane,12.1,26.4,0.0,2.8,9.5,W,30.0,SW,SSW,7.0,7.000000000000001,53.00000000000001,22.0,1018.1,1014.8,1.0,0.0,18.6,26.4,No,No
2009-08-15,Brisbane,10.8,23.4,0.0,4.0,10.5,NNE,20.0,SSW,NE,7.0,11.0,68.0,48.0,1021.6,1018.0,1.0,1.0,16.5,22.6,No,No
2009-08-16,Brisbane,10.2,25.4,0.0,4.0,10.8,NNE,24.000000000000004,S,NNE,4.0,14.999999999999998,68.0,51.0,1022.2,1017.4,0.0,0.0,16.6,23.0,No,No
2009-08-17,Brisbane,11.2,27.8,0.0,4.6,10.4,W,41.0,SW,ENE,7.0,9.0,69.0,52.0,1019.0,1014.6,0.0,1.0,18.5,26.100000000000005,No,No
2009-08-18,Brisbane,13.3,23.4,0.2,5.0,10.6,E,31.0,SSW,ESE,7.0,16.999999999999996,50.0,32.0,1024.9,1023.5000000000001,1.0,1.0,19.2,21.7,No,No
2009-08-19,Brisbane,10.9,23.4,0.0,5.2,10.5,SE,24.000000000000004,SW,E,9.0,7.000000000000001,58.00000000000001,43.0,1027.9,1023.3999999999999,1.0,1.0,17.1,20.6,No,No
2009-08-20,Brisbane,10.7,22.7,0.0,3.4,9.4,E,22.0,SW,NNE,7.0,7.000000000000001,68.0,41.0,1023.0,1017.8,1.0,6.0,17.5,22.3,No,No
2009-08-22,Brisbane,14.5,28.099999999999998,0.0,4.6,8.9,E,48.00000000000001,NW,ENE,2.0,13.0,62.0,50.0,1014.7,1010.5,1.0,1.0,21.2,26.100000000000005,No,No
2009-08-23,Brisbane,14.199999999999998,28.3,0.0,5.6,10.5,ENE,24.000000000000004,SSW,NE,4.0,14.999999999999998,70.0,53.99999999999999,1015.7,1011.4,0.0,1.0,21.4,25.4,No,No
2009-08-25,Brisbane,17.6,33.4,0.0,5.8,10.8,W,39.0,WNW,WNW,15.0,16.999999999999996,29.000000000000004,23.000000000000004,1011.8,1008.3,0.0,1.0,29.199999999999996,33.1,No,No
2009-08-26,Brisbane,18.0,30.0,0.0,7.2,10.2,W,37.0,W,W,11.0,16.999999999999996,21.0,8.0,1016.8,1013.6,1.0,3.0,23.6,29.5,No,No
2009-08-27,Brisbane,10.8,26.499999999999996,0.0,5.6,9.1,E,22.0,WSW,ENE,9.0,11.0,39.0,36.0,1020.1,1016.3,6.0,3.0,17.5,25.1,No,No
2009-08-28,Brisbane,15.799999999999999,29.300000000000004,0.0,2.8,9.6,NNW,28.0,WSW,NNE,7.0,11.0,62.0,56.99999999999999,1018.8,1013.7,1.0,1.0,21.6,26.0,No,No
2009-08-29,Brisbane,19.2,27.1,0.0,3.7999999999999994,9.2,NNE,35.0,NNW,NE,7.0,16.999999999999996,79.0,65.0,1016.8,1010.1,4.0,1.0,22.0,25.2,No,No
2009-08-30,Brisbane,18.0,29.2,0.0,5.8,8.4,WSW,35.0,WSW,W,15.0,16.999999999999996,40.0,26.0,1014.2,1011.9,6.0,4.0,25.3,27.799999999999997,No,No
2009-08-31,Brisbane,12.7,22.2,1.0,9.2,2.8,W,30.0,WSW,WSW,11.0,13.0,70.0,38.0,1019.5999999999999,1016.4,8.0,5.0,14.100000000000001,20.3,No,No
2009-09-01,Brisbane,8.5,23.2,0.2,2.6,10.6,ENE,26.0,SSW,ENE,7.0,13.0,45.0,47.0,1022.3,1019.6,0.0,1.0,17.1,21.8,No,No
2009-09-02,Brisbane,11.8,23.6,0.0,2.4,10.6,E,26.0,SSW,NE,6.0,13.0,64.0,50.0,1024.4,1021.7,1.0,1.0,18.8,21.7,No,No
2009-09-03,Brisbane,11.6,23.9,0.0,5.2,9.9,NE,28.0,W,ENE,7.0,14.999999999999998,61.0,49.00000000000001,1024.4,1020.6,5.0,2.0,18.7,21.6,No,No
2009-09-04,Brisbane,13.699999999999998,24.5,0.0,4.6,6.700000000000001,NNE,33.0,SW,NE,6.0,14.999999999999998,68.0,62.0,1020.5000000000001,1015.7,7.0,7.0,20.2,22.5,No,Yes
2009-09-05,Brisbane,16.1,27.299999999999997,7.8,4.6,8.2,ESE,35.0,WNW,W,11.0,14.999999999999998,85.0,37.0,1015.3,1011.6,6.0,3.0,17.3,26.600000000000005,Yes,No
2009-09-06,Brisbane,14.0,25.2,0.0,5.0,10.5,ENE,26.0,SSW,ENE,7.0,14.999999999999998,65.0,56.0,1018.6,1015.1,1.0,2.0,20.4,23.1,No,No
2009-09-07,Brisbane,15.5,25.1,0.0,6.2,3.4,W,39.0,N,NNE,13.0,14.999999999999998,64.0,66.0,1013.8,1010.0,3.0,6.0,23.4,23.9,No,Yes
2009-09-08,Brisbane,16.2,27.299999999999997,15.199999999999998,3.6,9.1,W,33.0,W,SW,9.0,11.0,63.0,20.000000000000004,1011.1,1007.9,1.0,2.0,21.5,27.000000000000004,Yes,No
2009-09-09,Brisbane,11.6,25.5,0.0,4.0,11.2,WSW,35.0,W,W,9.0,14.999999999999998,46.0,25.0,1015.3,1012.1,0.0,1.0,20.0,24.7,No,No
2009-09-10,Brisbane,10.1,26.1,0.0,5.6,10.6,NW,22.0,SSW,NE,6.0,11.0,45.0,26.999999999999996,1019.3000000000001,1015.4,0.0,2.0,19.4,24.5,No,No
2009-09-11,Brisbane,11.8,26.3,0.0,4.8,11.2,E,33.0,WSW,ENE,7.0,13.0,39.0,25.0,1023.1,1019.5,1.0,1.0,19.7,24.4,No,No
2009-09-12,Brisbane,10.9,25.4,0.0,5.4,11.0,NW,30.0,SSW,ENE,7.0,13.0,53.00000000000001,42.0,1026.7,1023.9000000000001,0.0,1.0,20.1,24.4,No,No
2009-09-13,Brisbane,12.0,25.3,0.0,5.0,11.1,ENE,28.0,SSW,ENE,6.0,13.0,62.0,47.0,1026.5,1022.5,1.0,1.0,19.9,24.0,No,No
2009-09-14,Brisbane,12.400000000000002,26.6,0.0,4.8,10.6,ENE,22.0,SW,NE,6.0,11.0,65.0,49.00000000000001,1023.2,1018.6,2.0,1.0,20.1,25.1,No,No
2009-09-15,Brisbane,12.5,25.7,0.0,4.8,10.4,ENE,24.000000000000004,W,ENE,7.0,11.0,70.0,50.0,1022.1,1017.7,1.0,1.0,20.3,24.5,No,No
2009-09-16,Brisbane,13.8,26.2,0.0,3.7999999999999994,11.0,E,24.000000000000004,SW,ENE,7.0,14.999999999999998,63.0,51.0,1022.9,1019.7,1.0,1.0,21.2,24.3,No,No
2009-09-17,Brisbane,14.0,26.1,0.0,6.0,10.3,ENE,28.0,S,NNE,6.0,13.0,62.0,51.0,1024.8,1020.7,6.0,1.0,21.3,24.5,No,No
2009-09-18,Brisbane,13.900000000000002,28.4,0.0,5.6,10.1,NNE,28.0,NW,ENE,7.0,14.999999999999998,58.00000000000001,55.0,1022.1,1016.4,1.0,1.0,22.8,25.8,No,No
2009-09-19,Brisbane,16.4,27.299999999999997,0.0,5.2,9.5,E,26.0,SSE,ENE,7.0,14.999999999999998,62.0,56.99999999999999,1019.7,1014.0,4.0,6.0,24.3,25.8,No,No
2009-09-20,Brisbane,18.5,32.2,0.0,4.0,10.7,E,31.0,WSW,E,7.0,16.999999999999996,62.0,48.0,1015.8,1011.8,1.0,1.0,24.5,27.500000000000004,No,No
2009-09-21,Brisbane,17.0,29.300000000000004,0.0,6.0,9.5,NE,24.000000000000004,WNW,NE,7.0,14.999999999999998,67.0,59.0,1014.9,1010.2,4.0,1.0,23.7,26.5,No,No
2009-09-22,Brisbane,21.0,28.0,0.2,5.4,9.9,NE,33.0,NE,ENE,7.0,16.999999999999996,69.0,60.00000000000001,1014.4,1009.1,3.0,1.0,24.7,26.800000000000004,No,No
2009-09-23,Brisbane,19.8,27.700000000000003,0.0,8.0,5.2,W,57.0,W,W,19.0,26.0,48.00000000000001,13.0,1007.4,1005.9,3.0,7.0,26.600000000000005,25.9,No,No
2009-09-24,Brisbane,15.5,30.0,0.0,10.8,11.2,W,33.0,WSW,SW,13.0,11.0,35.0,16.0,1015.4,1011.5,0.0,0.0,21.5,29.6,No,No
2009-09-25,Brisbane,10.1,28.4,0.0,10.6,11.2,NNE,30.0,SW,NE,7.0,13.0,31.0,29.0,1017.8,1012.7,0.0,0.0,22.2,25.9,No,No
2009-09-26,Brisbane,13.6,34.2,0.0,6.2,9.7,WSW,48.00000000000001,NNW,WNW,9.0,16.999999999999996,44.0,13.0,1012.3,1005.3,0.0,0.0,23.6,33.9,No,No
2009-09-27,Brisbane,15.299999999999999,24.7,0.0,10.6,11.2,W,54.0,WSW,W,17.0,22.0,23.0,14.0,1013.7,1008.6,0.0,0.0,19.4,24.1,No,No
2009-09-28,Brisbane,8.7,25.6,0.0,10.6,11.6,WNW,44.0,W,W,19.0,24.0,27.0,14.0,1011.6999999999999,1006.2,0.0,0.0,18.8,24.8,No,No
2009-09-29,Brisbane,10.0,26.800000000000004,0.0,10.4,11.6,ENE,31.0,WSW,NNE,13.0,11.0,30.0,26.999999999999996,1014.7,1011.5,0.0,0.0,19.8,24.0,No,No
2009-09-30,Brisbane,12.5,26.1,0.0,6.0,11.6,ENE,28.0,WSW,ENE,6.0,14.999999999999998,47.0,31.0,1020.6,1016.9,1.0,1.0,21.6,24.8,No,No
2009-10-01,Brisbane,14.1,28.3,0.0,5.4,10.7,NE,31.0,NW,NNE,7.0,13.0,52.0,45.0,1020.7,1015.3,0.0,0.0,22.5,25.9,No,No
2009-10-02,Brisbane,14.6,28.7,0.0,7.4,10.7,N,44.0,E,NE,7.0,14.999999999999998,52.0,49.00000000000001,1016.1,1010.4,0.0,2.0,24.0,26.600000000000005,No,No
2009-10-03,Brisbane,19.7,34.1,0.0,7.599999999999999,9.3,W,46.0,WNW,W,11.0,19.0,45.0,18.0,1009.4,1004.9,5.0,3.0,28.099999999999998,33.6,No,No
2009-10-04,Brisbane,17.5,26.6,0.0,9.8,9.7,ENE,31.0,SE,E,11.0,19.999999999999996,55.0,58.0,1016.6,1013.9,4.0,4.0,24.0,23.3,No,No
2009-10-05,Brisbane,16.1,28.4,0.4,8.8,10.6,S,31.0,SSE,E,9.0,16.999999999999996,59.0,50.0,1018.0,1013.5,3.0,1.0,23.0,24.3,No,No
2009-10-06,Brisbane,16.1,27.399999999999995,0.0,4.0,10.9,E,30.0,SE,ENE,9.0,14.999999999999998,56.0,48.0,1018.7,1014.9,4.0,1.0,23.1,25.3,No,No
2009-10-07,Brisbane,17.1,28.4,0.0,7.4,9.2,NNE,30.0,NNW,N,11.0,13.0,54.0,72.0,1015.6,1010.1,4.0,5.0,24.3,22.9,No,Yes
2009-10-08,Brisbane,11.8,27.0,2.4,6.6,12.0,WSW,35.0,SW,ENE,13.0,14.999999999999998,28.0,33.0,1016.4,1013.3,0.0,1.0,19.7,23.3,Yes,No
2009-10-09,Brisbane,13.3,26.499999999999996,0.0,6.6,11.7,ESE,31.0,SSW,E,11.0,19.0,34.0,41.0,1022.1,1018.5,1.0,2.0,21.1,23.6,No,No
2009-10-10,Brisbane,13.699999999999998,24.9,0.0,7.800000000000001,11.0,ESE,35.0,SSE,E,15.0,19.0,48.00000000000001,48.0,1025.9,1022.5,1.0,3.0,21.3,21.5,No,No
2009-10-11,Brisbane,15.0,22.4,0.0,7.0,2.5,WNW,24.000000000000004,ESE,ENE,9.0,7.000000000000001,63.0,68.0,1024.1,1020.6,7.0,7.0,19.6,18.9,No,No
2009-10-12,Brisbane,13.0,26.800000000000004,1.0,2.2,10.7,N,43.0,NE,NNE,9.0,19.0,61.0,58.0,1017.6,1010.8,1.0,1.0,21.2,24.5,No,Yes
2009-10-13,Brisbane,18.3,35.0,1.8000000000000003,6.6,8.8,WSW,93.0,NNW,NW,13.0,19.999999999999996,56.0,25.0,1009.1,1002.2,2.0,7.0,26.7,34.0,Yes,Yes
2009-10-14,Brisbane,16.6,31.400000000000002,10.2,8.6,9.2,W,58.99999999999999,WNW,W,24.0,28.000000000000004,20.0,14.0,1008.8,1004.4,1.0,0.0,27.200000000000003,30.6,Yes,No
2009-10-15,Brisbane,12.1,30.999999999999996,0.2,13.8,11.8,W,30.0,SSW,N,9.0,11.0,23.0,23.000000000000004,1013.8,1008.7,0.0,0.0,25.5,29.399999999999995,No,No
2009-10-16,Brisbane,12.900000000000002,29.600000000000005,0.0,9.8,12.1,W,43.0,WSW,WSW,15.0,19.0,23.0,14.0,1013.8,1010.3,0.0,0.0,26.4,29.199999999999996,No,No
2009-10-17,Brisbane,14.699999999999998,26.2,0.0,11.8,12.1,NE,28.0,S,ENE,9.0,14.999999999999998,21.0,37.0,1019.9000000000001,1018.1,2.0,1.0,22.7,24.0,No,No
2009-10-18,Brisbane,14.6,25.7,0.0,7.800000000000001,9.6,ENE,31.0,ESE,E,7.0,19.999999999999996,48.00000000000001,50.0,1024.6,1022.1999999999999,2.0,3.0,21.8,22.5,No,No
2009-10-19,Brisbane,14.5,25.2,0.0,7.0,10.5,ESE,30.0,SSE,E,7.0,14.999999999999998,48.00000000000001,51.0,1026.5,1023.3999999999999,3.0,2.0,22.7,22.7,No,No
2009-10-20,Brisbane,14.199999999999998,25.7,0.0,7.0,11.9,ENE,28.0,E,ENE,9.0,16.999999999999996,48.00000000000001,46.00000000000001,1025.9,1022.2999999999998,3.0,1.0,23.3,24.4,No,No
2009-10-21,Brisbane,14.5,28.099999999999998,0.0,6.4,11.6,ENE,30.0,NE,NNE,9.0,13.0,49.0,48.0,1025.0,1020.8,1.0,1.0,24.4,25.7,No,No
2009-10-22,Brisbane,15.199999999999998,28.0,0.0,7.800000000000001,11.4,NE,30.0,WNW,NE,9.0,13.0,50.0,45.0,1023.0,1020.9,1.0,1.0,24.9,26.300000000000004,No,No
2009-10-23,Brisbane,16.1,28.3,0.0,6.4,11.7,NE,31.0,N,ENE,13.0,14.999999999999998,48.00000000000001,46.00000000000001,1023.0,1019.0,2.0,4.0,24.3,26.100000000000005,No,No
2009-10-24,Brisbane,16.0,28.8,0.0,8.0,10.9,NNE,35.0,NW,NNE,11.0,16.999999999999996,45.0,53.99999999999999,1019.9000000000001,1014.4,1.0,1.0,24.4,26.100000000000005,No,No
2009-10-25,Brisbane,16.7,28.9,0.4,7.2,11.9,SW,46.0,SE,NNE,6.0,19.0,56.0,56.99999999999999,1015.6,1011.5,1.0,1.0,25.7,25.9,No,No
2009-10-26,Brisbane,18.9,28.500000000000004,0.0,9.4,6.9,W,44.0,N,NNE,11.0,13.0,50.0,60.00000000000001,1014.7,1013.4,7.0,7.0,27.300000000000004,24.5,No,Yes
2009-10-27,Brisbane,18.1,26.900000000000002,35.4,12.2,11.3,E,37.0,ENE,ENE,19.0,19.0,61.0,53.99999999999999,1022.4,1020.9,7.0,4.0,24.7,25.1,Yes,Yes
2009-10-28,Brisbane,17.9,26.900000000000002,1.2,6.6,6.5,ESE,31.0,ENE,ESE,13.0,14.999999999999998,59.0,85.0,1023.3,1021.0999999999999,3.0,7.0,25.5,20.9,Yes,Yes
2009-10-29,Brisbane,17.7,26.3,4.4,7.0,11.9,E,33.0,ENE,E,15.0,14.999999999999998,48.00000000000001,47.0,1023.8,1021.8999999999999,7.0,5.0,23.0,24.4,Yes,No
2009-10-30,Brisbane,16.7,26.000000000000004,0.0,5.6,9.6,ENE,26.0,ESE,ENE,7.0,13.0,79.0,49.00000000000001,1023.6,1021.0,7.0,4.0,19.8,24.6,No,No
2009-10-31,Brisbane,16.3,27.2,0.0,5.8,11.7,E,31.0,WSW,ENE,4.0,14.999999999999998,52.0,49.00000000000001,1022.9,1019.9,6.0,1.0,24.4,25.1,No,No
2009-11-01,Brisbane,18.3,24.8,0.4,7.599999999999999,6.4,SSE,39.0,SSE,E,7.0,16.999999999999996,67.0,59.0,1024.4,1021.3000000000001,7.0,4.0,22.5,23.0,No,No
2009-11-02,Brisbane,14.199999999999998,26.6,0.0,4.6,12.6,ENE,28.0,NW,N,7.0,11.0,50.0,42.0,1023.2,1018.9,3.0,0.0,22.7,26.300000000000004,No,No
2009-11-03,Brisbane,14.900000000000002,29.300000000000004,0.0,9.2,12.5,NNE,26.0,WNW,NE,7.0,13.0,47.0,51.0,1019.3000000000001,1014.4,1.0,0.0,24.3,27.300000000000004,No,No
2009-11-04,Brisbane,18.2,32.0,0.0,6.8,12.5,ENE,30.0,E,NNE,7.0,16.999999999999996,45.0,50.0,1016.6,1012.4,1.0,1.0,27.300000000000004,29.3,No,No
2009-11-05,Brisbane,19.8,29.700000000000003,0.0,8.0,9.7,SW,46.0,SE,ENE,7.0,16.999999999999996,56.0,58.0,1016.4,1014.4,7.0,2.0,27.000000000000004,27.700000000000003,No,No
2009-11-06,Brisbane,18.3,25.5,0.4,6.6,3.1,ENE,28.0,ESE,ENE,9.0,14.999999999999998,73.0,62.0,1021.5,1020.2,7.0,6.0,24.2,25.2,No,Yes
2009-11-07,Brisbane,18.9,26.6,6.999999999999999,4.6,10.3,ESE,33.0,ENE,ENE,15.0,16.999999999999996,63.0,55.0,1024.9,1023.3,5.0,4.0,24.0,25.600000000000005,Yes,No
2009-11-08,Brisbane,16.8,27.399999999999995,0.2,8.0,12.0,E,35.0,ESE,ESE,17.0,14.999999999999998,47.0,47.0,1026.4,1023.3999999999999,6.0,5.0,25.2,25.2,No,Yes
2009-11-09,Brisbane,18.8,25.6,17.0,8.0,3.4,E,35.0,E,E,15.0,16.999999999999996,62.0,53.99999999999999,1023.7,1020.7,7.0,7.0,22.9,23.9,Yes,Yes
2009-11-10,Brisbane,17.2,25.6,1.6,4.6,10.9,ESE,39.0,SE,E,11.0,19.0,66.0,49.00000000000001,1021.7,1019.8,2.0,3.0,22.0,24.7,Yes,No
2009-11-11,Brisbane,15.4,26.2,0.2,8.0,12.4,NE,26.0,E,NE,6.0,13.0,59.0,50.0,1022.5,1020.1,4.0,2.0,23.4,25.4,No,No
2009-11-12,Brisbane,16.1,27.5,0.0,6.6,12.1,NE,28.0,NNW,ENE,7.0,16.999999999999996,54.0,53.0,1021.7,1018.3,3.0,1.0,24.1,25.2,No,No
2009-11-13,Brisbane,17.5,27.8,0.0,7.800000000000001,7.499999999999999,E,22.0,E,ENE,9.0,11.0,52.0,58.0,1017.2,1014.1,7.0,7.0,24.2,25.1,No,No
2009-11-14,Brisbane,19.2,28.099999999999998,0.0,4.8,11.3,NE,30.0,NE,ENE,9.0,14.999999999999998,53.00000000000001,55.0,1016.0,1013.0,2.0,1.0,26.2,26.5,No,No
2009-11-15,Brisbane,18.9,30.4,0.0,9.8,11.8,NE,31.0,ENE,NE,7.0,14.999999999999998,54.0,53.0,1013.6,1009.8,1.0,1.0,26.0,28.499999999999996,No,No
2009-11-16,Brisbane,19.6,31.400000000000002,0.0,8.0,12.2,NNW,35.0,N,NE,7.0,14.999999999999998,51.0,58.0,1011.6999999999999,1007.0,0.0,1.0,28.200000000000003,28.900000000000002,No,No
2009-11-17,Brisbane,20.9,34.4,0.0,9.6,11.2,ESE,50.0,N,NNE,9.0,14.999999999999998,46.0,53.0,1007.3,1002.7,1.0,1.0,29.699999999999996,31.1,No,Yes
2009-11-18,Brisbane,20.7,28.199999999999996,3.2,8.0,8.1,ENE,30.0,ESE,ENE,15.0,14.999999999999998,60.0,61.0,1013.0,1011.4,7.0,3.0,25.3,26.5,Yes,No
2009-11-21,Brisbane,22.5,30.7,0.0,9.2,12.4,NNE,35.0,NNW,NNE,11.0,16.999999999999996,56.0,56.99999999999999,1014.3,1011.1,1.0,1.0,27.700000000000003,28.699999999999996,No,No
2009-11-22,Brisbane,22.0,31.7,0.0,7.599999999999999,11.0,NE,35.0,NNW,NNE,11.0,16.999999999999996,48.00000000000001,61.0,1014.6,1012.0,1.0,2.0,29.199999999999996,29.199999999999996,No,No
2009-11-23,Brisbane,22.2,31.300000000000004,0.0,9.6,11.7,NE,28.0,NNE,NNE,9.0,14.999999999999998,52.0,46.00000000000001,1016.4,1013.5,3.0,1.0,28.900000000000002,29.6,No,Yes
2009-11-24,Brisbane,22.4,29.8,1.2,10.0,12.5,ENE,41.0,ENE,ENE,17.0,19.999999999999996,58.00000000000001,43.0,1020.8,1019.3,3.0,2.0,27.500000000000004,28.699999999999996,Yes,No
2009-11-25,Brisbane,21.6,30.199999999999996,0.2,9.4,10.0,E,35.0,ENE,E,15.0,19.999999999999996,54.0,46.00000000000001,1021.6,1018.5,4.0,3.0,26.800000000000004,27.599999999999998,No,No
2009-11-26,Brisbane,21.0,28.6,0.0,7.4,11.0,ENE,35.0,ENE,ENE,17.0,16.999999999999996,60.0,61.0,1019.7,1016.4,3.0,5.0,27.599999999999998,26.800000000000004,No,No
2009-11-27,Brisbane,22.0,31.2,0.0,7.800000000000001,12.3,NNE,33.0,NW,NE,11.0,16.999999999999996,52.0,53.0,1015.5,1010.6,1.0,1.0,27.599999999999998,28.799999999999997,No,No
2009-11-28,Brisbane,22.0,34.2,0.0,10.0,6.4,NNE,24.000000000000004,NW,NE,7.0,9.0,51.0,61.0,1010.3,1006.1,5.0,7.0,29.5,30.0,No,No
2009-12-03,Brisbane,18.0,28.3,6.6,4.8,12.1,ENE,33.0,SE,E,15.0,19.0,52.0,53.0,1021.0,1018.2,3.0,2.0,24.7,25.2,Yes,No
2009-12-04,Brisbane,17.1,30.500000000000004,0.0,8.4,12.7,NE,30.0,SSE,NE,6.0,14.999999999999998,50.0,45.0,1019.5999999999999,1015.6,1.0,1.0,26.600000000000005,28.400000000000002,No,No
2009-12-05,Brisbane,19.3,29.8,0.0,9.8,12.9,NNE,37.0,NNE,NNE,11.0,14.999999999999998,52.0,51.0,1017.3,1012.4,1.0,1.0,26.800000000000004,28.400000000000002,No,No
2009-12-06,Brisbane,20.4,30.6,0.0,10.2,12.9,NNE,33.0,NE,NNE,7.0,14.999999999999998,42.99999999999999,52.0,1014.7,1012.5,1.0,1.0,28.299999999999997,28.900000000000002,No,No
2009-12-07,Brisbane,22.2,30.500000000000004,0.0,10.8,12.7,NNE,37.0,NW,NNE,11.0,19.0,56.0,52.0,1016.7,1012.7,3.0,1.0,28.099999999999998,29.199999999999996,No,No
2009-12-08,Brisbane,22.2,31.899999999999995,0.0,9.6,12.5,NE,35.0,NNE,NE,9.0,19.0,48.00000000000001,59.0,1013.4,1009.1,1.0,1.0,28.999999999999996,29.399999999999995,No,No
2009-12-09,Brisbane,22.3,32.7,0.0,9.6,12.6,ENE,33.0,N,NNE,9.0,14.999999999999998,47.0,55.0,1011.8,1008.3,1.0,0.0,28.799999999999997,30.3,No,No
2009-12-10,Brisbane,22.6,33.0,0.0,10.4,12.4,NE,33.0,ENE,NE,9.0,19.0,47.0,58.0,1012.6000000000001,1009.6,1.0,1.0,29.5,29.899999999999995,No,No
2009-12-11,Brisbane,23.2,33.2,0.0,9.0,8.8,NE,30.0,NNE,NNE,9.0,16.999999999999996,62.0,56.99999999999999,1013.6,1010.2,5.0,4.0,28.6,29.199999999999996,No,No
2009-12-12,Brisbane,23.6,30.8,0.0,8.0,7.2,E,31.0,SSE,ENE,13.0,14.999999999999998,62.0,53.0,1015.9,1012.2,7.0,7.0,27.700000000000003,29.8,No,No
2009-12-14,Brisbane,24.4,31.799999999999997,0.2,7.599999999999999,5.9,E,30.0,ENE,ENE,6.0,14.999999999999998,59.0,53.0,1017.0,1015.2,7.0,7.0,28.400000000000002,29.199999999999996,No,No
2009-12-16,Brisbane,20.0,30.0,12.2,5.0,12.7,E,31.0,NW,NE,7.0,19.999999999999996,59.0,53.0,1021.2,1018.8,7.0,2.0,26.7,27.900000000000002,Yes,No
2009-12-17,Brisbane,20.5,30.500000000000004,0.0,9.6,11.8,NNE,33.0,NE,NE,15.0,19.0,45.0,56.0,1021.2,1017.8,3.0,2.0,27.500000000000004,27.4,No,No
2009-12-18,Brisbane,22.0,31.6,0.0,8.8,12.8,NE,33.0,N,NNE,11.0,14.999999999999998,49.0,49.00000000000001,1017.3,1013.9,3.0,1.0,28.699999999999996,30.0,No,No
2009-12-19,Brisbane,23.0,30.8,0.0,7.800000000000001,2.5,W,31.0,NE,NNE,6.0,11.0,51.0,51.0,1015.8,1012.7,8.0,8.0,28.299999999999997,27.999999999999996,No,Yes
2009-12-20,Brisbane,21.9,28.099999999999998,4.8,5.2,0.0,W,22.0,WSW,SSE,6.0,2.0,73.0,92.00000000000001,1016.5,1015.2,8.0,8.0,24.5,22.0,Yes,Yes
2009-12-21,Brisbane,20.9,28.999999999999996,34.0,5.0,5.5,E,30.0,SE,ESE,6.0,9.0,61.0,65.0,1015.8,1014.0,5.0,7.0,26.600000000000005,25.4,Yes,No
2009-12-22,Brisbane,20.9,32.0,0.0,3.6,8.2,SSE,41.0,SSE,ENE,2.0,16.999999999999996,60.0,59.0,1015.0,1011.6,5.0,6.0,27.099999999999998,27.700000000000003,No,Yes
2009-12-23,Brisbane,20.9,30.199999999999996,13.000000000000002,6.4,10.3,ENE,33.0,SW,E,4.0,19.999999999999996,67.0,58.0,1015.2,1013.0,5.0,4.0,26.7,27.900000000000002,Yes,Yes
2009-12-24,Brisbane,21.4,30.0,1.6,10.6,7.4,ENE,30.0,N,ENE,4.0,16.999999999999996,71.0,56.99999999999999,1015.5,1012.7,6.0,2.0,26.100000000000005,28.099999999999998,Yes,No
2009-12-25,Brisbane,21.9,29.1,0.2,5.4,6.700000000000001,ENE,39.0,ENE,ENE,19.0,14.999999999999998,72.0,70.0,1013.3,1011.0,7.0,7.0,26.300000000000004,27.000000000000004,No,Yes
2009-12-26,Brisbane,23.0,29.700000000000003,13.2,5.0,5.9,NE,33.0,ENE,ENE,15.0,19.999999999999996,79.0,77.0,1013.4,1012.1,6.0,6.0,27.000000000000004,27.000000000000004,Yes,Yes
2009-12-27,Brisbane,22.7,29.300000000000004,21.0,7.599999999999999,3.5,ENE,35.0,NE,ENE,17.0,19.0,73.0,71.0,1016.0,1013.7,7.0,7.0,26.7,27.200000000000003,Yes,Yes
2009-12-28,Brisbane,23.1,28.500000000000004,21.6,4.9,3.3,NE,26.0,NNE,ENE,7.0,14.999999999999998,92.0,73.0,1015.6,1012.5,8.0,4.0,23.6,27.700000000000003,Yes,Yes
2009-12-29,Brisbane,22.9,29.1,35.0,4.0,3.3,ENE,30.0,SSW,ENE,2.0,11.0,87.0,77.0,1016.5,1015.2,7.0,8.0,25.4,26.300000000000004,Yes,Yes
2009-12-30,Brisbane,22.8,28.6,7.8,4.0,8.1,ENE,33.0,ENE,ENE,15.0,16.999999999999996,66.0,58.0,1018.8,1016.4,5.0,7.0,27.799999999999997,27.900000000000002,Yes,No
2009-12-31,Brisbane,20.7,28.6,0.4,8.0,6.6,E,31.0,ENE,ENE,17.0,14.999999999999998,74.0,56.0,1018.0,1015.5,6.0,6.0,25.0,28.400000000000002,No,Yes
2010-01-01,Brisbane,23.6,29.600000000000005,1.4,7.599999999999999,6.0,ENE,31.0,NE,NNE,13.0,13.0,61.0,66.0,1016.0,1013.5,7.0,7.0,27.4,27.799999999999997,Yes,No
2010-01-02,Brisbane,23.9,30.8,0.8,6.4,11.3,NE,30.0,NW,NE,7.0,13.0,62.0,66.0,1012.5,1009.0,2.0,3.0,28.699999999999996,29.199999999999996,No,No
2010-01-03,Brisbane,24.9,32.2,0.0,7.4,3.3,E,33.0,NW,ESE,4.0,16.999999999999996,65.0,76.0,1010.7,1010.7,4.0,8.0,30.0,25.600000000000005,No,Yes
2010-01-04,Brisbane,23.4,27.700000000000003,20.6,4.2,0.0,SSE,43.0,SE,ESE,15.0,14.999999999999998,70.0,65.0,1015.8,1015.1,8.0,7.0,26.2,26.4,Yes,No
2010-01-05,Brisbane,21.1,27.8,0.0,4.0,0.7,ESE,31.0,SSE,ESE,9.0,16.999999999999996,69.0,56.0,1017.3,1015.7,7.0,7.0,24.9,27.700000000000003,No,No
2010-01-06,Brisbane,21.8,29.300000000000004,0.0,4.8,3.3,ENE,24.000000000000004,E,ENE,11.0,11.0,80.99999999999999,64.0,1015.5,1013.1,8.0,7.0,24.7,28.299999999999997,No,No
2010-01-07,Brisbane,22.4,28.6,0.6,4.4,1.8,NE,26.0,ESE,E,11.0,16.999999999999996,73.0,62.0,1014.8,1012.9,7.0,7.0,26.9,27.500000000000004,No,No
2010-01-08,Brisbane,22.3,30.3,0.2,5.4,6.8,ENE,33.0,ESE,ENE,15.0,19.0,63.0,55.0,1017.6,1016.1,7.0,3.0,26.600000000000005,29.3,No,No
2010-01-09,Brisbane,21.7,30.199999999999996,0.0,4.6,12.9,ENE,35.0,E,E,13.0,14.999999999999998,65.0,48.0,1019.2,1017.0,3.0,3.0,28.099999999999998,29.6,No,No
2010-01-10,Brisbane,21.0,30.6,0.0,7.2,13.2,E,28.0,SSE,ENE,6.0,16.999999999999996,60.0,52.0,1017.7,1014.6,2.0,1.0,27.700000000000003,29.199999999999996,No,No
2010-01-11,Brisbane,20.8,30.500000000000004,0.0,7.0,12.2,ENE,33.0,SE,E,9.0,19.0,61.0,52.0,1016.7,1014.3,3.0,2.0,28.099999999999998,29.6,No,No
2010-01-12,Brisbane,21.3,30.999999999999996,0.0,8.0,12.2,ESE,31.0,NE,ENE,6.0,14.999999999999998,58.00000000000001,61.0,1015.0,1012.6,3.0,2.0,27.900000000000002,28.999999999999996,No,No
2010-01-13,Brisbane,20.9,30.099999999999998,0.0,10.8,10.6,NNE,39.0,ENE,NE,9.0,14.999999999999998,58.00000000000001,53.99999999999999,1014.8,1011.5,3.0,1.0,27.700000000000003,28.999999999999996,No,No
2010-01-14,Brisbane,23.2,30.7,0.0,5.8,10.7,E,28.0,SSE,ENE,6.0,19.0,59.0,49.00000000000001,1015.6,1012.9,6.0,1.0,27.999999999999996,29.399999999999995,No,No
2010-01-15,Brisbane,21.5,30.8,0.0,9.2,10.5,E,33.0,E,ESE,11.0,14.999999999999998,65.0,42.0,1015.5,1013.0,7.0,4.0,26.600000000000005,30.2,No,No
2010-01-16,Brisbane,21.3,29.9,0.0,8.2,8.6,NE,26.0,ENE,NE,4.0,13.0,54.0,55.0,1012.7,1009.3,6.0,1.0,27.4,29.1,No,No
2010-01-17,Brisbane,22.1,32.4,0.0,7.800000000000001,11.8,NE,30.0,NW,NNE,9.0,13.0,55.0,55.0,1008.3,1004.0,1.0,3.0,27.700000000000003,30.9,No,Yes
2010-01-18,Brisbane,22.1,35.1,4.4,7.599999999999999,12.7,ENE,30.0,SW,NE,9.0,16.999999999999996,62.0,56.99999999999999,1004.2,1000.2,1.0,3.0,29.399999999999995,31.9,Yes,No
2010-01-19,Brisbane,17.3,32.8,0.0,9.0,12.9,E,50.0,SW,ENE,9.0,19.0,42.0,50.0,1008.3,1006.0,1.0,1.0,26.2,28.499999999999996,No,No
2010-01-20,Brisbane,20.2,33.0,0.2,8.6,13.0,NNE,26.0,SSW,ENE,6.0,13.0,56.0,39.0,1012.2,1009.0,1.0,0.0,27.099999999999998,30.7,No,No
2010-01-21,Brisbane,21.3,32.6,0.0,8.4,10.5,ENE,24.000000000000004,WSW,NNE,6.0,13.0,60.0,50.0,1013.4,1010.4,6.0,6.0,28.400000000000002,30.3,No,No
2010-01-22,Brisbane,22.4,30.9,0.0,7.0,6.3,NE,26.0,ENE,NE,6.0,13.0,56.0,56.99999999999999,1015.2,1013.7,6.0,6.0,27.900000000000002,28.799999999999997,No,No
2010-01-23,Brisbane,21.3,32.1,0.0,5.6,13.0,E,28.0,NW,ENE,6.0,13.0,59.0,50.0,1014.4,1011.4,2.0,1.0,28.299999999999997,30.5,No,No
2010-01-24,Brisbane,21.8,31.7,0.0,9.0,12.8,E,31.0,ENE,ENE,11.0,16.999999999999996,54.0,50.0,1014.2,1011.9,2.0,1.0,28.6,30.3,No,No
2010-01-25,Brisbane,21.5,32.5,0.0,9.0,11.6,ENE,28.0,N,NNE,7.0,13.0,59.0,47.0,1015.0,1012.2,5.0,3.0,28.900000000000002,31.9,No,No
2010-01-26,Brisbane,22.4,32.8,0.0,9.2,12.0,NE,31.0,WSW,NE,4.0,14.999999999999998,59.0,56.0,1014.1,1011.1,5.0,1.0,28.299999999999997,30.6,No,No
2010-01-27,Brisbane,21.9,33.6,0.0,9.2,11.8,SE,41.0,W,NNE,6.0,14.999999999999998,58.00000000000001,51.0,1012.7,1010.0,1.0,1.0,28.299999999999997,30.9,No,No
2010-01-28,Brisbane,24.1,33.8,0.0,6.8,9.9,ENE,28.0,E,NE,7.0,16.999999999999996,58.00000000000001,44.0,1011.3,1007.9,4.0,3.0,29.699999999999996,32.2,No,Yes
2010-01-29,Brisbane,21.1,32.6,3.6000000000000005,9.8,7.0,S,31.0,W,NE,9.0,9.0,72.0,60.00000000000001,1010.2,1008.0,6.0,8.0,25.600000000000005,28.799999999999997,Yes,Yes
2010-01-30,Brisbane,22.8,31.2,3.0,4.8,7.499999999999999,SSW,46.0,SSE,SE,9.0,22.0,65.0,56.99999999999999,1012.4,1011.4,7.0,7.0,27.700000000000003,27.900000000000002,Yes,Yes
2010-01-31,Brisbane,22.7,28.099999999999998,5.4,8.6,1.9,ENE,50.0,ENE,E,11.0,16.999999999999996,76.0,68.0,1010.7,1008.8,8.0,8.0,26.300000000000004,26.7,Yes,Yes
2010-02-01,Brisbane,22.0,28.199999999999996,17.4,2.8,0.3,ENE,46.0,E,ESE,22.0,19.999999999999996,69.0,60.00000000000001,1009.3,1008.3,8.0,7.0,26.2,26.5,Yes,Yes
2010-02-02,Brisbane,22.0,29.300000000000004,2.6,6.4,5.0,E,46.0,ESE,ESE,19.0,13.0,57.0,64.0,1009.4,1007.6,7.0,7.0,26.9,27.500000000000004,Yes,Yes
2010-02-03,Brisbane,22.0,30.199999999999996,2.4,7.4,11.8,E,31.0,E,E,17.0,19.0,57.0,51.0,1009.7,1008.1,6.0,2.0,27.700000000000003,28.900000000000002,Yes,No
2010-02-04,Brisbane,21.5,30.9,0.0,7.4,10.2,NE,26.0,ESE,ENE,4.0,14.999999999999998,61.0,60.00000000000001,1011.1,1008.9,3.0,6.0,28.099999999999998,28.400000000000002,No,No
2010-02-05,Brisbane,21.8,31.5,0.0,7.4,11.9,E,28.0,NE,NE,9.0,16.999999999999996,62.0,46.00000000000001,1011.3,1009.0,7.0,3.0,28.499999999999996,30.1,No,No
2010-02-06,Brisbane,24.6,31.6,0.0,7.2,10.2,E,39.0,NNW,NE,6.0,16.999999999999996,65.0,62.0,1012.6000000000001,1010.9,7.0,7.0,28.200000000000003,29.899999999999995,No,Yes
2010-02-07,Brisbane,22.3,26.7,89.0,8.2,0.1,SSE,30.0,SSE,SE,11.0,13.0,90.0,73.0,1017.7,1015.8,8.0,8.0,22.3,26.0,Yes,No
2010-02-08,Brisbane,22.0,30.3,0.8,2.0,5.2,E,37.0,SSE,E,11.0,22.0,77.0,53.0,1019.1,1017.0,7.0,6.0,25.3,28.400000000000002,No,No
2010-02-09,Brisbane,21.3,29.2,0.2,6.8,8.3,SE,48.00000000000001,SE,SE,13.0,16.999999999999996,71.0,66.0,1019.9000000000001,1018.2,6.0,7.0,25.8,26.2,No,Yes
2010-02-10,Brisbane,21.4,29.9,6.999999999999999,5.8,9.3,SE,33.0,SE,ESE,11.0,19.0,65.0,53.99999999999999,1018.9,1016.3,7.0,3.0,26.5,29.1,Yes,No
2010-02-11,Brisbane,21.4,29.5,0.0,6.6,12.1,E,28.0,E,NE,4.0,14.999999999999998,63.0,52.0,1018.1,1015.0,3.0,2.0,26.9,28.999999999999996,No,No
2010-02-12,Brisbane,21.0,31.1,0.0,7.0,11.8,NE,26.0,SW,NE,7.0,14.999999999999998,67.0,53.99999999999999,1015.4,1011.9,4.0,2.0,27.099999999999998,29.699999999999996,No,No
2010-02-13,Brisbane,21.6,31.1,0.0,6.8,11.3,NE,30.0,WSW,NE,6.0,19.0,62.0,56.0,1013.5,1011.2,3.0,5.0,27.999999999999996,29.6,No,No
2010-02-14,Brisbane,23.6,31.400000000000002,0.0,7.599999999999999,12.1,NNE,35.0,NW,NE,11.0,16.999999999999996,59.0,61.0,1013.1,1008.6,5.0,2.0,27.999999999999996,30.3,No,No
2010-02-15,Brisbane,24.7,33.1,0.0,8.0,11.9,NNE,37.0,NNW,NNE,11.0,19.0,61.0,66.0,1010.6,1006.5,2.0,1.0,30.1,30.9,No,Yes
2010-02-16,Brisbane,24.299999999999997,32.0,17.4,7.4,4.2,WNW,30.0,N,NE,7.0,9.0,72.0,89.0,1010.4,1007.9,7.0,7.0,28.900000000000002,27.000000000000004,Yes,Yes
2010-02-17,Brisbane,21.3,28.3,121.4,4.2,0.7,ESE,24.000000000000004,SSW,ESE,7.0,13.0,85.0,65.0,1013.8,1012.0,8.0,8.0,22.6,27.4,Yes,No
2010-02-18,Brisbane,22.5,30.0,0.0,2.2,3.8,E,37.0,S,SE,11.0,19.999999999999996,69.0,52.0,1016.8,1015.5,7.0,7.0,25.9,28.400000000000002,No,No
2010-02-19,Brisbane,20.4,29.1,0.0,5.8,7.9,SE,35.0,SSE,ESE,11.0,16.999999999999996,60.0,53.99999999999999,1019.5999999999999,1017.7,6.0,6.0,26.300000000000004,27.4,No,No
2010-02-20,Brisbane,20.8,29.300000000000004,0.4,6.2,5.8,E,37.0,SE,E,9.0,14.999999999999998,67.0,61.0,1019.5,1017.1,3.0,7.0,25.1,27.300000000000004,No,Yes
2010-02-21,Brisbane,21.4,29.9,2.2,5.6,9.4,ENE,31.0,WSW,ENE,6.0,9.0,76.0,50.0,1019.8,1017.0,7.0,3.0,25.7,29.1,Yes,No
2010-02-22,Brisbane,20.3,30.999999999999996,0.2,7.0,10.6,SE,48.00000000000001,SSW,ENE,7.0,14.999999999999998,64.0,66.0,1019.2,1015.6,6.0,3.0,27.000000000000004,29.3,No,No
2010-02-23,Brisbane,22.7,33.5,0.0,6.0,11.6,ENE,20.0,WSW,ENE,11.0,13.0,66.0,53.0,1015.8,1011.8,2.0,1.0,27.799999999999997,32.3,No,No
2010-02-24,Brisbane,24.0,30.4,0.0,6.4,6.5,SSE,43.0,SSE,SE,13.0,16.999999999999996,67.0,66.0,1017.2,1016.9,7.0,7.0,27.599999999999998,26.9,No,No
2010-02-25,Brisbane,23.6,29.1,0.0,6.6,3.2,SE,43.0,SE,SE,13.0,13.0,67.0,73.0,1021.3,1020.8,7.0,7.0,25.9,24.4,No,Yes
2010-02-26,Brisbane,19.6,28.500000000000004,1.4,5.0,6.700000000000001,ESE,46.0,WSW,ESE,7.0,16.999999999999996,71.0,50.0,1022.2,1018.9,5.0,6.0,24.0,27.500000000000004,Yes,No
2010-02-27,Brisbane,20.2,27.399999999999995,0.6,6.6,2.2,E,35.0,S,SE,7.0,19.999999999999996,76.0,67.0,1018.9,1016.1,7.0,8.0,24.6,26.2,No,Yes
2010-02-28,Brisbane,21.9,29.8,9.4,2.6,6.4,ENE,28.0,SE,ENE,9.0,16.999999999999996,76.0,65.0,1017.1,1013.8,4.0,7.0,26.600000000000005,28.499999999999996,Yes,Yes
2010-03-01,Brisbane,22.9,26.4,26.8,6.6,0.0,SSE,31.0,SE,SE,6.0,11.0,92.0,82.0,1013.6,1010.3,8.0,8.0,23.6,23.8,Yes,Yes
2010-03-02,Brisbane,20.9,23.9,60.599999999999994,3.2,0.0,ESE,37.0,E,ESE,13.0,14.999999999999998,93.0,91.0,1010.5,1008.2,8.0,8.0,21.1,21.9,Yes,Yes
2010-03-03,Brisbane,20.9,27.2,23.599999999999998,3.2,0.8,E,44.0,ENE,ESE,20.0,14.999999999999998,84.0,76.0,1011.6,1009.5,8.0,5.0,23.3,26.4,Yes,Yes
2010-03-04,Brisbane,21.5,27.0,20.0,4.4,0.2,SE,35.0,ESE,ESE,13.0,14.999999999999998,65.0,58.0,1013.2,1011.1,8.0,7.0,25.8,26.4,Yes,No
2010-03-05,Brisbane,23.0,28.500000000000004,0.2,5.0,1.2,E,35.0,E,E,15.0,16.999999999999996,69.0,81.0,1011.9,1009.2,8.0,8.0,25.9,25.9,No,Yes
2010-03-06,Brisbane,23.0,27.0,9.0,4.6,0.2,E,39.0,E,E,13.0,14.999999999999998,90.0,90.0,1011.9,1010.9,8.0,8.0,24.3,23.2,Yes,Yes
2010-03-07,Brisbane,21.9,27.2,3.4,2.0,2.2,ESE,35.0,E,ENE,15.0,16.999999999999996,70.0,64.0,1014.4,1012.1,7.0,7.0,26.5,26.9,Yes,No
2010-03-08,Brisbane,22.5,27.2,0.6,2.8,0.0,E,15.0,WSW,ENE,6.0,6.0,80.99999999999999,64.0,1016.3,1014.1,7.0,7.0,23.9,26.9,No,No
2010-03-09,Brisbane,20.5,32.6,0.0,2.2,10.7,NE,22.0,SW,SSW,11.0,7.000000000000001,78.0,51.0,1017.0,1013.7,1.0,3.0,24.4,32.2,No,No
2010-03-10,Brisbane,22.7,33.1,0.0,5.8,8.7,ESE,31.0,SW,E,7.0,16.999999999999996,76.0,65.0,1017.9,1016.0,7.0,7.0,26.9,28.999999999999996,No,No
2010-03-11,Brisbane,21.8,30.0,0.0,5.6,9.4,SSW,39.0,S,SSW,13.0,14.999999999999998,58.00000000000001,53.99999999999999,1022.1,1021.0999999999999,4.0,5.0,27.200000000000003,28.6,No,Yes
2010-03-12,Brisbane,20.1,28.099999999999998,1.2,5.6,7.9,ESE,50.0,SE,SE,20.0,22.0,58.00000000000001,52.0,1028.1,1026.2,3.0,6.0,25.5,26.100000000000005,Yes,No
2010-03-13,Brisbane,18.8,27.399999999999995,0.6,6.4,6.4,SE,48.00000000000001,SE,ESE,19.0,24.0,53.00000000000001,67.0,1027.5,1025.7,5.0,6.0,25.4,22.3,No,No
2010-03-14,Brisbane,18.4,27.5,0.6,5.6,8.4,SSE,37.0,SSE,SE,11.0,11.0,68.0,72.0,1024.5,1021.7,5.0,3.0,24.1,24.1,No,Yes
2010-03-15,Brisbane,18.4,28.0,4.8,6.0,8.4,SSE,31.0,SSE,SSE,13.0,16.999999999999996,68.0,55.0,1023.1,1019.4,5.0,6.0,23.2,26.2,Yes,No
2010-03-16,Brisbane,19.0,28.3,0.2,6.0,7.499999999999999,ESE,39.0,SSE,ESE,13.0,19.0,62.0,45.0,1020.5000000000001,1018.0,5.0,3.0,24.6,27.300000000000004,No,No
2010-03-19,Brisbane,18.4,28.6,0.0,6.2,10.6,ESE,30.0,E,ESE,19.0,16.999999999999996,55.0,44.0,1022.4,1020.3,4.0,2.0,25.9,27.200000000000003,No,No
2010-03-20,Brisbane,17.2,28.4,0.0,8.0,3.1,ESE,37.0,SE,ESE,15.0,16.999999999999996,59.0,73.0,1021.7,1019.8,7.0,7.0,24.7,24.4,No,No
2010-03-21,Brisbane,20.9,28.199999999999996,1.0,4.2,2.3,NE,30.0,E,E,17.0,13.0,62.0,66.0,1020.6,1017.9,7.0,8.0,27.300000000000004,26.2,No,No
2010-03-22,Brisbane,20.5,28.500000000000004,0.0,2.8,1.9,NNE,20.0,WSW,NE,7.0,9.0,71.0,68.0,1018.4,1016.5,8.0,8.0,25.5,26.7,No,No
2010-03-23,Brisbane,20.7,30.0,0.0,2.6,7.2,E,30.0,SW,E,7.0,14.999999999999998,69.0,61.0,1019.4,1016.5,5.0,6.0,26.5,28.099999999999998,No,Yes
2010-03-25,Brisbane,18.4,28.8,0.0,5.6,10.3,SE,28.0,SSW,E,6.0,16.999999999999996,62.0,53.99999999999999,1022.9,1019.8,1.0,3.0,24.9,27.4,No,Yes
2010-03-26,Brisbane,20.4,28.7,3.4,6.4,9.0,NNE,22.0,SW,ENE,7.0,11.0,77.0,59.0,1022.6,1018.8,5.0,4.0,23.1,27.700000000000003,Yes,No
2010-03-27,Brisbane,18.4,29.1,0.0,3.7999999999999994,10.9,NE,24.000000000000004,SW,ENE,6.0,11.0,69.0,58.0,1021.1,1018.3,1.0,1.0,25.4,26.7,No,No
2010-03-28,Brisbane,20.5,28.6,0.0,5.8,8.0,E,28.0,SSW,E,6.0,13.0,69.0,50.0,1020.1999999999999,1017.0,7.0,5.0,25.600000000000005,27.599999999999998,No,Yes
2010-03-29,Brisbane,20.7,27.8,1.2,6.6,4.7,ENE,30.0,SSE,NE,6.0,11.0,83.0,61.0,1021.3,1017.8,7.0,4.0,22.0,26.9,Yes,Yes
2010-03-30,Brisbane,19.5,26.1,3.2,3.7999999999999994,1.6,NNE,24.000000000000004,SW,ENE,6.0,13.0,76.0,71.0,1019.8,1016.8,5.0,6.0,24.2,24.7,Yes,No
2010-04-01,Brisbane,20.5,27.700000000000003,1.4,2.8,6.3,ESE,26.0,SW,E,7.0,13.0,76.0,62.0,1016.7,1013.7,7.0,5.0,23.6,25.9,Yes,No
2010-04-02,Brisbane,19.7,27.9,0.0,4.0,9.0,E,31.0,SSE,ESE,9.0,16.999999999999996,65.0,53.0,1017.4,1014.4,3.0,5.0,25.4,27.000000000000004,No,No
2010-04-03,Brisbane,19.1,27.600000000000005,0.0,6.0,9.3,ESE,35.0,SSE,E,11.0,11.0,62.0,59.0,1018.7,1015.4,3.0,4.0,24.6,25.9,No,No
2010-04-04,Brisbane,18.9,26.499999999999996,0.0,6.0,8.7,ESE,31.0,SSW,ESE,7.0,11.0,61.0,53.99999999999999,1018.6,1015.6,3.0,3.0,23.6,26.2,No,No
2010-04-05,Brisbane,17.9,27.700000000000003,0.0,4.0,10.2,WSW,46.0,SSW,E,9.0,14.999999999999998,60.0,53.99999999999999,1018.9,1015.9,1.0,3.0,23.5,25.1,No,No
2010-04-06,Brisbane,17.8,26.1,0.0,6.0,6.2,E,22.0,SW,ENE,6.0,11.0,68.0,55.0,1020.5000000000001,1018.3,6.0,7.0,22.9,25.3,No,No
2010-04-07,Brisbane,17.5,27.700000000000003,0.0,4.0,7.8,NE,22.0,WSW,NNE,7.0,9.0,76.0,51.0,1021.7,1018.0,7.0,7.0,21.7,26.9,No,No
2010-04-10,Brisbane,21.0,30.999999999999996,0.0,6.0,7.6,NNE,17.0,WNW,NE,2.0,7.000000000000001,67.0,61.0,1012.5,1008.5,7.0,3.0,25.2,29.1,No,No
2010-04-11,Brisbane,21.2,31.300000000000004,0.0,4.0,7.6,NE,20.0,SSE,NE,2.0,9.0,85.0,63.00000000000001,1013.0,1009.1,4.0,2.0,24.0,29.6,No,No
2010-04-12,Brisbane,23.2,26.000000000000004,0.2,4.2,0.0,W,20.0,WSW,W,2.0,2.0,78.0,76.0,1012.6000000000001,1010.3,7.0,7.0,25.8,25.0,No,Yes
2010-04-13,Brisbane,18.5,24.4,2.0,2.0,1.4,SE,26.0,WSW,SE,2.0,11.0,80.99999999999999,53.99999999999999,1018.0,1016.5,8.0,7.0,19.3,24.1,Yes,No
2010-04-14,Brisbane,16.5,26.900000000000002,0.0,3.2,8.3,ESE,28.0,SSW,SE,7.0,11.0,64.0,47.0,1020.3,1017.8,1.0,7.0,22.1,26.600000000000005,No,No
2010-04-15,Brisbane,16.2,27.399999999999995,0.0,3.6,7.4,ESE,26.0,SSW,E,4.0,13.0,65.0,49.00000000000001,1020.7,1017.8,7.0,3.0,22.7,26.300000000000004,No,No
2010-04-16,Brisbane,17.3,24.6,0.0,5.0,0.7,SE,26.0,NE,ESE,4.0,13.0,78.0,50.0,1023.3,1021.0,7.0,7.0,19.2,24.1,No,No
2010-04-17,Brisbane,17.0,27.5,0.4,2.6,10.4,ESE,30.0,S,E,6.0,13.0,63.0,48.0,1023.9,1021.3000000000001,1.0,3.0,23.8,26.5,No,No
2010-04-18,Brisbane,18.1,26.800000000000004,0.6,5.4,6.1,ESE,33.0,SSE,ESE,2.0,11.0,80.0,68.0,1024.5,1020.7,7.0,4.0,20.8,23.6,No,Yes
2010-04-19,Brisbane,18.5,26.2,4.6,3.4,4.6,SE,30.0,SSE,E,7.0,9.0,74.0,67.0,1022.7,1020.2,8.0,7.0,22.6,23.3,Yes,No
2010-04-20,Brisbane,17.9,26.4,1.0,3.7999999999999994,3.9,E,28.0,S,WNW,4.0,4.0,79.0,78.0,1021.1,1018.4,7.0,7.0,22.6,22.3,No,Yes
2010-04-21,Brisbane,18.2,23.1,10.2,2.4,0.0,SE,22.0,SE,SW,7.0,4.0,93.0,88.0,1021.3,1019.3,8.0,7.0,20.1,20.5,Yes,Yes
2010-04-22,Brisbane,17.8,25.6,12.8,1.0,5.3,E,22.0,SSW,ENE,4.0,4.0,71.0,66.0,1022.3,1019.7,7.0,5.0,22.8,24.3,Yes,No
2010-04-23,Brisbane,18.0,28.4,0.2,3.2,10.5,ESE,19.0,SSW,E,6.0,9.0,72.0,56.0,1021.6,1018.0,1.0,1.0,23.1,26.7,No,No
2010-04-24,Brisbane,18.5,25.5,0.8,3.4,3.4,NNW,17.0,SSW,ENE,2.0,6.0,83.0,76.0,1019.5,1016.2,5.0,7.0,22.5,24.3,No,Yes
2010-04-25,Brisbane,18.3,29.300000000000004,2.2,2.6,9.5,WSW,22.0,NE,ENE,2.0,9.0,74.0,66.0,1016.9,1012.2,4.0,6.0,23.4,27.4,Yes,No
2010-04-26,Brisbane,16.7,26.4,0.0,4.0,10.3,SSE,20.0,SSW,ESE,6.0,4.0,48.00000000000001,43.0,1021.3,1019.6,3.0,2.0,21.9,23.9,No,No
2010-04-27,Brisbane,13.5,25.9,0.0,4.8,7.499999999999999,ENE,17.0,SSW,ENE,6.0,7.000000000000001,57.0,53.0,1022.7,1019.4,3.0,7.0,20.1,24.3,No,No
2010-04-28,Brisbane,16.5,27.399999999999995,0.0,3.0,8.5,ENE,15.0,SW,ENE,4.0,9.0,69.0,53.0,1022.2,1018.5,5.0,1.0,22.7,26.5,No,No
2010-04-29,Brisbane,18.0,29.300000000000004,0.0,3.0,9.5,W,19.0,SW,W,2.0,9.0,72.0,36.0,1021.5,1017.6,2.0,3.0,22.8,28.999999999999996,No,No
2010-04-30,Brisbane,13.0,28.3,0.0,3.0,10.1,ESE,26.0,WSW,ESE,4.0,11.0,54.0,59.0,1022.3,1019.5,1.0,2.0,21.0,25.8,No,No
2010-05-01,Brisbane,17.8,27.0,0.0,4.8,10.0,E,28.0,SSW,E,4.0,14.999999999999998,67.0,59.0,1025.3,1022.4000000000001,4.0,3.0,22.6,24.4,No,No
2010-05-02,Brisbane,17.6,27.0,0.6,4.0,10.1,E,24.000000000000004,SSW,ENE,2.0,9.0,66.0,52.0,1026.1,1022.9,2.0,2.0,23.0,26.0,No,No
2010-05-03,Brisbane,16.7,26.4,0.2,4.0,9.1,SE,31.0,SW,ESE,4.0,13.0,67.0,53.0,1025.0,1021.3000000000001,2.0,5.0,22.7,24.9,No,Yes
2010-05-04,Brisbane,17.8,21.2,4.2,4.8,0.9,ESE,13.0,WSW,E,4.0,7.000000000000001,90.99999999999999,87.0,1021.3,1017.3,8.0,7.0,19.4,20.3,Yes,Yes
2010-05-08,Brisbane,11.6,26.4,0.0,3.4,9.1,SE,24.000000000000004,SW,E,7.0,9.0,60.0,55.0,1019.5999999999999,1016.4,6.0,5.0,18.8,23.7,No,No
2010-05-09,Brisbane,14.299999999999999,25.7,0.0,2.8,9.7,SSE,22.0,SSW,SE,4.0,7.000000000000001,67.0,51.0,1020.5000000000001,1016.9,1.0,2.0,21.1,24.1,No,No
2010-05-10,Brisbane,16.3,24.1,0.0,3.2,4.5,SSE,19.0,SW,NE,6.0,6.0,67.0,66.0,1019.9000000000001,1016.5,2.0,7.0,20.6,22.8,No,No
2010-05-11,Brisbane,15.299999999999999,25.8,0.0,1.8,7.4,WSW,30.0,SW,NE,2.0,4.0,75.0,67.0,1017.1,1013.0,6.0,6.0,20.0,23.5,No,Yes
2010-05-12,Brisbane,14.6,27.299999999999997,12.2,0.8,9.4,W,33.0,SW,WSW,6.0,11.0,82.0,26.0,1015.4,1012.4,0.0,1.0,18.7,26.800000000000004,Yes,No
2010-05-13,Brisbane,11.3,24.4,0.2,6.6,9.9,WNW,24.000000000000004,SSW,WNW,6.0,9.0,46.0,24.0,1019.5999999999999,1014.9,0.0,1.0,18.1,23.8,No,No
2010-05-14,Brisbane,9.7,25.3,0.0,2.6,10.0,WSW,20.0,WSW,SSW,6.0,4.0,46.0,25.0,1017.5,1012.9,0.0,1.0,16.0,24.6,No,No
2010-05-15,Brisbane,9.9,25.1,0.0,2.4,10.1,WSW,19.0,SW,SW,7.0,4.0,56.0,29.0,1016.6,1013.3,1.0,3.0,15.8,25.0,No,No
2010-05-16,Brisbane,12.8,20.6,0.0,2.8,0.0,SW,13.0,SSW,W,6.0,4.0,73.0,56.0,1019.1,1016.5,8.0,8.0,15.0,19.8,No,No
2010-05-17,Brisbane,12.5,20.8,0.0,1.8,1.3,SSW,19.0,SW,SW,4.0,6.0,76.0,63.00000000000001,1018.1,1014.9,7.0,7.0,15.6,19.9,No,No
2010-05-18,Brisbane,10.7,23.5,0.0,1.4,9.6,W,19.0,SW,W,6.0,6.0,63.0,38.0,1016.2,1012.9,1.0,2.0,17.0,23.1,No,No
2010-05-19,Brisbane,11.2,24.4,0.0,2.8,9.1,WSW,19.0,SW,ESE,9.0,4.0,56.0,48.0,1018.2,1016.2,1.0,3.0,17.9,23.3,No,No
2010-05-20,Brisbane,12.400000000000002,23.4,0.0,2.6,6.8,ESE,19.0,S,ESE,6.0,6.0,65.0,56.0,1020.8,1017.9,6.0,7.0,19.4,22.4,No,Yes
2010-05-21,Brisbane,16.4,19.7,4.0,2.8,0.1,SW,37.0,SW,S,4.0,6.0,90.99999999999999,81.0,1019.3000000000001,1015.3,8.0,7.0,16.5,19.4,Yes,Yes
2010-05-22,Brisbane,11.9,23.7,18.6,1.8,10.0,WSW,19.0,SW,S,6.0,6.0,80.0,40.0,1017.3,1014.6,1.0,2.0,15.8,23.2,Yes,No
2010-05-23,Brisbane,11.5,22.5,0.0,2.8,5.6,S,26.0,SW,SSE,6.0,7.000000000000001,65.0,59.0,1018.9,1016.8,1.0,7.0,18.1,21.1,No,No
2010-05-24,Brisbane,16.0,23.4,0.0,2.0,2.5,ENE,20.0,SW,E,4.0,9.0,74.0,56.99999999999999,1019.5,1015.6,7.0,7.0,18.3,21.9,No,Yes
2010-05-25,Brisbane,16.4,21.5,3.6000000000000005,3.0,0.1,NNW,13.0,SW,NW,2.0,2.0,88.0,75.0,1013.3,1008.6,8.0,7.0,17.5,21.0,Yes,No
2010-05-26,Brisbane,13.699999999999998,23.1,0.0,1.8,9.3,W,41.0,W,WSW,13.0,13.0,63.0,42.0,1007.0,1005.0,1.0,5.0,21.5,21.2,No,No
2010-05-27,Brisbane,14.5,23.9,0.0,4.0,6.5,SSW,30.0,W,SSE,11.0,7.000000000000001,56.0,62.0,1012.5,1012.0,1.0,7.0,19.3,21.4,No,No
2010-05-28,Brisbane,13.699999999999998,22.3,0.0,3.2,4.5,E,24.000000000000004,SW,E,6.0,13.0,74.0,76.0,1019.4,1017.2,6.0,7.0,18.1,19.4,No,Yes
2010-05-29,Brisbane,17.1,21.0,6.4,1.8,0.4,WNW,28.0,NW,W,4.0,14.999999999999998,92.0,69.0,1013.2,1009.3,8.0,7.0,19.3,19.2,Yes,Yes
2010-05-30,Brisbane,11.6,19.8,2.8,1.6,9.6,W,37.0,WNW,W,13.0,14.999999999999998,55.0,42.0,1011.2,1008.7,1.0,2.0,17.6,19.4,Yes,No
2010-05-31,Brisbane,13.3,21.5,0.0,4.0,9.0,W,39.0,W,W,13.0,13.0,63.0,47.0,1013.3,1010.7,1.0,2.0,16.6,20.6,No,No
2010-06-01,Brisbane,11.8,22.4,0.0,2.6,5.2,W,19.0,SW,WSW,7.0,4.0,60.0,61.0,1017.0,1014.8,1.0,7.0,18.4,20.9,No,No
2010-06-02,Brisbane,15.799999999999999,20.3,0.4,2.2,0.0,WSW,20.0,SW,SW,6.0,6.0,84.0,77.0,1017.0,1014.8,8.0,7.0,17.6,19.4,No,No
2010-06-03,Brisbane,16.1,23.3,0.0,1.8,8.6,W,24.000000000000004,SW,SW,9.0,7.000000000000001,70.0,55.0,1016.8,1014.0,2.0,5.0,18.8,21.6,No,No
2010-06-04,Brisbane,10.4,21.9,0.0,2.4,10.0,W,35.0,W,W,4.0,13.0,63.0,49.00000000000001,1013.3,1009.6,1.0,1.0,17.7,21.2,No,No
2010-06-05,Brisbane,15.6,25.2,0.0,3.4,9.6,WSW,26.0,SW,W,7.0,9.0,57.0,43.0,1010.4,1008.4,1.0,1.0,19.5,24.4,No,No
2010-06-06,Brisbane,13.3,22.5,0.0,4.2,9.5,W,31.0,SSE,W,2.0,13.0,55.0,32.0,1014.1,1012.5,1.0,1.0,18.1,21.9,No,No
2010-06-07,Brisbane,10.3,22.3,0.0,6.2,6.3,SW,19.0,SW,SSW,7.0,4.0,51.0,50.0,1020.6,1018.7,2.0,7.0,16.2,20.7,No,No
2010-06-08,Brisbane,11.5,22.8,0.0,2.0,5.4,SSE,17.0,SSW,ESE,6.0,7.000000000000001,67.0,58.0,1022.4,1018.6,5.0,6.0,17.0,20.1,No,No
2010-06-09,Brisbane,12.5,23.9,0.0,1.2,7.4,W,26.0,WSW,WNW,2.0,7.000000000000001,78.0,53.0,1018.6,1012.7,7.0,7.0,15.8,22.2,No,No
2010-06-10,Brisbane,9.5,19.4,0.0,4.0,4.9,W,33.0,W,WSW,11.0,9.0,44.0,35.0,1019.4,1017.0,3.0,7.0,14.9,18.9,No,No
2010-06-11,Brisbane,11.5,21.3,0.0,3.6,4.5,WSW,17.0,SW,NW,4.0,4.0,60.0,45.0,1021.7,1017.6,8.0,1.0,13.0,21.1,No,No
2010-06-12,Brisbane,9.0,19.7,0.0,2.4,10.0,W,22.0,SW,WNW,7.0,9.0,47.0,33.0,1020.0,1017.9,1.0,1.0,13.799999999999999,18.9,No,No
2010-06-13,Brisbane,8.7,21.6,0.0,2.8,6.5,ESE,28.0,SW,SE,7.0,11.0,55.0,52.0,1025.5,1024.0,7.0,7.0,14.499999999999998,19.8,No,No
2010-06-14,Brisbane,12.3,21.9,0.0,1.6,6.4,E,33.0,SW,ESE,4.0,13.0,78.0,53.0,1029.4,1027.0,7.0,3.0,15.199999999999998,20.8,No,No
2010-06-15,Brisbane,12.900000000000002,22.1,0.0,3.4,7.0,SE,31.0,SSW,SE,6.0,14.999999999999998,71.0,46.00000000000001,1029.1,1025.5,6.0,2.0,17.1,21.1,No,No
2010-06-16,Brisbane,13.199999999999998,21.3,0.0,3.4,1.6,SSE,22.0,SW,E,6.0,9.0,65.0,47.0,1027.2,1023.9000000000001,6.0,7.0,17.3,20.4,No,No
2010-06-17,Brisbane,10.8,22.4,0.0,2.8,4.8,SW,15.0,SW,NE,4.0,4.0,71.0,55.0,1023.1,1018.7,6.0,7.0,15.5,21.7,No,No
2010-06-18,Brisbane,14.799999999999999,20.4,0.0,1.2,0.6,SSW,15.0,WSW,NW,2.0,4.0,80.99999999999999,63.00000000000001,1018.9,1015.5,7.0,8.0,16.9,20.1,No,No
2010-06-19,Brisbane,15.6,22.3,0.0,1.4,4.4,SW,17.0,SW,W,4.0,4.0,66.0,34.0,1019.7,1018.0,6.0,2.0,16.5,21.9,No,No
2010-06-20,Brisbane,9.4,23.0,0.0,2.2,10.0,WSW,17.0,WSW,ENE,6.0,6.0,58.00000000000001,46.00000000000001,1025.3,1023.3,1.0,1.0,14.599999999999998,21.8,No,No
2010-06-21,Brisbane,9.8,22.1,0.0,2.6,9.7,ESE,20.0,SW,SE,7.0,9.0,70.0,48.0,1029.5,1027.5,1.0,1.0,14.3,21.9,No,No
2010-06-24,Brisbane,12.5,22.1,4.4,1.8,8.1,E,26.0,SW,E,6.0,11.0,76.0,59.0,1028.8,1025.2,4.0,3.0,16.3,20.4,Yes,No
2010-06-25,Brisbane,9.9,21.7,0.0,3.4,5.9,SE,17.0,SW,E,4.0,4.0,72.0,61.0,1027.1,1023.6,1.0,3.0,15.3,20.1,No,No
2010-06-26,Brisbane,12.5,21.3,0.0,2.4,5.3,NNE,17.0,SSW,ENE,4.0,6.0,92.0,67.0,1023.5,1019.3,7.0,4.0,14.3,20.6,No,No
2010-06-29,Brisbane,8.2,16.0,0.0,2.2,0.6,WSW,22.0,SW,W,4.0,6.0,50.0,34.0,1020.7,1018.6,6.0,6.0,12.2,15.9,No,No
2010-06-30,Brisbane,7.5,18.8,0.8,0.2,1.4,SW,13.0,SW,NNE,2.0,4.0,90.0,73.0,1021.2,1018.5,8.0,7.0,11.2,18.1,No,Yes
2010-07-01,Brisbane,11.2,19.3,2.2,1.2,1.3,W,19.0,SSW,SW,6.0,2.0,52.0,52.0,1023.9,1022.1,7.0,7.0,13.799999999999999,18.2,Yes,No
2010-07-02,Brisbane,11.9,15.899999999999999,0.2,1.6,0.0,SW,13.0,SW,SW,4.0,2.0,74.0,69.0,1026.2,1023.3,8.0,8.0,13.2,15.7,No,Yes
2010-07-03,Brisbane,12.400000000000002,18.9,8.6,0.4,9.2,W,31.0,WSW,W,9.0,13.0,68.0,39.0,1025.2,1022.7,4.0,1.0,13.2,17.9,Yes,No
2010-07-04,Brisbane,6.700000000000001,21.3,0.0,5.0,9.6,SW,19.0,SW,SE,6.0,7.000000000000001,59.0,46.00000000000001,1027.6,1023.6,1.0,2.0,12.4,20.3,No,No
2010-07-05,Brisbane,11.9,22.6,0.0,3.2,8.6,SSE,20.0,SSW,E,6.0,7.000000000000001,65.0,50.0,1025.0,1020.8,3.0,3.0,16.0,20.9,No,No
2010-07-06,Brisbane,13.3,22.5,0.0,2.2,2.9,W,26.0,SSW,W,2.0,11.0,67.0,62.0,1020.1999999999999,1015.7,6.0,7.0,17.8,20.9,No,No
2010-07-07,Brisbane,13.5,16.9,0.0,3.6,0.0,W,28.0,W,SW,9.0,6.0,55.0,45.0,1020.8,1018.3,7.0,8.0,14.399999999999999,16.1,No,No
2010-07-08,Brisbane,12.6,21.2,0.4,2.6,3.5,SSE,28.0,SW,SE,7.0,13.0,74.0,51.0,1020.9,1017.9,7.0,7.0,15.5,20.2,No,No
2010-07-09,Brisbane,13.199999999999998,22.2,0.0,2.8,7.6,SSE,39.0,SW,SE,7.0,16.999999999999996,62.0,56.0,1022.9,1021.4999999999999,2.0,5.0,17.8,19.9,No,No
2010-07-10,Brisbane,12.8,22.5,0.0,3.4,4.5,E,28.0,WSW,ESE,4.0,11.0,75.0,58.0,1027.3,1023.3999999999999,7.0,3.0,15.4,20.9,No,No
2010-07-11,Brisbane,11.6,21.3,0.0,2.6,2.2,E,15.0,SW,ENE,6.0,2.0,80.0,59.0,1026.6,1023.3999999999999,7.0,7.0,14.399999999999999,20.7,No,No
2010-07-12,Brisbane,11.6,23.6,0.0,1.6,9.9,ESE,17.0,SW,NE,4.0,7.000000000000001,83.0,51.0,1024.2,1020.6,1.0,1.0,15.5,22.4,No,No
2010-07-13,Brisbane,11.6,23.9,0.0,1.6,9.8,N,20.0,SW,NE,2.0,9.0,78.0,53.0,1023.0,1018.8,1.0,7.0,16.8,22.0,No,No
2010-07-14,Brisbane,12.6,22.8,0.0,2.8,6.700000000000001,W,46.0,N,W,6.0,13.0,66.0,45.0,1017.8,1015.7,4.0,4.0,20.2,20.0,No,No
2010-07-18,Brisbane,8.1,23.6,0.0,3.7999999999999994,9.9,NNE,13.0,SW,NNE,4.0,4.0,71.0,33.0,1025.5,1021.0,1.0,1.0,13.400000000000002,22.9,No,No
2010-07-21,Brisbane,10.9,20.3,0.0,3.4,5.8,S,17.0,SW,SSE,6.0,6.0,65.0,44.0,1022.5,1019.6,6.0,7.0,14.8,19.1,No,No
2010-07-22,Brisbane,9.0,21.4,0.0,3.6,10.0,S,24.000000000000004,SW,SSE,7.0,7.000000000000001,60.0,26.0,1025.4,1022.9,1.0,2.0,14.399999999999999,20.4,No,No
2010-07-23,Brisbane,8.3,21.5,0.0,2.8,9.8,SE,26.0,SW,SE,6.0,9.0,55.0,49.00000000000001,1028.3,1025.7,1.0,3.0,14.699999999999998,19.6,No,No
2010-07-24,Brisbane,11.6,21.4,0.0,3.6,2.2,SE,22.0,SW,SE,6.0,9.0,69.0,56.99999999999999,1027.8,1024.4,6.0,7.0,15.1,20.2,No,No
2010-07-26,Brisbane,14.400000000000002,21.4,2.0,1.8,4.8,SE,24.000000000000004,SSW,ESE,6.0,9.0,80.99999999999999,60.00000000000001,1029.5,1027.3,7.0,7.0,16.3,20.3,Yes,No
2010-07-27,Brisbane,13.1,20.7,0.2,3.6,2.2,ESE,30.0,SSW,ESE,4.0,9.0,67.0,74.0,1030.9,1027.5,7.0,7.0,17.6,19.0,No,Yes
2010-07-28,Brisbane,14.900000000000002,23.2,5.2,1.2,5.1,NE,28.0,SW,NNE,4.0,11.0,84.0,64.0,1026.5,1022.1,7.0,7.0,18.2,21.6,Yes,Yes
2010-07-29,Brisbane,17.0,23.9,8.0,2.6,4.2,NE,15.0,W,NNE,6.0,6.0,85.99999999999999,73.0,1022.6,1018.7,6.0,7.0,19.1,22.3,Yes,No
2010-07-30,Brisbane,15.299999999999999,26.4,0.0,0.2,8.0,NE,20.0,SW,NE,2.0,9.0,95.0,61.0,1021.1,1017.5,8.0,1.0,17.5,24.3,No,No
2010-07-31,Brisbane,16.3,26.800000000000004,0.0,2.6,5.5,WNW,37.0,NNE,WNW,4.0,9.0,69.0,58.0,1019.1,1016.4,1.0,7.0,22.6,25.4,No,No
2010-08-01,Brisbane,13.900000000000002,24.0,0.0,5.0,8.0,W,26.0,SW,W,6.0,9.0,58.00000000000001,38.0,1023.9,1019.2,6.0,1.0,19.3,23.6,No,No
2010-08-02,Brisbane,12.5,20.4,0.0,4.6,10.2,W,35.0,W,W,11.0,19.0,44.0,26.999999999999996,1021.2,1016.0,1.0,0.0,16.3,19.9,No,No
2010-08-03,Brisbane,10.2,20.7,0.0,9.2,10.2,W,39.0,W,W,17.0,13.0,54.0,38.0,1014.9,1012.2,1.0,1.0,13.799999999999999,20.2,No,No
2010-08-04,Brisbane,9.2,22.7,0.0,3.4,10.2,WSW,20.0,WSW,SE,6.0,2.0,53.00000000000001,28.0,1019.5999999999999,1016.4,0.0,1.0,16.0,22.6,No,No
2010-08-05,Brisbane,8.8,22.5,0.0,4.6,5.9,E,19.0,SW,NE,6.0,6.0,70.0,45.0,1020.1999999999999,1015.8,6.0,7.0,12.800000000000002,20.9,No,No
2010-08-06,Brisbane,12.7,22.4,0.0,2.6,9.9,W,28.0,WSW,WSW,9.0,7.000000000000001,53.00000000000001,20.000000000000004,1019.3000000000001,1015.9,3.0,1.0,17.1,22.1,No,No
2010-08-07,Brisbane,8.1,20.1,0.0,4.8,10.0,E,20.0,WSW,E,7.0,11.0,47.0,29.0,1023.1,1019.6,1.0,1.0,14.699999999999998,18.9,No,No
2010-08-08,Brisbane,6.599999999999999,22.2,0.0,4.0,10.1,ENE,19.0,SW,NE,6.0,9.0,58.00000000000001,37.0,1022.4,1018.3,1.0,1.0,13.400000000000002,21.4,No,No
2010-08-09,Brisbane,9.6,23.1,0.0,3.6,4.2,ENE,28.0,WSW,NE,4.0,7.000000000000001,70.0,52.0,1023.6,1020.6,6.0,6.0,14.200000000000001,21.4,No,Yes
2010-08-10,Brisbane,14.1,19.7,2.8,1.4,0.0,E,31.0,NNE,NNE,4.0,4.0,92.0,93.0,1020.8,1017.0,7.0,8.0,17.9,19.3,Yes,Yes
2010-08-11,Brisbane,16.1,19.0,78.0,8.4,2.1,W,28.0,NW,W,2.0,9.0,89.0,51.0,1014.7,1011.1,8.0,7.0,16.9,17.7,Yes,No
2010-08-12,Brisbane,12.5,19.6,0.0,4.8,10.0,W,65.0,W,W,19.0,28.000000000000004,53.00000000000001,33.0,1012.2,1008.2,1.0,1.0,15.1,19.0,No,No
2010-08-13,Brisbane,10.4,20.5,0.2,6.6,10.1,W,33.0,WSW,W,17.0,9.0,51.0,35.0,1013.6,1011.5,1.0,0.0,13.799999999999999,19.9,No,No
2010-08-14,Brisbane,6.1,22.2,0.0,5.0,10.2,NE,26.0,SSE,NE,2.0,9.0,61.0,45.0,1018.8,1014.9,0.0,0.0,14.3,20.9,No,No
2010-08-16,Brisbane,7.599999999999999,23.5,0.0,5.2,10.7,W,37.0,WSW,WNW,6.0,13.0,42.0,30.000000000000004,1017.5,1013.8,1.0,1.0,17.9,23.1,No,No
2010-08-17,Brisbane,10.2,21.9,0.0,6.2,10.7,E,22.0,SW,ESE,7.0,9.0,47.0,45.0,1021.7,1019.2,1.0,1.0,16.7,20.6,No,No
2010-08-18,Brisbane,9.5,23.4,0.0,4.0,10.5,E,22.0,SW,NE,6.0,7.000000000000001,65.0,46.00000000000001,1023.4,1018.9,1.0,1.0,16.0,22.1,No,No
2010-08-19,Brisbane,11.7,27.8,0.0,4.4,10.0,W,22.0,SSW,NE,4.0,9.0,68.0,53.99999999999999,1017.9,1013.3,1.0,1.0,19.6,25.8,No,Yes
2010-08-20,Brisbane,17.5,18.1,8.6,1.8,0.0,SSW,19.0,WNW,N,6.0,4.0,85.0,86.0,1017.8,1013.8,8.0,8.0,18.1,17.1,Yes,Yes
2010-08-21,Brisbane,6.9,21.8,4.6,3.2,10.8,W,31.0,SW,W,6.0,7.000000000000001,50.0,34.0,1020.0,1016.5,1.0,0.0,16.0,21.8,Yes,No
2010-08-22,Brisbane,8.1,22.3,0.0,3.7999999999999994,10.6,E,17.0,SW,ENE,7.0,9.0,46.0,42.0,1023.0,1019.2,0.0,1.0,15.199999999999998,21.5,No,No
2010-08-24,Brisbane,14.0,21.1,10.2,1.0,6.6,WNW,37.0,W,WNW,15.0,19.999999999999996,58.00000000000001,45.0,1015.0,1012.5,2.0,7.0,17.9,18.8,Yes,No
2010-08-25,Brisbane,15.0,18.6,0.2,5.6,0.0,W,35.0,W,WNW,9.0,9.0,61.0,53.0,1013.8,1010.4,8.0,8.0,15.4,18.3,No,No
2010-08-26,Brisbane,14.1,20.8,0.0,4.0,7.0,WNW,43.0,W,W,9.0,14.999999999999998,59.0,33.0,1013.0,1008.6,7.0,2.0,14.9,20.7,No,No
2010-08-27,Brisbane,10.3,22.4,0.0,5.0,10.8,W,41.0,WSW,W,11.0,14.999999999999998,42.99999999999999,31.0,1016.1,1013.3,1.0,0.0,17.5,21.5,No,No
2010-08-28,Brisbane,7.3999999999999995,23.7,0.0,6.4,9.9,ENE,17.0,SW,ENE,6.0,11.0,50.0,37.0,1021.7,1018.6,6.0,4.0,17.6,21.6,No,No
2010-08-29,Brisbane,12.3,22.4,0.0,4.0,7.4,ESE,28.0,WSW,E,4.0,13.0,58.00000000000001,46.00000000000001,1026.4,1023.3,3.0,5.0,17.7,20.9,No,No
2010-08-30,Brisbane,10.7,23.2,0.0,4.0,8.4,E,22.0,SW,ENE,7.0,11.0,62.0,49.00000000000001,1026.3,1022.5999999999999,1.0,7.0,17.6,20.0,No,No
2010-08-31,Brisbane,11.4,24.2,0.0,4.0,10.7,ENE,19.0,SW,NE,6.0,9.0,63.0,46.00000000000001,1026.1,1022.9999999999999,1.0,2.0,17.7,22.0,No,No
2010-09-01,Brisbane,12.1,24.8,0.0,3.6,9.9,NE,26.0,WSW,NE,4.0,13.0,63.0,52.0,1024.4,1019.4,1.0,4.0,19.0,22.9,No,No
2010-09-02,Brisbane,11.8,28.4,0.0,4.0,10.5,NNE,20.0,NE,N,4.0,7.000000000000001,59.0,35.0,1021.2,1016.0,0.0,1.0,21.0,28.099999999999998,No,No
2010-09-03,Brisbane,15.199999999999998,27.1,0.0,4.4,9.6,E,37.0,SSW,ESE,4.0,11.0,57.0,62.0,1020.1999999999999,1018.7,4.0,1.0,23.0,25.0,No,No
2010-09-04,Brisbane,18.5,25.7,0.0,4.0,9.8,NE,39.0,N,NNE,7.0,16.999999999999996,74.0,65.0,1021.3,1016.7,4.0,3.0,22.399999999999995,24.5,No,Yes
2010-09-06,Brisbane,17.3,25.1,26.8,2.0,6.1,NE,17.0,SW,W,4.0,6.0,78.0,42.0,1020.3,1017.0,7.0,4.0,19.6,24.4,Yes,No
2010-09-07,Brisbane,11.9,25.4,0.0,4.0,10.8,SSW,19.0,WSW,WSW,7.0,4.0,51.0,31.0,1023.4,1019.5,1.0,1.0,18.8,25.1,No,No
2010-09-08,Brisbane,11.6,23.8,0.0,4.0,10.2,ESE,39.0,SW,ESE,6.0,11.0,62.0,56.99999999999999,1024.4,1020.6,5.0,2.0,17.9,22.6,No,No
2010-09-09,Brisbane,14.1,25.4,0.0,3.2,9.8,NNE,26.0,WSW,NNE,4.0,11.0,66.0,60.00000000000001,1020.8,1015.2,1.0,3.0,20.2,23.6,No,No
2010-09-10,Brisbane,18.7,24.1,0.0,7.0,0.9,WNW,30.0,N,NW,4.0,7.000000000000001,67.0,67.0,1010.7999999999998,1008.2,7.0,7.0,22.3,24.0,No,Yes
2010-09-11,Brisbane,12.2,25.3,3.2,1.8,11.1,W,22.0,SW,ENE,4.0,13.0,40.0,34.0,1017.8,1016.2,0.0,1.0,20.5,22.8,Yes,No
2010-09-12,Brisbane,12.5,23.6,0.0,5.8,9.5,ENE,20.0,SSW,ENE,2.0,9.0,55.0,53.0,1022.5,1019.4,2.0,1.0,20.0,21.4,No,No
2010-09-14,Brisbane,16.1,25.1,0.0,4.8,4.4,NE,20.0,SSW,ENE,2.0,9.0,70.0,69.0,1016.2,1011.9,6.0,7.0,22.7,23.7,No,No
2010-09-15,Brisbane,17.9,26.1,0.4,4.0,10.7,W,52.0,W,WSW,17.0,14.999999999999998,40.0,32.0,1012.7,1011.1,2.0,1.0,21.4,25.7,No,No
2010-09-16,Brisbane,13.400000000000002,23.9,0.0,10.2,2.5,WNW,30.0,WSW,WNW,6.0,9.0,49.0,35.0,1018.5,1014.6,6.0,7.0,18.4,22.7,No,No
2010-09-17,Brisbane,15.700000000000001,21.9,0.0,6.8,1.0,WNW,24.000000000000004,WSW,E,9.0,6.0,40.0,39.0,1020.1,1019.4,8.0,8.0,19.0,19.8,No,No
2010-09-18,Brisbane,13.0,24.1,0.0,3.2,3.6,W,24.000000000000004,SW,WSW,4.0,9.0,53.00000000000001,26.999999999999996,1019.9000000000001,1015.9,7.0,8.0,17.3,22.1,No,No
2010-09-19,Brisbane,16.0,21.0,0.0,3.6,0.4,SSE,17.0,SW,SSE,4.0,7.000000000000001,55.0,41.0,1020.7,1018.7,8.0,8.0,17.0,20.4,No,Yes
2010-09-20,Brisbane,13.1,19.7,8.6,1.2,0.0,SSE,15.0,SW,SSE,2.0,2.0,92.0,91.0,1021.4,1018.5,8.0,8.0,15.0,19.3,Yes,Yes
2010-09-21,Brisbane,15.0,24.4,22.4,0.0,0.4,W,19.0,SSW,W,6.0,7.000000000000001,93.0,78.0,1021.1,1018.7,7.0,7.0,18.1,22.8,Yes,No
2010-09-22,Brisbane,17.2,24.0,0.0,3.0,4.5,E,28.0,SE,ESE,7.0,6.0,79.0,79.0,1024.2,1022.1,7.0,8.0,20.9,19.9,No,No
2010-09-23,Brisbane,15.1,25.1,0.0,3.2,5.9,ENE,19.0,W,NNE,4.0,9.0,76.0,58.0,1022.8,1019.9,7.0,5.0,19.3,23.6,No,No
2010-09-24,Brisbane,17.2,25.5,0.2,3.6,6.0,ENE,19.0,ENE,NE,2.0,7.000000000000001,64.0,60.00000000000001,1023.2,1020.1,7.0,7.0,22.3,23.0,No,Yes
2010-09-26,Brisbane,13.900000000000002,26.6,5.4,3.0,5.9,E,19.0,NE,ENE,2.0,7.000000000000001,64.0,62.0,1019.8,1016.8,7.0,7.0,22.1,24.4,Yes,No
2010-09-27,Brisbane,16.4,27.8,0.2,3.7999999999999994,10.0,N,24.000000000000004,WSW,NNE,2.0,7.000000000000001,68.0,60.00000000000001,1018.9,1014.1,3.0,3.0,23.4,25.2,No,No
2010-09-29,Brisbane,18.2,28.099999999999998,31.399999999999995,4.4,5.6,SE,26.0,SW,E,7.0,7.000000000000001,77.0,71.0,1012.5,1010.9,6.0,6.0,22.9,23.0,Yes,No
2010-09-30,Brisbane,16.5,21.9,0.4,3.7999999999999994,5.7,SE,35.0,S,ESE,9.0,16.999999999999996,59.0,53.99999999999999,1020.9,1020.6,6.0,5.0,21.3,21.0,No,No
2010-10-01,Brisbane,14.199999999999998,21.9,0.0,3.7999999999999994,0.7,SE,28.0,SE,ESE,9.0,9.0,60.0,53.0,1026.2,1023.6999999999999,7.0,7.0,19.4,20.2,No,Yes
2010-10-02,Brisbane,14.799999999999999,21.1,3.4,3.7999999999999994,2.5,SE,26.0,SSE,ESE,6.0,7.000000000000001,73.0,79.0,1026.3,1022.4000000000001,7.0,8.0,19.6,19.3,Yes,Yes
2010-10-03,Brisbane,16.5,23.5,6.6,3.2,0.0,SE,17.0,SW,ESE,2.0,7.000000000000001,90.99999999999999,82.0,1023.8,1020.1,8.0,8.0,18.3,20.9,Yes,Yes
2010-10-04,Brisbane,17.3,28.099999999999998,2.0,0.4,11.4,S,22.0,SW,NNE,7.0,6.0,65.0,61.0,1017.9,1013.6,1.0,4.0,23.3,26.100000000000005,Yes,Yes
2010-10-05,Brisbane,17.2,28.3,2.2,3.6,10.0,SE,24.000000000000004,SW,SW,7.0,4.0,65.0,50.0,1017.1,1014.2,2.0,6.0,23.8,27.300000000000004,Yes,No
2010-10-06,Brisbane,18.5,29.399999999999995,0.0,6.6,11.4,ENE,22.0,WSW,ENE,7.0,13.0,59.0,56.0,1018.4,1014.8,2.0,5.0,23.9,26.4,No,No
2010-10-07,Brisbane,17.7,29.9,0.0,5.6,8.1,NE,19.0,NW,NE,4.0,7.000000000000001,66.0,59.0,1017.5,1013.1,4.0,7.0,24.5,27.300000000000004,No,Yes
2010-10-08,Brisbane,18.5,22.6,53.99999999999999,4.2,0.0,SE,43.0,SSW,SE,4.0,11.0,85.0,81.0,1019.1,1017.1,8.0,8.0,21.3,21.1,Yes,Yes
2010-10-09,Brisbane,16.9,19.3,23.4,1.2,0.0,SSE,33.0,SSE,SSE,6.0,13.0,85.99999999999999,86.0,1021.6,1019.8,8.0,8.0,18.8,17.6,Yes,Yes
2010-10-10,Brisbane,16.0,19.6,8.0,2.0,0.0,SE,44.0,S,SE,9.0,16.999999999999996,89.0,89.0,1023.0,1021.7,8.0,8.0,17.9,17.7,Yes,Yes
2010-10-11,Brisbane,15.1,22.2,93.6,13.0,0.0,E,37.0,ESE,SE,11.0,11.0,90.0,89.0,1026.2,1024.8,8.0,8.0,19.1,19.6,Yes,Yes
2010-10-12,Brisbane,17.4,22.9,22.4,1.6,2.4,ENE,37.0,ESE,E,11.0,16.999999999999996,72.0,60.00000000000001,1027.9,1024.4,8.0,7.0,20.1,22.6,Yes,Yes
2010-10-13,Brisbane,14.799999999999999,23.9,4.2,3.4,6.6,E,31.0,ENE,ENE,13.0,9.0,48.00000000000001,53.0,1022.7,1019.1,5.0,7.0,22.5,21.9,Yes,No
2010-10-14,Brisbane,14.799999999999999,25.6,0.2,7.0,5.6,NNE,22.0,NNW,NE,4.0,9.0,62.0,66.0,1017.7,1013.6,5.0,7.0,22.5,23.2,No,No
2010-10-15,Brisbane,18.5,25.3,0.0,3.0,0.0,NNE,41.0,N,NNE,6.0,11.0,71.0,81.0,1011.1,1005.4,8.0,8.0,22.399999999999995,22.3,No,Yes
2010-10-16,Brisbane,14.6,20.8,22.2,4.8,10.3,W,54.0,W,W,26.0,19.999999999999996,48.00000000000001,36.0,1008.3,1007.1,1.0,1.0,16.3,20.2,Yes,No
2010-10-17,Brisbane,9.7,22.2,0.0,9.6,12.3,W,26.0,SW,NNE,7.0,6.0,38.0,35.0,1016.4,1013.1,0.0,0.0,16.7,21.5,No,No
2010-10-18,Brisbane,11.0,23.7,0.0,8.6,12.3,E,20.0,WNW,ENE,4.0,7.000000000000001,59.0,40.0,1020.5000000000001,1017.5,1.0,1.0,19.4,22.6,No,No
2010-10-19,Brisbane,12.900000000000002,26.7,0.0,4.8,11.7,ESE,31.0,SSW,ESE,4.0,14.999999999999998,57.0,45.0,1022.1,1019.8,1.0,1.0,22.2,25.2,No,No
2010-10-20,Brisbane,16.3,22.2,0.8,6.4,4.7,SE,31.0,SSE,E,4.0,7.000000000000001,87.0,78.0,1026.5,1024.2,5.0,7.0,19.4,19.9,No,Yes
2010-10-21,Brisbane,15.799999999999999,22.6,1.6,4.0,3.4,E,24.000000000000004,E,E,11.0,9.0,52.0,52.0,1025.9,1022.1999999999999,7.0,7.0,21.8,21.2,Yes,No
2010-10-22,Brisbane,13.0,25.4,0.0,3.0,11.7,E,22.0,SSE,E,4.0,11.0,55.0,47.0,1023.2,1019.0,3.0,2.0,22.0,24.2,No,No
2010-10-23,Brisbane,14.900000000000002,26.6,0.0,5.8,12.0,ENE,22.0,NE,NE,4.0,9.0,59.0,51.0,1020.3,1015.9,2.0,1.0,22.3,25.2,No,No
2010-10-24,Brisbane,15.9,27.1,0.0,5.4,10.1,NNE,30.0,NNE,NE,7.0,9.0,58.00000000000001,51.0,1018.2,1014.1,2.0,3.0,24.5,25.600000000000005,No,Yes
2010-10-26,Brisbane,18.1,26.4,0.0,4.8,7.6,ENE,20.0,E,ENE,6.0,9.0,66.0,63.00000000000001,1019.0,1015.3,7.0,3.0,23.0,24.7,No,No
2010-10-27,Brisbane,19.5,28.0,0.4,3.6,10.1,ENE,24.000000000000004,WSW,NE,6.0,13.0,65.0,56.99999999999999,1017.1,1013.6,3.0,2.0,24.3,25.5,No,No
2010-10-28,Brisbane,18.3,27.399999999999995,0.2,6.2,8.3,SE,33.0,S,ESE,4.0,13.0,61.0,88.0,1017.0,1015.8,4.0,7.0,25.4,19.2,No,Yes
2010-10-29,Brisbane,16.9,26.499999999999996,26.8,7.0,11.7,E,26.0,ESE,ENE,9.0,11.0,58.00000000000001,51.0,1018.6,1016.4,2.0,4.0,24.4,25.4,Yes,No
2010-10-30,Brisbane,16.6,26.499999999999996,0.0,4.6,11.7,ENE,26.0,ENE,ENE,9.0,9.0,56.0,56.0,1019.0,1016.0,3.0,6.0,23.9,24.2,No,No
2010-10-31,Brisbane,15.799999999999999,25.7,0.0,6.0,6.2,NNE,19.0,SE,ENE,2.0,6.0,63.0,56.99999999999999,1017.3,1014.3,7.0,5.0,22.5,25.0,No,No
2010-11-01,Brisbane,16.4,23.3,0.0,4.2,0.3,NNW,15.0,E,N,6.0,4.0,66.0,67.0,1015.5,1012.9,8.0,8.0,21.9,22.2,No,No
2010-11-02,Brisbane,18.1,27.399999999999995,0.2,3.2,12.8,WSW,35.0,W,WSW,6.0,9.0,54.0,30.000000000000004,1015.5,1011.9,3.0,1.0,22.6,27.300000000000004,No,No
2010-11-03,Brisbane,14.900000000000002,26.000000000000004,0.0,9.2,10.7,ESE,31.0,SSE,E,7.0,14.999999999999998,50.0,55.0,1018.1,1015.3,3.0,3.0,23.1,24.4,No,Yes
2010-11-04,Brisbane,19.1,22.6,6.2,5.2,0.0,E,28.0,WNW,N,4.0,2.0,89.0,79.0,1018.1,1015.3,8.0,8.0,19.4,20.2,Yes,Yes
2010-11-05,Brisbane,17.3,23.5,19.6,1.2,1.1,E,30.0,ESE,ESE,7.0,4.0,68.0,65.0,1016.0,1013.1,7.0,7.0,21.5,22.7,Yes,Yes
2010-11-06,Brisbane,16.6,27.399999999999995,2.6,3.0,12.2,SE,31.0,S,S,6.0,11.0,57.0,41.0,1016.8,1014.2,1.0,2.0,23.3,26.9,Yes,No
2010-11-07,Brisbane,18.2,26.4,0.0,5.2,10.9,E,30.0,SE,E,11.0,14.999999999999998,63.0,53.0,1019.5999999999999,1017.9,7.0,4.0,23.4,25.5,No,No
2010-11-08,Brisbane,19.0,26.2,0.0,7.0,2.8,E,24.000000000000004,ENE,ENE,11.0,13.0,63.0,61.0,1021.9,1020.3,8.0,7.0,24.2,24.3,No,No
2010-11-09,Brisbane,20.4,26.1,0.6,4.8,3.5,E,30.0,ENE,ENE,9.0,13.0,67.0,62.0,1024.8,1023.3,7.0,7.0,24.1,24.6,No,No
2010-11-10,Brisbane,16.7,26.4,0.8,5.6,8.8,N,26.0,ENE,ENE,11.0,11.0,55.0,56.99999999999999,1023.7,1020.3,4.0,7.0,25.0,24.8,No,No
2010-11-11,Brisbane,16.9,28.0,0.0,5.4,12.2,NE,26.0,NE,NE,2.0,11.0,55.0,65.0,1018.0,1014.5,4.0,5.0,25.1,25.5,No,No
2010-11-12,Brisbane,19.0,28.0,0.0,6.6,11.0,NE,28.0,NNE,NNE,7.0,11.0,71.0,55.0,1016.9,1015.0,5.0,4.0,24.6,25.7,No,No
2010-11-13,Brisbane,21.7,27.1,0.0,7.800000000000001,12.5,ENE,30.0,ENE,NE,15.0,11.0,58.00000000000001,56.0,1020.6,1019.0,4.0,3.0,25.7,26.100000000000005,No,No
2010-11-14,Brisbane,21.2,27.9,0.0,6.0,7.499999999999999,ENE,28.0,N,ENE,6.0,13.0,64.0,56.99999999999999,1020.7,1017.8,7.0,3.0,25.4,26.2,No,No
2010-11-15,Brisbane,17.7,28.199999999999996,0.2,5.6,12.4,NE,28.0,NE,NE,9.0,11.0,53.00000000000001,49.00000000000001,1016.9,1013.2,6.0,4.0,25.9,26.300000000000004,No,No
2010-11-16,Brisbane,21.3,27.8,0.0,8.4,8.4,ENE,31.0,N,NNE,6.0,9.0,57.0,59.0,1013.6,1010.3,7.0,5.0,26.100000000000005,26.600000000000005,No,No
2010-11-17,Brisbane,20.8,29.5,0.0,8.0,9.3,ENE,24.000000000000004,NW,NE,7.0,9.0,52.0,50.0,1013.6,1010.3,7.0,4.0,25.9,28.299999999999997,No,Yes
2010-11-18,Brisbane,20.6,25.2,5.2,8.0,3.0,SSE,17.0,SSW,SE,2.0,7.000000000000001,72.0,83.0,1013.7,1012.0,8.0,8.0,25.1,22.7,Yes,Yes
2010-11-19,Brisbane,18.3,27.5,9.4,2.4,1.7,SSE,33.0,WSW,ESE,6.0,11.0,79.0,65.0,1015.8,1015.0,8.0,7.0,22.5,25.600000000000005,Yes,No
2010-11-20,Brisbane,20.0,25.5,0.2,5.4,0.6,ESE,41.0,SE,SE,13.0,11.0,56.0,66.0,1021.7,1020.5,7.0,7.0,24.2,23.0,No,No
2010-11-21,Brisbane,18.2,25.1,1.0,5.0,1.7,E,33.0,S,ESE,4.0,11.0,70.0,49.00000000000001,1021.5,1020.2,8.0,8.0,23.7,24.9,No,Yes
2010-11-22,Brisbane,17.7,26.6,4.4,5.8,10.4,ESE,37.0,SSE,ESE,6.0,14.999999999999998,74.0,47.0,1021.4,1019.8,5.0,4.0,23.0,25.8,Yes,No
2010-11-23,Brisbane,16.6,26.6,0.2,9.4,10.4,E,41.0,E,E,22.0,16.999999999999996,44.0,47.0,1023.4,1022.0,6.0,6.0,25.0,25.4,No,No
2010-11-24,Brisbane,18.5,26.4,1.0,7.4,5.0,E,37.0,SE,ESE,15.0,13.0,65.0,47.0,1023.6,1021.4999999999999,7.0,6.0,22.399999999999995,25.600000000000005,No,No
2010-11-25,Brisbane,17.3,26.1,0.0,7.0,5.3,E,37.0,ESE,E,9.0,11.0,53.00000000000001,56.99999999999999,1021.4,1019.7,6.0,7.0,24.0,23.8,No,No
2010-11-26,Brisbane,19.1,27.399999999999995,0.2,5.2,7.1,E,33.0,E,ENE,6.0,14.999999999999998,68.0,50.0,1019.1,1016.4,7.0,7.0,22.8,25.7,No,Yes
2010-11-27,Brisbane,17.2,26.7,1.8000000000000003,7.0,10.2,E,33.0,ENE,ENE,17.0,13.0,54.0,50.0,1017.8,1015.0,4.0,2.0,25.3,25.600000000000005,Yes,No
2010-11-28,Brisbane,18.9,26.3,0.0,8.8,3.2,ENE,24.000000000000004,ENE,ENE,7.0,11.0,58.00000000000001,50.0,1015.3,1012.2,7.0,7.0,24.1,25.1,No,No
2010-11-29,Brisbane,17.6,28.0,0.0,6.6,11.0,ENE,28.0,ENE,NE,4.0,11.0,61.0,51.0,1012.7,1010.3,6.0,2.0,24.8,27.000000000000004,No,Yes
2010-11-30,Brisbane,19.4,27.299999999999997,4.2,6.8,8.1,E,31.0,NE,ENE,9.0,13.0,60.0,56.0,1012.8,1010.5,7.0,7.0,25.2,26.800000000000004,Yes,Yes
2010-12-01,Brisbane,21.5,25.5,3.7999999999999994,6.6,0.5,ENE,35.0,ENE,ENE,15.0,6.0,71.0,91.0,1013.8,1012.6,8.0,8.0,24.6,21.7,Yes,Yes
2010-12-02,Brisbane,19.5,26.900000000000002,58.60000000000001,6.4,0.5,NE,28.0,NNE,ENE,2.0,13.0,84.0,72.0,1016.8,1015.2,8.0,7.0,23.1,24.3,Yes,Yes
2010-12-03,Brisbane,20.2,24.9,1.2,4.4,0.0,ENE,30.0,SE,NE,4.0,11.0,77.0,70.0,1017.0,1013.3,8.0,8.0,22.8,23.7,Yes,No
2010-12-04,Brisbane,21.3,24.3,0.2,3.2,0.1,ENE,33.0,ENE,ENE,15.0,11.0,71.0,82.0,1011.3,1008.9,8.0,8.0,24.1,22.2,No,Yes
2010-12-05,Brisbane,19.6,26.1,50.6,4.2,1.2,E,28.0,SE,ENE,4.0,13.0,94.0,72.0,1010.4,1008.1,8.0,7.0,21.0,24.9,Yes,No
2010-12-06,Brisbane,20.3,26.4,0.8,0.8,2.1,ESE,30.0,SE,ESE,7.0,7.000000000000001,71.0,82.0,1010.9,1009.2,7.0,7.0,25.8,25.0,No,Yes
2010-12-07,Brisbane,20.9,28.3,8.4,3.2,8.7,E,37.0,SSE,E,9.0,9.0,75.0,84.0,1013.7,1012.1,7.0,5.0,25.8,24.8,Yes,Yes
2010-12-08,Brisbane,21.1,27.9,5.4,6.4,10.9,E,26.0,ENE,ENE,9.0,13.0,69.0,66.0,1016.8,1015.2,5.0,7.0,25.9,26.9,Yes,No
2010-12-09,Brisbane,21.6,28.9,0.0,6.2,11.4,NE,24.000000000000004,ENE,NE,9.0,11.0,65.0,62.0,1016.9,1014.2,3.0,1.0,26.9,27.799999999999997,No,No
2010-12-10,Brisbane,21.7,30.4,0.0,8.0,12.0,NE,31.0,NNW,NE,7.0,14.999999999999998,59.0,65.0,1013.0,1008.1,4.0,4.0,27.300000000000004,28.400000000000002,No,No
2010-12-11,Brisbane,24.1,30.7,0.0,7.2,3.7,W,48.00000000000001,N,SSW,7.0,6.0,65.0,89.0,1007.9,1004.9,6.0,7.0,28.299999999999997,25.4,No,Yes
2010-12-12,Brisbane,20.4,27.2,80.4,12.4,0.0,W,15.0,NW,NE,2.0,6.0,80.99999999999999,86.0,1008.8,1006.9,8.0,8.0,23.9,23.7,Yes,Yes
2010-12-13,Brisbane,22.0,30.199999999999996,1.6,2.0,9.2,ENE,30.0,SSW,E,2.0,13.0,67.0,62.0,1010.7999999999998,1008.8,7.0,1.0,27.200000000000003,28.699999999999996,Yes,No
2010-12-14,Brisbane,20.8,29.1,0.0,5.8,9.1,ESE,33.0,SSE,ESE,7.0,13.0,64.0,60.00000000000001,1011.8,1009.1,6.0,3.0,26.5,28.999999999999996,No,No
2010-12-15,Brisbane,20.5,32.1,0.2,5.8,12.4,NE,24.000000000000004,SW,ENE,4.0,11.0,62.0,55.0,1011.2,1006.8,1.0,2.0,27.000000000000004,29.199999999999996,No,No
2010-12-19,Brisbane,21.3,24.2,9.8,5.2,0.0,WSW,22.0,SW,S,4.0,6.0,72.0,90.0,1006.7,1005.2,7.0,8.0,22.6,19.0,Yes,Yes
2010-12-20,Brisbane,17.3,28.099999999999998,57.4,3.7999999999999994,12.3,W,48.00000000000001,W,W,17.0,24.0,64.0,31.0,1002.6,1003.6,7.0,1.0,24.1,27.200000000000003,Yes,No
2010-12-22,Brisbane,17.8,23.1,0.0,8.0,0.0,SE,24.000000000000004,SE,SW,7.0,4.0,75.0,88.0,1016.6,1015.5,7.0,8.0,22.1,20.6,No,Yes
2010-12-23,Brisbane,19.2,29.1,12.8,0.6,2.9,ESE,24.000000000000004,SW,E,6.0,9.0,87.0,65.0,1016.9,1014.8,8.0,7.0,21.8,27.999999999999996,Yes,No
2010-12-24,Brisbane,21.8,27.700000000000003,0.2,3.2,0.2,SSE,41.0,SE,ESE,15.0,11.0,71.0,81.0,1016.9,1015.3,7.0,8.0,26.800000000000004,25.2,No,Yes
2010-12-25,Brisbane,21.9,26.2,36.2,6.6,0.2,SSE,15.0,S,SSE,2.0,6.0,90.0,85.0,1014.8,1011.9,8.0,8.0,24.8,24.9,Yes,Yes
2010-12-27,Brisbane,21.6,26.6,60.2,0.6,0.0,W,33.0,N,SW,2.0,7.000000000000001,94.0,92.00000000000001,1002.2999999999998,1000.1,8.0,8.0,24.2,21.4,Yes,Yes
2010-12-28,Brisbane,21.1,25.1,34.0,2.0,0.0,SE,46.0,SE,SE,17.0,9.0,73.0,70.0,1012.7,1013.1,8.0,8.0,23.6,23.5,Yes,No
2010-12-29,Brisbane,20.4,27.5,1.0,3.4,0.0,SE,33.0,SE,SE,17.0,11.0,58.00000000000001,56.0,1015.8,1013.3,8.0,7.0,24.5,27.099999999999998,No,No
2010-12-30,Brisbane,19.4,30.4,0.0,4.4,11.4,E,30.0,SSE,E,7.0,14.999999999999998,58.00000000000001,56.99999999999999,1015.5,1013.2,6.0,3.0,26.7,29.1,No,No
2010-12-31,Brisbane,20.4,29.5,0.0,6.8,12.6,ESE,35.0,ESE,E,9.0,16.999999999999996,58.00000000000001,52.0,1015.3,1013.3,4.0,1.0,26.9,28.299999999999997,No,No
2011-01-01,Brisbane,21.7,28.4,0.4,6.6,0.0,ESE,30.0,SSE,SE,7.0,6.0,89.0,90.0,1014.4,1012.9,8.0,8.0,23.0,24.1,No,Yes
2011-01-02,Brisbane,22.7,29.600000000000005,3.0,2.2,11.2,E,26.0,NE,NE,7.0,11.0,68.0,63.00000000000001,1013.9,1010.7,4.0,3.0,27.4,28.400000000000002,Yes,No
2011-01-03,Brisbane,22.9,32.1,0.0,6.2,6.9,E,24.000000000000004,SW,ESE,4.0,6.0,67.0,58.0,1009.7,1006.3,5.0,5.0,27.799999999999997,28.6,No,No
2011-01-04,Brisbane,22.2,30.7,0.0,5.4,7.8,ESE,28.0,S,E,7.0,13.0,60.0,64.0,1007.8,1006.0,6.0,7.0,28.499999999999996,28.699999999999996,No,No
2011-01-05,Brisbane,21.7,29.300000000000004,0.0,5.2,0.0,W,26.0,E,NE,6.0,9.0,65.0,64.0,1008.1,1004.4,6.0,6.0,26.800000000000004,27.4,No,Yes
2011-01-06,Brisbane,20.5,24.8,41.8,4.6,0.0,WSW,22.0,ESE,S,7.0,4.0,82.0,91.0,1005.4,1004.8,8.0,8.0,23.9,19.9,Yes,Yes
2011-01-08,Brisbane,21.1,27.299999999999997,11.599999999999998,2.0,2.1,SE,37.0,SSE,SSE,15.0,14.999999999999998,65.0,73.0,1008.1,1005.1,7.0,8.0,26.7,25.9,Yes,Yes
2011-01-11,Brisbane,23.8,28.6,15.399999999999999,2.0,0.0,E,33.0,E,E,15.0,14.999999999999998,88.0,94.0,1007.7,1007.4,8.0,8.0,25.0,24.1,Yes,Yes
2011-01-13,Brisbane,22.1,28.4,0.4,7.800000000000001,6.9,ENE,31.0,ESE,ESE,13.0,13.0,58.00000000000001,56.99999999999999,1013.1,1010.8,3.0,5.0,27.200000000000003,27.099999999999998,No,No
2011-01-14,Brisbane,19.4,28.9,0.0,8.2,11.8,E,31.0,ESE,E,11.0,13.0,60.0,59.0,1011.5,1009.0,7.0,5.0,26.100000000000005,27.099999999999998,No,No
2011-01-15,Brisbane,20.2,28.8,0.4,7.2,9.2,E,26.0,SW,E,4.0,7.000000000000001,77.0,52.0,1009.3,1006.6,7.0,5.0,24.0,27.999999999999996,No,No
2011-01-18,Brisbane,23.2,34.9,0.0,7.2,10.1,ENE,30.0,SW,E,6.0,11.0,57.0,53.0,1003.8,1003.5,1.0,3.0,31.6,31.2,No,Yes
2011-01-19,Brisbane,23.4,31.2,3.4,4.6,10.3,SW,33.0,E,ENE,7.0,13.0,70.0,71.0,1007.4,1005.7,6.0,7.0,29.399999999999995,28.699999999999996,Yes,Yes
2011-01-20,Brisbane,20.6,29.8,36.2,4.2,8.6,SE,33.0,S,ESE,4.0,11.0,67.0,70.0,1008.8,1008.6,6.0,7.0,27.999999999999996,26.5,Yes,Yes
2011-01-21,Brisbane,20.7,28.500000000000004,4.4,6.0,8.0,ESE,43.0,SE,SE,11.0,14.999999999999998,77.0,51.0,1012.2,1010.7,7.0,5.0,23.8,27.900000000000002,Yes,No
2011-01-22,Brisbane,18.9,29.399999999999995,0.0,6.4,12.5,SSE,39.0,S,ESE,9.0,19.999999999999996,54.0,48.0,1012.9,1011.7,3.0,4.0,26.7,27.799999999999997,No,No
2011-01-23,Brisbane,18.8,29.8,0.0,9.8,11.6,ESE,37.0,SSE,SE,9.0,11.0,49.0,43.0,1010.9,1008.4,3.0,2.0,26.600000000000005,28.699999999999996,No,No
2011-01-24,Brisbane,19.1,29.399999999999995,0.0,8.4,12.5,NE,20.0,NNE,ENE,2.0,7.000000000000001,52.0,47.0,1010.2,1007.3,1.0,1.0,26.100000000000005,28.900000000000002,No,No
2011-01-25,Brisbane,20.2,30.4,0.0,5.8,12.8,NNE,24.000000000000004,N,NE,4.0,11.0,58.00000000000001,56.0,1011.4000000000001,1009.9,1.0,1.0,28.200000000000003,28.900000000000002,No,No
2011-01-26,Brisbane,21.5,30.500000000000004,0.0,7.4,12.8,ENE,28.0,ESE,ENE,2.0,11.0,57.0,59.0,1015.3,1013.7,3.0,1.0,27.300000000000004,28.900000000000002,No,No
2011-01-27,Brisbane,20.6,30.999999999999996,0.0,7.0,12.6,E,22.0,SE,NE,4.0,9.0,61.0,56.0,1015.5,1012.5,3.0,1.0,27.200000000000003,29.899999999999995,No,No
2011-01-28,Brisbane,21.9,31.400000000000002,0.0,8.2,9.6,SE,31.0,SSE,ESE,6.0,14.999999999999998,65.0,53.99999999999999,1013.5,1013.1,5.0,3.0,27.799999999999997,30.1,No,No
2011-01-29,Brisbane,23.1,29.700000000000003,0.2,8.0,10.4,E,46.0,SE,SE,15.0,16.999999999999996,58.00000000000001,44.0,1018.0,1016.1,5.0,2.0,25.5,29.1,No,No
2011-01-30,Brisbane,20.8,30.0,0.0,8.0,4.1,ESE,31.0,ESE,E,11.0,14.999999999999998,63.0,62.0,1019.5999999999999,1017.6,7.0,7.0,27.000000000000004,27.4,No,No
2011-01-31,Brisbane,21.1,31.1,0.0,5.8,12.4,ENE,24.000000000000004,ENE,NE,9.0,9.0,61.0,55.0,1018.3,1015.3,3.0,3.0,27.599999999999998,30.0,No,Yes
2011-02-01,Brisbane,23.2,30.7,3.6000000000000005,7.599999999999999,6.8,ENE,26.0,ENE,ENE,9.0,11.0,80.99999999999999,67.0,1017.5,1014.8,5.0,7.0,27.099999999999998,29.699999999999996,Yes,Yes
2011-02-07,Brisbane,24.2,30.4,1.6,4.6,1.8,SE,31.0,SW,SE,4.0,13.0,80.99999999999999,58.0,1018.2,1014.9,7.0,7.0,24.6,29.199999999999996,Yes,Yes
2011-02-09,Brisbane,21.0,28.999999999999996,14.2,2.2,8.3,SE,43.0,SE,ESE,13.0,16.999999999999996,59.0,45.0,1019.9000000000001,1019.0,5.0,3.0,26.600000000000005,28.299999999999997,Yes,No
2011-02-13,Brisbane,20.7,30.8,0.0,6.4,10.4,E,22.0,WSW,ENE,6.0,11.0,65.0,59.0,1016.1,1013.1,5.0,3.0,26.4,28.900000000000002,No,No
2011-02-14,Brisbane,21.4,31.799999999999997,0.0,6.4,12.0,E,33.0,SE,E,11.0,16.999999999999996,61.0,48.0,1016.1,1014.3,5.0,3.0,27.799999999999997,30.5,No,No
2011-02-16,Brisbane,20.3,28.8,21.0,4.8,3.6,SE,30.0,S,S,6.0,2.0,79.0,84.0,1016.9,1014.4,5.0,6.0,25.4,24.7,Yes,Yes
2011-02-17,Brisbane,21.9,28.7,2.2,3.6,7.0,E,20.0,SSE,W,4.0,2.0,75.0,80.0,1014.6,1012.3,7.0,5.0,26.600000000000005,26.5,Yes,Yes
2011-02-18,Brisbane,21.0,31.300000000000004,19.0,4.4,11.7,E,24.000000000000004,SE,E,6.0,14.999999999999998,69.0,60.00000000000001,1013.7,1011.5,3.0,2.0,27.000000000000004,29.6,Yes,No
2011-02-19,Brisbane,22.1,31.899999999999995,0.0,8.0,12.2,ENE,20.0,E,ENE,6.0,9.0,68.0,56.0,1014.1,1011.4,4.0,1.0,28.200000000000003,30.3,No,No
2011-02-20,Brisbane,22.1,35.3,0.0,3.6,12.3,ENE,20.0,WSW,NE,4.0,9.0,55.0,51.0,1011.9,1007.3,0.0,1.0,28.699999999999996,33.6,No,No
2011-02-21,Brisbane,24.4,34.5,0.0,8.0,8.1,WNW,41.0,WNW,ENE,4.0,13.0,65.0,67.0,1008.1,1004.6,4.0,6.0,30.7,30.3,No,Yes
2011-02-22,Brisbane,21.9,28.4,68.8,10.6,9.1,SE,48.00000000000001,SSE,SE,22.0,16.999999999999996,59.0,55.0,1014.4,1014.5,5.0,7.0,25.8,26.0,Yes,No
2011-02-24,Brisbane,18.8,27.700000000000003,3.6000000000000005,6.6,9.0,SSE,30.0,S,ESE,4.0,11.0,63.0,53.99999999999999,1017.3,1014.4,6.0,5.0,23.9,27.000000000000004,Yes,No
2011-02-25,Brisbane,18.3,29.300000000000004,0.0,4.2,11.2,E,22.0,SW,ENE,4.0,11.0,61.0,56.0,1015.2,1012.4,2.0,2.0,25.5,27.900000000000002,No,No
2011-02-26,Brisbane,19.2,30.6,0.0,7.4,11.0,ENE,22.0,SW,ENE,4.0,11.0,63.0,49.00000000000001,1014.3,1010.9,2.0,1.0,26.0,28.499999999999996,No,No
2011-03-01,Brisbane,21.9,33.2,0.0,7.4,11.9,NNE,24.000000000000004,NW,NNE,4.0,9.0,61.0,53.99999999999999,1011.3,1008.1,1.0,1.0,27.900000000000002,32.2,No,Yes
2011-03-02,Brisbane,20.4,30.9,22.6,7.0,8.0,SSE,30.0,SW,E,7.0,11.0,78.0,55.0,1013.2,1010.2,6.0,1.0,25.9,30.399999999999995,Yes,Yes
2011-03-03,Brisbane,23.8,33.1,1.2,5.0,7.1,SSE,28.0,WSW,ENE,4.0,11.0,76.0,60.00000000000001,1012.0000000000001,1007.8,4.0,3.0,26.7,30.9,Yes,Yes
2011-03-04,Brisbane,22.6,25.0,23.4,1.2,0.0,SSE,17.0,SSE,SSE,2.0,9.0,90.99999999999999,87.0,1011.8,1009.0,8.0,8.0,23.1,24.1,Yes,Yes
2011-03-05,Brisbane,21.1,27.0,29.2,2.2,0.0,SE,41.0,SW,SSE,4.0,11.0,87.0,59.0,1014.2,1014.2,8.0,8.0,24.1,26.800000000000004,Yes,Yes
2011-03-06,Brisbane,19.2,27.399999999999995,1.4,5.0,8.2,SE,48.00000000000001,SE,SE,13.0,19.999999999999996,57.0,44.0,1020.5000000000001,1019.4,3.0,3.0,25.3,26.4,Yes,No
2011-03-07,Brisbane,18.5,27.5,0.4,6.6,9.5,ESE,33.0,SE,ESE,7.0,14.999999999999998,63.0,45.0,1020.4,1017.7,7.0,3.0,23.2,26.600000000000005,No,No
2011-03-08,Brisbane,18.1,27.0,0.8,6.2,10.0,ESE,33.0,NE,E,4.0,11.0,76.0,53.0,1018.7,1016.0,7.0,3.0,23.1,25.4,No,Yes
2011-03-10,Brisbane,19.7,27.600000000000005,0.2,6.8,4.7,NE,24.000000000000004,E,NE,4.0,9.0,60.0,58.0,1015.7,1013.2,6.0,7.0,26.4,27.200000000000003,No,No
2011-03-11,Brisbane,20.7,29.2,0.0,3.2,8.6,ENE,26.0,ENE,ENE,6.0,13.0,61.0,58.0,1016.5,1015.3,6.0,7.0,26.9,27.799999999999997,No,No
2011-03-12,Brisbane,21.2,28.9,0.2,5.6,7.9,E,30.0,ENE,ENE,11.0,13.0,64.0,58.0,1020.1,1018.7,6.0,6.0,27.4,27.599999999999998,No,No
2011-03-16,Brisbane,21.3,30.4,0.0,5.6,8.5,ENE,22.0,S,ENE,4.0,9.0,68.0,61.0,1018.1,1014.8,6.0,6.0,26.2,28.699999999999996,No,No
2011-03-18,Brisbane,21.8,28.7,0.0,5.0,0.2,ENE,15.0,WSW,ENE,6.0,2.0,76.0,62.0,1015.0,1011.2,7.0,7.0,24.4,27.900000000000002,No,Yes
2011-03-19,Brisbane,22.3,23.9,1.4,2.4,0.0,E,22.0,SE,SSE,7.0,6.0,80.0,92.00000000000001,1011.9,1008.4,8.0,8.0,23.6,21.7,Yes,Yes
2011-03-20,Brisbane,20.3,27.2,32.6,2.0,0.0,SE,26.0,SW,SE,2.0,7.000000000000001,94.0,78.0,1007.8,1004.2,8.0,8.0,22.399999999999995,25.5,Yes,Yes
2011-03-21,Brisbane,22.2,31.1,1.2,1.4,8.1,ENE,15.0,SW,ENE,4.0,9.0,70.0,68.0,1005.1,1001.9,5.0,5.0,26.9,28.6,Yes,No
2011-03-22,Brisbane,23.1,34.5,0.0,3.0,8.5,WNW,28.0,W,WNW,4.0,13.0,76.0,39.0,1003.1999999999999,1000.1,7.0,2.0,27.4,33.9,No,No
2011-03-23,Brisbane,19.6,32.4,0.0,5.4,11.6,W,30.0,WSW,WNW,6.0,11.0,48.00000000000001,40.0,1006.7,1003.4,1.0,3.0,27.999999999999996,31.8,No,No
2011-03-24,Brisbane,20.7,30.9,0.0,7.800000000000001,11.2,W,31.0,W,W,9.0,14.999999999999998,52.0,34.0,1009.8,1006.5,1.0,2.0,26.300000000000004,30.3,No,No
2011-03-25,Brisbane,16.3,29.9,0.0,7.800000000000001,8.6,W,37.0,SW,W,4.0,14.999999999999998,42.99999999999999,34.0,1011.6999999999999,1008.7,1.0,4.0,25.8,29.3,No,No
2011-03-26,Brisbane,19.1,28.7,0.0,8.0,10.7,SE,31.0,SSW,SE,4.0,13.0,56.0,48.0,1014.8,1013.8,3.0,3.0,25.7,27.4,No,No
2011-03-27,Brisbane,19.4,27.0,0.0,8.0,5.2,SE,41.0,S,SE,9.0,13.0,57.0,52.0,1020.0,1018.2,5.0,7.0,25.2,25.8,No,No
2011-03-28,Brisbane,18.1,26.800000000000004,0.0,7.2,4.8,SE,35.0,S,SE,6.0,13.0,59.0,69.0,1022.6,1020.6,4.0,6.0,24.7,23.8,No,Yes
2011-03-29,Brisbane,19.2,26.6,6.0,3.2,0.9,E,28.0,SSW,E,2.0,13.0,75.0,52.0,1022.3,1019.7,7.0,8.0,24.2,25.5,Yes,Yes
2011-03-31,Brisbane,19.3,27.600000000000005,16.0,1.0,6.6,WSW,22.0,SW,E,2.0,9.0,79.0,70.0,1020.0,1017.6,7.0,7.0,22.8,25.4,Yes,No
2011-05-01,Brisbane,14.699999999999998,27.1,0.2,3.4,10.1,W,20.0,WSW,S,6.0,6.0,66.0,37.0,1015.3,1011.5,0.0,1.0,20.8,26.300000000000004,No,No
2011-05-02,Brisbane,14.1,27.600000000000005,0.0,3.0,10.1,E,17.0,SSW,ENE,4.0,4.0,66.0,47.0,1015.6,1012.2,1.0,3.0,20.9,25.7,No,No
2011-05-04,Brisbane,14.799999999999999,25.3,19.6,3.4,8.8,WSW,20.0,SW,SSE,6.0,6.0,72.0,47.0,1014.0,1011.5,1.0,3.0,19.6,24.4,Yes,No
2011-05-05,Brisbane,14.199999999999998,25.6,0.2,3.4,8.8,SSE,26.0,WSW,SW,6.0,7.000000000000001,61.0,45.0,1016.3,1014.5,1.0,3.0,20.1,25.4,No,No
2011-05-06,Brisbane,14.299999999999999,24.9,0.0,4.0,9.6,SW,19.0,SW,W,7.0,6.0,53.00000000000001,43.0,1020.4,1016.5,6.0,6.0,19.6,23.3,No,No
2011-05-07,Brisbane,12.3,25.0,0.0,4.0,10.0,W,13.0,SW,W,6.0,4.0,67.0,38.0,1018.3,1014.3,1.0,3.0,18.1,24.0,No,No
2011-05-09,Brisbane,16.2,18.9,5.6,2.0,0.1,SSW,17.0,SW,W,4.0,4.0,90.0,84.0,1013.4,1009.7,8.0,7.0,16.8,16.6,Yes,Yes
2011-05-10,Brisbane,13.199999999999998,22.5,3.7999999999999994,1.6,10.1,WSW,31.0,WSW,W,11.0,13.0,69.0,47.0,1011.8,1009.8,2.0,2.0,16.9,20.8,Yes,No
2011-05-11,Brisbane,10.3,21.5,0.0,3.4,10.2,WNW,35.0,W,WNW,4.0,13.0,49.0,32.0,1014.7,1010.9,0.0,0.0,18.0,21.2,No,No
2011-05-12,Brisbane,11.8,21.7,0.0,5.4,10.2,W,41.0,WSW,W,11.0,16.999999999999996,44.0,36.0,1014.9,1010.6,1.0,1.0,16.4,21.2,No,No
2011-05-13,Brisbane,7.8999999999999995,22.9,0.0,5.6,10.3,W,22.0,SW,SW,6.0,7.000000000000001,47.0,35.0,1016.6,1012.2,0.0,1.0,16.2,22.3,No,No
2011-05-14,Brisbane,8.2,23.0,0.0,4.0,10.3,W,28.0,SW,WSW,6.0,6.0,48.00000000000001,31.0,1016.2,1014.4,2.0,2.0,18.3,22.7,No,No
2011-05-15,Brisbane,11.5,23.2,0.0,4.0,10.0,SW,19.0,SW,S,6.0,4.0,42.99999999999999,32.0,1026.0,1024.5,1.0,2.0,16.5,22.2,No,No
2011-05-16,Brisbane,10.5,23.7,0.0,4.4,8.1,W,17.0,SW,NNW,6.0,2.0,59.0,79.0,1029.5,1026.0,2.0,5.0,17.4,18.7,No,No
2011-05-17,Brisbane,11.2,24.9,0.4,3.2,8.1,ESE,19.0,SW,ESE,4.0,9.0,75.0,53.0,1027.7,1024.2,1.0,2.0,16.6,22.2,No,No
2011-05-18,Brisbane,12.1,23.8,0.2,4.0,7.299999999999999,SE,28.0,SW,SE,4.0,9.0,64.0,51.0,1028.6,1025.7,3.0,5.0,18.0,22.7,No,No
2011-05-19,Brisbane,14.5,22.5,0.2,3.0,6.5,SSE,28.0,SSW,SE,4.0,6.0,77.0,87.0,1028.3,1026.2,5.0,7.0,18.6,19.3,No,Yes
2011-05-20,Brisbane,14.199999999999998,24.1,4.2,3.0,8.9,ESE,24.000000000000004,SSW,E,4.0,7.000000000000001,73.0,56.99999999999999,1027.0,1023.9000000000001,1.0,6.0,18.9,22.4,Yes,No
2011-05-21,Brisbane,14.1,23.2,0.4,3.0,4.5,E,22.0,WSW,SE,4.0,9.0,85.0,77.0,1025.7,1022.1999999999999,7.0,4.0,17.0,21.1,No,Yes
2011-05-22,Brisbane,17.0,24.5,10.8,2.2,4.7,E,15.0,SW,ENE,4.0,7.000000000000001,89.0,64.0,1022.9,1017.9,7.0,7.0,18.7,23.1,Yes,No
2011-05-24,Brisbane,14.1,22.6,11.4,0.8,9.7,W,31.0,W,W,9.0,9.0,63.0,42.0,1009.3,1005.4,1.0,3.0,18.9,22.1,Yes,No
2011-05-25,Brisbane,11.7,19.4,0.0,5.6,10.1,W,44.0,W,W,11.0,14.999999999999998,61.0,46.00000000000001,1009.6,1006.5,1.0,1.0,16.0,19.2,No,No
2011-05-26,Brisbane,11.0,22.2,0.0,6.0,9.6,WSW,24.000000000000004,WSW,W,7.0,7.000000000000001,55.0,43.0,1013.4,1012.2,1.0,2.0,16.4,21.1,No,No
2011-05-27,Brisbane,9.6,23.7,0.0,3.2,9.8,SW,19.0,SW,WSW,6.0,4.0,64.0,39.0,1018.8,1015.8,1.0,1.0,16.3,22.6,No,No
2011-05-28,Brisbane,10.4,22.8,0.0,3.0,5.5,SE,15.0,SW,E,6.0,6.0,71.0,59.0,1021.5,1019.2,1.0,7.0,15.6,20.8,No,No
2011-05-29,Brisbane,14.400000000000002,23.1,0.0,2.8,7.499999999999999,ESE,24.000000000000004,SSW,E,4.0,13.0,69.0,64.0,1023.0,1018.8,4.0,5.0,17.9,20.7,No,Yes
2011-05-30,Brisbane,14.400000000000002,22.7,12.0,2.0,8.3,WSW,22.0,SW,WSW,4.0,4.0,87.0,51.0,1018.1,1013.7,4.0,4.0,16.4,21.9,Yes,No
2011-05-31,Brisbane,10.4,19.9,0.2,2.0,7.9,ESE,19.0,SW,WSW,6.0,6.0,76.0,56.0,1015.2,1012.7,5.0,6.0,14.3,19.6,No,No
2011-06-02,Brisbane,12.5,24.0,0.0,0.4,7.4,SW,26.0,SW,SSW,7.0,7.000000000000001,72.0,53.99999999999999,1017.6,1015.4,1.0,6.0,18.6,22.2,No,No
2011-06-03,Brisbane,13.400000000000002,23.9,0.0,3.4,9.8,WSW,19.0,WSW,W,9.0,9.0,59.0,44.0,1018.6,1015.2,0.0,1.0,18.6,23.2,No,No
2011-06-04,Brisbane,10.5,24.3,0.0,2.8,9.8,WNW,19.0,W,WNW,4.0,7.000000000000001,73.0,40.0,1018.9,1015.2,0.0,2.0,15.1,23.5,No,No
2011-06-05,Brisbane,11.1,22.8,0.0,2.8,2.1,WSW,13.0,SW,W,4.0,6.0,80.0,49.00000000000001,1018.9,1014.7,7.0,6.0,14.499999999999998,21.9,No,No
2011-06-06,Brisbane,10.6,25.8,0.0,4.0,10.1,W,20.0,SW,WNW,2.0,6.0,69.0,39.0,1017.4,1014.5,1.0,2.0,17.9,25.1,No,No
2011-06-09,Brisbane,12.2,12.6,0.0,2.8,0.0,W,22.0,W,W,7.0,7.000000000000001,42.0,45.0,1017.4,1014.9,7.0,7.0,12.4,12.0,No,No
2011-06-10,Brisbane,6.8,20.4,0.0,3.4,9.2,W,28.0,WSW,W,7.0,6.0,51.0,33.0,1017.8,1015.9,1.0,2.0,12.4,19.6,No,No
2011-06-11,Brisbane,9.5,15.499999999999998,0.0,2.4,0.0,WSW,17.0,WSW,WSW,4.0,4.0,68.0,65.0,1020.6,1017.8,8.0,8.0,12.1,15.3,No,Yes
2011-06-12,Brisbane,12.1,18.8,3.7999999999999994,0.4,1.7,SW,26.0,SW,WSW,4.0,11.0,93.0,79.0,1016.9,1014.0,8.0,7.0,14.100000000000001,17.0,Yes,No
2011-06-13,Brisbane,12.5,22.5,0.2,3.2,9.5,WSW,28.0,WSW,SSW,9.0,6.0,70.0,53.99999999999999,1014.2,1010.3,3.0,2.0,16.5,21.9,No,No
2011-06-14,Brisbane,9.6,20.1,0.0,3.6,9.8,W,33.0,W,WNW,13.0,14.999999999999998,66.0,53.99999999999999,1012.1,1009.8,1.0,4.0,16.1,19.1,No,No
2011-06-16,Brisbane,7.7,22.0,0.0,2.2,9.5,WSW,30.0,W,WSW,11.0,9.0,65.0,48.0,1015.6,1012.5,1.0,2.0,15.0,20.7,No,No
2011-06-17,Brisbane,8.0,21.7,0.0,3.4,10.2,W,43.0,WSW,W,4.0,11.0,60.0,43.0,1014.1,1009.3,1.0,2.0,17.4,21.1,No,No
2011-06-18,Brisbane,8.5,20.3,0.0,5.8,9.7,W,35.0,WSW,W,9.0,16.999999999999996,45.0,33.0,1013.6,1010.5,1.0,1.0,15.1,19.7,No,No
2011-06-19,Brisbane,7.7,20.1,0.0,5.0,9.1,WSW,19.0,WSW,WSW,7.0,4.0,58.00000000000001,41.0,1017.5,1015.2,0.0,0.0,13.500000000000002,19.5,No,No
2011-06-22,Brisbane,8.2,18.5,0.0,3.6,9.9,WSW,37.0,W,W,11.0,13.0,58.00000000000001,30.000000000000004,1015.9,1013.8,1.0,0.0,14.8,18.0,No,No
2011-06-23,Brisbane,6.0,20.5,0.0,6.4,9.9,WSW,17.0,SW,WNW,6.0,6.0,57.0,33.0,1020.4,1018.1,0.0,0.0,12.7,20.1,No,No
2011-06-24,Brisbane,7.7,23.1,0.0,3.0,9.6,SW,17.0,SW,SSE,4.0,4.0,63.0,45.0,1025.5,1022.9999999999999,1.0,2.0,13.600000000000001,23.0,No,No
2011-06-25,Brisbane,12.3,22.5,0.2,2.8,9.4,E,30.0,SSW,ESE,6.0,13.0,69.0,48.0,1028.5,1025.9,1.0,1.0,17.0,20.9,No,No
2011-06-26,Brisbane,13.0,22.7,0.0,3.6,9.1,NE,24.000000000000004,WSW,ESE,6.0,7.000000000000001,69.0,56.0,1028.4,1024.9,2.0,1.0,16.8,20.5,No,No
2011-06-27,Brisbane,12.5,22.6,0.0,2.8,0.1,WSW,13.0,WSW,NE,2.0,4.0,77.0,47.0,1027.3,1024.3,7.0,6.0,15.0,21.3,No,No
2011-06-28,Brisbane,12.0,22.4,0.0,2.2,8.8,E,30.0,SSW,SE,6.0,11.0,62.0,58.0,1029.3,1026.8,1.0,3.0,16.6,20.3,No,No
2011-06-29,Brisbane,13.8,19.3,0.0,3.6,4.1,ESE,37.0,SSE,SE,9.0,13.0,74.0,67.0,1030.6,1028.8,7.0,7.0,16.4,18.9,No,Yes
2011-06-30,Brisbane,12.3,20.8,6.4,1.8,4.9,SSE,37.0,SW,SSE,4.0,13.0,82.0,53.0,1031.1,1027.6,5.0,4.0,15.3,19.5,Yes,No
2011-07-01,Brisbane,11.4,21.6,0.2,3.0,8.8,SE,22.0,SW,SSE,7.0,7.000000000000001,70.0,48.0,1026.5,1022.7,2.0,6.0,15.9,21.0,No,No
2011-07-02,Brisbane,11.3,22.1,0.0,2.8,8.7,SE,24.000000000000004,WSW,SW,7.0,2.0,71.0,47.0,1024.6,1021.0,6.0,2.0,15.8,21.1,No,No
2011-07-03,Brisbane,12.3,20.9,0.0,3.0,1.2,WSW,15.0,SW,NE,4.0,6.0,72.0,63.00000000000001,1023.4,1021.0,7.0,7.0,15.9,19.2,No,No
2011-07-04,Brisbane,10.6,23.5,0.0,2.8,9.5,W,19.0,SW,WNW,4.0,7.000000000000001,79.0,39.0,1022.5,1017.2,0.0,1.0,14.8,23.0,No,No
2011-07-05,Brisbane,11.1,22.3,0.0,2.6,10.2,W,43.0,W,W,9.0,16.999999999999996,55.0,26.999999999999996,1017.3,1013.0,1.0,0.0,19.5,21.6,No,No
2011-07-06,Brisbane,7.200000000000001,21.4,0.0,8.2,9.9,WSW,31.0,WSW,W,11.0,13.0,35.0,26.0,1016.2,1012.8,0.0,0.0,16.3,20.9,No,No
2011-07-07,Brisbane,7.3999999999999995,20.9,0.0,6.2,9.9,W,39.0,WSW,W,4.0,13.0,36.0,32.0,1017.9,1015.9,0.0,1.0,17.2,20.6,No,No
2011-07-08,Brisbane,6.5,20.8,0.0,5.0,9.7,WNW,22.0,SW,SW,4.0,4.0,53.00000000000001,32.0,1024.4,1020.8,1.0,1.0,13.999999999999998,20.3,No,No
2011-07-09,Brisbane,9.0,20.0,0.0,4.0,10.1,W,33.0,W,W,13.0,14.999999999999998,41.0,28.0,1020.8,1016.9,0.0,0.0,13.7,19.7,No,No
2011-07-10,Brisbane,6.8,19.2,0.0,6.0,10.0,WSW,33.0,SW,WNW,6.0,11.0,47.0,29.0,1019.2,1015.1,0.0,0.0,12.1,19.0,No,No
2011-07-11,Brisbane,10.0,21.9,0.0,7.2,9.9,W,35.0,W,WNW,9.0,9.0,42.0,29.0,1018.9,1017.8,5.0,2.0,14.699999999999998,20.7,No,No
2011-07-12,Brisbane,6.700000000000001,21.6,0.0,5.0,9.9,NNE,15.0,SW,SW,4.0,2.0,62.0,36.0,1024.9,1021.2,1.0,0.0,11.6,21.3,No,No
2011-07-13,Brisbane,5.6,23.5,0.0,2.4,9.6,W,20.0,SW,WSW,2.0,4.0,63.0,21.0,1022.2,1018.5,7.0,3.0,11.7,23.0,No,No
2011-07-16,Brisbane,12.0,16.4,10.8,2.6,0.6,SSE,22.0,SSW,S,4.0,4.0,90.99999999999999,77.0,1028.1,1024.1,8.0,7.0,13.1,15.9,Yes,No
2011-07-17,Brisbane,12.2,21.8,1.0,1.2,7.8,SSE,17.0,SW,SSE,6.0,2.0,74.0,58.0,1022.8,1019.0,1.0,3.0,15.6,20.6,No,No
2011-07-18,Brisbane,10.1,23.4,0.2,2.6,9.9,SW,19.0,SW,WSW,6.0,6.0,80.0,40.0,1019.4,1015.2,1.0,3.0,14.8,23.2,No,No
2011-07-19,Brisbane,8.3,19.6,0.0,3.2,10.2,WSW,37.0,W,W,7.0,16.999999999999996,60.0,30.000000000000004,1016.7,1012.4,1.0,0.0,15.6,18.9,No,No
2011-07-20,Brisbane,10.0,18.0,0.0,6.0,10.0,W,43.0,W,W,13.0,19.999999999999996,56.0,49.00000000000001,1012.0000000000001,1009.3,1.0,1.0,13.500000000000002,17.2,No,No
2011-07-21,Brisbane,10.8,23.2,0.0,6.2,10.0,W,30.0,WSW,WNW,7.0,14.999999999999998,51.0,34.0,1012.0000000000001,1008.2,0.0,1.0,17.6,22.8,No,No
2011-07-22,Brisbane,12.3,23.6,0.0,6.2,10.0,SSW,30.0,WSW,SSW,9.0,9.0,51.0,40.0,1012.1,1009.4,1.0,1.0,17.2,22.6,No,No
2011-07-23,Brisbane,11.4,22.1,0.0,4.0,9.8,SSW,24.000000000000004,WSW,SW,7.0,7.000000000000001,54.0,35.0,1014.8,1013.4,1.0,3.0,16.5,20.8,No,No
2011-07-24,Brisbane,8.4,21.3,0.0,4.8,9.8,WSW,17.0,SW,WNW,4.0,7.000000000000001,56.0,34.0,1019.3000000000001,1016.5,0.0,2.0,14.699999999999998,20.1,No,No
2011-07-25,Brisbane,7.7,22.2,0.0,2.4,10.1,WSW,19.0,SW,WSW,4.0,4.0,67.0,30.000000000000004,1021.4,1018.2,0.0,1.0,12.4,22.0,No,No
2011-07-26,Brisbane,7.5,24.1,0.2,3.6,7.6,W,22.0,SW,WNW,4.0,6.0,62.0,28.0,1024.1,1019.9,3.0,6.0,13.0,22.2,No,No
2011-07-27,Brisbane,8.8,22.9,0.0,3.2,9.7,WSW,22.0,SW,W,2.0,6.0,56.0,30.000000000000004,1025.4,1022.5,1.0,2.0,15.5,22.4,No,No
2011-07-28,Brisbane,7.200000000000001,21.5,0.0,4.0,9.7,SSE,20.0,SSW,SE,6.0,7.000000000000001,59.0,42.0,1027.9,1024.1,1.0,2.0,13.799999999999999,21.4,No,No
2011-07-29,Brisbane,10.8,21.8,0.0,4.0,8.2,E,26.0,SW,ESE,7.0,9.0,63.0,49.00000000000001,1026.5,1023.2,3.0,4.0,15.5,20.4,No,No
2011-07-30,Brisbane,10.1,21.4,0.0,3.2,8.5,ENE,30.0,SW,ESE,4.0,11.0,67.0,52.0,1024.7,1021.4999999999999,2.0,5.0,15.199999999999998,19.1,No,No
2011-07-31,Brisbane,9.0,22.4,0.0,4.0,8.7,ESE,20.0,SW,E,6.0,7.000000000000001,69.0,49.00000000000001,1023.8,1020.1,1.0,3.0,14.699999999999998,19.2,No,No
2011-08-01,Brisbane,8.8,23.0,0.0,3.4,10.0,E,19.0,SSW,ENE,4.0,7.000000000000001,72.0,40.0,1024.5,1021.0,1.0,1.0,14.599999999999998,21.6,No,No
2011-08-02,Brisbane,9.8,23.2,0.0,3.4,9.8,E,17.0,SW,ENE,4.0,7.000000000000001,74.0,50.0,1025.3,1022.1999999999999,1.0,1.0,14.8,21.7,No,No
2011-08-03,Brisbane,9.7,22.9,0.0,3.2,10.0,E,24.000000000000004,SW,ESE,4.0,9.0,73.0,43.0,1026.4,1024.0,1.0,2.0,15.5,21.7,No,No
2011-08-04,Brisbane,9.1,21.9,0.0,4.0,9.9,E,22.0,SW,E,4.0,11.0,72.0,50.0,1029.1,1026.9,1.0,2.0,15.4,19.9,No,No
2011-08-05,Brisbane,10.3,21.7,0.0,3.6,4.8,E,30.0,WSW,ENE,6.0,9.0,67.0,53.0,1028.9,1025.8,6.0,5.0,16.6,21.4,No,No
2011-08-06,Brisbane,9.5,23.5,0.0,2.8,9.0,NE,20.0,WSW,NNE,6.0,6.0,73.0,49.00000000000001,1026.2,1021.4,1.0,4.0,15.4,21.9,No,No
2011-08-07,Brisbane,13.900000000000002,24.8,0.0,2.8,7.299999999999999,NE,19.0,SW,NE,4.0,9.0,65.0,53.99999999999999,1020.9,1016.0,3.0,2.0,18.7,22.6,No,No
2011-08-08,Brisbane,12.900000000000002,23.9,0.0,4.0,10.1,W,31.0,W,WNW,13.0,9.0,61.0,31.0,1014.1,1009.2,6.0,2.0,18.6,23.4,No,No
2011-08-09,Brisbane,5.3,22.1,0.0,6.4,10.2,W,37.0,WNW,WNW,6.0,14.999999999999998,44.0,24.0,1012.5,1008.0,1.0,3.0,16.4,21.4,No,No
2011-08-10,Brisbane,5.6,22.8,0.0,6.0,10.1,WNW,33.0,NNE,W,4.0,13.0,45.0,25.0,1012.4,1007.4,0.0,1.0,16.4,22.3,No,No
2011-08-11,Brisbane,9.7,21.0,0.0,4.6,4.5,ENE,17.0,WSW,NE,6.0,9.0,59.0,53.0,1010.4,1006.6,6.0,7.0,13.2,19.0,No,No
2011-08-12,Brisbane,9.2,22.7,0.0,2.2,10.3,W,20.0,SW,WNW,6.0,4.0,53.00000000000001,25.0,1015.7,1013.6,0.0,1.0,15.1,22.6,No,No
2011-08-13,Brisbane,9.1,22.5,0.0,4.0,10.8,ESE,22.0,WSW,ENE,7.0,11.0,59.0,48.0,1023.2,1020.4,1.0,3.0,15.9,21.1,No,No
2011-08-14,Brisbane,11.0,22.4,0.0,4.0,7.299999999999999,WSW,20.0,SW,ENE,4.0,7.000000000000001,78.0,53.99999999999999,1025.1,1021.4,5.0,6.0,14.499999999999998,19.3,No,Yes
2011-08-15,Brisbane,9.5,22.5,2.2,3.7999999999999994,10.4,NE,19.0,SW,NE,6.0,7.000000000000001,74.0,45.0,1024.2,1019.5,1.0,3.0,14.399999999999999,20.9,Yes,No
2011-08-16,Brisbane,10.5,23.6,0.0,4.0,10.5,E,24.000000000000004,SW,ENE,7.0,9.0,67.0,53.99999999999999,1021.6,1017.5,2.0,3.0,16.2,21.1,No,No
2011-08-17,Brisbane,11.4,21.8,0.0,4.0,4.9,ENE,22.0,SW,NE,4.0,6.0,70.0,60.00000000000001,1020.5000000000001,1017.8,3.0,6.0,16.3,19.1,No,No
2011-08-18,Brisbane,13.8,21.8,0.0,3.4,5.6,W,43.0,NE,W,4.0,16.999999999999996,80.99999999999999,34.0,1015.0,1012.3,6.0,1.0,16.2,21.3,No,No
2011-08-19,Brisbane,6.0,21.4,0.0,4.6,10.8,W,33.0,WSW,WSW,9.0,11.0,42.0,33.0,1017.9,1014.6,1.0,2.0,16.1,21.1,No,No
2011-08-20,Brisbane,8.7,22.2,0.0,5.2,7.8,S,26.0,SW,S,7.0,9.0,55.0,50.0,1021.6,1018.8,1.0,7.0,15.4,20.0,No,Yes
2011-08-21,Brisbane,12.1,21.5,3.0,4.4,1.9,SE,37.0,SSW,SE,6.0,16.999999999999996,89.0,51.0,1026.4,1024.2,8.0,7.0,13.2,19.9,Yes,Yes
2011-08-22,Brisbane,12.400000000000002,21.2,8.0,5.8,8.3,SE,48.00000000000001,SW,SSE,6.0,19.999999999999996,70.0,49.00000000000001,1028.2,1026.1,6.0,5.0,16.0,20.3,Yes,Yes
2011-08-23,Brisbane,13.900000000000002,21.6,15.199999999999998,3.2,6.6,ESE,44.0,SW,ESE,4.0,11.0,88.0,74.0,1026.9,1024.2,3.0,5.0,17.0,20.0,Yes,Yes
2011-08-24,Brisbane,13.400000000000002,22.3,6.8,3.6,5.2,SSE,35.0,SSW,SE,6.0,14.999999999999998,66.0,55.0,1025.7,1022.7,7.0,7.0,17.8,20.6,Yes,No
2011-08-25,Brisbane,14.199999999999998,23.0,0.0,4.0,6.1,SSE,24.000000000000004,SW,ESE,7.0,9.0,61.0,64.0,1025.0,1022.4000000000001,7.0,4.0,19.0,21.2,No,No
2011-08-26,Brisbane,13.199999999999998,22.1,0.0,4.0,5.2,E,20.0,SW,E,6.0,13.0,69.0,65.0,1025.2,1021.7,1.0,7.0,19.3,21.6,No,Yes
2011-08-27,Brisbane,16.1,20.3,5.2,4.0,0.0,NE,22.0,E,ENE,7.0,7.000000000000001,94.0,93.0,1021.9,1015.7,8.0,8.0,17.9,18.9,Yes,Yes
2011-08-28,Brisbane,15.4,24.9,23.599999999999998,2.0,8.4,W,20.0,WSW,ENE,7.0,6.0,69.0,56.0,1019.7,1016.5,5.0,4.0,19.4,22.5,Yes,No
2011-08-29,Brisbane,13.699999999999998,25.4,0.0,2.6,10.2,E,19.0,SW,NE,4.0,7.000000000000001,73.0,53.99999999999999,1020.7,1017.3,1.0,3.0,19.0,24.2,No,No
2011-08-30,Brisbane,15.9,22.5,0.0,3.6,2.8,NE,28.0,W,ENE,2.0,7.000000000000001,76.0,62.0,1020.8,1017.0,7.0,7.0,17.8,21.2,No,Yes
2011-08-31,Brisbane,12.5,24.2,12.8,2.8,10.9,E,20.0,SW,ENE,7.0,9.0,80.0,52.0,1022.7,1019.4,1.0,1.0,16.1,22.3,Yes,No
2011-09-01,Brisbane,12.8,23.9,0.0,3.6,10.8,E,22.0,SSW,NE,2.0,9.0,69.0,45.0,1024.0,1019.8,1.0,2.0,18.4,22.8,No,No
2011-09-02,Brisbane,13.1,23.8,0.0,3.6,9.9,ESE,31.0,SSW,ESE,4.0,13.0,69.0,53.99999999999999,1025.1,1022.9,1.0,5.0,19.4,20.6,No,No
2011-09-03,Brisbane,11.8,22.1,0.0,5.6,9.2,SE,30.0,SSW,ESE,6.0,11.0,58.00000000000001,40.0,1029.2,1026.0,3.0,6.0,18.3,21.4,No,No
2011-09-04,Brisbane,12.6,21.6,0.0,5.8,8.3,SE,24.000000000000004,SSW,E,4.0,11.0,57.0,53.0,1029.0,1025.7,6.0,3.0,17.8,20.2,No,No
2011-09-05,Brisbane,13.400000000000002,22.5,0.4,3.7999999999999994,9.2,E,33.0,SSW,E,4.0,14.999999999999998,72.0,42.0,1028.5,1024.6,3.0,2.0,18.7,21.4,No,No
2011-09-06,Brisbane,12.2,23.5,0.2,5.0,10.0,ENE,22.0,WSW,E,4.0,11.0,62.0,56.0,1024.6,1019.9,4.0,4.0,18.5,21.7,No,No
2011-09-07,Brisbane,12.6,25.3,0.0,3.4,10.6,ENE,22.0,SW,NE,7.0,9.0,73.0,43.0,1020.8,1017.4,1.0,1.0,18.8,24.2,No,No
2011-09-08,Brisbane,12.7,25.2,0.0,4.8,11.0,ENE,26.0,W,NE,4.0,11.0,65.0,44.0,1020.6,1016.2,1.0,8.0,19.8,24.0,No,No
2011-09-09,Brisbane,15.199999999999998,22.7,0.0,5.0,2.0,WNW,37.0,N,SW,7.0,7.000000000000001,67.0,80.0,1012.6000000000001,1008.4,6.0,7.0,19.7,14.499999999999998,No,Yes
2011-09-10,Brisbane,10.7,19.6,14.6,4.2,11.2,W,46.0,W,W,19.0,22.0,50.0,28.0,1013.4,1010.1,1.0,1.0,13.799999999999999,19.0,Yes,No
2011-09-11,Brisbane,7.0,22.9,0.0,9.2,11.2,WSW,31.0,W,W,13.0,13.0,42.0,26.999999999999996,1017.2,1012.8,0.0,1.0,15.8,22.6,No,No
2011-09-12,Brisbane,8.8,21.6,0.0,7.4,8.3,ENE,26.0,SSW,NE,6.0,6.0,42.0,38.0,1021.0,1020.0,1.0,7.0,17.7,19.0,No,No
2011-09-13,Brisbane,11.4,22.2,0.0,4.6,9.6,E,24.000000000000004,S,ENE,6.0,9.0,55.0,52.0,1027.8,1024.5,3.0,2.0,18.4,20.2,No,No
2011-09-14,Brisbane,9.7,26.2,0.0,4.8,10.8,WNW,24.000000000000004,SSW,NNE,4.0,7.000000000000001,59.0,36.0,1027.1,1021.4999999999999,0.0,0.0,18.7,24.9,No,No
2011-09-15,Brisbane,10.2,27.700000000000003,0.0,6.0,11.3,NE,20.0,SW,ENE,6.0,9.0,49.0,21.0,1024.2,1019.4,0.0,1.0,18.9,25.8,No,No
2011-09-16,Brisbane,10.3,29.399999999999995,0.0,5.4,11.3,W,20.0,SW,NE,2.0,6.0,42.99999999999999,21.0,1021.4,1016.2,0.0,1.0,20.2,28.499999999999996,No,No
2011-09-17,Brisbane,11.2,31.6,0.0,5.6,11.0,NNE,17.0,SW,NNE,2.0,7.000000000000001,44.0,23.000000000000004,1019.8,1016.1,0.0,0.0,21.7,30.5,No,No
2011-09-18,Brisbane,13.900000000000002,32.3,0.0,5.8,10.6,NE,19.0,WSW,NE,4.0,7.000000000000001,47.0,25.0,1021.1,1017.2,0.0,0.0,21.7,30.2,No,No
2011-09-19,Brisbane,13.900000000000002,30.6,0.0,5.2,10.6,ENE,24.000000000000004,SSW,ENE,4.0,11.0,48.00000000000001,28.0,1021.2,1016.6,0.0,0.0,21.8,28.400000000000002,No,No
2011-09-20,Brisbane,13.6,26.3,0.0,4.4,10.3,NNE,31.0,ENE,NE,4.0,9.0,55.0,56.99999999999999,1018.1,1012.7,0.0,8.0,21.9,23.9,No,No
2011-09-21,Brisbane,15.799999999999999,25.1,0.0,5.0,11.2,E,31.0,SE,E,15.0,14.999999999999998,56.0,46.00000000000001,1019.2,1017.1,2.0,1.0,22.5,23.6,No,No
2011-09-22,Brisbane,14.199999999999998,24.7,0.0,7.2,11.0,ESE,26.0,ESE,ENE,6.0,13.0,55.0,45.0,1024.7,1021.3000000000001,3.0,1.0,21.9,23.3,No,No
2011-09-23,Brisbane,12.3,25.7,0.0,6.2,10.7,ENE,22.0,W,NE,4.0,9.0,58.00000000000001,51.0,1022.8,1017.8,1.0,1.0,20.5,24.3,No,No
2011-09-24,Brisbane,14.799999999999999,26.4,0.0,5.2,9.9,N,24.000000000000004,WNW,NNE,2.0,9.0,65.0,52.0,1020.1999999999999,1016.0,7.0,2.0,21.0,24.9,No,No
2011-09-25,Brisbane,17.5,26.1,0.2,6.4,9.4,NE,28.0,NW,NE,11.0,13.0,62.0,66.0,1015.4,1009.0,4.0,5.0,22.3,23.1,No,No
2011-09-26,Brisbane,13.5,23.8,0.0,4.8,8.2,SE,28.0,SSW,SE,6.0,9.0,53.00000000000001,55.0,1017.4,1015.6,2.0,7.0,20.6,21.6,No,No
2011-09-27,Brisbane,13.1,23.3,0.0,4.8,11.2,E,24.000000000000004,S,ESE,6.0,11.0,54.0,47.0,1021.7,1018.2,1.0,2.0,20.8,22.3,No,No
2011-09-28,Brisbane,12.400000000000002,22.6,0.0,5.8,3.1,NE,19.0,WSW,ENE,2.0,6.0,57.0,53.99999999999999,1020.0,1016.5,7.0,7.0,20.0,21.1,No,No
2011-09-29,Brisbane,16.9,22.1,0.0,4.0,3.1,NNW,28.0,N,NNW,4.0,9.0,69.0,66.0,1013.2,1006.7,8.0,2.0,18.5,21.4,No,Yes
2011-09-30,Brisbane,9.9,26.3,3.2,3.7999999999999994,11.6,WNW,39.0,WSW,W,15.0,14.999999999999998,30.0,21.0,1011.0,1006.2,0.0,0.0,20.9,25.4,Yes,No
2011-10-01,Brisbane,12.0,27.399999999999995,0.0,8.0,9.4,W,44.0,WSW,WSW,6.0,14.999999999999998,55.0,23.000000000000004,1006.0,1001.9,1.0,3.0,18.9,25.5,No,No
2011-10-02,Brisbane,12.400000000000002,22.5,0.0,9.4,11.5,W,48.00000000000001,WSW,WSW,15.0,19.999999999999996,40.0,30.000000000000004,1010.5,1009.0,1.0,5.0,17.9,20.8,No,No
2011-10-03,Brisbane,13.3,22.6,0.0,9.6,6.0,SSE,28.0,S,NE,9.0,4.0,50.0,72.0,1018.1,1016.5,2.0,7.0,20.0,17.9,No,Yes
2011-10-04,Brisbane,10.6,24.7,6.0,5.2,11.4,SSE,28.0,WSW,ENE,6.0,13.0,53.00000000000001,44.0,1022.0,1018.1,0.0,1.0,18.3,22.1,Yes,No
2011-10-05,Brisbane,12.2,22.6,0.2,5.8,7.299999999999999,E,19.0,SSE,E,6.0,6.0,56.0,52.0,1021.9,1017.4,7.0,7.0,19.6,21.1,No,Yes
2011-10-07,Brisbane,15.9,26.3,5.4,2.4,8.4,W,20.0,SW,N,4.0,6.0,68.0,51.0,1014.0,1009.3,4.0,3.0,21.3,25.600000000000005,Yes,Yes
2011-10-08,Brisbane,15.5,24.7,14.6,6.4,3.6,WSW,43.0,WSW,WNW,13.0,9.0,93.0,46.00000000000001,1011.6,1005.9,8.0,7.0,15.6,23.6,Yes,Yes
2011-10-09,Brisbane,12.7,29.1,1.4,1.4,11.1,W,33.0,S,W,4.0,9.0,53.00000000000001,29.0,1010.9,1005.6,1.0,7.0,23.1,28.299999999999997,Yes,No
2011-10-10,Brisbane,14.799999999999999,25.8,0.0,5.4,5.1,W,19.0,SW,SW,6.0,6.0,67.0,39.0,1012.0000000000001,1008.4,7.0,4.0,18.5,25.1,No,No
2011-10-11,Brisbane,14.199999999999998,27.700000000000003,0.0,3.7999999999999994,11.8,NE,28.0,N,N,2.0,7.000000000000001,52.0,44.0,1012.8,1008.3,2.0,2.0,23.4,26.0,No,No
2011-10-12,Brisbane,15.700000000000001,27.600000000000005,0.0,5.8,10.9,ENE,24.000000000000004,SE,ENE,6.0,13.0,65.0,59.0,1015.2,1012.1,5.0,1.0,22.9,25.5,No,No
2011-10-13,Brisbane,18.5,27.299999999999997,0.0,4.0,6.8,E,30.0,E,NE,9.0,13.0,69.0,63.00000000000001,1019.2,1016.1,7.0,7.0,24.1,25.1,No,Yes
2011-10-14,Brisbane,17.1,26.900000000000002,30.799999999999997,8.6,7.8,E,24.000000000000004,S,E,2.0,13.0,78.0,62.0,1017.8,1013.1,7.0,2.0,21.4,25.7,Yes,Yes
2011-10-15,Brisbane,19.4,27.5,13.8,4.4,5.8,S,28.0,SSW,ENE,4.0,9.0,83.0,68.0,1009.3,1004.8,8.0,1.0,22.1,25.0,Yes,Yes
2011-10-16,Brisbane,15.199999999999998,29.300000000000004,6.2,5.6,12.0,ENE,20.0,WSW,ENE,4.0,11.0,64.0,49.00000000000001,1014.2,1013.2,0.0,1.0,23.5,26.9,Yes,No
2011-10-17,Brisbane,19.7,22.5,0.6,4.2,1.0,SSE,54.0,SE,SE,13.0,16.999999999999996,74.0,63.00000000000001,1025.9,1026.5,7.0,7.0,21.3,20.3,No,No
2011-10-18,Brisbane,16.9,23.8,0.4,5.8,9.0,SE,33.0,ESE,ESE,15.0,19.0,42.0,47.0,1031.0,1028.5,5.0,6.0,21.4,22.5,No,No
2011-10-19,Brisbane,15.9,23.2,0.0,7.800000000000001,8.8,E,31.0,SSE,E,7.0,14.999999999999998,65.0,48.0,1029.9,1026.4,7.0,7.0,20.6,22.4,No,No
2011-10-20,Brisbane,15.299999999999999,24.0,0.0,6.4,5.7,E,26.0,E,E,7.0,13.0,52.0,50.0,1028.3,1024.7,7.0,6.0,21.6,23.2,No,No
2011-10-21,Brisbane,16.1,25.6,0.0,4.0,10.4,E,30.0,ESE,E,11.0,13.0,59.0,51.0,1025.8,1022.5,7.0,5.0,22.2,24.1,No,No
2011-10-22,Brisbane,15.6,25.2,0.0,6.0,7.9,ENE,30.0,ESE,E,6.0,16.999999999999996,63.0,63.00000000000001,1024.5,1022.1999999999999,7.0,6.0,22.3,22.8,No,No
2011-10-23,Brisbane,15.299999999999999,25.1,0.0,6.0,12.0,E,28.0,E,ENE,7.0,11.0,56.0,53.0,1023.8,1020.8,4.0,2.0,22.7,24.0,No,No
2011-10-24,Brisbane,14.400000000000002,26.4,0.0,5.2,11.5,E,24.000000000000004,WSW,NE,4.0,9.0,60.0,47.0,1019.9000000000001,1015.3,5.0,7.0,23.0,25.600000000000005,No,No
2011-10-25,Brisbane,16.2,28.3,0.0,5.8,11.1,NNE,28.0,E,NNE,2.0,11.0,58.00000000000001,58.0,1015.5,1011.5,2.0,6.0,25.1,26.4,No,No
2011-10-26,Brisbane,20.3,27.399999999999995,0.0,6.2,7.1,E,30.0,SSE,E,6.0,11.0,69.0,62.0,1015.8,1013.4,7.0,2.0,24.3,25.5,No,Yes
2011-10-27,Brisbane,16.8,25.7,6.2,7.2,6.1,SSE,35.0,S,SE,6.0,14.999999999999998,68.0,67.0,1018.0,1015.9,5.0,5.0,23.6,23.3,Yes,No
2011-10-28,Brisbane,19.3,23.9,0.0,5.6,0.8,SE,22.0,ESE,E,11.0,9.0,62.0,62.0,1019.0,1016.2,6.0,7.0,23.0,23.3,No,No
2011-10-29,Brisbane,19.8,26.4,0.0,4.8,5.7,ENE,19.0,NNW,NE,4.0,7.000000000000001,62.0,60.00000000000001,1016.2,1013.1,8.0,2.0,22.6,24.9,No,No
2011-10-30,Brisbane,18.2,27.8,0.0,4.0,7.299999999999999,SE,26.0,NW,NNE,2.0,9.0,66.0,60.00000000000001,1014.1,1010.3,6.0,6.0,24.6,27.300000000000004,No,Yes
2011-10-31,Brisbane,20.3,25.6,28.4,5.0,1.5,SE,39.0,SE,SE,17.0,14.999999999999998,71.0,60.00000000000001,1015.7,1014.9,8.0,7.0,22.9,23.2,Yes,No
2011-11-01,Brisbane,18.1,24.9,0.0,7.2,8.9,S,24.000000000000004,SSE,E,9.0,7.000000000000001,58.00000000000001,51.0,1018.7,1014.4,6.0,6.0,22.2,24.1,No,No
2011-11-02,Brisbane,18.1,28.0,0.0,5.0,12.0,ENE,26.0,NNE,NNE,6.0,7.000000000000001,58.00000000000001,55.0,1014.0,1008.9,4.0,3.0,24.2,27.000000000000004,No,No
2011-11-03,Brisbane,17.1,28.199999999999996,0.0,6.2,12.3,SE,30.0,S,ENE,4.0,13.0,54.0,62.0,1010.7999999999998,1007.6,1.0,1.0,26.0,26.4,No,No
2011-11-04,Brisbane,20.4,26.900000000000002,0.0,6.6,9.8,E,30.0,ESE,ENE,13.0,16.999999999999996,57.0,53.99999999999999,1016.4,1014.7,3.0,2.0,24.2,25.5,No,No
2011-11-05,Brisbane,18.6,25.2,0.0,9.4,7.0,E,20.0,ESE,ENE,7.0,9.0,64.0,49.00000000000001,1020.3,1017.5,7.0,7.0,23.0,24.5,No,No
2011-11-06,Brisbane,16.1,26.499999999999996,0.0,5.2,9.9,NE,28.0,NE,NE,6.0,11.0,55.0,49.00000000000001,1018.2,1014.8,3.0,6.0,23.1,24.9,No,No
2011-11-07,Brisbane,15.799999999999999,27.0,0.0,9.2,12.0,NE,26.0,NNE,NNE,7.0,9.0,52.0,53.0,1018.5,1015.4,1.0,1.0,25.5,26.0,No,No
2011-11-08,Brisbane,18.0,27.600000000000005,0.0,7.4,13.1,NNE,28.0,NW,NE,9.0,11.0,53.00000000000001,46.00000000000001,1019.7,1016.1,2.0,1.0,24.3,26.7,No,No
2011-11-09,Brisbane,18.0,28.4,0.0,7.800000000000001,12.4,NE,28.0,NNW,NE,7.0,11.0,55.0,56.0,1019.5999999999999,1016.0,2.0,1.0,25.8,26.9,No,No
2011-11-10,Brisbane,18.1,29.9,0.0,8.0,12.2,NNE,28.0,N,NE,6.0,11.0,48.00000000000001,55.0,1017.5,1014.0,1.0,2.0,26.800000000000004,27.999999999999996,No,No
2011-11-11,Brisbane,21.6,29.300000000000004,0.0,8.6,9.7,E,28.0,ENE,ENE,7.0,14.999999999999998,66.0,53.99999999999999,1020.0,1017.9,7.0,1.0,25.5,27.900000000000002,No,No
2011-11-12,Brisbane,21.4,28.199999999999996,0.0,8.2,12.5,E,22.0,NE,ENE,7.0,7.000000000000001,56.0,47.0,1019.2,1016.3,4.0,1.0,25.8,27.200000000000003,No,No
2011-11-13,Brisbane,20.5,28.500000000000004,0.0,7.599999999999999,11.0,NE,30.0,N,NE,6.0,11.0,56.0,55.0,1017.7,1013.7,6.0,7.0,25.8,26.800000000000004,No,No
2011-11-14,Brisbane,22.1,29.9,0.0,8.0,12.2,ENE,30.0,NNE,NE,9.0,13.0,51.0,58.0,1016.5,1013.3,2.0,1.0,27.099999999999998,27.300000000000004,No,No
2011-11-15,Brisbane,19.4,32.4,0.0,9.0,12.2,ENE,22.0,N,NNE,4.0,11.0,51.0,52.0,1017.3,1014.6,0.0,1.0,27.900000000000002,29.6,No,No
2011-11-16,Brisbane,21.9,30.4,0.0,8.0,10.5,NNE,26.0,NNW,NE,6.0,13.0,50.0,45.0,1018.7,1015.5,1.0,3.0,28.6,28.299999999999997,No,No
2011-11-17,Brisbane,21.8,28.9,0.0,8.4,6.5,ENE,20.0,ENE,NNE,9.0,7.000000000000001,53.00000000000001,52.0,1019.1,1015.8,6.0,7.0,26.800000000000004,27.700000000000003,No,No
2011-11-18,Brisbane,20.8,28.500000000000004,0.0,6.2,3.8,NE,22.0,NNE,NE,6.0,7.000000000000001,60.0,52.0,1018.8,1015.5,6.0,5.0,25.9,27.000000000000004,No,No
2011-11-19,Brisbane,18.7,28.6,0.0,7.0,12.5,ENE,24.000000000000004,ENE,ENE,7.0,11.0,54.0,50.0,1019.1,1016.2,3.0,1.0,26.4,26.9,No,No
2011-11-20,Brisbane,19.0,29.600000000000005,0.0,9.4,12.4,NNE,30.0,NE,NNE,9.0,13.0,54.0,53.0,1018.1,1013.3,2.0,1.0,26.4,27.799999999999997,No,No
2011-11-21,Brisbane,19.5,29.9,0.0,11.4,12.5,E,28.0,NW,NNE,6.0,9.0,50.0,39.0,1016.1,1013.2,2.0,1.0,27.4,28.799999999999997,No,No
2011-11-22,Brisbane,19.7,28.999999999999996,0.0,11.2,9.2,NE,39.0,NE,NE,9.0,14.999999999999998,55.0,56.99999999999999,1015.3,1011.1,7.0,7.0,25.9,27.500000000000004,No,No
2011-11-23,Brisbane,22.4,30.9,0.0,10.0,7.1,NE,28.0,N,NE,6.0,13.0,59.0,69.0,1014.1,1011.6,7.0,6.0,28.200000000000003,27.900000000000002,No,Yes
2011-11-24,Brisbane,20.4,24.8,1.6,6.8,0.0,SW,17.0,SSW,S,4.0,4.0,90.0,80.0,1018.6,1016.4,7.0,7.0,20.9,24.1,Yes,Yes
2011-11-26,Brisbane,22.8,29.5,0.6,7.599999999999999,5.9,N,28.0,N,NNE,9.0,9.0,55.0,70.0,1013.9,1010.9,6.0,7.0,27.700000000000003,26.2,No,Yes
2011-11-27,Brisbane,20.9,33.9,3.2,7.2,12.6,NE,24.000000000000004,SSW,ENE,4.0,13.0,60.0,56.0,1012.3,1009.5,1.0,2.0,27.700000000000003,29.899999999999995,Yes,No
2011-11-30,Brisbane,20.8,28.999999999999996,0.0,9.4,7.499999999999999,ENE,26.0,ENE,ENE,7.0,9.0,57.0,61.0,1016.4,1012.6,7.0,4.0,27.4,27.900000000000002,No,No
2011-12-01,Brisbane,21.9,28.3,0.0,6.2,0.9,SE,35.0,WSW,SE,6.0,11.0,65.0,71.0,1011.6999999999999,1010.6,7.0,7.0,27.4,23.5,No,Yes
2011-12-02,Brisbane,16.7,24.9,13.000000000000002,5.0,2.3,SSE,33.0,SSW,SE,7.0,13.0,58.00000000000001,56.99999999999999,1015.3,1014.2,7.0,7.0,22.8,23.6,Yes,No
2011-12-03,Brisbane,15.799999999999999,27.1,0.0,7.0,12.2,E,30.0,SE,E,13.0,13.0,49.0,44.0,1017.8,1014.9,3.0,2.0,24.0,25.3,No,No
2011-12-04,Brisbane,16.4,27.9,0.0,9.8,8.7,E,22.0,ENE,NE,4.0,9.0,58.00000000000001,53.99999999999999,1015.6,1011.2,7.0,7.0,24.5,26.0,No,No
2011-12-05,Brisbane,19.4,25.6,0.0,6.8,2.4,ESE,37.0,SSE,ESE,11.0,14.999999999999998,64.0,58.0,1015.3,1013.4,7.0,7.0,23.2,23.3,No,No
2011-12-06,Brisbane,17.9,23.6,0.0,8.6,0.0,SSE,33.0,SSE,SE,15.0,14.999999999999998,55.0,56.99999999999999,1015.5,1013.2,7.0,7.0,22.1,21.7,No,Yes
2011-12-07,Brisbane,16.8,19.9,5.799999999999999,12.2,0.0,SE,20.0,S,E,7.0,7.000000000000001,93.0,93.0,1011.2,1009.5,8.0,8.0,17.3,18.0,Yes,Yes
2011-12-08,Brisbane,17.3,25.4,36.0,2.8,1.7,SE,37.0,SSW,SE,6.0,16.999999999999996,96.00000000000001,69.0,1008.8,1007.8,8.0,7.0,19.6,23.0,Yes,Yes
2011-12-09,Brisbane,16.9,27.5,2.4,3.7999999999999994,10.8,E,24.000000000000004,SSE,E,9.0,11.0,58.00000000000001,62.0,1012.5,1010.5,4.0,7.0,24.9,25.4,Yes,Yes
2011-12-10,Brisbane,18.7,26.900000000000002,19.4,4.8,2.2,NE,20.0,SSW,NE,2.0,9.0,90.99999999999999,82.0,1011.6,1006.6,7.0,6.0,20.7,23.0,Yes,Yes
2011-12-11,Brisbane,18.5,30.4,1.6,5.0,6.8,WSW,30.0,SE,WNW,4.0,4.0,72.0,88.0,1005.5,1004.1,2.0,7.0,26.800000000000004,24.6,Yes,Yes
2011-12-12,Brisbane,21.3,32.9,10.0,3.2,10.2,W,33.0,SSW,W,4.0,14.999999999999998,74.0,41.0,1002.2,999.1,6.0,4.0,27.200000000000003,32.4,Yes,No
2011-12-13,Brisbane,18.4,31.1,0.0,5.2,11.1,ENE,28.0,NNW,ENE,4.0,14.999999999999998,54.0,66.0,1006.0,1005.0,1.0,3.0,26.100000000000005,27.200000000000003,No,Yes
2011-12-14,Brisbane,19.2,28.4,2.0,8.2,10.6,E,31.0,SSE,E,4.0,16.999999999999996,67.0,62.0,1013.0,1011.1,4.0,5.0,26.100000000000005,26.4,Yes,Yes
2011-12-15,Brisbane,18.5,24.6,1.2,7.2,0.0,SE,26.0,E,ESE,7.0,14.999999999999998,83.0,71.0,1017.0,1015.1,8.0,8.0,21.5,22.2,Yes,No
2011-12-16,Brisbane,19.6,25.7,0.2,2.0,2.4,SE,30.0,ESE,ESE,11.0,16.999999999999996,55.0,55.0,1018.2,1017.3,8.0,6.0,23.8,23.4,No,No
2011-12-17,Brisbane,17.3,27.1,0.0,6.6,10.9,ENE,35.0,SE,ESE,11.0,19.0,52.0,50.0,1019.8,1017.6,5.0,4.0,24.2,24.9,No,No
2011-12-18,Brisbane,16.8,25.5,0.0,9.2,2.1,E,24.000000000000004,SE,ENE,7.0,9.0,60.0,53.99999999999999,1018.6,1016.0,7.0,8.0,24.4,24.3,No,No
2011-12-19,Brisbane,17.6,27.0,0.0,5.8,6.0,ENE,28.0,NNE,NE,6.0,11.0,61.0,53.99999999999999,1015.3,1011.9,7.0,7.0,23.8,25.9,No,No
2011-12-20,Brisbane,19.1,29.1,0.0,7.0,12.2,NNE,26.0,NW,NNE,6.0,9.0,54.0,51.0,1013.2,1011.4,6.0,4.0,26.0,27.300000000000004,No,No
2011-12-21,Brisbane,21.7,27.9,0.0,7.2,9.3,ENE,24.000000000000004,W,ENE,2.0,14.999999999999998,76.0,56.0,1015.2,1013.0,5.0,3.0,24.3,26.300000000000004,No,Yes
2011-12-22,Brisbane,19.0,28.199999999999996,3.4,7.800000000000001,10.9,E,33.0,ESE,E,13.0,14.999999999999998,61.0,52.0,1014.9,1012.9,6.0,7.0,26.100000000000005,26.9,Yes,No
2011-12-23,Brisbane,20.6,27.600000000000005,0.4,7.4,0.9,SE,33.0,SE,SE,15.0,13.0,66.0,86.0,1011.0,1009.4,7.0,8.0,25.9,22.7,No,Yes
2011-12-24,Brisbane,20.4,27.600000000000005,29.6,3.6,4.2,SE,37.0,SE,ESE,13.0,16.999999999999996,87.0,62.0,1009.1,1007.5,8.0,7.0,23.9,26.4,Yes,Yes
2011-12-25,Brisbane,19.4,28.9,1.8000000000000003,6.6,12.3,SE,37.0,SE,ESE,11.0,19.0,62.0,52.0,1008.6,1006.4,3.0,1.0,25.7,27.500000000000004,Yes,No
2011-12-26,Brisbane,18.7,31.5,0.0,10.4,13.1,ENE,26.0,WSW,E,9.0,13.0,55.0,50.0,1007.5,1003.9,1.0,1.0,25.600000000000005,29.1,No,No
2011-12-27,Brisbane,21.4,32.5,0.0,7.4,4.5,SE,43.0,WSW,E,4.0,4.0,67.0,48.0,1004.6,1001.1,7.0,6.0,26.600000000000005,31.7,No,Yes
2011-12-28,Brisbane,18.5,28.9,5.4,3.2,11.0,SSE,24.000000000000004,SSW,SE,7.0,4.0,56.0,56.0,1008.1,1006.0,2.0,6.0,26.0,27.4,Yes,No
2011-12-29,Brisbane,19.7,28.099999999999998,0.0,2.4,7.8,E,30.0,SSW,ESE,4.0,9.0,57.0,56.0,1010.4,1009.3,7.0,7.0,24.6,26.800000000000004,No,No
2011-12-30,Brisbane,20.2,28.4,0.0,7.4,5.3,SE,43.0,S,ESE,6.0,19.0,56.0,61.0,1014.5,1013.1,6.0,6.0,24.6,25.5,No,No
2011-12-31,Brisbane,18.8,25.9,0.2,6.2,5.5,SE,33.0,SSE,SSE,11.0,13.0,58.00000000000001,59.0,1016.5,1014.7,6.0,7.0,25.1,24.5,No,Yes
2012-01-01,Brisbane,18.0,27.9,2.4,5.6,13.1,E,33.0,SSE,ESE,9.0,14.999999999999998,55.0,46.00000000000001,1016.4,1013.9,4.0,3.0,25.1,26.9,Yes,No
2012-01-02,Brisbane,17.8,28.4,0.0,8.0,13.0,E,28.0,SSE,E,7.0,11.0,53.00000000000001,45.0,1018.0,1015.7,2.0,2.0,25.8,27.200000000000003,No,No
2012-01-04,Brisbane,17.4,28.8,0.0,7.599999999999999,12.7,NNE,28.0,ESE,NE,2.0,9.0,52.0,48.0,1017.4,1013.0,2.0,2.0,25.3,28.299999999999997,No,No
2012-01-05,Brisbane,19.8,27.700000000000003,0.0,7.800000000000001,6.6,ENE,26.0,ENE,NE,2.0,11.0,68.0,59.0,1015.5,1013.2,7.0,3.0,26.300000000000004,26.2,No,No
2012-01-06,Brisbane,18.6,31.300000000000004,0.0,7.2,8.3,NE,22.0,SW,ENE,4.0,11.0,62.0,53.99999999999999,1012.2,1009.5,7.0,2.0,25.5,29.1,No,No
2012-01-07,Brisbane,21.4,28.199999999999996,0.0,7.0,5.8,E,20.0,ESE,E,4.0,9.0,75.0,65.0,1014.9,1012.7,7.0,5.0,24.2,27.000000000000004,No,No
2012-01-08,Brisbane,23.4,30.500000000000004,0.0,6.4,11.6,ENE,26.0,NNW,NNE,6.0,11.0,65.0,62.0,1013.1,1009.1,2.0,1.0,26.9,28.900000000000002,No,No
2012-01-09,Brisbane,22.8,33.8,0.0,8.0,12.7,ENE,24.000000000000004,NW,ENE,6.0,11.0,54.0,56.99999999999999,1007.8,1003.5,2.0,2.0,29.699999999999996,33.0,No,No
2012-01-10,Brisbane,24.6,32.9,0.0,9.0,10.6,E,28.0,S,E,4.0,14.999999999999998,71.0,56.0,1008.7,1005.5,6.0,1.0,28.6,30.399999999999995,No,No
2012-01-11,Brisbane,23.2,37.1,0.0,7.599999999999999,11.9,W,33.0,WSW,WSW,9.0,11.0,37.0,16.0,1007.3,1003.1,7.0,5.0,31.5,36.29999999999999,No,No
2012-01-12,Brisbane,20.9,28.6,0.0,12.4,9.6,SE,35.0,SE,E,7.0,16.999999999999996,46.0,49.00000000000001,1012.1,1011.4,4.0,5.0,27.200000000000003,25.8,No,No
2012-01-13,Brisbane,20.8,28.099999999999998,0.0,10.6,9.7,E,28.0,E,ENE,6.0,11.0,55.0,53.0,1016.4,1013.6,5.0,5.0,24.8,25.9,No,No
2012-01-14,Brisbane,19.1,27.0,0.0,8.0,3.1,ENE,26.0,ENE,ENE,6.0,13.0,61.0,56.99999999999999,1015.3,1012.5,7.0,7.0,24.6,25.8,No,Yes
2012-01-15,Brisbane,19.7,26.3,2.4,7.2,2.8,ENE,37.0,ESE,SE,11.0,6.0,64.0,63.00000000000001,1014.5,1013.0,7.0,7.0,25.1,25.1,Yes,Yes
2012-01-16,Brisbane,18.8,25.0,44.4,3.6,0.2,SE,43.0,ESE,ESE,9.0,13.0,90.0,75.0,1016.5,1015.0,7.0,7.0,21.6,23.8,Yes,Yes
2012-01-17,Brisbane,19.4,26.3,34.2,3.6,0.0,SE,26.0,E,SE,9.0,6.0,96.00000000000001,93.0,1016.0,1013.6,7.0,7.0,22.2,22.7,Yes,Yes
2012-01-18,Brisbane,20.0,29.399999999999995,5.4,1.6,7.499999999999999,E,20.0,WSW,ENE,6.0,11.0,72.0,70.0,1012.7,1010.7,2.0,7.0,26.2,27.599999999999998,Yes,No
2012-01-19,Brisbane,20.7,30.9,0.0,5.0,12.3,ESE,31.0,SE,ESE,7.0,16.999999999999996,65.0,62.0,1013.9,1011.7,3.0,2.0,27.500000000000004,29.1,No,No
2012-01-20,Brisbane,20.6,30.3,0.0,10.0,8.8,SE,35.0,SSE,SE,7.0,16.999999999999996,64.0,61.0,1013.7,1011.9,7.0,4.0,26.7,27.500000000000004,No,No
2012-01-21,Brisbane,20.0,30.199999999999996,0.0,7.599999999999999,9.7,ESE,35.0,SSE,SE,7.0,14.999999999999998,56.0,63.00000000000001,1012.5,1010.3,3.0,7.0,27.099999999999998,27.300000000000004,No,No
2012-01-22,Brisbane,21.1,29.600000000000005,0.0,8.0,9.7,ENE,37.0,ESE,ESE,13.0,11.0,58.00000000000001,56.0,1014.3,1012.3,7.0,7.0,26.9,28.099999999999998,No,No
2012-01-23,Brisbane,21.1,27.5,0.6,6.6,0.5,SSE,30.0,ESE,ESE,9.0,7.000000000000001,73.0,91.0,1013.6,1012.7,7.0,8.0,26.600000000000005,23.2,No,Yes
2012-01-24,Brisbane,21.1,23.5,31.2,2.2,0.0,E,33.0,ESE,ESE,9.0,13.0,97.0,96.0,1012.0000000000001,1009.9,8.0,8.0,23.0,22.6,Yes,Yes
2012-01-25,Brisbane,21.3,26.6,168.4,2.6,0.7,NE,26.0,S,NE,2.0,6.0,98.0,88.0,1008.5,1005.8,8.0,8.0,23.3,24.6,Yes,Yes
2012-01-27,Brisbane,23.2,25.4,8.6,3.2,0.0,ESE,33.0,E,ESE,2.0,13.0,95.0,96.99999999999999,1011.3,1009.3,8.0,8.0,24.2,24.0,Yes,Yes
2012-01-29,Brisbane,21.8,26.3,18.0,4.6,0.0,E,30.0,ESE,ENE,4.0,7.000000000000001,98.0,95.0,1010.2,1007.8,8.0,8.0,23.3,25.0,Yes,Yes
2012-01-30,Brisbane,22.3,28.199999999999996,15.8,2.2,6.3,NE,26.0,ENE,NE,11.0,11.0,83.0,72.0,1009.4,1006.7,6.0,5.0,25.9,27.599999999999998,Yes,No
2012-02-02,Brisbane,22.4,28.4,0.4,7.0,9.9,E,33.0,ENE,ENE,17.0,11.0,66.0,60.00000000000001,1006.2,1004.2,6.0,6.0,27.099999999999998,27.099999999999998,No,Yes
2012-02-04,Brisbane,20.3,29.399999999999995,0.2,4.4,8.6,ESE,22.0,SSE,SE,6.0,9.0,61.0,55.0,1003.8,1001.5,2.0,6.0,26.9,28.099999999999998,No,No
2012-02-05,Brisbane,19.9,31.7,0.0,5.8,11.1,E,24.000000000000004,SW,ENE,4.0,9.0,63.0,53.99999999999999,1003.7,999.5,3.0,2.0,26.4,30.3,No,No
2012-02-06,Brisbane,22.3,34.0,0.0,7.0,11.2,E,22.0,WNW,E,4.0,14.999999999999998,68.0,62.0,1001.1,998.8,1.0,5.0,27.599999999999998,30.399999999999995,No,No
2012-02-07,Brisbane,23.3,30.500000000000004,0.0,5.0,10.6,WSW,31.0,SE,ENE,6.0,9.0,65.0,65.0,1004.8,1002.2,4.0,2.0,28.6,29.1,No,No
2012-02-09,Brisbane,19.9,30.500000000000004,32.2,6.4,12.1,SE,35.0,SSW,SE,7.0,16.999999999999996,68.0,59.0,1010.1,1008.1,3.0,4.0,26.5,27.599999999999998,Yes,No
2012-02-10,Brisbane,19.8,28.999999999999996,0.0,6.4,12.0,E,24.000000000000004,S,E,6.0,11.0,62.0,56.99999999999999,1012.4,1009.8,2.0,1.0,26.0,27.599999999999998,No,No
2012-02-11,Brisbane,20.0,30.199999999999996,0.0,6.4,10.6,NE,22.0,SW,E,4.0,9.0,75.0,59.0,1012.4,1008.9,6.0,3.0,24.8,29.3,No,Yes
2012-02-12,Brisbane,20.7,32.2,1.2,7.800000000000001,10.0,SW,35.0,SW,ENE,2.0,13.0,69.0,58.0,1014.3,1010.9,1.0,2.0,27.200000000000003,30.8,Yes,Yes
2012-02-13,Brisbane,21.0,29.5,14.8,6.6,8.1,SE,35.0,NE,ENE,4.0,13.0,73.0,65.0,1015.9,1013.1,3.0,5.0,27.200000000000003,28.499999999999996,Yes,Yes
2012-02-14,Brisbane,20.9,29.300000000000004,1.6,6.4,10.9,E,33.0,SE,ESE,9.0,16.999999999999996,64.0,63.00000000000001,1017.4,1015.2,1.0,3.0,26.600000000000005,27.599999999999998,Yes,No
2012-02-15,Brisbane,19.9,29.700000000000003,0.0,7.800000000000001,11.6,SE,35.0,SE,ESE,11.0,16.999999999999996,61.0,52.0,1018.5,1015.7,2.0,1.0,26.100000000000005,28.099999999999998,No,No
2012-02-16,Brisbane,19.6,29.399999999999995,0.0,9.6,11.6,SE,31.0,SSE,ESE,9.0,13.0,60.0,53.0,1017.8,1015.4,2.0,2.0,26.5,28.099999999999998,No,No
2012-02-17,Brisbane,20.1,29.9,0.0,9.2,11.9,ESE,35.0,SSW,ESE,7.0,13.0,64.0,55.0,1016.9,1014.2,2.0,3.0,26.2,28.400000000000002,No,No
2012-02-18,Brisbane,20.1,29.700000000000003,0.0,8.6,8.7,E,26.0,S,ENE,7.0,11.0,65.0,61.0,1016.9,1014.3,4.0,5.0,26.4,29.1,No,No
2012-02-19,Brisbane,21.5,31.300000000000004,0.0,5.6,8.9,ENE,22.0,S,ENE,4.0,11.0,68.0,61.0,1017.3,1013.4,4.0,3.0,27.4,30.3,No,No
2012-02-20,Brisbane,21.9,32.4,0.0,6.0,11.2,NE,22.0,W,NNE,4.0,7.000000000000001,75.0,59.0,1013.9,1009.6,6.0,6.0,26.5,30.0,No,Yes
2012-02-21,Brisbane,22.6,31.2,20.0,7.0,5.3,ESE,26.0,N,NE,6.0,6.0,83.0,77.0,1009.4,1006.3,7.0,7.0,26.100000000000005,27.799999999999997,Yes,No
2012-02-22,Brisbane,22.9,29.5,0.2,5.4,9.5,ESE,33.0,SSE,E,11.0,14.999999999999998,64.0,62.0,1013.7,1011.9,2.0,7.0,26.5,27.500000000000004,No,Yes
2012-02-23,Brisbane,21.1,23.5,5.2,6.4,0.0,SE,19.0,SW,SSE,2.0,9.0,87.0,94.0,1018.5,1018.3,8.0,8.0,22.9,21.6,Yes,Yes
2012-02-24,Brisbane,20.1,27.1,10.4,5.0,0.0,SSE,24.000000000000004,SE,ESE,6.0,9.0,92.0,94.0,1020.1,1018.6,8.0,8.0,21.4,22.3,Yes,Yes
2012-02-25,Brisbane,20.7,28.9,58.4,3.0,5.7,E,39.0,E,E,13.0,16.999999999999996,84.0,79.0,1019.7,1017.9,7.0,7.0,27.000000000000004,26.4,Yes,Yes
2012-02-26,Brisbane,22.3,29.2,13.999999999999998,3.7999999999999994,6.2,E,28.0,ESE,ESE,9.0,11.0,74.0,71.0,1020.8,1017.8,5.0,6.0,26.5,26.0,Yes,No
2012-02-28,Brisbane,21.1,29.700000000000003,0.0,7.2,11.6,ENE,26.0,E,ENE,15.0,9.0,64.0,58.0,1016.8,1014.8,2.0,3.0,27.099999999999998,28.6,No,No
2012-02-29,Brisbane,20.6,30.6,0.0,6.8,11.5,NE,24.000000000000004,S,NNE,4.0,9.0,71.0,63.00000000000001,1016.3,1012.1,2.0,1.0,27.200000000000003,29.399999999999995,No,No
2012-03-01,Brisbane,20.6,31.2,0.0,6.6,10.8,NE,24.000000000000004,W,NE,4.0,11.0,68.0,56.99999999999999,1013.0,1009.0,7.0,7.0,26.800000000000004,29.699999999999996,No,No
2012-03-02,Brisbane,19.5,32.1,0.0,8.0,11.2,ENE,20.0,SW,NE,4.0,7.000000000000001,61.0,50.0,1011.0,1008.5,6.0,1.0,27.4,31.4,No,No
2012-03-03,Brisbane,22.7,28.099999999999998,0.8,6.8,6.0,E,28.0,SE,ESE,9.0,7.000000000000001,78.0,88.0,1015.2,1013.5,7.0,7.0,26.600000000000005,26.9,No,Yes
2012-03-04,Brisbane,21.0,30.0,16.4,4.4,4.5,E,28.0,ESE,E,4.0,6.0,85.99999999999999,76.0,1015.5,1012.8,7.0,7.0,26.2,27.4,Yes,Yes
2012-03-05,Brisbane,23.1,25.9,22.2,4.4,0.0,E,22.0,E,ESE,9.0,11.0,98.0,91.0,1012.5,1009.9,8.0,8.0,23.9,24.7,Yes,Yes
2012-03-06,Brisbane,21.6,26.1,7.599999999999999,2.6,2.9,SE,28.0,SSE,SSE,7.0,9.0,78.0,70.0,1012.7,1010.9,7.0,6.0,25.1,25.0,Yes,Yes
2012-03-07,Brisbane,19.2,28.7,7.4,2.8,10.3,SE,30.0,S,ESE,7.0,9.0,66.0,53.0,1012.0000000000001,1008.1,1.0,5.0,24.4,27.200000000000003,Yes,No
2012-03-08,Brisbane,18.3,28.999999999999996,0.0,7.0,9.6,E,20.0,SSW,ENE,4.0,9.0,63.0,62.0,1011.5,1007.8,4.0,4.0,24.2,26.600000000000005,No,No
2012-03-09,Brisbane,19.9,31.7,0.0,7.0,11.7,SW,24.000000000000004,SW,SSW,7.0,6.0,68.0,32.0,1011.5,1008.3,1.0,1.0,25.1,30.7,No,No
2012-03-10,Brisbane,16.9,31.400000000000002,0.0,4.6,11.5,E,20.0,WSW,ENE,7.0,7.000000000000001,50.0,50.0,1013.3,1011.4,1.0,2.0,24.7,29.399999999999995,No,No
2012-03-12,Brisbane,20.3,27.600000000000005,0.2,4.6,8.6,E,31.0,SE,E,4.0,13.0,67.0,60.00000000000001,1018.7,1017.3,4.0,4.0,25.7,25.8,No,No
2012-03-13,Brisbane,18.4,28.4,0.0,7.0,9.8,SE,39.0,SE,ESE,9.0,16.999999999999996,61.0,50.0,1020.5000000000001,1017.7,5.0,6.0,25.8,27.599999999999998,No,Yes
2012-03-15,Brisbane,20.5,27.299999999999997,8.2,2.0,2.8,NE,26.0,SSE,E,9.0,13.0,79.0,79.0,1016.0,1012.8,7.0,8.0,25.2,25.3,Yes,No
2012-03-16,Brisbane,20.3,29.700000000000003,0.6,4.2,11.1,SE,26.0,SSE,E,9.0,13.0,72.0,61.0,1014.1,1010.9,2.0,1.0,26.300000000000004,27.999999999999996,No,No
2012-03-17,Brisbane,22.5,28.4,0.4,5.6,2.4,S,31.0,SSW,E,4.0,11.0,82.0,79.0,1013.4,1010.5,7.0,8.0,26.800000000000004,25.7,No,Yes
2012-03-18,Brisbane,20.1,26.000000000000004,22.2,4.0,0.0,SE,33.0,SSW,SE,4.0,13.0,88.0,68.0,1015.7,1013.6,8.0,7.0,23.0,25.2,Yes,No
2012-03-19,Brisbane,18.4,28.099999999999998,0.2,4.4,6.3,ESE,28.0,SSW,SSW,6.0,2.0,73.0,68.0,1016.0,1012.2,3.0,7.0,23.3,25.8,No,Yes
2012-03-20,Brisbane,20.7,27.9,4.4,3.7999999999999994,7.1,SE,37.0,ESE,ESE,13.0,14.999999999999998,84.0,65.0,1014.0,1010.7,5.0,4.0,24.5,27.099999999999998,Yes,Yes
2012-03-21,Brisbane,19.4,28.3,3.4,5.0,2.6,ESE,22.0,ESE,ESE,7.0,11.0,76.0,73.0,1009.4,1005.7,7.0,7.0,24.5,25.3,Yes,No
2012-03-22,Brisbane,22.2,25.1,0.2,4.0,0.0,ENE,26.0,ESE,SE,11.0,9.0,83.0,96.99999999999999,1006.8,1004.9,8.0,8.0,24.9,21.7,No,Yes
2012-03-23,Brisbane,19.8,30.099999999999998,16.0,0.8,3.4,WNW,19.0,SW,W,4.0,4.0,93.0,66.0,1004.4,1001.8,7.0,5.0,21.7,29.199999999999996,Yes,No
2012-03-24,Brisbane,18.5,27.9,0.0,4.2,9.2,ESE,28.0,SW,E,6.0,13.0,48.00000000000001,64.0,1010.9,1010.8,6.0,5.0,24.3,26.7,No,No
2012-03-25,Brisbane,19.0,26.800000000000004,0.0,5.4,8.6,SE,33.0,SE,ESE,11.0,14.999999999999998,60.0,60.00000000000001,1018.6,1017.8,6.0,3.0,24.6,24.4,No,No
2012-03-26,Brisbane,17.0,26.499999999999996,0.0,8.0,10.8,E,28.0,SSE,ESE,6.0,13.0,64.0,52.0,1021.4,1019.2,2.0,1.0,24.4,25.4,No,No
2012-03-27,Brisbane,16.8,26.900000000000002,0.0,7.0,8.0,E,33.0,S,ESE,6.0,14.999999999999998,66.0,53.99999999999999,1021.6,1019.0,1.0,6.0,23.9,25.4,No,No
2012-03-28,Brisbane,18.0,27.2,0.0,5.2,9.2,SE,30.0,SE,ESE,7.0,14.999999999999998,65.0,50.0,1020.4,1017.0,5.0,2.0,24.5,26.100000000000005,No,No
2012-03-29,Brisbane,18.0,27.600000000000005,0.0,6.8,8.2,SSE,30.0,SSW,ESE,6.0,13.0,65.0,58.0,1018.4,1014.7,3.0,4.0,23.8,26.100000000000005,No,No
2012-03-30,Brisbane,18.1,28.199999999999996,0.2,5.0,9.5,E,30.0,SW,E,4.0,13.0,69.0,65.0,1016.4,1013.6,1.0,3.0,24.6,25.8,No,Yes
2012-03-31,Brisbane,17.5,28.500000000000004,2.0,6.2,11.0,SE,30.0,SSW,SE,6.0,13.0,70.0,55.0,1016.8,1013.4,1.0,1.0,23.6,26.7,Yes,No
2012-04-01,Brisbane,17.6,28.7,0.2,6.0,8.2,SSE,30.0,WSW,SSW,6.0,6.0,69.0,52.0,1016.0,1012.4,1.0,4.0,23.3,27.700000000000003,No,No
2012-04-02,Brisbane,18.0,30.3,0.0,6.6,10.7,SE,20.0,SW,WSW,7.0,6.0,65.0,42.0,1015.6,1011.9,1.0,3.0,23.8,29.8,No,No
2012-04-03,Brisbane,18.3,30.500000000000004,0.0,5.2,10.4,SE,24.000000000000004,SSW,S,6.0,6.0,66.0,39.0,1015.6,1012.2,1.0,2.0,23.9,29.8,No,No
2012-04-04,Brisbane,17.7,28.8,0.0,5.2,10.5,ENE,24.000000000000004,WSW,ESE,7.0,11.0,68.0,53.0,1016.8,1014.0,1.0,2.0,23.9,26.600000000000005,No,No
2012-04-05,Brisbane,17.9,28.4,0.0,6.6,8.7,E,26.0,SW,ESE,4.0,11.0,70.0,53.0,1019.3000000000001,1016.1,2.0,2.0,23.5,26.100000000000005,No,No
2012-04-06,Brisbane,17.7,27.399999999999995,0.0,8.0,10.6,E,26.0,S,ESE,6.0,13.0,63.0,58.0,1020.0,1016.4,5.0,4.0,23.5,24.7,No,No
2012-04-07,Brisbane,16.1,29.300000000000004,0.0,6.4,10.6,WNW,15.0,SSW,SE,4.0,6.0,68.0,45.0,1018.3,1014.3,1.0,1.0,22.6,28.200000000000003,No,No
2012-04-08,Brisbane,17.5,27.299999999999997,0.0,4.6,8.8,E,22.0,SSW,E,4.0,11.0,70.0,67.0,1020.0,1016.9,2.0,6.0,23.5,25.7,No,No
2012-04-09,Brisbane,17.0,30.500000000000004,0.0,4.8,10.7,NE,20.0,SSW,NE,4.0,6.0,80.0,59.0,1017.6,1013.1,1.0,1.0,22.399999999999995,28.6,No,No
2012-04-10,Brisbane,18.5,28.4,0.0,5.8,9.5,ESE,35.0,SW,E,6.0,16.999999999999996,62.0,56.99999999999999,1018.0,1016.7,4.0,2.0,22.9,23.6,No,No
2012-04-11,Brisbane,15.1,24.4,0.0,7.800000000000001,8.7,ESE,31.0,SSW,ESE,7.0,13.0,56.0,50.0,1025.0,1022.9,2.0,4.0,20.4,23.4,No,No
2012-04-12,Brisbane,14.900000000000002,24.9,0.0,6.2,8.6,SE,39.0,S,SE,7.0,9.0,61.0,69.0,1027.9,1026.4,1.0,5.0,21.1,21.0,No,Yes
2012-04-13,Brisbane,16.1,25.8,3.4,4.6,6.3,ESE,30.0,WSW,ESE,6.0,11.0,88.0,59.0,1028.6,1025.9,6.0,7.0,18.9,23.9,Yes,Yes
2012-04-14,Brisbane,17.2,25.2,2.4,4.4,6.5,ESE,28.0,SW,ESE,4.0,7.000000000000001,78.0,72.0,1025.8,1022.2999999999998,3.0,2.0,22.3,23.6,Yes,Yes
2012-04-15,Brisbane,18.3,23.9,12.4,3.4,5.1,SSE,20.0,SSW,SSE,4.0,6.0,90.0,93.0,1023.8,1020.5,7.0,7.0,21.1,21.7,Yes,Yes
2012-04-16,Brisbane,18.6,25.3,7.599999999999999,3.6,3.7,E,20.0,SSW,E,4.0,9.0,90.99999999999999,72.0,1021.0,1017.5,7.0,7.0,21.8,23.2,Yes,Yes
2012-04-17,Brisbane,18.4,25.4,7.200000000000001,3.7999999999999994,4.6,E,26.0,SE,E,2.0,9.0,92.0,61.0,1018.2,1014.8,7.0,3.0,20.8,24.6,Yes,No
2012-04-18,Brisbane,17.7,26.6,0.0,2.8,10.0,ESE,26.0,SSE,ESE,2.0,13.0,73.0,67.0,1016.7,1013.1,5.0,3.0,23.2,24.6,No,No
2012-04-19,Brisbane,18.0,27.9,0.2,5.6,10.5,E,19.0,SW,ENE,6.0,7.000000000000001,73.0,62.0,1016.5,1013.3,3.0,2.0,23.4,26.9,No,No
2012-04-20,Brisbane,18.6,27.2,0.2,3.6,3.4,ESE,24.000000000000004,SW,SE,4.0,11.0,78.0,72.0,1016.3,1013.2,6.0,7.0,24.3,25.0,No,No
2012-04-21,Brisbane,18.1,29.9,0.0,3.2,10.4,ENE,17.0,WSW,ENE,6.0,9.0,72.0,61.0,1014.6,1011.1,1.0,3.0,23.6,27.799999999999997,No,No
2012-04-22,Brisbane,18.2,28.6,0.2,3.4,8.7,WNW,22.0,WSW,NE,6.0,7.000000000000001,79.0,65.0,1015.5,1012.0,8.0,7.0,22.5,26.600000000000005,No,No
2012-04-23,Brisbane,18.2,27.600000000000005,0.0,3.2,6.5,ENE,17.0,W,NE,6.0,7.000000000000001,98.0,68.0,1016.1,1011.9,7.0,7.0,20.5,26.300000000000004,No,No
2012-04-24,Brisbane,20.4,25.8,0.0,2.6,1.0,W,22.0,SW,S,2.0,6.0,88.0,81.0,1014.0,1012.0,7.0,8.0,24.1,24.3,No,No
2012-04-25,Brisbane,19.3,22.8,0.2,3.4,1.9,W,30.0,W,WNW,7.0,7.000000000000001,73.0,49.00000000000001,1015.5,1012.0,7.0,7.0,20.8,22.7,No,No
2012-04-26,Brisbane,11.6,24.4,0.0,3.4,10.5,W,20.0,SSW,WSW,6.0,4.0,44.0,32.0,1018.3,1015.8,1.0,2.0,18.1,23.7,No,No
2012-04-27,Brisbane,13.900000000000002,20.4,0.2,4.0,0.1,SSE,19.0,SW,WSW,6.0,6.0,83.0,79.0,1021.8,1019.0,8.0,8.0,16.2,19.6,No,Yes
2012-04-30,Brisbane,16.9,24.6,0.0,3.0,8.2,SE,35.0,SSW,SE,6.0,13.0,67.0,55.0,1023.2,1020.5,1.0,2.0,21.3,23.5,No,No
2012-05-01,Brisbane,15.1,23.7,0.0,4.8,4.2,SE,28.0,S,ESE,6.0,7.000000000000001,72.0,63.00000000000001,1025.4,1022.4000000000001,1.0,7.0,21.0,22.7,No,Yes
2012-05-02,Brisbane,17.1,24.3,4.2,2.2,7.1,E,20.0,SSW,E,4.0,9.0,83.0,56.99999999999999,1023.4,1019.5,7.0,2.0,20.0,23.0,Yes,No
2012-05-03,Brisbane,16.1,25.0,0.0,4.6,7.700000000000001,ENE,22.0,SW,ENE,4.0,6.0,74.0,70.0,1019.5,1015.8,3.0,6.0,20.8,23.5,No,Yes
2012-05-04,Brisbane,16.8,24.8,7.8,3.2,6.700000000000001,SE,20.0,WSW,ESE,4.0,7.000000000000001,85.0,68.0,1017.5,1013.4,7.0,5.0,19.2,23.7,Yes,No
2012-05-05,Brisbane,14.799999999999999,25.2,0.0,3.6,10.2,W,22.0,SW,W,6.0,9.0,68.0,39.0,1014.8,1011.8,1.0,1.0,20.6,24.4,No,No
2012-05-06,Brisbane,10.6,24.7,0.0,4.8,10.2,WSW,17.0,SW,WSW,4.0,4.0,56.0,31.0,1018.0,1014.9,1.0,1.0,17.4,24.1,No,No
2012-05-07,Brisbane,11.2,25.4,0.0,3.6,10.3,SW,15.0,SW,NE,6.0,2.0,64.0,42.0,1018.6,1014.5,2.0,1.0,17.4,24.9,No,No
2012-05-08,Brisbane,11.8,26.3,0.0,4.0,10.2,E,17.0,SW,S,6.0,4.0,65.0,35.0,1018.1,1015.3,2.0,1.0,17.5,26.0,No,No
2012-05-09,Brisbane,12.8,26.1,0.0,2.6,9.9,ENE,13.0,SW,NE,4.0,7.000000000000001,73.0,43.0,1022.7,1019.9,0.0,1.0,18.5,24.6,No,No
2012-05-10,Brisbane,13.1,26.7,0.0,3.4,9.7,NE,17.0,SW,NNE,4.0,7.000000000000001,73.0,49.00000000000001,1024.3,1020.2,1.0,1.0,18.9,24.9,No,No
2012-05-11,Brisbane,13.400000000000002,25.8,0.0,3.6,10.1,NNW,15.0,SW,NNE,4.0,6.0,80.99999999999999,53.0,1023.1,1018.2,1.0,1.0,18.9,24.3,No,No
2012-05-12,Brisbane,13.400000000000002,27.2,0.0,3.7999999999999994,10.1,W,13.0,SW,NW,2.0,6.0,83.0,38.0,1019.1,1014.6,0.0,1.0,17.6,27.099999999999998,No,No
2012-05-13,Brisbane,12.8,25.8,0.0,3.2,10.0,W,39.0,W,W,4.0,19.999999999999996,59.0,29.0,1016.3,1013.1,0.0,0.0,20.8,25.1,No,No
2012-05-14,Brisbane,10.0,21.4,0.0,7.2,9.9,WSW,22.0,SW,ENE,6.0,7.000000000000001,42.99999999999999,35.0,1020.0,1018.4,0.0,1.0,16.1,20.0,No,No
2012-05-15,Brisbane,8.1,23.4,0.0,5.4,9.5,SW,19.0,SW,SW,7.0,4.0,52.0,38.0,1022.5,1018.7,1.0,1.0,15.199999999999998,23.2,No,No
2012-05-16,Brisbane,10.2,24.3,0.0,4.8,9.9,WSW,17.0,SW,S,7.0,2.0,67.0,36.0,1022.8,1019.4,1.0,1.0,16.4,23.4,No,No
2012-05-17,Brisbane,10.9,24.9,0.0,3.7999999999999994,9.8,E,20.0,SW,NNE,7.0,4.0,69.0,60.00000000000001,1023.6,1020.4,1.0,2.0,16.8,22.8,No,No
2012-05-18,Brisbane,11.9,24.1,0.0,3.7999999999999994,8.7,E,19.0,SW,ESE,6.0,7.000000000000001,76.0,48.0,1024.2,1021.0999999999999,1.0,5.0,17.3,22.0,No,No
2012-05-19,Brisbane,10.8,24.4,0.0,3.4,9.3,ESE,17.0,SSW,ENE,4.0,9.0,75.0,51.0,1023.8,1020.4,1.0,1.0,17.0,22.6,No,No
2012-05-20,Brisbane,11.3,24.0,0.0,3.7999999999999994,9.4,ESE,20.0,SSW,E,2.0,7.000000000000001,78.0,49.00000000000001,1023.8,1020.5,1.0,5.0,16.5,22.1,No,No
2012-05-21,Brisbane,11.7,22.9,0.0,3.2,5.9,SSE,20.0,SW,E,6.0,7.000000000000001,72.0,61.0,1024.5,1022.0,3.0,6.0,17.0,22.0,No,No
2012-05-22,Brisbane,13.699999999999998,24.8,0.0,2.2,9.8,ENE,17.0,WSW,NNE,6.0,6.0,76.0,50.0,1025.8,1022.2999999999998,2.0,3.0,18.4,23.8,No,No
2012-05-23,Brisbane,13.0,23.7,0.0,3.7999999999999994,7.4,ENE,20.0,WSW,NNE,4.0,7.000000000000001,79.0,56.99999999999999,1026.3,1022.8000000000001,2.0,5.0,17.9,23.5,No,No
2012-05-26,Brisbane,11.3,19.7,10.6,1.8,8.2,W,30.0,W,W,9.0,13.0,67.0,45.0,1019.2,1015.0,6.0,3.0,13.2,19.3,Yes,No
2012-05-27,Brisbane,8.4,22.6,0.2,4.0,8.9,SW,22.0,SW,SSE,6.0,4.0,56.0,45.0,1018.7,1015.8,1.0,3.0,14.8,21.2,No,No
2012-05-28,Brisbane,10.2,22.7,0.0,3.0,8.7,SSE,26.0,SW,S,7.0,9.0,63.0,51.0,1021.6,1019.5,1.0,6.0,15.7,21.9,No,No
2012-05-29,Brisbane,13.3,22.5,0.0,3.2,9.6,SE,35.0,SSW,SE,6.0,16.999999999999996,70.0,56.0,1025.3,1024.2,1.0,4.0,18.2,22.1,No,No
2012-05-30,Brisbane,13.199999999999998,22.9,0.0,3.6,7.2,SE,35.0,SSW,SE,2.0,11.0,85.0,56.0,1029.5,1026.7,6.0,4.0,16.7,21.8,No,Yes
2012-05-31,Brisbane,14.699999999999998,21.0,13.2,3.6,2.4,SE,31.0,S,SSE,7.0,7.000000000000001,90.99999999999999,72.0,1028.6,1026.1,6.0,8.0,16.9,19.1,Yes,Yes
2012-06-01,Brisbane,13.699999999999998,22.0,6.0,0.0,3.2,ESE,26.0,SSE,E,6.0,11.0,88.0,85.0,1024.9,1021.6,7.0,7.0,18.5,19.1,Yes,Yes
2012-06-02,Brisbane,15.199999999999998,22.4,13.000000000000002,1.6,0.8,ENE,26.0,SW,E,2.0,9.0,94.0,82.0,1019.5999999999999,1015.6,7.0,7.0,16.8,20.4,Yes,Yes
2012-06-04,Brisbane,13.8,22.4,0.2,1.0,9.7,W,44.0,W,W,9.0,19.0,74.0,47.0,1007.7,1004.5,1.0,2.0,18.8,21.5,No,No
2012-06-05,Brisbane,12.1,17.9,0.0,6.6,9.9,WNW,46.0,W,WNW,17.0,19.999999999999996,55.0,43.0,1007.6,1004.1,1.0,2.0,14.699999999999998,17.2,No,No
2012-06-06,Brisbane,10.7,22.0,0.0,5.6,8.3,W,30.0,WSW,S,11.0,7.000000000000001,58.00000000000001,42.0,1011.0,1010.3,1.0,2.0,14.699999999999998,21.6,No,No
2012-06-07,Brisbane,12.1,21.1,0.0,5.4,7.499999999999999,SE,22.0,SW,ESE,7.0,9.0,68.0,51.0,1018.2,1016.7,1.0,4.0,16.3,20.1,No,No
2012-06-08,Brisbane,11.0,20.7,0.0,3.2,4.0,SSE,28.0,SSW,ESE,6.0,11.0,72.0,56.99999999999999,1022.8,1020.8,6.0,7.0,15.3,18.8,No,No
2012-06-09,Brisbane,12.7,20.3,0.0,2.4,6.0,SSE,26.0,WSW,SE,6.0,11.0,79.0,61.0,1023.8,1020.5,6.0,5.0,14.9,18.9,No,Yes
2012-06-10,Brisbane,12.8,17.9,6.999999999999999,0.2,0.0,SSE,22.0,SW,SSE,4.0,7.000000000000001,98.0,80.0,1021.1,1016.5,7.0,7.0,13.2,17.2,Yes,Yes
2012-06-11,Brisbane,13.199999999999998,19.0,5.2,1.6,0.4,SW,30.0,SSW,SW,7.0,11.0,79.0,82.0,1012.8,1009.8,7.0,8.0,15.9,15.6,Yes,Yes
2012-06-12,Brisbane,14.0,21.9,1.6,2.4,8.8,SW,33.0,SW,SSW,7.0,7.000000000000001,66.0,59.0,1010.2,1009.5,1.0,1.0,18.9,20.8,Yes,No
2012-06-13,Brisbane,13.5,22.7,0.4,3.4,7.9,S,26.0,SSW,S,7.0,4.0,68.0,53.0,1014.9,1013.3,2.0,2.0,17.5,21.9,No,No
2012-06-14,Brisbane,12.7,23.3,0.2,3.6,9.0,W,24.000000000000004,SW,SSW,7.0,6.0,72.0,52.0,1017.3,1015.3,0.0,2.0,17.2,21.8,No,No
2012-06-15,Brisbane,10.2,23.5,0.0,3.0,9.8,SW,13.0,SW,N,2.0,4.0,79.0,53.0,1020.5000000000001,1017.7,1.0,1.0,15.3,22.2,No,No
2012-06-17,Brisbane,13.199999999999998,23.4,0.0,2.2,9.9,W,26.0,W,W,7.0,9.0,64.0,33.0,1021.3,1018.4,1.0,0.0,18.0,22.8,No,No
2012-06-18,Brisbane,9.2,21.2,0.0,3.2,9.9,WSW,20.0,WSW,WSW,9.0,2.0,56.0,41.0,1022.6,1018.9,0.0,0.0,15.1,20.9,No,No
2012-06-19,Brisbane,8.4,21.8,0.0,2.8,10.0,W,20.0,WSW,W,6.0,11.0,71.0,39.0,1022.4,1018.4,0.0,1.0,13.799999999999999,20.3,No,No
2012-06-20,Brisbane,8.5,22.6,0.0,2.0,9.8,NE,19.0,SW,NNE,6.0,6.0,67.0,53.0,1023.0,1019.9,1.0,2.0,13.799999999999999,20.9,No,No
2012-06-21,Brisbane,8.2,22.9,0.0,3.4,9.8,NW,19.0,S,NNW,2.0,6.0,98.0,38.0,1021.8,1017.1,1.0,0.0,10.6,22.4,No,No
2012-06-23,Brisbane,12.900000000000002,19.1,0.0,3.2,0.4,WSW,24.000000000000004,WSW,NW,9.0,4.0,53.00000000000001,41.0,1022.2,1020.4,7.0,7.0,14.399999999999999,18.2,No,No
2012-06-24,Brisbane,11.8,19.6,0.0,3.7999999999999994,1.2,SE,22.0,WSW,SE,6.0,9.0,68.0,55.0,1027.7,1025.4,6.0,7.0,13.799999999999999,18.6,No,No
2012-06-25,Brisbane,13.400000000000002,17.4,0.2,2.8,0.2,WSW,17.0,SW,WSW,6.0,4.0,60.0,63.00000000000001,1027.9,1024.6,8.0,8.0,14.200000000000001,17.3,No,No
2012-06-26,Brisbane,13.3,16.1,0.0,2.0,0.0,WSW,17.0,S,SSW,2.0,2.0,76.0,90.0,1025.1,1023.5000000000001,8.0,8.0,15.8,14.100000000000001,No,Yes
2012-06-27,Brisbane,11.9,15.099999999999998,27.2,2.0,0.0,SSE,37.0,WSW,SSW,6.0,4.0,98.0,98.00000000000001,1024.2,1020.8,8.0,8.0,12.6,14.3,Yes,Yes
2012-06-28,Brisbane,12.6,19.0,21.4,1.4,0.0,SSE,33.0,SW,SSE,6.0,16.999999999999996,98.0,89.0,1017.5,1012.4,8.0,7.0,14.699999999999998,17.8,Yes,Yes
2012-06-29,Brisbane,14.699999999999998,23.3,13.2,1.2,8.8,SSE,24.000000000000004,SW,S,6.0,6.0,88.0,61.0,1012.5,1010.0,4.0,3.0,18.0,22.7,Yes,No
2012-06-30,Brisbane,11.6,23.0,0.0,2.0,9.8,W,17.0,SW,SW,7.0,2.0,87.0,47.0,1015.8,1012.7,1.0,1.0,15.4,22.9,No,No
2012-07-01,Brisbane,9.8,23.4,0.0,1.6,9.5,W,22.0,SSW,WNW,4.0,7.000000000000001,84.0,49.00000000000001,1018.4,1014.4,1.0,2.0,13.899999999999999,22.9,No,No
2012-07-02,Brisbane,6.5,19.6,0.0,3.4,10.1,W,26.0,WSW,W,7.0,11.0,48.00000000000001,34.0,1019.8,1016.3,0.0,0.0,13.899999999999999,19.1,No,No
2012-07-03,Brisbane,6.0,19.5,0.0,3.6,10.2,WNW,15.0,SW,W,4.0,4.0,58.00000000000001,42.0,1020.1,1016.8,0.0,0.0,12.9,18.9,No,No
2012-07-04,Brisbane,6.8,19.3,0.0,2.8,10.1,SW,20.0,SSW,WSW,4.0,6.0,58.00000000000001,35.0,1022.9,1021.0,1.0,0.0,12.4,18.9,No,No
2012-07-05,Brisbane,7.099999999999999,22.0,0.0,2.4,9.2,SW,20.0,WSW,SSW,7.0,6.0,61.0,43.0,1025.8,1023.2,1.0,3.0,13.300000000000002,21.0,No,No
2012-07-06,Brisbane,9.9,20.4,0.0,3.2,9.6,SE,33.0,SSW,SSE,9.0,11.0,65.0,52.0,1027.1,1024.9,1.0,2.0,15.3,18.9,No,No
2012-07-07,Brisbane,10.7,21.4,0.0,3.4,4.8,ESE,26.0,SW,ESE,4.0,11.0,75.0,53.0,1028.0,1025.6,3.0,5.0,15.0,19.8,No,No
2012-07-08,Brisbane,10.7,21.3,0.0,2.8,9.3,E,24.000000000000004,SW,ESE,6.0,11.0,77.0,53.0,1028.4,1025.9,2.0,3.0,14.100000000000001,19.5,No,No
2012-07-09,Brisbane,11.4,21.0,0.0,3.0,7.700000000000001,E,28.0,SW,ESE,4.0,13.0,74.0,66.0,1029.0,1025.2,3.0,3.0,15.3,19.1,No,Yes
2012-07-10,Brisbane,12.3,18.7,4.2,2.4,0.0,E,22.0,SSE,E,2.0,9.0,98.0,83.0,1025.9,1022.5999999999999,7.0,8.0,15.9,17.5,Yes,Yes
2012-07-13,Brisbane,18.7,22.9,19.2,1.4,0.8,SW,17.0,NE,NE,2.0,6.0,98.0,95.0,1017.1,1013.8,7.0,8.0,21.0,21.3,Yes,Yes
2012-07-14,Brisbane,17.8,24.5,12.0,0.2,4.3,WNW,28.0,WSW,W,6.0,9.0,82.0,56.99999999999999,1016.9,1014.8,6.0,7.0,19.9,21.9,Yes,No
2012-07-15,Brisbane,15.700000000000001,21.1,0.4,3.4,4.8,W,30.0,W,WSW,9.0,11.0,75.0,39.0,1020.4,1018.0,8.0,2.0,15.8,20.6,No,No
2012-07-16,Brisbane,8.5,21.3,0.2,3.6,4.0,ESE,22.0,SW,E,6.0,13.0,64.0,52.0,1026.8,1024.1,0.0,6.0,13.799999999999999,20.6,No,Yes
2012-07-17,Brisbane,12.0,21.4,2.0,2.8,6.0,ESE,20.0,SW,E,2.0,9.0,78.0,58.0,1026.4,1022.1,7.0,3.0,15.4,21.1,Yes,No
2012-07-18,Brisbane,13.199999999999998,20.8,0.6,2.6,0.7,ENE,13.0,S,ENE,2.0,6.0,92.0,63.00000000000001,1021.1,1015.8,8.0,7.0,15.7,20.0,No,Yes
2012-07-19,Brisbane,13.900000000000002,22.2,7.4,3.4,9.6,SSE,22.0,SW,SSW,7.0,7.000000000000001,80.99999999999999,50.0,1016.1,1013.5,1.0,3.0,16.9,21.2,Yes,No
2012-07-20,Brisbane,9.8,21.9,0.2,1.8,9.8,WSW,20.0,SW,SW,9.0,6.0,59.0,46.00000000000001,1020.4,1017.6,1.0,3.0,14.9,21.6,No,No
2012-07-21,Brisbane,12.7,22.0,0.0,3.7999999999999994,6.4,SSW,22.0,SW,SSW,7.0,9.0,63.0,58.0,1021.8,1020.2,6.0,6.0,16.9,20.1,No,No
2012-07-22,Brisbane,12.400000000000002,21.2,0.0,3.6,7.8,SW,31.0,SW,SSW,7.0,9.0,64.0,58.0,1023.0,1021.2,1.0,6.0,17.1,18.2,No,No
2012-07-23,Brisbane,10.9,21.5,0.0,3.6,8.2,S,22.0,SW,SSW,6.0,7.000000000000001,68.0,48.0,1022.7,1019.7,1.0,2.0,15.5,21.3,No,No
2012-07-24,Brisbane,11.2,22.1,0.0,3.0,9.0,SE,20.0,SW,S,6.0,4.0,67.0,48.0,1024.4,1021.3000000000001,1.0,6.0,15.9,20.3,No,No
2012-07-25,Brisbane,10.5,21.3,0.0,3.7999999999999994,7.2,S,20.0,SSW,ENE,6.0,7.000000000000001,73.0,56.99999999999999,1022.9,1020.3,3.0,4.0,15.5,20.4,No,No
2012-07-26,Brisbane,12.8,22.0,0.0,2.2,6.4,NE,17.0,WSW,NE,6.0,9.0,75.0,56.99999999999999,1019.9000000000001,1015.1,5.0,6.0,16.4,20.3,No,No
2012-07-27,Brisbane,10.3,22.6,0.0,2.2,7.4,W,26.0,SW,NNW,6.0,6.0,82.0,46.00000000000001,1015.0,1010.2,2.0,4.0,14.9,20.0,No,No
2012-07-28,Brisbane,7.7,19.8,0.0,3.6,10.3,WNW,31.0,W,W,11.0,11.0,54.0,39.0,1017.4,1015.1,1.0,2.0,14.200000000000001,19.6,No,No
2012-07-29,Brisbane,6.599999999999999,20.4,0.0,6.0,9.7,W,20.0,SW,SW,4.0,6.0,62.0,41.0,1022.2,1019.1,0.0,2.0,13.600000000000001,19.9,No,No
2012-07-30,Brisbane,7.8999999999999995,21.6,0.0,4.2,9.9,WSW,17.0,SW,W,6.0,6.0,66.0,32.0,1021.4,1017.2,1.0,1.0,13.899999999999999,21.0,No,No
2012-07-31,Brisbane,8.5,21.4,0.0,3.6,10.0,SW,22.0,SSW,W,7.0,2.0,54.0,36.0,1023.3,1019.1,1.0,2.0,14.399999999999999,21.2,No,No
2012-08-01,Brisbane,7.8,21.1,0.0,3.6,10.0,WSW,20.0,SW,WSW,4.0,6.0,70.0,32.0,1022.4,1017.7,0.0,1.0,13.899999999999999,21.1,No,No
2012-08-02,Brisbane,4.6,20.7,0.0,2.4,10.4,WNW,22.0,SW,SSW,6.0,2.0,52.0,28.0,1021.6,1018.2,0.0,0.0,13.400000000000002,20.3,No,No
2012-08-03,Brisbane,4.1,21.6,0.0,3.6,9.3,W,24.000000000000004,SW,WSW,2.0,9.0,61.0,26.0,1020.3,1016.4,1.0,2.0,12.5,21.3,No,No
2012-08-04,Brisbane,5.4,22.5,0.0,4.4,10.2,ENE,19.0,SW,SSW,4.0,4.0,54.0,28.0,1021.3,1017.1,0.0,0.0,13.799999999999999,22.1,No,No
2012-08-05,Brisbane,5.9,23.6,0.0,4.0,10.2,W,26.0,WSW,S,6.0,4.0,65.0,25.0,1021.4,1016.1,0.0,1.0,12.1,23.1,No,No
2012-08-06,Brisbane,7.099999999999999,25.1,0.0,3.6,10.3,WSW,28.0,SSW,W,2.0,11.0,58.00000000000001,22.0,1019.9000000000001,1016.6,0.0,1.0,14.399999999999999,24.9,No,No
2012-08-08,Brisbane,6.700000000000001,23.7,0.0,3.4,10.1,NNW,19.0,SW,WNW,4.0,7.000000000000001,57.0,16.0,1024.3,1019.3,0.0,0.0,13.2,23.4,No,No
2012-08-09,Brisbane,7.3,25.5,0.0,3.7999999999999994,8.7,W,30.0,SSW,WNW,2.0,16.999999999999996,50.0,23.000000000000004,1018.1,1011.4,5.0,3.0,16.2,24.7,No,No
2012-08-10,Brisbane,10.5,19.3,0.0,6.0,10.3,SW,39.0,SW,WSW,9.0,13.0,41.0,22.0,1015.7,1012.2,1.0,0.0,13.799999999999999,18.8,No,No
2012-08-11,Brisbane,9.7,21.9,0.0,7.0,10.2,W,28.0,WSW,SSW,7.0,6.0,40.0,28.0,1017.9,1014.8,1.0,5.0,14.599999999999998,20.8,No,No
2012-08-12,Brisbane,9.0,22.1,0.0,4.6,7.2,SE,20.0,SW,S,6.0,7.000000000000001,51.0,38.0,1020.7,1017.9,3.0,6.0,16.6,20.9,No,No
2012-08-13,Brisbane,10.0,21.7,0.0,4.0,9.7,SE,20.0,SW,SE,6.0,6.0,57.0,47.0,1024.6,1021.4999999999999,1.0,4.0,15.7,19.6,No,No
2012-08-14,Brisbane,8.1,23.3,0.0,3.4,10.0,W,22.0,WSW,WNW,4.0,7.000000000000001,72.0,28.0,1024.2,1019.8,1.0,5.0,13.899999999999999,23.0,No,No
2012-08-15,Brisbane,7.8,24.8,0.0,3.2,10.2,W,24.000000000000004,SSW,WNW,2.0,6.0,60.0,26.0,1022.5,1017.8,0.0,1.0,14.8,24.3,No,No
2012-08-17,Brisbane,10.4,26.6,0.0,4.0,9.9,NNW,30.0,ENE,NE,2.0,7.000000000000001,68.0,50.0,1015.8,1010.4,3.0,3.0,17.8,23.7,No,No
2012-08-18,Brisbane,12.5,21.6,0.0,4.8,10.9,WNW,43.0,W,W,9.0,16.999999999999996,28.0,21.0,1016.7,1013.7,1.0,1.0,17.3,20.9,No,No
2012-08-19,Brisbane,7.3,20.4,0.0,7.599999999999999,8.9,W,19.0,SW,NE,9.0,7.000000000000001,39.0,34.0,1021.7,1019.4,2.0,8.0,15.6,18.9,No,No
2012-08-20,Brisbane,11.4,22.6,0.0,3.0,9.7,E,20.0,WSW,ENE,4.0,11.0,55.0,44.0,1023.1,1018.9,2.0,1.0,16.1,20.7,No,No
2012-08-21,Brisbane,10.5,22.3,0.0,3.6,7.2,ENE,20.0,SSE,ENE,4.0,9.0,69.0,49.00000000000001,1023.1,1019.3,7.0,7.0,17.4,21.1,No,No
2012-08-22,Brisbane,11.4,24.1,0.0,2.8,8.1,ENE,17.0,WSW,ENE,6.0,6.0,79.0,56.99999999999999,1021.5,1016.7,6.0,2.0,16.4,22.7,No,No
2012-08-23,Brisbane,12.8,26.1,0.0,2.2,10.2,NNE,22.0,ENE,NE,2.0,11.0,67.0,64.0,1020.1,1015.5,1.0,1.0,21.7,24.9,No,No
2012-08-24,Brisbane,17.9,27.600000000000005,0.0,3.7999999999999994,7.1,NNW,22.0,NW,ENE,4.0,9.0,77.0,63.00000000000001,1018.9,1014.7,6.0,5.0,21.4,25.2,No,No
2012-08-25,Brisbane,11.7,25.6,0.0,4.0,10.5,WSW,20.0,WSW,SW,7.0,4.0,34.0,18.0,1021.1,1016.3,1.0,0.0,18.9,25.3,No,No
2012-08-26,Brisbane,9.5,25.8,0.0,5.4,10.9,WNW,20.0,SW,S,6.0,4.0,54.0,24.0,1019.8,1014.8,0.0,1.0,16.5,24.9,No,No
2012-08-27,Brisbane,13.199999999999998,22.6,0.0,5.0,9.2,ESE,28.0,SE,E,13.0,11.0,58.00000000000001,43.0,1022.2,1019.6,7.0,2.0,19.5,20.9,No,No
2012-08-28,Brisbane,10.6,22.4,0.0,7.0,9.8,ENE,19.0,SSW,NE,4.0,9.0,60.0,46.00000000000001,1024.9,1020.8,1.0,2.0,17.3,21.1,No,No
2012-08-29,Brisbane,10.4,22.9,0.0,4.6,10.6,N,20.0,SW,NE,6.0,11.0,66.0,53.0,1023.2,1017.7,5.0,1.0,16.2,21.5,No,No
2012-08-30,Brisbane,11.3,25.6,0.0,4.4,10.3,NE,24.000000000000004,NNE,NE,4.0,11.0,63.0,60.00000000000001,1018.6,1013.1,1.0,1.0,19.9,23.7,No,No
2012-08-31,Brisbane,15.799999999999999,22.2,0.2,4.6,2.3,W,24.000000000000004,W,W,7.0,4.0,68.0,41.0,1016.1,1014.5,6.0,7.0,19.8,21.0,No,No
2012-09-01,Brisbane,9.3,22.2,0.0,6.4,10.5,W,26.0,SSW,W,6.0,6.0,35.0,23.000000000000004,1020.4,1016.8,0.0,0.0,15.8,22.1,No,No
2012-09-02,Brisbane,7.3,22.4,0.0,4.8,11.0,S,20.0,SW,NE,6.0,9.0,55.0,36.0,1024.0,1019.8,0.0,1.0,14.8,20.7,No,No
2012-09-03,Brisbane,8.6,24.6,0.0,4.0,10.9,NNE,15.0,WSW,ENE,4.0,7.000000000000001,60.0,40.0,1023.9,1018.8,0.0,1.0,16.5,22.9,No,No
2012-09-04,Brisbane,10.2,24.6,0.0,4.0,10.8,NNE,20.0,WSW,NNE,9.0,7.000000000000001,62.0,41.0,1025.3,1021.0999999999999,1.0,1.0,16.9,23.6,No,No
2012-09-05,Brisbane,11.1,23.7,0.0,6.6,10.7,NE,30.0,SW,NE,4.0,13.0,65.0,43.0,1024.1,1019.0,1.0,1.0,18.5,22.2,No,No
2012-09-06,Brisbane,14.6,27.299999999999997,0.0,5.8,10.6,NW,33.0,NW,NNE,11.0,11.0,52.0,49.00000000000001,1019.9000000000001,1014.8,1.0,1.0,21.5,24.5,No,No
2012-09-07,Brisbane,15.6,27.399999999999995,0.0,6.4,9.6,E,20.0,NNW,ENE,7.0,9.0,56.0,52.0,1015.4,1010.2,1.0,1.0,22.1,25.4,No,No
2012-09-08,Brisbane,12.1,27.1,0.0,7.800000000000001,11.2,WSW,30.0,WSW,WNW,11.0,13.0,25.0,16.0,1018.1,1013.2,0.0,0.0,19.1,26.5,No,No
2012-09-09,Brisbane,12.3,24.5,0.0,8.0,10.8,ESE,24.000000000000004,WSW,ENE,7.0,13.0,36.0,55.0,1020.9,1018.9,1.0,2.0,19.4,22.8,No,No
2012-09-10,Brisbane,16.0,23.3,0.0,6.2,5.0,SE,24.000000000000004,ESE,ENE,11.0,9.0,52.0,53.99999999999999,1026.1,1023.1000000000001,7.0,8.0,20.7,21.7,No,No
2012-09-11,Brisbane,12.400000000000002,25.0,0.0,4.0,10.1,E,19.0,WSW,ENE,7.0,9.0,66.0,39.0,1025.6,1020.9,1.0,1.0,19.3,24.6,No,No
2012-09-12,Brisbane,13.1,25.6,0.0,4.6,10.6,NE,22.0,NNW,ENE,2.0,11.0,62.0,43.0,1024.1,1019.9,1.0,1.0,20.8,24.3,No,No
2012-09-13,Brisbane,14.0,25.3,0.0,4.8,10.5,NNE,30.0,N,NNE,6.0,9.0,61.0,56.99999999999999,1018.7,1011.8,1.0,1.0,21.4,24.3,No,No
2012-09-14,Brisbane,13.0,23.2,0.0,7.599999999999999,10.5,WSW,28.0,SW,ESE,7.0,9.0,35.0,35.0,1017.5,1015.1,1.0,1.0,17.6,22.2,No,No
2012-09-15,Brisbane,10.9,23.4,0.0,6.8,10.4,NE,26.0,SW,E,6.0,11.0,53.00000000000001,45.0,1023.1,1019.9,1.0,1.0,18.6,21.8,No,No
2012-09-16,Brisbane,11.1,23.5,0.0,5.4,10.6,E,19.0,W,NE,6.0,9.0,60.0,46.00000000000001,1022.6,1017.7,5.0,5.0,17.5,22.3,No,No
2012-09-17,Brisbane,13.3,23.6,0.0,4.6,7.499999999999999,E,24.000000000000004,S,NE,4.0,11.0,63.0,51.0,1020.3,1017.0,3.0,7.0,20.9,22.4,No,No
2012-09-18,Brisbane,15.0,21.1,0.2,4.6,4.3,E,26.0,E,ENE,9.0,11.0,70.0,72.0,1019.8,1016.9,8.0,5.0,19.8,19.6,No,Yes
2012-09-19,Brisbane,13.199999999999998,27.600000000000005,1.2,3.7999999999999994,10.6,NE,31.0,S,NE,2.0,11.0,73.0,55.0,1018.7,1013.6,3.0,2.0,19.4,24.5,Yes,No
2012-09-20,Brisbane,14.799999999999999,28.4,0.2,3.7999999999999994,10.8,ENE,22.0,WSW,NE,6.0,11.0,67.0,53.0,1019.2,1014.5,1.0,0.0,21.4,25.1,No,No
2012-09-21,Brisbane,15.1,26.2,0.0,3.0,3.5,NNW,20.0,NW,N,2.0,6.0,84.0,75.0,1018.2,1014.2,7.0,7.0,19.2,22.3,No,No
2012-09-22,Brisbane,13.8,29.9,0.2,2.2,10.8,E,28.0,SW,ENE,4.0,14.999999999999998,59.0,55.0,1014.9,1010.9,1.0,1.0,24.7,25.4,No,No
2012-09-23,Brisbane,16.4,30.8,0.0,4.0,10.4,NE,22.0,SSW,ENE,6.0,9.0,65.0,53.99999999999999,1013.3,1009.3,1.0,1.0,23.7,27.099999999999998,No,No
2012-09-24,Brisbane,18.2,30.6,0.0,6.0,4.4,NNW,28.0,WNW,NE,6.0,6.0,83.0,66.0,1013.1,1009.1,7.0,8.0,19.8,24.6,No,No
2012-09-25,Brisbane,15.9,25.6,0.6,4.6,10.6,E,31.0,ESE,ESE,13.0,14.999999999999998,58.00000000000001,53.0,1018.5,1016.9,2.0,5.0,22.9,23.8,No,No
2012-09-26,Brisbane,15.299999999999999,24.7,0.0,7.0,6.9,ENE,28.0,E,E,9.0,13.0,53.00000000000001,42.0,1021.6,1018.5,4.0,3.0,21.7,23.2,No,No
2012-09-27,Brisbane,14.199999999999998,26.1,0.0,6.4,9.9,ENE,22.0,NE,ENE,4.0,11.0,51.0,49.00000000000001,1022.0,1017.9,3.0,2.0,22.7,23.9,No,No
2012-09-28,Brisbane,13.8,25.5,0.0,4.8,10.8,NE,28.0,N,NNE,7.0,14.999999999999998,56.0,59.0,1019.9000000000001,1014.8,1.0,1.0,22.5,23.9,No,No
2012-09-29,Brisbane,14.900000000000002,29.300000000000004,0.0,7.800000000000001,7.499999999999999,W,28.0,N,NE,9.0,7.000000000000001,50.0,53.0,1016.3,1011.5,5.0,6.0,22.6,25.5,No,Yes
2012-09-30,Brisbane,17.8,23.8,3.2,5.2,0.8,E,20.0,SW,E,4.0,6.0,70.0,56.99999999999999,1018.9,1017.2,8.0,7.0,20.6,23.7,Yes,No
2012-10-01,Brisbane,15.199999999999998,21.9,0.6,2.6,0.0,ESE,26.0,SSW,ESE,4.0,11.0,85.99999999999999,58.0,1024.8,1023.5000000000001,8.0,8.0,16.8,20.1,No,No
2012-10-03,Brisbane,14.199999999999998,25.1,0.0,7.599999999999999,9.6,ENE,30.0,S,ENE,6.0,9.0,52.0,46.00000000000001,1028.0,1024.0,7.0,2.0,21.4,23.5,No,No
2012-10-04,Brisbane,12.6,27.9,0.0,5.6,11.5,NNW,28.0,S,NE,4.0,9.0,58.00000000000001,48.0,1024.7,1019.4,2.0,0.0,21.7,24.9,No,No
2012-10-05,Brisbane,12.900000000000002,28.999999999999996,0.0,7.0,11.3,NE,26.0,SW,NNE,2.0,11.0,56.0,49.00000000000001,1022.6,1017.9,0.0,1.0,23.5,27.000000000000004,No,No
2012-10-06,Brisbane,14.299999999999999,30.9,0.0,5.4,11.4,NE,20.0,E,NE,6.0,11.0,45.0,48.0,1018.4,1013.1,0.0,1.0,26.100000000000005,28.6,No,No
2012-10-07,Brisbane,15.199999999999998,31.6,0.0,6.8,10.8,SE,43.0,NE,ENE,4.0,11.0,45.0,43.0,1013.3,1006.5,0.0,2.0,27.000000000000004,30.3,No,No
2012-10-08,Brisbane,18.1,24.8,0.0,7.800000000000001,6.1,E,26.0,ESE,E,6.0,9.0,64.0,62.0,1014.8,1010.6,7.0,3.0,20.5,22.6,No,No
2012-10-09,Brisbane,16.6,31.2,0.0,5.0,11.2,WNW,33.0,WNW,W,6.0,11.0,60.0,19.0,1012.1,1006.7,4.0,1.0,23.6,30.8,No,No
2012-10-10,Brisbane,17.2,28.3,0.0,9.0,9.1,NNE,31.0,ENE,NNE,6.0,11.0,66.0,68.0,1014.6,1008.8,7.0,1.0,22.9,26.9,No,No
2012-10-11,Brisbane,20.9,24.2,0.6,5.8,0.0,W,44.0,N,SW,7.0,4.0,79.0,92.00000000000001,1009.1,1007.6,8.0,8.0,22.5,17.1,No,Yes
2012-10-12,Brisbane,12.7,20.0,11.599999999999998,1.4,11.9,W,57.0,W,WSW,24.0,19.999999999999996,42.99999999999999,30.000000000000004,1015.2,1014.4,2.0,1.0,15.199999999999998,19.3,Yes,No
2012-10-13,Brisbane,8.8,25.4,0.0,11.8,12.1,NNE,24.000000000000004,SW,NNE,6.0,7.000000000000001,37.0,26.0,1022.3,1017.6,0.0,1.0,19.8,23.5,No,No
2012-10-14,Brisbane,11.3,27.9,0.0,6.8,11.8,SE,41.0,SW,ENE,6.0,11.0,47.0,33.0,1023.3,1018.9,1.0,1.0,20.4,24.7,No,No
2012-10-16,Brisbane,13.900000000000002,26.2,0.0,6.2,11.8,NE,28.0,E,NE,6.0,13.0,56.0,49.00000000000001,1024.6,1020.4,3.0,1.0,22.9,24.4,No,No
2012-10-17,Brisbane,13.900000000000002,28.7,0.0,6.8,12.0,NE,22.0,N,NNE,6.0,11.0,45.0,46.00000000000001,1020.9,1015.8,0.0,0.0,24.1,26.5,No,No
2012-10-18,Brisbane,16.5,28.6,0.0,9.0,10.3,NE,30.0,ESE,ENE,7.0,16.999999999999996,57.0,63.00000000000001,1020.5000000000001,1017.6,2.0,4.0,25.9,25.5,No,No
2012-10-19,Brisbane,19.4,27.2,0.4,5.6,11.5,NE,28.0,N,NE,7.0,11.0,58.00000000000001,58.0,1020.1,1015.6,2.0,8.0,24.7,25.600000000000005,No,No
2012-10-20,Brisbane,16.7,30.199999999999996,0.0,8.0,11.2,NE,28.0,NNW,NE,6.0,11.0,49.0,56.99999999999999,1016.4,1011.0,1.0,1.0,26.9,28.200000000000003,No,No
2012-10-21,Brisbane,16.3,31.6,0.0,6.6,11.2,E,24.000000000000004,ENE,NE,4.0,9.0,53.00000000000001,46.00000000000001,1015.6,1012.2,0.0,1.0,27.300000000000004,29.399999999999995,No,No
2012-10-22,Brisbane,20.6,33.2,0.0,5.6,11.2,ESE,41.0,NE,NE,4.0,9.0,53.00000000000001,51.0,1013.8,1007.6,6.0,2.0,27.500000000000004,30.0,No,No
2012-10-23,Brisbane,15.299999999999999,24.8,0.0,9.4,10.7,SE,37.0,S,ESE,9.0,13.0,35.0,46.00000000000001,1021.2,1018.6,1.0,7.0,21.6,22.0,No,No
2012-10-24,Brisbane,14.799999999999999,25.7,0.0,8.8,11.9,SE,39.0,SSE,E,11.0,19.0,45.0,44.0,1022.1,1017.6,3.0,2.0,21.9,24.1,No,No
2012-10-25,Brisbane,13.699999999999998,26.499999999999996,0.0,8.0,11.1,ENE,26.0,WSW,ENE,7.0,13.0,52.0,42.0,1018.1,1012.5,7.0,3.0,21.1,25.2,No,No
2012-10-26,Brisbane,13.699999999999998,31.300000000000004,0.0,7.800000000000001,11.4,NE,24.000000000000004,ENE,NNE,4.0,11.0,50.0,53.99999999999999,1010.9,1006.3,0.0,0.0,24.8,27.300000000000004,No,No
2012-10-27,Brisbane,18.9,29.600000000000005,0.0,5.4,8.8,E,37.0,SSE,E,7.0,19.999999999999996,55.0,51.0,1011.0,1010.7,2.0,7.0,27.000000000000004,25.5,No,Yes
2012-10-28,Brisbane,18.1,23.4,8.2,8.4,0.2,ESE,37.0,SE,ESE,15.0,14.999999999999998,55.0,53.99999999999999,1022.1,1020.2,7.0,7.0,21.3,21.3,Yes,No
2012-10-29,Brisbane,16.0,25.6,0.0,5.6,3.7,ESE,30.0,SSE,ESE,13.0,11.0,58.00000000000001,43.0,1022.1,1018.8,7.0,6.0,20.9,23.4,No,No
2012-10-30,Brisbane,14.799999999999999,25.7,0.0,5.8,5.8,ENE,19.0,ESE,ENE,4.0,9.0,59.0,55.0,1019.5,1016.1,6.0,6.0,22.2,23.9,No,No
2012-10-31,Brisbane,16.8,29.2,0.0,4.0,8.9,ESE,31.0,SSW,NE,6.0,9.0,56.0,74.0,1017.7,1014.7,2.0,5.0,25.1,24.0,No,No
2012-11-01,Brisbane,15.799999999999999,29.600000000000005,0.4,4.8,12.5,NNE,31.0,NNE,NE,6.0,14.999999999999998,59.0,59.0,1014.9,1008.7,1.0,6.0,25.0,26.9,No,No
2012-11-02,Brisbane,18.6,29.399999999999995,0.0,6.0,10.6,E,46.0,ESE,ESE,13.0,19.999999999999996,52.0,52.0,1008.6,1009.8,5.0,1.0,27.799999999999997,25.3,No,No
2012-11-03,Brisbane,19.4,26.499999999999996,0.0,11.0,7.4,ENE,30.0,E,E,11.0,13.0,57.0,51.0,1017.7,1016.3,7.0,7.0,22.6,23.8,No,No
2012-11-04,Brisbane,17.6,26.3,0.6,7.0,9.1,ENE,22.0,E,E,6.0,9.0,71.0,49.00000000000001,1020.6,1017.6,6.0,3.0,21.2,24.4,No,No
2012-11-05,Brisbane,15.6,27.1,0.2,9.6,12.2,ENE,26.0,NNW,ENE,2.0,13.0,58.00000000000001,52.0,1020.6,1017.7,5.0,1.0,23.5,25.2,No,No
2012-11-06,Brisbane,15.5,27.0,0.0,6.6,11.3,ENE,30.0,ENE,ENE,6.0,14.999999999999998,49.0,50.0,1019.8,1016.9,5.0,2.0,24.9,24.9,No,No
2012-11-07,Brisbane,15.700000000000001,28.0,0.0,6.8,8.2,E,22.0,NE,NE,4.0,11.0,65.0,53.0,1017.8,1014.4,6.0,6.0,22.6,26.0,No,No
2012-11-08,Brisbane,19.8,28.0,0.0,4.2,8.0,NE,33.0,ENE,NE,9.0,16.999999999999996,73.0,60.00000000000001,1015.9,1013.5,7.0,2.0,24.4,25.8,No,No
2012-11-09,Brisbane,21.5,29.300000000000004,0.0,9.6,8.3,NE,33.0,N,NNE,7.0,13.0,57.0,61.0,1016.8,1013.9,2.0,7.0,27.000000000000004,25.1,No,Yes
2012-11-10,Brisbane,20.4,22.4,8.0,5.4,0.0,WNW,22.0,WNW,SSE,4.0,6.0,88.0,91.0,1017.0,1015.2,8.0,8.0,22.1,19.8,Yes,Yes
2012-11-11,Brisbane,16.9,25.8,22.0,3.0,7.1,SSE,46.0,SSE,SE,15.0,19.0,62.0,37.0,1021.8,1019.9,7.0,2.0,22.3,24.6,Yes,No
2012-11-12,Brisbane,15.299999999999999,25.8,0.0,8.0,11.7,E,30.0,SE,E,9.0,13.0,58.00000000000001,45.0,1024.9,1021.2,7.0,2.0,21.3,24.2,No,No
2012-11-13,Brisbane,14.1,26.800000000000004,0.0,7.2,11.9,NE,22.0,WNW,NNE,4.0,9.0,50.0,48.0,1022.1,1018.0,1.0,2.0,23.4,25.5,No,No
2012-11-14,Brisbane,14.799999999999999,27.9,0.0,8.0,12.3,NE,26.0,N,NNE,6.0,13.0,53.00000000000001,56.0,1019.5,1015.6,1.0,1.0,24.3,26.300000000000004,No,No
2012-11-15,Brisbane,17.8,28.500000000000004,0.0,6.6,11.6,NE,33.0,NE,NE,6.0,13.0,56.0,59.0,1016.6,1012.0,1.0,2.0,25.7,27.099999999999998,No,No
2012-11-16,Brisbane,17.9,31.1,0.0,7.599999999999999,12.1,NE,30.0,NW,NE,7.0,13.0,39.0,59.0,1012.1,1007.0,1.0,1.0,27.4,28.900000000000002,No,No
2012-11-17,Brisbane,22.4,27.2,0.0,8.0,4.7,WSW,70.0,ENE,NNE,6.0,6.0,71.0,61.0,1011.9,1009.7,7.0,3.0,25.9,26.5,No,Yes
2012-11-19,Brisbane,17.6,34.4,16.6,5.8,12.4,WNW,35.0,W,WNW,6.0,13.0,71.0,20.000000000000004,1011.4000000000001,1007.0,1.0,2.0,26.0,33.7,Yes,No
2012-11-20,Brisbane,18.2,28.099999999999998,0.0,9.0,12.0,ENE,26.0,S,ENE,6.0,9.0,44.0,43.0,1017.0,1014.6,6.0,1.0,23.4,25.7,No,No
2012-11-21,Brisbane,17.7,28.099999999999998,0.0,8.0,12.1,SE,28.0,SE,E,9.0,13.0,56.0,61.0,1017.0,1013.7,4.0,4.0,25.5,24.7,No,No
2012-11-22,Brisbane,18.1,28.9,0.0,5.6,9.0,ENE,24.000000000000004,W,NNE,4.0,7.000000000000001,58.00000000000001,56.99999999999999,1014.2,1010.5,2.0,7.0,25.1,27.099999999999998,No,No
2012-11-23,Brisbane,22.4,28.099999999999998,0.0,7.800000000000001,8.6,ENE,26.0,ENE,ENE,7.0,9.0,58.00000000000001,60.00000000000001,1017.0,1015.3,3.0,7.0,26.0,25.7,No,No
2012-11-24,Brisbane,19.1,27.700000000000003,0.0,7.0,11.6,NE,26.0,ENE,ENE,11.0,11.0,58.00000000000001,56.99999999999999,1019.3000000000001,1016.7,7.0,7.0,24.4,26.0,No,No
2012-11-25,Brisbane,19.8,28.099999999999998,0.0,6.8,11.7,ENE,28.0,NNE,NE,7.0,9.0,57.0,53.99999999999999,1019.0,1016.3,3.0,1.0,26.0,27.000000000000004,No,No
2012-11-26,Brisbane,21.2,28.8,0.0,7.599999999999999,9.7,E,30.0,NNE,NE,4.0,13.0,65.0,46.00000000000001,1019.1,1015.7,3.0,3.0,25.0,27.599999999999998,No,No
2012-11-27,Brisbane,19.0,29.399999999999995,0.0,7.800000000000001,11.0,NNE,26.0,NW,NNE,6.0,7.000000000000001,62.0,53.0,1018.1,1015.0,7.0,7.0,25.600000000000005,28.099999999999998,No,No
2012-11-28,Brisbane,20.7,30.3,0.0,8.4,11.2,NE,26.0,NE,NNE,4.0,11.0,59.0,53.99999999999999,1016.8,1013.7,6.0,7.0,27.300000000000004,28.400000000000002,No,Yes
2012-11-29,Brisbane,20.5,29.9,5.0,7.0,11.3,NNE,20.0,E,NNE,4.0,9.0,57.0,53.0,1016.6,1013.9,2.0,1.0,26.600000000000005,29.199999999999996,Yes,No
2012-11-30,Brisbane,20.0,30.6,0.0,7.0,13.2,NE,26.0,E,NNE,6.0,11.0,58.00000000000001,48.0,1017.2,1015.0,1.0,1.0,27.599999999999998,29.6,No,No
2013-01-01,Brisbane,20.1,30.099999999999998,0.0,7.2,8.9,ENE,22.0,ENE,ENE,6.0,11.0,63.0,51.0,1016.2,1013.0,6.0,7.0,27.799999999999997,28.200000000000003,No,No
2013-01-02,Brisbane,21.4,34.8,0.0,8.0,13.1,SE,30.0,SW,ENE,4.0,13.0,56.0,47.0,1011.4000000000001,1007.7,1.0,1.0,28.6,32.9,No,No
2013-01-03,Brisbane,23.5,30.7,0.0,11.8,11.7,ESE,37.0,SE,E,15.0,19.0,54.0,53.0,1015.3,1013.0,3.0,1.0,28.099999999999998,28.299999999999997,No,No
2013-01-04,Brisbane,21.6,29.8,0.0,10.8,12.1,ENE,33.0,ESE,ESE,11.0,14.999999999999998,51.0,44.0,1016.0,1013.9,5.0,2.0,27.000000000000004,28.799999999999997,No,No
2013-01-05,Brisbane,21.7,28.500000000000004,0.0,9.8,6.1,ENE,33.0,ESE,ENE,6.0,13.0,58.00000000000001,60.00000000000001,1017.0,1015.5,6.0,5.0,26.300000000000004,27.4,No,Yes
2013-01-06,Brisbane,21.1,29.2,2.0,7.4,6.5,E,31.0,SSE,E,7.0,19.0,79.0,53.99999999999999,1018.4,1017.4,6.0,6.0,25.5,27.799999999999997,Yes,No
2013-01-07,Brisbane,19.8,30.500000000000004,0.2,8.8,8.9,ESE,35.0,E,ESE,17.0,11.0,54.0,49.00000000000001,1019.3000000000001,1016.9,7.0,7.0,26.7,28.499999999999996,No,No
2013-01-08,Brisbane,20.4,30.3,0.0,10.4,11.2,NNE,28.0,W,NE,2.0,13.0,66.0,53.99999999999999,1014.0,1008.1,6.0,1.0,25.8,29.8,No,No
2013-01-09,Brisbane,21.6,33.3,0.0,8.8,12.6,NE,35.0,N,NNE,6.0,14.999999999999998,54.0,59.0,1004.7000000000002,999.3,1.0,2.0,28.6,30.8,No,No
2013-01-10,Brisbane,23.5,31.7,0.0,10.0,11.1,E,30.0,ENE,ENE,6.0,16.999999999999996,54.0,56.99999999999999,1006.0,1005.9,5.0,7.0,30.6,30.3,No,No
2013-01-11,Brisbane,25.800000000000004,33.4,0.0,9.8,11.4,NE,30.0,NE,NNE,9.0,13.0,66.0,48.0,1012.1,1009.9,5.0,3.0,29.699999999999996,31.9,No,No
2013-01-12,Brisbane,26.1,34.2,0.0,9.4,9.8,NE,30.0,NNW,NNE,6.0,11.0,56.0,60.00000000000001,1012.7,1009.3,1.0,1.0,31.9,31.7,No,No
2013-01-13,Brisbane,24.6,33.9,0.0,9.8,12.9,NE,28.0,NW,NE,4.0,11.0,60.0,56.99999999999999,1011.1,1007.9,1.0,1.0,29.899999999999995,31.4,No,No
2013-01-14,Brisbane,24.2,32.1,0.0,10.8,3.1,SE,46.0,SSE,SE,7.0,16.999999999999996,51.0,69.0,1008.7,1009.5,7.0,7.0,30.9,26.300000000000004,No,No
2013-01-15,Brisbane,21.9,29.399999999999995,0.0,6.6,6.3,SSE,33.0,SE,E,15.0,14.999999999999998,63.0,51.0,1016.7,1014.4,7.0,6.0,23.7,28.099999999999998,No,No
2013-01-16,Brisbane,19.9,29.9,0.0,6.8,12.3,E,28.0,ESE,ENE,4.0,11.0,53.00000000000001,52.0,1015.5,1013.0,3.0,2.0,26.5,29.1,No,No
2013-01-17,Brisbane,19.9,30.0,0.0,7.800000000000001,11.5,ENE,28.0,ENE,ENE,4.0,13.0,56.0,47.0,1013.5,1010.3,4.0,1.0,26.9,28.799999999999997,No,No
2013-01-18,Brisbane,21.4,32.6,0.0,7.599999999999999,12.3,NE,31.0,NNW,NNE,7.0,11.0,57.0,52.0,1011.6,1006.8,1.0,1.0,27.900000000000002,30.3,No,No
2013-01-19,Brisbane,23.1,35.4,0.0,10.2,11.2,ENE,30.0,W,NE,4.0,13.0,56.0,56.99999999999999,1008.7,1006.0,5.0,1.0,30.1,31.9,No,Yes
2013-01-20,Brisbane,23.5,32.2,1.2,8.4,10.8,ENE,31.0,NNE,E,4.0,13.0,65.0,56.0,1012.6000000000001,1010.0,3.0,2.0,27.799999999999997,30.5,Yes,Yes
2013-01-21,Brisbane,22.1,29.700000000000003,1.2,9.4,6.1,SE,26.0,S,SE,4.0,7.000000000000001,73.0,72.0,1012.5,1009.9,6.0,7.0,26.300000000000004,26.600000000000005,Yes,Yes
2013-01-23,Brisbane,21.1,31.300000000000004,0.4,6.4,6.6,E,26.0,ESE,ENE,4.0,13.0,65.0,63.00000000000001,1012.7,1010.3,6.0,6.0,27.799999999999997,28.699999999999996,No,No
2013-01-24,Brisbane,23.0,26.7,0.0,6.2,0.0,NE,24.000000000000004,SE,ESE,7.0,4.0,79.0,81.0,1012.7,1010.6,7.0,8.0,25.5,25.7,No,Yes
2013-01-25,Brisbane,22.6,27.399999999999995,21.6,4.8,0.0,ENE,44.0,ENE,E,9.0,13.0,90.0,92.00000000000001,1010.2,1008.1,8.0,8.0,24.7,24.2,Yes,Yes
2013-01-26,Brisbane,23.1,26.1,39.2,1.6,0.0,NE,44.0,ENE,E,17.0,14.999999999999998,92.0,91.0,1008.1,1006.0,8.0,8.0,24.9,25.1,Yes,Yes
2013-01-27,Brisbane,23.2,25.3,54.6,2.0,0.0,E,70.0,E,E,22.0,24.0,92.0,96.99999999999999,1003.3,999.0,8.0,8.0,24.2,23.7,Yes,Yes
2013-01-28,Brisbane,23.1,28.8,145.0,2.1,3.2,E,67.0,ENE,NE,37.0,13.0,90.0,76.0,998.4,998.1,8.0,7.0,25.2,27.4,Yes,Yes
2013-03-01,Brisbane,22.6,26.7,0.0,4.8,0.0,E,17.0,N,NE,4.0,6.0,78.0,81.0,1009.9,1008.0,8.0,8.0,24.9,25.2,No,Yes
2013-03-02,Brisbane,20.6,23.9,14.8,2.6,0.3,E,22.0,SSW,ESE,6.0,9.0,92.0,96.99999999999999,1009.6,1009.7,7.0,8.0,23.1,20.7,Yes,Yes
2013-03-03,Brisbane,20.3,26.3,91.6,1.8,0.3,ESE,20.0,SE,S,2.0,4.0,89.0,87.0,1013.3,1011.1,8.0,8.0,23.1,23.8,Yes,Yes
2013-03-04,Brisbane,20.5,28.099999999999998,11.799999999999999,2.8,7.6,E,39.0,ESE,ESE,15.0,16.999999999999996,74.0,76.0,1014.5,1012.7,4.0,5.0,26.100000000000005,24.6,Yes,Yes
2013-03-05,Brisbane,20.7,27.5,4.6,6.8,4.7,E,41.0,E,ESE,17.0,14.999999999999998,84.0,79.0,1016.4,1014.8,7.0,7.0,23.2,23.4,Yes,Yes
2013-03-06,Brisbane,20.0,27.299999999999997,2.2,5.6,6.5,SE,39.0,ESE,E,13.0,11.0,73.0,85.0,1017.0,1015.1,7.0,6.0,24.1,23.2,Yes,Yes
2013-03-08,Brisbane,19.4,28.099999999999998,1.8000000000000003,6.4,6.5,E,33.0,SE,SE,13.0,11.0,64.0,61.0,1019.0,1016.3,7.0,5.0,25.4,26.300000000000004,Yes,Yes
2013-03-09,Brisbane,19.8,26.7,5.0,4.2,5.9,SE,41.0,SSE,ESE,9.0,13.0,72.0,60.00000000000001,1018.6,1016.2,7.0,7.0,24.8,25.600000000000005,Yes,Yes
2013-03-10,Brisbane,19.2,28.3,3.2,6.0,7.499999999999999,E,30.0,SSW,ESE,4.0,14.999999999999998,77.0,52.0,1017.5,1014.7,7.0,4.0,23.6,27.4,Yes,No
2013-03-11,Brisbane,19.7,28.0,0.8,7.0,8.4,SE,37.0,SE,ESE,11.0,14.999999999999998,66.0,56.99999999999999,1016.9,1014.8,6.0,5.0,25.9,26.4,No,No
2013-03-12,Brisbane,18.9,27.600000000000005,0.2,7.0,8.5,SE,43.0,SSE,SE,11.0,13.0,68.0,64.0,1016.3,1013.7,4.0,6.0,25.2,24.5,No,Yes
2013-03-13,Brisbane,19.3,28.500000000000004,1.4,5.0,8.9,SE,35.0,SE,ESE,11.0,14.999999999999998,64.0,56.99999999999999,1011.9,1008.2,1.0,6.0,24.8,27.099999999999998,Yes,No
2013-03-14,Brisbane,17.9,29.9,0.0,8.0,8.0,SSE,22.0,WSW,SE,6.0,13.0,62.0,51.0,1009.3,1006.7,2.0,7.0,24.8,28.299999999999997,No,No
2013-03-15,Brisbane,18.3,30.8,0.0,4.8,10.5,E,19.0,WSW,NE,6.0,7.000000000000001,63.0,50.0,1014.1,1011.5,1.0,1.0,24.8,28.099999999999998,No,No
2013-03-16,Brisbane,20.1,31.2,0.0,5.4,11.1,ENE,22.0,SW,NNE,4.0,7.000000000000001,65.0,55.0,1015.2,1011.2,1.0,1.0,25.9,29.5,No,No
2013-03-17,Brisbane,20.3,32.4,0.0,5.2,10.2,SE,43.0,NE,NE,2.0,7.000000000000001,70.0,62.0,1010.7,1007.0,0.0,2.0,27.200000000000003,30.8,No,No
2013-03-18,Brisbane,20.3,27.1,0.0,8.0,7.2,SE,35.0,SE,E,7.0,19.0,62.0,55.0,1017.6,1016.1,7.0,4.0,24.1,25.600000000000005,No,No
2013-03-19,Brisbane,17.5,26.800000000000004,0.0,7.0,8.4,ENE,37.0,E,E,6.0,16.999999999999996,64.0,50.0,1020.8,1019.2,4.0,7.0,24.2,25.0,No,No
2013-03-20,Brisbane,20.3,27.2,0.0,8.4,1.2,E,35.0,SSW,ESE,4.0,13.0,70.0,72.0,1022.5,1019.9,7.0,7.0,23.3,22.3,No,Yes
2013-03-21,Brisbane,19.2,26.900000000000002,5.0,2.6,5.6,E,26.0,ESE,ENE,4.0,13.0,69.0,67.0,1021.0,1017.9,5.0,7.0,25.0,25.4,Yes,No
2013-03-22,Brisbane,20.8,28.099999999999998,0.4,5.0,4.9,ENE,19.0,WNW,ENE,2.0,9.0,79.0,73.0,1020.9,1017.3,7.0,7.0,24.7,26.4,No,No
2013-03-23,Brisbane,21.4,31.2,0.0,4.0,8.6,NE,20.0,W,NNE,6.0,9.0,72.0,63.00000000000001,1019.2,1014.8,7.0,1.0,26.0,29.1,No,No
2013-03-25,Brisbane,19.5,30.8,21.2,8.8,10.3,E,24.000000000000004,WSW,E,4.0,9.0,75.0,60.00000000000001,1017.4,1014.0,4.0,1.0,25.3,30.0,Yes,No
2013-03-26,Brisbane,19.7,29.1,0.0,4.8,10.8,E,24.000000000000004,E,E,7.0,14.999999999999998,69.0,53.99999999999999,1019.5,1016.5,3.0,3.0,25.8,27.700000000000003,No,No
2013-03-27,Brisbane,20.7,28.199999999999996,0.4,5.6,9.3,E,28.0,SSE,ENE,6.0,11.0,77.0,59.0,1020.1,1017.4,6.0,2.0,25.0,27.599999999999998,No,No
2013-03-28,Brisbane,19.4,28.199999999999996,0.6,5.6,9.6,E,20.0,S,E,2.0,7.000000000000001,76.0,59.0,1020.1,1016.4,6.0,3.0,25.4,26.0,No,No
2013-03-29,Brisbane,18.7,30.199999999999996,0.2,5.4,6.8,SSE,20.0,SW,S,4.0,7.000000000000001,70.0,51.0,1015.8,1012.8,1.0,5.0,24.6,29.399999999999995,No,No
2013-03-30,Brisbane,21.1,26.7,0.0,6.2,3.0,SE,24.000000000000004,SE,E,11.0,11.0,63.0,60.00000000000001,1017.1,1013.7,7.0,2.0,24.6,25.8,No,No
2013-03-31,Brisbane,18.0,28.3,0.0,3.7999999999999994,4.7,W,33.0,SSW,ENE,4.0,6.0,73.0,73.0,1014.7,1011.1,5.0,8.0,23.6,24.6,No,Yes
2013-04-01,Brisbane,18.3,26.4,24.199999999999996,5.6,5.9,E,20.0,SW,E,7.0,7.000000000000001,73.0,64.0,1014.7,1012.2,6.0,7.0,22.1,25.1,Yes,No
2013-04-02,Brisbane,18.2,28.4,0.0,3.2,8.0,ENE,20.0,SSW,ESE,6.0,9.0,65.0,58.0,1015.4,1012.8,1.0,4.0,23.7,25.8,No,No
2013-04-03,Brisbane,19.0,28.0,0.0,3.6,6.5,ESE,26.0,SSW,E,4.0,11.0,70.0,58.0,1017.7,1015.4,2.0,3.0,24.4,26.4,No,Yes
2013-04-04,Brisbane,17.6,26.800000000000004,2.4,4.4,8.4,ESE,37.0,SSE,SE,7.0,13.0,65.0,56.0,1023.2,1021.3000000000001,7.0,5.0,22.9,25.1,Yes,Yes
2013-04-05,Brisbane,17.8,26.1,6.0,8.6,9.2,SSE,39.0,S,SE,6.0,14.999999999999998,72.0,52.0,1025.5,1023.2,2.0,4.0,22.9,24.3,Yes,Yes
2013-04-06,Brisbane,16.9,24.6,2.0,6.4,2.7,SE,30.0,SSW,S,4.0,4.0,76.0,68.0,1024.4,1020.7,7.0,8.0,21.4,22.1,Yes,No
2013-04-07,Brisbane,17.7,24.9,0.2,4.8,3.1,ESE,24.000000000000004,SW,E,6.0,2.0,71.0,68.0,1022.2,1019.5,7.0,7.0,21.8,22.0,No,Yes
2013-04-08,Brisbane,16.9,25.0,1.4,1.6,5.5,E,35.0,SSE,ENE,4.0,9.0,79.0,66.0,1022.7,1020.5,7.0,7.0,20.8,24.1,Yes,No
2013-04-09,Brisbane,16.7,25.9,0.4,3.2,8.8,SSE,26.0,SE,E,7.0,11.0,71.0,56.0,1023.5,1019.9,6.0,6.0,21.7,24.7,No,No
2013-04-10,Brisbane,17.3,23.9,0.4,5.2,2.1,E,30.0,SSE,E,7.0,7.000000000000001,79.0,67.0,1021.8,1019.1,7.0,7.0,20.1,23.0,No,No
2013-04-11,Brisbane,17.1,25.8,0.4,7.0,6.4,ESE,39.0,S,ESE,6.0,11.0,66.0,66.0,1021.0,1019.4,3.0,7.0,23.3,23.5,No,No
2013-04-12,Brisbane,18.2,23.7,0.2,2.2,1.7,E,30.0,SSE,SE,7.0,7.000000000000001,76.0,79.0,1021.0,1017.8,8.0,7.0,21.4,22.7,No,Yes
2013-04-13,Brisbane,18.4,22.5,36.6,4.3,0.0,SSE,26.0,S,SSW,2.0,4.0,96.00000000000001,92.00000000000001,1016.9,1013.5,8.0,8.0,20.2,20.9,Yes,Yes
2013-04-14,Brisbane,17.1,28.3,17.4,2.6,8.1,WSW,19.0,SW,SSE,7.0,4.0,71.0,52.0,1013.8,1010.9,1.0,7.0,22.399999999999995,26.5,Yes,No
2013-04-15,Brisbane,17.6,27.5,0.0,1.8,7.2,NE,19.0,SW,NE,4.0,9.0,84.0,63.00000000000001,1012.8,1009.1,7.0,5.0,21.3,26.300000000000004,No,No
2013-04-16,Brisbane,17.3,29.2,0.0,2.6,6.0,WNW,43.0,WSW,SSW,2.0,6.0,85.0,71.0,1013.5,1011.8,5.0,7.0,21.1,21.0,No,Yes
2013-04-17,Brisbane,16.3,26.900000000000002,6.0,2.6,9.8,ENE,19.0,W,E,2.0,6.0,72.0,56.99999999999999,1015.3,1011.7,1.0,1.0,22.9,26.4,Yes,Yes
2013-04-18,Brisbane,18.4,29.9,6.999999999999999,7.0,9.0,W,24.000000000000004,W,W,4.0,7.000000000000001,77.0,52.0,1014.9,1010.7,1.0,5.0,22.9,29.3,Yes,No
2013-04-19,Brisbane,13.8,28.199999999999996,0.0,4.2,10.4,W,31.0,SW,WSW,4.0,11.0,52.0,26.999999999999996,1012.9,1008.9,1.0,2.0,22.2,27.900000000000002,No,No
2013-04-20,Brisbane,14.0,25.5,0.0,6.8,10.7,W,30.0,SW,WSW,4.0,13.0,42.99999999999999,25.0,1011.6999999999999,1008.1,2.0,1.0,20.0,24.9,No,No
2013-04-21,Brisbane,12.0,26.2,0.0,6.4,10.8,E,17.0,SW,NE,6.0,6.0,52.0,50.0,1014.1,1011.3,1.0,2.0,19.6,24.1,No,No
2013-04-22,Brisbane,15.0,27.399999999999995,0.0,3.2,10.2,ENE,20.0,WSW,NE,4.0,7.000000000000001,77.0,53.99999999999999,1014.7,1010.2,5.0,1.0,20.6,26.0,No,No
2013-04-23,Brisbane,16.4,30.199999999999996,0.0,6.0,10.1,ENE,19.0,SW,NE,2.0,7.000000000000001,69.0,56.0,1013.3,1010.6,1.0,5.0,22.399999999999995,28.200000000000003,No,No
2013-04-24,Brisbane,17.1,26.6,0.0,3.2,10.5,E,20.0,SW,E,6.0,11.0,69.0,53.0,1018.4,1015.7,1.0,1.0,21.4,26.100000000000005,No,No
2013-04-25,Brisbane,16.0,28.6,0.0,4.0,10.5,W,15.0,WSW,W,6.0,7.000000000000001,71.0,38.0,1020.6,1017.4,1.0,1.0,21.4,27.900000000000002,No,No
2013-04-26,Brisbane,15.4,26.800000000000004,0.0,3.2,10.0,ESE,20.0,SSW,E,4.0,9.0,65.0,68.0,1022.7,1020.4,2.0,7.0,21.7,24.0,No,No
2013-04-27,Brisbane,16.0,26.1,0.0,4.0,9.0,ENE,20.0,WSW,ESE,6.0,9.0,72.0,41.0,1023.4,1019.8,3.0,6.0,21.5,25.2,No,No
2013-04-28,Brisbane,14.1,27.600000000000005,0.0,3.7999999999999994,10.6,SW,13.0,SW,ESE,2.0,6.0,71.0,47.0,1022.3,1018.9,1.0,1.0,20.6,26.5,No,No
2013-04-29,Brisbane,15.799999999999999,27.2,0.0,4.0,10.4,NE,19.0,WSW,ENE,6.0,9.0,73.0,59.0,1023.6,1021.4,1.0,1.0,21.3,26.100000000000005,No,No
2013-04-30,Brisbane,16.6,27.0,0.0,4.0,7.4,ENE,22.0,SW,E,4.0,9.0,80.99999999999999,56.99999999999999,1023.5,1020.8,7.0,1.0,20.1,25.5,No,No
2013-05-01,Brisbane,15.9,27.299999999999997,0.0,3.6,8.6,ESE,20.0,SW,ENE,6.0,7.000000000000001,74.0,59.0,1021.2,1017.3,2.0,5.0,21.4,25.1,No,No
2013-05-02,Brisbane,15.9,27.299999999999997,0.0,3.2,8.5,SE,39.0,WSW,SE,4.0,16.999999999999996,83.0,62.0,1018.8,1017.7,0.0,3.0,20.1,24.8,No,No
2013-05-03,Brisbane,16.8,24.8,0.0,5.4,9.6,SE,26.0,SW,ESE,7.0,7.000000000000001,60.0,51.0,1025.2,1021.3000000000001,2.0,3.0,20.4,23.7,No,No
2013-05-04,Brisbane,12.900000000000002,28.6,0.0,4.8,10.1,W,28.0,SW,WSW,4.0,9.0,71.0,34.0,1021.7,1016.1,1.0,1.0,19.1,28.099999999999998,No,No
2013-05-05,Brisbane,14.799999999999999,24.0,0.0,4.8,7.0,E,26.0,SW,ENE,4.0,6.0,67.0,68.0,1021.9,1018.3,5.0,5.0,20.7,22.4,No,No
2013-05-06,Brisbane,14.799999999999999,23.9,0.0,2.6,7.8,E,26.0,SSW,ESE,2.0,9.0,70.0,63.00000000000001,1023.1,1020.2,3.0,4.0,20.4,21.7,No,No
2013-05-07,Brisbane,14.900000000000002,23.9,0.0,4.4,8.4,ESE,26.0,SW,ESE,6.0,13.0,73.0,56.99999999999999,1025.6,1023.1000000000001,3.0,7.0,19.1,22.4,No,No
2013-05-08,Brisbane,15.0,24.0,0.0,4.4,9.1,SSE,31.0,SW,ESE,4.0,9.0,69.0,49.00000000000001,1028.4,1025.5,5.0,3.0,20.1,22.3,No,No
2013-05-09,Brisbane,14.299999999999999,24.4,0.0,5.0,7.499999999999999,SE,30.0,SSW,SSE,2.0,11.0,71.0,58.0,1028.8,1025.5,5.0,3.0,19.1,21.7,No,Yes
2013-05-10,Brisbane,15.799999999999999,23.5,1.2,3.4,4.8,ESE,30.0,SW,ESE,6.0,13.0,78.0,65.0,1027.6,1025.0,6.0,4.0,18.2,21.6,Yes,No
2013-05-11,Brisbane,13.900000000000002,22.6,0.8,2.4,3.0,SE,26.0,SW,ESE,4.0,7.000000000000001,80.99999999999999,89.0,1026.6,1024.1,6.0,8.0,18.0,18.4,No,Yes
2013-05-12,Brisbane,14.799999999999999,23.8,4.6,2.2,6.5,SE,22.0,S,SE,4.0,9.0,87.0,69.0,1025.9,1022.1999999999999,7.0,6.0,17.3,21.9,Yes,Yes
2013-05-14,Brisbane,17.6,23.9,1.8000000000000003,1.2,4.2,W,26.0,WSW,W,2.0,6.0,96.00000000000001,62.0,1014.6,1010.5,8.0,7.0,18.6,23.6,Yes,Yes
2013-05-15,Brisbane,15.4,23.2,1.2,2.6,9.4,SW,20.0,WSW,W,11.0,7.000000000000001,54.0,35.0,1014.8,1012.2,7.0,7.0,18.5,22.2,Yes,No
2013-05-16,Brisbane,15.4,18.6,0.0,4.0,0.0,WSW,19.0,WSW,WNW,2.0,7.000000000000001,55.0,55.0,1015.0,1012.7,7.0,7.0,17.2,17.7,No,No
2013-05-17,Brisbane,9.9,23.4,0.0,1.6,10.2,WNW,39.0,W,WSW,6.0,13.0,55.0,35.0,1016.8,1012.7,0.0,1.0,18.5,23.1,No,No
2013-05-18,Brisbane,8.6,22.8,0.0,5.2,10.2,W,35.0,SW,W,4.0,13.0,46.0,32.0,1017.1,1012.6,0.0,1.0,17.8,22.2,No,No
2013-05-19,Brisbane,8.6,21.6,0.0,5.4,10.1,W,30.0,WSW,W,7.0,11.0,45.0,33.0,1018.5,1015.0,0.0,0.0,16.6,20.9,No,No
2013-05-20,Brisbane,8.3,22.3,0.0,5.0,9.6,NW,17.0,SW,WNW,4.0,7.000000000000001,59.0,32.0,1019.5,1015.1,6.0,1.0,14.399999999999999,21.9,No,No
2013-05-21,Brisbane,9.2,21.8,0.0,3.6,6.0,SW,13.0,SW,WSW,4.0,2.0,58.00000000000001,42.0,1019.5999999999999,1015.4,7.0,7.0,14.100000000000001,20.7,No,No
2013-05-22,Brisbane,11.2,18.0,0.0,1.8,0.0,NE,24.000000000000004,SW,WSW,7.0,7.000000000000001,69.0,83.0,1015.6,1012.7,8.0,8.0,15.0,14.399999999999999,No,Yes
2013-05-23,Brisbane,11.6,22.1,5.0,0.4,10.0,W,33.0,W,W,9.0,14.999999999999998,69.0,48.0,1010.2,1007.3,2.0,3.0,17.9,21.3,Yes,No
2013-05-24,Brisbane,10.4,20.8,0.0,7.0,7.299999999999999,WSW,44.0,W,WSW,20.0,16.999999999999996,68.0,60.00000000000001,1010.2,1008.9,1.0,7.0,16.0,17.4,No,No
2013-05-25,Brisbane,14.199999999999998,24.4,1.0,4.8,8.3,SW,30.0,SW,SSW,7.0,7.000000000000001,54.0,49.00000000000001,1018.0,1018.0,1.0,7.0,19.3,21.7,No,No
2013-05-26,Brisbane,12.0,23.8,0.0,4.6,8.2,WSW,19.0,SW,SSW,7.0,4.0,58.00000000000001,45.0,1024.6,1021.2,2.0,4.0,17.3,23.0,No,No
2013-05-27,Brisbane,11.7,24.5,0.0,3.2,9.2,SE,28.0,SW,SE,6.0,13.0,65.0,47.0,1025.8,1023.7999999999998,1.0,1.0,17.4,23.0,No,Yes
2013-05-28,Brisbane,14.900000000000002,22.2,1.6,4.0,3.8,E,31.0,SW,ESE,6.0,7.000000000000001,72.0,85.0,1028.2,1026.9,3.0,7.0,18.9,18.6,Yes,Yes
2013-05-29,Brisbane,13.699999999999998,23.2,4.4,3.2,6.3,E,30.0,SSE,E,6.0,13.0,77.0,60.00000000000001,1030.4,1027.9,7.0,6.0,19.3,21.3,Yes,No
2013-05-30,Brisbane,14.1,21.4,0.8,3.0,1.8,ENE,17.0,WSW,SE,4.0,6.0,85.99999999999999,96.0,1028.1,1026.4,6.0,7.0,17.4,17.6,No,Yes
2013-05-31,Brisbane,14.299999999999999,23.1,17.4,3.7999999999999994,8.5,ENE,26.0,SW,E,4.0,13.0,90.0,60.00000000000001,1028.1,1025.0,6.0,5.0,18.9,21.6,Yes,Yes
2013-06-01,Brisbane,13.400000000000002,22.2,2.6,4.0,0.9,ESE,13.0,SW,ENE,4.0,4.0,85.0,59.0,1024.1,1019.1,7.0,7.0,17.0,21.7,Yes,No
2013-06-02,Brisbane,15.1,24.7,0.0,1.8,5.3,W,37.0,NNE,W,4.0,16.999999999999996,72.0,79.0,1013.8,1009.1,7.0,7.0,20.4,20.4,No,Yes
2013-06-03,Brisbane,12.900000000000002,22.7,1.4,3.2,10.1,WSW,26.0,WSW,SW,7.0,7.000000000000001,59.0,36.0,1016.1,1015.6,1.0,1.0,17.9,21.8,Yes,No
2013-06-04,Brisbane,9.9,23.6,0.0,4.0,9.8,WSW,20.0,SW,SE,7.0,2.0,57.0,45.0,1024.0,1021.6,0.0,4.0,16.1,22.7,No,No
2013-06-05,Brisbane,11.7,20.9,0.0,2.4,0.2,WSW,13.0,WSW,WNW,6.0,4.0,75.0,65.0,1026.1,1023.2,8.0,7.0,15.4,20.6,No,No
2013-06-07,Brisbane,14.799999999999999,24.5,0.0,2.2,3.3,S,11.0,SW,WNW,6.0,2.0,78.0,55.0,1025.5,1021.7,7.0,6.0,17.6,23.5,No,No
2013-06-08,Brisbane,13.400000000000002,23.0,0.0,1.8,2.6,SSE,26.0,SW,SSE,6.0,4.0,85.0,83.0,1026.1,1024.1,7.0,8.0,15.8,19.6,No,Yes
2013-06-09,Brisbane,15.799999999999999,22.1,6.0,0.6,1.3,ESE,33.0,ESE,SE,2.0,13.0,92.0,56.99999999999999,1026.1,1022.9,7.0,7.0,17.3,20.6,Yes,Yes
2013-06-10,Brisbane,15.1,18.7,3.0,4.2,0.0,W,15.0,S,WSW,2.0,6.0,95.0,96.99999999999999,1022.4,1019.7,8.0,8.0,16.4,17.6,Yes,Yes
2013-06-12,Brisbane,16.3,22.0,0.2,0.0,1.5,NNE,26.0,WSW,NE,4.0,13.0,97.0,83.0,1018.1,1013.5,8.0,6.0,17.9,21.3,No,Yes
2013-06-13,Brisbane,15.9,22.8,2.4,1.6,1.7,WSW,13.0,SW,WSW,4.0,6.0,85.0,74.0,1012.2,1009.3,6.0,7.0,20.0,21.5,Yes,No
2013-06-14,Brisbane,14.799999999999999,20.9,0.0,2.0,10.0,W,35.0,W,W,11.0,14.999999999999998,58.00000000000001,45.0,1011.5,1008.5,1.0,1.0,17.5,20.7,No,No
2013-06-15,Brisbane,11.4,20.1,0.0,4.0,9.9,W,39.0,W,W,13.0,19.0,60.0,48.0,1011.8,1011.3,1.0,1.0,15.9,18.8,No,No
2013-06-16,Brisbane,10.8,21.7,0.0,5.8,9.8,W,13.0,SW,SW,4.0,2.0,63.0,45.0,1014.9,1011.2,1.0,1.0,15.5,21.3,No,No
2013-06-17,Brisbane,8.9,20.3,0.0,2.2,9.8,W,33.0,W,W,9.0,13.0,50.0,36.0,1011.6999999999999,1008.1,1.0,1.0,15.1,19.6,No,No
2013-06-18,Brisbane,6.700000000000001,20.2,0.0,4.6,9.8,W,22.0,WSW,WNW,7.0,11.0,54.0,31.0,1014.1,1011.4,1.0,1.0,13.999999999999998,19.3,No,No
2013-06-19,Brisbane,8.6,20.1,0.0,3.0,9.1,SW,24.000000000000004,WSW,SSW,11.0,4.0,53.00000000000001,35.0,1018.0,1016.2,1.0,4.0,13.899999999999999,19.0,No,No
2013-06-20,Brisbane,12.3,19.3,0.0,4.8,1.0,SW,15.0,SW,WSW,4.0,6.0,63.0,58.0,1020.7,1017.7,7.0,7.0,14.8,18.8,No,Yes
2013-06-21,Brisbane,12.3,13.6,2.6,2.2,0.0,WSW,13.0,SW,SW,4.0,4.0,92.0,90.0,1019.8,1017.3,8.0,8.0,12.7,13.400000000000002,Yes,Yes
2013-06-22,Brisbane,9.8,20.7,6.0,0.2,9.2,W,17.0,WSW,SE,6.0,4.0,85.99999999999999,50.0,1021.7,1019.3,1.0,3.0,12.4,20.1,Yes,No
2013-06-23,Brisbane,8.6,22.1,0.0,2.6,8.0,WSW,19.0,SW,S,6.0,4.0,73.0,45.0,1024.7,1021.2,3.0,5.0,14.200000000000001,20.4,No,No
2013-06-24,Brisbane,10.5,21.0,0.0,2.6,9.6,W,26.0,SW,WSW,4.0,7.000000000000001,70.0,33.0,1022.0,1017.6,2.0,2.0,16.0,20.7,No,No
2013-06-25,Brisbane,5.699999999999999,19.4,0.0,3.2,8.3,W,37.0,SE,W,4.0,9.0,61.0,34.0,1018.7,1013.5,1.0,3.0,12.7,19.1,No,No
2013-06-26,Brisbane,7.3,20.1,0.0,5.0,10.1,W,24.000000000000004,WSW,WSW,9.0,9.0,61.0,35.0,1016.8,1013.2,1.0,1.0,12.9,19.9,No,No
2013-06-27,Brisbane,11.1,19.6,0.0,2.4,3.3,WSW,17.0,WSW,SE,6.0,7.000000000000001,74.0,89.0,1018.6,1016.1,6.0,8.0,15.5,17.5,No,Yes
2013-06-28,Brisbane,14.699999999999998,22.1,1.8000000000000003,0.8,2.1,ESE,22.0,WSW,ESE,7.0,9.0,84.0,68.0,1020.6,1017.7,7.0,6.0,16.5,19.9,Yes,Yes
2013-06-30,Brisbane,13.900000000000002,15.899999999999999,2.4,0.6,0.1,WSW,19.0,SSW,SSW,4.0,6.0,89.0,88.0,1019.8,1017.0,8.0,7.0,15.1,15.3,Yes,Yes
2013-07-01,Brisbane,13.1,17.9,8.8,0.8,0.8,WSW,28.0,SW,WSW,9.0,7.000000000000001,93.0,90.0,1014.1,1010.6,7.0,8.0,14.3,16.4,Yes,Yes
2013-07-02,Brisbane,14.1,23.3,15.399999999999999,1.2,3.7,SW,26.0,SW,S,6.0,9.0,79.0,61.0,1015.0,1014.8,7.0,5.0,17.9,22.4,Yes,No
2013-07-03,Brisbane,15.700000000000001,23.6,0.0,2.0,8.5,SSE,24.000000000000004,SW,SE,6.0,11.0,69.0,61.0,1022.2,1020.7,2.0,3.0,18.7,22.4,No,No
2013-07-04,Brisbane,16.5,23.9,0.4,3.0,8.9,E,19.0,SW,NE,4.0,6.0,76.0,49.00000000000001,1022.0,1017.4,3.0,5.0,19.5,23.1,No,No
2013-07-05,Brisbane,13.400000000000002,23.8,0.0,3.4,4.7,ENE,15.0,SSE,ENE,2.0,7.000000000000001,78.0,70.0,1018.2,1014.4,5.0,6.0,18.8,22.8,No,No
2013-07-06,Brisbane,12.5,25.4,0.0,2.0,9.7,ENE,13.0,WSW,NNE,6.0,6.0,82.0,31.0,1021.7,1019.1,1.0,1.0,16.1,24.4,No,No
2013-07-07,Brisbane,11.4,22.8,0.0,3.2,9.2,E,19.0,SW,E,4.0,9.0,72.0,52.0,1026.1,1024.1,7.0,2.0,14.9,21.6,No,No
2013-07-08,Brisbane,12.1,22.8,0.0,3.2,9.6,W,17.0,SW,W,4.0,6.0,69.0,47.0,1030.6,1027.3,6.0,1.0,15.7,21.6,No,No
2013-07-09,Brisbane,10.7,20.6,0.0,3.4,5.8,SSE,30.0,SSW,ESE,6.0,9.0,66.0,56.0,1030.2,1027.3,2.0,7.0,15.3,18.7,No,Yes
2013-07-10,Brisbane,12.6,17.4,1.6,2.6,0.0,SW,17.0,SW,ESE,6.0,6.0,94.0,76.0,1030.1,1028.0,8.0,8.0,13.600000000000001,17.3,Yes,No
2013-07-11,Brisbane,12.900000000000002,21.4,0.6,0.4,9.6,ESE,22.0,SW,ESE,4.0,9.0,76.0,56.99999999999999,1031.6,1029.4,3.0,2.0,16.6,19.5,No,No
2013-07-12,Brisbane,12.400000000000002,20.7,0.2,5.0,5.2,SSE,19.0,SSW,SE,4.0,4.0,75.0,62.0,1030.0,1026.4,6.0,7.0,16.7,19.8,No,No
2013-07-13,Brisbane,10.1,21.8,0.0,3.2,9.2,E,19.0,SSW,ESE,4.0,7.000000000000001,87.0,53.0,1028.2,1025.1,3.0,2.0,13.600000000000001,19.9,No,Yes
2013-07-14,Brisbane,11.6,19.6,1.6,2.2,2.3,WSW,15.0,SSW,SW,4.0,2.0,95.0,71.0,1027.4,1025.1,7.0,7.0,13.0,18.4,Yes,No
2013-07-15,Brisbane,12.900000000000002,20.3,0.2,0.6,3.1,E,22.0,SW,N,4.0,6.0,84.0,71.0,1026.7,1023.7999999999998,7.0,7.0,16.1,18.7,No,No
2013-07-16,Brisbane,13.1,22.2,0.0,1.6,8.7,E,22.0,SW,ENE,6.0,9.0,80.0,65.0,1026.8,1024.0,2.0,6.0,16.8,20.4,No,No
2013-07-17,Brisbane,13.5,22.1,0.2,2.6,8.1,E,20.0,WSW,ENE,6.0,11.0,88.0,58.0,1025.8,1022.9,5.0,4.0,16.3,20.9,No,No
2013-07-18,Brisbane,12.400000000000002,22.2,0.4,3.2,7.0,E,20.0,WSW,ENE,4.0,7.000000000000001,80.99999999999999,65.0,1024.8,1022.0,5.0,5.0,17.9,21.0,No,Yes
2013-07-19,Brisbane,13.199999999999998,23.5,1.6,1.4,5.1,ENE,20.0,SW,NE,2.0,7.000000000000001,92.0,69.0,1021.9,1017.5,5.0,7.0,17.9,21.6,Yes,Yes
2013-07-20,Brisbane,16.3,23.4,2.8,1.4,3.5,W,37.0,NNW,WNW,4.0,6.0,84.0,85.0,1015.5,1012.5,5.0,7.0,20.1,17.8,Yes,No
2013-07-21,Brisbane,13.0,22.2,0.2,2.4,9.2,W,19.0,W,WNW,9.0,9.0,64.0,43.0,1018.7,1016.1,1.0,6.0,16.9,21.5,No,No
2013-07-22,Brisbane,11.8,18.0,0.2,3.6,1.0,SW,13.0,SW,SW,6.0,2.0,68.0,67.0,1021.5,1020.0,7.0,8.0,13.899999999999999,15.9,No,Yes
2013-07-23,Brisbane,11.8,20.0,3.0,1.4,9.4,W,26.0,SW,W,4.0,11.0,65.0,33.0,1022.8,1018.9,5.0,1.0,15.3,19.7,Yes,No
2013-07-24,Brisbane,7.8999999999999995,21.3,0.0,4.8,9.8,SE,26.0,SW,SW,7.0,4.0,57.0,41.0,1023.1,1020.6,1.0,1.0,13.400000000000002,20.9,No,No
2013-07-25,Brisbane,12.1,21.6,0.0,3.4,6.2,ESE,26.0,SW,ESE,6.0,9.0,56.0,59.0,1026.9,1024.4,5.0,6.0,16.9,19.8,No,No
2013-07-26,Brisbane,14.199999999999998,22.3,0.0,2.8,6.0,E,15.0,SSE,ENE,4.0,7.000000000000001,72.0,67.0,1027.5,1024.9,7.0,6.0,16.6,19.4,No,No
2013-07-27,Brisbane,11.1,22.3,0.0,2.6,9.5,ESE,22.0,SW,E,4.0,13.0,80.99999999999999,56.0,1028.9,1026.4,2.0,4.0,15.8,20.6,No,No
2013-07-28,Brisbane,11.4,22.1,0.0,3.2,5.6,E,33.0,WSW,E,4.0,13.0,77.0,53.0,1028.7,1025.9,1.0,4.0,17.1,20.8,No,No
2013-07-29,Brisbane,13.1,21.8,1.0,2.8,4.9,E,19.0,SSW,WSW,4.0,2.0,85.99999999999999,73.0,1025.4,1022.0,3.0,6.0,16.3,19.4,No,No
2013-07-31,Brisbane,10.7,22.8,0.6,2.2,9.0,SW,20.0,SSW,SSW,6.0,6.0,69.0,53.99999999999999,1017.6,1015.3,1.0,5.0,17.1,22.0,No,No
2013-08-01,Brisbane,12.400000000000002,22.7,0.0,3.4,7.700000000000001,SSE,24.000000000000004,SSW,SSE,4.0,6.0,67.0,55.0,1019.5,1016.8,5.0,7.0,18.2,21.6,No,No
2013-08-02,Brisbane,11.4,24.3,0.0,2.6,9.1,NNW,15.0,SW,NNE,6.0,7.000000000000001,75.0,55.0,1020.0,1015.7,1.0,3.0,16.7,22.5,No,No
2013-08-03,Brisbane,11.6,24.1,0.0,3.0,10.3,WNW,33.0,SW,W,2.0,11.0,51.0,22.0,1018.7,1014.7,0.0,0.0,18.5,23.4,No,No
2013-08-05,Brisbane,8.9,23.9,0.0,4.6,10.1,WNW,22.0,SSE,W,4.0,9.0,53.00000000000001,34.0,1021.0,1016.8,0.0,1.0,17.2,23.0,No,No
2013-08-06,Brisbane,8.5,24.8,0.0,3.6,10.0,W,24.000000000000004,SW,WNW,2.0,7.000000000000001,64.0,30.000000000000004,1019.5999999999999,1014.5,3.0,2.0,15.4,24.5,No,No
2013-08-07,Brisbane,9.2,25.9,0.0,3.4,10.0,WNW,20.0,SSW,WNW,2.0,7.000000000000001,60.0,29.0,1016.8,1011.4,1.0,1.0,16.6,25.2,No,No
2013-08-08,Brisbane,9.1,22.6,0.0,3.6,10.3,W,46.0,SW,W,2.0,19.999999999999996,55.0,25.0,1011.4000000000001,1008.1,0.0,1.0,17.3,21.3,No,No
2013-08-09,Brisbane,9.8,23.0,0.0,9.2,10.2,SW,28.0,SW,WNW,11.0,7.000000000000001,46.0,36.0,1017.2,1014.0,0.0,1.0,16.1,22.6,No,No
2013-08-10,Brisbane,8.8,26.499999999999996,0.0,4.0,10.1,WSW,19.0,SW,SW,4.0,4.0,47.0,28.0,1017.4,1015.3,0.0,1.0,17.4,26.2,No,No
2013-08-11,Brisbane,10.8,26.900000000000002,0.0,3.0,10.0,ENE,15.0,SW,ENE,2.0,9.0,58.00000000000001,37.0,1019.5999999999999,1015.8,4.0,1.0,17.5,25.3,No,No
2013-08-13,Brisbane,13.1,28.0,0.0,3.7999999999999994,10.1,E,26.0,WSW,E,2.0,13.0,56.0,47.0,1015.1,1013.7,1.0,1.0,21.9,24.9,No,No
2013-08-14,Brisbane,13.199999999999998,25.1,0.0,4.6,7.700000000000001,NE,22.0,SSW,ENE,2.0,11.0,70.0,69.0,1017.7,1012.6,1.0,6.0,19.9,22.9,No,No
2013-08-15,Brisbane,13.400000000000002,25.7,0.2,3.0,10.6,W,35.0,WSW,WSW,6.0,13.0,42.99999999999999,19.0,1017.1,1014.9,1.0,0.0,21.9,24.9,No,No
2013-08-16,Brisbane,10.2,21.8,0.0,8.2,10.4,ENE,22.0,SSW,ENE,6.0,13.0,46.0,52.0,1024.0,1019.4,1.0,1.0,16.4,20.9,No,No
2013-08-17,Brisbane,11.5,24.4,0.0,3.6,9.3,ENE,28.0,SW,NE,2.0,11.0,69.0,59.0,1019.3000000000001,1013.7,6.0,2.0,17.7,22.4,No,No
2013-08-18,Brisbane,14.1,26.499999999999996,0.0,3.7999999999999994,10.5,E,20.0,SSW,WSW,4.0,2.0,87.0,29.0,1019.4,1015.6,1.0,1.0,16.4,26.300000000000004,No,No
2013-08-19,Brisbane,13.0,26.1,0.0,4.0,10.4,W,26.0,SW,W,4.0,9.0,69.0,30.000000000000004,1017.0,1010.5,6.0,5.0,18.6,24.9,No,No
2013-08-20,Brisbane,10.7,21.4,0.0,4.0,10.7,W,39.0,WNW,W,7.0,19.0,40.0,22.0,1013.8,1011.2,1.0,1.0,18.8,20.5,No,No
2013-08-21,Brisbane,7.7,20.8,0.0,8.2,10.7,WSW,22.0,WSW,NW,7.0,6.0,38.0,21.0,1017.5,1013.3,1.0,0.0,13.400000000000002,20.1,No,No
2013-08-22,Brisbane,6.8,21.9,0.0,6.0,10.8,W,22.0,SSW,W,6.0,6.0,41.0,22.0,1018.2,1014.3,1.0,3.0,15.0,21.4,No,No
2013-08-23,Brisbane,6.0,23.9,0.0,2.8,11.0,WNW,41.0,WSW,W,2.0,19.0,48.00000000000001,20.000000000000004,1019.0,1014.6,1.0,0.0,15.3,23.0,No,No
2013-08-24,Brisbane,9.0,25.7,0.0,7.4,11.0,WSW,24.000000000000004,WSW,ENE,4.0,13.0,36.0,31.0,1020.4,1018.7,0.0,0.0,19.7,23.2,No,No
2013-08-25,Brisbane,11.0,24.5,0.0,4.8,10.0,E,24.000000000000004,SW,ENE,6.0,11.0,61.0,53.0,1026.3,1022.4000000000001,1.0,1.0,18.1,22.7,No,No
2013-08-26,Brisbane,12.6,25.0,0.0,3.4,9.9,NNE,19.0,SW,NNE,4.0,9.0,71.0,52.0,1025.5,1021.2,1.0,1.0,19.1,23.1,No,No
2013-08-27,Brisbane,12.1,25.8,0.0,4.2,10.5,NE,20.0,SW,NNE,4.0,7.000000000000001,69.0,51.0,1023.3,1018.4,1.0,1.0,19.3,24.2,No,No
2013-08-28,Brisbane,11.2,28.500000000000004,0.0,3.6,10.6,WNW,19.0,SW,NW,2.0,6.0,63.0,26.0,1021.2,1017.0,0.0,1.0,19.7,28.299999999999997,No,No
2013-08-29,Brisbane,13.400000000000002,25.9,0.0,4.4,10.6,E,24.000000000000004,SW,ENE,4.0,11.0,61.0,52.0,1024.4,1020.2,1.0,1.0,20.1,23.7,No,No
2013-08-30,Brisbane,13.1,25.4,0.0,4.8,10.3,NNE,26.0,SW,NNE,4.0,9.0,71.0,53.0,1024.0,1019.5,1.0,1.0,19.7,23.6,No,No
2013-08-31,Brisbane,14.199999999999998,26.800000000000004,0.0,4.6,10.2,NE,19.0,NNE,NE,4.0,9.0,67.0,58.0,1023.3,1019.2,1.0,2.0,21.8,25.9,No,No
2013-09-01,Brisbane,16.6,26.1,0.0,4.2,9.6,ESE,30.0,SE,ESE,9.0,11.0,59.0,47.0,1025.7,1023.3999999999999,2.0,3.0,23.7,23.8,No,No
2013-09-02,Brisbane,13.699999999999998,25.6,0.0,6.6,6.700000000000001,E,31.0,SW,ESE,4.0,13.0,64.0,53.99999999999999,1029.3,1026.4,7.0,3.0,19.6,23.2,No,No
2013-09-03,Brisbane,15.1,23.5,0.0,5.2,8.9,ESE,41.0,SSE,SE,6.0,14.999999999999998,66.0,49.00000000000001,1031.1,1028.7,6.0,3.0,19.4,22.1,No,No
2013-09-04,Brisbane,12.6,23.5,0.4,7.2,10.5,ESE,31.0,SSW,ESE,4.0,14.999999999999998,52.0,44.0,1031.4,1029.2,2.0,2.0,20.6,21.8,No,No
2013-09-05,Brisbane,12.2,24.3,0.0,6.4,9.8,NE,24.000000000000004,SSW,ESE,4.0,7.000000000000001,59.0,44.0,1030.5,1026.8,2.0,1.0,19.6,23.1,No,No
2013-09-06,Brisbane,11.0,24.7,0.0,4.6,10.7,ENE,20.0,SW,NE,6.0,7.000000000000001,65.0,46.00000000000001,1029.9,1025.4,1.0,0.0,18.1,23.6,No,No
2013-09-07,Brisbane,12.3,25.6,0.0,4.2,10.6,N,24.000000000000004,W,NNE,4.0,7.000000000000001,63.0,53.99999999999999,1028.4,1023.5000000000001,0.0,0.0,20.0,23.5,No,No
2013-09-08,Brisbane,12.1,26.2,0.0,5.8,10.1,NE,20.0,ESE,NE,4.0,9.0,63.0,49.00000000000001,1025.3,1020.6,1.0,3.0,21.4,24.0,No,No
2013-09-09,Brisbane,12.0,25.0,0.0,5.2,10.4,ENE,22.0,ESE,NE,4.0,7.000000000000001,62.0,45.0,1023.6,1018.8,1.0,1.0,21.4,24.1,No,No
2013-09-10,Brisbane,15.700000000000001,26.499999999999996,0.0,6.0,7.1,NE,26.0,WNW,NE,4.0,9.0,66.0,60.00000000000001,1016.9,1011.4,5.0,7.0,21.7,24.1,No,No
2013-09-11,Brisbane,13.1,31.5,0.0,3.6,10.7,NNE,20.0,SW,NE,2.0,7.000000000000001,59.0,44.0,1013.7,1008.7,1.0,1.0,22.0,27.700000000000003,No,No
2013-09-12,Brisbane,15.199999999999998,30.9,0.0,4.8,10.6,ENE,28.0,SW,ENE,6.0,14.999999999999998,44.0,66.0,1014.6,1010.6,1.0,1.0,23.2,25.4,No,No
2013-09-13,Brisbane,16.9,26.1,0.0,5.6,8.0,E,30.0,ESE,E,9.0,14.999999999999998,58.00000000000001,60.00000000000001,1017.4,1016.0,2.0,3.0,24.2,23.2,No,No
2013-09-14,Brisbane,19.6,26.000000000000004,0.2,6.2,8.8,NE,31.0,NE,NE,9.0,13.0,71.0,71.0,1016.7,1010.5,5.0,2.0,23.2,25.0,No,No
2013-09-15,Brisbane,15.1,27.8,0.0,5.0,10.7,ENE,24.000000000000004,SSE,NE,7.0,9.0,52.0,48.0,1016.9,1013.3,1.0,1.0,24.0,25.8,No,No
2013-09-17,Brisbane,17.0,29.1,11.799999999999999,3.7999999999999994,8.2,WNW,37.0,N,NW,6.0,9.0,75.0,45.0,1009.4,1003.0,6.0,4.0,21.7,28.999999999999996,Yes,No
2013-09-18,Brisbane,12.6,29.399999999999995,0.2,5.0,11.3,W,37.0,WNW,W,6.0,13.0,41.0,22.0,1010.4,1006.1,1.0,0.0,23.7,29.199999999999996,No,No
2013-09-19,Brisbane,12.6,30.0,0.0,5.0,9.5,ENE,22.0,NNE,ENE,4.0,11.0,60.0,52.0,1010.1,1004.3,0.0,1.0,22.9,28.900000000000002,No,No
2013-09-20,Brisbane,15.199999999999998,28.099999999999998,0.0,5.8,11.4,W,37.0,WSW,W,7.0,14.999999999999998,28.0,20.000000000000004,1012.4,1008.6,0.0,0.0,24.0,27.900000000000002,No,No
2013-09-21,Brisbane,10.9,25.0,0.0,11.4,11.0,ENE,24.000000000000004,SSW,E,2.0,13.0,32.0,43.0,1014.7,1011.7,0.0,1.0,22.399999999999995,23.3,No,No
2013-09-22,Brisbane,14.699999999999998,25.4,0.0,5.8,10.5,ENE,28.0,S,NNE,2.0,11.0,57.0,56.99999999999999,1016.1,1012.3,2.0,1.0,21.6,23.9,No,No
2013-09-23,Brisbane,14.400000000000002,27.9,0.0,6.0,11.0,NE,20.0,SW,NE,6.0,7.000000000000001,65.0,47.0,1017.4,1012.3,5.0,1.0,21.6,27.4,No,No
2013-09-24,Brisbane,15.299999999999999,32.8,0.0,4.8,10.4,NW,28.0,ENE,NE,4.0,13.0,57.0,44.0,1013.4,1007.5,1.0,2.0,23.9,29.399999999999995,No,No
2013-09-25,Brisbane,16.3,31.2,0.0,7.800000000000001,10.8,E,24.000000000000004,SW,NE,4.0,13.0,48.00000000000001,26.0,1012.3,1010.2,0.0,0.0,27.700000000000003,29.3,No,No
2013-09-26,Brisbane,18.6,29.300000000000004,0.0,6.4,9.8,NNE,26.0,E,NE,2.0,9.0,73.0,61.0,1013.7,1008.9,2.0,0.0,24.3,28.099999999999998,No,No
2013-09-27,Brisbane,19.3,28.099999999999998,0.0,5.6,11.0,ESE,37.0,SE,E,19.0,19.999999999999996,45.0,51.0,1017.9,1015.4,0.0,0.0,26.0,24.8,No,No
2013-09-28,Brisbane,18.0,27.1,0.2,8.8,2.1,ENE,20.0,SSW,WNW,4.0,6.0,83.0,52.0,1017.8,1012.8,8.0,6.0,19.4,25.1,No,No
2013-09-29,Brisbane,14.799999999999999,30.099999999999998,0.4,1.6,11.0,E,39.0,SSW,E,6.0,16.999999999999996,52.0,55.0,1015.9,1013.4,1.0,2.0,26.600000000000005,25.4,No,No
2013-09-30,Brisbane,16.4,27.0,0.0,7.0,9.5,NNE,22.0,NE,NE,4.0,9.0,66.0,63.00000000000001,1021.1,1017.2,7.0,5.0,22.9,24.6,No,No
2013-10-01,Brisbane,18.4,30.8,0.0,5.2,10.2,NE,33.0,N,NNE,7.0,13.0,63.0,60.00000000000001,1018.7,1012.3,2.0,7.0,24.7,28.099999999999998,No,Yes
2013-10-02,Brisbane,18.0,29.700000000000003,1.2,8.0,9.2,W,24.000000000000004,NE,NE,6.0,11.0,61.0,39.0,1017.1,1012.5,2.0,1.0,23.5,27.500000000000004,Yes,No
2013-10-03,Brisbane,17.1,32.6,0.0,6.2,11.1,W,44.0,NNE,W,2.0,16.999999999999996,56.0,19.0,1012.0000000000001,1008.0,1.0,2.0,26.5,31.2,No,No
2013-10-04,Brisbane,12.8,24.9,0.0,15.0,11.3,E,26.0,SSW,ENE,6.0,13.0,33.0,35.0,1019.9000000000001,1016.9,0.0,1.0,20.8,22.4,No,No
2013-10-05,Brisbane,12.7,29.399999999999995,0.0,6.2,11.4,SSE,19.0,SW,ENE,4.0,11.0,52.0,36.0,1019.3000000000001,1013.4,0.0,0.0,21.1,26.100000000000005,No,No
2013-10-06,Brisbane,13.400000000000002,31.6,0.0,6.6,11.8,NE,26.0,E,NE,6.0,11.0,50.0,39.0,1014.5,1008.5,0.0,0.0,24.4,29.5,No,No
2013-10-07,Brisbane,15.199999999999998,34.7,0.0,5.4,10.5,SE,43.0,E,ENE,2.0,9.0,45.0,37.0,1009.6,1004.0,0.0,3.0,26.9,30.8,No,No
2013-10-08,Brisbane,18.2,30.999999999999996,0.0,7.4,10.5,ENE,33.0,W,NE,4.0,13.0,57.0,53.99999999999999,1013.0,1009.0,4.0,2.0,23.9,25.5,No,No
2013-10-09,Brisbane,15.1,26.2,0.0,8.2,11.9,ENE,28.0,ESE,NE,4.0,11.0,46.0,49.00000000000001,1021.5,1018.9,2.0,1.0,23.2,23.7,No,No
2013-10-10,Brisbane,14.299999999999999,28.3,0.0,6.8,11.5,NE,30.0,W,NE,4.0,14.999999999999998,52.0,52.0,1019.9000000000001,1013.3,0.0,0.0,23.4,26.800000000000004,No,No
2013-10-11,Brisbane,16.3,31.7,0.0,7.800000000000001,11.6,ESE,41.0,N,ENE,6.0,11.0,40.0,46.00000000000001,1012.8,1009.2,0.0,1.0,27.000000000000004,30.1,No,No
2013-10-12,Brisbane,20.7,28.0,0.0,7.599999999999999,8.6,NE,30.0,E,NE,11.0,11.0,77.0,60.00000000000001,1018.2,1014.1,7.0,5.0,23.8,26.9,No,No
2013-10-13,Brisbane,18.7,30.9,0.0,7.599999999999999,11.2,NNE,31.0,NNW,NE,9.0,13.0,49.0,55.0,1015.0,1008.5,1.0,1.0,25.9,27.4,No,No
2013-10-14,Brisbane,20.9,28.999999999999996,0.0,10.6,11.7,W,48.00000000000001,W,SW,13.0,9.0,26.0,14.0,1013.1,1012.0,1.0,0.0,24.9,28.299999999999997,No,No
2013-10-15,Brisbane,13.8,27.0,0.0,12.0,12.2,ENE,26.0,N,ENE,4.0,11.0,53.00000000000001,40.0,1022.2,1019.0,2.0,1.0,22.8,24.9,No,No
2013-10-16,Brisbane,16.0,26.6,0.0,6.6,8.8,NNE,31.0,N,NE,7.0,14.999999999999998,54.0,51.0,1023.7,1019.1,2.0,6.0,23.2,24.0,No,No
2013-10-17,Brisbane,15.799999999999999,27.8,0.0,8.4,11.8,NE,33.0,N,NNE,9.0,14.999999999999998,48.00000000000001,56.99999999999999,1020.3,1015.4,1.0,2.0,25.3,25.4,No,No
2013-10-18,Brisbane,18.4,24.8,0.0,8.0,2.0,E,31.0,S,SE,7.0,6.0,72.0,88.0,1020.4,1019.8,7.0,7.0,22.3,20.0,No,Yes
2013-10-19,Brisbane,15.0,27.399999999999995,12.2,4.4,11.9,E,30.0,S,E,7.0,14.999999999999998,50.0,50.0,1024.5,1020.0,1.0,2.0,23.6,25.4,Yes,No
2013-10-20,Brisbane,16.9,27.399999999999995,0.0,7.599999999999999,10.0,E,28.0,ESE,ENE,7.0,16.999999999999996,62.0,62.0,1022.8,1018.9,4.0,6.0,23.9,24.3,No,No
2013-10-21,Brisbane,18.0,28.0,0.0,6.0,11.7,ENE,24.000000000000004,NNE,ENE,4.0,11.0,58.00000000000001,53.0,1020.7,1017.1,6.0,1.0,24.8,26.600000000000005,No,No
2013-10-22,Brisbane,17.8,28.4,0.0,8.0,11.2,NE,26.0,NW,NE,7.0,11.0,61.0,47.0,1019.3000000000001,1014.9,2.0,1.0,24.3,26.4,No,No
2013-10-23,Brisbane,19.5,29.600000000000005,0.0,7.599999999999999,11.4,ENE,31.0,NW,NNE,9.0,13.0,56.0,56.0,1015.7,1011.1,1.0,1.0,25.4,27.300000000000004,No,No
2013-10-24,Brisbane,20.1,33.0,0.0,10.6,7.4,W,24.000000000000004,N,W,7.0,4.0,47.0,44.0,1013.2,1011.6,4.0,8.0,28.099999999999998,28.400000000000002,No,No
2013-10-25,Brisbane,19.2,26.2,0.2,5.2,8.7,ESE,39.0,SE,E,19.0,14.999999999999998,56.0,55.0,1021.6,1019.5,7.0,3.0,23.9,23.6,No,No
2013-10-26,Brisbane,16.8,29.2,0.0,7.599999999999999,11.9,NE,26.0,NNE,N,6.0,9.0,55.0,50.0,1020.9,1015.6,1.0,1.0,25.3,27.900000000000002,No,No
2013-10-27,Brisbane,17.9,26.7,0.0,7.800000000000001,11.5,ESE,30.0,ESE,ENE,11.0,14.999999999999998,57.0,48.0,1021.9,1019.0,6.0,1.0,24.0,25.2,No,No
2013-10-28,Brisbane,16.6,26.800000000000004,0.0,9.6,10.3,NE,37.0,NE,NE,7.0,13.0,59.0,56.99999999999999,1022.0,1017.1,7.0,1.0,23.6,25.4,No,No
2013-10-29,Brisbane,19.0,31.300000000000004,0.0,8.0,7.700000000000001,NE,35.0,N,E,9.0,13.0,51.0,80.0,1015.5,1010.7,1.0,7.0,26.0,24.5,No,Yes
2013-10-30,Brisbane,16.5,27.2,8.8,6.6,6.8,E,37.0,SSE,ESE,11.0,16.999999999999996,67.0,51.0,1015.6,1013.6,7.0,1.0,21.9,25.4,Yes,No
2013-10-31,Brisbane,18.4,26.3,0.2,8.4,10.2,E,31.0,ESE,E,11.0,13.0,58.00000000000001,51.0,1020.4,1017.8,4.0,2.0,22.7,25.1,No,No
2013-11-01,Brisbane,15.6,26.499999999999996,0.0,9.0,12.5,ENE,30.0,E,ENE,6.0,13.0,46.0,38.0,1023.1,1020.0,4.0,2.0,24.5,25.2,No,No
2013-11-02,Brisbane,15.5,28.199999999999996,0.0,8.4,12.3,NE,26.0,NE,NNE,4.0,11.0,52.0,46.00000000000001,1022.0,1017.5,3.0,5.0,24.8,26.100000000000005,No,No
2013-11-03,Brisbane,17.1,31.300000000000004,0.0,7.599999999999999,12.2,ENE,24.000000000000004,SW,NE,2.0,11.0,47.0,53.0,1018.3,1012.5,1.0,1.0,25.4,28.6,No,No
2013-11-04,Brisbane,20.0,26.1,0.0,8.4,8.2,E,37.0,SE,ESE,9.0,19.0,56.0,56.0,1017.7,1016.8,4.0,7.0,23.9,23.0,No,No
2013-11-05,Brisbane,16.7,24.9,0.0,14.4,10.3,ESE,61.0,E,E,13.0,19.0,50.0,53.99999999999999,1024.3,1021.4999999999999,3.0,2.0,22.2,23.1,No,No
2013-11-06,Brisbane,15.9,26.3,0.0,5.0,9.7,NE,26.0,ESE,ENE,9.0,13.0,38.0,45.0,1022.9,1018.8,7.0,7.0,23.4,23.6,No,No
2013-11-07,Brisbane,14.5,27.8,0.0,7.599999999999999,12.5,ENE,24.000000000000004,W,NE,4.0,11.0,47.0,43.0,1019.3000000000001,1015.1,1.0,1.0,23.4,26.0,No,No
2013-11-08,Brisbane,15.1,29.2,0.0,7.4,12.1,NE,31.0,W,NNE,4.0,13.0,49.0,39.0,1016.6,1012.9,0.0,1.0,24.7,26.600000000000005,No,No
2013-11-09,Brisbane,17.1,29.700000000000003,0.0,9.6,12.2,NE,37.0,NNE,NE,6.0,11.0,46.0,56.99999999999999,1014.6,1010.4,0.0,2.0,26.600000000000005,26.4,No,No
2013-11-10,Brisbane,20.3,30.9,0.0,9.6,8.2,S,31.0,SE,E,2.0,13.0,51.0,56.99999999999999,1012.2,1010.5,2.0,6.0,27.200000000000003,27.099999999999998,No,Yes
2013-11-11,Brisbane,20.7,28.7,4.0,7.4,6.1,NE,31.0,N,NNE,9.0,13.0,53.00000000000001,56.99999999999999,1014.5,1011.3,7.0,7.0,26.4,26.800000000000004,Yes,Yes
2013-11-12,Brisbane,21.2,29.1,1.8000000000000003,6.4,10.7,NE,33.0,NNE,NNE,9.0,13.0,59.0,53.0,1015.7,1012.8,5.0,2.0,26.0,27.599999999999998,Yes,Yes
2013-11-13,Brisbane,19.0,30.099999999999998,5.799999999999999,7.599999999999999,10.9,ENE,30.0,WNW,ENE,7.0,14.999999999999998,61.0,60.00000000000001,1015.9,1012.2,3.0,3.0,26.0,28.099999999999998,Yes,Yes
2013-11-14,Brisbane,19.4,27.700000000000003,12.8,6.4,6.6,SSE,35.0,NNW,ENE,6.0,13.0,67.0,64.0,1015.4,1010.1,6.0,2.0,25.8,27.4,Yes,Yes
2013-11-15,Brisbane,17.1,29.1,22.4,7.4,11.6,NE,24.000000000000004,ENE,NE,9.0,9.0,64.0,63.00000000000001,1013.7,1009.3,1.0,5.0,25.5,26.7,Yes,No
2013-11-16,Brisbane,20.2,27.2,0.0,8.0,6.9,ENE,33.0,E,ENE,9.0,16.999999999999996,58.00000000000001,63.00000000000001,1011.3,1007.4,6.0,6.0,24.7,24.8,No,No
2013-11-17,Brisbane,18.4,25.5,0.0,5.6,2.2,ENE,20.0,ESE,ENE,4.0,4.0,64.0,70.0,1012.0000000000001,1010.2,8.0,7.0,22.9,23.1,No,Yes
2013-11-18,Brisbane,17.3,28.4,9.2,3.0,9.1,SW,39.0,WNW,NNE,4.0,7.000000000000001,65.0,53.0,1011.0,1006.2,1.0,6.0,22.2,25.0,Yes,Yes
2013-11-19,Brisbane,14.699999999999998,30.999999999999996,5.799999999999999,6.4,12.4,WSW,28.0,W,E,13.0,14.999999999999998,51.0,47.0,1008.9,1005.6,1.0,6.0,24.1,27.300000000000004,Yes,No
2013-11-20,Brisbane,17.6,28.8,0.0,8.0,12.9,E,28.0,W,E,6.0,11.0,57.0,56.0,1011.1,1008.2,3.0,2.0,25.1,27.4,No,No
2013-11-21,Brisbane,17.8,28.8,0.0,7.599999999999999,13.0,E,26.0,SSE,ENE,6.0,11.0,56.0,53.0,1012.9,1009.8,3.0,1.0,25.5,27.4,No,No
2013-11-22,Brisbane,18.8,28.099999999999998,0.0,7.599999999999999,9.1,ENE,26.0,SE,ENE,4.0,11.0,55.0,60.00000000000001,1012.3,1009.2,2.0,7.0,26.2,25.7,No,No
2013-11-23,Brisbane,22.1,29.399999999999995,0.2,7.2,8.4,W,43.0,NNW,NNE,6.0,13.0,62.0,62.0,1009.5,1004.9,7.0,1.0,26.300000000000004,27.799999999999997,No,Yes
2013-11-24,Brisbane,19.9,31.2,10.6,7.599999999999999,8.7,S,37.0,NNW,NNE,6.0,4.0,67.0,72.0,1006.8,1002.1,5.0,5.0,27.4,25.2,Yes,Yes
2013-11-25,Brisbane,20.2,29.300000000000004,8.8,6.8,11.3,NE,30.0,SSE,E,4.0,14.999999999999998,59.0,61.0,1006.1,1003.8,4.0,7.0,27.000000000000004,26.0,Yes,No
2013-11-26,Brisbane,20.4,27.2,0.0,7.800000000000001,11.5,ESE,35.0,SE,ESE,6.0,14.999999999999998,54.0,55.0,1011.6999999999999,1010.5,5.0,2.0,25.2,25.5,No,No
2013-11-27,Brisbane,16.3,27.1,0.0,10.4,12.7,ENE,28.0,S,ENE,6.0,11.0,45.0,49.00000000000001,1016.5,1013.6,1.0,2.0,24.3,25.2,No,No
2013-11-28,Brisbane,17.1,28.9,0.0,7.0,12.9,NE,28.0,NNE,NE,6.0,11.0,56.0,56.0,1015.1,1010.9,1.0,1.0,25.4,27.099999999999998,No,No
2013-11-29,Brisbane,18.4,33.5,0.0,8.6,10.1,NE,33.0,W,NNE,6.0,11.0,49.0,60.00000000000001,1009.9,1005.4,5.0,7.0,27.4,29.6,No,Yes
2013-11-30,Brisbane,19.1,24.4,23.4,8.8,1.6,SE,35.0,SSW,S,6.0,9.0,94.0,74.0,1013.0,1014.4,8.0,7.0,19.4,21.9,Yes,Yes
2013-12-01,Brisbane,16.0,25.6,13.999999999999998,3.6,12.8,SE,39.0,SSE,ESE,7.0,16.999999999999996,50.0,48.0,1022.0,1019.2,4.0,2.0,24.0,23.6,Yes,No
2013-12-02,Brisbane,16.0,27.0,0.0,9.0,13.1,E,28.0,SSE,E,7.0,13.0,45.0,45.0,1021.1,1016.5,2.0,2.0,23.6,25.2,No,No
2013-12-03,Brisbane,15.199999999999998,27.8,0.0,8.0,13.0,E,28.0,S,ENE,6.0,11.0,47.0,52.0,1016.9,1013.3,2.0,2.0,24.4,25.8,No,No
2013-12-04,Brisbane,16.2,28.3,0.0,8.2,12.5,NNE,26.0,W,NE,6.0,9.0,57.0,47.0,1013.3,1007.8,3.0,6.0,23.2,27.099999999999998,No,No
2013-12-05,Brisbane,19.9,35.5,0.0,8.8,9.4,WNW,30.0,NW,NNE,7.0,11.0,51.0,49.00000000000001,1004.4,999.3,2.0,6.0,27.799999999999997,31.4,No,No
2013-12-06,Brisbane,17.6,29.8,0.8,8.6,12.8,WSW,28.0,SW,E,9.0,14.999999999999998,24.000000000000004,36.0,1013.7,1012.1,5.0,1.0,23.4,25.600000000000005,No,No
2013-12-07,Brisbane,15.0,26.900000000000002,0.0,3.7999999999999994,12.9,E,26.0,E,ENE,7.0,11.0,46.0,37.0,1021.0,1018.1,1.0,1.0,24.5,26.300000000000004,No,No
2013-12-08,Brisbane,17.0,27.600000000000005,0.0,12.2,13.1,E,24.000000000000004,NE,NNE,4.0,7.000000000000001,49.0,48.0,1019.9000000000001,1016.4,4.0,2.0,24.6,27.000000000000004,No,No
2013-12-09,Brisbane,16.9,27.700000000000003,0.0,8.6,13.1,ENE,31.0,NNE,NNE,7.0,13.0,52.0,48.0,1015.9,1011.6,2.0,4.0,25.7,26.4,No,No
2013-12-10,Brisbane,19.5,29.600000000000005,0.0,9.6,10.0,NE,28.0,NE,NE,6.0,11.0,54.0,55.0,1010.7999999999998,1007.6,7.0,7.0,26.300000000000004,27.099999999999998,No,No
2013-12-11,Brisbane,22.8,30.8,0.0,9.4,3.6,NE,22.0,N,NE,7.0,9.0,54.0,65.0,1009.3,1006.2,7.0,6.0,27.599999999999998,27.500000000000004,No,Yes
2013-12-12,Brisbane,21.3,27.299999999999997,2.0,3.4,0.2,WNW,17.0,SW,SE,6.0,2.0,85.0,83.0,1009.6,1008.7,8.0,8.0,23.3,24.4,Yes,No
2013-12-13,Brisbane,19.2,30.099999999999998,0.4,1.4,11.9,ENE,28.0,ESE,E,4.0,6.0,58.00000000000001,70.0,1012.5,1010.7,1.0,4.0,26.9,26.100000000000005,No,No
2013-12-14,Brisbane,19.4,30.199999999999996,0.4,6.8,12.9,ENE,26.0,SW,ENE,2.0,13.0,64.0,56.0,1014.7,1011.7,4.0,2.0,25.8,28.200000000000003,No,No
2013-12-15,Brisbane,20.5,30.500000000000004,0.2,8.0,10.7,E,26.0,E,ENE,6.0,13.0,62.0,47.0,1016.7,1013.8,3.0,2.0,27.099999999999998,28.699999999999996,No,No
2013-12-16,Brisbane,21.3,29.700000000000003,0.0,9.8,10.0,E,28.0,ENE,ENE,7.0,14.999999999999998,50.0,49.00000000000001,1018.3,1015.6,5.0,5.0,27.300000000000004,27.999999999999996,No,No
2013-12-17,Brisbane,20.7,28.0,0.0,9.0,6.9,E,33.0,ESE,E,9.0,16.999999999999996,61.0,52.0,1019.3000000000001,1017.7,7.0,5.0,24.6,26.100000000000005,No,No
2013-12-18,Brisbane,18.1,29.300000000000004,0.0,7.800000000000001,12.6,E,39.0,SE,ESE,11.0,19.0,55.0,38.0,1021.4,1019.9,5.0,1.0,25.5,27.000000000000004,No,No
2013-12-19,Brisbane,18.1,28.7,0.2,10.6,11.2,E,31.0,ESE,ESE,13.0,13.0,50.0,40.0,1022.1,1019.8,5.0,2.0,26.0,27.4,No,No
2013-12-20,Brisbane,17.7,29.2,0.0,9.2,13.2,E,26.0,ESE,ENE,7.0,13.0,54.0,50.0,1021.1,1017.2,3.0,1.0,26.9,27.500000000000004,No,No
2013-12-21,Brisbane,20.1,30.9,0.0,9.0,12.3,NE,28.0,NNW,NE,4.0,13.0,49.0,42.0,1017.4,1014.1,2.0,1.0,27.099999999999998,28.799999999999997,No,No
2013-12-22,Brisbane,19.0,30.0,0.0,9.4,12.7,ENE,26.0,NNW,ENE,4.0,11.0,54.0,52.0,1017.6,1014.9,2.0,2.0,26.2,28.400000000000002,No,No
2013-12-23,Brisbane,21.5,30.099999999999998,0.0,9.0,12.9,NE,31.0,N,NE,9.0,11.0,51.0,53.99999999999999,1016.0,1013.2,3.0,3.0,26.7,28.099999999999998,No,No
2013-12-24,Brisbane,19.7,32.5,0.0,11.0,12.0,ENE,26.0,SSW,NNE,6.0,9.0,49.0,47.0,1015.9,1013.3,3.0,6.0,27.999999999999996,30.8,No,No
2013-12-25,Brisbane,22.7,30.7,0.0,10.0,9.3,ENE,26.0,ENE,NE,7.0,9.0,62.0,53.99999999999999,1017.0,1014.0,7.0,7.0,26.800000000000004,28.999999999999996,No,No
2013-12-26,Brisbane,22.5,32.7,0.0,7.800000000000001,9.8,NE,24.000000000000004,NW,NE,7.0,11.0,52.0,56.99999999999999,1012.9,1008.7,4.0,6.0,28.799999999999997,28.999999999999996,No,No
2013-12-27,Brisbane,22.6,30.999999999999996,0.0,7.2,6.5,ESE,33.0,E,SE,9.0,14.999999999999998,76.0,60.00000000000001,1010.6,1008.2,7.0,7.0,26.100000000000005,27.300000000000004,No,No
2013-12-28,Brisbane,22.0,29.8,0.0,7.800000000000001,4.1,ENE,26.0,ENE,ENE,6.0,9.0,59.0,61.0,1011.6999999999999,1008.5,7.0,3.0,27.000000000000004,28.499999999999996,No,No
2013-12-29,Brisbane,23.4,34.8,0.0,6.0,11.5,WSW,33.0,NW,NNE,4.0,9.0,55.0,52.0,1009.3,1004.7,1.0,1.0,29.5,33.0,No,Yes
2013-12-30,Brisbane,22.0,31.1,1.2,11.0,8.8,ESE,31.0,ESE,ESE,7.0,13.0,57.0,51.0,1012.9,1009.6,7.0,2.0,26.600000000000005,28.200000000000003,Yes,No
2013-12-31,Brisbane,23.2,28.999999999999996,0.0,9.0,0.5,E,20.0,ESE,ESE,6.0,9.0,66.0,60.00000000000001,1011.2,1009.5,8.0,6.0,25.8,27.999999999999996,No,No
2014-01-01,Brisbane,20.6,30.6,0.0,3.4,12.5,ENE,31.0,SE,ENE,7.0,11.0,52.0,52.0,1015.2,1013.1,4.0,1.0,28.799999999999997,28.900000000000002,No,No
2014-01-02,Brisbane,21.1,31.799999999999997,0.0,9.0,8.6,NE,24.000000000000004,NNW,NNE,6.0,9.0,58.00000000000001,53.99999999999999,1011.9,1008.1,7.0,7.0,26.800000000000004,29.8,No,No
2014-01-03,Brisbane,22.7,34.5,1.0,8.6,11.2,NNE,35.0,NNE,NNE,4.0,14.999999999999998,55.0,56.99999999999999,1006.7,1001.7,2.0,2.0,30.6,32.0,No,No
2014-01-04,Brisbane,23.8,38.7,0.0,10.4,12.8,E,30.0,N,NE,7.0,14.999999999999998,45.0,47.0,1001.3,997.5,1.0,1.0,34.4,35.5,No,No
2014-01-05,Brisbane,23.9,33.6,0.0,11.0,6.1,ENE,26.0,SSW,ENE,4.0,13.0,64.0,59.0,1008.4,1005.5,8.0,4.0,27.799999999999997,31.6,No,No
2014-01-06,Brisbane,25.899999999999995,34.8,0.0,4.2,6.4,W,46.0,NE,ENE,2.0,11.0,68.0,66.0,1007.9,1004.9,6.0,6.0,29.399999999999995,30.3,No,Yes
2014-01-08,Brisbane,21.8,29.600000000000005,0.4,13.0,9.3,ESE,33.0,E,ESE,15.0,16.999999999999996,50.0,48.0,1018.3,1016.7,7.0,7.0,27.300000000000004,28.099999999999998,No,No
2014-01-09,Brisbane,20.4,28.6,0.2,8.2,4.9,E,31.0,SE,E,9.0,13.0,66.0,41.0,1020.9,1018.7,8.0,7.0,23.6,27.099999999999998,No,Yes
2014-01-10,Brisbane,19.4,27.8,1.4,7.0,1.5,E,30.0,SSE,ENE,7.0,9.0,65.0,61.0,1020.4,1018.3,5.0,7.0,25.8,25.9,Yes,No
2014-01-11,Brisbane,19.6,29.8,0.0,4.4,10.5,ENE,26.0,E,E,7.0,11.0,52.0,45.0,1018.9,1015.2,5.0,2.0,27.200000000000003,28.799999999999997,No,No
2014-01-12,Brisbane,19.5,30.6,0.0,8.4,10.5,E,33.0,SSE,E,6.0,14.999999999999998,51.0,50.0,1016.5,1014.3,4.0,2.0,27.799999999999997,28.6,No,No
2014-01-13,Brisbane,19.5,29.600000000000005,0.0,8.4,13.2,ESE,35.0,SSE,E,11.0,14.999999999999998,58.00000000000001,51.0,1018.3,1016.4,4.0,1.0,25.9,28.200000000000003,No,No
2014-01-14,Brisbane,20.4,30.199999999999996,0.0,9.2,12.7,E,33.0,E,E,11.0,14.999999999999998,49.0,55.0,1019.7,1018.8,4.0,4.0,27.300000000000004,27.099999999999998,No,No
2014-01-15,Brisbane,19.1,30.4,0.0,8.6,12.2,E,31.0,E,E,13.0,19.0,56.0,49.00000000000001,1021.3,1019.4,3.0,2.0,27.4,28.400000000000002,No,No
2014-01-17,Brisbane,20.8,30.8,0.2,10.4,12.2,E,35.0,E,E,13.0,14.999999999999998,55.0,47.0,1016.4,1013.5,3.0,1.0,26.5,28.799999999999997,No,No
2014-01-18,Brisbane,20.1,30.4,0.0,9.6,11.4,ENE,37.0,SE,E,6.0,11.0,54.0,44.0,1014.1,1010.7,4.0,2.0,27.300000000000004,29.8,No,No
2014-01-19,Brisbane,20.1,31.799999999999997,0.0,9.6,12.2,ENE,28.0,SE,ENE,6.0,14.999999999999998,56.0,51.0,1009.7,1006.2,4.0,1.0,26.600000000000005,29.3,No,No
2014-01-20,Brisbane,20.5,33.5,0.0,8.0,12.6,NE,30.0,S,NE,6.0,13.0,58.00000000000001,48.0,1009.1,1005.6,2.0,1.0,28.299999999999997,31.7,No,No
2014-01-21,Brisbane,23.6,32.9,0.0,8.6,12.5,NNE,39.0,NNE,NNE,6.0,14.999999999999998,53.00000000000001,62.0,1009.6,1005.2,1.0,1.0,30.2,31.1,No,No
2014-01-22,Brisbane,25.5,35.3,0.0,10.0,8.2,E,33.0,S,E,6.0,14.999999999999998,55.0,53.99999999999999,1011.4000000000001,1010.6,5.0,3.0,31.0,33.4,No,Yes
2014-01-23,Brisbane,23.9,30.099999999999998,2.2,8.4,3.9,SE,35.0,NW,E,4.0,9.0,80.0,89.0,1016.6,1015.1,6.0,8.0,26.600000000000005,23.9,Yes,Yes
2014-01-25,Brisbane,23.6,28.7,2.0,3.0,1.2,SE,37.0,W,SE,9.0,19.0,69.0,65.0,1009.6,1009.3,7.0,7.0,27.799999999999997,26.7,Yes,Yes
2014-01-26,Brisbane,21.4,28.500000000000004,1.2,6.4,8.9,SE,46.0,SE,SE,11.0,19.0,60.0,46.00000000000001,1018.7,1017.7,7.0,6.0,25.3,27.4,Yes,No
2014-01-27,Brisbane,19.8,28.6,0.0,9.2,7.299999999999999,ESE,37.0,ESE,E,13.0,19.999999999999996,49.0,50.0,1020.0,1018.9,7.0,7.0,25.8,26.4,No,No
2014-01-28,Brisbane,21.5,26.7,0.0,9.4,3.7,E,37.0,E,E,20.0,19.999999999999996,61.0,63.00000000000001,1019.5,1017.2,7.0,7.0,24.6,24.8,No,No
2014-01-29,Brisbane,19.7,27.399999999999995,0.8,6.8,4.5,E,35.0,ESE,E,4.0,13.0,78.0,60.00000000000001,1017.2,1015.2,7.0,6.0,23.3,25.4,No,No
2014-01-30,Brisbane,21.4,28.4,0.2,8.4,3.6,E,35.0,ESE,E,6.0,19.0,64.0,49.00000000000001,1017.5,1015.9,7.0,5.0,25.0,26.300000000000004,No,No
2014-01-31,Brisbane,22.7,26.900000000000002,0.0,6.8,1.2,NE,33.0,E,ESE,15.0,14.999999999999998,54.0,56.99999999999999,1014.8,1013.3,7.0,7.0,25.0,25.600000000000005,No,No
2014-02-01,Brisbane,21.5,28.8,0.0,6.6,10.9,E,35.0,E,E,19.0,13.0,56.0,55.0,1013.2,1011.4,7.0,3.0,25.8,27.500000000000004,No,No
2014-02-02,Brisbane,21.0,30.0,0.0,9.0,9.2,E,28.0,ESE,E,9.0,14.999999999999998,57.0,49.00000000000001,1014.3,1012.1,5.0,2.0,26.800000000000004,28.400000000000002,No,Yes
2014-02-03,Brisbane,19.7,28.7,1.6,9.6,7.4,E,31.0,E,E,7.0,13.0,63.0,59.0,1013.6,1012.2,5.0,5.0,24.7,26.300000000000004,Yes,No
2014-02-04,Brisbane,19.0,29.700000000000003,0.6,7.0,10.6,ENE,31.0,SSE,E,4.0,16.999999999999996,62.0,53.99999999999999,1013.5,1012.0,4.0,1.0,25.5,27.900000000000002,No,No
2014-02-05,Brisbane,20.0,29.9,0.0,7.2,9.1,SSE,39.0,SSE,SE,17.0,16.999999999999996,53.00000000000001,46.00000000000001,1015.6,1013.6,3.0,6.0,26.4,28.6,No,No
2014-02-06,Brisbane,19.1,27.399999999999995,0.2,8.8,4.5,SSE,31.0,SE,E,13.0,13.0,55.0,56.99999999999999,1016.0,1013.9,7.0,8.0,24.7,25.8,No,No
2014-02-07,Brisbane,19.6,28.6,0.0,8.0,2.9,ENE,30.0,SSE,E,9.0,13.0,60.0,58.0,1016.5,1015.3,7.0,7.0,24.5,25.5,No,No
2014-02-08,Brisbane,19.9,29.2,0.0,6.4,10.7,E,28.0,E,ENE,11.0,13.0,56.0,55.0,1018.1,1016.5,6.0,3.0,25.8,27.599999999999998,No,No
2014-02-09,Brisbane,21.8,29.1,0.0,8.6,3.9,E,22.0,E,ENE,9.0,9.0,59.0,66.0,1019.8,1017.1,7.0,7.0,26.800000000000004,26.4,No,No
2014-02-10,Brisbane,21.9,28.8,0.0,5.0,5.1,E,24.000000000000004,SE,ENE,2.0,11.0,67.0,56.0,1016.8,1014.4,7.0,4.0,25.3,28.400000000000002,No,No
2014-02-11,Brisbane,19.5,29.2,0.0,7.2,10.7,ENE,24.000000000000004,SW,NE,6.0,11.0,59.0,51.0,1016.5,1013.3,6.0,6.0,25.5,28.200000000000003,No,No
2014-02-12,Brisbane,19.2,29.8,0.0,8.0,12.1,NE,30.0,SSE,ENE,6.0,11.0,56.0,47.0,1016.2,1013.5,3.0,1.0,26.100000000000005,28.900000000000002,No,No
2014-02-15,Brisbane,23.2,31.6,0.0,8.0,8.7,NE,35.0,NE,NE,4.0,14.999999999999998,60.0,60.00000000000001,1006.6,1002.6,7.0,4.0,27.799999999999997,29.6,No,No
2014-02-16,Brisbane,23.7,32.6,0.0,9.4,12.0,NE,35.0,NNE,NNE,7.0,16.999999999999996,59.0,65.0,1006.2,1002.1,6.0,1.0,29.6,30.399999999999995,No,No
2014-02-17,Brisbane,23.4,34.1,0.0,10.8,9.7,E,33.0,NE,E,6.0,16.999999999999996,52.0,64.0,1009.3,1008.7,1.0,4.0,30.399999999999995,28.699999999999996,No,Yes
2014-02-18,Brisbane,23.4,31.300000000000004,8.4,7.800000000000001,9.3,ENE,24.000000000000004,SE,ENE,4.0,9.0,85.0,61.0,1012.1,1008.2,6.0,2.0,25.3,29.899999999999995,Yes,No
2014-02-19,Brisbane,23.0,31.899999999999995,0.2,7.4,11.7,NE,33.0,NNE,NNE,7.0,13.0,57.0,58.0,1009.4,1005.3,1.0,1.0,29.1,30.3,No,No
2014-02-20,Brisbane,25.6,33.4,0.0,9.0,7.9,NNE,26.0,NNW,NE,9.0,14.999999999999998,64.0,60.00000000000001,1009.4,1007.1,6.0,1.0,29.3,31.2,No,No
2014-02-21,Brisbane,24.6,34.0,0.0,9.6,9.1,SSE,31.0,SW,E,6.0,14.999999999999998,64.0,64.0,1012.0000000000001,1009.9,6.0,4.0,30.3,30.5,No,Yes
2014-02-22,Brisbane,23.2,27.399999999999995,2.2,8.2,0.0,SE,31.0,SE,SE,13.0,13.0,65.0,67.0,1015.5,1015.0,7.0,7.0,25.5,25.0,Yes,No
2014-02-23,Brisbane,21.2,30.199999999999996,0.0,8.0,10.0,SE,43.0,SE,ESE,17.0,19.0,49.0,44.0,1017.8,1015.6,6.0,3.0,26.600000000000005,28.299999999999997,No,Yes
2014-02-24,Brisbane,19.6,28.500000000000004,1.2,8.4,7.8,SSE,28.0,SE,ESE,9.0,16.999999999999996,68.0,46.00000000000001,1018.1,1015.4,1.0,4.0,24.9,27.300000000000004,Yes,Yes
2014-02-25,Brisbane,19.9,29.600000000000005,1.4,9.2,8.4,E,31.0,SSE,E,9.0,14.999999999999998,64.0,51.0,1016.9,1013.3,4.0,6.0,25.4,28.299999999999997,Yes,No
2014-02-26,Brisbane,19.1,29.5,0.0,8.4,10.7,ENE,24.000000000000004,SSW,ENE,4.0,13.0,58.00000000000001,50.0,1016.1,1013.1,4.0,2.0,25.9,28.6,No,No
2014-02-27,Brisbane,19.3,30.7,0.0,7.2,12.2,NE,24.000000000000004,WNW,NE,6.0,13.0,56.0,46.00000000000001,1016.5,1013.7,2.0,1.0,26.600000000000005,28.999999999999996,No,No
2014-02-28,Brisbane,20.6,30.9,0.0,8.0,7.4,E,35.0,ESE,E,9.0,16.999999999999996,59.0,48.0,1017.9,1015.1,5.0,4.0,27.099999999999998,28.900000000000002,No,No
2014-03-01,Brisbane,19.9,30.4,0.6,8.0,10.2,ENE,30.0,ESE,E,7.0,13.0,55.0,46.00000000000001,1016.0,1013.2,3.0,2.0,26.800000000000004,28.900000000000002,No,No
2014-03-02,Brisbane,20.0,30.199999999999996,0.0,7.4,10.0,E,28.0,E,E,6.0,13.0,53.00000000000001,46.00000000000001,1016.3,1014.4,2.0,3.0,27.200000000000003,28.6,No,Yes
2014-03-03,Brisbane,20.3,27.8,1.6,9.4,6.4,E,43.0,E,ESE,9.0,13.0,85.99999999999999,65.0,1021.4,1019.8,6.0,6.0,22.3,25.0,Yes,Yes
2014-03-04,Brisbane,19.5,28.6,4.6,7.0,8.3,ESE,48.00000000000001,SE,ESE,7.0,13.0,67.0,49.00000000000001,1023.0,1020.5,5.0,6.0,25.1,26.5,Yes,Yes
2014-03-05,Brisbane,19.0,27.9,3.4,6.6,5.1,ENE,26.0,SSE,ENE,7.0,13.0,82.0,52.0,1020.0,1016.2,7.0,3.0,21.6,26.4,Yes,No
2014-03-06,Brisbane,18.0,29.1,0.0,5.0,11.7,NE,28.0,S,ENE,4.0,13.0,56.0,50.0,1018.5,1016.4,2.0,3.0,25.8,27.900000000000002,No,No
2014-03-07,Brisbane,18.5,28.8,0.0,8.4,6.3,NNE,28.0,SE,ENE,9.0,13.0,65.0,50.0,1019.8,1017.5,6.0,3.0,24.3,27.4,No,No
2014-03-08,Brisbane,18.1,28.9,0.2,6.4,10.3,E,37.0,ESE,E,9.0,16.999999999999996,62.0,43.0,1020.0,1017.9,4.0,5.0,25.3,28.099999999999998,No,Yes
2014-03-09,Brisbane,19.5,28.3,1.2,9.6,1.9,E,37.0,ESE,E,11.0,16.999999999999996,62.0,67.0,1020.1999999999999,1018.2,7.0,7.0,25.2,24.0,Yes,Yes
2014-03-10,Brisbane,19.7,28.9,2.2,7.0,7.299999999999999,ESE,35.0,SE,ESE,11.0,14.999999999999998,67.0,44.0,1020.1,1018.2,5.0,7.0,24.5,27.500000000000004,Yes,Yes
2014-03-11,Brisbane,19.1,28.7,4.6,8.8,7.9,SE,35.0,ESE,SE,4.0,14.999999999999998,85.99999999999999,41.0,1020.4,1017.4,7.0,2.0,22.5,27.900000000000002,Yes,No
2014-03-12,Brisbane,19.5,29.300000000000004,0.8,7.0,10.4,E,30.0,SSE,ENE,7.0,14.999999999999998,63.0,51.0,1018.5,1015.2,3.0,2.0,24.6,27.500000000000004,No,No
2014-03-13,Brisbane,18.6,29.600000000000005,0.0,7.800000000000001,11.0,E,33.0,SE,E,9.0,19.0,58.00000000000001,45.0,1018.4,1015.5,3.0,2.0,26.2,27.999999999999996,No,No
2014-03-14,Brisbane,19.3,28.999999999999996,0.0,8.0,8.4,E,30.0,S,E,4.0,14.999999999999998,57.0,48.0,1017.3,1013.9,3.0,3.0,26.100000000000005,27.300000000000004,No,No
2014-03-15,Brisbane,18.6,30.199999999999996,0.6,6.6,11.1,ENE,24.000000000000004,S,NE,4.0,9.0,61.0,48.0,1015.9,1011.4,3.0,1.0,25.1,28.200000000000003,No,No
2014-03-16,Brisbane,19.6,32.8,0.0,6.8,10.4,NE,28.0,N,NE,7.0,9.0,54.0,55.0,1014.4,1008.5,1.0,1.0,26.800000000000004,30.5,No,Yes
2014-03-17,Brisbane,21.6,31.799999999999997,4.6,8.4,10.7,ENE,30.0,SSE,E,6.0,14.999999999999998,61.0,53.99999999999999,1015.9,1013.8,1.0,1.0,28.099999999999998,30.0,Yes,No
2014-03-19,Brisbane,23.8,30.6,0.0,6.6,8.7,E,26.0,E,E,7.0,14.999999999999998,67.0,53.99999999999999,1022.0,1019.0,7.0,2.0,26.4,28.900000000000002,No,No
2014-03-20,Brisbane,20.6,30.0,0.6,9.6,10.4,ENE,35.0,E,E,15.0,19.999999999999996,56.0,50.0,1022.0,1019.4,5.0,5.0,27.599999999999998,27.700000000000003,No,No
2014-03-21,Brisbane,19.2,28.999999999999996,0.2,7.800000000000001,8.7,NE,28.0,ESE,ENE,9.0,9.0,64.0,51.0,1019.7,1016.4,6.0,2.0,25.3,28.699999999999996,No,No
2014-03-22,Brisbane,19.6,29.5,0.6,6.2,9.9,E,24.000000000000004,S,ENE,6.0,13.0,64.0,55.0,1018.2,1015.3,6.0,1.0,25.7,27.599999999999998,No,No
2014-03-23,Brisbane,19.2,31.6,0.0,7.0,10.8,ENE,24.000000000000004,S,ENE,4.0,13.0,68.0,55.0,1018.3,1014.2,7.0,2.0,25.4,28.699999999999996,No,No
2014-03-24,Brisbane,20.1,28.8,0.0,5.2,5.2,NNE,24.000000000000004,W,NE,4.0,9.0,61.0,60.00000000000001,1016.0,1012.8,6.0,7.0,26.0,27.4,No,Yes
2014-03-25,Brisbane,19.8,26.499999999999996,22.4,5.0,1.1,SSW,22.0,WSW,SE,4.0,6.0,80.99999999999999,85.0,1018.1,1016.8,7.0,8.0,24.0,23.4,Yes,Yes
2014-03-26,Brisbane,21.7,27.2,21.6,3.4,0.0,ENE,39.0,ENE,ENE,17.0,19.999999999999996,76.0,68.0,1019.1,1017.6,8.0,7.0,25.4,26.0,Yes,Yes
2014-03-27,Brisbane,21.1,23.8,5.6,3.0,0.0,E,37.0,SE,ENE,4.0,11.0,89.0,91.0,1020.4,1016.1,8.0,8.0,23.0,23.3,Yes,Yes
2014-03-29,Brisbane,21.8,32.6,3.2,2.8,10.1,N,15.0,NW,NNE,4.0,6.0,75.0,59.0,1016.7,1012.9,7.0,7.0,26.5,30.6,Yes,No
2014-03-30,Brisbane,22.7,25.6,0.8,6.0,0.5,SSE,22.0,S,SW,6.0,4.0,88.0,87.0,1018.8,1016.5,7.0,8.0,25.1,24.3,No,Yes
2014-03-31,Brisbane,20.3,29.300000000000004,2.2,0.0,9.5,E,28.0,SW,E,7.0,14.999999999999998,74.0,61.0,1019.8,1016.8,3.0,3.0,25.600000000000005,27.4,Yes,No
2014-04-01,Brisbane,19.7,29.300000000000004,0.6,6.4,10.3,E,24.000000000000004,SE,E,7.0,13.0,66.0,50.0,1019.3000000000001,1015.9,2.0,1.0,26.100000000000005,28.200000000000003,No,No
2014-04-02,Brisbane,19.2,29.9,0.0,6.8,10.5,ENE,22.0,S,ENE,4.0,13.0,67.0,53.0,1017.8,1014.6,4.0,2.0,25.600000000000005,27.900000000000002,No,No
2014-04-03,Brisbane,19.1,29.5,0.0,6.2,10.8,ENE,24.000000000000004,SE,NE,4.0,11.0,64.0,53.0,1017.9,1015.5,2.0,2.0,25.7,28.099999999999998,No,No
2014-04-04,Brisbane,18.9,29.5,0.0,5.0,9.8,NE,20.0,WSW,NE,4.0,9.0,70.0,60.00000000000001,1018.8,1015.7,2.0,3.0,24.4,27.700000000000003,No,No
2014-04-05,Brisbane,19.9,30.9,0.0,5.8,10.5,NE,19.0,WNW,NE,4.0,7.000000000000001,71.0,48.0,1019.3000000000001,1015.3,3.0,2.0,25.9,29.3,No,No
2014-04-06,Brisbane,21.1,30.999999999999996,0.0,5.6,8.6,SE,35.0,S,ENE,4.0,7.000000000000001,66.0,53.99999999999999,1017.5,1013.7,3.0,5.0,26.300000000000004,29.699999999999996,No,Yes
2014-04-07,Brisbane,19.6,27.8,1.8000000000000003,5.8,6.2,SE,37.0,SSW,SE,11.0,11.0,68.0,53.99999999999999,1020.1999999999999,1017.6,5.0,6.0,22.6,25.0,Yes,No
2014-04-08,Brisbane,17.8,27.0,0.0,6.2,5.5,SSE,26.0,SSW,S,9.0,9.0,59.0,58.0,1019.9000000000001,1017.0,3.0,6.0,23.1,25.3,No,No
2014-04-09,Brisbane,18.4,27.8,0.0,3.2,8.8,ESE,26.0,SW,E,6.0,11.0,64.0,55.0,1019.9000000000001,1016.0,4.0,6.0,23.4,26.100000000000005,No,No
2014-04-10,Brisbane,17.3,26.3,0.0,6.6,9.2,N,15.0,WSW,NE,4.0,6.0,66.0,58.0,1017.4,1013.4,7.0,5.0,22.8,25.9,No,No
2014-04-11,Brisbane,16.4,29.700000000000003,0.0,4.0,10.2,NE,19.0,WNW,NNE,4.0,9.0,66.0,60.00000000000001,1012.1,1007.2,1.0,2.0,23.2,28.6,No,No
2014-04-12,Brisbane,20.4,31.300000000000004,0.0,4.8,5.4,NW,24.000000000000004,WNW,NW,4.0,6.0,60.0,53.99999999999999,1010.2,1007.9,2.0,5.0,27.099999999999998,28.799999999999997,No,No
2014-04-13,Brisbane,22.8,24.6,0.0,5.2,0.0,SE,20.0,ESE,ESE,7.0,4.0,73.0,87.0,1014.0,1012.6,8.0,8.0,24.2,21.9,No,Yes
2014-04-14,Brisbane,20.3,24.9,8.8,2.8,0.5,SE,41.0,SSE,SE,6.0,14.999999999999998,73.0,79.0,1013.7,1011.7,7.0,6.0,23.1,22.6,Yes,No
2014-04-15,Brisbane,17.8,25.8,0.0,2.4,7.499999999999999,SSE,28.0,SW,SSE,7.0,9.0,62.0,56.0,1016.6,1013.7,6.0,6.0,23.0,24.3,No,No
2014-04-16,Brisbane,15.799999999999999,28.199999999999996,0.0,4.6,9.8,W,24.000000000000004,WSW,S,9.0,6.0,58.00000000000001,41.0,1016.9,1013.1,1.0,2.0,21.6,27.900000000000002,No,No
2014-04-17,Brisbane,16.2,28.0,0.0,5.6,10.7,ENE,19.0,WSW,WNW,7.0,7.000000000000001,59.0,39.0,1018.4,1014.2,1.0,2.0,21.9,27.700000000000003,No,No
2014-04-18,Brisbane,16.6,28.4,0.0,4.0,10.0,W,20.0,WSW,W,6.0,7.000000000000001,69.0,39.0,1017.4,1013.0,1.0,1.0,21.9,27.799999999999997,No,No
2014-04-19,Brisbane,14.5,28.6,0.0,4.8,11.1,W,20.0,WSW,WNW,7.0,7.000000000000001,51.0,31.0,1016.9,1012.9,0.0,0.0,22.0,27.599999999999998,No,No
2014-04-20,Brisbane,15.299999999999999,28.500000000000004,0.0,7.0,10.7,ENE,17.0,SW,N,4.0,6.0,61.0,35.0,1018.6,1015.5,1.0,1.0,22.0,27.500000000000004,No,No
2014-04-21,Brisbane,15.9,29.2,0.0,5.2,10.8,NE,19.0,WSW,NNE,6.0,7.000000000000001,63.0,43.0,1021.4,1017.8,1.0,1.0,22.1,27.599999999999998,No,No
2014-04-22,Brisbane,16.8,27.5,0.0,5.0,10.5,E,20.0,SW,NE,6.0,9.0,68.0,41.0,1022.0,1018.4,1.0,7.0,22.7,26.800000000000004,No,No
2014-04-23,Brisbane,16.6,28.199999999999996,0.0,4.8,9.4,NNE,17.0,WSW,NE,4.0,6.0,70.0,46.00000000000001,1020.0,1015.5,6.0,5.0,21.8,26.7,No,No
2014-04-24,Brisbane,16.2,28.999999999999996,0.0,5.6,10.2,NE,17.0,WSW,NE,6.0,6.0,73.0,53.0,1018.1,1013.6,5.0,2.0,21.6,27.700000000000003,No,No
2014-04-25,Brisbane,17.2,28.9,0.0,3.6,10.7,E,26.0,SW,E,6.0,14.999999999999998,74.0,51.0,1019.2,1015.6,3.0,2.0,21.5,27.099999999999998,No,No
2014-04-26,Brisbane,17.2,29.1,0.0,5.0,9.6,ENE,15.0,SW,W,7.0,4.0,69.0,46.00000000000001,1019.3000000000001,1014.5,3.0,7.0,22.2,28.699999999999996,No,No
2014-04-27,Brisbane,19.1,29.399999999999995,0.0,4.4,6.8,SE,31.0,SW,SSE,4.0,7.000000000000001,78.0,45.0,1019.1,1015.8,6.0,4.0,22.2,28.699999999999996,No,Yes
2014-04-28,Brisbane,18.7,24.6,2.6,5.6,2.7,SSE,37.0,S,SE,4.0,16.999999999999996,90.0,59.0,1021.7,1018.9,7.0,7.0,19.2,23.8,Yes,No
2014-04-29,Brisbane,16.5,26.000000000000004,0.4,2.4,8.5,SSE,24.000000000000004,SW,E,7.0,6.0,73.0,48.0,1020.3,1016.7,7.0,4.0,20.5,24.1,No,No
2014-04-30,Brisbane,14.5,27.1,0.0,4.4,5.5,S,17.0,SW,NE,4.0,4.0,68.0,60.00000000000001,1016.5,1012.6,3.0,7.0,21.1,25.0,No,Yes
2014-05-01,Brisbane,18.4,27.399999999999995,4.6,0.2,7.299999999999999,ENE,17.0,SSW,NE,7.0,6.0,80.0,60.00000000000001,1015.6,1012.2,3.0,2.0,21.7,24.9,Yes,Yes
2014-05-03,Brisbane,15.4,21.1,13.8,6.0,9.0,WNW,44.0,W,W,20.0,19.999999999999996,52.0,33.0,1005.8,1004.3,5.0,6.0,16.9,19.2,Yes,No
2014-05-08,Brisbane,15.299999999999999,24.2,0.0,4.6,3.5,SE,33.0,SSW,S,7.0,7.000000000000001,61.0,59.0,1022.0,1019.3,5.0,7.0,20.5,21.2,No,No
2014-05-09,Brisbane,14.699999999999998,24.7,0.0,4.0,8.9,SSE,28.0,SW,ESE,9.0,13.0,63.0,47.0,1024.3,1021.0999999999999,2.0,7.0,19.9,23.4,No,No
2014-05-10,Brisbane,15.6,24.0,0.0,6.0,1.8,E,28.0,WSW,E,4.0,9.0,64.0,64.0,1024.6,1021.8999999999999,7.0,8.0,19.1,20.7,No,No
2014-05-11,Brisbane,13.699999999999998,25.4,0.2,2.8,9.4,SW,15.0,WSW,NE,7.0,6.0,76.0,48.0,1024.6,1021.4,1.0,1.0,18.6,23.6,No,No
2014-05-12,Brisbane,13.8,24.7,0.0,2.4,7.499999999999999,SE,26.0,SSW,E,9.0,11.0,68.0,61.0,1026.6,1023.9000000000001,2.0,4.0,19.7,22.4,No,Yes
2014-05-13,Brisbane,13.900000000000002,24.8,3.6000000000000005,4.0,10.2,SE,30.0,SW,ESE,7.0,16.999999999999996,70.0,53.0,1026.5,1023.3,1.0,5.0,19.4,23.6,Yes,No
2014-05-14,Brisbane,15.1,23.2,0.0,5.0,6.3,SE,31.0,SSW,ESE,6.0,14.999999999999998,70.0,68.0,1026.1,1023.5000000000001,6.0,7.0,19.6,21.4,No,No
2014-05-15,Brisbane,15.199999999999998,24.8,0.0,3.0,9.6,E,31.0,SW,E,6.0,14.999999999999998,68.0,47.0,1026.5,1024.1,2.0,2.0,20.5,23.7,No,No
2014-05-16,Brisbane,15.199999999999998,23.0,0.4,5.8,3.9,E,33.0,SW,ESE,6.0,6.0,69.0,69.0,1027.7,1026.0,6.0,7.0,20.4,22.4,No,Yes
2014-05-17,Brisbane,14.799999999999999,24.6,1.2,1.6,6.0,ENE,31.0,WSW,SE,2.0,9.0,70.0,61.0,1029.9,1026.8,7.0,5.0,19.0,22.4,Yes,No
2014-05-18,Brisbane,15.0,25.1,0.6,3.4,5.4,E,30.0,SW,ESE,4.0,7.000000000000001,71.0,55.0,1028.4,1026.5,5.0,7.0,20.7,22.2,No,No
2014-05-19,Brisbane,14.400000000000002,24.7,0.2,4.0,2.1,ENE,17.0,SW,E,4.0,7.000000000000001,76.0,53.99999999999999,1027.8,1024.4,7.0,7.0,18.0,23.2,No,No
2014-05-20,Brisbane,14.6,24.7,0.0,2.4,5.1,W,15.0,SW,E,6.0,6.0,69.0,56.0,1024.7,1021.3000000000001,3.0,8.0,18.8,22.9,No,No
2014-05-21,Brisbane,14.699999999999998,25.1,0.0,2.8,10.0,ESE,28.0,SW,SE,6.0,11.0,71.0,59.0,1022.9,1020.8,1.0,3.0,19.7,23.2,No,Yes
2014-05-22,Brisbane,17.8,26.1,1.2,2.0,7.4,ENE,22.0,SW,E,2.0,11.0,74.0,61.0,1023.9,1020.5,3.0,5.0,21.5,23.5,Yes,No
2014-05-24,Brisbane,16.7,27.0,0.6,1.6,10.1,WSW,24.000000000000004,WSW,SW,2.0,7.000000000000001,79.0,46.00000000000001,1017.8,1014.2,2.0,5.0,21.4,25.8,No,No
2014-05-25,Brisbane,13.5,28.4,0.0,4.0,10.4,SW,15.0,SW,W,4.0,2.0,71.0,36.0,1020.9,1018.4,0.0,1.0,19.2,27.900000000000002,No,No
2014-05-26,Brisbane,13.5,28.4,0.2,4.4,10.1,NE,15.0,SW,ENE,6.0,7.000000000000001,71.0,42.0,1024.6,1021.3000000000001,5.0,3.0,18.6,26.4,No,No
2014-05-27,Brisbane,13.8,26.900000000000002,0.0,2.8,9.7,ENE,22.0,SW,NE,6.0,11.0,73.0,60.00000000000001,1023.6,1018.2,5.0,6.0,19.9,24.8,No,No
2014-05-29,Brisbane,15.299999999999999,28.6,0.0,3.4,9.7,E,22.0,SW,ENE,4.0,9.0,77.0,51.0,1021.7,1018.4,1.0,1.0,20.2,25.9,No,No
2014-05-30,Brisbane,18.8,24.9,0.0,3.6,3.1,E,22.0,SW,E,4.0,11.0,69.0,53.99999999999999,1024.1,1021.0,7.0,7.0,20.0,24.0,No,No
2014-05-31,Brisbane,16.0,23.4,0.6,3.4,3.8,E,20.0,WSW,E,6.0,7.000000000000001,89.0,80.0,1023.6,1020.3,8.0,7.0,17.9,20.8,No,No
2014-06-01,Brisbane,14.400000000000002,24.8,0.4,3.0,8.3,ENE,15.0,SW,ENE,6.0,7.000000000000001,85.99999999999999,53.0,1021.1,1017.7,7.0,6.0,17.0,23.5,No,No
2014-06-02,Brisbane,13.8,25.8,0.0,2.4,9.7,ENE,19.0,SW,NE,6.0,7.000000000000001,75.0,56.99999999999999,1019.7,1016.3,1.0,4.0,18.7,24.6,No,No
2014-06-03,Brisbane,16.8,24.6,0.0,3.0,5.0,WNW,19.0,WSW,W,6.0,6.0,92.0,66.0,1019.7,1017.1,7.0,7.0,18.4,23.6,No,No
2014-06-04,Brisbane,15.1,25.8,0.0,1.8,7.8,WSW,13.0,SW,ENE,4.0,6.0,69.0,64.0,1022.5,1020.6,3.0,7.0,19.5,23.4,No,No
2014-06-05,Brisbane,13.8,26.1,0.0,3.6,9.1,SE,22.0,SW,S,6.0,6.0,66.0,46.00000000000001,1023.5,1019.7,1.0,5.0,18.5,24.9,No,No
2014-06-06,Brisbane,14.400000000000002,25.9,0.0,3.4,9.1,SE,19.0,SSW,E,6.0,9.0,71.0,55.0,1022.3,1018.6,1.0,2.0,19.2,23.0,No,No
2014-06-07,Brisbane,13.3,24.4,0.0,3.6,9.8,SSW,24.000000000000004,SW,SSW,7.0,11.0,64.0,43.0,1022.8,1019.3,2.0,6.0,18.6,23.0,No,No
2014-06-08,Brisbane,13.900000000000002,23.3,0.0,5.0,6.5,SW,20.0,SSW,SE,7.0,7.000000000000001,62.0,53.0,1022.3,1019.6,6.0,7.0,18.0,22.0,No,No
2014-06-09,Brisbane,14.400000000000002,22.4,0.0,4.4,3.9,SE,28.0,SW,SE,9.0,11.0,57.0,51.0,1022.6,1020.7,7.0,7.0,18.3,20.9,No,No
2014-06-10,Brisbane,13.6,23.9,0.0,4.0,9.2,SSE,41.0,SW,SE,6.0,14.999999999999998,62.0,50.0,1023.9,1019.6,4.0,3.0,18.0,21.8,No,No
2014-06-11,Brisbane,13.900000000000002,22.8,0.0,4.6,4.9,SE,30.0,WSW,SE,7.0,14.999999999999998,69.0,47.0,1022.5,1019.3,5.0,1.0,16.7,21.3,No,No
2014-06-12,Brisbane,14.400000000000002,23.6,0.0,4.6,6.5,SE,26.0,SW,E,6.0,9.0,58.00000000000001,55.0,1020.9,1018.4,2.0,7.0,18.7,21.7,No,Yes
2014-06-13,Brisbane,14.6,24.1,1.4,3.6,6.8,ESE,20.0,SSW,NE,6.0,7.000000000000001,83.0,56.99999999999999,1020.3,1016.1,3.0,7.0,17.6,22.5,Yes,No
2014-06-14,Brisbane,15.299999999999999,21.0,0.8,2.6,0.4,W,26.0,SW,NNW,2.0,7.000000000000001,88.0,70.0,1015.9,1011.7,7.0,7.0,17.5,20.4,No,No
2014-06-15,Brisbane,9.8,20.6,0.6,2.2,9.8,W,43.0,WSW,W,6.0,13.0,57.0,42.0,1015.8,1013.9,2.0,2.0,16.6,19.7,No,No
2014-06-16,Brisbane,10.2,21.6,0.0,5.4,9.5,W,20.0,WSW,SSW,9.0,4.0,57.0,38.0,1021.7,1020.4,6.0,4.0,15.199999999999998,20.6,No,No
2014-06-17,Brisbane,8.5,22.9,0.0,3.4,9.8,S,15.0,SW,SSW,6.0,6.0,62.0,37.0,1024.8,1021.8,1.0,1.0,14.9,22.1,No,No
2014-06-18,Brisbane,9.6,24.3,0.0,2.0,9.2,ESE,20.0,SW,S,4.0,4.0,61.0,45.0,1027.3,1024.5,1.0,4.0,16.4,22.4,No,No
2014-06-19,Brisbane,13.8,20.3,0.0,3.4,1.5,WSW,15.0,SW,SE,6.0,7.000000000000001,78.0,83.0,1027.0,1024.3,7.0,7.0,17.3,17.9,No,Yes
2014-06-20,Brisbane,15.700000000000001,22.5,5.799999999999999,0.6,3.3,W,13.0,SW,SSW,4.0,2.0,90.0,65.0,1024.5,1019.8,7.0,3.0,17.4,21.8,Yes,No
2014-06-21,Brisbane,14.900000000000002,25.6,0.0,1.4,7.9,SSW,15.0,WSW,SW,4.0,4.0,87.0,46.00000000000001,1021.6,1017.7,7.0,2.0,17.1,25.2,No,Yes
2014-06-22,Brisbane,13.199999999999998,24.2,5.2,3.4,9.1,WNW,19.0,SW,SW,4.0,4.0,93.0,47.0,1021.3,1017.1,2.0,1.0,15.0,23.6,Yes,No
2014-06-23,Brisbane,10.8,24.1,0.2,2.4,9.2,ENE,17.0,SW,NE,6.0,9.0,77.0,52.0,1019.8,1014.4,3.0,5.0,15.0,22.4,No,No
2014-06-24,Brisbane,10.2,20.9,0.0,2.2,2.3,W,43.0,WNW,W,11.0,19.0,47.0,30.000000000000004,1014.5,1012.1,7.0,7.0,18.1,20.1,No,No
2014-06-25,Brisbane,13.400000000000002,21.8,0.0,5.4,8.8,WSW,35.0,WSW,W,9.0,13.0,46.0,36.0,1019.8,1016.5,6.0,1.0,15.7,21.7,No,No
2014-06-26,Brisbane,10.0,24.2,0.0,6.8,9.9,W,22.0,SW,SSW,6.0,4.0,47.0,26.0,1024.1,1021.4999999999999,0.0,0.0,16.3,24.2,No,No
2014-06-27,Brisbane,6.8,23.6,0.0,3.4,9.9,ENE,15.0,SW,NE,4.0,7.000000000000001,66.0,39.0,1023.9,1019.3,0.0,0.0,11.8,21.5,No,No
2014-06-29,Brisbane,12.3,19.9,1.6,3.6,10.0,W,54.0,W,W,9.0,19.999999999999996,41.0,34.0,1013.7,1010.7,0.0,1.0,15.6,19.0,Yes,No
2014-06-30,Brisbane,5.2,19.1,0.2,8.0,9.9,W,43.0,SW,W,6.0,19.999999999999996,44.0,30.000000000000004,1019.2,1017.5,1.0,2.0,15.0,18.4,No,No
2014-07-01,Brisbane,5.2,19.8,0.0,7.0,10.2,W,28.0,WSW,S,7.0,6.0,49.0,25.0,1025.7,1023.3,0.0,0.0,12.1,18.9,No,No
2014-07-02,Brisbane,5.3,21.2,0.0,2.6,10.2,SSW,20.0,SW,WNW,6.0,6.0,63.0,30.000000000000004,1026.4,1022.9,1.0,1.0,11.6,20.7,No,No
2014-07-03,Brisbane,7.3999999999999995,22.6,0.0,3.6,9.8,WSW,17.0,SW,E,4.0,7.000000000000001,60.0,45.0,1027.1,1023.1000000000001,1.0,1.0,13.799999999999999,21.8,No,No
2014-07-04,Brisbane,9.4,23.9,0.0,3.0,8.7,E,15.0,SW,NNE,6.0,4.0,78.0,47.0,1024.7,1020.5,3.0,4.0,13.7,21.9,No,No
2014-07-05,Brisbane,11.5,24.4,0.4,2.6,9.8,SW,20.0,WSW,SW,4.0,6.0,78.0,41.0,1019.5,1014.8,1.0,3.0,16.4,23.6,No,No
2014-07-06,Brisbane,5.3,20.5,0.0,4.0,10.2,W,31.0,WSW,W,7.0,13.0,42.99999999999999,26.999999999999996,1016.7,1012.0,0.0,0.0,15.1,20.4,No,No
2014-07-07,Brisbane,8.0,19.9,0.0,7.599999999999999,10.0,W,26.0,WSW,WSW,11.0,6.0,42.99999999999999,28.0,1016.4,1013.4,0.0,1.0,13.500000000000002,19.7,No,No
2014-07-08,Brisbane,6.200000000000001,21.7,0.0,4.0,9.9,NNE,15.0,WSW,NE,6.0,6.0,55.0,34.0,1018.4,1013.5,0.0,0.0,12.6,20.6,No,No
2014-07-10,Brisbane,10.0,20.0,0.0,5.0,9.8,WNW,48.00000000000001,W,W,17.0,26.0,28.0,25.0,1013.5,1011.9,0.0,1.0,15.8,18.7,No,No
2014-07-11,Brisbane,9.3,22.4,0.0,9.6,9.9,WSW,33.0,W,NW,9.0,6.0,38.0,19.0,1021.4,1017.9,0.0,0.0,14.599999999999998,21.6,No,No
2014-07-12,Brisbane,2.6,22.6,0.0,4.6,9.9,W,22.0,SW,W,4.0,11.0,46.0,22.0,1021.4,1017.6,0.0,0.0,14.399999999999999,21.7,No,No
2014-07-13,Brisbane,7.5,21.8,0.0,4.8,9.7,ESE,20.0,WSW,ESE,7.0,6.0,44.0,26.999999999999996,1022.9,1021.0999999999999,0.0,2.0,14.200000000000001,20.6,No,No
2014-07-14,Brisbane,10.5,21.4,0.0,3.7999999999999994,9.0,ESE,30.0,SW,SE,9.0,14.999999999999998,59.0,45.0,1028.5,1024.7,2.0,2.0,14.699999999999998,20.1,No,No
2014-07-15,Brisbane,12.5,20.5,0.0,4.2,2.6,SE,22.0,SSW,N,2.0,2.0,82.0,67.0,1025.3,1021.3000000000001,7.0,7.0,14.399999999999999,18.9,No,No
2014-07-18,Brisbane,7.3,18.7,0.2,6.6,9.9,W,56.0,W,W,15.0,22.0,41.0,23.000000000000004,1014.8,1011.7,1.0,0.0,16.2,17.8,No,No
2014-07-19,Brisbane,6.700000000000001,20.3,0.0,9.0,10.0,WSW,28.0,W,W,11.0,13.0,47.0,23.000000000000004,1019.4,1016.1,0.0,1.0,11.8,19.7,No,No
2014-07-20,Brisbane,8.2,23.2,0.0,5.0,10.1,W,24.000000000000004,SW,S,6.0,6.0,46.0,33.0,1021.4,1018.9,6.0,5.0,14.399999999999999,22.2,No,No
2014-07-21,Brisbane,11.0,22.2,0.0,3.7999999999999994,6.9,ESE,20.0,WSW,ESE,6.0,7.000000000000001,70.0,56.0,1023.5,1020.1,4.0,7.0,15.7,20.3,No,No
2014-07-22,Brisbane,10.5,22.6,0.0,3.2,7.1,SE,28.0,WSW,WNW,6.0,4.0,78.0,47.0,1022.7,1018.2,2.0,3.0,15.5,21.4,No,Yes
2014-07-23,Brisbane,9.4,22.8,2.4,3.6,9.8,E,20.0,SW,NE,7.0,6.0,76.0,53.99999999999999,1023.7,1020.3,1.0,3.0,14.499999999999998,19.8,Yes,No
2014-07-24,Brisbane,11.2,23.3,0.2,3.0,9.5,E,19.0,SSW,NE,4.0,9.0,65.0,49.00000000000001,1023.2,1021.2,2.0,1.0,16.5,21.5,No,No
2014-07-25,Brisbane,10.1,23.8,0.0,3.6,9.9,NE,22.0,WSW,NE,4.0,9.0,75.0,56.99999999999999,1027.1,1023.6999999999999,1.0,3.0,16.4,22.6,No,No
2014-07-26,Brisbane,12.2,22.7,0.0,2.6,0.5,W,20.0,SW,NE,4.0,6.0,88.0,65.0,1027.6,1023.1000000000001,7.0,8.0,16.2,21.4,No,Yes
2014-07-27,Brisbane,12.0,24.4,8.0,2.4,10.3,WSW,22.0,SW,WSW,6.0,6.0,80.0,32.0,1023.8,1020.7,1.0,1.0,17.4,23.6,Yes,No
2014-07-28,Brisbane,9.4,23.7,0.2,3.4,9.8,W,22.0,SW,W,4.0,7.000000000000001,72.0,32.0,1024.4,1020.1,1.0,1.0,14.699999999999998,23.2,No,No
2014-07-29,Brisbane,7.3,25.1,0.0,3.2,10.2,W,24.000000000000004,W,W,4.0,11.0,59.0,20.000000000000004,1023.1,1018.9,0.0,0.0,14.399999999999999,24.5,No,No
2014-07-30,Brisbane,7.8,25.9,0.0,4.8,9.8,WNW,17.0,WSW,SSW,4.0,4.0,58.00000000000001,17.0,1023.2,1018.4,0.0,0.0,13.7,25.3,No,No
2014-08-02,Brisbane,12.3,21.4,0.0,7.599999999999999,10.1,WSW,28.0,WSW,ESE,11.0,6.0,29.000000000000004,9.0,1023.3,1021.8999999999999,1.0,0.0,15.0,20.6,No,No
2014-08-03,Brisbane,9.8,21.4,0.0,7.0,8.5,SE,28.0,SSW,SE,6.0,11.0,52.0,50.0,1029.0,1026.5,3.0,3.0,15.199999999999998,19.5,No,Yes
2014-08-04,Brisbane,11.9,20.2,2.0,4.0,3.2,SSE,31.0,WSW,SE,6.0,13.0,82.0,47.0,1030.6,1029.0,7.0,7.0,15.7,19.1,Yes,No
2014-08-07,Brisbane,9.0,24.0,0.0,4.0,10.0,WSW,15.0,WSW,SE,4.0,4.0,67.0,25.0,1028.9,1024.5,1.0,1.0,15.6,23.2,No,No
2014-08-08,Brisbane,9.4,23.3,0.0,3.7999999999999994,6.700000000000001,SSW,17.0,SSW,E,7.0,7.000000000000001,62.0,42.0,1030.2,1026.9,1.0,6.0,16.0,21.6,No,No
2014-08-09,Brisbane,11.0,21.9,0.0,4.0,3.0,E,28.0,SSW,ESE,6.0,11.0,67.0,64.0,1030.0,1026.9,2.0,7.0,17.2,19.1,No,No
2014-08-10,Brisbane,11.6,24.6,0.0,2.8,9.8,NNE,19.0,SW,NNW,6.0,4.0,73.0,45.0,1026.2,1020.5,1.0,2.0,17.3,23.4,No,No
2014-08-11,Brisbane,11.3,25.9,0.0,4.6,9.9,ESE,26.0,SW,E,6.0,11.0,64.0,33.0,1022.2,1018.4,1.0,2.0,17.0,23.5,No,No
2014-08-12,Brisbane,11.4,22.1,0.0,4.0,9.3,ESE,30.0,S,ESE,4.0,13.0,60.0,52.0,1025.2,1022.9,1.0,6.0,17.8,19.7,No,No
2014-08-13,Brisbane,12.1,22.6,0.0,5.6,9.2,E,28.0,SSW,ESE,7.0,14.999999999999998,59.0,48.0,1028.4,1026.3,2.0,3.0,16.6,19.8,No,No
2014-08-14,Brisbane,10.8,21.6,0.0,3.4,5.5,ESE,30.0,SW,ESE,7.0,13.0,62.0,44.0,1030.5,1028.0,3.0,2.0,17.2,20.9,No,No
2014-08-15,Brisbane,12.0,20.9,0.0,4.0,0.6,SE,30.0,WSW,ESE,4.0,13.0,73.0,56.99999999999999,1028.3,1024.0,7.0,7.0,15.8,19.6,No,Yes
2014-08-16,Brisbane,13.6,17.4,4.0,2.2,0.0,NE,26.0,SE,ENE,2.0,6.0,95.0,92.00000000000001,1021.0,1015.9,8.0,8.0,15.3,17.1,Yes,Yes
2014-08-18,Brisbane,11.7,20.9,0.0,7.2,9.8,WNW,56.0,W,W,20.0,19.999999999999996,55.0,44.0,1011.6,1008.5,5.0,3.0,15.5,19.2,No,No
2014-08-19,Brisbane,13.6,24.3,0.0,9.0,10.6,W,39.0,W,W,15.0,14.999999999999998,53.00000000000001,35.0,1013.8,1011.0,1.0,1.0,18.1,23.5,No,No
2014-08-20,Brisbane,9.8,24.2,0.0,6.4,9.9,E,24.000000000000004,WSW,ENE,7.0,9.0,54.0,47.0,1020.1999999999999,1017.7,0.0,2.0,17.9,21.7,No,No
2014-08-21,Brisbane,12.1,23.2,0.0,6.6,10.2,ESE,39.0,SSW,SE,7.0,16.999999999999996,58.00000000000001,52.0,1023.2,1020.7,1.0,3.0,18.3,21.4,No,Yes
2014-08-22,Brisbane,14.0,17.1,3.2,4.2,0.0,SSE,24.000000000000004,SSW,SSE,6.0,13.0,83.0,88.0,1025.9,1023.2,8.0,8.0,15.8,15.9,Yes,Yes
2014-08-23,Brisbane,13.8,18.5,22.4,4.0,0.0,SSE,37.0,SW,SSE,7.0,11.0,93.0,85.0,1023.8,1022.1999999999999,8.0,8.0,14.699999999999998,15.8,Yes,Yes
2014-08-24,Brisbane,14.0,22.8,6.0,1.4,3.5,SE,31.0,S,SSE,7.0,11.0,72.0,43.0,1023.9,1020.4,8.0,7.0,18.0,22.5,Yes,No
2014-08-25,Brisbane,13.699999999999998,24.0,0.0,4.2,8.9,SE,26.0,SSW,S,9.0,9.0,64.0,51.0,1021.7,1017.9,1.0,2.0,19.3,22.7,No,No
2014-08-26,Brisbane,12.8,23.9,0.0,4.0,9.1,SE,28.0,SW,SE,6.0,9.0,64.0,40.0,1018.3,1014.3,1.0,1.0,18.4,23.7,No,No
2014-08-27,Brisbane,12.0,23.8,0.0,4.0,7.4,W,35.0,WSW,S,9.0,11.0,65.0,48.0,1016.3,1012.2,1.0,7.0,18.4,21.0,No,Yes
2014-08-28,Brisbane,12.7,23.7,3.6000000000000005,4.4,7.6,SSW,35.0,SSW,S,13.0,11.0,63.0,37.0,1016.2,1017.2,5.0,2.0,19.5,22.6,Yes,No
2014-08-29,Brisbane,12.3,23.9,0.0,6.0,10.9,E,20.0,SW,S,7.0,6.0,52.0,32.0,1023.2,1018.7,1.0,1.0,17.4,22.8,No,No
2014-08-30,Brisbane,9.7,24.3,0.0,4.0,10.5,NE,19.0,SSW,SSE,7.0,6.0,61.0,40.0,1020.4,1016.2,1.0,2.0,16.7,23.1,No,No
2014-08-31,Brisbane,13.6,25.8,0.0,4.0,10.9,E,24.000000000000004,SW,NE,6.0,9.0,58.00000000000001,46.00000000000001,1019.2,1015.5,1.0,1.0,19.5,23.2,No,No
2014-09-01,Brisbane,13.400000000000002,25.3,0.0,4.6,10.3,NE,24.000000000000004,WSW,NNE,4.0,9.0,69.0,56.0,1019.8,1014.9,1.0,1.0,19.8,22.8,No,No
2014-09-02,Brisbane,12.0,29.1,0.0,4.6,6.700000000000001,WNW,43.0,NNW,NW,4.0,9.0,60.0,26.999999999999996,1013.6,1005.9,7.0,4.0,18.3,28.999999999999996,No,No
2014-09-03,Brisbane,10.9,23.1,0.0,10.8,10.9,W,44.0,W,W,15.0,11.0,37.0,18.0,1012.7,1009.3,1.0,1.0,16.3,22.5,No,No
2014-09-04,Brisbane,10.0,23.9,0.0,8.8,10.1,WNW,26.0,SW,SW,6.0,6.0,31.0,15.000000000000002,1015.0,1011.0,1.0,1.0,17.3,23.7,No,No
2014-09-05,Brisbane,9.1,23.8,0.0,5.8,10.7,ENE,24.000000000000004,SW,NE,6.0,9.0,48.00000000000001,38.0,1018.2,1015.4,1.0,3.0,16.7,21.5,No,No
2014-09-06,Brisbane,11.5,23.4,0.0,6.4,8.2,SE,30.0,WSW,ESE,9.0,11.0,56.0,50.0,1025.1,1022.7,1.0,7.0,17.6,20.3,No,No
2014-09-07,Brisbane,12.900000000000002,23.1,0.0,6.4,8.5,ESE,30.0,SE,ESE,11.0,14.999999999999998,56.0,52.0,1027.1,1024.0,5.0,6.0,19.5,20.9,No,Yes
2014-09-08,Brisbane,13.8,23.0,3.0,4.4,5.6,ESE,33.0,SSE,E,7.0,11.0,70.0,52.0,1025.9,1022.1,6.0,5.0,18.9,21.3,Yes,No
2014-09-09,Brisbane,12.400000000000002,23.6,0.0,4.0,10.5,NE,24.000000000000004,WSW,ENE,4.0,13.0,66.0,59.0,1022.6,1018.3,5.0,3.0,19.3,22.4,No,No
2014-09-10,Brisbane,13.3,28.3,0.0,4.0,10.3,NE,26.0,WNW,NE,6.0,7.000000000000001,63.0,65.0,1016.9,1011.0,2.0,5.0,21.3,23.8,No,No
2014-09-11,Brisbane,11.7,27.0,0.0,3.7999999999999994,10.6,NE,22.0,WSW,NE,6.0,9.0,50.0,33.0,1017.8,1015.1,0.0,0.0,20.7,24.5,No,No
2014-09-12,Brisbane,13.8,25.2,0.0,4.0,10.2,NE,28.0,S,E,6.0,11.0,69.0,49.00000000000001,1022.6,1020.4,5.0,2.0,20.6,23.8,No,No
2014-09-13,Brisbane,15.1,24.2,0.0,5.0,7.2,NE,24.000000000000004,NE,NE,7.0,7.000000000000001,55.0,52.0,1024.2,1021.8,5.0,7.0,22.2,22.3,No,No
2014-09-14,Brisbane,12.8,24.7,0.0,4.2,10.1,ENE,22.0,WSW,NE,6.0,9.0,66.0,50.0,1023.4,1018.8,1.0,1.0,19.6,23.2,No,No
2014-09-15,Brisbane,12.8,26.3,0.0,5.0,10.4,NNE,24.000000000000004,WSW,NE,6.0,13.0,63.0,50.0,1019.8,1014.3,1.0,1.0,20.1,23.7,No,No
2014-09-16,Brisbane,13.3,26.900000000000002,0.0,5.4,9.7,NE,30.0,N,NE,6.0,13.0,49.0,62.0,1017.0,1011.3,1.0,4.0,22.399999999999995,24.3,No,No
2014-09-17,Brisbane,11.9,29.5,0.0,6.2,11.0,NW,33.0,SW,WNW,6.0,19.999999999999996,35.0,18.0,1015.2,1010.5,0.0,1.0,24.4,28.799999999999997,No,No
2014-09-18,Brisbane,11.1,27.299999999999997,0.0,9.0,11.3,WSW,26.0,WSW,WNW,7.0,6.0,25.0,15.000000000000002,1019.5,1015.2,1.0,0.0,22.2,26.800000000000004,No,No
2014-09-19,Brisbane,11.2,24.7,0.0,7.599999999999999,11.0,ENE,28.0,SW,NNE,4.0,11.0,51.0,43.0,1021.5,1016.4,1.0,1.0,20.2,23.1,No,No
2014-09-20,Brisbane,14.400000000000002,24.0,0.0,5.6,6.9,E,31.0,S,E,6.0,14.999999999999998,66.0,53.99999999999999,1022.0,1018.8,5.0,4.0,19.5,21.9,No,No
2014-09-21,Brisbane,12.6,24.4,0.0,5.6,10.1,E,33.0,SSE,ESE,9.0,14.999999999999998,52.0,47.0,1026.5,1023.9000000000001,5.0,4.0,20.8,22.6,No,No
2014-09-22,Brisbane,13.400000000000002,23.4,0.6,6.8,7.1,ESE,35.0,SE,E,9.0,16.999999999999996,67.0,53.0,1027.7,1025.5,6.0,7.0,20.2,21.4,No,Yes
2014-09-23,Brisbane,15.5,23.9,3.0,4.8,9.7,E,31.0,SE,E,11.0,13.0,53.00000000000001,41.0,1028.7,1025.3,6.0,3.0,21.1,22.2,Yes,No
2014-09-24,Brisbane,13.900000000000002,23.4,0.8,6.2,6.8,E,24.000000000000004,WNW,NE,6.0,11.0,76.0,56.0,1025.0,1020.4,7.0,3.0,19.1,22.4,No,No
2014-09-25,Brisbane,14.799999999999999,26.3,0.0,5.0,7.499999999999999,NE,39.0,WNW,NE,9.0,13.0,56.0,61.0,1019.1,1011.1,5.0,3.0,22.8,24.6,No,Yes
2014-09-26,Brisbane,13.900000000000002,25.5,9.8,5.2,10.2,W,26.0,WSW,ENE,9.0,11.0,56.0,56.99999999999999,1015.5,1013.2,1.0,5.0,21.7,22.8,Yes,No
2014-09-27,Brisbane,14.5,26.6,0.0,6.6,9.5,S,26.0,W,ENE,6.0,13.0,60.0,47.0,1019.3000000000001,1015.2,4.0,2.0,21.1,24.7,No,Yes
2014-09-28,Brisbane,15.0,23.9,10.4,5.0,9.2,NE,24.000000000000004,SE,ENE,11.0,9.0,62.0,53.0,1022.4,1019.2,2.0,2.0,20.3,23.1,Yes,No
2014-09-29,Brisbane,13.199999999999998,24.9,0.0,5.8,10.4,ENE,24.000000000000004,ESE,ENE,2.0,11.0,59.0,52.0,1021.5,1017.3,2.0,1.0,21.2,23.7,No,No
2014-09-30,Brisbane,13.6,26.2,0.0,6.0,10.8,NE,28.0,NNE,NE,4.0,9.0,53.00000000000001,53.0,1021.0,1016.9,0.0,0.0,22.6,25.1,No,No
2014-10-01,Brisbane,15.9,31.400000000000002,0.0,5.6,10.3,SE,43.0,NW,NE,6.0,11.0,55.0,53.0,1017.6,1011.8,0.0,1.0,23.4,27.500000000000004,No,No
2014-10-02,Brisbane,17.6,23.2,0.0,7.0,7.700000000000001,SE,37.0,E,ENE,7.0,11.0,55.0,53.0,1022.3,1019.6,7.0,5.0,20.3,22.0,No,No
2014-10-03,Brisbane,13.3,26.000000000000004,0.0,8.8,10.2,ENE,26.0,E,NNE,4.0,7.000000000000001,58.00000000000001,55.0,1020.3,1017.0,0.0,1.0,21.4,24.7,No,No
2014-10-05,Brisbane,15.700000000000001,26.900000000000002,0.0,7.0,10.8,NE,26.0,WNW,NE,4.0,11.0,56.0,45.0,1021.9,1017.6,4.0,1.0,23.1,25.3,No,No
2014-10-06,Brisbane,14.400000000000002,27.2,0.0,7.2,11.2,ENE,24.000000000000004,E,ENE,2.0,11.0,49.0,39.0,1020.4,1015.9,1.0,1.0,23.6,25.600000000000005,No,No
2014-10-07,Brisbane,14.400000000000002,26.900000000000002,0.0,7.4,10.9,NE,28.0,NNW,NE,9.0,11.0,47.0,52.0,1016.8,1012.1,0.0,2.0,24.0,25.1,No,No
2014-10-08,Brisbane,16.9,31.7,0.0,6.0,8.8,ESE,37.0,NW,E,4.0,16.999999999999996,55.0,67.0,1013.9,1011.7,1.0,4.0,25.5,25.3,No,No
2014-10-09,Brisbane,19.4,25.3,0.0,5.2,7.299999999999999,E,33.0,SE,E,11.0,13.0,56.0,49.00000000000001,1020.4,1018.2,6.0,4.0,23.5,24.0,No,No
2014-10-10,Brisbane,14.900000000000002,25.4,0.0,8.0,9.9,NE,24.000000000000004,NW,NE,6.0,11.0,58.00000000000001,50.0,1020.8,1016.7,4.0,1.0,21.6,24.0,No,No
2014-10-11,Brisbane,17.7,26.4,0.0,6.6,7.700000000000001,E,24.000000000000004,S,ENE,2.0,11.0,62.0,52.0,1019.3000000000001,1015.3,7.0,1.0,21.7,25.2,No,No
2014-10-12,Brisbane,17.4,26.2,0.0,5.8,10.2,ENE,28.0,E,ENE,6.0,14.999999999999998,58.00000000000001,56.99999999999999,1019.5999999999999,1016.6,4.0,1.0,23.9,23.7,No,No
2014-10-13,Brisbane,16.2,26.900000000000002,0.0,7.0,10.5,ENE,37.0,N,NNE,7.0,13.0,57.0,56.0,1016.7,1011.5,3.0,3.0,23.2,25.2,No,Yes
2014-10-14,Brisbane,17.3,27.700000000000003,3.2,8.6,10.9,W,41.0,NW,W,13.0,19.0,60.0,26.0,1010.7,1008.4,6.0,1.0,23.4,26.800000000000004,Yes,No
2014-10-15,Brisbane,13.3,26.2,0.0,12.4,12.5,WNW,35.0,W,W,13.0,13.0,34.0,25.0,1015.9,1012.3,0.0,1.0,18.3,25.3,No,No
2014-10-16,Brisbane,13.199999999999998,26.7,0.0,7.599999999999999,12.1,E,26.0,SSW,ENE,7.0,11.0,45.0,37.0,1019.2,1015.7,1.0,1.0,22.8,25.7,No,No
2014-10-17,Brisbane,15.5,30.199999999999996,0.0,5.2,11.9,E,30.0,S,ENE,7.0,13.0,54.0,38.0,1020.7,1016.6,2.0,4.0,23.8,26.7,No,No
2014-10-18,Brisbane,16.1,26.499999999999996,0.0,7.800000000000001,11.8,ESE,39.0,S,ESE,9.0,14.999999999999998,48.00000000000001,46.00000000000001,1026.0,1023.3,1.0,2.0,23.2,24.0,No,No
2014-10-19,Brisbane,15.199999999999998,26.900000000000002,0.0,7.599999999999999,12.1,E,30.0,SE,ENE,6.0,16.999999999999996,47.0,46.00000000000001,1027.7,1023.2,2.0,1.0,23.1,24.5,No,No
2014-10-20,Brisbane,14.199999999999998,26.6,0.0,8.8,12.3,NE,24.000000000000004,SSE,ENE,4.0,13.0,49.0,46.00000000000001,1025.6,1021.7,1.0,1.0,22.399999999999995,24.7,No,No
2014-10-21,Brisbane,16.6,27.1,0.0,7.2,3.4,ESE,37.0,SSE,ESE,17.0,19.0,53.00000000000001,55.0,1027.1,1024.4,7.0,6.0,23.2,23.7,No,No
2014-10-22,Brisbane,16.6,25.5,0.0,7.800000000000001,9.2,E,31.0,SSE,E,9.0,16.999999999999996,48.00000000000001,48.0,1025.6,1022.0,5.0,2.0,22.2,24.0,No,No
2014-10-23,Brisbane,12.7,27.0,0.0,7.599999999999999,11.6,NE,30.0,NW,NE,4.0,9.0,50.0,47.0,1022.6,1017.3,1.0,1.0,22.2,25.7,No,No
2014-10-24,Brisbane,16.1,27.299999999999997,0.0,7.800000000000001,11.0,NE,31.0,NNE,NE,6.0,13.0,50.0,53.99999999999999,1022.8,1019.3,1.0,1.0,24.8,25.0,No,No
2014-10-25,Brisbane,17.3,28.6,0.0,10.0,11.7,ENE,30.0,N,NE,6.0,13.0,49.0,56.99999999999999,1020.6,1015.0,2.0,1.0,24.6,26.2,No,No
2014-10-27,Brisbane,20.5,34.0,0.0,8.0,9.8,NE,26.0,NNE,ENE,6.0,14.999999999999998,55.0,59.0,1011.6,1005.8,0.0,2.0,27.4,29.199999999999996,No,Yes
2014-10-28,Brisbane,21.2,34.2,2.6,9.8,10.5,E,37.0,ESE,ENE,7.0,11.0,29.000000000000004,58.0,1010.3,1009.2,1.0,1.0,33.9,28.099999999999998,Yes,No
2014-10-29,Brisbane,17.5,30.7,0.0,7.4,11.6,E,35.0,S,E,7.0,19.999999999999996,50.0,35.0,1014.8,1013.1,1.0,0.0,27.900000000000002,28.200000000000003,No,No
2014-11-01,Brisbane,20.9,30.9,0.0,9.2,11.6,NNE,35.0,NNW,NNE,7.0,14.999999999999998,58.00000000000001,61.0,1016.5,1009.5,7.0,1.0,26.9,27.700000000000003,No,No
2014-11-02,Brisbane,21.2,31.2,0.0,8.8,8.7,E,37.0,S,ESE,6.0,19.999999999999996,50.0,55.0,1014.4,1014.5,5.0,3.0,30.0,26.2,No,No
2014-11-03,Brisbane,20.6,23.8,0.0,11.6,1.2,E,30.0,ESE,ESE,11.0,13.0,56.0,53.99999999999999,1022.3,1020.7,7.0,7.0,23.6,22.9,No,No
2014-11-04,Brisbane,15.299999999999999,26.4,0.0,5.3,10.2,E,28.0,ENE,ENE,6.0,14.999999999999998,56.0,49.00000000000001,1023.8,1020.4,4.0,3.0,22.399999999999995,23.7,No,No
2014-11-05,Brisbane,16.3,27.0,0.0,7.0,9.3,ENE,30.0,NE,ENE,6.0,13.0,54.0,50.0,1021.4,1016.8,6.0,2.0,23.5,24.8,No,No
2014-11-06,Brisbane,18.2,28.4,0.0,8.8,9.0,NE,33.0,NNW,NE,4.0,14.999999999999998,49.0,53.0,1015.9,1011.6,1.0,3.0,24.8,26.4,No,Yes
2014-11-07,Brisbane,19.5,29.1,9.2,7.800000000000001,10.6,ENE,24.000000000000004,N,NNE,2.0,11.0,59.0,53.0,1017.1,1015.0,5.0,7.0,26.0,27.700000000000003,Yes,No
2014-11-08,Brisbane,20.7,29.1,0.0,7.599999999999999,12.0,ENE,31.0,ESE,NE,7.0,13.0,47.0,44.0,1021.2,1018.2,1.0,1.0,26.0,26.9,No,No
2014-11-09,Brisbane,17.0,28.500000000000004,0.0,9.2,12.5,NE,24.000000000000004,WNW,ENE,7.0,13.0,50.0,50.0,1020.1,1017.0,1.0,1.0,24.8,26.7,No,No
2014-11-10,Brisbane,19.9,29.2,0.0,8.0,10.6,NE,28.0,N,NNE,7.0,13.0,53.00000000000001,50.0,1019.2,1015.5,5.0,7.0,26.9,26.9,No,No
2014-11-11,Brisbane,18.8,29.9,0.0,9.0,10.2,NE,28.0,ENE,ENE,6.0,13.0,53.00000000000001,52.0,1016.6,1013.8,1.0,1.0,25.9,28.099999999999998,No,No
2014-11-12,Brisbane,22.1,28.3,0.0,7.4,8.1,ESE,30.0,ENE,E,7.0,14.999999999999998,61.0,63.00000000000001,1016.8,1014.3,6.0,5.0,25.8,25.7,No,Yes
2014-11-13,Brisbane,20.3,28.6,9.2,5.4,7.6,E,28.0,SE,ENE,4.0,13.0,78.0,61.0,1018.5,1016.2,7.0,6.0,23.9,26.2,Yes,No
2014-11-14,Brisbane,20.9,30.0,0.2,7.2,12.5,NNE,31.0,N,NE,7.0,11.0,47.0,56.99999999999999,1018.7,1014.1,1.0,2.0,27.900000000000002,28.699999999999996,No,No
2014-11-15,Brisbane,21.4,32.2,0.0,6.0,12.9,NE,30.0,ENE,NNE,6.0,13.0,51.0,56.0,1013.4,1007.3,0.0,0.0,29.6,30.9,No,No
2014-11-16,Brisbane,23.0,38.9,0.0,9.0,10.8,W,35.0,ENE,NE,6.0,7.000000000000001,51.0,53.99999999999999,1007.2,1003.8,5.0,7.0,31.3,33.2,No,No
2014-11-17,Brisbane,23.4,30.3,0.0,6.2,11.9,E,31.0,ESE,E,11.0,14.999999999999998,53.00000000000001,56.99999999999999,1013.0,1011.5,1.0,6.0,28.900000000000002,26.600000000000005,No,Yes
2014-11-18,Brisbane,22.3,28.3,2.6,9.6,4.2,ENE,24.000000000000004,S,NE,4.0,11.0,85.99999999999999,73.0,1016.2,1012.5,8.0,4.0,24.0,27.799999999999997,Yes,Yes
2014-11-19,Brisbane,24.0,30.0,13.8,5.0,4.5,SW,41.0,ENE,ENE,11.0,16.999999999999996,74.0,79.0,1017.7,1014.0,7.0,7.0,27.4,25.9,Yes,Yes
2014-11-20,Brisbane,19.1,28.9,55.99999999999999,7.0,10.8,NE,33.0,NE,NE,7.0,13.0,64.0,64.0,1018.2,1014.6,4.0,4.0,26.4,27.900000000000002,Yes,No
2014-11-21,Brisbane,22.8,30.4,0.0,6.6,11.7,NE,37.0,NNW,NE,7.0,13.0,62.0,67.0,1015.6,1011.1,5.0,5.0,28.400000000000002,28.900000000000002,No,No
2014-11-22,Brisbane,24.2,31.5,0.0,10.2,10.8,NE,37.0,NNW,NE,4.0,14.999999999999998,59.0,67.0,1014.8,1011.6,5.0,2.0,29.6,29.1,No,No
2014-11-23,Brisbane,24.1,30.4,0.0,9.8,11.2,NE,33.0,NNE,NNE,6.0,13.0,58.00000000000001,53.99999999999999,1017.8,1014.2,6.0,2.0,29.5,29.199999999999996,No,No
2014-11-24,Brisbane,22.6,30.500000000000004,0.0,11.0,12.2,NE,35.0,NNW,NE,9.0,14.999999999999998,52.0,65.0,1017.6,1013.1,3.0,5.0,28.200000000000003,27.599999999999998,No,No
2014-11-25,Brisbane,21.4,31.1,0.0,10.2,12.1,NNE,28.0,NW,NNE,7.0,9.0,48.00000000000001,52.0,1015.3,1011.6,3.0,5.0,27.999999999999996,29.899999999999995,No,Yes
2014-11-26,Brisbane,23.4,29.1,3.6000000000000005,7.800000000000001,5.1,ENE,24.000000000000004,N,ENE,7.0,11.0,79.0,63.00000000000001,1017.2,1014.7,7.0,7.0,24.5,27.799999999999997,Yes,Yes
2014-11-27,Brisbane,23.4,32.0,3.0,6.8,10.4,SW,83.0,NNW,NE,6.0,13.0,54.0,51.0,1016.3,1012.1,6.0,1.0,28.699999999999996,30.1,Yes,Yes
2014-11-28,Brisbane,17.8,27.399999999999995,43.4,9.4,6.4,ESE,35.0,SE,E,7.0,16.999999999999996,71.0,59.0,1018.7,1017.9,7.0,7.0,25.2,24.9,Yes,No
2014-11-29,Brisbane,19.4,27.299999999999997,1.0,7.800000000000001,12.3,ENE,31.0,ESE,E,11.0,13.0,48.00000000000001,47.0,1019.4,1016.6,3.0,2.0,24.8,25.7,No,No
2014-11-30,Brisbane,16.4,27.8,0.0,9.6,12.9,NE,26.0,NW,ENE,4.0,14.999999999999998,50.0,48.0,1017.3,1013.7,3.0,5.0,25.2,26.5,No,No
2014-12-01,Brisbane,19.1,28.4,0.0,7.599999999999999,11.4,NNE,26.0,ENE,NE,7.0,11.0,51.0,46.00000000000001,1015.3,1012.2,3.0,1.0,25.1,26.800000000000004,No,No
2014-12-02,Brisbane,21.6,29.1,0.0,9.6,6.1,ENE,24.000000000000004,NE,NE,9.0,11.0,64.0,53.99999999999999,1016.4,1014.4,7.0,5.0,25.8,26.5,No,No
2014-12-03,Brisbane,20.2,29.8,0.2,8.0,12.5,ENE,31.0,N,NE,2.0,14.999999999999998,59.0,62.0,1017.8,1014.7,3.0,3.0,27.099999999999998,27.500000000000004,No,No
2014-12-04,Brisbane,22.7,30.3,0.0,7.800000000000001,9.9,NE,33.0,NNW,NE,9.0,14.999999999999998,59.0,56.99999999999999,1016.8,1013.2,6.0,7.0,27.599999999999998,27.999999999999996,No,No
2014-12-05,Brisbane,23.5,30.0,0.0,9.2,4.5,ENE,26.0,NNW,NE,6.0,9.0,58.00000000000001,62.0,1012.8,1008.9,7.0,7.0,26.300000000000004,27.300000000000004,No,Yes
2014-12-07,Brisbane,22.0,30.3,1.4,4.0,11.1,NNE,31.0,NNW,NE,7.0,13.0,65.0,62.0,1008.6,1006.4,7.0,3.0,26.5,28.999999999999996,Yes,No
2014-12-08,Brisbane,24.4,30.4,0.0,7.4,3.3,NE,30.0,NNE,NNE,6.0,6.0,73.0,79.0,1012.2,1010.4,7.0,8.0,28.400000000000002,27.700000000000003,No,Yes
2014-12-09,Brisbane,21.7,33.2,25.2,5.0,8.5,ENE,28.0,WNW,NNE,6.0,13.0,64.0,59.0,1014.4,1010.0,6.0,6.0,27.900000000000002,30.1,Yes,No
2014-12-11,Brisbane,24.4,32.2,0.0,7.4,4.1,WNW,30.0,NNW,WNW,7.0,13.0,67.0,87.0,1009.9,1005.4,5.0,7.0,29.199999999999996,24.4,No,Yes
2014-12-12,Brisbane,20.4,24.7,26.999999999999996,9.8,0.8,SE,30.0,SSE,NE,6.0,4.0,75.0,76.0,1009.1,1008.2,8.0,7.0,20.6,22.9,Yes,Yes
2014-12-13,Brisbane,18.7,24.9,3.7999999999999994,5.0,0.1,SSE,35.0,SSE,SE,11.0,16.999999999999996,64.0,56.99999999999999,1011.2,1009.2,8.0,8.0,22.3,24.0,Yes,No
2014-12-14,Brisbane,18.7,26.3,0.0,4.8,4.0,SE,28.0,SSE,ESE,9.0,13.0,56.0,56.99999999999999,1010.4,1008.5,6.0,7.0,23.9,25.2,No,No
2014-12-15,Brisbane,17.6,28.8,0.0,7.2,13.3,NE,26.0,S,E,6.0,13.0,49.0,50.0,1011.5,1008.7,2.0,1.0,25.1,27.500000000000004,No,No
2014-12-16,Brisbane,17.5,30.0,0.0,7.800000000000001,11.5,NE,26.0,NNE,NE,7.0,11.0,54.0,58.0,1010.5,1005.7,6.0,3.0,26.2,27.900000000000002,No,No
2014-12-17,Brisbane,22.4,35.0,0.0,7.800000000000001,12.6,NE,24.000000000000004,ENE,NE,2.0,9.0,58.00000000000001,40.0,1006.7,1003.1,1.0,3.0,29.899999999999995,33.8,No,Yes
2014-12-18,Brisbane,24.2,32.4,1.2,8.0,6.6,W,56.0,NE,NE,7.0,9.0,67.0,69.0,1010.5,1005.7,6.0,7.0,28.999999999999996,30.1,Yes,Yes
2014-12-19,Brisbane,20.8,34.7,16.8,9.2,9.9,E,28.0,WNW,WSW,7.0,7.000000000000001,65.0,24.0,1011.6999999999999,1008.2,4.0,1.0,26.0,34.2,Yes,No
2014-12-20,Brisbane,21.8,29.1,0.0,6.8,12.5,E,33.0,ESE,E,11.0,13.0,58.00000000000001,47.0,1016.0,1013.5,2.0,1.0,26.300000000000004,28.099999999999998,No,No
2014-12-21,Brisbane,20.7,29.300000000000004,0.0,10.4,10.6,ENE,24.000000000000004,NNE,NE,6.0,13.0,62.0,55.0,1018.3,1015.6,4.0,1.0,25.0,27.4,No,No
2014-12-22,Brisbane,18.9,28.500000000000004,0.0,7.2,12.1,ENE,30.0,ESE,E,9.0,19.0,56.0,53.0,1017.9,1015.5,2.0,2.0,25.5,26.800000000000004,No,No
2014-12-23,Brisbane,19.1,28.8,0.0,9.4,11.9,E,30.0,E,NNE,6.0,13.0,55.0,53.99999999999999,1016.9,1014.1,3.0,3.0,26.300000000000004,27.300000000000004,No,No
2014-12-24,Brisbane,20.8,30.3,0.0,8.0,12.1,NE,24.000000000000004,NNE,NE,4.0,13.0,55.0,52.0,1014.3,1011.5,1.0,1.0,27.300000000000004,28.699999999999996,No,No
2014-12-25,Brisbane,21.0,30.199999999999996,0.0,9.0,11.2,NE,24.000000000000004,NNE,NE,4.0,11.0,63.0,52.0,1013.9,1009.9,3.0,3.0,26.300000000000004,29.399999999999995,No,No
2014-12-26,Brisbane,24.4,31.7,0.0,8.8,6.9,NE,22.0,N,NNE,6.0,9.0,61.0,56.99999999999999,1011.8,1009.1,6.0,7.0,28.099999999999998,30.0,No,Yes
2014-12-27,Brisbane,20.9,23.4,7.200000000000001,8.6,0.0,SW,30.0,SW,SW,2.0,6.0,89.0,90.0,1014.5,1013.9,8.0,8.0,21.9,21.4,Yes,Yes
2014-12-28,Brisbane,19.6,27.0,22.4,0.2,0.3,WSW,13.0,SW,SW,2.0,4.0,95.0,74.0,1014.8,1011.4,8.0,7.0,21.1,26.0,Yes,Yes
2014-12-30,Brisbane,22.1,35.5,1.0,5.2,11.7,SSE,22.0,WNW,N,4.0,6.0,70.0,51.0,1009.4,1005.6,5.0,2.0,28.999999999999996,34.0,No,No
2014-12-31,Brisbane,23.8,33.9,0.0,5.8,10.7,E,30.0,SSE,ENE,4.0,13.0,55.0,62.0,1009.6,1009.2,2.0,6.0,31.0,30.5,No,Yes
2015-01-01,Brisbane,25.2,31.300000000000004,12.2,7.0,12.1,E,26.0,NNE,NE,6.0,13.0,67.0,64.0,1014.9,1012.7,5.0,4.0,29.399999999999995,30.2,Yes,No
2015-01-02,Brisbane,24.800000000000004,30.500000000000004,0.2,9.0,10.3,ENE,28.0,NE,NE,9.0,13.0,68.0,69.0,1018.2,1016.6,5.0,7.0,28.099999999999998,27.799999999999997,No,Yes
2015-01-03,Brisbane,24.6,28.9,1.2,4.2,4.2,E,35.0,ENE,NE,6.0,11.0,82.0,64.0,1019.4,1017.3,8.0,6.0,25.600000000000005,28.299999999999997,Yes,Yes
2015-01-04,Brisbane,21.1,30.199999999999996,16.8,7.599999999999999,12.0,ENE,26.0,E,ENE,9.0,13.0,59.0,53.0,1018.0,1014.5,4.0,3.0,27.599999999999998,28.799999999999997,Yes,No
2015-01-05,Brisbane,21.8,28.099999999999998,0.0,8.8,3.8,ESE,20.0,ESE,SSW,6.0,4.0,69.0,80.0,1015.9,1015.2,7.0,7.0,26.800000000000004,23.7,No,Yes
2015-01-06,Brisbane,21.5,29.5,21.6,5.8,12.1,E,33.0,ESE,E,15.0,16.999999999999996,62.0,48.0,1017.5,1016.4,7.0,3.0,26.9,28.499999999999996,Yes,No
2015-01-07,Brisbane,20.6,27.1,0.0,9.0,3.6,SSE,33.0,SE,ESE,15.0,9.0,64.0,59.0,1017.7,1016.1,7.0,7.0,26.9,26.300000000000004,No,Yes
2015-01-08,Brisbane,19.8,28.4,1.8000000000000003,5.6,3.9,E,31.0,SE,E,11.0,7.000000000000001,68.0,70.0,1016.0,1013.4,6.0,7.0,25.5,25.7,Yes,Yes
2015-01-09,Brisbane,20.8,29.5,3.6000000000000005,4.2,11.8,E,26.0,E,ENE,4.0,13.0,63.0,60.00000000000001,1013.4,1010.5,4.0,2.0,26.800000000000004,28.799999999999997,Yes,No
2015-01-10,Brisbane,22.1,30.199999999999996,0.0,7.599999999999999,10.9,NE,28.0,NE,ENE,11.0,13.0,63.0,55.0,1012.8,1010.9,3.0,6.0,27.999999999999996,29.1,No,No
2015-01-11,Brisbane,23.4,28.199999999999996,0.0,7.800000000000001,0.9,ENE,19.0,W,E,4.0,9.0,76.0,75.0,1011.6,1008.0,7.0,7.0,26.800000000000004,26.800000000000004,No,Yes
2015-01-12,Brisbane,22.5,30.4,14.6,4.2,1.1,ESE,31.0,SW,ESE,4.0,6.0,80.99999999999999,94.0,1009.9,1007.5,8.0,8.0,25.9,23.5,Yes,Yes
2015-01-13,Brisbane,22.6,28.4,38.6,2.6,2.2,ENE,24.000000000000004,E,NE,7.0,13.0,78.0,69.0,1009.7,1007.0,7.0,7.0,26.4,26.9,Yes,No
2015-01-16,Brisbane,23.1,32.5,0.0,10.4,13.1,ENE,24.000000000000004,SSW,NE,4.0,13.0,56.0,60.00000000000001,1008.8,1006.0,1.0,1.0,29.199999999999996,30.8,No,No
2015-01-17,Brisbane,24.0,35.3,0.0,8.0,12.7,ENE,24.000000000000004,WSW,NNE,6.0,9.0,67.0,60.00000000000001,1009.4,1005.6,1.0,3.0,28.999999999999996,32.0,No,No
2015-01-18,Brisbane,25.899999999999995,36.7,0.0,8.0,11.7,E,30.0,SSW,ENE,6.0,13.0,65.0,52.0,1009.5,1005.7,3.0,2.0,31.0,33.5,No,No
2015-01-19,Brisbane,26.5,31.799999999999997,0.0,7.599999999999999,9.3,ENE,31.0,SE,ENE,13.0,14.999999999999998,71.0,58.0,1008.7,1006.8,4.0,3.0,29.6,30.6,No,Yes
2015-01-20,Brisbane,20.6,29.2,35.8,10.8,9.4,ESE,35.0,ENE,E,13.0,16.999999999999996,67.0,58.0,1012.7,1008.8,7.0,6.0,25.9,27.500000000000004,Yes,No
2015-01-21,Brisbane,21.3,30.0,0.2,7.4,8.0,E,28.0,SSE,ESE,6.0,13.0,82.0,64.0,1009.9,1007.7,7.0,7.0,23.6,27.599999999999998,No,No
2015-01-22,Brisbane,23.2,28.6,1.0,9.2,2.1,ENE,31.0,ESE,E,7.0,13.0,67.0,77.0,1009.6,1008.0,8.0,8.0,27.599999999999998,26.4,No,Yes
2015-01-24,Brisbane,20.0,30.8,65.2,3.0,5.4,ESE,22.0,SE,E,7.0,2.0,84.0,59.0,1006.3,1004.4,8.0,6.0,24.8,30.3,Yes,No
2015-01-25,Brisbane,22.1,36.7,0.0,3.4,12.6,W,28.0,WNW,NE,4.0,9.0,67.0,59.0,1006.2,1002.6,1.0,2.0,29.3,32.2,No,No
2015-01-26,Brisbane,24.9,33.1,0.0,6.2,7.8,ESE,30.0,ENE,ESE,4.0,14.999999999999998,66.0,53.99999999999999,1006.8,1004.9,3.0,6.0,31.0,32.0,No,No
2015-01-27,Brisbane,23.7,30.199999999999996,0.0,7.800000000000001,9.2,E,30.0,ESE,E,9.0,13.0,62.0,63.00000000000001,1007.7,1005.0,5.0,5.0,28.499999999999996,28.099999999999998,No,Yes
2015-01-28,Brisbane,19.5,28.099999999999998,5.2,7.2,1.0,SSE,33.0,SW,SSE,7.0,11.0,85.0,61.0,1006.8,1005.4,7.0,8.0,21.0,26.100000000000005,Yes,No
2015-01-29,Brisbane,20.4,28.9,0.0,4.6,11.0,E,26.0,SSW,E,7.0,14.999999999999998,53.00000000000001,58.0,1008.9,1006.4,5.0,3.0,24.8,26.600000000000005,No,Yes
2015-01-30,Brisbane,20.2,28.999999999999996,3.7999999999999994,7.800000000000001,11.2,NE,22.0,NE,NNE,4.0,9.0,63.0,58.0,1009.9,1006.3,6.0,2.0,25.2,28.299999999999997,Yes,No
2015-01-31,Brisbane,19.8,31.799999999999997,0.0,7.4,11.4,SSE,33.0,E,NE,6.0,13.0,62.0,62.0,1008.2,1003.5,1.0,2.0,26.800000000000004,29.8,No,Yes
2015-02-01,Brisbane,20.3,34.4,17.2,7.800000000000001,12.8,ENE,24.000000000000004,SW,SW,4.0,7.000000000000001,71.0,26.0,1007.6,1003.6,1.0,1.0,26.800000000000004,34.2,Yes,No
2015-02-02,Brisbane,22.1,29.600000000000005,0.0,5.6,8.8,SSE,43.0,SSE,ESE,9.0,16.999999999999996,66.0,56.0,1010.0,1008.5,6.0,2.0,26.800000000000004,27.900000000000002,No,Yes
2015-02-05,Brisbane,20.7,29.2,0.0,6.8,9.6,SSE,39.0,SE,ESE,15.0,14.999999999999998,50.0,51.0,1017.6,1016.9,4.0,3.0,26.5,28.299999999999997,No,Yes
2015-02-06,Brisbane,20.2,28.3,2.8,8.8,10.4,SSE,37.0,SE,ESE,17.0,16.999999999999996,60.0,44.0,1022.6,1020.7,5.0,1.0,25.600000000000005,27.900000000000002,Yes,No
2015-02-07,Brisbane,19.5,29.300000000000004,0.2,11.0,11.2,E,26.0,SSE,E,11.0,11.0,73.0,53.99999999999999,1023.5,1019.9,7.0,7.0,22.3,27.000000000000004,No,No
2015-02-08,Brisbane,20.8,29.9,0.2,7.4,11.9,ENE,22.0,SSE,ENE,4.0,11.0,60.0,58.0,1020.5000000000001,1017.8,2.0,1.0,25.9,28.699999999999996,No,No
2015-02-09,Brisbane,19.6,30.3,0.0,6.4,12.5,SE,33.0,SE,E,9.0,16.999999999999996,61.0,45.0,1019.5,1018.2,3.0,3.0,26.7,29.6,No,Yes
2015-02-10,Brisbane,20.6,28.999999999999996,5.2,9.0,9.4,ESE,39.0,SE,E,7.0,13.0,80.0,89.0,1020.5000000000001,1019.6,2.0,7.0,24.6,22.6,Yes,Yes
2015-02-11,Brisbane,20.3,28.9,12.2,8.0,9.0,E,30.0,S,ESE,9.0,11.0,82.0,47.0,1020.1999999999999,1017.6,6.0,1.0,22.5,28.499999999999996,Yes,Yes
2015-02-12,Brisbane,20.6,28.9,8.4,7.2,9.6,E,28.0,ESE,ESE,7.0,11.0,68.0,53.99999999999999,1019.3000000000001,1017.2,7.0,4.0,26.600000000000005,28.400000000000002,Yes,Yes
2015-02-13,Brisbane,20.2,29.600000000000005,1.6,7.4,8.2,ESE,35.0,ESE,E,11.0,16.999999999999996,70.0,68.0,1019.7,1018.7,5.0,6.0,26.4,25.7,Yes,No
2015-02-14,Brisbane,19.8,28.999999999999996,0.4,6.6,10.2,SSE,30.0,SE,E,9.0,14.999999999999998,65.0,49.00000000000001,1021.4,1017.9,5.0,3.0,26.100000000000005,27.999999999999996,No,No
2015-02-15,Brisbane,21.1,28.8,0.2,8.4,9.5,E,24.000000000000004,W,E,4.0,11.0,72.0,49.00000000000001,1018.5,1014.9,6.0,3.0,24.1,27.900000000000002,No,No
2015-02-16,Brisbane,19.5,29.399999999999995,0.4,8.0,11.8,ESE,26.0,SE,E,7.0,13.0,62.0,48.0,1016.8,1013.6,3.0,3.0,26.800000000000004,28.299999999999997,No,No
2015-02-17,Brisbane,20.1,29.1,0.4,9.0,11.6,SE,33.0,ESE,SE,11.0,11.0,60.0,62.0,1016.2,1014.8,6.0,4.0,26.2,26.300000000000004,No,No
2015-02-18,Brisbane,20.2,29.2,0.2,8.2,5.9,ESE,35.0,ESE,ESE,15.0,9.0,60.0,86.0,1016.4,1014.8,5.0,5.0,27.599999999999998,24.3,No,Yes
2015-02-19,Brisbane,22.5,26.800000000000004,4.6,5.2,0.0,SE,33.0,ESE,ESE,13.0,13.0,79.0,89.0,1016.5,1014.2,8.0,8.0,25.5,24.6,Yes,Yes
2015-02-20,Brisbane,21.8,22.6,53.99999999999999,4.8,0.0,SE,30.0,SSE,SW,2.0,6.0,95.0,95.0,1012.3,1009.8,8.0,8.0,22.399999999999995,22.0,Yes,Yes
2015-02-21,Brisbane,21.4,27.299999999999997,89.2,6.0,0.0,SSE,37.0,S,SSE,6.0,9.0,96.00000000000001,96.0,1007.3,1003.7,8.0,8.0,22.0,23.9,Yes,Yes
2015-02-23,Brisbane,22.6,30.6,4.4,4.6,10.9,SSE,33.0,SSE,SE,9.0,13.0,72.0,59.0,1011.6,1009.2,7.0,2.0,26.600000000000005,30.1,Yes,No
2015-02-24,Brisbane,22.3,30.8,0.4,6.6,10.5,SE,31.0,SE,E,11.0,19.999999999999996,74.0,60.00000000000001,1012.0000000000001,1008.7,6.0,1.0,25.9,28.799999999999997,No,No
2015-02-25,Brisbane,21.8,29.8,0.0,6.6,10.6,SSE,31.0,SE,E,7.0,14.999999999999998,69.0,60.00000000000001,1012.4,1009.7,7.0,3.0,26.4,28.799999999999997,No,No
2015-02-26,Brisbane,20.5,29.8,0.2,8.0,9.9,E,22.0,SE,E,6.0,11.0,62.0,60.00000000000001,1010.1,1007.0,3.0,3.0,26.4,27.799999999999997,No,Yes
2015-02-27,Brisbane,22.1,30.199999999999996,1.8000000000000003,6.4,8.4,ENE,20.0,W,NE,6.0,9.0,83.0,56.0,1009.2,1006.6,7.0,1.0,24.3,29.5,Yes,No
2015-02-28,Brisbane,22.6,30.099999999999998,0.2,6.2,9.4,ENE,24.000000000000004,NNW,E,4.0,11.0,65.0,64.0,1011.1,1008.6,4.0,3.0,27.200000000000003,28.6,No,No
2015-03-01,Brisbane,21.8,31.300000000000004,0.0,6.2,9.5,NNE,20.0,W,NE,6.0,7.000000000000001,73.0,59.0,1011.1,1007.8,4.0,1.0,27.000000000000004,30.2,No,No
2015-03-02,Brisbane,23.0,31.6,0.0,6.4,11.3,SE,33.0,SSW,ESE,7.0,14.999999999999998,64.0,56.99999999999999,1013.0,1011.0,5.0,4.0,27.799999999999997,29.1,No,No
2015-03-03,Brisbane,21.1,30.6,0.0,8.4,11.5,ENE,24.000000000000004,SE,ENE,7.0,14.999999999999998,63.0,56.0,1015.9,1012.6,3.0,1.0,27.200000000000003,29.1,No,No
2015-03-04,Brisbane,19.9,30.500000000000004,0.0,7.0,11.8,ENE,22.0,NW,NNE,4.0,7.000000000000001,60.0,50.0,1014.8,1010.9,2.0,1.0,27.200000000000003,29.899999999999995,No,No
2015-03-06,Brisbane,23.1,28.6,0.0,8.4,6.3,SSE,37.0,E,ENE,9.0,9.0,59.0,56.99999999999999,1009.7,1006.3,7.0,4.0,27.300000000000004,27.500000000000004,No,No
2015-03-07,Brisbane,20.6,30.199999999999996,0.0,4.8,10.9,ENE,24.000000000000004,W,NE,6.0,11.0,67.0,62.0,1010.9,1009.4,1.0,2.0,26.300000000000004,29.3,No,No
2015-03-08,Brisbane,21.0,30.9,0.0,6.4,11.3,E,24.000000000000004,S,ENE,4.0,11.0,65.0,56.99999999999999,1013.0,1010.3,2.0,2.0,27.4,29.3,No,No
2015-03-09,Brisbane,22.8,31.6,0.0,6.6,10.3,ENE,24.000000000000004,SSW,ENE,6.0,9.0,69.0,56.99999999999999,1012.6000000000001,1010.0,5.0,3.0,27.500000000000004,30.1,No,No
2015-03-10,Brisbane,23.6,30.6,0.0,5.8,10.8,E,30.0,E,E,9.0,13.0,66.0,56.99999999999999,1014.6,1012.9,2.0,1.0,28.400000000000002,29.699999999999996,No,No
2015-03-11,Brisbane,21.3,30.099999999999998,0.0,8.4,10.0,E,33.0,ESE,E,9.0,14.999999999999998,65.0,56.99999999999999,1015.7,1013.2,4.0,3.0,27.700000000000003,28.900000000000002,No,No
2015-03-12,Brisbane,20.9,29.9,0.0,8.0,10.0,E,28.0,SSE,ESE,7.0,13.0,65.0,46.00000000000001,1014.5,1011.8,7.0,2.0,26.2,28.499999999999996,No,No
2015-03-13,Brisbane,19.9,29.5,0.0,7.599999999999999,9.0,SE,35.0,SE,ESE,9.0,16.999999999999996,60.0,51.0,1014.0,1011.9,1.0,2.0,26.9,28.799999999999997,No,No
2015-03-14,Brisbane,19.9,28.8,0.0,7.599999999999999,9.9,ESE,31.0,SW,ESE,9.0,11.0,60.0,50.0,1014.5,1010.3,7.0,2.0,24.2,27.799999999999997,No,No
2015-03-15,Brisbane,17.8,32.3,0.0,7.0,11.2,E,37.0,SW,SSW,7.0,9.0,58.00000000000001,31.0,1009.7,1006.2,1.0,4.0,24.3,31.1,No,No
2015-03-16,Brisbane,19.0,28.500000000000004,0.0,7.4,11.1,E,26.0,SSW,ESE,9.0,13.0,52.0,52.0,1014.8,1011.9,1.0,2.0,24.6,26.5,No,No
2015-03-17,Brisbane,21.1,28.8,0.0,7.4,9.7,ENE,20.0,WSW,ENE,2.0,7.000000000000001,51.0,49.00000000000001,1016.5,1013.1,1.0,1.0,26.100000000000005,26.9,No,No
2015-03-18,Brisbane,21.8,28.9,0.0,8.0,7.4,SW,31.0,SW,NW,11.0,7.000000000000001,61.0,56.0,1018.1,1011.0,7.0,3.0,24.4,28.499999999999996,No,Yes
2015-03-19,Brisbane,19.8,33.5,7.599999999999999,4.8,11.1,ENE,20.0,NNW,ENE,6.0,13.0,55.0,58.0,1013.2,1009.4,1.0,1.0,27.799999999999997,31.6,Yes,No
2015-03-20,Brisbane,23.9,32.4,0.0,6.4,8.1,NNE,20.0,SW,NNE,4.0,7.000000000000001,76.0,62.0,1014.5,1011.5,7.0,1.0,27.300000000000004,31.7,No,No
2015-03-21,Brisbane,24.7,30.3,0.2,5.8,1.9,E,57.0,NE,NW,4.0,6.0,80.0,98.00000000000001,1017.6,1016.5,7.0,8.0,26.5,22.3,No,Yes
2015-03-23,Brisbane,20.1,28.3,81.8,3.2,8.8,E,19.0,SSE,NE,6.0,9.0,80.99999999999999,56.99999999999999,1018.3,1014.4,6.0,1.0,23.6,27.599999999999998,Yes,No
2015-03-24,Brisbane,20.0,30.500000000000004,0.0,5.0,10.6,NE,20.0,SW,NE,6.0,9.0,76.0,59.0,1017.0,1012.6,6.0,1.0,24.8,29.1,No,No
2015-03-25,Brisbane,22.7,31.7,0.0,7.2,9.4,NE,24.000000000000004,NW,NE,6.0,9.0,66.0,67.0,1015.6,1013.0,2.0,1.0,27.500000000000004,29.899999999999995,No,Yes
2015-03-26,Brisbane,23.4,30.7,3.7999999999999994,6.0,8.3,E,24.000000000000004,N,NE,6.0,9.0,72.0,64.0,1018.1,1015.0,6.0,4.0,28.200000000000003,28.900000000000002,Yes,No
2015-03-27,Brisbane,22.5,31.1,0.0,6.0,8.4,E,26.0,SW,ESE,6.0,9.0,74.0,65.0,1018.8,1015.8,6.0,4.0,27.000000000000004,28.099999999999998,No,No
2015-03-28,Brisbane,22.3,28.500000000000004,0.0,5.8,4.7,ENE,24.000000000000004,SSE,E,7.0,13.0,75.0,50.0,1020.9,1018.7,7.0,5.0,25.5,27.799999999999997,No,No
2015-03-29,Brisbane,19.9,28.500000000000004,0.0,6.0,9.9,ENE,24.000000000000004,ENE,ENE,11.0,11.0,59.0,53.0,1023.3,1020.9,5.0,3.0,26.2,27.4,No,No
2015-03-30,Brisbane,19.9,28.099999999999998,0.0,5.8,4.6,ENE,26.0,SW,ENE,4.0,9.0,73.0,55.0,1024.1,1020.7,7.0,6.0,23.1,25.7,No,No
2015-03-31,Brisbane,19.8,26.1,0.0,5.8,0.5,E,22.0,SW,ENE,4.0,7.000000000000001,74.0,64.0,1023.3,1020.3,7.0,7.0,23.0,24.8,No,Yes
2015-04-02,Brisbane,19.3,26.7,8.8,2.4,3.0,ENE,30.0,S,S,6.0,4.0,75.0,83.0,1019.5,1015.8,5.0,7.0,24.7,24.2,Yes,Yes
2015-04-03,Brisbane,21.0,27.700000000000003,38.4,6.0,8.1,E,28.0,S,ENE,2.0,14.999999999999998,87.0,67.0,1019.1,1015.9,7.0,3.0,24.0,26.800000000000004,Yes,No
2015-04-04,Brisbane,21.0,28.500000000000004,0.4,5.6,6.3,ENE,19.0,WSW,NE,2.0,7.000000000000001,84.0,64.0,1014.9,1009.9,7.0,7.0,23.6,27.900000000000002,No,Yes
2015-04-05,Brisbane,21.7,28.500000000000004,1.8000000000000003,1.8,8.2,WNW,33.0,NW,WNW,6.0,16.999999999999996,85.0,52.0,1008.8,1005.8,6.0,3.0,24.1,27.900000000000002,Yes,No
2015-04-08,Brisbane,16.8,26.499999999999996,0.0,6.0,10.8,WSW,33.0,W,W,7.0,11.0,34.0,28.0,1017.4,1014.2,3.0,1.0,21.0,26.300000000000004,No,No
2015-04-09,Brisbane,14.1,26.900000000000002,0.0,9.0,10.5,ENE,20.0,SW,NE,7.0,7.000000000000001,51.0,45.0,1019.3000000000001,1016.5,5.0,4.0,20.5,25.600000000000005,No,No
2015-04-10,Brisbane,16.8,27.2,0.0,5.2,9.0,E,20.0,SSW,S,6.0,6.0,55.0,46.00000000000001,1020.8,1017.6,1.0,6.0,22.2,25.8,No,No
2015-04-11,Brisbane,19.0,26.499999999999996,0.0,6.2,7.9,SSE,26.0,SSW,ESE,7.0,13.0,65.0,55.0,1019.5999999999999,1016.4,7.0,4.0,21.5,25.600000000000005,No,No
2015-04-12,Brisbane,16.7,28.7,0.0,5.2,10.4,W,20.0,SW,NE,6.0,7.000000000000001,65.0,56.0,1018.7,1014.5,1.0,4.0,22.3,25.600000000000005,No,No
2015-04-13,Brisbane,18.4,27.0,0.0,4.6,9.4,SE,28.0,SSW,E,4.0,11.0,65.0,53.0,1019.9000000000001,1017.5,2.0,3.0,23.3,25.7,No,No
2015-04-14,Brisbane,16.8,26.6,0.0,5.2,9.6,SSE,24.000000000000004,SW,E,6.0,6.0,64.0,52.0,1022.4,1020.3,2.0,3.0,22.0,26.600000000000005,No,No
2015-04-15,Brisbane,17.7,26.3,0.0,4.8,8.3,E,24.000000000000004,SSW,NE,6.0,6.0,69.0,63.00000000000001,1025.5,1022.9999999999999,6.0,7.0,23.2,24.6,No,No
2015-04-16,Brisbane,16.7,28.199999999999996,0.2,4.2,10.8,ESE,20.0,SW,ENE,6.0,9.0,71.0,53.0,1026.4,1022.2999999999998,1.0,1.0,22.3,26.5,No,No
2015-04-17,Brisbane,17.1,28.0,0.0,3.4,10.6,E,20.0,SW,NE,4.0,11.0,73.0,58.0,1024.6,1020.5,3.0,2.0,23.1,26.100000000000005,No,Yes
2015-04-18,Brisbane,18.6,27.700000000000003,3.4,4.6,10.3,ENE,24.000000000000004,SW,ENE,4.0,9.0,80.99999999999999,62.0,1023.1,1018.8,3.0,5.0,22.5,26.300000000000004,Yes,No
2015-04-19,Brisbane,19.3,28.999999999999996,0.4,4.0,7.1,NNE,19.0,WSW,N,4.0,6.0,83.0,63.00000000000001,1019.5999999999999,1016.2,6.0,7.0,22.8,26.9,No,Yes
2015-04-20,Brisbane,19.7,21.3,14.6,6.4,0.0,W,26.0,SSW,SSW,4.0,2.0,87.0,86.0,1018.2,1016.3,7.0,8.0,20.8,20.6,Yes,Yes
2015-04-21,Brisbane,14.6,21.3,2.0,2.4,9.4,W,35.0,W,WSW,13.0,14.999999999999998,49.0,45.0,1017.6,1014.9,6.0,1.0,17.1,19.9,Yes,No
2015-04-22,Brisbane,12.0,23.8,0.2,3.7999999999999994,10.8,W,28.0,W,W,13.0,6.0,61.0,45.0,1014.8,1011.2,1.0,1.0,17.5,23.3,No,No
2015-04-23,Brisbane,12.8,25.7,0.0,4.0,11.0,WSW,17.0,WSW,S,9.0,6.0,61.0,40.0,1013.3,1009.3,1.0,1.0,19.4,25.5,No,No
2015-04-24,Brisbane,15.6,28.3,0.0,4.0,9.3,WNW,24.000000000000004,SW,WSW,6.0,4.0,70.0,44.0,1011.2,1007.5,7.0,2.0,20.2,27.999999999999996,No,No
2015-04-26,Brisbane,16.7,23.4,0.0,8.0,11.0,W,50.0,WSW,W,15.0,14.999999999999998,42.0,30.000000000000004,1012.0000000000001,1010.7,0.0,1.0,19.3,22.7,No,No
2015-04-30,Brisbane,16.6,18.0,7.8,4.2,0.0,SSE,22.0,SW,SSW,4.0,6.0,90.0,91.0,1026.4,1022.1999999999999,8.0,8.0,17.3,17.1,Yes,Yes
2015-05-01,Brisbane,16.2,21.0,56.2,3.4,0.0,S,33.0,SE,SSW,9.0,13.0,95.0,95.0,1017.2,1009.5,8.0,8.0,17.9,17.5,Yes,Yes
2015-05-02,Brisbane,16.6,24.9,182.6,1.6,9.5,SSW,19.0,WNW,WSW,6.0,7.000000000000001,71.0,58.0,1013.0,1010.0,1.0,1.0,19.8,24.4,Yes,No
2015-05-03,Brisbane,16.7,24.2,0.0,3.4,7.0,W,24.000000000000004,SSE,W,4.0,13.0,69.0,64.0,1012.4,1010.0,7.0,7.0,20.6,22.7,No,No
2015-05-04,Brisbane,15.799999999999999,27.299999999999997,0.0,3.4,10.1,W,17.0,WSW,NE,6.0,6.0,79.0,49.00000000000001,1014.3,1011.4,0.0,1.0,20.3,26.600000000000005,No,No
2015-05-09,Brisbane,11.7,23.7,0.0,4.0,10.3,W,20.0,SW,WNW,6.0,9.0,60.0,34.0,1018.9,1015.2,1.0,0.0,17.6,23.4,No,No
2015-05-10,Brisbane,9.9,25.1,0.0,4.8,10.3,WNW,22.0,SW,WNW,6.0,11.0,50.0,29.0,1017.4,1013.0,0.0,0.0,18.0,24.5,No,No
2015-05-11,Brisbane,10.3,26.000000000000004,0.0,5.2,10.2,WNW,39.0,W,W,9.0,14.999999999999998,41.0,33.0,1016.3,1012.7,0.0,0.0,19.9,25.3,No,No
2015-05-13,Brisbane,9.8,24.9,0.0,3.0,10.2,W,30.0,W,W,6.0,9.0,52.0,36.0,1016.2,1012.9,0.0,1.0,19.5,24.9,No,No
2015-05-14,Brisbane,9.7,20.9,0.0,8.0,10.3,W,24.000000000000004,WSW,NW,11.0,4.0,39.0,30.000000000000004,1023.9,1022.4000000000001,0.0,0.0,13.600000000000001,20.6,No,No
2015-05-15,Brisbane,8.1,24.1,0.0,4.8,9.5,W,20.0,SW,ESE,6.0,7.000000000000001,49.0,44.0,1027.4,1024.9,1.0,1.0,16.2,22.6,No,No
2015-05-16,Brisbane,14.199999999999998,24.0,0.0,4.0,7.6,SE,35.0,SSW,SE,7.0,16.999999999999996,65.0,67.0,1029.3,1027.8,1.0,6.0,20.1,20.6,No,No
2015-05-17,Brisbane,14.900000000000002,23.0,1.0,3.7999999999999994,5.2,SSE,28.0,W,ESE,7.0,13.0,76.0,56.99999999999999,1030.1,1027.4,4.0,7.0,19.7,21.8,No,Yes
2015-05-18,Brisbane,16.9,22.9,6.6,2.2,6.2,SE,31.0,SSW,ESE,7.0,14.999999999999998,89.0,76.0,1027.7,1024.9,6.0,5.0,18.7,20.2,Yes,No
2015-05-19,Brisbane,15.9,22.7,0.8,3.2,2.9,SSW,13.0,S,N,6.0,2.0,78.0,77.0,1022.6,1018.9,6.0,6.0,19.3,21.7,No,No
2015-05-21,Brisbane,17.2,25.2,0.2,3.0,4.4,SW,22.0,NE,W,2.0,9.0,89.0,71.0,1018.9,1016.0,7.0,7.0,20.1,22.3,No,Yes
2015-05-22,Brisbane,15.4,19.9,1.4,2.8,9.9,W,46.0,W,W,13.0,16.999999999999996,56.0,45.0,1017.6,1014.8,2.0,1.0,17.2,19.3,Yes,No
2015-05-23,Brisbane,14.0,22.8,0.0,6.8,8.9,ESE,35.0,SW,SE,9.0,13.0,56.0,43.0,1023.2,1022.9999999999999,1.0,2.0,18.7,21.5,No,No
2015-05-24,Brisbane,13.699999999999998,23.6,0.0,5.0,9.6,SSE,24.000000000000004,SSW,ESE,7.0,9.0,65.0,53.0,1028.4,1026.7,1.0,1.0,18.3,22.3,No,No
2015-05-25,Brisbane,12.7,23.5,0.0,4.6,9.3,SSE,20.0,SW,ESE,4.0,11.0,69.0,49.00000000000001,1030.9,1027.6,1.0,7.0,18.3,22.2,No,No
2015-05-29,Brisbane,13.1,25.5,0.0,3.0,9.7,NE,15.0,WSW,SE,6.0,2.0,80.99999999999999,59.0,1024.8,1021.2,5.0,5.0,17.6,25.2,No,No
2015-05-30,Brisbane,15.299999999999999,27.600000000000005,0.0,2.2,9.5,NNE,15.0,SW,NE,2.0,2.0,84.0,55.0,1023.0,1018.1,6.0,6.0,18.3,25.4,No,No
2015-06-01,Brisbane,18.2,20.5,0.0,2.8,0.0,WNW,30.0,W,W,11.0,13.0,68.0,50.0,1016.8,1014.6,7.0,7.0,19.2,19.2,No,No
2015-06-02,Brisbane,9.0,19.5,0.0,5.2,10.1,WSW,20.0,WSW,WSW,6.0,6.0,56.0,42.0,1022.6,1019.2,0.0,1.0,14.100000000000001,19.0,No,No
2015-06-03,Brisbane,7.0,19.7,0.0,3.0,6.0,SSW,15.0,SW,SW,6.0,6.0,63.0,45.0,1022.9,1019.2,7.0,7.0,12.7,18.6,No,No
2015-06-04,Brisbane,7.3999999999999995,22.3,0.0,2.0,9.8,SSW,17.0,SSW,WSW,4.0,7.000000000000001,67.0,45.0,1022.5,1018.5,1.0,1.0,13.400000000000002,21.5,No,No
2015-06-05,Brisbane,7.0,21.4,0.0,2.4,10.3,W,31.0,WSW,WNW,6.0,13.0,45.0,30.000000000000004,1019.4,1015.6,0.0,1.0,16.1,20.5,No,No
2015-06-06,Brisbane,9.7,22.1,0.0,5.8,7.9,WSW,28.0,SW,SW,9.0,9.0,53.00000000000001,56.0,1022.6,1022.4000000000001,1.0,4.0,16.0,21.0,No,No
2015-06-07,Brisbane,12.3,22.8,0.0,3.0,8.5,SSE,26.0,SSW,SSE,6.0,9.0,69.0,53.0,1028.4,1026.1,3.0,3.0,17.5,21.6,No,No
2015-06-08,Brisbane,11.8,24.5,0.2,3.7999999999999994,9.1,ENE,15.0,SW,NE,6.0,6.0,71.0,56.0,1028.0,1024.2,1.0,6.0,17.1,21.1,No,No
2015-06-09,Brisbane,11.7,24.2,0.0,3.4,3.5,SW,17.0,SW,W,7.0,4.0,74.0,51.0,1025.7,1022.7,7.0,7.0,16.6,23.0,No,No
2015-06-10,Brisbane,12.7,24.2,0.0,1.0,6.1,SE,26.0,SW,ESE,7.0,11.0,76.0,53.0,1026.1,1024.4,5.0,7.0,17.2,22.6,No,No
2015-06-11,Brisbane,15.1,21.8,0.0,7.4,2.9,SE,35.0,SSE,SE,11.0,13.0,69.0,79.0,1029.6,1028.2,4.0,7.0,20.9,18.5,No,Yes
2015-06-12,Brisbane,13.400000000000002,20.1,4.6,3.4,5.5,SE,28.0,SSW,SE,7.0,9.0,75.0,69.0,1030.6,1026.9,7.0,7.0,16.6,19.0,Yes,Yes
2015-06-13,Brisbane,14.199999999999998,21.4,1.2,0.6,4.3,ESE,31.0,WSW,SE,4.0,13.0,85.0,76.0,1028.1,1025.0,7.0,7.0,17.7,19.4,Yes,Yes
2015-06-14,Brisbane,15.6,22.2,4.2,3.4,4.0,ESE,22.0,W,SSE,4.0,9.0,92.0,67.0,1026.8,1023.2,8.0,7.0,16.6,21.2,Yes,Yes
2015-06-15,Brisbane,16.0,23.2,4.0,0.8,6.5,ESE,24.000000000000004,SSW,SE,6.0,7.000000000000001,90.99999999999999,60.00000000000001,1025.6,1022.5,7.0,2.0,17.6,22.1,Yes,No
2015-06-18,Brisbane,12.0,22.7,2.4,1.0,7.8,WNW,26.0,SW,WNW,2.0,11.0,98.0,48.0,1017.2,1014.0,3.0,1.0,14.200000000000001,22.4,Yes,No
2015-06-19,Brisbane,10.4,21.6,0.0,2.6,9.2,W,35.0,WSW,WSW,9.0,11.0,62.0,39.0,1017.1,1014.0,2.0,4.0,16.9,21.3,No,No
2015-06-20,Brisbane,9.2,20.9,0.0,4.6,9.2,SW,20.0,SW,SW,7.0,6.0,65.0,44.0,1020.5000000000001,1018.3,1.0,2.0,14.9,19.4,No,No
2015-06-21,Brisbane,10.0,21.1,0.0,3.2,9.5,ESE,20.0,SW,SE,7.0,7.000000000000001,63.0,46.00000000000001,1025.5,1023.3,1.0,1.0,14.699999999999998,20.6,No,No
2015-06-22,Brisbane,12.6,20.5,0.0,3.7999999999999994,3.0,SSE,17.0,SW,ESE,4.0,7.000000000000001,71.0,61.0,1028.2,1026.0,5.0,7.0,15.6,19.6,No,No
2015-06-23,Brisbane,12.2,20.6,0.0,2.2,2.4,W,15.0,W,S,6.0,2.0,83.0,64.0,1027.7,1025.1,7.0,7.0,14.699999999999998,20.1,No,No
2015-06-24,Brisbane,12.5,19.6,0.0,1.4,1.5,SSE,17.0,SW,ESE,4.0,4.0,84.0,66.0,1025.6,1022.0,8.0,7.0,15.4,19.1,No,No
2015-06-25,Brisbane,11.2,19.6,0.0,1.0,1.9,W,19.0,SW,WSW,7.0,7.000000000000001,96.00000000000001,71.0,1022.2,1019.9,7.0,7.0,13.2,18.6,No,No
2015-06-26,Brisbane,12.6,22.7,0.2,2.2,6.8,SSE,31.0,SSW,SE,6.0,11.0,73.0,60.00000000000001,1026.2,1025.1,2.0,3.0,17.8,21.3,No,No
2015-06-27,Brisbane,14.900000000000002,22.6,0.0,3.2,6.8,SE,20.0,SW,S,7.0,9.0,66.0,68.0,1030.6,1027.6,4.0,5.0,18.3,20.7,No,Yes
2015-06-28,Brisbane,14.6,22.2,2.4,2.4,4.6,NE,22.0,SW,E,4.0,7.000000000000001,85.0,71.0,1030.8,1027.8,2.0,6.0,17.7,21.0,Yes,Yes
2015-06-29,Brisbane,15.4,18.4,6.999999999999999,2.2,0.0,SSE,24.000000000000004,SW,SSE,2.0,6.0,95.0,86.0,1031.4,1028.5,8.0,7.0,16.3,17.8,Yes,Yes
2015-06-30,Brisbane,14.199999999999998,23.1,4.0,1.4,8.3,SSW,19.0,SW,NE,6.0,6.0,83.0,56.0,1028.0,1023.9000000000001,1.0,3.0,16.9,21.7,Yes,No
2015-07-01,Brisbane,12.400000000000002,23.3,0.2,2.8,7.4,WNW,17.0,SW,W,4.0,7.000000000000001,85.99999999999999,53.0,1024.5,1020.5,7.0,3.0,15.8,22.7,No,No
2015-07-02,Brisbane,12.2,19.6,0.0,1.2,8.7,W,33.0,WSW,W,6.0,13.0,66.0,32.0,1022.4,1018.1,1.0,4.0,16.5,19.4,No,No
2015-07-03,Brisbane,7.8,20.7,0.0,4.4,9.5,W,26.0,SW,SSW,9.0,6.0,53.00000000000001,39.0,1023.2,1021.0,0.0,2.0,12.800000000000002,20.5,No,No
2015-07-04,Brisbane,9.9,21.3,0.0,3.4,6.8,SSW,17.0,WSW,WNW,6.0,6.0,67.0,50.0,1024.3,1020.7,3.0,1.0,14.499999999999998,20.8,No,No
2015-07-05,Brisbane,9.7,22.8,0.0,2.8,9.7,W,20.0,WSW,WNW,6.0,9.0,80.0,37.0,1023.1,1019.6,2.0,1.0,14.699999999999998,22.0,No,No
2015-07-06,Brisbane,9.3,24.1,0.0,2.4,9.8,WNW,19.0,WSW,WNW,4.0,7.000000000000001,72.0,41.0,1020.0,1015.3,1.0,1.0,14.399999999999999,23.6,No,No
2015-07-07,Brisbane,10.2,23.0,0.0,2.8,10.0,W,20.0,SSW,S,4.0,6.0,56.0,24.0,1018.6,1016.5,0.0,0.0,16.9,22.6,No,No
2015-07-08,Brisbane,7.0,20.4,0.0,5.0,6.8,SSE,24.000000000000004,SSW,SE,6.0,9.0,61.0,56.0,1024.2,1023.1000000000001,1.0,7.0,14.699999999999998,18.7,No,No
2015-07-09,Brisbane,11.9,19.4,0.0,2.0,5.4,SE,24.000000000000004,WSW,ESE,6.0,7.000000000000001,71.0,62.0,1028.1,1025.5,2.0,6.0,15.6,18.2,No,No
2015-07-10,Brisbane,9.7,20.2,0.2,2.2,1.6,NE,24.000000000000004,SW,ENE,6.0,7.000000000000001,74.0,73.0,1025.9,1021.4,5.0,7.0,14.8,17.9,No,No
2015-07-11,Brisbane,11.4,21.2,0.4,1.8,7.700000000000001,NNW,24.000000000000004,SSW,NE,4.0,7.000000000000001,92.0,72.0,1019.7,1013.9,6.0,6.0,13.7,20.2,No,No
2015-07-12,Brisbane,12.2,18.3,0.6,2.8,9.9,W,54.0,WSW,W,19.0,19.0,50.0,28.0,1015.4,1011.3,1.0,0.0,13.0,17.8,No,No
2015-07-13,Brisbane,8.4,18.2,0.2,6.8,9.7,WNW,48.00000000000001,W,W,13.0,22.0,49.0,42.0,1015.9,1012.3,1.0,2.0,12.9,16.8,No,No
2015-07-14,Brisbane,10.2,19.2,0.0,7.4,10.0,WSW,41.0,W,W,9.0,19.0,49.0,37.0,1018.0,1014.2,1.0,1.0,13.300000000000002,18.4,No,No
2015-07-15,Brisbane,5.4,18.2,0.0,3.7999999999999994,3.2,SW,11.0,SW,SE,4.0,4.0,66.0,45.0,1020.1999999999999,1016.8,7.0,6.0,11.1,16.7,No,No
2015-07-16,Brisbane,7.599999999999999,17.4,0.0,2.6,5.2,W,19.0,SSW,WNW,4.0,7.000000000000001,80.0,49.00000000000001,1019.5999999999999,1015.3,7.0,7.0,10.5,16.1,No,No
2015-07-17,Brisbane,6.9,16.1,0.0,3.2,9.7,W,56.0,W,W,19.0,19.999999999999996,57.0,48.0,1018.2,1015.8,1.0,1.0,10.1,14.3,No,No
2015-07-18,Brisbane,6.9,19.4,0.0,5.0,10.0,WSW,22.0,WSW,NE,9.0,2.0,52.0,37.0,1023.4,1022.1999999999999,0.0,1.0,11.9,18.9,No,No
2015-07-19,Brisbane,8.2,19.3,0.0,3.2,5.1,ESE,26.0,SW,SSE,9.0,7.000000000000001,63.0,60.00000000000001,1028.2,1025.4,4.0,6.0,13.899999999999999,18.4,No,No
2015-07-20,Brisbane,11.7,20.9,0.0,2.8,7.299999999999999,E,35.0,WSW,ESE,6.0,13.0,74.0,53.0,1030.4,1027.8,7.0,1.0,14.399999999999999,19.7,No,No
2015-07-21,Brisbane,10.6,21.6,0.2,4.0,6.6,ENE,31.0,WSW,E,6.0,14.999999999999998,77.0,58.0,1031.0,1028.5,7.0,7.0,15.3,19.7,No,Yes
2015-07-22,Brisbane,10.1,18.7,2.8,3.0,0.0,ESE,19.0,SW,ESE,2.0,4.0,85.99999999999999,92.00000000000001,1029.6,1025.4,8.0,8.0,13.300000000000002,17.7,Yes,Yes
2015-07-23,Brisbane,12.900000000000002,23.1,4.4,0.4,8.1,E,17.0,S,E,4.0,7.000000000000001,85.99999999999999,70.0,1025.6,1022.0,4.0,2.0,17.6,21.5,Yes,No
2015-07-24,Brisbane,14.1,24.4,0.0,1.6,6.6,W,24.000000000000004,SW,NE,4.0,9.0,97.0,65.0,1022.7,1017.7,7.0,5.0,17.0,23.7,No,No
2015-07-25,Brisbane,16.5,24.3,0.0,2.4,4.1,W,22.0,WSW,W,6.0,6.0,76.0,52.0,1022.2,1018.8,7.0,1.0,17.6,24.1,No,No
2015-07-26,Brisbane,13.1,25.1,0.2,1.6,6.0,W,26.0,WSW,WSW,2.0,11.0,79.0,64.0,1021.6,1017.7,6.0,7.0,17.2,23.8,No,No
2015-07-27,Brisbane,13.5,22.9,0.0,3.6,9.2,W,24.000000000000004,WNW,W,11.0,11.0,53.00000000000001,35.0,1024.6,1021.6,1.0,5.0,18.2,21.9,No,No
2015-07-28,Brisbane,10.0,21.4,0.0,4.8,9.1,ESE,22.0,SW,S,7.0,4.0,51.0,36.0,1030.2,1027.6,3.0,2.0,14.8,21.3,No,No
2015-07-29,Brisbane,7.8,21.7,0.0,4.6,10.0,WSW,19.0,SW,SSE,7.0,7.000000000000001,54.0,32.0,1032.4,1027.9,1.0,1.0,13.999999999999998,20.8,No,No
2015-07-30,Brisbane,10.2,22.8,0.0,4.0,10.1,SW,19.0,SW,ENE,7.0,6.0,60.0,48.0,1028.5,1024.0,1.0,1.0,15.199999999999998,21.9,No,No
2015-07-31,Brisbane,9.7,24.1,0.0,3.0,10.2,W,24.000000000000004,SSW,W,4.0,7.000000000000001,80.99999999999999,35.0,1024.5,1020.1,1.0,0.0,13.600000000000001,23.5,No,No
2015-08-01,Brisbane,9.1,23.6,0.0,3.0,10.0,ENE,19.0,WSW,ENE,4.0,9.0,63.0,49.00000000000001,1024.4,1020.8,0.0,1.0,14.499999999999998,22.2,No,No
2015-08-02,Brisbane,10.0,25.7,0.0,4.0,10.1,N,22.0,SSW,NE,4.0,9.0,68.0,56.0,1023.5,1018.8,0.0,1.0,15.6,23.6,No,No
2015-08-03,Brisbane,10.6,26.7,0.0,3.6,9.8,WSW,26.0,WSW,ENE,6.0,9.0,71.0,53.99999999999999,1019.5,1014.3,2.0,1.0,18.6,25.1,No,No
2015-08-04,Brisbane,13.5,21.8,0.0,3.7999999999999994,6.8,W,30.0,SW,S,6.0,6.0,47.0,52.0,1019.5999999999999,1016.7,4.0,5.0,16.9,20.0,No,No
2015-08-05,Brisbane,7.8999999999999995,19.1,0.0,5.6,10.3,WNW,33.0,WSW,W,9.0,14.999999999999998,44.0,29.0,1017.2,1013.1,0.0,0.0,12.2,18.6,No,No
2015-08-06,Brisbane,6.1,21.1,0.0,5.6,10.2,WSW,26.0,WSW,W,9.0,6.0,46.0,26.999999999999996,1018.0,1014.8,0.0,1.0,14.200000000000001,20.5,No,No
2015-08-07,Brisbane,7.7,21.4,0.0,3.2,9.7,SW,24.000000000000004,WSW,SSE,9.0,2.0,47.0,32.0,1022.4,1019.5,0.0,3.0,14.3,20.0,No,No
2015-08-08,Brisbane,7.5,22.1,0.0,3.4,10.1,ENE,19.0,SSW,ENE,6.0,7.000000000000001,56.0,33.0,1022.8,1018.9,0.0,2.0,13.2,20.4,No,No
2015-08-09,Brisbane,7.8,22.5,0.0,4.4,10.2,ENE,20.0,SW,ENE,6.0,9.0,63.0,48.0,1023.5,1019.2,1.0,1.0,14.499999999999998,20.9,No,No
2015-08-10,Brisbane,9.3,23.0,0.0,2.8,10.0,ENE,19.0,WSW,NE,4.0,9.0,72.0,55.0,1021.4,1016.2,1.0,1.0,15.4,21.6,No,No
2015-08-11,Brisbane,8.6,26.4,0.0,2.4,10.1,NE,20.0,SSW,NNE,4.0,7.000000000000001,62.0,52.0,1019.5,1015.0,0.0,1.0,14.599999999999998,23.3,No,No
2015-08-12,Brisbane,11.8,28.4,0.2,4.0,7.8,W,46.0,ESE,NNW,2.0,7.000000000000001,69.0,47.0,1013.8,1007.3,3.0,3.0,18.3,24.4,No,Yes
2015-08-13,Brisbane,12.3,22.3,3.6000000000000005,7.0,10.5,W,39.0,WSW,WSW,15.0,14.999999999999998,39.0,23.000000000000004,1018.0,1016.4,0.0,0.0,15.4,21.8,Yes,No
2015-08-14,Brisbane,8.4,23.0,0.0,6.8,10.2,SW,17.0,SW,SSE,7.0,4.0,48.00000000000001,26.999999999999996,1025.2,1022.1,0.0,0.0,15.3,22.4,No,No
2015-08-15,Brisbane,8.0,22.6,0.0,4.0,9.1,ENE,20.0,SW,ENE,6.0,7.000000000000001,62.0,56.0,1028.1,1025.1,4.0,2.0,13.400000000000002,19.9,No,No
2015-08-16,Brisbane,10.7,21.7,0.0,3.7999999999999994,4.3,SE,22.0,SW,SE,9.0,7.000000000000001,66.0,62.0,1026.2,1022.4000000000001,5.0,7.0,16.4,19.5,No,No
2015-08-17,Brisbane,11.3,23.4,0.0,2.8,10.3,NE,20.0,WSW,N,6.0,6.0,73.0,49.00000000000001,1020.6,1015.5,1.0,3.0,17.0,21.9,No,No
2015-08-18,Brisbane,10.3,24.2,0.0,3.2,10.5,E,19.0,SW,ENE,7.0,9.0,53.00000000000001,37.0,1020.6,1017.5,0.0,1.0,17.0,22.1,No,No
2015-08-19,Brisbane,10.0,22.8,0.0,4.8,10.0,SSE,20.0,SW,E,6.0,9.0,60.0,48.0,1024.9,1022.4000000000001,2.0,2.0,15.6,20.5,No,No
2015-08-20,Brisbane,11.4,22.1,0.0,4.4,6.3,E,28.0,SW,E,6.0,11.0,65.0,53.0,1027.2,1024.4,2.0,6.0,17.5,20.6,No,No
2015-08-21,Brisbane,15.299999999999999,22.4,0.4,3.0,2.6,SE,31.0,S,ENE,2.0,13.0,76.0,77.0,1026.6,1024.1,7.0,8.0,18.5,18.7,No,Yes
2015-08-22,Brisbane,16.9,24.5,2.2,4.0,9.5,E,20.0,SSW,NNE,4.0,9.0,83.0,64.0,1025.8,1021.6,5.0,3.0,19.7,23.5,Yes,No
2015-08-24,Brisbane,17.1,25.3,0.0,2.4,8.2,NE,20.0,N,NE,6.0,9.0,65.0,67.0,1021.6,1017.0,2.0,6.0,22.6,23.4,No,Yes
2015-08-25,Brisbane,16.8,29.1,2.2,4.6,9.9,W,28.0,W,ENE,6.0,4.0,75.0,55.0,1019.2,1016.0,1.0,2.0,21.9,27.200000000000003,Yes,No
2015-08-26,Brisbane,15.700000000000001,28.500000000000004,0.0,5.2,10.2,W,20.0,WSW,NW,9.0,9.0,44.0,36.0,1021.1,1017.1,3.0,2.0,21.7,28.099999999999998,No,No
2015-08-27,Brisbane,16.2,23.9,0.0,4.0,0.3,SW,30.0,SSW,SW,2.0,7.000000000000001,52.0,74.0,1021.8,1019.9,7.0,8.0,18.9,16.9,No,Yes
2015-08-28,Brisbane,14.799999999999999,24.7,5.0,1.6,6.1,W,19.0,WSW,SE,4.0,4.0,84.0,44.0,1022.4,1018.5,7.0,1.0,17.5,24.4,Yes,No
2015-08-29,Brisbane,11.9,22.9,0.2,4.0,5.2,ENE,19.0,SW,ENE,6.0,7.000000000000001,58.00000000000001,53.99999999999999,1023.4,1018.5,7.0,7.0,17.4,21.0,No,Yes
2015-08-30,Brisbane,14.1,23.2,13.6,5.6,9.2,W,33.0,W,W,7.0,14.999999999999998,59.0,29.0,1017.9,1013.6,4.0,1.0,18.1,22.3,Yes,No
2015-08-31,Brisbane,11.3,23.7,0.2,10.0,11.1,W,26.0,WSW,W,7.0,11.0,44.0,25.0,1016.9,1013.0,1.0,1.0,17.8,22.9,No,No
2015-09-03,Brisbane,16.3,25.3,2.4,3.0,7.6,WNW,48.00000000000001,N,W,6.0,19.0,85.0,21.0,1011.6,1008.6,7.0,1.0,19.7,25.3,Yes,No
2015-09-04,Brisbane,12.7,24.9,0.2,8.2,9.8,W,26.0,WSW,NNE,9.0,7.000000000000001,45.0,44.0,1018.4,1016.6,1.0,3.0,18.6,22.7,No,No
2015-09-05,Brisbane,12.0,23.6,0.0,6.8,9.3,E,22.0,SSW,ESE,6.0,11.0,61.0,53.0,1022.7,1018.8,1.0,3.0,19.4,21.3,No,No
2015-09-06,Brisbane,13.400000000000002,24.0,0.0,4.2,6.1,NNE,19.0,W,NE,6.0,7.000000000000001,69.0,53.0,1023.9,1019.5,6.0,6.0,19.2,23.2,No,No
2015-09-07,Brisbane,13.8,25.5,0.0,4.0,8.6,NE,26.0,NE,NE,2.0,11.0,68.0,65.0,1023.1,1019.3,3.0,3.0,21.0,22.3,No,No
2015-09-08,Brisbane,14.799999999999999,28.099999999999998,0.0,5.0,9.5,W,31.0,NNW,NW,6.0,6.0,54.0,38.0,1020.3,1014.6,3.0,4.0,21.9,27.300000000000004,No,No
2015-09-09,Brisbane,10.7,25.6,0.0,6.6,10.8,WNW,28.0,WSW,W,7.0,6.0,36.0,21.0,1022.6,1018.6,0.0,0.0,18.9,25.2,No,No
2015-09-10,Brisbane,11.0,25.0,0.0,5.2,10.8,E,37.0,SW,E,6.0,13.0,54.0,47.0,1027.6,1025.1,1.0,2.0,19.1,22.1,No,No
2015-09-11,Brisbane,13.3,21.6,0.0,6.2,1.9,SE,35.0,SW,ESE,6.0,11.0,60.0,67.0,1030.2,1027.8,7.0,7.0,19.2,19.6,No,No
2015-09-12,Brisbane,15.700000000000001,24.5,0.0,3.4,7.1,ESE,31.0,SSW,ESE,4.0,9.0,52.0,42.0,1029.3,1025.1,6.0,4.0,20.8,23.7,No,No
2015-09-13,Brisbane,13.199999999999998,25.4,0.0,5.0,9.4,E,28.0,WSW,ESE,4.0,11.0,62.0,49.00000000000001,1028.1,1024.6,3.0,3.0,20.0,23.6,No,No
2015-09-14,Brisbane,12.7,25.4,0.0,5.2,8.3,NE,24.000000000000004,SSW,NE,4.0,11.0,62.0,52.0,1026.9,1022.9999999999999,5.0,5.0,19.4,23.8,No,No
2015-09-15,Brisbane,13.400000000000002,25.6,0.0,4.6,10.8,NE,24.000000000000004,WSW,NE,4.0,11.0,64.0,56.0,1023.2,1018.3,2.0,1.0,21.1,23.5,No,No
2015-09-16,Brisbane,13.0,27.399999999999995,0.0,5.0,10.4,WSW,26.0,NW,ENE,2.0,11.0,65.0,53.99999999999999,1019.7,1014.6,1.0,2.0,21.1,25.7,No,Yes
2015-09-18,Brisbane,12.5,22.8,18.0,0.8,7.299999999999999,SSE,37.0,S,S,13.0,13.0,56.0,80.0,1018.3,1018.4,1.0,7.0,18.1,17.4,Yes,No
2015-09-19,Brisbane,13.0,24.0,0.6,4.4,9.0,SSE,33.0,S,E,7.0,19.0,53.00000000000001,48.0,1021.7,1018.3,3.0,7.0,20.5,22.4,No,No
2015-09-20,Brisbane,13.400000000000002,23.3,0.0,5.6,9.0,SSE,31.0,SSW,SSE,7.0,9.0,58.00000000000001,60.00000000000001,1020.7,1017.3,2.0,5.0,20.3,21.0,No,Yes
2015-09-21,Brisbane,14.199999999999998,24.3,1.6,5.2,10.8,E,24.000000000000004,S,E,7.0,9.0,59.0,56.0,1021.0,1017.5,2.0,2.0,20.8,22.1,Yes,No
2015-09-22,Brisbane,13.5,29.399999999999995,0.0,5.4,10.3,WNW,28.0,WNW,W,2.0,7.000000000000001,60.0,26.999999999999996,1018.2,1012.9,0.0,5.0,21.7,27.799999999999997,No,No
2015-09-23,Brisbane,14.699999999999998,23.5,0.0,6.0,7.6,ENE,28.0,WSW,ESE,9.0,11.0,51.0,56.99999999999999,1019.0,1016.7,2.0,5.0,19.1,18.9,No,No
2015-09-24,Brisbane,11.1,23.1,0.6,5.4,11.2,E,28.0,SSW,ENE,7.0,19.999999999999996,39.0,41.0,1022.0,1017.8,1.0,1.0,17.4,20.6,No,No
2015-09-25,Brisbane,9.4,23.4,0.2,6.8,6.9,S,26.0,WSW,S,9.0,6.0,51.0,39.0,1022.8,1019.3,2.0,4.0,18.7,22.6,No,No
2015-09-26,Brisbane,13.699999999999998,23.1,0.0,3.6,8.1,ESE,35.0,S,SSE,9.0,13.0,53.00000000000001,55.0,1022.9,1019.5,3.0,5.0,20.6,20.4,No,No
2015-09-27,Brisbane,12.400000000000002,24.1,0.4,5.4,8.4,E,24.000000000000004,SW,ENE,6.0,7.000000000000001,57.0,90.0,1022.2,1018.8,2.0,5.0,19.7,15.8,No,Yes
2015-09-28,Brisbane,11.8,24.8,12.2,4.4,10.5,NE,22.0,SSW,NE,6.0,7.000000000000001,68.0,51.0,1021.4,1016.7,3.0,1.0,18.5,24.0,Yes,No
2015-09-29,Brisbane,13.1,25.7,0.0,4.0,8.2,WNW,31.0,S,NW,2.0,6.0,61.0,73.0,1021.8,1018.2,1.0,7.0,22.1,16.2,No,Yes
2015-09-30,Brisbane,12.0,26.6,7.8,6.4,10.8,NE,26.0,NE,NE,4.0,14.999999999999998,59.0,56.99999999999999,1023.0,1019.3,0.0,3.0,21.7,24.2,Yes,No
2015-10-01,Brisbane,14.0,27.700000000000003,0.0,5.0,10.8,ENE,22.0,NE,ENE,2.0,11.0,53.00000000000001,46.00000000000001,1026.9,1024.0,0.0,2.0,22.6,25.7,No,No
2015-10-02,Brisbane,14.799999999999999,29.300000000000004,0.0,5.0,11.3,ENE,26.0,SW,ENE,4.0,9.0,64.0,21.0,1031.1,1028.3,1.0,1.0,22.3,28.299999999999997,No,No
2015-10-03,Brisbane,15.799999999999999,27.8,0.0,6.8,11.6,E,26.0,SSE,E,9.0,13.0,55.0,41.0,1032.7,1028.2,1.0,1.0,23.6,26.0,No,No
2015-10-04,Brisbane,14.199999999999998,28.999999999999996,0.0,7.4,11.3,NE,17.0,WSW,NE,4.0,7.000000000000001,64.0,40.0,1029.3,1024.9,0.0,0.0,22.3,27.700000000000003,No,No
2015-10-05,Brisbane,13.3,33.8,0.0,6.0,11.4,ENE,20.0,SW,NE,6.0,7.000000000000001,45.0,17.0,1026.7,1022.9,0.0,0.0,24.9,31.4,No,No
2015-10-06,Brisbane,12.900000000000002,30.7,0.0,7.2,10.0,ENE,20.0,WNW,NE,4.0,9.0,51.0,21.0,1027.0,1023.3,0.0,0.0,23.9,29.8,No,No
2015-10-07,Brisbane,14.6,28.3,0.0,6.2,11.4,NE,20.0,NNE,ENE,4.0,7.000000000000001,58.00000000000001,48.0,1027.0,1024.2,1.0,0.0,23.9,27.099999999999998,No,No
2015-10-08,Brisbane,17.2,25.7,0.0,6.4,5.8,SE,39.0,SE,SE,11.0,13.0,59.0,61.0,1032.0,1029.2,6.0,7.0,23.3,23.6,No,Yes
2015-10-09,Brisbane,18.5,25.1,5.799999999999999,6.6,2.6,ESE,33.0,SE,E,15.0,14.999999999999998,73.0,60.00000000000001,1032.1,1028.7,7.0,5.0,20.8,23.0,Yes,No
2015-10-10,Brisbane,17.2,25.6,0.2,4.6,9.6,E,26.0,ESE,ENE,13.0,9.0,52.0,48.0,1029.8,1026.3,5.0,3.0,22.6,23.8,No,No
2015-10-11,Brisbane,14.699999999999998,25.9,0.0,7.2,11.3,ENE,26.0,NNE,NE,6.0,11.0,48.00000000000001,48.0,1026.5,1022.1,3.0,1.0,23.1,24.6,No,No
2015-10-12,Brisbane,15.1,27.399999999999995,0.0,7.2,11.4,NE,31.0,NNW,NE,9.0,13.0,51.0,53.0,1023.5,1018.3,1.0,1.0,23.8,25.600000000000005,No,No
2015-10-13,Brisbane,16.6,28.0,0.0,7.599999999999999,9.1,E,30.0,NE,NE,6.0,13.0,53.00000000000001,65.0,1020.8,1017.5,1.0,7.0,25.3,24.6,No,No
2015-10-15,Brisbane,17.6,26.900000000000002,4.4,3.2,10.2,E,28.0,ESE,ENE,7.0,11.0,60.0,51.0,1025.4,1021.8,4.0,2.0,24.5,25.7,Yes,No
2015-10-16,Brisbane,16.9,26.6,0.0,6.8,11.8,ENE,26.0,SE,ENE,9.0,13.0,58.00000000000001,53.99999999999999,1025.0,1022.0,3.0,4.0,24.1,25.5,No,No
2015-10-17,Brisbane,16.3,27.600000000000005,0.0,6.8,10.8,ENE,24.000000000000004,W,ENE,6.0,13.0,59.0,49.00000000000001,1024.7,1021.4,3.0,1.0,23.3,26.300000000000004,No,No
2015-10-18,Brisbane,17.3,27.1,0.0,5.8,11.2,E,35.0,E,E,7.0,14.999999999999998,55.0,51.0,1025.7,1023.5000000000001,6.0,2.0,24.2,25.8,No,No
2015-10-19,Brisbane,15.199999999999998,26.499999999999996,0.0,7.4,11.2,ENE,30.0,E,ESE,7.0,14.999999999999998,61.0,50.0,1026.0,1022.8000000000001,4.0,3.0,23.9,25.0,No,No
2015-10-20,Brisbane,14.400000000000002,26.800000000000004,0.0,7.4,12.0,ENE,24.000000000000004,W,ENE,4.0,13.0,58.00000000000001,52.0,1024.4,1020.9,3.0,2.0,23.8,25.1,No,No
2015-10-21,Brisbane,15.5,27.2,0.0,5.6,12.1,ENE,31.0,ENE,NE,6.0,13.0,55.0,46.00000000000001,1020.5000000000001,1015.9,1.0,1.0,24.1,25.7,No,No
2015-10-22,Brisbane,16.6,29.300000000000004,0.0,9.0,6.9,W,65.0,NE,NE,9.0,13.0,52.0,63.00000000000001,1014.8,1008.5,3.0,4.0,25.600000000000005,25.8,No,Yes
2015-10-23,Brisbane,18.9,27.299999999999997,20.8,7.4,10.7,ESE,33.0,S,ESE,4.0,16.999999999999996,69.0,50.0,1017.3,1015.2,1.0,1.0,23.6,26.100000000000005,Yes,No
2015-10-24,Brisbane,17.4,24.3,0.0,7.599999999999999,2.8,ESE,22.0,ESE,ESE,9.0,9.0,61.0,67.0,1023.2,1020.4,7.0,7.0,22.7,22.0,No,Yes
2015-10-25,Brisbane,18.4,25.4,1.2,4.0,6.5,ENE,24.000000000000004,NNE,NE,4.0,9.0,62.0,59.0,1024.2,1020.9,7.0,6.0,23.1,24.1,Yes,No
2015-10-26,Brisbane,17.9,28.4,0.0,6.2,10.2,NE,33.0,WNW,NE,7.0,14.999999999999998,62.0,68.0,1021.5,1017.0,3.0,4.0,24.2,24.7,No,Yes
2015-10-27,Brisbane,17.9,30.7,4.8,7.4,10.5,ESE,37.0,NW,SE,4.0,16.999999999999996,53.00000000000001,62.0,1018.5,1016.7,1.0,4.0,25.9,26.2,Yes,Yes
2015-10-28,Brisbane,17.6,22.3,13.2,7.599999999999999,1.3,SE,22.0,SSE,ESE,7.0,7.000000000000001,74.0,82.0,1022.4,1019.9,7.0,8.0,21.0,20.2,Yes,Yes
2015-10-29,Brisbane,17.3,23.1,5.0,3.4,0.4,E,22.0,SE,ESE,6.0,9.0,80.0,64.0,1022.3,1019.9,7.0,7.0,19.9,21.6,Yes,No
2015-10-30,Brisbane,18.0,24.1,0.2,4.0,5.5,E,24.000000000000004,ESE,ENE,6.0,9.0,56.0,56.99999999999999,1023.1,1020.8,7.0,7.0,22.7,22.7,No,No
2015-10-31,Brisbane,16.2,25.2,0.0,4.8,11.6,ENE,26.0,NNE,ENE,7.0,13.0,54.0,50.0,1022.7,1019.7,3.0,2.0,22.9,23.8,No,No
2015-11-01,Brisbane,16.6,27.0,0.0,6.6,8.5,NE,26.0,NW,NE,7.0,9.0,56.0,48.0,1020.6,1016.4,7.0,7.0,23.6,24.9,No,No
2015-11-02,Brisbane,18.8,29.5,0.0,9.0,12.0,ENE,33.0,WNW,NE,6.0,14.999999999999998,51.0,61.0,1018.4,1014.0,3.0,2.0,25.8,26.7,No,No
2015-11-03,Brisbane,18.3,30.500000000000004,0.0,8.0,11.5,NE,28.0,NE,NE,6.0,13.0,51.0,56.99999999999999,1015.4,1012.8,1.0,3.0,28.099999999999998,27.900000000000002,No,Yes
2015-11-04,Brisbane,20.1,29.8,11.599999999999998,9.0,9.4,NNE,24.000000000000004,ENE,NNE,2.0,7.000000000000001,72.0,63.00000000000001,1015.9,1011.8,6.0,3.0,25.600000000000005,27.700000000000003,Yes,No
2015-11-05,Brisbane,22.1,29.1,0.0,5.8,8.8,NE,22.0,WNW,ENE,6.0,11.0,63.0,64.0,1014.5,1010.9,6.0,7.0,26.100000000000005,27.599999999999998,No,Yes
2015-11-06,Brisbane,19.8,29.300000000000004,19.0,7.800000000000001,5.5,NNW,26.0,NE,ENE,2.0,13.0,67.0,69.0,1013.3,1008.7,7.0,3.0,25.0,26.7,Yes,No
2015-11-07,Brisbane,19.5,33.3,0.0,4.0,9.2,SSE,37.0,NW,ENE,6.0,13.0,48.00000000000001,52.0,1011.3,1007.6,4.0,5.0,29.199999999999996,30.0,No,No
2015-11-08,Brisbane,22.1,25.0,0.4,7.800000000000001,0.7,SE,28.0,E,NE,11.0,6.0,75.0,71.0,1014.5,1012.4,8.0,8.0,23.6,24.2,No,Yes
2015-11-09,Brisbane,18.3,25.9,13.999999999999998,3.7999999999999994,0.4,ESE,39.0,S,ESE,6.0,16.999999999999996,78.0,55.0,1017.1,1014.4,7.0,7.0,21.7,24.5,Yes,No
2015-11-10,Brisbane,17.0,26.6,0.0,5.6,11.9,ENE,24.000000000000004,E,ENE,2.0,11.0,59.0,53.0,1016.2,1013.0,4.0,2.0,23.3,24.8,No,No
2015-11-11,Brisbane,17.3,26.499999999999996,0.0,6.4,8.9,ENE,28.0,SE,E,7.0,14.999999999999998,70.0,46.00000000000001,1019.1,1017.3,7.0,3.0,22.1,26.0,No,No
2015-11-12,Brisbane,17.2,26.4,0.0,7.2,7.8,E,26.0,ESE,ENE,11.0,9.0,60.0,60.00000000000001,1021.2,1018.1,7.0,7.0,24.2,24.6,No,No
2015-11-13,Brisbane,19.0,28.099999999999998,0.0,6.6,12.3,NE,28.0,NE,NE,4.0,11.0,65.0,56.0,1016.6,1012.1,5.0,1.0,24.5,27.000000000000004,No,No
2015-11-14,Brisbane,19.8,26.7,1.0,7.0,3.2,N,24.000000000000004,S,NNE,4.0,4.0,80.99999999999999,80.0,1012.9,1006.8,7.0,7.0,22.7,23.8,No,Yes
2015-11-15,Brisbane,19.7,27.299999999999997,10.6,3.6,8.8,SE,41.0,SSW,SE,9.0,19.0,65.0,53.99999999999999,1010.9,1009.5,7.0,5.0,24.5,25.9,Yes,No
2015-11-16,Brisbane,17.9,27.0,0.2,6.4,9.8,ESE,35.0,SSE,E,9.0,13.0,47.0,53.99999999999999,1016.0,1013.7,4.0,7.0,24.6,24.7,No,No
2015-11-17,Brisbane,16.5,26.000000000000004,0.6,7.0,12.6,E,28.0,SE,NE,7.0,11.0,55.0,51.0,1019.5,1017.6,5.0,2.0,23.8,23.9,No,No
2015-11-18,Brisbane,16.1,28.199999999999996,0.0,7.599999999999999,13.0,N,22.0,NE,NNE,4.0,7.000000000000001,53.00000000000001,48.0,1020.1,1016.5,2.0,1.0,24.1,27.4,No,No
2015-11-19,Brisbane,17.2,33.4,0.0,7.0,11.9,ENE,22.0,N,ENE,2.0,11.0,54.0,53.0,1018.0,1014.1,0.0,1.0,26.800000000000004,30.2,No,No
2015-11-20,Brisbane,18.7,30.9,0.0,8.0,12.7,NE,26.0,ENE,NNE,7.0,11.0,48.00000000000001,46.00000000000001,1017.5,1014.0,0.0,1.0,30.1,29.899999999999995,No,No
2015-11-21,Brisbane,19.9,33.3,0.0,9.2,12.2,ESE,41.0,ENE,ENE,6.0,13.0,39.0,53.99999999999999,1015.5,1011.2,0.0,0.0,29.6,30.3,No,No
2015-11-22,Brisbane,22.4,28.4,0.0,9.0,1.8,SE,31.0,E,ESE,13.0,9.0,71.0,73.0,1017.9,1015.1,8.0,8.0,24.6,24.5,No,No
2015-11-23,Brisbane,22.0,29.9,0.0,3.7999999999999994,11.6,NE,31.0,ENE,NE,7.0,13.0,59.0,59.0,1014.6,1010.7,3.0,1.0,27.500000000000004,28.400000000000002,No,No
2015-11-24,Brisbane,20.2,30.500000000000004,0.0,7.800000000000001,11.1,E,24.000000000000004,E,E,6.0,13.0,59.0,62.0,1014.7,1012.4,3.0,5.0,28.099999999999998,28.200000000000003,No,No
2015-11-25,Brisbane,23.3,30.999999999999996,0.0,9.6,12.4,NE,24.000000000000004,N,NE,6.0,9.0,60.0,53.99999999999999,1016.1,1012.2,4.0,1.0,27.700000000000003,29.699999999999996,No,No
2015-11-26,Brisbane,21.6,31.799999999999997,0.0,8.4,12.1,NE,31.0,N,NNE,6.0,13.0,56.0,62.0,1013.4,1008.3,1.0,2.0,28.200000000000003,29.699999999999996,No,No
2015-11-27,Brisbane,23.5,31.1,0.0,8.6,10.1,E,35.0,E,ENE,15.0,11.0,59.0,56.99999999999999,1012.1,1010.1,3.0,3.0,28.099999999999998,29.8,No,No
2015-11-28,Brisbane,23.1,30.4,0.0,8.2,7.299999999999999,E,24.000000000000004,NNW,NE,4.0,11.0,62.0,65.0,1014.5,1012.4,6.0,5.0,27.4,29.399999999999995,No,No
2015-11-29,Brisbane,24.1,30.999999999999996,0.2,6.7,8.7,WNW,57.0,NNE,NE,7.0,14.999999999999998,58.00000000000001,64.0,1013.6,1009.1,3.0,6.0,29.699999999999996,28.999999999999996,No,Yes
2015-11-30,Brisbane,20.6,31.799999999999997,16.6,11.0,10.3,NE,28.0,NNE,NE,7.0,11.0,63.0,65.0,1012.7,1009.8,3.0,6.0,28.999999999999996,29.899999999999995,Yes,No
2015-12-01,Brisbane,22.1,31.300000000000004,0.0,8.0,8.2,NE,30.0,NNE,NE,6.0,11.0,58.00000000000001,64.0,1015.6,1013.2,3.0,8.0,29.199999999999996,28.499999999999996,No,No
2015-12-02,Brisbane,23.8,27.9,0.4,7.599999999999999,0.2,WNW,22.0,NNW,WNW,6.0,6.0,69.0,75.0,1016.2,1015.1,7.0,7.0,26.600000000000005,25.1,No,Yes
2015-12-03,Brisbane,21.2,27.9,2.0,2.0,6.9,SE,35.0,SSW,SSE,7.0,13.0,78.0,42.0,1020.5000000000001,1019.9,7.0,7.0,24.1,26.5,Yes,No
2015-12-04,Brisbane,17.3,25.6,0.2,10.0,4.2,SSE,33.0,S,SSE,9.0,11.0,52.0,56.0,1022.0,1019.8,7.0,7.0,23.8,24.0,No,No
2015-12-05,Brisbane,16.9,28.4,0.0,5.6,12.7,ESE,33.0,S,ESE,7.0,16.999999999999996,51.0,48.0,1020.1999999999999,1016.9,4.0,2.0,25.4,25.8,No,No
2015-12-06,Brisbane,17.5,29.1,0.0,9.0,13.1,E,35.0,ESE,E,6.0,14.999999999999998,50.0,42.0,1018.9,1016.1,3.0,1.0,25.9,27.099999999999998,No,No
2015-12-07,Brisbane,18.0,29.8,0.0,9.6,13.1,ENE,28.0,ESE,ENE,6.0,11.0,55.0,53.99999999999999,1019.9000000000001,1017.6,2.0,5.0,27.500000000000004,28.400000000000002,No,No
2015-12-08,Brisbane,18.3,30.7,0.0,4.0,12.8,ENE,26.0,NE,NE,7.0,11.0,51.0,51.0,1021.6,1018.5,3.0,2.0,28.499999999999996,28.799999999999997,No,No
2015-12-09,Brisbane,20.7,30.8,0.0,8.4,8.7,NE,26.0,NW,NE,6.0,11.0,58.00000000000001,59.0,1020.0,1016.3,7.0,7.0,27.500000000000004,27.700000000000003,No,No
2015-12-10,Brisbane,23.1,32.3,0.0,8.8,8.7,SE,41.0,WSW,NNE,4.0,7.000000000000001,56.0,60.00000000000001,1016.4,1012.5,6.0,6.0,28.200000000000003,28.400000000000002,No,No
2015-12-11,Brisbane,20.0,32.5,0.6,7.800000000000001,9.4,NNE,33.0,NNE,NE,4.0,11.0,60.0,67.0,1012.4,1007.0,1.0,5.0,28.900000000000002,28.299999999999997,No,No
2015-12-13,Brisbane,19.7,27.299999999999997,9.8,4.4,4.5,E,28.0,SSW,SE,6.0,11.0,90.99999999999999,41.0,1018.7,1016.6,8.0,4.0,20.7,26.7,Yes,No
2015-12-14,Brisbane,17.6,29.1,0.8,3.7999999999999994,12.8,ENE,24.000000000000004,NE,ENE,6.0,11.0,55.0,52.0,1017.9,1014.8,5.0,1.0,26.4,27.599999999999998,No,No
2015-12-15,Brisbane,19.8,29.9,0.0,7.2,8.5,E,31.0,NNE,ENE,4.0,13.0,59.0,56.0,1016.1,1012.8,7.0,7.0,26.100000000000005,27.599999999999998,No,No
2015-12-16,Brisbane,21.9,27.299999999999997,0.0,7.2,1.3,E,20.0,E,ESE,6.0,6.0,58.00000000000001,51.0,1015.7,1013.3,7.0,7.0,25.9,26.5,No,Yes
2015-12-17,Brisbane,19.8,29.700000000000003,3.7999999999999994,4.8,10.1,E,33.0,ESE,ESE,11.0,14.999999999999998,52.0,42.0,1015.1,1013.5,7.0,4.0,26.0,28.200000000000003,Yes,Yes
2015-12-18,Brisbane,18.7,28.6,3.2,9.0,10.9,NE,28.0,ESE,ENE,7.0,11.0,59.0,49.00000000000001,1017.1,1014.8,7.0,2.0,25.600000000000005,27.200000000000003,Yes,No
2015-12-19,Brisbane,18.4,28.7,0.0,7.599999999999999,13.2,ENE,30.0,NW,ENE,6.0,14.999999999999998,58.00000000000001,52.0,1017.3,1015.3,3.0,1.0,25.1,27.200000000000003,No,No
2015-12-20,Brisbane,18.8,30.099999999999998,0.0,10.0,12.1,NE,28.0,NNE,ENE,6.0,13.0,42.99999999999999,59.0,1019.1,1016.2,3.0,3.0,27.999999999999996,27.700000000000003,No,No
2015-12-21,Brisbane,21.9,31.2,0.0,7.4,11.5,NE,26.0,NE,NNE,6.0,11.0,45.0,39.0,1019.0,1015.9,2.0,1.0,28.200000000000003,29.6,No,No
2015-12-22,Brisbane,21.6,30.500000000000004,0.0,10.4,9.6,NE,24.000000000000004,ENE,NE,7.0,11.0,53.00000000000001,55.0,1018.2,1014.9,6.0,7.0,27.099999999999998,27.500000000000004,No,No
2015-12-23,Brisbane,20.8,30.6,0.0,8.2,12.0,E,28.0,ENE,ENE,7.0,13.0,49.0,45.0,1014.7,1011.0,6.0,2.0,28.200000000000003,29.3,No,Yes
2015-12-24,Brisbane,20.8,28.099999999999998,3.2,8.8,1.3,SSE,28.0,SSW,ENE,6.0,7.000000000000001,63.0,59.0,1014.2,1011.9,7.0,7.0,26.0,26.9,Yes,Yes
2015-12-25,Brisbane,19.7,28.4,9.2,4.6,10.3,SE,26.0,SW,SE,7.0,13.0,64.0,53.99999999999999,1014.1,1011.4,7.0,6.0,24.8,27.099999999999998,Yes,No
2015-12-26,Brisbane,19.0,32.0,0.4,7.2,12.9,N,24.000000000000004,ESE,NE,2.0,9.0,57.0,52.0,1012.6000000000001,1008.8,5.0,2.0,26.100000000000005,30.399999999999995,No,No
2015-12-27,Brisbane,23.6,31.2,0.8,8.8,0.8,SE,26.0,NNE,ENE,4.0,4.0,65.0,76.0,1012.7,1010.5,8.0,8.0,28.099999999999998,27.599999999999998,No,No
2015-12-28,Brisbane,20.1,28.999999999999996,0.8,5.8,5.1,SSE,35.0,SE,SE,13.0,11.0,51.0,56.0,1017.1,1014.8,6.0,7.0,25.600000000000005,25.9,No,No
2015-12-29,Brisbane,18.5,26.499999999999996,0.0,9.0,8.2,SSE,33.0,S,SE,11.0,11.0,51.0,51.0,1016.9,1014.8,4.0,6.0,23.4,25.2,No,No
2015-12-30,Brisbane,19.1,29.8,0.0,8.0,11.6,SSE,33.0,S,ESE,7.0,13.0,47.0,48.0,1015.9,1013.5,3.0,3.0,26.2,27.099999999999998,No,No
2015-12-31,Brisbane,19.4,29.9,0.0,10.8,11.4,E,35.0,SSE,SE,7.0,16.999999999999996,44.0,43.0,1015.0,1012.5,7.0,1.0,26.0,28.200000000000003,No,No
2014-08-16,Brisbane,23.95920860535416,30.081582789291677,13.092949159472115,4.972805736902774,4.894316814909782,SW,40.456114738055476,E,ENE,10.728057369027738,16.728057369027734,73.72805736902774,78.45611473805546,1016.9997477252465,1013.4357190407326,6.9320143422569345,7.0,27.535971315486133,26.09035984168058,Yes,Yes
2012-07-11,Brisbane,20.47555046548834,27.70761468470429,3.694587177249069,4.377155945887125,6.90761468470429,SE,37.64128438431903,ESE,ENE,13.0,13.717431231361942,80.47293588624534,71.41284384319027,1014.9619265764785,1012.110825645502,5.641284384319029,4.641284384319029,24.3717431231362,25.849495450577898,Yes,Yes
2012-08-09,Brisbane,21.42880379754528,31.75327140731369,0.7126597170694786,7.100425912185277,10.92183507073263,ENE,29.781649292673695,NNE,E,4.0,13.812233804884201,60.53271407313689,60.06116902442101,1009.9196284438822,1007.9694154877894,2.1877661951157976,2.4061169024421014,27.10960126584843,29.159814221941062,No,Yes
2012-02-10,Brisbane,18.503079570108955,25.34615614792083,0.0,4.796924170262395,2.78307545570047,SE,31.676925666410934,WSW,SE,6.0,11.0,70.16922674113854,67.30769518490105,1016.1676888262698,1014.255381766948,6.630769518490104,6.261539036980208,22.7846189811263,21.801539785054477,No,Yes
2014-05-03,Brisbane,14.78140195832865,21.76341437777528,2.344511105544939,3.18170718888764,2.799389538882019,ENE,19.2713398610955,WNW,SE,4.0,7.362803916657299,88.7256078333146,82.82622880564611,1027.509451636115,1024.9463424888988,6.908535944438199,7.0,17.03658562222472,19.235364699988757,No,Yes
2011-11-13,Brisbane,21.89653657026803,29.741676258474214,7.138997596041117,3.102793764123694,4.61105995480418,ESE,29.35419064618554,SSW,ESE,6.743015589690765,8.743015589690765,76.06257193855662,78.09050957979356,1013.2464790194227,1010.5721774604538,7.451396882061847,7.451396882061847,24.747933452329878,25.14580935381446,No,Yes
2012-05-25,Brisbane,21.46086241608882,26.50646812066614,7.314096476421887,2.819568791955591,2.8868993287105456,E,32.9402978190008,SE,ENE,6.255390100555114,13.706468120666136,83.13598573855671,79.27197147711341,1018.9114425336337,1015.0625205537447,6.195687919555909,7.548921979888977,24.623880872399685,25.645605704577317,Yes,Yes
2012-08-30,Brisbane,20.98356060786276,28.26944417978556,0.2806921849320943,5.682422647262331,9.015846890407435,ESE,33.40346092466047,SE,E,10.596539075339527,15.40346092466047,64.60519138699071,60.184425839027874,1016.5242264726234,1014.6435342876911,2.8069218493209434,7.0,25.229098087319514,26.26944417978556,No,Yes
2013-03-27,Brisbane,17.68251372496478,29.26571339090125,0.0,7.820113975512433,10.720799916484117,ENE,41.10056987756217,N,NNE,7.630856904240333,13.630856904240336,53.53028702667816,55.053714643639495,1013.7349725500704,1008.7242296213426,2.3691430957596666,2.3691430957596666,25.250284938781082,27.061027867508983,No,Yes
2012-09-18,Brisbane,23.0,26.849375789112514,0.08786811124265681,6.147279133254406,0.13180216686398522,N,25.14228544615454,SE,ESE,8.054417334911882,5.142285446154538,79.08786811124266,79.33050588638952,1012.7087868111244,1010.5824263777515,7.0,8.0,25.333050588638955,25.805441733491186,No,Yes
2014-12-22,Brisbane,23.606106948398626,30.000230815608727,0.17223504531159592,8.72235045311596,10.327764954688405,ENE,29.249422960978187,N,NE,8.722350453115958,13.0,66.47292749213779,67.19527794525374,1017.991762839837,1015.8919936554457,4.7223504531159595,6.444700906231919,27.4197586101341,27.439055589050742,No,Yes
2009-04-02,Brisbane,20.07993934433396,27.181294794041126,2.1940360212884746,6.987529862694084,6.797831280468537,SSE,30.986445502928348,WSW,SE,8.99186730175701,11.0,80.99457820117134,83.93764931347042,1014.4254824544947,1011.7238559148462,6.99728910058567,5.99728910058567,22.479397164451093,22.689698582225546,No,Yes
2013-05-08,Brisbane,14.863374489798352,22.531775437324224,1.9867137026266903,1.243445043738389,2.5901234693950617,ESE,22.93356851313345,WSW,ESE,6.883303935858319,9.233392128283361,84.46678425656673,66.94973542272486,1021.5335685131334,1018.6569077259618,6.883303935858319,6.116696064141681,16.78007055394004,20.36678425656672,Yes,Yes
2010-02-16,Brisbane,19.731216340736324,27.678532960841512,33.53630446521733,4.4341689947405385,7.48488393863254,E,30.526833798948108,N,ENE,8.053667597896215,13.946332402103785,70.88282262419352,61.20482821157081,1015.2131476253646,1012.6765645248388,6.526833798948108,6.053667597896215,24.96341689947405,26.84731662010519,Yes,Yes
2013-02-01,Brisbane,14.066712069161424,22.81511849515533,0.12122037621116773,4.02413510925482,7.484745297360403,SSE,29.181694356832484,SSW,SE,5.181694356832484,7.181694356832485,69.51593574006094,76.36475078850765,1025.3063742960244,1022.694306741397,3.8183056431675158,6.2122037621116775,19.269626802205078,19.969626802205074,No,Yes
2014-10-28,Brisbane,19.50571055003354,26.617715779986582,25.832833542776903,2.2765736699798778,2.4445815149094487,ENE,27.94289449966462,S,S,5.17715779986585,4.0,77.87994770046953,83.82284220013415,1018.2245945897921,1014.8331604148424,5.617131650100612,7.205710550033538,24.37086311994634,24.117715779986586,Yes,Yes
2015-06-07,Brisbane,17.866748125283593,22.812156400544495,12.90124209968238,7.322581949705066,1.1612909748525333,SE,22.21339850022687,SE,ESE,6.8933007498865635,7.213398500226872,75.92058650204186,83.28039100136122,1022.154591724739,1019.7612909748525,7.1066992501134365,8.0,21.042679700045376,20.424068425238215,Yes,Yes
2014-12-26,Brisbane,15.406071715911143,23.39418031986836,2.0417459040394914,2.997090159934181,5.495635239901271,NE,22.0,SW,E,4.0,7.2985450799670915,83.50727460016454,69.20872952019745,1028.0533852643027,1024.9787489943112,2.597090159934181,5.552182380049365,18.75983503388317,22.238962081863427,No,Yes
2014-01-24,Brisbane,19.706080270078974,22.25688536496923,6.79355924087795,6.92343186862154,0.025402547445128185,SSW,26.697668832133335,SW,SW,2.508050948902564,5.4919490510974365,89.25402547445127,88.4758471532923,1014.2205719781035,1012.8330930073046,8.0,7.745974525548718,20.604470080298462,20.180677722633845,Yes,Yes
2014-03-16,Brisbane,13.318296341412818,21.24385122022057,2.720815852494782,3.4817036585871834,6.1944810979910585,SE,30.859628050551414,SSW,SE,4.957408535320416,9.817036585871834,79.08518292935916,63.68926219183309,1030.1506298777704,1026.8182963414129,6.591481707064083,5.774445121192249,16.64085182929359,20.143851220220565,No,Yes
2015-05-17,Brisbane,12.309670690040344,28.259169940909903,2.480105718601545,3.973175226839982,7.2769169233796465,SW,44.658761341999096,ENE,NNW,2.469433530300317,6.932938067099956,70.81067218830123,50.084848913402084,1013.94753625238,1007.7224901772703,3.2682477316001814,3.2682477316001814,18.561541538310177,24.285994714069922,No,Yes
2011-03-24,Brisbane,18.149887879484353,26.820862204148007,0.0,7.194557685874434,4.785487162331825,SE,35.07256418834087,S,SE,6.0634936647982665,13.0,59.07256418834088,69.03628209417045,1022.5882083193947,1020.6018141047085,4.027211570627828,6.00907052354261,24.710884628251133,23.805442314125568,No,Yes
2010-01-17,Brisbane,23.48249366481367,29.653997827936113,21.966959092796838,7.082000724021295,1.6480101362981285,NE,30.205001810053233,N,NNE,3.435012670372661,13.0,77.64494388834964,72.89996379893526,1012.8305038011117,1009.8690032580957,7.0,7.0,26.558999637989356,27.99249728492014,Yes,Yes
2012-12-22,Brisbane,17.67899148135882,22.744451490833484,48.84296545170227,2.7173885470651595,0.037922858496380045,S,33.758457169927595,SE,SSW,10.516914339855202,10.345399905253396,93.4830856601448,86.65697113079639,1015.0383970657064,1008.703619971576,8.0,8.0,19.26522290586968,20.420060104221264,Yes,Yes
2012-03-08,Brisbane,18.469166325743668,23.995615749333375,11.870435849845919,3.7383326514873287,4.945543789538394,SSE,19.77934827076913,SSW,SE,3.8528988471794228,6.073550576410289,88.67608962461479,92.2644942358971,1023.0571391782561,1019.8748201005126,7.073550576410289,7.073550576410289,21.394202305641155,21.77355057641029,Yes,Yes
2010-10-03,Brisbane,22.17840344924872,26.255680689849743,33.583007577062006,6.6,0.14431931015025543,SSE,19.454455187979566,S,SE,3.113613796994892,7.392017246243615,90.55680689849743,84.16478965225383,1014.4659158609014,1011.454554481202,8.0,8.0,24.465915860901532,24.593756205826402,Yes,Yes
2012-01-03,Brisbane,22.265334996900553,30.991379823531762,0.0,9.846097139314919,7.258712325081489,NE,28.0,N,NE,6.048094643964088,12.807621424143647,58.75952678017957,68.32667498450277,1014.1144283931892,1011.4509066037114,6.711432136215474,5.759526780179561,28.13266749845028,28.025046074306626,No,Yes
2010-04-29,Brisbane,23.514298475909623,31.447906478830518,0.0,9.112605792700565,8.374788414598868,NE,40.815144817514145,NNW,NE,9.470601372259905,16.56302896350283,60.72271722627123,56.907572408757076,1014.805879725548,1010.8184855182485,4.126057927005659,5.344543445254245,27.613452134305096,29.68236082335594,No,Yes
2011-09-18,Brisbane,14.467645323064952,23.117056162032924,12.087936952791381,5.7117635487099685,2.980587193838971,WSW,38.52646306661479,WSW,WNW,11.451467984597429,8.13970443588746,88.6985221794373,49.26912314362765,1013.1485320154026,1007.9475034425878,8.0,7.172059112822508,14.997793105121222,22.171909363573185,No,Yes
2014-09-23,Brisbane,24.624146727898967,32.998795380563244,0.9006023097183763,7.051907314108191,6.550100384953062,W,53.50501924765314,NE,N,5.752509623826567,9.498996150469374,67.24949807523468,68.25150577429595,1009.8513050043898,1005.5004015398123,6.0,6.750501924765313,29.099799230093872,30.149899615046937,No,Yes
2012-06-01,Brisbane,19.15851881894245,26.238935401114883,4.278333671310255,4.07972227855171,5.5993056963792736,SE,37.191205487470796,SSE,ESE,9.0,11.797222785517093,71.39861139275854,60.60138860724146,1019.7225920668508,1017.0619903370462,7.0,7.0,23.79768565459758,24.898379958218303,Yes,Yes
2010-08-02,Brisbane,12.329522363905932,27.450265353385593,0.0,3.9453449594012726,9.545344959401273,W,23.39893858645762,SSW,NE,3.6502653533855947,8.125663383463985,69.22407126315042,56.27327520299363,1017.7601061413542,1013.2475398030078,1.8743366165360138,1.8743366165360138,19.669946929322883,25.397805156393435,No,Yes
2013-11-26,Brisbane,18.32740060437366,24.374983150615154,23.294743936583092,4.440785039635568,0.8949545145330414,SSE,24.79607480182216,WSW,SE,4.372809973576288,5.627190026423712,84.16888477539844,87.42326482824588,1019.2370704194076,1017.5456199471525,7.186404986788144,8.0,21.874983150615158,21.703714620227885,Yes,Yes
2011-09-14,Brisbane,22.581478158657003,26.206399269884496,22.529968444490997,4.117169904722,0.18855339685199982,E,27.185218413429997,E,ESE,11.592609206714998,11.942766984259999,94.70031555509,87.464623809025,1012.2878774285416,1009.805723301574,8.0,7.292924761805001,23.758584952360998,25.100675968310497,Yes,Yes
2011-03-21,Brisbane,21.52388613283623,27.943630994604124,12.712109615618267,4.264965745119292,1.9114623196312202,E,44.168792818600885,E,ESE,20.16879281860089,18.168792818600885,74.49362154419734,66.95858728931663,1011.9003141975866,1010.6805693358187,7.6337585637201775,7.0,25.101275691160534,25.36465154753255,Yes,Yes
2012-04-29,Brisbane,12.646066934768742,19.064493708676235,20.220686469920203,1.381573226092503,0.0,SSE,31.341590348325287,SW,SSE,5.631464521850065,15.617991956937736,97.44719678277511,89.18426773907497,1017.8593220911962,1012.9620166041786,8.0,7.092133869537484,14.727640160861245,17.938200804306224,Yes,Yes
2014-05-06,Brisbane,22.735213670814023,29.14626922779946,10.132119645360662,5.189717949377897,5.132393164592989,SSW,40.36760683540701,ENE,E,11.632393164592989,15.10282050622103,73.68380341770352,80.89717949377896,1017.4786623923926,1014.3478162405262,7.0,6.683803417703506,26.35655127842157,25.046269227799463,Yes,Yes
2012-08-06,Brisbane,17.24665194796818,27.235079972614827,2.140805285865705,9.117661335159012,10.164798678533574,ESE,34.29354659363955,SE,E,7.0,14.176613351590115,62.350799726148296,68.99757302296808,1019.0880639780919,1017.0702812940813,2.5883066757950566,4.646773296819774,23.717539986307415,23.6589520164311,No,Yes
2011-03-27,Brisbane,17.35082734973836,23.119352016090314,63.990524723160156,10.146838570754193,0.0,E,33.512802697588455,ESE,SE,11.0,10.365964126834266,87.78087444391991,91.53614349266294,1020.0498520302924,1018.491343062001,8.0,8.0,20.93870403218063,20.265737666824023,No,Yes
2015-02-06,Brisbane,18.887533181688752,31.53948178298779,0.0,7.457661678441153,11.002856538571057,NE,28.0,N,NE,6.451948601299039,11.192205594803841,52.355845803897125,56.09610279740192,1014.9480513987008,1010.8566210144141,1.0,2.0961027974019215,27.512466818311253,29.075066363377505,No,Yes
2009-08-21,Brisbane,19.024394375299202,26.76715086627027,0.7710259638842607,2.600704563202544,5.983047010733227,ESE,28.572435090289346,SSW,ESE,7.568912274276629,10.427564909710652,70.56891227427663,67.57595790630207,1020.2646414226557,1017.2215326500833,7.0,7.0,22.025451220103022,24.353368411414944,No,Yes
2013-01-12,Brisbane,14.588969080405738,29.20970070076296,0.02006651094156536,7.418736292110259,7.530099766412347,W,29.80598598474089,ESE,NE,8.297672117045211,7.000000000000001,51.90631853944871,52.398004671753036,1016.0491686132303,1011.0786032702271,4.799334890584346,5.69900233587652,22.168570014756344,25.38963418982139,No,Yes
2011-12-26,Brisbane,21.30143752930906,27.98794922790908,1.7262578381454274,7.727695367454487,4.512050772090919,ENE,27.744609265091025,SE,NE,5.248203088363675,11.0,84.12769536745448,65.51078146981794,1019.3829178753274,1015.8077381841637,7.375898455818162,4.0,22.751796911636323,27.238308610236345,Yes,Yes
2012-06-05,Brisbane,17.575036672424385,25.021058566232917,12.735402300207292,1.2124816637878073,1.496569239021954,WSW,13.0,SW,SW,2.920437876170734,5.380656814256101,94.07956212382926,71.2386863714878,1017.5152917347036,1013.4709852213841,8.0,6.079562123829266,18.936970990998773,24.021058566232924,Yes,Yes
2013-02-09,Brisbane,20.06125532461166,30.884912804742793,25.710437977756673,7.298008519378658,5.719674518888446,NE,26.877489350776678,NNE,ENE,4.245021298446644,14.122510649223322,67.72359558626182,64.7036807800484,1013.8814723120194,1009.9241999486504,3.5099574031067124,4.193723376941695,25.513397895830142,27.05015109059714,No,Yes
2011-01-04,Brisbane,18.491671744164915,26.904392913067774,13.000000000000002,4.371934100349403,6.286119573608194,ENE,30.04240389634288,SW,E,3.154972541812251,15.352348979967381,78.4078706855346,68.14032949825298,1017.059060408013,1014.098535695644,5.845027458187749,5.267541187281623,22.517114081970647,24.73114703179594,Yes,Yes
2013-04-06,Brisbane,24.72892750963632,30.890898697000235,0.12892750963632083,8.360347586726888,10.264463754818161,E,31.908986970002356,NE,NE,7.933912644544812,14.421449807273584,66.93391264454482,66.51246283727123,1016.2099702698171,1014.5744340246351,5.710724903636792,7.0,28.13553624518184,28.54626114881863,No,Yes
2012-06-21,Brisbane,12.678296422040303,18.569369678778347,15.762657613098371,0.9302214677581976,0.0,SSE,28.693696787783477,SW,SSE,5.217035779596997,13.085178897984978,98.0,85.47666100818648,1018.9093355967253,1014.0050766518261,7.608517889798498,7.0,14.112776834697746,17.5651107338791,Yes,Yes
2011-11-04,Brisbane,18.85566937390214,24.328239455149443,4.816630861879583,5.464254650307513,2.8556693739021384,SE,35.573434634387134,S,SE,6.65928739844087,12.31857479688174,81.50971967501079,81.04157715469896,1018.0845035367257,1016.1759182603205,7.063714959376348,7.531857479688174,21.832397170619338,21.866468430775253,Yes,Yes
2010-11-09,Brisbane,19.73982880460694,27.006590579825307,56.13509284153978,6.300071331413775,0.6865335146942875,NE,27.866761775218368,NNE,ENE,2.3330955619540847,13.133238224781632,84.53295289912654,72.06661911239082,1016.7200570651311,1015.0201283965448,8.0,6.800142662827549,23.13330955619541,24.526504982128777,Yes,Yes
2009-06-21,Brisbane,21.451017185341467,29.721313670855693,22.97504335044107,6.170974609075204,8.01836855549695,NE,28.458050781849593,NNE,ESE,7.0,10.541949218150409,69.56461913612806,51.0,1016.7351482427571,1014.7938771481677,5.083898436300815,5.312923827225611,26.658728905410577,28.6068009753933,No,Yes
2014-06-28,Brisbane,19.35717810223966,28.628575344693296,4.994213657643361,5.285753446932956,8.322843828042794,SW,35.34279448490727,W,NNE,7.200054825706137,7.000000000000001,63.17139724245364,54.371452068159776,1014.2457698946448,1008.3943233090556,3.7429041363195465,4.6285479318402265,23.205731516650502,26.600027412853066,No,Yes
2012-04-04,Brisbane,14.917833771763732,23.9883753288228,0.0,3.823249342354403,5.464332456472538,SE,31.609865860773752,SW,E,6.431528143136442,13.315281431364426,62.74680957450087,60.17833771763732,1020.4253190425499,1018.1842359284317,4.157640715682213,7.0,19.045222514509152,21.225319042549913,No,Yes
2012-07-07,Brisbane,19.564855250693693,23.73141840787619,36.46687368563501,5.065476307598713,0.06656315718249686,SSE,22.339026354962673,S,SSE,2.0,4.665631571824968,94.00310528452509,89.67028949861262,1016.2010868495837,1012.96749474254,8.0,8.0,21.730952615197427,22.231263143649937,Yes,Yes
2011-12-29,Brisbane,18.895251460918136,28.12522835343162,0.0,5.6455375830660435,8.498283267112551,NE,23.616705179144194,SW,E,3.461098273618603,8.461098273618603,75.2694508631907,59.808352589572095,1014.6633872508019,1011.0825519918446,6.269450863190698,4.077803452762794,22.913843957665108,27.11744800815534,No,Yes
2014-09-13,Brisbane,22.176703319237696,28.665705981491655,0.7675388711159938,6.8036657792486785,2.221463791137966,WNW,24.45025914077329,NNW,WNW,5.387435214806677,5.387435214806676,69.91884717778998,78.9816711037566,1012.9227783992158,1011.7308936814368,5.468588037016692,7.0,26.661256478519334,24.946858803701673,No,Yes
2013-05-26,Brisbane,23.350096139990075,28.81667307599934,121.0241167129515,2.4501345959861047,3.366730759993383,E,61.664615680211746,ENE,NE,31.831346440205124,12.666538480013234,88.66615392005293,73.99923088007941,1001.901345959861,1001.3012305918729,8.0,6.833269240006617,25.266692303997356,27.55005768399404,Yes,Yes
2012-01-02,Brisbane,20.563064815344376,29.13826671915141,17.128225307759372,4.060161523045627,4.24512114228422,E,29.092337961639057,ESE,E,4.849596192385932,7.335079730892179,84.30080761522812,74.05806584597501,1017.0049989693694,1014.2079022616681,7.121370884626562,7.0,25.459637603777974,26.817419753792503,Yes,Yes
2013-12-18,Brisbane,20.465102032866913,25.0,22.198639561774485,5.7192207691033445,0.45228818679801713,SE,35.43135439605948,E,N,10.00915274719207,9.467965384827759,82.43135439605949,72.98169450561586,1015.490847252808,1013.6881014286503,7.504576373596034,7.504576373596034,22.60915274719207,24.001830549438413,No,Yes
2010-02-08,Brisbane,21.77803501126475,29.793642013517697,0.05170781777219091,6.727798368961518,1.320493813266291,ESE,28.448765466834274,SSW,E,9.707304555695227,13.121913667085678,73.22438273341713,52.42932086608004,1013.0800307929898,1012.2336830708374,7.741460911139045,7.741460911139045,24.172674915644944,27.486810742428933,No,Yes
2009-03-08,Brisbane,19.693808991509727,26.975562038217735,0.0,6.117041358811822,3.6414793205940894,SE,30.573150849257388,SSE,E,13.0,10.707396602970444,62.0,73.46301698514777,1016.6392311677232,1015.2709026963864,7.0,7.426849150742611,24.518246953291992,24.001205594480172,No,Yes
2009-08-12,Brisbane,11.703461076114236,23.49884630796192,0.0,3.594923755032455,6.899077046369539,E,55.926163709562985,SSW,NE,6.002307384076157,12.983848311466902,75.00461476815231,61.99077046369538,1018.6824638810211,1013.2896167716573,6.990770463695373,4.00692215222847,16.80115369203808,22.099077046369537,No,Yes
2010-08-23,Brisbane,12.960093104163057,23.657209360116465,0.0,5.495193759922355,6.84471313591459,SE,33.26682184027176,SSW,SE,6.752403120038823,14.00961248015529,61.02883744046587,56.7716280803494,1026.5923100158757,1023.1141859598254,4.504806240077645,6.00961248015529,18.5858140401747,21.004806240077645,No,Yes
2011-01-09,Brisbane,16.624674951958138,22.277678507367806,39.05600352341641,4.258603907751309,0.5567371236374279,SE,41.24188276746075,SSW,SE,4.586039077513083,12.758117232539245,86.17207815502617,72.20941383730377,1021.2390426329227,1019.1804387251715,8.0,7.706980461243459,18.92654173607202,20.74837655349215,Yes,Yes
2014-10-11,Brisbane,10.97356872303102,21.4885712243797,0.0,7.0885712243797,7.2600028586842065,SE,29.549996426644743,SSE,SE,7.107140304746244,11.4428561218985,55.76427703613723,56.42141376752822,1029.1328568365695,1026.876427703614,3.2214280609492487,3.8857122437969958,16.46213994741072,19.278571939050753,No,Yes
2011-07-23,Brisbane,21.62824641734184,27.614123208670918,0.17137440289030606,4.030142316181124,0.6866351508647967,SSE,39.85497611561224,SE,ESE,15.0,10.713744028903061,69.9981041011607,77.85118431793367,1017.0145023884388,1015.4145023884387,7.0,7.856872014451531,26.814312798554848,25.357440784103314,No,Yes
2010-02-22,Brisbane,23.129547435710233,29.120454459316946,0.040908918633892656,6.640908918633892,4.243177425164263,SE,44.02272296584732,SE,SE,13.0,13.818178372677853,67.81817837267785,71.56818784781375,1021.0136375695627,1020.2681840577594,6.795455406830537,7.0,25.879545540683058,24.76818026770503,No,Yes
2013-08-03,Brisbane,20.39937943022612,29.6853153480025,0.0,7.714064082223614,9.942812816444723,SE,41.85625632889446,SE,ESE,14.712512657788913,18.42812816444723,52.431231013316626,45.71561550665832,1018.5720269779962,1016.2004654273304,5.714064082223614,3.8578077533291575,26.3712512657789,28.09984485755653,No,Yes
2012-05-09,Brisbane,19.55787040991604,23.165092625359,21.995370562449335,2.8144444308859295,0.0,NE,32.86759271687898,E,E,11.939814871308627,10.951851897046902,93.0120370257383,92.01203702573827,1015.0830554775941,1010.9083795748306,8.0,8.0,21.357870409916035,21.96268522021135,Yes,Yes
2013-10-23,Brisbane,16.93936940476636,24.237515288022312,0.7398023579077433,4.211124700464279,3.468047062209825,ESE,23.509270583720234,SW,E,5.509270583720234,3.2268235406994177,74.43510591395837,68.73609412441965,1024.310136490003,1021.536527077561,5.773176459300583,6.754635291860117,20.794004696626477,21.754635291860115,No,Yes
2010-03-16,Brisbane,22.045625953883782,31.197083969255857,0.0,9.476500763107026,11.648541984627927,NE,27.79416793851171,NE,NNE,8.485419846279274,14.588335877023422,52.720412215209016,46.82332824595316,1016.4411664122977,1013.5205832061488,3.308748092232435,1.61749618446487,28.735334350809367,29.476500763107026,No,Yes
2011-08-06,Brisbane,21.00042645891316,28.715018999506995,1.6686671346554591,7.814592540593837,4.815018999506999,ENE,26.0,ENE,ENE,7.390555945546215,12.072962702969189,70.2703729703081,61.63518648515405,1016.3197410267338,1013.5660928915854,6.072962702969189,7.0,25.758796621288518,27.607722729210078,No,Yes
2011-10-20,Brisbane,16.343774328771115,25.830127859104042,0.0,6.121400767118728,6.80753196477601,SE,26.75764313111383,NW,NE,4.65175095889841,7.1058921722154205,59.93885495108935,64.54585878668298,1015.6152862622276,1012.648693706453,4.484713737772337,6.378821565556915,22.857420798438188,23.739077283764992,No,Yes
2011-05-26,Brisbane,20.123099627221148,28.345700021928167,5.475198596597259,5.485001096408391,9.568300416635187,E,34.25799868430993,SSE,E,6.714998903591607,12.656001754253424,71.34399824574656,73.94599517580308,1013.3800998465028,1011.6429997807185,5.628999342154965,5.0,25.937100065784506,25.53120035085069,Yes,Yes
2012-10-09,Brisbane,22.216833702341987,32.60593680810877,0.0,7.3207915744145025,10.909894680181282,NE,24.000000000000004,NW,NE,4.792084255854975,9.0,62.98021063963744,59.148547663057336,1013.0029811500882,1010.0406064268448,1.3960421279274875,1.0,27.741583148829008,31.289103105766785,No,Yes
2010-06-29,Brisbane,20.864874258506447,30.913272415282673,0.0,6.700457669492506,10.447482817791217,ENE,28.0,E,NE,5.50686504238759,14.01373008477518,59.49313495761241,47.483981567762285,1011.9967963135524,1009.09450796609,4.99542330507494,2.50228834746253,27.2612129025664,29.61189940680516,No,Yes
2012-07-12,Brisbane,19.85650170639379,22.86993031855642,30.35410409445775,3.5043344709291917,0.0,SE,25.681114903097303,SE,SW,4.699303185564184,4.920278725774327,93.92027872577434,91.22097554021015,1017.1587457340155,1014.9286760525719,8.0,7.460139362887164,21.158320534640477,21.190209044330746,Yes,Yes
2011-11-09,Brisbane,21.10593432381801,29.861800949587707,11.094678388894872,6.407708194186385,5.439972920780675,NE,30.37721733796047,NE,E,7.972714963991216,14.027285036008783,72.05934323818009,76.40450237396925,1015.5513642518005,1011.624556532408,4.595497626030745,5.459072445986823,24.76725795678946,26.143656057614052,No,Yes
2010-01-17,Brisbane,21.282388256240928,26.42746275208031,12.271641416683947,5.9904476020906765,1.5086565666735783,E,37.364179291658026,E,E,13.817910354170987,15.817910354170984,78.54925504160619,75.27761362492224,1016.7256710896088,1014.9077607354378,7.591044822914506,7.591044822914506,23.72746275208031,23.486268623959845,Yes,Yes
2014-12-26,Brisbane,21.484081347615263,25.29655342522228,8.110389055779315,6.841904318512629,0.5403173864187716,SE,27.54376396119649,E,NNE,10.54376396119649,6.0,79.79047840743686,76.01859642683861,1014.8421770291026,1012.6737416232821,7.771881980598245,7.771881980598245,23.280634772837544,23.857822970897367,No,Yes
2014-11-18,Brisbane,22.314643686781654,28.320745222940676,2.5682720119730846,9.595118771072782,4.2036609216954135,ENE,24.024406144636092,NW,NE,4.024406144636089,10.975593855363913,85.65831397509473,72.86576620450151,1016.1585095541187,1012.4560689396551,7.987796927681956,4.036609216954133,24.028067066331506,27.79389846384098,No,Yes
2010-03-26,Brisbane,18.723581787227978,24.103893246986935,14.777308595647643,5.430033287713453,0.0401557298794773,S,28.417130286742506,SE,SSW,9.409343792768638,4.803114597589546,81.42491678071637,81.9766405180784,1014.5520577761467,1012.2473858797623,7.401557298794773,8.0,21.859065620723136,22.447163574455956,No,Yes
2013-06-14,Brisbane,16.715109265993114,23.80615175340244,12.667386980034612,3.8703217030397314,3.229009098117428,SSE,23.737966610708106,WSW,SE,4.868983305354052,8.172458263385131,80.13101669464594,74.57220033575138,1020.5766024202591,1018.407619114905,6.565508347322973,6.696525041968922,20.04612596063906,21.44478756295338,No,Yes
2012-02-06,Brisbane,20.185146277580117,27.241910462633523,15.84936176512732,4.602650704626133,1.1920478861216008,SE,27.689672028471623,SE,ESE,7.986746476869334,11.270567402136383,90.58089537366477,84.91773039145447,1016.9779698220625,1015.4495877295358,8.0,7.716179074732953,22.10955231316762,23.463665793594895,Yes,Yes
2014-03-29,Brisbane,16.95650571319837,30.613011426396746,0.0,7.156505713198374,9.057476348421048,NE,35.40582381133604,W,NE,7.202911905668021,11.801941270445347,51.80679444655872,60.40097063522268,1013.5889298440485,1007.6855326207692,5.0,5.3961174591093055,25.5555350779757,27.595146823886637,No,Yes
2011-05-20,Brisbane,23.696079296685447,28.028436131769954,22.189485949884133,2.0,0.0,E,39.4084433710641,E,E,16.21240820533645,16.558810549718295,88.69280468876369,94.51960351657276,1006.9379148423601,1005.9451101535963,8.0,8.0,24.861439062247264,24.030719531123633,Yes,Yes
2011-01-23,Brisbane,21.005872027497265,27.242704712389635,11.133452658029915,2.1718858628310826,2.2391456984823055,SE,36.83629917825611,SSE,SSE,14.83629917825611,14.918149589128053,64.7135235619482,72.42704712389639,1008.4437717256621,1005.4928819721853,6.959074794564028,7.959074794564028,26.634519671302446,25.842704712389637,No,Yes
2012-02-12,Brisbane,21.013786385767816,28.511029108614252,8.6487768339574,4.0330873258427555,6.709436931335787,E,41.3976698002498,ESE,ESE,16.370097028714174,15.629902971285825,68.17708762796475,71.88970891385748,1012.7531262883895,1010.9531262883894,5.02757277153563,5.685048514357087,26.37401940574284,25.59332034581778,Yes,Yes
2009-11-04,Brisbane,23.62683449503207,30.90409939672907,3.3193243522378104,6.7179470509100385,3.3909403932119946,E,32.31794705091004,NW,ENE,4.682052949089961,16.09059606788005,70.68377457574968,73.95384115273012,1013.6100925827839,1012.9735098302999,4.9094039321199485,7.772649016970013,27.976576251033116,25.440854311879015,No,Yes
2013-06-26,Brisbane,12.761122510063615,18.493035607388677,5.072347610699751,2.494387449681932,0.8847193724840966,W,22.493240788533722,SW,WSW,6.882015687897586,6.576403137579518,80.29209412738552,76.44490040254455,1016.8957392919752,1013.6075377231855,7.0,7.576403137579517,14.51179843121024,17.41663246980916,No,Yes
2010-05-16,Brisbane,22.84396480823786,28.848617002836885,4.881726690343694,8.312070383524272,3.3108551207310577,ENE,43.08968920458257,ENE,E,10.424140767048549,15.272422301145644,77.43964808237862,67.71207038352426,1012.657921392035,1010.5275776988542,7.136211150572821,7.712070383524274,26.53034369318058,27.56378884942718,Yes,Yes
2013-02-12,Brisbane,11.087308368453542,22.35401989473894,0.0,4.429900526305309,7.4149502631526545,S,23.689701578915923,SW,S,7.0,9.0,59.2355471053208,56.93089526325222,1025.065447631626,1022.1884376842567,2.155149210542037,6.229900526305309,16.516644236857303,20.269534815793143,No,Yes
2011-01-29,Brisbane,18.540737955785175,27.13222138673555,2.6334698960663325,6.0854081314958535,9.409411139247863,ESE,32.382966861900755,NE,E,4.264442773471106,11.35259036462814,77.41036145851257,54.7629518231407,1018.4267424674132,1015.6914834309504,7.0881475911570355,3.0881475911570355,23.14407379557852,25.602739459661176,No,Yes
2014-02-02,Brisbane,23.022585910628898,30.925204574728756,0.0,9.316530283514163,4.059083440672104,NE,22.0,N,NE,6.860883805856938,9.0,54.97381335900143,63.887070446855496,1009.6477904853575,1006.6034369630149,6.860883805856938,6.139116194143062,27.669558097071533,27.847790485357656,No,Yes
2015-01-13,Brisbane,21.21166866633336,29.195482760809618,0.3596821587936454,6.0636551738730775,6.793893554777844,ENE,20.108740633174754,WNW,NE,2.201589206031773,7.60476761809532,81.17775111555518,63.29443777888879,1014.2750734613015,1009.5069010482381,6.798410793968227,6.395232381904681,24.255164919603267,28.30317841206354,No,Yes
2014-12-01,Brisbane,23.192781361775605,29.564773595848774,0.6656403828195219,9.302406212741463,4.423195340443901,ENE,25.487968936292674,NNW,NE,5.487968936292676,9.512031063707324,65.16843489190255,64.81617085039028,1013.6704528083025,1009.8216559146732,7.256015531853662,6.231953404439014,25.71116427673658,27.428007765926832,No,Yes
2014-06-05,Brisbane,19.633864718050557,29.256075738118877,0.14521911721248015,6.783466179512639,9.99870514466864,E,35.0826691024368,ESE,E,9.0,15.9043823442496,62.0,48.47808827875198,1016.6309757085676,1014.366633060205,4.273904413937599,5.0,26.176494124600318,28.099999999999998,No,Yes
2012-11-20,Brisbane,15.512555330509405,25.96481452629411,0.0,2.585925810517643,8.931147911561167,E,21.628148378964713,SW,NE,5.221111284223535,8.96481452629411,74.62814837896471,58.0,1019.1049992209939,1015.7376659915282,3.0,4.0351854737058925,20.739184850501164,24.309036783138815,No,Yes
2013-10-05,Brisbane,20.361327598535123,27.738672401464875,3.848678612954391,8.766281481803762,5.827609080338882,E,43.102212664225206,E,ESE,10.124339306477195,13.204425328450398,85.7955746715496,66.1243393064772,1020.398315890593,1018.7472095584803,6.204425328450399,5.8977873357748,22.4022126642252,25.14309772991528,Yes,Yes
2011-02-28,Brisbane,18.213749268834956,26.99187505222607,5.496219813328853,6.2162498955478505,9.22812996147709,ESE,32.593752611303735,NE,E,3.837501044521493,11.162498955478506,76.64999582191403,54.54374007704581,1018.5456259922954,1015.9350004178086,7.081249477739253,3.324997910957014,23.1,25.310625574486817,No,Yes
2011-02-18,Brisbane,15.318669915216063,23.549576814379567,0.2839661451503653,3.545779943477375,6.898839189464234,SSE,29.88923826588322,SSE,SE,5.469407540131392,7.049576814379567,75.11076173411678,83.8512695568613,1027.5023216210716,1025.2553808670584,5.0,6.160338548496346,19.754534495817524,20.307593741804386,No,Yes
2015-11-06,Brisbane,19.83683616766022,26.801299461065604,0.9769773952123625,7.07367233532044,3.404901182609974,N,24.092090419150555,NW,NNE,4.069067814362913,4.1151130239381875,80.24025404200795,79.35536706594615,1012.9552542514904,1006.9105085029805,6.90790958084945,6.953954790424725,22.822019805374474,23.94043788920459,No,Yes
2014-07-25,Brisbane,23.284375075162384,29.946777374284714,0.627539020221157,7.051367210988246,5.879882638686979,NE,31.04589836703526,NNE,NNE,7.045898367035262,8.440429523082278,68.11914095383544,69.93554748569439,1013.4202147615413,1011.2367186936282,6.302734421976492,5.908203265929477,27.563281306371795,27.665136721098825,No,Yes
2014-01-16,Brisbane,23.330737340375002,31.210482676302632,19.317263853236746,9.006514658513153,5.090228012230271,W,46.62111340930925,NE,NE,5.856233342598689,8.313740005559215,70.20254664072367,72.88880663516446,1010.1111193364835,1005.9745039977762,6.457506662960524,7.228753331480262,27.833358009450667,28.635978678526328,Yes,Yes
2014-06-04,Brisbane,19.55338778167747,25.85338778167747,2.2466122183225323,5.7296299682925405,2.863911575698945,ESE,24.867659806365484,ESE,SSE,4.502258521118312,7.369918327483798,77.61201350356971,71.3879864964303,1019.7192407711483,1018.0831523468472,7.0,7.0,23.242863987655994,22.539250353866695,No,Yes
2013-11-19,Brisbane,19.820676461810166,26.548245077557052,21.007784904782177,5.137843078734437,1.492852774393147,SSE,22.62029385430497,WSW,SE,4.344607696836094,6.3446076968360945,80.99999999999999,84.93107846063279,1017.8449903043413,1016.4485001492271,7.0,7.862156921265562,23.89661769094917,23.351754922442943,Yes,Yes
2012-12-12,Brisbane,17.962374237526454,26.301034770270846,5.5360736070672765,8.337108377338122,9.300517385135423,SSE,39.54124745842151,S,SE,6.386605327443936,15.54124745842151,71.14946827962333,51.69071573804485,1025.0824662463606,1022.7747341398117,2.0773210654887873,3.9226789345112127,23.093302663721964,24.547427409564122,No,Yes
2011-06-27,Brisbane,14.364478944132648,22.541698786420724,0.1791506067896381,3.062548179631086,6.572972876236267,SE,28.72972876236267,SSW,SE,3.791506067896381,6.521234830259049,77.83397572841447,83.7683440523939,1028.4250963592622,1026.252123483026,5.104246966051809,6.687259101844571,18.401930764501564,19.560617415129524,No,Yes
2010-07-24,Brisbane,22.68404396319804,27.988307742386294,7.984877961917147,7.993670601525605,1.5968353007628036,ENE,49.04263779188254,ENE,E,10.680879263960845,16.361758527921687,78.23384515227409,71.82944883246985,1010.6202198159903,1008.6883077423863,8.0,8.0,26.04470341116868,26.301099079951058,Yes,Yes
2013-04-07,Brisbane,15.108931380174429,24.521372396511428,0.0,2.085804165581718,5.005264454243853,W,37.0,NE,SW,4.267941405232861,16.106861982557128,71.55343099127856,79.08931380174428,1013.6928234379068,1009.037480338779,6.910686198255713,7.0,20.337480338779,19.873048569708704,No,Yes
2010-05-06,Brisbane,17.921037950801637,26.88594609077133,0.5508756872617064,5.280691967201092,8.166659514493107,SSE,35.8947029633884,SSE,SE,10.140324527079864,10.38594609077133,69.1052970366116,73.842161727686,1024.9666809710136,1022.2526485183058,5.0,3.491243127382935,23.424540699848468,23.51050824714048,No,Yes
2011-03-11,Brisbane,21.934865775783443,32.09332215502639,0.0,8.366174483028196,11.870771810378525,NE,29.528187930809835,NW,NNE,8.528187930809837,12.056375861619674,53.34865775783443,54.29228189621476,1009.9513422421655,1005.7928858629226,1.4718120691901624,3.4718120691901624,27.770771810378527,30.664093965404916,No,Yes
2011-01-21,Brisbane,20.520678213714486,30.586886417861404,0.0,5.9324164082938315,12.168271285485796,ENE,24.662082041469162,ENE,NE,8.17239744816355,9.33104102073458,61.0,54.337917958530845,1017.3730851419432,1014.4723974481635,3.4965615311018694,2.8344794896327103,27.13654257097159,29.503438468898132,No,Yes
2010-12-16,Brisbane,24.04292395432704,31.5851410976694,2.273114729828272,7.511792527696473,4.362029013116488,E,32.44103736151764,NW,ESE,4.931604397470603,15.882074723035274,68.16745495140006,70.5966944946705,1012.4700483551942,1011.9856140685096,4.372641758988241,6.695753843541155,28.602593403794092,26.14033055053295,No,Yes
2010-11-18,Brisbane,22.386169864321683,31.426155126725668,1.8825386861895328,4.4474686826084735,6.661225130306729,SE,30.1126197429676,WSW,ENE,6.437638164962618,11.0,77.46258289897757,61.625092109975085,1011.3662140771097,1008.2225239485934,4.487527632992524,3.4875276329925238,25.23741710102243,29.20990420562591,Yes,Yes
2012-11-02,Brisbane,15.724668812381056,24.094658856947227,0.0,9.400712152407037,5.2028486096281465,SSE,29.660732063274697,S,N,10.992878475929635,5.660732063274694,54.650049777169144,67.68209663548579,1017.9671414349381,1016.367141434938,3.6607320632746947,7.0,22.291810247319077,20.69002986630149,No,Yes
2014-05-05,Brisbane,17.58217900448964,27.093623268535282,1.5148226190995895,6.8131334415726155,7.673733116854769,ESE,33.44277867977179,SE,ESE,11.0,14.999999999999998,63.57411309549795,46.49155411236513,1022.2801098483195,1020.0063767314648,5.0,6.688555735954359,22.942778679771795,25.444467857298765,No,Yes
2013-06-07,Brisbane,20.70330422914116,25.881375764842396,0.0,6.245479124175422,1.9328627774554574,N,25.364373725262677,SE,ESE,7.90958248350845,6.5013518296482395,73.76990071982641,74.40552699456374,1015.9744969406304,1013.6471013197533,6.545208758245774,7.545208758245774,24.13562627473733,24.608501019789855,No,Yes
2011-10-05,Brisbane,21.758685136755503,29.193948500478943,4.007894393794259,4.113684484964592,8.354737939858373,SSE,35.43157757517704,ENE,ENE,10.647366362765554,14.215788787588517,78.51052151311961,67.35263363723445,1011.4121029990421,1008.7394719689713,5.3921056062057415,5.176316818617224,26.42131747040813,27.727368969929188,Yes,Yes
2010-11-22,Brisbane,15.52758341903133,25.989652849192773,2.0482507712819635,2.027583419031329,7.779305698385549,WNW,26.20694301614451,SW,N,2.7586113967710975,4.758611396771098,72.34486011130116,60.93110882583122,1015.9241523350049,1011.5965689159734,5.241388603228902,4.862082904843353,20.493097407901214,24.296541966609656,No,Yes
2014-10-10,Brisbane,20.514347841428393,27.412047702165708,0.0,5.237349234055236,7.265497911059732,NE,23.53450208894027,W,ENE,4.976998607373155,9.976998607373156,66.32475452603724,63.48849930368658,1016.1112271933872,1012.4600771237559,6.255750348156711,7.0,23.9772721102993,25.96319777179705,No,Yes
2010-01-10,Brisbane,19.98326057487309,26.005579808375636,3.9888403832487254,5.67107230659898,4.0306889460660065,ESE,35.41115961675127,SSE,SE,13.3553615329949,14.588840383248723,83.27166440736033,76.65492498223342,1018.5923628885787,1016.8512469269036,7.0,6.588840383248725,22.423347885025382,23.431717597588836,Yes,Yes
2012-08-27,Brisbane,21.145641233699568,27.199706632757824,3.4662755103437664,4.09709415579971,5.5933082098728955,SE,33.39242810814637,ESE,ESE,11.726739332286956,12.665688775859417,81.66568877585942,69.66862244828116,1014.0,1011.1031992114425,5.636630333856523,4.848840445142031,24.436336966614352,25.996507421315357,No,Yes
2012-04-06,Brisbane,20.69042028884439,29.254789855577805,2.2984151159651938,6.030324017501639,4.4401796104875135,ENE,20.944177024047914,WNW,ENE,6.396278468269861,7.151620087508193,70.05582297595208,61.207443063460275,1015.3566506214429,1011.5962784682698,5.414886126920556,5.414886126920556,25.034045549231777,27.979255693653972,No,Yes
2015-01-02,Brisbane,21.23996133011694,29.288444370384244,0.3542930799777249,6.125629580256163,6.8599097702728695,ENE,20.256940300612563,WNW,NE,2.2285346001113755,7.685603800334127,80.80051559844075,63.20012889961018,1014.1915427396547,1009.4543575297828,6.7714653998886245,6.3143961996658735,24.342737450361977,28.357069200222753,No,Yes
2014-03-25,Brisbane,15.367333923106845,16.791685298367934,7.574055010443533,3.940919253655237,0.0,WNW,18.38855959464716,SSW,SSW,4.0,3.170990831592744,89.92747707898187,88.34198166318549,1019.1367926652742,1016.8854954157963,7.585495415796372,8.0,16.057487132049385,16.38443300626612,Yes,Yes
2010-11-19,Brisbane,17.854592743754818,23.1,1.392114965747839,7.235701587432559,0.0,SE,23.727036281225917,SE,SW,7.0,4.0,77.45667346896677,88.0,1017.2414647391191,1016.0186310656707,7.136481859387043,7.863518140612957,21.827036281225915,20.5863518140613,No,Yes
2009-04-11,Brisbane,24.683833553049848,30.71495285765439,0.0,3.630815907280606,3.385047142345606,E,26.30815907280606,E,NE,7.15407953640303,14.845920463596967,80.07552278158181,78.69032394057425,1013.4776465628494,1013.1465272582449,7.0,7.0,27.053472741755158,27.684288649035757,No,Yes
2011-07-14,Brisbane,21.58879057489842,28.349080538202777,18.27305581669659,5.276520440347727,1.723090452579609,SSE,36.24540269101389,ENE,SE,8.068599755362373,6.0,81.56329620811681,91.13719951072476,1012.2278290092175,1009.5484089358264,6.534299877681187,7.0,25.040770746144762,23.957390330260793,No,Yes
2014-03-30,Brisbane,16.17561650061057,20.596519681681,3.5658588466235153,6.004184890445367,0.5191630219109264,SW,21.174228627514246,SW,SW,4.076652087643706,3.9233479123562947,78.09757653987054,78.05925049604869,1018.1341411533765,1017.0668944336566,7.480836978089074,8.0,17.74669582471259,18.544603379489903,No,Yes
2014-12-10,Brisbane,20.264808067845987,28.96266239791882,1.6532185048907422,5.958799210267075,4.2506446827610045,E,31.163090550121396,S,E,10.592273624696505,7.652362200485591,66.93991142421092,68.69527559902882,1015.6248917347208,1013.1716732298299,5.918454724939301,6.6738188997572045,25.948499012833842,26.32789861796738,No,Yes
2013-08-18,Brisbane,17.88508420516873,28.77861831723701,5.882586355172686,5.535341120682836,10.445775046550224,ENE,25.457750465502237,W,E,4.935341120682836,11.283614017229105,65.54224953449776,58.761204672409704,1015.6522409344819,1011.9935341120683,2.1741364482731345,2.1741364482731345,24.71991149482336,27.398015981032167,Yes,Yes
2011-01-02,Brisbane,23.994890655221,30.486496643417645,0.019708002146063008,7.154014661659186,3.5784673200992785,W,47.86861331902625,N,SSW,7.0,5.9343066595131235,65.45985338340813,89.09854001073032,1007.9394160042921,1004.9886860096573,6.0656933404868765,7.032846670243439,28.109489312588057,25.12737263697946,No,Yes
2013-03-24,Brisbane,17.41677387204617,23.969800429696697,2.9168068751471514,1.65370279302853,4.147649677727477,W,27.483259131054808,WSW,W,2.959755908329582,6.261751611362613,95.7382483886374,60.60399140606606,1014.3382483886375,1010.098647529244,8.0,7.0,18.33824838863739,23.6,Yes,Yes
2012-06-03,Brisbane,14.25035471144857,22.653192403037128,14.570218552568466,3.303547114485696,7.010641343457088,E,26.0,SW,E,4.496452885514304,12.007094228971392,88.01418845794278,65.95743462617165,1027.0326262961441,1023.8581583633171,6.248226442757152,5.496452885514303,18.527660335864272,20.855320671728546,Yes,Yes
2011-01-04,Brisbane,18.492502138321818,26.905529241914067,13.000000000000002,4.372633379639427,6.2875035638696986,ENE,30.04342367864083,SW,E,3.155263908183094,15.35395149500702,78.40393723952822,68.13683310180286,1017.0584194019972,1014.0981569193619,5.844736091816905,5.267104137725358,22.51855634550632,24.732239655686605,Yes,Yes
2013-09-20,Brisbane,10.49515593319749,21.89653995228392,0.0,6.668973365144052,8.135870701658458,SE,29.15859322199582,SSW,SE,6.165513317427974,11.662053269711896,53.986159809135685,51.48961985685176,1028.4703573842305,1025.7551900715741,3.331026634855948,3.6620532697118953,15.944809928425881,19.83102663485595,No,Yes
2012-06-11,Brisbane,14.825352892912399,21.050818740369895,13.992772349770322,3.6237154121726163,2.318690015408172,SE,30.830604198767023,S,SSE,6.830604198767024,6.898362519260216,91.16939580123297,72.67758320493189,1028.2036138251149,1025.6731225808928,6.06775832049319,8.0,17.01180122881376,19.160982488443874,Yes,Yes
2013-11-28,Brisbane,17.996700491534643,22.904887810292223,2.065580486601728,5.1967141476248235,1.2770400016443053,W,19.672097566991358,NW,WNW,3.557365855663787,8.180312197929302,86.27875120828278,93.8852682886724,1018.5065853608404,1015.2459336528016,7.0655804866017276,7.688526828867243,20.386856590499292,19.71801756370275,No,Yes
2015-05-07,Brisbane,21.636594849055303,27.343900858490784,1.009719745287997,7.112198283018435,2.046314594343302,E,24.609590141532156,E,ESE,8.414547216993036,7.97553863208521,63.70711160380172,57.146120188709546,1015.8536530047178,1013.6292564386808,7.0,7.0,25.307338410374438,25.819536693392873,No,Yes
2013-12-25,Brisbane,18.03207533935416,27.621726648836486,0.16655230357765088,7.16655230357765,9.223099005904677,ENE,34.50171544633524,N,NNE,7.555174345258836,11.889651309482327,56.444825654741166,59.88622041681185,1015.9227559166376,1011.3334476964224,3.8327615178882546,4.1103486905176725,24.449142276832383,25.47758717262942,No,Yes
2012-06-08,Brisbane,23.15598055718378,25.674165263937866,44.563567037901976,2.5722527566108524,0.04401944281621941,E,63.17698636348599,E,E,20.01912507327013,22.01912507327013,91.5598055718378,95.4593195014323,1005.1928360410974,1001.619156847565,8.0,8.0,24.22200972140811,23.58995139295945,Yes,Yes
2015-03-07,Brisbane,20.608987607689134,22.25971074505404,54.46789772555069,4.502246901922284,0.0,S,30.63804235302368,SE,SSW,3.488765490388584,7.488765490388585,95.0,95.0,1013.342135843272,1009.7361957646975,8.0,8.0,21.44293647046448,21.042936470464483,Yes,Yes
2012-08-22,Brisbane,16.742340006854114,26.197111567403603,9.308665297789199,4.697111567403601,4.251663672125644,SW,22.666910506474938,N,NE,5.606215776847688,6.515173682406813,73.27166324447299,73.36270533891387,1016.6878610540745,1012.6151005304642,5.969652635186375,6.969652635186375,21.8242778918509,23.463729466108614,No,Yes
2012-04-18,Brisbane,18.445910288801365,25.13857268350619,7.51684047332137,3.570649578819307,3.609502868026198,E,20.048917368634488,SSE,E,3.9510826313655127,9.0,91.1712107902207,72.26904552748968,1021.1198475531545,1017.6247392900179,7.0,7.024458684317244,21.655693762528262,23.06058549939171,Yes,Yes
2013-11-18,Brisbane,15.95567467243913,25.267191190413612,0.0,6.291797797603403,7.314830833552364,SE,39.0,S,SE,8.835955952068053,10.835955952068051,60.082022023965976,65.3280880958639,1029.7818548508699,1027.6851691664478,3.294944940085065,5.917977976034026,22.10977577363743,22.193371368844236,No,Yes
2011-02-03,Brisbane,14.678652684445026,24.71618556978114,0.0,6.366754360896306,9.283377180448152,ESE,27.901137582230337,SSE,E,5.671916106670143,14.114610737780096,58.41119799108909,58.98425167998957,1020.2692036924387,1016.8494312088848,3.442694631109952,3.8853892622199044,20.79798791822825,22.762029864893176,No,Yes
2014-11-23,Brisbane,22.53103368587552,28.167959255461273,0.860632017890734,8.698275264406641,2.1139367982109265,ENE,29.466952196798072,ESE,E,6.581896053672201,11.745688161016604,66.5818960536722,76.02442412523514,1009.9344831570622,1008.3066095606404,8.0,7.860632017890734,26.944970484086447,25.940085659039422,No,Yes
2010-09-11,Brisbane,18.808018939357755,26.313228096158728,0.18597211242653652,4.101804786985755,3.3096185221872196,S,35.28055775146927,SSW,E,5.605209156800975,15.280557751469273,75.04409365386245,72.5791633727961,1016.8244462011754,1014.4595159201091,7.0,7.464930281066342,22.893991051784294,22.97114443343834,No,Yes
2011-05-03,Brisbane,18.481553712858112,26.314545792803706,0.0,3.4058183171214838,1.881521288472332,NE,39.52429702864915,N,NNE,6.184462871418856,11.368925742837714,69.52429702864916,77.12627970020402,1012.5019178227833,1006.6727938127901,6.8932227714868635,7.815537128581144,22.824264604263366,23.369884654229367,No,Yes
2013-02-12,Brisbane,20.81173757940415,28.62145471764068,2.6380603764790895,9.160323270586819,7.028747326476078,SE,29.8947468529642,S,SE,4.599191823532954,9.396767294131816,72.70040408823353,66.00808176467046,1016.3947468529642,1013.8846256264942,4.801616352934092,6.101212264700569,25.28137389999398,25.910929402937107,Yes,Yes
2012-12-23,Brisbane,19.102365827642057,24.354968463134306,0.41403784423883344,4.560252294925556,1.6426657092236379,W,41.83044151611972,N,SW,6.070189221194167,8.02918004149194,76.83044151611972,87.97081995850807,1010.5567035534625,1008.064905389403,7.690063073731389,7.690063073731389,21.849132454835917,18.122791856686415,No,Yes
2012-08-13,Brisbane,14.013831665552475,19.18348644990512,7.964291015267843,1.597318115457598,0.0,SSE,18.57586303911838,SW,SSE,2.0,3.5892724618303915,93.19195434637281,89.013409422712,1025.373181154576,1022.4731811545761,8.0,7.6026818845424025,15.516513550094878,18.704022826813603,Yes,Yes
2010-10-13,Brisbane,18.6414311242694,26.140183358005125,0.22928443786530023,7.197504467471449,3.1,ENE,27.146422189326504,ENE,ENE,7.719633283989752,14.1464221893265,67.87853313595902,59.866055473316244,1018.8539087869121,1016.913725428907,7.0,6.42678890533675,24.3707155621347,25.45607334320205,No,Yes
2014-06-22,Brisbane,25.739171683882226,31.059193481674793,0.16017438234058448,7.439825617659415,8.63928067284509,E,30.399346066222808,SE,ENE,12.199128088297078,13.398256176594156,72.40152584548011,64.00653933777193,1010.0014168565173,1008.1414604521024,4.600653933777192,3.8008719117029224,28.99934606622281,29.8591934816748,No,Yes
2012-05-27,Brisbane,16.7181263048484,21.72653250237667,36.74028224696295,3.9204904007605337,1.9216284947713318,SE,37.75919501426001,SSW,SE,5.048160997147999,10.301226001901334,81.50613000950665,76.807356011408,1023.1179504890673,1020.5239925906835,7.650613000950667,7.650613000950667,19.657881104468135,20.3662873019964,Yes,Yes
2010-02-04,Brisbane,15.642817291194483,22.64516503385655,2.4635363431172412,3.7063536343117236,3.389640474038621,SE,24.127072686234484,SSE,ESE,7.404695485324138,7.000000000000001,71.12707268623448,71.50829074493794,1025.3167131602731,1021.5103595259613,7.0,7.531768171558621,19.693646365688277,20.61104911963586,Yes,Yes
2012-05-13,Brisbane,18.099769475690103,26.449875132665472,0.2499903948204209,6.6,3.825244932079267,ESE,33.37521611654053,SSE,SE,7.0,10.125264142438423,77.37425559858262,75.74908750793999,1017.7002113139508,1015.8251873010017,5.374831909357366,6.124879935255262,21.237387139139948,23.087435165037842,No,Yes
2013-01-26,Brisbane,13.57795918395941,21.746728863071795,0.9956384840957292,3.6222740525598307,5.273131195016661,E,29.86682215767949,SW,ESE,5.244548105119661,9.266355684641017,72.75545189488034,77.82320699863679,1028.5021807579521,1026.257865889352,3.0,5.489096210239323,17.540186589215388,18.788862973720086,No,Yes
2011-05-13,Brisbane,23.7019388879754,28.060663883864702,21.80665931894055,2.0,0.0,E,39.047101908183684,E,E,16.14404630695367,16.470916680369,88.65374074683066,94.490305560123,1006.9808851784863,1006.0271444316555,8.0,8.0,24.86925185063387,24.034625925316938,Yes,Yes
2011-05-09,Brisbane,20.198671127197926,28.34125463957659,5.7597030670980764,5.262731978829629,9.483838151955258,E,34.524721625404446,SSE,E,6.937268021170372,12.300371166127405,71.6996288338726,74.92397929314963,1013.4112175229639,1011.6874536042342,5.762360812702223,5.0,25.92376391872978,25.460074233225477,Yes,Yes
2013-07-24,Brisbane,19.74702233961049,28.088337449090638,3.9052110488329386,7.400248090648697,5.5064515020764215,SSE,26.823821283116114,SE,ESE,8.117865962337085,14.647642566232223,75.05707230130332,60.11414460260664,1018.688089358442,1016.3409429735071,3.058312754546801,5.176178716883886,23.8708436227266,25.829776603895144,Yes,Yes
2014-07-24,Brisbane,20.571405919978986,28.67124735983186,9.372198720714584,5.9418604790752445,9.028118399579657,E,31.145348802311887,ESE,ESE,9.287526401681372,12.71564480126103,69.71564480126104,60.29069760462377,1017.9274841589912,1015.9132663990544,6.142177599369485,4.285940800210172,26.45702959989492,27.313424959201345,Yes,Yes
2011-02-06,Brisbane,15.61658863808687,26.063823865072397,2.8492977427818436,2.1165886380868715,7.927647730144787,W,24.72352269855214,SW,N,3.055295460289572,5.055295460289572,71.3064658889865,58.557636317683425,1015.4642920365511,1011.0477033984644,4.944704539710428,4.417056809565643,20.68594204918822,24.608060233304048,No,Yes
2013-10-11,Brisbane,21.66202060426304,27.312098519617027,4.506891178251449,4.548238247760146,3.3053631720735464,SE,34.86217643497101,ESE,ESE,13.0,13.931088217485506,81.32772054371377,77.82694139017393,1015.3361397281432,1012.5705956194005,6.603367673771741,6.137823565028988,25.03445589125725,25.763860271856885,Yes,Yes
2014-05-23,Brisbane,14.148108794838757,21.4,0.9924351793550343,1.845388923869794,3.002719870968965,ENE,23.7352312774262,WSW,SE,4.0,9.3676156387131,85.5189120516124,86.37824103224828,1028.1,1025.7264768722575,6.481087948387586,7.0,17.544326384516275,18.465958307097655,No,Yes
2012-11-18,Brisbane,18.42998005710237,25.132370498045365,47.07968159033109,10.912549814950754,1.888645405520746,E,28.55079687003877,ESE,SE,8.514940255893755,7.520916358251257,79.56274907475378,84.52689246060876,1021.0807769271412,1020.028685291316,7.502988051178751,7.502988051178751,22.92699200592362,21.637748990167122,No,Yes
2011-06-25,Brisbane,17.73636352010982,24.52628985088204,0.0,3.3609335698158036,2.124570049705985,ENE,19.76535628106624,SW,E,4.0,9.0,74.46928743786752,61.22358694080767,1017.6463146204234,1013.8167077361034,7.0,7.0,20.294471610936956,23.04975422277542,No,Yes
2009-06-11,Brisbane,22.767477786808474,31.139564822340393,0.0,7.008670378541002,1.29729258012163,ESE,29.588074082674737,SSW,E,10.279129644680792,16.382111124012106,73.58807408267474,48.13279627264448,1010.7032555387842,1010.2869944321885,7.382111124012107,7.485092603343422,24.938211112401216,29.09105556200605,No,Yes
2010-09-19,Brisbane,15.0303478471996,20.565328345296376,2.875520177270147,2.7975292528548428,0.2662548754758071,SSE,16.331274377379035,SW,SSE,3.3312743773790356,5.32818594344759,67.37142401848784,57.7181405655241,1020.9340539679174,1018.633127437738,8.0,8.0,16.33127437737904,20.03220090755847,No,Yes
2015-04-11,Brisbane,19.203523425949278,25.858389235827552,0.015100672760777844,5.664093945153,0.8548658098782793,E,21.773489908588335,SW,ENE,4.151006727607778,7.000000000000001,72.79194617913777,63.244966361961104,1023.3075503363804,1020.1640939451529,7.0,7.0,22.577181162698224,24.513087217545223,No,Yes
2010-01-23,Brisbane,20.961037150541333,25.13636177261608,12.345471691932081,5.128570842822197,0.0,SSE,37.298693311211764,S,SSE,11.79220086971686,12.285708428221959,87.71429157177803,87.48052267551529,1015.694806046804,1014.7051939531959,8.0,8.0,22.083115551868627,21.803895464896943,Yes,Yes
2010-10-18,Brisbane,23.58215851622376,28.572769814527966,11.261011808251448,2.816905564160898,0.3267622256643593,E,33.544603709440594,E,E,15.0,15.5446037094406,82.82626476031432,90.46007588863611,1008.8436677898253,1007.8901433384966,8.0,8.0,25.245071669248272,24.590143338496542,No,Yes
2012-06-11,Brisbane,16.397451811525237,26.241049237778796,3.6461670164346778,4.907708770543347,6.771820114833133,ENE,30.0,WNW,ENE,6.102569590181116,11.410278360724464,85.23062106510987,59.10256959018112,1027.2973662046998,1024.4947966145187,5.692291229456653,6.5897216392755364,19.62824409028592,24.330792278760686,Yes,Yes
2013-10-19,Brisbane,19.074419706646022,25.09086587329426,21.83588685321242,5.493686133362824,2.827077553311952,SE,29.898676999889407,SE,ESE,10.159470799955763,12.265784666592937,80.84552006657083,71.46843066681413,1015.3965063934314,1013.3704270134247,7.526578466659294,7.473421533340706,22.52707755331195,23.46478649328762,Yes,Yes
2015-06-05,Brisbane,22.066523011929256,26.066897897672312,0.9180505941360854,6.922549223052811,0.1601499542972242,W,20.605248400402846,NNW,WNW,5.202999085944485,6.0,74.18050594136085,79.38350502730533,1017.435351416786,1016.0165510511639,7.199250228513879,7.199250228513879,24.567647669158436,23.60562328614591,No,Yes
2012-03-11,Brisbane,18.442137128768078,28.38314514849277,0.6236295057675493,6.928366881094268,9.682016039449381,SE,38.957862871231924,SE,ESE,9.084274257536157,16.999999999999996,61.54778267398502,50.25282277260847,1020.259818366022,1017.4851006432827,5.063205693152117,6.021068564384039,25.75996972767033,27.574717722739152,No,Yes
2011-10-07,Brisbane,14.085034588662806,23.433097930825834,0.0,8.702817612956796,6.208274482706458,SE,27.67957771891314,NW,NE,7.878522016195993,4.8010557027171465,52.56337824869487,70.07746631347885,1017.4591554378262,1015.5066909286307,2.6408445621737178,6.83978885945657,20.736971246499774,19.405984721108236,No,Yes
2014-04-05,Brisbane,14.521668176058768,22.84039251201383,0.3467975040046094,5.454183776029961,4.604933071938926,E,31.13791264016133,SSW,ESE,5.733987520023048,6.133006239988477,71.39411231979258,66.87190016018438,1027.7665031199942,1025.8802943840103,5.600981280034571,6.334968800057617,19.495557568078357,22.067484400028807,No,Yes
2013-06-27,Brisbane,12.773612403708123,16.145666669931163,6.270496128737963,1.3711782935107826,0.4736124037081242,WSW,21.88023256952733,SW,W,6.960077523175776,5.776046513905467,92.59201550463516,90.0,1016.4255116235797,1013.3334961189444,7.407984495364845,8.0,13.647224807416249,15.176046513905465,Yes,Yes
2012-05-15,Brisbane,20.551718121511428,24.303449664266594,0.7724116333630755,4.910353466547698,0.8965548094813205,E,26.034496642665943,S,SE,7.0,6.0,76.41378076207472,90.20689038103737,1015.7103579402956,1013.5103624140436,7.551722595259339,7.551722595259339,23.017239373837143,20.937928411940877,No,Yes
2013-05-17,Brisbane,20.14405396381219,30.69172082538621,0.0,5.501555425617322,9.282388271682278,E,35.22278005169687,SSE,E,6.238334307870087,18.222780051696866,55.0,53.79277420447634,1010.6445560103393,1010.319167153935,2.0,6.746111435956696,28.015554256173218,26.769442820216522,No,Yes
2014-12-16,Brisbane,18.150706512421724,20.652826771011604,11.77597136441428,5.850883320858332,0.1961130996934528,SW,23.450529703985115,SSW,SSW,4.392226199386906,2.0,83.2738511058244,82.27385110582439,1018.8471732289884,1017.0256184688657,7.0,8.0,19.446819612115178,19.678268431440774,No,Yes
2011-12-16,Brisbane,22.053855515374224,28.238433453877327,0.0,6.615422061496894,2.3758870317983587,WNW,48.242346680665484,E,NE,6.0,7.483476362681898,68.0330472746362,62.48347636268189,1010.0209299406029,1007.079191759262,6.505507879106034,4.483476362681898,26.345042908804576,26.94504290880457,No,Yes
2011-11-12,Brisbane,13.199999999999998,23.297524489850208,0.952078367520673,1.4,5.666931428419411,E,21.61980408119832,SW,NE,4.024755101497897,6.595048979700421,85.9257346955063,64.54553877670462,1017.5265289807645,1013.9769261233936,4.190097959400841,7.0,17.657029387820252,21.64049510202996,No,Yes
2010-04-09,Brisbane,18.203643770519044,27.41076926559447,0.0,5.539271245896191,9.855384632797238,SE,43.62510127872667,S,SE,9.642915016415236,17.589473803349517,61.0,55.124696163820005,1022.7463157179905,1020.6516598392969,2.321457508207618,3.678542491792382,23.941133642646378,25.29473690167476,No,Yes
2009-07-12,Brisbane,24.270833055329046,32.94583472335475,0.0,7.0277774071053996,8.533335557367598,ENE,28.0,E,NE,5.291669446709499,13.583338893419,62.555548142108,53.680539801979506,1011.1291669446709,1007.5583338893418,5.7083305532905015,5.277774071054001,29.016667778683797,30.89027990914395,No,Yes
2014-06-15,Brisbane,22.94984193005401,28.897428868524308,3.6675237104918987,7.687460482513503,5.437618552459491,E,24.78777662240548,N,ENE,7.225079034972993,11.225079034972996,76.86174916775656,62.21222337759452,1016.7048261230594,1014.2273340265568,7.0,7.0,24.57877766224055,27.6874604825135,Yes,Yes
2010-12-17,Brisbane,18.45587153087699,28.303148278915085,0.7773113660866535,5.206296557830177,8.027736393039843,N,34.64917622824951,N,NNE,9.0,13.43278415216634,57.6596704912998,64.68065901740039,1015.5401301363015,1010.8556721584783,3.7836079239168305,4.340329508700196,24.81869030109188,25.446426694131723,No,Yes
2015-06-14,Brisbane,15.209138334834709,21.976650477048405,3.36243928893152,2.6182766696694184,4.083756071106849,ESE,24.51268213320544,W,SE,4.0,10.116747614757973,90.04569167417355,69.51268213320544,1027.1629429747964,1023.702536426641,7.720813096310507,7.0,16.907105594058443,20.69746357335891,Yes,Yes
2010-07-24,Brisbane,17.241594490207373,23.091161431451603,26.803346207757514,1.472559045698933,0.8858464640936955,E,31.36279522849466,ESE,ESE,7.38937006528419,6.5309054243472335,72.67244078341028,65.0,1016.7203346207757,1013.5088385685484,7.194685032642095,7.194685032642095,20.66285435963899,22.369035444508437,Yes,Yes
2010-10-19,Brisbane,17.26844058947524,28.08872878195544,1.9774575639108853,0.44508487217822884,11.333499813537111,S,21.94364390977721,SW,NE,6.966186345866328,5.977457563910885,65.03381365413367,60.988728781955444,1017.8842202947376,1013.5887287819555,1.0225424360891144,4.033813654133672,23.275203320301976,26.08760166015099,No,Yes
2013-04-05,Brisbane,20.584156622830076,29.20625117063899,0.3619184413061878,6.917442078258416,4.825148316270922,SSE,31.19040779346906,ENE,ESE,7.809592206530938,9.380815586938123,68.63517142394677,79.4927246631324,1011.4572659717556,1009.0494161000282,4.619184413061878,5.619184413061878,26.67936051956461,25.818897145631933,No,Yes
2013-04-07,Brisbane,17.72397552136905,31.510556534314635,1.0043792253945527,7.1706911023231354,9.13425074481293,NE,32.03425074481293,SW,NNE,5.613700297925172,11.0,55.760244786309485,60.77259940414966,1013.1062875272211,1008.6256025123247,5.386299702074828,7.0,25.623021370455795,28.054801191700687,No,Yes
2009-04-16,Brisbane,20.696264931855488,26.444820817734147,0.014940272578050128,9.7103583645317,0.03361561330061281,SE,34.92529863710975,SE,SE,18.8505972742195,16.850597274219496,59.261454770115876,79.26145477011588,1015.9095115246299,1013.4431271379306,7.0,8.0,25.707470136289025,23.566384386699387,No,Yes
2010-09-03,Brisbane,14.900062493960908,21.283447905595,3.288819451154547,3.7888819451154543,2.6056215214031804,SE,25.777638902309093,SSE,ESE,6.1667708232681795,7.000000000000001,72.77763890230909,78.11055560923637,1026.1832604237122,1022.2943784785969,7.0,7.944409725577273,19.611118054884546,19.455652768383636,Yes,Yes
2013-04-11,Brisbane,18.77551174781126,24.160160857077887,20.40906480591247,7.925292537578176,2.404166538032967,SE,35.56432739511085,SSW,S,6.141081848777715,9.84649109266628,90.33187193177943,72.73026336100058,1014.0440056809551,1015.1195174287664,7.435672604889145,7.0,19.62573095804434,21.758918151222286,Yes,Yes
2010-10-12,Brisbane,15.86620846392144,24.13515769550437,0.08127846165470441,4.775341539856453,3.788581542878767,SE,30.031961541367615,S,ESE,6.968038458632389,10.625569233094087,60.406392308273524,67.22373078957327,1022.4611907638837,1020.4895007646392,5.780823075179434,7.0,21.83835384964113,19.793607691726475,No,Yes
2012-10-20,Brisbane,14.788788073328162,23.891591054996123,0.0,4.0168178900077605,5.722423853343681,SE,30.211870794388396,SW,E,6.3239900611068,12.239900611067997,61.5638906721748,58.88788073328159,1020.5436109327825,1018.2380049694466,3.6199503055339983,7.0,18.95919204888544,21.34361093278252,No,Yes
2015-06-05,Brisbane,19.617457468604268,26.97816004784112,0.9130749850496508,6.878304979069512,3.625932573256712,N,23.565374925248253,NW,NE,4.0,4.260775044851048,79.69612477574475,78.17457468604266,1013.2998550687715,1007.3476275941871,6.739224955148952,7.0,22.856465026910627,24.10423755232622,No,Yes
2013-06-21,Brisbane,19.60232444652947,25.61922250925207,1.266481549821921,2.7799444649465763,2.9604442804273896,SE,32.965648524020565,W,SE,7.899722324732881,16.065926199287684,72.6675922508904,63.53296309964384,1014.8079809962643,1013.4077033209973,6.633240774910961,6.266481549821921,23.068805996351394,23.83927804430549,No,Yes
2012-01-30,Brisbane,20.683674435712827,29.878036280991225,0.8830855358352028,4.735904613196003,5.383379985774015,SE,28.528190773607996,WSW,ENE,4.0,11.528190773607996,75.20771383958801,59.207713839588,1016.3047548049052,1012.0783452662247,4.792286160411993,4.056381547215991,23.82136028383643,27.915722129114826,No,Yes
2014-02-11,Brisbane,22.374758667307276,25.010054142239415,0.33411818997285636,5.260748761813247,0.987167379465257,SE,22.88556618612921,ESE,ENE,7.9112314271986985,5.063103331731815,73.0,86.69625619093377,1014.4556157135994,1012.9796797613328,7.848128095466883,7.696256190933767,24.184812809546692,22.09743347589305,No,Yes
2009-08-12,Brisbane,20.210499200696436,28.333276090359146,60.085710894797124,2.1192199131230423,6.517613153775771,E,29.754446220674584,ESE,E,6.631669331011874,13.895007993035621,83.36833066898812,68.10499200696437,1017.6053354648094,1014.8176131537758,6.122776889662709,5.245553779325417,24.884165334494064,26.961388444831353,Yes,Yes
2013-05-05,Brisbane,18.22471118482494,23.83591151653718,0.17528881517505876,2.916624359923296,1.737066777237412,E,30.12355592412471,SE,SE,7.0,6.876444075875296,75.50577630350118,80.11200331712236,1020.9258664455252,1018.0471118482493,7.876444075875294,7.0,21.511200331712235,22.366399004863293,No,Yes
2011-02-05,Brisbane,18.170744363857466,27.956499702026022,0.0,4.970935941977378,8.199904210940046,SSE,26.49952105470023,SW,E,6.642925563614253,12.428297745542988,74.28680901782805,64.0,1017.5934524034441,1014.5290640580226,3.428297745542987,3.357074436385747,22.97064857479751,24.842255040194573,No,Yes
2011-07-26,Brisbane,21.380923889181428,28.781578454055403,41.16966506506125,3.5921077297229815,4.367757608123292,E,37.81578454055404,E,E,13.592107729722981,16.999999999999996,79.55919202707764,79.59210772972298,1017.3907798540804,1015.324331375705,7.2960538648614905,7.2960538648614905,26.67434074865236,26.251973067569256,No,Yes
2009-11-09,Brisbane,14.58212480070806,24.510624003540308,0.0,2.596627192211331,7.592748804248366,SE,24.178751992919395,SW,E,6.9106240035403035,10.821248007080607,78.03372807788668,63.195616031862734,1020.717875199292,1017.2161887953977,2.0,3.3575039858387843,18.88212480070806,21.7,No,Yes
2014-05-19,Brisbane,20.910279820702232,27.13427715908389,1.1257161868702468,6.199236067338404,2.5615212112773293,W,24.371419065648766,NNW,WNW,5.123806355216256,10.373328897302757,77.50668441078896,90.75238728956748,1014.5904841119592,1010.7659138240815,6.125716186870247,7.375238728956749,24.396944269353607,21.848376643094106,No,Yes
2013-07-02,Brisbane,15.922032957203566,28.8106366000293,0.7389048857296372,3.992402428550495,10.366413414285017,WNW,27.679329285749173,NW,ENE,3.6793292857491755,11.671731714299671,67.35106100004884,56.68692685719868,1016.2405816713567,1011.7451402142264,2.007597571449505,2.0,23.148781728613997,27.51367562860911,No,Yes
2012-12-16,Brisbane,13.854720938301085,22.65021466284532,0.0,2.1148068034392127,2.2152361291298517,SSE,24.425965982803937,SW,SSE,5.65021466284532,4.524678005732021,79.75321994267979,75.65450791975171,1025.1555795896822,1023.1555795896824,7.17489266857734,8.0,16.00987120229281,19.739914134861873,No,Yes
2012-06-19,Brisbane,21.548398017805038,34.872611842439014,0.653506581951163,6.217835527317054,10.519740127073256,WSW,54.78355273170543,NNW,NNE,7.267532909755815,12.993651334145994,55.36305921219508,42.197401270732556,1009.227388157561,1003.7923519695123,1.3630592121950906,3.178355273170543,28.48343420585375,33.3630592121951,No,Yes
2014-05-27,Brisbane,14.824698156194838,25.4185910126512,0.0,1.434228110820529,7.834966589440994,SSE,15.37650921902582,WSW,SSW,4.068456221641059,4.239596775743704,86.72617511343579,46.51342166230794,1021.6753018438052,1017.7958387102975,6.965771889179471,2.102684332461587,17.024698156194834,24.984362901830668,No,Yes
2014-04-22,Brisbane,21.352410944091275,30.098392703939144,0.0,7.593570815756599,9.7967854078783,SE,43.0,SE,ESE,15.645236052521998,18.6613090131305,51.87887338839076,46.032145921217,1016.4791051512088,1014.3976469966133,6.0,2.8306545065652498,26.633869098686954,28.232261802626095,No,Yes
2012-07-08,Brisbane,18.209615710237447,28.87509649574932,0.8284611477150614,4.847692568189959,9.490384289762552,E,32.512502116543416,SSE,E,7.690384289762551,16.89327069606852,56.03557643464382,54.797113593694036,1011.5177882173219,1010.6309615710238,2.690384289762551,7.0,26.275096495749324,25.465480785511875,No,Yes
2013-04-05,Brisbane,19.07870642528724,26.0691726160067,0.3618647628778555,7.4048719020858975,1.7880302396765153,E,34.09533809280536,SSW,ESE,4.45233095359732,11.643007139208041,70.45233095359731,74.94015119838258,1023.7891432177523,1021.4831583375907,6.0953380928053615,7.0,22.3048719020859,21.46318773584496,No,Yes
2010-04-24,Brisbane,13.860825262931025,22.157926315328645,1.9588926311961055,1.3804126314655127,3.1746147362607524,W,20.0,SSW,N,5.274484210668109,6.0,81.38208421201514,66.93105263335137,1013.9362757894667,1010.3195873685345,6.548968421336218,6.186210526670273,17.795168420662705,19.928545262526914,No,Yes
2014-08-14,Brisbane,15.300155128091003,27.300310256182005,0.0,5.500155128091001,7.861223148065723,NE,38.166408119848334,W,NE,8.583204059924164,12.722136039949442,55.02747613982305,60.861068019974724,1017.8218257837674,1010.3080877138559,5.0,3.5557279201011136,23.43908710811628,25.29465990012639,No,Yes
2014-06-03,Brisbane,20.085363682605248,30.856104742151874,0.13170631504857522,7.224391579935233,9.007335276617551,SSE,32.341468424757124,E,N,6.658531575242876,11.682936849514247,64.41461577589054,68.36580522734779,1009.3853568354372,1005.5194968307449,2.317063150485752,3.317063150485752,26.75609789498381,28.35123053446567,No,Yes
2013-06-29,Brisbane,13.400000000000002,23.00763582044034,0.0,1.8967203922442941,2.7628975027272324,SSE,26.12726367400565,SSW,SSE,6.025452734801131,4.1272636740056505,84.31277616036948,82.414587099574,1025.9625552320738,1023.9269214033524,6.8727363259943495,7.92364179559661,15.914537306605087,19.635633828721584,No,Yes
2010-07-11,Brisbane,8.42501314589027,20.782171026907722,0.6238070198304246,1.1250131458902703,3.294074536822935,SW,14.982171026907722,SSW,NE,2.4404824504239384,5.1012061260598465,85.15469304533667,68.81541672097258,1020.4732039568005,1017.3547456288977,6.458311423516216,5.678552648728185,13.050026291780542,19.795857434132166,No,Yes
2011-10-25,Brisbane,16.89966548144278,20.9625799703383,9.084089481293494,3.7258289777910476,0.0,NE,24.51323437024873,E,E,8.142379259203969,7.9139034073631755,93.7715241481592,92.7715241481592,1020.3235166222985,1014.5918921185722,8.0,8.0,18.699665481442775,19.60827514070646,Yes,Yes
2011-03-02,Brisbane,21.993471182130417,28.589514816107002,19.139075218963377,3.1289807880869427,0.7816020840601912,SE,28.171116900167195,SW,SE,2.868446760066879,9.605340280200636,88.35509605956528,69.3155323993312,1012.3159231523478,1008.8461901663578,7.56577661996656,7.56577661996656,23.355291436073568,27.10662650612372,Yes,Yes
2010-02-12,Brisbane,22.042932517742766,32.34146924896694,0.0,7.814632687758266,11.759028474276857,NE,30.043898063274792,NNW,NE,8.926836561208674,13.02926537551653,54.9122038734504,54.97073462448347,1008.4112084269628,1004.1112084269628,1.0,3.0,27.657565205501037,30.8341529050878,No,Yes
2012-05-26,Brisbane,15.63228764802897,22.190968012220825,5.998377460841031,3.0347214567674228,1.9570578250328865,E,20.942130905387632,SSE,E,3.057869094612371,9.0,94.2974581688567,77.18171997963196,1023.3082207181998,1019.9024338087385,7.0,7.471065452693814,19.020713829106494,20.514926919645255,Yes,Yes
2014-06-01,Brisbane,16.564214277643167,21.382424991525326,47.82307161420718,3.2178928611784166,0.0,S,30.996821472962583,SE,SSW,8.635785722356832,11.36103575060575,94.63578572235683,93.72525002824891,1017.9466392691684,1011.2846499604515,8.0,7.817892861178417,18.300635705407483,18.04632141646475,Yes,Yes
2011-06-10,Brisbane,19.878921102414342,29.445433510145108,0.20608865313986152,5.8121773062797235,7.254335101451039,E,37.0,SE,E,8.030443265699308,17.423891835751732,61.18265959419584,56.15221632849654,1015.3793838792221,1013.9974184502379,2.515221632849654,7.0,26.02107889758566,26.427398939129382,No,Yes
2011-06-25,Brisbane,21.80855098264503,28.554813685880454,16.673948168838283,5.444847561174918,1.89609332676311,SSW,37.27406842940228,ENE,SSE,7.975084688236157,6.0,80.11381266766043,90.95016937647232,1011.8490929873564,1009.1416183938273,6.487542344118078,7.0,25.32599170087972,24.083635670881186,No,Yes
2015-01-09,Brisbane,23.622506083268597,30.225831305577127,0.0,7.386699110765865,9.897445250582603,E,30.258313055771332,ESE,E,9.516626111542669,13.516626111542667,59.67518249805799,61.450121665371995,1009.0690591955881,1006.6790348625136,3.966747776914662,5.2583130557713345,28.603325222308534,27.712530416343,No,Yes
2014-04-21,Brisbane,11.728961267844815,22.5351525832758,0.0,3.518153365057447,6.165267997959708,W,29.579225356896277,WSW,S,8.096537559482712,9.795383412643618,67.71038732155186,60.34732002040292,1016.9926545377298,1013.3745011726726,2.505770734195478,7.301154146839096,17.526652974166623,19.945960486063168,No,Yes
2013-05-12,Brisbane,20.432969537872005,26.032969537872003,1.2466301133521493,4.028779808173286,1.1351549171657371,E,46.53369886647851,NE,NNW,4.0,5.194899912806039,84.83060052316377,95.9872497820151,1018.8881601395103,1016.7012750217986,7.0,8.0,23.03806962506597,21.09234986920906,No,Yes
2011-05-20,Brisbane,20.094767649508277,27.818023107494092,23.844189962156115,4.472092429976346,5.573545577212745,SE,38.308138644964515,SE,ESE,13.0,18.09011553747043,81.76744542014194,59.16569960257687,1011.2148241426927,1009.309591792201,6.473838247541394,6.127907570023654,24.074418485995267,26.53081386449645,Yes,Yes
2011-03-06,Brisbane,20.487696660491757,29.607147909499357,0.0,4.993848330245877,7.900332079915078,E,29.290108335538662,E,NE,8.290108335538658,14.41978332892268,65.09559584546263,56.25602918761726,1016.3959279253778,1013.1894441757086,5.935162503307988,5.580216671077318,26.087696660491755,27.620115408837762,No,Yes
2013-05-10,Brisbane,21.973488819634017,28.798762524348767,0.08434078691065636,4.5879105570721235,5.173346162841777,SSE,42.156592130893436,SE,ESE,11.530223607319689,14.469776392680307,68.1085196727664,66.54259836383206,1012.9097571484176,1011.3675867549623,6.421703934553282,4.530223607319691,26.800000000000004,26.76139937670614,No,Yes
2014-09-18,Brisbane,20.3206342733248,24.96455242225066,24.089923355242732,9.05925321769815,1.474608676739185,SE,31.455038322378634,SSE,N,6.396828633375991,5.190485900127973,74.60317136662401,73.88358062199471,1010.3566240056907,1009.2582096890028,7.867723788874669,7.0,21.15556008672639,23.25714577003839,Yes,Yes
2014-11-04,Brisbane,18.95371995803651,26.095207941251108,21.047783296814842,0.25965661925816863,0.34971384938180716,WSW,14.491415481454215,SW,SW,2.6959938913453,4.298283096290843,94.80114460247277,75.59084318021783,1014.7304006108654,1011.3204578409891,7.9005723012363855,7.0994276987636145,20.423891648407423,25.0454940918693,Yes,Yes
2009-10-10,Brisbane,15.841067541736829,21.348742730765377,6.388090055649106,1.6617556284780692,3.041376173482479,SE,34.206880867412394,WNW,ESE,14.985884148925507,8.838553003267581,85.0,74.94045027824552,1011.0951479811863,1011.4498456841271,7.308778142390346,6.617556284780691,17.82351125695614,19.450154315872826,Yes,Yes
2013-07-04,Brisbane,22.087242152052013,28.651659192189392,2.027623318748919,5.625829596094696,2.9277802688482812,WNW,29.366367712890966,NNW,W,6.049551569336445,13.633632287109036,74.92040358886297,81.29730941601866,1010.9454932737299,1006.6355829598625,5.950448430663556,7.0,26.063520178810265,22.752556053516503,No,Yes
2012-11-22,Brisbane,19.870986480287705,24.28870806204416,0.49355032554700434,5.0903355036466955,0.9403054576681283,W,42.75808713138172,N,SW,6.467751627735022,6.306409613148239,77.75808713138171,89.69359038685177,1009.9338557832151,1007.8661241861325,7.822583875911674,7.822583875911674,22.127426139414514,17.685473209491477,No,Yes
2012-11-19,Brisbane,21.076270657075934,29.82966167865508,0.0,8.964405985613903,9.836018868099735,NE,29.29236824941443,N,NNE,5.411014964034756,11.940676642689837,58.05932335731016,57.29236824941443,1016.8,1013.7940676642689,4.118646714620324,7.0,27.15889850359653,26.847883539561767,No,Yes
2010-07-03,Brisbane,21.622581642603684,27.045810241894003,5.391825829112137,5.236989114319509,0.0,W,22.0,WNW,SSE,5.630108856804915,2.7397822863901715,75.77418357396314,91.81505442840246,1016.5924727857988,1015.2,8.0,8.0,24.0561306281659,21.593119742485406,Yes,Yes
2011-03-06,Brisbane,20.198854452106602,27.8992363014044,8.688162671768234,3.6030547943823907,6.897327054915409,E,36.992363014044024,ESE,ESE,17.007636985955976,15.996181507022012,71.49045376755502,67.46754280968709,1017.1601190063917,1015.1091643831471,5.505727739466983,6.003818492977988,25.34713613026651,25.352863869733497,Yes,Yes
2009-11-24,Brisbane,14.91496127973027,20.564273359291963,0.37312984003371596,3.028396359713414,0.6851890791402429,ESE,31.13435079983142,WNW,NE,4.20152619974713,4.738929399072811,88.11908880236012,87.5893166017701,1022.0596947600505,1019.1454965801938,7.66412300042145,7.73129840033716,17.39038041938468,19.28961731951112,No,Yes
2011-11-25,Brisbane,23.118950382394463,25.98892174964707,36.12068718593739,3.0536450288719905,0.08104961760553775,E,57.43730927114165,E,E,18.352767207750798,20.3527672077508,91.18950382394463,94.16326338380618,1006.7851335570381,1003.8224522475294,8.0,8.0,24.24052480880277,23.497375955986154,Yes,Yes
2010-05-03,Brisbane,17.217238720936745,22.566478189130713,2.2111544664884817,4.806084254448263,3.4969578727758686,ESE,35.994929787959784,SSE,SE,12.015210636120656,14.005070212040218,81.03549148428154,74.53802659030164,1023.9665366005345,1022.2167901111366,7.0,7.0,19.364957125518647,20.96039393468245,No,Yes
2015-01-15,Brisbane,20.62797974183677,27.68757457857218,0.0,8.38444567959105,5.278784510206225,SSE,34.67878451020623,SE,ESE,15.0,10.678784510206224,60.082836142852145,56.761620653058365,1017.6720202581633,1016.3238379346942,6.160607744896888,5.880810326529183,26.78808103265292,26.85959483673541,No,Yes
2013-10-04,Brisbane,19.934473206283084,28.995920857115806,2.9673668569264553,6.531053587433833,7.204079142884192,ENE,34.25394888909928,SE,ENE,10.78684253974265,15.213157460257348,67.95920857115807,46.23815333270216,1019.7802638096141,1017.7310535874338,4.893421269871325,7.0,24.72381533327022,27.606578730128675,Yes,Yes
2013-12-21,Brisbane,20.72194994561679,30.635951799482825,0.0,5.796025954124628,8.768022246392539,SE,35.560074154641796,S,ENE,4.700092693302245,8.40018538660449,65.29990730669775,53.4399258453582,1017.9200556159813,1014.2600741546418,3.280037077320898,5.140018538660449,26.22999073066978,29.405961068813053,No,Yes
2010-10-18,Brisbane,22.857211056574997,30.278105915784614,2.703475071042304,7.019895634203843,6.7736316197365385,ENE,29.427889434250012,ENE,ENE,11.636838026346165,12.054735210538466,78.62684577628845,67.79105140790385,1016.3925280289346,1013.7980015499884,5.527367605269233,7.0,26.889052957892307,28.988053732886534,No,Yes
2010-09-12,Brisbane,21.800252409943678,31.03350160662912,0.0,9.280201927954943,11.566750803314559,NE,27.467003213258238,NE,NNE,7.667508033145588,13.93400642651647,53.865488753596175,48.131987146967056,1016.5065993573483,1013.5532996786742,3.799495180112647,2.5989903602252933,28.47360257060659,29.280201927954938,No,Yes
2012-02-25,Brisbane,14.003446264622813,18.973218457845906,5.307126168616375,1.707126168616375,0.3196553735377187,SSW,26.518399519967808,SSW,SW,6.1965537353771865,9.125292049213437,81.94596963695031,82.53563084308188,1012.9606892529246,1009.7732184578459,7.267815421540938,7.732184578459062,16.141033879386846,15.867815421540937,Yes,Yes
2013-11-30,Brisbane,13.558329530402213,22.85657594505438,0.0,3.9516074532355145,6.5521919816847936,SSE,33.25949858730077,SSE,ESE,6.752191981684794,11.00584528449278,66.0,56.0,1025.1352406566557,1022.5862635814418,3.002922642246391,5.746346697192012,18.183402596458375,21.0067220771667,No,Yes
2010-03-29,Brisbane,16.556831355649788,23.447466584584678,0.506478450685958,5.959717676028937,4.479858838014469,SE,30.633098063357444,SSE,E,7.302117429782973,9.201411619855316,77.8274515839362,72.12956901371916,1025.0690824470942,1022.7323922534299,5.733803873285105,7.366901936642552,20.7942273592417,21.257537165577443,No,Yes
2014-07-10,Brisbane,13.855153534875555,23.8562987648479,0.0,5.296564310082963,8.241410775207406,SE,30.494273850138267,SSW,SSE,4.471369250691357,10.011452299723457,64.57443994820247,58.98854770027654,1024.79638181388,1021.4469544288661,3.517178449585186,3.988547700276543,19.693128620165925,21.35400830490321,No,Yes
2012-10-29,Brisbane,21.698693935274417,31.654717308366774,0.0,9.175906507630561,11.97198831345382,NE,28.8534112436412,NW,NNE,7.853411243641197,10.706822487282396,50.9869393527442,53.2801168654618,1012.3130606472557,1008.3570372741634,2.1465887563588013,4.146588756358801,27.871988313453823,30.326705621820597,No,Yes
2010-07-20,Brisbane,20.279078104263572,29.708592533720932,0.03237860736434083,2.98854328837209,7.57235398468992,E,30.0,SW,E,6.514320889534887,14.676213926356592,69.0,61.64757214728682,1018.9143208895349,1016.0305101932171,4.352427852713183,5.514320889534887,26.192403230038767,27.72764601531008,No,Yes
2012-08-11,Brisbane,21.31474219814117,27.45737109907059,0.11912369969019512,5.545412708984341,1.5748971052666827,SSE,37.764947987607805,SE,ESE,15.0,10.191236996901953,68.16932948915684,72.10360696592146,1017.2235052012392,1015.6235052012391,7.0,7.595618498450976,26.840438150154906,25.64481965170393,No,Yes
2010-11-10,Brisbane,20.854182275412853,27.268726586880717,19.24731616422114,4.024719042568626,1.6934456294493452,E,43.312734131192805,E,ESE,19.312734131192812,14.999999999999998,84.0,76.68726586880719,1012.6996253900916,1010.7141697015594,7.77091137706427,5.458177245871459,23.277091137706428,25.712734131192807,Yes,Yes
2013-05-23,Brisbane,19.960502639213143,29.90270624516821,0.0,6.190850483370961,9.106443271460826,SE,36.68814423820275,S,ENE,6.110180297753437,11.220360595506873,63.88981970224656,52.31185576179725,1018.7661081786521,1015.3881442382028,3.8440721191013747,5.422036059550687,26.08898197022466,28.813724274943556,No,Yes
2011-12-17,Brisbane,14.969356882806247,22.32164691921337,0.7415485506244998,3.4492913037469988,1.0538713765612495,E,20.07742753122499,S,ENE,2.7077427531224987,7.769356882806248,84.21482971565251,58.04580072814251,1021.2415485506245,1017.3570340568696,8.0,7.35387137656125,18.530971012489992,21.733969745150123,No,Yes
2014-08-16,Brisbane,14.785472476538779,26.844099653852,0.0,6.633098258149422,9.293135886566102,S,26.703337985675248,W,E,5.917254354626442,12.627644595818985,60.28960975880746,47.04137282268678,1018.6918195065043,1014.6166432001164,4.124118468060338,2.1654912907471178,21.327550524777287,24.989609758807457,No,Yes
2012-04-28,Brisbane,19.815629079321035,29.794383974506275,0.0,5.883761422098903,9.844079225216252,N,22.737483682715855,SSW,E,4.0,9.368741841357926,74.07814539660518,58.81562907932104,1013.3771658795986,1010.0984109844132,5.262516317284147,3.0,24.726251631728417,28.765324330031003,No,Yes
2009-12-27,Brisbane,24.12710108817328,33.66449455913358,0.0,6.836134784231043,9.683191294613742,ENE,28.0,E,NE,6.728989118267176,16.457978236534352,58.722695684620874,45.53572832981933,1011.2728989118267,1007.8457978236534,4.271010881732824,3.3613478423104315,29.59159564730687,31.992224990671502,No,Yes
2010-02-18,Brisbane,22.015239479802556,29.265605701087704,0.0,7.616788740428382,2.1335774808567654,W,30.77098592553548,N,NNE,5.541971851070958,10.083943702141914,54.66422519143235,54.664225191432344,1014.6549296276772,1011.6694366649097,7.770985925535479,7.770985925535479,26.925915553212874,27.083943702141912,No,Yes
2010-03-24,Brisbane,23.2246266205525,28.943025677685586,0.0,6.640949823212454,3.3091995285665465,SE,42.45400235716727,S,SE,12.52225206252136,13.0,66.45400235716727,72.72700117858363,1021.3887246169603,1020.7863500589292,6.795250883937725,6.931750294645909,25.81810035357509,24.359050176787544,No,Yes
2010-12-25,Brisbane,20.623034284195146,28.02303428419515,8.008989577687272,3.2,7.429216127483628,E,35.533710916327266,SSE,E,7.859552934921205,9.651684037187882,75.0,78.78652770249694,1015.101120679954,1013.338199670657,7.0,5.488763027890911,25.53932638512485,24.91404470650788,Yes,Yes
2011-11-30,Brisbane,20.850735848742616,29.275367924371302,7.301471697485232,4.523650943971871,7.230667453078763,ENE,36.743867927144876,SE,ENE,8.125613207285513,15.251226414571027,72.0652594327848,58.0049056582841,1019.6794410385078,1016.7291957555935,4.437193396357244,6.562806603642756,25.94420990546414,27.625613207285515,Yes,Yes
2010-09-23,Brisbane,12.05484255537396,27.67327051593787,0.4562261426236645,4.231027354583828,9.864821883667062,W,21.831027354583828,SSW,N,4.0,8.746541031875742,68.0,53.74654103187574,1017.5705033414384,1012.9620547091677,1.2534589681242578,1.168972645416172,19.743626748603745,25.783102735458385,No,Yes
2010-07-23,Brisbane,14.837992719458475,20.806423455628956,1.6784671388780943,1.8987591500194299,2.120292011141336,WSW,14.670802833268565,SW,SSW,4.0,6.721532861121907,91.88613144448763,73.56934277756189,1020.4493795750097,1016.2063138527658,8.0,5.556934277756189,16.037992719458472,19.917810311180197,Yes,Yes
2012-06-15,Brisbane,21.851907399078517,29.69479766649602,0.0,8.467514399590451,7.429942401638196,ENE,24.77919066598409,NNW,NE,6.610404667007958,9.0,54.33757199795226,54.67514399590451,1013.2883237336064,1009.7545665338112,7.0,5.168785998976127,26.05583813319682,27.910404667007963,No,Yes
2011-01-25,Brisbane,19.196317085590245,22.899089897359186,5.905979422935041,5.220277281176894,0.3193671785360765,E,27.54376117351989,WNW,N,3.898613594115531,2.253466014711172,88.74653398528883,78.23960195586648,1017.9377817505849,1015.0262567041119,7.9493067970577656,7.9493067970577656,19.61291145235738,20.5903376626552,No,Yes
2010-06-20,Brisbane,13.872062257012605,26.59329874610411,0.0,2.8312883699353413,8.431288369935341,WNW,26.826805015583563,SSW,NE,2.7932987461041088,5.983246865260271,72.22345438863562,61.84355815032329,1017.4173194984417,1013.1189948119156,4.016753134739728,4.016753134739728,19.84134025077918,24.412293558019726,No,Yes
2012-11-27,Brisbane,21.559686982498476,29.368869595190553,0.0,9.590817387307927,8.084208601736277,NE,32.494956301935964,N,NE,7.0,12.816347746158531,56.862260809618896,61.183652253841466,1016.4556520240473,1013.5464694113551,2.2295653173018346,6.954086936539633,27.02754783807622,25.21019135230488,No,Yes
2014-05-05,Brisbane,20.900495273541534,30.937998467094552,0.0,9.578994123862447,11.55999489031517,NE,26.784988503209142,NW,NE,6.5949961677363795,8.729997445157585,50.43002299358173,52.94500894194845,1015.5970028103267,1011.8025019161319,3.135001277421207,5.270002554842414,27.527495529025774,29.548996678704864,No,Yes
2010-05-15,Brisbane,13.841877470966207,22.42563241289862,1.2259920929081396,3.2064980232270353,4.91299604645407,E,28.711185754878635,WSW,SE,6.581225290337936,11.064980232270347,77.77256918705378,70.28881424512136,1027.403608691623,1024.0584822090434,6.483754941932412,4.516245058067588,17.051624505806757,20.27400790709186,No,Yes
2010-12-15,Brisbane,23.425221944019512,29.593363988191996,16.248655588010134,5.4185859322115135,2.701328477148879,W,43.95133166411708,N,SSW,5.6504438880390255,6.269911222392195,72.82742544937365,89.80973366717659,1006.3884971546037,1003.6044261325175,6.53982244478439,7.269911222392195,27.193363988192,24.32035511043122,No,Yes
2014-11-16,Brisbane,15.114141498982624,23.765544058833758,1.932660328585588,3.076094332655084,7.239056673449161,ESE,25.23905667344916,SW,SE,5.079685557816386,10.079685557816388,80.66330164292795,62.68125776873445,1024.694613162258,1021.9043773306203,4.221100547642646,4.840628884367226,18.2735126146154,22.279685557816386,No,Yes
2012-01-19,Brisbane,16.2,19.71006938945792,4.692722283807125,2.324027755783169,0.13240277557831692,SSW,19.1061804125906,SSW,SW,3.675972244216831,4.486041633674754,83.84347264011977,82.37986122108416,1014.7609165742894,1011.3525415544941,7.837986122108416,7.162013877891584,17.14022914357233,16.648604163367477,No,Yes
2010-08-18,Brisbane,21.2486347473179,27.453552543503932,42.838299238360726,3.025682626341048,1.180328815255896,E,47.644817812869,ENE,ESE,22.69399577472926,14.683059320620089,84.95082203813973,76.0,1009.5081915160926,1007.6934381275345,8.0,5.316940679379913,23.601093645410916,26.55847033968996,Yes,Yes
2012-05-29,Brisbane,19.19182508630234,29.553922354794366,0.06143686027417711,5.522873720548355,8.339223547943673,E,37.0,SE,E,7.307184301370885,19.232039246572786,56.84310580822531,52.53592150685442,1012.3055332808264,1011.6829897643869,2.1535921506854425,7.0,26.70817491369766,25.776465871233793,No,Yes
2014-11-02,Brisbane,20.653716424731826,27.12685821236591,0.008952737455304208,8.740370613796177,3.4478034632598282,SSE,33.35810949821217,SE,ESE,15.0,9.089527374553041,64.31334581093564,59.98480112008346,1017.6641890501788,1016.0641890501788,7.0,7.044763687276521,26.89552363127235,26.25075994399583,No,Yes
2011-04-11,Brisbane,15.282704986182653,23.183778769330857,0.0,4.4496229917095915,2.138450910214097,SE,30.320082113248546,SE,ESE,10.23737712706589,10.546721408832362,58.298606450284396,51.607950732050874,1024.9007540165808,1022.4471556588456,6.845327859116764,6.381311436467055,20.5136394143593,21.452844341154215,No,Yes
2011-03-26,Brisbane,19.06099929581449,26.74666510180998,8.90332316176488,4.023332550904991,4.895998122171978,NW,23.8566580599549,SSW,ENE,3.246665101809981,7.869997652714972,83.0,71.01333959276008,1013.142007980769,1009.0940089196831,6.869997652714972,3.2600046945700556,22.250666979638005,24.736332785633497,No,Yes
2013-09-18,Brisbane,17.439118533018004,26.40610153039704,1.1381695408808872,4.503050765198522,7.754576147797782,NE,22.0,SW,E,4.0,8.05152538259926,79.7423730870037,64.69084770440443,1021.1259664800868,1017.8630851344369,4.103050765198521,4.422711926101108,21.43291510822738,25.363830337786933,No,Yes
2009-05-26,Brisbane,24.001287177071724,32.33443837320442,0.0,8.717862775138075,9.43978143535924,NE,38.523011483424966,NNW,NNE,10.311232535911532,15.622465071823065,60.9005464116019,56.96684880386731,1012.3648208613258,1008.3270673685081,3.622465071823067,4.9668488038673,28.15893138756904,30.70331511961327,No,Yes
2011-10-26,Brisbane,20.818767871092625,24.800698596196607,14.8322004150776,4.853223291009438,0.0,SE,21.46078112793953,SW,SE,2.0,8.296919677731562,89.46078112793954,88.3753574218525,1014.7385202758638,1013.3432837280075,8.0,8.0,22.72422991943289,22.971006628423453,Yes,Yes
2014-08-05,Brisbane,19.888955485424727,30.547676130364053,0.0,7.720939361941608,10.724987732390964,S,32.1744128987865,SE,E,6.110445145752734,15.348825797572989,56.872064493932484,49.95352260728102,1016.4866070805707,1015.021489660328,2.5872064493932476,4.238380651820257,26.906396775303378,28.56801612348312,No,Yes
2011-01-22,Brisbane,16.157342471430816,22.988476481990702,6.468774283234888,3.977044670186628,3.4737456860264553,S,26.590148900622093,SSE,ENE,5.4098510993779065,7.590148900622094,75.95074450311047,75.75418104657848,1021.2837343447121,1017.2066896745256,7.295074450311047,5.934478847822671,20.33768612577762,20.98192436677297,Yes,Yes
2014-01-26,Brisbane,18.210283650391073,24.510283650391074,3.5897163496089277,3.894054322201132,2.3042848543296137,ESE,27.77771875748601,ESE,SE,3.606855766927382,9.384574524413392,82.76057934016755,66.23942065983245,1022.0025177943352,1019.8068026486648,7.0,7.0,21.116282446452537,21.84531321936872,No,Yes
2014-06-03,Brisbane,20.60647126125343,26.925012689559505,0.4596815127611311,7.254853445940071,2.154031848723887,ENE,25.05649664037244,ESE,E,5.379044538283393,8.137133614850178,65.3790445382834,73.21777058932791,1010.8967643693734,1009.1887006719255,8.0,7.459681512761131,25.060503109977315,24.616948992111737,No,Yes
2011-08-06,Brisbane,17.26705350281317,26.86962663585215,29.569878752012123,8.281079676447588,7.488673017484549,E,24.455600462217735,S,E,2.3796670518481102,13.0,78.91120092443546,62.37966705184811,1018.2328204391068,1013.6770939188091,7.075933410369622,2.3796670518481102,21.377219976889112,25.6392532717043,Yes,Yes
2015-06-13,Brisbane,14.30887148171054,21.462212275263166,1.4332960322368713,0.8177429634210798,4.276670396776312,ESE,30.300111903289384,WNW,SE,4.0,12.688938623684171,85.54435740855268,75.30011190328938,1027.9989050526974,1024.860022380658,7.077765344078957,7.0,17.61445812151315,19.53997761934212,Yes,Yes
2009-10-26,Brisbane,18.90959150156569,28.505380598439288,0.0,9.396256974998755,6.889706681246576,W,43.969587921864886,N,NNE,10.98830304687111,12.995321218748442,50.00233939062578,59.978945484368,1014.7025733296884,1013.3983624265619,7.002339390625778,7.002339390625778,27.302339390625782,24.508187867190227,No,Yes
2012-04-24,Brisbane,13.225840489434331,22.94845091768937,0.0,3.6452208565100785,7.170929449386378,SE,35.0,SSW,SE,2.161503058964568,11.129202447171654,84.32168715234882,56.096901835378745,1029.3804877363661,1026.5481871245734,5.967699388207087,4.096901835378741,16.79690183537874,21.790309816462123,No,Yes
2010-07-31,Brisbane,14.936776729908697,23.24833513073714,5.172680143496399,1.2252183290802476,5.132048293206148,NE,27.968477088649692,SW,NNE,4.0,10.97898472576646,83.95271563297453,63.97373090720807,1026.4338018861642,1022.0343272680203,6.994746181441615,6.994746181441615,18.243606694034593,21.644132075890433,No,Yes
2011-03-27,Brisbane,16.08969996173195,23.035059342711335,83.97104412231623,12.257725028701037,0.19587811742611527,E,39.061874920274896,ESE,S,10.278343777903785,10.484531269931276,88.96906253986255,89.92784371412371,1025.313393784282,1023.944321908086,7.896906253986256,8.0,19.862893720501713,19.87835311423711,No,Yes
2012-03-10,Brisbane,9.643789670428232,22.923572080661646,0.0,4.570806886381178,8.240435179533176,S,26.629193113618822,SW,S,6.685403443190589,10.258386227237644,58.145965568094105,49.05621032957177,1022.9213055385994,1020.372982784047,1.0,5.112420659143535,16.029193113618824,20.943789670428234,No,Yes
2014-06-06,Brisbane,19.68445815109006,28.4,1.838513949636648,6.10068134527642,5.190217312827701,E,31.0,SE,E,9.652011762717327,8.925697481832389,67.80743025181677,68.45944201453409,1015.4222907554503,1012.9570895791786,5.614860503633523,6.614860503633523,25.61554184890995,25.834798823728267,Yes,Yes
2014-04-03,Brisbane,14.44548145708306,23.634111092812297,0.0,4.5317778143754115,6.409037085833882,SE,26.492715785066473,SW,E,6.037901214235883,9.379012142358823,58.416913356594705,55.4548145708306,1020.8583086643405,1018.381049392882,2.1895060711794114,7.0,18.730320971388707,21.65830866434053,No,Yes
2010-06-05,Brisbane,19.28105287928824,24.63406237044254,40.87373695943799,1.9779755941746588,0.07900135587918561,S,34.58002711758371,SE,SSW,12.160054235167424,7.469905088457007,91.83994576483258,77.61970170657916,1012.6969227148865,1007.840971526537,8.0,8.0,20.744048811650682,23.58310440269729,Yes,Yes
2011-02-25,Brisbane,19.255425836320562,25.58409811525533,0.27622409297825623,5.671680697336922,1.2687030469728735,ESE,32.16607837288051,SSE,SE,7.618879535108719,8.166078372880516,84.35840348668462,82.88288534624974,1019.4129242343806,1017.8200923041144,7.690560232445641,7.690560232445641,20.95769753414123,22.490913208717334,No,Yes
2013-06-30,Brisbane,13.278699332586433,18.18721959955186,14.371969721831029,2.019057463828436,0.0,SSE,29.18048998879646,SW,SSE,5.436097997759291,8.914797330345722,95.60650333706783,82.39349666293215,1022.3924881979833,1019.2285861957427,7.47869933258643,7.47869933258643,13.918048998879645,16.529820934378996,Yes,Yes
2012-05-09,Brisbane,18.741040389847402,26.48208094491059,31.252022796685758,3.6346820847448735,0.6763006525250321,SE,27.734104237243674,E,S,8.393063516964714,6.086705211862183,93.65895927972105,89.01156025433956,1015.8092485339031,1013.0537571652684,6.653179152551266,6.653179152551266,21.861849673737485,22.84739886016571,No,Yes
2011-11-12,Brisbane,20.3414391102055,27.64182920699607,28.49570893530377,3.7673168279842786,4.463524004075238,SE,37.25097524197642,SE,ESE,13.0,17.209146034980346,85.99609903209435,61.45622030905109,1009.505743307862,1007.8471824180674,7.707195551027513,6.832683172015722,23.933463365596854,26.425097524197643,Yes,Yes
2011-12-23,Brisbane,23.544964551632592,30.910070896734815,5.912718894964913,4.696643034421728,8.898676000884953,SW,34.932860688434545,E,ENE,7.966430344217273,13.966430344217274,70.96643034421727,72.93286068843456,1009.8885581363595,1007.7053429642508,6.241607586054318,7.0,28.91678482789136,28.023498759047907,Yes,Yes
2012-08-09,Brisbane,20.132825163192205,29.9328251631922,19.67964106829526,9.105470860532034,7.9444202458662945,E,27.249455531991646,S,E,3.4442024586629523,13.722101229331475,69.69583586268803,59.11159508267409,1015.4892760661393,1012.1973734633357,6.277898770668523,2.3610506146657384,24.866085900791084,28.48008973292618,No,Yes
2013-08-15,Brisbane,13.990363419443593,24.103616820243086,1.7012064340902102,4.260242279629061,7.939760202398485,E,22.4096415446115,WNW,ENE,4.722892463383451,8.927713235689202,76.180716910777,63.79517922769425,1022.6554190252957,1019.6385512862807,4.5180716910777,4.5180716910777,19.851809651135316,22.710845496674168,No,Yes
2013-02-20,Brisbane,17.68595430369391,27.382568311002263,1.593027324400905,5.78605464880181,7.162051664636569,ESE,30.585653268370216,S,ESE,9.620516646365694,12.516929963458246,66.44820665854627,47.31076004872233,1020.2931276695089,1018.1172309987819,5.275896670726861,7.0,23.092926979293008,26.092926979293004,No,Yes
2013-10-19,Brisbane,11.033412628715745,21.944152630315767,0.0,5.766587371284255,8.028401053726332,SE,30.539378941473593,SSW,SE,4.548926319157948,11.0,63.97135786694693,52.17661052126307,1029.1813842101053,1026.572553684042,4.0883052606315395,3.362768420210513,15.744152630315769,20.33436736648418,No,Yes
2009-05-04,Brisbane,20.094173040053995,27.186403760125987,2.5923486363642394,6.961153600359976,6.689287761025932,SSE,30.82519120161989,WSW,SE,8.90288400089994,10.902884000899942,80.99999999999999,84.01942319982001,1014.4718658393341,1011.7990583190822,7.0,6.038846399640024,22.52913479973002,22.713596239874004,Yes,Yes
2014-12-01,Brisbane,15.151254087146336,22.526482681916523,1.7344350239662114,3.6067276252720495,4.6974918257073295,SSE,27.130274313724225,W,ESE,6.903363812636025,12.130274313724223,76.86972568627577,59.80244943355527,1028.911374895423,1026.08574785185,4.386544749455901,7.096636187363975,19.54538210021764,21.345809919389318,No,Yes
2012-01-06,Brisbane,19.29132092573186,26.367988466173276,0.636003145589106,3.515992660292086,0.8713366536773895,ENE,17.473345566179855,WSW,ENE,6.353335080882837,4.473345566179856,78.82668064706269,64.12001048529702,1016.9786764529439,1013.4966780257384,7.0,6.646664919117163,21.60865286102559,25.073319352937308,No,Yes
2011-05-11,Brisbane,18.488664111880915,26.4272991541723,1.9704452960396948,3.724985465205234,6.806824788543075,ESE,28.0,SSW,ESE,5.534123942715376,8.227299154172302,76.15905126874155,69.85222648019847,1022.7931170722778,1019.4772119454036,4.227299154172301,3.534123942715376,22.760237182814613,24.489791886774917,No,Yes
2012-05-20,Brisbane,18.53489341869213,23.013510774649163,18.20936051215277,1.6476598719618079,0.9341490973126461,SW,18.13510774649162,N,NE,2.56755387324581,6.46436225992839,96.24574257360386,93.5037216068974,1016.9297338380263,1013.6039359346969,6.7936167733651605,7.89680838668258,21.123829935980908,21.43414909731265,No,Yes
2010-03-16,Brisbane,19.290247606349887,25.10390095746005,0.33398349291000784,5.477719379470133,2.1097523936501177,ENE,29.650412677249804,ENE,ENE,10.980495212699765,13.679669858200157,72.33983492910008,68.60165070899922,1018.1331581384104,1016.4700673494154,7.330082535449961,6.660165070899922,24.166991746455004,24.209752393650117,No,Yes
2009-09-04,Brisbane,13.216735621208171,23.78865585184888,0.19116691245797995,2.238493363634541,7.7321713367016205,WNW,40.51418018518889,NNW,W,7.0,21.6025110606091,72.7350073737394,44.943279259244406,1013.5321713367017,1009.2233382491595,4.044165437710101,1.264992626260601,20.31073857070393,23.061831612794137,No,Yes
2014-03-19,Brisbane,23.982395635454896,28.858826375696992,60.40767174772391,3.3353538896368558,3.788263756969931,E,48.17555977696221,ENE,NE,18.76382353393214,11.823472486060139,85.29388994424055,68.94083491636083,1010.7535388963685,1009.3946641338226,8.0,6.411736243030069,25.435305502787976,27.929437381272933,Yes,Yes
2012-07-09,Brisbane,11.399159549435586,21.000517200347332,0.0,3.000129300086833,7.7009697506512484,E,27.994181496092512,SSW,ESE,4.0,12.996120997395007,74.00840450564415,65.99159549435586,1028.9994827996527,1025.1999353499564,3.0,2.999353499565835,15.29890094926192,19.100517200347337,No,Yes
2011-05-14,Brisbane,18.17790329071859,27.3448711884432,0.5553547348502562,4.133483948862308,5.233935795449232,ENE,28.0,SE,SW,5.1116131628743595,2.888386837125641,75.66516051137693,72.4419341856282,1018.2653864346704,1014.9539991950895,4.776773674251281,7.0,22.98906460700603,24.24532303503013,No,Yes
2012-01-28,Brisbane,17.071455244279466,26.76519649225027,0.0,4.9160739291512,5.909815177122001,NNE,28.258891062732,SW,NE,4.946420236162667,11.839260708488,64.31247082656934,60.946420236162666,1018.129445531366,1014.1723093424358,6.473210118081333,7.0,23.255381315128265,25.081270421401467,No,Yes
2014-03-28,Brisbane,21.40888046364301,30.74630949234189,0.0,8.035725717472063,8.286577373085471,SE,29.43572571747206,SW,E,6.0,13.122870860966474,62.12287086096648,61.18430629144971,1014.7844082228997,1012.5592662802974,4.74858057397765,4.938564569516762,26.670883664535186,27.746877262750825,No,Yes
2011-04-17,Brisbane,21.1,26.57817097424737,26.307458109124852,2.7061948309031507,0.0,SE,38.34850326669778,SW,SSE,3.758954842427071,10.758954842427071,87.0,63.218290257526256,1014.7182470887818,1014.6941425730245,8.0,8.0,23.955372905456244,26.173282590310386,Yes,Yes
2015-11-01,Brisbane,18.61732246406289,29.75725975852092,0.05379526570834368,8.381354444354047,7.384157391375094,W,62.84818937166626,NE,NE,8.462047342916563,13.537952657083437,53.613857971250305,63.268976328541726,1014.4772284057499,1008.661385797125,3.0,4.537952657083437,26.702802947021052,26.660724251333498,No,Yes
2011-02-18,Brisbane,21.00815844445701,27.896299513892817,1.4696386388998826,7.17779708335689,4.603700486107185,ENE,28.844405833286217,SE,NE,5.61480194442874,11.0,83.57779708335688,63.311188333427566,1020.3177449582932,1016.7792251527361,7.19259902778563,4.0,22.385198055571262,27.073339125007067,Yes,Yes
2013-06-30,Brisbane,20.83833842549674,27.47694359575054,4.069702702262491,6.846112808498914,4.308041127759233,E,38.579077553807025,E,ESE,15.731897766279872,13.962461808774439,81.0026674475706,75.77210340507604,1016.3193025851268,1014.6270769681289,7.0,7.0,23.51126145736767,23.75737426586658,No,Yes
2009-06-20,Brisbane,20.931294936107797,28.831294936107792,0.16870506389220502,7.421762659730512,5.790467723622718,E,33.31294936107795,ENE,ENE,14.687050638922052,17.312949361077955,69.95233861811359,61.78237340269487,1017.5952338618114,1015.5,6.578237340269488,6.578237340269488,25.69388480832339,27.416996521541872,No,Yes
2010-11-10,Brisbane,20.170217859714107,24.66788877869365,15.187318307596046,7.222298984244571,2.3860255138772923,SE,22.32111221306347,SSW,SE,2.4093163240818054,7.818632648163611,74.66055610653173,82.59068367591819,1014.8051540750209,1013.0437566264086,8.0,8.0,24.322298984244572,22.37254694073455,Yes,Yes
2013-05-16,Brisbane,19.933561072782503,29.39424826233114,0.0,8.90197418075191,8.796051638496175,NE,35.5493545187978,NNW,NE,5.7845481631584565,15.509870903759557,52.8240317781967,54.27467725939889,1015.5430903673683,1011.3450645481201,2.0197418075191185,3.764806355639339,25.71776762676721,27.47072889789507,No,Yes
2015-05-15,Brisbane,15.239629123888879,22.372558692676762,0.37804695414141004,3.04390609171718,2.4957230321716977,SE,30.835352156060573,S,ENE,2.3841783025253243,12.7804695414141,75.1218781656564,75.68281724848461,1026.5780469541412,1024.0780469541414,7.0,7.945117385353525,18.549394353181828,18.78232392196971,No,Yes
2012-05-28,Brisbane,22.373086211021693,32.08139942047469,0.0,7.526913788978305,10.707655155913224,NE,27.269137889783064,NW,NE,7.634568944891532,11.179425259855375,60.00658053539772,60.46172422043387,1011.622548900764,1008.0962931653254,1.455143685036156,2.089712629927688,27.60897126299277,30.444856314963843,No,Yes
2011-12-31,Brisbane,11.317636001180103,22.159617763071896,0.10448691521423378,3.217947660856935,5.671478983750908,ESE,22.955130847857667,SSW,E,5.044869152142338,13.0,66.38782711964416,57.730785087145975,1024.9852513890703,1021.5689032531772,1.9102616957153242,5.522434576071169,15.758018238108209,20.647756542392884,No,Yes
2011-01-15,Brisbane,19.939816028873523,25.54027595668972,11.400919855632399,3.9023653108761507,2.384822607315542,E,32.48817344561924,S,ENE,5.933639951877466,12.289093301251643,89.64454665062583,75.53088038498026,1022.3980946169402,1019.0649145928788,8.0,7.355453349374178,21.775361363810937,24.33127464100132,Yes,Yes
2011-04-25,Brisbane,20.530368170975105,25.244548153803283,0.13003347008864563,4.879196717872506,1.1494979486703156,ENE,30.551171453102597,ENE,ENE,11.851506153989053,11.699665299113544,67.50167350443228,73.25418376108071,1012.6993305982271,1010.1593975384044,7.650167350443228,7.650167350443228,24.274916324778392,23.45939753840438,No,Yes
2011-12-11,Brisbane,17.7388036737518,27.828227524511576,2.2541211002170773,5.404667897612145,10.727060550108538,E,26.55288074620114,SSE,E,7.17651375271347,13.188183496743838,61.282275245115756,62.0,1012.6823486247287,1010.7188183496744,4.0,6.270605501085388,25.33763669934877,25.764697249457303,Yes,Yes
2010-01-08,Brisbane,21.36359368359789,26.38156210158735,7.464532644444277,5.142239295590864,0.0,ESE,43.45625265608434,SSE,SE,11.48541755202811,11.046094746031624,91.24270877601406,92.24270877601406,1015.0728126328042,1013.853151229806,8.0,8.0,22.04684877019403,22.586171576190512,No,Yes
2013-12-20,Brisbane,21.735221522701607,28.94545147877419,7.299255968747316,7.437876232311828,5.198867086379034,SE,35.0,NNW,E,4.962123767688173,10.924247535376345,73.74619551002688,76.97345290389784,1016.022725739387,1012.6946905807796,6.0,5.113628696935481,26.215150492924735,25.5837165934543,Yes,Yes
2013-06-30,Brisbane,13.782492604354767,24.054995069569838,0.0,5.230003286953438,7.6150016434767185,SE,29.76999671304656,SSW,SE,2.460006573906876,11.0,68.81496877394234,57.07998685218625,1028.8230003286953,1025.6150016434767,4.769996713046562,3.0,18.651493590440797,21.446996384351216,No,Yes
2010-05-29,Brisbane,21.1486743368255,27.0092046020953,16.248424212215838,5.181590795809401,1.8029014509586605,E,34.0605302652698,E,E,15.0,16.060530265269797,74.21310655149259,72.789394694604,1016.1842421221585,1014.4525262640442,7.4697348673651,7.4697348673651,23.88644322146671,23.99394697347302,Yes,Yes
2009-03-09,Brisbane,19.62714883978364,26.94152281180441,0.0,6.094348541202942,3.652825729398529,SE,30.55896783825184,SSE,E,13.0,10.764128646992646,62.0,73.17935676503676,1016.7867344821809,1015.3928765910341,7.0,7.441032161748161,24.48562602797923,23.991277486776287,No,Yes
2010-10-15,Brisbane,15.631477645604484,20.83255925910918,2.462955291208967,2.88089708993637,2.688706877963845,SSW,33.35963095286334,SSW,S,4.0,6.0,85.33720370445408,83.4269126980911,1022.9403690471366,1019.7088914015321,6.786543650954448,7.0,17.349419444331886,19.359551455031813,No,Yes
2014-02-23,Brisbane,18.65374561792622,26.51238725707642,0.1710288962266137,6.827572240566535,3.7048960212239814,SE,36.4345665566008,SE,SE,12.710288962266137,13.0,61.99300568396574,71.68930601416336,1023.0209829481028,1020.7340696367826,6.427572240566534,7.427572240566534,24.41168782547299,23.21518498349012,No,Yes
2010-12-23,Brisbane,21.135227624718922,31.529544750562152,0.0,3.9920460411982046,8.317613812359461,SSE,41.392046041198206,SSE,ENE,3.372161144193716,16.999999999999996,61.17613812359462,58.411930938202694,1014.0198848970045,1010.9923286361428,5.196023020599102,5.215907917603591,27.041193093820272,27.73920460411982,No,Yes
2012-06-29,Brisbane,15.62265058170359,28.453840149038076,0.09231970192384249,6.907368048056253,7.315438658657292,W,44.92319701923843,ESE,NNE,6.845613413427087,10.230408942284726,58.77037168276504,53.99921937495024,1014.2845613413427,1010.5842490913227,5.15360596152315,5.15360596152315,23.145613413427093,24.45384014903808,No,Yes
2012-02-07,Brisbane,15.3639172605799,21.335337929967782,2.8466207003221666,4.529324140064434,2.828565502040914,ENE,19.090206848550253,WSW,E,4.676689649838917,9.706758599355668,86.26317245112759,77.1880000773357,1024.5819448017187,1021.0894620390978,7.661655175080542,7.0,18.012786217830218,20.096993105048327,No,Yes
2014-02-15,Brisbane,17.03684998791393,26.37763749093544,3.813567300719575,0.51457307971217,6.723282687194354,ENE,17.786432699280425,SSW,NE,5.689278834532625,6.262144233093475,83.14573079712171,62.35929809784128,1017.2515086684889,1013.5893644353955,3.52428846618695,3.310721165467375,20.703851914244794,24.03492403079153,Yes,Yes
2011-03-22,Brisbane,15.170924096776117,22.027815079133397,27.471426396184672,4.304033621975747,0.9883194087695905,SE,39.87899134072761,SSW,SE,5.040336219757464,14.121008659272388,87.08067243951493,65.39495670363804,1022.8972272021148,1020.7931935801391,8.0,7.479831890121268,17.086638309982273,20.47579826814552,Yes,Yes
2011-10-02,Brisbane,18.797644014746922,29.300000000000004,0.0,6.309724347302647,3.2011279249114826,W,26.853634113309727,ENE,NE,7.280451169964593,8.14636588669027,58.597744150177036,59.3050123767965,1011.5998998645698,1007.4304011022496,5.573182943345135,6.0,25.007368362049576,26.58904759235576,No,Yes
2010-12-12,Brisbane,18.287666537786247,27.449333848855016,0.1753330755724899,5.9286638312973885,8.17666537786245,SE,32.13665764503715,NW,ESE,3.7533307557248987,12.506661511449797,61.616673110687756,84.54663058014859,1016.6423295958011,1015.1216595782435,4.246669244275101,6.87666537786245,25.301332302289957,20.199010439314158,No,Yes
2014-04-19,Brisbane,18.7447725109032,24.782493915972104,0.36700243361115686,4.169017035278098,2.5629732302772745,SW,31.185133848613628,N,SW,4.087530420139461,6.912469579860539,84.82493915972107,79.76762776458574,1014.8084403765267,1012.4929488941657,7.417506084027892,7.417506084027892,21.10201460166694,20.128968363054963,No,Yes
2011-10-06,Brisbane,18.4249371126477,28.424411406899438,9.233599954029115,4.3553828321872325,10.030971425287794,ENE,25.467199908058227,SW,E,2.923885701151175,12.467199908058227,69.69028574712206,57.46194285057558,1015.2538057149424,1012.3005257057483,2.8477714023023504,2.385828551726763,24.655382832187232,27.092914275863382,Yes,Yes
2010-05-19,Brisbane,16.069542543939207,23.478235361931603,0.0,2.052156907954404,2.4826143640151987,ENE,20.09658686658223,SSW,E,4.0676108066075605,9.077269493265781,74.0,56.903413133417764,1019.407276608081,1015.5430137487165,7.009658686658223,7.009658686658223,18.364713200610094,21.97244014993667,No,Yes
2011-12-11,Brisbane,18.499192419841993,30.397220974162146,1.6003325330062383,4.9998099811392915,6.798384839683985,WNW,29.99643714636173,S,WNW,3.999524952848231,4.0004750471517685,72.00546304224535,88.00213771218296,1005.5040141484325,1004.1037053677838,2.0014251414553073,7.000237523575884,26.797529754810803,24.59833733496881,Yes,Yes
2012-10-21,Brisbane,20.38949311011112,29.995979799465598,0.0,6.288716254253967,10.2661487627619,NE,22.0,SW,E,4.3709458191534445,9.370945819153444,72.77432508507933,59.927364547883606,1012.789493110111,1009.2709458191534,6.0,3.74189163830689,25.041114782449743,28.984696053719574,No,Yes
2011-09-29,Brisbane,21.922360278911697,26.229531390847477,10.63455724057112,5.908864998144494,0.30801805504013713,ENE,38.45567500927753,ENE,E,12.696216660481646,8.68774722943808,78.29531390847478,91.38396388991973,1012.417729996289,1010.8721624953612,8.0,8.0,24.638396388991975,22.659909724799316,Yes,Yes
2014-01-08,Brisbane,21.80111513586212,27.435935317011612,20.386618369654553,3.6831223804139377,0.4583886159082804,ENE,38.123668822528295,ENE,ENE,16.460719275402024,19.393309184827274,76.33705045287374,67.93258990942525,1018.9921438550804,1017.4112517463908,7.7977697282757585,7.0,25.514597153977068,26.249417335126566,Yes,Yes
2011-06-24,Brisbane,8.987121793564631,22.214005941149495,0.014005941149494204,5.017922765056575,7.828011882298989,S,26.490207940232295,SW,S,6.929970294252529,9.560237645979766,55.840356468969645,50.70029705747471,1022.0762019990829,1019.2972109108069,1.140059411494942,6.929970294252529,15.561068323219184,20.04902079402323,No,Yes
2009-02-10,Brisbane,24.40758834690279,32.28766893628295,0.0,7.165852438937407,7.458264092034607,ENE,27.981029132743004,E,NE,4.028456300885495,11.037941734513993,66.14228150442747,61.180223238941466,1011.018970867257,1007.3531184283195,7.0,7.0,28.4886174796458,29.881029132743002,No,Yes
2009-09-23,Brisbane,11.610536767195445,16.484294137563563,0.010536767195445718,1.5159044391499028,0.05268383597722859,SSW,16.789264656091085,SSW,SSW,2.210735343908915,3.894632328045543,82.20974246034157,85.94632328045542,1019.9842941375636,1018.294830904759,7.947316164022771,8.0,13.805268383597722,16.089463232804555,No,Yes
2010-06-02,Brisbane,22.920310930447744,29.57603922514093,12.03122697990024,5.2125041854726835,6.0947955033499595,N,32.73436976815915,ENE,E,14.291652715091054,19.55728294693191,77.40621860895487,75.76039225140934,1013.7010475960863,1012.2947955033501,6.0,5.911456589386382,26.89374790726366,26.884893566202297,No,Yes
2010-09-14,Brisbane,18.76767419177127,24.12631774124438,1.571545120021704,6.909767744304974,0.8661629041143653,WNW,29.699225814349912,ESE,NW,4.1127903196187825,6.887209680381218,67.56395159809391,67.90232255695027,1010.5969774246861,1008.0721709710988,7.0375967732062605,7.0375967732062605,22.36015483713002,23.84585322985433,No,Yes
2013-11-07,Brisbane,21.042841032339478,29.200546682858736,1.0242624077721945,6.2474314498269115,3.6334432427470684,WNW,26.16174938514796,NW,WNW,4.95956265371301,4.95956265371301,70.56065601943048,81.76284275086543,1010.6336601973646,1009.3775945954216,4.398906634282524,7.0,26.7040437346287,24.839890663428253,No,Yes
2011-02-17,Brisbane,14.654984369395526,19.84914900914583,1.8192427927726722,1.6453629730091899,1.7261201802365174,WSW,15.515456756636034,SW,SSW,4.0,6.580757207227328,91.32302882890932,76.38485585545344,1020.3226814865046,1016.36116707205,8.0,5.838485585545344,15.854984369395522,19.016846126254897,Yes,Yes
2013-10-21,Brisbane,11.344518273962104,20.74108527848982,0.0,2.8346991537104063,4.413916581382916,WNW,21.89036547924207,WSW,S,6.815060913207012,8.086747884276017,71.55481726037897,77.86083418617083,1017.9751199665412,1015.040420812831,4.6415651446549795,7.728313028930996,16.28789221610011,18.450904398741514,No,Yes
2010-11-03,Brisbane,17.22698411821483,24.210066827058686,0.07965747679512711,3.5610275696146183,0.5008563080121823,SE,33.177735991683264,SE,ESE,11.389724303853813,9.796574767951272,64.381161223732,64.1520467513178,1022.4959273290266,1020.3543859746046,7.0,7.398287383975635,22.347326641419702,22.19143691987818,No,Yes
2009-06-10,Brisbane,19.80569285902085,30.11486279253199,0.4951764096017227,6.03320265955428,9.217470598399713,SSW,43.615817287102814,SW,N,6.72490199466571,12.358104654219987,65.27509800533429,56.449803989331414,1012.6375490026671,1007.4833986702228,3.0916993351114304,1.1833986702228603,25.47818305848742,28.96071246008771,No,Yes
2011-03-02,Brisbane,19.042673335755467,25.33902877916136,0.2654518144686312,5.590888608514733,1.3791189016965304,ESE,32.35459324679895,SSE,SE,7.672740927656843,8.354593246798954,83.95444304257367,82.2634793319463,1019.8492015140204,1018.2482903748719,7.663629536171578,7.663629536171578,20.779954938732413,22.350873588092206,No,Yes
2011-12-30,Brisbane,20.609007676653807,28.965763434144165,0.3045038383269046,7.1549616167309535,5.370267272471071,E,34.13511514980714,SE,E,9.0,14.045038383269047,66.52251919163452,51.450383832690456,1020.1684731317116,1017.8639692933849,5.387404041827384,7.0,24.38377878745179,27.20450383832691,No,Yes
2014-08-22,Brisbane,18.51895942192138,26.799277879765988,0.0,4.434734265396697,7.905498987903109,NE,22.141825542522838,N,NE,6.0,10.070912771261419,63.39363084310787,67.53545638563071,1019.5920385538849,1015.554267758797,3.3386409640767742,6.0,24.09927787976599,24.604776867669095,No,Yes
2014-07-17,Brisbane,10.542498797945836,22.61137763094613,0.0006692724085958446,3.2033463620429794,7.0762408294948465,SE,27.973229103656166,WSW,W,5.986614551828084,3.9933072759140416,78.0,47.097044499246394,1022.666201743366,1018.1735637398606,2.016731810214896,3.013385448171917,15.534467529042686,21.412046903354724,No,Yes
2013-03-14,Brisbane,17.793687355260413,24.22541043891628,0.934621533075305,2.680386459922592,3.7569083206192673,SE,31.140418431914178,WNW,SE,7.401932299612957,14.73848613230122,74.32689233462347,62.86924306615061,1017.1641871151653,1015.2661194147784,6.467310766537652,5.934621533075305,20.92830888833572,22.54502397899369,No,Yes
2012-01-30,Brisbane,21.60190776642818,29.64850143822744,0.0,8.356403451745859,7.874386193016565,ENE,24.594005752909766,NNW,NE,6.702997123545118,9.0,53.78201725872929,53.56403451745859,1013.362397698836,1009.8841959729632,7.0,4.891008629364647,26.018801150581954,28.00299712354512,No,Yes
2010-06-04,Brisbane,17.897381081431867,19.925009411020422,7.334267666550351,2.477019620217254,1.3687570582653175,SSW,22.97381081431866,W,N,6.147178178308099,5.3246036047728875,82.05643643383803,81.73183282906514,1017.019955654967,1012.8433418409974,7.264109108459507,6.969752751843309,19.24798979080317,18.895573775358802,No,Yes
2012-09-19,Brisbane,19.95777665761712,27.498225358672062,7.783090500155026,5.967118728203578,2.218684141172913,SSE,25.137786739063035,SE,ESE,6.853340054297274,11.275573478126065,85.17327956562181,80.34655913124361,1019.5311066304686,1017.6897706087497,6.008873206639693,6.862213260936968,22.395563396680153,23.722233423828794,Yes,Yes
2012-09-09,Brisbane,20.046534879317463,27.069802318976194,15.10793005201599,3.9534651206825373,5.2014845086005215,SE,39.356434137883575,SE,ESE,10.643565862116422,14.643565862116422,78.16337198293657,60.82178293105821,1014.6965310774735,1012.6252442498969,7.410891465529105,7.0,24.430197681023806,25.928713172423286,Yes,Yes
2013-02-24,Brisbane,16.329953261598707,28.624961051332257,0.998156324508385,5.897234486762577,5.91589846854516,S,20.88171903975483,SW,NE,5.386328228483868,5.386328228483868,69.10906258278709,60.00000000000001,1014.7532264321104,1011.3245780297948,3.8317969370903207,7.277265645696773,22.347695405635484,26.053609453647738,No,Yes
2010-05-09,Brisbane,20.027543265431508,29.29167890625452,0.0,2.725525257119452,7.020678204115069,E,29.10339102057534,SW,E,6.9103391020575335,14.820678204115067,69.0,61.35864359176986,1019.9200332080663,1016.9662366693009,4.641356408230138,6.089660897942466,25.85444153481425,27.51720416337397,No,Yes
2013-06-10,Brisbane,15.1,18.970604063321936,2.864697968339031,4.091758374671225,0.23903358926771287,W,15.99221489884711,NW,WNW,2.0902013544406466,6.496107449423556,93.96268442393257,96.18818781003417,1022.0121341759052,1019.2219328214646,7.954899322779677,7.954899322779677,16.58040270888129,17.726281896216907,No,Yes
2012-04-21,Brisbane,21.81982172700069,30.286981447396954,0.0,9.168046250038724,7.220414358547026,NE,27.12425921056708,N,NE,6.0,12.56212960528354,59.65680559207469,68.78106480264177,1014.9210069900934,1012.1911250328671,6.452662006604424,6.0,27.58698144739696,27.40739580594398,No,Yes
2011-07-21,Brisbane,19.361586309188784,27.501498646485636,0.0,5.723172618377567,10.348282196756498,NE,33.90880817297538,N,NNE,5.825109578378932,14.650219156757863,68.12554789189466,60.69206845405608,1019.5376643675684,1015.525109578379,4.783260281080712,4.566520562161424,24.318987688647745,26.027357548107386,No,Yes
2010-04-20,Brisbane,18.1386811296766,27.97871212184075,0.09955004583748508,5.699550045837484,9.603149679137605,SE,28.373312671890567,SSE,E,5.751124885406288,15.755624427031433,65.1109389324214,56.986501375124554,1023.3479752062686,1020.3475252521063,1.4977502291874254,3.4977502291874254,24.21559343486729,26.46671832027358,No,Yes
2014-11-20,Brisbane,19.673605522922333,28.360774127803477,1.826150581464345,5.521548255606964,4.2007316868399665,E,30.694909882915976,SE,E,10.91283139511885,7.1743372097623,67.56415697559426,69.6513255804754,1015.847454941458,1013.2736055229224,5.91283139511885,7.0,25.47384941853566,25.686924709267824,Yes,Yes
2014-05-30,Brisbane,23.056581847643752,28.13939679664301,0.0,7.67879359328603,2.5968896939955806,ENE,20.010053389283083,W,E,3.5959786442867663,10.2120640671397,76.0,71.16179712072427,1012.3272384402838,1009.0100533892831,6.595978644286767,6.1919572885735334,26.294973305358464,26.69899466107169,No,Yes
2011-04-03,Brisbane,18.11077918192218,23.504945599256143,4.614372242562903,5.5251514244850775,3.4898265160181365,ENE,17.40270507723083,WNW,E,4.776947954805441,9.07186121281451,83.23052045194558,80.00746840675103,1019.9014936813502,1015.9791884768307,6.7050867419909315,5.964069393592745,21.10928550057197,22.32006468249415,Yes,Yes
2009-12-27,Brisbane,20.52807223831237,26.793192735977588,10.087711046750522,6.765662686919736,2.49481930374114,E,35.0,E,E,15.0,16.999999999999996,64.88012039718728,65.10903581772237,1018.8449399018843,1015.9683736331924,7.411445771026755,7.411445771026755,24.134337313080263,24.722891542053507,No,Yes
2009-03-05,Brisbane,23.614135587935937,32.535338969839835,3.339923751272277,7.607067793967966,5.054775403251747,W,33.141355879359345,SW,E,4.0,13.0,75.8056356658809,67.98233051508008,1011.0469915452402,1008.1363898542884,6.946991545240245,6.0,26.57421183666366,29.71060169095195,No,Yes
2015-07-12,Brisbane,20.985281634989597,30.345237751889307,0.04632040874739884,8.061038773757803,11.756817854076155,E,28.579005109342486,ENE,ENE,8.15801021868497,12.768397956263005,50.96861737176445,46.737015328027454,1013.715691314118,1010.2125530512942,6.0,2.4632040874739882,28.072618875944656,29.04523775188931,No,Yes
2010-05-12,Brisbane,20.58423176614365,26.024151921499428,12.186426410482632,5.805589125095386,2.099600776778901,ENE,44.810379803748575,ENE,E,11.0,16.999999999999996,74.40319378576879,64.80638757153758,1017.5662667211942,1015.0275442355016,8.0,7.600798446442198,23.824950367941632,25.063273630413015,Yes,Yes
2014-01-10,Brisbane,23.409627603282473,33.91707553763302,0.11553123938967538,10.56893752122065,9.805903636107201,E,32.80744793435054,NE,E,5.807447934350542,16.61489586870108,53.25158842672148,63.22979173740217,1009.6177109083216,1008.8251588426722,1.192552065649459,3.8074479343505407,30.149682314655703,28.873296859084512,No,Yes
2011-08-21,Brisbane,13.20540754509332,22.102163018037327,0.0,3.991347927850687,5.192429436869351,E,20.04326036074656,SW,E,6.0,13.0,69.0540754509332,65.11896599205305,1025.1372724769176,1021.65133209416,1.0540754509332055,7.0,19.287021891776032,21.57620680158939,No,Yes
2014-01-01,Brisbane,13.82751269914037,18.84693568445104,3.8957193503318135,4.318612095897853,0.7433528228936241,SW,16.336413302382883,SSW,SSW,5.486705645787249,2.0,72.87629636502115,71.87629636502115,1020.6530643155489,1019.0504054447065,7.0,8.0,15.670865522033992,17.10624173239997,No,Yes
2009-06-01,Brisbane,20.912601928878292,28.706103287930002,1.922807014657095,2.264986409482894,7.441512231465394,ESE,29.0397825517263,SSW,ESE,8.675067952585529,11.0,73.0397825517263,65.58487768534604,1016.7083518633635,1013.8213491452601,6.740054362068424,6.870027181034212,23.35809241551632,26.07758833836119,No,Yes
2013-06-25,Brisbane,12.62126418914039,15.326795016629594,5.089797465838023,1.6377876690043178,0.32126418914038996,WSW,19.02370354638231,SW,W,6.007901182127437,5.204740709276463,92.40158023642549,90.0,1017.5109926523747,1014.6094124159492,7.598419763574513,8.0,13.342528378280779,14.604740709276461,Yes,Yes
2014-10-29,Brisbane,13.18917345586822,20.32704397060346,4.340521176453192,3.5621742647167545,4.916172647019684,SE,29.459568382450794,SSW,SE,6.837825735283245,10.297394117734035,77.27043970603457,66.08086323509842,1029.9188680881896,1026.462129485265,7.162174264716755,7.0,16.048607499963037,19.145956838245077,Yes,Yes
2011-12-07,Brisbane,20.915544643355986,24.35310602447857,11.517595965057522,5.385495538457917,0.0,SE,20.613984370635134,SW,SE,2.0,8.538861608389963,88.61398437063514,90.31089286711969,1016.0329096048863,1015.0489743391493,8.0,8.0,22.784715402097486,22.499219863639574,Yes,Yes
2013-06-09,Brisbane,19.145172921897252,30.579835273075812,0.10161448934962528,5.606457957398501,9.471762826327685,N,32.15321258875312,N,NNE,7.338714964498751,12.322570071002497,61.645140142005005,61.69357482249376,1017.887084085203,1012.0628995248509,2.6774299289975017,7.0,25.208072446748126,27.778220783726184,No,Yes
2012-01-19,Brisbane,14.934913353500967,22.658981105907966,15.127796742779001,3.320338762034996,5.938136808807522,ESE,42.43559609354506,SW,ESE,4.0,10.398306189825021,87.15762866575503,76.40677524069993,1024.854241045405,1022.1903426740156,3.6016938101749796,5.361016286104988,18.071014982111464,20.421185667122487,Yes,Yes
2014-12-01,Brisbane,24.52958196427828,28.895305464285215,7.9507423578555105,4.101414749989593,4.153054642852187,E,36.50225142873001,ENE,NE,7.4553060715822035,11.093890714295625,82.37556285718252,64.56334428577375,1018.4141474998959,1016.398649142762,8.0,6.046945357147813,25.58122185714088,28.257749178566968,Yes,Yes
2014-02-22,Brisbane,15.341137881394628,26.210683514499873,5.6663663742805035,2.8463637554035004,5.796820741175254,SW,31.702278381666257,W,NE,4.0,6.61590938850875,73.83408406429874,57.60908733789499,1017.3759041507546,1012.6911313342022,3.304543668947497,6.768181222982499,19.8954563310525,23.6172737986315,No,Yes
2011-06-08,Brisbane,16.0383794753229,18.866941256316046,5.401647537896285,2.058771099882582,0.13305874368395226,SSW,16.853072250293547,SW,SW,4.073463874853227,3.926536125146773,89.19189737661449,83.37555706374756,1013.6975286931555,1010.0783389554941,7.963268062573387,7.036731937426613,16.69347738146282,16.574287643801373,No,Yes
2012-09-15,Brisbane,18.98118650033168,29.587181078894996,0.017091894806669762,5.43418378961334,8.671810788949976,E,37.0,SE,E,7.085459474033348,19.786351314916626,55.51275684420009,51.427297370166734,1011.3632027646416,1010.9734703169067,2.0427297370166744,7.0,26.91881349966832,25.576913526630012,No,Yes
2012-12-29,Brisbane,20.173794304206034,27.682347469253273,4.38980823299603,5.773794304206033,6.778070886729655,SE,38.304822783175865,ESE,E,11.435851262145693,11.34758860841207,73.0,81.52411391587933,1016.8088262653733,1014.752411391588,6.304822783175863,5.826205695793966,24.63876234303871,24.12110981229198,Yes,Yes
2015-08-22,Brisbane,13.874304315238927,24.498460625740247,0.32030787485195,5.47969212514805,6.826080528326012,E,23.60153937425975,SW,ENE,5.60153937425975,7.000000000000001,60.38691531879212,84.82001186537674,1022.4191533441572,1019.0988454693052,2.9961515643506242,5.39846062574025,20.357460032471412,17.593072815831125,No,Yes
2013-06-30,Brisbane,19.72937753090654,28.332799477213847,0.0,8.074044415400769,6.3949764853342375,E,26.740444154007694,ENE,ENE,6.370222077003847,13.0,56.55733507595384,52.55733507595383,1015.0778667537977,1011.9446668844943,6.629777922996153,5.1488896149807655,25.93279947721385,27.095777269513466,No,Yes
2015-05-04,Brisbane,15.249769839580157,29.000797770470488,0.0,5.216324023036554,10.637956425340208,WSW,27.514268161255874,NW,ENE,2.432648046073107,10.567351953926893,62.83675976963446,53.56735195392689,1017.4502301604198,1012.4583921719382,1.0,1.7836759769634465,22.91712179350705,27.27916536816684,No,Yes
2011-11-26,Brisbane,15.248870973306104,24.43061060662971,0.5109562200058354,3.170783413317772,5.938611763274007,SE,28.408698166618038,SW,ESE,4.0,9.890437799941646,74.25564513346949,71.65737320035012,1025.8292165866822,1022.7511290266939,4.073041466705568,6.554781100029176,20.264176276620958,21.53130761660345,No,Yes
2012-03-14,Brisbane,14.1,22.475093330374612,0.5610903710278635,3.0,3.412639995561921,E,19.986370362151707,WSW,SE,4.0,7.791822217291022,85.40272592756966,84.65179262382352,1026.6665422261672,1023.8914488957925,6.597274072430341,5.208177782708977,17.16109037102786,19.690459253506194,No,Yes
2013-02-11,Brisbane,17.622591352494776,28.057635453699152,4.6600756020646426,6.175094502580803,8.715144903957235,ENE,30.0,WNW,ENE,6.525031500860268,13.100126003441073,73.82414947677276,59.52503150086027,1021.9320999390746,1018.7070684382144,4.4249054974191955,4.899873996558927,22.627723656107904,26.105132303613125,Yes,Yes
2013-03-05,Brisbane,19.728653430264277,29.73567328486786,4.290646465881141,6.923393243326029,8.115502962918658,ENE,26.09649948072709,WNW,ENE,6.739766632048472,11.616966216630145,64.90350051927291,60.52046673590306,1015.6657899688437,1011.9397666320485,4.04093347180611,4.04093347180611,25.583626611277555,28.047953326409694,No,Yes
2010-07-12,Brisbane,22.085070225923868,32.62166524427921,6.301776983908564,6.812198339451781,10.196950415137055,ENE,31.45425622705582,SW,E,5.030495848629451,15.362768681167466,61.84752075685274,55.423760378426365,1009.3261736628122,1008.10514471901,2.9390083027410965,3.4847520756852743,29.224714829142158,29.60031815023859,No,Yes
2013-01-24,Brisbane,21.64559317043431,32.13149131582412,0.0,8.824678245567846,12.001762731826275,NNE,26.035254636525497,NW,NNE,5.52644097739412,9.0,54.38542243129215,52.98237268173725,1013.3352546365254,1009.8808478069599,2.017627318262747,3.0352546365254938,27.950881365913137,31.029728583997844,No,Yes
2012-02-22,Brisbane,21.887175215323534,32.404030646612604,0.0,6.009526982902517,11.195969353387396,NE,22.040306466126033,W,NNE,4.007328448386552,7.014656896773103,74.90473017097483,59.00366422419327,1013.8853431032269,1009.5846102583882,5.996335775806724,6.003664224193276,26.50329780177395,29.99853431032269,No,Yes
2011-12-22,Brisbane,13.976921422895053,23.48204912680265,1.0871768307102392,9.394872296092407,6.276922400275249,SE,28.923074667584164,NW,NE,8.692308444138611,4.0,51.74358548321453,72.0,1016.9410284729221,1015.0230805318654,2.307691555861388,6.794872296092407,20.758972504458093,18.648716119262712,No,Yes
2012-12-29,Brisbane,13.27816738124533,21.643943102141257,0.8585908028550081,3.53661925178438,5.607184918040918,E,29.60985775535314,SW,ESE,5.07323850356876,9.780284489293718,72.92676149643124,76.19576578390323,1028.5707045985725,1026.1122527280336,3.0,5.14647700713752,17.23182930642377,18.83169037410781,No,Yes
2010-08-13,Brisbane,20.39826794225232,26.155611399590114,10.18349906348095,4.622937382935119,3.6753305593172003,NE,28.85231121228631,E,ENE,11.983499063480949,15.09818597815654,84.65593925597321,83.0330018730381,1016.6050322450515,1013.4574254214335,6.754125234129763,6.754125234129763,23.56873018470958,23.945792801774463,Yes,Yes
2011-08-22,Brisbane,14.172233085319897,22.600851358363105,0.1495743208184457,3.151277037544663,6.67648987713544,SE,29.7648987713544,SSW,SE,3.4957432081844573,7.260641979538858,79.01702716726217,79.18401972685908,1028.6025540750893,1026.3260641979539,5.252128395907771,6.243614812276686,18.120956047775238,19.93032098976943,No,Yes
2010-05-29,Brisbane,20.496513483976617,28.610459548070146,0.0,5.75816180771941,8.104595480701475,E,27.930269679532355,SSW,E,6.034865160233825,13.06973032046765,68.4421574362588,50.278921281870595,1019.8060236893577,1016.6304293015214,6.93026967953235,4.93026967953235,25.572107871812946,27.565134839766174,No,Yes
2013-06-13,Brisbane,21.30507855877216,29.331172829298755,1.6108585942101121,6.7362513880709125,10.80507855877216,NE,32.4746072061392,NNE,NNE,9.0,13.210157117544318,58.26445008859488,52.26445008859488,1015.7735549911405,1012.8735549911405,4.78984288245568,1.89492144122784,26.304727820439265,27.81015711754432,No,Yes
2010-08-27,Brisbane,24.028608718806034,32.834240951194055,1.482655745970008,7.94405072656717,11.452405812537357,NNE,37.0,NNW,NNE,10.30063408208962,16.901902246268858,61.83923910149245,66.83923910149245,1010.068481902388,1005.8845579922388,2.4196195507462286,1.559492734328305,29.722342404328398,30.10272285358216,No,Yes
2014-06-14,Brisbane,14.442567902226296,22.817027160890518,0.9085135804452585,3.1595950631168095,4.193649384897844,SE,27.085135804452584,SW,ESE,5.6277037066788775,10.255407413357757,78.28716048886855,71.63782712875863,1028.498987657792,1025.8904740773467,4.914864195547414,7.457432097773707,18.922365433784698,20.244730867569395,No,Yes
2011-05-27,Brisbane,20.47002279532671,27.06622675439715,14.3168134385419,5.091479304095506,5.723004198844429,SSE,33.91479304095506,S,SSW,8.697132573115821,10.697132573115821,72.86445111105444,68.86445111105444,1020.065917216382,1018.1271097777891,5.564679064321519,6.1735092982411395,24.461811637437343,25.587992801181077,No,Yes
2011-04-09,Brisbane,20.742344376925377,31.19719156423859,0.0,6.90816250057474,7.881632500114947,WNW,35.267853128017386,W,ENE,4.0,11.36224375086211,68.54847187313209,63.451528126867906,1012.7403093725574,1009.1857174975862,4.272959374856315,6.0,26.2780581273277,27.297446876580533,No,Yes
2013-01-20,Brisbane,18.026966466509784,26.438917690524015,0.38134146266429475,6.4,8.781920739023127,SE,32.04664634333926,SE,E,6.616615858348157,12.233231716696316,73.39359753658958,60.73033533490216,1022.8367377983126,1021.0600609699824,3.953353656660737,4.906707313321474,23.220259153188312,24.976234765195425,No,Yes
2011-02-13,Brisbane,23.773374001880057,28.453557010340315,17.139565210502884,2.0,0.0,E,34.64193655072976,E,E,15.310636644732657,15.399389971799133,88.17750665413296,94.1331299905997,1007.5047426804539,1007.0272360263208,8.0,8.0,24.964498669173413,24.08224933458671,Yes,Yes
2010-10-21,Brisbane,17.341799953375727,21.333025819987693,3.845264480032819,4.20877413338803,1.0773677599835907,ESE,14.33025819987693,WSW,E,4.443419399958977,7.295612933305986,89.96535473342904,84.19167713359315,1021.1965354733429,1017.3591225866611,7.852193533347008,6.852193533347008,18.97136124670632,20.240877413338804,Yes,Yes
2014-03-06,Brisbane,14.733787631562398,27.294823026301998,0.12752052630676225,4.591280789460144,5.553133552627818,S,17.495913157859633,SW,NE,4.177111842092725,4.177111842092725,68.14168947367418,60.00000000000001,1016.2768390789632,1012.4370571052747,3.106267105255635,7.035422368418545,21.259400657883454,25.134604999990476,No,Yes
2015-02-26,Brisbane,18.064525682684934,28.758596944317762,3.2205534462246197,7.597430819221923,7.703063394356097,ENE,35.025691807780774,NW,SE,4.987154096109613,13.380434980931417,59.251975942027556,70.55533549961665,1019.1251975942027,1017.7200592326467,2.974308192219226,4.987154096109613,24.715415084668464,24.159881534706802,No,Yes
2009-07-11,Brisbane,20.860563209116467,24.936821023362022,12.274848576181293,4.027364204672405,0.5746482981204845,ESE,52.83702130142283,SSE,SE,14.45271590655192,14.863178976637979,91.08450567293171,91.40040055612161,1016.1199198887757,1015.0583504282628,7.9315894883189895,7.79476846495697,21.409456818689616,21.653118893219737,Yes,Yes
2012-02-26,Brisbane,13.99436203642964,18.973521265452344,5.305914938190619,1.705914938190619,0.3205637963570358,SSW,26.557764508804883,SSW,SW,6.205637963570358,9.14648858166417,81.91266080024202,82.52957469095308,1012.9588724072859,1009.7735212654522,7.264787345476547,7.735212654523453,16.138308610928895,15.864787345476547,Yes,Yes
2013-12-25,Brisbane,14.128139096057753,21.4,0.9125563842310106,2.324661694613936,2.5034774014438166,ENE,20.939473448085376,WSW,SE,4.0,7.969736724042688,85.71860903942246,90.37218078844944,1028.1,1026.0060526551918,6.281390960577527,7.0,17.48441728817326,18.10650372903955,No,Yes
2012-12-14,Brisbane,21.15476836912959,27.622085996643023,4.450529818792177,4.153708731545239,5.306191432877716,SE,35.98940362415646,ESE,ESE,13.0,14.49470181207823,82.73675453019557,71.06357825506124,1014.6316227349023,1011.5842718288632,5.757947281882656,5.010596375843541,24.752649093960887,26.468377265097786,Yes,Yes
2012-11-11,Brisbane,21.484245366564117,29.307623209727037,0.0,9.577638584800686,8.30965606565425,NE,33.0,N,NNE,7.0,13.0,57.03049283890815,60.99491786018197,1016.8096560656543,1013.8918685762911,2.0,7.0,26.988311078418544,25.115246419454085,No,Yes
2010-09-09,Brisbane,21.726142863564775,27.53514289852855,11.302571224497145,5.122000029968951,3.478571464248751,E,42.04428580704675,ESE,ESE,15.957142928497502,13.0,69.17142828601,73.73714262880799,1010.1911428385906,1008.2998571264455,7.30428570715025,7.30428570715025,25.713285742114028,26.009000034963773,Yes,Yes
2011-11-09,Brisbane,19.41951343266927,27.460973134661458,13.370704481276077,4.390243283665365,5.804878358167318,S,28.63418656175125,SSE,ENE,4.243917908365865,9.195134326692692,82.4633806015951,67.60973134661461,1009.7536873095604,1005.3561328310741,7.951216418326827,1.2927014900390386,22.23171567051757,25.029270149003906,Yes,Yes
2012-11-03,Brisbane,13.529370678217182,26.85758831402251,0.10652050388015241,5.028274457318323,5.743451085363354,W,42.72821763580533,ESE,NNE,7.141372286591617,10.739179844793904,66.66301259700381,55.88055213138552,1013.8,1008.5619731976179,3.0,4.402192441797714,20.683727151056114,24.16630125970038,No,Yes
2012-06-01,Brisbane,16.327268164447702,25.92499749044623,3.271214706812969,4.645453632889541,6.394695068519876,ESE,29.6969757807364,WNW,ENE,6.0,11.0,87.05304931480126,59.18939013703975,1028.065919813548,1025.3318295888807,6.0,7.0,19.172721797337243,24.040148701409414,No,Yes
2009-02-18,Brisbane,21.25030035217425,30.237875440217813,0.0,8.402956051901981,11.235796709918318,N,29.78106227989109,E,NE,8.781062279891094,16.999999999999996,61.56212455978218,55.5769048192921,1012.8139029379073,1009.9482216218747,3.109468860054454,6.562124559782184,27.47367215013614,28.815981668206923,No,Yes
2014-04-09,Brisbane,15.168343979290418,22.915583944774454,0.5266240828383191,5.610063875742521,3.8894479930968067,E,32.788959861936135,SW,ESE,6.0,6.1055200690319325,69.31656020709579,70.68832110451092,1027.752760034516,1026.0949680621286,5.683439792904203,7.0,20.2417198964521,21.999023737678655,No,Yes
2012-07-13,Brisbane,13.24262332427476,20.836656058876294,0.6034098659419808,2.620459195651885,0.7085246648549518,E,13.170493297099037,S,ENE,2.0170493297099035,6.042623324274759,91.81245737319105,62.880654692030674,1021.103409865942,1015.8375085253618,8.0,7.008524664854952,15.768197318839613,20.041770857789263,No,Yes
2014-11-28,Brisbane,23.44921362099139,32.0246068104957,2.8892693527693774,6.873820431487082,10.166235300290907,SW,81.33904029154066,NNE,NE,6.061517026239235,12.75393189504306,54.79972134111006,52.10730647230623,1015.9432012478125,1011.706291032069,6.0,1.3691021574354103,28.71845510787177,30.1,Yes,Yes
2010-01-01,Brisbane,21.229743761482478,28.872137553584892,0.17658125382749223,7.151281192587616,7.32812203384093,SE,46.477781498787,SE,SE,13.702562385175233,16.999999999999996,69.59487522964953,67.522218501213,1019.4550438227224,1017.6613688380323,6.117093730862539,7.117093730862539,25.78829062691375,25.8955562997574,No,Yes
2010-06-10,Brisbane,21.35788447359702,27.725726432709784,39.50507624358618,5.625881469334575,1.9450212572421264,NE,26.967841959112764,NNE,ENE,4.580395102218084,14.032158040887232,88.12863216354893,72.51607902044361,1016.1807051754677,1013.8065866448022,8.0,5.45176293866915,23.358039510221815,26.054668669508295,Yes,Yes
2009-10-14,Brisbane,12.697165091389039,22.596321189166378,0.181302743888916,2.656091768333252,8.29348628055542,SE,32.5325685972229,SW,SE,6.0,16.62605487777832,66.81302743888916,58.78467835277955,1028.1569356705559,1025.7036788108335,2.81302743888916,5.5325685972229,17.671954115833373,20.915018445277465,No,Yes
2010-07-24,Brisbane,22.014417269696512,26.614570751009104,4.485889692928681,7.4573621161608505,1.1001534813125964,ENE,41.430215871206386,ENE,E,13.285275767678296,10.715491638884684,73.14340529040213,81.1403356641502,1012.4710887199508,1010.9710119792944,8.0,8.0,25.328757798736728,23.84340529040213,Yes,Yes
2009-06-22,Brisbane,14.234159924200766,25.02049595452046,2.0273279393606125,3.4648448040426256,7.677142376754903,E,45.18758432341007,SSW,NE,6.337887989893436,12.324224020213128,74.32422402021312,61.32422402021312,1018.0242240202132,1013.2324224020214,6.324224020213129,4.0,19.266582326222082,23.89080634643521,No,Yes
2012-12-15,Brisbane,19.211521735175552,25.30092275237321,1.2774190576072821,5.641475482379715,2.447005085988297,E,28.281105460013006,NNE,NE,5.087557815994798,6.718894539986996,73.51151712808843,76.14285385208063,1016.4497687360208,1012.5953908452211,7.0,7.4562210920026,22.467742827178153,23.650231263979197,No,Yes
2012-07-14,Brisbane,20.994854983784855,24.525217087262362,8.676224333682033,5.095362977598212,0.0,W,42.50942168338083,N,SW,6.322464401536743,4.406521359077955,81.03260679538978,92.00000000000001,1008.17855158609,1006.5836966023052,8.0,8.0,22.730362103477507,17.6826806146784,No,Yes
2010-06-29,Brisbane,13.338616194511115,23.745917105360185,0.14678198379074034,1.9467819837907405,7.208165789279625,WNW,39.935639675814805,NNE,W,6.201729756861105,20.669549594768508,72.7339099189537,52.57924291766673,1013.7266090081047,1009.3201729756861,4.798270243138894,2.5965404862777897,20.03304504052315,22.308165789279624,No,Yes
2011-02-19,Brisbane,20.143621906345874,25.98724381269175,44.47806777889049,2.3212603121804145,0.6127561873082489,ESE,27.818904682706226,S,S,8.776384058345393,7.648822185262905,79.0960540685721,81.26613656601543,1016.6881920291726,1015.2179564662254,7.478739687819585,7.478739687819585,23.412756187308254,22.965983500511335,Yes,Yes
2010-03-08,Brisbane,18.980092462173193,27.987805025009276,0.9164140702762876,5.494528643241238,8.281344723646392,SSE,38.18655276353608,SSE,SE,10.736321608103095,12.450231155432984,67.60448241215465,70.0224120607732,1022.9047457290237,1020.342056281731,5.263678391896907,3.5273567837938122,24.574621105414433,24.600988944604126,No,Yes
2011-10-17,Brisbane,14.532071701617,25.36225761613613,0.14717131935320074,8.611314722587197,9.816972083880795,ESE,31.98114212902134,SE,E,7.490571064510669,15.490571064510668,54.16985404834068,54.50942893548933,1020.4547411096512,1017.8019124290043,3.735856596766004,3.9811421290213382,22.388671956459532,23.664143403233997,No,Yes
2011-06-20,Brisbane,18.48670329851263,30.183213187464546,0.0,5.851745055524042,8.304542857613283,NE,19.78670329851263,NW,NE,4.314681319405053,7.314681319405052,66.0,60.25872527762021,1017.2010527465651,1013.0842659340298,3.685318680594948,6.055956041784844,24.972021979107577,27.70908571522657,No,Yes
2013-11-22,Brisbane,20.38872018959413,29.37744037918826,0.0,5.328320084264059,6.162400631980433,NE,23.679199789339854,W,NE,4.0,8.679199789339854,63.245601474621004,59.83959989466993,1015.6631597788069,1012.2867196629437,6.0,6.839599894669928,26.08020005266504,27.817040273858186,No,Yes
2014-02-24,Brisbane,21.733198224250952,23.769031075608336,38.501988026220964,4.065180466760476,0.9686257483611899,SE,29.331982242509522,SSE,SSW,3.6700443937261893,7.002026636235714,89.32184906133097,86.64977803136905,1012.4336035514981,1010.1674097666197,7.665991121254762,7.3319822425095245,23.30182397261214,23.002026636235712,Yes,Yes
2012-06-26,Brisbane,19.034166043821426,27.35351105947193,14.769413392760258,4.895476012520407,2.9160700939030524,NE,20.95476012520407,SSW,NE,2.4773800626020352,9.0,83.83929906096947,76.74881931137762,1012.6502361377245,1008.0798781940663,6.761309968698982,6.238690031301018,21.96505716589539,24.050236137724475,No,Yes
2013-05-09,Brisbane,15.009728948470784,23.9607921938276,4.6978735092863655,2.6474217567376725,6.688756053623705,SE,23.188464041334445,S,SE,4.139819298980523,9.419457896941568,85.95135525764609,67.81153595866556,1025.872036140204,1022.2699096494903,6.650451752548693,5.860180701019477,17.691494037145468,22.067783158776628,Yes,Yes
2011-08-24,Brisbane,10.357256160011529,16.389006388160105,0.1905013688914512,2.2729990874056996,0.4445031940800528,WNW,17.952506844457258,WSW,WNW,3.788331812342832,4.211668187657168,70.96335462720036,64.68249771851424,1019.9649954370285,1017.0274111150512,8.0,7.894165906171416,12.787921609885796,16.178422978777245,No,Yes
2014-01-04,Brisbane,19.911320347140453,27.75111849474837,14.780605557176248,3.8989907380395885,2.755550940782268,ESE,34.91312040548536,SW,ESE,4.0,7.505046309802062,83.10706483372287,87.97981476079175,1015.017157453327,1012.526854674739,6.494953690197939,7.096972214118763,23.221017568552334,22.446467583138556,Yes,Yes
2013-11-19,Brisbane,24.713532923871004,29.29736523354851,0.9729341522579928,4.086467076128997,3.9918563062364933,E,33.29700614193494,ENE,NE,6.189221539785007,11.756886159140024,81.81077846021499,67.0275446365601,1018.1889821453759,1016.4674252249458,7.810778460214994,6.189221539785006,25.921676617634517,28.224311384085993,No,Yes
2010-09-17,Brisbane,17.433075111588085,21.306526580506684,3.915929118648841,4.326548531081401,1.0420354406755796,ESE,14.065265805066847,WSW,E,4.35508860168895,7.2367257344593,90.17145992939246,84.75110552263665,1021.2171459929392,1017.3473451468917,7.88163713277035,6.88163713277035,19.05674768503401,20.25265485310814,Yes,Yes
2011-12-21,Brisbane,22.34970987464038,28.42321082708905,0.384526115273963,7.0,9.718181854469066,E,33.07736942363018,ENE,ENE,16.845261152739628,11.30947769452074,66.0386847118151,60.232108270890556,1006.6294003011476,1004.6371372435107,6.038684711815092,6.038684711815092,27.065183759366416,27.084526115273963,No,Yes
2011-10-20,Brisbane,18.667264995615007,27.553452999123003,0.3861880035079934,6.348341987722023,8.453452999123002,SE,40.2071799473801,SSE,SE,11.0,12.069059982460033,68.0,67.72376007015987,1020.1168540719137,1017.4237600701599,4.465470008769984,4.603589973690049,24.68798299035302,24.313811996492007,No,Yes
2010-02-22,Brisbane,13.67255711186312,21.66372144406844,1.9032571841825052,3.0614001446387684,5.1790714802281315,E,34.51628592091252,WSW,SE,8.395357401140657,13.0,72.69299927680615,65.45114223726242,1028.8911643322053,1025.7032571841826,6.120928519771868,5.241857039543737,17.17255711186312,19.48790714802281,Yes,Yes
2015-03-17,Brisbane,22.695883863396226,31.707717756132073,0.0,7.2010290341509435,9.412862926886788,NE,24.000000000000004,NW,NE,5.989709658490571,9.0,65.97427414622642,66.93311278018871,1015.5778757657547,1012.9747886633019,1.9948548292452852,1.0,27.50205806830189,29.911833892735835,No,Yes
2010-04-04,Brisbane,23.5598407522243,33.313856677001866,0.0,6.6199469174081,10.350132706479751,ENE,27.2797876696324,E,NE,7.360106165183799,15.5595753392648,58.540159247775705,45.980583908510894,1012.5603715781433,1009.23239281118,3.8199469174081,3.0,29.321888526557007,31.803883218297823,No,Yes
2014-02-09,Brisbane,23.259849547730212,30.30576264537243,1.6970246446451684,7.759849547730216,4.97453825916714,SE,35.0,NW,E,4.0,8.542749676950153,76.79924773865106,80.99811934662767,1016.8057626453724,1014.7799247738651,5.314124515425229,7.314124515425229,26.531412451542526,25.226025936844554,No,Yes
2013-04-29,Brisbane,16.384311620676044,22.373896072191897,5.470467593762334,0.9104155484841492,1.1813117020501782,ENE,32.36090916488558,ESE,SE,2.8216882165756894,12.63480523707747,91.1783117834243,60.65194762922528,1024.3379352688987,1021.2566235668487,7.091298690730632,7.091298690730632,17.993870049552804,20.700428559803697,No,Yes
2014-12-16,Brisbane,22.4,34.99540754293155,0.0,7.802464245256241,12.593839386859397,NE,24.00448044592044,ENE,NE,2.004480445920438,9.004480445920438,58.00112011148011,40.03248323292318,1006.7082888249528,1003.109520947581,1.006720668880657,3.0033603344403286,29.898095810483813,33.79339134226735,No,Yes
2012-03-14,Brisbane,11.844381826496026,17.067981643583487,0.2,2.712363470079514,0.556181735039757,SW,13.0,SW,SW,5.112363470079514,2.0,70.66290958976145,67.88763652992048,1023.5859458453132,1021.4646002743689,7.443818264960243,8.0,13.589327214527827,15.81123634700795,No,Yes
2012-07-27,Brisbane,19.73274691015917,27.048672839243007,5.256666638245412,6.880524697410699,2.345570991733297,ENE,29.163734550795848,ENE,ENE,8.677006158365717,14.703549373505455,64.65046294322599,59.677006158365714,1016.2247839456172,1013.7411574006968,7.243364196215065,7.0,24.79469135697206,25.848672839243015,No,Yes
2011-11-05,Brisbane,14.511967503953139,25.327410340185438,0.15521299841874478,8.57914800632502,9.76872200948753,ESE,32.03475332279163,SE,E,7.517376661395816,15.517376661395813,54.397701621864435,54.48262333860419,1020.5834079746999,1017.9386209731186,3.776064992093724,4.034753322791632,22.34980384097607,23.623935007906276,No,Yes
2011-10-28,Brisbane,14.129183197945968,21.632616765652322,0.42489230209204476,3.288411177101548,6.1545062916698345,SSE,26.965664322936462,WSW,SE,6.57939859376188,11.0,79.38626572917458,65.44205588550774,1021.9845510728794,1018.8004307916319,6.193132864587293,5.193132864587293,16.367809770863428,19.63390488543171,No,Yes
2009-12-18,Brisbane,22.343884850957156,32.3915901775532,0.0,7.91773751425518,11.497246391915256,NE,31.0932769180838,NNW,NNE,9.168196448935968,13.336392897871939,55.756884020211864,55.25229467340395,1008.8214089917016,1004.5550482814887,1.3363928978719386,3.252294673403954,27.75886875712759,30.874770532659603,No,Yes
2012-02-28,Brisbane,17.287104962572062,24.12595810136943,63.04581723929178,11.62897897868617,1.2404475907125134,E,31.45062919944402,ESE,SE,9.367832117483536,8.71496496447695,83.14489489343083,86.06209781147037,1022.8377341620161,1021.6662376655684,7.673566423496707,7.673566423496707,21.613538539075357,20.938377663663502,No,Yes
2013-05-29,Brisbane,20.879922156154418,25.87684071353232,21.16445032064131,4.400778438455853,4.225494601835237,E,30.799221561544147,ESE,ESE,8.119688624617659,12.119688624617659,84.23548505695607,77.51346111697083,1015.2131365201456,1013.1131365201455,7.5598443123088295,6.239377249235318,24.584560475688217,25.152902988608787,Yes,Yes
2013-03-05,Brisbane,14.1,21.608518942204462,0.7536624572878969,3.0,2.1127784133066956,E,17.57921928390129,WSW,SE,4.0,6.347531570340773,85.88415614321973,93.79896672117509,1027.8219747437274,1025.913455801523,6.115843856780257,6.652468429659227,17.353662457287896,18.0054534987309,No,Yes
2010-06-20,Brisbane,22.02466092760264,32.70135628958944,0.0,7.649321855205281,11.83766953619868,NE,27.739827828079207,NW,NNE,7.1165231900660055,11.493218552052804,57.260172171920786,54.62330463801321,1009.4300860859603,1005.5444509841459,1.0,2.2466092760264025,27.775339072397365,31.38970397058284,No,Yes
2009-03-05,Brisbane,21.666432102784917,31.57006106464601,2.1800407097640053,2.016330328374905,10.249194533944742,W,31.01814480930545,SE,ENE,6.972782786041825,12.936493167430925,72.00907240465273,62.09979645117998,1009.4480837446595,1006.1453620232636,4.009072404652725,2.05443442791635,27.167339343250195,31.041029369757293,No,Yes
2012-07-25,Brisbane,17.039000928649163,26.758775074248653,0.0,3.256038261499525,3.8840573922492876,W,30.642832466497943,SSW,ENE,4.362641159000316,6.0,75.90112927200254,73.54396173850047,1014.5549435364,1011.0637358841001,5.5439617385004745,8.0,22.18569947989877,23.167567421948753,No,Yes
2014-03-08,Brisbane,24.76784230686881,34.413703845156974,0.23120769256774445,9.434825640389956,7.647670512199277,E,32.743102563813615,S,E,6.642243590465957,13.97241025525447,56.669833335211486,56.05517948949106,1011.9908641032288,1010.959656410661,5.128448718093192,3.5137948723727654,30.293532050487446,32.41094487068243,No,Yes
2011-12-16,Brisbane,16.55168878101084,27.468345832745253,0.0,6.363366024102978,9.78832275690786,NE,30.85002884479674,NNE,NE,6.149971155203255,10.700057689593487,55.44991346560977,51.56668589653116,1017.5483112189892,1013.3916426293359,1.7166570517344184,3.0,24.585002884479678,25.82667435861247,No,Yes
2011-01-05,Brisbane,23.785257825009428,28.57051565001885,15.282062600075406,2.0479120687193655,0.003685543747643494,E,33.110566312429306,E,E,14.963144562523565,14.999999999999998,88.03685543747645,93.92628912504712,1007.7773964187006,1007.4644970155837,8.0,8.0,24.987100596883252,24.083415053135607,Yes,Yes
2012-06-20,Brisbane,12.686448156778503,18.524535137718235,15.175732711947822,0.8813110593289851,0.0,SSE,28.245351377182367,SW,SSE,5.135518432214976,12.677592161074877,98.0,85.1098329449674,1019.056066822013,1014.1721872139593,7.567759216107488,7.0,14.05163882416123,17.54065552966449,Yes,Yes
2011-02-18,Brisbane,14.967113029989104,20.179331734923295,2.0784204643641564,3.6639513989035124,3.444498161238997,ESE,39.71793445339928,SSE,SE,9.959270983552688,13.319756994517562,77.03769144791684,71.31671942598709,1028.2018225411182,1026.5297253389251,7.159878497258781,7.159878497258781,17.183404636568028,19.29969624314695,No,Yes
2010-12-21,Brisbane,21.964738094762378,27.341220550727463,22.148723479728304,4.4431395154219215,1.0941278193986461,SE,35.705814537342356,SSW,SE,4.0,12.215697577109607,82.56860484578077,67.01947786323952,1018.5529360903007,1015.7627326651794,7.392151211445197,7.392151211445197,23.305901002230854,26.023575187293904,Yes,Yes
2010-03-31,Brisbane,22.064100535315234,32.54359785873906,0.0,7.728201070630467,11.817949732342383,NE,28.923016059456998,NW,NNE,8.102513382880833,12.282010706304666,56.076983940542995,54.82050267657617,1008.8384919702714,1004.7359390260377,1.0,2.641005353152333,27.735899464684767,31.133346520450985,No,Yes
2014-06-04,Brisbane,22.34630116594948,27.758137434911145,9.65500570521965,5.971453237493012,6.104960555809205,ESE,33.44821632329273,ENE,E,9.463011659494809,14.999999999999998,68.63533614443391,69.89643264658547,1014.6571798562395,1012.2557003226193,6.492602331898961,5.738903497848442,25.57832895064547,25.552219300430313,No,Yes
2012-10-22,Brisbane,21.150898152863935,28.183210472806117,0.0,9.41985256736734,5.466420945612233,ENE,31.521648873095213,ENE,ENE,6.0,13.0,58.63357905438777,59.366420945612234,1016.6409718691802,1014.8664209456123,6.211193018129256,5.422386036258511,25.94097186918027,27.062091170993188,No,Yes
2012-05-06,Brisbane,17.569134383330432,27.160630212961347,25.76114921608056,8.0787395740773,7.12236144630049,E,25.21627432715297,S,E,3.5637812777681006,11.957479148154599,76.26246524692434,63.39002780246054,1017.4872437444462,1013.1521260425923,6.826246524692433,2.868767376537834,22.112389248761026,25.7,Yes,Yes
2014-06-01,Brisbane,20.80211034110329,24.854071100711447,4.7292456124557605,3.5957793177934265,0.8936689766901398,E,35.62512465124594,SE,E,5.60402124021307,10.08341643416396,84.18793627936078,86.18793627936078,1019.3917580775803,1015.4813060930607,7.54170821708198,7.7708541085409895,23.572864728647524,23.849950139501622,Yes,Yes
2012-03-09,Brisbane,22.336623453594648,28.352568099430705,1.1062082973650695,5.5367574659076055,2.579187179928451,S,30.84189366476901,SSW,E,4.0,10.894595776512677,82.05270211174367,78.42027677081971,1013.1839213418509,1010.1995979630611,7.052702111743662,7.631085217794366,26.552300074804794,25.663108521779435,No,Yes
2012-06-05,Brisbane,21.417331550055774,26.632755173864545,15.204856539537825,5.431887934661361,0.3161174151713174,E,31.164643108525905,ESE,E,5.164643108525906,8.663775869322723,92.0104068704382,90.34142756589637,1011.8637758693228,1009.5303269040955,7.833622413067728,7.833622413067728,23.616117415171317,24.83362241306773,Yes,Yes
2015-04-05,Brisbane,20.32673612717609,30.24269318921852,0.0916062829871458,7.491606282987147,8.94953193009385,SE,31.854921462660677,E,NE,7.145078537339322,11.396890047724948,64.97720419708223,64.06114136721078,1009.6427989570476,1005.538239796464,2.6031099522750516,3.3740942448071873,26.067149736102834,28.517512038179955,No,Yes
2012-04-04,Brisbane,20.058858410125783,28.959431221172096,0.0,7.11771682025157,10.792000806443681,NE,29.78856394016582,N,NNE,4.874283986192111,12.748567972384224,63.371419930960556,57.205707949371075,1018.1114259792881,1014.5742839861922,5.417144009205259,5.8342880184105175,25.872002822552886,27.26343081795026,No,Yes
2013-03-27,Brisbane,16.948405448710165,27.006542894152975,0.0,5.789848779320699,2.6530618351031547,SE,36.84353945034385,WSW,E,4.0,8.262164995915796,69.84144333061053,52.26216499591579,1015.8237011559116,1011.9448420451636,7.0,6.473573888435088,21.485402004901044,25.969755949935426,No,Yes
2012-04-17,Brisbane,22.349755624691415,29.14668519059133,0.22316818422351933,5.481088644782318,9.360990894658883,ESE,33.115840921117595,SE,E,10.884159078882403,15.115840921117595,64.1737613816764,61.478715854970815,1014.5108864478232,1012.6877182635997,2.231681842235193,7.0,26.135101098479574,27.14668519059133,No,Yes
2011-01-13,Brisbane,18.786283445417016,22.57012223289686,5.856405678313872,5.110366698690576,0.28383878747984526,E,28.224083253273566,W,ESE,4.149388835515707,2.37347208878927,87.73019489811648,79.44816650654712,1018.8544136193543,1016.1664552459911,7.62652791121073,7.925305582242146,19.362652791121068,20.080488931587436,Yes,Yes
2013-08-09,Brisbane,17.824417170874725,26.484970887031608,4.5409658636794585,0.4066194771218933,6.606348898233644,E,19.066194771218935,SSW,NE,7.295170681602704,7.623438748814874,79.40965863679459,63.837218860835165,1017.2529558169753,1013.9710240896164,3.5903413632054093,2.737926704006762,21.16869277311513,23.675041671348776,Yes,Yes
2012-02-27,Brisbane,22.655667677377913,28.070445118251936,0.8019703254498706,6.782267070951164,5.957638002827783,E,28.049258136246767,S,ESE,8.950741863753235,7.039406508997413,77.92118698200518,87.61578653727524,1015.262065251671,1013.5660059025707,7.009851627249353,7.009851627249353,26.571430280976884,26.88029674550129,No,Yes
2012-02-09,Brisbane,14.535239425411396,21.25918716822464,4.7831059370638425,2.6591581942505966,0.291552968531921,E,23.943686456879476,SSE,E,2.0,10.29579097125298,90.54920191529537,72.95761997278939,1024.7337881258725,1021.6605515458416,7.0,8.0,18.58876626534994,20.091581942505965,Yes,Yes
2012-08-24,Brisbane,20.067574984206193,27.10136247630929,15.970574352453907,3.9324250157938074,5.141870878082454,SE,39.21616677195871,SE,ESE,10.783833228041287,14.783833228041287,78.68937460515484,60.891916614020644,1014.363396083402,1012.3201627290102,7.445958307010321,7.0,24.39863752369071,25.95676664560826,Yes,Yes
2014-02-11,Brisbane,22.20660310076267,29.902625581349728,59.348598451118754,5.578838759648774,6.333890697596596,NE,24.704852713196185,NW,NE,4.590294573607631,7.942720930205724,77.27764341113895,74.40095348855995,1013.0977728681536,1010.4625302324937,4.114558139588555,3.4669844961866465,26.019809302288014,28.03214031003011,No,Yes
2011-01-24,Brisbane,14.02374799176278,19.00900231897976,1.8867249689257455,2.318879171845709,1.7237479917627814,WSW,13.0,SW,SW,4.0,5.783187577685636,92.59439585922856,76.923291096972,1020.3349562733057,1016.46784579708,8.0,6.216812422314364,14.899264679145617,18.333485631596925,Yes,Yes
2011-04-22,Brisbane,21.44525103436506,25.724951110352606,20.228689352399215,3.811171493703611,1.918061302028109,E,37.98695938527308,ESE,ESE,12.83612260405622,13.0,81.65550958377513,83.7244076670201,1011.0026081229454,1009.0176918010671,7.616387739594378,7.616387739594378,24.496087815581927,24.479700075987548,Yes,Yes
2014-12-02,Brisbane,20.45750274697763,28.84749908434079,11.451861951856252,7.9212486265111846,8.803121566277962,E,29.86874771085197,S,ESE,9.0,10.737495421703949,81.73749542170395,49.69067192753453,1019.87186927713,1017.3309328072467,6.065626144574013,1.3937568674440777,22.769067192753457,28.39499816868158,No,Yes
2010-10-08,Brisbane,12.54278964207405,22.93593366325935,0.10709223155553545,2.6,5.71122897918539,ENE,17.929077684444646,S,ENE,5.286051789629764,6.0,69.81915041999909,57.249409368147916,1020.8535461157778,1017.5251771895557,6.3569741051851185,7.0,18.73959790540753,21.971631073777857,No,Yes
2012-07-17,Brisbane,19.14478288275093,28.229282295034754,0.07436670584774492,5.8050663532180415,7.811248530709566,N,22.74366705847745,SW,E,4.743667058477449,6.397165295328928,73.5126658830451,62.34650176314852,1016.0439685865396,1012.8414354099305,6.3718335292387245,4.487334116954898,23.684499412283827,26.58561523655731,No,Yes
2011-03-12,Brisbane,15.706071783214531,22.114800397200277,3.6899429706286497,3.8724857426571617,3.1161288125858815,SE,28.71821534964359,SSE,ESE,6.54364306992872,8.087286139857438,72.81878564335709,75.55692722378478,1024.9046494538495,1021.276470988814,7.0,7.818785643357094,20.542314654543112,20.44165044685031,Yes,Yes
2014-06-05,Brisbane,22.97073512552975,28.948494750186974,2.690968501121824,8.305017499376763,5.352508749688383,ENE,26.272578747195443,ESE,ENE,6.747491250311617,11.505017499376766,73.69731625654397,62.242473750934856,1017.1494982500624,1014.9020069997507,6.747491250311618,6.494982500623236,24.95451574943909,27.698996500124647,No,Yes
2012-11-09,Brisbane,20.401544219768446,22.405868035120108,7.996705664493972,5.399794104030874,0.0,W,22.0,WNW,SSE,4.002058959691267,5.995882080617466,87.98455780231549,91.00102947984563,1016.9994852600772,1015.2,8.0,8.0,22.10247075162952,19.802264855660393,Yes,Yes
2015-06-10,Brisbane,15.050303854270158,28.57614329624799,0.0,4.872849373378595,9.764246866892975,WNW,29.178765665535128,NNW,ENE,2.0,11.0,65.47681484983026,55.90725939932107,1017.8245282573342,1013.0582986522155,1.7946914163837826,2.635753133107026,22.419187751197075,26.43111610307308,No,Yes
2012-02-26,Brisbane,20.955955183476018,27.283932775214023,48.8692051907051,4.0489892004892045,0.1594381749694247,ESE,24.685394167685843,SE,S,4.342697083842922,4.937078833537169,89.0,88.40561825030575,1013.8153933584454,1011.9433709501835,8.0,8.0,23.053146058323144,23.940561825030578,No,Yes
2014-02-18,Brisbane,19.35999871616686,25.865061438519255,22.667342552202413,4.832910904873489,1.0387339984536128,SSE,22.835445475632554,WSW,SE,4.11139273008434,5.88860726991566,81.9468382057169,85.72405274554822,1018.4397478267573,1017.0227854601686,7.05569636504217,8.0,23.365061438519263,22.89316307811625,Yes,Yes
2013-10-04,Brisbane,20.306580859081155,30.026270846520678,0.020438723938743797,7.154735312735075,9.100696146695272,E,28.715355337856035,E,E,6.919742577243471,13.408774478774875,54.63509791509951,49.57677668928017,1015.8503480733475,1013.8685931775925,2.613161718162314,3.510968098468595,27.067148294398166,28.324077226826958,No,Yes
2009-09-16,Brisbane,19.02115233101559,26.194047443784804,1.8792615038154452,6.329364962523203,6.683367819569252,SSE,30.271048872307826,WSW,SE,8.562629323384698,11.0,80.70841954892312,80.64682481261602,1015.7704281200613,1012.9829539847383,6.854209774461566,5.854209774461566,21.391994285907902,22.145997142953952,No,Yes
2009-07-26,Brisbane,21.8,27.89190361515255,2.318906023332193,5.494595180757628,4.445973495608496,SSE,40.05404819242372,S,SSE,14.054048192423725,14.999999999999998,72.22965059772028,70.86477107877958,1018.5162361457594,1017.9378554227288,6.108096384847448,6.581072288635586,24.828391567046623,25.1743433746229,No,Yes
2012-12-20,Brisbane,18.781063121939034,21.91257814423971,6.607366126399173,4.877762297399691,0.5744614728603411,WNW,21.129603828999485,WNW,SE,4.348158468400207,6.174079234200104,85.56289072119856,90.65184153159979,1017.2785267747201,1015.3566713107801,7.651841531599793,8.0,20.95107705427932,19.399617761339766,No,Yes
2011-06-18,Brisbane,17.027477617446035,27.576664832941027,0.0,4.645201820832023,9.464551593228022,SE,27.403251138020018,SSW,E,6.895123292969978,15.209753414060044,63.790246585939954,56.08862101692995,1024.003985394663,1021.0233351670591,1.2983744309899925,3.2983744309899925,23.34845295885204,25.90812784505004,No,Yes
2013-05-20,Brisbane,22.999471646724718,32.495503347921236,0.0,8.447619585641798,8.87592603054146,SSE,29.8796301527073,SW,E,6.160052835327528,14.359788658689885,66.56084536524044,64.0,1013.3924596673495,1011.0523804143583,5.3597886586898875,3.8399471646724717,28.475397677266184,29.091535049117756,No,Yes
2012-05-28,Brisbane,14.049474709907578,19.26306331989917,8.226756987909255,0.9269671039462256,1.1586038219142976,SSE,21.54564556003361,SSW,SSE,4.0,6.772822780016805,96.18258224013445,82.95330385978154,1021.7133784939547,1017.4087088799329,7.0,7.0,14.994700037867243,18.222297489924383,Yes,Yes
2011-10-19,Brisbane,21.95212883927544,32.63803220981886,0.2760644196377207,6.847871160724559,5.098139575881728,SE,39.54919475452849,WSW,E,4.0,5.610375781220038,69.0704831472829,50.76064419637721,1006.3023972544327,1002.6413596763106,6.309838950905698,5.309838950905698,26.62300536830315,31.515957053574848,No,Yes
2013-09-08,Brisbane,23.271662183976556,28.476730285104054,5.572315438335083,2.894931898872498,1.0423978483087462,SE,37.52534050563751,SW,SE,8.343324367953109,17.94931898872498,71.3640322753688,64.21198924154372,1010.2041415814831,1009.943542119406,7.131335126409378,7.131335126409378,27.3140600322853,26.713133512640937,Yes,Yes
2010-08-26,Brisbane,20.747221729012917,29.20763802577261,0.37361086450645853,6.463891354935415,5.681248890279063,E,36.208325935193756,SE,E,9.0,14.736108645064585,66.86805432253229,58.36108645064586,1019.6847239484548,1017.3111130839484,3.659728387338536,7.0,24.902081483798447,27.273610864506466,No,Yes
2009-05-11,Brisbane,20.162497689151778,28.033825976192237,64.42800669581436,1.9029373703676309,6.550009243392897,E,30.0,ESE,ENE,6.889709960320395,14.705893227521054,83.55145019839802,68.0293737036763,1017.616922231489,1014.831627570113,6.073526693119736,5.1102900396796045,24.648531314816186,26.830149641536245,Yes,Yes
2014-12-23,Brisbane,20.421576811639156,28.906093058757445,5.037227968512916,9.006260462749502,9.44069300787177,ESE,38.74958149001987,SE,E,7.0,13.062604627495032,79.0609305875745,87.93572133258445,1020.424874447006,1019.4654000508857,2.031302313747516,6.8747907450099355,24.55304652937873,22.65634416474553,No,Yes
2009-11-22,Brisbane,23.143159113855265,28.64315911385527,0.9136817722894691,5.847556187526319,2.366937207618425,SE,44.8811095311842,SE,SE,14.07491973210526,14.881109531184201,67.80618979907894,69.77524080368423,1019.553255435329,1018.8382714889079,7.268729933026314,7.268729933026314,25.873127006697374,24.77622190623684,No,Yes
2010-04-13,Brisbane,18.210001472990417,28.2028617722556,0.0723803912417453,5.672380391241744,9.793337261307784,SE,28.271426467156545,SSE,E,5.819049021895637,16.09524510947818,64.26188722630454,56.171411737252356,1023.2257117605878,1020.1980921518295,1.3619019562087264,3.3619019562087264,24.402384810213,26.72143383210864,No,Yes
2014-08-12,Brisbane,13.869951373771013,23.92731146586351,0.313807797396503,6.4855839447445005,8.328832110510998,ESE,30.713199539537506,SE,ESE,11.0,14.999999999999998,57.56903898698252,50.85888073674,1026.1015206446475,1023.1726885341363,5.0,6.142639907907501,20.213199539537506,21.84142339218951,No,Yes
2010-11-02,Brisbane,19.170959055459583,27.456767244367658,0.19290409445404172,5.263863149913625,7.032588897313396,E,33.07095905545958,E,ENE,6.248356694108541,15.141918110919168,67.96452047227021,50.567672443676656,1019.0361368500865,1016.3680684250431,7.0,7.0,22.920630394281293,25.73547952772979,No,Yes
2013-05-08,Brisbane,13.5874167136838,23.823755396060946,0.5277930274361863,5.9282634196266715,8.376714996129538,ENE,36.36103486281907,SSW,SE,6.280282235314291,14.600940784380972,61.83849474499045,58.23755396060948,1023.5118776980305,1021.2277930274361,2.4394355293714174,4.199529607809514,19.331595462716184,21.831830658811423,No,Yes
2010-11-20,Brisbane,18.92496517328555,27.976873069333095,0.11154024752381796,4.573057277238003,8.830712079237825,ENE,21.211493811904553,ENE,NE,5.096091336666372,7.88459752476182,62.67310371285727,57.788506188095454,1021.0327360643337,1017.9769659405716,5.230804950476359,5.230804950476359,24.644183440618825,26.096091336666372,No,Yes
2011-05-29,Brisbane,16.640240047524347,23.75860644087094,0.8752192038019478,4.251315222811687,1.3880480095048695,E,26.76096019009739,S,ENE,3.3760960190097387,9.440240047524348,76.86294379089287,53.36732786693183,1021.3752192038019,1018.8274112418214,8.0,7.68804800950487,21.204384076038956,23.37143524657386,No,Yes
2011-11-06,Brisbane,20.8434058076495,24.68674813962107,13.988351088004695,4.988731942072239,0.0,SE,21.245199183066894,SW,SE,2.0,8.358514519123744,89.2451991830669,88.86811615298996,1015.068052677312,1013.7775273598224,8.0,8.0,22.73962862978093,22.850896687708698,Yes,Yes
2014-08-11,Brisbane,18.56055983514518,26.843233033360946,0.0,4.494387688132711,7.896864939875528,NE,22.204618619087064,N,NE,6.0,10.10230930954353,63.34653603568469,67.55115465477176,1019.5331700446059,1015.5118824321162,3.377886636929415,6.0,24.143233033360946,24.640097973236468,No,Yes
2010-11-12,Brisbane,19.155039729934412,25.939614602263198,3.5800176577486287,4.4883436336867,0.8387378602978176,W,20.72918506015482,WSW,SE,6.0,3.2708149398451787,73.25416298796904,91.23751103609288,1017.033742274735,1015.4287466891722,7.491674024061929,8.0,22.212533108278677,20.85626655413934,No,Yes
2010-02-22,Brisbane,23.139173969837962,29.12003591435487,0.04007182870974253,6.6400718287097416,4.221831632098435,SE,44.00179571774357,SE,SE,13.0,13.801436574194849,67.80143657419485,71.597485995159,1021.0194971990318,1020.2790662267734,6.799640856451287,7.0,25.87996408564513,24.760646458387683,No,Yes
2014-10-21,Brisbane,17.78025962064166,25.384628061113258,8.112631190568134,2.6834947523772748,3.819740379358336,SW,23.45064905160416,N,SW,2.0,8.736245626981061,89.65938593254734,73.76942091669885,1016.7108387039428,1013.9031527344994,7.131877186509469,7.131877186509469,20.640696464688823,22.181310532141477,No,Yes
2009-09-14,Brisbane,22.1859696160809,28.056568363817973,13.066845411074164,3.314030383919101,3.7828418190898856,E,24.289544241213484,SSE,SSE,6.144772120606743,7.0044682814157335,75.71492404020225,72.85075959797753,1009.9529937386854,1007.0095621025034,7.0,6.429848080404495,26.24253797989888,27.21492404020225,Yes,Yes
2014-01-26,Brisbane,16.90160183259765,19.026301488985588,8.216154180613387,4.476101259910884,0.0,W,22.064752577090445,SE,SSW,3.1255005726867653,2.0,82.19025314977722,87.74899885462648,1021.2170230242306,1019.4481979383277,7.437249713656618,8.0,18.613751431716917,17.75787686123199,No,Yes
2014-04-21,Brisbane,19.209631093045633,28.503937585066133,0.0,6.957662300512563,7.725984396266533,SE,28.357662300512565,SW,E,6.0,11.829194760615076,60.82919476061508,59.243792140922615,1016.7033611050877,1014.3919740891286,3.886129840410051,5.585402619692462,24.169776537189147,25.849485648902114,No,Yes
2013-01-24,Brisbane,15.753008460314144,22.082706877684018,6.029326963572552,5.535715337998158,0.9740603165260252,SE,25.25939683473975,SE,ESE,8.086465611579916,8.086465611579916,66.39474071894058,66.24624863209121,1024.464284662002,1021.9642846620017,7.0,7.456767194210042,20.130827510736065,20.2,No,Yes
2014-02-19,Brisbane,12.37071775507475,22.578941620710868,0.0,6.122262785162206,9.228600996496485,ESE,38.68150852344147,SSE,SE,7.3184914765585285,16.363017046882938,60.547931812468235,54.38868607418897,1024.3784184632666,1021.9898904800621,1.9554744296755868,3.636982953117058,17.997433097269397,21.00188565430184,No,Yes
2015-08-21,Brisbane,13.907389244644431,24.507402498552548,0.31851950028949033,5.481480499710511,6.790760130717434,E,23.592597501447457,SW,ENE,5.592597501447451,7.000000000000001,60.46292123769666,84.70376751881687,1022.424071374204,1019.1055518739144,3.0185062463813708,5.407402498552548,20.372214122611705,17.633311243486467,No,Yes
2009-09-12,Brisbane,16.891726369299814,24.60967832793424,1.7281921654622898,3.654698694243715,4.536746735609287,SE,23.732125317717642,SSE,ESE,9.0,7.546986942437152,69.27349347121857,62.72650652878143,1023.6894788537253,1020.1079926912535,7.0,7.0,20.25582245203096,22.419075716421673,Yes,Yes
2011-01-02,Brisbane,17.892928474068327,26.62414918248166,0.5078051771033324,5.876584468690003,7.55488079011388,SE,36.69268392367778,SSE,SE,11.0,11.307316076322225,68.15365803816111,73.0756062671278,1025.2836559946218,1022.6987772480471,4.846341961838887,3.6146321526444507,23.60829427788444,23.239514986297774,No,Yes
2012-01-24,Brisbane,20.902811005802565,27.7648289115526,0.21852254615788694,7.4536936346052824,6.814883284684078,E,29.82414455776302,ENE,ENE,12.009370019341892,11.907387269210565,63.731531826973594,58.63891909618415,1010.3286120749082,1007.965657167224,6.4536936346052824,6.4536936346052824,25.965765913486795,26.510198275013135,No,Yes
2014-03-20,Brisbane,21.32588598432064,27.03482280313587,3.4728505449478146,5.387858242508697,3.0526964407663355,SE,35.81787363763046,ESE,ENE,13.0,12.06070878745651,76.18212636236954,87.12141757491302,1016.7348228031359,1014.6226810456446,7.530354393728256,7.060708787456512,24.84249615121956,23.942496151219558,Yes,Yes
2011-01-03,Brisbane,21.7713943741561,26.107118159112737,35.78917647299866,6.546414322565041,0.23929616345230265,SE,15.285790279653108,S,SSE,2.0893094623915967,6.017861892478319,90.01786189247832,84.76779539778185,1015.0464941162007,1012.1536388731921,7.964276215043361,8.0,24.658891049421282,24.796401023625748,Yes,Yes
2013-07-13,Brisbane,22.323028487679345,32.657264577834596,0.16256173770877796,9.865270008174528,9.76096065164079,E,33.0,NE,E,5.5935956557280555,15.780786967184163,56.87685213126334,61.7647761065043,1011.210100418078,1010.1833758565926,2.2192130328158353,3.7967978278640278,28.9166241434074,28.02943283195129,No,Yes
2011-12-29,Brisbane,20.97632967463826,29.111835162680865,1.7061742453921713,5.764836730693042,3.347597314775214,ENE,19.412519600152166,WNW,ENE,6.294167973343478,5.824183653465212,71.58748039984783,61.41166405331305,1015.2647511760092,1011.4941679733435,5.8233281066260885,5.8233281066260885,24.870668757349566,27.958833594668697,No,Yes
2012-04-21,Brisbane,16.593718204224498,25.255675498616256,0.0,4.829226309104231,7.8410623440641425,ENE,22.17632793008018,SW,ENE,3.823672069919822,6.7934756853608,74.17632793008018,68.76570448943876,1019.1208949503277,1015.5531408978877,3.176327930080178,5.735508104879733,21.108573877640314,23.746859102112246,No,Yes
2012-05-20,Brisbane,12.166407638367025,15.493113710273287,26.387781590344442,2.162443681931111,0.22092340742631125,SSE,36.805067581682664,WSW,SSE,6.097466209158668,4.227421154703556,97.44769148143422,97.5451576905929,1023.881610383415,1020.5043524988854,7.967511263613778,7.935022527227556,12.9216384902236,14.572905385644265,Yes,Yes
2013-11-10,Brisbane,22.121811687985016,34.0356138516814,0.0,7.948367099741324,12.377449350388016,NE,25.112753248059928,E,NE,3.29821212273658,10.483670997413235,58.74183549870663,43.152800869503125,1007.868390910463,1004.4167580102043,1.3709177493533087,3.7418354987066174,29.399261038373034,32.79852207674606,No,Yes
2010-10-27,Brisbane,19.470404310607886,23.801452955990722,31.44965221063576,5.955969704909511,1.386291872296982,SE,30.985470440092822,SSW,SE,3.0758054184686787,9.151610836937358,78.9927352200464,81.92419458153132,1016.6046746298655,1014.7433038170951,8.0,8.0,23.05596970490951,21.839355665225057,Yes,Yes
2015-02-12,Brisbane,20.59901453186686,28.90098546813314,8.394333558234441,7.197043595600578,9.600615917583212,E,28.00615917583213,ESE,ESE,7.004927340665703,11.004927340665704,67.98029063733719,53.985217978002886,1019.2948262923011,1017.1954422098843,7.0,4.0,26.599260898900148,28.39975363296671,Yes,Yes
2014-09-02,Brisbane,20.19832726512243,27.662341828828602,0.4820072818530877,8.758996359073457,5.287025486485806,SSE,30.991636325612134,SE,ESE,12.589963590734563,12.213381879020584,65.6066909395103,53.778254446591546,1017.8606690939511,1015.8188290855857,4.589963590734562,5.794981795367281,26.096654530244855,26.701672734877576,No,Yes
2013-08-14,Brisbane,16.828309682779725,21.82465645864839,34.13062239236213,5.206390337991712,0.0,S,29.46575803436404,SE,SSW,8.214612896525342,9.46575803436404,87.14612896525342,92.2511451378387,1016.9643838689576,1011.856161310424,7.607306448262671,8.0,19.54931291729678,18.717350010385722,No,Yes
2011-09-23,Brisbane,18.561316204224475,25.28508618202616,24.975643951027813,8.635731742499575,2.1068881243105495,E,37.0,ESE,SE,11.0,7.237699778016876,70.43603884568776,69.43603884568776,1017.3962174805595,1015.9209714761198,7.247539955603375,7.247539955603375,23.61476026637975,23.73853024418144,Yes,Yes
2011-12-08,Brisbane,20.527333387575283,29.868920714992086,1.6415873274168022,5.573841104532467,8.903968318542006,SSW,29.324761982250408,SE,ENE,8.116825345166395,15.233650690332787,69.7663493096672,53.06539723866884,1014.2581902514738,1011.2932378550237,2.324761982250406,3.116825345166396,25.915650853058644,28.97803184418385,Yes,Yes
2010-04-30,Brisbane,13.199999999999998,23.11277007122187,0.3608642279099767,1.4,6.184243800578771,E,23.09783943022506,SW,NE,5.872299287781322,6.2255401424437355,80.38310213665602,60.48094156688109,1013.5358335383922,1010.7621992392604,3.451080284887471,7.0,17.435324085466245,21.67744598575563,No,Yes
2011-12-21,Brisbane,21.19855895414239,28.851752359276546,51.48450482963783,2.8391745309218104,4.783294826254317,E,38.035047185530864,E,E,13.321650938156381,16.67834906184362,84.64330187631275,81.41238203617284,1017.7700943710618,1016.211332574679,7.1608254690781905,7.1608254690781905,26.678349061843623,26.03010142112016,Yes,Yes
2012-05-15,Brisbane,14.663646720325437,22.330332374255402,12.578812907453134,4.448509014092683,2.6242545070463414,WSW,37.772792002033974,W,WNW,11.60607786720906,8.303038933604528,93.0,61.333143460700356,1012.4712013329944,1007.5378585060294,7.651519466802265,7.348480533197735,15.146975306842943,21.090940160976306,Yes,Yes
2011-07-05,Brisbane,21.44962856708977,28.280741618491053,42.2992820807675,3.5214807423233196,3.907409948263588,E,39.0,E,E,13.0,16.34814907209585,85.95555278371243,82.58518010347282,1017.1577813811738,1015.6185217523354,7.325925463952075,7.325925463952075,26.1200012473294,25.357038515353363,Yes,Yes
2014-03-05,Brisbane,11.631237544997061,22.079108543319613,0.0,3.344422302216996,5.720082149431052,W,27.624750899941205,WSW,S,7.7707918166568675,9.361055755542491,68.6876245500294,64.79917850568948,1017.242392940563,1013.7979706383462,3.048680305571888,7.409736061114377,17.211765422768305,19.56592378609968,No,Yes
2011-06-20,Brisbane,20.42618179424127,30.119636345680952,1.4730389465036289,5.4463376460922905,4.829974024691496,W,33.0,SSW,E,4.0,9.03272724280159,74.29974024691496,70.83376625514171,1013.1403117037021,1009.8435844279823,5.866493497943312,7.133506502056688,24.856415572017806,26.809558419755444,No,Yes
2014-11-07,Brisbane,18.297021274101997,28.43129718519419,0.0,8.778091970364066,8.910803022196552,NE,32.95305422220871,NNE,NE,4.031297185194192,14.859162666626133,49.375566222330306,53.4068634075245,1015.8421002073907,1011.5812216888835,1.0938915555825766,3.07824296298548,24.856334933349547,26.420343170376228,No,Yes
2012-06-24,Brisbane,22.460670971731894,27.456803236529467,1.5179870848043155,6.23159355786325,5.102516143994606,E,29.346225784008094,SE,ENE,8.25209678666217,7.5983225706702635,79.64538706934323,88.44874192800269,1015.9778193418714,1013.8889096709357,7.149580642667566,7.149580642667566,26.06150968639677,26.361509686396765,No,Yes
2011-10-13,Brisbane,21.08361340418831,28.296897894953716,0.10708028067283797,6.814160561345676,6.037627437830206,SE,43.0,SE,SE,11.929197193271621,13.0,67.53540140336419,68.18138736972229,1018.6229929831791,1016.9986500361142,5.393795789907431,6.46459859663581,25.525219017645068,24.453540140336415,No,Yes
2011-04-13,Brisbane,20.597004577990518,25.162767108829822,0.13609132527186504,4.733808193475239,1.0586301209220241,ENE,30.76319638451528,ENE,ENE,12.124109637233929,11.639086747281349,67.80456626359326,74.01141565898313,1012.5781734945626,1010.0503561451064,7.680456626359325,7.680456626359325,24.25977168682034,23.35035614510643,No,Yes
2012-12-02,Brisbane,10.88579139095604,21.316436067103975,0.0,3.079109016775994,8.293317625819954,E,24.44009424508028,SSW,ESE,4.0,10.626729496720188,79.14208609043959,60.85791390956041,1028.683563932896,1025.1604454916119,3.0,2.6044549161200314,14.627573357404055,19.416436067103973,No,Yes
2009-02-23,Brisbane,20.658190340697416,23.573370429574997,23.875900444387927,7.964579792618966,0.0,SSE,47.56989748180174,SE,SE,8.92409955561207,7.101200592517242,91.0253001481293,90.7722986668362,1016.6215695407992,1014.7836193186051,8.0,8.0,21.845540266632756,21.85060029625862,Yes,Yes
2011-10-22,Brisbane,16.83724937684198,26.35381566522006,0.0,5.557429283609164,6.938453916305014,SE,26.556224744146128,NW,NE,3.9467866045114546,7.609438139634674,61.55020204683097,63.33734846487679,1015.2124494882923,1012.0242967068531,4.88755051170774,6.278112372073065,23.320683088463905,24.685743702513196,No,Yes
2012-11-01,Brisbane,19.561680545977246,26.71575956081109,5.3161937092260825,7.41050637387406,4.830840272988625,SE,27.715080712177535,S,SE,5.02904842730652,7.000000000000001,79.17429056383914,72.0,1018.0225598932117,1015.4568615074552,6.0,7.343016142435507,23.075648261106235,24.0273789317337,Yes,Yes
2014-06-17,Brisbane,14.175705926761122,21.8372933182998,1.0056474140889786,1.1830577577330643,4.348588146477756,ENE,28.81353340850101,WSW,SE,4.0,12.028237070444892,85.0,76.24294073238877,1027.5169422422669,1024.3197659493114,7.0,6.2711778028336695,17.529941487327857,19.81299924506092,No,Yes
2012-04-21,Brisbane,15.469902763179311,22.769340623298007,13.000000000000002,1.8272865374141587,1.2498379386321883,ENE,26.331459533728978,SW,E,2.094702723922566,9.520864981574112,92.72151322704535,80.8635673129292,1019.3916540073703,1015.4768864589007,6.905297276077434,6.857945914116151,17.268778483416703,20.75513521470962,Yes,Yes
2010-05-17,Brisbane,16.681563730596928,26.132674093655456,0.7899606208983033,3.926254922387712,8.261149742160224,SE,29.70946114178496,SW,ESE,3.8156373059692803,12.44691191790784,69.21235232836864,55.67325906344544,1024.8893823835815,1021.1893823835816,2.5530880820921595,5.27654404104608,22.294402073132414,24.53127461193856,No,Yes
2012-03-17,Brisbane,23.279428246501126,31.4004273935666,6.659150899097044,8.179428246501129,8.787282749322808,ENE,32.102858767494354,NE,E,7.584290994356646,14.654288151241529,67.20571753498871,60.13572037810382,1013.5374299523702,1011.0201443599324,4.102858767494352,3.3785734593679404,27.496713838939055,29.590141516817155,Yes,Yes
2009-09-26,Brisbane,22.368879965439366,27.943460784990005,19.927699600094133,6.24748491730385,1.152179738336664,NNE,29.498323278202562,N,NNE,2.5016767217974336,11.996646556405132,80.23742458651924,74.24077803011411,1012.600670688719,1008.7976525894836,7.250838360898717,5.745808195506415,24.568209276720395,26.569215309798846,No,Yes
2011-09-17,Brisbane,21.037766222105436,27.81888311105272,0.3416311703859418,7.283262340771883,1.2356207702808346,SE,34.459220740351455,SE,SE,14.708155851929709,13.0,66.14592207403514,84.1030130375431,1012.502997362562,1011.0635116440005,7.0,7.854077925964854,25.9,22.948067525859745,No,Yes
2012-06-12,Brisbane,12.779441519101468,18.01307164494193,8.480210624694385,0.32335088539119883,0.0,SSE,23.130716449419324,SW,SSE,4.205584808985331,8.027924044926657,98.0,80.92513164043399,1020.7299473438264,1016.0785511415802,7.102792404492666,7.0,13.354188606738997,17.261675442695598,Yes,Yes
2009-09-17,Brisbane,21.0425427011065,27.998532605163657,0.11418090036883287,8.087286494467508,4.738507365306564,SE,42.42175852397414,SE,SE,15.574572988935014,16.999999999999996,65.85085402212998,71.57824147602587,1018.2694371070078,1016.2261607084832,6.429095498155836,7.429095498155836,25.75709045018442,25.084351704794827,No,Yes
2010-04-19,Brisbane,17.94224556496324,26.41836763694054,0.992652945223784,3.851429383433511,3.8687750172010817,E,28.12857345858378,S,W,4.0551029108216206,4.29388219104864,78.94489708917838,77.79795599365406,1021.0595911987309,1018.3577544350367,7.0,7.01836763694054,22.636735273881083,22.37163378406811,No,Yes
2010-03-07,Brisbane,19.828229789517454,29.221172342138086,20.28223940879748,5.840011697275411,9.516477124948024,SE,37.82356381551592,S,ESE,8.341207433964323,16.305920197067508,65.07057447379363,59.870515987416574,1013.6235638155158,1012.0729659471714,3.5882180922420424,5.070574473793634,26.40822394087975,26.741178190775795,Yes,Yes
2009-06-23,Brisbane,22.432056134219053,27.97930084016226,0.9579300840162263,4.59032201638943,1.6262097479513211,ESE,35.52755294056792,SE,ESE,16.475805040973576,14.896504200811313,78.10685378073018,66.20699159837737,1012.4003357981541,1010.1475805040974,7.0,7.789650420081132,24.062769075821517,26.50033579815415,No,Yes
2011-04-10,Brisbane,18.85707455440178,24.46884638940555,19.046373491768257,2.376456329992455,0.7193817755906765,E,30.0,ESE,ENE,5.961950297065481,5.038049702934519,78.3804970293452,75.38049702934518,1013.9931039076599,1011.2661121914823,7.346016567644839,7.346016567644839,22.12282982176071,23.49583810558313,Yes,Yes
2013-08-15,Brisbane,14.967258579262115,22.379356211365632,1.3309656829515473,4.403551475572679,3.822419526420704,E,31.448390528414087,SW,ESE,6.0,6.775804735792956,71.32741420737887,81.4128757726873,1028.0879023678965,1026.6982242622137,3.672585792621132,7.0,19.236292896310566,19.45194200398677,No,Yes
2009-07-26,Brisbane,14.958451224182442,25.046594967833865,0.07051499492113622,2.7173174771451136,7.835153740265512,SSE,24.646387453443747,SW,ENE,6.706187521161932,11.117524991535227,79.35361254655625,63.64742502539431,1020.3239200270873,1016.7356725262408,1.9412375042323866,2.9412375042323866,19.387728714871194,22.23473871148528,No,Yes
2011-05-25,Brisbane,18.48380624237561,27.514155532239023,0.7420669822829269,6.533114851873171,9.978275118356096,ENE,33.0,NE,E,4.144832544292683,11.434497632878049,74.2620094684878,53.79657899360976,1018.0192870418244,1015.4713612133316,6.565502367121951,3.0724162721463415,23.628638786668294,25.638973698082925,No,Yes
2014-11-25,Brisbane,20.79448297139743,28.823271941515202,0.10684844119528904,8.068484411952891,10.393151558804712,ENE,32.191820146211995,N,NE,8.06848441195289,13.0,62.87666426574089,62.94514867769379,1017.5013633089648,1014.2246352504798,4.06848441195289,5.1369688239057805,25.817786809284584,26.58902973553876,No,Yes
2012-05-02,Brisbane,13.5984653705334,19.9397321134432,22.31623881060712,1.49397321134432,0.0,SE,33.939732113443206,SW,SSE,5.7650669716392,16.295200914917597,96.7078683440156,85.47600457458799,1017.1123605032046,1012.6114397255246,8.0,7.1174665141804,15.80418523329576,18.8571986276236,Yes,Yes
2013-04-09,Brisbane,18.299010241328507,24.063037551537853,0.332013655104674,2.5465358446497692,2.096040965314022,E,30.24752560332126,SE,SE,7.495051206642527,7.330034137761686,75.00989758671494,77.51484638007241,1020.8349829311192,1017.6762371983393,7.9174914655595785,6.834982931119157,21.730034137761685,22.997030723985514,No,Yes
2011-09-05,Brisbane,19.38077752496507,27.280777524965064,0.07019438124126648,8.0,3.714200835861082,E,26.87742976551583,ENE,ENE,7.930345484134826,13.350971906206333,63.281317390341165,56.82451404689683,1015.7738120733785,1013.0264578593095,6.824514046896834,6.824514046896834,24.67019438124127,26.256263478068234,No,Yes
2013-05-04,Brisbane,17.49265959472152,25.796347159919836,1.1559575683291117,1.70092189129958,4.844042431670889,W,32.08262296578061,WSW,SW,2.0,6.0,92.06418513978902,65.22021215835444,1014.206418513979,1010.9651417562067,6.926595947215186,7.0,19.49450337732068,22.669716487586495,No,Yes
2009-05-11,Brisbane,18.378264040874743,22.44117655819855,16.540889265848218,2.3258250346476133,1.0629125173238065,SSE,31.0,SSE,E,8.254662915535347,6.966284106658006,84.37087482676193,88.77905297780666,1017.0131276142428,1014.9895264889033,7.677905297780665,7.677905297780665,20.75466291553535,20.43593980265021,No,Yes
2012-10-23,Brisbane,21.432399158944357,29.20986554525914,0.0,9.451278149677586,8.112971006412723,NE,33.18026890948171,N,NNE,6.977466386314785,12.95493277262957,57.315470591593,61.450672273704285,1016.6715584019943,1013.7084642836757,2.135201682111285,7.022533613685214,26.896345377048018,25.036905881681403,No,Yes
2014-04-27,Brisbane,23.460257726958687,33.316649549537054,0.0,10.19742273041312,9.599570455068852,E,32.39742273041312,N,E,6.602577269586883,16.196563640550824,54.00859089862294,63.79914091013771,1008.9786254562202,1007.9568213675095,1.8034363594491767,4.200859089862294,30.018367729261637,28.57948454608262,No,Yes
2010-10-31,Brisbane,16.01822061063258,25.323874546740416,0.0,4.340943034303507,5.143140601202885,SE,28.77277576329072,SSE,E,11.772775763290724,12.386387881645362,63.840836355063914,61.693193940822674,1023.8272242367093,1021.335182418956,5.465969704113405,6.772775763290724,22.126178792879383,23.231832728987218,No,Yes
2009-02-06,Brisbane,20.81427112638816,23.946398179975333,20.33595012339141,7.535745892825654,0.0,SSE,46.75008509606907,SE,SE,10.0713556319408,8.42847417592107,89.92864436805918,90.10720364004932,1016.4500170192139,1014.935711854398,8.0,8.0,21.960703344791117,21.85356778159704,Yes,Yes
2010-12-12,Brisbane,23.99704126180182,30.531147669354983,2.4792464158121548,6.928188931156806,3.547621067466695,W,47.38224757081093,N,SSW,6.794082523603641,6.041183495279271,66.19432136309888,89.12355048583782,1007.669372426436,1004.7023192226595,6.082366990558543,7.041183495279272,28.131147669354988,25.23526601888291,No,Yes
2013-03-12,Brisbane,22.19442181246838,28.353650895759554,15.66693825037942,4.784381074911469,2.2413788831899972,ENE,34.71501095860736,ENE,ENE,14.363083666835298,17.033469125189708,77.64807270822794,67.6703854583544,1018.5726167333671,1016.6770792833923,7.011156375063237,7.0,25.960344720797497,27.219573804088675,Yes,Yes
2013-05-02,Brisbane,15.104845002564465,24.603099948710653,0.0,1.9550400820629537,5.140114915372579,W,37.0,NE,SW,4.145350076934019,16.515499743553264,71.75774987177662,79.04845002564467,1013.7418599692264,1009.0660849820488,6.951549974355327,7.0,20.366084982048726,20.11414484869643,No,Yes
2011-06-12,Brisbane,16.95711777042361,21.46766768724376,6.193759733824475,4.1242199667280595,0.7328978036955501,NE,23.366419634008654,E,ENE,7.993759733824474,8.614859567464773,92.13670049907911,91.01248053235105,1020.8441302828115,1015.252808119779,7.751560066543881,7.751560066543881,19.030401697225336,19.90618173049728,Yes,Yes
2011-05-14,Brisbane,20.942469701139373,29.831133609194488,32.671524291291306,4.6358705287228394,8.11224012261968,SE,33.20755739462992,NW,ENE,4.0,10.792442605370077,68.3491230650945,71.97179524898426,1009.6094738390566,1009.2745615325472,6.0,7.1037786973149615,27.854709823759052,26.2301753869811,Yes,Yes
2010-09-12,Brisbane,19.964027468066096,27.932013734033045,8.98551192498589,6.767312707672289,7.366048142950085,ENE,33.81044672524613,NE,E,9.26790371409983,14.241786900984511,74.78432991213081,60.29402052721515,1017.6058969209178,1015.067986265967,7.0,4.620893450492256,24.558804105443034,26.129402052721517,No,Yes
2013-04-25,Brisbane,20.354944123676226,29.395242130736346,2.713060160194886,5.180223505295094,8.748600297991361,SE,35.466418327449894,ENE,ESE,10.31623207303732,14.233209163724945,75.56530080097443,63.849813745587426,1011.7763065748024,1007.9395529894099,3.466418327449896,3.233209163724948,25.38180946171631,28.13516762897132,No,Yes
2012-08-01,Brisbane,10.961167475403183,21.78705582513439,0.07741116502687882,5.296954369408666,8.383883252459682,SE,29.935279125671972,SSW,SE,6.0,13.322334950806365,57.80583737701591,53.870558251343944,1028.7677665049193,1026.2677665049193,3.0,4.161167475403182,16.167639562835983,19.96446699016127,No,Yes
2011-04-14,Brisbane,20.82069846819761,28.595471334214626,12.395599123079995,4.997671772674628,4.3206984681976115,E,28.59767177267463,ESE,E,4.896507659011941,8.689522977035825,82.71280525028955,77.19534354534925,1016.1574389499422,1013.7562748362793,6.701164113662686,7.0,25.542561050057913,26.055238511482088,Yes,Yes
2012-04-05,Brisbane,21.06760090764973,23.849910197382915,29.722601388827684,2.5239909235027014,0.6220625731251865,E,32.676009076497294,ESE,ESE,8.87040363059892,12.870403630598918,95.12085264368433,93.2784762425773,1012.4730267483139,1010.3730267483139,7.935201815299459,7.740807261197839,23.233273464921947,22.975829471263136,Yes,Yes
2010-01-02,Brisbane,18.568512640581705,34.989470092526204,1.7052308327358698,6.568410277578622,8.942153750896194,WSW,89.84102775786234,NNW,NNW,12.526154163679347,19.420855088941426,55.947350462631036,26.421537508961958,1009.1105299074738,1002.3316238434224,1.9473504626310387,6.684102775786233,26.847418704633093,33.94735046263104,No,Yes
2011-09-24,Brisbane,21.86155555333676,28.787591398064183,42.288100389199755,2.625304660213948,3.5642365632195028,E,36.75182796128369,E,E,13.749390679572103,16.250609320427895,85.49878135914422,84.62043009679078,1015.2036559225675,1013.9656989322465,7.374695339786053,7.374695339786053,26.2506093204279,25.538200718492078,Yes,Yes
2010-08-11,Brisbane,20.883422725941617,26.93181863410074,17.05774730627131,1.913369090376646,1.6668454518832294,S,36.56684545188323,SE,SSE,14.566845451883228,13.050804533474532,70.63100912551802,73.0,1008.8363627317984,1005.5981277303343,7.216577274058386,8.0,25.5737981748964,25.74839590815913,Yes,Yes
2011-07-21,Brisbane,21.1,25.64290295058405,19.894191661147794,3.8285164592991365,0.0,SE,32.469675689385475,SW,SSE,3.224515971762316,10.224515971762315,87.0,72.57097049415947,1015.867290660711,1015.7897422578873,8.0,8.0,23.63470958305739,24.783741526582023,Yes,Yes
2009-12-01,Brisbane,19.273552393112798,22.54546959874607,14.196429496093227,3.2344734798109713,0.0,SSE,36.875187580592325,SE,SSE,10.359586028166365,13.96879689514808,85.51560155242595,86.0,1018.5482897802837,1017.523327296402,8.0,8.0,20.689153945538756,19.779793014083182,Yes,Yes
2014-02-19,Brisbane,16.32571680517757,24.321047574122698,0.0,6.332164023659851,5.616971005543631,ESE,27.964920709795503,SE,ESE,9.643280473197002,11.269021301291758,63.801137279117235,61.83621656932173,1022.2158097035092,1019.45498958521,5.678359763401499,6.678359763401499,21.535079290204497,22.528063432163595,No,Yes
2014-09-11,Brisbane,13.517496368520106,23.250702759924724,0.93639825688965,4.774202033628742,6.343806681923009,E,27.12898983185629,SW,ENE,6.0,7.000000000000001,63.704978211120626,87.7650072629598,1024.8819912844483,1022.4206882340051,2.4469985474080413,5.893997094816083,19.342401162073568,17.05159593274252,No,Yes
2013-05-02,Brisbane,19.285553102209754,27.876718621421507,0.0,7.80504827473614,7.304350348317966,SE,36.58485517579158,SE,ESE,11.41514482420842,13.779806901055439,62.20757241210421,53.62271723631263,1019.3729324153695,1017.0559613802111,5.80504827473614,6.40252413736807,26.242776551104882,27.07671862142151,No,Yes
2013-06-20,Brisbane,14.794370254273236,25.586286530982665,0.0,3.0917358290596417,8.105268850427185,SE,26.432334893162277,SSW,E,8.351497660256586,12.297004679486829,66.70299532051317,59.48682787393203,1025.8001804476496,1023.0137134690174,1.783832553418862,3.783832553418862,20.824070722221915,23.48083723290569,No,Yes
2011-02-28,Brisbane,19.197040497842814,25.8779443292918,24.420115708122335,2.845830804522436,2.0977404213775377,ENE,28.07638467420406,SSW,E,2.0,10.03819233710203,90.36632682014289,79.40451915724493,1017.9908018774918,1015.3923615325796,7.0,7.519096168551015,21.264227049538732,23.46266739445099,Yes,Yes
2010-01-13,Brisbane,24.14482951670172,33.685888502941076,0.0,6.6695868605040864,9.622872078571186,ENE,27.918491787815057,E,NE,7.0,16.91849178781505,58.93734444012688,45.467147819329014,1011.3692819803572,1008.1037705304624,4.122262318277418,3.163016424369891,29.602190145378064,32.02475734380237,No,Yes
2010-07-01,Brisbane,20.467200103802103,28.4032006228126,0.0,5.865599792395798,7.852400467109452,E,28.327998961979,SSE,E,6.0,12.672001038021005,69.0,51.96799377187397,1019.4784022836462,1016.4096018684378,7.0,4.508001557031508,25.38680067471366,27.255601089922056,No,Yes
2011-01-01,Brisbane,21.908796597925935,24.557910824734307,37.792424742544,3.2,0.0,ESE,35.245571134041846,E,ESE,8.175320618615078,14.122785567020923,93.87721443297907,93.63164329893722,1010.8508857731915,1008.6824679381385,8.0,8.0,22.459682371117573,22.82107515462803,Yes,Yes
2012-12-07,Brisbane,17.116754207458452,22.028820607143594,9.868404350841336,3.6201387521007535,3.6966154553576973,SSE,21.100693760503766,SSW,SSE,4.550346880251883,7.926214080881592,88.0737859191184,91.62413279937029,1024.3778642242646,1021.2429682883401,7.275173440125942,7.275173440125942,19.64158076733251,20.103994047269538,Yes,Yes
2013-11-28,Brisbane,18.55445886357868,26.034294808509216,0.08134427033796426,3.085048971212929,3.6951309987476613,NNE,24.813442703379646,W,NE,4.0,10.626885406759284,75.64196866083357,69.3545910888659,1016.8541148385486,1013.0847049461829,6.813442703379643,6.593278648310179,22.70555705131245,24.918999754692088,No,Yes
2014-07-22,Brisbane,16.65344081487069,27.174264535316368,0.0,5.069941162825309,6.695676627508944,NE,33.75441278810181,W,NE,7.25147092936727,11.601176743493815,57.748529070632735,60.650294185873456,1018.0159119762077,1011.6944998840152,5.349705814126546,4.398823256506184,23.919058605204953,25.579176279554336,No,Yes
2011-07-01,Brisbane,20.070451642840624,27.06216321427114,0.19171157143051493,8.26630742855588,4.662163214271138,ENE,30.603605357118564,ESE,ENE,7.437836785728862,13.958557857152574,65.18918392864431,60.95855785715258,1019.1567551785934,1017.7526109643085,6.479278928576287,5.479278928576287,25.293514249989798,26.34558635713217,No,Yes
2010-06-13,Brisbane,17.59305824607871,26.263897344818805,0.3074063824462057,5.907406382446205,8.14815532287656,SE,29.152773934173272,SSE,E,5.231484043884486,13.157420219422429,71.60644945144392,63.22219147338617,1024.283328721008,1021.4907351034542,2.5370319122310288,4.537031912231029,22.786581120682335,24.51806516456682,No,Yes
2009-04-01,Brisbane,21.362681422860298,28.32147853975379,10.309366194107906,5.165270960171499,3.354912810926689,SW,32.341965124370674,SSW,E,4.658034875629324,10.696877935297366,82.25133131847859,75.89641850755189,1013.7979429900802,1010.9637464776432,7.329017437814662,6.658034875629324,23.867860497482706,26.047906440257247,Yes,Yes
2011-01-03,Brisbane,18.72385392584267,26.294726110955,0.18807303707866604,7.341744370224668,3.1,ENE,26.94036518539333,ENE,ENE,7.410547778089994,13.940365185393329,66.64219111235998,59.350912963483324,1018.2151320747193,1016.1204059637644,7.0,6.529817407303335,24.411926962921335,25.517890444382,No,Yes
2011-11-22,Brisbane,22.81641859839243,29.804976729582343,8.202976819290798,6.525972075498813,5.061097646045699,ENE,29.324372147265578,ENE,ENE,11.045767475240355,13.301488409645401,79.72139532797476,67.25572093440505,1017.909153495048,1015.516018616334,5.767162803215133,7.0,26.665274411511426,28.753832542701332,Yes,Yes
2011-05-01,Brisbane,16.19478460836182,27.266617387334943,0.0,5.835768551491388,9.959016056870434,NE,30.38450166308063,NNE,NE,6.615498336919363,9.769003326161274,56.8464950107581,51.256334442053756,1017.9052153916382,1013.7795819474328,1.871832778973121,3.0,24.538450166308067,25.702533776821504,No,Yes
2009-03-08,Brisbane,19.66181993040497,26.959227198504667,0.0,6.106151465669778,3.6469242671651108,SE,30.56634466604361,SSE,E,13.0,10.734621335825555,62.0,73.32689332087222,1016.7100154731465,1015.3294358720249,7.0,7.433655333956389,24.502592731900307,23.99644126623053,No,Yes
2010-10-10,Brisbane,18.59168948118546,22.71352031003914,51.869311103880776,4.365914299287973,0.13098497312208357,SE,41.864796899608606,SSW,SE,3.9126766845852776,10.825353369170557,84.43239844980431,81.08732331541472,1018.8642270483803,1016.8773255456924,8.0,8.0,21.465914299287974,21.16985865233178,Yes,Yes
2010-08-31,Brisbane,16.918537028124856,27.779024685416573,0.0,6.079024685416572,10.358676070634884,NE,29.67665491170639,NNE,NE,7.323345088293604,9.970035264880815,57.02996473511919,50.19163727926598,1017.9089894205358,1014.002996473512,2.1616725441468025,2.676654911706395,25.211359194245937,26.246690176587215,No,Yes
2012-12-21,Brisbane,23.018641556763,35.24562756924262,0.1251668357492286,10.053972024959233,11.158277721416923,ENE,29.874833164250767,SW,NE,4.062583417874614,12.958277721416923,56.35463936795615,57.06258341787461,1008.8668891143324,1006.14811408897,5.0,1.0625834178746143,29.974833164250775,31.80612487318808,No,Yes
2009-11-02,Brisbane,18.551285430711495,27.492485167262426,6.0332234652704555,6.616084376915204,3.677389584610136,W,35.879367173135975,N,NE,10.919578115423981,12.91957811542398,66.77389584610135,73.97495055754142,1012.6210942654069,1009.2718523403984,4.38694792305068,6.34673698076267,25.307053394194686,24.97488464036428,No,Yes
2011-02-21,Brisbane,22.903972961115077,29.33659319886365,11.90175338600838,3.735981974076717,1.2018336743608038,SE,29.338426873224456,SW,SE,3.3353707492897824,11.006112247869346,85.3200901296164,64.64629250710217,1014.7439278963068,1011.3442335087004,7.332314625355109,7.332314625355109,23.868907824218763,27.970435886186095,Yes,Yes
2010-01-01,Brisbane,20.721589729978657,26.926811956413836,9.313641080085374,6.627435907158103,2.3934529985826085,E,35.0,E,E,15.0,16.999999999999996,65.20264954996443,66.35307683557708,1018.3012479014885,1015.4385043107727,7.457521364280632,7.457521364280632,24.272564092841897,24.815042728561266,No,Yes
2013-12-19,Brisbane,21.680254189472898,28.91613556771888,7.428734575908276,7.413446306432402,5.2318474863162585,SE,35.0,NNW,E,4.9865536935676,10.973107387135197,73.5874009918106,76.66807883040501,1016.0080677838594,1012.633615766081,6.0,5.040338919297202,26.205378522572964,25.626468963743303,Yes,Yes
2014-08-01,Brisbane,23.15542053134272,31.608672850148352,9.310150291357827,7.256548341493589,9.552124508654762,SW,77.45619871043499,NNW,NE,5.673894041790294,12.429314573133013,56.20121521791552,53.853427134334936,1015.6885513283568,1011.6760622543273,6.163052979104854,1.5706854268669868,28.308672850148348,29.578230466864472,Yes,Yes
2013-04-13,Brisbane,21.615865927683647,27.52891137217897,0.7967386388761681,3.958043183325701,4.925870450022897,E,28.54781822201869,ENE,NE,4.386954555504674,9.386954555504673,74.74129549977103,62.38695455550468,1020.9323931722706,1018.4291318111467,7.596738638876168,6.403261361123832,24.269237508291358,26.162714786043686,No,Yes
2012-10-24,Brisbane,17.866168337476697,26.254392787445624,4.67663325046606,8.291214425108747,8.229531050341778,SE,38.11775550031071,S,SE,6.0,14.558877750155354,69.1327053760098,55.749539123679504,1024.8603727377254,1022.6265410752019,2.4411222498446463,4.441122249844646,23.297010024860178,24.18971943753884,No,Yes
2014-09-13,Brisbane,20.909199894333828,29.61839978866765,0.0,7.302079746401183,9.767359915467061,SE,40.67359915467061,SE,ESE,15.836799577335306,16.673599154670608,49.58160021133234,48.071201479326426,1017.6836799577335,1016.3560802747321,4.836799577335306,3.0,26.54183997886677,28.299999999999997,No,Yes
2010-01-20,Brisbane,12.822146968205345,21.913878553501625,0.15928434393155147,2.0,6.291731585296283,WSW,36.114121271786175,NNW,SW,5.982108598288786,17.928434393155147,73.61073484102674,52.56817917608541,1016.0207923959016,1012.2704537528256,4.81431312136897,2.425047962395699,19.065329050596805,21.18815330495404,No,Yes
2011-06-30,Brisbane,10.07210930601837,23.141330802966092,0.31909518744613313,4.434171550129281,8.374371337403039,S,25.361809625107735,SW,NW,7.0,8.5213572188308,56.59547593723066,51.755023530953736,1021.0096739032247,1017.97035251264,1.0,6.521357218830801,16.660425990412225,20.973240321710705,No,Yes
2011-02-04,Brisbane,20.58580732002916,28.59032332197611,0.16516133268434927,6.730322665368699,7.864516658554367,SE,46.43225997079572,SE,SE,12.651613326843494,16.303226653686984,68.90967996106096,65.12903331710874,1022.0077393725969,1020.1161267023608,6.0,7.0,25.364516658554372,25.747097324896544,No,Yes
2015-07-15,Brisbane,10.586321161561484,19.15886754760237,3.2627894924536722,3.047063338215628,0.04314139336432532,ESE,19.470633382156276,SW,ESE,2.078438897026046,4.078438897026046,85.80390275743487,92.07843889702605,1028.8273768642935,1024.697971871617,8.0,8.0,13.79416505126409,17.927472801375533,Yes,Yes
2010-12-27,Brisbane,22.2070425224498,27.66271830396409,3.716818526770612,7.01590736614694,3.120216406725727,ENE,31.25683370467753,ENE,ENE,12.504555803118354,8.079536830734703,75.1590736614694,81.01822321247342,1015.3388572547436,1013.5149962055232,6.752277901559178,7.584092633853059,25.639768415367353,25.027258929175527,Yes,Yes
2011-12-29,Brisbane,12.953992467230478,18.600237759249524,4.400475518499056,1.56924905840381,0.3384981168076197,SSW,28.00118879624764,SSW,SSW,6.231226460095247,9.923717044133346,79.6150188319238,82.76877353990476,1013.8916584266647,1011.0915395470399,7.1537547079809505,8.0,15.577115113240003,15.676877353990475,No,Yes
2015-02-15,Brisbane,13.132453536491507,21.65150592728238,0.0,7.251505927282378,4.978917018046708,SE,32.40135372744162,SSE,SE,9.143824091029726,12.25752963641189,62.68900190950107,68.2341797279724,1029.3772588909235,1027.5689001909502,3.628764818205945,5.51505927282378,18.783959463773886,18.871235181794052,No,Yes
2011-02-02,Brisbane,18.273535029866576,27.505859880533695,0.14707005973315052,5.617770657064655,8.035350298665753,SE,31.14745209066027,NW,ESE,3.4707005973315055,11.94140119466301,62.32324850667124,80.58980836264108,1016.2325158661307,1014.3444266426617,4.529299402668495,6.735350298665753,25.188280238932602,21.3436625808074,No,Yes
2010-03-06,Brisbane,13.792910444773286,22.06772388806678,1.3936566715993188,2.8748134432934926,4.0354477761335605,E,24.464552223866445,SW,E,6.0,12.070895552267121,75.85820889546576,77.85820889546575,1020.4220148925061,1017.9432835581864,6.23227611193322,7.0,17.93740672164675,19.214179110453422,No,Yes
2010-06-16,Brisbane,19.89224818897117,27.994186141728374,0.29903102362139644,6.58643433069955,6.852422440946509,E,32.009689763786035,E,ENE,11.446706299176803,14.999999999999998,70.9709307086419,52.97093070864189,1018.5553293700823,1015.9543603937036,6.504844881893018,6.504844881893018,23.889341259835362,27.036918818888854,No,Yes
2009-11-28,Brisbane,21.729083977560993,29.629901570089867,0.0,4.970098429910135,6.707925865430023,ENE,26.913398953273425,ENE,NE,5.629901570089865,13.173202093453153,71.86601046726577,66.75571517753536,1012.8629901570089,1011.7125813607446,6.543300523363288,4.716502616816442,26.158251308408225,27.48897047102696,No,Yes
2012-05-26,Brisbane,17.602028925338924,25.93383429718758,0.0,5.841217355203355,5.219838429378858,SE,35.290061982869126,SE,ESE,12.888033057530201,13.860041321912751,54.65395454589598,48.62596281027852,1022.1175652895932,1019.7633665292507,6.513995867808725,5.055983471234899,22.89922975177718,24.136633470749327,No,Yes
2013-08-16,Brisbane,21.51194162190992,26.470145945225198,0.5176116756180158,7.0943299462919045,0.5823883243819842,SE,29.176116756180157,ENE,ESE,9.823883243819841,6.58805837809008,73.82388324381984,82.76116756180159,1013.970747459719,1012.576417513427,7.411941621909921,8.0,25.36417513427024,23.61194162190992,No,Yes
2010-08-18,Brisbane,11.57654332782267,27.535449988191434,0.023515556605205833,4.27654332782267,9.747207766494036,SW,21.735449988191437,SSW,NE,3.941211108486985,8.853027771217462,68.64667780664317,54.55849446937363,1017.9970016709965,1013.4528511179338,1.2057611202955512,1.1763666745390438,19.35308665564534,25.573662767674897,No,Yes
2011-09-16,Brisbane,21.92609702653195,28.781345449045297,41.39284769649234,2.6044848301509846,3.4455635318606137,E,36.62690898090591,E,E,13.79103033969803,16.20896966030197,85.58206067939605,84.93272754773523,1014.9538179618119,1013.7470907165853,7.395515169849015,7.395515169849015,26.20896966030197,25.490315109347264,Yes,Yes
2012-02-19,Brisbane,17.03052081305399,24.309283070341756,0.12123774271223431,3.6973283979712805,2.863713228136703,ENE,22.424754854244686,SW,E,5.212377427122344,4.756679005071799,72.18143385931648,63.66807584917289,1021.1367095266152,1017.9641359828885,7.0,7.0,20.4216604974641,21.960618871356115,No,Yes
2012-04-21,Brisbane,15.520487912697222,18.917073260581017,3.0159350432089496,4.415935043208949,0.0,SW,19.838699390650305,SW,SW,3.1954471305117287,3.609105738976542,80.03414652116203,77.44780512962686,1021.4933657134936,1019.5186015134051,8.0,8.0,16.699804982273978,17.99297567804157,No,Yes
2013-12-27,Brisbane,24.75859121892113,30.727748295933804,0.1585912189211263,8.627320970290137,10.279295609460565,E,30.277482959338055,NE,NE,8.378868283816894,13.828175621577474,67.3788682838169,67.55069266223943,1017.0405541297916,1015.4198497392521,5.414087810788737,7.0,28.12070439053944,28.234792201328176,No,Yes
2012-05-16,Brisbane,21.386011206598532,27.49300560329927,0.1310018677664217,5.200945834773771,1.372968247970831,SSE,38.24007471065687,SE,ESE,15.0,10.310018677664218,68.58506537182477,73.41020545430638,1017.1759925289343,1015.5759925289343,7.0,7.655009338832109,26.83449906611679,25.579489727284678,No,Yes
2010-01-30,Brisbane,24.04886655621437,33.7543732347759,0.0,6.798426663268135,9.908653352025262,ENE,28.0,E,NE,6.976399949022017,16.952799898044034,58.02360005097799,44.055066785615296,1011.3110133571231,1007.9188800407823,4.0157333673186555,2.9921333163406723,29.661453250069293,32.1590932449715,No,Yes
2011-09-16,Brisbane,19.139323604356427,26.23671994440853,5.442705582574297,4.224479962939019,4.920574473017173,E,22.27083622886916,SSW,E,4.56770905721729,10.13541811443458,84.75520037060981,65.75520037060981,1020.772916377113,1017.3580727356957,7.0,6.43229094278271,22.878647208712852,24.448959925878032,No,Yes
2014-01-04,Brisbane,21.943660411866492,27.022546911001303,0.0718302059332463,7.076075057602089,2.4352260872683202,ENE,22.154906177997386,ESE,SSE,7.795755148331158,5.795755148331157,74.02811441532724,86.10556750432593,1012.6317256300374,1011.5007443944379,7.359151029666231,7.359151029666231,26.11761304363416,22.981697940667537,No,Yes
2013-04-21,Brisbane,13.584845854439662,22.537386012614913,3.9272253799139003,2.6101606327010147,4.697003892284405,ESE,29.454624366810165,SE,E,7.151541455603389,13.303082911206776,79.93920981077629,72.71689114023053,1025.9747720252299,1023.0970038922844,6.616152848132204,7.0,19.152540158175253,19.982848449295933,No,Yes
2015-11-27,Brisbane,19.309399017535206,25.39828571928256,7.8581280702024845,8.241024631575701,1.3,SE,25.20512315787851,SSE,ENE,6.4658128070202485,7.000000000000001,68.12394087722274,69.71369456146572,1018.019665017566,1015.6265024561619,7.0,7.4658128070202485,23.67093596489876,23.779054192964335,Yes,Yes
2012-04-25,Brisbane,16.44161820045663,29.74280522779074,2.8536336902069563,7.734399225512484,6.958793610477991,W,28.32800387243758,N,NE,8.67199612756242,7.328003872437581,53.608042596813384,58.90406970387646,1015.3323885763091,1010.9095930296123,5.328003872437581,6.16400193621879,23.633212198178384,25.746002904328183,No,Yes
2013-10-19,Brisbane,14.644861495298155,23.878113910065395,0.1886336751673679,5.079564273828424,6.990930598661058,ESE,30.0,SE,ESE,10.05683162416316,13.11366324832632,59.53688140938815,59.0737628187763,1023.2801680778607,1020.5102770094037,5.4715841879184195,6.23579209395921,20.985490191943022,21.86674758523276,No,Yes
2011-07-27,Brisbane,15.684800476181488,19.235999689446853,4.390401117991319,2.447999585929141,0.1,SSE,17.44799958592914,SW,W,4.447999585929141,4.447999585929141,88.432001449248,82.88000103517714,1015.2815982609023,1011.7831980745706,8.0,7.2239997929645705,16.66560012422126,17.271999378893714,No,Yes
2011-01-18,Brisbane,13.672744439405783,23.926903238011462,0.11893796338285131,1.9189379633828514,6.8461935239770675,WNW,39.378759267657024,NNE,W,5.784069450742769,19.973449084571282,72.59468981691427,57.59116659108677,1013.7405310183086,1009.2784069450743,5.21593054925723,3.43186109851446,20.10265509154287,21.94619352397707,No,Yes
2009-04-08,Brisbane,19.92686491954943,27.84630830445083,2.8314652351547607,2.518515693070393,7.221298768563406,ESE,29.99072308168996,SSW,ESE,8.203710767324017,11.0,72.39814461633799,70.97216924506986,1018.9462701609011,1016.4444147772391,7.0,7.0,23.36204092202821,24.46946245667624,No,Yes
2013-11-16,Brisbane,13.51023784003211,22.88555674651683,2.584281120577947,4.301275625938881,5.666908079582593,ESE,31.692864799036755,SE,E,7.897621599678917,14.795243199357836,74.71664880224756,64.75870293675821,1026.6711134930338,1024.0669080795826,6.367459466773694,7.0,19.57531890648472,20.554843226420502,No,Yes
2010-12-21,Brisbane,16.771127546940082,22.760801005446968,3.708605451244262,4.969406456691229,2.423516141728074,N,25.355637734700412,E,ENE,9.237091823133607,9.982789097511477,80.95029769838729,90.01721090248851,1022.4219880920645,1017.7133826408202,6.135756814055328,7.627151362811065,20.733649642635903,19.64569727437787,Yes,Yes
2012-10-12,Brisbane,20.0454147387409,22.8436923973971,32.65254598801426,3.6302764924939326,0.0,SE,26.10092164164644,SE,SW,4.436923973970974,5.02523041041161,94.02523041041161,91.58830643644063,1016.6864631531478,1014.4301555505449,8.0,7.5126152052058055,21.279014971973353,21.268922807808707,Yes,Yes
2010-08-08,Brisbane,20.71082158112602,27.854334292112462,0.2,5.117393765070461,4.663116069578587,E,33.82606234929539,E,E,9.717280571829273,15.826062349295395,68.4130311746477,62.8039664140786,1016.1261755425365,1013.4261755425366,7.413031174647697,7.413031174647697,24.080396641407862,25.782606234929542,No,Yes
2015-01-05,Brisbane,19.606913278618663,26.605943118736263,21.860764267744365,0.6286232743570407,0.27926016414401417,WNW,13.898726220426052,SSW,SSW,2.138265572373239,3.861734427626761,94.44693771050704,74.82959343423944,1015.0350514730344,1011.7387506523145,7.9308672138133804,7.0691327861866196,21.079260164144014,25.626682954592255,Yes,Yes
2014-08-23,Brisbane,22.519653450194568,30.112566922236635,0.0,8.324598466580191,9.2,E,29.125669222366348,ESE,E,9.0,13.874330777633654,59.814173055915866,56.879684556564435,1010.5852915661911,1008.1038742605995,5.0,3.6885038335495204,27.756818839011398,28.231149616645045,No,Yes
2011-01-06,Brisbane,23.233198806273386,29.92085285957158,0.0,6.985734536382185,3.5344312326589615,W,46.928672681910925,N,SSW,7.0,6.097393392553552,65.1947867851071,88.12345946701804,1008.3577489450017,1005.2408768739374,6.0,7.0,27.46241682403945,24.33841202116628,No,Yes
2010-09-12,Brisbane,18.959497920091966,30.13548128082771,0.11899584018393568,4.805020799080322,9.930460481747389,E,31.645187191722894,SSE,E,7.0,17.025103995401608,62.13975041103614,53.97489600459839,1012.1304604817474,1010.8189958401839,2.5949792009196786,3.4301247944819293,26.52401663926426,27.522929283126906,No,Yes
2013-05-28,Brisbane,21.432746880302794,27.45221023981496,4.481416320033643,4.369914240235505,4.209720638805651,SE,35.371673599327124,ESE,ESE,13.0,14.185836799663564,81.96459199915891,74.76995840403724,1015.0177040004206,1012.1247856005889,6.221244800504655,5.628326400672872,24.90708160016822,26.082295999579458,Yes,Yes
2012-10-14,Brisbane,18.987670255141904,26.040909624288457,6.2470212078779905,6.960606416192304,4.5438351275709525,SE,28.102925503282492,S,SE,5.261755301969497,7.000000000000001,80.57053181181699,72.0,1019.2714201205696,1016.7134786306352,6.0,7.420585100656499,22.34650005382891,23.445611745076256,Yes,Yes
2012-11-07,Brisbane,20.49393191851248,29.426456174314144,11.271843440926471,6.154369349156735,3.622815325421633,E,31.036408488925115,ESE,E,6.361651046941757,9.711165930908477,77.90291069619968,72.96359151107488,1017.0856799886609,1014.6218450933551,7.0,7.0,25.862621279008323,26.252912348628293,Yes,Yes
2009-09-13,Brisbane,21.504738492045373,28.457156904772777,0.4953598413640567,6.6476799206820285,2.9763567064778464,N,30.857353571591634,S,E,6.095261507954627,11.190523015909253,66.4289226193194,74.52418412727401,1010.5478765875009,1009.1955073414782,6.523692460226869,7.904738492045373,26.499950833295287,25.314215476136123,No,Yes
2015-07-09,Brisbane,18.574054912514775,23.13490421072695,18.000699211679954,8.365328859833037,1.126061622765219,SE,24.783014035756498,SSE,ESE,6.652123245530438,5.956369736591315,74.34787675446957,79.91273947318263,1017.7732391655549,1015.8298419727062,7.347876754469562,7.652123245530438,20.860849298212177,21.139267237067816,Yes,Yes
2012-06-20,Brisbane,21.814400493839187,30.576830105178473,1.0751407773214212,7.713274275267818,10.550281554642842,ENE,31.62429611339289,NE,E,4.0,12.375703886607106,68.43362862366092,55.063555829910655,1014.5041031458484,1011.8728883401787,4.248592226785789,2.312148056696447,26.3329041335267,28.90804491084812,No,Yes
2009-04-24,Brisbane,15.594275676822667,24.995229730685555,2.3942756768226667,2.1182827030468,7.5774240545702005,E,24.000000000000004,SSW,NE,7.0,7.995229730685555,75.40381621545156,58.79809189227422,1013.3346572983678,1010.5158975683896,3.798091892274222,5.802862161588667,20.01351243373236,23.974561892981534,No,Yes
2010-01-27,Brisbane,20.06510309557971,30.68461786990048,0.17159725078454116,4.8544439874473415,10.501180755491788,E,28.426041238231882,SE,ENE,7.852082476463765,14.999999999999998,67.56805498430917,56.284027492154586,1012.3035422664753,1010.3177436410831,3.142013746077294,1.2840274921545884,26.682846736662803,29.141423368331406,No,Yes
2009-02-06,Brisbane,22.955751019765202,28.385551353392717,0.9963878383481799,5.598193919174089,1.541539858995931,ESE,36.9638783834818,SE,ESE,18.846483129797644,16.945817575222694,80.0,62.054182424777295,1012.9056557283158,1010.4930131625345,7.0,7.9638783834817986,23.574714868437265,26.870199666372486,No,Yes
2011-04-27,Brisbane,20.04085725998691,25.38871411001963,10.895713700065448,3.823777686676848,2.1771267433602404,E,32.88111156661576,S,ENE,5.765237900021816,12.176825266681211,89.58841263334061,76.87809679982547,1022.2240791633559,1018.8066981133668,8.0,7.411587366659394,21.88201599665285,24.24146021334497,Yes,Yes
2013-03-05,Brisbane,18.063729457709687,27.8611574179099,2.1592283880600647,4.522314835819806,8.031126462690741,E,26.80900213929925,SE,E,9.802572039799784,9.394855920400431,62.01286019899893,65.21028815919914,1013.9045010696497,1011.6637294577097,4.802572039799784,7.0,25.140771611939936,25.520385805969973,Yes,Yes
2010-12-24,Brisbane,18.988309217202467,29.22964530666504,0.0,6.28267217892515,11.555323686880987,ENE,26.413360894625754,ENE,NE,5.983298881717809,10.206680447312877,61.0,52.586639105374246,1014.921294747524,1012.2832988817178,4.810020670969314,2.396659776343562,25.910647373761975,28.18997932903068,No,Yes
2013-12-29,Brisbane,22.845993857398312,28.094105285831656,0.9629721428916638,4.057783285734999,4.626650142795005,E,31.20755428626662,ENE,NE,5.051888571566655,10.051888571566657,77.73349857204995,63.05188857156666,1020.3007058570116,1017.9636779999032,7.762972142891664,6.237027857108336,24.817808071542494,27.04375235732582,No,Yes
2014-07-08,Brisbane,14.98457682574315,20.02834922852937,4.140804422956931,3.326435383655445,1.9477945175708744,N,31.162828841754123,SE,ENE,3.1733701913077557,7.6427182678308565,88.42912692867657,81.9090163547533,1021.4693480765231,1016.9795005760031,7.295977885215347,7.530651923476897,17.599805574963206,19.30593595965858,Yes,Yes
2009-10-18,Brisbane,19.106967735728603,27.93022580179645,5.837193537525054,2.8511290089822583,8.97904837235543,ENE,23.18596768762527,SSW,NE,7.0,10.418548348303762,73.81403231237474,60.00000000000001,1016.5720806366269,1012.9953387026948,4.767419339321505,3.7674193393215054,23.82090320718581,27.10927417415188,Yes,Yes
2011-06-02,Brisbane,20.64279282284571,30.87540013498057,2.3869316184274307,5.5246635068159975,8.232607312134856,W,31.71748815055999,W,ENE,4.0,9.905829383519997,66.32607312134857,59.92761001947428,1010.7079438053188,1006.6775145567794,4.0,4.673926878651427,26.544970886441142,28.222485443220574,No,Yes
2010-02-11,Brisbane,19.27864212135306,27.949952331673625,8.698438281140767,4.944086802847644,7.719062968684459,ENE,28.698438281140763,SW,E,4.0,16.360217007119104,69.31622554092421,57.669110637010824,1016.6228242608536,1013.8603123437717,5.661778725978344,4.992668088967516,23.92052935089096,25.914663822064966,No,Yes
2014-05-01,Brisbane,14.950232537942474,25.51949908224131,0.8819558818697552,2.297555147662806,7.568276656072717,E,20.0,SW,NE,2.897555147662806,8.795110295325614,83.47322609720335,64.06344668785457,1023.1116994493448,1018.8463327214943,4.102444852337194,4.756112130842984,20.233643383923294,23.619499082241315,No,Yes
2009-10-10,Brisbane,17.775927364961827,27.37592736496183,0.0,8.342049284669956,5.7428664051077645,W,42.34695200729681,N,NNE,11.661219197081277,13.661219197081275,54.62853437956894,61.98365759124383,1014.4024513613135,1012.2759273649618,5.677561605837445,6.669390401459362,26.010622565691513,24.301634240875618,No,Yes
2013-11-13,Brisbane,20.008118391085304,32.52306252033497,0.0,7.2664210183832045,9.91900332479232,NE,28.0,N,NE,6.854243431755249,9.583026272979005,54.72878284122376,57.04059195542652,1014.3562730295265,1008.9518453615588,1.8745394094685102,1.7287828412237585,27.004059195542656,30.121032922563643,No,Yes
2010-02-14,Brisbane,16.544943383521375,23.90449045169236,4.262944056888564,3.379773534085495,1.977508874940446,SE,19.247169176068688,SSW,ESE,5.146036846496163,7.000000000000001,81.11245562529777,73.46075713093899,1023.9797735340856,1020.2797735340855,7.550566164786263,7.550566164786263,18.974150752820606,21.439320602256483,Yes,Yes
2009-10-05,Brisbane,22.487884371110386,26.812115628889607,17.156494283983054,5.4460762391090825,0.041211562888961314,SE,38.830196948902646,SE,SE,10.533271917785743,14.709040660006517,82.93345616442852,73.34557179331813,1014.0945387546675,1011.6187700124467,8.0,8.0,24.506654383557148,24.624231257779226,Yes,Yes
2010-02-11,Brisbane,20.904616748435448,32.36862509683145,3.5177333677622946,9.316683535603477,7.226233238653691,S,30.537250193662903,SW,NE,8.897166709702867,8.8457500645543,71.64008348396003,60.05141664514857,1010.595908167644,1008.287933212832,5.742916774257169,7.794333419405735,25.4817417161583,28.66117505809887,Yes,Yes
2013-12-16,Brisbane,14.344438879434078,24.26160275500028,0.0,1.6525277820754192,7.420197214056704,SSE,17.777805602829613,WSW,SSW,4.5050555641508385,5.767694474527935,84.97977774339665,49.78791673113129,1022.155561120566,1018.4070777898112,6.747472217924581,2.757583346226258,16.54443887943408,23.60907497292486,No,Yes
2011-05-09,Brisbane,18.698922083126643,23.947446559585273,43.76946450957516,2.246651346249242,0.06407492520837545,S,34.28149850416751,SE,SSW,11.562997008335017,8.514755235413718,92.43700299166497,80.9035164541574,1013.5477292631226,1008.1544265706241,8.0,8.0,20.206697307501518,22.43376924104491,Yes,Yes
2012-05-06,Brisbane,15.162064141007756,23.458717179844843,0.0,3.786052512248244,3.2518833467439983,W,37.0,N,SW,5.861924230232729,10.793585899224238,68.89679294961212,79.62064141007757,1013.055230307907,1008.6655510129457,6.379358589922424,7.0,19.965551012945696,16.7382156805423,No,Yes
2011-11-14,Brisbane,22.96332289458693,29.39827592022811,10.70031316239211,6.495506841405671,4.1176594719852035,ENE,33.100313162392105,ENE,E,9.0,11.788923684710234,84.55015658119605,76.86154605887793,1014.6204285508076,1012.1571056562207,6.183385527065352,7.394461842355117,26.153291578347716,27.530459867046854,Yes,Yes
2010-12-14,Brisbane,13.385385642432002,21.021058847736,5.550980795600024,3.4573071787839993,3.769621033376007,ESE,34.994248742560025,SSW,ESE,4.0,9.713464106080002,74.49137311384004,74.0,1029.4730717878401,1026.322784224968,5.573071787839993,6.2865358939199965,17.385960768176,19.35673205304,No,Yes
2011-03-26,Brisbane,15.08552367808195,22.013136882170336,26.790891809715525,4.30670238505994,1.0136726580694218,SE,39.79892844820183,SSW,SE,5.067023850599392,14.20107155179817,87.13404770119877,64.99464224100913,1022.9946370546878,1020.8879346696278,8.0,7.466488074700305,16.978553405072464,20.459785689640363,Yes,Yes
2014-06-24,Brisbane,22.17065006755877,31.723550022519586,0.9381483958140353,7.956358065969006,6.796388703139474,W,49.89012923566082,N,NE,7.436419340309941,8.563580659690059,63.2904356073655,65.50864527752047,1011.7656160868988,1006.9656160868988,5.7817903298450295,6.7817903298450295,27.60345811100819,29.096235517287138,No,Yes
2011-02-16,Brisbane,14.348996182962408,24.47307202943898,0.0,1.9892288117755925,7.707919064139966,E,22.821542376448818,SW,NE,6.116156782336611,7.473072029438983,75.82154237644882,58.0,1015.0772944794852,1012.2469885488872,3.0,5.526927970561018,19.008763554149223,22.996303385906305,No,Yes
2009-12-17,Brisbane,16.682682181386728,25.880614819995877,0.6643576241848973,5.260894060462243,5.682011022327688,E,41.605584809327226,SSE,NE,6.0,11.89273729302517,79.4290508278993,61.44636864651258,1020.1394415190673,1015.7913410906933,7.0,4.0,19.678883038134554,24.75743049673959,No,Yes
2013-09-29,Brisbane,13.400000000000002,23.04073514669775,0.0,2.315978524838158,3.4690164628853193,SSE,26.678919111629153,SSW,SSE,6.135783822325831,4.678919111629155,81.33383679720255,79.87697208650589,1025.3667673594405,1023.1766700081843,6.321080888370845,7.592648533022507,16.41102720046624,19.790097351256165,No,Yes
2014-07-08,Brisbane,12.444182901787004,23.925579251218416,0.0,2.404652449268953,7.45348780032491,SE,22.25582324472022,WSW,W,5.116280499187726,4.0,81.97673775365523,46.55814024959386,1022.2139542745532,1017.979070124797,4.209298752030685,2.5581402495938628,16.20697560064982,23.079067051543323,No,Yes
2010-06-13,Brisbane,19.411736350606194,25.111736350606197,0.0,9.247887007402653,0.0,SSE,34.07981167900442,SE,SE,17.15962335800885,16.079811679004422,57.15962335800885,68.87792846904867,1015.8239435037012,1013.4159623358009,7.0,7.539905839502213,24.043661022207967,22.725821095054204,No,Yes
2013-09-13,Brisbane,21.3299135105688,29.20940085100531,1.7384620213095152,6.4957257446296435,10.614530585152103,NE,33.341877659391585,NNE,NNE,9.068375531878315,13.136751063756632,59.17093882969579,53.170938829695785,1015.658974680873,1012.7247869149338,5.0,2.1367510637566327,26.082050638253982,27.702563297817473,No,Yes
2013-01-25,Brisbane,23.498669298035715,32.22528333732139,1.1840315764285938,8.431936847142813,10.785362278392878,E,31.026614039285676,NE,E,4.026614039285676,13.053228078571351,64.8270087446431,56.1064561571427,1012.5560868351787,1009.9827008744643,2.973385960714323,2.026614039285677,27.83459825107138,30.47604736464289,No,Yes
2015-03-30,Brisbane,16.255681736117047,18.06148540426481,9.595373804532551,4.175405838294075,0.0,SSE,23.844562127944403,SW,SSE,4.36891242558888,6.614854042648134,90.36891242558887,90.26217514882222,1026.080275897823,1022.1999999999999,8.0,8.0,16.98027589782297,16.940137948911485,Yes,Yes
2014-12-01,Brisbane,22.96698834294859,29.937738175144705,0.0,7.723583277398705,4.617446200837586,NE,30.693392737282938,NNE,NE,5.537738175144707,8.08017821184882,67.45285810173648,72.99059627688118,1013.0551843759823,1010.6773570949132,5.61321452543412,6.844345437861767,27.567928715260475,27.39952981384406,No,Yes
2012-01-15,Brisbane,21.420837078895755,27.84830316275847,0.31018102344916176,6.962194548688975,9.325848418620764,ENE,23.74151581379237,W,E,2.0,14.534728464826257,75.7932126510339,56.05169683724152,1015.2051696837242,1012.9327941115861,4.793212651033892,2.896606325516946,24.227624427861866,26.305169683724152,No,Yes
2014-12-26,Brisbane,19.81998664923389,29.587990209438182,0.0,8.224004746939062,9.143998813265235,NE,29.760026701532222,NNW,NE,4.719994066326173,12.840017801021483,55.11994956377247,58.03995846428321,1015.7920008900511,1012.1039958464282,1.3599970331630864,2.280005933673827,25.771991989540336,27.659989616070803,No,Yes
2015-06-01,Brisbane,18.98541835223825,28.865179293816393,0.310119529210928,4.4943425893398965,7.796573648615308,NE,22.145816477617522,WNW,N,4.67410353091804,8.022310592754119,78.28127528357372,64.1235058848634,1020.0269322362481,1016.3797609415783,5.32589646908196,6.32589646908196,23.114581647761753,26.405657410660105,No,Yes
2011-09-09,Brisbane,18.632025049934537,28.16002087494545,6.51637783651259,4.036002087494545,7.53401356871454,SE,27.26007306230906,NW,NE,2.360020874945447,9.360020874945446,66.18001043747273,61.80010437472724,1013.1459446813947,1009.9939822562962,6.0,6.180010437472723,25.212035487407263,27.15599165002182,No,Yes
2015-06-15,Brisbane,12.311444415776762,23.825477688907952,0.3645777663107035,5.187466597864221,8.33801109104373,E,24.35422233689297,SW,ENE,5.822888831553517,7.531333505339449,58.505444931795104,87.8746659786422,1022.8021779727181,1019.3667557390287,2.0885555842232413,4.822888831553517,19.310355429417736,16.092233427936698,No,Yes
2009-04-15,Brisbane,20.637610601385234,25.589265079947246,3.2479414970976377,6.6272797056728345,3.693382085751969,ENE,32.066179142480316,ENE,E,7.413235828496062,15.206617914248028,75.10330895712401,78.76029251451182,1016.9768373001319,1015.2561755087071,6.2066179142480316,7.103308957124016,24.23761060138524,23.292574037071258,Yes,Yes
2010-09-03,Brisbane,20.950442867388723,29.376646497787057,0.0,5.329053758583716,7.090730509690188,E,29.169341400885177,E,NE,6.923353502212943,12.169341400885177,67.75401210132777,62.16934140088518,1015.7942997436293,1012.4451021638948,7.0,7.0,25.927448918052608,27.093580637875576,No,Yes
2009-04-27,Brisbane,24.126982024426468,31.988207865866595,0.0,9.324716853653362,9.291272469466914,NE,38.32311798799893,NNE,NNE,10.376415731733191,16.37641573173319,60.25849439039914,54.25849439039915,1015.0924050548534,1011.5041971889868,4.376415731733191,4.441039329332977,28.5558960670667,30.2882078658666,No,Yes
2011-03-17,Brisbane,15.661572606921359,26.101310505767803,3.2541534622922343,2.1615726069213594,8.0026210115356,W,23.97378988464401,SW,N,3.205242023071198,5.205242023071198,70.7816529192508,57.35806381543041,1015.2318748642397,1010.7703022573182,4.794757976928802,4.192136965393203,20.78340731499628,24.76550412422476,No,Yes
2013-03-29,Brisbane,18.324895390148964,26.62438079810933,0.20804116736317071,4.064329338905366,4.847475116119573,S,28.600514592039634,SSW,E,6.399485407960365,11.0,75.28144085771098,70.36185253134268,1019.7346414770153,1016.9306208933338,4.600514592039634,6.080411673631707,23.392730720696278,24.116339630746157,No,Yes
2014-05-27,Brisbane,19.764370999290183,29.339645169623818,0.13719354719659682,6.337193547196597,10.802451622427226,E,35.11580641589791,ESE,E,9.628064528034031,16.371935471965966,59.173709623846854,47.39645169623822,1017.8017741518809,1015.890193510291,3.0579032079489523,5.3140322640170155,26.430516150461262,27.62895160397448,No,Yes
2010-08-17,Brisbane,11.762567244667727,27.76524041962904,0.0,4.3548125455177535,9.954812545517752,W,22.139038321483838,SSW,NE,3.965240419629041,8.913101049072601,68.12165853129837,54.22593727241124,1017.8860961678515,1013.2947860629444,1.0868989509273983,1.0868989509273983,19.606951916074195,25.7600264825734,No,Yes
2012-10-03,Brisbane,18.03196379475022,27.410538174597807,0.0,5.006121605757833,5.684695985605418,NNE,26.908175913632512,SW,NE,4.646261314140557,10.93878394242167,63.26191459949195,60.64626131414055,1017.4540879568162,1013.7370789055038,6.323130657070278,7.0,24.125842188992387,25.816659780355632,No,Yes
2010-10-15,Brisbane,14.312989458104544,22.07486463754275,0.0,3.8860872061748912,0.9448104925598481,SE,28.29592477122619,SE,ESE,9.0,9.215218015437229,60.02690225192965,52.91929324421103,1026.046657164001,1023.5385864884221,6.946195496140692,6.973097748070346,19.57217441234978,20.399076664279438,No,Yes
2014-01-01,Brisbane,16.216583594416434,25.76243769581232,3.340336689086404,0.7038653243654384,6.376246905330029,ENE,18.259663310913595,SSW,NE,4.90056114847734,6.419887770304532,85.03865324365438,63.77898993274079,1018.2452929529186,1014.4254051826141,3.8397755406090637,4.09943885152266,20.10442647284278,23.514370357995045,Yes,Yes
2010-07-25,Brisbane,17.883101680410025,28.703379663917993,0.0,8.993240672164012,7.0525347479384966,W,39.93240672164011,N,NE,10.491550840205013,11.47465252061504,50.0,58.22042794071755,1015.1067593278361,1012.9169732981946,6.491550840205013,6.745775420102507,26.105144474481786,24.754224579897496,No,Yes
2010-03-02,Brisbane,17.030463850764118,24.621730046636213,0.0,6.582615962691029,2.204325116590533,W,34.69557041972592,N,NNE,8.695570419725918,11.173840373089707,65.43480986009136,66.47826995336379,1012.3651901399086,1009.1391140839452,4.913079813455147,6.478269953363787,22.873903051299834,23.947826995336378,No,Yes
2009-06-24,Brisbane,21.388103022678106,24.493695115550654,24.827960464362747,7.520285116630718,0.0,SSE,42.17489070194445,SE,SE,7.972039535637253,8.370613952483662,91.3426534881209,87.91611860691175,1015.6377741868253,1013.3237939546437,8.0,8.0,22.416776278617647,22.485306976241834,Yes,Yes
2011-07-14,Brisbane,19.157959910610394,27.862857460892048,0.10644899776525983,7.177469042460063,10.06130601340844,ESE,32.0644899776526,SSE,E,9.128979955305196,14.999999999999998,57.451429843568185,58.725714921784096,1015.7581220491643,1013.4903670379906,2.467755011173701,5.128979955305196,24.909632962009418,26.04995946536153,No,Yes
2010-09-01,Brisbane,22.495847533882767,25.73594282520604,0.4011864188906381,3.822775464580054,0.5281143495879251,W,20.754449070839893,WSW,W,2.0,2.5029660472265953,80.26334721251968,74.2396188347069,1012.8514830236134,1010.3251483023613,7.125741511806649,7.0,24.894661114992132,24.823961883470695,No,Yes
2010-01-13,Brisbane,22.608027761597587,26.4,23.243247277643366,7.024686892221687,0.0,SSE,31.53085861527711,SE,SE,7.7252904996506055,11.796287922915665,87.62041642396385,81.60185603854217,1013.9317866345482,1010.7379583576036,7.867285346180722,8.0,23.878700773020487,23.773457069236148,No,Yes
2009-01-27,Brisbane,25.085166110368483,31.186605070651208,0.0,4.116752503341814,3.7315863929733286,ENE,26.28708472407878,E,NE,6.569372913881821,14.425830551842429,78.8468645694091,77.27269512125153,1012.7129152759211,1012.0961627725794,7.0,7.0,27.472250834447273,28.187084724078783,No,Yes
2013-07-24,Brisbane,12.739315518934056,14.406414788180324,3.791568119848532,2.0796395838536834,0.018054062421947476,WSW,13.0,SW,SW,3.8796395838536832,4.0,92.18054062421947,89.03711667082948,1019.4990989596341,1016.9449367723682,8.0,7.939819791926841,13.20551374781453,14.158270621721794,Yes,Yes
2010-10-16,Brisbane,22.85276859384374,30.272638269346142,2.6918563223605627,7.012377620350952,6.773289891834135,ENE,29.472314061562553,ENE,ENE,11.671010816586582,12.068404326634633,78.59609026507206,67.80130324497597,1016.3781754570335,1013.7850158896971,5.534202163317317,7.0,26.886319134673073,28.978827079521622,No,Yes
2010-10-12,Brisbane,22.290661389891003,25.658998021209126,0.45981103145971347,3.7128543160130376,0.6820039575817478,W,20.974291367973922,WSW,W,2.0,2.6495275786492836,80.92287410392177,73.72665347472751,1012.9247637893247,1010.3324763789325,7.162381894662321,7.0,24.630850358431292,24.772665347472753,No,Yes
2012-01-18,Brisbane,15.702717068049925,24.396891609932723,0.03766981675312029,5.063688717271843,4.972231243438966,SE,28.94174541882801,S,ESE,5.623301832468798,8.130094502593609,69.92816007857839,67.70872709414003,1023.817867696369,1021.1568960471471,1.5650472512968043,7.0,21.828735968568644,22.040778206820395,No,Yes
2013-04-08,Brisbane,23.761502315077472,29.157589892719507,1.8923317899483507,3.430672840206598,1.361502315077474,SE,35.38497684922526,SW,SE,7.654147374354381,17.38497684922526,72.23004630154948,63.11580632409613,1011.9148665161105,1010.807354940723,7.0,7.0,26.938654319586803,27.37292631282281,Yes,Yes
2011-08-05,Brisbane,17.149862151667477,22.59972430333496,0.0,3.843836155207826,2.6158920811442608,NNE,30.030129982298263,N,NNE,4.312327689584348,9.312327689584347,69.31232768958435,68.34245767188261,1012.8720559259365,1006.4969870017702,8.0,2.936983068753044,19.109038994689477,21.540547460312954,No,Yes
2011-07-07,Brisbane,17.28759551067997,24.57649034667863,0.0,5.516034845336623,2.398754198669209,W,39.58017422668312,N,SSW,7.0,6.765438706665172,66.53087741333034,82.11105164001346,1011.4975619213263,1007.5790354733281,6.0,7.0,21.717227122679525,17.05671809734963,No,Yes
2014-11-21,Brisbane,24.059125545229705,31.92510124615299,0.0,7.194742263794234,4.143983800615521,W,30.256572170257204,NNE,W,6.890040498461197,13.146612668718406,67.18326583589801,86.70677466256319,1010.0429473520004,1005.5356167185645,5.073306334359202,7.0,28.87745212881951,24.253387331281594,No,Yes
2010-08-14,Brisbane,22.395754780217256,25.255306524728432,18.549176030159792,2.272287403859414,0.0,SSE,23.127356593482364,SE,SSE,5.318984821469614,10.53183914837059,89.46816085162939,86.74469347527156,1012.6935728365495,1010.5573698008434,8.0,8.0,22.997877390108627,23.589386950543137,Yes,Yes
2015-04-01,Brisbane,21.628405862820717,31.351060286150556,0.7939588204453761,8.338367649628854,6.7015102948886565,W,59.04530884665969,NE,NE,7.676735299257706,10.353470598515411,61.92448525556719,66.96979410222689,1011.954980893404,1006.6474294189608,4.984897051113441,5.984897051113441,27.8495499912619,28.64501910659593,No,Yes
2011-10-24,Brisbane,15.929916197639258,26.344874296458883,5.481201107877985,2.412821227559682,8.414958098819628,SW,20.40600553938992,SW,N,4.0,6.021368712599469,67.9358938622016,51.042737425198936,1013.9358938622015,1009.2337569909416,3.935893862201591,3.064106137798409,21.319231841339526,25.587178772440325,Yes,Yes
2013-11-29,Brisbane,20.93574191784948,27.112851616430103,3.098312241135502,5.450281293144083,4.067071013591348,SE,36.75421939716125,ESE,E,13.0,11.748593534279586,75.24578060283875,86.49718706855917,1016.8128516164301,1014.7631329095742,7.374296767139793,6.7485935342795855,24.624015473995716,23.72401547399571,Yes,Yes
2014-02-23,Brisbane,21.068471216448287,23.847293175327568,5.757643917758559,3.0245223872068876,0.06480916618963027,E,36.87738806396556,S,ENE,4.052547972586186,11.035031981724124,89.01751599086207,90.5796162193105,1020.4542995716723,1016.1805735579655,8.0,7.982484009137938,22.966719617362084,23.3280255853793,Yes,Yes
2012-12-08,Brisbane,18.68160463171918,28.246821676621003,0.5859534970136983,5.423410838310503,9.135116257465755,NE,22.0,SW,E,4.0,8.511705419155252,77.44147290422374,61.92976748506849,1016.8923101437717,1013.5143837889829,5.023410838310503,3.732441871267123,23.066554238001142,27.273577489494294,No,Yes
2011-03-07,Brisbane,13.150736842597489,20.25810526857237,7.1455438455386675,1.3014736851949769,0.43971930251156566,SSE,16.86035089524124,SW,SSE,2.6764912346331786,2.338245617316589,90.81614033939194,89.64701753073363,1022.1948772006939,1019.4470877284865,7.830877191341705,8.0,15.135298246926636,19.350736842597488,No,Yes
2010-10-03,Brisbane,17.78740819056187,24.00094730696636,20.141564656179856,1.4707823280899266,1.059382650786511,E,31.895476296629486,ENE,ESE,8.760085132584523,5.489302804494597,70.16625862471942,66.4893028044946,1015.404278878202,1012.6125918094381,7.135391164044964,6.729217671910074,21.743704095280933,23.200947306966363,Yes,Yes
2011-02-16,Brisbane,22.862036444833343,29.25370387290476,16.972236942713966,7.6462961270952405,3.870369016761934,ENE,32.45371300976171,N,ENE,14.685193645237913,17.148154916190332,74.38888381285726,69.14815491619034,1016.2777767625714,1013.9314806354762,7.0,7.0,26.19074260195234,27.338888381285727,Yes,Yes
2010-09-26,Brisbane,16.537530620060803,22.946524805905383,0.7095121447387416,6.309512144738742,5.333414986828809,SE,30.660670542770283,SSE,E,4.226219638153146,8.131098190765732,84.17225452308568,75.28536434216225,1026.0928046513243,1023.7023167960632,4.547560723693708,6.547560723693708,20.02210400492115,20.748323643074297,No,Yes
2014-05-11,Brisbane,19.24787800358029,28.093265557544605,7.730199220804306,6.21346888491079,4.697509550384028,E,29.568572601874823,S,E,9.159593345267627,8.226937769821582,70.04489628303597,68.36408297357123,1016.3680813309463,1013.3386531115088,6.204489628303596,5.977551858482016,24.661592523955253,25.7,Yes,Yes
2010-12-14,Brisbane,11.740661101503248,27.385256764666867,0.0,4.253620034588308,9.22743907143829,W,21.83735559398701,SSW,NE,4.0,8.75603339098051,69.62644406012991,54.89454423307144,1018.6888253691629,1014.0969575894636,1.4879332180389744,1.5692554210454706,19.323504509777916,25.442182306771425,No,Yes
2012-12-14,Brisbane,18.35609892770409,23.298171372361292,3.6835353467681693,1.9579275553427973,0.780792405310107,ENE,30.204266797823657,ESE,SE,5.594514117083875,11.402438170184944,88.40548588291614,72.97561829815054,1018.3917641711422,1015.7109717658321,7.399390457453764,7.399390457453764,20.335367476648607,21.03932950319914,No,Yes
2010-04-17,Brisbane,22.86401331957755,28.523649857464775,3.641054261124622,4.88175071267613,1.466060896478708,E,35.23649857464774,E,E,14.88175071267613,16.999999999999996,69.88686965492903,80.88175071267614,1012.3611722205632,1009.7143843998589,7.940875356338065,7.940875356338065,25.96503710802813,25.929562321830964,No,Yes
2015-02-16,Brisbane,21.071431683750802,30.5099605767813,0.1653677767423755,7.619045544166131,10.038528893030499,E,23.38528893030498,SE,E,5.653677767423755,11.346322232576245,60.78787218598314,60.34632223257624,1010.013419441856,1007.3809544558338,2.8268388837118774,3.5194833488643678,27.19654113492536,28.26753501397793,No,Yes
2011-03-19,Brisbane,18.599817089805455,28.466605696601817,1.0656911456290967,7.199817089805455,10.033119938106365,SE,40.33211393203637,SE,ESE,10.332113932036371,18.665142415045466,61.66605696601819,49.666971516990905,1019.9338515788845,1017.0672458822827,3.667886067963629,5.0009145509727215,25.43366866869,27.400182910194545,No,Yes
2010-10-29,Brisbane,20.43961504153169,24.957036908220626,1.2308740946846992,2.991940668603552,1.6489775768241821,E,24.53688857972951,S,SSW,5.731555710135244,5.154370473423496,79.57718523671174,86.08059331396448,1015.789895822252,1012.6281476328825,7.577185236711748,7.577185236711748,23.17718523671175,21.95368885797295,No,Yes
2013-08-31,Brisbane,20.462289967759745,30.928565831895074,0.0,6.633137932067664,7.426260193441537,SSW,30.559984329306207,E,NE,6.0,11.605705331032118,63.04572100172591,62.69714733448394,1008.1651426332758,1003.8137163005179,2.7428683362098525,3.394294668967882,26.800000000000004,28.96342319861927,No,Yes
2014-02-20,Brisbane,21.925648569301256,31.418574890485612,0.0,9.849567620465828,12.06814251095144,NNE,29.433587007185245,NNW,NNE,7.63714978097122,10.59287445242805,50.07073678815647,54.23002423339927,1014.5513490073588,1010.7876340292618,2.8407125547571948,4.362850219028779,28.334503635009888,30.059287445242802,No,Yes
2014-10-14,Brisbane,13.755541469578514,23.734550685040404,0.0,5.362972353614324,8.407430884035811,SE,30.60495392269054,SSW,SSE,5.024769613452705,9.790092154618918,63.135599005022975,59.20990784538109,1023.8998732262066,1020.5393778339375,3.1851382319283776,4.209907845381082,19.82594470722865,21.27653225411662,No,Yes
2010-05-20,Brisbane,22.04535617506537,27.859210358849193,0.0,6.336377689276377,1.5683434266783252,NE,28.091330678291285,S,E,6.31811155361812,8.773219124673163,69.45356175065366,75.54489242894495,1010.517956971578,1008.8952788840454,7.0,8.0,26.318266135658263,25.631811155361813,No,Yes
2010-02-17,Brisbane,19.8719197386714,26.918495205682458,1.6006839974170641,5.9321933376382265,4.419521201808055,E,30.133561332472354,SSE,NE,6.4006839974170635,11.801367994834129,82.06507067269352,64.33903331180886,1022.0345873285979,1018.654792527823,7.0,4.4006839974170635,21.479110803357816,25.52431827553475,Yes,Yes
2014-03-29,Brisbane,21.091338018566216,23.830650088150307,5.574680361962788,3.017323962867566,0.025985944301348676,E,36.96002162415177,SE,E,4.0466414384895995,10.973347749434515,88.8600756845312,90.86007568453118,1020.3706825243779,1016.0820097308683,7.9866738747172565,7.993336937358628,23.016657656603428,23.315991350339292,Yes,Yes
2013-06-03,Brisbane,18.5733005661691,25.87135835607664,0.0,6.194173369722625,2.4228150136459847,ENE,21.485433424306564,ENE,ENE,4.495144474768855,6.228150136459846,63.25728328784672,66.78156091400244,1012.8169883833687,1010.7694161459842,7.752427762615572,7.0,23.320872803553527,23.768445040937955,No,Yes
2014-09-28,Brisbane,19.537603083667555,28.318566474241653,1.8542890171722306,5.437132948483308,4.52432369748065,E,30.366628132990645,SE,E,10.819036609425899,7.361926781148203,67.0951830471295,69.27614643770359,1015.6833140664952,1013.1376030836675,5.819036609425899,7.0,25.445710982827773,25.672855491413888,Yes,Yes
2013-11-30,Brisbane,17.708984210950725,26.941097784134556,0.28452576178774475,5.022628808938723,5.69376024938566,ENE,21.598170359775743,WSW,NE,2.5773711910612764,7.000000000000001,79.95840166257108,60.535772853632345,1017.4115646811166,1012.9889358721778,6.711314404469362,6.711314404469362,20.886355402012004,26.023543629050852,No,Yes
2009-10-04,Brisbane,19.1127122945874,27.934534220940552,5.84724651552795,2.872671104702751,8.992691699645077,ENE,23.236232577639758,SSW,NE,7.0,10.454451841171252,73.76376742236025,60.00000000000001,1016.5799794050577,1013.0018013314109,4.781780736468501,3.7817807364685008,23.838136883762203,27.127225920585623,Yes,Yes
2013-07-25,Brisbane,20.432902244053967,29.482660568516923,13.69994340656474,5.763274545866981,5.008939687996212,NE,38.145395169874554,ESE,E,11.795906817666275,13.698976704416568,65.32902244053966,83.84437187429113,1012.9137861936587,1009.0574047446212,3.44641846545799,7.349488352208284,25.615562812570886,24.709693011324973,No,Yes
2011-11-17,Brisbane,21.104427406332643,28.327083850132233,62.22577291661774,11.085068841512394,2.44201500861984,SW,30.967021210206635,NNW,NE,2.939236541776861,7.6436639481095074,74.66015334300619,77.78168025945246,1010.5610685158316,1008.1210075043099,7.5303817291115696,6.3563360518904926,25.02708385013223,25.202778466842975,Yes,Yes
2009-07-27,Brisbane,12.62567483088071,20.394601352954304,0.0,1.0675706088294377,0.9283866573690241,W,20.148650338238575,SSW,N,5.851349661761423,6.222975507357865,87.43917144849495,74.36484627937566,1014.1973006764771,1011.0783804058863,7.479723816164983,7.479723816164983,16.082435642653294,17.376359038985523,No,Yes
2013-05-22,Brisbane,20.763979162106374,29.524731061435205,3.2741931843056147,5.501075754259181,7.865321033298863,E,38.696240503355845,ESE,ESE,14.5053787712959,14.123655307176023,54.19086173205994,51.63979162106373,1012.6024176254516,1010.9147831561693,7.0,5.314517039235962,26.39435511177079,27.89327935751161,Yes,Yes
2015-07-25,Brisbane,17.816973570905425,22.733947141810845,12.39128032662524,7.26467720860071,1.7536720118931564,SE,23.87386265781956,SSE,ESE,7.197248700823111,7.591746102469334,73.80275129917689,79.83026429094578,1022.025227468436,1019.5350899034772,7.0,7.901375649588444,21.374772531563913,20.7325714922224,Yes,Yes
2011-05-14,Brisbane,17.70925170893225,26.567993202178524,0.0,7.077891159041328,5.264013595642956,SE,35.48843536383469,S,SE,6.122108840958673,12.51156463616531,59.24421768191735,69.0,1023.2471768570811,1021.3082312775603,3.6336734771239825,5.877891159041328,24.260408172548782,23.458095245315718,No,Yes
2013-04-25,Brisbane,19.907513146824638,28.270952290177714,13.434391433530797,6.46343914335308,7.075793575148097,SE,35.0,NNE,ENE,5.365608566469203,13.0,68.90317430059238,64.3171957167654,1015.5585978583827,1011.0515871502962,5.048412849703804,2.951587150296196,26.24407400347156,27.748915288441935,Yes,Yes
2011-01-11,Brisbane,8.116167059959317,19.311287560391772,0.6951205004324568,0.5146384987026298,1.282010562986514,SW,13.917695621216001,SW,NE,2.262198748918858,4.262198748918858,89.73780125108114,71.95120500432456,1022.0390359965403,1019.1030571225134,7.868900625540571,7.131099374459429,11.855496872297145,18.532627935716114,No,Yes
2013-10-06,Brisbane,14.392138537983914,26.784609316908572,0.1248655496236547,5.12701675564518,5.207861462016087,W,39.98924396989238,ESE,NNW,2.7513445037634527,7.000000000000001,68.24865549623655,54.51344503763453,1012.6729832443549,1007.6381050266936,4.5026890075269055,4.5026890075269055,19.802689007526904,24.249731099247306,No,Yes
2012-01-08,Brisbane,22.75469608815958,29.660957539039014,8.943646942085055,6.35314904684682,4.781288932990091,ENE,29.85930056928365,ENE,ENE,11.374954196482246,13.67182347104253,79.5156536271986,67.29686927456028,1017.9749908392964,1015.6312339687688,5.890607823680842,7.0,26.595322233247522,28.60158368412696,Yes,Yes
2014-09-12,Brisbane,13.622686646985985,24.599725555128042,0.0,5.687594112865422,6.3767644632700975,S,27.403701364822428,W,ENE,5.298149317588786,13.0,64.5620294356729,50.50925341205607,1022.4583280708505,1018.2881430026093,5.05277602361682,3.7546267060280347,19.240095691610286,22.910280759851403,No,Yes
2012-10-20,Brisbane,17.052305560866735,27.21203927990585,4.188114946924194,5.585143683655242,7.810553648271372,ENE,30.0,WNW,ENE,6.328381227885082,12.313524911540323,79.13370684710281,59.32838122788508,1024.4295584058596,1021.4011771779743,5.014856316344757,5.686475088459676,21.231506717984075,25.279201157117342,Yes,Yes
2011-01-07,Brisbane,19.55729025568091,26.609373755012566,0.2520834993316577,7.783332005346737,4.209373755012567,ENE,29.848956258354278,ESE,ENE,7.890626244987432,14.260417496658286,67.45313122493717,61.26041749665829,1019.8359393674812,1018.4619811171469,6.630208748329144,5.630208748329144,24.976561628508797,26.01354075367588,No,Yes
2013-08-05,Brisbane,13.278033638900261,21.807529055396344,1.7947736947060051,3.5219663610997385,6.536714069347781,SE,32.26882263849086,SSW,SE,3.9508409725065268,10.21966361099739,81.09831805498695,61.07218652851697,1029.9291850139514,1026.7780336389003,6.390168194501306,5.1705045835039165,16.66098318054987,20.707529055396346,No,Yes
2012-05-04,Brisbane,20.597411816658987,24.292904965386388,0.7888144982878421,4.844742006848631,0.8731221453030823,E,25.92904965386387,S,SE,7.0,6.0,76.50751141878766,90.25375570939384,1015.6107691175381,1013.3767962282276,7.563438927348459,7.563438927348459,23.032470605552998,20.95784617649238,No,Yes
2012-03-17,Brisbane,14.965175171851836,24.045594876084635,0.5717481774603214,3.0086715267724764,5.320560195820066,SE,27.902098521163985,SW,ESE,4.0,9.282518225396785,75.67412414074083,75.30489064761927,1025.9913284732274,1023.0348248281481,4.478321183068809,6.858740887301607,19.787972609894148,20.872728077513184,No,Yes
2012-08-17,Brisbane,22.016399331963544,26.622400445357638,14.25359510106599,5.4836006680364555,2.1220513082380594,E,30.578505288621944,E,ESE,12.612002226788187,12.806001113394093,91.67899610312068,85.58199665981772,1014.2608510855592,1012.1123513639077,7.548499721651477,7.548499721651477,23.58394980515603,24.11304963814692,Yes,Yes
2013-10-26,Brisbane,11.80351452501458,22.250895027545194,0.16140581000583135,3.968434860034989,7.982460167510205,E,26.38594189994169,SW,ENE,4.807029050029157,10.57891284991253,67.14025307475217,75.68434860034988,1026.2561012299009,1022.6175070399067,2.5964854749854216,3.807029050029157,17.075463910064144,17.76840206745189,No,Yes
2013-12-07,Brisbane,15.063706066548642,22.63654951079638,0.945175733805432,4.982236399291852,3.854568688849547,E,32.09137377699095,SW,ESE,6.0,6.454313111504527,70.36293933451357,76.26900978407244,1027.9271565557524,1026.408881800354,4.63706066548642,7.0,19.718530332743207,20.6736101762828,No,Yes
2012-07-12,Brisbane,18.84444194527512,26.655513069677045,0.2,6.555535562200961,6.833258358253605,SE,37.44419452751202,SSE,SE,11.0,13.0,62.444194527512025,61.222097263756005,1016.4111161094497,1014.2555805472488,5.1111610944975965,6.555580547248798,25.14444194527512,24.5,No,Yes
2010-11-22,Brisbane,19.157201522480428,27.41613376275089,0.2,5.197066588590748,7.013464363427042,E,33.02933411409253,E,E,6.132003513416374,15.029334114092526,68.01466705704627,50.45467876843418,1018.9943971892669,1016.2943971892669,7.014667057046264,7.014667057046264,22.84546787684342,25.702933411409255,No,Yes
2011-10-25,Brisbane,14.436819779988502,18.707980387632173,1.9870617077011508,1.3432889261379284,1.2562272184367773,WSW,16.522370246206904,SSW,SSW,4.0,6.41293829229885,90.6517531691954,79.74123415402302,1020.1716444630689,1016.5457678784712,8.0,6.174123415402302,15.636819779988501,17.942805070712634,Yes,Yes
2012-05-08,Brisbane,17.67271090948525,27.388488716913887,25.645601814632776,8.498933368914368,8.15373320879971,E,23.663111229714563,S,E,2.673777540570879,12.663111229714561,75.30488983771649,61.66311122971456,1016.502978234401,1012.0724892506294,6.326222459429122,2.1684443851427195,22.2422219257136,26.053733208799706,No,Yes
2013-04-17,Brisbane,14.885151937894378,22.021287984473595,3.4136671316838174,3.4,4.464651240368654,ENE,26.646512403686533,W,SE,5.787120155264052,10.42969612421124,84.49409534789098,65.92772790684157,1027.5863328683163,1024.1293024807374,7.285151937894379,6.285151937894379,16.778712015526406,20.59237914721022,Yes,Yes
2012-01-08,Brisbane,19.334819389931678,24.164721239284848,15.047212392848474,2.870557521430305,3.872656072406617,SSE,19.278032983768597,SSE,SSE,3.5186886558457315,6.721967016231402,90.24065567207714,91.5560659675372,1020.9121319350744,1017.732459771113,7.240655672077134,7.240655672077134,21.58131134415427,22.277573612985123,Yes,Yes
2012-01-24,Brisbane,20.25013359273922,27.35022265456537,20.008549935310235,4.299376567216962,2.101870298349114,SE,30.50578901869964,SE,ESE,9.50311716391519,13.003562473045932,89.4977734543463,77.98575010781627,1014.5951015995619,1013.0450570686488,8.0,7.4995546908692585,22.651113272826855,24.351825767436043,Yes,Yes
2009-08-20,Brisbane,22.39660003147771,26.21694546599189,16.54894609554614,6.0508363979756865,0.0,SSE,35.57636335020261,SE,SE,10.118727015182355,12.830545340081047,88.79654565485816,83.83054534008104,1014.3779817695345,1012.4966544080972,8.0,8.0,23.188127298481767,23.022018230465555,Yes,Yes
2009-04-28,Brisbane,19.426155744868424,26.660120753102223,14.347688510263152,4.312661407398784,3.8310078889018238,E,29.90295711933198,S,ENE,7.097042880668018,13.194085761336037,89.32069983532386,66.90295711933197,1023.1894627818623,1020.3652020616953,7.805914238663965,7.0,21.36686792183705,25.07467718520243,Yes,Yes
2012-04-05,Brisbane,21.28735187570595,28.23623180498033,0.8864293040390696,7.26113305545097,9.544532221803882,ENE,24.916995831764556,W,ENE,2.7641631931371284,14.999999999999998,73.70751042058862,56.6113305545097,1015.3069828470392,1012.8777338890981,4.694334722745149,3.0,24.55981548566663,26.57509874952937,No,Yes
2012-11-26,Brisbane,18.003088375028096,26.885763484048532,3.686452260727952,4.297083819141764,7.893995444113672,ENE,36.05660167546617,SSE,SE,7.0,12.656946063805878,65.94339832453383,57.20068877667942,1021.9049713908673,1019.8934788616042,7.0,5.17152696809706,23.174443148955294,25.305832361716476,Yes,Yes
2012-06-21,Brisbane,18.724285414242274,26.129142497090726,0.16275325766391727,5.284207650369075,2.6530390919670075,ESE,25.117402270082483,SSW,E,6.931168558402068,4.793505675206203,71.55870113504125,64.08909205471132,1019.909325346331,1017.6749096255319,7.186233711680414,7.186233711680414,22.395947877377324,23.37812946643506,No,Yes
2014-03-04,Brisbane,18.415863191355523,29.019810176031402,0.1782163316306537,6.683187688801502,10.180189823968595,E,36.01973492337942,ESE,E,9.0,16.782163316306537,61.455408290766336,43.65351005108039,1019.3791654514737,1017.268273617289,4.108918341846731,4.673244974459806,25.463377512770098,28.13267550255402,No,Yes
2010-12-23,Brisbane,13.055302443208943,19.43181465925365,8.361613030447687,1.0510081440298054,0.0,SSE,16.04294299179136,SW,SSE,2.297983711940389,2.7449592798509737,92.89395113582118,89.36108958432786,1021.355302443209,1018.2020162880596,7.851008144029805,7.851008144029805,14.731814659253649,18.98711710246259,Yes,Yes
2009-11-19,Brisbane,13.511877774684214,24.33850157195317,0.4212990378151677,3.1349324569324506,5.13967200157522,SSW,28.621414690124336,SW,NE,4.3668810136552025,8.260385824579364,78.16559493172397,65.42598075630335,1017.0816270362399,1013.1981865294123,5.6331189863447975,4.1597427836137575,18.158630180146293,23.401813470587655,No,Yes
2013-08-17,Brisbane,13.520915475105188,25.705741328110193,0.0,3.495283590557598,8.609432818884803,SE,28.738208976393995,SW,SE,5.507860682404004,11.52358204721201,68.19890556437397,46.50786068240401,1024.1513332860534,1021.831442729616,2.2303482939899912,1.7382089763939947,18.58113436223039,24.40259705514859,No,Yes
2012-11-15,Brisbane,14.11504321256174,24.639408235107013,0.3139827149753045,7.94406914009878,8.816103710148173,ESE,33.09321809983536,SE,E,8.04660904991768,16.046609049917677,58.8961769243003,53.953390950082316,1023.1237234396049,1020.6377061545801,4.569913574876523,5.093218099835363,21.582416877619366,22.830086425123476,No,Yes
2010-10-23,Brisbane,20.269009281000926,27.70704024478221,0.0,6.963380805708989,4.169015481890639,SE,38.1549225905468,S,SE,8.760557266728453,13.0,62.1549225905468,70.5774612952734,1022.0873250790362,1020.6788730647637,5.18309597145505,6.39436532381835,25.17323838858202,24.03661919429101,No,Yes
2011-05-08,Brisbane,21.80988284768609,28.829648543058273,0.10988284768609066,7.382577350906005,6.429648543058272,ENE,36.29648543058272,ENE,ENE,13.142385099595893,14.098828476860906,65.69179933802634,65.49414238430454,1014.9671673178074,1013.027635927063,6.549414238430454,6.0988284768609065,26.300000000000004,27.180234304627817,No,Yes
2011-06-29,Brisbane,20.753442441337178,27.412815292929707,0.2987502864543291,4.891252005180303,2.8303112825691015,S,33.02499427091342,SSW,E,4.759372851592532,13.024994270913421,78.7093843097657,75.96250859362986,1015.0199954167307,1012.3731197005949,7.0,7.746875716135823,24.95219272779151,24.409066152292695,No,Yes
2011-09-20,Brisbane,19.45437091367167,26.29831273006101,3.4434036590682706,5.0050618098169535,4.532669084137533,SE,34.1380363716029,SSE,SSE,12.138036371602903,13.569018185801452,59.99156365030508,62.98312730061016,1014.110123619634,1011.968712708153,6.284509092900725,7.284509092900725,25.555214548641164,24.89831273006101,No,Yes
2011-09-07,Brisbane,15.806170662426672,23.041306769686937,0.8084936529941337,3.850961917964802,1.2212341324853344,E,23.42468264970669,S,ENE,3.042468264970669,8.606170662426672,80.53284908532265,55.70272214520532,1021.3084936529941,1018.0934301829354,8.0,7.5212341324853345,19.869873059882675,22.554047249178137,No,Yes
2014-07-30,Brisbane,23.742855649623113,30.382239341881704,0.0,7.577606581182942,4.703091991345242,NE,29.28957367526823,NE,NNE,5.644786837634117,6.888032905914709,70.51350786343882,74.55983547042645,1013.0169902734416,1010.9861017179037,6.822393418817058,7.822393418817058,28.204632760698765,27.82432460682806,No,Yes
2015-06-25,Brisbane,20.255310326769575,29.24468967323043,6.418034378925047,6.16593098030872,9.815431045769015,E,30.15431045769017,ESE,ESE,8.723448366152132,12.723448366152132,61.10620653539147,48.8296549015436,1017.4903792155402,1015.6058102613093,7.0,4.0,26.341482745077187,28.313827581692394,Yes,Yes
2014-02-23,Brisbane,19.707514301392465,28.097657170912832,0.02065714203197553,4.662914307168636,4.817842872408452,NNE,24.206571420319758,W,NE,4.0,9.413142840639509,64.7182855657556,62.37557133367719,1016.2168999913356,1012.8722999971119,6.206571420319755,6.896714289840123,25.163385747704993,26.76995716802475,No,Yes
2015-07-06,Brisbane,17.192664351071713,25.692041485303402,0.0,2.599584756154459,8.342560540110329,NE,20.92664351071713,N,NE,6.071280270055164,9.285121080220655,64.85743945988966,66.50103810961386,1021.3932872168401,1016.6649827307407,2.0,6.071280270055164,22.74968856711585,23.735017269259266,No,Yes
2015-04-08,Brisbane,17.367757888876763,25.15466003003331,0.21813598798667705,3.126951915906739,4.200504132146553,SW,22.997479339267237,N,SW,2.2266998498334627,8.773300150166536,88.54660030033307,71.95213936930055,1018.4556682943264,1015.6191442522797,7.045339969966692,7.045339969966692,20.208815927920064,22.0642321561732,No,Yes
2013-12-21,Brisbane,22.812978238433292,28.096407924429403,0.0,7.592815848858809,3.800578115976676,ENE,20.726534592843258,W,E,3.3093861628626966,11.07184151141191,76.0,68.43916854719562,1012.8431049068472,1009.7265345928432,6.309386162862697,5.618772325725393,25.936732703578375,26.627346540715678,No,Yes
2012-07-19,Brisbane,20.552029803574882,28.866052156256046,0.27601490178744104,7.439850982125589,5.242067058043484,E,33.28044705362323,SE,E,9.0,13.76014901787441,66.38007450893721,48.6014901787441,1020.3678956874879,1018.0918807857006,6.099627455313973,7.0,24.17011176340581,27.176014901787443,No,Yes
2011-07-03,Brisbane,18.852031554404057,28.109754855662356,0.16056917468542453,6.081707524056274,8.359146237971864,SE,33.39430825314575,S,ENE,4.0,11.817075240562737,61.98577063286439,81.29675969652217,1017.0985770632865,1015.385976334197,3.8028458734271227,6.605691746854245,25.57743871391559,21.27011832901521,No,Yes
2012-04-28,Brisbane,13.806284781831561,22.49583664588872,0.10416335411128003,2.88750993766616,7.52914347877896,SE,26.7706180172332,SW,S,6.479183229443599,13.166534164451202,66.5208167705564,63.8334658355488,1029.4542031047758,1026.7146114900543,3.4791832294436,5.5208167705564,17.98750993766616,20.7,No,Yes
2010-05-07,Brisbane,17.127208384073498,25.613194228569665,0.5221766707258796,5.049795018266459,5.341222539577326,ESE,32.4163250304441,SSE,ESE,2.389116646370602,10.610883353629399,77.47074179859108,69.1673499391118,1025.745173268386,1022.02299659766,7.0,4.5836749695559025,20.177413365807038,22.705031713347616,No,Yes
2009-12-03,Brisbane,18.202010353541148,27.25150776515586,5.268140925930175,2.900603106062344,8.518040408253118,ENE,23.334673569027434,SSW,NE,6.168341961284289,10.334673569027432,76.1603005471197,61.496984469688286,1017.5649243602644,1013.8318590740699,5.0,4.498994823229427,23.068744031992523,26.435276675089774,Yes,Yes
2013-04-30,Brisbane,18.98009095795016,28.46785376981091,0.12347035148259485,4.846940702965189,10.073972363880538,E,28.469407029651894,SSW,E,5.147944727761077,13.76529648517405,62.87762811860758,62.32146230189082,1013.5301381805973,1010.8449326533735,2.530592970348103,3.0,24.67652964851741,26.10611859406962,No,Yes
2011-05-10,Brisbane,16.910755968210967,23.60618973307621,3.7815322203345723,4.695383055083643,3.724657512741637,ESE,21.892440317890337,WSW,ENE,5.046169449163569,9.092338898327139,89.43074582625464,72.35362771171003,1025.118518489447,1021.7985286314033,6.953830550836431,7.0,19.138457637709106,22.183105008494426,Yes,Yes
2012-02-22,Brisbane,16.658779120394836,27.528875155005775,0.0,6.521673482322798,9.737105638072036,NE,30.989711896167172,NNE,NE,6.010288103832825,10.979423792334348,55.030864311498476,51.65980793077811,1017.4412208796052,1013.2752400865273,1.6700960346109417,3.0,24.598971189616723,25.863923172311253,No,Yes
2014-12-07,Brisbane,23.591512359351412,30.035197061289008,0.014078824515602164,9.185921175484397,4.908285910952462,ENE,26.14078824515602,NNE,NE,6.211182367734033,9.281576490312043,58.70394122578011,62.492758858046074,1013.1801282619213,1009.4420347438507,6.859211754843979,7.0,26.426709420640424,27.33519706128901,No,Yes
2009-11-13,Brisbane,21.032273536041085,29.119369450705474,0.09354795733219197,5.516136768020544,6.79839032000856,ENE,23.79034192005136,E,NE,3.0645204266780803,9.129040853356162,65.06452042667807,60.532260213339036,1016.7064253972638,1013.2870692692603,7.0,7.0,25.60001332270205,26.672595472039376,No,Yes
2010-06-22,Brisbane,20.042796159788395,24.802881536084644,0.28381358934744044,4.624831018906487,1.3572038402116067,ENE,30.90466026631399,ENE,ENE,12.485592319576785,12.67627178694881,71.83813589347442,73.61864106525594,1015.5744930567195,1013.6354677981304,7.5809320532627975,7.161864106525595,24.14190679467372,23.45720384021161,No,Yes
2013-03-04,Brisbane,17.54008361645067,25.99244839301407,5.462241965070348,8.384896786028138,9.146224196507035,SE,39.0,S,SE,6.089626339154943,14.462241965070346,71.01411026929564,53.52364776563402,1025.7151032139718,1023.4868042852958,1.9103736608450579,4.089626339154942,22.7386725895211,24.00423308078869,No,Yes
2012-09-08,Brisbane,21.805910535228428,24.968293913275122,4.296434514907615,5.439961672089341,0.3388370569096446,SE,24.082555853644667,SW,SE,3.9765494986395926,11.823642140913705,81.91744414635535,85.81143779135026,1015.9869584945867,1015.7587220731776,7.717635785908629,7.717635785908629,24.283584649047715,23.04005749186599,Yes,Yes
2012-11-20,Brisbane,19.980265420948363,29.560341255505033,0.07998104136083124,5.8399431240824935,8.480028437958753,SE,34.20018958639169,S,ENE,4.0,9.399431240824937,64.00047396597922,67.5967770313413,1017.3000473965978,1014.5398009342888,3.3999052068041564,5.799810413608313,25.940085313876263,25.500995328556353,No,Yes
2011-11-21,Brisbane,19.195345047732516,28.448876998808583,1.9581054295926417,8.1115559069178,10.602327476133743,E,30.930175715987737,SSE,E,4.069824284012263,16.953450477325156,67.0,61.86035143197547,1012.9976725238663,1011.0953450477326,3.9767252386625787,4.9069009546503155,26.10232747613375,26.458186903343552,No,Yes
