Date_x,Date_y,RainFall,Sunshine,WindGustDir_x,WindGustSpeed,WindDir9am_x,WindDir9am_y,WindDir3pm_x,WindDir3pm_y,WindSpeed3pm,Humidity9am,Humidity3pm,Pressure9am,Pressure3pm,Cloud3pm,dewDiffTemp3pm,dewDiffTemp9am,diffTemp3pm9am,diffPress3pm9am
1,0,0.0,6.9,-1.83697e-16,44.0,-0.707107,0.707107,0.92388,0.382683,13.0,60.0,65.0,1007.4,1005.1,7.0,7.36338,8.61109,1.2,-2.3
0.999852,0.0172134,0.0,0.7,-0.382683,30.0,-0.92388,-0.382683,6.12323e-17,1,16.999999999999996,74.0,47.0,1009.9,1009.7,8.0,12.5072,4.96624,4.4,-0.2
0.999407,0.0344216,4.4,0.0,-0.92388,41.0,-0.707107,0.707107,-0.92388,0.382683,14.999999999999998,85.0,86.0,1015.3,1015.1,8.0,2.4564,2.65711,-0.6,-0.2
0.998667,0.0516197,4.8,7.0,-0.382683,35.0,-0.707107,0.707107,-0.707107,0.707107,16.999999999999996,55.0,45.0,1017.4,1014.7,7.0,12.8949,9.72347,0.7,-2.7
0.99763,0.0688024,0.0,7.700000000000001,-0.92388,30.0,-0.707107,0.707107,6.12323e-17,1,19.0,65.0,53.99999999999999,1014.1,1012.1,7.0,10.1678,7.0901,1.9,-2
0.996298,0.0859648,0.0,12.7,6.12323e-17,30.0,-0.382683,0.92388,6.12323e-17,1,14.999999999999998,58.00000000000001,49.00000000000001,1013.5,1011.1,2.0,11.8648,9.00202,2.3,-2.4
0.994671,0.103102,0.0,11.4,0.707107,30.0,6.12323e-17,1,0.707107,0.707107,16.999999999999996,62.0,56.99999999999999,1013.0,1010.2,7.0,9.3552,7.92699,1.2,-2.8
0.990532,0.137279,0.6,2.8,-0.92388,43.0,-1,1.22465e-16,-0.92388,0.382683,24.0,74.0,47.0,1011.8,1010.4,7.0,12.4615,4.9625,4,-1.4
0.988023,0.154309,0.2,9.6,-0.707107,43.0,-0.707107,0.707107,-0.382683,0.92388,22.0,52.0,51.0,1012.4,1010.4,5.0,10.9575,10.6306,0.3,-2
0.98522,0.171293,0.0,8.9,-0.382683,33.0,-0.707107,0.707107,6.12323e-17,1,16.999999999999996,55.0,56.0,1012.6000000000001,1010.6,7.0,9.48322,9.71622,0.7,-2
0.982126,0.188227,0.0,9.5,-0.382683,35.0,6.12323e-17,1,6.12323e-17,1,14.999999999999998,60.0,53.99999999999999,1014.6,1013.2,7.0,10.1753,8.37817,1.8,-1.4
0.97874,0.205104,0.0,11.5,6.12323e-17,37.0,-0.382683,0.92388,6.12323e-17,1,19.999999999999996,55.0,53.0,1017.2,1015.4,4.0,10.4255,9.77428,0.9,-1.8
0.975065,0.221922,0.0,13.0,0.707107,33.0,6.12323e-17,1,-0.382683,0.92388,16.999999999999996,49.0,39.0,1017.2,1015.3,3.0,15.3188,11.6144,1.8,-1.9
0.9711,0.238673,0.0,12.8,0.92388,30.0,-1.83697e-16,-1,0.382683,0.92388,16.999999999999996,59.0,45.0,1016.4,1013.1,1.0,13.2208,8.65124,3.6,-3.3
0.966848,0.255353,0.0,12.4,0.707107,31.0,0.382683,-0.92388,0.707107,0.707107,14.999999999999998,54.0,52.0,1013.8,1010.0,6.0,11.0372,10.1979,3,-3.8
0.962309,0.271958,0.0,7.1,-0.382683,52.0,-0.382683,0.92388,-0.707107,0.707107,22.0,65.0,61.0,1012.6000000000001,1014.0,7.0,8.12147,7.20202,-1.8,1.4
0.957485,0.288482,0.0,5.8,-0.382683,33.0,-0.382683,0.92388,-0.382683,0.92388,16.999999999999996,56.0,56.0,1019.4,1018.1,7.0,9.40573,9.42684,-0.3,-1.3
0.952378,0.304921,0.0,9.0,0.382683,31.0,-0.707107,0.707107,0.382683,0.92388,14.999999999999998,49.0,50.0,1019.2,1016.7,7.0,11.2828,11.5886,0.1,-2.5
0.946988,0.32127,0.0,12.5,0.382683,26.0,0.382683,0.92388,0.382683,0.92388,16.999999999999996,49.0,42.0,1017.7,1015.5,3.0,14.2604,11.6746,1.9,-2.2
0.941317,0.337523,0.0,11.7,0.707107,35.0,0.92388,0.382683,0.92388,0.382683,16.999999999999996,63.0,53.99999999999999,1016.5,1013.5,1.0,10.3565,7.73798,1.8,-3
0.935368,0.353676,0.0,8.2,0.707107,43.0,0.92388,-0.382683,0.92388,0.382683,16.999999999999996,64.0,58.0,1014.5,1010.6,6.0,9.22371,7.48164,2.2,-3.9
0.929141,0.369725,26.6,0.5,0.92388,30.0,1,0,0.92388,0.382683,13.0,84.0,77.0,1012.4,1009.5,7.0,4.42991,2.93397,1.7,-2.9
0.92264,0.385663,4.4,3.8,0.92388,30.0,-0.707107,-0.707107,0.707107,0.707107,13.0,68.0,64.0,1011.5,1007.9,7.0,7.58734,6.53355,1,-3.6
0.915864,0.401488,0.0,3.1,0.382683,26.0,0.382683,0.92388,0.707107,0.707107,14.999999999999998,80.99999999999999,80.0,1013.0,1012.9,7.0,3.78002,3.5564,0.6,-0.1
0.908818,0.417194,29.800000000000004,7.4,0.707107,28.0,0.92388,0.382683,-0.382683,0.92388,11.0,73.0,51.0,1016.3,1015.0,6.0,11.2191,5.27651,2.2,-1.3
0.901502,0.432776,1.8000000000000003,10.4,6.12323e-17,39.0,-0.382683,0.92388,-0.707107,0.707107,19.999999999999996,68.0,55.0,1016.7,1015.1,4.0,9.8982,6.41803,1.1,-1.6
0.893919,0.448229,0.2,10.2,-0.382683,35.0,-0.382683,0.92388,-0.382683,0.92388,19.0,61.0,53.99999999999999,1016.1,1015.3,1.0,10.2355,8.22485,0.8,-0.8
0.886071,0.46355,0.0,5.2,6.12323e-17,35.0,0.382683,0.92388,0.382683,0.92388,19.0,67.0,66.0,1017.3,1015.5,7.0,6.89158,6.62363,0.5,-1.8
0.860961,0.508671,0.8,0.1,-0.707107,28.0,-0.92388,-0.382683,-0.382683,0.92388,13.0,80.0,60.00000000000001,1015.4,1012.9,7.0,8.45966,3.6678,3.4,-2.5
0.852078,0.523416,1.0,1.5,-0.382683,37.0,-0.707107,0.707107,-0.382683,0.92388,16.999999999999996,80.0,62.0,1012.8,1010.4,8.0,7.90931,3.65946,3.3,-2.4
0.842942,0.538005,6.2,8.7,0.707107,28.0,-0.92388,0.382683,0.382683,0.92388,13.0,77.0,59.0,1011.1,1008.0,4.0,8.80024,4.31831,3.5,-3.1
0.833556,0.552435,0.6,11.8,0.382683,33.0,-0.382683,0.92388,6.12323e-17,1,19.0,62.0,51.0,1009.2,1007.1,2.0,11.2109,8.02159,0.6,-2.1
0.823923,0.566702,0.0,11.8,6.12323e-17,33.0,-0.707107,0.707107,-0.382683,0.92388,19.0,60.0,55.0,1009.0,1007.3,3.0,10.045,8.50999,1.9,-1.7
0.814046,0.5808,0.0,12.1,6.12323e-17,33.0,-0.707107,0.707107,6.12323e-17,1,19.0,60.0,53.0,1011.4000000000001,1010.6,2.0,10.6037,8.45966,2.2,-0.8
0.803928,0.594727,0.0,9.0,0.382683,31.0,6.12323e-17,1,-0.382683,0.92388,16.999999999999996,55.0,47.0,1014.4,1012.5,2.0,12.5346,9.92015,1.4,-1.9
0.793572,0.608477,0.0,12.2,0.382683,50.0,-1,1.22465e-16,0.382683,0.92388,11.0,62.0,50.0,1012.6000000000001,1009.4,2.0,11.6025,7.9211,3.2,-3.2
0.78298,0.622047,0.0,12.0,-0.382683,31.0,-1.83697e-16,-1,0.92388,0.382683,13.0,60.0,50.0,1010.0,1006.5,1.0,11.8409,8.4911,5.3,-3.5
0.772157,0.635432,0.0,7.499999999999999,0.382683,28.0,6.12323e-17,1,0.707107,0.707107,11.0,66.0,61.0,1011.0,1007.3,7.0,8.35343,6.98449,1.4,-3.7
0.761104,0.64863,1.4,9.7,-1,30.0,0.707107,0.707107,6.12323e-17,1,16.999999999999996,64.0,52.0,1005.8,1004.7,7.0,11.005,7.43183,3.2,-1.1
0.749826,0.661635,0.0,3.3,-0.92388,31.0,-0.92388,0.382683,6.12323e-17,1,9.0,62.0,82.0,1012.2,1011.6,7.0,3.27694,7.82708,-1.2,-0.6
0.738326,0.674444,23.8,0.0,-0.92388,48.00000000000001,-0.92388,0.382683,-0.707107,0.707107,7.000000000000001,90.99999999999999,91.0,1016.7,1014.9,8.0,1.53792,1.53792,0,-1.8
0.726608,0.687053,36.8,0.1,-1,35.0,-0.707107,0.707107,-0.92388,-0.382683,6.0,90.99999999999999,73.0,1011.5,1007.4,8.0,5.19404,1.53437,3.7,-4.1
0.714673,0.699458,2.0,11.4,-0.92388,24.000000000000004,-0.382683,-0.92388,0.92388,0.382683,9.0,62.0,53.99999999999999,1007.0,1004.8,5.0,10.3035,7.82708,4,-2.2
0.702527,0.711657,0.0,9.3,-0.382683,30.0,-1,1.22465e-16,6.12323e-17,1,14.999999999999998,59.0,56.0,1009.7,1006.8,7.0,9.6747,8.68999,2.2,-2.9
0.690173,0.723644,0.0,2.3,0.707107,30.0,-1,1.22465e-16,6.12323e-17,1,11.0,65.0,73.0,1009.5,1008.1,8.0,5.2097,7.13796,-1.1,-1.4
0.677615,0.735417,17.4,2.5,6.12323e-17,26.0,-0.92388,0.382683,-0.707107,0.707107,9.0,76.0,70.0,1008.1,1004.9,7.0,5.97317,4.5717,1.4,-3.2
0.664855,0.746972,2.2,10.3,-1.83697e-16,31.0,-0.707107,0.707107,0.382683,0.92388,13.0,72.0,62.0,1009.4,1006.1,2.0,8.15853,5.49887,3.9,-3.3
0.651899,0.758306,3.4,5.0,-1.83697e-16,33.0,-0.707107,-0.707107,6.12323e-17,1,13.0,76.0,68.0,1011.1,1008.2,6.0,6.5529,4.58546,3.2,-2.9
0.638749,0.769415,35.2,1.9,-1.83697e-16,28.0,-0.707107,-0.707107,0.382683,0.92388,9.0,87.0,72.0,1011.6999999999999,1009.3,7.0,5.51943,2.28718,4.6,-2.4
0.611886,0.790946,0.0,11.3,0.382683,31.0,-0.382683,0.92388,6.12323e-17,1,19.0,65.0,53.0,1016.6,1015.1,1.0,10.5415,7.15395,1.7,-1.5
0.598181,0.801361,0.0,10.8,0.382683,28.0,-1.83697e-16,-1,0.707107,0.707107,14.999999999999998,61.0,55.0,1016.9,1015.3,2.0,9.94945,8.20047,1.3,-1.6
0.584298,0.811539,0.0,1.5,0.707107,22.0,-1.83697e-16,-1,0.382683,0.92388,11.0,70.0,64.0,1016.8,1014.0,7.0,7.38768,5.87557,1.4,-2.8
0.570242,0.821477,0.0,10.1,-0.707107,43.0,-0.92388,0.382683,-0.707107,0.707107,19.999999999999996,59.0,55.0,1015.2,1012.9,3.0,9.88359,8.72883,0.5,-2.3
0.556017,0.831171,0.0,11.9,-0.382683,44.0,-1,1.22465e-16,6.12323e-17,1,14.999999999999998,51.0,51.0,1015.2,1011.8,3.0,11.088,10.8764,2.6,-3.4
0.541628,0.840618,0.0,11.8,0.92388,26.0,-0.707107,-0.707107,0.707107,0.707107,9.0,56.0,45.0,1012.9,1009.4,3.0,13.3271,9.4198,5.5,-3.5
0.527078,0.849817,0.0,9.2,6.12323e-17,22.0,-1,1.22465e-16,0.92388,0.382683,9.0,63.0,53.0,1011.4000000000001,1008.1,7.0,10.7755,7.68077,4.3,-3.3
0.512371,0.858764,0.0,10.0,6.12323e-17,28.0,-0.707107,-0.707107,0.382683,0.92388,13.0,57.0,55.0,1014.0,1012.0,6.0,10.0302,9.38977,0.9,-2
0.497513,0.867456,0.2,9.8,0.382683,24.000000000000004,6.12323e-17,1,0.707107,0.707107,13.0,72.0,58.0,1017.0,1014.0,3.0,9.18996,5.52354,2.3,-3
0.482508,0.875892,0.2,10.6,0.382683,30.0,0.707107,0.707107,0.707107,0.707107,13.0,59.0,56.0,1014.6,1010.0,3.0,9.75324,8.83931,1,-4.6
0.467359,0.884068,0.0,10.7,-0.382683,39.0,-0.382683,-0.92388,-0.382683,-0.92388,7.000000000000001,32.0,22.0,1010.4,1007.0,1.0,24.2807,17.7878,6.8,-3.4
0.452072,0.891981,0.0,9.8,0.382683,26.0,-0.92388,0.382683,0.382683,0.92388,14.999999999999998,55.0,50.0,1013.2,1010.6,2.0,11.4421,9.68002,3.4,-2.6
0.436651,0.899631,0.0,11.2,0.707107,28.0,-1.83697e-16,-1,0.707107,0.707107,16.999999999999996,62.0,53.0,1014.8,1011.4,3.0,10.5338,7.86227,2.5,-3.4
0.421101,0.907014,0.0,11.2,6.12323e-17,35.0,6.12323e-17,1,-0.382683,0.92388,19.0,60.0,53.99999999999999,1014.8,1012.9,5.0,10.1828,8.4471,0.8,-1.9
0.405426,0.914128,0.0,0.0,-0.92388,35.0,-0.707107,0.707107,-0.707107,0.707107,16.999999999999996,59.0,79.0,1016.1,1013.6,8.0,3.86269,8.62546,-2.1,-2.5
0.38963,0.920971,3.4,0.1,-0.707107,50.0,-0.707107,0.707107,-0.707107,0.707107,19.999999999999996,70.0,61.0,1014.8,1013.5,8.0,8.1033,5.89768,0,-1.3
0.37372,0.927542,4.4,2.9,-0.382683,35.0,-0.92388,0.382683,-0.707107,0.707107,14.999999999999998,88.0,82.0,1017.4,1015.7,7.0,3.2447,2.08818,0.7,-1.7
0.357698,0.933837,5.6,6.2,0.382683,35.0,-0.382683,0.92388,-0.382683,0.92388,14.999999999999998,69.0,59.0,1019.8,1017.5,7.0,8.65124,6.07501,1.5,-2.3
0.341571,0.939856,3.0,3.9,0.382683,30.0,-0.382683,0.92388,6.12323e-17,1,14.999999999999998,75.0,80.0,1017.7,1016.0,7.0,3.64001,4.71309,-1.1,-1.7
0.325342,0.945596,6.0,9.2,0.382683,24.000000000000004,-0.92388,-0.382683,0.707107,0.707107,11.0,73.0,60.00000000000001,1016.7,1013.1,4.0,8.46594,5.15109,3.3,-3.6
0.309017,0.951057,3.0,10.8,0.707107,24.000000000000004,-0.92388,0.382683,0.707107,0.707107,13.0,66.0,55.0,1014.8,1010.2,1.0,9.92747,6.86587,2.2,-4.6
0.2926,0.956235,0.0,9.3,-0.92388,46.0,-1.83697e-16,-1,0.707107,0.707107,13.0,65.0,56.99999999999999,1012.5,1007.3,1.0,9.41747,7.09541,3.4,-5.2
0.276097,0.96113,13.2,10.0,-0.382683,24.000000000000004,-1.83697e-16,-1,0.382683,0.92388,13.0,72.0,58.0,1012.6000000000001,1009.8,2.0,9.06892,5.3641,4.4,-2.8
0.259512,0.96574,0.0,6.3,-0.382683,33.0,-0.707107,0.707107,6.12323e-17,1,16.999999999999996,68.0,59.0,1016.7,1014.4,8.0,8.71587,6.36065,1.4,-2.3
0.24285,0.970064,0.0,0.0,-0.707107,30.0,-1,1.22465e-16,-0.382683,0.92388,13.0,72.0,68.0,1016.9,1014.4,7.0,6.34634,5.37628,1.2,-2.5
0.226116,0.9741,0.0,5.0,-0.707107,33.0,6.12323e-17,1,-0.382683,0.92388,16.999999999999996,74.0,55.0,1015.8,1012.1,5.0,9.92747,4.95876,3.6,-3.7
0.209315,0.977848,0.2,8.5,-0.92388,35.0,-0.92388,0.382683,-0.707107,0.707107,19.999999999999996,68.0,48.0,1015.0,1012.1,2.0,12.041,6.34634,2.5,-2.9
0.192452,0.981306,0.0,10.8,-0.707107,37.0,-1,1.22465e-16,-0.707107,0.707107,16.999999999999996,56.0,51.0,1015.2,1013.0,3.0,11.0471,9.44796,1.7,-2.2
0.175531,0.984474,0.0,11.0,-0.92388,30.0,-0.92388,-0.382683,-0.382683,0.92388,16.999999999999996,63.0,47.0,1017.2,1015.1,2.0,12.2886,7.55563,1.8,-2.1
0.158559,0.987349,0.0,10.9,-0.707107,31.0,-0.92388,0.382683,-0.707107,0.707107,14.999999999999998,59.0,45.0,1019.4,1017.1,2.0,13.019,8.60614,2.2,-2.3
0.14154,0.989932,0.0,9.1,6.12323e-17,31.0,-0.92388,0.382683,-0.382683,0.92388,13.0,55.0,49.00000000000001,1021.9,1019.6,5.0,11.7091,9.6511,3.2,-2.3
0.124479,0.992222,0.0,11.0,6.12323e-17,30.0,-0.92388,-0.382683,-0.382683,0.92388,13.0,58.00000000000001,43.0,1021.9,1018.8,2.0,13.7522,8.81596,3.4,-3.1
0.107381,0.994218,0.0,11.0,-0.382683,30.0,-0.92388,-0.382683,6.12323e-17,1,16.999999999999996,62.0,44.0,1019.7,1016.8,1.0,13.4654,7.75109,4.4,-2.9
0.0902516,0.995919,0.0,10.5,-0.92388,46.0,-1,1.22465e-16,-0.707107,0.707107,22.0,61.0,48.0,1020.1,1017.7,3.0,12.0056,8.07909,2.1,-2.4
0.0730951,0.997325,3.2,10.5,-0.707107,43.0,-0.707107,0.707107,-0.382683,0.92388,22.0,63.0,49.00000000000001,1018.8,1015.8,3.0,11.6401,7.52733,2.3,-3
0.055917,0.998435,2.2,6.8,-0.92388,31.0,-0.382683,-0.92388,-0.707107,0.707107,11.0,80.99999999999999,84.0,1014.4,1011.7,6.0,2.84849,3.42956,0.2,-2.7
0.0387223,0.99925,3.0,9.6,-0.382683,30.0,-1.83697e-16,-1,-1.83697e-16,-1,7.000000000000001,59.0,47.0,1009.7,1007.1,4.0,12.3794,8.56757,3.2,-2.6
0.0215161,0.999769,0.2,10.7,6.12323e-17,28.0,-0.92388,0.382683,0.382683,0.92388,14.999999999999998,67.0,56.0,1012.9,1010.9,1.0,9.6747,6.62363,2.7,-2
0.00430354,0.999991,13.000000000000002,0.0,-0.382683,54.0,-0.92388,0.382683,-0.92388,0.382683,14.999999999999998,93.0,94.0,1015.6,1014.6,8.0,1.00795,1.18047,0.1,-1
-0.0129103,0.999917,66.2,6.8,6.12323e-17,30.0,-0.382683,0.92388,0.382683,0.92388,14.999999999999998,83.0,67.0,1017.9,1015.1,5.0,6.65837,3.08849,2.2,-2.8
-0.0301203,0.999546,41.0,4.5,-0.92388,22.0,0.382683,0.92388,0.92388,0.382683,11.0,92.0,66.0,1017.2,1013.6,7.0,6.89672,1.36901,4.2,-3.6
-0.0473214,0.99888,0.8,3.2,6.12323e-17,28.0,-0.92388,-0.382683,-0.382683,0.92388,11.0,73.0,75.0,1015.7,1012.2,7.0,4.7632,5.18231,0.5,-3.5
-0.0645084,0.997917,1.0,7.499999999999999,-0.382683,28.0,-0.92388,-0.382683,-0.382683,0.92388,11.0,72.0,65.0,1016.0,1013.1,7.0,7.12731,5.36004,2.7,-2.9
-0.0816764,0.996659,1.2,0.9,-0.382683,35.0,-1,1.22465e-16,-0.707107,0.707107,11.0,70.0,76.0,1019.8,1019.0,7.0,4.43866,5.80509,-1.5,-0.8
-0.0988201,0.995105,1.8000000000000003,10.4,-0.92388,39.0,-0.707107,0.707107,-0.382683,0.92388,19.0,57.0,47.0,1023.3,1020.6,4.0,12.0898,9.04005,1,-2.7
-0.115935,0.993257,0.0,4.1,-0.707107,30.0,-0.92388,0.382683,6.12323e-17,1,13.0,62.0,62.0,1022.6,1020.2,8.0,7.71614,7.69288,0.4,-2.4
-0.133015,0.991114,5.6,6.8,-0.382683,33.0,-0.92388,-0.382683,-0.382683,0.92388,11.0,73.0,80.0,1023.4,1021.4999999999999,7.0,3.59852,5.09668,-1.3,-1.9
-0.150055,0.988678,2.2,2.6,0.382683,28.0,-0.707107,-0.707107,-0.707107,0.707107,7.000000000000001,74.0,78.0,1024.5,1022.9,8.0,4.05584,4.87676,0.6,-1.6
-0.167052,0.985948,14.6,3.7,6.12323e-17,30.0,-1,1.22465e-16,0.382683,0.92388,13.0,90.0,67.0,1023.5,1020.7,7.0,6.55934,1.70769,3.8,-2.8
-0.200891,0.979614,43.8,3.2,6.12323e-17,30.0,6.12323e-17,1,6.12323e-17,1,6.0,77.0,67.0,1014.9,1011.9,8.0,6.64347,4.32484,1.5,-3
-0.217723,0.976011,0.4,9.7,6.12323e-17,28.0,-0.707107,-0.707107,-0.382683,-0.92388,9.0,74.0,45.0,1012.5,1009.2,3.0,13.2691,4.97748,4.9,-3.3
-0.234491,0.972118,0.0,10.6,-0.382683,22.0,-0.707107,-0.707107,6.12323e-17,1,13.0,68.0,41.0,1014.5,1011.5,2.0,14.4541,6.27505,3.7,-3
-0.25119,0.967938,0.0,10.4,-0.707107,30.0,-0.92388,-0.382683,-0.707107,0.707107,11.0,64.0,34.0,1014.8,1011.5,2.0,17.4429,7.13091,6.8,-3.3
-0.267814,0.963471,0.6,10.4,-0.382683,24.000000000000004,-0.92388,-0.382683,-1,1.22465e-16,7.000000000000001,64.0,40.0,1016.3,1012.9,2.0,14.8538,7.15259,5.4,-3.4
-0.284359,0.958718,0.2,10.6,-0.92388,28.0,-0.382683,-0.92388,-0.92388,-0.382683,14.999999999999998,57.0,41.0,1014.1,1010.8,5.0,14.2534,8.93165,3.5,-3.3
-0.30082,0.953681,0.0,10.2,-0.92388,31.0,-0.707107,-0.707107,-0.92388,-0.382683,13.0,54.0,41.0,1012.6000000000001,1010.1,6.0,14.38,9.78798,4.3,-2.5
-0.317191,0.948362,0.0,8.7,-0.92388,35.0,-0.707107,-0.707107,-0.92388,-0.382683,9.0,59.0,80.0,1014.9,1013.4,6.0,3.59025,8.38234,-0.8,-1.5
-0.333469,0.942761,1.0,9.8,-0.92388,31.0,-0.92388,-0.382683,-0.92388,-0.382683,11.0,62.0,43.0,1017.9,1014.4,3.0,13.6113,7.61753,4.6,-3.5
-0.349647,0.936881,0.2,10.0,-0.382683,28.0,-0.707107,-0.707107,-1,1.22465e-16,11.0,58.00000000000001,43.0,1017.8,1014.9,2.0,13.5912,8.65142,4.3,-2.9
-0.365723,0.930724,0.0,9.5,0.92388,46.0,-0.707107,-0.707107,0.707107,0.707107,13.0,64.0,49.00000000000001,1016.7,1011.5,1.0,11.4944,7.05528,4.7,-5.2
-0.381689,0.924291,0.0,9.8,0.92388,28.0,0.707107,0.707107,0.92388,-0.382683,9.0,68.0,41.0,1011.6999999999999,1007.5,2.0,14.6882,6.21829,7.1,-4.2
-0.397543,0.917584,0.0,10.7,0.382683,33.0,-1.83697e-16,-1,0.382683,-0.92388,16.999999999999996,40.0,28.0,1012.1,1008.0,1.0,20.2839,14.5615,3.3,-4.1
-0.413279,0.910605,0.0,10.7,-1.83697e-16,31.0,-0.707107,-0.707107,-1.83697e-16,-1,16.999999999999996,45.0,30.000000000000004,1016.0,1013.3,0.0,18.889,12.4788,3.8,-2.7
-0.428892,0.903356,0.0,10.8,-0.707107,20.0,-0.382683,-0.92388,-0.707107,0.707107,6.0,40.0,25.0,1020.7,1016.5,0.0,21.5315,13.964,6.3,-4.2
-0.444378,0.895839,0.0,9.5,6.12323e-17,20.0,-0.382683,-0.92388,0.382683,0.92388,11.0,59.0,40.0,1020.6,1016.5,3.0,14.4862,8.11129,6.8,-4.1
-0.459733,0.888057,0.0,10.3,-0.707107,43.0,-0.92388,-0.382683,-1.83697e-16,-1,14.999999999999998,64.0,29.0,1018.0,1014.6,1.0,19.3959,7.00687,6.1,-3.4
-0.474951,0.880012,0.0,6.3,-0.382683,26.0,-0.707107,-0.707107,-0.382683,0.92388,9.0,57.0,55.0,1022.6,1019.9,7.0,9.49282,8.70341,3.6,-2.7
-0.490029,0.871706,0.0,9.7,0.382683,26.0,-0.707107,-0.707107,-0.382683,0.92388,13.0,62.0,53.99999999999999,1024.0,1020.5,4.0,9.7806,7.51378,2.4,-3.5
-0.504961,0.863142,0.0,7.700000000000001,0.382683,31.0,-0.707107,-0.707107,-0.382683,0.92388,11.0,69.0,48.0,1024.3,1021.8,5.0,11.5497,5.80781,3.6,-2.5
-0.519744,0.854322,0.0,9.0,6.12323e-17,31.0,-0.707107,-0.707107,-0.382683,0.92388,16.999999999999996,66.0,55.0,1025.6,1023.6,3.0,9.49999,6.51597,3.2,-2
-0.534373,0.845249,0.0,9.5,-0.707107,30.0,-0.92388,-0.382683,-0.382683,0.92388,19.0,66.0,45.0,1027.4,1024.2,2.0,12.5351,6.52097,3.1,-3.2
-0.548843,0.835925,0.0,6.3,-0.707107,35.0,-0.92388,-0.382683,-0.707107,0.707107,14.999999999999998,64.0,59.0,1025.8,1022.0,7.0,8.35694,7.00687,1.8,-3.8
-0.563151,0.826354,1.4,4.4,-0.92388,22.0,-0.92388,-0.382683,-0.382683,0.92388,7.000000000000001,69.0,63.00000000000001,1024.2,1020.5,7.0,7.381,5.85718,2.3,-3.7
-0.577292,0.816538,2.2,9.9,-0.92388,24.000000000000004,-0.707107,-0.707107,6.12323e-17,1,13.0,73.0,45.0,1024.1,1020.9,4.0,12.7144,5.00023,4.2,-3.2
-0.591261,0.80648,0.2,9.4,-1.83697e-16,24.000000000000004,-0.707107,-0.707107,-0.707107,-0.707107,9.0,66.0,42.0,1022.6,1018.2,2.0,13.8269,6.49596,6.2,-4.4
-0.605056,0.796183,0.0,10.0,-0.707107,50.0,-0.707107,-0.707107,-0.92388,0.382683,7.000000000000001,69.0,37.0,1020.3,1017.5,1.0,15.6799,5.78544,6.5,-2.8
-0.618671,0.78565,0.0,10.0,6.12323e-17,35.0,-0.92388,-0.382683,-0.382683,0.92388,14.999999999999998,62.0,46.00000000000001,1021.9,1018.9,2.0,12.2063,7.49082,2.8,-3
-0.632103,0.774884,0.0,1.3,-0.92388,17.0,-0.707107,-0.707107,0.92388,-0.382683,2.0,73.0,59.0,1020.8,1017.3,7.0,8.31892,4.86292,4.3,-3.5
-0.645348,0.763889,0.0,9.2,0.92388,24.000000000000004,-0.707107,-0.707107,-1.83697e-16,-1,7.000000000000001,75.0,37.0,1018.5,1014.2,3.0,15.5295,4.44565,7,-4.3
-0.658402,0.752667,0.0,9.8,-1.83697e-16,26.0,-0.707107,-0.707107,0.382683,-0.92388,9.0,67.0,30.000000000000004,1017.2,1013.4,1.0,18.8061,6.19444,7.7,-3.8
-0.67126,0.741222,0.0,10.1,0.382683,26.0,-0.707107,-0.707107,-1.83697e-16,-1,11.0,52.0,23.000000000000004,1018.1,1014.4,1.0,22.5173,9.99225,6.8,-3.7
-0.683919,0.729558,0.0,10.4,0.382683,31.0,-0.707107,-0.707107,-0.382683,-0.92388,14.999999999999998,46.0,21.0,1016.6,1012.5,1.0,24.0103,11.8967,6.8,-4.1
-0.696376,0.717677,0.0,7.1,-0.382683,22.0,-0.707107,-0.707107,-0.382683,0.92388,14.999999999999998,48.00000000000001,56.99999999999999,1017.0,1015.2,7.0,8.97223,11.3421,2.9,-1.8
-0.708627,0.705584,0.0,4.1,-0.707107,39.0,-0.707107,-0.707107,6.12323e-17,1,19.0,69.0,67.0,1019.8,1017.9,7.0,6.34888,5.8437,1.1,-1.9
-0.720667,0.693281,56.6,0.0,0.382683,37.0,-0.382683,0.92388,-0.382683,0.92388,16.999999999999996,92.0,65.0,1019.7,1015.2,8.0,6.83749,1.31294,3.8,-4.5
-0.755493,0.655156,0.0,6.5,6.12323e-17,24.000000000000004,-0.707107,-0.707107,0.707107,0.707107,6.0,77.0,58.0,1011.1,1008.8,7.0,8.63177,4.07391,4.4,-2.3
-0.766659,0.642055,5.4,4.4,-0.707107,41.0,-0.382683,-0.92388,-0.382683,0.92388,11.0,85.0,70.0,1008.1,1010.4,6.0,5.66537,2.55655,2.8,2.3
-0.777597,0.628763,2.2,7.299999999999999,-0.707107,39.0,-0.92388,-0.382683,-0.707107,0.707107,14.999999999999998,68.0,65.0,1020.4,1019.5,7.0,6.83228,6.13832,-0.1,-0.9
-0.788305,0.615285,2.2,3.0,-0.707107,31.0,-0.707107,-0.707107,-0.707107,0.707107,11.0,75.0,46.00000000000001,1023.1,1020.5,6.0,12.2063,4.50481,4.4,-2.6
-0.798779,0.601624,0.0,3.1,-0.382683,20.0,-0.707107,-0.707107,6.12323e-17,1,13.0,69.0,63.00000000000001,1022.9,1020.0,7.0,7.32509,5.80333,2.5,-2.9
-0.809017,0.587785,0.0,4.0,0.707107,17.0,-0.382683,-0.92388,1,0,7.000000000000001,87.0,58.0,1021.1,1018.0,5.0,8.63832,2.16996,5.5,-3.1
-0.819015,0.573772,0.0,8.4,-0.707107,17.0,-0.707107,-0.707107,-0.382683,-0.92388,6.0,76.0,47.0,1020.4,1016.8,6.0,12.0628,4.31757,5.9,-3.6
-0.82877,0.559589,0.0,7.700000000000001,-0.92388,24.000000000000004,-0.707107,-0.707107,0.382683,0.92388,11.0,80.0,64.0,1020.7,1017.1,3.0,7.11467,3.52988,2.8,-3.6
-0.83828,0.54524,5.2,8.0,-0.707107,28.0,-0.707107,-0.707107,-0.707107,0.707107,7.000000000000001,76.0,52.0,1023.7,1021.3000000000001,5.0,10.3324,4.2809,4.7,-2.4
-0.847541,0.53073,0.2,8.2,-0.707107,33.0,-0.707107,-0.707107,-0.707107,0.707107,16.999999999999996,67.0,60.00000000000001,1028.4,1025.9,6.0,8.04992,6.20884,3,-2.5
-0.856551,0.516062,2.0,5.3,6.12323e-17,35.0,-0.382683,-0.92388,-0.707107,0.707107,13.0,71.0,64.0,1029.0,1025.8,5.0,6.99613,5.30384,2.4,-3.2
-0.865307,0.501242,4.2,2.6,6.12323e-17,31.0,-0.92388,-0.382683,0.707107,0.707107,16.999999999999996,76.0,86.0,1026.8,1024.2,7.0,2.35396,4.30089,-1.5,-2.6
-0.873807,0.486273,6.0,2.5,6.12323e-17,26.0,-0.707107,-0.707107,6.12323e-17,1,9.0,82.0,84.0,1023.8,1020.4,7.0,2.75997,3.10763,1.2,-3.4
-0.882048,0.47116,1.4,2.9,-0.382683,13.0,-1.83697e-16,-1,-0.707107,-0.707107,7.000000000000001,93.0,68.0,1020.7,1015.9,5.0,6.17119,1.13633,5.3,-4.8
-0.890028,0.455907,1.2,7.2,-0.92388,30.0,-0.382683,-0.92388,-0.707107,-0.707107,13.0,85.0,60.00000000000001,1017.1,1013.4,6.0,8.08676,2.56652,3.1,-3.7
-0.897743,0.440519,0.0,10.0,-1.83697e-16,22.0,-0.707107,-0.707107,-0.707107,-0.707107,6.0,63.0,31.0,1015.5,1011.8,1.0,18.1684,7.16411,5.7,-3.7
-0.905193,0.425,0.2,7.9,-0.382683,41.0,0.92388,-0.382683,-1.83697e-16,-1,22.0,73.0,43.0,1013.7,1009.4,1.0,13.2621,4.98871,3.1,-4.3
-0.912375,0.409356,1.2,10.0,-1.83697e-16,26.0,0.707107,-0.707107,-1.83697e-16,-1,13.0,46.0,39.0,1015.9,1012.8,1.0,14.5458,11.8424,3,-3.1
-0.919286,0.39359,0.0,9.9,-1.83697e-16,39.0,-1.83697e-16,-1,-1.83697e-16,-1,16.999999999999996,54.0,36.0,1018.0,1014.0,1.0,15.6956,9.40789,4,-4
-0.925925,0.377708,0.0,9.7,-1.83697e-16,43.0,-1.83697e-16,-1,-0.382683,-0.92388,19.0,47.0,35.0,1019.0,1015.5,3.0,15.8973,11.2754,4.1,-3.5
-0.932289,0.361714,0.0,10.0,-1.83697e-16,35.0,-0.382683,-0.92388,0.382683,-0.92388,13.0,49.0,30.000000000000004,1021.8,1018.9,0.0,17.5966,10.2785,5.5,-2.9
-0.938377,0.345612,0.0,9.9,-0.707107,20.0,-0.707107,-0.707107,-0.92388,0.382683,6.0,56.0,42.0,1024.1,1020.4,1.0,13.2287,8.41972,8.5,-3.7
-0.944188,0.329408,0.0,9.8,0.707107,17.0,-0.707107,-0.707107,0.707107,-0.707107,7.000000000000001,70.0,46.00000000000001,1021.7,1017.2,1.0,12.1514,5.34865,8.8,-4.5
-0.949718,0.313107,0.0,9.5,0.92388,20.0,-0.707107,-0.707107,0.707107,-0.707107,9.0,73.0,39.0,1018.7,1014.0,4.0,14.7427,4.74993,9.7,-4.7
-0.959933,0.280231,0.4,9.8,-0.382683,24.000000000000004,-0.92388,-0.382683,-0.707107,-0.707107,6.0,69.0,35.0,1017.8,1015.9,1.0,16.1979,5.66535,6.7,-1.9
-0.964614,0.263665,0.0,9.8,-1.83697e-16,20.0,-0.707107,-0.707107,0.707107,0.707107,6.0,66.0,40.0,1022.6,1020.0,1.0,14.2506,6.25326,8.2,-2.6
-0.96901,0.247022,0.0,4.9,-0.92388,22.0,-0.382683,-0.92388,-0.92388,0.382683,9.0,70.0,60.00000000000001,1022.3,1020.2,7.0,7.97037,5.48024,3.2,-2.1
-0.973118,0.230306,0.0,8.7,-0.382683,28.0,-0.92388,-0.382683,-0.382683,0.92388,11.0,72.0,59.0,1021.8,1019.1,3.0,8.28098,5.07971,3.5,-2.7
-0.976938,0.213521,0.0,8.3,0.382683,30.0,-0.92388,-0.382683,-0.382683,0.92388,11.0,75.0,59.0,1021.7,1019.8,4.0,8.31892,4.49434,3.1,-1.9
-0.980469,0.196673,0.4,0.0,-0.382683,31.0,-0.382683,-0.92388,0.92388,0.382683,4.0,90.0,89.0,1022.1,1019.3,8.0,1.85563,1.65289,2,-2.8
-0.983709,0.179767,24.4,0.0,-0.92388,31.0,-0.92388,-0.382683,6.12323e-17,1,6.0,95.0,92.00000000000001,1019.3000000000001,1016.6,8.0,1.32737,0.81754,0.1,-2.7
-0.986658,0.162807,31.2,7.1,-0.382683,52.0,-0.382683,-0.92388,-0.92388,-0.382683,11.0,72.0,59.0,1017.2,1014.3,2.0,8.43324,5.12327,4.8,-2.9
-0.989314,0.145799,0.0,5.2,-0.707107,15.0,-0.707107,-0.707107,0.707107,-0.707107,6.0,95.0,51.0,1019.2,1015.2,8.0,10.6107,0.785991,8.5,-4
-0.991677,0.128748,0.2,1.0,-1.83697e-16,13.0,-0.707107,-0.707107,0.382683,0.92388,6.0,90.99999999999999,70.0,1018.4,1014.5,7.0,5.60477,1.43224,6.4,-3.9
-0.993747,0.111659,0.0,0.2,0.382683,20.0,-0.92388,-0.382683,1,0,6.0,89.0,76.0,1013.9,1010.9,8.0,4.25433,1.81122,0.9,-3
-0.995521,0.0945367,14.8,4.7,-0.382683,31.0,-0.707107,-0.707107,-1.83697e-16,-1,14.999999999999998,90.0,59.0,1006.6,1002.6,3.0,8.24942,1.62326,5.2,-4
-0.997001,0.0773865,0.0,8.4,0.707107,24.000000000000004,-0.382683,-0.92388,0.382683,-0.92388,9.0,67.0,53.99999999999999,1008.8,1006.8,5.0,9.53864,6.19444,1.8,-2
-0.998186,0.0602133,0.0,9.0,-1.83697e-16,24.000000000000004,-0.707107,-0.707107,-0.707107,-0.707107,9.0,57.0,38.0,1014.9,1013.2,1.0,14.8234,8.43854,5.8,-1.7
-0.999963,0.008607,0.0,8.9,-1.83697e-16,43.0,6.12323e-17,1,-1.83697e-16,-1,22.0,66.0,21.0,1012.2,1010.1,1.0,23.388,6.52097,2.9,-2.1
-0.999963,-0.008607,0.0,9.7,-1.83697e-16,54.0,-1.83697e-16,-1,-1.83697e-16,-1,26.0,44.0,34.0,1011.3,1006.4,1.0,16.3699,12.3545,3.1,-4.9
-0.999667,-0.0258184,0.0,9.9,-1.83697e-16,44.0,-1.83697e-16,-1,-1.83697e-16,-1,24.0,50.0,34.0,1015.1,1013.0,1.0,16.1493,10.1814,5.4,-2.1
-0.999074,-0.0430222,0.0,6.6,-1.83697e-16,26.0,-0.707107,-0.707107,-0.707107,-0.707107,9.0,56.0,43.0,1017.7,1015.3,7.0,12.7124,8.54009,4.9,-2.4
-0.998186,-0.0602133,0.0,7.2,0.382683,24.000000000000004,-0.707107,-0.707107,-0.382683,0.92388,11.0,69.0,56.99999999999999,1021.3,1018.5,6.0,8.71676,5.52899,6.6,-2.8
-0.997001,-0.0773865,0.0,0.0,-0.92388,17.0,-0.92388,-0.382683,-0.92388,-0.382683,4.0,83.0,87.0,1019.9000000000001,1018.2,8.0,2.16656,2.83862,2.3,-1.7
-0.995521,-0.0945367,3.4,2.9,-0.382683,43.0,-0.92388,-0.382683,-0.707107,0.707107,14.999999999999998,68.0,52.0,1023.1,1021.6,7.0,10.023,5.88306,2.7,-1.5
-0.993747,-0.111659,0.0,9.3,-1,41.0,-0.707107,-0.707107,-0.92388,0.382683,14.999999999999998,69.0,47.0,1023.1,1020.2,2.0,11.6527,5.65208,4.7,-2.9
-0.991677,-0.128748,0.0,8.1,-0.92388,37.0,-0.92388,-0.382683,-0.92388,0.382683,14.999999999999998,62.0,51.0,1020.6,1017.7,6.0,10.4273,7.30837,3.2,-2.9
-0.989314,-0.145799,0.0,8.2,-0.92388,31.0,-0.707107,-0.707107,-1,1.22465e-16,9.0,66.0,51.0,1019.3000000000001,1016.6,3.0,10.4432,6.33201,4.3,-2.7
-0.986658,-0.162807,0.0,9.9,1,17.0,-0.707107,-0.707107,0.707107,-0.707107,6.0,77.0,44.0,1018.7,1014.3,1.0,12.8512,3.95434,8.8,-4.4
-0.983709,-0.179767,0.0,10.0,-1.83697e-16,26.0,-1,1.22465e-16,0.382683,-0.92388,13.0,73.0,35.0,1014.1,1008.7,1.0,16.5377,4.80627,9.9,-5.4
-0.980469,-0.196673,0.0,6.8,0.382683,30.0,-0.382683,-0.92388,0.707107,-0.707107,11.0,55.0,55.0,1011.9,1009.0,3.0,9.26484,9.1237,2,-2.9
-0.976938,-0.213521,0.0,7.2,-1.83697e-16,30.0,-0.382683,-0.92388,0.707107,-0.707107,9.0,63.0,32.0,1013.5,1010.4,2.0,17.0352,6.89066,5.5,-3.1
-0.973118,-0.230306,0.0,8.8,-1.83697e-16,39.0,-1.83697e-16,-1,0.382683,-0.92388,22.0,61.0,50.0,1014.0,1011.1,1.0,10.4134,7.38081,2.3,-2.9
-0.96901,-0.247022,0.0,10.0,-1.83697e-16,33.0,-0.382683,-0.92388,-0.92388,-0.382683,7.000000000000001,57.0,40.0,1017.0,1015.8,1.0,13.8902,8.30759,6,-1.2
-0.964614,-0.263665,0.0,9.0,0.92388,19.0,-0.707107,-0.707107,6.12323e-17,1,11.0,66.0,50.0,1023.3,1020.1,3.0,10.7457,6.23364,6.4,-3.2
-0.959933,-0.280231,0.0,9.2,0.382683,22.0,-0.92388,-0.382683,1,0,7.000000000000001,72.0,53.0,1023.7,1020.2,3.0,9.99009,5.07971,4.7,-3.5
-0.954967,-0.296713,0.0,9.6,0.92388,19.0,-1,1.22465e-16,0.707107,0.707107,9.0,58.00000000000001,48.0,1027.4,1023.7999999999998,1.0,11.4889,8.15405,7.3,-3.6
-0.949718,-0.313107,0.0,9.2,-1.83697e-16,46.0,-0.707107,-0.707107,0.382683,0.92388,11.0,80.99999999999999,52.0,1027.0,1021.3000000000001,1.0,10.309,3.21561,7.7,-5.7
-0.944188,-0.329408,0.0,9.1,0.92388,48.00000000000001,-1.83697e-16,-1,0.707107,-0.707107,9.0,62.0,43.0,1021.7,1016.3,6.0,13.3714,7.41644,5.7,-5.4
-0.938377,-0.345612,0.0,6.4,-0.382683,31.0,1,0,-1.83697e-16,-1,14.999999999999998,60.0,42.0,1015.9,1012.7,1.0,13.8372,7.99481,5.4,-3.2
-0.932289,-0.361714,0.0,9.6,-0.92388,24.000000000000004,-0.707107,-0.707107,-0.707107,0.707107,9.0,46.0,34.0,1022.2,1020.9,2.0,16.333,11.5462,4.7,-1.3
-0.925925,-0.377708,0.0,8.9,-1,28.0,-0.707107,-0.707107,-0.382683,0.92388,16.999999999999996,69.0,53.0,1025.4,1022.8000000000001,2.0,9.80195,5.60797,4.8,-2.6
-0.919286,-0.39359,0.0,9.2,0.92388,22.0,-0.382683,-0.92388,0.92388,0.382683,9.0,77.0,55.0,1023.0,1018.4,6.0,9.3429,3.99505,5.5,-4.6
-0.912375,-0.409356,0.2,9.9,-1.83697e-16,39.0,0.707107,-0.707107,-1.83697e-16,-1,14.999999999999998,66.0,30.000000000000004,1017.0,1014.6,0.0,18.5311,6.50096,4.1,-2.4
-0.905193,-0.425,0.0,10.1,-0.382683,19.0,-0.707107,-0.707107,-1.83697e-16,-1,7.000000000000001,54.0,32.0,1023.0,1020.3,1.0,17.4486,9.26363,6.5,-2.7
-0.897743,-0.440519,0.0,10.0,-1.83697e-16,20.0,-0.707107,-0.707107,-1.83697e-16,-1,11.0,65.0,35.0,1024.9,1022.1,1.0,16.0894,6.46695,7.5,-2.8
-0.890028,-0.455907,0.0,9.6,0.707107,19.0,-0.707107,-0.707107,0.707107,0.707107,9.0,65.0,45.0,1025.2,1021.3000000000001,1.0,12.3291,6.46188,6.6,-3.9
-0.882048,-0.47116,0.0,10.2,-1.83697e-16,28.0,-0.707107,-0.707107,0.382683,-0.92388,7.000000000000001,61.0,30.000000000000004,1022.7,1019.2,0.0,18.2443,7.44461,6.3,-3.5
-0.873807,-0.486273,0.0,9.8,-1.83697e-16,19.0,-0.707107,-0.707107,0.382683,0.92388,11.0,60.0,52.0,1025.4,1022.2999999999998,1.0,10.1076,7.62612,5.6,-3.1
-0.865307,-0.501242,0.0,10.0,-0.92388,20.0,-0.707107,-0.707107,0.92388,0.382683,9.0,69.0,42.0,1027.2,1024.1,1.0,13.4908,5.61678,7.4,-3.1
-0.856551,-0.516062,0.0,9.1,0.382683,24.000000000000004,-0.92388,-0.382683,0.382683,-0.92388,11.0,73.0,36.0,1024.8,1020.1,0.0,16.0143,4.8025,9.1,-4.7
-0.847541,-0.53073,0.0,9.8,0.707107,22.0,-0.707107,-0.707107,0.707107,0.707107,11.0,66.0,52.0,1023.4,1019.3,7.0,10.2313,6.32707,5.4,-4.1
-0.83828,-0.54524,0.0,9.8,0.382683,22.0,-0.707107,-0.707107,0.382683,0.92388,13.0,69.0,46.00000000000001,1021.5,1018.8,1.0,12.1605,5.7008,5.7,-2.7
-0.82877,-0.559589,0.0,10.1,-0.382683,26.0,-0.707107,-0.707107,0.382683,0.92388,13.0,72.0,49.00000000000001,1023.6,1020.0,1.0,11.1717,5.0442,5.6,-3.6
-0.819015,-0.573772,0.0,10.0,0.382683,19.0,-0.707107,-0.707107,0.92388,0.382683,9.0,73.0,50.0,1021.6,1016.6,1.0,10.9755,4.83644,6.9,-5
-0.809017,-0.587785,0.0,10.0,6.12323e-17,28.0,-0.707107,-0.707107,6.12323e-17,1,14.999999999999998,69.0,47.0,1019.7,1016.7,1.0,11.7058,5.70524,4.1,-3
-0.798779,-0.601624,0.0,9.8,0.707107,19.0,-0.707107,-0.707107,0.707107,0.707107,9.0,59.0,43.0,1021.3,1017.6,1.0,13.0744,7.90619,6.8,-3.7
-0.788305,-0.615285,0.0,10.1,0.382683,22.0,-0.92388,-0.382683,0.382683,0.92388,13.0,71.0,48.0,1022.9,1019.7,1.0,11.4456,5.22175,6,-3.2
-0.777597,-0.628763,0.0,10.1,0.707107,24.000000000000004,-0.707107,-0.707107,0.707107,0.707107,13.0,70.0,40.0,1022.2,1017.8,1.0,14.2186,5.48024,5.7,-4.4
-0.766659,-0.642055,0.0,6.9,6.12323e-17,56.0,-0.92388,-0.382683,0.707107,0.707107,13.0,75.0,62.0,1018.7,1013.3,4.0,7.6291,4.45953,5.3,-5.4
-0.755493,-0.655156,2.8,10.0,0.707107,19.0,-0.382683,0.92388,0.92388,0.382683,9.0,67.0,51.0,1016.4,1012.1,1.0,10.8764,6.29558,5.8,-4.3
-0.744104,-0.668064,0.0,9.5,-1.83697e-16,30.0,-0.707107,-0.707107,-0.92388,-0.382683,7.000000000000001,53.00000000000001,22.0,1018.1,1014.8,0.0,23.4427,9.77201,7.8,-3.3
-0.732494,-0.680773,0.0,10.5,0.92388,20.0,-0.92388,-0.382683,0.707107,0.707107,11.0,68.0,48.0,1021.6,1018.0,1.0,11.5757,5.92908,6.1,-3.6
-0.720667,-0.693281,0.0,10.8,0.92388,24.000000000000004,-1,1.22465e-16,0.92388,0.382683,14.999999999999998,68.0,51.0,1022.2,1017.4,0.0,10.6909,5.93369,6.4,-4.8
-0.708627,-0.705584,0.0,10.4,-1.83697e-16,41.0,-0.707107,-0.707107,0.382683,0.92388,9.0,69.0,52.0,1019.0,1014.6,1.0,10.6385,5.79886,7.6,-4.4
-0.696376,-0.717677,0.2,10.6,6.12323e-17,31.0,-0.92388,-0.382683,-0.382683,0.92388,16.999999999999996,50.0,32.0,1024.9,1023.5000000000001,1.0,17.4226,10.6805,2.5,-1.4
-0.683919,-0.729558,0.0,10.5,-0.707107,24.000000000000004,-0.707107,-0.707107,6.12323e-17,1,7.000000000000001,58.00000000000001,43.0,1027.9,1023.3999999999999,1.0,13.0252,8.33327,3.5,-4.5
-0.67126,-0.741222,0.0,9.4,6.12323e-17,22.0,-0.707107,-0.707107,0.92388,0.382683,7.000000000000001,68.0,41.0,1023.0,1017.8,6.0,13.8975,5.97527,4.8,-5.2
-0.645348,-0.763889,0.0,8.9,6.12323e-17,48.00000000000001,0.707107,-0.707107,0.382683,0.92388,13.0,62.0,50.0,1014.7,1010.5,1.0,11.2493,7.5771,4.9,-4.2
-0.632103,-0.774884,0.0,10.5,0.382683,24.000000000000004,-0.92388,-0.382683,0.707107,0.707107,14.999999999999998,70.0,53.99999999999999,1015.7,1011.4,1.0,9.99565,5.7045,4,-4.3
-0.605056,-0.796183,0.0,10.8,-1.83697e-16,39.0,0.382683,-0.92388,0.382683,-0.92388,16.999999999999996,29.000000000000004,23.000000000000004,1011.8,1008.3,1.0,23.9337,19.8808,3.9,-3.5
-0.591261,-0.80648,0.0,10.2,-1.83697e-16,37.0,-1.83697e-16,-1,-1.83697e-16,-1,16.999999999999996,21.0,8.0,1016.8,1013.6,3.0,37.7256,23.6119,5.9,-3.2
-0.577292,-0.816538,0.0,9.1,6.12323e-17,22.0,-0.382683,-0.92388,0.382683,0.92388,11.0,39.0,36.0,1020.1,1016.3,3.0,16.1331,14.1125,7.6,-3.8
-0.563151,-0.826354,0.0,9.6,0.92388,28.0,-0.382683,-0.92388,0.92388,0.382683,11.0,62.0,56.99999999999999,1018.8,1013.7,1.0,9.19013,7.60019,4.4,-5.1
-0.548843,-0.835925,0.0,9.2,0.92388,35.0,0.92388,-0.382683,0.707107,0.707107,16.999999999999996,79.0,65.0,1016.8,1010.1,1.0,7.05828,3.81588,3.2,-6.7
-0.534373,-0.845249,0.0,8.4,-0.382683,35.0,-0.382683,-0.92388,-1.83697e-16,-1,16.999999999999996,40.0,26.0,1014.2,1011.9,4.0,21.2775,14.5831,2.5,-2.3
-0.519744,-0.854322,1.0,2.8,-1.83697e-16,30.0,-0.382683,-0.92388,-0.382683,-0.92388,13.0,70.0,38.0,1019.5999999999999,1016.4,5.0,14.79,5.39093,6.2,-3.2
-0.504961,-0.863142,0.2,10.6,0.382683,26.0,-0.92388,-0.382683,0.382683,0.92388,13.0,45.0,47.0,1022.3,1019.6,1.0,11.8213,12.0323,4.7,-2.7
-0.490029,-0.871706,0.0,10.6,6.12323e-17,26.0,-0.92388,-0.382683,0.707107,0.707107,13.0,64.0,50.0,1024.4,1021.7,1.0,10.885,6.95861,2.9,-2.7
-0.474951,-0.880012,0.0,9.9,0.707107,28.0,-1.83697e-16,-1,0.382683,0.92388,14.999999999999998,61.0,49.00000000000001,1024.4,1020.6,2.0,11.1801,7.67886,2.9,-3.8
-0.459733,-0.888057,0.0,6.700000000000001,0.92388,33.0,-0.707107,-0.707107,0.707107,0.707107,14.999999999999998,68.0,62.0,1020.5000000000001,1015.7,7.0,7.65226,6.10087,2.3,-4.8
-0.444378,-0.895839,7.8,8.2,-0.382683,35.0,0.382683,-0.92388,-1.83697e-16,-1,14.999999999999998,85.0,37.0,1015.3,1011.6,3.0,15.9009,2.54859,9.3,-3.7
-0.428892,-0.903356,0.0,10.5,0.382683,26.0,-0.92388,-0.382683,0.382683,0.92388,14.999999999999998,65.0,56.0,1018.6,1015.1,2.0,9.26564,6.80623,2.7,-3.5
-0.413279,-0.910605,0.0,3.4,-1.83697e-16,39.0,1,0,0.92388,0.382683,14.999999999999998,64.0,66.0,1013.8,1010.0,6.0,6.74825,7.20693,0.5,-3.8
-0.397543,-0.917584,15.199999999999998,9.1,-1.83697e-16,33.0,-1.83697e-16,-1,-0.707107,-0.707107,11.0,63.0,20.000000000000004,1011.1,1007.9,2.0,24.8874,7.34743,5.5,-3.2
-0.381689,-0.924291,0.0,11.2,-0.382683,35.0,-1.83697e-16,-1,-1.83697e-16,-1,14.999999999999998,46.0,25.0,1015.3,1012.1,1.0,21.3594,11.9783,4.7,-3.2
-0.365723,-0.930724,0.0,10.6,0.707107,22.0,-0.92388,-0.382683,0.707107,0.707107,11.0,45.0,26.999999999999996,1019.3000000000001,1015.4,2.0,20.2355,12.2453,5.1,-3.9
-0.349647,-0.936881,0.0,11.2,6.12323e-17,33.0,-0.382683,-0.92388,0.382683,0.92388,13.0,39.0,25.0,1023.1,1019.5,1.0,21.3125,14.35,4.7,-3.6
-0.333469,-0.942761,0.0,11.0,0.707107,30.0,-0.92388,-0.382683,0.382683,0.92388,13.0,53.00000000000001,42.0,1026.7,1023.9000000000001,1.0,13.7553,9.88452,4.3,-2.8
-0.317191,-0.948362,0.0,11.1,0.382683,28.0,-0.92388,-0.382683,0.382683,0.92388,13.0,62.0,47.0,1026.5,1022.5,1.0,12.0179,7.5023,4.1,-4
-0.30082,-0.953681,0.0,10.6,0.382683,22.0,-0.707107,-0.707107,0.707107,0.707107,11.0,65.0,49.00000000000001,1023.2,1018.6,1.0,11.4773,6.79063,5,-4.6
-0.284359,-0.958718,0.0,10.4,0.382683,24.000000000000004,-1.83697e-16,-1,0.382683,0.92388,11.0,70.0,50.0,1022.1,1017.7,1.0,11.1162,5.65669,4.2,-4.4
-0.267814,-0.963471,0.0,11.0,6.12323e-17,24.000000000000004,-0.707107,-0.707107,0.382683,0.92388,14.999999999999998,63.0,51.0,1022.9,1019.7,1.0,10.7955,7.33067,3.1,-3.2
-0.25119,-0.967938,0.0,10.3,0.382683,28.0,-1,1.22465e-16,0.92388,0.382683,13.0,62.0,51.0,1024.8,1020.7,1.0,10.8117,7.58287,3.2,-4.1
-0.234491,-0.972118,0.0,10.1,0.92388,28.0,0.707107,-0.707107,0.382683,0.92388,14.999999999999998,58.00000000000001,55.0,1022.1,1016.4,1.0,9.73797,8.70391,3,-5.7
-0.217723,-0.976011,0.0,9.5,6.12323e-17,26.0,-0.92388,0.382683,0.382683,0.92388,14.999999999999998,62.0,56.99999999999999,1019.7,1014.0,6.0,9.17643,7.75692,1.5,-5.7
-0.200891,-0.979614,0.0,10.7,6.12323e-17,31.0,-0.382683,-0.92388,6.12323e-17,1,16.999999999999996,62.0,48.0,1015.8,1011.8,1.0,12.0056,7.76859,3,-4
-0.183998,-0.982927,0.0,9.5,0.707107,24.000000000000004,0.382683,-0.92388,0.707107,0.707107,14.999999999999998,67.0,59.0,1014.9,1010.2,1.0,8.67707,6.50027,2.8,-4.7
-0.167052,-0.985948,0.2,9.9,0.707107,33.0,0.707107,0.707107,0.382683,0.92388,16.999999999999996,69.0,60.00000000000001,1014.4,1009.1,1.0,8.42827,6.07959,2.1,-5.3
-0.150055,-0.988678,0.0,5.2,-1.83697e-16,57.0,-1.83697e-16,-1,-1.83697e-16,-1,26.0,48.00000000000001,13.0,1007.4,1005.9,7.0,30.5338,11.9261,-0.7,-1.5
-0.133015,-0.991114,0.0,11.2,-1.83697e-16,33.0,-0.382683,-0.92388,-0.707107,-0.707107,11.0,35.0,16.0,1015.4,1011.5,0.0,28.4959,16.1135,8.1,-3.9
-0.115935,-0.993257,0.0,11.2,0.92388,30.0,-0.707107,-0.707107,0.707107,0.707107,13.0,31.0,29.0,1017.8,1012.7,0.0,19.4101,17.9412,3.7,-5.1
-0.0988201,-0.995105,0.0,9.7,-0.382683,48.00000000000001,0.92388,-0.382683,0.382683,-0.92388,16.999999999999996,44.0,13.0,1012.3,1005.3,0.0,32.3017,12.9768,10.3,-7
-0.0816764,-0.996659,0.0,11.2,-1.83697e-16,54.0,-0.382683,-0.92388,-1.83697e-16,-1,22.0,23.0,14.0,1013.7,1008.6,0.0,29.1692,21.6702,4.7,-5.1
-0.0645084,-0.997917,0.0,11.6,0.382683,44.0,-1.83697e-16,-1,-1.83697e-16,-1,24.0,27.0,14.0,1011.6999999999999,1006.2,0.0,29.3166,19.3978,6,-5.5
-0.0473214,-0.99888,0.0,11.6,0.382683,31.0,-0.382683,-0.92388,0.92388,0.382683,11.0,30.0,26.999999999999996,1014.7,1011.5,0.0,20.1613,18.0813,4.2,-3.2
-0.0301203,-0.999546,0.0,11.6,0.382683,28.0,-0.382683,-0.92388,0.382683,0.92388,14.999999999999998,47.0,31.0,1020.6,1016.9,1.0,18.2893,11.8035,3.2,-3.7
-0.0129103,-0.999917,0.0,10.7,0.707107,31.0,0.707107,-0.707107,0.92388,0.382683,13.0,52.0,45.0,1020.7,1015.3,0.0,12.8568,10.3558,3.4,-5.4
0.00430354,-0.999991,0.0,10.7,1,44.0,6.12323e-17,1,0.707107,0.707107,14.999999999999998,52.0,49.00000000000001,1016.1,1010.4,2.0,11.6058,10.4731,2.6,-5.7
0.0215161,-0.999769,0.0,9.3,-1.83697e-16,46.0,0.382683,-0.92388,-1.83697e-16,-1,19.0,45.0,18.0,1009.4,1004.9,3.0,27.6164,13.067,5.5,-4.5
0.0387223,-0.99925,0.0,9.7,0.382683,31.0,-0.707107,0.707107,6.12323e-17,1,19.999999999999996,55.0,58.0,1016.6,1013.9,4.0,8.73679,9.60781,-0.7,-2.7
0.055917,-0.998435,0.4,10.6,-1,31.0,-0.92388,0.382683,6.12323e-17,1,16.999999999999996,59.0,50.0,1018.0,1013.5,1.0,11.0996,8.45237,1.3,-4.5
0.0730951,-0.997325,0.0,10.9,6.12323e-17,30.0,-0.707107,0.707107,0.382683,0.92388,14.999999999999998,56.0,48.0,1018.7,1014.9,1.0,11.8117,9.26564,2.2,-3.8
0.0902516,-0.995919,0.0,9.2,0.92388,30.0,0.92388,-0.382683,1,0,13.0,54.0,72.0,1015.6,1010.1,5.0,5.32359,9.91381,-1.4,-5.5
0.107381,-0.994218,2.4,12.0,-0.382683,35.0,-0.707107,-0.707107,0.382683,0.92388,14.999999999999998,28.0,33.0,1016.4,1013.3,1.0,17.1861,19.0266,3.6,-3.1
0.124479,-0.992222,0.0,11.7,-0.382683,31.0,-0.92388,-0.382683,6.12323e-17,1,19.0,34.0,41.0,1022.1,1018.5,2.0,14.0331,16.4807,2.5,-3.6
0.14154,-0.989932,0.0,11.0,-0.382683,35.0,-0.92388,0.382683,6.12323e-17,1,19.0,48.00000000000001,48.0,1025.9,1022.5,3.0,11.4803,11.4629,0.2,-3.4
0.158559,-0.987349,0.0,2.5,0.382683,24.000000000000004,-0.382683,0.92388,0.382683,0.92388,7.000000000000001,63.0,68.0,1024.1,1020.6,7.0,6.04024,7.24161,-0.7,-3.5
0.175531,-0.984474,1.0,10.7,1,43.0,0.707107,0.707107,0.92388,0.382683,19.0,61.0,58.0,1017.6,1010.8,1.0,8.81596,7.82705,3.3,-6.8
0.192452,-0.981306,1.8000000000000003,8.8,-0.382683,93.0,0.92388,-0.382683,0.707107,-0.707107,19.999999999999996,56.0,25.0,1009.1,1002.2,7.0,22.8343,9.51854,7.3,-6.9
0.209315,-0.977848,10.2,9.2,-1.83697e-16,58.99999999999999,0.382683,-0.92388,-1.83697e-16,-1,28.000000000000004,20.0,14.0,1008.8,1004.4,0.0,30.5511,24.9232,3.4,-4.4
0.226116,-0.9741,0.2,11.8,-1.83697e-16,30.0,-0.92388,-0.382683,1,0,11.0,23.0,23.000000000000004,1013.8,1008.7,0.0,23.3123,22.6654,3.9,-5.1
0.24285,-0.970064,0.0,12.1,-1.83697e-16,43.0,-0.382683,-0.92388,-0.382683,-0.92388,19.0,23.0,14.0,1013.8,1010.3,0.0,30.251,22.814,2.8,-3.5
0.259512,-0.96574,0.0,12.1,0.707107,28.0,-1,1.22465e-16,0.382683,0.92388,14.999999999999998,21.0,37.0,1019.9000000000001,1018.1,1.0,15.5988,23.4568,1.3,-1.8
0.276097,-0.96113,0.0,9.6,0.382683,31.0,-0.382683,0.92388,6.12323e-17,1,19.999999999999996,48.00000000000001,50.0,1024.6,1022.1999999999999,3.0,10.9508,11.5063,0.7,-2.4
0.2926,-0.956235,0.0,10.5,-0.382683,30.0,-0.92388,0.382683,6.12323e-17,1,14.999999999999998,48.00000000000001,51.0,1026.5,1023.3999999999999,2.0,10.6668,11.5844,0,-3.1
0.309017,-0.951057,0.0,11.9,0.382683,28.0,6.12323e-17,1,0.382683,0.92388,16.999999999999996,48.00000000000001,46.00000000000001,1025.9,1022.2999999999998,1.0,12.381,11.6367,1.1,-3.6
0.325342,-0.945596,0.0,11.6,0.382683,30.0,0.707107,0.707107,0.92388,0.382683,13.0,49.0,48.0,1025.0,1020.8,1.0,11.8468,11.4175,1.3,-4.2
0.341571,-0.939856,0.0,11.4,0.707107,30.0,0.382683,-0.92388,0.707107,0.707107,13.0,50.0,45.0,1023.0,1020.9,1.0,12.8949,11.1494,1.4,-2.1
0.357698,-0.933837,0.0,11.7,0.707107,31.0,1,0,0.382683,0.92388,14.999999999999998,48.00000000000001,46.00000000000001,1023.0,1019.0,4.0,12.5383,11.724,1.8,-4
0.37372,-0.927542,0.0,10.9,0.92388,35.0,0.707107,-0.707107,0.92388,0.382683,16.999999999999996,45.0,53.99999999999999,1019.9000000000001,1014.4,1.0,10.0479,12.7144,1.7,-5.5
0.38963,-0.920971,0.4,11.9,-0.707107,46.0,-0.707107,0.707107,0.92388,0.382683,19.0,56.0,56.99999999999999,1015.6,1011.5,1.0,9.18328,9.44796,0.2,-4.1
0.405426,-0.914128,0.0,6.9,-1.83697e-16,44.0,1,0,0.92388,0.382683,13.0,50.0,60.00000000000001,1014.7,1013.4,7.0,8.28462,11.3497,-2.8,-1.3
0.421101,-0.907014,35.4,11.3,6.12323e-17,37.0,0.382683,0.92388,0.382683,0.92388,19.0,61.0,53.99999999999999,1022.4,1020.9,4.0,9.9733,8.03681,0.4,-1.5
0.436651,-0.899631,1.2,6.5,-0.382683,31.0,0.382683,0.92388,-0.382683,0.92388,14.999999999999998,59.0,85.0,1023.3,1021.0999999999999,7.0,2.62069,8.61258,-4.6,-2.2
0.452072,-0.891981,4.4,11.9,6.12323e-17,33.0,0.382683,0.92388,6.12323e-17,1,14.999999999999998,48.00000000000001,47.0,1023.8,1021.8999999999999,5.0,12.0538,11.6105,1.4,-1.9
0.467359,-0.884068,0.0,9.6,0.382683,26.0,-0.382683,0.92388,0.382683,0.92388,13.0,79.0,49.00000000000001,1023.6,1021.0,4.0,11.4346,3.75197,4.8,-2.6
0.482508,-0.875892,0.0,11.7,6.12323e-17,31.0,-0.382683,-0.92388,0.382683,0.92388,14.999999999999998,52.0,49.00000000000001,1022.9,1019.9,1.0,11.4773,10.5045,0.7,-3
0.497513,-0.867456,0.4,6.4,-0.92388,39.0,-0.92388,0.382683,6.12323e-17,1,16.999999999999996,67.0,59.0,1024.4,1021.3000000000001,4.0,8.45237,6.44146,0.5,-3.1
0.512371,-0.858764,0.0,12.6,0.382683,28.0,0.707107,-0.707107,1,0,11.0,50.0,42.0,1023.2,1018.9,0.0,13.9501,10.9673,3.6,-4.3
0.527078,-0.849817,0.0,12.5,0.92388,26.0,0.382683,-0.92388,0.707107,0.707107,13.0,47.0,51.0,1019.3000000000001,1014.4,0.0,11.039,12.0449,3,-4.9
0.541628,-0.840618,0.0,12.5,0.382683,30.0,6.12323e-17,1,0.92388,0.382683,16.999999999999996,45.0,50.0,1016.6,1012.4,1.0,11.518,12.9903,2,-4.2
0.556017,-0.831171,0.0,9.7,-0.707107,46.0,-0.707107,0.707107,0.382683,0.92388,16.999999999999996,56.0,58.0,1016.4,1014.4,2.0,9.02875,9.53976,0.7,-2
0.570242,-0.821477,0.4,3.1,0.382683,28.0,-0.382683,0.92388,0.382683,0.92388,14.999999999999998,73.0,62.0,1021.5,1020.2,6.0,7.80951,5.15499,1,-1.3
0.584298,-0.811539,6.999999999999999,10.3,-0.382683,33.0,0.382683,0.92388,0.382683,0.92388,16.999999999999996,63.0,55.0,1024.9,1023.3,4.0,9.72347,7.48779,1.6,-1.6
0.598181,-0.801361,0.2,12.0,6.12323e-17,35.0,-0.382683,0.92388,-0.382683,0.92388,14.999999999999998,47.0,47.0,1026.4,1023.3999999999999,5.0,12.1258,12.1258,0,-3
0.611886,-0.790946,17.0,3.4,6.12323e-17,35.0,6.12323e-17,1,6.12323e-17,1,16.999999999999996,62.0,53.99999999999999,1023.7,1020.7,7.0,9.88414,7.67546,1,-3
0.625411,-0.780296,1.6,10.9,-0.382683,39.0,-0.707107,0.707107,6.12323e-17,1,19.0,66.0,49.00000000000001,1021.7,1019.8,3.0,11.4431,6.65182,2.7,-1.9
0.638749,-0.769415,0.2,12.4,0.707107,26.0,6.12323e-17,1,0.707107,0.707107,13.0,59.0,50.0,1022.5,1020.1,2.0,11.191,8.4779,2,-2.4
0.651899,-0.758306,0.0,12.1,0.707107,28.0,0.92388,-0.382683,0.382683,0.92388,16.999999999999996,54.0,53.0,1021.7,1018.3,1.0,10.2717,9.89897,1.1,-3.4
0.664855,-0.746972,0.0,7.499999999999999,6.12323e-17,22.0,6.12323e-17,1,0.382683,0.92388,11.0,52.0,58.0,1017.2,1014.1,7.0,8.85567,10.4888,0.9,-3.1
0.677615,-0.735417,0.0,11.3,0.707107,30.0,0.707107,0.707107,0.382683,0.92388,14.999999999999998,53.00000000000001,55.0,1016.0,1013.0,1.0,9.78882,10.3484,0.3,-3
0.690173,-0.723644,0.0,11.8,0.707107,31.0,0.382683,0.92388,0.707107,0.707107,14.999999999999998,54.0,53.0,1013.6,1009.8,1.0,10.526,10.0404,2.5,-3.8
0.702527,-0.711657,0.0,12.2,0.92388,35.0,1,0,0.707107,0.707107,14.999999999999998,51.0,58.0,1011.6999999999999,1007.0,1.0,9.10918,11.1125,0.7,-4.7
0.714673,-0.699458,0.0,11.2,-0.382683,50.0,1,0,0.92388,0.382683,14.999999999999998,46.0,53.0,1007.3,1002.7,1.0,10.7285,12.8745,1.4,-4.6
0.726608,-0.687053,3.2,8.1,0.382683,30.0,-0.382683,0.92388,0.382683,0.92388,14.999999999999998,60.0,61.0,1013.0,1011.4,3.0,8.14574,8.33445,1.2,-1.6
0.761104,-0.64863,0.0,12.4,0.92388,35.0,0.92388,-0.382683,0.92388,0.382683,16.999999999999996,56.0,56.99999999999999,1014.3,1011.1,1.0,9.37594,9.58937,1,-3.2
0.772157,-0.635432,0.0,11.0,0.707107,35.0,0.92388,-0.382683,0.92388,0.382683,16.999999999999996,48.00000000000001,61.0,1014.6,1012.0,2.0,8.31047,12.1565,0,-2.6
0.78298,-0.622047,0.0,11.7,0.707107,28.0,0.92388,0.382683,0.92388,0.382683,14.999999999999998,52.0,46.00000000000001,1016.4,1013.5,1.0,12.8651,10.8609,0.7,-2.9
0.793572,-0.608477,1.2,12.5,0.382683,41.0,0.382683,0.92388,0.382683,0.92388,19.999999999999996,58.00000000000001,43.0,1020.8,1019.3,2.0,13.833,9.01538,1.2,-1.5
0.803928,-0.594727,0.2,10.0,6.12323e-17,35.0,0.382683,0.92388,6.12323e-17,1,19.999999999999996,54.0,46.00000000000001,1021.6,1018.5,3.0,12.6778,10.1003,0.8,-3.1
0.814046,-0.5808,0.0,11.0,0.382683,35.0,0.382683,0.92388,0.382683,0.92388,16.999999999999996,60.0,61.0,1019.7,1016.4,5.0,8.16397,8.47851,-0.8,-3.3
0.823923,-0.566702,0.0,12.3,0.92388,33.0,0.707107,-0.707107,0.707107,0.707107,16.999999999999996,52.0,53.0,1015.5,1010.6,1.0,10.5493,10.7573,1.2,-4.9
0.833556,-0.552435,0.0,6.4,0.92388,24.000000000000004,0.707107,-0.707107,0.707107,0.707107,9.0,51.0,61.0,1010.3,1006.1,7.0,8.35958,11.2191,0.5,-4.2
0.87796,-0.478734,6.6,12.1,0.382683,33.0,-0.707107,0.707107,6.12323e-17,1,19.0,52.0,53.0,1021.0,1018.2,2.0,10.2717,10.5281,0.5,-2.8
0.886071,-0.46355,0.0,12.7,0.707107,30.0,-0.92388,0.382683,0.707107,0.707107,14.999999999999998,50.0,45.0,1019.5999999999999,1015.6,1.0,13.0957,11.2911,1.8,-4
0.893919,-0.448229,0.0,12.9,0.92388,37.0,0.92388,0.382683,0.92388,0.382683,14.999999999999998,52.0,51.0,1017.3,1012.4,1.0,11.1289,10.6939,1.6,-4.9
0.901502,-0.432776,0.0,12.9,0.92388,33.0,0.707107,0.707107,0.92388,0.382683,14.999999999999998,42.99999999999999,52.0,1014.7,1012.5,1.0,10.8609,13.7926,0.6,-2.2
0.908818,-0.417194,0.0,12.7,0.92388,37.0,0.707107,-0.707107,0.92388,0.382683,19.0,56.0,52.0,1016.7,1012.7,1.0,10.8848,9.61777,1.1,-4
0.915864,-0.401488,0.0,12.5,0.707107,35.0,0.92388,0.382683,0.707107,0.707107,19.0,48.00000000000001,59.0,1013.4,1009.1,1.0,8.8654,12.1387,0.4,-4.3
0.92264,-0.385663,0.0,12.6,0.382683,33.0,1,0,0.92388,0.382683,14.999999999999998,47.0,55.0,1011.8,1008.3,0.0,10.0671,12.4523,1.5,-3.5
0.929141,-0.369725,0.0,12.4,0.707107,33.0,0.382683,0.92388,0.707107,0.707107,19.0,47.0,58.0,1012.6000000000001,1009.6,1.0,9.17647,12.5163,0.4,-3
0.935368,-0.353676,0.0,8.8,0.707107,30.0,0.92388,0.382683,0.92388,0.382683,16.999999999999996,62.0,56.99999999999999,1013.6,1010.2,4.0,9.41054,8.00973,0.6,-3.4
0.941317,-0.337523,0.0,7.2,6.12323e-17,31.0,-0.92388,0.382683,0.382683,0.92388,14.999999999999998,62.0,53.0,1015.9,1012.2,7.0,10.627,7.95649,2.1,-3.7
0.952378,-0.304921,0.2,5.9,6.12323e-17,30.0,0.382683,0.92388,0.382683,0.92388,14.999999999999998,59.0,53.0,1017.0,1015.2,7.0,10.5803,8.80024,0.8,-1.8
0.962309,-0.271958,12.2,12.7,6.12323e-17,31.0,0.707107,-0.707107,0.707107,0.707107,19.999999999999996,59.0,53.0,1021.2,1018.8,2.0,10.4795,8.68999,1.2,-2.4
0.966848,-0.255353,0.0,11.8,0.92388,33.0,0.707107,0.707107,0.707107,0.707107,19.0,45.0,56.0,1021.2,1017.8,2.0,9.56809,13.0095,-0.1,-3.4
0.9711,-0.238673,0.0,12.8,0.707107,33.0,1,0,0.92388,0.382683,14.999999999999998,49.0,49.00000000000001,1017.3,1013.9,1.0,11.8996,11.7868,1.3,-3.4
0.975065,-0.221922,0.0,2.5,-1.83697e-16,31.0,0.707107,0.707107,0.92388,0.382683,11.0,51.0,51.0,1015.8,1012.7,8.0,11.0962,11.1207,-0.3,-3.1
0.97874,-0.205104,4.8,0.0,-1.83697e-16,22.0,-0.382683,-0.92388,-0.92388,0.382683,2.0,73.0,92.00000000000001,1016.5,1015.2,8.0,1.36272,5.16669,-2.5,-1.3
0.982126,-0.188227,34.0,5.5,6.12323e-17,30.0,-0.707107,0.707107,-0.382683,0.92388,9.0,61.0,65.0,1015.8,1014.0,7.0,7.06888,8.15181,-1.2,-1.8
0.98522,-0.171293,0.0,8.2,-0.92388,41.0,-0.92388,0.382683,0.382683,0.92388,16.999999999999996,60.0,59.0,1015.0,1011.6,6.0,8.75476,8.4471,0.6,-3.4
0.988023,-0.154309,13.000000000000002,10.3,0.382683,33.0,-0.707107,-0.707107,6.12323e-17,1,19.999999999999996,67.0,58.0,1015.2,1013.0,4.0,9.04213,6.64844,1.2,-2.2
0.990532,-0.137279,1.6,7.4,0.382683,30.0,1,0,0.382683,0.92388,16.999999999999996,71.0,56.99999999999999,1015.5,1012.7,2.0,9.33449,5.68096,2,-2.8
0.992749,-0.120208,0.2,6.700000000000001,0.382683,39.0,0.382683,0.92388,0.382683,0.92388,14.999999999999998,72.0,70.0,1013.3,1011.0,7.0,5.95092,5.46195,0.7,-2.3
0.994671,-0.103102,13.2,5.9,0.707107,33.0,0.382683,0.92388,0.382683,0.92388,19.999999999999996,79.0,77.0,1013.4,1012.1,6.0,4.38708,3.96311,0,-1.3
0.996298,-0.0859648,21.0,3.5,0.382683,35.0,0.707107,0.707107,0.382683,0.92388,19.0,73.0,71.0,1016.0,1013.7,7.0,5.72792,5.25288,0.5,-2.3
0.99763,-0.0688024,21.6,3.3,0.707107,26.0,0.92388,0.382683,0.382683,0.92388,14.999999999999998,92.0,73.0,1015.6,1012.5,4.0,5.2923,1.37952,4.1,-3.1
0.998667,-0.0516197,35.0,3.3,0.382683,30.0,-0.92388,-0.382683,0.382683,0.92388,11.0,87.0,77.0,1016.5,1015.2,8.0,4.3641,2.32752,0.9,-1.3
0.999407,-0.0344216,7.8,8.1,0.382683,33.0,0.382683,0.92388,0.382683,0.92388,16.999999999999996,66.0,58.0,1018.8,1016.4,7.0,9.04213,6.94828,0.1,-2.4
0.999852,-0.0172134,0.4,6.6,6.12323e-17,31.0,0.382683,0.92388,0.382683,0.92388,14.999999999999998,74.0,56.0,1018.0,1015.5,6.0,9.6391,4.96624,3.4,-2.5
1,0,1.4,6.0,0.382683,31.0,0.707107,0.707107,0.92388,0.382683,13.0,61.0,66.0,1016.0,1013.5,7.0,6.94828,8.20047,0.4,-2.5
0.999852,0.0172134,0.8,11.3,0.707107,30.0,0.707107,-0.707107,0.707107,0.707107,13.0,62.0,66.0,1012.5,1009.0,3.0,7.02079,8.01566,0.5,-3.5
0.999407,0.0344216,0.0,3.3,6.12323e-17,33.0,0.707107,-0.707107,-0.382683,0.92388,16.999999999999996,65.0,76.0,1010.7,1010.7,8.0,4.55454,7.31479,-4.4,0
0.998667,0.0516197,20.6,0.0,-0.92388,43.0,-0.707107,0.707107,-0.382683,0.92388,14.999999999999998,70.0,65.0,1015.8,1015.1,7.0,7.12199,5.9154,0.2,-0.7
0.99763,0.0688024,0.0,0.7,-0.382683,31.0,-0.92388,0.382683,-0.382683,0.92388,16.999999999999996,69.0,56.0,1017.3,1015.7,7.0,9.58937,6.08875,2.8,-1.6
0.996298,0.0859648,0.0,3.3,0.382683,24.000000000000004,6.12323e-17,1,0.382683,0.92388,11.0,80.99999999999999,64.0,1015.5,1013.1,7.0,7.4761,3.48741,3.6,-2.4
0.994671,0.103102,0.6,1.8,0.707107,26.0,-0.382683,0.92388,6.12323e-17,1,16.999999999999996,73.0,62.0,1014.8,1012.9,7.0,7.94469,5.26076,0.6,-1.9
0.992749,0.120208,0.2,6.8,0.382683,33.0,-0.382683,0.92388,0.382683,0.92388,19.0,63.0,55.0,1017.6,1016.1,3.0,9.99348,7.63515,2.7,-1.5
0.990532,0.137279,0.0,12.9,0.382683,35.0,6.12323e-17,1,6.12323e-17,1,14.999999999999998,65.0,48.0,1019.2,1017.0,3.0,12.1921,7.21272,1.5,-2.2
0.988023,0.154309,0.0,13.2,6.12323e-17,28.0,-0.92388,0.382683,0.382683,0.92388,16.999999999999996,60.0,52.0,1017.7,1014.6,1.0,10.8848,8.4848,1.5,-3.1
0.98522,0.171293,0.0,12.2,0.382683,33.0,-0.707107,0.707107,6.12323e-17,1,19.0,61.0,52.0,1016.7,1014.3,2.0,10.9168,8.24316,1.5,-2.4
0.982126,0.188227,0.0,12.2,-0.382683,31.0,0.707107,0.707107,0.382683,0.92388,14.999999999999998,58.00000000000001,61.0,1015.0,1012.6,2.0,8.29821,9.04213,1.1,-2.4
0.97874,0.205104,0.0,10.6,0.92388,39.0,0.382683,0.92388,0.707107,0.707107,14.999999999999998,58.00000000000001,53.99999999999999,1014.8,1011.5,1.0,10.2657,9.02875,1.3,-3.3
0.975065,0.221922,0.0,10.7,6.12323e-17,28.0,-0.92388,0.382683,0.382683,0.92388,19.0,59.0,49.00000000000001,1015.6,1012.9,1.0,11.8475,8.77424,1.4,-2.7
0.9711,0.238673,0.0,10.5,6.12323e-17,33.0,6.12323e-17,1,-0.382683,0.92388,14.999999999999998,65.0,42.0,1015.5,1013.0,4.0,14.3541,7.13263,3.6,-2.5
0.966848,0.255353,0.0,8.6,0.707107,26.0,0.382683,0.92388,0.707107,0.707107,13.0,54.0,55.0,1012.7,1009.3,1.0,9.97879,10.1453,1.7,-3.4
0.962309,0.271958,0.0,11.8,0.707107,30.0,0.707107,-0.707107,0.92388,0.382683,13.0,55.0,55.0,1008.3,1004.0,3.0,10.1113,9.87628,3.2,-4.3
0.957485,0.288482,4.4,12.7,0.382683,30.0,-0.707107,-0.707107,0.707107,0.707107,16.999999999999996,62.0,56.99999999999999,1004.2,1000.2,3.0,9.59848,8.0572,2.5,-4
0.952378,0.304921,0.0,12.9,6.12323e-17,50.0,-0.707107,-0.707107,0.382683,0.92388,19.0,42.0,50.0,1008.3,1006.0,1.0,11.4505,13.9399,2.3,-2.3
0.946988,0.32127,0.2,13.0,0.92388,26.0,-0.92388,-0.382683,0.382683,0.92388,13.0,56.0,39.0,1012.2,1009.0,0.0,15.5657,9.54684,3.6,-3.2
0.941317,0.337523,0.0,10.5,0.382683,24.000000000000004,-0.382683,-0.92388,0.92388,0.382683,13.0,60.0,50.0,1013.4,1010.4,6.0,11.6025,8.5289,1.9,-3
0.935368,0.353676,0.0,6.3,0.707107,26.0,0.382683,0.92388,0.707107,0.707107,13.0,56.0,56.99999999999999,1015.2,1013.7,6.0,9.38285,9.60357,0.9,-1.5
0.929141,0.369725,0.0,13.0,6.12323e-17,28.0,0.707107,-0.707107,0.382683,0.92388,13.0,59.0,50.0,1014.4,1011.4,1.0,11.6195,8.79374,2.2,-3
0.92264,0.385663,0.0,12.8,6.12323e-17,31.0,0.382683,0.92388,0.382683,0.92388,16.999999999999996,54.0,50.0,1014.2,1011.9,1.0,11.6025,10.2355,1.7,-2.3
0.915864,0.401488,0.0,11.6,0.382683,28.0,1,0,0.92388,0.382683,13.0,59.0,47.0,1015.0,1012.2,3.0,12.7368,8.83279,3,-2.8
0.908818,0.417194,0.0,12.0,0.707107,31.0,-0.382683,-0.92388,0.707107,0.707107,14.999999999999998,59.0,56.0,1014.1,1011.1,1.0,9.79621,8.79374,2.3,-3
0.901502,0.432776,0.0,11.8,-0.707107,41.0,-1.83697e-16,-1,0.92388,0.382683,14.999999999999998,58.00000000000001,51.0,1012.7,1010.0,1.0,11.3345,9.06892,2.6,-2.7
0.893919,0.448229,0.0,9.9,0.382683,28.0,6.12323e-17,1,0.707107,0.707107,16.999999999999996,58.00000000000001,44.0,1011.3,1007.9,3.0,13.8225,9.16299,2.5,-3.4
0.886071,0.46355,3.6000000000000005,7.0,-1,31.0,-1.83697e-16,-1,0.707107,0.707107,9.0,72.0,60.00000000000001,1010.2,1008.0,8.0,8.55415,5.43332,3.2,-2.2
0.87796,0.478734,3.0,7.499999999999999,-0.92388,46.0,-0.92388,0.382683,-0.707107,0.707107,22.0,65.0,56.99999999999999,1012.4,1011.4,7.0,9.32069,7.19132,0.2,-1
0.869589,0.493776,5.4,1.9,0.382683,50.0,0.382683,0.92388,6.12323e-17,1,16.999999999999996,76.0,68.0,1010.7,1008.8,8.0,6.40845,4.57858,0.4,-1.9
0.860961,0.508671,17.4,0.3,0.382683,46.0,6.12323e-17,1,-0.382683,0.92388,19.999999999999996,69.0,60.00000000000001,1009.3,1008.3,7.0,8.40947,6.14848,0.3,-1
0.852078,0.523416,2.6,5.0,6.12323e-17,46.0,-0.382683,0.92388,-0.382683,0.92388,13.0,57.0,64.0,1009.4,1007.6,7.0,7.43183,9.25186,0.6,-1.8
0.842942,0.538005,2.4,11.8,6.12323e-17,31.0,6.12323e-17,1,6.12323e-17,1,19.0,57.0,51.0,1009.7,1008.1,2.0,11.1699,9.30691,1.2,-1.6
0.833556,0.552435,0.0,10.2,0.707107,26.0,-0.382683,0.92388,0.382683,0.92388,14.999999999999998,61.0,60.00000000000001,1011.1,1008.9,6.0,8.5289,8.24316,0.3,-2.2
0.823923,0.566702,0.0,11.9,6.12323e-17,28.0,0.707107,0.707107,0.707107,0.707107,16.999999999999996,62.0,46.00000000000001,1011.3,1009.0,3.0,12.9121,8.00381,1.6,-2.3
0.814046,0.5808,0.0,10.2,6.12323e-17,39.0,0.92388,-0.382683,0.707107,0.707107,16.999999999999996,65.0,62.0,1012.6000000000001,1010.9,7.0,8.08694,7.21807,1.7,-1.7
0.803928,0.594727,89.0,0.1,-0.92388,30.0,-0.92388,0.382683,-0.707107,0.707107,13.0,90.0,73.0,1017.7,1015.8,8.0,5.22538,1.72351,3.7,-1.9
0.793572,0.608477,0.8,5.2,6.12323e-17,37.0,-0.92388,0.382683,6.12323e-17,1,22.0,77.0,53.0,1019.1,1017.0,6.0,10.5183,4.33137,3.1,-2.1
0.78298,0.622047,0.2,8.3,-0.707107,48.00000000000001,-0.707107,0.707107,-0.707107,0.707107,16.999999999999996,71.0,66.0,1019.9000000000001,1018.2,7.0,6.86587,5.66818,0.4,-1.7
0.772157,0.635432,6.999999999999999,9.3,-0.707107,33.0,-0.707107,0.707107,-0.382683,0.92388,19.0,65.0,53.99999999999999,1018.9,1016.3,3.0,10.2733,7.12731,2.6,-2.6
0.761104,0.64863,0.0,12.1,6.12323e-17,28.0,6.12323e-17,1,0.707107,0.707107,14.999999999999998,63.0,52.0,1018.1,1015.0,2.0,10.8689,7.65224,2.1,-3.1
0.749826,0.661635,0.0,11.8,0.707107,26.0,-0.707107,-0.707107,0.707107,0.707107,14.999999999999998,67.0,53.99999999999999,1015.4,1011.9,2.0,10.3186,6.66831,2.6,-3.5
0.738326,0.674444,0.0,11.3,0.707107,30.0,-0.382683,-0.92388,0.707107,0.707107,19.0,62.0,56.0,1013.5,1011.2,5.0,9.72465,7.97422,1.6,-2.3
0.726608,0.687053,0.0,12.1,0.92388,35.0,0.707107,-0.707107,0.707107,0.707107,16.999999999999996,59.0,61.0,1013.1,1008.6,2.0,8.37803,8.77424,2.3,-4.5
0.714673,0.699458,0.0,11.9,0.92388,37.0,0.92388,-0.382683,0.92388,0.382683,19.0,61.0,66.0,1010.6,1006.5,1.0,7.10932,8.36573,0.8,-4.1
0.702527,0.711657,17.4,4.2,0.382683,30.0,1,0,0.707107,0.707107,9.0,72.0,89.0,1010.4,1007.9,7.0,1.97418,5.56893,-1.9,-2.5
0.690173,0.723644,121.4,0.7,-0.382683,24.000000000000004,-0.92388,-0.382683,-0.382683,0.92388,13.0,85.0,65.0,1013.8,1012.0,8.0,7.17529,2.65508,4.8,-1.8
0.677615,0.735417,0.0,3.8,6.12323e-17,37.0,-1,1.22465e-16,-0.707107,0.707107,19.999999999999996,69.0,52.0,1016.8,1015.5,7.0,10.821,6.13467,2.5,-1.3
0.664855,0.746972,0.0,7.9,-0.707107,35.0,-0.92388,0.382683,-0.382683,0.92388,16.999999999999996,60.0,53.99999999999999,1019.5999999999999,1017.7,6.0,10.1453,8.39694,1.1,-1.9
0.651899,0.758306,0.4,5.8,6.12323e-17,37.0,-0.707107,0.707107,6.12323e-17,1,14.999999999999998,67.0,61.0,1019.5,1017.1,7.0,8.19438,6.56921,2.2,-2.4
0.638749,0.769415,2.2,9.4,0.382683,31.0,-0.382683,-0.92388,0.382683,0.92388,9.0,76.0,50.0,1019.8,1017.0,3.0,11.5011,4.55797,3.4,-2.8
0.625411,0.780296,0.2,10.6,-0.707107,48.00000000000001,-0.92388,-0.382683,0.382683,0.92388,14.999999999999998,64.0,66.0,1019.2,1015.6,3.0,7.02598,7.40422,2.3,-3.6
0.611886,0.790946,0.0,11.6,0.382683,20.0,-0.382683,-0.92388,0.382683,0.92388,13.0,66.0,53.0,1015.8,1011.8,1.0,10.8226,6.94828,4.5,-4
0.598181,0.801361,0.0,6.5,-0.92388,43.0,-0.92388,0.382683,-0.707107,0.707107,16.999999999999996,67.0,66.0,1017.2,1016.9,7.0,6.90187,6.6932,-0.7,-0.3
0.584298,0.811539,0.0,3.2,-0.707107,43.0,-0.707107,0.707107,-0.707107,0.707107,13.0,67.0,73.0,1021.3,1020.8,7.0,5.16279,6.60877,-1.5,-0.5
0.570242,0.821477,1.4,6.700000000000001,-0.382683,46.0,-0.382683,-0.92388,-0.382683,0.92388,16.999999999999996,71.0,50.0,1022.2,1018.9,6.0,11.3665,5.59183,3.5,-3.3
0.556017,0.831171,0.6,2.2,6.12323e-17,35.0,-1,1.22465e-16,-0.707107,0.707107,19.999999999999996,76.0,67.0,1018.9,1016.1,8.0,6.62363,4.52031,1.6,-2.8
0.541628,0.840618,9.4,6.4,0.382683,28.0,-0.707107,0.707107,0.382683,0.92388,16.999999999999996,76.0,65.0,1017.1,1013.8,7.0,7.23415,4.5889,1.9,-3.3
0.527078,0.849817,26.8,0.0,-0.92388,31.0,-0.707107,0.707107,-0.707107,0.707107,11.0,92.0,82.0,1013.6,1010.3,8.0,3.26452,1.37952,0.2,-3.3
0.512371,0.858764,60.599999999999994,0.0,-0.382683,37.0,6.12323e-17,1,-0.382683,0.92388,14.999999999999998,93.0,91.0,1010.5,1008.2,8.0,1.5391,1.17865,0.8,-2.3
0.497513,0.867456,23.599999999999998,0.8,6.12323e-17,44.0,0.382683,0.92388,-0.382683,0.92388,14.999999999999998,84.0,76.0,1011.6,1009.5,5.0,4.58202,2.86155,3.1,-2.1
0.482508,0.875892,20.0,0.2,-0.707107,35.0,-0.382683,0.92388,-0.382683,0.92388,14.999999999999998,65.0,58.0,1013.2,1011.1,7.0,8.94201,7.0901,0.6,-2.1
0.467359,0.884068,0.2,1.2,6.12323e-17,35.0,6.12323e-17,1,6.12323e-17,1,16.999999999999996,69.0,81.0,1011.9,1009.2,8.0,3.51917,6.13467,0,-2.7
0.452072,0.891981,9.0,0.2,6.12323e-17,39.0,6.12323e-17,1,6.12323e-17,1,14.999999999999998,90.0,90.0,1011.9,1010.9,8.0,1.73543,1.75004,-1.1,-1
0.436651,0.899631,3.4,2.2,-0.382683,35.0,6.12323e-17,1,0.382683,0.92388,16.999999999999996,70.0,64.0,1014.4,1012.1,7.0,7.39871,5.92871,0.4,-2.3
0.421101,0.907014,0.6,0.0,6.12323e-17,15.0,-0.382683,-0.92388,0.382683,0.92388,6.0,80.99999999999999,64.0,1016.3,1014.1,7.0,7.39871,3.46632,3,-2.2
0.405426,0.914128,0.0,10.7,0.707107,22.0,-0.707107,-0.707107,-0.92388,-0.382683,7.000000000000001,78.0,51.0,1017.0,1013.7,3.0,11.4422,4.09295,7.8,-3.3
0.38963,0.920971,0.0,8.7,-0.382683,31.0,-0.707107,-0.707107,6.12323e-17,1,16.999999999999996,76.0,65.0,1017.9,1016.0,7.0,7.26098,4.59923,2.1,-1.9
0.37372,0.927542,0.0,9.4,-0.92388,39.0,-1,1.22465e-16,-0.92388,-0.382683,14.999999999999998,58.00000000000001,53.99999999999999,1022.1,1021.0999999999999,5.0,10.2355,8.99534,1.4,-1
0.357698,0.933837,1.2,7.9,-0.382683,50.0,-0.707107,0.707107,-0.707107,0.707107,22.0,58.00000000000001,52.0,1028.1,1026.2,6.0,10.6385,8.88219,0.6,-1.9
0.341571,0.939856,0.6,6.4,-0.707107,48.00000000000001,-0.707107,0.707107,-0.382683,0.92388,24.0,53.00000000000001,67.0,1027.5,1025.7,6.0,6.43169,10.287,-3.1,-1.8
0.325342,0.945596,0.6,8.4,-0.92388,37.0,-0.92388,0.382683,-0.707107,0.707107,11.0,68.0,72.0,1024.5,1021.7,3.0,5.37222,6.28453,0,-2.8
0.309017,0.951057,4.8,8.4,-0.92388,31.0,-0.92388,0.382683,-0.92388,0.382683,16.999999999999996,68.0,55.0,1023.1,1019.4,6.0,9.76701,6.24191,3,-3.7
0.2926,0.956235,0.2,7.499999999999999,-0.382683,39.0,-0.92388,0.382683,-0.382683,0.92388,19.0,62.0,45.0,1020.5000000000001,1018.0,3.0,12.9903,7.77443,2.7,-2.5
0.24285,0.970064,0.0,10.6,-0.382683,30.0,6.12323e-17,1,-0.382683,0.92388,16.999999999999996,55.0,44.0,1022.4,1020.3,2.0,13.3277,9.74523,1.3,-2.1
0.226116,0.9741,0.0,3.1,-0.382683,37.0,-0.707107,0.707107,-0.382683,0.92388,16.999999999999996,59.0,73.0,1021.7,1019.8,7.0,5.16279,8.56115,-0.3,-1.9
0.209315,0.977848,1.0,2.3,0.707107,30.0,6.12323e-17,1,6.12323e-17,1,13.0,62.0,66.0,1020.6,1017.9,8.0,6.86587,7.93289,-1.1,-2.7
0.192452,0.981306,0.0,1.9,0.92388,20.0,-0.382683,-0.92388,0.707107,0.707107,9.0,71.0,68.0,1018.4,1016.5,8.0,6.40845,5.65542,1.2,-1.9
0.175531,0.984474,0.0,7.2,6.12323e-17,30.0,-0.707107,-0.707107,6.12323e-17,1,14.999999999999998,69.0,61.0,1019.4,1016.5,6.0,8.24316,6.1623,1.6,-2.9
0.14154,0.989932,0.0,10.3,-0.707107,28.0,-0.92388,-0.382683,6.12323e-17,1,16.999999999999996,62.0,53.99999999999999,1022.9,1019.8,3.0,10.1453,7.79196,2.5,-3.1
0.124479,0.992222,3.4,9.0,0.92388,22.0,-0.707107,-0.707107,0.382683,0.92388,11.0,77.0,59.0,1022.6,1018.8,4.0,8.75476,4.25979,4.6,-3.8
0.107381,0.994218,0.0,10.9,0.707107,24.000000000000004,-0.707107,-0.707107,0.382683,0.92388,11.0,69.0,58.0,1021.1,1018.3,1.0,8.96199,6.11169,1.3,-2.8
0.0902516,0.995919,0.0,8.0,6.12323e-17,28.0,-0.92388,-0.382683,6.12323e-17,1,13.0,69.0,50.0,1020.1999999999999,1017.0,5.0,11.3749,6.12087,2,-3.2
0.0730951,0.997325,1.2,4.7,0.382683,30.0,-0.92388,0.382683,0.707107,0.707107,11.0,83.0,61.0,1021.3,1017.8,4.0,8.17005,3.02562,4.9,-3.5
0.055917,0.998435,3.2,1.6,0.92388,24.000000000000004,-0.707107,-0.707107,0.382683,0.92388,13.0,76.0,71.0,1019.8,1016.8,6.0,5.62146,4.50665,0.5,-3
0.0215161,0.999769,1.4,6.3,-0.382683,26.0,-0.707107,-0.707107,6.12323e-17,1,13.0,76.0,62.0,1016.7,1013.7,5.0,7.85053,4.4862,2.3,-3
0.00430354,0.999991,0.0,9.0,6.12323e-17,31.0,-0.92388,0.382683,-0.382683,0.92388,16.999999999999996,65.0,53.0,1017.4,1014.4,5.0,10.41,7.06888,1.6,-3
-0.0129103,0.999917,0.0,9.3,-0.382683,35.0,-0.92388,0.382683,6.12323e-17,1,11.0,62.0,59.0,1018.7,1015.4,4.0,8.63834,7.77443,1.3,-3.3
-0.0301203,0.999546,0.0,8.7,-0.382683,31.0,-0.92388,-0.382683,-0.382683,0.92388,11.0,61.0,53.99999999999999,1018.6,1015.6,3.0,10.0554,7.9706,2.6,-3
-0.0473214,0.99888,0.0,10.2,-0.382683,46.0,-0.92388,-0.382683,6.12323e-17,1,14.999999999999998,60.0,53.99999999999999,1018.9,1015.9,3.0,9.9733,8.22254,1.6,-3
-0.0645084,0.997917,0.0,6.2,6.12323e-17,22.0,-0.707107,-0.707107,0.382683,0.92388,11.0,68.0,55.0,1020.5000000000001,1018.3,7.0,9.70173,6.22773,2.4,-2.2
-0.0816764,0.996659,0.0,7.8,0.707107,22.0,-0.382683,-0.92388,0.92388,0.382683,9.0,76.0,51.0,1021.7,1018.0,7.0,11.0064,4.42175,5.2,-3.7
-0.133015,0.991114,0.0,7.6,0.92388,17.0,0.382683,-0.92388,0.707107,0.707107,7.000000000000001,67.0,61.0,1012.5,1008.5,3.0,8.30434,6.57415,3.9,-4
-0.150055,0.988678,0.0,7.6,0.707107,20.0,-0.92388,0.382683,0.707107,0.707107,9.0,85.0,63.00000000000001,1013.0,1009.1,2.0,7.8069,2.68357,5.6,-3.9
-0.167052,0.985948,0.2,0.0,-1.83697e-16,20.0,-0.382683,-0.92388,-1.83697e-16,-1,2.0,78.0,76.0,1012.6000000000001,1010.3,7.0,4.53398,4.13644,-0.8,-2.3
-0.183998,0.982927,2.0,1.4,-0.707107,26.0,-0.382683,-0.92388,-0.707107,0.707107,11.0,80.99999999999999,53.99999999999999,1018.0,1016.5,7.0,9.89897,3.34627,4.8,-1.5
-0.200891,0.979614,0.0,8.3,-0.382683,28.0,-0.92388,-0.382683,-0.707107,0.707107,11.0,64.0,47.0,1020.3,1017.8,7.0,12.2523,7.13633,4.5,-2.5
-0.217723,0.976011,0.0,7.4,-0.382683,26.0,-0.92388,-0.382683,6.12323e-17,1,13.0,65.0,49.00000000000001,1020.7,1017.8,3.0,11.58,6.92645,3.6,-2.9
-0.234491,0.972118,0.0,0.7,-0.707107,26.0,0.707107,0.707107,-0.382683,0.92388,13.0,78.0,50.0,1023.3,1021.0,7.0,11.083,3.93337,4.9,-2.3
-0.25119,0.967938,0.4,10.4,-0.382683,30.0,-1,1.22465e-16,6.12323e-17,1,13.0,63.0,48.0,1023.9,1021.3000000000001,3.0,11.9173,7.47652,2.7,-2.6
-0.267814,0.963471,0.6,6.1,-0.382683,33.0,-0.92388,0.382683,-0.382683,0.92388,11.0,80.0,68.0,1024.5,1020.7,4.0,6.26083,3.58199,2.8,-3.8
-0.284359,0.958718,4.6,4.6,-0.707107,30.0,-0.92388,0.382683,6.12323e-17,1,9.0,74.0,67.0,1022.7,1020.2,7.0,6.48064,4.87676,0.7,-2.5
-0.30082,0.953681,1.0,3.9,6.12323e-17,28.0,-1,1.22465e-16,0.382683,-0.92388,4.0,79.0,78.0,1021.1,1018.4,7.0,4.02812,3.8334,-0.3,-2.7
-0.317191,0.948362,10.2,0.0,-0.707107,22.0,-0.707107,0.707107,-0.707107,-0.707107,4.0,93.0,88.0,1021.3,1019.3,7.0,2.05948,1.16958,0.4,-2
-0.333469,0.942761,12.8,5.3,6.12323e-17,22.0,-0.92388,-0.382683,0.382683,0.92388,4.0,71.0,66.0,1022.3,1019.7,5.0,6.76863,5.54121,1.5,-2.6
-0.349647,0.936881,0.2,10.5,-0.382683,19.0,-0.92388,-0.382683,6.12323e-17,1,9.0,72.0,56.0,1021.6,1018.0,1.0,9.51854,5.33168,3.6,-3.6
-0.365723,0.930724,0.8,3.4,0.92388,17.0,-0.92388,-0.382683,0.382683,0.92388,6.0,83.0,76.0,1019.5,1016.2,7.0,4.51006,3.03722,1.8,-3.3
-0.381689,0.924291,2.2,9.5,-0.382683,22.0,0.707107,0.707107,0.382683,0.92388,9.0,74.0,66.0,1016.9,1012.2,6.0,6.92764,4.9065,4,-4.7
-0.397543,0.917584,0.0,10.3,-0.92388,20.0,-0.92388,-0.382683,-0.382683,0.92388,4.0,48.00000000000001,43.0,1021.3,1019.6,2.0,13.3515,11.5149,2,-1.7
-0.413279,0.910605,0.0,7.499999999999999,0.382683,17.0,-0.92388,-0.382683,0.382683,0.92388,7.000000000000001,57.0,53.0,1022.7,1019.4,7.0,10.2028,8.79034,4.2,-3.3
-0.428892,0.903356,0.0,8.5,0.382683,15.0,-0.707107,-0.707107,0.382683,0.92388,9.0,69.0,53.0,1022.2,1018.5,1.0,10.3715,5.98832,3.8,-3.7
-0.444378,0.895839,0.0,9.5,-1.83697e-16,19.0,-0.707107,-0.707107,-1.83697e-16,-1,9.0,72.0,36.0,1021.5,1017.6,3.0,16.6004,5.31954,6.2,-3.9
-0.459733,0.888057,0.0,10.1,-0.382683,26.0,-0.382683,-0.92388,-0.382683,0.92388,11.0,54.0,59.0,1022.3,1019.5,2.0,8.6319,9.67026,4.8,-2.8
-0.474951,0.880012,0.0,10.0,6.12323e-17,28.0,-0.92388,-0.382683,6.12323e-17,1,14.999999999999998,67.0,59.0,1025.3,1022.4000000000001,3.0,8.5419,6.44636,1.8,-2.9
-0.490029,0.871706,0.6,10.1,6.12323e-17,24.000000000000004,-0.92388,-0.382683,0.382683,0.92388,9.0,66.0,52.0,1026.1,1022.9,2.0,10.6306,6.70249,3,-3.2
-0.504961,0.863142,0.2,9.1,-0.707107,31.0,-0.707107,-0.707107,-0.382683,0.92388,13.0,67.0,53.0,1025.0,1021.3000000000001,5.0,10.2487,6.45125,2.2,-3.7
-0.519744,0.854322,4.2,0.9,-0.382683,13.0,-0.382683,-0.92388,6.12323e-17,1,7.000000000000001,90.99999999999999,87.0,1021.3,1017.3,7.0,2.23855,1.50968,0.9,-4
-0.577292,0.816538,0.0,9.1,-0.707107,24.000000000000004,-0.707107,-0.707107,6.12323e-17,1,9.0,60.0,55.0,1019.5999999999999,1016.4,5.0,9.5862,7.93379,4.9,-3.2
-0.591261,0.80648,0.0,9.7,-0.92388,22.0,-0.92388,-0.382683,-0.707107,0.707107,7.000000000000001,67.0,51.0,1020.5000000000001,1016.9,2.0,10.7794,6.37318,3,-3.6
-0.605056,0.796183,0.0,4.5,-0.92388,19.0,-0.707107,-0.707107,0.707107,0.707107,6.0,67.0,66.0,1019.9000000000001,1016.5,7.0,6.69234,6.34888,2.2,-3.4
-0.618671,0.78565,0.0,7.4,-0.382683,30.0,-0.707107,-0.707107,0.707107,0.707107,4.0,75.0,67.0,1017.1,1013.0,6.0,6.49045,4.57138,3.5,-4.1
-0.632103,0.774884,12.2,9.4,-1.83697e-16,33.0,-0.707107,-0.707107,-0.382683,-0.92388,11.0,82.0,26.0,1015.4,1012.4,1.0,21.1239,3.13919,8.1,-3
-0.645348,0.763889,0.2,9.9,0.382683,24.000000000000004,-0.92388,-0.382683,0.382683,-0.92388,9.0,46.0,24.0,1019.5999999999999,1014.9,1.0,21.7918,11.8063,5.7,-4.7
-0.658402,0.752667,0.0,10.0,-0.382683,20.0,-0.382683,-0.92388,-0.92388,-0.382683,4.0,46.0,25.0,1017.5,1012.9,1.0,21.3437,11.6177,8.6,-4.6
-0.67126,0.741222,0.0,10.1,-0.382683,19.0,-0.707107,-0.707107,-0.707107,-0.707107,4.0,56.0,29.0,1016.6,1013.3,3.0,19.2826,8.76291,9.2,-3.3
-0.683919,0.729558,0.0,0.0,-0.707107,13.0,-0.92388,-0.382683,-1.83697e-16,-1,4.0,73.0,56.0,1019.1,1016.5,8.0,9.0367,4.8025,4.8,-2.6
-0.696376,0.717677,0.0,1.3,-0.92388,19.0,-0.707107,-0.707107,-0.707107,-0.707107,6.0,76.0,63.00000000000001,1018.1,1014.9,7.0,7.25827,4.21792,4.3,-3.2
-0.708627,0.705584,0.0,9.6,-1.83697e-16,19.0,-0.707107,-0.707107,-1.83697e-16,-1,6.0,63.0,38.0,1016.2,1012.9,2.0,15.1034,7.09801,6.1,-3.3
-0.720667,0.693281,0.0,9.1,-0.382683,19.0,-0.707107,-0.707107,-0.382683,0.92388,4.0,56.0,48.0,1018.2,1016.2,3.0,11.6367,8.90614,5.4,-2
-0.732494,0.680773,0.0,6.8,-0.382683,19.0,-1,1.22465e-16,-0.382683,0.92388,6.0,65.0,56.0,1020.8,1017.9,7.0,9.21685,6.75428,3,-2.9
-0.744104,0.668064,4.0,0.1,-0.707107,37.0,-0.707107,-0.707107,-1,1.22465e-16,6.0,90.99999999999999,81.0,1019.3000000000001,1015.3,7.0,3.34886,1.47592,2.9,-4
-0.755493,0.655156,18.6,10.0,-0.382683,19.0,-0.707107,-0.707107,-1,1.22465e-16,6.0,80.0,40.0,1017.3,1014.6,2.0,14.3575,3.44568,7.4,-2.7
-0.766659,0.642055,0.0,5.6,-1,26.0,-0.707107,-0.707107,-0.92388,0.382683,7.000000000000001,65.0,59.0,1018.9,1016.8,7.0,8.33158,6.68704,3,-2.1
-0.777597,0.628763,0.0,2.5,0.382683,20.0,-0.707107,-0.707107,6.12323e-17,1,9.0,74.0,56.99999999999999,1019.5,1015.6,7.0,8.9114,4.71843,3.6,-3.9
-0.788305,0.615285,3.6000000000000005,0.1,0.92388,13.0,-0.707107,-0.707107,0.707107,-0.707107,2.0,88.0,75.0,1013.3,1008.6,7.0,4.60661,2.01209,3.5,-4.7
-0.798779,0.601624,0.0,9.3,-1.83697e-16,41.0,-1.83697e-16,-1,-0.382683,-0.92388,13.0,63.0,42.0,1007.0,1005.0,5.0,13.4301,7.34743,-0.3,-2
-0.809017,0.587785,0.0,6.5,-0.92388,30.0,-1.83697e-16,-1,-0.92388,0.382683,7.000000000000001,56.0,62.0,1012.5,1012.0,7.0,7.58864,9.00226,2.1,-0.5
-0.819015,0.573772,0.0,4.5,6.12323e-17,24.000000000000004,-0.707107,-0.707107,6.12323e-17,1,13.0,74.0,76.0,1019.4,1017.2,7.0,4.34434,4.71112,1.3,-2.2
-0.82877,0.559589,6.4,0.4,0.382683,28.0,0.707107,-0.707107,-1.83697e-16,-1,14.999999999999998,92.0,69.0,1013.2,1009.3,7.0,5.83023,1.33461,-0.1,-3.9
-0.83828,0.54524,2.8,9.6,-1.83697e-16,37.0,0.382683,-0.92388,-1.83697e-16,-1,14.999999999999998,55.0,42.0,1011.2,1008.7,2.0,13.2488,9.15185,1.8,-2.5
-0.847541,0.53073,0.0,9.0,-1.83697e-16,39.0,-1.83697e-16,-1,-1.83697e-16,-1,13.0,63.0,47.0,1013.3,1010.7,2.0,11.7147,7.07605,4,-2.6
-0.856551,0.516062,0.0,5.2,-1.83697e-16,19.0,-0.707107,-0.707107,-0.382683,-0.92388,4.0,60.0,61.0,1017.0,1014.8,7.0,7.80919,7.90944,2.5,-2.2
-0.865307,0.501242,0.4,0.0,-0.382683,20.0,-0.707107,-0.707107,-0.707107,-0.707107,6.0,84.0,77.0,1017.0,1014.8,7.0,4.14074,2.73859,1.8,-2.2
-0.873807,0.486273,0.0,8.6,-1.83697e-16,24.000000000000004,-0.707107,-0.707107,-0.707107,-0.707107,7.000000000000001,70.0,55.0,1016.8,1014.0,5.0,9.43557,5.59182,2.8,-2.8
-0.882048,0.47116,0.0,10.0,-1.83697e-16,35.0,-1.83697e-16,-1,-1.83697e-16,-1,13.0,63.0,49.00000000000001,1013.3,1009.6,1.0,11.1464,7.13654,3.5,-3.7
-0.890028,0.455907,0.0,9.6,-0.382683,26.0,-0.707107,-0.707107,-1.83697e-16,-1,9.0,57.0,43.0,1010.4,1008.4,1.0,13.4013,8.75017,4.9,-2
-0.897743,0.440519,0.0,9.5,-1.83697e-16,31.0,-0.92388,0.382683,-1.83697e-16,-1,13.0,55.0,32.0,1014.1,1012.5,1.0,17.4486,9.18708,3.8,-1.6
-0.905193,0.425,0.0,6.3,-0.707107,19.0,-0.707107,-0.707107,-0.92388,-0.382683,4.0,51.0,50.0,1020.6,1018.7,7.0,10.8029,10.1513,4.5,-1.9
-0.912375,0.409356,0.0,5.4,-0.92388,17.0,-0.92388,-0.382683,-0.382683,0.92388,7.000000000000001,67.0,58.0,1022.4,1018.6,6.0,8.52737,6.17526,3.1,-3.8
-0.919286,0.39359,0.0,7.4,-1.83697e-16,26.0,-0.382683,-0.92388,0.382683,-0.92388,7.000000000000001,78.0,53.0,1018.6,1012.7,7.0,10.0431,3.83072,6.4,-5.9
-0.925925,0.377708,0.0,4.9,-1.83697e-16,33.0,-1.83697e-16,-1,-0.382683,-0.92388,9.0,44.0,35.0,1019.4,1017.0,7.0,15.8017,12.1472,4,-2.4
-0.932289,0.361714,0.0,4.5,-0.382683,17.0,-0.707107,-0.707107,0.707107,-0.707107,4.0,60.0,45.0,1021.7,1017.6,1.0,12.4038,7.58435,8.1,-4.1
-0.938377,0.345612,0.0,10.0,-1.83697e-16,22.0,-0.707107,-0.707107,0.382683,-0.92388,9.0,47.0,33.0,1020.0,1017.9,1.0,16.63,11.1193,5.1,-2.1
-0.944188,0.329408,0.0,6.5,-0.382683,28.0,-0.707107,-0.707107,-0.707107,0.707107,11.0,55.0,52.0,1025.5,1024.0,7.0,10.1462,8.93483,5.3,-1.5
-0.949718,0.313107,0.0,6.4,6.12323e-17,33.0,-0.707107,-0.707107,-0.382683,0.92388,13.0,78.0,53.0,1029.4,1027.0,3.0,9.93724,3.81274,5.6,-2.4
-0.954967,0.296713,0.0,7.0,-0.707107,31.0,-0.92388,-0.382683,-0.707107,0.707107,14.999999999999998,71.0,46.00000000000001,1029.1,1025.5,2.0,12.0783,5.30384,4,-3.6
-0.959933,0.280231,0.0,1.6,-0.92388,22.0,-0.707107,-0.707107,6.12323e-17,1,9.0,65.0,47.0,1027.2,1023.9000000000001,7.0,11.6969,6.64582,3.1,-3.3
-0.964614,0.263665,0.0,4.8,-0.707107,15.0,-0.707107,-0.707107,0.707107,0.707107,4.0,71.0,55.0,1023.1,1018.7,7.0,9.44272,5.23812,6.2,-4.4
-0.96901,0.247022,0.0,0.6,-0.92388,15.0,-0.382683,-0.92388,0.707107,-0.707107,4.0,80.99999999999999,63.00000000000001,1018.9,1015.5,8.0,7.26938,3.28446,3.2,-3.4
-0.973118,0.230306,0.0,4.4,-0.707107,17.0,-0.707107,-0.707107,-1.83697e-16,-1,4.0,66.0,34.0,1019.7,1018.0,2.0,16.5795,6.37652,5.4,-1.7
-0.976938,0.213521,0.0,10.0,-0.382683,17.0,-0.382683,-0.92388,0.382683,0.92388,6.0,58.00000000000001,46.00000000000001,1025.3,1023.3,1.0,12.1422,8.17317,7.2,-2
-0.980469,0.196673,0.0,9.7,-0.382683,20.0,-0.707107,-0.707107,-0.707107,0.707107,9.0,70.0,48.0,1029.5,1027.5,1.0,11.5149,5.3994,7.6,-2
-0.989314,0.145799,4.4,8.1,6.12323e-17,26.0,-0.707107,-0.707107,6.12323e-17,1,11.0,76.0,59.0,1028.8,1025.2,3.0,8.28729,4.24107,4.1,-3.6
-0.991677,0.128748,0.0,5.9,-0.707107,17.0,-0.707107,-0.707107,6.12323e-17,1,4.0,72.0,61.0,1027.1,1023.6,3.0,7.76167,5.0206,4.8,-3.5
-0.993747,0.111659,0.0,5.3,0.92388,17.0,-0.92388,-0.382683,0.382683,0.92388,6.0,92.0,67.0,1023.5,1019.3,4.0,6.34888,1.28331,6.3,-4.2
-0.998186,0.0602133,0.0,0.6,-0.382683,22.0,-0.707107,-0.707107,-1.83697e-16,-1,6.0,50.0,34.0,1020.7,1018.6,6.0,15.8453,10.1178,3.7,-2.1
-0.999074,0.0430222,0.8,1.4,-0.707107,13.0,-0.707107,-0.707107,0.92388,0.382683,4.0,90.0,73.0,1021.2,1018.5,7.0,4.91991,1.57994,6.9,-2.7
-0.999667,0.0258184,2.2,1.3,-1.83697e-16,19.0,-0.92388,-0.382683,-0.707107,-0.707107,2.0,52.0,52.0,1023.9,1022.1,7.0,10.023,9.68777,4.4,-1.8
-0.999963,0.008607,0.2,0.0,-0.707107,13.0,-0.707107,-0.707107,-0.707107,-0.707107,2.0,74.0,69.0,1026.2,1023.3,8.0,5.6742,4.53396,2.5,-2.9
-0.999963,-0.008607,8.6,9.2,-1.83697e-16,31.0,-0.382683,-0.92388,-1.83697e-16,-1,13.0,68.0,39.0,1025.2,1022.7,1.0,14.1556,5.77789,4.7,-2.5
-0.999667,-0.0258184,0.0,9.6,-0.707107,19.0,-0.707107,-0.707107,-0.707107,0.707107,7.000000000000001,59.0,46.00000000000001,1027.6,1023.6,2.0,12.0055,7.78927,7.9,-4
-0.999074,-0.0430222,0.0,8.6,-0.92388,20.0,-0.92388,-0.382683,6.12323e-17,1,7.000000000000001,65.0,50.0,1025.0,1020.8,3.0,10.8193,6.57911,4.9,-4.2
-0.998186,-0.0602133,0.0,2.9,-1.83697e-16,26.0,-0.92388,-0.382683,-1.83697e-16,-1,11.0,67.0,62.0,1020.1999999999999,1015.7,7.0,7.55981,6.21364,3.1,-4.5
-0.997001,-0.0773865,0.0,0.0,-1.83697e-16,28.0,-1.83697e-16,-1,-0.707107,-0.707107,6.0,55.0,45.0,1020.8,1018.3,8.0,11.9402,8.92787,1.7,-2.5
-0.995521,-0.0945367,0.4,3.5,-0.92388,28.0,-0.707107,-0.707107,-0.707107,0.707107,13.0,74.0,51.0,1020.9,1017.9,7.0,10.4671,4.61671,4.7,-3
-0.993747,-0.111659,0.0,7.6,-0.92388,39.0,-0.707107,-0.707107,-0.707107,0.707107,16.999999999999996,62.0,56.0,1022.9,1021.4999999999999,5.0,9.0436,7.38223,2.1,-1.4
-0.991677,-0.128748,0.0,4.5,6.12323e-17,28.0,-0.382683,-0.92388,-0.382683,0.92388,11.0,75.0,58.0,1027.3,1023.3999999999999,3.0,8.57949,4.41103,5.5,-3.9
-0.989314,-0.145799,0.0,2.2,6.12323e-17,15.0,-0.707107,-0.707107,0.382683,0.92388,2.0,80.0,59.0,1026.6,1023.3999999999999,7.0,8.30626,3.40798,6.3,-3.2
-0.986658,-0.162807,0.0,9.9,-0.382683,17.0,-0.707107,-0.707107,0.707107,0.707107,7.000000000000001,83.0,51.0,1024.2,1020.6,1.0,10.6427,2.8769,6.9,-3.6
-0.983709,-0.179767,0.0,9.8,1,20.0,-0.707107,-0.707107,0.707107,0.707107,9.0,78.0,53.0,1023.0,1018.8,7.0,10.0279,3.86077,5.2,-4.2
-0.980469,-0.196673,0.0,6.700000000000001,-1.83697e-16,46.0,1,0,-1.83697e-16,-1,13.0,66.0,45.0,1017.8,1015.7,4.0,12.3011,6.5611,-0.2,-2.1
-0.964614,-0.263665,0.0,9.9,0.92388,13.0,-0.707107,-0.707107,0.92388,0.382683,4.0,71.0,33.0,1025.5,1021.0,1.0,17.1352,5.15248,9.5,-4.5
-0.949718,-0.313107,0.0,5.8,-1,17.0,-0.707107,-0.707107,-0.92388,0.382683,6.0,65.0,44.0,1022.5,1019.6,7.0,12.5444,6.51781,4.3,-2.9
-0.944188,-0.329408,0.0,10.0,-1,24.000000000000004,-0.707107,-0.707107,-0.92388,0.382683,7.000000000000001,60.0,26.0,1025.4,1022.9,2.0,20.1529,7.668,6,-2.5
-0.938377,-0.345612,0.0,9.8,-0.707107,26.0,-0.707107,-0.707107,-0.707107,0.707107,9.0,55.0,49.00000000000001,1028.3,1025.7,3.0,11.0119,8.94876,4.9,-2.6
-0.932289,-0.361714,0.0,2.2,-0.707107,22.0,-0.707107,-0.707107,-0.707107,0.707107,9.0,69.0,56.99999999999999,1027.8,1024.4,7.0,8.79705,5.64766,5.1,-3.4
-0.919286,-0.39359,2.0,4.8,-0.707107,24.000000000000004,-0.92388,-0.382683,-0.382683,0.92388,9.0,80.99999999999999,60.00000000000001,1029.5,1027.3,7.0,8.0254,3.2691,4,-2.2
-0.912375,-0.409356,0.2,2.2,-0.382683,30.0,-0.92388,-0.382683,-0.382683,0.92388,9.0,67.0,74.0,1030.9,1027.5,7.0,4.74403,6.20403,1.4,-3.4
-0.905193,-0.425,5.2,5.1,0.707107,28.0,-0.707107,-0.707107,0.92388,0.382683,11.0,84.0,64.0,1026.5,1022.1,7.0,7.10926,2.75141,3.4,-4.4
-0.897743,-0.440519,8.0,4.2,0.707107,15.0,-1.83697e-16,-1,0.92388,0.382683,6.0,85.99999999999999,73.0,1022.6,1018.7,7.0,5.08119,2.40026,3.2,-3.9
-0.890028,-0.455907,0.0,8.0,0.707107,20.0,-0.707107,-0.707107,0.707107,0.707107,9.0,95.0,61.0,1021.1,1017.5,1.0,8.0127,0.811181,6.8,-3.6
-0.882048,-0.47116,0.0,5.5,0.382683,37.0,0.92388,0.382683,0.382683,-0.92388,9.0,69.0,58.0,1019.1,1016.4,7.0,8.87556,5.98377,2.8,-2.7
-0.873807,-0.486273,0.0,8.0,-1.83697e-16,26.0,-0.707107,-0.707107,-1.83697e-16,-1,9.0,58.00000000000001,38.0,1023.9,1019.2,1.0,15.1597,8.4754,4.3,-4.7
-0.865307,-0.501242,0.0,10.2,-1.83697e-16,35.0,-1.83697e-16,-1,-1.83697e-16,-1,19.0,44.0,26.999999999999996,1021.2,1016.0,0.0,19.5582,12.2789,3.6,-5.2
-0.856551,-0.516062,0.0,10.2,-1.83697e-16,39.0,-1.83697e-16,-1,-1.83697e-16,-1,13.0,54.0,38.0,1014.9,1012.2,1.0,14.7789,9.14899,6.4,-2.7
-0.847541,-0.53073,0.0,10.2,-0.382683,20.0,-0.382683,-0.92388,-0.707107,0.707107,2.0,53.00000000000001,28.0,1019.5999999999999,1016.4,1.0,19.4416,9.57846,6.6,-3.2
-0.83828,-0.54524,0.0,5.9,6.12323e-17,19.0,-0.707107,-0.707107,0.707107,0.707107,6.0,70.0,45.0,1020.1999999999999,1015.8,7.0,12.3851,5.336,8.1,-4.4
-0.82877,-0.559589,0.0,9.9,-1.83697e-16,28.0,-0.382683,-0.92388,-0.382683,-0.92388,7.000000000000001,53.00000000000001,20.000000000000004,1019.3000000000001,1015.9,1.0,24.0163,9.66012,5,-3.4
-0.819015,-0.573772,0.0,10.0,6.12323e-17,20.0,-0.382683,-0.92388,6.12323e-17,1,11.0,47.0,29.0,1023.1,1019.6,1.0,18.429,11.1972,4.2,-3.5
-0.809017,-0.587785,0.0,10.1,0.382683,19.0,-0.707107,-0.707107,0.707107,0.707107,9.0,58.00000000000001,37.0,1022.4,1018.3,1.0,15.2995,8.09685,8,-4.1
-0.798779,-0.601624,0.0,4.2,0.382683,28.0,-0.382683,-0.92388,0.707107,0.707107,7.000000000000001,70.0,52.0,1023.6,1020.6,6.0,10.2702,5.39516,7.2,-3
-0.788305,-0.615285,2.8,0.0,6.12323e-17,31.0,0.92388,0.382683,0.92388,0.382683,4.0,92.0,93.0,1020.8,1017.0,8.0,1.16235,1.32014,1.4,-3.8
-0.777597,-0.628763,78.0,2.1,-1.83697e-16,28.0,0.707107,-0.707107,-1.83697e-16,-1,9.0,89.0,51.0,1014.7,1011.1,7.0,10.2692,1.82692,0.8,-3.6
-0.766659,-0.642055,0.0,10.0,-1.83697e-16,65.0,-1.83697e-16,-1,-1.83697e-16,-1,28.000000000000004,53.00000000000001,33.0,1012.2,1008.2,1.0,16.6425,9.51189,3.9,-4
-0.755493,-0.655156,0.2,10.1,-1.83697e-16,33.0,-0.382683,-0.92388,-1.83697e-16,-1,9.0,51.0,35.0,1013.6,1011.5,0.0,15.9213,9.96404,6.1,-2.1
-0.744104,-0.668064,0.0,10.2,0.707107,26.0,-0.92388,0.382683,0.707107,0.707107,9.0,61.0,45.0,1018.8,1014.9,0.0,12.3851,7.42138,6.6,-3.9
-0.720667,-0.693281,0.0,10.7,-1.83697e-16,37.0,-0.382683,-0.92388,0.382683,-0.92388,13.0,42.0,30.000000000000004,1017.5,1013.8,1.0,18.5311,13.0986,5.2,-3.7
-0.708627,-0.705584,0.0,10.7,6.12323e-17,22.0,-0.707107,-0.707107,-0.382683,0.92388,9.0,47.0,45.0,1021.7,1019.2,1.0,12.3571,11.3714,3.9,-2.5
-0.696376,-0.717677,0.0,10.5,6.12323e-17,22.0,-0.707107,-0.707107,0.707107,0.707107,7.000000000000001,65.0,46.00000000000001,1023.4,1018.9,1.0,12.1697,6.57911,6.1,-4.5
-0.683919,-0.729558,0.0,10.0,-1.83697e-16,22.0,-0.92388,-0.382683,0.707107,0.707107,9.0,68.0,53.99999999999999,1017.9,1013.3,1.0,10.0255,6.07285,6.2,-4.6
-0.67126,-0.741222,8.6,0.0,-0.92388,19.0,0.382683,-0.92388,1,0,4.0,85.0,86.0,1017.8,1013.8,8.0,2.36319,2.56453,-1,-4
-0.658402,-0.752667,4.6,10.8,-1.83697e-16,31.0,-0.707107,-0.707107,-1.83697e-16,-1,7.000000000000001,50.0,34.0,1020.0,1016.5,0.0,16.5671,10.4215,5.8,-3.5
-0.645348,-0.763889,0.0,10.6,6.12323e-17,17.0,-0.707107,-0.707107,0.382683,0.92388,9.0,46.0,42.0,1023.0,1019.2,1.0,13.4604,11.5462,6.3,-3.8
-0.618671,-0.78565,10.2,6.6,0.382683,37.0,-1.83697e-16,-1,0.382683,-0.92388,19.999999999999996,58.00000000000001,45.0,1015.0,1012.5,7.0,12.1895,8.38482,0.9,-2.5
-0.605056,-0.796183,0.2,0.0,-1.83697e-16,35.0,-1.83697e-16,-1,0.382683,-0.92388,9.0,61.0,53.0,1013.8,1010.4,8.0,9.74958,7.48535,2.9,-3.4
-0.591261,-0.80648,0.0,7.0,0.382683,43.0,-1.83697e-16,-1,-1.83697e-16,-1,14.999999999999998,59.0,33.0,1013.0,1008.6,2.0,16.8564,7.94329,5.8,-4.4
-0.577292,-0.816538,0.0,10.8,-1.83697e-16,41.0,-0.382683,-0.92388,-1.83697e-16,-1,14.999999999999998,42.99999999999999,31.0,1016.1,1013.3,0.0,17.848,12.7221,4,-2.8
-0.563151,-0.826354,0.0,9.9,0.382683,17.0,-0.707107,-0.707107,0.382683,0.92388,11.0,50.0,37.0,1021.7,1018.6,4.0,15.3224,10.5506,4,-3.1
-0.548843,-0.835925,0.0,7.4,-0.382683,28.0,-0.382683,-0.92388,6.12323e-17,1,13.0,58.00000000000001,46.00000000000001,1026.4,1023.3,5.0,12.0601,8.37191,3.2,-3.1
-0.534373,-0.845249,0.0,8.4,6.12323e-17,22.0,-0.707107,-0.707107,0.382683,0.92388,11.0,62.0,49.00000000000001,1026.3,1022.5999999999999,7.0,11.0455,7.37085,2.4,-3.7
-0.519744,-0.854322,0.0,10.7,0.382683,19.0,-0.707107,-0.707107,0.707107,0.707107,9.0,63.0,46.00000000000001,1026.1,1022.9999999999999,2.0,12.1605,7.13654,4.3,-3.1
-0.504961,-0.863142,0.0,9.9,0.707107,26.0,-0.382683,-0.92388,0.707107,0.707107,13.0,63.0,52.0,1024.4,1019.4,4.0,10.387,7.20835,3.9,-5
-0.490029,-0.871706,0.0,10.5,0.92388,20.0,0.707107,0.707107,1,0,7.000000000000001,59.0,35.0,1021.2,1016.0,1.0,16.9178,8.32525,7.1,-5.2
-0.474951,-0.880012,0.0,9.6,6.12323e-17,37.0,-0.92388,-0.382683,-0.382683,0.92388,11.0,57.0,62.0,1020.1999999999999,1018.7,1.0,7.79781,8.98577,2,-1.5
-0.459733,-0.888057,0.0,9.8,0.707107,39.0,1,0,0.92388,0.382683,16.999999999999996,74.0,65.0,1021.3,1016.7,3.0,7.02125,4.86934,2.1,-4.6
-0.428892,-0.903356,26.8,6.1,0.707107,17.0,-0.707107,-0.707107,-1.83697e-16,-1,6.0,78.0,42.0,1020.3,1017.0,4.0,13.7553,3.94553,4.8,-3.3
-0.413279,-0.910605,0.0,10.8,-0.92388,19.0,-0.382683,-0.92388,-0.382683,-0.92388,4.0,51.0,31.0,1023.4,1019.5,1.0,18.3297,10.356,6.3,-3.9
-0.397543,-0.917584,0.0,10.2,-0.382683,39.0,-0.707107,-0.707107,-0.382683,0.92388,11.0,62.0,56.99999999999999,1024.4,1020.6,2.0,8.95869,7.38793,4.7,-3.8
-0.381689,-0.924291,0.0,9.8,0.92388,26.0,-0.382683,-0.92388,0.92388,0.382683,11.0,66.0,60.00000000000001,1020.8,1015.2,3.0,8.22874,6.5611,3.4,-5.6
-0.365723,-0.930724,0.0,0.9,0.382683,30.0,1,0,0.707107,-0.707107,7.000000000000001,67.0,67.0,1010.7999999999998,1008.2,7.0,6.51502,6.43169,1.7,-2.6
-0.349647,-0.936881,3.2,11.1,-1.83697e-16,22.0,-0.707107,-0.707107,0.382683,0.92388,13.0,40.0,34.0,1017.8,1016.2,1.0,16.6909,14.0698,2.3,-1.6
-0.333469,-0.942761,0.0,9.5,0.382683,20.0,-0.92388,-0.382683,0.382683,0.92388,9.0,55.0,53.0,1022.5,1019.4,1.0,9.98253,9.32158,1.4,-3.1
-0.30082,-0.953681,0.0,4.4,0.707107,20.0,-0.92388,-0.382683,0.382683,0.92388,9.0,70.0,69.0,1016.2,1011.9,7.0,6.03387,5.76125,1,-4.3
-0.284359,-0.958718,0.4,10.7,-1.83697e-16,52.0,-1.83697e-16,-1,-0.382683,-0.92388,14.999999999999998,40.0,32.0,1012.7,1011.1,1.0,17.9455,14.1654,4.3,-1.6
-0.267814,-0.963471,0.0,2.5,0.382683,30.0,-0.382683,-0.92388,0.382683,-0.92388,9.0,49.0,35.0,1018.5,1014.6,7.0,16.2584,10.9117,4.3,-3.9
-0.25119,-0.967938,0.0,1.0,0.382683,24.000000000000004,-0.382683,-0.92388,6.12323e-17,1,6.0,40.0,39.0,1020.1,1019.4,8.0,14.3609,13.9113,0.8,-0.7
-0.234491,-0.972118,0.0,3.6,-1.83697e-16,24.000000000000004,-0.707107,-0.707107,-0.382683,-0.92388,9.0,53.00000000000001,26.999999999999996,1019.9000000000001,1015.9,8.0,19.8808,9.675,4.8,-4
-0.217723,-0.976011,0.0,0.4,-0.92388,17.0,-0.707107,-0.707107,-0.92388,0.382683,7.000000000000001,55.0,41.0,1020.7,1018.7,8.0,13.7005,9.10965,3.4,-2
-0.200891,-0.979614,8.6,0.0,-0.92388,15.0,-0.707107,-0.707107,-0.92388,0.382683,2.0,92.0,91.0,1021.4,1018.5,8.0,1.50851,1.29043,4.3,-2.9
-0.183998,-0.982927,22.4,0.4,-1.83697e-16,19.0,-0.92388,-0.382683,-1.83697e-16,-1,7.000000000000001,93.0,78.0,1021.1,1018.7,7.0,4.04351,1.15155,4.7,-2.4
-0.167052,-0.985948,0.0,4.5,6.12323e-17,28.0,-0.707107,0.707107,-0.382683,0.92388,6.0,79.0,79.0,1024.2,1022.1,8.0,3.75486,3.78386,-1,-2.1
-0.150055,-0.988678,0.0,5.9,0.382683,19.0,-1.83697e-16,-1,0.92388,0.382683,9.0,76.0,58.0,1022.8,1019.9,5.0,8.75655,4.34099,4.3,-2.9
-0.133015,-0.991114,0.2,6.0,0.382683,19.0,0.382683,0.92388,0.707107,0.707107,7.000000000000001,64.0,60.00000000000001,1023.2,1020.1,7.0,8.19159,7.14717,0.7,-3.1
-0.0988201,-0.995105,5.4,5.9,6.12323e-17,19.0,0.707107,0.707107,0.382683,0.92388,7.000000000000001,64.0,62.0,1019.8,1016.8,7.0,7.76276,7.13633,2.3,-3
-0.0816764,-0.996659,0.2,10.0,1,24.000000000000004,-0.382683,-0.92388,0.92388,0.382683,7.000000000000001,68.0,60.00000000000001,1018.9,1014.1,3.0,8.32822,6.25137,1.8,-4.8
-0.0473214,-0.99888,31.399999999999995,5.6,-0.707107,26.0,-0.707107,-0.707107,6.12323e-17,1,7.000000000000001,77.0,71.0,1012.5,1010.9,6.0,5.54963,4.25332,0.1,-1.6
-0.0301203,-0.999546,0.4,5.7,-0.707107,35.0,-1,1.22465e-16,-0.382683,0.92388,16.999999999999996,59.0,53.99999999999999,1020.9,1020.6,5.0,9.67026,8.34426,-0.3,-0.3
-0.0129103,-0.999917,0.0,0.7,-0.707107,28.0,-0.707107,0.707107,-0.382683,0.92388,9.0,60.0,53.0,1026.2,1023.6999999999999,7.0,9.89204,7.97037,0.8,-2.5
0.00430354,-0.999991,3.4,2.5,-0.707107,26.0,-0.92388,0.382683,-0.382683,0.92388,7.000000000000001,73.0,79.0,1026.3,1022.4000000000001,8.0,3.73752,4.97721,-0.3,-3.9
0.0215161,-0.999769,6.6,0.0,-0.707107,17.0,-0.707107,-0.707107,-0.382683,0.92388,7.000000000000001,90.99999999999999,82.0,1023.8,1020.1,8.0,3.19296,1.49683,2.6,-3.7
0.0387223,-0.99925,2.0,11.4,-1,22.0,-0.707107,-0.707107,0.92388,0.382683,6.0,65.0,61.0,1017.9,1013.6,4.0,8.12147,6.95798,2.8,-4.3
0.055917,-0.998435,2.2,10.0,-0.707107,24.000000000000004,-0.707107,-0.707107,-0.707107,-0.707107,4.0,65.0,50.0,1017.1,1014.2,6.0,11.3497,6.98431,3.5,-2.9
0.0730951,-0.997325,0.0,11.4,0.382683,22.0,-0.382683,-0.92388,0.382683,0.92388,13.0,59.0,56.0,1018.4,1014.8,5.0,9.49734,8.50987,2.5,-3.6
0.0902516,-0.995919,0.0,8.1,0.707107,19.0,0.707107,-0.707107,0.707107,0.707107,7.000000000000001,66.0,59.0,1017.5,1013.1,7.0,8.72883,6.77884,2.8,-4.4
0.107381,-0.994218,53.99999999999999,0.0,-0.707107,43.0,-0.92388,-0.382683,-0.707107,0.707107,11.0,85.0,81.0,1019.1,1017.1,8.0,3.393,2.62876,-0.2,-2
0.124479,-0.992222,23.4,0.0,-0.92388,33.0,-0.92388,0.382683,-0.92388,0.382683,13.0,85.99999999999999,86.0,1021.6,1019.8,8.0,2.37243,2.39468,-1.2,-1.8
0.14154,-0.989932,8.0,0.0,-0.707107,44.0,-1,1.22465e-16,-0.707107,0.707107,16.999999999999996,89.0,89.0,1023.0,1021.7,8.0,1.83838,1.84125,-0.2,-1.3
0.158559,-0.987349,93.6,0.0,6.12323e-17,37.0,-0.382683,0.92388,-0.707107,0.707107,11.0,90.0,89.0,1026.2,1024.8,8.0,1.86573,1.68149,0.5,-1.4
0.175531,-0.984474,22.4,2.4,0.382683,37.0,-0.382683,0.92388,6.12323e-17,1,16.999999999999996,72.0,60.00000000000001,1027.9,1024.4,7.0,8.16686,5.21095,2.5,-3.5
0.192452,-0.981306,4.2,6.6,6.12323e-17,31.0,0.382683,0.92388,0.382683,0.92388,9.0,48.00000000000001,53.0,1022.7,1019.1,7.0,10.0203,11.567,-0.6,-3.6
0.209315,-0.977848,0.2,5.6,0.92388,22.0,0.92388,-0.382683,0.707107,0.707107,9.0,62.0,66.0,1017.7,1013.6,7.0,6.71264,7.65226,0.7,-4.1
0.226116,-0.9741,0.0,0.0,0.92388,41.0,1,0,0.92388,0.382683,11.0,71.0,81.0,1011.1,1005.4,8.0,3.42433,5.52438,-0.1,-5.7
0.24285,-0.970064,22.2,10.3,-1.83697e-16,54.0,-1.83697e-16,-1,-1.83697e-16,-1,19.999999999999996,48.00000000000001,36.0,1008.3,1007.1,1.0,15.5549,11.0341,3.9,-1.2
0.259512,-0.96574,0.0,12.3,-1.83697e-16,26.0,-0.707107,-0.707107,0.92388,0.382683,6.0,38.0,35.0,1016.4,1013.1,0.0,16.1135,14.3917,4.8,-3.3
0.276097,-0.96113,0.0,12.3,6.12323e-17,20.0,0.382683,-0.92388,0.382683,0.92388,7.000000000000001,59.0,40.0,1020.5000000000001,1017.5,1.0,14.2933,8.22422,3.2,-3
0.2926,-0.956235,0.0,11.7,-0.382683,31.0,-0.92388,-0.382683,-0.382683,0.92388,14.999999999999998,57.0,45.0,1022.1,1019.8,1.0,12.7902,8.93165,3,-2.3
0.309017,-0.951057,0.8,4.7,-0.707107,31.0,-0.92388,0.382683,6.12323e-17,1,7.000000000000001,87.0,78.0,1026.5,1024.2,7.0,3.95467,2.22302,0.5,-2.3
0.325342,-0.945596,1.6,3.4,6.12323e-17,24.000000000000004,6.12323e-17,1,6.12323e-17,1,9.0,52.0,52.0,1025.9,1022.1999999999999,7.0,10.2546,10.3013,-0.6,-3.7
0.341571,-0.939856,0.0,11.7,6.12323e-17,22.0,-0.92388,0.382683,6.12323e-17,1,11.0,55.0,47.0,1023.2,1019.0,2.0,12.0359,9.46417,2.2,-4.2
0.357698,-0.933837,0.0,12.0,0.382683,22.0,0.707107,0.707107,0.707107,0.707107,9.0,59.0,51.0,1020.3,1015.9,1.0,10.8683,8.40777,2.9,-4.4
0.37372,-0.927542,0.0,10.1,0.92388,30.0,0.92388,0.382683,0.707107,0.707107,9.0,58.00000000000001,51.0,1018.2,1014.1,3.0,10.9007,8.81596,1.1,-4.1
0.405426,-0.914128,0.0,7.6,0.382683,20.0,6.12323e-17,1,0.382683,0.92388,9.0,66.0,63.00000000000001,1019.0,1015.3,3.0,7.52733,6.70249,1.7,-3.7
0.421101,-0.907014,0.4,10.1,0.382683,24.000000000000004,-0.382683,-0.92388,0.707107,0.707107,13.0,65.0,56.99999999999999,1017.1,1013.6,2.0,9.15591,7.01068,1.2,-3.5
0.436651,-0.899631,0.2,8.3,-0.707107,33.0,-1,1.22465e-16,-0.382683,0.92388,13.0,61.0,88.0,1017.0,1015.8,7.0,2.03887,8.07909,-6.2,-1.2
0.452072,-0.891981,26.8,11.7,6.12323e-17,26.0,-0.382683,0.92388,0.382683,0.92388,11.0,58.00000000000001,51.0,1018.6,1016.4,4.0,10.8845,8.80935,1,-2.2
0.467359,-0.884068,0.0,11.7,0.382683,26.0,0.382683,0.92388,0.382683,0.92388,9.0,56.0,56.0,1019.0,1016.0,6.0,9.34257,9.32156,0.3,-3
0.482508,-0.875892,0.0,6.2,0.92388,19.0,-0.707107,0.707107,0.382683,0.92388,6.0,63.0,56.99999999999999,1017.3,1014.3,5.0,9.12176,7.40342,2.5,-3
0.497513,-0.867456,0.0,0.3,0.92388,15.0,6.12323e-17,1,1,0,4.0,66.0,67.0,1015.5,1012.9,8.0,6.4268,6.64677,0.3,-2.6
0.512371,-0.858764,0.2,12.8,-0.382683,35.0,-1.83697e-16,-1,-0.382683,-0.92388,9.0,54.0,30.000000000000004,1015.5,1011.9,1.0,19.1109,9.78798,4.7,-3.6
0.527078,-0.849817,0.0,10.7,-0.382683,31.0,-0.92388,0.382683,6.12323e-17,1,14.999999999999998,50.0,55.0,1018.1,1015.3,3.0,9.63666,11.0003,1.3,-2.8
0.541628,-0.840618,6.2,0.0,6.12323e-17,28.0,0.382683,-0.92388,1,0,2.0,89.0,79.0,1018.1,1015.3,8.0,3.76355,1.86284,0.8,-2.8
0.556017,-0.831171,19.6,1.1,6.12323e-17,30.0,-0.382683,0.92388,-0.382683,0.92388,4.0,68.0,65.0,1016.0,1013.1,7.0,6.92645,6.16179,1.2,-2.9
0.570242,-0.821477,2.6,12.2,-0.707107,31.0,-1,1.22465e-16,-1,1.22465e-16,11.0,57.0,41.0,1016.8,1014.2,2.0,14.38,9.00611,3.6,-2.6
0.584298,-0.811539,0.0,10.9,6.12323e-17,30.0,-0.707107,0.707107,6.12323e-17,1,14.999999999999998,63.0,53.0,1019.5999999999999,1017.9,4.0,10.2947,7.45399,2.1,-1.7
0.598181,-0.801361,0.0,2.8,6.12323e-17,24.000000000000004,0.382683,0.92388,0.382683,0.92388,13.0,63.0,61.0,1021.9,1020.3,7.0,8.0127,7.49908,0.1,-1.6
0.611886,-0.790946,0.6,3.5,6.12323e-17,30.0,0.382683,0.92388,0.382683,0.92388,13.0,67.0,62.0,1024.8,1023.3,7.0,7.77443,6.51993,0.5,-1.5
0.625411,-0.780296,0.8,8.8,1,26.0,0.382683,0.92388,0.382683,0.92388,11.0,55.0,56.99999999999999,1023.7,1020.3,7.0,9.10812,9.68002,-0.2,-3.4
0.638749,-0.769415,0.0,12.2,0.707107,26.0,0.707107,0.707107,0.707107,0.707107,11.0,55.0,65.0,1018.0,1014.5,5.0,7.07418,9.68725,0.4,-3.5
0.651899,-0.758306,0.0,11.0,0.707107,28.0,0.92388,0.382683,0.92388,0.382683,11.0,71.0,55.0,1016.9,1015.0,4.0,9.73072,5.61722,1.1,-1.9
0.664855,-0.746972,0.0,12.5,0.382683,30.0,0.382683,0.92388,0.707107,0.707107,11.0,58.00000000000001,56.0,1020.6,1019.0,3.0,9.47616,8.89547,0.4,-1.6
0.677615,-0.735417,0.0,7.499999999999999,0.382683,28.0,1,0,0.382683,0.92388,13.0,64.0,56.99999999999999,1020.7,1017.8,3.0,9.20383,7.31622,0.8,-2.9
0.690173,-0.723644,0.2,12.4,0.707107,28.0,0.707107,0.707107,0.707107,0.707107,11.0,53.00000000000001,49.00000000000001,1016.9,1013.2,4.0,11.58,10.3254,0.4,-3.7
0.702527,-0.711657,0.0,8.4,0.382683,31.0,1,0,0.92388,0.382683,9.0,57.0,59.0,1013.6,1010.3,5.0,8.68353,9.19698,0.5,-3.3
0.714673,-0.699458,0.0,9.3,0.382683,24.000000000000004,0.707107,-0.707107,0.707107,0.707107,9.0,52.0,50.0,1013.6,1010.3,4.0,11.4337,10.6227,2.4,-3.3
0.726608,-0.687053,5.2,3.0,-0.92388,17.0,-0.92388,-0.382683,-0.707107,0.707107,7.000000000000001,72.0,83.0,1013.7,1012.0,8.0,3.04186,5.41292,-2.4,-1.7
0.738326,-0.674444,9.4,1.7,-0.92388,33.0,-0.382683,-0.92388,-0.382683,0.92388,11.0,79.0,65.0,1015.8,1015.0,7.0,7.07949,3.83048,3.1,-0.8
0.749826,-0.661635,0.2,0.6,-0.382683,41.0,-0.707107,0.707107,-0.707107,0.707107,11.0,56.0,66.0,1021.7,1020.5,7.0,6.70249,9.34257,-1.2,-1.2
0.761104,-0.64863,1.0,1.7,6.12323e-17,33.0,-1,1.22465e-16,-0.382683,0.92388,11.0,70.0,49.00000000000001,1021.5,1020.2,8.0,11.4602,5.80509,1.2,-1.3
0.772157,-0.635432,4.4,10.4,-0.382683,37.0,-0.92388,0.382683,-0.382683,0.92388,14.999999999999998,74.0,47.0,1021.4,1019.8,4.0,12.18,4.89162,2.8,-1.6
0.78298,-0.622047,0.2,10.4,6.12323e-17,41.0,6.12323e-17,1,6.12323e-17,1,16.999999999999996,44.0,47.0,1023.4,1022.0,6.0,12.1439,13.1128,0.4,-1.4
0.793572,-0.608477,1.0,5.0,6.12323e-17,37.0,-0.707107,0.707107,-0.382683,0.92388,13.0,65.0,47.0,1023.6,1021.4999999999999,6.0,12.1619,6.91071,3.2,-2.1
0.803928,-0.594727,0.0,5.3,6.12323e-17,37.0,-0.382683,0.92388,6.12323e-17,1,11.0,53.00000000000001,56.99999999999999,1021.4,1019.7,7.0,9.04005,10.1799,-0.2,-1.7
0.814046,-0.5808,0.2,7.1,6.12323e-17,33.0,6.12323e-17,1,0.382683,0.92388,14.999999999999998,68.0,50.0,1019.1,1016.4,7.0,11.216,6.22301,2.9,-2.7
0.823923,-0.566702,1.8000000000000003,10.2,6.12323e-17,33.0,0.382683,0.92388,0.382683,0.92388,13.0,54.0,50.0,1017.8,1015.0,2.0,11.2076,9.98819,0.3,-2.8
0.833556,-0.552435,0.0,3.2,0.382683,24.000000000000004,0.382683,0.92388,0.382683,0.92388,11.0,58.00000000000001,50.0,1015.3,1012.2,7.0,11.166,8.78953,1,-3.1
0.842942,-0.538005,0.0,11.0,0.382683,28.0,0.382683,0.92388,0.707107,0.707107,11.0,61.0,51.0,1012.7,1010.3,2.0,11.0145,8.04285,2.2,-2.4
0.852078,-0.523416,4.2,8.1,6.12323e-17,31.0,0.707107,0.707107,0.382683,0.92388,13.0,60.0,56.0,1012.8,1010.5,7.0,9.52561,8.32822,1.6,-2.3
0.860961,-0.508671,3.7999999999999994,0.5,0.382683,35.0,0.382683,0.92388,0.382683,0.92388,6.0,71.0,91.0,1013.8,1012.6,8.0,1.53673,5.61722,-2.9,-1.2
0.869589,-0.493776,58.60000000000001,0.5,0.707107,28.0,0.92388,0.382683,0.382683,0.92388,13.0,84.0,72.0,1016.8,1015.2,7.0,5.38035,2.85719,1.2,-1.6
0.87796,-0.478734,1.2,0.0,0.382683,30.0,-0.707107,0.707107,0.707107,0.707107,11.0,77.0,70.0,1017.0,1013.3,8.0,5.80509,4.25008,0.9,-3.7
0.886071,-0.46355,0.2,0.1,0.382683,33.0,0.382683,0.92388,0.382683,0.92388,11.0,71.0,82.0,1011.3,1008.9,8.0,3.22494,5.59606,-1.9,-2.4
0.893919,-0.448229,50.6,1.2,6.12323e-17,28.0,-0.707107,0.707107,0.382683,0.92388,13.0,94.0,72.0,1010.4,1008.1,7.0,5.40477,1.00485,3.9,-2.3
0.901502,-0.432776,0.8,2.1,-0.382683,30.0,-0.707107,0.707107,-0.382683,0.92388,7.000000000000001,71.0,82.0,1010.9,1009.2,7.0,3.29436,5.66818,-0.8,-1.7
0.908818,-0.417194,8.4,8.7,6.12323e-17,37.0,-0.92388,0.382683,6.12323e-17,1,9.0,75.0,84.0,1013.7,1012.1,5.0,2.89436,4.77756,-1,-1.6
0.915864,-0.401488,5.4,10.9,6.12323e-17,26.0,0.382683,0.92388,0.382683,0.92388,13.0,69.0,66.0,1016.8,1015.2,7.0,6.90187,6.13467,1,-1.6
0.92264,-0.385663,0.0,11.4,0.707107,24.000000000000004,0.382683,0.92388,0.707107,0.707107,11.0,65.0,62.0,1016.9,1014.2,1.0,7.9624,7.14862,0.9,-2.7
0.929141,-0.369725,0.0,12.0,0.707107,31.0,0.92388,-0.382683,0.707107,0.707107,14.999999999999998,59.0,65.0,1013.0,1008.1,4.0,7.22879,8.72883,1.1,-4.9
0.935368,-0.353676,0.0,3.7,-1.83697e-16,48.00000000000001,1,0,-0.92388,-0.382683,6.0,65.0,89.0,1007.9,1004.9,7.0,1.95048,7.22343,-2.9,-3
0.941317,-0.337523,80.4,0.0,-1.83697e-16,15.0,0.707107,-0.707107,0.707107,0.707107,6.0,80.99999999999999,86.0,1008.8,1006.9,8.0,2.4866,3.46632,-0.2,-1.9
0.946988,-0.32127,1.6,9.2,0.382683,30.0,-0.92388,-0.382683,6.12323e-17,1,13.0,67.0,62.0,1010.7999999999998,1008.8,1.0,8.01566,6.67329,1.5,-2
0.952378,-0.304921,0.0,9.1,-0.382683,33.0,-0.92388,0.382683,-0.382683,0.92388,13.0,64.0,60.00000000000001,1011.8,1009.1,3.0,8.56679,7.37667,2.5,-2.7
0.957485,-0.288482,0.2,12.4,0.707107,24.000000000000004,-0.707107,-0.707107,0.382683,0.92388,11.0,62.0,55.0,1011.2,1006.8,2.0,9.98613,7.9152,2.2,-4.4
0.975065,-0.221922,9.8,0.0,-0.382683,22.0,-0.707107,-0.707107,-1,1.22465e-16,6.0,72.0,90.0,1006.7,1005.2,8.0,1.68018,5.31146,-3.6,-1.5
0.97874,-0.205104,57.4,12.3,-1.83697e-16,48.00000000000001,-1.83697e-16,-1,-1.83697e-16,-1,24.0,64.0,31.0,1002.6,1003.6,1.0,18.6134,7.24509,3.1,1
0.98522,-0.171293,0.0,0.0,-0.707107,24.000000000000004,-0.707107,0.707107,-0.707107,-0.707107,4.0,75.0,88.0,1016.6,1015.5,8.0,2.06107,4.64551,-1.5,-1.1
0.988023,-0.154309,12.8,2.9,-0.382683,24.000000000000004,-0.707107,-0.707107,6.12323e-17,1,9.0,87.0,65.0,1016.9,1014.8,7.0,7.20737,2.26454,6.2,-2.1
0.990532,-0.137279,0.2,0.2,-0.92388,41.0,-0.707107,0.707107,-0.382683,0.92388,11.0,71.0,81.0,1016.9,1015.3,8.0,3.50063,5.71082,-1.6,-1.6
0.992749,-0.120208,36.2,0.2,-0.92388,15.0,-1,1.22465e-16,-0.92388,0.382683,6.0,90.0,85.0,1014.8,1011.9,8.0,2.70197,1.7567,0.1,-2.9
0.996298,-0.0859648,60.2,0.0,-1.83697e-16,33.0,1,0,-0.707107,-0.707107,7.000000000000001,94.0,92.00000000000001,1002.2999999999998,1000.1,8.0,1.35645,1.02981,-2.8,-2.2
0.99763,-0.0688024,34.0,0.0,-0.707107,46.0,-0.707107,0.707107,-0.707107,0.707107,9.0,73.0,70.0,1012.7,1013.1,8.0,5.79631,5.13163,-0.1,0.4
0.998667,-0.0516197,1.0,0.0,-0.707107,33.0,-0.707107,0.707107,-0.707107,0.707107,11.0,58.00000000000001,56.0,1015.8,1013.3,7.0,9.54684,8.81596,2.6,-2.5
0.999407,-0.0344216,0.0,11.4,6.12323e-17,30.0,-0.92388,0.382683,6.12323e-17,1,14.999999999999998,58.00000000000001,56.99999999999999,1015.5,1013.2,3.0,9.40362,8.96199,2.4,-2.3
0.999852,-0.0172134,0.0,12.6,-0.382683,35.0,-0.382683,0.92388,6.12323e-17,1,16.999999999999996,58.00000000000001,52.0,1015.3,1013.3,1.0,10.813,8.97532,1.4,-2
1,0,0.4,0.0,-0.382683,30.0,-0.92388,0.382683,-0.707107,0.707107,6.0,89.0,90.0,1014.4,1012.9,8.0,1.74738,1.91518,1.1,-1.5
0.999852,0.0172134,3.0,11.2,6.12323e-17,26.0,0.707107,0.707107,0.707107,0.707107,11.0,68.0,63.00000000000001,1013.9,1010.7,3.0,7.73798,6.44201,1,-3.2
0.999407,0.0344216,0.0,6.9,6.12323e-17,24.000000000000004,-0.707107,-0.707107,-0.382683,0.92388,6.0,67.0,58.0,1009.7,1006.3,5.0,9.08904,6.70317,0.8,-3.4
0.998667,0.0516197,0.0,7.8,-0.382683,28.0,-1,1.22465e-16,6.12323e-17,1,13.0,60.0,64.0,1007.8,1006.0,7.0,7.49829,8.53521,0.2,-1.8
0.99763,0.0688024,0.0,0.0,-1.83697e-16,26.0,6.12323e-17,1,0.707107,0.707107,9.0,65.0,64.0,1008.1,1004.4,6.0,7.4263,7.14329,0.6,-3.7
0.996298,0.0859648,41.8,0.0,-0.382683,22.0,-0.382683,0.92388,-1,1.22465e-16,4.0,82.0,91.0,1005.4,1004.8,8.0,1.51554,3.267,-4,-0.6
0.992749,0.120208,11.599999999999998,2.1,-0.707107,37.0,-0.92388,0.382683,-0.92388,0.382683,14.999999999999998,65.0,73.0,1008.1,1005.1,8.0,5.22146,7.13796,-0.8,-3
0.98522,0.171293,15.399999999999999,0.0,6.12323e-17,33.0,6.12323e-17,1,6.12323e-17,1,14.999999999999998,88.0,94.0,1007.7,1007.4,8.0,1.02902,2.13159,-0.9,-0.3
0.97874,0.205104,0.4,6.9,0.382683,31.0,-0.382683,0.92388,-0.382683,0.92388,13.0,58.00000000000001,56.99999999999999,1013.1,1010.8,5.0,9.26561,8.99534,-0.1,-2.3
0.975065,0.221922,0.0,11.8,6.12323e-17,31.0,-0.382683,0.92388,6.12323e-17,1,13.0,60.0,59.0,1011.5,1009.0,5.0,8.71587,8.38443,1,-2.5
0.9711,0.238673,0.4,9.2,6.12323e-17,26.0,-0.707107,-0.707107,6.12323e-17,1,7.000000000000001,77.0,52.0,1009.3,1006.6,5.0,10.7892,4.289,4,-2.7
0.957485,0.288482,0.0,10.1,0.382683,30.0,-0.707107,-0.707107,6.12323e-17,1,11.0,57.0,53.0,1003.8,1003.5,3.0,10.7363,9.57751,-0.4,-0.3
0.952378,0.304921,3.4,10.3,-0.707107,33.0,6.12323e-17,1,0.382683,0.92388,13.0,70.0,71.0,1007.4,1005.7,7.0,5.79226,6.05808,-0.7,-1.7
0.946988,0.32127,36.2,8.6,-0.707107,33.0,-1,1.22465e-16,-0.382683,0.92388,11.0,67.0,70.0,1008.8,1008.6,7.0,5.92871,6.71314,-1.5,-0.2
0.941317,0.337523,4.4,8.0,-0.382683,43.0,-0.707107,0.707107,-0.707107,0.707107,14.999999999999998,77.0,51.0,1012.2,1010.7,5.0,11.088,4.2825,4.1,-1.5
0.935368,0.353676,0.0,12.5,-0.92388,39.0,-1,1.22465e-16,-0.382683,0.92388,19.999999999999996,54.0,48.0,1012.9,1011.7,4.0,12.0322,10.0928,1.1,-1.2
0.929141,0.369725,0.0,11.6,-0.382683,37.0,-0.92388,0.382683,-0.707107,0.707107,11.0,49.0,43.0,1010.9,1008.4,2.0,13.833,11.6058,2.1,-2.5
0.92264,0.385663,0.0,12.5,0.707107,20.0,0.92388,0.382683,0.382683,0.92388,7.000000000000001,52.0,47.0,1010.2,1007.3,1.0,12.4615,10.6385,2.8,-2.9
0.915864,0.401488,0.0,12.8,0.92388,24.000000000000004,1,0,0.707107,0.707107,11.0,58.00000000000001,56.0,1011.4000000000001,1009.9,1.0,9.6747,9.06222,0.7,-1.5
0.908818,0.417194,0.0,12.8,0.382683,28.0,-0.382683,0.92388,0.382683,0.92388,11.0,57.0,59.0,1015.3,1013.7,1.0,8.83279,9.27937,1.6,-1.6
0.901502,0.432776,0.0,12.6,6.12323e-17,22.0,-0.707107,0.707107,0.707107,0.707107,9.0,61.0,56.0,1015.5,1012.5,1.0,9.74609,8.1883,2.7,-3
0.893919,0.448229,0.0,9.6,-0.707107,31.0,-0.92388,0.382683,-0.382683,0.92388,14.999999999999998,65.0,53.99999999999999,1013.5,1013.1,3.0,10.3489,7.19667,2.3,-0.4
0.886071,0.46355,0.2,10.4,6.12323e-17,46.0,-0.707107,0.707107,-0.707107,0.707107,16.999999999999996,58.00000000000001,44.0,1018.0,1016.1,2.0,13.5147,8.88219,3.6,-1.9
0.87796,0.478734,0.0,4.1,-0.382683,31.0,-0.382683,0.92388,6.12323e-17,1,14.999999999999998,63.0,62.0,1019.5999999999999,1017.6,7.0,7.93879,7.65794,0.4,-2
0.869589,0.493776,0.0,12.4,0.382683,24.000000000000004,0.382683,0.92388,0.707107,0.707107,9.0,61.0,55.0,1018.3,1015.3,3.0,10.045,8.21266,2.4,-3
0.860961,0.508671,3.6000000000000005,6.8,0.382683,26.0,0.382683,0.92388,0.382683,0.92388,11.0,80.99999999999999,67.0,1017.5,1014.8,7.0,6.79822,3.55107,2.6,-2.7
0.803928,0.594727,1.6,1.8,-0.707107,31.0,-0.707107,-0.707107,-0.707107,0.707107,13.0,80.99999999999999,58.0,1018.2,1014.9,7.0,9.12934,3.48477,4.6,-3.3
0.78298,0.622047,14.2,8.3,-0.707107,43.0,-0.707107,0.707107,-0.382683,0.92388,16.999999999999996,59.0,45.0,1019.9000000000001,1019.0,3.0,13.0861,8.68353,1.7,-0.9
0.738326,0.674444,0.0,10.4,6.12323e-17,22.0,-0.382683,-0.92388,0.382683,0.92388,11.0,65.0,59.0,1016.1,1013.1,3.0,8.83279,7.12199,2.5,-3
0.726608,0.687053,0.0,12.0,6.12323e-17,33.0,-0.707107,0.707107,6.12323e-17,1,16.999999999999996,61.0,48.0,1016.1,1014.3,3.0,12.2725,8.22485,2.7,-1.8
0.702527,0.711657,21.0,3.6,-0.707107,30.0,-1,1.22465e-16,-1,1.22465e-16,2.0,79.0,84.0,1016.9,1014.4,6.0,2.89217,3.91569,-0.7,-2.5
0.690173,0.723644,2.2,7.0,6.12323e-17,20.0,-0.92388,0.382683,-1.83697e-16,-1,2.0,75.0,80.0,1014.6,1012.3,5.0,3.74055,4.80635,-0.1,-2.3
0.677615,0.735417,19.0,11.7,6.12323e-17,24.000000000000004,-0.707107,0.707107,6.12323e-17,1,14.999999999999998,69.0,60.00000000000001,1013.7,1011.5,2.0,8.60476,6.18537,2.6,-2.2
0.664855,0.746972,0.0,12.2,0.382683,20.0,6.12323e-17,1,0.382683,0.92388,9.0,68.0,56.0,1014.1,1011.4,1.0,9.77472,6.48048,2.1,-2.7
0.651899,0.758306,0.0,12.3,0.382683,20.0,-0.382683,-0.92388,0.707107,0.707107,9.0,55.0,51.0,1011.9,1007.3,1.0,11.5586,9.94945,4.9,-4.6
0.638749,0.769415,0.0,8.1,0.382683,41.0,0.382683,-0.92388,0.382683,0.92388,13.0,65.0,67.0,1008.1,1004.6,6.0,6.82838,7.35257,-0.4,-3.5
0.625411,0.780296,68.8,9.1,-0.707107,48.00000000000001,-0.92388,0.382683,-0.707107,0.707107,16.999999999999996,59.0,55.0,1014.4,1014.5,7.0,9.75249,8.6319,0.2,0.1
0.598181,0.801361,3.6000000000000005,9.0,-0.92388,30.0,-1,1.22465e-16,-0.382683,0.92388,11.0,63.0,53.99999999999999,1017.3,1014.4,5.0,10.1153,7.48215,3.1,-2.9
0.584298,0.811539,0.0,11.2,6.12323e-17,22.0,-0.707107,-0.707107,0.382683,0.92388,11.0,61.0,56.0,1015.2,1012.4,2.0,9.60357,8.08514,2.4,-2.8
0.570242,0.821477,0.0,11.0,0.382683,22.0,-0.707107,-0.707107,0.382683,0.92388,11.0,63.0,49.00000000000001,1014.3,1010.9,1.0,11.7695,7.60102,2.5,-3.4
0.527078,0.849817,0.0,11.9,0.92388,24.000000000000004,0.707107,-0.707107,0.92388,0.382683,9.0,61.0,53.99999999999999,1011.3,1008.1,1.0,10.5087,8.23096,4.3,-3.2
0.512371,0.858764,22.6,8.0,-0.92388,30.0,-0.707107,-0.707107,6.12323e-17,1,11.0,78.0,55.0,1013.2,1010.2,1.0,10.0744,4.13956,4.5,-3
0.497513,0.867456,1.2,7.1,-0.92388,28.0,-0.382683,-0.92388,0.382683,0.92388,11.0,76.0,60.00000000000001,1012.0000000000001,1007.8,3.0,8.6873,4.59234,4.2,-4.2
0.482508,0.875892,23.4,0.0,-0.92388,17.0,-0.92388,0.382683,-0.92388,0.382683,9.0,90.99999999999999,87.0,1011.8,1009.0,8.0,2.30468,1.55332,1,-2.8
0.467359,0.884068,29.2,0.0,-0.707107,41.0,-0.707107,-0.707107,-0.92388,0.382683,11.0,87.0,59.0,1014.2,1014.2,8.0,8.69646,2.30468,2.7,0
0.452072,0.891981,1.4,8.2,-0.707107,48.00000000000001,-0.707107,0.707107,-0.707107,0.707107,19.999999999999996,57.0,44.0,1020.5000000000001,1019.4,3.0,13.2494,9.14225,1.1,-1.1
0.436651,0.899631,0.4,9.5,-0.382683,33.0,-0.707107,0.707107,-0.382683,0.92388,14.999999999999998,63.0,45.0,1020.4,1017.7,3.0,12.9235,7.44274,3.4,-2.7
0.421101,0.907014,0.8,10.0,-0.382683,33.0,0.707107,0.707107,6.12323e-17,1,11.0,76.0,53.0,1018.7,1016.0,3.0,10.287,4.46919,2.3,-2.7
0.38963,0.920971,0.2,4.7,0.707107,24.000000000000004,6.12323e-17,1,0.707107,0.707107,9.0,60.0,58.0,1015.7,1013.2,7.0,8.99534,8.4032,0.8,-2.5
0.37372,0.927542,0.0,8.6,0.382683,26.0,0.382683,0.92388,0.382683,0.92388,13.0,61.0,58.0,1016.5,1015.3,7.0,9.03544,8.17005,0.9,-1.2
0.357698,0.933837,0.2,7.9,6.12323e-17,30.0,0.382683,0.92388,0.382683,0.92388,13.0,64.0,58.0,1020.1,1018.7,6.0,9.02207,7.4263,0.2,-1.4
0.2926,0.956235,0.0,8.5,0.382683,22.0,-1,1.22465e-16,0.382683,0.92388,9.0,68.0,61.0,1018.1,1014.8,6.0,8.27984,6.38453,2.5,-3.3
0.259512,0.96574,0.0,0.2,0.382683,15.0,-0.382683,-0.92388,0.382683,0.92388,2.0,76.0,62.0,1015.0,1011.2,7.0,7.96831,4.51348,3.5,-3.8
0.24285,0.970064,1.4,0.0,6.12323e-17,22.0,-0.707107,0.707107,-0.92388,0.382683,6.0,80.0,92.00000000000001,1011.9,1008.4,8.0,1.35959,3.65946,-1.9,-3.5
0.226116,0.9741,32.6,0.0,-0.707107,26.0,-0.707107,-0.707107,-0.707107,0.707107,7.000000000000001,94.0,78.0,1007.8,1004.2,8.0,4.1271,1.01573,3.1,-3.6
0.209315,0.977848,1.2,8.1,0.382683,15.0,-0.707107,-0.707107,0.382683,0.92388,9.0,70.0,68.0,1005.1,1001.9,5.0,6.49975,5.94647,1.7,-3.2
0.192452,0.981306,0.0,8.5,0.382683,28.0,-1.83697e-16,-1,0.382683,-0.92388,13.0,76.0,39.0,1003.1999999999999,1000.1,2.0,15.928,4.61648,6.5,-3.1
0.175531,0.984474,0.0,11.6,-1.83697e-16,30.0,-0.382683,-0.92388,0.382683,-0.92388,11.0,48.00000000000001,40.0,1006.7,1003.4,3.0,15.2918,12.0499,3.8,-3.3
0.158559,0.987349,0.0,11.2,-1.83697e-16,31.0,-1.83697e-16,-1,-1.83697e-16,-1,14.999999999999998,52.0,34.0,1009.8,1006.5,2.0,17.6333,10.6543,4,-3.3
0.14154,0.989932,0.0,8.6,-1.83697e-16,37.0,-0.707107,-0.707107,-1.83697e-16,-1,14.999999999999998,42.99999999999999,34.0,1011.6999999999999,1008.7,4.0,17.5063,13.5411,3.5,-3
0.124479,0.992222,0.0,10.7,-0.707107,31.0,-0.92388,-0.382683,-0.707107,0.707107,13.0,56.0,48.0,1014.8,1013.8,3.0,11.9968,9.44796,1.7,-1
0.107381,0.994218,0.0,5.2,-0.707107,41.0,-1,1.22465e-16,-0.707107,0.707107,13.0,57.0,52.0,1020.0,1018.2,7.0,10.6148,9.13541,0.6,-1.8
0.0902516,0.995919,0.0,4.8,-0.707107,35.0,-1,1.22465e-16,-0.707107,0.707107,13.0,59.0,69.0,1022.6,1020.6,6.0,6.03843,8.56115,-0.9,-2
0.0730951,0.997325,6.0,0.9,6.12323e-17,28.0,-0.92388,-0.382683,6.12323e-17,1,13.0,75.0,52.0,1022.3,1019.7,8.0,10.5911,4.72023,1.3,-2.6
0.0387223,0.99925,16.0,6.6,-0.382683,22.0,-0.707107,-0.707107,6.12323e-17,1,9.0,79.0,70.0,1020.0,1017.6,7.0,5.87999,3.83925,2.6,-2.4
-0.474951,0.880012,0.2,10.1,-1.83697e-16,20.0,-0.382683,-0.92388,-1,1.22465e-16,6.0,66.0,37.0,1015.3,1011.5,1.0,15.8659,6.59127,5.5,-3.8
-0.490029,0.871706,0.0,10.1,6.12323e-17,17.0,-0.92388,-0.382683,0.382683,0.92388,4.0,66.0,47.0,1015.6,1012.2,3.0,12.1709,6.59631,4.8,-3.4
-0.519744,0.854322,19.6,8.8,-0.382683,20.0,-0.707107,-0.707107,-0.92388,0.382683,6.0,72.0,47.0,1014.0,1011.5,3.0,12.0538,5.19096,4.8,-2.5
-0.534373,0.845249,0.2,8.8,-0.92388,26.0,-0.382683,-0.92388,-0.707107,-0.707107,7.000000000000001,61.0,45.0,1016.3,1014.5,3.0,12.8092,7.76167,5.3,-1.8
-0.548843,0.835925,0.0,9.6,-0.707107,19.0,-0.707107,-0.707107,-1.83697e-16,-1,6.0,53.00000000000001,43.0,1020.4,1016.5,6.0,13.2919,9.84695,3.7,-3.9
-0.563151,0.826354,0.0,10.0,-1.83697e-16,13.0,-0.707107,-0.707107,-1.83697e-16,-1,4.0,67.0,38.0,1018.3,1014.3,3.0,15.2048,6.22806,5.9,-4
-0.591261,0.80648,5.6,0.1,-0.92388,17.0,-0.707107,-0.707107,-1.83697e-16,-1,4.0,90.0,84.0,1013.4,1009.7,7.0,2.71729,1.6516,-0.2,-3.7
-0.605056,0.796183,3.7999999999999994,10.1,-0.382683,31.0,-0.382683,-0.92388,-1.83697e-16,-1,13.0,69.0,47.0,1011.8,1009.8,2.0,11.7324,5.72746,3.9,-2
-0.618671,0.78565,0.0,10.2,0.382683,35.0,-1.83697e-16,-1,0.382683,-0.92388,13.0,49.0,32.0,1014.7,1010.9,0.0,17.3577,10.8783,3.2,-3.8
-0.632103,0.774884,0.0,10.2,-1.83697e-16,41.0,-0.382683,-0.92388,-1.83697e-16,-1,16.999999999999996,44.0,36.0,1014.9,1010.6,1.0,15.6721,12.2883,4.8,-4.3
-0.645348,0.763889,0.0,10.3,-1.83697e-16,22.0,-0.707107,-0.707107,-0.707107,-0.707107,7.000000000000001,47.0,35.0,1016.6,1012.2,1.0,16.21,11.3277,6.1,-4.4
-0.658402,0.752667,0.0,10.3,-1.83697e-16,28.0,-0.707107,-0.707107,-0.382683,-0.92388,6.0,48.00000000000001,31.0,1016.2,1014.4,2.0,18.0079,11.2047,4.4,-1.8
-0.67126,0.741222,0.0,10.0,-0.707107,19.0,-0.707107,-0.707107,-1,1.22465e-16,4.0,42.99999999999999,32.0,1026.0,1024.5,2.0,17.4875,12.625,5.7,-1.5
-0.683919,0.729558,0.0,8.1,-1.83697e-16,17.0,-0.707107,-0.707107,0.92388,-0.382683,2.0,59.0,79.0,1029.5,1026.0,5.0,3.72021,8.09878,1.3,-3.5
-0.696376,0.717677,0.4,8.1,-0.382683,19.0,-0.707107,-0.707107,-0.382683,0.92388,9.0,75.0,53.0,1027.7,1024.2,2.0,10.0431,4.45259,5.6,-3.5
-0.708627,0.705584,0.2,7.299999999999999,-0.707107,28.0,-0.707107,-0.707107,-0.707107,0.707107,9.0,64.0,51.0,1028.6,1025.7,5.0,10.6668,6.91586,4.7,-2.9
-0.720667,0.693281,0.2,6.5,-0.92388,28.0,-0.92388,-0.382683,-0.707107,0.707107,6.0,77.0,87.0,1028.3,1026.2,7.0,2.2213,4.11522,0.7,-2.1
-0.732494,0.680773,4.2,8.9,-0.382683,24.000000000000004,-0.92388,-0.382683,6.12323e-17,1,7.000000000000001,73.0,56.99999999999999,1027.0,1023.9000000000001,6.0,8.94517,4.95043,3.5,-3.1
-0.744104,0.668064,0.4,4.5,6.12323e-17,22.0,-0.382683,-0.92388,-0.707107,0.707107,9.0,85.0,77.0,1025.7,1022.1999999999999,4.0,4.19524,2.54263,4.1,-3.5
-0.755493,0.655156,10.8,4.7,6.12323e-17,15.0,-0.707107,-0.707107,0.382683,0.92388,7.000000000000001,89.0,64.0,1022.9,1017.9,7.0,7.19061,1.85275,4.4,-5
-0.777597,0.628763,11.4,9.7,-1.83697e-16,31.0,-1.83697e-16,-1,-1.83697e-16,-1,9.0,63.0,42.0,1009.3,1005.4,3.0,13.5212,7.20281,3.2,-3.9
-0.788305,0.615285,0.0,10.1,-1.83697e-16,44.0,-1.83697e-16,-1,-1.83697e-16,-1,14.999999999999998,61.0,46.00000000000001,1009.6,1006.5,1.0,11.9057,7.52036,3.2,-3.1
-0.798779,0.601624,0.0,9.6,-0.382683,24.000000000000004,-0.382683,-0.92388,-1.83697e-16,-1,7.000000000000001,55.0,43.0,1013.4,1012.2,2.0,13.0744,9.06754,4.7,-1.2
-0.809017,0.587785,0.0,9.8,-0.707107,19.0,-0.707107,-0.707107,-0.382683,-0.92388,4.0,64.0,39.0,1018.8,1015.8,1.0,14.666,6.82543,6.3,-3
-0.819015,0.573772,0.0,5.5,-0.707107,15.0,-0.707107,-0.707107,6.12323e-17,1,6.0,71.0,59.0,1021.5,1019.2,7.0,8.31259,5.24221,5.2,-2.3
-0.82877,0.559589,0.0,7.499999999999999,-0.382683,24.000000000000004,-0.92388,-0.382683,6.12323e-17,1,13.0,69.0,64.0,1023.0,1018.8,5.0,7.06067,5.77203,2.8,-4.2
-0.83828,0.54524,12.0,8.3,-0.382683,22.0,-0.707107,-0.707107,-0.382683,-0.92388,4.0,87.0,51.0,1018.1,1013.7,4.0,10.6027,2.17167,5.5,-4.4
-0.847541,0.53073,0.2,7.9,-0.382683,19.0,-0.707107,-0.707107,-0.382683,-0.92388,6.0,76.0,56.0,1015.2,1012.7,6.0,9.02292,4.1751,5.3,-2.5
-0.865307,0.501242,0.0,7.4,-0.707107,26.0,-0.707107,-0.707107,-0.92388,-0.382683,7.000000000000001,72.0,53.99999999999999,1017.6,1015.4,6.0,9.75849,5.15109,3.6,-2.2
-0.873807,0.486273,0.0,9.8,-0.382683,19.0,-0.382683,-0.92388,-1.83697e-16,-1,9.0,59.0,44.0,1018.6,1015.2,1.0,12.9381,8.17394,4.6,-3.4
-0.882048,0.47116,0.0,9.8,0.382683,19.0,-1.83697e-16,-1,0.382683,-0.92388,7.000000000000001,73.0,40.0,1018.9,1015.2,2.0,14.3896,4.80627,8.4,-3.7
-0.890028,0.455907,0.0,2.1,-0.382683,13.0,-0.707107,-0.707107,-1.83697e-16,-1,6.0,80.0,49.00000000000001,1018.9,1014.7,6.0,11.2054,3.41067,7.4,-4.2
-0.897743,0.440519,0.0,10.1,-1.83697e-16,20.0,-0.707107,-0.707107,0.382683,-0.92388,6.0,69.0,39.0,1017.4,1014.5,2.0,14.941,5.77203,7.2,-2.9
-0.919286,0.39359,0.0,0.0,-1.83697e-16,22.0,-1.83697e-16,-1,-1.83697e-16,-1,7.000000000000001,42.0,45.0,1017.4,1014.9,7.0,11.5664,12.5548,-0.4,-2.5
-0.925925,0.377708,0.0,9.2,-1.83697e-16,28.0,-0.382683,-0.92388,-1.83697e-16,-1,6.0,51.0,33.0,1017.8,1015.9,2.0,16.7179,9.85559,7.2,-1.9
-0.932289,0.361714,0.0,0.0,-0.382683,17.0,-0.382683,-0.92388,-0.382683,-0.92388,4.0,68.0,65.0,1020.6,1017.8,8.0,6.54332,5.72791,3.2,-2.8
-0.938377,0.345612,3.7999999999999994,1.7,-0.707107,26.0,-0.707107,-0.707107,-0.382683,-0.92388,11.0,93.0,79.0,1016.9,1014.0,7.0,3.6714,1.11589,2.9,-2.9
-0.944188,0.329408,0.2,9.5,-0.382683,28.0,-0.382683,-0.92388,-0.92388,-0.382683,6.0,70.0,53.99999999999999,1014.2,1010.3,2.0,9.73639,5.49306,5.4,-3.9
-0.949718,0.313107,0.0,9.8,-1.83697e-16,33.0,-1.83697e-16,-1,0.382683,-0.92388,14.999999999999998,66.0,53.99999999999999,1012.1,1009.8,4.0,9.53135,6.35672,3,-2.3
-0.959933,0.280231,0.0,9.5,-0.382683,30.0,-1.83697e-16,-1,-0.382683,-0.92388,9.0,65.0,48.0,1015.6,1012.5,2.0,11.4111,6.52801,5.7,-3.1
-0.964614,0.263665,0.0,10.2,-1.83697e-16,43.0,-0.382683,-0.92388,-1.83697e-16,-1,11.0,60.0,43.0,1014.1,1009.3,2.0,13.0744,7.84874,3.7,-4.8
-0.96901,0.247022,0.0,9.7,-1.83697e-16,35.0,-0.382683,-0.92388,-1.83697e-16,-1,16.999999999999996,45.0,33.0,1013.6,1010.5,1.0,16.7304,11.8485,4.6,-3.1
-0.973118,0.230306,0.0,9.1,-0.382683,19.0,-0.382683,-0.92388,-0.382683,-0.92388,4.0,58.00000000000001,41.0,1017.5,1015.2,0.0,13.6076,8.1032,6,-2.3
-0.983709,0.179767,0.0,9.9,-0.382683,37.0,-1.83697e-16,-1,-1.83697e-16,-1,13.0,58.00000000000001,30.000000000000004,1015.9,1013.8,0.0,17.8382,8.18592,3.2,-2.1
-0.986658,0.162807,0.0,9.9,-0.382683,17.0,-0.707107,-0.707107,0.382683,-0.92388,6.0,57.0,33.0,1020.4,1018.1,0.0,16.7808,8.30107,7.4,-2.3
-0.989314,0.145799,0.0,9.6,-0.707107,17.0,-0.707107,-0.707107,-0.92388,0.382683,4.0,63.0,45.0,1025.5,1022.9999999999999,2.0,12.5822,6.91235,9.4,-2.5
-0.991677,0.128748,0.2,9.4,6.12323e-17,30.0,-0.92388,-0.382683,-0.382683,0.92388,13.0,69.0,48.0,1028.5,1025.9,1.0,11.4283,5.73191,3.9,-2.6
-0.993747,0.111659,0.0,9.1,0.707107,24.000000000000004,-0.382683,-0.92388,-0.382683,0.92388,7.000000000000001,69.0,56.0,1028.4,1024.9,1.0,9.08503,5.72302,3.7,-3.5
-0.995521,0.0945367,0.0,0.1,-0.382683,13.0,-0.382683,-0.92388,0.707107,0.707107,4.0,77.0,47.0,1027.3,1024.3,6.0,11.7768,4.00133,6.3,-3
-0.997001,0.0773865,0.0,8.8,6.12323e-17,30.0,-0.92388,-0.382683,-0.707107,0.707107,11.0,62.0,58.0,1029.3,1026.8,3.0,8.54039,7.31404,3.7,-2.5
-0.998186,0.0602133,0.0,4.1,-0.382683,37.0,-0.92388,0.382683,-0.707107,0.707107,13.0,74.0,67.0,1030.6,1028.8,7.0,6.2666,4.64928,2.5,-1.8
-0.999074,0.0430222,6.4,4.9,-0.92388,37.0,-0.707107,-0.707107,-0.92388,0.382683,13.0,82.0,53.0,1031.1,1027.6,4.0,9.83944,3.05698,4.2,-3.5
-0.999667,0.0258184,0.2,8.8,-0.707107,22.0,-0.707107,-0.707107,-0.92388,0.382683,7.000000000000001,70.0,48.0,1026.5,1022.7,6.0,11.437,5.46744,5.1,-3.8
-0.999963,0.008607,0.0,8.7,-0.707107,24.000000000000004,-0.382683,-0.92388,-0.707107,-0.707107,2.0,71.0,47.0,1024.6,1021.0,2.0,11.759,5.25041,5.3,-3.6
-0.999963,-0.008607,0.0,1.2,-0.382683,15.0,-0.707107,-0.707107,0.707107,0.707107,6.0,72.0,63.00000000000001,1023.4,1021.0,7.0,7.21943,5.0442,3.3,-2.4
-0.999667,-0.0258184,0.0,9.5,-1.83697e-16,19.0,-0.707107,-0.707107,0.382683,-0.92388,7.000000000000001,79.0,39.0,1022.5,1017.2,1.0,14.7098,3.6087,8.2,-5.3
-0.999074,-0.0430222,0.0,10.2,-1.83697e-16,43.0,-1.83697e-16,-1,-1.83697e-16,-1,16.999999999999996,55.0,26.999999999999996,1017.3,1013.0,0.0,19.8072,9.28609,2.1,-4.3
-0.998186,-0.0602133,0.0,9.9,-0.382683,31.0,-0.382683,-0.92388,-1.83697e-16,-1,13.0,35.0,26.0,1016.2,1012.8,0.0,20.228,15.4928,4.6,-3.4
-0.997001,-0.0773865,0.0,9.9,-1.83697e-16,39.0,-0.382683,-0.92388,-1.83697e-16,-1,13.0,36.0,32.0,1017.9,1015.9,1.0,17.2801,15.2058,3.4,-2
-0.995521,-0.0945367,0.0,9.7,0.382683,22.0,-0.707107,-0.707107,-0.707107,-0.707107,4.0,53.00000000000001,32.0,1024.4,1020.8,1.0,17.2413,9.43084,6.3,-3.6
-0.993747,-0.111659,0.0,10.1,-1.83697e-16,33.0,-1.83697e-16,-1,-1.83697e-16,-1,14.999999999999998,41.0,28.0,1020.8,1016.9,0.0,19.0266,13.0164,6,-3.9
-0.991677,-0.128748,0.0,10.0,-0.382683,33.0,-0.707107,-0.707107,0.382683,-0.92388,11.0,47.0,29.0,1019.2,1015.1,0.0,18.4428,10.9727,6.9,-4.1
-0.989314,-0.145799,0.0,9.9,-1.83697e-16,35.0,-1.83697e-16,-1,0.382683,-0.92388,9.0,42.0,29.0,1018.9,1017.8,2.0,18.679,12.7808,6,-1.1
-0.986658,-0.162807,0.0,9.9,0.92388,15.0,-0.707107,-0.707107,-0.707107,-0.707107,2.0,62.0,36.0,1024.9,1021.2,0.0,15.6838,7.03323,9.7,-3.7
-0.983709,-0.179767,0.0,9.6,-1.83697e-16,20.0,-0.707107,-0.707107,-0.382683,-0.92388,4.0,63.0,21.0,1022.2,1018.5,3.0,23.5084,6.80963,11.3,-3.7
-0.973118,-0.230306,10.8,0.6,-0.92388,22.0,-0.92388,-0.382683,-1,1.22465e-16,4.0,90.99999999999999,77.0,1028.1,1024.1,7.0,4.02965,1.43681,2.8,-4
-0.96901,-0.247022,1.0,7.8,-0.92388,17.0,-0.707107,-0.707107,-0.92388,0.382683,2.0,74.0,58.0,1022.8,1019.0,3.0,8.55993,4.62032,5,-3.8
-0.964614,-0.263665,0.2,9.9,-0.707107,19.0,-0.707107,-0.707107,-0.382683,-0.92388,6.0,80.0,40.0,1019.4,1015.2,3.0,14.3575,3.41873,8.4,-4.2
-0.959933,-0.280231,0.0,10.2,-0.382683,37.0,-1.83697e-16,-1,-1.83697e-16,-1,16.999999999999996,60.0,30.000000000000004,1016.7,1012.4,0.0,17.9596,7.74005,3.3,-4.3
-0.954967,-0.296713,0.0,10.0,-1.83697e-16,43.0,-1.83697e-16,-1,-1.83697e-16,-1,19.999999999999996,56.0,49.00000000000001,1012.0000000000001,1009.3,1.0,10.8118,8.60732,3.7,-2.7
-0.949718,-0.313107,0.0,10.0,-1.83697e-16,30.0,-0.382683,-0.92388,0.382683,-0.92388,14.999999999999998,51.0,34.0,1012.0000000000001,1008.2,1.0,16.6909,10.2613,5.2,-3.8
-0.944188,-0.329408,0.0,10.0,-0.92388,30.0,-0.382683,-0.92388,-0.92388,-0.382683,9.0,51.0,40.0,1012.1,1009.4,1.0,14.2933,10.2298,5.4,-2.7
-0.938377,-0.345612,0.0,9.8,-0.92388,24.000000000000004,-0.382683,-0.92388,-0.707107,-0.707107,7.000000000000001,54.0,35.0,1014.8,1013.4,3.0,16.0293,9.34284,4.3,-1.4
-0.932289,-0.361714,0.0,9.8,-0.382683,17.0,-0.707107,-0.707107,0.382683,-0.92388,7.000000000000001,56.0,34.0,1019.3000000000001,1016.5,2.0,16.3576,8.68833,5.4,-2.8
-0.925925,-0.377708,0.0,10.1,-0.382683,19.0,-0.707107,-0.707107,-0.382683,-0.92388,4.0,67.0,30.000000000000004,1021.4,1018.2,1.0,18.3806,5.95683,9.6,-3.2
-0.919286,-0.39359,0.2,7.6,-1.83697e-16,22.0,-0.707107,-0.707107,0.382683,-0.92388,6.0,62.0,28.0,1024.1,1019.9,6.0,19.3841,7.11132,9.2,-4.2
-0.912375,-0.409356,0.0,9.7,-0.382683,22.0,-0.707107,-0.707107,-1.83697e-16,-1,6.0,56.0,30.000000000000004,1025.4,1022.5,2.0,18.4352,8.74254,6.9,-2.9
-0.905193,-0.425,0.0,9.7,-0.92388,20.0,-0.92388,-0.382683,-0.707107,0.707107,7.000000000000001,59.0,42.0,1027.9,1024.1,2.0,13.4503,7.87534,7.6,-3.8
-0.897743,-0.440519,0.0,8.2,6.12323e-17,26.0,-0.707107,-0.707107,-0.382683,0.92388,9.0,63.0,49.00000000000001,1026.5,1023.2,4.0,11.0791,7.01581,4.9,-3.3
-0.890028,-0.455907,0.0,8.5,0.382683,30.0,-0.707107,-0.707107,-0.382683,0.92388,11.0,67.0,52.0,1024.7,1021.4999999999999,5.0,10.0922,6.08933,3.9,-3.2
-0.882048,-0.47116,0.0,8.7,-0.382683,20.0,-0.707107,-0.707107,6.12323e-17,1,7.000000000000001,69.0,49.00000000000001,1023.8,1020.1,3.0,10.9785,5.63,4.5,-3.7
-0.873807,-0.486273,0.0,10.0,6.12323e-17,19.0,-0.92388,-0.382683,0.382683,0.92388,7.000000000000001,72.0,40.0,1024.5,1021.0,1.0,14.1867,4.99313,7,-3.5
-0.865307,-0.501242,0.0,9.8,6.12323e-17,17.0,-0.707107,-0.707107,0.382683,0.92388,7.000000000000001,74.0,50.0,1025.3,1022.1999999999999,1.0,10.885,4.59145,6.9,-3.1
-0.856551,-0.516062,0.0,10.0,6.12323e-17,24.000000000000004,-0.707107,-0.707107,-0.382683,0.92388,9.0,73.0,43.0,1026.4,1024.0,2.0,13.1335,4.82134,6.2,-2.4
-0.847541,-0.53073,0.0,9.9,6.12323e-17,22.0,-0.707107,-0.707107,6.12323e-17,1,11.0,72.0,50.0,1029.1,1026.9,2.0,10.7375,5.02453,4.5,-2.2
-0.83828,-0.54524,0.0,4.8,6.12323e-17,30.0,-0.382683,-0.92388,0.382683,0.92388,9.0,67.0,53.0,1028.9,1025.8,5.0,9.98253,6.15611,4.8,-3.1
-0.82877,-0.559589,0.0,9.0,0.707107,20.0,-0.382683,-0.92388,0.92388,0.382683,6.0,73.0,49.00000000000001,1026.2,1021.4,4.0,11.2054,4.81757,6.5,-4.8
-0.819015,-0.573772,0.0,7.299999999999999,0.707107,19.0,-0.707107,-0.707107,0.707107,0.707107,9.0,65.0,53.99999999999999,1020.9,1016.0,2.0,9.78798,6.71803,3.9,-4.9
-0.809017,-0.587785,0.0,10.1,-1.83697e-16,31.0,-1.83697e-16,-1,0.382683,-0.92388,9.0,61.0,31.0,1014.1,1009.2,2.0,18.1015,7.67296,4.8,-4.9
-0.798779,-0.601624,0.0,10.2,-1.83697e-16,37.0,0.382683,-0.92388,0.382683,-0.92388,14.999999999999998,44.0,24.0,1012.5,1008.0,3.0,21.41,12.2883,5,-4.5
-0.788305,-0.615285,0.0,10.1,0.382683,33.0,0.92388,0.382683,-1.83697e-16,-1,13.0,45.0,25.0,1012.4,1007.4,1.0,20.986,11.9678,5.9,-5
-0.777597,-0.628763,0.0,4.5,0.382683,17.0,-0.382683,-0.92388,0.707107,0.707107,9.0,59.0,53.0,1010.4,1006.6,7.0,9.80195,7.8384,5.8,-3.8
-0.766659,-0.642055,0.0,10.3,-1.83697e-16,20.0,-0.707107,-0.707107,0.382683,-0.92388,4.0,53.00000000000001,25.0,1015.7,1013.6,1.0,21.0325,9.51189,7.5,-2.1
-0.755493,-0.655156,0.0,10.8,-0.382683,22.0,-0.382683,-0.92388,0.382683,0.92388,11.0,59.0,48.0,1023.2,1020.4,3.0,11.4456,8.00532,5.2,-2.8
-0.744104,-0.668064,0.0,7.299999999999999,-0.382683,20.0,-0.707107,-0.707107,0.382683,0.92388,7.000000000000001,78.0,53.99999999999999,1025.1,1021.4,6.0,9.54593,3.79183,4.8,-3.7
-0.732494,-0.680773,2.2,10.4,0.707107,19.0,-0.707107,-0.707107,0.707107,0.707107,7.000000000000001,74.0,45.0,1024.2,1019.5,3.0,12.3851,4.57704,6.5,-4.7
-0.720667,-0.693281,0.0,10.5,6.12323e-17,24.000000000000004,-0.707107,-0.707107,0.382683,0.92388,9.0,67.0,53.99999999999999,1021.6,1017.5,3.0,9.6776,6.137,4.9,-4.1
-0.708627,-0.705584,0.0,4.9,0.382683,22.0,-0.707107,-0.707107,0.707107,0.707107,6.0,70.0,60.00000000000001,1020.5000000000001,1017.8,6.0,7.95207,5.48452,2.8,-2.7
-0.696376,-0.717677,0.0,5.6,-1.83697e-16,43.0,0.707107,0.707107,-1.83697e-16,-1,16.999999999999996,80.99999999999999,34.0,1015.0,1012.3,1.0,16.5054,3.26654,5.1,-2.7
-0.683919,-0.729558,0.0,10.8,-1.83697e-16,33.0,-0.382683,-0.92388,-0.382683,-0.92388,11.0,42.0,33.0,1017.9,1014.6,2.0,16.907,12.9194,5,-3.3
-0.67126,-0.741222,0.0,7.8,-1,26.0,-0.707107,-0.707107,-1,1.22465e-16,9.0,55.0,50.0,1021.6,1018.8,7.0,10.7457,8.99758,4.6,-2.8
-0.658402,-0.752667,3.0,1.9,-0.707107,37.0,-0.92388,-0.382683,-0.707107,0.707107,16.999999999999996,89.0,51.0,1026.4,1024.2,7.0,10.4432,1.77439,6.7,-2.2
-0.645348,-0.763889,8.0,8.3,-0.707107,48.00000000000001,-0.707107,-0.707107,-0.92388,0.382683,19.999999999999996,70.0,49.00000000000001,1028.2,1026.1,5.0,11.0707,5.47171,4.3,-2.1
-0.632103,-0.774884,15.199999999999998,6.6,-0.382683,44.0,-0.707107,-0.707107,-0.382683,0.92388,11.0,88.0,74.0,1026.9,1024.2,5.0,4.78072,2.00424,3,-2.7
-0.618671,-0.78565,6.8,5.2,-0.92388,35.0,-0.92388,-0.382683,-0.707107,0.707107,14.999999999999998,66.0,55.0,1025.7,1022.7,7.0,9.36425,6.44108,2.8,-3
-0.605056,-0.796183,0.0,6.1,-0.92388,24.000000000000004,-0.707107,-0.707107,-0.382683,0.92388,9.0,61.0,64.0,1025.0,1022.4000000000001,4.0,7.08764,7.69657,2.2,-2.6
-0.591261,-0.80648,0.0,5.2,6.12323e-17,20.0,-0.707107,-0.707107,6.12323e-17,1,13.0,69.0,65.0,1025.2,1021.7,7.0,6.86883,5.83472,2.3,-3.5
-0.577292,-0.816538,5.2,0.0,0.707107,22.0,6.12323e-17,1,0.382683,0.92388,7.000000000000001,94.0,93.0,1021.9,1015.7,8.0,1.15874,0.980953,1,-6.2
-0.563151,-0.826354,23.599999999999998,8.4,-1.83697e-16,20.0,-0.382683,-0.92388,0.382683,0.92388,6.0,69.0,56.0,1019.7,1016.5,4.0,9.22381,5.83921,3.1,-3.2
-0.548843,-0.835925,0.0,10.2,6.12323e-17,19.0,-0.707107,-0.707107,0.707107,0.707107,7.000000000000001,73.0,53.99999999999999,1020.7,1017.3,3.0,9.90639,4.95425,5.2,-3.4
-0.534373,-0.845249,0.0,2.8,0.707107,28.0,-1.83697e-16,-1,0.382683,0.92388,7.000000000000001,76.0,62.0,1020.8,1017.0,7.0,7.5771,4.29089,3.4,-3.8
-0.519744,-0.854322,12.8,10.9,6.12323e-17,20.0,-0.707107,-0.707107,0.382683,0.92388,9.0,80.0,52.0,1022.7,1019.4,1.0,10.3402,3.45379,6.2,-3.3
-0.504961,-0.863142,0.0,10.8,6.12323e-17,22.0,-0.92388,-0.382683,0.707107,0.707107,9.0,69.0,45.0,1024.0,1019.8,2.0,12.5634,5.79438,4.4,-4.2
-0.490029,-0.871706,0.0,9.9,-0.382683,31.0,-0.92388,-0.382683,-0.382683,0.92388,13.0,69.0,53.99999999999999,1025.1,1022.9,5.0,9.64093,5.83921,1.2,-2.2
-0.474951,-0.880012,0.0,9.2,-0.707107,30.0,-0.92388,-0.382683,-0.382683,0.92388,11.0,58.00000000000001,40.0,1029.2,1026.0,6.0,14.1654,8.41065,3.1,-3.2
-0.459733,-0.888057,0.0,8.3,-0.707107,24.000000000000004,-0.92388,-0.382683,6.12323e-17,1,11.0,57.0,53.0,1029.0,1025.7,3.0,9.89204,8.63682,2.4,-3.3
-0.444378,-0.895839,0.4,9.2,6.12323e-17,33.0,-0.92388,-0.382683,6.12323e-17,1,14.999999999999998,72.0,42.0,1028.5,1024.6,2.0,13.4503,5.15507,2.7,-3.9
-0.428892,-0.903356,0.2,10.0,0.382683,22.0,-0.382683,-0.92388,6.12323e-17,1,11.0,62.0,56.0,1024.6,1019.9,4.0,9.16818,7.42215,3.2,-4.7
-0.413279,-0.910605,0.0,10.6,0.382683,22.0,-0.707107,-0.707107,0.707107,0.707107,9.0,73.0,43.0,1020.8,1017.4,1.0,13.3814,4.94661,5.4,-3.4
-0.397543,-0.917584,0.0,11.0,0.382683,26.0,-1.83697e-16,-1,0.707107,0.707107,11.0,65.0,44.0,1020.6,1016.2,8.0,13.0156,6.77504,4.2,-4.4
-0.381689,-0.924291,0.0,2.0,0.382683,37.0,1,0,-0.707107,-0.707107,7.000000000000001,67.0,80.0,1012.6000000000001,1008.4,7.0,3.41067,6.30526,-5.2,-4.2
-0.365723,-0.930724,14.6,11.2,-1.83697e-16,46.0,-1.83697e-16,-1,-1.83697e-16,-1,22.0,50.0,28.0,1013.4,1010.1,1.0,18.9271,10.2451,5.2,-3.3
-0.349647,-0.936881,0.0,11.2,-0.382683,31.0,-1.83697e-16,-1,-1.83697e-16,-1,13.0,42.0,26.999999999999996,1017.2,1012.8,1.0,19.9544,12.8896,6.8,-4.4
-0.333469,-0.942761,0.0,8.3,0.382683,26.0,-0.92388,-0.382683,0.707107,0.707107,6.0,42.0,38.0,1021.0,1020.0,7.0,14.6456,13.0786,1.3,-1
-0.317191,-0.948362,0.0,9.6,6.12323e-17,24.000000000000004,-1,1.22465e-16,0.382683,0.92388,9.0,55.0,52.0,1027.8,1024.5,2.0,10.1771,9.20826,1.8,-3.3
-0.30082,-0.953681,0.0,10.8,0.382683,24.000000000000004,-0.92388,-0.382683,0.92388,0.382683,7.000000000000001,59.0,36.0,1027.1,1021.4999999999999,0.0,16.1093,8.18021,6.2,-5.6
-0.284359,-0.958718,0.0,11.3,0.707107,20.0,-0.707107,-0.707107,0.382683,0.92388,9.0,49.0,21.0,1024.2,1019.4,1.0,23.9929,10.9534,6.9,-4.8
-0.267814,-0.963471,0.0,11.3,-1.83697e-16,20.0,-0.707107,-0.707107,0.707107,0.707107,6.0,42.99999999999999,21.0,1021.4,1016.2,1.0,24.4643,12.9859,8.3,-5.2
-0.25119,-0.967938,0.0,11.0,0.92388,17.0,-0.707107,-0.707107,0.92388,0.382683,7.000000000000001,44.0,23.000000000000004,1019.8,1016.1,0.0,23.4963,12.7934,8.8,-3.7
-0.234491,-0.972118,0.0,10.6,0.707107,19.0,-0.382683,-0.92388,0.707107,0.707107,7.000000000000001,47.0,25.0,1021.1,1017.2,0.0,22.2262,11.8124,8.5,-3.9
-0.217723,-0.976011,0.0,10.6,0.382683,24.000000000000004,-0.92388,-0.382683,0.382683,0.92388,11.0,48.00000000000001,28.0,1021.2,1016.6,0.0,20.2839,11.5063,6.6,-4.6
-0.200891,-0.979614,0.0,10.3,0.92388,31.0,0.382683,0.92388,0.707107,0.707107,9.0,55.0,56.99999999999999,1018.1,1012.7,8.0,9.04685,9.45702,2,-5.4
-0.183998,-0.982927,0.0,11.2,6.12323e-17,31.0,-0.707107,0.707107,6.12323e-17,1,14.999999999999998,56.0,46.00000000000001,1019.2,1017.1,1.0,12.3073,9.22381,1.1,-2.1
-0.167052,-0.985948,0.0,11.0,-0.382683,26.0,-0.382683,0.92388,0.382683,0.92388,13.0,55.0,45.0,1024.7,1021.3000000000001,1.0,12.6105,9.45702,1.4,-3.4
-0.150055,-0.988678,0.0,10.7,0.382683,22.0,-1.83697e-16,-1,0.707107,0.707107,9.0,58.00000000000001,51.0,1022.8,1017.8,1.0,10.7955,8.55341,3.8,-5
-0.133015,-0.991114,0.0,9.9,1,24.000000000000004,0.382683,-0.92388,0.92388,0.382683,9.0,65.0,52.0,1020.1999999999999,1016.0,2.0,10.5439,6.83749,3.9,-4.2
-0.115935,-0.993257,0.2,9.4,0.707107,28.0,0.707107,-0.707107,0.707107,0.707107,13.0,62.0,66.0,1015.4,1009.0,5.0,6.70757,7.64067,0.8,-6.4
-0.0988201,-0.995105,0.0,8.2,-0.707107,28.0,-0.92388,-0.382683,-0.707107,0.707107,9.0,53.00000000000001,55.0,1017.4,1015.6,7.0,9.43557,9.92216,1,-1.8
-0.0816764,-0.996659,0.0,11.2,6.12323e-17,24.000000000000004,-1,1.22465e-16,-0.382683,0.92388,11.0,54.0,47.0,1021.7,1018.2,2.0,11.8658,9.65559,1.5,-3.5
-0.0645084,-0.997917,0.0,3.1,0.707107,19.0,-0.382683,-0.92388,0.382683,0.92388,6.0,57.0,53.99999999999999,1020.0,1016.5,7.0,9.6776,8.78364,1.1,-3.5
-0.0473214,-0.99888,0.0,3.1,0.92388,28.0,1,0,0.92388,-0.382683,9.0,69.0,66.0,1013.2,1006.7,2.0,6.62152,5.79886,2.9,-6.5
-0.0301203,-0.999546,3.2,11.6,0.382683,39.0,-0.382683,-0.92388,-1.83697e-16,-1,14.999999999999998,30.0,21.0,1011.0,1006.2,0.0,23.9234,18.2307,4.5,-4.8
-0.0129103,-0.999917,0.0,9.4,-1.83697e-16,44.0,-0.382683,-0.92388,-0.382683,-0.92388,14.999999999999998,55.0,23.000000000000004,1006.0,1001.9,3.0,22.6654,9.2436,6.6,-4.1
0.00430354,-0.999991,0.0,11.5,-1.83697e-16,48.00000000000001,-0.382683,-0.92388,-0.382683,-0.92388,19.999999999999996,40.0,30.000000000000004,1010.5,1009.0,5.0,18.2171,13.7955,2.9,-1.5
0.0215161,-0.999769,0.0,6.0,-0.92388,28.0,-1,1.22465e-16,0.707107,0.707107,4.0,50.0,72.0,1018.1,1016.5,7.0,5.12327,10.7457,-2.1,-1.6
0.0387223,-0.99925,6.0,11.4,-0.92388,28.0,-0.382683,-0.92388,0.382683,0.92388,13.0,53.00000000000001,44.0,1022.0,1018.1,1.0,12.8319,9.74958,3.8,-3.9
0.055917,-0.998435,0.2,7.299999999999999,6.12323e-17,19.0,-0.92388,0.382683,6.12323e-17,1,6.0,56.0,52.0,1021.9,1017.4,7.0,10.2469,9.02292,1.5,-4.5
0.0902516,-0.995919,5.4,8.4,-1.83697e-16,20.0,-0.707107,-0.707107,1,0,6.0,68.0,51.0,1014.0,1009.3,3.0,10.9007,6.1524,4.3,-4.7
0.107381,-0.994218,14.6,3.6,-0.382683,43.0,-0.382683,-0.92388,0.382683,-0.92388,9.0,93.0,46.00000000000001,1011.6,1005.9,7.0,12.3073,1.1292,8,-5.7
0.124479,-0.992222,1.4,11.1,-1.83697e-16,33.0,-1,1.22465e-16,-1.83697e-16,-1,9.0,53.00000000000001,29.0,1010.9,1005.6,7.0,19.7519,10.1114,5.2,-5.3
0.14154,-0.989932,0.0,5.1,-1.83697e-16,19.0,-0.707107,-0.707107,-0.707107,-0.707107,6.0,67.0,39.0,1012.0000000000001,1008.4,4.0,14.941,6.24732,6.6,-3.6
0.158559,-0.987349,0.0,11.8,0.707107,28.0,1,0,1,0,7.000000000000001,52.0,44.0,1012.8,1008.3,2.0,13.2103,10.4261,2.6,-4.5
0.175531,-0.984474,0.0,10.9,0.382683,24.000000000000004,-0.707107,0.707107,0.382683,0.92388,13.0,65.0,59.0,1015.2,1012.1,1.0,8.61258,6.93695,2.6,-3.1
0.192452,-0.981306,0.0,6.8,6.12323e-17,30.0,6.12323e-17,1,0.707107,0.707107,13.0,69.0,63.00000000000001,1019.2,1016.1,7.0,7.54997,6.05213,1,-3.1
0.209315,-0.977848,30.799999999999997,7.8,6.12323e-17,24.000000000000004,-1,1.22465e-16,6.12323e-17,1,13.0,78.0,62.0,1017.8,1013.1,2.0,7.8388,4.0005,4.3,-4.7
0.226116,-0.9741,13.8,5.8,-1,28.0,-0.92388,-0.382683,0.382683,0.92388,9.0,83.0,68.0,1009.3,1004.8,1.0,6.32729,3.02794,2.9,-4.5
0.24285,-0.970064,6.2,12.0,0.382683,20.0,-0.382683,-0.92388,0.382683,0.92388,11.0,64.0,49.00000000000001,1014.2,1013.2,1.0,11.6315,7.21238,3.4,-1
0.259512,-0.96574,0.6,1.0,-0.92388,54.0,-0.707107,0.707107,-0.707107,0.707107,16.999999999999996,74.0,63.00000000000001,1025.9,1026.5,7.0,7.28051,4.82862,-1,0.6
0.276097,-0.96113,0.4,9.0,-0.707107,33.0,-0.382683,0.92388,-0.382683,0.92388,19.0,42.0,47.0,1031.0,1028.5,6.0,11.8837,13.4503,1.1,-2.5
0.2926,-0.956235,0.0,8.8,6.12323e-17,31.0,-0.92388,0.382683,6.12323e-17,1,14.999999999999998,65.0,48.0,1029.9,1026.4,7.0,11.5583,6.81664,1.8,-3.5
0.309017,-0.951057,0.0,5.7,6.12323e-17,26.0,6.12323e-17,1,6.12323e-17,1,13.0,52.0,50.0,1028.3,1024.7,6.0,11.0085,10.2857,1.6,-3.6
0.325342,-0.945596,0.0,10.4,6.12323e-17,30.0,-0.382683,0.92388,6.12323e-17,1,13.0,59.0,51.0,1025.8,1022.5,5.0,10.7794,8.40141,1.9,-3.3
0.341571,-0.939856,0.0,7.9,0.382683,30.0,-0.382683,0.92388,6.12323e-17,1,16.999999999999996,63.0,63.00000000000001,1024.5,1022.1999999999999,6.0,7.42026,7.3922,0.5,-2.3
0.357698,-0.933837,0.0,12.0,6.12323e-17,28.0,6.12323e-17,1,0.382683,0.92388,11.0,56.0,53.0,1023.8,1020.8,2.0,10.1799,9.23774,1.3,-3
0.37372,-0.927542,0.0,11.5,6.12323e-17,24.000000000000004,-0.382683,-0.92388,0.707107,0.707107,9.0,60.0,47.0,1019.9000000000001,1015.3,7.0,12.1619,8.19159,2.6,-4.6
0.38963,-0.920971,0.0,11.1,0.92388,28.0,6.12323e-17,1,0.92388,0.382683,11.0,58.00000000000001,58.0,1015.5,1011.5,6.0,8.94201,8.85567,1.3,-4
0.405426,-0.914128,0.0,7.1,6.12323e-17,30.0,-0.92388,0.382683,6.12323e-17,1,11.0,69.0,62.0,1015.8,1013.4,2.0,7.82708,6.06128,1.2,-2.4
0.421101,-0.907014,6.2,6.1,-0.92388,35.0,-1,1.22465e-16,-0.707107,0.707107,14.999999999999998,68.0,67.0,1018.0,1015.9,5.0,6.48064,6.26083,-0.3,-2.1
0.436651,-0.899631,0.0,0.8,-0.707107,22.0,-0.382683,0.92388,6.12323e-17,1,9.0,62.0,62.0,1019.0,1016.2,7.0,7.69869,7.68126,0.3,-2.8
0.452072,-0.891981,0.0,5.7,0.382683,19.0,0.92388,-0.382683,0.707107,0.707107,7.000000000000001,62.0,60.00000000000001,1016.2,1013.1,2.0,8.30952,7.65806,2.3,-3.1
0.467359,-0.884068,0.0,7.299999999999999,-0.707107,26.0,0.707107,-0.707107,0.92388,0.382683,9.0,66.0,60.00000000000001,1014.1,1010.3,6.0,8.45966,6.78394,2.7,-3.8
0.482508,-0.875892,28.4,1.5,-0.707107,39.0,-0.707107,0.707107,-0.707107,0.707107,14.999999999999998,71.0,60.00000000000001,1015.7,1014.9,7.0,8.20396,5.54542,0.3,-0.8
0.497513,-0.867456,0.0,8.9,-1,24.000000000000004,-0.92388,0.382683,6.12323e-17,1,7.000000000000001,58.00000000000001,51.0,1018.7,1014.4,6.0,10.7794,8.66453,1.9,-4.3
0.512371,-0.858764,0.0,12.0,0.382683,26.0,0.92388,0.382683,0.92388,0.382683,7.000000000000001,58.00000000000001,55.0,1014.0,1008.9,3.0,9.82522,8.79613,2.8,-5.1
0.527078,-0.849817,0.0,12.3,-0.707107,30.0,-1,1.22465e-16,0.382683,0.92388,13.0,54.0,62.0,1010.7999999999998,1007.6,1.0,7.8799,10.0404,0.4,-3.2
0.541628,-0.840618,0.0,9.8,6.12323e-17,30.0,-0.382683,0.92388,0.382683,0.92388,16.999999999999996,57.0,53.99999999999999,1016.4,1014.7,2.0,10.0031,9.06725,1.3,-1.7
0.556017,-0.831171,0.0,7.0,6.12323e-17,20.0,-0.382683,0.92388,0.382683,0.92388,9.0,64.0,49.00000000000001,1020.3,1017.5,7.0,11.4261,7.18517,1.5,-2.8
0.570242,-0.821477,0.0,9.9,0.707107,28.0,0.707107,0.707107,0.707107,0.707107,11.0,55.0,49.00000000000001,1018.2,1014.8,6.0,11.4602,9.54304,1.8,-3.4
0.584298,-0.811539,0.0,12.0,0.707107,26.0,0.92388,0.382683,0.92388,0.382683,9.0,52.0,53.0,1018.5,1015.4,1.0,10.3331,10.5911,0.5,-3.1
0.598181,-0.801361,0.0,13.1,0.92388,28.0,0.707107,-0.707107,0.707107,0.707107,11.0,53.00000000000001,46.00000000000001,1019.7,1016.1,1.0,12.594,10.2028,2.4,-3.6
0.611886,-0.790946,0.0,12.4,0.707107,28.0,0.92388,-0.382683,0.707107,0.707107,11.0,55.0,56.0,1019.5999999999999,1016.0,1.0,9.53268,9.73797,1.1,-3.6
0.625411,-0.780296,0.0,12.2,0.92388,28.0,1,0,0.707107,0.707107,11.0,48.00000000000001,55.0,1017.5,1014.0,2.0,9.8982,11.9437,1.2,-3.5
0.638749,-0.769415,0.0,9.7,6.12323e-17,28.0,0.382683,0.92388,0.382683,0.92388,14.999999999999998,66.0,53.99999999999999,1020.0,1017.9,1.0,10.1828,6.82997,2.4,-2.1
0.651899,-0.758306,0.0,12.5,6.12323e-17,22.0,0.707107,0.707107,0.382683,0.92388,7.000000000000001,56.0,47.0,1019.2,1016.3,1.0,12.3067,9.45501,1.4,-2.9
0.664855,-0.746972,0.0,11.0,0.707107,30.0,1,0,0.707107,0.707107,11.0,56.0,55.0,1017.7,1013.7,7.0,9.81065,9.45501,1,-4
0.677615,-0.735417,0.0,12.2,0.382683,30.0,0.92388,0.382683,0.707107,0.707107,13.0,51.0,58.0,1016.5,1013.3,1.0,9.00202,11.0227,0.2,-3.2
0.690173,-0.723644,0.0,12.2,0.382683,22.0,1,0,0.92388,0.382683,11.0,51.0,52.0,1017.3,1014.6,1.0,10.9168,11.088,1.7,-2.7
0.702527,-0.711657,0.0,10.5,0.92388,26.0,0.92388,-0.382683,0.707107,0.707107,13.0,50.0,45.0,1018.7,1015.5,3.0,13.0861,11.4589,-0.3,-3.2
0.714673,-0.699458,0.0,6.5,0.382683,20.0,0.382683,0.92388,0.92388,0.382683,7.000000000000001,53.00000000000001,52.0,1019.1,1015.8,7.0,10.7653,10.3946,0.9,-3.3
0.726608,-0.687053,0.0,3.8,0.707107,22.0,0.92388,0.382683,0.707107,0.707107,7.000000000000001,60.0,52.0,1018.8,1015.5,5.0,10.7097,8.37192,1.1,-3.3
0.738326,-0.674444,0.0,12.5,0.382683,24.000000000000004,0.382683,0.92388,0.382683,0.92388,11.0,54.0,50.0,1019.1,1016.2,1.0,11.3162,10.0703,0.5,-2.9
0.749826,-0.661635,0.0,12.4,0.92388,30.0,0.707107,0.707107,0.92388,0.382683,13.0,54.0,53.0,1018.1,1013.3,1.0,10.4718,10.0703,1.4,-4.8
0.761104,-0.64863,0.0,12.5,6.12323e-17,28.0,0.707107,-0.707107,0.92388,0.382683,9.0,50.0,39.0,1016.1,1013.2,1.0,15.3524,11.3581,1.4,-2.9
0.772157,-0.635432,0.0,9.2,0.707107,39.0,0.707107,0.707107,0.707107,0.707107,14.999999999999998,55.0,56.99999999999999,1015.3,1011.1,7.0,9.29313,9.74523,1.6,-4.2
0.78298,-0.622047,0.0,7.1,0.707107,28.0,1,0,0.707107,0.707107,13.0,59.0,69.0,1014.1,1011.6,6.0,6.22701,8.78723,-0.3,-2.5
0.793572,-0.608477,1.6,0.0,-0.707107,17.0,-0.92388,-0.382683,-1,1.22465e-16,4.0,90.0,80.0,1018.6,1016.4,7.0,3.67338,1.70506,3.2,-2.2
0.814046,-0.5808,0.6,5.9,1,28.0,1,0,0.92388,0.382683,9.0,55.0,70.0,1013.9,1010.9,7.0,5.9154,9.87628,-1.5,-3
0.823923,-0.566702,3.2,12.6,0.707107,24.000000000000004,-0.92388,-0.382683,0.382683,0.92388,13.0,60.0,56.0,1012.3,1009.5,2.0,9.74609,8.4848,2.2,-2.8
0.852078,-0.523416,0.0,7.499999999999999,0.382683,26.0,0.382683,0.92388,0.382683,0.92388,9.0,57.0,61.0,1016.4,1012.6,4.0,8.23096,9.28625,0.5,-3.8
0.860961,-0.508671,0.0,0.9,-0.707107,35.0,-0.382683,-0.92388,-0.707107,0.707107,11.0,65.0,71.0,1011.6999999999999,1010.6,7.0,5.57071,7.17529,-3.9,-1.1
0.869589,-0.493776,13.000000000000002,2.3,-0.92388,33.0,-0.92388,-0.382683,-0.707107,0.707107,13.0,58.00000000000001,56.99999999999999,1015.3,1014.2,7.0,9.02647,8.70391,0.8,-1.1
0.87796,-0.478734,0.0,12.2,6.12323e-17,30.0,-0.707107,0.707107,6.12323e-17,1,13.0,49.0,44.0,1017.8,1014.9,2.0,13.142,11.3835,1.3,-2.9
0.886071,-0.46355,0.0,8.7,6.12323e-17,22.0,0.382683,0.92388,0.707107,0.707107,9.0,58.00000000000001,53.99999999999999,1015.6,1011.2,7.0,10.0404,8.81596,1.5,-4.4
0.893919,-0.448229,0.0,2.4,-0.382683,37.0,-0.92388,0.382683,-0.382683,0.92388,14.999999999999998,64.0,58.0,1015.3,1013.4,7.0,8.73679,7.19605,0.1,-1.9
0.901502,-0.432776,0.0,0.0,-0.92388,33.0,-0.92388,0.382683,-0.707107,0.707107,14.999999999999998,55.0,56.99999999999999,1015.5,1013.2,7.0,8.89791,9.47133,-0.4,-2.3
0.908818,-0.417194,5.799999999999999,0.0,-0.707107,20.0,-1,1.22465e-16,6.12323e-17,1,7.000000000000001,93.0,93.0,1011.2,1009.5,8.0,1.15065,1.14437,0.7,-1.7
0.915864,-0.401488,36.0,1.7,-0.707107,37.0,-0.92388,-0.382683,-0.707107,0.707107,16.999999999999996,96.00000000000001,69.0,1008.8,1007.8,7.0,6.00197,0.656663,3.4,-1
0.92264,-0.385663,2.4,10.8,6.12323e-17,24.000000000000004,-0.92388,0.382683,6.12323e-17,1,11.0,58.00000000000001,62.0,1012.5,1010.5,7.0,7.82122,8.84242,0.5,-2
0.929141,-0.369725,19.4,2.2,0.707107,20.0,-0.92388,-0.382683,0.707107,0.707107,9.0,90.99999999999999,82.0,1011.6,1006.6,6.0,3.2447,1.52494,2.3,-5
0.935368,-0.353676,1.6,6.8,-0.382683,30.0,-0.707107,0.707107,0.382683,-0.92388,4.0,72.0,88.0,1005.5,1004.1,7.0,2.12513,5.48244,-2.2,-1.4
0.941317,-0.337523,10.0,10.2,-1.83697e-16,33.0,-0.92388,-0.382683,-1.83697e-16,-1,14.999999999999998,74.0,41.0,1002.2,999.1,4.0,14.9671,5.04897,5.2,-3.1
0.946988,-0.32127,0.0,11.1,0.382683,28.0,0.92388,-0.382683,0.382683,0.92388,14.999999999999998,54.0,66.0,1006.0,1005.0,3.0,6.91732,10.0479,1.1,-1
0.952378,-0.304921,2.0,10.6,6.12323e-17,31.0,-0.92388,0.382683,6.12323e-17,1,16.999999999999996,67.0,62.0,1013.0,1011.1,5.0,7.8799,6.61867,0.3,-1.9
0.957485,-0.288482,1.2,0.0,-0.707107,26.0,6.12323e-17,1,-0.382683,0.92388,14.999999999999998,83.0,71.0,1017.0,1015.1,8.0,5.51598,3.01405,0.7,-1.9
0.962309,-0.271958,0.2,2.4,-0.707107,30.0,-0.382683,0.92388,-0.382683,0.92388,16.999999999999996,55.0,55.0,1018.2,1017.3,6.0,9.56461,9.5934,-0.4,-0.9
0.966848,-0.255353,0.0,10.9,0.382683,35.0,-0.707107,0.707107,-0.382683,0.92388,19.0,52.0,50.0,1019.8,1017.6,4.0,11.1494,10.4888,0.7,-2.2
0.9711,-0.238673,0.0,2.1,6.12323e-17,24.000000000000004,-0.707107,0.707107,0.382683,0.92388,9.0,60.0,53.99999999999999,1018.6,1016.0,8.0,9.91381,8.27841,-0.1,-2.6
0.975065,-0.221922,0.0,6.0,0.382683,28.0,0.92388,0.382683,0.707107,0.707107,11.0,61.0,53.99999999999999,1015.3,1011.9,7.0,10.0329,7.98262,2.1,-3.4
0.97874,-0.205104,0.0,12.2,0.92388,26.0,0.707107,-0.707107,0.92388,0.382683,9.0,54.0,51.0,1013.2,1011.4,4.0,11.039,10.0404,1.3,-1.8
0.982126,-0.188227,0.0,9.3,0.382683,24.000000000000004,-1.83697e-16,-1,0.382683,0.92388,14.999999999999998,76.0,56.0,1015.2,1013.0,3.0,9.49028,4.51006,2,-2.2
0.98522,-0.171293,3.4,10.9,6.12323e-17,33.0,-0.382683,0.92388,6.12323e-17,1,14.999999999999998,61.0,52.0,1014.9,1012.9,7.0,10.7018,8.12147,0.8,-2
0.988023,-0.154309,0.4,0.9,-0.707107,33.0,-0.707107,0.707107,-0.707107,0.707107,13.0,66.0,86.0,1011.0,1009.4,8.0,2.4677,6.85048,-3.2,-1.6
0.990532,-0.137279,29.6,4.2,-0.707107,37.0,-0.707107,0.707107,-0.382683,0.92388,16.999999999999996,87.0,62.0,1009.1,1007.5,7.0,7.8799,2.30117,2.5,-1.6
0.992749,-0.120208,1.8000000000000003,12.3,-0.707107,37.0,-0.707107,0.707107,-0.382683,0.92388,19.0,62.0,52.0,1008.6,1006.4,1.0,10.7494,7.8388,1.8,-2.2
0.994671,-0.103102,0.0,13.1,0.382683,26.0,-0.382683,-0.92388,6.12323e-17,1,13.0,55.0,50.0,1007.5,1003.9,1.0,11.5011,9.72347,3.5,-3.6
0.996298,-0.0859648,0.0,4.5,-0.707107,43.0,-0.382683,-0.92388,6.12323e-17,1,4.0,67.0,48.0,1004.6,1001.1,6.0,12.38,6.64347,5.1,-3.5
0.99763,-0.0688024,5.4,11.0,-0.92388,24.000000000000004,-0.92388,-0.382683,-0.707107,0.707107,4.0,56.0,56.0,1008.1,1006.0,6.0,9.56809,9.46911,1.4,-2.1
0.998667,-0.0516197,0.0,7.8,6.12323e-17,30.0,-0.92388,-0.382683,-0.382683,0.92388,9.0,57.0,56.0,1010.4,1009.3,7.0,9.52561,9.09449,2.2,-1.1
0.999407,-0.0344216,0.0,5.3,-0.707107,43.0,-1,1.22465e-16,-0.382683,0.92388,19.0,56.0,61.0,1014.5,1013.1,6.0,8.08514,9.37062,0.9,-1.4
0.999852,-0.0172134,0.2,5.5,-0.707107,33.0,-0.92388,0.382683,-0.92388,0.382683,13.0,58.00000000000001,59.0,1016.5,1014.7,7.0,8.54832,8.85567,-0.6,-1.8
1,0,2.4,13.1,6.12323e-17,33.0,-0.92388,0.382683,-0.382683,0.92388,14.999999999999998,55.0,46.00000000000001,1016.4,1013.9,3.0,12.6126,9.68725,1.8,-2.5
0.999852,0.0172134,0.0,13.0,6.12323e-17,28.0,-0.92388,0.382683,6.12323e-17,1,11.0,53.00000000000001,45.0,1018.0,1015.7,2.0,12.9808,10.3177,1.4,-2.3
0.998667,0.0516197,0.0,12.7,0.92388,28.0,-0.382683,0.92388,0.707107,0.707107,9.0,52.0,48.0,1017.4,1013.0,2.0,12.0765,10.5754,3,-4.4
0.99763,0.0688024,0.0,6.6,0.382683,26.0,0.382683,0.92388,0.707107,0.707107,11.0,68.0,59.0,1015.5,1013.2,3.0,8.65769,6.38931,-0.1,-2.3
0.996298,0.0859648,0.0,8.3,0.707107,22.0,-0.707107,-0.707107,0.382683,0.92388,11.0,62.0,53.99999999999999,1012.2,1009.5,2.0,10.2733,7.82708,3.6,-2.7
0.994671,0.103102,0.0,5.8,6.12323e-17,20.0,-0.382683,0.92388,6.12323e-17,1,9.0,75.0,65.0,1014.9,1012.7,5.0,7.15395,4.72023,2.8,-2.2
0.992749,0.120208,0.0,11.6,0.382683,26.0,0.92388,-0.382683,0.92388,0.382683,11.0,65.0,62.0,1013.1,1009.1,1.0,8.02752,7.14862,2,-4
0.990532,0.137279,0.0,12.7,0.382683,24.000000000000004,0.707107,-0.707107,0.382683,0.92388,11.0,54.0,56.99999999999999,1007.8,1003.5,2.0,9.67556,10.3186,3.3,-4.3
0.988023,0.154309,0.0,10.6,6.12323e-17,28.0,-1,1.22465e-16,6.12323e-17,1,14.999999999999998,71.0,56.0,1008.7,1005.5,1.0,9.78188,5.78796,1.8,-3.2
0.98522,0.171293,0.0,11.9,-1.83697e-16,33.0,-0.382683,-0.92388,-0.382683,-0.92388,11.0,37.0,16.0,1007.3,1003.1,5.0,29.8625,16.4776,4.8,-4.2
0.982126,0.188227,0.0,9.6,-0.707107,35.0,-0.707107,0.707107,6.12323e-17,1,16.999999999999996,46.0,49.00000000000001,1012.1,1011.4,5.0,11.5371,12.6405,-1.4,-0.7
0.97874,0.205104,0.0,9.7,6.12323e-17,28.0,6.12323e-17,1,0.382683,0.92388,11.0,55.0,53.0,1016.4,1013.6,5.0,10.3254,9.66556,1.1,-2.8
0.975065,0.221922,0.0,3.1,0.382683,26.0,0.382683,0.92388,0.382683,0.92388,13.0,61.0,56.99999999999999,1015.3,1012.5,7.0,9.17643,8.03078,1.2,-2.8
0.9711,0.238673,2.4,2.8,0.382683,37.0,-0.382683,0.92388,-0.707107,0.707107,6.0,64.0,63.00000000000001,1014.5,1013.0,7.0,7.54997,7.29977,0,-1.5
0.966848,0.255353,44.4,0.2,-0.707107,43.0,-0.382683,0.92388,-0.382683,0.92388,13.0,90.0,75.0,1016.5,1015.0,7.0,4.70596,1.71428,2.2,-1.5
0.962309,0.271958,34.2,0.0,-0.707107,26.0,6.12323e-17,1,-0.707107,0.707107,6.0,96.00000000000001,93.0,1016.0,1013.6,7.0,1.19324,0.669984,0.5,-2.4
0.957485,0.288482,5.4,7.499999999999999,6.12323e-17,20.0,-0.382683,-0.92388,0.382683,0.92388,11.0,72.0,70.0,1012.7,1010.7,7.0,5.97762,5.45785,1.4,-2
0.952378,0.304921,0.0,12.3,-0.382683,31.0,-0.707107,0.707107,-0.382683,0.92388,16.999999999999996,65.0,62.0,1013.9,1011.7,2.0,8.03939,7.18063,1.6,-2.2
0.946988,0.32127,0.0,8.8,-0.707107,35.0,-0.92388,0.382683,-0.707107,0.707107,16.999999999999996,64.0,61.0,1013.7,1011.9,4.0,8.20656,7.38768,0.8,-1.8
0.941317,0.337523,0.0,9.7,-0.382683,35.0,-0.92388,0.382683,-0.707107,0.707107,14.999999999999998,56.0,63.00000000000001,1012.5,1010.3,7.0,7.67506,9.54684,0.2,-2.2
0.935368,0.353676,0.0,9.7,0.382683,37.0,-0.382683,0.92388,-0.382683,0.92388,11.0,58.00000000000001,56.0,1014.3,1012.3,7.0,9.61777,8.97532,1.2,-2
0.929141,0.369725,0.6,0.5,-0.92388,30.0,-0.382683,0.92388,-0.382683,0.92388,7.000000000000001,73.0,91.0,1013.6,1012.7,8.0,1.55451,5.24895,-3.4,-0.9
0.92264,0.385663,31.2,0.0,6.12323e-17,33.0,-0.382683,0.92388,-0.382683,0.92388,13.0,97.0,96.0,1012.0000000000001,1009.9,8.0,0.672045,0.503315,-0.4,-2.1
0.915864,0.401488,168.4,0.7,0.707107,26.0,-1,1.22465e-16,0.707107,0.707107,6.0,98.0,88.0,1008.5,1005.8,8.0,2.12513,0.33482,1.3,-2.7
0.901502,0.432776,8.6,0.0,-0.382683,33.0,6.12323e-17,1,-0.382683,0.92388,13.0,95.0,96.99999999999999,1011.3,1009.3,8.0,0.50718,0.854262,-0.2,-2
0.886071,0.46355,18.0,0.0,6.12323e-17,30.0,-0.382683,0.92388,0.382683,0.92388,7.000000000000001,98.0,95.0,1010.2,1007.8,8.0,0.85948,0.33482,1.7,-2.4
0.87796,0.478734,15.8,6.3,0.707107,26.0,0.382683,0.92388,0.707107,0.707107,11.0,83.0,72.0,1009.4,1006.7,5.0,5.51531,3.11663,1.7,-2.7
0.852078,0.523416,0.4,9.9,6.12323e-17,33.0,0.382683,0.92388,0.382683,0.92388,11.0,66.0,60.00000000000001,1006.2,1004.2,6.0,8.4471,6.91217,0,-2
0.833556,0.552435,0.2,8.6,-0.382683,22.0,-0.92388,0.382683,-0.707107,0.707107,9.0,61.0,55.0,1003.8,1001.5,6.0,9.90552,8.17005,1.2,-2.3
0.823923,0.566702,0.0,11.1,6.12323e-17,24.000000000000004,-0.707107,-0.707107,0.382683,0.92388,9.0,63.0,53.99999999999999,1003.7,999.5,2.0,10.3641,7.62376,3.9,-4.2
0.814046,0.5808,0.0,11.2,6.12323e-17,22.0,0.382683,-0.92388,6.12323e-17,1,14.999999999999998,68.0,62.0,1001.1,998.8,5.0,8.11673,6.45162,2.8,-2.3
0.803928,0.594727,0.0,10.6,-0.382683,31.0,-0.707107,0.707107,0.382683,0.92388,9.0,65.0,65.0,1004.8,1002.2,2.0,7.26635,7.23951,0.5,-2.6
0.78298,0.622047,32.2,12.1,-0.707107,35.0,-0.92388,-0.382683,-0.707107,0.707107,16.999999999999996,68.0,59.0,1010.1,1008.1,4.0,8.74827,6.39887,1.1,-2
0.772157,0.635432,0.0,12.0,6.12323e-17,24.000000000000004,-1,1.22465e-16,6.12323e-17,1,11.0,62.0,56.99999999999999,1012.4,1009.8,1.0,9.30002,7.8564,1.6,-2.6
0.761104,0.64863,0.0,10.6,0.707107,22.0,-0.707107,-0.707107,6.12323e-17,1,9.0,75.0,59.0,1012.4,1008.9,3.0,8.85888,4.74169,4.5,-3.5
0.749826,0.661635,1.2,10.0,-0.707107,35.0,-0.707107,-0.707107,0.382683,0.92388,13.0,69.0,58.0,1014.3,1010.9,2.0,9.23723,6.19462,3.6,-3.4
0.738326,0.674444,14.8,8.1,-0.707107,35.0,0.707107,0.707107,0.382683,0.92388,13.0,73.0,65.0,1015.9,1013.1,5.0,7.23415,5.27257,1.3,-2.8
0.726608,0.687053,1.6,10.9,6.12323e-17,33.0,-0.707107,0.707107,-0.382683,0.92388,16.999999999999996,64.0,63.00000000000001,1017.4,1015.2,3.0,7.69219,7.38217,1,-2.2
0.714673,0.699458,0.0,11.6,-0.707107,35.0,-0.707107,0.707107,-0.382683,0.92388,16.999999999999996,61.0,52.0,1018.5,1015.7,1.0,10.7971,8.12147,2,-2.8
0.702527,0.711657,0.0,11.6,-0.707107,31.0,-0.92388,0.382683,-0.382683,0.92388,13.0,60.0,53.0,1017.8,1015.4,2.0,10.495,8.40947,1.6,-2.4
0.690173,0.723644,0.0,11.9,-0.382683,35.0,-0.92388,-0.382683,-0.382683,0.92388,13.0,64.0,55.0,1016.9,1014.2,3.0,9.92747,7.36016,2.2,-2.7
0.677615,0.735417,0.0,8.7,6.12323e-17,26.0,-1,1.22465e-16,0.382683,0.92388,11.0,65.0,61.0,1016.9,1014.3,5.0,8.30434,7.12199,2.7,-2.6
0.664855,0.746972,0.0,8.9,0.382683,22.0,-1,1.22465e-16,0.382683,0.92388,11.0,68.0,61.0,1017.3,1013.4,3.0,8.37803,6.44201,2.9,-3.9
0.651899,0.758306,0.0,11.2,0.707107,22.0,-1.83697e-16,-1,0.92388,0.382683,7.000000000000001,75.0,59.0,1013.9,1009.6,6.0,8.90461,4.80274,3.5,-4.3
0.638749,0.769415,20.0,5.3,-0.382683,26.0,1,0,0.707107,0.707107,6.0,83.0,77.0,1009.4,1006.3,7.0,4.41341,3.12134,1.7,-3.1
0.625411,0.780296,0.2,9.5,-0.382683,33.0,-0.92388,0.382683,6.12323e-17,1,14.999999999999998,64.0,62.0,1013.7,1011.9,7.0,7.94469,7.37667,1,-1.8
0.611886,0.790946,5.2,0.0,-0.707107,19.0,-0.707107,-0.707107,-0.92388,0.382683,9.0,87.0,94.0,1018.5,1018.3,8.0,1.0095,2.28369,-1.3,-0.2
0.598181,0.801361,10.4,0.0,-0.92388,24.000000000000004,-0.707107,0.707107,-0.382683,0.92388,9.0,92.0,94.0,1020.1,1018.6,8.0,1.01495,1.35645,0.9,-1.5
0.584298,0.811539,58.4,5.7,6.12323e-17,39.0,6.12323e-17,1,6.12323e-17,1,16.999999999999996,84.0,79.0,1019.7,1017.9,7.0,3.94529,2.9428,-0.6,-1.8
0.570242,0.821477,13.999999999999998,6.2,6.12323e-17,28.0,-0.382683,0.92388,-0.382683,0.92388,11.0,74.0,71.0,1020.8,1017.8,6.0,5.6767,5.02258,-0.5,-3
0.541628,0.840618,0.0,11.6,0.382683,26.0,6.12323e-17,1,0.382683,0.92388,9.0,64.0,58.0,1016.8,1014.8,3.0,9.08904,7.40974,1.5,-2
0.512371,0.858764,0.0,10.8,0.707107,24.000000000000004,-1.83697e-16,-1,0.707107,0.707107,11.0,68.0,56.99999999999999,1013.0,1009.0,7.0,9.44521,6.41324,2.9,-4
0.497513,0.867456,0.0,11.2,0.382683,20.0,-0.707107,-0.707107,0.707107,0.707107,7.000000000000001,61.0,50.0,1011.0,1008.5,1.0,11.6959,8.20047,4,-2.5
0.482508,0.875892,0.8,6.0,6.12323e-17,28.0,-0.707107,0.707107,-0.382683,0.92388,7.000000000000001,78.0,88.0,1015.2,1013.5,7.0,2.16241,4.1614,0.3,-1.7
0.467359,0.884068,16.4,4.5,6.12323e-17,28.0,-0.382683,0.92388,6.12323e-17,1,6.0,85.99999999999999,76.0,1015.5,1012.8,7.0,4.61648,2.53416,1.2,-2.7
0.452072,0.891981,22.2,0.0,6.12323e-17,22.0,6.12323e-17,1,-0.382683,0.92388,11.0,98.0,91.0,1012.5,1009.9,8.0,1.57238,0.33636,0.8,-2.6
0.436651,0.899631,7.599999999999999,2.9,-0.707107,28.0,-0.92388,0.382683,-0.92388,0.382683,9.0,78.0,70.0,1012.7,1010.9,6.0,5.86232,4.11467,-0.1,-1.8
0.421101,0.907014,7.4,10.3,-0.707107,30.0,-1,1.22465e-16,-0.382683,0.92388,9.0,66.0,53.0,1012.0000000000001,1008.1,5.0,10.4255,6.77373,2.8,-3.9
0.405426,0.914128,0.0,9.6,6.12323e-17,20.0,-0.92388,-0.382683,0.382683,0.92388,9.0,63.0,62.0,1011.5,1007.8,4.0,7.89166,7.49908,2.4,-3.7
0.38963,0.920971,0.0,11.7,-0.707107,24.000000000000004,-0.707107,-0.707107,-0.92388,-0.382683,6.0,68.0,32.0,1011.5,1008.3,1.0,18.6092,6.33205,5.6,-3.2
0.37372,0.927542,0.0,11.5,6.12323e-17,20.0,-0.382683,-0.92388,0.382683,0.92388,7.000000000000001,50.0,50.0,1013.3,1011.4,2.0,11.5264,11.1328,4.7,-1.9
0.341571,0.939856,0.2,8.6,6.12323e-17,31.0,-0.707107,0.707107,6.12323e-17,1,13.0,67.0,60.00000000000001,1018.7,1017.3,4.0,8.36567,6.59887,0.1,-1.4
0.325342,0.945596,0.0,9.8,-0.707107,39.0,-0.707107,0.707107,-0.382683,0.92388,16.999999999999996,61.0,50.0,1020.5000000000001,1017.7,6.0,11.3749,8.1033,1.8,-2.8
0.2926,0.956235,8.2,2.8,0.707107,26.0,-0.92388,0.382683,6.12323e-17,1,13.0,79.0,79.0,1016.0,1012.8,8.0,3.91274,3.90979,0.1,-3.2
0.276097,0.96113,0.6,11.1,-0.707107,26.0,-0.92388,0.382683,6.12323e-17,1,13.0,72.0,61.0,1014.1,1010.9,1.0,8.23706,5.46195,1.7,-3.2
0.259512,0.96574,0.4,2.4,-1,31.0,-0.92388,-0.382683,6.12323e-17,1,11.0,82.0,79.0,1013.4,1010.5,8.0,3.92456,3.33937,-1.1,-2.9
0.24285,0.970064,22.2,0.0,-0.707107,33.0,-0.92388,-0.382683,-0.707107,0.707107,13.0,88.0,68.0,1015.7,1013.6,7.0,6.33681,2.09939,2.2,-2.1
0.226116,0.9741,0.2,6.3,-0.382683,28.0,-0.92388,-0.382683,-0.92388,-0.382683,2.0,73.0,68.0,1016.0,1012.2,7.0,6.36542,5.11996,2.5,-3.8
0.209315,0.977848,4.4,7.1,-0.707107,37.0,-0.382683,0.92388,-0.382683,0.92388,14.999999999999998,84.0,65.0,1014.0,1010.7,4.0,7.15928,2.88778,2.6,-3.3
0.192452,0.981306,3.4,2.6,-0.382683,22.0,-0.382683,0.92388,-0.382683,0.92388,11.0,76.0,73.0,1009.4,1005.7,7.0,5.19795,4.51689,0.8,-3.7
0.175531,0.984474,0.2,0.0,0.382683,26.0,-0.382683,0.92388,-0.707107,0.707107,9.0,83.0,96.99999999999999,1006.8,1004.9,8.0,0.498313,3.09317,-3.2,-1.9
0.158559,0.987349,16.0,3.4,0.382683,19.0,-0.707107,-0.707107,-1.83697e-16,-1,4.0,93.0,66.0,1004.4,1001.8,5.0,7.02079,1.18411,7.5,-2.6
0.14154,0.989932,0.0,9.2,-0.382683,28.0,-0.707107,-0.707107,6.12323e-17,1,13.0,48.00000000000001,64.0,1010.9,1010.8,5.0,7.38768,11.724,2.4,-0.1
0.124479,0.992222,0.0,8.6,-0.707107,33.0,-0.707107,0.707107,-0.382683,0.92388,14.999999999999998,60.0,60.00000000000001,1018.6,1017.8,3.0,8.27841,8.29085,-0.2,-0.8
0.107381,0.994218,0.0,10.8,6.12323e-17,28.0,-0.92388,0.382683,-0.382683,0.92388,13.0,64.0,52.0,1021.4,1019.2,1.0,10.5832,7.26148,1,-2.2
0.0902516,0.995919,0.0,8.0,6.12323e-17,33.0,-1,1.22465e-16,-0.382683,0.92388,14.999999999999998,66.0,53.99999999999999,1021.6,1019.0,6.0,9.99565,6.74825,1.5,-2.6
0.0730951,0.997325,0.0,9.2,-0.707107,30.0,-0.707107,0.707107,-0.382683,0.92388,14.999999999999998,65.0,50.0,1020.4,1017.0,2.0,11.2493,7.02125,1.6,-3.4
0.055917,0.998435,0.0,8.2,-0.92388,30.0,-0.92388,-0.382683,-0.382683,0.92388,13.0,65.0,58.0,1018.4,1014.7,4.0,8.92205,6.98431,2.3,-3.7
0.0387223,0.99925,0.2,9.5,6.12323e-17,30.0,-0.707107,-0.707107,6.12323e-17,1,13.0,69.0,65.0,1016.4,1013.6,3.0,7.0901,6.07501,1.2,-2.8
0.0215161,0.999769,2.0,11.0,-0.707107,30.0,-0.92388,-0.382683,-0.707107,0.707107,13.0,70.0,55.0,1016.8,1013.4,1.0,9.80337,5.8007,3.1,-3.4
0.00430354,0.999991,0.2,8.2,-0.92388,30.0,-0.382683,-0.92388,-0.92388,-0.382683,6.0,69.0,52.0,1016.0,1012.4,4.0,10.7653,6.01563,4.4,-3.6
-0.0129103,0.999917,0.0,10.7,-0.707107,20.0,-0.707107,-0.707107,-0.382683,-0.92388,6.0,65.0,42.0,1015.6,1011.9,3.0,14.3125,6.98431,6,-3.7
-0.0301203,0.999546,0.0,10.4,-0.707107,24.000000000000004,-0.92388,-0.382683,-1,1.22465e-16,6.0,66.0,39.0,1015.6,1012.2,2.0,15.4644,6.74825,5.9,-3.4
-0.0473214,0.99888,0.0,10.5,0.382683,24.000000000000004,-0.382683,-0.92388,-0.382683,0.92388,11.0,68.0,53.0,1016.8,1014.0,2.0,10.3792,6.27505,2.7,-2.8
-0.0645084,0.997917,0.0,8.7,6.12323e-17,26.0,-0.707107,-0.707107,-0.382683,0.92388,11.0,70.0,53.0,1019.3000000000001,1016.1,2.0,10.3407,5.79631,2.6,-3.2
-0.0816764,0.996659,0.0,10.6,6.12323e-17,26.0,-1,1.22465e-16,-0.382683,0.92388,13.0,63.0,58.0,1020.0,1016.4,4.0,8.82919,7.45962,1.2,-3.6
-0.0988201,0.995105,0.0,10.6,0.382683,15.0,-0.92388,-0.382683,-0.707107,0.707107,6.0,68.0,45.0,1018.3,1014.3,1.0,13.0766,6.21357,5.6,-4
-0.115935,0.993257,0.0,8.8,6.12323e-17,22.0,-0.92388,-0.382683,6.12323e-17,1,11.0,70.0,67.0,1020.0,1016.9,6.0,6.59887,5.79631,2.2,-3.1
-0.133015,0.991114,0.0,10.7,0.707107,20.0,-0.92388,-0.382683,0.707107,0.707107,6.0,80.0,59.0,1017.6,1013.1,1.0,8.81325,3.62615,6.2,-4.5
-0.150055,0.988678,0.0,9.5,-0.382683,35.0,-0.707107,-0.707107,6.12323e-17,1,16.999999999999996,62.0,56.99999999999999,1018.0,1016.7,2.0,9.02647,7.67546,0.7,-1.3
-0.167052,0.985948,0.0,8.7,-0.382683,31.0,-0.92388,-0.382683,-0.382683,0.92388,13.0,56.0,50.0,1025.0,1022.9,4.0,11.0251,9.07812,3,-2.1
-0.183998,0.982927,0.0,8.6,-0.707107,39.0,-1,1.22465e-16,-0.707107,0.707107,9.0,61.0,69.0,1027.9,1026.4,5.0,5.91127,7.82109,-0.1,-1.5
-0.200891,0.979614,3.4,6.3,-0.382683,30.0,-0.382683,-0.92388,-0.382683,0.92388,11.0,88.0,59.0,1028.6,1025.9,7.0,8.50987,2.03413,5,-2.7
-0.217723,0.976011,2.4,6.5,-0.382683,28.0,-0.707107,-0.707107,-0.382683,0.92388,7.000000000000001,78.0,72.0,1025.8,1022.2999999999998,2.0,5.35193,4.02812,1.3,-3.5
-0.234491,0.972118,12.4,5.1,-0.92388,20.0,-0.92388,-0.382683,-0.92388,0.382683,6.0,90.0,93.0,1023.8,1020.5,7.0,1.18411,1.70769,0.6,-3.3
-0.25119,0.967938,7.599999999999999,3.7,6.12323e-17,20.0,-0.92388,-0.382683,6.12323e-17,1,9.0,90.99999999999999,72.0,1021.0,1017.5,7.0,5.33573,1.53792,1.4,-3.5
-0.267814,0.963471,7.200000000000001,4.6,6.12323e-17,26.0,-0.707107,0.707107,6.12323e-17,1,9.0,92.0,61.0,1018.2,1014.8,3.0,8.03078,1.35019,3.8,-3.4
-0.284359,0.958718,0.0,10.0,-0.382683,26.0,-0.92388,0.382683,-0.382683,0.92388,13.0,73.0,67.0,1016.7,1013.1,3.0,6.54455,5.11608,1.4,-3.6
-0.30082,0.953681,0.2,10.5,6.12323e-17,19.0,-0.707107,-0.707107,0.382683,0.92388,7.000000000000001,73.0,62.0,1016.5,1013.3,2.0,7.90931,5.12385,3.5,-3.2
-0.317191,0.948362,0.2,3.4,-0.382683,24.000000000000004,-0.707107,-0.707107,-0.707107,0.707107,11.0,78.0,72.0,1016.3,1013.2,7.0,5.40884,4.08985,0.7,-3.1
-0.333469,0.942761,0.0,10.4,0.382683,17.0,-0.382683,-0.92388,0.382683,0.92388,9.0,72.0,61.0,1014.6,1011.1,3.0,8.22485,5.35193,4.2,-3.5
-0.349647,0.936881,0.2,8.7,0.382683,22.0,-0.382683,-0.92388,0.707107,0.707107,7.000000000000001,79.0,65.0,1015.5,1012.0,7.0,7.13263,3.83048,4.1,-3.5
-0.365723,0.930724,0.0,6.5,0.382683,17.0,-1.83697e-16,-1,0.707107,0.707107,7.000000000000001,98.0,68.0,1016.1,1011.9,7.0,6.38931,0.327679,5.8,-4.2
-0.381689,0.924291,0.0,1.0,-1.83697e-16,22.0,-0.707107,-0.707107,-1,1.22465e-16,6.0,88.0,81.0,1014.0,1012.0,8.0,3.47686,2.11707,0.2,-2
-0.397543,0.917584,0.2,1.9,-1.83697e-16,30.0,-1.83697e-16,-1,0.382683,-0.92388,7.000000000000001,73.0,49.00000000000001,1015.5,1012.0,7.0,11.2731,5.02329,1.9,-3.5
-0.413279,0.910605,0.0,10.5,-1.83697e-16,20.0,-0.92388,-0.382683,-0.382683,-0.92388,4.0,44.0,32.0,1018.3,1015.8,2.0,17.6831,12.4493,5.6,-2.5
-0.428892,0.903356,0.2,0.1,-0.92388,19.0,-0.707107,-0.707107,-0.382683,-0.92388,6.0,83.0,79.0,1021.8,1019.0,8.0,3.74618,2.89274,3.4,-2.8
-0.474951,0.880012,0.0,8.2,-0.707107,35.0,-0.92388,-0.382683,-0.707107,0.707107,13.0,67.0,55.0,1023.2,1020.5,2.0,9.5718,6.38292,2.2,-2.7
-0.490029,0.871706,0.0,4.2,-0.707107,28.0,-1,1.22465e-16,-0.382683,0.92388,7.000000000000001,72.0,63.00000000000001,1025.4,1022.4000000000001,7.0,7.41464,5.24702,1.7,-3
-0.504961,0.863142,4.2,7.1,6.12323e-17,20.0,-0.92388,-0.382683,6.12323e-17,1,9.0,83.0,56.99999999999999,1023.4,1019.5,2.0,8.98577,2.97947,3,-3.9
-0.519744,0.854322,0.0,7.700000000000001,0.382683,22.0,-0.707107,-0.707107,0.382683,0.92388,6.0,74.0,70.0,1019.5,1015.8,6.0,5.79631,4.81017,2.7,-3.7
-0.534373,0.845249,7.8,6.700000000000001,-0.707107,20.0,-0.382683,-0.92388,-0.382683,0.92388,7.000000000000001,85.0,68.0,1017.5,1013.4,5.0,6.26557,2.58652,4.5,-4.1
-0.548843,0.835925,0.0,10.2,-1.83697e-16,22.0,-0.707107,-0.707107,-1.83697e-16,-1,9.0,68.0,39.0,1014.8,1011.8,1.0,14.8637,6.11958,3.8,-3
-0.563151,0.826354,0.0,10.2,-0.382683,17.0,-0.707107,-0.707107,-0.382683,-0.92388,4.0,56.0,31.0,1018.0,1014.9,1.0,18.1953,8.87194,6.7,-3.1
-0.577292,0.816538,0.0,10.3,-0.707107,15.0,-0.707107,-0.707107,0.707107,0.707107,2.0,64.0,42.0,1018.6,1014.5,1.0,13.8065,6.88388,7.5,-4.1
-0.591261,0.80648,0.0,10.2,6.12323e-17,17.0,-0.707107,-0.707107,-1,1.22465e-16,4.0,65.0,35.0,1018.1,1015.3,1.0,16.6599,6.65611,8.5,-2.8
-0.605056,0.796183,0.0,9.9,0.382683,13.0,-0.707107,-0.707107,0.707107,0.707107,7.000000000000001,73.0,43.0,1022.7,1019.9,1.0,13.4212,4.93516,6.1,-2.8
-0.618671,0.78565,0.0,9.7,0.707107,17.0,-0.707107,-0.707107,0.92388,0.382683,7.000000000000001,73.0,49.00000000000001,1024.3,1020.2,1.0,11.4602,4.95043,6,-4.1
-0.632103,0.774884,0.0,10.1,0.92388,15.0,-0.707107,-0.707107,0.92388,0.382683,6.0,80.99999999999999,53.0,1023.1,1018.2,1.0,10.2028,3.33593,5.4,-4.9
-0.645348,0.763889,0.0,10.1,-1.83697e-16,13.0,-0.707107,-0.707107,0.707107,-0.707107,6.0,83.0,38.0,1019.1,1014.6,1.0,15.5564,2.92454,9.5,-4.5
-0.658402,0.752667,0.0,10.0,-1.83697e-16,39.0,-1.83697e-16,-1,-1.83697e-16,-1,19.999999999999996,59.0,29.0,1016.3,1013.1,0.0,19.2968,8.31259,4.3,-3.2
-0.67126,0.741222,0.0,9.9,-0.382683,22.0,-0.707107,-0.707107,0.382683,0.92388,7.000000000000001,42.99999999999999,35.0,1020.0,1018.4,1.0,15.9333,12.5863,3.9,-1.6
-0.683919,0.729558,0.0,9.5,-0.707107,19.0,-0.707107,-0.707107,-0.707107,-0.707107,4.0,52.0,38.0,1022.5,1018.7,1.0,15.1146,9.79382,8,-3.8
-0.696376,0.717677,0.0,9.9,-0.382683,17.0,-0.707107,-0.707107,-1,1.22465e-16,2.0,67.0,36.0,1022.8,1019.4,1.0,15.9314,6.14655,7,-3.4
-0.708627,0.705584,0.0,9.8,6.12323e-17,20.0,-0.707107,-0.707107,0.92388,0.382683,4.0,69.0,60.00000000000001,1023.6,1020.4,2.0,8.17922,5.72302,6,-3.2
-0.720667,0.693281,0.0,8.7,6.12323e-17,19.0,-0.707107,-0.707107,-0.382683,0.92388,7.000000000000001,76.0,48.0,1024.2,1021.0999999999999,5.0,11.5236,4.27425,4.7,-3.1
-0.732494,0.680773,0.0,9.3,-0.382683,17.0,-0.92388,-0.382683,0.382683,0.92388,9.0,75.0,51.0,1023.8,1020.4,1.0,10.6588,4.46648,5.6,-3.4
-0.744104,0.668064,0.0,9.4,-0.382683,20.0,-0.92388,-0.382683,6.12323e-17,1,7.000000000000001,78.0,49.00000000000001,1023.8,1020.5,5.0,11.2223,3.85174,5.6,-3.3
-0.755493,0.655156,0.0,5.9,-0.92388,20.0,-0.707107,-0.707107,6.12323e-17,1,7.000000000000001,72.0,61.0,1024.5,1022.0,6.0,7.87476,5.08762,5,-2.5
-0.766659,0.642055,0.0,9.8,0.382683,17.0,-0.382683,-0.92388,0.92388,0.382683,6.0,76.0,50.0,1025.8,1022.2999999999998,3.0,11.0582,4.31089,5.4,-3.5
-0.777597,0.628763,0.0,7.4,0.382683,20.0,-0.382683,-0.92388,0.92388,0.382683,7.000000000000001,79.0,56.99999999999999,1026.3,1022.8000000000001,5.0,9.01968,3.6972,5.6,-3.5
-0.809017,0.587785,10.6,8.2,-1.83697e-16,30.0,-1.83697e-16,-1,-1.83697e-16,-1,13.0,67.0,45.0,1019.2,1015.0,3.0,12.236,5.99454,6.1,-4.2
-0.819015,0.573772,0.2,8.9,-0.707107,22.0,-0.707107,-0.707107,-0.92388,0.382683,4.0,56.0,45.0,1018.7,1015.8,3.0,12.4132,8.6951,6.4,-2.9
-0.82877,0.559589,0.0,8.7,-0.92388,26.0,-0.707107,-0.707107,-1,1.22465e-16,9.0,63.0,51.0,1021.6,1019.5,6.0,10.6027,7.02674,6.2,-2.1
-0.83828,0.54524,0.0,9.6,-0.707107,35.0,-0.92388,-0.382683,-0.707107,0.707107,16.999999999999996,70.0,56.0,1025.3,1024.2,4.0,9.19597,5.56597,3.9,-1.1
-0.847541,0.53073,0.0,7.2,-0.707107,35.0,-0.92388,-0.382683,-0.707107,0.707107,11.0,85.0,56.0,1029.5,1026.7,4.0,9.17512,2.53667,5.1,-2.8
-0.856551,0.516062,13.2,2.4,-0.707107,31.0,-1,1.22465e-16,-0.92388,0.382683,7.000000000000001,90.99999999999999,72.0,1028.6,1026.1,8.0,5.171,1.48055,2.2,-2.5
-0.865307,0.501242,6.0,3.2,-0.382683,26.0,-0.92388,0.382683,6.12323e-17,1,11.0,88.0,85.0,1024.9,1021.6,7.0,2.58452,2.02782,0.6,-3.3
-0.873807,0.486273,13.000000000000002,0.8,0.382683,26.0,-0.707107,-0.707107,6.12323e-17,1,9.0,94.0,82.0,1019.5999999999999,1015.6,7.0,3.1807,0.972544,3.6,-4
-0.890028,0.455907,0.2,9.7,-1.83697e-16,44.0,-1.83697e-16,-1,-1.83697e-16,-1,19.0,74.0,47.0,1007.7,1004.5,2.0,11.7946,4.73671,2.7,-3.2
-0.897743,0.440519,0.0,9.9,0.382683,46.0,-1.83697e-16,-1,0.382683,-0.92388,19.999999999999996,55.0,43.0,1007.6,1004.1,2.0,12.6929,8.94876,2.5,-3.5
-0.905193,0.425,0.0,8.3,-1.83697e-16,30.0,-0.382683,-0.92388,-1,1.22465e-16,7.000000000000001,58.00000000000001,42.0,1011.0,1010.3,2.0,13.4705,8.17954,6.9,-0.7
-0.912375,0.409356,0.0,7.499999999999999,-0.707107,22.0,-0.707107,-0.707107,-0.382683,0.92388,9.0,68.0,51.0,1018.2,1016.7,4.0,10.4591,5.91986,3.8,-1.5
-0.919286,0.39359,0.0,4.0,-0.92388,28.0,-0.92388,-0.382683,-0.382683,0.92388,11.0,72.0,56.99999999999999,1022.8,1020.8,7.0,8.70341,5.0206,3.5,-2
-0.925925,0.377708,0.0,6.0,-0.92388,26.0,-0.382683,-0.92388,-0.707107,0.707107,11.0,79.0,61.0,1023.8,1020.5,5.0,7.69066,3.61153,4,-3.3
-0.932289,0.361714,6.999999999999999,0.0,-0.92388,22.0,-0.707107,-0.707107,-0.92388,0.382683,7.000000000000001,98.0,80.0,1021.1,1016.5,7.0,3.48358,0.309424,4,-4.6
-0.938377,0.345612,5.2,0.4,-0.707107,30.0,-0.92388,-0.382683,-0.707107,-0.707107,11.0,79.0,82.0,1012.8,1009.8,8.0,3.06419,3.63998,-0.3,-3
-0.944188,0.329408,1.6,8.8,-0.707107,33.0,-0.707107,-0.707107,-0.92388,-0.382683,7.000000000000001,66.0,59.0,1010.2,1009.5,1.0,8.31259,6.49596,1.9,-0.7
-0.949718,0.313107,0.4,7.9,-1,26.0,-0.92388,-0.382683,-1,1.22465e-16,4.0,68.0,53.0,1014.9,1013.3,2.0,10.0203,5.97527,4.4,-1.6
-0.954967,0.296713,0.2,9.0,-1.83697e-16,24.000000000000004,-0.707107,-0.707107,-0.92388,-0.382683,6.0,72.0,52.0,1017.3,1015.3,2.0,10.3013,5.09553,4.6,-2
-0.959933,0.280231,0.0,9.8,-0.707107,13.0,-0.707107,-0.707107,1,0,4.0,79.0,53.0,1020.5000000000001,1017.7,1.0,10.0431,3.6229,6.9,-2.8
-0.96901,0.247022,0.0,9.9,-1.83697e-16,26.0,-1.83697e-16,-1,-1.83697e-16,-1,9.0,64.0,33.0,1021.3,1018.4,0.0,17.1225,6.91586,4.8,-2.9
-0.973118,0.230306,0.0,9.9,-0.382683,20.0,-0.382683,-0.92388,-0.382683,-0.92388,2.0,56.0,41.0,1022.6,1018.9,0.0,13.7522,8.71541,5.8,-3.7
-0.976938,0.213521,0.0,10.0,-1.83697e-16,20.0,-0.382683,-0.92388,-1.83697e-16,-1,11.0,71.0,39.0,1022.4,1018.4,1.0,14.4151,5.16874,6.5,-4
-0.980469,0.196673,0.0,9.8,0.707107,19.0,-0.707107,-0.707107,0.92388,0.382683,6.0,67.0,53.0,1023.0,1019.9,2.0,9.94478,6.0229,7.1,-3.1
-0.983709,0.179767,0.0,9.8,0.707107,19.0,-1,1.22465e-16,0.92388,-0.382683,6.0,98.0,38.0,1021.8,1017.1,0.0,15.0247,0.303048,11.8,-4.7
-0.989314,0.145799,0.0,0.4,-0.382683,24.000000000000004,-0.382683,-0.92388,0.707107,-0.707107,4.0,53.00000000000001,41.0,1022.2,1020.4,7.0,13.474,9.46027,3.8,-1.8
-0.991677,0.128748,0.0,1.2,-0.707107,22.0,-0.382683,-0.92388,-0.707107,0.707107,9.0,68.0,55.0,1027.7,1025.4,7.0,9.22239,5.80523,4.8,-2.3
-0.993747,0.111659,0.2,0.2,-0.382683,17.0,-0.707107,-0.707107,-0.382683,-0.92388,4.0,60.0,63.00000000000001,1027.9,1024.6,8.0,7.11451,7.65602,3.1,-3.3
-0.995521,0.0945367,0.0,0.0,-0.382683,17.0,-1,1.22465e-16,-0.92388,-0.382683,2.0,76.0,90.0,1025.1,1023.5000000000001,8.0,1.61685,4.22453,-1.7,-1.6
-0.997001,0.0773865,27.2,0.0,-0.92388,37.0,-0.382683,-0.92388,-0.92388,-0.382683,4.0,98.0,98.00000000000001,1024.2,1020.8,8.0,0.312141,0.307946,1.7,-3.4
-0.998186,0.0602133,21.4,0.0,-0.92388,33.0,-0.707107,-0.707107,-0.92388,0.382683,16.999999999999996,98.0,89.0,1017.5,1012.4,7.0,1.83981,0.313132,3.1,-5.1
-0.999074,0.0430222,13.2,8.8,-0.92388,24.000000000000004,-0.707107,-0.707107,-1,1.22465e-16,6.0,88.0,61.0,1012.5,1010.0,3.0,7.91662,2.01995,4.7,-2.5
-0.999667,0.0258184,0.0,9.8,-1.83697e-16,17.0,-0.707107,-0.707107,-0.707107,-0.707107,2.0,87.0,47.0,1015.8,1012.7,1.0,11.9194,2.15468,7.5,-3.1
-0.999963,0.008607,0.0,9.5,-1.83697e-16,22.0,-0.92388,-0.382683,0.382683,-0.92388,7.000000000000001,84.0,49.00000000000001,1018.4,1014.4,2.0,11.29,2.6602,9,-4
-0.999963,-0.008607,0.0,10.1,-1.83697e-16,26.0,-0.382683,-0.92388,-1.83697e-16,-1,11.0,48.00000000000001,34.0,1019.8,1016.3,0.0,16.2349,10.831,5.2,-3.5
-0.999667,-0.0258184,0.0,10.2,0.382683,15.0,-0.707107,-0.707107,-1.83697e-16,-1,4.0,58.00000000000001,42.0,1020.1,1016.8,0.0,13.1986,8.06516,6,-3.3
-0.999074,-0.0430222,0.0,10.1,-0.707107,20.0,-0.92388,-0.382683,-0.382683,-0.92388,6.0,58.00000000000001,35.0,1022.9,1021.0,0.0,15.8017,8.03352,6.5,-1.9
-0.998186,-0.0602133,0.0,9.2,-0.707107,20.0,-0.382683,-0.92388,-0.92388,-0.382683,6.0,61.0,43.0,1025.8,1023.2,3.0,13.0645,7.36346,7.7,-2.6
-0.997001,-0.0773865,0.0,9.6,-0.707107,33.0,-0.92388,-0.382683,-0.92388,0.382683,11.0,65.0,52.0,1027.1,1024.9,2.0,10.0768,6.54332,3.6,-2.2
-0.995521,-0.0945367,0.0,4.8,-0.382683,26.0,-0.707107,-0.707107,-0.382683,0.92388,11.0,75.0,53.0,1028.0,1025.6,5.0,9.86197,4.39722,4.8,-2.4
-0.993747,-0.111659,0.0,9.3,6.12323e-17,24.000000000000004,-0.707107,-0.707107,-0.382683,0.92388,11.0,77.0,53.0,1028.4,1025.9,3.0,9.83944,3.9731,5.4,-2.5
-0.991677,-0.128748,0.0,7.700000000000001,6.12323e-17,28.0,-0.707107,-0.707107,-0.382683,0.92388,13.0,74.0,66.0,1029.0,1025.2,3.0,6.50596,4.60948,3.8,-3.8
-0.989314,-0.145799,4.2,0.0,6.12323e-17,22.0,-0.92388,0.382683,6.12323e-17,1,9.0,98.0,83.0,1025.9,1022.5999999999999,8.0,2.92227,0.316115,1.6,-3.3
-0.980469,-0.196673,19.2,0.8,-0.707107,17.0,0.707107,0.707107,0.707107,0.707107,6.0,98.0,95.0,1017.1,1013.8,8.0,0.835479,0.328949,0.3,-3.3
-0.976938,-0.213521,12.0,4.3,0.382683,28.0,-0.382683,-0.92388,-1.83697e-16,-1,9.0,82.0,56.99999999999999,1016.9,1014.8,7.0,8.9114,3.16846,2,-2.1
-0.973118,-0.230306,0.4,4.8,-1.83697e-16,30.0,-1.83697e-16,-1,-0.382683,-0.92388,11.0,75.0,39.0,1020.4,1018.0,2.0,14.4477,4.42486,4.8,-2.4
-0.96901,-0.247022,0.2,4.0,-0.382683,22.0,-0.707107,-0.707107,6.12323e-17,1,13.0,64.0,52.0,1026.8,1024.1,6.0,10.2081,6.69351,6.8,-2.7
-0.964614,-0.263665,2.0,6.0,-0.382683,20.0,-0.707107,-0.707107,6.12323e-17,1,9.0,78.0,58.0,1026.4,1022.1,3.0,8.59255,3.81873,5.7,-4.3
-0.959933,-0.280231,0.6,0.7,0.382683,13.0,-1,1.22465e-16,0.382683,0.92388,6.0,92.0,63.00000000000001,1021.1,1015.8,7.0,7.26382,1.29757,4.3,-5.3
-0.954967,-0.296713,7.4,9.6,-0.92388,22.0,-0.707107,-0.707107,-0.92388,-0.382683,7.000000000000001,80.99999999999999,50.0,1016.1,1013.5,3.0,10.8439,3.28446,4.3,-2.6
-0.949718,-0.313107,0.2,9.8,-0.382683,20.0,-0.707107,-0.707107,-0.707107,-0.707107,6.0,59.0,46.00000000000001,1020.4,1017.6,3.0,12.124,7.94329,6.7,-2.8
-0.944188,-0.329408,0.0,6.4,-0.92388,22.0,-0.707107,-0.707107,-0.92388,-0.382683,9.0,63.0,58.0,1021.8,1020.2,6.0,8.52737,7.09252,3.2,-1.6
-0.938377,-0.345612,0.0,7.8,-0.707107,31.0,-0.707107,-0.707107,-0.92388,-0.382683,9.0,64.0,58.0,1023.0,1021.2,6.0,8.40419,6.86792,1.1,-1.8
-0.932289,-0.361714,0.0,8.2,-1,22.0,-0.707107,-0.707107,-0.92388,-0.382683,7.000000000000001,68.0,48.0,1022.7,1019.7,2.0,11.4629,5.88306,5.8,-3
-0.925925,-0.377708,0.0,9.0,-0.707107,20.0,-0.707107,-0.707107,-1,1.22465e-16,4.0,67.0,48.0,1024.4,1021.3000000000001,6.0,11.3765,6.12268,4.4,-3.1
-0.919286,-0.39359,0.0,7.2,-1,20.0,-0.92388,-0.382683,0.382683,0.92388,7.000000000000001,73.0,56.99999999999999,1022.9,1020.3,4.0,8.81046,4.82134,4.9,-2.6
-0.912375,-0.409356,0.0,6.4,0.707107,17.0,-0.382683,-0.92388,0.707107,0.707107,9.0,75.0,56.99999999999999,1019.9000000000001,1015.1,6.0,8.80375,4.44565,3.9,-4.8
-0.905193,-0.425,0.0,7.4,-1.83697e-16,26.0,-0.707107,-0.707107,0.92388,-0.382683,6.0,82.0,46.00000000000001,1015.0,1010.2,4.0,11.9783,3.04738,5.1,-4.8
-0.897743,-0.440519,0.0,10.3,0.382683,31.0,-1.83697e-16,-1,-1.83697e-16,-1,11.0,54.0,39.0,1017.4,1015.1,2.0,14.3392,9.17759,5.4,-2.3
-0.890028,-0.455907,0.0,9.7,-1.83697e-16,20.0,-0.707107,-0.707107,-0.707107,-0.707107,6.0,62.0,41.0,1022.2,1019.1,2.0,13.6489,7.14492,6.3,-3.1
-0.882048,-0.47116,0.0,9.9,-0.382683,17.0,-0.707107,-0.707107,-1.83697e-16,-1,6.0,66.0,32.0,1021.4,1017.2,1.0,17.3318,6.24835,7.1,-4.2
-0.873807,-0.486273,0.0,10.0,-0.707107,22.0,-0.92388,-0.382683,-1.83697e-16,-1,2.0,54.0,36.0,1023.3,1019.1,2.0,15.6721,9.1919,6.8,-4.2
-0.865307,-0.501242,0.0,10.0,-0.382683,20.0,-0.707107,-0.707107,-0.382683,-0.92388,6.0,70.0,32.0,1022.4,1017.7,1.0,17.3448,5.38246,7.2,-4.7
-0.856551,-0.516062,0.0,10.4,0.382683,22.0,-0.707107,-0.707107,-0.92388,-0.382683,2.0,52.0,28.0,1021.6,1018.2,0.0,19.1121,9.65757,6.9,-3.4
-0.847541,-0.53073,0.0,9.3,-1.83697e-16,24.000000000000004,-0.707107,-0.707107,-0.382683,-0.92388,9.0,61.0,26.0,1020.3,1016.4,2.0,20.2882,7.31728,8.8,-3.9
-0.83828,-0.54524,0.0,10.2,0.382683,19.0,-0.707107,-0.707107,-0.92388,-0.382683,4.0,54.0,28.0,1021.3,1017.1,0.0,19.3697,9.14899,8.3,-4.2
-0.82877,-0.559589,0.0,10.2,-1.83697e-16,26.0,-0.382683,-0.92388,-1,1.22465e-16,4.0,65.0,25.0,1021.4,1016.1,1.0,21.1101,6.38093,11,-5.3
-0.819015,-0.573772,0.0,10.3,-0.382683,28.0,-0.92388,-0.382683,-1.83697e-16,-1,11.0,58.00000000000001,22.0,1019.9000000000001,1016.6,1.0,23.1889,8.16042,10.5,-3.3
-0.798779,-0.601624,0.0,10.1,0.92388,19.0,-0.707107,-0.707107,0.382683,-0.92388,7.000000000000001,57.0,16.0,1024.3,1019.3,0.0,27.2567,8.3337,10.2,-5
-0.788305,-0.615285,0.0,8.7,-1.83697e-16,30.0,-0.92388,-0.382683,0.382683,-0.92388,16.999999999999996,50.0,23.000000000000004,1018.1,1011.4,3.0,22.5337,10.4376,8.5,-6.7
-0.777597,-0.628763,0.0,10.3,-0.707107,39.0,-0.707107,-0.707107,-0.382683,-0.92388,13.0,41.0,22.0,1015.7,1012.2,0.0,22.1696,13.0264,5,-3.5
-0.766659,-0.642055,0.0,10.2,-1.83697e-16,28.0,-0.382683,-0.92388,-0.92388,-0.382683,6.0,40.0,28.0,1017.9,1014.8,5.0,19.1835,13.4509,6.2,-3.1
-0.755493,-0.655156,0.0,7.2,-0.707107,20.0,-0.707107,-0.707107,-1,1.22465e-16,7.000000000000001,51.0,38.0,1020.7,1017.9,6.0,14.8569,10.1827,4.3,-2.8
-0.744104,-0.668064,0.0,9.7,-0.707107,20.0,-0.707107,-0.707107,-0.707107,0.707107,6.0,57.0,47.0,1024.6,1021.4999999999999,4.0,11.6262,8.49779,3.9,-3.1
-0.732494,-0.680773,0.0,10.0,-1.83697e-16,22.0,-0.382683,-0.92388,0.382683,-0.92388,7.000000000000001,72.0,28.0,1024.2,1019.8,5.0,19.4991,4.96573,9.1,-4.4
-0.720667,-0.693281,0.0,10.2,-1.83697e-16,24.000000000000004,-0.92388,-0.382683,0.382683,-0.92388,6.0,60.0,26.0,1022.5,1017.8,1.0,20.7421,7.69198,9.5,-4.7
-0.696376,-0.717677,0.0,9.9,0.92388,30.0,0.382683,0.92388,0.707107,0.707107,7.000000000000001,68.0,50.0,1015.8,1010.4,3.0,11.0499,5.98916,5.9,-5.4
-0.683919,-0.729558,0.0,10.9,0.382683,43.0,-1.83697e-16,-1,-1.83697e-16,-1,16.999999999999996,28.0,21.0,1016.7,1013.7,1.0,23.148,18.6863,3.6,-3
-0.67126,-0.741222,0.0,8.9,-1.83697e-16,19.0,-0.707107,-0.707107,0.707107,0.707107,7.000000000000001,39.0,34.0,1021.7,1019.4,8.0,16.2105,13.9089,3.3,-2.3
-0.658402,-0.752667,0.0,9.7,6.12323e-17,20.0,-0.382683,-0.92388,0.382683,0.92388,11.0,55.0,44.0,1023.1,1018.9,1.0,12.6974,9.04652,4.6,-4.2
-0.645348,-0.763889,0.0,7.2,0.382683,20.0,-0.92388,0.382683,0.382683,0.92388,9.0,69.0,49.00000000000001,1023.1,1019.3,7.0,11.1379,5.74973,3.7,-3.8
-0.632103,-0.774884,0.0,8.1,0.382683,17.0,-0.382683,-0.92388,0.382683,0.92388,6.0,79.0,56.99999999999999,1021.5,1016.7,2.0,8.96546,3.65424,6.3,-4.8
-0.618671,-0.78565,0.0,10.2,0.92388,22.0,0.382683,0.92388,0.707107,0.707107,11.0,67.0,64.0,1020.1,1015.5,1.0,7.28882,6.4024,3.2,-4.6
-0.605056,-0.796183,0.0,7.1,0.92388,22.0,0.707107,-0.707107,0.382683,0.92388,9.0,77.0,63.00000000000001,1018.9,1014.7,5.0,7.55563,4.20489,3.8,-4.2
-0.591261,-0.80648,0.0,10.5,-0.382683,20.0,-0.382683,-0.92388,-0.707107,-0.707107,4.0,34.0,18.0,1021.1,1016.3,0.0,26.0336,16.2105,6.4,-4.8
-0.577292,-0.816538,0.0,10.9,0.382683,20.0,-0.707107,-0.707107,-1,1.22465e-16,4.0,54.0,24.0,1019.8,1014.8,1.0,21.9678,9.34284,8.4,-5
-0.563151,-0.826354,0.0,9.2,-0.382683,28.0,-0.707107,0.707107,6.12323e-17,1,11.0,58.00000000000001,43.0,1022.2,1019.6,2.0,13.0547,8.48838,1.4,-2.6
-0.548843,-0.835925,0.0,9.8,0.382683,19.0,-0.92388,-0.382683,0.707107,0.707107,9.0,60.0,46.00000000000001,1024.9,1020.8,2.0,12.0783,7.84269,3.8,-4.1
-0.534373,-0.845249,0.0,10.6,1,20.0,-0.707107,-0.707107,0.707107,0.707107,11.0,66.0,53.0,1023.2,1017.7,1.0,9.99009,6.36167,5.3,-5.5
-0.519744,-0.854322,0.0,10.3,0.707107,24.000000000000004,0.92388,0.382683,0.707107,0.707107,11.0,63.0,60.00000000000001,1018.6,1013.1,1.0,8.23494,7.25827,3.8,-5.5
-0.504961,-0.863142,0.2,2.3,-1.83697e-16,24.000000000000004,-1.83697e-16,-1,-1.83697e-16,-1,4.0,68.0,41.0,1016.1,1014.5,7.0,13.7626,6.08218,1.2,-1.6
-0.490029,-0.871706,0.0,10.5,-1.83697e-16,26.0,-0.92388,-0.382683,-1.83697e-16,-1,6.0,35.0,23.000000000000004,1020.4,1016.8,0.0,22.1082,15.4337,6.3,-3.6
-0.474951,-0.880012,0.0,11.0,-1,20.0,-0.707107,-0.707107,0.707107,0.707107,9.0,55.0,36.0,1024.0,1019.8,1.0,15.6134,8.95572,5.9,-4.2
-0.459733,-0.888057,0.0,10.9,0.92388,15.0,-0.382683,-0.92388,0.382683,0.92388,7.000000000000001,60.0,40.0,1023.9,1018.8,1.0,14.3254,7.79431,6.4,-5.1
-0.444378,-0.895839,0.0,10.8,0.92388,20.0,-0.382683,-0.92388,0.92388,0.382683,7.000000000000001,62.0,41.0,1025.3,1021.0999999999999,1.0,14.0331,7.33106,6.7,-4.2
-0.428892,-0.903356,0.0,10.7,0.707107,30.0,-0.707107,-0.707107,0.707107,0.707107,13.0,65.0,43.0,1024.1,1019.0,1.0,13.1829,6.70769,3.7,-5.1
-0.413279,-0.910605,0.0,10.6,0.707107,33.0,0.707107,-0.707107,0.92388,0.382683,11.0,52.0,49.00000000000001,1019.9000000000001,1014.8,1.0,11.4261,10.2779,3,-5.1
-0.397543,-0.917584,0.0,9.6,6.12323e-17,20.0,0.92388,-0.382683,0.382683,0.92388,9.0,56.0,52.0,1015.4,1010.2,1.0,10.5832,9.19597,3.3,-5.2
-0.381689,-0.924291,0.0,11.2,-0.382683,30.0,-0.382683,-0.92388,0.382683,-0.92388,13.0,25.0,16.0,1018.1,1013.2,0.0,27.8732,20.493,7.4,-4.9
-0.365723,-0.930724,0.0,10.8,-0.382683,24.000000000000004,-0.382683,-0.92388,0.382683,0.92388,13.0,36.0,55.0,1020.9,1018.9,2.0,9.5215,15.4614,3.4,-2
-0.349647,-0.936881,0.0,5.0,-0.707107,24.000000000000004,-0.382683,0.92388,0.382683,0.92388,9.0,52.0,53.99999999999999,1026.1,1023.1000000000001,8.0,9.72168,10.2158,1,-3
-0.333469,-0.942761,0.0,10.1,6.12323e-17,19.0,-0.382683,-0.92388,0.382683,0.92388,9.0,66.0,39.0,1025.6,1020.9,1.0,14.8858,6.51597,5.3,-4.7
-0.317191,-0.948362,0.0,10.6,0.707107,22.0,0.92388,-0.382683,0.382683,0.92388,11.0,62.0,43.0,1024.1,1019.9,1.0,13.3913,7.55405,3.5,-4.2
-0.30082,-0.953681,0.0,10.5,0.92388,30.0,1,0,0.92388,0.382683,9.0,61.0,56.99999999999999,1018.7,1011.8,1.0,9.07405,7.83896,2.9,-6.9
-0.284359,-0.958718,0.0,10.5,-0.382683,28.0,-0.707107,-0.707107,-0.382683,0.92388,9.0,35.0,35.0,1017.5,1015.1,1.0,16.1979,15.6469,4.6,-2.4
-0.267814,-0.963471,0.0,10.4,0.707107,26.0,-0.707107,-0.707107,6.12323e-17,1,11.0,53.00000000000001,45.0,1023.1,1019.9,1.0,12.4694,9.77201,3.2,-3.2
-0.25119,-0.967938,0.0,10.6,6.12323e-17,19.0,-1.83697e-16,-1,0.707107,0.707107,9.0,60.0,46.00000000000001,1022.6,1017.7,5.0,12.188,7.8548,4.8,-4.9
-0.234491,-0.972118,0.0,7.499999999999999,6.12323e-17,24.000000000000004,-1,1.22465e-16,0.707107,0.707107,11.0,63.0,51.0,1020.3,1017.0,7.0,10.6427,7.31393,1.5,-3.3
-0.217723,-0.976011,0.2,4.3,6.12323e-17,26.0,6.12323e-17,1,0.382683,0.92388,11.0,70.0,72.0,1019.8,1016.9,5.0,5.19096,5.63503,-0.2,-2.9
-0.200891,-0.979614,1.2,10.6,0.707107,31.0,-1,1.22465e-16,0.707107,0.707107,11.0,73.0,55.0,1018.7,1013.6,2.0,9.64388,4.96955,5.1,-5.1
-0.183998,-0.982927,0.2,10.8,0.382683,22.0,-0.382683,-0.92388,0.707107,0.707107,11.0,67.0,53.0,1019.2,1014.5,0.0,10.264,6.38779,3.7,-4.7
-0.167052,-0.985948,0.0,3.5,0.92388,20.0,0.707107,-0.707107,1,0,6.0,84.0,75.0,1018.2,1014.2,7.0,4.6526,2.77284,3.1,-4
-0.150055,-0.988678,0.2,10.8,6.12323e-17,28.0,-0.707107,-0.707107,0.382683,0.92388,14.999999999999998,59.0,55.0,1014.9,1010.9,1.0,9.70897,8.56115,0.7,-4
-0.133015,-0.991114,0.0,10.4,0.707107,22.0,-0.92388,-0.382683,0.382683,0.92388,9.0,65.0,53.99999999999999,1013.3,1009.3,1.0,10.1228,6.97904,3.4,-4
-0.115935,-0.993257,0.0,4.4,0.92388,28.0,0.382683,-0.92388,0.707107,0.707107,6.0,83.0,66.0,1013.1,1009.1,8.0,6.78394,2.97487,4.8,-4
-0.0988201,-0.995105,0.6,10.6,6.12323e-17,31.0,-0.382683,0.92388,-0.382683,0.92388,14.999999999999998,58.00000000000001,53.0,1018.5,1016.9,5.0,10.1647,8.71048,0.9,-1.6
-0.0816764,-0.996659,0.0,6.9,0.382683,28.0,6.12323e-17,1,6.12323e-17,1,13.0,53.00000000000001,42.0,1021.6,1018.5,3.0,13.6329,10.0052,1.5,-3.1
-0.0645084,-0.997917,0.0,9.9,0.382683,22.0,0.707107,0.707107,0.382683,0.92388,11.0,51.0,49.00000000000001,1022.0,1017.9,2.0,11.375,10.6668,1.2,-4.1
-0.0473214,-0.99888,0.0,10.8,0.707107,28.0,1,0,0.92388,0.382683,14.999999999999998,56.0,59.0,1019.9000000000001,1014.8,1.0,8.50987,9.22381,1.4,-5.1
-0.0301203,-0.999546,0.0,7.499999999999999,-1.83697e-16,28.0,1,0,0.707107,0.707107,7.000000000000001,50.0,53.0,1016.3,1011.5,6.0,10.2947,10.959,2.9,-4.8
-0.0129103,-0.999917,3.2,0.8,6.12323e-17,20.0,-0.707107,-0.707107,6.12323e-17,1,6.0,70.0,56.99999999999999,1018.9,1017.2,7.0,9.03326,5.66971,3.1,-1.7
0.00430354,-0.999991,0.6,0.0,-0.382683,26.0,-0.92388,-0.382683,-0.382683,0.92388,11.0,85.99999999999999,58.0,1024.8,1023.5000000000001,8.0,8.52737,2.35765,3.3,-1.3
0.0387223,-0.99925,0.0,9.6,0.382683,30.0,-1,1.22465e-16,0.382683,0.92388,9.0,52.0,46.00000000000001,1028.0,1024.0,2.0,12.2981,10.2702,2.1,-4
0.055917,-0.998435,0.0,11.5,0.92388,28.0,-1,1.22465e-16,0.707107,0.707107,9.0,58.00000000000001,48.0,1024.7,1019.4,0.0,11.7766,8.63177,3.2,-5.3
0.0730951,-0.997325,0.0,11.3,0.707107,26.0,-0.707107,-0.707107,0.92388,0.382683,11.0,56.0,49.00000000000001,1022.6,1017.9,1.0,11.6401,9.29358,3.5,-4.7
0.0902516,-0.995919,0.0,11.4,0.707107,20.0,6.12323e-17,1,0.707107,0.707107,11.0,45.0,48.0,1018.4,1013.1,1.0,12.1031,12.8758,2.5,-5.3
0.107381,-0.994218,0.0,10.8,-0.707107,43.0,0.707107,0.707107,0.382683,0.92388,11.0,45.0,43.0,1013.3,1006.5,2.0,13.9953,12.9617,3.3,-6.8
0.124479,-0.992222,0.0,6.1,6.12323e-17,26.0,-0.382683,0.92388,6.12323e-17,1,9.0,64.0,62.0,1014.8,1010.6,3.0,7.65806,7.04989,2.1,-4.2
0.14154,-0.989932,0.0,11.2,0.382683,33.0,0.382683,-0.92388,-1.83697e-16,-1,11.0,60.0,19.0,1012.1,1006.7,1.0,26.3077,8.22874,7.2,-5.4
0.158559,-0.987349,0.0,9.1,0.92388,31.0,0.382683,0.92388,0.92388,0.382683,11.0,66.0,68.0,1014.6,1008.8,1.0,6.41803,6.69741,4,-5.8
0.175531,-0.984474,0.6,0.0,-1.83697e-16,44.0,1,0,-0.707107,-0.707107,4.0,79.0,92.00000000000001,1009.1,1007.6,8.0,1.31192,3.83048,-5.4,-1.5
0.192452,-0.981306,11.599999999999998,11.9,-1.83697e-16,57.0,-1.83697e-16,-1,-0.382683,-0.92388,19.999999999999996,42.99999999999999,30.000000000000004,1015.2,1014.4,1.0,18.0136,12.4994,4.1,-0.8
0.209315,-0.977848,0.0,12.1,0.92388,24.000000000000004,-0.707107,-0.707107,0.92388,0.382683,7.000000000000001,37.0,26.0,1022.3,1017.6,1.0,20.6206,15.1166,3.7,-4.7
0.226116,-0.9741,0.0,11.8,-0.707107,41.0,-0.707107,-0.707107,0.382683,0.92388,11.0,47.0,33.0,1023.3,1018.9,1.0,17.3648,11.6969,4.3,-4.4
0.259512,-0.96574,0.0,11.8,0.707107,28.0,6.12323e-17,1,0.707107,0.707107,13.0,56.0,49.00000000000001,1024.6,1020.4,1.0,11.4175,9.25169,1.5,-4.2
0.276097,-0.96113,0.0,12.0,0.707107,22.0,1,0,0.92388,0.382683,11.0,45.0,46.00000000000001,1020.9,1015.8,0.0,12.5754,12.686,2.4,-5.1
0.2926,-0.956235,0.0,10.3,0.707107,30.0,-0.382683,0.92388,0.382683,0.92388,16.999999999999996,57.0,63.00000000000001,1020.5000000000001,1017.6,4.0,7.57263,9.18328,-0.4,-2.9
0.309017,-0.951057,0.4,11.5,0.707107,28.0,1,0,0.707107,0.707107,11.0,58.00000000000001,58.0,1020.1,1015.6,8.0,8.88883,8.82919,0.9,-4.5
0.325342,-0.945596,0.0,11.2,0.707107,28.0,0.92388,-0.382683,0.707107,0.707107,11.0,49.0,56.99999999999999,1016.4,1011.0,1.0,9.34139,11.6315,1.3,-5.4
0.341571,-0.939856,0.0,11.2,6.12323e-17,24.000000000000004,0.382683,0.92388,0.707107,0.707107,9.0,53.00000000000001,46.00000000000001,1015.6,1012.2,1.0,12.8463,10.4332,2.1,-3.4
0.357698,-0.933837,0.0,11.2,-0.382683,41.0,0.707107,0.707107,0.707107,0.707107,9.0,53.00000000000001,51.0,1013.8,1007.6,2.0,11.2603,10.4486,2.5,-6.2
0.37372,-0.927542,0.0,10.7,-0.707107,37.0,-1,1.22465e-16,-0.382683,0.92388,13.0,35.0,46.00000000000001,1021.2,1018.6,7.0,12.1605,16.1256,0.4,-2.6
0.38963,-0.920971,0.0,11.9,-0.707107,39.0,-0.92388,0.382683,6.12323e-17,1,19.0,45.0,44.0,1022.1,1017.6,2.0,13.0253,12.4788,2.2,-4.5
0.405426,-0.914128,0.0,11.1,0.382683,26.0,-0.382683,-0.92388,0.382683,0.92388,13.0,52.0,42.0,1018.1,1012.5,3.0,13.8372,10.2469,4.1,-5.6
0.421101,-0.907014,0.0,11.4,0.707107,24.000000000000004,0.382683,0.92388,0.92388,0.382683,11.0,50.0,53.99999999999999,1010.9,1006.3,0.0,10.1378,11.1411,2.5,-4.6
0.436651,-0.899631,0.0,8.8,6.12323e-17,37.0,-0.92388,0.382683,6.12323e-17,1,19.999999999999996,55.0,51.0,1011.0,1010.7,7.0,10.8926,9.82522,-1.5,-0.3
0.452072,-0.891981,8.2,0.2,-0.382683,37.0,-0.707107,0.707107,-0.382683,0.92388,14.999999999999998,55.0,53.99999999999999,1022.1,1020.2,7.0,9.69228,9.41415,0,-1.9
0.467359,-0.884068,0.0,3.7,-0.382683,30.0,-0.92388,0.382683,-0.382683,0.92388,11.0,58.00000000000001,43.0,1022.1,1018.8,6.0,13.3018,8.57949,2.5,-3.3
0.482508,-0.875892,0.0,5.8,0.382683,19.0,-0.382683,0.92388,0.382683,0.92388,9.0,59.0,55.0,1019.5,1016.1,6.0,9.6006,8.40141,1.7,-3.4
0.497513,-0.867456,0.0,8.9,-0.382683,31.0,-0.92388,-0.382683,0.707107,0.707107,9.0,56.0,74.0,1017.7,1014.7,5.0,4.92886,9.40573,-1.1,-3
0.512371,-0.858764,0.4,12.5,0.92388,31.0,0.92388,0.382683,0.707107,0.707107,14.999999999999998,59.0,59.0,1014.9,1008.7,6.0,8.70293,8.58042,1.9,-6.2
0.527078,-0.849817,0.0,10.6,6.12323e-17,46.0,-0.382683,0.92388,-0.382683,0.92388,19.999999999999996,52.0,52.0,1008.6,1009.8,1.0,10.5754,10.7732,-2.5,1.2
0.541628,-0.840618,0.0,7.4,0.382683,30.0,6.12323e-17,1,6.12323e-17,1,13.0,57.0,51.0,1017.7,1016.3,7.0,10.7552,8.95869,1.2,-1.4
0.556017,-0.831171,0.6,9.1,0.382683,22.0,6.12323e-17,1,6.12323e-17,1,9.0,71.0,49.00000000000001,1020.6,1017.6,3.0,11.4175,5.47406,3.2,-3
0.570242,-0.821477,0.2,12.2,0.382683,26.0,0.92388,-0.382683,0.382683,0.92388,13.0,58.00000000000001,52.0,1020.6,1017.7,1.0,10.5675,8.74996,1.7,-2.9
0.584298,-0.811539,0.0,11.3,0.382683,30.0,0.382683,0.92388,0.382683,0.92388,14.999999999999998,49.0,50.0,1019.8,1016.9,2.0,11.1494,11.4602,0,-2.9
0.598181,-0.801361,0.0,8.2,6.12323e-17,22.0,0.707107,0.707107,0.707107,0.707107,11.0,65.0,53.0,1017.8,1014.4,6.0,10.3331,6.9212,3.4,-3.4
0.611886,-0.790946,0.0,8.0,0.707107,33.0,0.382683,0.92388,0.707107,0.707107,16.999999999999996,73.0,60.00000000000001,1015.9,1013.5,2.0,8.36567,5.16279,1.4,-2.4
0.625411,-0.780296,0.0,8.3,0.707107,33.0,1,0,0.92388,0.382683,13.0,57.0,61.0,1016.8,1013.9,7.0,8.06096,9.25874,-1.9,-2.9
0.638749,-0.769415,8.0,0.0,0.382683,22.0,0.382683,-0.92388,-0.92388,0.382683,6.0,88.0,91.0,1017.0,1015.2,8.0,1.51437,2.08498,-2.3,-1.8
0.651899,-0.758306,22.0,7.1,-0.92388,46.0,-0.92388,0.382683,-0.707107,0.707107,19.0,62.0,37.0,1021.8,1019.9,2.0,15.6683,7.64067,2.3,-1.9
0.664855,-0.746972,0.0,11.7,6.12323e-17,30.0,-0.707107,0.707107,6.12323e-17,1,13.0,58.00000000000001,45.0,1024.9,1021.2,2.0,12.6955,8.60561,2.9,-3.7
0.677615,-0.735417,0.0,11.9,0.707107,22.0,0.382683,-0.92388,0.92388,0.382683,9.0,50.0,48.0,1022.1,1018.0,2.0,11.8292,11.0251,2.1,-4.1
0.690173,-0.723644,0.0,12.3,0.707107,26.0,1,0,0.92388,0.382683,13.0,53.00000000000001,56.0,1019.5,1015.6,1.0,9.49028,10.2028,2,-3.9
0.702527,-0.711657,0.0,11.6,0.707107,33.0,0.707107,0.707107,0.707107,0.707107,13.0,56.0,59.0,1016.6,1012.0,2.0,8.71587,9.44796,1.4,-4.6
0.714673,-0.699458,0.0,12.1,0.707107,30.0,0.707107,-0.707107,0.707107,0.707107,13.0,39.0,59.0,1012.1,1007.0,1.0,8.83279,15.1961,1.5,-5.1
0.726608,-0.687053,0.0,4.7,-0.382683,70.0,0.382683,0.92388,0.92388,0.382683,6.0,71.0,61.0,1011.9,1009.7,3.0,8.14574,5.67244,0.6,-2.2
0.749826,-0.661635,16.6,12.4,0.382683,35.0,-1.83697e-16,-1,0.382683,-0.92388,13.0,71.0,20.000000000000004,1011.4000000000001,1007.0,2.0,26.1011,5.6767,7.7,-4.4
0.761104,-0.64863,0.0,12.0,0.382683,26.0,-1,1.22465e-16,0.382683,0.92388,9.0,44.0,43.0,1017.0,1014.6,1.0,13.5311,12.9574,2.3,-2.4
0.772157,-0.635432,0.0,12.1,-0.707107,28.0,-0.707107,0.707107,6.12323e-17,1,13.0,56.0,61.0,1017.0,1013.7,4.0,8.03681,9.43387,-0.8,-3.3
0.78298,-0.622047,0.0,9.0,0.382683,24.000000000000004,-1.83697e-16,-1,0.92388,0.382683,7.000000000000001,58.00000000000001,56.99999999999999,1014.2,1010.5,7.0,9.26561,8.85567,2,-3.7
0.793572,-0.608477,0.0,8.6,0.382683,26.0,0.382683,0.92388,0.382683,0.92388,9.0,58.00000000000001,60.00000000000001,1017.0,1015.3,7.0,8.35942,8.9154,-0.3,-1.7
0.803928,-0.594727,0.0,11.6,0.707107,26.0,0.382683,0.92388,0.382683,0.92388,11.0,58.00000000000001,56.99999999999999,1019.3000000000001,1016.7,7.0,9.19013,8.80935,1.6,-2.6
0.814046,-0.5808,0.0,11.7,0.382683,28.0,0.92388,0.382683,0.707107,0.707107,9.0,57.0,53.99999999999999,1019.0,1016.3,1.0,10.1153,9.19013,1,-2.7
0.823923,-0.566702,0.0,9.7,6.12323e-17,30.0,0.92388,0.382683,0.707107,0.707107,13.0,65.0,46.00000000000001,1019.1,1015.7,3.0,12.6778,7.04769,2.6,-3.4
0.833556,-0.552435,0.0,11.0,0.92388,26.0,0.707107,-0.707107,0.92388,0.382683,7.000000000000001,62.0,53.0,1018.1,1015.0,7.0,10.495,7.83294,2.5,-3.1
0.842942,-0.538005,0.0,11.2,0.707107,26.0,0.707107,0.707107,0.92388,0.382683,11.0,59.0,53.99999999999999,1016.8,1013.7,7.0,10.2205,8.72883,1.1,-3.1
0.852078,-0.523416,5.0,11.3,0.92388,20.0,6.12323e-17,1,0.92388,0.382683,9.0,57.0,53.0,1016.6,1013.9,1.0,10.5803,9.23126,2.6,-2.7
0.860961,-0.508671,0.0,13.2,0.707107,26.0,6.12323e-17,1,0.92388,0.382683,11.0,58.00000000000001,48.0,1017.2,1015.0,1.0,12.1921,9.02207,2,-2.2
1,0,0.0,8.9,0.382683,22.0,0.382683,0.92388,0.382683,0.92388,11.0,63.0,51.0,1016.2,1013.0,7.0,11.1125,7.70362,0.4,-3.2
0.999852,0.0172134,0.0,13.1,-0.707107,30.0,-0.707107,-0.707107,0.382683,0.92388,13.0,56.0,47.0,1011.4000000000001,1007.7,1.0,12.8292,9.65333,4.3,-3.7
0.999407,0.0344216,0.0,11.7,-0.382683,37.0,-0.707107,0.707107,6.12323e-17,1,19.0,54.0,53.0,1015.3,1013.0,1.0,10.5105,10.1979,0.2,-2.3
0.998667,0.0516197,0.0,12.1,0.382683,33.0,-0.382683,0.92388,-0.382683,0.92388,14.999999999999998,51.0,44.0,1016.0,1013.9,2.0,13.4851,11.0145,1.8,-2.1
0.99763,0.0688024,0.0,6.1,0.382683,33.0,-0.382683,0.92388,0.382683,0.92388,13.0,58.00000000000001,60.00000000000001,1017.0,1015.5,5.0,8.46594,8.93535,1.1,-1.5
0.996298,0.0859648,2.0,6.5,6.12323e-17,31.0,-0.92388,0.382683,6.12323e-17,1,19.0,79.0,53.99999999999999,1018.4,1017.4,6.0,10.1753,3.91865,2.3,-1
0.994671,0.103102,0.2,8.9,-0.382683,35.0,6.12323e-17,1,-0.382683,0.92388,11.0,54.0,49.00000000000001,1019.3000000000001,1016.9,7.0,11.7695,10.0928,1.8,-2.4
0.992749,0.120208,0.0,11.2,0.92388,28.0,-1.83697e-16,-1,0.707107,0.707107,13.0,66.0,53.99999999999999,1014.0,1008.1,1.0,10.3262,6.84535,4,-5.9
0.990532,0.137279,0.0,12.6,0.707107,35.0,1,0,0.92388,0.382683,14.999999999999998,54.0,59.0,1004.7000000000002,999.3,2.0,8.95703,10.2355,2.2,-5.4
0.988023,0.154309,0.0,11.1,6.12323e-17,30.0,0.382683,0.92388,0.382683,0.92388,16.999999999999996,54.0,56.99999999999999,1006.0,1005.9,7.0,9.48689,10.3869,-0.3,-0.1
0.98522,0.171293,0.0,11.4,0.707107,30.0,0.707107,0.707107,0.92388,0.382683,13.0,66.0,48.0,1012.1,1009.9,3.0,12.398,7.04677,2.2,-2.2
0.982126,0.188227,0.0,9.8,0.707107,30.0,0.92388,-0.382683,0.92388,0.382683,11.0,56.0,60.00000000000001,1012.7,1009.3,1.0,8.73828,9.88962,-0.2,-3.4
0.97874,0.205104,0.0,12.9,0.707107,28.0,0.707107,-0.707107,0.707107,0.707107,11.0,60.0,56.99999999999999,1011.1,1007.9,1.0,9.56354,8.62377,1.5,-3.2
0.975065,0.221922,0.0,3.1,-0.707107,46.0,-0.92388,0.382683,-0.707107,0.707107,16.999999999999996,51.0,69.0,1008.7,1009.5,7.0,6.15308,11.3345,-4.6,0.8
0.9711,0.238673,0.0,6.3,-0.92388,33.0,-0.707107,0.707107,6.12323e-17,1,14.999999999999998,63.0,51.0,1016.7,1014.4,6.0,11.1043,7.47088,4.4,-2.3
0.966848,0.255353,0.0,12.3,6.12323e-17,28.0,-0.382683,0.92388,0.382683,0.92388,11.0,53.00000000000001,52.0,1015.5,1013.0,2.0,10.8768,10.3715,2.6,-2.5
0.962309,0.271958,0.0,11.5,0.382683,28.0,0.382683,0.92388,0.382683,0.92388,13.0,56.0,47.0,1013.5,1010.3,1.0,12.4523,9.53268,1.9,-3.2
0.957485,0.288482,0.0,12.3,0.707107,31.0,0.92388,-0.382683,0.92388,0.382683,11.0,57.0,52.0,1011.6,1006.8,1.0,10.9729,9.32069,2.4,-4.8
0.952378,0.304921,0.0,11.2,0.382683,30.0,-1.83697e-16,-1,0.707107,0.707107,13.0,56.0,56.99999999999999,1008.7,1006.0,1.0,9.59848,9.7604,1.8,-2.7
0.946988,0.32127,1.2,10.8,0.382683,31.0,0.92388,0.382683,6.12323e-17,1,13.0,65.0,56.0,1012.6000000000001,1010.0,2.0,9.78904,7.19667,2.7,-2.6
0.941317,0.337523,1.2,6.1,-0.707107,26.0,-1,1.22465e-16,-0.707107,0.707107,7.000000000000001,73.0,72.0,1012.5,1009.9,7.0,5.47424,5.23716,0.3,-2.6
0.929141,0.369725,0.4,6.6,6.12323e-17,26.0,-0.382683,0.92388,0.382683,0.92388,13.0,65.0,63.00000000000001,1012.7,1010.3,6.0,7.75518,7.19667,0.9,-2.4
0.92264,0.385663,0.0,0.0,0.707107,24.000000000000004,-0.707107,0.707107,-0.382683,0.92388,4.0,79.0,81.0,1012.7,1010.6,8.0,3.51387,3.91865,0.2,-2.1
0.915864,0.401488,21.6,0.0,0.382683,44.0,0.382683,0.92388,6.12323e-17,1,13.0,90.0,92.00000000000001,1010.2,1008.1,8.0,1.38585,1.75537,-0.5,-2.1
0.908818,0.417194,39.2,0.0,0.707107,44.0,0.382683,0.92388,6.12323e-17,1,14.999999999999998,92.0,91.0,1008.1,1006.0,8.0,1.57716,1.39325,0.2,-2.1
0.901502,0.432776,54.6,0.0,6.12323e-17,70.0,6.12323e-17,1,6.12323e-17,1,24.0,92.0,96.99999999999999,1003.3,999.0,8.0,0.506019,1.38585,-0.5,-4.3
0.893919,0.448229,145.0,3.2,6.12323e-17,67.0,0.382683,0.92388,0.707107,0.707107,13.0,90.0,76.0,998.4,998.1,7.0,4.61648,1.76204,2.2,-0.3
0.527078,0.849817,0.0,0.0,6.12323e-17,17.0,1,0,0.707107,0.707107,6.0,78.0,81.0,1009.9,1008.0,8.0,3.50063,4.10845,0.3,-1.9
0.512371,0.858764,14.8,0.3,6.12323e-17,22.0,-0.92388,-0.382683,-0.382683,0.92388,9.0,92.0,96.99999999999999,1009.6,1009.7,8.0,0.494482,1.37426,-2.4,0.1
0.497513,0.867456,91.6,0.3,-0.382683,20.0,-0.707107,0.707107,-1,1.22465e-16,4.0,89.0,87.0,1013.3,1011.1,8.0,2.29942,1.91665,0.7,-2.2
0.482508,0.875892,11.799999999999999,7.6,6.12323e-17,39.0,-0.382683,0.92388,-0.382683,0.92388,16.999999999999996,74.0,76.0,1014.5,1012.7,5.0,4.52031,5.00752,-1.5,-1.8
0.467359,0.884068,4.6,4.7,6.12323e-17,41.0,6.12323e-17,1,-0.382683,0.92388,14.999999999999998,84.0,79.0,1016.4,1014.8,7.0,3.85683,2.85937,0.2,-1.6
0.452072,0.891981,2.2,6.5,-0.707107,39.0,-0.382683,0.92388,6.12323e-17,1,11.0,73.0,85.0,1017.0,1015.1,6.0,2.66727,5.15109,-0.9,-1.9
0.421101,0.907014,1.8000000000000003,6.5,6.12323e-17,33.0,-0.707107,0.707107,-0.707107,0.707107,11.0,64.0,61.0,1019.0,1016.3,5.0,8.1336,7.31622,0.9,-2.7
0.405426,0.914128,5.0,5.9,-0.707107,41.0,-0.92388,0.382683,-0.382683,0.92388,13.0,72.0,60.00000000000001,1018.6,1016.2,7.0,8.35318,5.40069,0.8,-2.4
0.38963,0.920971,3.2,7.499999999999999,6.12323e-17,30.0,-0.92388,-0.382683,-0.382683,0.92388,14.999999999999998,77.0,52.0,1017.5,1014.7,4.0,10.7415,4.27601,3.8,-2.8
0.37372,0.927542,0.8,8.4,-0.707107,37.0,-0.707107,0.707107,-0.382683,0.92388,14.999999999999998,66.0,56.99999999999999,1016.9,1014.8,5.0,9.21754,6.85048,0.5,-2.1
0.357698,0.933837,0.2,8.5,-0.707107,43.0,-0.92388,0.382683,-0.707107,0.707107,13.0,68.0,64.0,1016.3,1013.7,6.0,7.26694,6.33681,-0.7,-2.6
0.341571,0.939856,1.4,8.9,-0.707107,35.0,-0.707107,0.707107,-0.382683,0.92388,14.999999999999998,64.0,56.99999999999999,1011.9,1008.2,6.0,9.26561,7.28335,2.3,-3.7
0.325342,0.945596,0.0,8.0,-0.92388,22.0,-0.382683,-0.92388,-0.707107,0.707107,13.0,62.0,51.0,1009.3,1006.7,7.0,11.1207,7.78612,3.5,-2.6
0.309017,0.951057,0.0,10.5,6.12323e-17,19.0,-0.382683,-0.92388,0.707107,0.707107,7.000000000000001,63.0,50.0,1014.1,1011.5,1.0,11.4169,7.53298,3.3,-2.6
0.2926,0.956235,0.0,11.1,0.382683,22.0,-0.707107,-0.707107,0.92388,0.382683,7.000000000000001,65.0,55.0,1015.2,1011.2,1.0,10.0082,7.09541,3.6,-4
0.276097,0.96113,0.0,10.2,-0.707107,43.0,0.707107,0.707107,0.707107,0.707107,7.000000000000001,70.0,62.0,1010.7,1007.0,2.0,8.1406,5.95981,3.6,-3.7
0.259512,0.96574,0.0,7.2,-0.707107,35.0,-0.707107,0.707107,6.12323e-17,1,19.0,62.0,55.0,1017.6,1016.1,4.0,9.72347,7.74526,1.5,-1.5
0.24285,0.970064,0.0,8.4,0.382683,37.0,6.12323e-17,1,6.12323e-17,1,16.999999999999996,64.0,50.0,1020.8,1019.2,7.0,11.1577,7.25055,0.8,-1.6
0.226116,0.9741,0.0,1.2,6.12323e-17,35.0,-0.92388,-0.382683,-0.382683,0.92388,13.0,70.0,72.0,1022.5,1019.9,7.0,5.29935,5.78753,-1,-2.6
0.209315,0.977848,5.0,5.6,6.12323e-17,26.0,-0.382683,0.92388,0.382683,0.92388,13.0,69.0,67.0,1021.0,1017.9,7.0,6.58403,6.09333,0.4,-3.1
0.192452,0.981306,0.4,4.9,0.382683,19.0,0.382683,-0.92388,0.382683,0.92388,9.0,79.0,73.0,1020.9,1017.3,7.0,5.24109,3.89504,1.7,-3.6
0.175531,0.984474,0.0,8.6,0.707107,20.0,-1.83697e-16,-1,0.92388,0.382683,9.0,72.0,63.00000000000001,1019.2,1014.8,1.0,7.77814,5.44967,3.1,-4.4
0.14154,0.989932,21.2,10.3,6.12323e-17,24.000000000000004,-0.382683,-0.92388,6.12323e-17,1,9.0,75.0,60.00000000000001,1017.4,1014.0,1.0,8.63011,4.75961,4.7,-3.4
0.124479,0.992222,0.0,10.8,6.12323e-17,24.000000000000004,6.12323e-17,1,6.12323e-17,1,14.999999999999998,69.0,53.99999999999999,1019.5,1016.5,3.0,10.1678,6.13007,1.9,-3
0.107381,0.994218,0.4,9.3,6.12323e-17,28.0,-0.92388,0.382683,0.382683,0.92388,11.0,77.0,59.0,1020.1,1017.4,2.0,8.74827,4.32157,2.6,-2.7
0.0902516,0.995919,0.6,9.6,6.12323e-17,20.0,-1,1.22465e-16,6.12323e-17,1,7.000000000000001,76.0,59.0,1020.1,1016.4,3.0,8.64479,4.54768,0.6,-3.7
0.0730951,0.997325,0.2,6.8,-0.92388,20.0,-0.707107,-0.707107,-1,1.22465e-16,7.000000000000001,70.0,51.0,1015.8,1012.8,5.0,11.2109,5.84468,4.8,-3
0.055917,0.998435,0.0,3.0,-0.707107,24.000000000000004,-0.707107,0.707107,6.12323e-17,1,11.0,63.0,60.00000000000001,1017.1,1013.7,2.0,8.36567,7.52167,1.2,-3.4
0.0387223,0.99925,0.0,4.7,-1.83697e-16,33.0,-0.92388,-0.382683,0.382683,0.92388,6.0,73.0,73.0,1014.7,1011.1,8.0,5.17059,5.13163,1,-3.6
0.0215161,0.999769,24.199999999999996,5.9,6.12323e-17,20.0,-0.707107,-0.707107,6.12323e-17,1,7.000000000000001,73.0,64.0,1014.7,1012.2,7.0,7.29977,5.07345,3,-2.5
0.00430354,0.999991,0.0,8.0,0.382683,20.0,-0.92388,-0.382683,-0.382683,0.92388,9.0,65.0,58.0,1015.4,1012.8,4.0,8.90211,6.97904,2.1,-2.6
-0.0129103,0.999917,0.0,6.5,-0.382683,26.0,-0.92388,-0.382683,6.12323e-17,1,11.0,70.0,58.0,1017.7,1015.4,3.0,8.94201,5.83587,2,-2.3
-0.0301203,0.999546,2.4,8.4,-0.382683,37.0,-0.92388,0.382683,-0.707107,0.707107,13.0,65.0,56.0,1023.2,1021.3000000000001,5.0,9.40573,6.93695,2.2,-1.9
-0.0473214,0.99888,6.0,9.2,-0.92388,39.0,-1,1.22465e-16,-0.707107,0.707107,14.999999999999998,72.0,52.0,1025.5,1023.2,4.0,10.4967,5.32359,1.4,-2.3
-0.0645084,0.997917,2.0,2.7,-0.707107,30.0,-0.92388,-0.382683,-1,1.22465e-16,4.0,76.0,68.0,1024.4,1020.7,8.0,6.19001,4.41161,0.7,-3.7
-0.0816764,0.996659,0.2,3.1,-0.382683,24.000000000000004,-0.707107,-0.707107,6.12323e-17,1,2.0,71.0,68.0,1022.2,1019.5,7.0,6.1853,5.4992,0.2,-2.7
-0.0988201,0.995105,1.4,5.5,6.12323e-17,35.0,-0.92388,0.382683,0.382683,0.92388,9.0,79.0,66.0,1022.7,1020.5,7.0,6.75844,3.78095,3.3,-2.2
-0.115935,0.993257,0.4,8.8,-0.92388,26.0,-0.707107,0.707107,6.12323e-17,1,11.0,71.0,56.0,1023.5,1019.9,6.0,9.37763,5.495,3,-3.6
-0.133015,0.991114,0.4,2.1,6.12323e-17,30.0,-0.92388,0.382683,6.12323e-17,1,7.000000000000001,79.0,67.0,1021.8,1019.1,7.0,6.46594,3.76065,2.9,-2.7
-0.150055,0.988678,0.4,6.4,-0.382683,39.0,-1,1.22465e-16,-0.382683,0.92388,11.0,66.0,66.0,1021.0,1019.4,7.0,6.72789,6.71773,0.2,-1.6
-0.167052,0.985948,0.2,1.7,6.12323e-17,30.0,-0.92388,0.382683,-0.707107,0.707107,7.000000000000001,76.0,79.0,1021.0,1017.8,7.0,3.83632,4.41161,1.3,-3.2
-0.183998,0.982927,36.6,0.0,-0.92388,26.0,-1,1.22465e-16,-0.92388,-0.382683,4.0,96.00000000000001,92.00000000000001,1016.9,1013.5,8.0,1.35123,0.659725,0.7,-3.4
-0.200891,0.979614,17.4,8.1,-0.382683,19.0,-0.707107,-0.707107,-0.92388,0.382683,4.0,71.0,52.0,1013.8,1010.9,7.0,10.6701,5.52438,4.1,-2.9
-0.217723,0.976011,0.0,7.2,0.707107,19.0,-0.707107,-0.707107,0.707107,0.707107,9.0,84.0,63.00000000000001,1012.8,1009.1,5.0,7.61807,2.8181,5,-3.7
-0.234491,0.972118,0.0,6.0,0.382683,43.0,-0.382683,-0.92388,-0.92388,-0.382683,6.0,85.0,71.0,1013.5,1011.8,7.0,5.4657,2.62473,-0.1,-1.7
-0.25119,0.967938,6.0,9.8,0.382683,19.0,-1.83697e-16,-1,6.12323e-17,1,6.0,72.0,56.99999999999999,1015.3,1011.7,1.0,9.21754,5.32359,3.5,-3.6
-0.267814,0.963471,6.999999999999999,9.0,-1.83697e-16,24.000000000000004,-1.83697e-16,-1,-1.83697e-16,-1,7.000000000000001,77.0,52.0,1014.9,1010.7,5.0,10.8928,4.25332,6.4,-4.2
-0.284359,0.958718,0.0,10.4,-1.83697e-16,31.0,-0.707107,-0.707107,-0.382683,-0.92388,11.0,52.0,26.999999999999996,1012.9,1008.9,2.0,20.7429,10.3324,5.7,-4
-0.30082,0.953681,0.0,10.7,-1.83697e-16,30.0,-0.707107,-0.707107,-0.382683,-0.92388,13.0,42.99999999999999,25.0,1011.6999999999999,1008.1,1.0,21.3906,12.9662,4.9,-3.6
-0.317191,0.948362,0.0,10.8,6.12323e-17,17.0,-0.707107,-0.707107,0.707107,0.707107,6.0,52.0,50.0,1014.1,1011.3,2.0,11.083,10.1308,4.5,-2.8
-0.333469,0.942761,0.0,10.2,0.382683,20.0,-0.382683,-0.92388,0.707107,0.707107,7.000000000000001,77.0,53.99999999999999,1014.7,1010.2,1.0,10.0404,4.17917,5.4,-4.5
-0.349647,0.936881,0.0,10.1,0.382683,19.0,-0.707107,-0.707107,0.707107,0.707107,7.000000000000001,69.0,56.0,1013.3,1010.6,5.0,9.62488,5.97469,5.8,-2.7
-0.365723,0.930724,0.0,10.5,6.12323e-17,20.0,-0.707107,-0.707107,6.12323e-17,1,11.0,69.0,53.0,1018.4,1015.7,1.0,10.3407,5.92936,4.7,-2.7
-0.381689,0.924291,0.0,10.5,-1.83697e-16,15.0,-0.382683,-0.92388,-1.83697e-16,-1,7.000000000000001,71.0,38.0,1020.6,1017.4,1.0,15.6478,5.48244,6.5,-3.2
-0.397543,0.917584,0.0,10.0,-0.382683,20.0,-0.92388,-0.382683,6.12323e-17,1,9.0,65.0,68.0,1022.7,1020.4,7.0,6.27979,6.87405,2.3,-2.3
-0.413279,0.910605,0.0,9.0,0.382683,20.0,-0.382683,-0.92388,-0.382683,0.92388,9.0,72.0,41.0,1023.4,1019.8,6.0,14.2008,5.26712,3.7,-3.6
-0.428892,0.903356,0.0,10.6,-0.707107,13.0,-0.707107,-0.707107,-0.382683,0.92388,6.0,71.0,47.0,1022.3,1018.9,1.0,12.2433,5.44899,5.9,-3.4
-0.444378,0.895839,0.0,10.4,0.707107,19.0,-0.382683,-0.92388,0.382683,0.92388,9.0,73.0,59.0,1023.6,1021.4,1.0,8.65124,5.04256,4.8,-2.2
-0.459733,0.888057,0.0,7.4,0.382683,22.0,-0.707107,-0.707107,6.12323e-17,1,9.0,80.99999999999999,56.99999999999999,1023.5,1020.8,1.0,9.15591,3.367,5.4,-2.7
-0.474951,0.880012,0.0,8.6,-0.382683,20.0,-0.707107,-0.707107,0.382683,0.92388,7.000000000000001,74.0,59.0,1021.2,1017.3,5.0,8.58684,4.83231,3.7,-3.9
-0.490029,0.871706,0.0,8.5,-0.707107,39.0,-0.382683,-0.92388,-0.707107,0.707107,16.999999999999996,83.0,62.0,1018.8,1017.7,3.0,7.78612,2.98177,4.7,-1.1
-0.504961,0.863142,0.0,9.6,-0.707107,26.0,-0.707107,-0.707107,-0.382683,0.92388,7.000000000000001,60.0,51.0,1025.2,1021.3000000000001,3.0,10.7472,8.03153,3.3,-3.9
-0.519744,0.854322,0.0,10.1,-1.83697e-16,28.0,-0.707107,-0.707107,-0.382683,-0.92388,9.0,71.0,34.0,1021.7,1016.1,1.0,17.3544,5.38655,9,-5.6
-0.534373,0.845249,0.0,7.0,6.12323e-17,26.0,-0.707107,-0.707107,0.382683,0.92388,6.0,67.0,68.0,1021.9,1018.3,5.0,6.20414,6.35374,1.7,-3.6
-0.548843,0.835925,0.0,7.8,6.12323e-17,26.0,-0.92388,-0.382683,-0.382683,0.92388,9.0,70.0,63.00000000000001,1023.1,1020.2,4.0,7.35861,5.66103,1.3,-2.9
-0.563151,0.826354,0.0,8.4,-0.382683,26.0,-0.707107,-0.707107,-0.382683,0.92388,13.0,73.0,56.99999999999999,1025.6,1023.1000000000001,7.0,8.94517,4.95808,3.3,-2.5
-0.577292,0.816538,0.0,9.1,-0.92388,31.0,-0.707107,-0.707107,-0.382683,0.92388,9.0,69.0,49.00000000000001,1028.4,1025.5,3.0,11.2392,5.87068,2.2,-2.9
-0.591261,0.80648,0.0,7.499999999999999,-0.707107,30.0,-0.92388,-0.382683,-0.92388,0.382683,11.0,71.0,58.0,1028.8,1025.5,3.0,8.63177,5.38655,2.6,-3.3
-0.605056,0.796183,1.2,4.8,-0.382683,30.0,-0.707107,-0.707107,-0.382683,0.92388,13.0,78.0,65.0,1027.6,1025.0,4.0,6.86883,3.90304,3.4,-2.6
-0.618671,0.78565,0.8,3.0,-0.707107,26.0,-0.707107,-0.707107,-0.382683,0.92388,7.000000000000001,80.99999999999999,89.0,1026.6,1024.1,8.0,1.84843,3.31272,0.4,-2.5
-0.632103,0.774884,4.6,6.5,-0.707107,22.0,-1,1.22465e-16,-0.707107,0.707107,9.0,87.0,69.0,1025.9,1022.1999999999999,6.0,5.952,2.18701,4.6,-3.7
-0.658402,0.752667,1.8000000000000003,4.2,-1.83697e-16,26.0,-0.382683,-0.92388,-1.83697e-16,-1,6.0,96.00000000000001,62.0,1014.6,1010.5,7.0,7.71614,0.651575,5,-4.1
-0.67126,0.741222,1.2,9.4,-0.707107,20.0,-0.382683,-0.92388,-1.83697e-16,-1,7.000000000000001,54.0,35.0,1014.8,1012.2,7.0,16.1979,9.48769,3.7,-2.6
-0.683919,0.729558,0.0,0.0,-0.382683,19.0,-0.382683,-0.92388,0.382683,-0.92388,7.000000000000001,55.0,55.0,1015.0,1012.7,7.0,9.15889,9.1237,0.5,-2.3
-0.696376,0.717677,0.0,10.2,0.382683,39.0,-1.83697e-16,-1,-0.382683,-0.92388,13.0,55.0,35.0,1016.8,1012.7,1.0,16.3068,9.21532,4.6,-4.1
-0.708627,0.705584,0.0,10.2,-1.83697e-16,35.0,-0.707107,-0.707107,-1.83697e-16,-1,13.0,46.0,32.0,1017.1,1012.6,1.0,17.4875,11.7793,4.4,-4.5
-0.720667,0.693281,0.0,10.1,-1.83697e-16,30.0,-0.382683,-0.92388,-1.83697e-16,-1,11.0,45.0,33.0,1018.5,1015.0,0.0,16.8817,11.9862,4.3,-3.5
-0.732494,0.680773,0.0,9.6,0.707107,17.0,-0.707107,-0.707107,0.382683,-0.92388,7.000000000000001,59.0,32.0,1019.5,1015.1,1.0,17.4486,7.91237,7.5,-4.4
-0.744104,0.668064,0.0,6.0,-0.707107,13.0,-0.707107,-0.707107,-0.382683,-0.92388,2.0,58.00000000000001,42.0,1019.5999999999999,1015.4,7.0,13.3796,8.14133,6.6,-4.2
-0.755493,0.655156,0.0,0.0,0.707107,24.000000000000004,-0.707107,-0.707107,-0.382683,-0.92388,7.000000000000001,69.0,83.0,1015.6,1012.7,8.0,2.8521,5.64324,-0.6,-2.9
-0.766659,0.642055,5.0,10.0,-1.83697e-16,33.0,-1.83697e-16,-1,-1.83697e-16,-1,14.999999999999998,69.0,48.0,1010.2,1007.3,3.0,11.4629,5.77203,3.4,-2.9
-0.777597,0.628763,0.0,7.299999999999999,-0.382683,44.0,-1.83697e-16,-1,-0.382683,-0.92388,16.999999999999996,68.0,60.00000000000001,1010.2,1008.9,7.0,7.84874,5.90605,1.4,-1.3
-0.788305,0.615285,1.0,8.3,-0.707107,30.0,-0.707107,-0.707107,-0.92388,-0.382683,7.000000000000001,54.0,49.00000000000001,1018.0,1018.0,7.0,11.1885,9.54593,2.4,0
-0.798779,0.601624,0.0,8.2,-0.382683,19.0,-0.707107,-0.707107,-0.92388,-0.382683,4.0,58.00000000000001,45.0,1024.6,1021.2,4.0,12.5822,8.34614,5.7,-3.4
-0.809017,0.587785,0.0,9.2,-0.707107,28.0,-0.707107,-0.707107,-0.707107,0.707107,13.0,65.0,47.0,1025.8,1023.7999999999998,1.0,11.9283,6.65097,5.6,-2
-0.819015,0.573772,1.6,3.8,6.12323e-17,31.0,-0.707107,-0.707107,-0.382683,0.92388,7.000000000000001,72.0,85.0,1028.2,1026.9,7.0,2.57451,5.16303,-0.3,-1.3
-0.82877,0.559589,4.4,6.3,6.12323e-17,30.0,-0.92388,0.382683,6.12323e-17,1,13.0,77.0,60.00000000000001,1030.4,1027.9,6.0,8.08676,4.13755,2,-2.5
-0.83828,0.54524,0.8,1.8,0.382683,17.0,-0.382683,-0.92388,-0.707107,0.707107,6.0,85.99999999999999,96.0,1028.1,1026.4,7.0,0.646507,2.36873,0.2,-1.7
-0.847541,0.53073,17.4,8.5,0.382683,26.0,-0.707107,-0.707107,6.12323e-17,1,13.0,90.0,60.00000000000001,1028.1,1025.0,5.0,8.10521,1.67888,2.7,-3.1
-0.856551,0.516062,2.6,0.9,-0.382683,13.0,-0.707107,-0.707107,0.382683,0.92388,4.0,85.0,59.0,1024.1,1019.1,7.0,8.36963,2.54263,4.7,-5
-0.865307,0.501242,0.0,5.3,-1.83697e-16,37.0,0.92388,0.382683,-1.83697e-16,-1,16.999999999999996,72.0,79.0,1013.8,1009.1,7.0,3.76935,5.22296,0,-4.7
-0.873807,0.486273,1.4,10.1,-0.382683,26.0,-0.382683,-0.92388,-0.707107,-0.707107,7.000000000000001,59.0,36.0,1016.1,1015.6,1.0,15.7426,8.13006,3.9,-0.5
-0.882048,0.47116,0.0,9.8,-0.382683,20.0,-0.707107,-0.707107,-0.707107,0.707107,2.0,57.0,45.0,1024.0,1021.6,4.0,12.554,8.52419,6.6,-2.4
-0.890028,0.455907,0.0,0.2,-0.382683,13.0,-0.382683,-0.92388,0.382683,-0.92388,4.0,75.0,65.0,1026.1,1023.2,7.0,6.81664,4.41103,5.2,-2.9
-0.905193,0.425,0.0,3.3,-1,11.0,-0.707107,-0.707107,0.382683,-0.92388,2.0,78.0,55.0,1025.5,1021.7,6.0,9.5718,3.8849,5.9,-3.8
-0.912375,0.409356,0.0,2.6,-0.92388,26.0,-0.707107,-0.707107,-0.92388,0.382683,4.0,85.0,83.0,1026.1,1024.1,8.0,2.97028,2.51885,3.8,-2
-0.919286,0.39359,6.0,1.3,-0.382683,33.0,-0.382683,0.92388,-0.707107,0.707107,13.0,92.0,56.99999999999999,1026.1,1022.9,7.0,8.82389,1.31397,3.3,-3.2
-0.925925,0.377708,3.0,0.0,-1.83697e-16,15.0,-1,1.22465e-16,-0.382683,-0.92388,6.0,95.0,96.99999999999999,1022.4,1019.7,8.0,0.482699,0.804214,1.2,-2.7
-0.938377,0.345612,0.2,1.5,0.92388,26.0,-0.382683,-0.92388,0.707107,0.707107,13.0,97.0,83.0,1018.1,1013.5,6.0,3.00943,0.483833,3.4,-4.6
-0.944188,0.329408,2.4,1.7,-0.382683,13.0,-0.707107,-0.707107,-0.382683,-0.92388,6.0,85.0,74.0,1012.2,1009.3,7.0,4.83601,2.60257,1.5,-2.9
-0.949718,0.313107,0.0,10.0,-1.83697e-16,35.0,-1.83697e-16,-1,-1.83697e-16,-1,14.999999999999998,58.00000000000001,45.0,1011.5,1008.5,1.0,12.3664,8.35902,3.2,-3
-0.954967,0.296713,0.0,9.9,-1.83697e-16,39.0,-1.83697e-16,-1,-1.83697e-16,-1,19.0,60.0,48.0,1011.8,1011.3,1.0,11.2475,7.75812,2.9,-0.5
-0.959933,0.280231,0.0,9.8,-1.83697e-16,13.0,-0.707107,-0.707107,-0.707107,-0.707107,2.0,63.0,45.0,1014.9,1011.2,1.0,12.4225,7.01581,5.8,-3.7
-0.964614,0.263665,0.0,9.8,-1.83697e-16,33.0,-1.83697e-16,-1,-1.83697e-16,-1,13.0,50.0,36.0,1011.6999999999999,1008.1,1.0,15.4848,10.3492,4.5,-3.6
-0.96901,0.247022,0.0,9.8,-1.83697e-16,22.0,-0.382683,-0.92388,0.382683,-0.92388,11.0,54.0,31.0,1014.1,1011.4,1.0,17.5566,9.16328,5.3,-2.7
-0.973118,0.230306,0.0,9.1,-0.707107,24.000000000000004,-0.382683,-0.92388,-0.92388,-0.382683,4.0,53.00000000000001,35.0,1018.0,1016.2,4.0,15.8137,9.42349,5.1,-1.8
-0.976938,0.213521,0.0,1.0,-0.707107,15.0,-0.707107,-0.707107,-0.382683,-0.92388,6.0,63.0,58.0,1020.7,1017.7,7.0,8.44299,6.9776,4,-3
-0.980469,0.196673,2.6,0.0,-0.382683,13.0,-0.707107,-0.707107,-0.707107,-0.707107,4.0,92.0,90.0,1019.8,1017.3,8.0,1.6079,1.26711,0.7,-2.5
-0.983709,0.179767,6.0,9.2,-1.83697e-16,17.0,-0.382683,-0.92388,-0.707107,0.707107,4.0,85.99999999999999,50.0,1021.7,1019.3,3.0,10.7539,2.2772,7.7,-2.4
-0.986658,0.162807,0.0,8.0,-0.382683,19.0,-0.707107,-0.707107,-1,1.22465e-16,4.0,73.0,45.0,1024.7,1021.2,5.0,12.3384,4.77243,6.2,-3.5
-0.989314,0.145799,0.0,9.6,-1.83697e-16,26.0,-0.707107,-0.707107,-0.382683,-0.92388,7.000000000000001,70.0,33.0,1022.0,1017.6,2.0,16.8564,5.47171,4.7,-4.4
-0.991677,0.128748,0.0,8.3,-1.83697e-16,37.0,-0.707107,0.707107,-1.83697e-16,-1,9.0,61.0,34.0,1018.7,1013.5,3.0,16.2349,7.32881,6.4,-5.2
-0.993747,0.111659,0.0,10.1,-1.83697e-16,24.000000000000004,-0.382683,-0.92388,-0.382683,-0.92388,9.0,61.0,35.0,1016.8,1013.2,1.0,15.9213,7.34035,7,-3.6
-0.995521,0.0945367,0.0,3.3,-0.382683,17.0,-0.382683,-0.92388,-0.707107,0.707107,7.000000000000001,74.0,89.0,1018.6,1016.1,8.0,1.83551,4.61671,2,-2.5
-0.997001,0.0773865,1.8000000000000003,2.1,-0.382683,22.0,-0.382683,-0.92388,-0.382683,0.92388,9.0,84.0,68.0,1020.6,1017.7,6.0,6.08685,2.71516,3.4,-2.9
-0.999074,0.0430222,2.4,0.1,-0.382683,19.0,-0.92388,-0.382683,-0.92388,-0.382683,6.0,89.0,88.0,1019.8,1017.0,7.0,1.97768,1.80127,0.2,-2.8
-0.999667,0.0258184,8.8,0.8,-0.382683,28.0,-0.707107,-0.707107,-0.382683,-0.92388,7.000000000000001,93.0,90.0,1014.1,1010.6,8.0,1.64643,1.11766,2.1,-3.5
-0.999963,0.008607,15.399999999999999,3.7,-0.707107,26.0,-0.707107,-0.707107,-1,1.22465e-16,9.0,79.0,61.0,1015.0,1014.8,5.0,7.89866,3.6972,4.5,-0.2
-0.999963,-0.008607,0.0,8.5,-0.92388,24.000000000000004,-0.707107,-0.707107,-0.707107,0.707107,11.0,69.0,61.0,1022.2,1020.7,3.0,7.89866,5.80781,3.7,-1.5
-0.999667,-0.0258184,0.4,8.9,6.12323e-17,19.0,-0.707107,-0.707107,0.707107,0.707107,6.0,76.0,49.00000000000001,1022.0,1017.4,5.0,11.307,4.34769,3.6,-4.6
-0.999074,-0.0430222,0.0,4.7,0.382683,15.0,-0.92388,0.382683,0.382683,0.92388,7.000000000000001,78.0,70.0,1018.2,1014.4,6.0,5.76562,3.92122,4,-3.8
-0.998186,-0.0602133,0.0,9.7,0.382683,13.0,-0.382683,-0.92388,0.92388,0.382683,6.0,82.0,31.0,1021.7,1019.1,1.0,18.2355,3.07623,8.3,-2.6
-0.997001,-0.0773865,0.0,9.2,6.12323e-17,19.0,-0.707107,-0.707107,6.12323e-17,1,9.0,72.0,52.0,1026.1,1024.1,2.0,10.2857,5.00489,6.7,-2
-0.995521,-0.0945367,0.0,9.6,-1.83697e-16,17.0,-0.707107,-0.707107,-1.83697e-16,-1,6.0,69.0,47.0,1030.6,1027.3,1.0,11.8035,5.6742,5.9,-3.3
-0.993747,-0.111659,0.0,5.8,-0.92388,30.0,-0.92388,-0.382683,-0.382683,0.92388,9.0,66.0,56.0,1030.2,1027.3,7.0,8.961,6.31721,3.4,-2.9
-0.991677,-0.128748,1.6,0.0,-0.707107,17.0,-0.707107,-0.707107,-0.382683,0.92388,6.0,94.0,76.0,1030.1,1028.0,8.0,4.27425,0.948287,3.7,-2.1
-0.989314,-0.145799,0.6,9.6,-0.382683,22.0,-0.707107,-0.707107,-0.382683,0.92388,9.0,76.0,56.99999999999999,1031.6,1029.4,2.0,8.75017,4.25101,2.9,-2.2
-0.986658,-0.162807,0.2,5.2,-0.92388,19.0,-0.92388,-0.382683,-0.707107,0.707107,4.0,75.0,62.0,1030.0,1026.4,7.0,7.49656,4.45606,3.1,-3.6
-0.983709,-0.179767,0.0,9.2,6.12323e-17,19.0,-0.92388,-0.382683,-0.382683,0.92388,7.000000000000001,87.0,53.0,1028.2,1025.1,2.0,9.86948,2.12427,6.3,-3.1
-0.980469,-0.196673,1.6,2.3,-0.382683,15.0,-0.92388,-0.382683,-0.707107,-0.707107,2.0,95.0,71.0,1027.4,1025.1,7.0,5.35753,0.78287,5.4,-2.3
-0.976938,-0.213521,0.2,3.1,6.12323e-17,22.0,-0.707107,-0.707107,1,0,6.0,84.0,71.0,1026.7,1023.7999999999998,7.0,5.36995,2.70667,2.6,-2.9
-0.973118,-0.230306,0.0,8.7,6.12323e-17,22.0,-0.707107,-0.707107,0.382683,0.92388,9.0,80.0,65.0,1026.8,1024.0,6.0,6.80623,3.47273,3.6,-2.8
-0.96901,-0.247022,0.2,8.1,6.12323e-17,20.0,-0.382683,-0.92388,0.382683,0.92388,11.0,88.0,58.0,1025.8,1022.9,4.0,8.57949,1.99328,4.6,-2.9
-0.964614,-0.263665,0.4,7.0,6.12323e-17,20.0,-0.382683,-0.92388,0.382683,0.92388,7.000000000000001,80.99999999999999,65.0,1024.8,1022.0,5.0,6.83749,3.31014,3.1,-2.8
-0.959933,-0.280231,1.6,5.1,0.382683,20.0,-0.707107,-0.707107,0.707107,0.707107,7.000000000000001,92.0,69.0,1021.9,1017.5,7.0,5.93841,1.32014,3.7,-4.4
-0.954967,-0.296713,2.8,3.5,-1.83697e-16,37.0,0.92388,-0.382683,0.382683,-0.92388,6.0,84.0,85.0,1015.5,1012.5,7.0,2.55855,2.79219,-2.3,-3
-0.949718,-0.313107,0.2,9.2,-1.83697e-16,19.0,-1.83697e-16,-1,0.382683,-0.92388,9.0,64.0,43.0,1018.7,1016.1,6.0,13.1138,6.85728,4.6,-2.6
-0.944188,-0.329408,0.2,1.0,-0.707107,13.0,-0.707107,-0.707107,-0.707107,-0.707107,2.0,68.0,67.0,1021.5,1020.0,8.0,6.12268,5.8098,2,-1.5
-0.938377,-0.345612,3.0,9.4,-1.83697e-16,26.0,-0.707107,-0.707107,-1.83697e-16,-1,11.0,65.0,33.0,1022.8,1018.9,1.0,16.7304,6.54332,4.4,-3.9
-0.932289,-0.361714,0.0,9.8,-0.707107,26.0,-0.707107,-0.707107,-0.707107,-0.707107,4.0,57.0,41.0,1023.1,1020.6,1.0,13.7522,8.34677,7.5,-2.5
-0.925925,-0.377708,0.0,6.2,-0.382683,26.0,-0.707107,-0.707107,-0.382683,0.92388,9.0,56.0,59.0,1026.9,1024.4,6.0,8.24942,8.8378,2.9,-2.5
-0.919286,-0.39359,0.0,6.0,6.12323e-17,15.0,-0.92388,0.382683,0.382683,0.92388,7.000000000000001,72.0,67.0,1027.5,1024.9,6.0,6.29075,5.07181,2.8,-2.6
-0.912375,-0.409356,0.0,9.5,-0.382683,22.0,-0.707107,-0.707107,6.12323e-17,1,13.0,80.99999999999999,56.0,1028.9,1026.4,4.0,9.09195,3.25632,4.8,-2.5
-0.905193,-0.425,0.0,5.6,6.12323e-17,33.0,-0.382683,-0.92388,6.12323e-17,1,13.0,77.0,53.0,1028.7,1025.9,4.0,9.93724,4.06757,3.7,-2.8
-0.897743,-0.440519,1.0,4.9,6.12323e-17,19.0,-0.92388,-0.382683,-0.382683,-0.92388,2.0,85.99999999999999,73.0,1025.4,1022.0,6.0,4.96955,2.34844,3.1,-3.4
-0.882048,-0.47116,0.6,9.0,-0.707107,20.0,-0.92388,-0.382683,-0.92388,-0.382683,6.0,69.0,53.99999999999999,1017.6,1015.3,5.0,9.74375,5.73636,4.9,-2.3
-0.873807,-0.486273,0.0,7.700000000000001,-0.92388,24.000000000000004,-0.92388,-0.382683,-0.92388,0.382683,6.0,67.0,55.0,1019.5,1016.8,7.0,9.43557,6.23287,3.4,-2.7
-0.865307,-0.501242,0.0,9.1,0.92388,15.0,-0.707107,-0.707107,0.92388,0.382683,7.000000000000001,75.0,55.0,1020.0,1015.7,3.0,9.49999,4.45606,5.8,-4.3
-0.856551,-0.516062,0.0,10.3,0.382683,33.0,-0.707107,-0.707107,-1.83697e-16,-1,11.0,51.0,22.0,1018.7,1014.7,0.0,22.9363,10.3323,4.9,-4
-0.83828,-0.54524,0.0,10.1,0.382683,22.0,-0.92388,0.382683,-1.83697e-16,-1,9.0,53.00000000000001,34.0,1021.0,1016.8,1.0,16.7158,9.66756,5.8,-4.2
-0.82877,-0.559589,0.0,10.0,-1.83697e-16,24.000000000000004,-0.707107,-0.707107,0.382683,-0.92388,7.000000000000001,64.0,30.000000000000004,1019.5999999999999,1014.5,2.0,18.7234,6.7778,9.1,-5.1
-0.819015,-0.573772,0.0,10.0,0.382683,20.0,-0.92388,-0.382683,0.382683,-0.92388,7.000000000000001,60.0,29.0,1016.8,1011.4,1.0,19.3109,7.80035,8.6,-5.4
-0.809017,-0.587785,0.0,10.3,-1.83697e-16,46.0,-0.707107,-0.707107,-1.83697e-16,-1,19.999999999999996,55.0,25.0,1011.4000000000001,1008.1,1.0,20.8314,9.13073,4,-3.3
-0.798779,-0.601624,0.0,10.2,-0.707107,28.0,-0.707107,-0.707107,0.382683,-0.92388,7.000000000000001,46.0,36.0,1017.2,1014.0,1.0,15.8368,11.6266,6.5,-3.2
-0.788305,-0.615285,0.0,10.1,-0.382683,19.0,-0.707107,-0.707107,-0.707107,-0.707107,4.0,47.0,28.0,1017.4,1015.3,1.0,19.9624,11.4326,8.8,-2.1
-0.777597,-0.628763,0.0,10.0,0.382683,15.0,-0.707107,-0.707107,0.382683,0.92388,9.0,58.00000000000001,37.0,1019.5999999999999,1015.8,1.0,15.7495,8.35902,7.8,-3.8
-0.755493,-0.655156,0.0,10.1,6.12323e-17,26.0,-0.382683,-0.92388,6.12323e-17,1,13.0,56.0,47.0,1015.1,1013.7,1.0,12.0988,9.18207,3,-1.4
-0.744104,-0.668064,0.0,7.700000000000001,0.707107,22.0,-0.92388,-0.382683,0.382683,0.92388,11.0,70.0,69.0,1017.7,1012.6,6.0,5.99742,5.63936,3,-5.1
-0.732494,-0.680773,0.2,10.6,-1.83697e-16,35.0,-0.382683,-0.92388,-0.382683,-0.92388,13.0,42.99999999999999,19.0,1017.1,1014.9,0.0,25.2185,13.1533,3,-2.2
-0.720667,-0.693281,0.0,10.4,0.382683,22.0,-0.92388,-0.382683,0.382683,0.92388,13.0,46.0,52.0,1024.0,1019.4,1.0,10.2313,11.6535,4.5,-4.6
-0.708627,-0.705584,0.0,9.3,0.382683,28.0,-0.707107,-0.707107,0.707107,0.707107,11.0,69.0,59.0,1019.3000000000001,1013.7,2.0,8.41413,5.76311,4.7,-5.6
-0.696376,-0.717677,0.0,10.5,6.12323e-17,20.0,-0.92388,-0.382683,-0.382683,-0.92388,2.0,87.0,29.0,1019.4,1015.6,1.0,19.4669,2.17167,9.9,-3.8
-0.683919,-0.729558,0.0,10.4,-1.83697e-16,26.0,-0.707107,-0.707107,-1.83697e-16,-1,9.0,69.0,30.000000000000004,1017.0,1010.5,5.0,18.7785,5.80333,6.3,-6.5
-0.67126,-0.741222,0.0,10.7,-1.83697e-16,39.0,0.382683,-0.92388,-1.83697e-16,-1,19.0,40.0,22.0,1013.8,1011.2,1.0,22.4515,13.8902,1.7,-2.6
-0.658402,-0.752667,0.0,10.7,-0.382683,22.0,-0.382683,-0.92388,0.707107,-0.707107,6.0,38.0,21.0,1017.5,1013.3,0.0,23.0114,14.031,6.7,-4.2
-0.645348,-0.763889,0.0,10.8,-1.83697e-16,22.0,-0.92388,-0.382683,-1.83697e-16,-1,6.0,41.0,22.0,1018.2,1014.3,3.0,22.6015,13.1478,6.4,-3.9
-0.632103,-0.774884,0.0,11.0,0.382683,41.0,-0.382683,-0.92388,-1.83697e-16,-1,19.0,48.00000000000001,20.000000000000004,1019.0,1014.6,0.0,24.1752,10.9492,7.7,-4.4
-0.618671,-0.78565,0.0,11.0,-0.382683,24.000000000000004,-0.382683,-0.92388,0.382683,0.92388,13.0,36.0,31.0,1020.4,1018.7,0.0,18.0747,15.4964,3.5,-1.7
-0.605056,-0.796183,0.0,10.0,6.12323e-17,24.000000000000004,-0.707107,-0.707107,0.382683,0.92388,11.0,61.0,53.0,1026.3,1022.4000000000001,1.0,10.081,7.6435,4.6,-3.9
-0.591261,-0.80648,0.0,9.9,0.92388,19.0,-0.707107,-0.707107,0.92388,0.382683,9.0,71.0,52.0,1025.5,1021.2,1.0,10.4027,5.38655,4,-4.3
-0.577292,-0.816538,0.0,10.5,0.707107,20.0,-0.707107,-0.707107,0.92388,0.382683,7.000000000000001,69.0,51.0,1023.3,1018.4,1.0,10.7875,5.83472,4.9,-4.9
-0.563151,-0.826354,0.0,10.6,0.382683,19.0,-0.707107,-0.707107,0.707107,-0.707107,6.0,63.0,26.0,1021.2,1017.0,1.0,21.3545,7.24716,8.6,-4.2
-0.548843,-0.835925,0.0,10.6,6.12323e-17,24.000000000000004,-0.707107,-0.707107,0.382683,0.92388,11.0,61.0,52.0,1024.4,1020.2,1.0,10.4496,7.76167,3.6,-4.2
-0.534373,-0.845249,0.0,10.3,0.92388,26.0,-0.707107,-0.707107,0.92388,0.382683,9.0,71.0,53.0,1024.0,1019.5,1.0,10.1494,5.41148,3.9,-4.5
-0.519744,-0.854322,0.0,10.2,0.707107,19.0,0.92388,0.382683,0.707107,0.707107,9.0,67.0,58.0,1023.3,1019.2,2.0,8.90875,6.40728,4.1,-4.1
-0.504961,-0.863142,0.0,9.6,-0.382683,30.0,-0.707107,0.707107,-0.382683,0.92388,11.0,59.0,47.0,1025.7,1023.3999999999999,3.0,12,8.49708,0.1,-2.3
-0.490029,-0.871706,0.0,6.700000000000001,6.12323e-17,31.0,-0.707107,-0.707107,-0.382683,0.92388,13.0,64.0,53.99999999999999,1029.3,1026.4,3.0,9.8323,7.0015,3.6,-2.9
-0.474951,-0.880012,0.0,8.9,-0.382683,41.0,-0.92388,0.382683,-0.707107,0.707107,14.999999999999998,66.0,49.00000000000001,1031.1,1028.7,3.0,11.2223,6.52097,2.7,-2.4
-0.459733,-0.888057,0.4,10.5,-0.382683,31.0,-0.92388,-0.382683,-0.382683,0.92388,14.999999999999998,52.0,44.0,1031.4,1029.2,2.0,12.803,10.2081,1.2,-2.2
-0.444378,-0.895839,0.0,9.8,0.707107,24.000000000000004,-0.92388,-0.382683,-0.382683,0.92388,7.000000000000001,59.0,44.0,1030.5,1026.8,1.0,12.9284,8.23682,3.5,-3.7
-0.428892,-0.903356,0.0,10.7,0.382683,20.0,-0.707107,-0.707107,0.707107,0.707107,7.000000000000001,65.0,46.00000000000001,1029.9,1025.4,0.0,12.3073,6.68704,5.5,-4.5
-0.413279,-0.910605,0.0,10.6,1,24.000000000000004,-1.83697e-16,-1,0.92388,0.382683,7.000000000000001,63.0,53.99999999999999,1028.4,1023.5000000000001,0.0,9.8545,7.26382,3.5,-4.9
-0.397543,-0.917584,0.0,10.1,0.707107,20.0,-0.382683,0.92388,0.707107,0.707107,9.0,63.0,49.00000000000001,1025.3,1020.6,3.0,11.3835,7.34184,2.6,-4.7
-0.381689,-0.924291,0.0,10.4,0.382683,22.0,-0.382683,0.92388,0.707107,0.707107,7.000000000000001,62.0,45.0,1023.6,1018.8,1.0,12.686,7.58864,2.7,-4.8
-0.365723,-0.930724,0.0,7.1,0.707107,26.0,0.382683,-0.92388,0.707107,0.707107,9.0,66.0,60.00000000000001,1016.9,1011.4,7.0,8.25976,6.63666,2.4,-5.5
-0.349647,-0.936881,0.0,10.7,0.92388,20.0,-0.707107,-0.707107,0.707107,0.707107,7.000000000000001,59.0,44.0,1013.7,1008.7,1.0,13.3768,8.38869,5.7,-5
-0.333469,-0.942761,0.0,10.6,0.382683,28.0,-0.707107,-0.707107,0.382683,0.92388,14.999999999999998,44.0,66.0,1014.6,1010.6,1.0,6.82485,12.9381,2.2,-4
-0.317191,-0.948362,0.0,8.0,6.12323e-17,30.0,-0.382683,0.92388,6.12323e-17,1,14.999999999999998,58.00000000000001,60.00000000000001,1017.4,1016.0,3.0,8.20396,8.79613,-1,-1.4
-0.30082,-0.953681,0.2,8.8,0.707107,31.0,0.707107,0.707107,0.707107,0.707107,13.0,71.0,71.0,1016.7,1010.5,2.0,5.63419,5.55806,1.8,-6.2
-0.284359,-0.958718,0.0,10.7,0.382683,24.000000000000004,-0.92388,0.382683,0.707107,0.707107,9.0,52.0,48.0,1016.9,1013.3,1.0,11.8556,10.4731,1.8,-3.6
-0.25119,-0.967938,11.799999999999999,8.2,0.382683,37.0,1,0,0.707107,-0.707107,9.0,75.0,45.0,1009.4,1003.0,4.0,13.1534,4.63135,7.3,-6.4
-0.234491,-0.972118,0.2,11.3,-1.83697e-16,37.0,0.382683,-0.92388,-1.83697e-16,-1,13.0,41.0,22.0,1010.4,1006.1,0.0,23.9199,14.0435,5.5,-4.3
-0.217723,-0.976011,0.0,9.5,0.382683,22.0,0.92388,0.382683,0.382683,0.92388,11.0,60.0,52.0,1010.1,1004.3,1.0,10.8609,8.1854,6,-5.8
-0.200891,-0.979614,0.0,11.4,-1.83697e-16,37.0,-0.382683,-0.92388,-1.83697e-16,-1,14.999999999999998,28.0,20.000000000000004,1012.4,1008.6,0.0,25.0489,19.6434,3.9,-3.8
-0.183998,-0.982927,0.0,11.0,0.382683,24.000000000000004,-0.92388,-0.382683,6.12323e-17,1,13.0,32.0,43.0,1014.7,1011.7,1.0,13.2919,17.5136,0.9,-3
-0.167052,-0.985948,0.0,10.5,0.382683,28.0,-1,1.22465e-16,0.92388,0.382683,11.0,57.0,56.99999999999999,1016.1,1012.3,1.0,9.04685,8.89117,2.3,-3.8
-0.150055,-0.988678,0.0,11.0,0.707107,20.0,-0.707107,-0.707107,0.707107,0.707107,7.000000000000001,65.0,47.0,1017.4,1012.3,1.0,12.3249,6.86883,5.8,-5.1
-0.133015,-0.991114,0.0,10.4,0.707107,28.0,0.382683,0.92388,0.707107,0.707107,13.0,57.0,44.0,1013.4,1007.5,2.0,13.5444,9.04685,5.5,-5.9
-0.115935,-0.993257,0.0,10.8,6.12323e-17,24.000000000000004,-0.707107,-0.707107,0.707107,0.707107,13.0,48.00000000000001,26.0,1012.3,1010.2,0.0,21.5088,12.0233,1.6,-2.1
-0.0988201,-0.995105,0.0,9.8,0.92388,26.0,6.12323e-17,1,0.707107,0.707107,9.0,73.0,61.0,1013.7,1008.9,0.0,8.24316,5.15889,3.8,-4.8
-0.0816764,-0.996659,0.0,11.0,-0.382683,37.0,-0.707107,0.707107,6.12323e-17,1,19.999999999999996,45.0,51.0,1017.9,1015.4,0.0,10.8359,12.8663,-1.2,-2.5
-0.0645084,-0.997917,0.2,2.1,0.382683,20.0,-0.92388,-0.382683,0.382683,-0.92388,6.0,83.0,52.0,1017.8,1012.8,6.0,10.5596,2.96569,5.7,-5
-0.0473214,-0.99888,0.4,11.0,6.12323e-17,39.0,-0.92388,-0.382683,6.12323e-17,1,16.999999999999996,52.0,55.0,1015.9,1013.4,2.0,9.70897,10.678,-1.2,-2.5
-0.0301203,-0.999546,0.0,9.5,0.92388,22.0,0.707107,0.707107,0.707107,0.707107,9.0,66.0,63.00000000000001,1021.1,1017.2,5.0,7.52167,6.69741,1.7,-3.9
-0.0129103,-0.999917,0.0,10.2,0.707107,33.0,1,0,0.92388,0.382683,13.0,63.0,60.00000000000001,1018.7,1012.3,7.0,8.50999,7.52733,3.4,-6.4
0.00430354,-0.999991,1.2,9.2,-1.83697e-16,24.000000000000004,0.707107,0.707107,0.707107,0.707107,11.0,61.0,39.0,1017.1,1012.5,1.0,15.2072,7.96459,4,-4.6
0.0215161,-0.999769,0.0,11.1,-1.83697e-16,44.0,0.92388,0.382683,-1.83697e-16,-1,16.999999999999996,56.0,19.0,1012.0000000000001,1008.0,2.0,26.3823,9.5044,4.7,-4
0.0387223,-0.99925,0.0,11.3,6.12323e-17,26.0,-0.92388,-0.382683,0.382683,0.92388,13.0,33.0,35.0,1019.9000000000001,1016.9,1.0,16.2221,16.8691,1.6,-3
0.055917,-0.998435,0.0,11.4,-0.92388,19.0,-0.707107,-0.707107,0.382683,0.92388,11.0,52.0,36.0,1019.3000000000001,1013.4,0.0,16.2523,10.2469,5,-5.9
0.0730951,-0.997325,0.0,11.8,0.707107,26.0,6.12323e-17,1,0.707107,0.707107,11.0,50.0,39.0,1014.5,1008.5,0.0,15.4308,11.1079,5.1,-6
0.0902516,-0.995919,0.0,10.5,-0.707107,43.0,6.12323e-17,1,0.382683,0.92388,9.0,45.0,37.0,1009.6,1004.0,3.0,16.3946,12.9521,3.9,-5.6
0.107381,-0.994218,0.0,10.5,0.382683,33.0,-1.83697e-16,-1,0.707107,0.707107,13.0,57.0,53.99999999999999,1013.0,1009.0,2.0,10.0031,9.04685,1.6,-4
0.124479,-0.992222,0.0,11.9,0.382683,28.0,-0.382683,0.92388,0.707107,0.707107,11.0,46.0,49.00000000000001,1021.5,1018.9,1.0,11.3579,12.2705,0.5,-2.6
0.14154,-0.989932,0.0,11.5,0.707107,30.0,-1.83697e-16,-1,0.707107,0.707107,14.999999999999998,52.0,52.0,1019.9000000000001,1013.3,0.0,10.6939,10.4261,3.4,-6.6
0.158559,-0.987349,0.0,11.6,-0.382683,41.0,1,0,0.382683,0.92388,11.0,40.0,46.00000000000001,1012.8,1009.2,1.0,12.9121,14.7669,3.1,-3.6
0.175531,-0.984474,0.0,8.6,0.707107,30.0,6.12323e-17,1,0.707107,0.707107,11.0,77.0,60.00000000000001,1018.2,1014.1,5.0,8.43454,4.2825,3.1,-4.1
0.192452,-0.981306,0.0,11.2,0.92388,31.0,0.92388,-0.382683,0.707107,0.707107,13.0,49.0,55.0,1015.0,1008.5,1.0,9.85438,11.5457,1.5,-6.5
0.209315,-0.977848,0.0,11.7,-1.83697e-16,48.00000000000001,-1.83697e-16,-1,-0.707107,-0.707107,9.0,26.0,14.0,1013.1,1012.0,0.0,30.0588,20.8334,3.4,-1.1
0.226116,-0.9741,0.0,12.2,0.382683,26.0,1,0,0.382683,0.92388,11.0,53.00000000000001,40.0,1022.2,1019.0,1.0,14.54,10.0886,2.1,-3.2
0.24285,-0.970064,0.0,8.8,0.92388,31.0,1,0,0.707107,0.707107,14.999999999999998,54.0,51.0,1023.7,1019.1,6.0,10.7713,9.8323,0.8,-4.6
0.259512,-0.96574,0.0,11.8,0.707107,33.0,1,0,0.92388,0.382683,14.999999999999998,48.00000000000001,56.99999999999999,1020.3,1015.4,2.0,9.14908,11.8117,0.1,-4.9
0.276097,-0.96113,0.0,2.0,6.12323e-17,31.0,-1,1.22465e-16,-0.707107,0.707107,6.0,72.0,88.0,1020.4,1019.8,7.0,2.05154,5.29935,-2.3,-0.6
0.2926,-0.956235,12.2,11.9,6.12323e-17,30.0,-1,1.22465e-16,6.12323e-17,1,14.999999999999998,50.0,50.0,1024.5,1020.0,2.0,11.191,11.0416,1.8,-4.5
0.309017,-0.951057,0.0,10.0,6.12323e-17,28.0,-0.382683,0.92388,0.382683,0.92388,16.999999999999996,62.0,62.0,1022.8,1018.9,6.0,7.75692,7.7336,0.4,-3.9
0.325342,-0.945596,0.0,11.7,0.382683,24.000000000000004,0.92388,0.382683,0.382683,0.92388,11.0,58.00000000000001,53.0,1020.7,1017.1,1.0,10.3792,8.8358,1.8,-3.6
0.341571,-0.939856,0.0,11.2,0.707107,26.0,0.707107,-0.707107,0.707107,0.707107,11.0,61.0,47.0,1019.3000000000001,1014.9,1.0,12.2342,8.0127,2.1,-4.4
0.357698,-0.933837,0.0,11.4,0.382683,31.0,0.707107,-0.707107,0.92388,0.382683,13.0,56.0,56.0,1015.7,1011.1,1.0,9.56101,9.42684,1.9,-4.6
0.37372,-0.927542,0.0,7.4,-1.83697e-16,24.000000000000004,1,0,-1.83697e-16,-1,4.0,47.0,44.0,1013.2,1011.6,8.0,13.4457,12.3885,0.3,-1.6
0.38963,-0.920971,0.2,8.7,-0.382683,39.0,-0.707107,0.707107,6.12323e-17,1,14.999999999999998,56.0,55.0,1021.6,1019.5,3.0,9.579,9.32156,-0.3,-2.1
0.405426,-0.914128,0.0,11.9,0.707107,26.0,0.92388,0.382683,1,0,9.0,55.0,50.0,1020.9,1015.6,1.0,11.4001,9.70173,2.6,-5.3
0.421101,-0.907014,0.0,11.5,-0.382683,30.0,-0.382683,0.92388,0.382683,0.92388,14.999999999999998,57.0,48.0,1021.9,1019.0,1.0,11.8029,9.05364,1.2,-2.9
0.436651,-0.899631,0.0,10.3,0.707107,37.0,0.707107,0.707107,0.707107,0.707107,13.0,59.0,56.99999999999999,1022.0,1017.1,1.0,9.14908,8.49068,1.8,-4.9
0.452072,-0.891981,0.0,7.700000000000001,0.707107,35.0,1,0,6.12323e-17,1,13.0,51.0,80.0,1015.5,1010.7,7.0,3.68453,10.9332,-1.5,-4.8
0.467359,-0.884068,8.8,6.8,6.12323e-17,37.0,-0.92388,0.382683,-0.382683,0.92388,16.999999999999996,67.0,51.0,1015.6,1013.6,1.0,10.8845,6.41216,3.5,-2
0.482508,-0.875892,0.2,10.2,6.12323e-17,31.0,-0.382683,0.92388,6.12323e-17,1,13.0,58.00000000000001,51.0,1020.4,1017.8,2.0,10.8602,8.69734,2.4,-2.6
0.497513,-0.867456,0.0,12.5,0.382683,30.0,6.12323e-17,1,0.382683,0.92388,13.0,46.0,38.0,1023.1,1020.0,2.0,15.3404,12.3902,0.7,-3.1
0.512371,-0.858764,0.0,12.3,0.707107,26.0,0.707107,0.707107,0.92388,0.382683,11.0,52.0,46.00000000000001,1022.0,1017.5,5.0,12.5383,10.536,1.3,-4.5
0.527078,-0.849817,0.0,12.2,0.382683,24.000000000000004,-0.707107,-0.707107,0.707107,0.707107,11.0,47.0,53.0,1018.3,1012.5,1.0,10.5338,12.1439,3.2,-5.8
0.541628,-0.840618,0.0,8.2,6.12323e-17,37.0,-0.707107,0.707107,-0.382683,0.92388,19.0,56.0,56.0,1017.7,1016.8,7.0,9.25866,9.32156,-0.9,-0.9
0.556017,-0.831171,0.0,10.3,-0.382683,61.0,6.12323e-17,1,6.12323e-17,1,19.0,50.0,53.99999999999999,1024.3,1021.4999999999999,2.0,9.82491,10.9261,0.9,-2.8
0.570242,-0.821477,0.0,9.7,0.707107,26.0,-0.382683,0.92388,0.382683,0.92388,13.0,38.0,45.0,1022.9,1018.8,7.0,12.6388,15.1371,0.2,-4.1
0.584298,-0.811539,0.0,12.5,0.382683,24.000000000000004,-1.83697e-16,-1,0.707107,0.707107,11.0,47.0,43.0,1019.3000000000001,1015.1,1.0,13.5612,11.9641,2.6,-4.2
0.598181,-0.801361,0.0,12.1,0.707107,31.0,-1.83697e-16,-1,0.92388,0.382683,13.0,49.0,39.0,1016.6,1012.9,1.0,15.1071,11.4431,1.9,-3.7
0.611886,-0.790946,0.0,12.2,0.707107,37.0,0.92388,0.382683,0.707107,0.707107,11.0,46.0,56.99999999999999,1014.6,1010.4,2.0,9.21754,12.5847,-0.2,-4.2
0.625411,-0.780296,0.0,8.2,-1,31.0,-0.707107,0.707107,6.12323e-17,1,13.0,51.0,56.99999999999999,1012.2,1010.5,6.0,9.26561,11.0308,-0.1,-1.7
0.638749,-0.769415,4.0,6.1,0.707107,31.0,1,0,0.92388,0.382683,13.0,53.00000000000001,56.99999999999999,1014.5,1011.3,7.0,9.24499,10.3638,0.4,-3.2
0.651899,-0.758306,1.8000000000000003,10.7,0.707107,33.0,0.92388,0.382683,0.92388,0.382683,13.0,59.0,53.0,1015.7,1012.8,2.0,10.4563,8.64479,1.6,-2.9
0.664855,-0.746972,5.799999999999999,10.9,0.382683,30.0,0.382683,-0.92388,0.382683,0.92388,14.999999999999998,61.0,60.00000000000001,1015.9,1012.2,3.0,8.50999,8.11541,2.1,-3.7
0.677615,-0.735417,12.8,6.6,-0.92388,35.0,0.92388,-0.382683,0.382683,0.92388,13.0,67.0,64.0,1015.4,1010.1,2.0,7.4263,6.60382,1.6,-5.3
0.690173,-0.723644,22.4,11.6,0.707107,24.000000000000004,0.382683,0.92388,0.707107,0.707107,9.0,64.0,63.00000000000001,1013.7,1009.3,5.0,7.64084,7.3217,1.2,-4.4
0.702527,-0.711657,0.0,6.9,0.382683,33.0,6.12323e-17,1,0.382683,0.92388,16.999999999999996,58.00000000000001,63.00000000000001,1011.3,1007.4,6.0,7.53298,8.82919,0.1,-3.9
0.714673,-0.699458,0.0,2.2,0.382683,20.0,-0.382683,0.92388,0.382683,0.92388,4.0,64.0,70.0,1012.0000000000001,1010.2,7.0,5.77876,7.17974,0.2,-1.8
0.726608,-0.687053,9.2,9.1,-0.707107,39.0,0.382683,-0.92388,0.92388,0.382683,7.000000000000001,65.0,53.0,1011.0,1006.2,6.0,10.2564,6.90023,2.8,-4.8
0.738326,-0.674444,5.799999999999999,12.4,-0.382683,28.0,-1.83697e-16,-1,6.12323e-17,1,14.999999999999998,51.0,47.0,1008.9,1005.6,6.0,12.3158,10.7794,3.2,-3.3
0.749826,-0.661635,0.0,12.9,6.12323e-17,28.0,-1.83697e-16,-1,6.12323e-17,1,11.0,57.0,56.0,1011.1,1008.2,2.0,9.56809,9.12859,2.3,-2.9
0.761104,-0.64863,0.0,13.0,6.12323e-17,26.0,-0.92388,0.382683,0.382683,0.92388,11.0,56.0,53.0,1012.9,1009.8,1.0,10.4409,9.43387,1.9,-3.1
0.772157,-0.635432,0.0,9.1,0.382683,26.0,-0.707107,0.707107,0.382683,0.92388,11.0,55.0,60.00000000000001,1012.3,1009.2,7.0,8.35942,9.76701,-0.5,-3.1
0.78298,-0.622047,0.2,8.4,-1.83697e-16,43.0,0.92388,-0.382683,0.92388,0.382683,13.0,62.0,62.0,1009.5,1004.9,1.0,7.9624,7.87402,1.5,-4.6
0.793572,-0.608477,10.6,8.7,-1,37.0,0.92388,-0.382683,0.92388,0.382683,4.0,67.0,72.0,1006.8,1002.1,5.0,5.41699,6.68324,-2.2,-4.7
0.803928,-0.594727,8.8,11.3,0.707107,30.0,-0.92388,0.382683,6.12323e-17,1,14.999999999999998,59.0,61.0,1006.1,1003.8,7.0,8.11541,8.7094,-1,-2.3
0.814046,-0.5808,0.0,11.5,-0.382683,35.0,-0.707107,0.707107,-0.382683,0.92388,14.999999999999998,54.0,55.0,1011.6999999999999,1010.5,2.0,9.71622,9.98074,0.3,-1.2
0.823923,-0.566702,0.0,12.7,0.382683,28.0,-1,1.22465e-16,0.382683,0.92388,11.0,45.0,49.00000000000001,1016.5,1013.6,2.0,11.4858,12.7049,0.9,-2.9
0.833556,-0.552435,0.0,12.9,0.707107,28.0,0.92388,0.382683,0.707107,0.707107,11.0,56.0,56.0,1015.1,1010.9,1.0,9.54684,9.42684,1.7,-4.2
0.842942,-0.538005,0.0,10.1,0.707107,33.0,-1.83697e-16,-1,0.92388,0.382683,11.0,49.0,60.00000000000001,1009.9,1005.4,7.0,8.60476,11.6746,2.2,-4.5
0.852078,-0.523416,23.4,1.6,-0.707107,35.0,-0.92388,-0.382683,-1,1.22465e-16,9.0,94.0,74.0,1013.0,1014.4,7.0,4.85081,0.992478,2.5,1.4
0.860961,-0.508671,13.999999999999998,12.8,-0.707107,39.0,-0.92388,0.382683,-0.382683,0.92388,16.999999999999996,50.0,48.0,1022.0,1019.2,2.0,11.6629,11.0747,-0.4,-2.8
0.869589,-0.493776,0.0,13.1,6.12323e-17,28.0,-0.92388,0.382683,6.12323e-17,1,13.0,45.0,45.0,1021.1,1016.5,2.0,12.7902,12.6388,1.6,-4.6
0.87796,-0.478734,0.0,13.0,6.12323e-17,28.0,-1,1.22465e-16,0.382683,0.92388,11.0,47.0,52.0,1016.9,1013.3,2.0,10.6148,12.0538,1.4,-3.6
0.886071,-0.46355,0.0,12.5,0.92388,26.0,-1.83697e-16,-1,0.707107,0.707107,9.0,57.0,47.0,1013.3,1007.8,6.0,12.2976,8.99933,3.9,-5.5
0.893919,-0.448229,0.0,9.4,0.382683,30.0,0.707107,-0.707107,0.92388,0.382683,11.0,51.0,49.00000000000001,1004.4,999.3,6.0,12.0215,11.0798,3.6,-5.1
0.901502,-0.432776,0.8,12.8,-0.382683,28.0,-0.707107,-0.707107,6.12323e-17,1,14.999999999999998,24.000000000000004,36.0,1013.7,1012.1,1.0,16.1926,21.7279,2.2,-1.6
0.908818,-0.417194,0.0,12.9,6.12323e-17,26.0,6.12323e-17,1,0.382683,0.92388,11.0,46.0,37.0,1021.0,1018.1,1.0,15.8659,12.3902,1.8,-2.9
0.915864,-0.401488,0.0,13.1,6.12323e-17,24.000000000000004,0.707107,0.707107,0.92388,0.382683,7.000000000000001,49.0,48.0,1019.9000000000001,1016.4,2.0,11.9614,11.4346,2.4,-3.5
0.92264,-0.385663,0.0,13.1,0.382683,31.0,0.92388,0.382683,0.92388,0.382683,13.0,52.0,48.0,1015.9,1011.6,4.0,11.9084,10.6069,0.7,-4.3
0.929141,-0.369725,0.0,10.0,0.707107,28.0,0.707107,0.707107,0.707107,0.707107,11.0,54.0,55.0,1010.7999999999998,1007.6,7.0,9.8325,10.0628,0.8,-3.2
0.935368,-0.353676,0.0,3.6,0.707107,22.0,1,0,0.707107,0.707107,9.0,54.0,65.0,1009.3,1006.2,6.0,7.18063,10.1603,-0.1,-3.1
0.941317,-0.337523,2.0,0.2,0.382683,17.0,-0.707107,-0.707107,-0.707107,0.707107,2.0,85.0,83.0,1009.6,1008.7,8.0,3.08147,2.66931,1.1,-0.9
0.946988,-0.32127,0.4,11.9,0.382683,28.0,-0.382683,0.92388,6.12323e-17,1,6.0,58.00000000000001,70.0,1012.5,1010.7,4.0,5.91097,8.97532,-0.8,-1.8
0.952378,-0.304921,0.4,12.9,0.382683,26.0,-0.707107,-0.707107,0.382683,0.92388,13.0,64.0,56.0,1014.7,1011.7,2.0,9.62488,7.33817,2.4,-3
0.957485,-0.288482,0.2,10.7,6.12323e-17,26.0,6.12323e-17,1,0.382683,0.92388,13.0,62.0,47.0,1016.7,1013.8,2.0,12.4432,7.9211,1.6,-2.9
0.962309,-0.271958,0.0,10.0,6.12323e-17,28.0,0.382683,0.92388,0.382683,0.92388,14.999999999999998,50.0,49.00000000000001,1018.3,1015.6,5.0,11.7263,11.3497,0.7,-2.7
0.966848,-0.255353,0.0,6.9,6.12323e-17,33.0,-0.382683,0.92388,6.12323e-17,1,16.999999999999996,61.0,52.0,1019.3000000000001,1017.7,5.0,10.6385,8.03078,1.5,-1.6
0.9711,-0.238673,0.0,12.6,6.12323e-17,39.0,-0.707107,0.707107,-0.382683,0.92388,19.0,55.0,38.0,1021.4,1019.9,1.0,15.545,9.71622,1.5,-1.5
0.975065,-0.221922,0.2,11.2,6.12323e-17,31.0,-0.382683,0.92388,-0.382683,0.92388,13.0,50.0,40.0,1022.1,1019.8,2.0,14.8103,11.241,1.4,-2.3
0.97874,-0.205104,0.0,13.2,6.12323e-17,26.0,-0.382683,0.92388,0.382683,0.92388,13.0,54.0,50.0,1021.1,1017.2,1.0,11.3665,10.1078,0.6,-3.9
0.982126,-0.188227,0.0,12.3,0.707107,28.0,0.92388,-0.382683,0.707107,0.707107,13.0,49.0,42.0,1017.4,1014.1,1.0,14.2085,11.6487,1.7,-3.3
0.98522,-0.171293,0.0,12.7,0.382683,26.0,0.92388,-0.382683,0.382683,0.92388,11.0,54.0,52.0,1017.6,1014.9,2.0,10.821,10.0554,2.2,-2.7
0.988023,-0.154309,0.0,12.9,0.707107,31.0,1,0,0.707107,0.707107,11.0,51.0,53.99999999999999,1016.0,1013.2,3.0,10.1979,10.9901,1.4,-2.8
0.990532,-0.137279,0.0,12.0,0.382683,26.0,-0.92388,-0.382683,0.92388,0.382683,9.0,49.0,47.0,1015.9,1013.3,6.0,12.6355,11.7263,2.8,-2.6
0.992749,-0.120208,0.0,9.3,0.382683,26.0,0.382683,0.92388,0.707107,0.707107,9.0,62.0,53.99999999999999,1017.0,1014.0,7.0,10.2657,7.90343,2.2,-3
0.994671,-0.103102,0.0,9.8,0.707107,24.000000000000004,0.707107,-0.707107,0.707107,0.707107,11.0,52.0,56.99999999999999,1012.9,1008.7,6.0,9.39669,10.8529,0.2,-4.2
0.996298,-0.0859648,0.0,6.5,-0.382683,33.0,6.12323e-17,1,-0.707107,0.707107,14.999999999999998,76.0,60.00000000000001,1010.6,1008.2,7.0,8.45966,4.5717,1.2,-2.4
0.99763,-0.0688024,0.0,4.1,0.382683,26.0,0.382683,0.92388,0.382683,0.92388,9.0,59.0,61.0,1011.6999999999999,1008.5,3.0,8.26761,8.7094,1.5,-3.2
0.998667,-0.0516197,0.0,11.5,-0.382683,33.0,0.707107,-0.707107,0.92388,0.382683,9.0,55.0,52.0,1009.3,1004.7,1.0,11.1905,10.0082,3.5,-4.6
0.999407,-0.0344216,1.2,8.8,-0.382683,31.0,-0.382683,0.92388,-0.382683,0.92388,13.0,57.0,51.0,1012.9,1009.6,2.0,11.1125,9.23126,1.6,-3.3
0.999852,-0.0172134,0.0,0.5,6.12323e-17,20.0,-0.382683,0.92388,-0.382683,0.92388,9.0,66.0,60.00000000000001,1011.2,1009.5,6.0,8.50369,6.84535,2.2,-1.7
1,0,0.0,12.5,0.382683,31.0,-0.707107,0.707107,0.382683,0.92388,11.0,52.0,52.0,1015.2,1013.1,1.0,10.8609,10.8529,0.1,-2.1
0.999852,0.0172134,0.0,8.6,0.707107,24.000000000000004,0.92388,-0.382683,0.92388,0.382683,9.0,58.00000000000001,53.99999999999999,1011.9,1008.1,7.0,10.3262,8.96866,3,-3.8
0.999407,0.0344216,1.0,11.2,0.92388,35.0,0.92388,0.382683,0.92388,0.382683,14.999999999999998,55.0,56.99999999999999,1006.7,1001.7,2.0,9.60547,10.0892,1.4,-5
0.998667,0.0516197,0.0,12.8,6.12323e-17,30.0,1,0,0.707107,0.707107,14.999999999999998,45.0,47.0,1001.3,997.5,1.0,13.071,13.6778,1.1,-3.8
0.99763,0.0688024,0.0,6.1,0.382683,26.0,-0.92388,-0.382683,0.382683,0.92388,13.0,64.0,59.0,1008.4,1005.5,4.0,9.00958,7.44842,3.8,-2.9
0.996298,0.0859648,0.0,6.4,-1.83697e-16,46.0,0.707107,0.707107,0.382683,0.92388,11.0,68.0,66.0,1007.9,1004.9,6.0,7.07801,6.53838,0.9,-3
0.992749,0.120208,0.4,9.3,-0.382683,33.0,6.12323e-17,1,-0.382683,0.92388,16.999999999999996,50.0,48.0,1018.3,1016.7,7.0,12.0588,11.3497,0.8,-1.6
0.990532,0.137279,0.2,4.9,6.12323e-17,31.0,-0.707107,0.707107,6.12323e-17,1,13.0,66.0,41.0,1020.9,1018.7,7.0,14.4012,6.73298,3.5,-2.2
0.988023,0.154309,1.4,1.5,6.12323e-17,30.0,-0.92388,0.382683,0.382683,0.92388,9.0,65.0,61.0,1020.4,1018.3,7.0,8.10935,7.0901,0.1,-2.1
0.98522,0.171293,0.0,10.5,0.382683,26.0,6.12323e-17,1,6.12323e-17,1,11.0,52.0,45.0,1018.9,1015.2,2.0,13.1342,10.7256,1.6,-3.7
0.982126,0.188227,0.0,10.5,6.12323e-17,33.0,-0.92388,0.382683,6.12323e-17,1,14.999999999999998,51.0,50.0,1016.5,1014.3,2.0,11.4589,11.0798,0.8,-2.2
0.97874,0.205104,0.0,13.2,-0.382683,35.0,-0.92388,0.382683,6.12323e-17,1,14.999999999999998,58.00000000000001,51.0,1018.3,1016.4,1.0,11.1125,8.90875,2.3,-1.9
0.975065,0.221922,0.0,12.7,6.12323e-17,33.0,6.12323e-17,1,6.12323e-17,1,14.999999999999998,49.0,55.0,1019.7,1018.8,4.0,9.8325,11.666,-0.2,-0.9
0.9711,0.238673,0.0,12.2,6.12323e-17,31.0,6.12323e-17,1,6.12323e-17,1,19.0,56.0,49.00000000000001,1021.3,1019.4,2.0,11.7609,9.56809,1,-1.9
0.962309,0.271958,0.2,12.2,6.12323e-17,35.0,6.12323e-17,1,6.12323e-17,1,14.999999999999998,55.0,47.0,1016.4,1013.5,1.0,12.4523,9.78882,2.3,-2.9
0.957485,0.288482,0.0,11.4,0.382683,37.0,-0.707107,0.707107,6.12323e-17,1,11.0,54.0,44.0,1014.1,1010.7,2.0,13.5839,10.1378,2.5,-3.4
0.952378,0.304921,0.0,12.2,0.382683,28.0,-0.707107,0.707107,0.382683,0.92388,14.999999999999998,56.0,51.0,1009.7,1006.2,1.0,11.2027,9.51147,2.7,-3.5
0.946988,0.32127,0.0,12.6,0.707107,30.0,-1,1.22465e-16,0.707107,0.707107,13.0,58.00000000000001,48.0,1009.1,1005.6,1.0,12.38,9.06892,3.4,-3.5
0.941317,0.337523,0.0,12.5,0.92388,39.0,0.92388,0.382683,0.92388,0.382683,14.999999999999998,53.00000000000001,62.0,1009.6,1005.2,1.0,8.15853,10.6582,0.9,-4.4
0.935368,0.353676,0.0,8.2,6.12323e-17,33.0,-1,1.22465e-16,6.12323e-17,1,14.999999999999998,55.0,53.99999999999999,1011.4000000000001,1010.6,3.0,10.6005,10.1187,2.4,-0.8
0.929141,0.369725,2.2,3.9,-0.707107,35.0,0.707107,-0.707107,6.12323e-17,1,9.0,80.0,89.0,1016.6,1015.1,8.0,1.92838,3.74336,-2.7,-1.5
0.915864,0.401488,2.0,1.2,-0.707107,37.0,-1.83697e-16,-1,-0.707107,0.707107,19.0,69.0,65.0,1009.6,1009.3,7.0,7.13796,6.22238,-1.1,-0.3
0.908818,0.417194,1.2,8.9,-0.707107,46.0,-0.707107,0.707107,-0.707107,0.707107,19.0,60.0,46.00000000000001,1018.7,1017.7,6.0,12.6592,8.33445,2.1,-1
0.901502,0.432776,0.0,7.299999999999999,-0.382683,37.0,-0.382683,0.92388,6.12323e-17,1,19.999999999999996,49.0,50.0,1020.0,1018.9,7.0,11.2744,11.5371,0.6,-1.1
0.893919,0.448229,0.0,3.7,6.12323e-17,37.0,6.12323e-17,1,6.12323e-17,1,19.999999999999996,61.0,63.00000000000001,1019.5,1017.2,7.0,7.53298,8.03078,0.2,-2.3
0.886071,0.46355,0.8,4.5,6.12323e-17,35.0,-0.382683,0.92388,6.12323e-17,1,13.0,78.0,60.00000000000001,1017.2,1015.2,6.0,8.34069,4.05893,2.1,-2
0.87796,0.478734,0.2,3.6,6.12323e-17,35.0,-0.382683,0.92388,6.12323e-17,1,19.0,64.0,49.00000000000001,1017.5,1015.9,5.0,11.58,7.2943,1.3,-1.6
0.869589,0.493776,0.0,1.2,0.707107,33.0,6.12323e-17,1,-0.382683,0.92388,14.999999999999998,54.0,56.99999999999999,1014.8,1013.3,7.0,9.16275,9.96585,0.6,-1.5
0.860961,0.508671,0.0,10.9,6.12323e-17,35.0,6.12323e-17,1,6.12323e-17,1,13.0,56.0,55.0,1013.2,1011.4,3.0,9.86168,9.45501,1.7,-1.8
0.852078,0.523416,0.0,9.2,6.12323e-17,28.0,-0.382683,0.92388,6.12323e-17,1,14.999999999999998,57.0,49.00000000000001,1014.3,1012.1,2.0,11.7609,9.24499,1.6,-2.2
0.842942,0.538005,1.6,7.4,6.12323e-17,31.0,6.12323e-17,1,6.12323e-17,1,13.0,63.0,59.0,1013.6,1012.2,5.0,8.66415,7.52733,1.6,-1.4
0.833556,0.552435,0.6,10.6,0.382683,31.0,-0.92388,0.382683,6.12323e-17,1,16.999999999999996,62.0,53.99999999999999,1013.5,1012.0,1.0,10.1828,7.82708,2.4,-1.5
0.823923,0.566702,0.0,9.1,-0.92388,39.0,-0.92388,0.382683,-0.707107,0.707107,16.999999999999996,53.00000000000001,46.00000000000001,1015.6,1013.6,6.0,12.7713,10.3638,2.2,-2
0.814046,0.5808,0.2,4.5,-0.92388,31.0,-0.707107,0.707107,6.12323e-17,1,13.0,55.0,56.99999999999999,1016.0,1013.9,8.0,9.17643,9.65833,1.1,-2.1
0.803928,0.594727,0.0,2.9,0.382683,30.0,-0.92388,0.382683,6.12323e-17,1,13.0,60.0,58.0,1016.5,1015.3,7.0,8.88219,8.28462,1,-1.2
0.793572,0.608477,0.0,10.7,6.12323e-17,28.0,6.12323e-17,1,0.382683,0.92388,13.0,56.0,55.0,1018.1,1016.5,3.0,9.86898,9.45501,1.8,-1.6
0.78298,0.622047,0.0,3.9,6.12323e-17,22.0,6.12323e-17,1,0.382683,0.92388,9.0,59.0,66.0,1019.8,1017.1,7.0,6.87615,8.69646,-0.4,-2.7
0.772157,0.635432,0.0,5.1,6.12323e-17,24.000000000000004,-0.707107,0.707107,0.382683,0.92388,11.0,67.0,56.0,1016.8,1014.4,4.0,9.6391,6.57909,3.1,-2.4
0.761104,0.64863,0.0,10.7,0.382683,24.000000000000004,-0.707107,-0.707107,0.707107,0.707107,11.0,59.0,51.0,1016.5,1013.3,6.0,11.1125,8.61258,2.7,-3.2
0.749826,0.661635,0.0,12.1,0.707107,30.0,-0.92388,0.382683,0.382683,0.92388,11.0,56.0,47.0,1016.2,1013.5,1.0,12.4615,9.47616,2.8,-2.7
0.714673,0.699458,0.0,8.7,0.707107,35.0,0.707107,0.707107,0.707107,0.707107,14.999999999999998,60.0,60.00000000000001,1006.6,1002.6,4.0,8.60476,8.4911,1.8,-4
0.702527,0.711657,0.0,12.0,0.707107,35.0,0.92388,0.382683,0.92388,0.382683,16.999999999999996,59.0,65.0,1006.2,1002.1,1.0,7.33636,8.87846,0.8,-4.1
0.690173,0.723644,0.0,9.7,6.12323e-17,33.0,0.707107,0.707107,6.12323e-17,1,16.999999999999996,52.0,64.0,1009.3,1008.7,4.0,7.49829,10.9809,-1.7,-0.6
0.677615,0.735417,8.4,9.3,0.382683,24.000000000000004,-0.707107,0.707107,0.382683,0.92388,9.0,85.0,61.0,1012.1,1008.2,2.0,8.35343,2.71016,4.6,-3.9
0.664855,0.746972,0.2,11.7,0.707107,33.0,0.92388,0.382683,0.92388,0.382683,13.0,57.0,58.0,1009.4,1005.3,1.0,9.20345,9.40362,1.2,-4.1
0.651899,0.758306,0.0,7.9,0.92388,26.0,0.92388,-0.382683,0.707107,0.707107,14.999999999999998,64.0,60.00000000000001,1009.4,1007.1,1.0,8.7064,7.53162,1.9,-2.3
0.638749,0.769415,0.0,9.1,-0.92388,31.0,-0.707107,-0.707107,6.12323e-17,1,14.999999999999998,64.0,64.0,1012.0000000000001,1009.9,4.0,7.59851,7.58734,0.2,-2.1
0.625411,0.780296,2.2,0.0,-0.707107,31.0,-0.707107,0.707107,-0.707107,0.707107,13.0,65.0,67.0,1015.5,1015.0,7.0,6.56428,7.07418,-0.5,-0.5
0.611886,0.790946,0.0,10.0,-0.707107,43.0,-0.707107,0.707107,-0.382683,0.92388,19.0,49.0,44.0,1017.8,1015.6,3.0,13.4358,11.6058,1.7,-2.2
0.598181,0.801361,1.2,7.8,-0.92388,28.0,-0.707107,0.707107,-0.382683,0.92388,16.999999999999996,68.0,46.00000000000001,1018.1,1015.4,4.0,12.6499,6.32253,2.4,-2.7
0.584298,0.811539,1.4,8.4,6.12323e-17,31.0,-0.92388,0.382683,6.12323e-17,1,14.999999999999998,64.0,51.0,1016.9,1013.3,6.0,11.1207,7.31622,2.9,-3.6
0.570242,0.821477,0.0,10.7,0.382683,24.000000000000004,-0.92388,-0.382683,0.382683,0.92388,13.0,58.00000000000001,50.0,1016.1,1013.1,2.0,11.4589,8.90875,2.7,-3
0.556017,0.831171,0.0,12.2,0.707107,24.000000000000004,0.382683,-0.92388,0.707107,0.707107,13.0,56.0,46.00000000000001,1016.5,1013.7,1.0,12.8088,9.51147,2.4,-2.8
0.541628,0.840618,0.0,7.4,6.12323e-17,35.0,-0.382683,0.92388,6.12323e-17,1,16.999999999999996,59.0,48.0,1017.9,1015.1,4.0,12.1298,8.71587,1.8,-2.8
0.527078,0.849817,0.6,10.2,0.382683,30.0,-0.382683,0.92388,6.12323e-17,1,13.0,55.0,46.00000000000001,1016.0,1013.2,2.0,12.7994,9.81065,2.1,-2.8
0.512371,0.858764,0.0,10.0,6.12323e-17,28.0,6.12323e-17,1,6.12323e-17,1,13.0,53.00000000000001,46.00000000000001,1016.3,1014.4,3.0,12.7713,10.4255,1.4,-1.9
0.497513,0.867456,1.6,6.4,6.12323e-17,43.0,6.12323e-17,1,-0.382683,0.92388,13.0,85.99999999999999,65.0,1021.4,1019.8,6.0,7.04769,2.46016,2.7,-1.6
0.482508,0.875892,4.6,8.3,-0.382683,48.00000000000001,-0.707107,0.707107,-0.382683,0.92388,13.0,67.0,49.00000000000001,1023.0,1020.5,6.0,11.5972,6.56921,1.4,-2.5
0.467359,0.884068,3.4,5.1,0.382683,26.0,-0.92388,0.382683,0.382683,0.92388,13.0,82.0,52.0,1020.0,1016.2,3.0,10.6622,3.21016,4.8,-3.8
0.452072,0.891981,0.0,11.7,0.707107,28.0,-1,1.22465e-16,0.382683,0.92388,13.0,56.0,50.0,1018.5,1016.4,3.0,11.4001,9.45501,2.1,-2.1
0.436651,0.899631,0.0,6.3,0.92388,28.0,-0.707107,0.707107,0.382683,0.92388,13.0,65.0,50.0,1019.8,1017.5,3.0,11.3581,7.01068,3.1,-2.3
0.421101,0.907014,0.2,10.3,6.12323e-17,37.0,-0.382683,0.92388,6.12323e-17,1,16.999999999999996,62.0,43.0,1020.0,1017.9,5.0,13.7724,7.81536,2.8,-2.1
0.405426,0.914128,1.2,1.9,6.12323e-17,37.0,-0.382683,0.92388,6.12323e-17,1,16.999999999999996,62.0,67.0,1020.1999999999999,1018.2,7.0,6.51502,7.80951,-1.2,-2
0.38963,0.920971,2.2,7.299999999999999,-0.382683,35.0,-0.707107,0.707107,-0.382683,0.92388,14.999999999999998,67.0,44.0,1020.1,1018.2,7.0,13.3572,6.53962,3,-1.9
0.37372,0.927542,4.6,7.9,-0.707107,35.0,-0.382683,0.92388,-0.707107,0.707107,14.999999999999998,85.99999999999999,41.0,1020.4,1017.4,2.0,14.4859,2.46393,5.4,-3
0.357698,0.933837,0.8,10.4,6.12323e-17,30.0,-0.92388,0.382683,0.382683,0.92388,14.999999999999998,63.0,51.0,1018.5,1015.2,2.0,11.0553,7.52167,2.9,-3.3
0.341571,0.939856,0.0,11.0,6.12323e-17,33.0,-0.707107,0.707107,6.12323e-17,1,19.0,58.00000000000001,45.0,1018.4,1015.5,2.0,13.0574,8.9287,1.8,-2.9
0.325342,0.945596,0.0,8.4,6.12323e-17,30.0,-1,1.22465e-16,6.12323e-17,1,14.999999999999998,57.0,48.0,1017.3,1013.9,3.0,11.9879,9.19698,1.2,-3.4
0.309017,0.951057,0.6,11.1,0.382683,24.000000000000004,-1,1.22465e-16,0.707107,0.707107,9.0,61.0,48.0,1015.9,1011.4,1.0,12.0676,8.06096,3.1,-4.5
0.2926,0.956235,0.0,10.4,0.707107,28.0,1,0,0.707107,0.707107,9.0,54.0,55.0,1014.4,1008.5,1.0,10.0818,10.1003,3.7,-5.9
0.276097,0.96113,4.6,10.7,0.382683,30.0,-0.92388,0.382683,6.12323e-17,1,14.999999999999998,61.0,53.99999999999999,1015.9,1013.8,1.0,10.3414,8.24316,1.9,-2.1
0.24285,0.970064,0.0,8.7,6.12323e-17,26.0,6.12323e-17,1,6.12323e-17,1,14.999999999999998,67.0,53.99999999999999,1022.0,1019.0,2.0,10.2582,6.63355,2.5,-3
0.226116,0.9741,0.6,10.4,0.382683,35.0,6.12323e-17,1,6.12323e-17,1,19.999999999999996,56.0,50.0,1022.0,1019.4,5.0,11.3833,9.58227,0.1,-2.6
0.209315,0.977848,0.2,8.7,0.707107,28.0,-0.382683,0.92388,0.382683,0.92388,9.0,64.0,51.0,1019.7,1016.4,2.0,11.1535,7.31074,3.4,-3.3
0.192452,0.981306,0.6,9.9,6.12323e-17,24.000000000000004,-1,1.22465e-16,0.382683,0.92388,13.0,64.0,55.0,1018.2,1015.3,1.0,9.86898,7.33268,1.9,-2.9
0.175531,0.984474,0.0,10.8,0.382683,24.000000000000004,-1,1.22465e-16,0.382683,0.92388,13.0,68.0,55.0,1018.3,1014.2,2.0,9.94945,6.34634,3.3,-4.1
0.158559,0.987349,0.0,5.2,0.92388,24.000000000000004,-1.83697e-16,-1,0.707107,0.707107,9.0,61.0,60.00000000000001,1016.0,1012.8,7.0,8.46594,8.11541,1.4,-3.2
0.14154,0.989932,22.4,1.1,-0.92388,22.0,-0.382683,-0.92388,-0.707107,0.707107,6.0,80.99999999999999,85.0,1018.1,1016.8,8.0,2.67134,3.46895,-0.6,-1.3
0.124479,0.992222,21.6,0.0,0.382683,39.0,0.382683,0.92388,0.382683,0.92388,19.999999999999996,76.0,68.0,1019.1,1017.6,7.0,6.37497,4.54768,0.6,-1.5
0.107381,0.994218,5.6,0.0,6.12323e-17,37.0,-0.707107,0.707107,0.382683,0.92388,11.0,89.0,91.0,1020.4,1016.1,8.0,1.55569,1.91518,0.3,-4.3
0.0730951,0.997325,3.2,10.1,1,15.0,0.707107,-0.707107,0.92388,0.382683,6.0,75.0,59.0,1016.7,1012.9,7.0,8.94391,4.80274,4.1,-3.8
0.055917,0.998435,0.8,0.5,-0.92388,22.0,-1,1.22465e-16,-0.707107,-0.707107,4.0,88.0,87.0,1018.8,1016.5,8.0,2.30819,2.13321,-0.8,-2.3
0.0387223,0.99925,2.2,9.5,6.12323e-17,28.0,-0.707107,-0.707107,6.12323e-17,1,14.999999999999998,74.0,61.0,1019.8,1016.8,3.0,8.20047,4.98874,1.8,-3
0.0215161,0.999769,0.6,10.3,6.12323e-17,24.000000000000004,-0.707107,0.707107,6.12323e-17,1,13.0,66.0,50.0,1019.3000000000001,1015.9,1.0,11.4253,6.86074,2.1,-3.4
0.00430354,0.999991,0.0,10.5,0.382683,22.0,-1,1.22465e-16,0.382683,0.92388,13.0,67.0,53.0,1017.8,1014.6,2.0,10.4795,6.59392,2.3,-3.2
-0.0129103,0.999917,0.0,10.8,0.382683,24.000000000000004,-0.707107,0.707107,0.707107,0.707107,11.0,64.0,53.0,1017.9,1015.5,2.0,10.495,7.33268,2.4,-2.4
-0.0301203,0.999546,0.0,9.8,0.707107,20.0,-0.382683,-0.92388,0.707107,0.707107,9.0,70.0,60.00000000000001,1018.8,1015.7,3.0,8.4848,5.83587,3.3,-3.1
-0.0473214,0.99888,0.0,10.5,0.707107,19.0,0.382683,-0.92388,0.707107,0.707107,7.000000000000001,71.0,48.0,1019.3000000000001,1015.3,2.0,12.1654,5.67244,3.4,-4
-0.0645084,0.997917,0.0,8.6,-0.707107,35.0,-1,1.22465e-16,0.382683,0.92388,7.000000000000001,66.0,53.99999999999999,1017.5,1013.7,5.0,10.3186,6.87101,3.4,-3.8
-0.0816764,0.996659,1.8000000000000003,6.2,-0.707107,37.0,-0.92388,-0.382683,-0.707107,0.707107,11.0,68.0,53.99999999999999,1020.1999999999999,1017.6,6.0,9.96585,6.21357,2.4,-2.6
-0.0988201,0.995105,0.0,5.5,-0.92388,26.0,-0.92388,-0.382683,-1,1.22465e-16,9.0,59.0,58.0,1019.9000000000001,1017.0,6.0,8.86893,8.45875,2.2,-2.9
-0.115935,0.993257,0.0,8.8,-0.382683,26.0,-0.707107,-0.707107,6.12323e-17,1,11.0,64.0,55.0,1019.9000000000001,1016.0,6.0,9.75975,7.20693,2.7,-3.9
-0.133015,0.991114,0.0,9.2,1,15.0,-0.382683,-0.92388,0.707107,0.707107,6.0,66.0,58.0,1017.4,1013.4,5.0,8.90875,6.69234,3.1,-4
-0.150055,0.988678,0.0,10.2,0.707107,19.0,0.382683,-0.92388,0.92388,0.382683,9.0,66.0,60.00000000000001,1012.1,1007.2,2.0,8.54152,6.71264,5.4,-4.9
-0.167052,0.985948,0.0,5.4,0.707107,24.000000000000004,0.382683,-0.92388,0.707107,-0.707107,6.0,60.0,53.99999999999999,1010.2,1007.9,5.0,10.2506,8.4471,1.7,-2.3
-0.183998,0.982927,0.0,0.0,-0.707107,20.0,-0.382683,0.92388,-0.382683,0.92388,4.0,73.0,87.0,1014.0,1012.6,8.0,2.26628,5.15499,-2.3,-1.4
-0.200891,0.979614,8.8,0.5,-0.707107,41.0,-0.92388,0.382683,-0.707107,0.707107,14.999999999999998,73.0,79.0,1013.7,1011.7,6.0,3.8334,5.1122,-0.5,-2
-0.217723,0.976011,0.0,7.499999999999999,-0.92388,28.0,-0.707107,-0.707107,-0.92388,0.382683,9.0,62.0,56.0,1016.6,1013.7,6.0,9.34957,7.68126,1.3,-2.9
-0.234491,0.972118,0.0,9.8,-1.83697e-16,24.000000000000004,-0.382683,-0.92388,-1,1.22465e-16,6.0,58.00000000000001,41.0,1016.9,1013.1,2.0,14.4859,8.62523,6.3,-3.8
-0.25119,0.967938,0.0,10.7,0.382683,19.0,-0.382683,-0.92388,0.382683,-0.92388,7.000000000000001,59.0,39.0,1018.4,1014.2,2.0,15.2295,8.38234,5.8,-4.2
-0.267814,0.963471,0.0,10.0,-1.83697e-16,20.0,-0.382683,-0.92388,-1.83697e-16,-1,7.000000000000001,69.0,39.0,1017.4,1013.0,1.0,15.2407,5.952,5.9,-4.4
-0.284359,0.958718,0.0,11.1,-1.83697e-16,20.0,-0.382683,-0.92388,0.382683,-0.92388,7.000000000000001,51.0,31.0,1016.9,1012.9,0.0,18.6677,10.6107,5.6,-4
-0.30082,0.953681,0.0,10.7,0.382683,17.0,-0.707107,-0.707107,1,0,6.0,61.0,35.0,1018.6,1015.5,1.0,16.8439,7.87476,5.5,-3.1
-0.317191,0.948362,0.0,10.8,0.707107,19.0,-0.382683,-0.92388,0.92388,0.382683,7.000000000000001,63.0,43.0,1021.4,1017.8,1.0,13.7219,7.381,5.5,-3.6
-0.333469,0.942761,0.0,10.5,6.12323e-17,20.0,-0.707107,-0.707107,0.707107,0.707107,9.0,68.0,41.0,1022.0,1018.4,7.0,14.3694,6.21829,4.1,-3.6
-0.349647,0.936881,0.0,9.4,0.92388,17.0,-0.382683,-0.92388,0.707107,0.707107,6.0,70.0,46.00000000000001,1020.0,1015.5,5.0,12.594,5.72193,4.9,-4.5
-0.365723,0.930724,0.0,10.2,0.707107,17.0,-0.382683,-0.92388,0.707107,0.707107,6.0,73.0,53.0,1018.1,1013.6,2.0,10.4641,5.05413,6.1,-4.5
-0.381689,0.924291,0.0,10.7,6.12323e-17,26.0,-0.707107,-0.707107,6.12323e-17,1,14.999999999999998,74.0,51.0,1019.2,1015.6,2.0,11.0227,4.83601,5.6,-3.6
-0.397543,0.917584,0.0,9.6,0.382683,15.0,-0.707107,-0.707107,-1.83697e-16,-1,4.0,69.0,46.00000000000001,1019.3000000000001,1014.5,7.0,12.7806,5.96561,6.5,-4.8
-0.413279,0.910605,0.0,6.8,-0.707107,31.0,-0.707107,-0.707107,-0.92388,0.382683,7.000000000000001,78.0,45.0,1019.1,1015.8,4.0,13.1246,4.02505,6.5,-3.3
-0.428892,0.903356,2.6,2.7,-0.92388,37.0,-1,1.22465e-16,-0.707107,0.707107,16.999999999999996,90.0,59.0,1021.7,1018.9,7.0,8.50348,1.68279,4.6,-2.8
-0.444378,0.895839,0.4,8.5,-0.92388,24.000000000000004,-0.707107,-0.707107,6.12323e-17,1,6.0,73.0,48.0,1020.3,1016.7,4.0,11.7065,5.01175,3.6,-3.6
-0.459733,0.888057,0.0,5.5,-1,17.0,-0.707107,-0.707107,0.707107,0.707107,4.0,68.0,60.00000000000001,1016.5,1012.6,7.0,8.31575,6.14301,3.9,-3.9
-0.474951,0.880012,4.6,7.299999999999999,0.382683,17.0,-0.92388,-0.382683,0.707107,0.707107,6.0,80.0,60.00000000000001,1015.6,1012.2,2.0,8.30952,3.6068,3.2,-3.4
-0.504961,0.863142,13.8,9.0,0.382683,44.0,-1.83697e-16,-1,-1.83697e-16,-1,19.999999999999996,52.0,33.0,1005.8,1004.3,6.0,16.6676,9.92335,2.3,-1.5
-0.577292,0.816538,0.0,3.5,-0.707107,33.0,-0.92388,-0.382683,-1,1.22465e-16,7.000000000000001,61.0,59.0,1022.0,1019.3,7.0,8.33792,7.78541,0.7,-2.7
-0.591261,0.80648,0.0,8.9,-0.92388,28.0,-0.707107,-0.707107,-0.382683,0.92388,13.0,63.0,47.0,1024.3,1021.0999999999999,7.0,11.9641,7.25827,3.5,-3.2
-0.605056,0.796183,0.0,1.8,6.12323e-17,28.0,-0.382683,-0.92388,6.12323e-17,1,9.0,64.0,64.0,1024.6,1021.8999999999999,8.0,7.06067,6.97468,1.6,-2.7
-0.618671,0.78565,0.2,9.4,-0.707107,15.0,-0.382683,-0.92388,0.707107,0.707107,6.0,76.0,48.0,1024.6,1021.4,1.0,11.6629,4.31757,5,-3.2
-0.632103,0.774884,0.0,7.499999999999999,-0.707107,26.0,-0.92388,-0.382683,6.12323e-17,1,11.0,68.0,61.0,1026.6,1023.9000000000001,4.0,7.89866,6.07751,2.7,-2.7
-0.645348,0.763889,3.6000000000000005,10.2,-0.707107,30.0,-0.707107,-0.707107,-0.382683,0.92388,16.999999999999996,70.0,53.0,1026.5,1023.3,5.0,10.1494,5.61773,4.2,-3.2
-0.658402,0.752667,0.0,6.3,-0.707107,31.0,-0.92388,-0.382683,-0.382683,0.92388,14.999999999999998,70.0,68.0,1026.1,1023.5000000000001,7.0,6.15709,5.62637,1.8,-2.6
-0.67126,0.741222,0.0,9.6,6.12323e-17,31.0,-0.707107,-0.707107,6.12323e-17,1,14.999999999999998,68.0,47.0,1026.5,1024.1,2.0,11.991,6.1149,3.2,-2.4
-0.683919,0.729558,0.4,3.9,6.12323e-17,33.0,-0.707107,-0.707107,-0.382683,0.92388,6.0,69.0,69.0,1027.7,1026.0,7.0,5.97469,5.8842,2,-1.7
-0.696376,0.717677,1.2,6.0,0.382683,31.0,-0.382683,-0.92388,-0.707107,0.707107,9.0,70.0,61.0,1029.9,1026.8,5.0,7.89866,5.60045,3.4,-3.1
-0.708627,0.705584,0.6,5.4,6.12323e-17,30.0,-0.707107,-0.707107,-0.382683,0.92388,7.000000000000001,71.0,55.0,1028.4,1026.5,7.0,9.47849,5.45316,1.5,-1.9
-0.720667,0.693281,0.2,2.1,0.382683,17.0,-0.707107,-0.707107,6.12323e-17,1,7.000000000000001,76.0,53.99999999999999,1027.8,1024.4,7.0,9.8323,4.29755,5.2,-3.4
-0.732494,0.680773,0.0,5.1,-1.83697e-16,15.0,-0.707107,-0.707107,6.12323e-17,1,6.0,69.0,56.0,1024.7,1021.3000000000001,8.0,9.25169,5.81229,4.1,-3.4
-0.744104,0.668064,0.0,10.0,-0.382683,28.0,-0.707107,-0.707107,-0.707107,0.707107,11.0,71.0,59.0,1022.9,1020.8,3.0,8.46513,5.41148,3.5,-2.1
-0.755493,0.655156,1.2,7.4,0.382683,22.0,-0.707107,-0.707107,6.12323e-17,1,11.0,74.0,61.0,1023.9,1020.5,5.0,7.96459,4.83601,2,-3.4
-0.777597,0.628763,0.6,10.1,-0.382683,24.000000000000004,-0.382683,-0.92388,-0.707107,-0.707107,7.000000000000001,79.0,46.00000000000001,1017.8,1014.2,5.0,12.5104,3.7984,4.4,-3.6
-0.788305,0.615285,0.0,10.4,-0.707107,15.0,-0.707107,-0.707107,-1.83697e-16,-1,2.0,71.0,36.0,1020.9,1018.4,1.0,16.4679,5.3907,8.7,-2.5
-0.798779,0.601624,0.2,10.1,0.707107,15.0,-0.707107,-0.707107,0.382683,0.92388,7.000000000000001,71.0,42.0,1024.6,1021.3000000000001,3.0,13.9604,5.36581,7.8,-3.3
-0.809017,0.587785,0.0,9.7,0.382683,22.0,-0.707107,-0.707107,0.707107,0.707107,11.0,73.0,60.00000000000001,1023.6,1018.2,6.0,8.30329,4.98871,4.9,-5.4
-0.82877,0.559589,0.0,9.7,6.12323e-17,22.0,-0.707107,-0.707107,0.382683,0.92388,9.0,77.0,51.0,1021.7,1018.4,1.0,10.925,4.16634,5.7,-3.3
-0.83828,0.54524,0.0,3.1,6.12323e-17,22.0,-0.707107,-0.707107,6.12323e-17,1,11.0,69.0,53.99999999999999,1024.1,1021.0,7.0,9.89155,5.86618,4,-3.1
-0.847541,0.53073,0.6,3.8,6.12323e-17,20.0,-0.382683,-0.92388,6.12323e-17,1,7.000000000000001,89.0,80.0,1023.6,1020.3,7.0,3.58199,1.84125,2.9,-3.3
-0.856551,0.516062,0.4,8.3,0.382683,15.0,-0.707107,-0.707107,0.382683,0.92388,7.000000000000001,85.99999999999999,53.0,1021.1,1017.7,6.0,10.1418,2.36134,6.5,-3.4
-0.865307,0.501242,0.0,9.7,0.382683,19.0,-0.707107,-0.707107,0.707107,0.707107,7.000000000000001,75.0,56.99999999999999,1019.7,1016.3,4.0,9.09449,4.52578,5.9,-3.4
-0.873807,0.486273,0.0,5.0,0.382683,19.0,-0.382683,-0.92388,-1.83697e-16,-1,6.0,92.0,66.0,1019.7,1017.1,7.0,6.73298,1.3253,5.2,-2.6
-0.882048,0.47116,0.0,7.8,-0.382683,13.0,-0.707107,-0.707107,0.382683,0.92388,6.0,69.0,64.0,1022.5,1020.6,7.0,7.20693,5.8437,3.9,-1.9
-0.890028,0.455907,0.0,9.1,-0.707107,22.0,-0.707107,-0.707107,-1,1.22465e-16,6.0,66.0,46.00000000000001,1023.5,1019.7,5.0,12.4271,6.47597,6.4,-3.8
-0.897743,0.440519,0.0,9.1,-0.707107,19.0,-0.92388,-0.382683,6.12323e-17,1,9.0,71.0,55.0,1022.3,1018.6,2.0,9.53586,5.3907,3.8,-3.7
-0.905193,0.425,0.0,9.8,-0.92388,24.000000000000004,-0.707107,-0.707107,-0.92388,-0.382683,11.0,64.0,43.0,1022.8,1019.3,6.0,13.2621,6.94791,4.4,-3.5
-0.912375,0.409356,0.0,6.5,-0.707107,20.0,-0.92388,-0.382683,-0.707107,0.707107,7.000000000000001,62.0,53.0,1022.3,1019.6,7.0,10.0279,7.39363,4,-2.7
-0.919286,0.39359,0.0,3.9,-0.707107,28.0,-0.707107,-0.707107,-0.707107,0.707107,11.0,57.0,51.0,1022.6,1020.7,7.0,10.5228,8.67008,2.6,-1.9
-0.925925,0.377708,0.0,9.2,-0.92388,41.0,-0.707107,-0.707107,-0.707107,0.707107,14.999999999999998,62.0,50.0,1023.9,1019.6,3.0,10.8932,7.39363,3.8,-4.3
-0.932289,0.361714,0.0,4.9,-0.707107,30.0,-0.382683,-0.92388,-0.707107,0.707107,14.999999999999998,69.0,47.0,1022.5,1019.3,1.0,11.7768,5.71857,4.6,-3.2
-0.938377,0.345612,0.0,6.5,-0.707107,26.0,-0.707107,-0.707107,6.12323e-17,1,9.0,58.00000000000001,55.0,1020.9,1018.4,7.0,9.44272,8.43652,3,-2.5
-0.944188,0.329408,1.4,6.8,-0.382683,20.0,-0.92388,-0.382683,0.707107,0.707107,7.000000000000001,83.0,56.99999999999999,1020.3,1016.1,7.0,8.95193,2.92454,4.9,-4.2
-0.949718,0.313107,0.8,0.4,-1.83697e-16,26.0,-0.707107,-0.707107,0.92388,-0.382683,7.000000000000001,88.0,70.0,1015.9,1011.7,7.0,5.66103,2.01209,2.9,-4.2
-0.954967,0.296713,0.6,9.8,-1.83697e-16,43.0,-0.382683,-0.92388,-1.83697e-16,-1,13.0,57.0,42.0,1015.8,1013.9,2.0,13.2789,8.55724,3.1,-1.9
-0.959933,0.280231,0.0,9.5,-1.83697e-16,20.0,-0.382683,-0.92388,-0.92388,-0.382683,4.0,57.0,38.0,1021.7,1020.4,4.0,14.8234,8.46485,5.4,-1.3
-0.964614,0.263665,0.0,9.8,-1,15.0,-0.707107,-0.707107,-0.92388,-0.382683,6.0,62.0,37.0,1024.8,1021.8,1.0,15.3798,7.21797,7.2,-3
-0.96901,0.247022,0.0,9.2,-0.382683,20.0,-0.707107,-0.707107,-1,1.22465e-16,4.0,61.0,45.0,1027.3,1024.5,4.0,12.5257,7.54374,6,-2.8
-0.973118,0.230306,0.0,1.5,-0.382683,15.0,-0.707107,-0.707107,-0.707107,0.707107,7.000000000000001,78.0,83.0,1027.0,1024.3,7.0,2.93138,3.87584,0.6,-2.7
-0.976938,0.213521,5.799999999999999,3.3,-1.83697e-16,13.0,-0.707107,-0.707107,-0.92388,-0.382683,2.0,90.0,65.0,1024.5,1019.8,3.0,6.87928,1.65937,4.4,-4.7
-0.980469,0.196673,0.0,7.9,-0.92388,15.0,-0.382683,-0.92388,-0.707107,-0.707107,4.0,87.0,46.00000000000001,1021.6,1017.7,2.0,12.4549,2.1836,8.1,-3.9
-0.983709,0.179767,5.2,9.1,0.382683,19.0,-0.707107,-0.707107,-0.707107,-0.707107,4.0,93.0,47.0,1021.3,1017.1,1.0,11.9821,1.12387,8.6,-4.2
-0.986658,0.162807,0.2,9.2,0.382683,17.0,-0.707107,-0.707107,0.707107,0.707107,9.0,77.0,52.0,1019.8,1014.4,5.0,10.348,4.00133,7.4,-5.4
-0.989314,0.145799,0.0,2.3,-1.83697e-16,43.0,0.382683,-0.92388,-1.83697e-16,-1,19.0,47.0,30.000000000000004,1014.5,1012.1,7.0,18.122,11.494,2,-2.4
-0.991677,0.128748,0.0,8.8,-0.382683,35.0,-0.382683,-0.92388,-1.83697e-16,-1,13.0,46.0,36.0,1019.8,1016.5,1.0,15.7308,11.5909,6,-3.3
-0.993747,0.111659,0.0,9.9,-1.83697e-16,22.0,-0.707107,-0.707107,-0.92388,-0.382683,4.0,47.0,26.0,1024.1,1021.4999999999999,0.0,20.7269,11.3364,7.9,-2.6
-0.995521,0.0945367,0.0,9.9,0.382683,15.0,-0.707107,-0.707107,0.707107,0.707107,7.000000000000001,66.0,39.0,1023.9,1019.3,0.0,14.5458,6.14575,9.7,-4.6
-0.998186,0.0602133,1.6,10.0,-1.83697e-16,54.0,-1.83697e-16,-1,-1.83697e-16,-1,19.999999999999996,41.0,34.0,1013.7,1010.7,1.0,16.2227,13.2087,3.4,-3
-0.999074,0.0430222,0.2,9.9,-1.83697e-16,43.0,-0.707107,-0.707107,-1.83697e-16,-1,19.999999999999996,44.0,30.000000000000004,1019.2,1017.5,2.0,17.8921,12.1565,3.4,-1.7
-0.999667,0.0258184,0.0,10.2,-1.83697e-16,28.0,-0.382683,-0.92388,-1,1.22465e-16,6.0,49.0,25.0,1025.7,1023.3,0.0,20.4624,10.3923,6.8,-2.4
-0.999963,0.008607,0.0,10.2,-0.92388,20.0,-0.707107,-0.707107,0.382683,-0.92388,6.0,63.0,30.000000000000004,1026.4,1022.9,1.0,18.2035,6.80425,9.1,-3.5
-0.999963,-0.008607,0.0,9.8,-0.382683,17.0,-0.707107,-0.707107,6.12323e-17,1,7.000000000000001,60.0,45.0,1027.1,1023.1000000000001,1.0,12.4694,7.6321,8,-4
-0.999667,-0.0258184,0.0,8.7,6.12323e-17,15.0,-0.707107,-0.707107,0.92388,0.382683,4.0,78.0,47.0,1024.7,1020.5,4.0,11.8302,3.76799,8.2,-4.2
-0.999074,-0.0430222,0.4,9.8,-0.707107,20.0,-0.382683,-0.92388,-0.707107,-0.707107,6.0,78.0,41.0,1019.5,1014.8,3.0,14.0331,3.84874,7.2,-4.7
-0.998186,-0.0602133,0.0,10.2,-1.83697e-16,31.0,-0.382683,-0.92388,-1.83697e-16,-1,13.0,42.99999999999999,26.999999999999996,1016.7,1012.0,0.0,19.6313,12.4898,5.3,-4.7
-0.997001,-0.0773865,0.0,10.0,-1.83697e-16,26.0,-0.382683,-0.92388,-0.382683,-0.92388,6.0,42.99999999999999,28.0,1016.4,1013.4,1.0,19.0266,12.336,6.2,-3
-0.995521,-0.0945367,0.0,9.9,0.92388,15.0,-0.382683,-0.92388,0.707107,0.707107,6.0,55.0,34.0,1018.4,1013.5,0.0,16.4191,8.80306,8,-4.9
-0.991677,-0.128748,0.0,9.8,0.382683,48.00000000000001,-1.83697e-16,-1,-1.83697e-16,-1,26.0,28.0,25.0,1013.5,1011.9,1.0,20.4317,18.4751,2.9,-1.6
-0.989314,-0.145799,0.0,9.9,-0.382683,33.0,-1.83697e-16,-1,0.707107,-0.707107,6.0,38.0,19.0,1021.4,1017.9,0.0,24.6184,14.1616,7,-3.5
-0.986658,-0.162807,0.0,9.9,-1.83697e-16,22.0,-0.707107,-0.707107,-1.83697e-16,-1,11.0,46.0,22.0,1021.4,1017.6,0.0,22.6516,11.4749,7.3,-3.8
-0.983709,-0.179767,0.0,9.7,-0.382683,20.0,-0.382683,-0.92388,-0.382683,0.92388,6.0,44.0,26.999999999999996,1022.9,1021.0999999999999,2.0,19.6605,12.0815,6.4,-1.8
-0.980469,-0.196673,0.0,9.0,-0.382683,30.0,-0.707107,-0.707107,-0.707107,0.707107,14.999999999999998,59.0,45.0,1028.5,1024.7,2.0,12.3104,7.93092,5.4,-3.8
-0.976938,-0.213521,0.0,2.6,-0.707107,22.0,-0.92388,-0.382683,1,0,2.0,82.0,67.0,1025.3,1021.3000000000001,7.0,6.2666,3.0354,4.5,-4
-0.964614,-0.263665,0.2,9.9,-1.83697e-16,56.0,-1.83697e-16,-1,-1.83697e-16,-1,22.0,41.0,23.000000000000004,1014.8,1011.7,0.0,21.4126,13.2697,1.6,-3.1
-0.959933,-0.280231,0.0,10.0,-0.382683,28.0,-1.83697e-16,-1,-1.83697e-16,-1,13.0,47.0,23.000000000000004,1019.4,1016.1,1.0,21.7187,10.947,7.9,-3.3
-0.954967,-0.296713,0.0,10.1,-1.83697e-16,24.000000000000004,-0.707107,-0.707107,-1,1.22465e-16,6.0,46.0,33.0,1021.4,1018.9,5.0,17.0463,11.4749,7.8,-2.5
-0.949718,-0.313107,0.0,6.9,-0.382683,20.0,-0.382683,-0.92388,-0.382683,0.92388,7.000000000000001,70.0,56.0,1023.5,1020.1,7.0,9.07121,5.45891,4.6,-3.4
-0.944188,-0.329408,0.0,7.1,-0.707107,28.0,-0.382683,-0.92388,0.382683,-0.92388,4.0,78.0,47.0,1022.7,1018.2,3.0,11.7857,3.82173,5.9,-4.5
-0.938377,-0.345612,2.4,9.8,6.12323e-17,20.0,-0.707107,-0.707107,0.707107,0.707107,6.0,76.0,53.99999999999999,1023.7,1020.3,3.0,9.58241,4.18167,5.3,-3.4
-0.932289,-0.361714,0.2,9.5,6.12323e-17,19.0,-0.92388,-0.382683,0.707107,0.707107,9.0,65.0,49.00000000000001,1023.2,1021.2,1.0,11.1717,6.60473,5,-2
-0.925925,-0.377708,0.0,9.9,0.707107,22.0,-0.382683,-0.92388,0.707107,0.707107,9.0,75.0,56.99999999999999,1027.1,1023.6999999999999,3.0,8.95869,4.44565,6.2,-3.4
-0.919286,-0.39359,0.0,0.5,-1.83697e-16,20.0,-0.707107,-0.707107,0.707107,0.707107,6.0,88.0,65.0,1027.6,1023.1000000000001,8.0,6.85837,1.99172,5.2,-4.5
-0.912375,-0.409356,8.0,10.3,-0.382683,22.0,-0.707107,-0.707107,-0.382683,-0.92388,6.0,80.0,32.0,1023.8,1020.7,1.0,17.6701,3.48902,6.2,-3.1
-0.905193,-0.425,0.2,9.8,-1.83697e-16,22.0,-0.707107,-0.707107,-1.83697e-16,-1,7.000000000000001,72.0,32.0,1024.4,1020.1,1.0,17.6178,4.99705,8.5,-4.3
-0.897743,-0.440519,0.0,10.2,-1.83697e-16,24.000000000000004,-1.83697e-16,-1,-1.83697e-16,-1,11.0,59.0,20.000000000000004,1023.1,1018.9,0.0,24.4412,7.91237,10.1,-4.2
-0.890028,-0.455907,0.0,9.8,0.382683,17.0,-0.382683,-0.92388,-0.92388,-0.382683,4.0,58.00000000000001,17.0,1023.2,1018.4,0.0,26.8129,8.1159,11.6,-4.8
-0.865307,-0.501242,0.0,10.1,-0.382683,28.0,-0.382683,-0.92388,-0.382683,0.92388,6.0,29.000000000000004,9.0,1023.3,1021.8999999999999,0.0,33.9864,17.8925,5.6,-1.4
-0.856551,-0.516062,0.0,8.5,-0.707107,28.0,-0.92388,-0.382683,-0.707107,0.707107,11.0,52.0,50.0,1029.0,1026.5,3.0,10.7049,9.79382,4.3,-2.5
-0.847541,-0.53073,2.0,3.2,-0.92388,31.0,-0.382683,-0.92388,-0.707107,0.707107,13.0,82.0,47.0,1030.6,1029.0,7.0,11.5821,3.0666,3.4,-1.6
-0.819015,-0.573772,0.0,10.0,-0.382683,15.0,-0.382683,-0.92388,-0.707107,0.707107,4.0,67.0,25.0,1028.9,1024.5,1.0,21.1257,6.10837,7.6,-4.4
-0.809017,-0.587785,0.0,6.700000000000001,-0.92388,17.0,-0.92388,-0.382683,6.12323e-17,1,7.000000000000001,62.0,42.0,1030.2,1026.9,6.0,13.4705,7.28006,5.6,-3.3
-0.798779,-0.601624,0.0,3.0,6.12323e-17,28.0,-0.92388,-0.382683,-0.382683,0.92388,11.0,67.0,64.0,1030.0,1026.9,7.0,6.97468,6.18484,1.9,-3.1
-0.788305,-0.615285,0.0,9.8,0.92388,19.0,-0.707107,-0.707107,0.92388,-0.382683,4.0,73.0,45.0,1026.2,1020.5,2.0,12.6199,4.88947,6.1,-5.7
-0.777597,-0.628763,0.0,9.9,-0.382683,26.0,-0.707107,-0.707107,6.12323e-17,1,11.0,64.0,33.0,1022.2,1018.4,2.0,17.2116,6.8626,6.5,-3.8
-0.766659,-0.642055,0.0,9.3,-0.382683,30.0,-1,1.22465e-16,-0.382683,0.92388,13.0,60.0,52.0,1025.2,1022.9,6.0,10.1385,7.873,1.9,-2.3
-0.755493,-0.655156,0.0,9.2,6.12323e-17,28.0,-0.92388,-0.382683,-0.382683,0.92388,14.999999999999998,59.0,48.0,1028.4,1026.3,3.0,11.3335,8.04887,3.2,-2.1
-0.744104,-0.668064,0.0,5.5,-0.382683,30.0,-0.707107,-0.707107,-0.382683,0.92388,13.0,62.0,44.0,1030.5,1028.0,2.0,12.7165,7.3481,3.7,-2.5
-0.732494,-0.680773,0.0,0.6,-0.707107,30.0,-0.382683,-0.92388,-0.382683,0.92388,13.0,73.0,56.99999999999999,1028.3,1024.0,7.0,8.75686,4.83267,3.8,-4.3
-0.720667,-0.693281,4.0,0.0,0.707107,26.0,-0.707107,0.707107,0.382683,0.92388,6.0,95.0,92.00000000000001,1021.0,1015.9,8.0,1.31192,0.797277,1.8,-5.1
-0.696376,-0.717677,0.0,9.8,0.382683,56.0,-1.83697e-16,-1,-1.83697e-16,-1,19.999999999999996,55.0,44.0,1011.6,1008.5,3.0,12.554,9.00456,3.7,-3.1
-0.683919,-0.729558,0.0,10.6,-1.83697e-16,39.0,-1.83697e-16,-1,-1.83697e-16,-1,14.999999999999998,53.00000000000001,35.0,1013.8,1011.0,1.0,16.3553,9.73464,5.4,-2.8
-0.67126,-0.741222,0.0,9.9,6.12323e-17,24.000000000000004,-0.382683,-0.92388,0.382683,0.92388,9.0,54.0,47.0,1020.1999999999999,1017.7,2.0,11.8124,9.44412,3.8,-2.5
-0.658402,-0.752667,0.0,10.2,-0.382683,39.0,-0.92388,-0.382683,-0.707107,0.707107,16.999999999999996,58.00000000000001,52.0,1023.2,1020.7,3.0,10.2702,8.41065,3.1,-2.5
-0.645348,-0.763889,3.2,0.0,-0.92388,24.000000000000004,-0.92388,-0.382683,-0.92388,0.382683,13.0,83.0,88.0,1025.9,1023.2,8.0,1.98703,2.88368,0.1,-2.7
-0.632103,-0.774884,22.4,0.0,-0.92388,37.0,-0.707107,-0.707107,-0.92388,0.382683,11.0,93.0,85.0,1023.8,1022.1999999999999,8.0,2.51885,1.1212,1.1,-1.6
-0.618671,-0.78565,6.0,3.5,-0.707107,31.0,-1,1.22465e-16,-0.92388,0.382683,11.0,72.0,43.0,1023.9,1020.4,7.0,13.2126,5.12724,4.5,-3.5
-0.605056,-0.796183,0.0,8.9,-0.707107,26.0,-0.92388,-0.382683,-1,1.22465e-16,9.0,64.0,51.0,1021.7,1017.9,2.0,10.6668,6.9854,3.4,-3.8
-0.591261,-0.80648,0.0,9.1,-0.707107,28.0,-0.707107,-0.707107,-0.707107,0.707107,9.0,64.0,40.0,1018.3,1014.3,1.0,14.411,6.93722,5.3,-4
-0.577292,-0.816538,0.0,7.4,-1.83697e-16,35.0,-0.382683,-0.92388,-1,1.22465e-16,11.0,65.0,48.0,1016.3,1012.2,7.0,11.437,6.70253,2.6,-4.1
-0.563151,-0.826354,3.6000000000000005,7.6,-0.92388,35.0,-0.92388,-0.382683,-1,1.22465e-16,11.0,63.0,37.0,1016.2,1017.2,2.0,15.4373,7.23606,3.1,1
-0.548843,-0.835925,0.0,10.9,6.12323e-17,20.0,-0.707107,-0.707107,-1,1.22465e-16,6.0,52.0,32.0,1023.2,1018.7,1.0,17.5657,9.9616,5.4,-4.5
-0.534373,-0.845249,0.0,10.5,0.707107,19.0,-0.92388,-0.382683,-0.92388,0.382683,6.0,61.0,40.0,1020.4,1016.2,2.0,14.3468,7.5613,6.4,-4.2
-0.519744,-0.854322,0.0,10.9,6.12323e-17,24.000000000000004,-0.707107,-0.707107,0.707107,0.707107,9.0,58.00000000000001,46.00000000000001,1019.2,1015.5,1.0,12.2705,8.48838,3.7,-3.7
-0.504961,-0.863142,0.0,10.3,0.707107,24.000000000000004,-0.382683,-0.92388,0.92388,0.382683,9.0,69.0,56.0,1019.8,1014.9,1.0,9.24471,5.85718,3,-4.9
-0.490029,-0.871706,0.0,6.700000000000001,0.382683,43.0,0.92388,-0.382683,0.707107,-0.707107,9.0,60.0,26.999999999999996,1013.6,1005.9,4.0,20.9083,7.90336,10.7,-7.7
-0.474951,-0.880012,0.0,10.9,-1.83697e-16,44.0,-1.83697e-16,-1,-1.83697e-16,-1,11.0,37.0,18.0,1012.7,1009.3,1.0,25.5091,14.7202,6.2,-3.4
-0.459733,-0.888057,0.0,10.1,0.382683,26.0,-0.707107,-0.707107,-0.707107,-0.707107,6.0,31.0,15.000000000000002,1015.0,1011.0,1.0,28.1744,17.2936,6.4,-4
-0.444378,-0.895839,0.0,10.7,0.382683,24.000000000000004,-0.707107,-0.707107,0.707107,0.707107,9.0,48.00000000000001,38.0,1018.2,1015.4,3.0,14.9239,11.0681,4.8,-2.8
-0.428892,-0.903356,0.0,8.2,-0.707107,30.0,-0.382683,-0.92388,-0.382683,0.92388,11.0,56.0,50.0,1025.1,1022.7,7.0,10.7702,8.88561,2.7,-2.4
-0.413279,-0.910605,0.0,8.5,-0.382683,30.0,-0.707107,0.707107,-0.382683,0.92388,14.999999999999998,56.0,52.0,1027.1,1024.0,6.0,10.2313,9.01603,1.4,-3.1
-0.397543,-0.917584,3.0,5.6,-0.382683,33.0,-0.92388,0.382683,6.12323e-17,1,11.0,70.0,52.0,1025.9,1022.1,5.0,10.2624,5.59613,2.4,-3.8
-0.381689,-0.924291,0.0,10.5,0.707107,24.000000000000004,-0.382683,-0.92388,0.382683,0.92388,13.0,66.0,59.0,1022.6,1018.3,3.0,8.41413,6.51597,3.1,-4.3
-0.365723,-0.930724,0.0,10.3,0.707107,26.0,0.382683,-0.92388,0.707107,0.707107,7.000000000000001,63.0,65.0,1016.9,1011.0,5.0,6.98431,7.33625,2.5,-5.9
-0.349647,-0.936881,0.0,10.6,0.707107,22.0,-0.382683,-0.92388,0.707107,0.707107,9.0,50.0,33.0,1017.8,1015.1,0.0,17.3392,10.8029,3.8,-2.7
-0.333469,-0.942761,0.0,10.2,0.707107,28.0,-1,1.22465e-16,6.12323e-17,1,11.0,69.0,49.00000000000001,1022.6,1020.4,2.0,11.3664,5.89322,3.2,-2.2
-0.317191,-0.948362,0.0,7.2,0.707107,24.000000000000004,0.707107,0.707107,0.707107,0.707107,7.000000000000001,55.0,52.0,1024.2,1021.8,7.0,10.3402,9.47849,0.1,-2.4
-0.30082,-0.953681,0.0,10.1,0.382683,22.0,-0.382683,-0.92388,0.707107,0.707107,9.0,66.0,50.0,1023.4,1018.8,1.0,11.0085,6.53099,3.6,-4.6
-0.284359,-0.958718,0.0,10.4,0.92388,24.000000000000004,-0.382683,-0.92388,0.707107,0.707107,13.0,63.0,50.0,1019.8,1014.3,1.0,11.0499,7.26938,3.6,-5.5
-0.267814,-0.963471,0.0,9.7,0.707107,30.0,1,0,0.707107,0.707107,13.0,49.0,62.0,1017.0,1011.3,4.0,7.75692,11.2477,1.9,-5.7
-0.25119,-0.967938,0.0,11.0,0.707107,33.0,-0.707107,-0.707107,0.382683,-0.92388,19.999999999999996,35.0,18.0,1015.2,1010.5,1.0,26.6959,16.4646,4.4,-4.7
-0.234491,-0.972118,0.0,11.3,-0.382683,26.0,-0.382683,-0.92388,0.382683,-0.92388,6.0,25.0,15.000000000000002,1019.5,1015.2,0.0,28.8098,20.9706,4.6,-4.3
-0.217723,-0.976011,0.0,11.0,0.382683,28.0,-0.707107,-0.707107,0.92388,0.382683,11.0,51.0,43.0,1021.5,1016.4,1.0,13.272,10.4671,2.9,-5.1
-0.200891,-0.979614,0.0,6.9,6.12323e-17,31.0,-1,1.22465e-16,6.12323e-17,1,14.999999999999998,66.0,53.99999999999999,1022.0,1018.8,4.0,9.73639,6.52598,2.4,-3.2
-0.183998,-0.982927,0.0,10.1,6.12323e-17,33.0,-0.92388,0.382683,-0.382683,0.92388,14.999999999999998,52.0,47.0,1026.5,1023.9000000000001,4.0,11.8926,10.2236,1.8,-2.6
-0.167052,-0.985948,0.6,7.1,-0.382683,35.0,-0.707107,0.707107,6.12323e-17,1,16.999999999999996,67.0,53.0,1027.7,1025.5,7.0,9.98253,6.32948,1.2,-2.2
-0.150055,-0.988678,3.0,9.7,6.12323e-17,31.0,-0.707107,0.707107,6.12323e-17,1,13.0,53.00000000000001,41.0,1028.7,1025.3,3.0,13.8871,9.95987,1.1,-3.4
-0.133015,-0.991114,0.8,6.8,6.12323e-17,24.000000000000004,0.382683,-0.92388,0.707107,0.707107,11.0,76.0,56.0,1025.0,1020.4,3.0,9.21685,4.33429,3.3,-4.6
-0.115935,-0.993257,0.0,7.499999999999999,0.707107,39.0,0.382683,-0.92388,0.707107,0.707107,13.0,56.0,61.0,1019.1,1011.1,3.0,8.03078,9.24471,1.8,-8
-0.0988201,-0.995105,9.8,10.2,-1.83697e-16,26.0,-0.382683,-0.92388,0.382683,0.92388,11.0,56.0,56.99999999999999,1015.5,1013.2,5.0,8.97223,9.16818,1.1,-2.3
-0.0816764,-0.996659,0.0,9.5,-1,26.0,-1.83697e-16,-1,0.382683,0.92388,13.0,60.0,47.0,1019.3000000000001,1015.2,2.0,12.0808,8.07447,3.6,-4.1
-0.0645084,-0.997917,10.4,9.2,0.707107,24.000000000000004,-0.707107,0.707107,0.382683,0.92388,9.0,62.0,53.0,1022.4,1019.2,2.0,10.1114,7.52528,2.8,-3.2
-0.0473214,-0.99888,0.0,10.4,0.382683,24.000000000000004,-0.382683,0.92388,0.382683,0.92388,11.0,59.0,52.0,1021.5,1017.3,1.0,10.4496,8.33792,2.5,-4.2
-0.0301203,-0.999546,0.0,10.8,0.707107,28.0,0.92388,0.382683,0.707107,0.707107,9.0,53.00000000000001,53.0,1021.0,1016.9,0.0,10.264,10.0734,2.5,-4.1
-0.0129103,-0.999917,0.0,10.3,-0.707107,43.0,0.707107,-0.707107,0.707107,0.707107,11.0,55.0,53.0,1017.6,1011.8,1.0,10.4486,9.56461,4.1,-5.8
0.00430354,-0.999991,0.0,7.700000000000001,-0.707107,37.0,6.12323e-17,1,0.382683,0.92388,11.0,55.0,53.0,1022.3,1019.6,5.0,10.0279,9.3429,1.7,-2.7
0.0215161,-0.999769,0.0,10.2,0.382683,26.0,6.12323e-17,1,0.92388,0.382683,7.000000000000001,58.00000000000001,55.0,1020.3,1017.0,1.0,9.65833,8.61215,3.3,-3.3
0.055917,-0.998435,0.0,10.8,0.707107,26.0,0.382683,-0.92388,0.707107,0.707107,11.0,56.0,45.0,1021.9,1017.6,1.0,12.7997,9.26564,2.2,-4.3
0.0730951,-0.997325,0.0,11.2,0.382683,24.000000000000004,6.12323e-17,1,0.382683,0.92388,11.0,49.0,39.0,1020.4,1015.9,1.0,14.9963,11.3494,2,-4.5
0.0902516,-0.995919,0.0,10.9,0.707107,28.0,0.92388,-0.382683,0.707107,0.707107,11.0,47.0,52.0,1016.8,1012.1,2.0,10.5596,12.0179,1.1,-4.7
0.107381,-0.994218,0.0,8.8,-0.382683,37.0,0.707107,-0.707107,6.12323e-17,1,16.999999999999996,55.0,67.0,1013.9,1011.7,4.0,6.57909,9.71622,-0.2,-2.2
0.124479,-0.992222,0.0,7.299999999999999,6.12323e-17,33.0,-0.707107,0.707107,6.12323e-17,1,13.0,56.0,49.00000000000001,1020.4,1018.2,4.0,11.3835,9.29358,0.5,-2.2
0.14154,-0.989932,0.0,9.9,0.707107,24.000000000000004,0.707107,-0.707107,0.707107,0.707107,11.0,58.00000000000001,50.0,1020.8,1016.7,1.0,11.0747,8.62523,2.4,-4.1
0.158559,-0.987349,0.0,7.700000000000001,6.12323e-17,24.000000000000004,-1,1.22465e-16,0.382683,0.92388,11.0,62.0,52.0,1019.3000000000001,1015.3,1.0,10.5675,7.60596,3.5,-4
0.175531,-0.984474,0.0,10.2,0.382683,28.0,6.12323e-17,1,0.382683,0.92388,14.999999999999998,58.00000000000001,56.99999999999999,1019.5999999999999,1016.6,1.0,9.03326,8.77633,-0.2,-3
0.192452,-0.981306,0.0,10.5,0.382683,37.0,1,0,0.92388,0.382683,13.0,57.0,56.0,1016.7,1011.5,3.0,9.41277,8.99933,2,-5.2
0.209315,-0.977848,3.2,10.9,-1.83697e-16,41.0,0.707107,-0.707107,-1.83697e-16,-1,19.0,60.0,26.0,1010.7,1008.4,1.0,21.1239,8.21635,3.4,-2.3
0.226116,-0.9741,0.0,12.5,0.382683,35.0,-1.83697e-16,-1,-1.83697e-16,-1,13.0,34.0,25.0,1015.9,1012.3,1.0,21.4531,16.1371,7,-3.6
0.24285,-0.970064,0.0,12.1,6.12323e-17,26.0,-0.92388,-0.382683,0.382683,0.92388,11.0,45.0,37.0,1019.2,1015.7,1.0,15.796,12.5634,2.9,-3.5
0.259512,-0.96574,0.0,11.9,6.12323e-17,30.0,-1,1.22465e-16,0.382683,0.92388,13.0,54.0,38.0,1020.7,1016.6,4.0,15.5108,9.87672,2.9,-4.1
0.276097,-0.96113,0.0,11.8,-0.382683,39.0,-1,1.22465e-16,-0.382683,0.92388,14.999999999999998,48.00000000000001,46.00000000000001,1026.0,1023.3,2.0,12.3441,11.628,0.8,-2.7
0.2926,-0.956235,0.0,12.1,6.12323e-17,30.0,-0.707107,0.707107,0.382683,0.92388,16.999999999999996,47.0,46.00000000000001,1027.7,1023.2,1.0,12.3902,11.9373,1.4,-4.5
0.309017,-0.951057,0.0,12.3,0.707107,24.000000000000004,-0.92388,0.382683,0.382683,0.92388,13.0,49.0,46.00000000000001,1025.6,1021.7,1.0,12.4087,11.2477,2.3,-3.9
0.325342,-0.945596,0.0,3.4,-0.382683,37.0,-0.92388,0.382683,-0.382683,0.92388,19.0,53.00000000000001,55.0,1027.1,1024.4,6.0,9.5862,10.119,0.5,-2.7
0.341571,-0.939856,0.0,9.2,6.12323e-17,31.0,-0.92388,0.382683,6.12323e-17,1,16.999999999999996,48.00000000000001,48.0,1025.6,1022.0,2.0,11.6978,11.541,1.8,-3.6
0.357698,-0.933837,0.0,11.6,0.707107,30.0,0.707107,-0.707107,0.707107,0.707107,9.0,50.0,47.0,1022.6,1017.3,1.0,12.1709,10.9261,3.5,-5.3
0.37372,-0.927542,0.0,11.0,0.707107,31.0,0.92388,0.382683,0.707107,0.707107,13.0,50.0,53.99999999999999,1022.8,1019.3,1.0,9.96585,11.1411,0.2,-3.5
0.38963,-0.920971,0.0,11.7,0.382683,30.0,1,0,0.707107,0.707107,13.0,49.0,56.99999999999999,1020.6,1015.0,1.0,9.20383,11.4346,1.6,-5.6
0.421101,-0.907014,0.0,9.8,0.707107,26.0,0.92388,0.382683,0.382683,0.92388,14.999999999999998,55.0,59.0,1011.6,1005.8,2.0,8.85235,9.85438,1.8,-5.8
0.436651,-0.899631,2.6,10.5,6.12323e-17,37.0,-0.382683,0.92388,0.382683,0.92388,11.0,29.000000000000004,58.0,1010.3,1009.2,1.0,9.05552,20.5602,-5.8,-1.1
0.452072,-0.891981,0.0,11.6,6.12323e-17,35.0,-1,1.22465e-16,6.12323e-17,1,19.999999999999996,50.0,35.0,1014.8,1013.1,0.0,16.9301,11.4001,0.3,-1.7
0.497513,-0.867456,0.0,11.6,0.92388,35.0,0.92388,-0.382683,0.92388,0.382683,14.999999999999998,58.00000000000001,61.0,1016.5,1009.5,1.0,8.21876,8.97532,0.8,-7
0.512371,-0.858764,0.0,8.7,6.12323e-17,37.0,-1,1.22465e-16,-0.382683,0.92388,19.999999999999996,50.0,55.0,1014.4,1014.5,3.0,9.76701,11.5771,-3.8,0.1
0.527078,-0.849817,0.0,1.2,6.12323e-17,30.0,-0.382683,0.92388,-0.382683,0.92388,13.0,56.0,53.99999999999999,1022.3,1020.7,7.0,9.81013,9.30057,-0.7,-1.6
0.541628,-0.840618,0.0,10.2,6.12323e-17,28.0,0.382683,0.92388,0.382683,0.92388,14.999999999999998,56.0,49.00000000000001,1023.8,1020.4,3.0,11.3579,9.21685,1.3,-3.4
0.556017,-0.831171,0.0,9.3,0.382683,30.0,0.707107,0.707107,0.382683,0.92388,13.0,54.0,50.0,1021.4,1016.8,2.0,11.1411,9.8545,1.3,-4.6
0.570242,-0.821477,0.0,9.0,0.707107,33.0,0.92388,-0.382683,0.707107,0.707107,14.999999999999998,49.0,53.0,1015.9,1011.6,3.0,10.3638,11.4516,1.6,-4.3
0.584298,-0.811539,9.2,10.6,0.382683,24.000000000000004,1,0,0.92388,0.382683,11.0,59.0,53.0,1017.1,1015.0,7.0,10.4641,8.64479,1.7,-2.1
0.598181,-0.801361,0.0,12.0,0.382683,31.0,-0.382683,0.92388,0.707107,0.707107,13.0,47.0,44.0,1021.2,1018.2,1.0,13.2983,12.198,0.9,-3
0.611886,-0.790946,0.0,12.5,0.707107,24.000000000000004,0.382683,-0.92388,0.382683,0.92388,13.0,50.0,50.0,1020.1,1017.0,1.0,11.2995,11.1411,1.9,-3.1
0.625411,-0.780296,0.0,10.6,0.707107,28.0,1,0,0.92388,0.382683,13.0,53.00000000000001,50.0,1019.2,1015.5,7.0,11.3162,10.4023,0,-3.7
0.638749,-0.769415,0.0,10.2,0.707107,28.0,0.382683,0.92388,0.382683,0.92388,13.0,53.00000000000001,52.0,1016.6,1013.8,1.0,10.7971,10.3254,2.2,-2.8
0.651899,-0.758306,0.0,8.1,-0.382683,30.0,0.382683,0.92388,6.12323e-17,1,14.999999999999998,61.0,63.00000000000001,1016.8,1014.3,5.0,7.58398,8.1033,-0.1,-2.5
0.664855,-0.746972,9.2,7.6,6.12323e-17,28.0,-0.707107,0.707107,0.382683,0.92388,13.0,78.0,61.0,1018.5,1016.2,6.0,8.12754,4.07747,2.3,-2.3
0.677615,-0.735417,0.2,12.5,0.92388,31.0,1,0,0.707107,0.707107,11.0,47.0,56.99999999999999,1018.7,1014.1,2.0,9.37594,12.3703,0.8,-4.6
0.690173,-0.723644,0.0,12.9,0.707107,30.0,0.382683,0.92388,0.92388,0.382683,13.0,51.0,56.0,1013.4,1007.3,0.0,9.81773,11.2274,1.3,-6.1
0.702527,-0.711657,0.0,10.8,-1.83697e-16,35.0,0.382683,0.92388,0.707107,0.707107,7.000000000000001,51.0,53.99999999999999,1007.2,1003.8,7.0,10.5852,11.3676,1.9,-3.4
0.714673,-0.699458,0.0,11.9,6.12323e-17,31.0,-0.382683,0.92388,6.12323e-17,1,14.999999999999998,53.00000000000001,56.99999999999999,1013.0,1011.5,6.0,9.23126,10.557,-2.3,-1.5
0.726608,-0.687053,2.6,4.2,0.382683,24.000000000000004,-1,1.22465e-16,0.707107,0.707107,11.0,85.99999999999999,73.0,1016.2,1012.5,4.0,5.29625,2.49228,3.8,-3.7
0.738326,-0.674444,13.8,4.5,-0.707107,41.0,0.382683,0.92388,0.382683,0.92388,16.999999999999996,74.0,79.0,1017.7,1014.0,7.0,3.93048,5.05653,-1.5,-3.7
0.749826,-0.661635,55.99999999999999,10.8,0.707107,33.0,0.707107,0.707107,0.707107,0.707107,13.0,64.0,64.0,1018.2,1014.6,4.0,7.45395,7.37116,1.5,-3.6
0.761104,-0.64863,0.0,11.7,0.707107,37.0,0.92388,-0.382683,0.707107,0.707107,13.0,62.0,67.0,1015.6,1011.1,5.0,6.75812,7.99789,0.5,-4.5
0.772157,-0.635432,0.0,10.8,0.707107,37.0,0.92388,-0.382683,0.707107,0.707107,14.999999999999998,59.0,67.0,1014.8,1011.6,2.0,6.76814,8.87846,-0.5,-3.2
0.78298,-0.622047,0.0,11.2,0.707107,33.0,0.92388,0.382683,0.92388,0.382683,13.0,58.00000000000001,53.99999999999999,1017.8,1014.2,2.0,10.2808,9.14953,-0.3,-3.6
0.793572,-0.608477,0.0,12.2,0.707107,35.0,0.92388,-0.382683,0.707107,0.707107,14.999999999999998,52.0,65.0,1017.6,1013.1,5.0,7.18598,10.8051,-0.6,-4.5
0.803928,-0.594727,0.0,12.1,0.92388,28.0,0.707107,-0.707107,0.92388,0.382683,9.0,48.00000000000001,52.0,1015.3,1011.6,5.0,10.9408,12.0499,1.9,-3.7
0.814046,-0.5808,3.6000000000000005,5.1,0.382683,24.000000000000004,1,0,0.382683,0.92388,11.0,79.0,63.00000000000001,1017.2,1014.7,7.0,7.70362,3.88915,3.3,-2.5
0.823923,-0.566702,3.0,10.4,-0.707107,83.0,0.92388,-0.382683,0.707107,0.707107,13.0,54.0,51.0,1016.3,1012.1,1.0,11.2685,10.2431,1.4,-4.2
0.833556,-0.552435,43.4,6.4,-0.382683,35.0,-0.707107,0.707107,6.12323e-17,1,16.999999999999996,71.0,59.0,1018.7,1017.9,7.0,8.57399,5.64268,-0.3,-0.8
0.842942,-0.538005,1.0,12.3,0.382683,31.0,-0.382683,0.92388,6.12323e-17,1,13.0,48.00000000000001,47.0,1019.4,1016.6,2.0,12.1709,11.7678,0.9,-2.8
0.852078,-0.523416,0.0,12.9,0.707107,26.0,0.707107,-0.707107,0.382683,0.92388,14.999999999999998,50.0,48.0,1017.3,1013.7,5.0,11.9173,11.1743,1.3,-3.6
0.860961,-0.508671,0.0,11.4,0.92388,26.0,0.382683,0.92388,0.707107,0.707107,11.0,51.0,46.00000000000001,1015.3,1012.2,1.0,12.6033,10.8602,1.7,-3.1
0.869589,-0.493776,0.0,6.1,0.382683,24.000000000000004,0.707107,0.707107,0.707107,0.707107,11.0,64.0,53.99999999999999,1016.4,1014.4,5.0,10.0778,7.33817,0.7,-2
0.87796,-0.478734,0.2,12.5,0.382683,31.0,1,0,0.707107,0.707107,14.999999999999998,59.0,62.0,1017.8,1014.7,3.0,7.94469,8.71587,0.4,-3.1
0.886071,-0.46355,0.0,9.9,0.707107,33.0,0.92388,-0.382683,0.707107,0.707107,14.999999999999998,59.0,56.99999999999999,1016.8,1013.2,7.0,9.32759,8.74827,0.4,-3.6
0.893919,-0.448229,0.0,4.5,0.382683,26.0,0.92388,-0.382683,0.707107,0.707107,9.0,58.00000000000001,62.0,1012.8,1008.9,7.0,7.93289,8.93535,1,-3.9
0.908818,-0.417194,1.4,11.1,0.92388,31.0,0.92388,-0.382683,0.707107,0.707107,13.0,65.0,62.0,1008.6,1006.4,3.0,8.03345,7.12731,2.5,-2.2
0.915864,-0.401488,0.0,3.3,0.707107,30.0,0.92388,0.382683,0.92388,0.382683,6.0,73.0,79.0,1012.2,1010.4,8.0,3.98394,5.31997,-0.7,-1.8
0.92264,-0.385663,25.2,8.5,0.382683,28.0,0.382683,-0.92388,0.92388,0.382683,13.0,64.0,59.0,1014.4,1010.0,6.0,8.91116,7.45395,2.2,-4.4
0.935368,-0.353676,0.0,4.1,0.382683,30.0,0.92388,-0.382683,0.382683,-0.92388,13.0,67.0,87.0,1009.9,1005.4,7.0,2.30994,6.77315,-4.8,-4.5
0.941317,-0.337523,26.999999999999996,0.8,-0.707107,30.0,-0.92388,0.382683,0.707107,0.707107,4.0,75.0,76.0,1009.1,1008.2,7.0,4.4624,4.5925,2.3,-0.9
0.946988,-0.32127,3.7999999999999994,0.1,-0.92388,35.0,-0.92388,0.382683,-0.707107,0.707107,16.999999999999996,64.0,56.99999999999999,1011.2,1009.2,8.0,9.05364,7.14717,1.7,-2
0.952378,-0.304921,0.0,4.0,-0.707107,28.0,-0.92388,0.382683,-0.382683,0.92388,13.0,56.0,56.99999999999999,1010.4,1008.5,7.0,9.13541,9.32156,1.3,-1.9
0.957485,-0.288482,0.0,13.3,0.707107,26.0,-1,1.22465e-16,6.12323e-17,1,13.0,49.0,50.0,1011.5,1008.7,1.0,11.3665,11.4773,2.4,-2.8
0.962309,-0.271958,0.0,11.5,0.707107,26.0,0.92388,0.382683,0.707107,0.707107,11.0,54.0,58.0,1010.5,1005.7,3.0,9.04213,10.0554,1.7,-4.8
0.966848,-0.255353,0.0,12.6,0.707107,24.000000000000004,0.382683,0.92388,0.707107,0.707107,9.0,58.00000000000001,40.0,1006.7,1003.1,3.0,15.5131,9.17647,3.9,-3.6
0.9711,-0.238673,1.2,6.6,-1.83697e-16,56.0,0.707107,0.707107,0.707107,0.707107,9.0,67.0,69.0,1010.5,1005.7,7.0,6.32937,6.76313,1.1,-4.8
0.975065,-0.221922,16.8,9.9,6.12323e-17,28.0,0.382683,-0.92388,-0.382683,-0.92388,7.000000000000001,65.0,24.0,1011.6999999999999,1008.2,1.0,23.4818,7.10072,8.2,-3.5
0.97874,-0.205104,0.0,12.5,6.12323e-17,33.0,-0.382683,0.92388,6.12323e-17,1,13.0,58.00000000000001,47.0,1016.0,1013.5,1.0,12.3885,8.93535,1.8,-2.5
0.982126,-0.188227,0.0,10.6,0.382683,24.000000000000004,0.92388,0.382683,0.707107,0.707107,13.0,62.0,55.0,1018.3,1015.6,1.0,9.85438,7.79781,2.4,-2.7
0.98522,-0.171293,0.0,12.1,0.382683,30.0,-0.382683,0.92388,6.12323e-17,1,19.0,56.0,53.0,1017.9,1015.5,2.0,10.3946,9.43387,1.3,-2.4
0.988023,-0.154309,0.0,11.9,6.12323e-17,30.0,6.12323e-17,1,0.92388,0.382683,13.0,55.0,53.99999999999999,1016.9,1014.1,3.0,10.1378,9.77428,1,-2.8
0.990532,-0.137279,0.0,12.1,0.707107,24.000000000000004,0.92388,0.382683,0.707107,0.707107,13.0,55.0,52.0,1014.3,1011.5,1.0,10.8449,9.84708,1.4,-2.8
0.992749,-0.120208,0.0,11.2,0.707107,24.000000000000004,0.92388,0.382683,0.707107,0.707107,11.0,63.0,52.0,1013.9,1009.9,3.0,10.9008,7.61807,3.1,-4
0.994671,-0.103102,0.0,6.9,0.707107,22.0,1,0,0.92388,0.382683,9.0,61.0,56.99999999999999,1011.8,1009.1,7.0,9.46604,8.24316,1.9,-2.7
0.996298,-0.0859648,7.200000000000001,0.0,-0.707107,30.0,-0.707107,-0.707107,-0.707107,-0.707107,6.0,89.0,90.0,1014.5,1013.9,8.0,1.71164,1.89911,-0.5,-0.6
0.99763,-0.0688024,22.4,0.3,-0.382683,13.0,-0.707107,-0.707107,-0.707107,-0.707107,4.0,95.0,74.0,1014.8,1011.4,7.0,5.00376,0.834191,4.9,-3.4
0.999407,-0.0344216,1.0,11.7,-0.92388,22.0,0.382683,-0.92388,1,0,6.0,70.0,51.0,1009.4,1005.6,2.0,11.592,6.04016,5,-3.8
0.999852,-0.0172134,0.0,10.7,6.12323e-17,30.0,-0.92388,0.382683,0.382683,0.92388,13.0,55.0,62.0,1009.6,1009.2,6.0,8.12269,10.1187,-0.5,-0.4
1,0,12.2,12.1,6.12323e-17,26.0,0.92388,0.382683,0.707107,0.707107,13.0,67.0,64.0,1014.9,1012.7,4.0,7.58176,6.78317,0.8,-2.2
0.999852,0.0172134,0.2,10.3,0.382683,28.0,0.707107,0.707107,0.707107,0.707107,13.0,68.0,69.0,1018.2,1016.6,7.0,6.22238,6.47566,-0.3,-1.6
0.999407,0.0344216,1.2,4.2,6.12323e-17,35.0,0.382683,0.92388,0.707107,0.707107,11.0,82.0,64.0,1019.4,1017.3,6.0,7.4761,3.30933,2.7,-2.1
0.998667,0.0516197,16.8,12.0,0.382683,26.0,6.12323e-17,1,0.382683,0.92388,13.0,59.0,53.0,1018.0,1014.5,3.0,10.5493,8.74827,1.2,-3.5
0.99763,0.0688024,0.0,3.8,-0.382683,20.0,-0.382683,0.92388,-0.92388,-0.382683,4.0,69.0,80.0,1015.9,1015.2,7.0,3.66224,6.17614,-3.1,-0.7
0.996298,0.0859648,21.6,12.1,6.12323e-17,33.0,-0.382683,0.92388,6.12323e-17,1,16.999999999999996,62.0,48.0,1017.5,1016.4,3.0,12.0942,7.90931,1.6,-1.1
0.994671,0.103102,0.0,3.6,-0.92388,33.0,-0.707107,0.707107,-0.382683,0.92388,9.0,64.0,59.0,1017.7,1016.1,7.0,8.66415,7.39871,-0.6,-1.6
0.992749,0.120208,1.8000000000000003,3.9,6.12323e-17,31.0,-0.707107,0.707107,6.12323e-17,1,7.000000000000001,68.0,70.0,1016.0,1013.4,7.0,5.89326,6.35111,0.2,-2.6
0.990532,0.137279,3.6000000000000005,11.8,6.12323e-17,26.0,6.12323e-17,1,0.382683,0.92388,13.0,63.0,60.00000000000001,1013.4,1010.5,2.0,8.55415,7.64654,2,-2.9
0.988023,0.154309,0.0,10.9,0.707107,28.0,0.707107,0.707107,0.382683,0.92388,13.0,63.0,55.0,1012.8,1010.9,6.0,9.97879,7.71507,1.1,-1.9
0.98522,0.171293,0.0,0.9,0.382683,19.0,-1.83697e-16,-1,6.12323e-17,1,9.0,76.0,75.0,1011.6,1008.0,7.0,4.81356,4.59579,0,-3.6
0.982126,0.188227,14.6,1.1,-0.382683,31.0,-0.707107,-0.707107,-0.382683,0.92388,6.0,80.99999999999999,94.0,1009.9,1007.5,8.0,1.02432,3.51917,-2.4,-2.4
0.97874,0.205104,38.6,2.2,0.382683,24.000000000000004,6.12323e-17,1,0.707107,0.707107,13.0,78.0,69.0,1009.7,1007.0,7.0,6.18076,4.15515,0.5,-2.7
0.966848,0.255353,0.0,13.1,0.382683,24.000000000000004,-0.92388,-0.382683,0.707107,0.707107,13.0,56.0,60.00000000000001,1008.8,1006.0,1.0,8.68093,9.69609,1.6,-2.8
0.962309,0.271958,0.0,12.7,0.382683,24.000000000000004,-0.382683,-0.92388,0.92388,0.382683,9.0,67.0,60.00000000000001,1009.4,1005.6,3.0,8.75744,6.76313,3,-3.8
0.957485,0.288482,0.0,11.7,6.12323e-17,30.0,-0.92388,-0.382683,0.382683,0.92388,13.0,65.0,52.0,1009.5,1005.7,2.0,11.231,7.36879,2.5,-3.8
0.952378,0.304921,0.0,9.3,0.382683,31.0,-0.707107,0.707107,0.382683,0.92388,14.999999999999998,71.0,58.0,1008.7,1006.8,3.0,9.22371,5.83104,1,-1.9
0.946988,0.32127,35.8,9.4,-0.382683,35.0,0.382683,0.92388,6.12323e-17,1,16.999999999999996,67.0,58.0,1012.7,1008.8,6.0,9.01538,6.60877,1.6,-3.9
0.941317,0.337523,0.2,8.0,6.12323e-17,28.0,-0.92388,0.382683,-0.382683,0.92388,13.0,82.0,64.0,1009.9,1007.7,7.0,7.43735,3.25956,4,-2.2
0.935368,0.353676,1.0,2.1,0.382683,31.0,-0.382683,0.92388,6.12323e-17,1,13.0,67.0,77.0,1009.6,1008.0,8.0,4.36737,6.6932,-1.2,-1.6
0.92264,0.385663,65.2,5.4,-0.382683,22.0,-0.707107,0.707107,6.12323e-17,1,2.0,84.0,59.0,1006.3,1004.4,6.0,8.92425,2.89436,5.5,-1.9
0.915864,0.401488,0.0,12.6,-1.83697e-16,28.0,0.382683,-0.92388,0.707107,0.707107,9.0,67.0,59.0,1006.2,1002.6,2.0,9.0491,6.77816,2.9,-3.6
0.908818,0.417194,0.0,7.8,-0.382683,30.0,0.382683,0.92388,-0.382683,0.92388,14.999999999999998,66.0,53.99999999999999,1006.8,1004.9,6.0,10.4934,7.11454,1,-1.9
0.901502,0.432776,0.0,9.2,6.12323e-17,30.0,-0.382683,0.92388,6.12323e-17,1,13.0,62.0,63.00000000000001,1007.7,1005.0,5.0,7.72079,8.00381,-0.4,-2.7
0.893919,0.448229,5.2,1.0,-0.92388,33.0,-0.707107,-0.707107,-0.92388,0.382683,11.0,85.0,61.0,1006.8,1005.4,8.0,8.12147,2.62271,5.1,-1.4
0.886071,0.46355,0.0,11.0,6.12323e-17,26.0,-0.92388,-0.382683,6.12323e-17,1,14.999999999999998,53.00000000000001,58.0,1008.9,1006.4,3.0,8.95533,10.2411,1.8,-2.5
0.87796,0.478734,3.7999999999999994,11.2,0.707107,22.0,0.707107,0.707107,0.92388,0.382683,9.0,63.0,58.0,1009.9,1006.3,2.0,9.06892,7.55563,3.1,-3.6
0.869589,0.493776,0.0,11.4,-0.92388,33.0,6.12323e-17,1,0.707107,0.707107,13.0,62.0,62.0,1008.2,1003.5,2.0,8.08099,7.90343,3,-4.7
0.860961,0.508671,17.2,12.8,0.382683,24.000000000000004,-0.707107,-0.707107,-0.707107,-0.707107,7.000000000000001,71.0,26.0,1007.6,1003.6,1.0,22.2726,5.71082,7.4,-4
0.852078,0.523416,0.0,8.8,-0.92388,43.0,-0.92388,0.382683,-0.382683,0.92388,16.999999999999996,66.0,56.0,1010.0,1008.5,2.0,9.60357,6.89672,1.1,-1.5
0.823923,0.566702,0.0,9.6,-0.92388,39.0,-0.707107,0.707107,-0.382683,0.92388,14.999999999999998,50.0,51.0,1017.6,1016.9,3.0,11.1207,11.2828,1.8,-0.7
0.814046,0.5808,2.8,10.4,-0.92388,37.0,-0.707107,0.707107,-0.382683,0.92388,16.999999999999996,60.0,44.0,1022.6,1020.7,1.0,13.3965,8.35318,2.3,-1.9
0.803928,0.594727,0.2,11.2,6.12323e-17,26.0,-0.92388,0.382683,6.12323e-17,1,11.0,73.0,53.99999999999999,1023.5,1019.9,7.0,10.1153,5.08119,4.7,-3.6
0.793572,0.608477,0.2,11.9,0.382683,22.0,-0.92388,0.382683,0.382683,0.92388,11.0,60.0,58.0,1020.5000000000001,1017.8,1.0,9.09575,8.37192,2.8,-2.7
0.78298,0.622047,0.0,12.5,-0.707107,33.0,-0.707107,0.707107,6.12323e-17,1,16.999999999999996,61.0,45.0,1019.5,1018.2,3.0,13.2112,8.15789,2.9,-1.3
0.772157,0.635432,5.2,9.4,-0.382683,39.0,-0.707107,0.707107,6.12323e-17,1,13.0,80.0,89.0,1020.5000000000001,1019.6,7.0,1.90933,3.68732,-2,-0.9
0.761104,0.64863,12.2,9.0,6.12323e-17,30.0,-1,1.22465e-16,-0.382683,0.92388,11.0,82.0,47.0,1020.1999999999999,1017.6,1.0,12.425,3.23234,6,-2.6
0.749826,0.661635,8.4,9.6,6.12323e-17,28.0,-0.382683,0.92388,-0.382683,0.92388,11.0,68.0,53.99999999999999,1019.3000000000001,1017.2,4.0,10.2205,6.40366,1.8,-2.1
0.738326,0.674444,1.6,8.2,-0.382683,35.0,-0.382683,0.92388,6.12323e-17,1,16.999999999999996,70.0,68.0,1019.7,1018.7,6.0,6.36065,5.92427,-0.7,-1
0.726608,0.687053,0.4,10.2,-0.92388,30.0,-0.707107,0.707107,6.12323e-17,1,14.999999999999998,65.0,49.00000000000001,1021.4,1017.9,3.0,11.7263,7.10604,1.9,-3.5
0.714673,0.699458,0.2,9.5,6.12323e-17,24.000000000000004,-1.83697e-16,-1,6.12323e-17,1,11.0,72.0,49.00000000000001,1018.5,1014.9,3.0,11.7177,5.37222,3.8,-3.6
0.702527,0.711657,0.4,11.8,-0.382683,26.0,-0.707107,0.707107,6.12323e-17,1,13.0,62.0,48.0,1016.8,1013.6,3.0,12.0765,7.90343,1.5,-3.2
0.690173,0.723644,0.4,11.6,-0.707107,33.0,-0.382683,0.92388,-0.707107,0.707107,11.0,60.0,62.0,1016.2,1014.8,4.0,7.87402,8.39068,0.1,-1.4
0.677615,0.735417,0.2,5.9,-0.382683,35.0,-0.382683,0.92388,-0.382683,0.92388,9.0,60.0,86.0,1016.4,1014.8,5.0,2.49797,8.47851,-3.3,-1.6
0.664855,0.746972,4.6,0.0,-0.707107,33.0,-0.382683,0.92388,-0.382683,0.92388,13.0,79.0,89.0,1016.5,1014.2,8.0,1.93868,3.91865,-0.9,-2.3
0.651899,0.758306,53.99999999999999,0.0,-0.707107,30.0,-0.92388,0.382683,-0.707107,-0.707107,6.0,95.0,95.0,1012.3,1009.8,8.0,0.839994,0.842579,-0.4,-2.5
0.638749,0.769415,89.2,0.0,-0.92388,37.0,-1,1.22465e-16,-0.92388,0.382683,9.0,96.00000000000001,96.0,1007.3,1003.7,8.0,0.678766,0.668954,1.9,-3.6
0.611886,0.790946,4.4,10.9,-0.92388,33.0,-0.92388,0.382683,-0.707107,0.707107,13.0,72.0,59.0,1011.6,1009.2,2.0,8.91116,5.47424,3.5,-2.4
0.598181,0.801361,0.4,10.5,-0.707107,31.0,-0.707107,0.707107,6.12323e-17,1,19.999999999999996,74.0,60.00000000000001,1012.0000000000001,1008.7,1.0,8.55415,5.00001,2.9,-3.3
0.584298,0.811539,0.0,10.6,-0.92388,31.0,-0.707107,0.707107,6.12323e-17,1,14.999999999999998,69.0,60.00000000000001,1012.4,1009.7,3.0,8.55415,6.15769,2.4,-2.7
0.570242,0.821477,0.2,9.9,6.12323e-17,22.0,-0.707107,0.707107,6.12323e-17,1,11.0,62.0,60.00000000000001,1010.1,1007.0,3.0,8.4911,7.8799,1.4,-3.1
0.556017,0.831171,1.8000000000000003,8.4,0.382683,20.0,-1.83697e-16,-1,0.707107,0.707107,9.0,83.0,56.0,1009.2,1006.6,1.0,9.7175,3.07913,5.2,-2.6
0.541628,0.840618,0.2,9.4,0.382683,24.000000000000004,0.92388,-0.382683,6.12323e-17,1,11.0,65.0,64.0,1011.1,1008.6,3.0,7.49274,7.16462,1.4,-2.5
0.527078,0.849817,0.0,9.5,0.92388,20.0,-1.83697e-16,-1,0.707107,0.707107,7.000000000000001,73.0,59.0,1011.1,1007.8,1.0,8.9177,5.26469,3.2,-3.3
0.512371,0.858764,0.0,11.3,-0.707107,33.0,-0.92388,-0.382683,-0.382683,0.92388,14.999999999999998,64.0,56.99999999999999,1013.0,1011.0,4.0,9.40362,7.44842,1.3,-2
0.497513,0.867456,0.0,11.5,0.382683,24.000000000000004,-0.707107,0.707107,0.382683,0.92388,14.999999999999998,63.0,56.0,1015.9,1012.6,1.0,9.68896,7.66935,1.9,-3.3
0.482508,0.875892,0.0,11.8,0.382683,22.0,0.707107,-0.707107,0.92388,0.382683,7.000000000000001,60.0,50.0,1014.8,1010.9,1.0,11.5687,8.45337,2.7,-3.9
0.452072,0.891981,0.0,6.3,-0.92388,37.0,6.12323e-17,1,0.382683,0.92388,9.0,59.0,56.99999999999999,1009.7,1006.3,4.0,9.29313,8.72883,0.2,-3.4
0.436651,0.899631,0.0,10.9,0.382683,24.000000000000004,-1.83697e-16,-1,0.707107,0.707107,11.0,67.0,62.0,1010.9,1009.4,2.0,8.05126,6.62859,3,-1.5
0.421101,0.907014,0.0,11.3,6.12323e-17,24.000000000000004,-1,1.22465e-16,0.382683,0.92388,11.0,65.0,56.99999999999999,1013.0,1010.3,2.0,9.41747,7.17529,1.9,-2.7
0.405426,0.914128,0.0,10.3,0.382683,24.000000000000004,-0.92388,-0.382683,0.382683,0.92388,9.0,69.0,56.99999999999999,1012.6000000000001,1010.0,3.0,9.47299,6.20849,2.6,-2.6
0.38963,0.920971,0.0,10.8,6.12323e-17,30.0,6.12323e-17,1,6.12323e-17,1,13.0,66.0,56.99999999999999,1014.6,1012.9,1.0,9.44521,6.97931,1.3,-1.7
0.37372,0.927542,0.0,10.0,6.12323e-17,33.0,-0.382683,0.92388,6.12323e-17,1,14.999999999999998,65.0,56.99999999999999,1015.7,1013.2,3.0,9.38977,7.19132,1.2,-2.5
0.357698,0.933837,0.0,10.0,6.12323e-17,28.0,-0.92388,0.382683,-0.382683,0.92388,13.0,65.0,46.00000000000001,1014.5,1011.8,2.0,12.7619,7.11135,2.3,-2.7
0.341571,0.939856,0.0,9.0,-0.707107,35.0,-0.707107,0.707107,-0.382683,0.92388,16.999999999999996,60.0,51.0,1014.0,1011.9,2.0,11.1617,8.43454,1.9,-2.1
0.325342,0.945596,0.0,9.9,-0.382683,31.0,-0.707107,-0.707107,-0.382683,0.92388,11.0,60.0,50.0,1014.5,1010.3,2.0,11.3917,8.26598,3.6,-4.2
0.309017,0.951057,0.0,11.2,6.12323e-17,37.0,-0.707107,-0.707107,-0.92388,-0.382683,9.0,58.00000000000001,31.0,1009.7,1006.2,4.0,19.1457,8.80274,6.8,-3.5
0.2926,0.956235,0.0,11.1,6.12323e-17,26.0,-0.92388,-0.382683,-0.382683,0.92388,13.0,52.0,52.0,1014.8,1011.9,2.0,10.6701,10.5203,1.9,-2.9
0.276097,0.96113,0.0,9.7,0.382683,20.0,-0.382683,-0.92388,0.382683,0.92388,7.000000000000001,51.0,49.00000000000001,1016.5,1013.1,1.0,11.6315,10.9413,0.8,-3.4
0.259512,0.96574,0.0,7.4,-0.707107,31.0,-0.707107,-0.707107,0.707107,-0.707107,7.000000000000001,61.0,56.0,1018.1,1011.0,3.0,9.64622,8.01873,4.1,-7.1
0.24285,0.970064,7.599999999999999,11.1,0.382683,20.0,0.92388,-0.382683,0.382683,0.92388,13.0,55.0,58.0,1013.2,1009.4,1.0,9.29141,9.88359,3.8,-3.8
0.226116,0.9741,0.0,8.1,0.92388,20.0,-0.707107,-0.707107,0.92388,0.382683,7.000000000000001,76.0,62.0,1014.5,1011.5,1.0,8.19443,4.61303,4.4,-3
0.209315,0.977848,0.2,1.9,6.12323e-17,57.0,0.707107,0.707107,0.707107,-0.707107,6.0,80.0,98.00000000000001,1017.6,1016.5,8.0,0.332261,3.74055,-4.2,-1.1
0.175531,0.984474,81.8,8.8,6.12323e-17,19.0,-0.92388,0.382683,0.707107,0.707107,9.0,80.99999999999999,56.99999999999999,1018.3,1014.4,1.0,9.30002,3.45843,4,-3.9
0.158559,0.987349,0.0,10.6,0.707107,20.0,-0.707107,-0.707107,0.707107,0.707107,9.0,76.0,59.0,1017.0,1012.6,1.0,8.84583,4.52714,4.3,-4.4
0.14154,0.989932,0.0,9.4,0.707107,24.000000000000004,0.707107,-0.707107,0.707107,0.707107,9.0,66.0,67.0,1015.6,1013.0,1.0,6.80827,6.9328,2.4,-2.6
0.124479,0.992222,3.7999999999999994,8.3,6.12323e-17,24.000000000000004,1,0,0.707107,0.707107,9.0,72.0,64.0,1018.1,1015.0,4.0,7.50939,5.54003,0.7,-3.1
0.107381,0.994218,0.0,8.4,6.12323e-17,26.0,-0.707107,-0.707107,-0.382683,0.92388,9.0,74.0,65.0,1018.8,1015.8,4.0,7.21272,5.04142,1.1,-3
0.0902516,0.995919,0.0,4.7,0.382683,24.000000000000004,-0.92388,0.382683,6.12323e-17,1,13.0,75.0,50.0,1020.9,1018.7,5.0,11.3917,4.76678,2.3,-2.2
0.0730951,0.997325,0.0,9.9,0.382683,24.000000000000004,0.382683,0.92388,0.382683,0.92388,11.0,59.0,53.0,1023.3,1020.9,3.0,10.4409,8.65769,1.2,-2.4
0.055917,0.998435,0.0,4.6,0.382683,26.0,-0.707107,-0.707107,0.382683,0.92388,9.0,73.0,55.0,1024.1,1020.7,6.0,9.73072,5.1122,2.6,-3.4
0.0387223,0.99925,0.0,0.5,6.12323e-17,22.0,-0.707107,-0.707107,0.382683,0.92388,7.000000000000001,74.0,64.0,1023.3,1020.3,7.0,7.28335,4.89162,1.8,-3
0.00430354,0.999991,8.8,3.0,0.382683,30.0,-1,1.22465e-16,-1,1.22465e-16,4.0,75.0,83.0,1019.5,1015.8,7.0,3.0768,4.73811,-0.5,-3.7
-0.0129103,0.999917,38.4,8.1,6.12323e-17,28.0,-1,1.22465e-16,0.382683,0.92388,14.999999999999998,87.0,67.0,1019.1,1015.9,3.0,6.6534,2.30293,2.8,-3.2
-0.0301203,0.999546,0.4,6.3,0.382683,19.0,-0.382683,-0.92388,0.707107,0.707107,7.000000000000001,84.0,64.0,1014.9,1009.9,7.0,7.45395,2.8681,4.3,-5
-0.0473214,0.99888,1.8000000000000003,8.2,0.382683,33.0,0.707107,-0.707107,0.382683,-0.92388,16.999999999999996,85.0,52.0,1008.8,1005.8,3.0,10.7812,2.68561,3.8,-3
-0.0988201,0.995105,0.0,10.8,-0.382683,33.0,-1.83697e-16,-1,-1.83697e-16,-1,11.0,34.0,28.0,1017.4,1014.2,1.0,19.977,16.4684,5.3,-3.2
-0.115935,0.993257,0.0,10.5,0.382683,20.0,-0.707107,-0.707107,0.707107,0.707107,7.000000000000001,51.0,45.0,1019.3000000000001,1016.5,4.0,12.8282,10.4909,5.1,-2.8
-0.133015,0.991114,0.0,9.0,6.12323e-17,20.0,-0.92388,-0.382683,-1,1.22465e-16,6.0,55.0,46.00000000000001,1020.8,1017.6,6.0,12.5104,9.47849,3.6,-3.2
-0.150055,0.988678,0.0,7.9,-0.92388,26.0,-0.92388,-0.382683,-0.382683,0.92388,13.0,65.0,55.0,1019.5999999999999,1016.4,4.0,9.72347,6.8636,4.1,-3.2
-0.167052,0.985948,0.0,10.4,-1.83697e-16,20.0,-0.707107,-0.707107,0.707107,0.707107,7.000000000000001,65.0,56.0,1018.7,1014.5,4.0,9.44092,6.90547,3.3,-4.2
-0.183998,0.982927,0.0,9.4,-0.707107,28.0,-0.92388,-0.382683,6.12323e-17,1,11.0,65.0,53.0,1019.9000000000001,1017.5,3.0,10.31,6.95798,2.4,-2.4
-0.200891,0.979614,0.0,9.6,-0.92388,24.000000000000004,-0.707107,-0.707107,6.12323e-17,1,6.0,64.0,52.0,1022.4,1020.3,3.0,10.678,7.13091,4.6,-2.1
-0.217723,0.976011,0.0,8.3,6.12323e-17,24.000000000000004,-0.92388,-0.382683,0.707107,0.707107,6.0,69.0,63.00000000000001,1025.5,1022.9999999999999,7.0,7.52167,6.01107,1.4,-2.5
-0.234491,0.972118,0.2,10.8,-0.382683,20.0,-0.707107,-0.707107,0.382683,0.92388,9.0,71.0,53.0,1026.4,1022.2999999999998,1.0,10.3715,5.52018,4.2,-4.1
-0.25119,0.967938,0.0,10.6,6.12323e-17,20.0,-0.707107,-0.707107,0.707107,0.707107,11.0,73.0,58.0,1024.6,1020.5,2.0,8.92205,5.1122,3,-4.1
-0.267814,0.963471,3.4,10.3,0.382683,24.000000000000004,-0.707107,-0.707107,0.382683,0.92388,9.0,80.99999999999999,62.0,1023.1,1018.8,5.0,7.87402,3.42956,3.8,-4.3
-0.284359,0.958718,0.4,7.1,0.92388,19.0,-0.382683,-0.92388,1,0,6.0,83.0,63.00000000000001,1019.5999999999999,1016.2,7.0,7.65224,3.04418,4.1,-3.4
-0.30082,0.953681,14.6,0.0,-1.83697e-16,26.0,-0.92388,-0.382683,-0.92388,-0.382683,2.0,87.0,86.0,1018.2,1016.3,8.0,2.42824,2.24719,-0.2,-1.9
-0.317191,0.948362,2.0,9.4,-1.83697e-16,35.0,-1.83697e-16,-1,-0.382683,-0.92388,14.999999999999998,49.0,45.0,1017.6,1014.9,1.0,12.2918,10.8035,2.8,-2.7
-0.333469,0.942761,0.2,10.8,-1.83697e-16,28.0,-1.83697e-16,-1,-1.83697e-16,-1,6.0,61.0,45.0,1014.8,1011.2,1.0,12.6105,7.60821,5.8,-3.6
-0.349647,0.936881,0.0,11.0,-0.382683,17.0,-0.382683,-0.92388,-1,1.22465e-16,6.0,61.0,40.0,1013.3,1009.3,1.0,14.6046,7.72021,6.1,-4
-0.365723,0.930724,0.0,9.3,0.382683,24.000000000000004,-0.707107,-0.707107,-0.382683,-0.92388,4.0,70.0,44.0,1011.2,1007.5,2.0,13.4063,5.65236,7.8,-3.7
-0.397543,0.917584,0.0,11.0,-1.83697e-16,50.0,-0.382683,-0.92388,-1.83697e-16,-1,14.999999999999998,42.0,30.000000000000004,1012.0000000000001,1010.7,1.0,18.4763,13.2387,3.4,-1.3
-0.459733,0.888057,7.8,0.0,-0.92388,22.0,-0.707107,-0.707107,-0.92388,-0.382683,6.0,90.0,91.0,1026.4,1022.1999999999999,8.0,1.48287,1.65807,-0.2,-4.2
-0.474951,0.880012,56.2,0.0,-1,33.0,-0.707107,0.707107,-0.92388,-0.382683,13.0,95.0,95.0,1017.2,1009.5,8.0,0.811181,0.813722,-0.4,-7.7
-0.490029,0.871706,182.6,9.5,-0.92388,19.0,0.382683,-0.92388,-0.382683,-0.92388,7.000000000000001,71.0,58.0,1013.0,1010.0,1.0,8.80935,5.41564,4.6,-3
-0.504961,0.863142,0.0,7.0,-1.83697e-16,24.000000000000004,-0.92388,0.382683,-1.83697e-16,-1,13.0,69.0,64.0,1012.4,1010.0,7.0,7.16887,5.89322,2.1,-2.4
-0.519744,0.854322,0.0,10.1,-1.83697e-16,17.0,-0.382683,-0.92388,0.707107,0.707107,6.0,79.0,49.00000000000001,1014.3,1011.4,1.0,11.6058,3.76645,6.3,-2.9
-0.591261,0.80648,0.0,10.3,-1.83697e-16,20.0,-0.707107,-0.707107,0.382683,-0.92388,9.0,60.0,34.0,1018.9,1015.2,0.0,16.7654,7.86087,5.8,-3.7
-0.605056,0.796183,0.0,10.3,0.382683,22.0,-0.707107,-0.707107,0.382683,-0.92388,11.0,50.0,29.0,1017.4,1013.0,0.0,19.212,10.583,6.5,-4.4
-0.618671,0.78565,0.0,10.2,0.382683,39.0,-1.83697e-16,-1,-1.83697e-16,-1,14.999999999999998,41.0,33.0,1016.3,1012.7,0.0,17.4417,13.6489,5.4,-3.6
-0.645348,0.763889,0.0,10.2,-1.83697e-16,30.0,-1.83697e-16,-1,-1.83697e-16,-1,9.0,52.0,36.0,1016.2,1012.9,1.0,16.1093,10.123,5.4,-3.3
-0.658402,0.752667,0.0,10.3,-1.83697e-16,24.000000000000004,-0.382683,-0.92388,0.707107,-0.707107,4.0,39.0,30.000000000000004,1023.9,1022.4000000000001,0.0,18.1899,13.696,7,-1.5
-0.67126,0.741222,0.0,9.5,-1.83697e-16,20.0,-0.707107,-0.707107,-0.382683,0.92388,7.000000000000001,49.0,44.0,1027.4,1024.9,1.0,12.8801,10.7289,6.4,-2.5
-0.683919,0.729558,0.0,7.6,-0.707107,35.0,-0.92388,-0.382683,-0.707107,0.707107,16.999999999999996,65.0,67.0,1029.3,1027.8,6.0,6.34888,6.79063,0.5,-1.5
-0.696376,0.717677,1.0,5.2,-0.92388,28.0,-1.83697e-16,-1,-0.382683,0.92388,13.0,76.0,56.99999999999999,1030.1,1027.4,7.0,8.90465,4.3544,2.1,-2.7
-0.708627,0.705584,6.6,6.2,-0.707107,31.0,-0.92388,-0.382683,-0.382683,0.92388,14.999999999999998,89.0,76.0,1027.7,1024.9,5.0,4.37119,1.85275,1.5,-2.8
-0.720667,0.693281,0.8,2.9,-0.92388,13.0,-1,1.22465e-16,1,0,2.0,78.0,77.0,1022.6,1018.9,6.0,4.21455,3.93641,2.4,-3.7
-0.744104,0.668064,0.2,4.4,-0.707107,22.0,0.707107,0.707107,-1.83697e-16,-1,9.0,89.0,71.0,1018.9,1016.0,7.0,5.52018,1.87296,2.2,-2.9
-0.755493,0.655156,1.4,9.9,-1.83697e-16,46.0,-1.83697e-16,-1,-1.83697e-16,-1,16.999999999999996,56.0,45.0,1017.6,1014.8,1.0,12.236,8.85827,2.1,-2.8
-0.766659,0.642055,0.0,8.9,-0.382683,35.0,-0.707107,-0.707107,-0.707107,0.707107,13.0,56.0,43.0,1023.2,1022.9999999999999,2.0,13.1138,8.961,2.8,-0.2
-0.777597,0.628763,0.0,9.6,-0.92388,24.000000000000004,-0.92388,-0.382683,-0.382683,0.92388,9.0,65.0,53.0,1028.4,1026.7,1.0,10.0507,6.69736,4,-1.7
-0.788305,0.615285,0.0,9.3,-0.92388,20.0,-0.707107,-0.707107,-0.382683,0.92388,11.0,69.0,49.00000000000001,1030.9,1027.6,7.0,11.2308,5.78991,3.9,-3.3
-0.82877,0.559589,0.0,9.7,0.707107,15.0,-0.382683,-0.92388,-0.707107,0.707107,2.0,80.99999999999999,59.0,1024.8,1021.2,5.0,8.59327,3.30243,7.6,-3.6
-0.83828,0.54524,0.0,9.5,0.92388,15.0,-0.707107,-0.707107,0.707107,0.707107,2.0,84.0,55.0,1023.0,1018.1,6.0,9.70897,2.75355,7.1,-4.9
-0.856551,0.516062,0.0,0.0,0.382683,30.0,-1.83697e-16,-1,-1.83697e-16,-1,13.0,68.0,50.0,1016.8,1014.6,7.0,10.6805,6.0542,0,-2.2
-0.865307,0.501242,0.0,10.1,-0.382683,20.0,-0.382683,-0.92388,-0.382683,-0.92388,6.0,56.0,42.0,1022.6,1019.2,1.0,13.2086,8.64778,4.9,-3.4
-0.873807,0.486273,0.0,6.0,-0.92388,15.0,-0.707107,-0.707107,-0.707107,-0.707107,6.0,63.0,45.0,1022.9,1019.2,7.0,12.171,6.8636,5.9,-3.7
-0.882048,0.47116,0.0,9.8,-0.92388,17.0,-0.92388,-0.382683,-0.382683,-0.92388,7.000000000000001,67.0,45.0,1022.5,1018.5,1.0,12.4413,6.00399,8.1,-4
-0.890028,0.455907,0.0,10.3,-1.83697e-16,31.0,-0.382683,-0.92388,0.382683,-0.92388,13.0,45.0,30.000000000000004,1019.4,1015.6,1.0,18.1763,11.9402,4.4,-3.8
-0.897743,0.440519,0.0,7.9,-0.382683,28.0,-0.707107,-0.707107,-0.707107,-0.707107,9.0,53.00000000000001,56.0,1022.6,1022.4000000000001,4.0,9.11963,9.57846,5,-0.2
-0.905193,0.425,0.0,8.5,-0.92388,26.0,-0.92388,-0.382683,-0.92388,0.382683,9.0,69.0,53.0,1028.4,1026.1,3.0,9.99765,5.75419,4.1,-2.3
-0.912375,0.409356,0.2,9.1,0.382683,15.0,-0.707107,-0.707107,0.707107,0.707107,6.0,71.0,56.0,1028.0,1024.2,6.0,9.12656,5.30384,4,-3.8
-0.919286,0.39359,0.0,3.5,-0.707107,17.0,-0.707107,-0.707107,-1.83697e-16,-1,4.0,74.0,51.0,1025.7,1022.7,7.0,10.6909,4.65654,6.4,-3
-0.925925,0.377708,0.0,6.1,-0.707107,26.0,-0.707107,-0.707107,-0.382683,0.92388,11.0,76.0,53.0,1026.1,1024.4,7.0,10.0734,4.27093,5.4,-1.7
-0.932289,0.361714,0.0,2.9,-0.707107,35.0,-0.92388,0.382683,-0.707107,0.707107,13.0,69.0,79.0,1029.6,1028.2,7.0,3.71445,5.90676,-2.4,-1.4
-0.938377,0.345612,4.6,5.5,-0.707107,28.0,-0.92388,-0.382683,-0.707107,0.707107,9.0,75.0,69.0,1030.6,1026.9,7.0,5.82126,4.45259,2.4,-3.7
-0.944188,0.329408,1.2,4.3,-0.382683,31.0,-0.382683,-0.92388,-0.707107,0.707107,13.0,85.0,76.0,1028.1,1025.0,7.0,4.34434,2.55655,1.7,-3.1
-0.949718,0.313107,4.2,4.0,-0.382683,22.0,-1.83697e-16,-1,-0.92388,0.382683,9.0,92.0,67.0,1026.8,1023.2,7.0,6.37805,1.30678,4.6,-3.6
-0.954967,0.296713,4.0,6.5,-0.382683,24.000000000000004,-0.92388,-0.382683,-0.707107,0.707107,7.000000000000001,90.99999999999999,60.00000000000001,1025.6,1022.5,2.0,8.13601,1.48868,4.5,-3.1
-0.96901,0.247022,2.4,7.8,0.382683,26.0,-0.707107,-0.707107,0.382683,-0.92388,11.0,98.0,48.0,1017.2,1014.0,1.0,11.5583,0.311894,8.2,-3.2
-0.973118,0.230306,0.0,9.2,-1.83697e-16,35.0,-0.382683,-0.92388,-0.382683,-0.92388,11.0,62.0,39.0,1017.1,1014.0,4.0,14.524,7.33106,4.4,-3.1
-0.976938,0.213521,0.0,9.2,-0.707107,20.0,-0.707107,-0.707107,-0.707107,-0.707107,6.0,65.0,44.0,1020.5000000000001,1018.3,2.0,12.573,6.52291,4.5,-2.2
-0.980469,0.196673,0.0,9.5,-0.382683,20.0,-0.707107,-0.707107,-0.707107,0.707107,7.000000000000001,63.0,46.00000000000001,1025.5,1023.3,1.0,12.0328,6.97215,5.9,-2.2
-0.983709,0.179767,0.0,3.0,-0.92388,17.0,-0.707107,-0.707107,-0.382683,0.92388,7.000000000000001,71.0,61.0,1028.2,1026.0,7.0,7.73205,5.24221,4,-2.2
-0.986658,0.162807,0.0,2.4,-1.83697e-16,15.0,-1.83697e-16,-1,-1,1.22465e-16,2.0,83.0,64.0,1027.7,1025.1,7.0,7.02836,2.85885,5.4,-2.6
-0.989314,0.145799,0.0,1.5,-0.92388,17.0,-0.707107,-0.707107,-0.382683,0.92388,4.0,84.0,66.0,1025.6,1022.0,7.0,6.50596,2.69184,3.7,-3.6
-0.991677,0.128748,0.0,1.9,-1.83697e-16,19.0,-0.707107,-0.707107,-0.382683,-0.92388,7.000000000000001,96.00000000000001,71.0,1022.2,1019.9,7.0,5.36581,0.624442,5.4,-2.3
-0.993747,0.111659,0.2,6.8,-0.92388,31.0,-0.92388,-0.382683,-0.707107,0.707107,11.0,73.0,60.00000000000001,1026.2,1025.1,3.0,8.08676,4.90848,3.5,-1.1
-0.995521,0.0945367,0.0,6.8,-0.707107,20.0,-0.707107,-0.707107,-1,1.22465e-16,9.0,66.0,68.0,1030.6,1027.6,5.0,6.12426,6.46599,2.4,-3
-0.997001,0.0773865,2.4,4.6,0.707107,22.0,-0.707107,-0.707107,6.12323e-17,1,7.000000000000001,85.0,71.0,1030.8,1027.8,6.0,5.4657,2.55655,3.3,-3
-0.998186,0.0602133,6.999999999999999,0.0,-0.92388,24.000000000000004,-0.707107,-0.707107,-0.92388,0.382683,6.0,95.0,86.0,1031.4,1028.5,7.0,2.37613,0.803582,1.5,-2.9
-0.999074,0.0430222,4.0,8.3,-0.92388,19.0,-0.707107,-0.707107,0.707107,0.707107,6.0,83.0,56.0,1028.0,1023.9000000000001,3.0,9.16818,2.90862,4.8,-4.1
-0.999667,0.0258184,0.2,7.4,0.382683,17.0,-0.707107,-0.707107,-1.83697e-16,-1,7.000000000000001,85.99999999999999,53.0,1024.5,1020.5,3.0,10.081,2.33924,6.9,-4
-0.999963,0.008607,0.0,8.7,-1.83697e-16,33.0,-0.382683,-0.92388,-1.83697e-16,-1,13.0,66.0,32.0,1022.4,1018.1,4.0,17.1252,6.37652,2.9,-4.3
-0.999963,-0.008607,0.0,9.5,-1.83697e-16,26.0,-0.707107,-0.707107,-0.92388,-0.382683,6.0,53.00000000000001,39.0,1023.2,1021.0,2.0,14.4369,9.3428,7.7,-2.2
-0.999667,-0.0258184,0.0,6.8,-0.92388,17.0,-0.382683,-0.92388,0.382683,-0.92388,6.0,67.0,50.0,1024.3,1020.7,1.0,10.8111,6.05607,6.3,-3.6
-0.999074,-0.0430222,0.0,9.7,-1.83697e-16,20.0,-0.382683,-0.92388,0.382683,-0.92388,9.0,80.0,37.0,1023.1,1019.6,1.0,15.3683,3.41604,7.3,-3.5
-0.998186,-0.0602133,0.0,9.8,0.382683,19.0,-0.382683,-0.92388,0.382683,-0.92388,7.000000000000001,72.0,41.0,1020.0,1015.3,1.0,14.0331,4.98529,9.2,-4.7
-0.997001,-0.0773865,0.0,10.0,-1.83697e-16,20.0,-0.92388,-0.382683,-1,1.22465e-16,6.0,56.0,24.0,1018.6,1016.5,0.0,21.6005,8.8378,5.7,-2.1
-0.995521,-0.0945367,0.0,6.8,-0.92388,24.000000000000004,-0.92388,-0.382683,-0.707107,0.707107,9.0,61.0,56.0,1024.2,1023.1000000000001,7.0,8.961,7.44461,4,-1.1
-0.993747,-0.111659,0.0,5.4,-0.707107,24.000000000000004,-0.382683,-0.92388,-0.382683,0.92388,7.000000000000001,71.0,62.0,1028.1,1025.5,6.0,7.40503,5.24221,2.6,-2.6
-0.991677,-0.128748,0.2,1.6,0.707107,24.000000000000004,-0.707107,-0.707107,0.382683,0.92388,7.000000000000001,74.0,73.0,1025.9,1021.4,7.0,4.91229,4.59145,3.1,-4.5
-0.989314,-0.145799,0.4,7.700000000000001,0.92388,24.000000000000004,-0.92388,-0.382683,0.707107,0.707107,7.000000000000001,92.0,72.0,1019.7,1013.9,6.0,5.21495,1.27722,6.5,-5.8
-0.986658,-0.162807,0.6,9.9,-1.83697e-16,54.0,-0.382683,-0.92388,-1.83697e-16,-1,19.0,50.0,28.0,1015.4,1011.3,0.0,18.757,10.1814,4.8,-4.1
-0.983709,-0.179767,0.2,9.7,0.382683,48.00000000000001,-1.83697e-16,-1,-1.83697e-16,-1,22.0,49.0,42.0,1015.9,1012.3,2.0,12.9889,10.4576,3.9,-3.6
-0.980469,-0.196673,0.0,10.0,-0.382683,41.0,-1.83697e-16,-1,-1.83697e-16,-1,19.0,49.0,37.0,1018.0,1014.2,1.0,14.9575,10.4903,5.1,-3.8
-0.976938,-0.213521,0.0,3.2,-0.707107,11.0,-0.707107,-0.707107,-0.707107,0.707107,4.0,66.0,45.0,1020.1999999999999,1016.8,6.0,11.9954,6.11174,5.6,-3.4
-0.973118,-0.230306,0.0,5.2,-1.83697e-16,19.0,-0.92388,-0.382683,0.382683,-0.92388,7.000000000000001,80.0,49.00000000000001,1019.5999999999999,1015.3,7.0,10.7206,3.30405,5.6,-4.3
-0.96901,-0.247022,0.0,9.7,-1.83697e-16,56.0,-1.83697e-16,-1,-1.83697e-16,-1,19.999999999999996,57.0,48.0,1018.2,1015.8,1.0,10.8647,8.13237,4.2,-2.4
-0.964614,-0.263665,0.0,10.0,-0.382683,22.0,-0.382683,-0.92388,0.707107,0.707107,2.0,52.0,37.0,1023.4,1022.1999999999999,1.0,15.0142,9.54472,7,-1.2
-0.959933,-0.280231,0.0,5.1,-0.382683,26.0,-0.707107,-0.707107,-0.92388,0.382683,7.000000000000001,63.0,60.00000000000001,1028.2,1025.4,6.0,7.90944,6.92863,4.5,-2.8
-0.954967,-0.296713,0.0,7.299999999999999,6.12323e-17,35.0,-0.382683,-0.92388,-0.382683,0.92388,13.0,74.0,53.0,1030.4,1027.8,1.0,9.85445,4.57704,5.3,-2.6
-0.949718,-0.313107,0.2,6.6,0.382683,31.0,-0.382683,-0.92388,6.12323e-17,1,14.999999999999998,77.0,58.0,1031.0,1028.5,7.0,8.50136,4.01076,4.4,-2.5
-0.944188,-0.329408,2.8,0.0,-0.382683,19.0,-0.707107,-0.707107,-0.382683,0.92388,4.0,85.99999999999999,92.00000000000001,1029.6,1025.4,8.0,1.31808,2.29354,4.4,-4.2
-0.938377,-0.345612,4.4,8.1,6.12323e-17,17.0,-1,1.22465e-16,6.12323e-17,1,7.000000000000001,85.99999999999999,70.0,1025.6,1022.0,2.0,5.70885,2.37243,3.9,-3.6
-0.932289,-0.361714,0.0,6.6,-1.83697e-16,24.000000000000004,-0.707107,-0.707107,0.707107,0.707107,9.0,97.0,65.0,1022.7,1017.7,5.0,6.97904,0.480435,6.7,-5
-0.925925,-0.377708,0.0,4.1,-1.83697e-16,22.0,-0.382683,-0.92388,-1.83697e-16,-1,6.0,76.0,52.0,1022.2,1018.8,1.0,10.481,4.28423,6.5,-3.4
-0.919286,-0.39359,0.2,6.0,-1.83697e-16,26.0,-0.382683,-0.92388,-0.382683,-0.92388,11.0,79.0,64.0,1021.6,1017.7,7.0,7.22873,3.67712,6.6,-3.9
-0.912375,-0.409356,0.0,9.2,-1.83697e-16,24.000000000000004,0.382683,-0.92388,-1.83697e-16,-1,11.0,53.00000000000001,35.0,1024.6,1021.6,5.0,16.1617,9.74211,3.7,-3
-0.905193,-0.425,0.0,9.1,-0.382683,22.0,-0.707107,-0.707107,-1,1.22465e-16,4.0,51.0,36.0,1030.2,1027.6,2.0,15.6838,10.0419,6.5,-2.6
-0.897743,-0.440519,0.0,10.0,-0.382683,19.0,-0.707107,-0.707107,-0.92388,0.382683,7.000000000000001,54.0,32.0,1032.4,1027.9,1.0,17.3059,9.16328,6.8,-4.5
-0.890028,-0.455907,0.0,10.1,-0.707107,19.0,-0.707107,-0.707107,0.382683,0.92388,6.0,60.0,48.0,1028.5,1024.0,1.0,11.5149,7.716,6.7,-4.5
-0.882048,-0.47116,0.0,10.2,-1.83697e-16,24.000000000000004,-0.92388,-0.382683,-1.83697e-16,-1,7.000000000000001,80.99999999999999,35.0,1024.5,1020.1,0.0,16.3553,3.2004,9.9,-4.4
-0.873807,-0.486273,0.0,10.0,0.382683,19.0,-0.382683,-0.92388,0.382683,0.92388,9.0,63.0,49.00000000000001,1024.4,1020.8,1.0,11.2308,6.96126,7.7,-3.6
-0.865307,-0.501242,0.0,10.1,1,22.0,-0.92388,-0.382683,0.707107,0.707107,9.0,68.0,56.0,1023.5,1018.8,1.0,9.30057,5.88766,8,-4.7
-0.856551,-0.516062,0.0,9.8,-0.382683,26.0,-0.382683,-0.92388,0.382683,0.92388,9.0,71.0,53.99999999999999,1019.5,1014.3,1.0,9.9733,5.36581,6.5,-5.2
-0.847541,-0.53073,0.0,6.8,-1.83697e-16,30.0,-0.707107,-0.707107,-1,1.22465e-16,6.0,47.0,52.0,1019.5999999999999,1016.7,5.0,10.1617,11.3889,3.1,-2.9
-0.83828,-0.54524,0.0,10.3,0.382683,33.0,-0.382683,-0.92388,-1.83697e-16,-1,14.999999999999998,44.0,29.0,1017.2,1013.1,0.0,18.3874,11.895,6.4,-4.1
-0.82877,-0.559589,0.0,10.2,-0.382683,26.0,-0.382683,-0.92388,-1.83697e-16,-1,6.0,46.0,26.999999999999996,1018.0,1014.8,1.0,19.6459,11.4571,6.3,-3.2
-0.819015,-0.573772,0.0,9.7,-0.707107,24.000000000000004,-0.382683,-0.92388,-0.92388,0.382683,2.0,47.0,32.0,1022.4,1019.5,3.0,17.2025,11.1625,5.7,-2.9
-0.809017,-0.587785,0.0,10.1,0.382683,19.0,-0.92388,-0.382683,0.382683,0.92388,7.000000000000001,56.0,33.0,1022.8,1018.9,2.0,16.8186,8.58712,7.2,-3.9
-0.798779,-0.601624,0.0,10.2,0.382683,20.0,-0.707107,-0.707107,0.382683,0.92388,9.0,63.0,48.0,1023.5,1019.2,1.0,11.4283,6.96126,6.4,-4.3
-0.788305,-0.615285,0.0,10.0,0.382683,19.0,-0.382683,-0.92388,0.707107,0.707107,9.0,72.0,55.0,1021.4,1016.2,1.0,9.43557,5.02453,6.2,-5.2
-0.777597,-0.628763,0.0,10.1,0.707107,20.0,-0.92388,-0.382683,0.92388,0.382683,7.000000000000001,62.0,52.0,1019.5,1015.0,1.0,10.4183,7.20108,8.7,-4.5
-0.766659,-0.642055,0.2,7.8,-1.83697e-16,46.0,-0.382683,0.92388,0.92388,-0.382683,7.000000000000001,69.0,47.0,1013.8,1007.3,3.0,12.0538,5.78991,6.1,-6.5
-0.755493,-0.655156,3.6000000000000005,10.5,-1.83697e-16,39.0,-0.382683,-0.92388,-0.382683,-0.92388,14.999999999999998,39.0,23.000000000000004,1018.0,1016.4,0.0,22.0593,13.8875,6.4,-1.6
-0.744104,-0.668064,0.0,10.2,-0.707107,17.0,-0.707107,-0.707107,-0.92388,0.382683,4.0,48.00000000000001,26.999999999999996,1025.2,1022.1,0.0,19.9249,10.9492,7.1,-3.1
-0.732494,-0.680773,0.0,9.1,0.382683,20.0,-0.707107,-0.707107,0.382683,0.92388,7.000000000000001,62.0,56.0,1028.1,1025.1,2.0,9.0436,7.13371,6.5,-3
-0.720667,-0.693281,0.0,4.3,-0.707107,22.0,-0.707107,-0.707107,-0.707107,0.707107,7.000000000000001,66.0,62.0,1026.2,1022.4000000000001,7.0,7.47936,6.37157,3.1,-3.8
-0.708627,-0.705584,0.0,10.3,0.707107,20.0,-0.382683,-0.92388,1,0,6.0,73.0,49.00000000000001,1020.6,1015.5,3.0,11.2054,4.87809,4.9,-5.1
-0.696376,-0.717677,0.0,10.5,6.12323e-17,19.0,-0.707107,-0.707107,0.382683,0.92388,9.0,53.00000000000001,37.0,1020.6,1017.5,1.0,15.3798,9.65268,5.1,-3.1
-0.683919,-0.729558,0.0,10.0,-0.92388,20.0,-0.707107,-0.707107,6.12323e-17,1,9.0,60.0,48.0,1024.9,1022.4000000000001,2.0,11.3938,7.74005,4.9,-2.5
-0.67126,-0.741222,0.0,6.3,6.12323e-17,28.0,-0.707107,-0.707107,6.12323e-17,1,11.0,65.0,53.0,1027.2,1024.4,6.0,9.92216,6.65611,3.1,-2.8
-0.658402,-0.752667,0.4,2.6,-0.707107,31.0,-1,1.22465e-16,0.382683,0.92388,13.0,76.0,77.0,1026.6,1024.1,8.0,4.11841,4.31423,0.2,-2.5
-0.645348,-0.763889,2.2,9.5,6.12323e-17,20.0,-0.92388,-0.382683,0.92388,0.382683,9.0,83.0,64.0,1025.8,1021.6,3.0,7.21238,2.97257,3.8,-4.2
-0.618671,-0.78565,0.0,8.2,0.707107,20.0,1,0,0.707107,0.707107,9.0,65.0,67.0,1021.6,1017.0,6.0,6.48555,6.9212,0.8,-4.6
-0.605056,-0.796183,2.2,9.9,-1.83697e-16,28.0,-1.83697e-16,-1,0.382683,0.92388,4.0,75.0,55.0,1019.2,1016.0,2.0,9.83979,4.63843,5.3,-3.2
-0.591261,-0.80648,0.0,10.2,-1.83697e-16,20.0,-0.382683,-0.92388,0.707107,-0.707107,9.0,44.0,36.0,1021.1,1017.1,2.0,16.492,12.7934,6.4,-4
-0.577292,-0.816538,0.0,0.3,-0.707107,30.0,-0.92388,-0.382683,-0.707107,-0.707107,7.000000000000001,52.0,74.0,1021.8,1019.9,8.0,4.66743,10.0768,-2,-1.9
-0.563151,-0.826354,5.0,6.1,-1.83697e-16,19.0,-0.382683,-0.92388,-0.707107,0.707107,4.0,84.0,44.0,1022.4,1018.5,1.0,13.0544,2.73645,6.9,-3.9
-0.548843,-0.835925,0.2,5.2,0.382683,19.0,-0.707107,-0.707107,0.382683,0.92388,7.000000000000001,58.00000000000001,53.99999999999999,1023.4,1018.5,7.0,9.67026,8.35258,3.6,-4.9
-0.534373,-0.845249,13.6,9.2,-1.83697e-16,33.0,-1.83697e-16,-1,-1.83697e-16,-1,14.999999999999998,59.0,29.0,1017.9,1013.6,1.0,18.9026,8.14258,4.2,-4.3
-0.519744,-0.854322,0.2,11.1,-1.83697e-16,26.0,-0.382683,-0.92388,-1.83697e-16,-1,11.0,44.0,25.0,1016.9,1013.0,1.0,21.0791,12.4208,5.1,-3.9
-0.474951,-0.880012,2.4,7.6,0.382683,48.00000000000001,1,0,-1.83697e-16,-1,19.0,85.0,21.0,1011.6,1008.6,1.0,23.906,2.59655,5.6,-3
-0.459733,-0.888057,0.2,9.8,-1.83697e-16,26.0,-0.382683,-0.92388,0.92388,0.382683,7.000000000000001,45.0,44.0,1018.4,1016.6,3.0,12.8898,12.171,4.1,-1.8
-0.444378,-0.895839,0.0,9.3,6.12323e-17,22.0,-0.92388,-0.382683,-0.382683,0.92388,11.0,61.0,53.0,1022.7,1018.8,3.0,9.97497,7.72021,1.9,-3.9
-0.428892,-0.903356,0.0,6.1,0.92388,19.0,-1.83697e-16,-1,0.707107,0.707107,7.000000000000001,69.0,53.0,1023.9,1019.5,6.0,10.119,5.83023,4,-4.4
-0.413279,-0.910605,0.0,8.6,0.707107,26.0,0.707107,0.707107,0.707107,0.707107,11.0,68.0,65.0,1023.1,1019.3,3.0,6.90547,6.13832,1.3,-3.8
-0.397543,-0.917584,0.0,9.5,-1.83697e-16,31.0,0.92388,-0.382683,0.707107,-0.707107,6.0,54.0,38.0,1020.3,1014.6,4.0,15.5792,9.73639,5.4,-5.7
-0.381689,-0.924291,0.0,10.8,0.382683,28.0,-0.382683,-0.92388,-1.83697e-16,-1,6.0,36.0,21.0,1022.6,1018.6,0.0,23.8887,15.4031,6.3,-4
-0.365723,-0.930724,0.0,10.8,6.12323e-17,37.0,-0.707107,-0.707107,6.12323e-17,1,13.0,54.0,47.0,1027.6,1025.1,2.0,11.848,9.53135,3,-2.5
-0.349647,-0.936881,0.0,1.9,-0.707107,35.0,-0.707107,-0.707107,-0.382683,0.92388,11.0,60.0,67.0,1030.2,1027.8,7.0,6.30042,7.95817,0.4,-2.4
-0.333469,-0.942761,0.0,7.1,-0.382683,31.0,-0.92388,-0.382683,-0.382683,0.92388,9.0,52.0,42.0,1029.3,1025.1,4.0,13.6838,10.2236,2.9,-4.2
-0.317191,-0.948362,0.0,9.4,6.12323e-17,28.0,-0.382683,-0.92388,-0.382683,0.92388,11.0,62.0,49.00000000000001,1028.1,1024.6,3.0,11.3494,7.50804,3.6,-3.5
-0.30082,-0.953681,0.0,8.3,0.707107,24.000000000000004,-0.92388,-0.382683,0.707107,0.707107,11.0,62.0,52.0,1026.9,1022.9999999999999,5.0,10.4575,7.47363,4.4,-3.9
-0.284359,-0.958718,0.0,10.8,0.707107,24.000000000000004,-0.382683,-0.92388,0.707107,0.707107,11.0,64.0,56.0,1023.2,1018.3,1.0,9.29358,7.08224,2.4,-4.9
-0.267814,-0.963471,0.0,10.4,-0.382683,26.0,0.707107,-0.707107,0.382683,0.92388,11.0,65.0,53.99999999999999,1019.7,1014.6,2.0,10.018,6.84271,4.6,-5.1
-0.234491,-0.972118,18.0,7.299999999999999,-0.92388,37.0,-1,1.22465e-16,-1,1.22465e-16,13.0,56.0,80.0,1018.3,1018.4,7.0,3.48902,8.91984,-0.7,0.1
-0.217723,-0.976011,0.6,9.0,-0.92388,33.0,-1,1.22465e-16,6.12323e-17,1,19.0,53.00000000000001,48.0,1021.7,1018.3,7.0,11.5583,9.91463,1.9,-3.4
-0.200891,-0.979614,0.0,9.0,-0.92388,31.0,-0.92388,-0.382683,-0.92388,0.382683,9.0,58.00000000000001,60.00000000000001,1020.7,1017.3,5.0,8.06833,8.54039,0.7,-3.4
-0.183998,-0.982927,1.6,10.8,6.12323e-17,24.000000000000004,-1,1.22465e-16,6.12323e-17,1,9.0,59.0,56.0,1021.0,1017.5,2.0,9.19597,8.31259,1.3,-3.5
-0.167052,-0.985948,0.0,10.3,0.382683,28.0,0.382683,-0.92388,-1.83697e-16,-1,7.000000000000001,60.0,26.999999999999996,1018.2,1012.9,5.0,20.7279,8.11137,6.1,-5.3
-0.150055,-0.988678,0.0,7.6,0.382683,28.0,-0.382683,-0.92388,-0.382683,0.92388,11.0,51.0,56.99999999999999,1019.0,1016.7,5.0,8.71008,10.3798,-0.2,-2.3
-0.133015,-0.991114,0.6,11.2,6.12323e-17,28.0,-0.92388,-0.382683,0.382683,0.92388,19.999999999999996,39.0,41.0,1022.0,1017.8,1.0,13.7212,14.1018,3.2,-4.2
-0.115935,-0.993257,0.2,6.9,-1,26.0,-0.382683,-0.92388,-1,1.22465e-16,6.0,51.0,39.0,1022.8,1019.3,4.0,14.666,10.3481,3.9,-3.5
-0.0988201,-0.995105,0.0,8.1,-0.382683,35.0,-1,1.22465e-16,-0.92388,0.382683,13.0,53.00000000000001,55.0,1022.9,1019.5,5.0,9.35002,9.92216,-0.2,-3.4
-0.0816764,-0.996659,0.4,8.4,6.12323e-17,24.000000000000004,-0.707107,-0.707107,0.382683,0.92388,7.000000000000001,57.0,90.0,1022.2,1018.8,5.0,1.63869,8.76355,-3.9,-3.4
-0.0645084,-0.997917,12.2,10.5,0.707107,22.0,-0.92388,-0.382683,0.707107,0.707107,7.000000000000001,68.0,51.0,1021.4,1016.7,1.0,10.7713,6.02164,5.5,-4.7
-0.0473214,-0.99888,0.0,8.2,0.382683,31.0,-1,1.22465e-16,0.707107,-0.707107,6.0,61.0,73.0,1021.8,1018.2,7.0,4.84778,7.88073,-5.9,-3.6
-0.0301203,-0.999546,7.8,10.8,0.707107,26.0,0.707107,0.707107,0.707107,0.707107,14.999999999999998,59.0,56.99999999999999,1023.0,1019.3,3.0,9.06725,8.36963,2.5,-3.7
-0.0129103,-0.999917,0.0,10.8,0.382683,22.0,0.707107,0.707107,0.382683,0.92388,11.0,53.00000000000001,46.00000000000001,1026.9,1024.0,2.0,12.5012,10.0734,3.1,-2.9
0.00430354,-0.999991,0.0,11.3,0.382683,26.0,-0.707107,-0.707107,0.382683,0.92388,9.0,64.0,21.0,1031.1,1028.3,1.0,24.4292,7.14717,6,-2.8
0.0215161,-0.999769,0.0,11.6,6.12323e-17,26.0,-0.92388,0.382683,6.12323e-17,1,13.0,55.0,41.0,1032.7,1028.2,1.0,14.285,9.579,2.4,-4.5
0.0387223,-0.99925,0.0,11.3,0.707107,17.0,-0.382683,-0.92388,0.707107,0.707107,7.000000000000001,64.0,40.0,1029.3,1024.9,0.0,14.8429,7.14717,5.4,-4.4
0.055917,-0.998435,0.0,11.4,0.382683,20.0,-0.707107,-0.707107,0.707107,0.707107,7.000000000000001,45.0,17.0,1026.7,1022.9,0.0,28.0049,12.7618,6.5,-3.8
0.0730951,-0.997325,0.0,10.0,0.382683,20.0,0.382683,-0.92388,0.707107,0.707107,9.0,51.0,21.0,1027.0,1023.3,0.0,24.6927,10.7633,5.9,-3.7
0.0902516,-0.995919,0.0,11.4,0.707107,20.0,0.92388,0.382683,0.382683,0.92388,7.000000000000001,58.00000000000001,48.0,1027.0,1024.2,0.0,11.9702,8.77633,3.2,-2.8
0.107381,-0.994218,0.0,5.8,-0.707107,39.0,-0.707107,0.707107,-0.707107,0.707107,13.0,59.0,61.0,1032.0,1029.2,7.0,7.9706,8.47152,0.3,-2.8
0.124479,-0.992222,5.799999999999999,2.6,-0.382683,33.0,-0.707107,0.707107,6.12323e-17,1,14.999999999999998,73.0,60.00000000000001,1032.1,1028.7,5.0,8.19159,5.02329,2.2,-3.4
0.14154,-0.989932,0.2,9.6,6.12323e-17,26.0,-0.382683,0.92388,0.382683,0.92388,9.0,52.0,48.0,1029.8,1026.3,3.0,11.6803,10.3636,1.2,-3.5
0.158559,-0.987349,0.0,11.3,0.382683,26.0,0.92388,0.382683,0.707107,0.707107,11.0,48.00000000000001,48.0,1026.5,1022.1,1.0,11.7503,11.6193,1.5,-4.4
0.175531,-0.984474,0.0,11.4,0.707107,31.0,0.92388,-0.382683,0.707107,0.707107,13.0,51.0,53.0,1023.5,1018.3,1.0,10.3023,10.7552,1.8,-5.2
0.192452,-0.981306,0.0,9.1,6.12323e-17,30.0,0.707107,0.707107,0.707107,0.707107,13.0,53.00000000000001,65.0,1020.8,1017.5,7.0,7.02653,10.2793,-0.7,-3.3
0.226116,-0.9741,4.4,10.2,6.12323e-17,28.0,-0.382683,0.92388,0.382683,0.92388,11.0,60.0,51.0,1025.4,1021.8,2.0,10.9088,8.28462,1.2,-3.6
0.24285,-0.970064,0.0,11.8,0.382683,26.0,-0.707107,0.707107,0.382683,0.92388,13.0,58.00000000000001,53.99999999999999,1025.0,1022.0,4.0,10.0031,8.78953,1.4,-3
0.259512,-0.96574,0.0,10.8,0.382683,24.000000000000004,-1.83697e-16,-1,0.382683,0.92388,13.0,59.0,49.00000000000001,1024.7,1021.4,1.0,11.58,8.47152,3,-3.3
0.276097,-0.96113,0.0,11.2,6.12323e-17,35.0,6.12323e-17,1,6.12323e-17,1,14.999999999999998,55.0,51.0,1025.7,1023.5000000000001,2.0,10.9169,9.62223,1.6,-2.2
0.2926,-0.956235,0.0,11.2,0.382683,30.0,6.12323e-17,1,-0.382683,0.92388,14.999999999999998,61.0,50.0,1026.0,1022.8000000000001,3.0,11.1577,7.98863,1.1,-3.2
0.309017,-0.951057,0.0,12.0,0.382683,24.000000000000004,-1.83697e-16,-1,0.382683,0.92388,13.0,58.00000000000001,52.0,1024.4,1020.9,2.0,10.5596,8.76973,1.3,-3.5
0.325342,-0.945596,0.0,12.1,0.382683,31.0,0.382683,0.92388,0.707107,0.707107,13.0,55.0,46.00000000000001,1020.5000000000001,1015.9,1.0,12.5012,9.61502,1.6,-4.6
0.341571,-0.939856,0.0,6.9,-1.83697e-16,65.0,0.707107,0.707107,0.707107,0.707107,13.0,52.0,63.00000000000001,1014.8,1008.5,4.0,7.58966,10.599,0.2,-6.3
0.357698,-0.933837,20.8,10.7,-0.382683,33.0,-1,1.22465e-16,-0.382683,0.92388,16.999999999999996,69.0,50.0,1017.3,1015.2,1.0,11.2493,6.02931,2.5,-2.1
0.37372,-0.927542,0.0,2.8,-0.382683,22.0,-0.382683,0.92388,-0.382683,0.92388,9.0,61.0,67.0,1023.2,1020.4,7.0,6.41704,7.91662,-0.7,-2.8
0.38963,-0.920971,1.2,6.5,0.382683,24.000000000000004,0.92388,0.382683,0.707107,0.707107,9.0,62.0,59.0,1024.2,1020.9,6.0,8.52268,7.68707,1,-3.3
0.405426,-0.914128,0.0,10.2,0.707107,33.0,0.382683,-0.92388,0.707107,0.707107,14.999999999999998,62.0,68.0,1021.5,1017.0,4.0,6.31302,7.75109,0.5,-4.5
0.421101,-0.907014,4.8,10.5,-0.382683,37.0,0.707107,-0.707107,-0.707107,0.707107,16.999999999999996,53.00000000000001,62.0,1018.5,1016.7,4.0,7.86814,10.3254,0.3,-1.8
0.436651,-0.899631,13.2,1.3,-0.707107,22.0,-0.92388,0.382683,-0.382683,0.92388,7.000000000000001,74.0,82.0,1022.4,1019.9,8.0,3.1758,4.81754,-0.8,-2.5
0.452072,-0.891981,5.0,0.4,6.12323e-17,22.0,-0.707107,0.707107,-0.382683,0.92388,9.0,80.0,64.0,1022.3,1019.9,7.0,7.10926,3.55726,1.7,-2.4
0.467359,-0.884068,0.2,5.5,6.12323e-17,24.000000000000004,-0.382683,0.92388,0.382683,0.92388,9.0,56.0,56.99999999999999,1023.1,1020.8,7.0,8.96546,9.23774,0,-2.3
0.482508,-0.875892,0.0,11.6,0.382683,26.0,0.92388,0.382683,0.382683,0.92388,13.0,54.0,50.0,1022.7,1019.7,2.0,11.0582,9.81013,0.9,-3
0.497513,-0.867456,0.0,8.5,0.707107,26.0,0.707107,-0.707107,0.707107,0.707107,9.0,56.0,48.0,1020.6,1016.4,7.0,11.7766,9.30057,1.3,-4.2
0.512371,-0.858764,0.0,12.0,0.382683,33.0,0.382683,-0.92388,0.707107,0.707107,14.999999999999998,51.0,61.0,1018.4,1014.0,2.0,8.15789,10.9169,0.9,-4.4
0.527078,-0.849817,0.0,11.5,0.707107,28.0,0.707107,0.707107,0.707107,0.707107,13.0,51.0,56.99999999999999,1015.4,1012.8,3.0,9.32069,11.1043,-0.2,-2.6
0.541628,-0.840618,11.599999999999998,9.4,0.92388,24.000000000000004,0.382683,0.92388,0.92388,0.382683,7.000000000000001,72.0,63.00000000000001,1015.9,1011.8,3.0,7.69791,5.43332,2.1,-4.1
0.556017,-0.831171,0.0,8.8,0.707107,22.0,0.382683,-0.92388,0.382683,0.92388,11.0,63.0,64.0,1014.5,1010.9,7.0,7.43735,7.6067,1.5,-3.6
0.570242,-0.821477,19.0,5.5,0.92388,26.0,0.707107,0.707107,0.382683,0.92388,13.0,67.0,69.0,1013.3,1008.7,3.0,6.17153,6.56428,1.7,-4.6
0.584298,-0.811539,0.0,9.2,-0.92388,37.0,0.707107,-0.707107,0.382683,0.92388,13.0,48.00000000000001,52.0,1011.3,1007.6,5.0,10.9488,12.1565,0.8,-3.7
0.598181,-0.801361,0.4,0.7,-0.707107,28.0,6.12323e-17,1,0.707107,0.707107,6.0,75.0,71.0,1014.5,1012.4,8.0,5.60029,4.69883,0.6,-2.1
0.611886,-0.790946,13.999999999999998,0.4,-0.382683,39.0,-1,1.22465e-16,-0.382683,0.92388,16.999999999999996,78.0,55.0,1017.1,1014.4,7.0,9.64388,4.0097,2.8,-2.7
0.625411,-0.780296,0.0,11.9,0.382683,24.000000000000004,6.12323e-17,1,0.382683,0.92388,11.0,59.0,53.0,1016.2,1013.0,2.0,10.2411,8.47152,1.5,-3.2
0.638749,-0.769415,0.0,8.9,0.382683,28.0,-0.707107,0.707107,6.12323e-17,1,14.999999999999998,70.0,46.00000000000001,1019.1,1017.3,3.0,12.529,5.73502,3.9,-1.8
0.651899,-0.758306,0.0,7.8,6.12323e-17,26.0,-0.382683,0.92388,0.382683,0.92388,9.0,60.0,60.00000000000001,1021.2,1018.1,7.0,8.29085,8.26598,0.4,-3.1
0.664855,-0.746972,0.0,12.3,0.707107,28.0,0.707107,0.707107,0.707107,0.707107,11.0,65.0,56.0,1016.6,1012.1,1.0,9.53976,7.02125,2.5,-4.5
0.677615,-0.735417,1.0,3.2,1,24.000000000000004,-1,1.22465e-16,0.92388,0.382683,4.0,80.99999999999999,80.0,1012.9,1006.8,7.0,3.66502,3.4348,1.1,-6.1
0.690173,-0.723644,10.6,8.8,-0.707107,41.0,-0.92388,-0.382683,-0.707107,0.707107,19.0,65.0,53.99999999999999,1010.9,1009.5,5.0,10.0329,7.02125,1.4,-1.4
0.702527,-0.711657,0.2,9.8,-0.382683,35.0,-0.92388,0.382683,6.12323e-17,1,13.0,47.0,53.99999999999999,1016.0,1013.7,7.0,9.94353,12.0718,0.1,-2.3
0.714673,-0.699458,0.6,12.6,6.12323e-17,28.0,-0.707107,0.707107,0.707107,0.707107,11.0,55.0,51.0,1019.5,1017.6,2.0,10.7633,9.5934,0.1,-1.9
0.726608,-0.687053,0.0,13.0,1,22.0,0.707107,0.707107,0.92388,0.382683,7.000000000000001,53.00000000000001,48.0,1020.1,1016.5,1.0,11.9968,10.1876,3.3,-3.6
0.738326,-0.674444,0.0,11.9,0.382683,22.0,1,0,0.382683,0.92388,11.0,54.0,53.0,1018.0,1014.1,1.0,10.6582,10.1003,3.4,-3.9
0.749826,-0.661635,0.0,12.7,0.707107,26.0,0.382683,0.92388,0.92388,0.382683,11.0,48.00000000000001,46.00000000000001,1017.5,1014.0,1.0,12.8933,12.2367,-0.2,-3.5
0.761104,-0.64863,0.0,12.2,-0.382683,41.0,0.382683,0.92388,0.382683,0.92388,13.0,39.0,53.99999999999999,1015.5,1011.2,0.0,10.3641,15.442,0.7,-4.3
0.772157,-0.635432,0.0,1.8,-0.707107,31.0,6.12323e-17,1,-0.382683,0.92388,9.0,71.0,73.0,1017.9,1015.1,8.0,5.16669,5.61722,-0.1,-2.8
0.78298,-0.622047,0.0,11.6,0.707107,31.0,0.382683,0.92388,0.707107,0.707107,13.0,59.0,59.0,1014.6,1010.7,1.0,8.80024,8.74179,0.9,-3.9
0.793572,-0.608477,0.0,11.1,6.12323e-17,24.000000000000004,6.12323e-17,1,6.12323e-17,1,13.0,59.0,62.0,1014.7,1012.4,5.0,7.98605,8.78074,0.1,-2.3
0.803928,-0.594727,0.0,12.4,0.707107,24.000000000000004,1,0,0.707107,0.707107,9.0,60.0,53.99999999999999,1016.1,1012.2,1.0,10.3186,8.4848,2,-3.9
0.814046,-0.5808,0.0,12.1,0.707107,31.0,1,0,0.92388,0.382683,13.0,56.0,62.0,1013.4,1008.3,2.0,8.07504,9.62488,1.5,-5.1
0.823923,-0.566702,0.0,10.1,6.12323e-17,35.0,6.12323e-17,1,0.382683,0.92388,11.0,59.0,56.99999999999999,1012.1,1010.1,3.0,9.45215,8.78074,1.7,-2
0.833556,-0.552435,0.0,7.299999999999999,6.12323e-17,24.000000000000004,0.92388,-0.382683,0.707107,0.707107,11.0,62.0,65.0,1014.5,1012.4,5.0,7.28248,7.93879,2,-2.1
0.842942,-0.538005,0.2,8.7,0.382683,57.0,0.92388,0.382683,0.707107,0.707107,14.999999999999998,58.00000000000001,64.0,1013.6,1009.1,6.0,7.51494,9.16299,-0.7,-4.5
0.852078,-0.523416,16.6,10.3,0.707107,28.0,0.92388,0.382683,0.707107,0.707107,11.0,63.0,65.0,1012.7,1009.8,6.0,7.3094,7.7724,0.9,-2.9
0.860961,-0.508671,0.0,8.2,0.707107,30.0,0.92388,0.382683,0.707107,0.707107,11.0,58.00000000000001,64.0,1015.6,1013.2,8.0,7.48719,9.12934,-0.7,-2.4
0.869589,-0.493776,0.4,0.2,0.382683,22.0,0.92388,-0.382683,0.382683,-0.92388,6.0,69.0,75.0,1016.2,1015.1,7.0,4.75244,6.16691,-1.5,-1.1
0.87796,-0.478734,2.0,6.9,-0.707107,35.0,-0.92388,-0.382683,-0.92388,0.382683,13.0,78.0,42.0,1020.5000000000001,1019.9,7.0,13.9707,4.08365,2.4,-0.6
0.886071,-0.46355,0.2,4.2,-0.92388,33.0,-1,1.22465e-16,-0.92388,0.382683,11.0,52.0,56.0,1022.0,1019.8,7.0,9.32856,10.4575,0.2,-2.2
0.893919,-0.448229,0.0,12.7,-0.382683,33.0,-1,1.22465e-16,-0.382683,0.92388,16.999999999999996,51.0,48.0,1020.1999999999999,1016.9,2.0,11.8556,10.8845,0.4,-3.3
0.901502,-0.432776,0.0,13.1,6.12323e-17,35.0,-0.382683,0.92388,6.12323e-17,1,14.999999999999998,50.0,42.0,1018.9,1016.1,1.0,14.0326,11.2327,1.2,-2.8
0.908818,-0.417194,0.0,13.1,0.382683,28.0,-0.382683,0.92388,0.382683,0.92388,11.0,55.0,53.99999999999999,1019.9000000000001,1017.6,5.0,10.2205,9.86168,0.9,-2.3
0.915864,-0.401488,0.0,12.8,0.382683,26.0,0.707107,0.707107,0.707107,0.707107,11.0,51.0,51.0,1021.6,1018.5,2.0,11.1617,11.1371,0.3,-3.1
0.92264,-0.385663,0.0,8.7,0.707107,26.0,0.707107,-0.707107,0.707107,0.707107,11.0,58.00000000000001,59.0,1020.0,1016.3,7.0,8.75476,9.01538,0.2,-3.7
0.929141,-0.369725,0.0,8.7,-0.707107,41.0,-0.382683,-0.92388,0.92388,0.382683,7.000000000000001,56.0,60.00000000000001,1016.4,1012.5,6.0,8.5289,9.62488,0.2,-3.9
0.935368,-0.353676,0.6,9.4,0.92388,33.0,0.92388,0.382683,0.707107,0.707107,11.0,60.0,67.0,1012.4,1007.0,5.0,6.72812,8.56047,-0.6,-5.4
0.946988,-0.32127,9.8,4.5,6.12323e-17,28.0,-0.92388,-0.382683,-0.707107,0.707107,11.0,90.99999999999999,41.0,1018.7,1016.6,4.0,14.3589,1.52494,6,-2.1
0.952378,-0.304921,0.8,12.8,0.382683,24.000000000000004,0.707107,0.707107,0.382683,0.92388,11.0,55.0,52.0,1017.9,1014.8,1.0,10.7573,9.78155,1.2,-3.1
0.957485,-0.288482,0.0,8.5,6.12323e-17,31.0,0.92388,0.382683,0.382683,0.92388,13.0,59.0,56.0,1016.1,1012.8,7.0,9.58227,8.65124,1.5,-3.3
0.962309,-0.271958,0.0,1.3,6.12323e-17,20.0,6.12323e-17,1,-0.382683,0.92388,6.0,58.00000000000001,51.0,1015.7,1013.3,7.0,10.9738,8.90875,0.6,-2.4
0.966848,-0.255353,3.7999999999999994,10.1,6.12323e-17,33.0,-0.382683,0.92388,-0.382683,0.92388,14.999999999999998,52.0,42.0,1015.1,1013.5,4.0,14.1463,10.6306,2.2,-1.6
0.9711,-0.238673,3.2,10.9,0.707107,28.0,-0.382683,0.92388,0.382683,0.92388,11.0,59.0,49.00000000000001,1017.1,1014.8,2.0,11.6574,8.61901,1.6,-2.3
0.975065,-0.221922,0.0,13.2,0.382683,30.0,0.707107,-0.707107,0.382683,0.92388,14.999999999999998,58.00000000000001,52.0,1017.3,1015.3,1.0,10.7256,8.85567,2.1,-2
0.97874,-0.205104,0.0,12.1,0.707107,28.0,0.92388,0.382683,0.382683,0.92388,13.0,42.99999999999999,59.0,1019.1,1016.2,3.0,8.75476,13.7623,-0.3,-2.9
0.982126,-0.188227,0.0,11.5,0.707107,26.0,0.707107,0.707107,0.92388,0.382683,11.0,45.0,39.0,1019.0,1015.9,1.0,15.442,13.0766,1.4,-3.1
0.98522,-0.171293,0.0,9.6,0.707107,24.000000000000004,0.382683,0.92388,0.707107,0.707107,11.0,53.00000000000001,55.0,1018.2,1014.9,7.0,9.86168,10.4177,0.4,-3.3
0.988023,-0.154309,0.0,12.0,6.12323e-17,28.0,0.382683,0.92388,0.382683,0.92388,13.0,49.0,45.0,1014.7,1011.0,2.0,13.1823,11.7436,1.1,-3.7
0.990532,-0.137279,3.2,1.3,-0.92388,28.0,-0.92388,-0.382683,0.382683,0.92388,7.000000000000001,63.0,59.0,1014.2,1011.9,7.0,8.70293,7.60102,0.9,-2.3
0.992749,-0.120208,9.2,10.3,-0.707107,26.0,-0.707107,-0.707107,-0.707107,0.707107,13.0,64.0,53.99999999999999,1014.1,1011.4,6.0,10.1228,7.28335,2.3,-2.7
0.994671,-0.103102,0.4,12.9,1,24.000000000000004,-0.382683,0.92388,0.707107,0.707107,9.0,57.0,52.0,1012.6000000000001,1008.8,2.0,10.9809,9.19698,4.3,-3.8
0.996298,-0.0859648,0.8,0.8,-0.707107,26.0,0.92388,0.382683,0.382683,0.92388,4.0,65.0,76.0,1012.7,1010.5,8.0,4.62339,7.21272,-0.5,-2.2
0.99763,-0.0688024,0.8,5.1,-0.92388,35.0,-0.707107,0.707107,-0.707107,0.707107,11.0,51.0,56.0,1017.1,1014.8,7.0,9.46205,10.9007,0.3,-2.3
0.998667,-0.0516197,0.0,8.2,-0.92388,33.0,-1,1.22465e-16,-0.707107,0.707107,11.0,51.0,51.0,1016.9,1014.8,6.0,10.8683,10.723,1.8,-2.1
0.999407,-0.0344216,0.0,11.6,-0.92388,33.0,-1,1.22465e-16,-0.382683,0.92388,13.0,47.0,48.0,1015.9,1013.5,3.0,11.9702,12.2161,0.9,-2.4
0.999852,-0.0172134,0.0,11.4,6.12323e-17,35.0,-0.92388,0.382683,-0.707107,0.707107,16.999999999999996,44.0,43.0,1015.0,1012.5,1.0,13.7825,13.2103,2.2,-2.5
-0.548843,-0.835925,5.049923055481907,9.379850603673553,-0.707107,34.26917158113993,6.12323e-17,1,0.382683,0.92388,13.634585790569963,70.63458579056996,72.26917158113993,1009.0340584107176,1007.0167655154327,7.0,5.48067,5.89432,-0.826917,-2.01729
-0.490029,0.871706,4.135637774827587,7.027901211316615,-0.707107,37.24032929561128,-0.382683,0.92388,0.382683,0.92388,14.519341408777432,82.67818887413794,67.40329295611284,1014.3604939434169,1011.2287244503449,4.240329295611284,6.54792,3.14618,2.17942,-3.13177
-0.459733,0.888057,0.41025560005968187,10.997436099985078,0.382683,29.025639000149205,0.92388,0.382683,6.12323e-17,1,14.316240666567195,57.76067633388042,62.58120333283598,1008.2564058003283,1006.7093983335819,2.6581203332835983,7.84221,9.02643,1.64701,-1.54701
0.975065,-0.221922,0.0,1.3681752356485537,-0.707107,34.17380840767902,-0.382683,-0.92388,-0.707107,0.707107,11.0,66.28518692138819,70.08200934186559,1012.8107686963426,1011.5088107515531,6.8164018683731165,5.75924,6.79913,-3.17479,-1.30196
-0.809017,-0.587785,1.1201337601131045,2.0071453741908325,0.382683,17.470784941342803,0.382683,-0.92388,-0.707107,0.707107,6.28247096480568,86.56494192961135,93.26944734021174,1027.9775959152507,1026.098697637541,7.0,1.10445,2.26548,0.614291,-1.8789
0.107381,0.994218,10.3647789922784,3.0930451801042826,-0.382683,30.06576007182612,-0.92388,-0.382683,-0.382683,0.92388,7.557066546956471,78.19728021547833,84.96901402765248,1011.7996211872869,1009.2439145325912,7.688586690608706,2.69842,4.07797,-0.811792,-2.55571
0.584298,0.811539,5.677859991238267,0.13113261682234534,6.12323e-17,36.81559475759357,-0.707107,0.707107,0.382683,0.92388,11.12293682827095,88.7336368720796,90.4672737441592,1020.332384744451,1016.0528742158295,7.979510528621509,1.65328,1.96518,0.332783,-4.27951
-0.82877,-0.559589,0.2701321079557354,9.079207352265588,-0.382683,33.35066053977867,-0.707107,0.707107,6.12323e-17,1,15.350660539778676,64.52599080966802,60.42202757099595,1016.1546237784509,1014.284491670495,7.0,8.2934,7.18546,1.03507,-1.87013
0.9711,-0.238673,0.0,11.187987228717775,0.382683,49.77690567618724,1,0,0.92388,0.382683,14.965677796336498,46.18877212014926,53.051483305495246,1007.4613143572184,1002.8510176961195,1.0343222036635005,10.7048,12.7994,1.4103,-4.6103
0.982126,0.188227,0.7633644230039109,1.1450466345058663,-0.382683,33.923737499050844,-0.707107,0.707107,-0.382683,0.92388,13.923737499050842,79.7633644230039,66.4960759629257,1012.7763364423004,1010.4473271153993,8.0,6.76632,3.72003,2.56643,-2.32901
0.452072,-0.891981,0.038617404589844105,10.461382595410157,0.382683,35.262216793457014,1,0,0.707107,0.707107,13.0,59.12395725244143,58.510131298339864,1016.9896305344239,1012.484743817041,3.772348091796882,8.75735,8.49282,1.5559,-4.50489
-0.577292,0.816538,1.4381304936033181,6.52295654312848,-0.92388,29.268478394552996,-0.382683,-0.92388,-0.707107,0.707107,11.0,80.3073913578212,76.03500061494378,1017.6552606182404,1014.7474780255867,5.6536956789106,4.4038,3.49609,1.51596,-2.90778
0.901502,-0.432776,2.5434781007033784,4.051630014346368,-0.382683,25.717390503516892,-0.382683,-0.92388,-0.382683,0.92388,9.929347625879222,85.85869525175845,63.817935683543496,1024.317390503517,1021.5103252661049,6.464673812939611,7.16203,2.39833,4.14348,-2.80707
0.497513,-0.867456,44.48596832385133,7.255294212564408,6.12323e-17,30.350226317357237,-0.382683,0.92388,0.382683,0.92388,14.299547365285525,74.94479470078356,63.14751050907039,1016.1138457814781,1013.4889589401567,5.700452634714473,7.61263,4.7563,1.98986,-2.62489
-0.998186,-0.0602133,0.009611784839406745,8.879852689507416,-0.92388,30.8558232274089,-0.92388,-0.382683,-0.707107,0.707107,8.855823227408898,58.91311955974365,61.29759095331992,1021.0652478238975,1017.7277244253535,5.0961178483940675,7.73568,8.29819,0.7,-3.33752
0.625411,0.780296,13.010733424233237,2.8626934752967417,0.382683,29.49145731591386,-1,1.22465e-16,-1,1.22465e-16,4.0,75.71195975772059,83.20341707363445,1019.1847035358666,1015.5609849384796,7.050854268408614,3.03638,4.5824,-0.438975,-3.62372
-0.919286,-0.39359,10.717294915565468,0.14731549651253817,-0.707107,23.773360774596096,-0.707107,0.707107,-0.382683,0.92388,8.773360774596094,89.96024697136485,92.64016464757655,1020.3606351092145,1018.7473154965126,8.0,1.25054,1.71817,0.707357,-1.61332
0.999407,-0.0344216,0.6261446960201135,9.034638259949716,0.707107,22.0,-0.707107,-0.707107,6.12323e-17,1,8.478212753316571,77.60893623341713,62.13072348010057,1017.2004426694874,1013.8308894811584,3.7826808700251418,7.88927,4.12865,4.18693,-3.36955
-0.82877,0.559589,5.624487264464615,0.09846954597096153,-0.92388,17.198959023775004,-0.707107,-0.707107,-0.707107,-0.707107,4.03060908058077,89.98469545970961,84.09182724174231,1013.4168349943194,1009.7642790692196,7.015304540290384,2.702,1.65526,-0.204591,-3.65256
-0.755493,-0.655156,0.3061929828343781,7.086841723735121,-0.707107,34.53405415655638,-0.92388,-0.382683,-0.707107,0.707107,10.866872616158966,84.33436308079483,56.86532799496672,1029.5732200611126,1026.713312738384,4.199691075761551,8.92822,2.65796,4.92028,-2.85991
0.482508,-0.875892,17.16464394688119,3.908111094539022,-0.92388,36.020797678305186,0.382683,0.92388,0.707107,-0.707107,6.501039883915259,82.471923134288,69.95216533989807,1014.8977122553864,1010.4434487313339,4.995840464338963,5.80945,3.08616,3.30582,-4.45426
-0.0816764,-0.996659,0.0,4.0630039174401,-0.707107,38.6849804127995,-1,1.22465e-16,-0.707107,0.707107,13.0,62.6849804127995,70.84249020639975,1022.0011906829201,1020.69212451032,6.460622551599937,5.63056,7.63824,-1.17637,-1.30907
-0.563151,0.826354,11.14241881160201,4.33019710862959,0.707107,30.68396376939814,1,0,0.92388,0.382683,13.0,62.797123148657626,63.320724612037175,1013.836323915736,1010.7311347849167,7.0,7.59166,7.67906,0.810847,-3.10519
-0.999074,-0.0430222,44.25248741083567,0.06158511643899139,-1,34.231702328779825,-0.707107,0.707107,-0.92388,-0.382683,8.689041849270604,92.53659534244034,81.4512743834219,1013.6896483629774,1008.2067125547812,8.0,3.33372,1.24986,2.12499,-5.48294
0.259512,0.96574,11.996019552837451,4.98217236957759,-0.92388,19.83167481368227,-0.92388,-0.382683,-0.707107,0.707107,6.056108395439242,88.99004888209363,92.43891604560757,1023.2333052060636,1020.0230786387665,7.056108395439243,1.28292,1.89253,0.431675,-3.21023
0.915864,-0.401488,35.675965012976576,0.1888503194250335,-0.92388,15.89197444599732,-1,1.22465e-16,-0.707107,0.707107,6.2787420143741635,90.11149680574965,84.8327547913755,1014.7331019165501,1011.8108025554002,8.0,2.7331,1.73532,0.105575,-2.9223
0.793572,-0.608477,0.0,9.961756480731513,0.707107,28.0,1,0,0.707107,0.707107,9.531204265779984,54.66400533222498,56.85921493022995,1014.3601596800665,1008.9116833059795,1.6640053322249813,9.517,9.92111,3.1688,-5.44848
0.512371,0.858764,0.0,8.490877122043191,0.707107,39.364035974460116,0.92388,-0.382683,0.707107,0.707107,16.27280719489202,58.54605396169017,56.182017987230054,1015.0090349635756,1010.963596402554,4.909210792338033,9.63477,8.83861,1.98184,-4.04544
-0.30082,-0.953681,11.693859702363037,2.883417460856639,-0.382683,37.824681661742396,-0.382683,-0.92388,0.382683,-0.92388,8.004746473411998,88.02373236706,49.7819634010344,1013.3914563478585,1008.2687033932795,7.1990507053176005,10.9712,1.96738,7.04456,-5.12275
-0.563151,-0.826354,0.8126020108595781,6.535433668476596,-1.83697e-16,52.77168342382983,0.707107,0.707107,1,0,9.645663315234037,67.32283165761702,68.03150502714895,1009.6606376901958,1005.4417346739064,6.6771683423829815,6.5677,6.69038,1.03543,-4.2189
-0.954967,-0.296713,3.4641213500189596,5.2600505625078995,-0.707107,32.89397379176673,-0.92388,0.382683,-0.382683,0.92388,10.4402022500316,70.7201011250158,61.279898874984205,1020.9891445666372,1018.0345217208107,7.0,7.92921,5.59808,1.43995,-2.95462
-0.777597,0.628763,0.0,7.734100918408167,0.382683,28.971997174128717,-0.92388,-0.382683,0.707107,0.707107,4.64250176616955,74.10049752736262,65.32949540795917,1017.2028002825872,1013.0385501059701,5.357498233830449,6.90426,4.75769,3.84695,-4.16425
0.405426,-0.914128,26.29378004833281,0.20767540559039668,-0.92388,34.168062651040046,-0.382683,-0.92388,-0.92388,0.382683,4.3775916465279945,94.79047100451206,95.54565429756806,1023.0483454780897,1020.044816706944,8.0,0.712526,0.827894,1.26577,-3.00353
-0.986658,-0.162807,23.348895266041538,0.6565115805951643,6.12323e-17,40.05406846636702,6.12323e-17,1,-0.382683,0.92388,14.28255790297582,86.51104733958462,78.69040786384066,1011.7614244718305,1009.5717442097024,5.538081572768133,4.00083,2.38449,2.68747,-2.18968
0.055917,0.998435,12.61202777730013,1.9458654515530796,6.12323e-17,44.129698350507866,6.12323e-17,1,-0.382683,0.92388,18.129698350507862,74.6109049484764,67.10714626807011,1011.9558283422788,1010.7313921443397,7.0,6.55548,4.83597,0.262594,-1.22444
0.467359,0.884068,19.101463600272233,0.0,-0.92388,29.767683187882824,-0.707107,-0.707107,-0.92388,0.382683,14.306402656569018,96.92256106262761,89.35914631245747,1018.2003353092921,1013.4953962529953,7.179573156228732,1.78041,0.48436,3.31549,-4.70494
0.124479,-0.992222,6.242776646449658,5.802969543715576,-0.92388,39.69703045628442,0.382683,0.92388,6.12323e-17,1,13.091091368853274,73.34851522814222,82.90890863114673,1017.2439606596995,1014.7166332490436,6.348515228142212,3.09333,5.11889,-1.10911,-2.52733
0.14154,0.989932,4.125241328640924,9.668689667839768,-0.382683,37.34652512098604,-0.707107,0.707107,6.12323e-17,1,13.413368719753489,73.79946920369764,81.97273176419066,1020.0039575362958,1018.71125725253,6.1732625604930185,3.24938,4.98336,-1.31794,-1.2927
0.452072,-0.891981,25.78796929179389,0.0,6.12323e-17,29.013572400532468,-0.382683,0.92388,-0.707107,0.707107,9.547922254642268,84.91772789124794,94.80831098143092,1012.1148458700301,1010.3518264336906,8.0,0.867095,2.68528,-2.18634,-1.76302
-0.997001,0.0773865,0.0,11.263951968320788,0.707107,28.0,1,0,0.707107,0.707107,12.141643521166502,51.64376735912513,56.57082176058324,1015.1854108802916,1011.8772667852539,2.570821760583252,9.48056,10.8835,0.636898,-3.30814
0.893919,0.448229,0.5018072665823807,4.199473141108272,-0.382683,29.245481833544048,-0.92388,-0.382683,-0.382683,0.92388,9.754518166455952,68.88629541613987,70.60466825094822,1025.2788396599033,1022.0674692015172,7.0,5.58817,5.8889,1.89044,-3.21137
-0.999963,0.008607,0.19220737353795325,7.78831106030693,-1.83697e-16,45.298663618415794,-0.382683,0.92388,0.92388,0.382683,7.000000000000001,68.25970048610556,47.2337787938614,1013.8974078307756,1007.4636451557029,3.1168893969307008,11.9821,5.96201,5.97532,-6.43376
0.99763,0.0688024,1.7344445619269502,4.509126942168946,0.382683,27.709523306027357,-0.707107,0.707107,0.707107,0.707107,11.0,84.14523834698632,65.58095338794529,1019.3530948101233,1015.7767455869908,4.0,7.02283,2.82194,4.48008,-3.57635
-0.284359,0.958718,8.467638512663255,2.024959041289311,-0.382683,13.0,-0.707107,-0.707107,-0.707107,-0.707107,5.990337355333821,93.67310842977746,70.01932528933236,1018.7143301321565,1014.3855060330008,5.673108429777453,5.77646,1.03662,5.16538,-4.32882
-0.0816764,0.996659,38.425346433311496,3.7017794909590975,0.707107,27.311445270761485,0.92388,0.382683,0.382683,0.92388,13.688554729238513,74.01595642604153,67.52439425994966,1015.0097577039799,1011.963792772579,5.278613176903711,6.4875,4.94706,1.40657,-3.04596
-0.989314,0.145799,13.000000000000002,4.461267899172868,0.382683,28.697776346758957,-0.707107,-0.707107,6.12323e-17,1,13.239362830621216,83.59429123392975,72.75048109682643,1017.9042548677514,1014.5979687854895,5.843810137103305,5.17419,2.88028,2.67505,-3.30629
-0.534373,-0.845249,0.06367726620544206,10.23183863310272,6.12323e-17,35.497750358700685,0.92388,0.382683,0.707107,0.707107,15.726454675891157,65.95515899308162,64.22870431719048,1014.3829634537525,1012.714802086855,7.0,7.46932,6.97841,1.06323,-1.66816
-0.986658,0.162807,16.495006199714943,0.0,-0.92388,29.253129735893364,-0.707107,-0.707107,-0.92388,0.382683,13.593754305357596,98.0,85.93437887482185,1018.7262484500712,1013.7965607348033,7.0,2.38424,0.311866,3.40656,-4.92969
-0.973118,0.230306,2.972722792004141,4.509763377760991,-0.707107,30.692501508246252,-1,1.22465e-16,-0.707107,0.707107,9.60694528235903,77.17111245177445,76.43180698001036,1015.237292546477,1012.9761954331836,7.260694528235903,4.41785,4.25672,0.169653,-2.2611
-0.964614,0.263665,40.24661419114397,1.8889048720215371,0.707107,27.007925091413192,0.92388,0.382683,0.382683,0.92388,13.992074908586812,87.96829963434726,72.49603745429341,1016.204755054848,1013.8606988734078,5.511887637119782,5.33754,2.11086,2.63851,-2.34406
-0.167052,0.985948,9.151867310980208,9.270803968468236,0.707107,29.385780717383874,0.92388,0.382683,1,0,9.614219282616121,62.60664461962091,51.0,1017.6164916815146,1014.3763986771772,3.921328923924182,10.998,7.66425,1.43782,-3.24009
-0.0301203,-0.999546,3.2046967609694152,7.9921722275704346,-0.707107,33.78669283562558,-0.707107,-0.707107,0.92388,-0.382683,7.000000000000001,62.393346417812786,54.9549901866404,1015.6268101083823,1009.3279842986248,4.0450098133595915,9.85867,7.61896,3.64716,-6.29883
-0.333469,-0.942761,0.0,4.252044435546303,-0.707107,38.1764259741242,-0.707107,-0.707107,6.12323e-17,1,18.366481518557073,68.30312967041279,66.23977782226848,1019.8696870329587,1017.9316759240721,7.0,6.5287,5.99749,1.22037,-1.93801
0.37372,0.927542,36.58432546932974,0.007837265335129252,-0.92388,25.56895040656789,-1,1.22465e-16,-0.92388,0.382683,4.078372653351292,95.76488203994613,91.72569571327048,1016.8177087139811,1013.437301877319,8.0,1.40105,0.700223,0.676488,-3.38041
0.584298,-0.811539,0.0,6.059979047381514,0.707107,25.49232380970653,-0.707107,-0.707107,6.12323e-17,1,7.8358920634311575,75.58205396828443,60.74616190485326,1017.2892533335892,1013.6146371431038,5.328215873137685,8.09555,4.47553,3.85974,-3.67462
0.24285,-0.970064,0.438903338175703,0.4139683599663666,0.382683,22.259355587838023,0.92388,-0.382683,0.382683,-0.92388,5.935161103040495,69.09725834543926,75.42145283023679,1015.8531119012667,1014.7433860667228,7.0,4.66094,6.14434,-1.52269,-1.10973
0.677615,0.735417,66.20164318892505,3.7479718832480877,6.12323e-17,49.464899736061206,0.382683,0.92388,0.707107,0.707107,11.904056233503825,85.61622493401529,69.42433740102295,1009.9074095482098,1008.6210601583632,6.4520281167519125,6.12619,2.59323,2.47399,-1.28635
-0.683919,0.729558,19.85917434615129,3.289288978847049,6.12323e-17,33.18876151922694,-0.382683,0.92388,6.12323e-17,1,12.341819634610694,77.92859319231366,66.7755350769299,1022.6489603153794,1019.4877370692258,7.0,6.59963,4.05457,1.94949,-3.16122
-0.397543,-0.917584,25.414892484998166,0.41573985812502084,-0.707107,36.527804256249375,0.382683,0.92388,-0.382683,0.92388,9.979641986249709,83.52780425624938,73.27408113499983,1015.6370405675,1013.8781527377499,7.431479716250042,5.08604,2.93422,1.50963,-1.75889
0.37372,-0.927542,0.08481508494838308,1.7177810193805971,-0.382683,27.455547451548508,-0.92388,-0.382683,6.12323e-17,1,10.638868628871268,72.72777372577426,55.90558391958022,1015.1161277243256,1013.8559391624708,7.575924575258084,9.5142,5.19303,2.61888,-1.26019
0.556017,0.831171,0.0,3.514681795760288,-0.707107,30.73164775529964,-0.92388,0.382683,6.12323e-17,1,10.073408978801439,62.0,76.63295510599279,1014.9908633448838,1013.9078293044231,7.26835224470036,4.36982,7.79095,-0.770636,-1.08303
-0.856551,0.516062,0.0,6.551075891768986,6.12323e-17,28.086071341518902,-0.92388,-0.382683,0.707107,0.707107,6.893828105957259,76.74462054115507,58.51075891768987,1012.0704419436107,1009.3746037824011,6.616930811732603,8.50068,4.12281,4.51492,-2.69584
-0.150055,0.988678,0.0,7.949963811724571,-0.707107,29.750115144512737,-0.92388,-0.382683,-0.707107,0.707107,12.000065796864419,55.00019739059326,52.250148042944936,1028.1999473625085,1025.3749259785277,4.000065796864419,10.09,9.06224,3.67496,-2.82502
0.677615,0.735417,32.607744629539404,0.7969663765465712,-0.707107,40.48326407406346,-0.92388,-0.382683,-0.707107,0.707107,13.516735925936539,86.67782395062434,68.4163203703173,1022.1620287098896,1020.0781375123582,7.58054401234391,6.02483,2.25533,2.69425,-2.08389
-0.317191,-0.948362,0.0,7.755853000374445,-0.707107,28.930183749531945,-0.92388,0.382683,-0.707107,0.707107,11.265766785580556,54.25901767743473,53.853618390918065,1029.0797300356742,1026.7259017677436,3.5315335711611118,9.59133,9.23411,3.40968,-2.35383
0.0215161,0.999769,0.08762666157124528,2.1103467532888303,-0.92388,36.50506646284981,-0.707107,0.707107,-0.382683,0.92388,9.876266615712453,67.06693315499359,68.63893277283698,1017.349493353715,1015.749493353715,7.438133307856226,6.21554,6.64001,-1.03813,-1.6
0.638749,0.769415,0.04771937195806803,4.416843984930735,-0.707107,44.19298429895171,-0.707107,0.707107,-0.707107,0.707107,13.95438743916136,67.95438743916135,71.32982198146762,1020.9659643962935,1020.179648164545,7.0,5.55242,6.37987,-1.04667,-0.786316
-0.991677,-0.128748,0.0,9.935968955980048,-0.707107,41.71937911960098,-0.707107,0.707107,-0.382683,0.92388,18.359689559800493,52.84186264119705,45.92093132059852,1018.6644190942692,1016.2723259622095,3.9604656602992625,12.7491,10.4063,1.73202,-2.39209
-0.30082,-0.953681,30.356897855210736,0.0,0.707107,38.27799272984224,6.12323e-17,1,6.12323e-17,1,12.919270083578995,92.52018247910524,91.52018247910524,1011.6892591058262,1008.5228850236605,8.0,1.46429,1.28159,0.408073,-3.16637
0.966848,-0.255353,1.875880464711245,4.242645771394031,1,22.476472304807956,-0.707107,-0.707107,6.12323e-17,1,5.808819237980104,81.66469386634428,70.28529154278807,1028.7511690893257,1025.8226399350472,6.23823615240398,5.6339,3.20262,2.56147,-2.92853
0.97874,0.205104,0.0,11.511135556911851,0.707107,27.244542227647408,0.707107,0.707107,0.92388,0.382683,13.48908445529482,54.64410220323406,49.02183108941036,1016.5510915544705,1013.5755457772352,3.266373317057769,11.8184,10.0235,0.851092,-2.97555
-0.83828,-0.54524,1.6764210952899719,4.822988347936915,0.382683,26.0,0.382683,0.92388,0.382683,0.92388,12.068654947061127,70.31345052938873,61.656725264694366,1016.3244795582327,1013.5710468108797,7.0,8.04109,5.82387,1.85194,-2.75343
0.259512,-0.96574,0.0,6.654470452111998,-0.707107,26.993122381366156,0.707107,-0.707107,0.707107,0.707107,6.517194046584612,58.05502094907075,65.95873428819694,1016.0862447627323,1013.3786793822351,6.496561190683078,6.69364,8.65753,0.316506,-2.70757
-0.474951,0.880012,5.906444248197098,9.440274363816485,6.12323e-17,34.66229148268478,-0.92388,0.382683,6.12323e-17,1,12.116944689753627,71.88305531024638,75.42840210317752,1013.4272673396465,1011.7103819137809,5.0,4.67139,5.47266,-0.493496,-1.71689
0.994671,0.103102,0.0,10.144087936273278,0.707107,24.000000000000004,0.707107,-0.707107,0.707107,0.707107,9.0,64.51182412745345,63.13074273137896,1014.3201687496099,1011.5415876449043,1.0,7.82942,7.3093,2.96551,-2.77858
0.467359,-0.884068,0.0,10.89001662412195,0.382683,28.0,6.12323e-17,1,0.707107,0.707107,11.59990932297118,60.700045338514414,50.300105789866954,1012.5600211579733,1010.0600362708115,2.099984887161863,11.2742,8.15044,2.23,-2.49998
0.726608,-0.687053,51.65734400246524,0.0,-0.707107,29.572117626021047,-0.707107,0.707107,-0.707107,-0.707107,5.893029406505262,94.89302940650526,94.62560292276841,1012.7813676707264,1010.3081103190999,7.946514703252631,0.903877,0.860212,-0.357212,-2.47326
-0.504961,-0.863142,0.8955036673229154,7.517582586286073,0.707107,34.626873471948784,1,0,6.12323e-17,1,13.0829170062336,52.69979862778887,79.70979047818238,1015.5041458503117,1010.7746253056102,6.875624490649595,3.74744,10.4142,-1.26783,-4.72952
0.823923,-0.566702,15.777145152764719,2.910858061105887,6.12323e-17,35.61142742361764,6.12323e-17,1,6.12323e-17,1,16.694286288191176,66.27999196532349,59.502846812558765,1021.896289100328,1019.2020028121368,7.15285685590441,8.37064,6.64167,0.679001,-2.69429
-0.788305,0.615285,22.204204562360044,0.24843363332390445,-0.707107,26.709810380925443,6.12323e-17,1,0.707107,-0.707107,6.0,88.54699100028287,85.19208580982016,1015.4676422143058,1013.1741137714447,7.354905190462721,2.63125,1.99378,0.535491,-2.29353
0.886071,-0.46355,0.11231769867121358,4.487040265537937,0.382683,25.913601770252914,0.92388,-0.382683,0.707107,0.707107,9.086398229747086,59.20957521645923,62.47519026360898,1012.9468769905701,1009.0555168135448,6.870402655379369,7.81117,8.60145,1.12096,-3.89136
-0.696376,0.717677,11.89486751718564,0.03232300955756967,-1,27.555531051332668,-0.707107,0.707107,-0.92388,-0.382683,4.646460191151394,80.17168152921114,83.15154856636455,1014.9515265125639,1012.8818362258368,8.0,2.99834,3.57826,0.180796,-2.06969
-0.317191,0.948362,10.80846927199519,3.6356473467510515,-0.92388,24.06991620142943,-0.382683,-0.92388,-0.707107,0.707107,8.587395251786788,79.96504189928528,72.58050279142341,1021.0496305870369,1018.7146724863222,6.4475628489279275,5.1241,3.54741,1.7804,-2.33496
0.92264,0.385663,20.133907370781348,2.129292237358419,-0.707107,30.590666448966537,-0.707107,0.707107,-0.382683,0.92388,13.05579473782556,89.46512828885903,77.77682104869776,1014.5232822354899,1012.9725848012671,7.493025657771805,4.13873,1.82547,1.71116,-1.5507
-0.519744,-0.854322,0.0,7.7165394691076745,0.707107,38.500293532828444,-1.83697e-16,-1,0.707107,0.707107,12.83343117760948,55.41700912163318,60.91671558880474,1018.3337834170037,1010.625278856187,3.3331376447810386,8.07749,9.43273,1.83331,-7.7085
0.749826,-0.661635,51.00519742746755,0.0,6.12323e-17,66.6069465514362,6.12323e-17,1,6.12323e-17,1,23.17466267467367,91.63318341096608,96.72488755822454,1003.7034982479373,999.7703148369712,8.0,0.553259,1.45269,-0.536682,-3.93318
-0.83828,0.54524,7.067826555272756,3.451700851936196,-0.707107,35.409763703604476,-0.92388,0.382683,-0.92388,0.382683,14.204881851802238,62.21708648130784,67.43417296261566,1011.4394962224306,1008.9165671113493,7.602440925901119,6.4777,7.80438,-0.720488,-2.52293
-0.976938,0.213521,6.705931918418633,6.160372063900918,6.12323e-17,42.87592136642061,-0.382683,0.92388,-0.382683,0.92388,14.785187790616796,64.58704811012139,69.3555633718504,1011.6761144330363,1009.8761144330365,6.107406104691601,6.06553,7.23219,-0.337224,-1.8
0.584298,-0.811539,3.1058272673537424,3.3850911580096916,6.12323e-17,32.36181631492731,0.707107,-0.707107,0.382683,0.92388,16.14908841990308,70.31819737560572,74.08544894478194,1013.4229170563102,1012.8272789502423,7.787272104975771,4.96441,5.92562,-2.65563,-0.595638
-0.980469,0.196673,0.4734880226411256,0.9892389085763381,-0.707107,15.699470942538026,-0.707107,-0.707107,-0.382683,-0.92388,6.05380545711831,64.61416371354929,59.72177462778592,1020.3448839830193,1017.31798125446,7.05380545711831,7.99579,6.60415,3.89777,-3.0269
0.664855,-0.746972,3.9936671091518354,5.7283506473088925,0.382683,31.248894788691143,0.382683,0.92388,6.12323e-17,1,12.312223697172785,79.906480252356,67.2187039495288,1016.0128131432042,1013.4877763028272,7.2187039495287975,6.71166,3.7719,2.11885,-2.52504
0.957485,0.288482,0.0,6.913464602017448,-1,20.680787612104687,-0.707107,-0.707107,-1,1.22465e-16,9.0,64.75188937780807,65.95763716368593,1029.5788185818428,1026.6015115022465,5.226929204034896,6.59216,6.73813,2.64962,-2.97731
0.814046,0.5808,2.2366746017043133,9.53722500810486,-0.382683,32.51650373981105,0.707107,0.707107,6.12323e-17,1,11.27628357725083,77.10513430900332,54.38141788625414,1018.4858802276306,1015.7582518699055,3.0690708943127074,9.89748,4.23903,2.42433,-2.72763
0.962309,-0.271958,0.0,6.815019088163554,0.707107,22.0,1,0,0.707107,0.707107,9.0,60.81973745974088,57.20601433172471,1011.7356205213359,1009.0253198047499,6.97424820853441,9.40298,8.29019,1.8485,-2.7103
0.935368,0.353676,0.0016275031878683877,11.180063085948612,0.382683,29.955243662333615,-1.83697e-16,-1,0.707107,0.707107,12.975587452181975,56.11392522315079,57.02848130578769,1008.7252262994119,1006.0158681560818,1.0244125478180255,9.58912,9.72554,1.81017,-2.70936
0.886071,-0.46355,0.1452650021611101,4.483238653596795,0.382683,25.888257690645297,0.92388,-0.382683,0.707107,0.707107,9.1117423093547,59.5643923309658,62.61458270145084,1012.989961925903,1009.1011361568384,6.83238653596795,7.77562,8.5047,1.15644,-3.88883
-0.856551,0.516062,0.14740711135820178,10.01073911247011,6.12323e-17,35.15924889753706,-0.382683,0.92388,6.12323e-17,1,15.94814222716403,62.0,48.25928886417982,1016.7655373485295,1014.5077586826039,5.0,11.9742,7.86471,1.95851,-2.25778
-0.766659,-0.642055,0.0,8.738254657676455,6.12323e-17,21.816336919340046,-0.707107,-0.707107,0.707107,0.707107,8.729578850824947,74.81633691934005,58.0,1018.4698628972274,1015.1872145109304,4.270421149175055,8.78966,4.62619,3.63572,-3.28265
-0.563151,0.826354,17.12829264533128,2.4473436902793106,6.12323e-17,43.70583148387869,6.12323e-17,1,-0.382683,0.92388,14.411662967757387,84.5883370322426,72.76414632266564,1014.4828514579888,1012.5299357160495,5.294168516121306,5.27757,2.74205,2.98233,-1.95292
0.467359,0.884068,2.611917638295005,9.702193467754283,-0.382683,32.84325971987067,0.707107,0.707107,6.12323e-17,1,11.06269611205173,76.25078444820691,53.59561306449143,1018.6404386935508,1015.9749215551793,3.1253922241034604,10.1103,4.41645,2.26552,-2.66552
0.99763,0.0688024,0.3247879959299844,7.092742980667426,-0.92388,30.80772990842465,-0.92388,0.382683,-0.707107,0.707107,7.559849949124805,74.19227009157535,82.32045015262558,1027.1145140386652,1024.7961350457877,5.752120040700156,3.1285,4.75179,0.481621,-2.31838
0.935368,0.353676,0.16303612576262608,10.648978480712627,0.707107,27.347855496949496,0.707107,-0.707107,0.92388,0.382683,8.184819371186869,53.38019215016666,56.56501152135353,1014.9087132981697,1010.8174265963394,5.326072251525252,9.51356,10.3078,1.76957,-4.09129
0.259512,-0.96574,0.23963633044048566,4.2851715806997746,0.707107,30.399393884067475,0.92388,0.382683,0.92388,0.382683,6.93191906282411,71.13616187435177,75.53858633808187,1012.6659595314121,1010.719515107254,7.201212231865048,4.72721,5.73409,-0.393798,-1.94644
-0.381689,0.924291,13.992323509892378,5.533973040842302,-1.83697e-16,49.37771131432338,0.707107,0.707107,0.707107,0.707107,8.515442291291954,69.2612693073042,71.74582701601226,1010.2254172983987,1005.8938230834832,7.161519236236015,5.63456,6.17774,0.890025,-4.33159
-0.534373,0.845249,2.5565488502816467,2.734771312382647,-0.382683,25.539189175610232,-0.382683,0.92388,-0.92388,0.382683,7.834823275422469,78.80010392607964,70.19989607392036,1020.2461330454787,1018.4809043578614,7.0,5.70227,3.87848,-0.373015,-1.76523
0.738326,0.674444,17.90395636506518,2.368685580154874,-0.92388,24.003187758139276,-0.382683,-0.92388,-0.707107,0.707107,7.112882087855152,80.99999999999999,84.77742358242898,1017.2764672549872,1015.6648602703877,7.554847164857939,2.71077,3.46017,-0.421939,-1.61161
-0.519744,-0.854322,3.6200903882744893,9.715647082540528,-0.92388,41.77656121367976,-1,1.22465e-16,-0.707107,0.707107,17.776561213679763,67.63683237850323,50.41339359218299,1023.3580813494472,1021.0184161892518,3.603348398045748,11.0776,6.35966,1.67766,-2.33967
-0.30082,0.953681,0.02162061824464468,7.1243278361437445,-0.707107,34.24327836143744,-0.92388,-0.382683,-0.707107,0.707107,10.459484543883883,84.1351752702142,59.351195827919916,1029.370276290532,1026.6459484543884,4.3243092736696696,8.26781,2.69893,4.62435,-2.72433
-0.683919,-0.729558,19.225001888589187,0.27854916121484846,0.382683,44.87962893015216,0.382683,0.92388,6.12323e-17,1,13.586419286768098,87.94753249631165,88.4814842793914,1010.273302410846,1008.2026233751844,8.0,2.03461,2.1404,-0.368056,-2.07068
-0.890028,-0.455907,0.0,3.693976356684897,-1.83697e-16,37.0,0.707107,0.707107,-0.707107,-0.707107,12.133261686923928,69.56663084346197,79.4866738313076,1013.2159914024309,1008.7593283180847,7.0,3.59184,5.74238,-2.5307,-4.45666
-0.986658,0.162807,0.5067087710301889,7.956866662393397,-0.92388,34.90094734817925,-0.92388,0.382683,-0.707107,0.707107,9.83385963787736,70.09905265182076,75.49842108636793,1025.3862666752132,1022.7495263259103,3.9329122896981112,4.57098,5.74402,0.16326,-2.63674
0.677615,-0.735417,0.0,11.974391625168034,0.707107,28.837389165546433,0.707107,-0.707107,0.92388,0.382683,10.67477833109287,50.93086207941253,53.256083748319654,1012.3691379205875,1008.4179211709236,4.162610834453565,10.5897,11.1073,2.4443,-3.95122
0.915864,-0.401488,0.0,11.191606069215394,0.382683,27.452554087956017,0.382683,0.92388,0.707107,0.707107,10.726277043978008,61.0,51.54744591204398,1013.4664242768616,1010.9843073900549,2.1368614780109962,10.88,8.06599,2.22737,-2.48212
-0.999963,-0.008607,10.740391617388685,8.318051821238974,6.12323e-17,30.358920094084752,0.707107,-0.707107,-0.382683,0.92388,11.7178401881695,79.96611946685309,50.469560909485914,1019.063419702065,1016.7744837836052,1.8374802195310824,11.2738,3.66066,4.75574,-2.28894
0.37372,-0.927542,4.405922186535269,5.039050022941612,-0.707107,37.92309248213298,-0.382683,-0.92388,0.382683,0.92388,11.0,82.8698332568613,67.63314806317922,1009.02307225536,1009.7846184964267,5.289944418953763,6.31592,3.00034,3.13136,0.761546
-0.217723,-0.976011,0.0,3.8215351047634893,-0.92388,32.53846853174273,-1,1.22465e-16,-0.382683,0.92388,8.538468531742732,62.70771188887964,60.199981817468895,1017.7369225174606,1016.1369225174607,7.0,8.2958,7.69039,-0.738459,-1.6
-0.991677,0.128748,0.8978447745931746,8.010266486585541,-0.382683,32.040556305893574,-0.707107,0.707107,-0.382683,0.92388,14.999999999999998,60.48922387296587,48.73510991057027,1024.243221171749,1021.6329546851633,6.408111261178716,11.4314,7.97672,2.05298,-2.61027
-0.683919,-0.729558,0.0,2.9768550969526655,1,26.101309480201884,-0.707107,0.707107,-0.382683,0.92388,7.8524007137034495,70.94498032589279,70.84367084569091,1017.7431427524846,1015.2929245057843,7.299563506599373,5.62785,5.57877,0.620262,-2.45022
0.714673,-0.699458,4.1081811955832,8.03382017413376,-0.707107,35.8327247823328,0.382683,0.92388,0.382683,0.92388,14.4163623911664,79.91453673816478,66.7509128265008,1012.0739958908491,1009.240905977916,4.875456413250401,6.7522,3.74213,1.637,-2.83309
0.975065,0.221922,2.6010017350062227,7.881666987964115,0.382683,25.183330120358846,-0.707107,-0.707107,1,0,4.963333975928231,71.6283310842512,59.29332819257416,1015.6068323373113,1011.2178321445327,4.554999036107654,8.4713,5.31276,3.88533,-4.389
0.055917,0.998435,0.0,5.067925540733527,0.707107,25.732074459266475,-1.83697e-16,-1,0.382683,0.92388,8.511950360489019,71.0861613284107,62.755975180244505,1018.4186781822298,1014.6942757002543,7.0,7.52723,5.44414,2.68182,-3.7244
0.935368,0.353676,2.9898312714066804,6.77796400363163,-0.382683,36.41016872859332,-0.92388,0.382683,-0.707107,0.707107,13.589831271406679,71.78305962117682,63.667806528286846,1021.4894893129207,1019.6484724400614,5.5898312714066805,7.34824,5.36426,1.75763,-1.84102
0.0902516,-0.995919,1.094386279493267,1.7659414964550444,-0.707107,24.228310625314894,-0.382683,0.92388,-0.382683,0.92388,6.735965698733168,75.73596569873317,81.52806860253366,1014.0,1012.1274241065825,7.005103382278849,3.34278,4.56538,-1.08125,-1.87258
0.99763,-0.0688024,3.884535331689228,7.366297939495646,0.382683,25.046212064713522,0.382683,-0.92388,0.382683,0.92388,10.70671712275172,65.95378793528648,60.660505058038204,1015.6027727238828,1011.869747470981,4.321010116076394,8.32924,6.83973,2.56235,-3.73303
-0.284359,0.958718,0.22621926220469146,8.42881403799253,0.382683,23.77897028937098,0.382683,-0.92388,0.707107,0.707107,9.606711066929629,71.8353483543284,60.958837088582094,1012.2063985641727,1008.2056378064957,4.393288933070372,8.34836,5.50433,3.21387,-4.00076
0.908818,-0.417194,5.644186086477665,0.0,0.382683,16.297868260350803,-0.92388,-0.382683,-0.92388,-0.382683,3.492635652253723,90.7315891306343,88.98527130450744,1019.394108521803,1017.0463178261267,8.0,1.80561,1.5011,0.471686,-2.34779
-0.897743,-0.440519,6.066938714829545,0.0,-0.707107,22.810404173562834,-0.707107,0.707107,-0.707107,-0.707107,4.0,85.7063624379345,88.0,1019.3955501921273,1017.7602320702305,7.405202086781417,2.06012,2.48872,-0.369884,-1.63532
0.124479,0.992222,0.0,4.685549806741461,6.12323e-17,27.714107899179954,6.12323e-17,1,0.707107,0.707107,14.14294605041002,75.85767630246012,72.71504142848518,1015.656867243729,1014.2712863193441,7.0,5.31686,4.59646,0.771411,-1.38558
0.14154,0.989932,8.858693956855143,2.7416032853694725,-0.92388,42.30142494003471,-0.382683,0.92388,-0.92388,0.382683,6.0,73.02981031176928,90.03610455635733,1009.9981117266235,1007.1535274100772,7.0,1.74874,5.24699,-2.01931,-2.84458
-0.577292,-0.816538,5.570363971760003,0.23280514689142826,-0.707107,26.042312502845714,-0.707107,-0.707107,-0.707107,-0.707107,5.068779412434287,84.11109191528,84.64548162149714,1016.12963602824,1015.3201113960378,8.0,2.67128,2.76992,0.0820129,-0.809525
0.584298,-0.811539,1.4810226333780478,4.66200148693022,6.12323e-17,31.35441929624661,-1,1.22465e-16,6.12323e-17,1,8.417677184986456,65.69627457439701,67.16464563002708,1015.1848356186327,1012.9038129852547,6.291161407506772,6.62671,6.95435,0.589861,-2.28102
-0.200891,-0.979614,5.851157668611339,10.618632822637627,0.382683,27.186328226376276,-1.83697e-16,-1,6.12323e-17,1,12.697904912489681,63.81367177362372,59.23263497082989,1015.746526994166,1012.0721058284718,2.488423313886596,8.68936,7.35203,2.4581,-3.67442
0.357698,0.933837,0.4086236562581454,1.1801541197414367,-1.83697e-16,45.27584229161236,1,0,-0.92388,-0.382683,4.637921145806182,74.53455197935672,91.04311828129073,1008.7172473125163,1006.7388064531617,7.681039427096909,1.50619,4.82597,-4.6026,-1.97844
0.598181,0.801361,11.559917167456385,3.742503882775482,0.382683,38.96238998802801,-0.382683,-0.92388,-1.83697e-16,-1,8.28748058612259,93.71251941387742,49.80010354067952,1012.3125194138775,1006.9925297679454,7.0,11.1027,1.0166,7.28748,-5.31999
0.38963,-0.920971,12.837459021258915,6.098662642767851,6.12323e-17,26.0,-0.707107,-0.707107,6.12323e-17,1,11.3991084285119,86.79821685702382,69.6053494289286,1026.3790415606502,1023.1589746927887,5.800445785744049,5.74874,2.24055,2.09967,-3.22007
-0.0129103,0.999917,13.000000000000002,5.338291463362163,0.382683,29.34400423616159,-0.707107,-0.707107,6.12323e-17,1,14.254863799682502,81.10169794623384,70.53484261887453,1017.4980544801269,1014.3579412837114,5.566855327359317,5.69607,3.38418,2.45348,-3.14011
0.584298,0.811539,0.0,8.317639092274622,-0.707107,28.58023925185348,-0.92388,-0.382683,-0.707107,0.707107,11.331565286773417,52.99469586032024,50.74602189524018,1028.7347477705814,1026.1269890523802,3.331565286773417,10.4988,9.5483,4.09277,-2.60776
0.690173,-0.723644,25.563860838354696,1.131911708886698,-0.707107,28.35814939351395,-1,1.22465e-16,-0.92388,0.382683,5.414889636108373,93.64185060648605,82.5674024259442,1022.4180695808226,1019.4425364716551,8.0,3.06324,1.04728,1.40744,-2.97553
0.823923,0.566702,1.6909925051803323,1.7889769095868795,-1.83697e-16,21.54503747409834,0.707107,-0.707107,0.382683,-0.92388,9.054350821245892,82.78259671501644,92.63664168393443,1016.945802104918,1013.4603976080263,7.563664168393444,1.23683,3.06736,-1.41801,-3.4854
-0.82877,0.559589,0.9102974544770234,1.9728285533091041,6.12323e-17,24.155705770438583,6.12323e-17,1,-0.382683,0.92388,7.781016758759393,63.14515952530491,56.54094102725144,1015.8385235256814,1013.59683612646,7.0,9.30978,7.52842,0.520844,-2.24169
0.975065,-0.221922,0.5867404012525624,6.001656923730354,-0.382683,28.198893981211565,1,0,0.92388,0.382683,9.088397324982918,55.04419866249145,69.69060936255978,1013.961878127488,1010.9132595987473,6.911602675017083,5.98621,9.85625,-1.42265,-3.04862
-0.973118,0.230306,29.24617023789815,0.11120100772851692,6.12323e-17,52.763843802079876,6.12323e-17,1,6.12323e-17,1,18.99595465221674,90.88798992271482,93.10796472950189,1008.0816433323263,1005.6164599598467,8.0,1.18075,1.58741,-0.833603,-2.46518
0.309017,0.951057,54.70991005421068,0.0,-1,30.968059164832752,-0.707107,0.707107,-0.92388,-0.382683,8.258804717943086,95.0,95.0,1013.8811633025601,1009.7031940835167,8.0,0.830641,0.833212,-0.4,-4.17797
-0.96901,-0.247022,18.366704960675083,1.0907852480977576,-0.707107,17.4774086162799,1,0,0.707107,0.707107,6.043400783298173,95.9167624016877,93.17716710147674,1017.0652793733615,1013.7001781984142,7.913198433403655,1.15127,0.678251,0.412842,-3.3651
-0.349647,0.936881,7.343787322760226,3.4211803218273054,6.12323e-17,20.15071333955281,-0.92388,0.382683,6.12323e-17,1,9.0,91.52749668843482,72.82892336754045,1021.3692476819044,1017.8843190158597,7.075356669776404,5.13668,1.43926,1.41507,-3.48493
-0.995521,0.0945367,0.0,6.0264759972197535,-0.707107,39.0,-1,1.22465e-16,-0.707107,0.707107,12.676462861114638,59.16176856944268,61.64707427777073,1031.6683744326426,1028.9735240027803,6.838231430557319,7.79316,8.41767,0.267646,-2.69485
-0.0816764,0.996659,0.0,8.309568537565571,-0.382683,25.77093117592469,-0.92388,0.382683,6.12323e-17,1,13.505980335978483,64.19318680820442,61.72308848809683,1021.7603481768527,1017.9145344120376,4.4940196640215175,7.67135,6.935,2.42051,-3.84581
-0.317191,-0.948362,0.6954111231066475,2.1304588876893353,0.382683,27.649522354173122,-0.382683,0.92388,6.12323e-17,1,10.258700107959827,66.08623336931994,74.86787786174654,1010.3310133045441,1008.6700955291653,7.6954111231066475,4.79167,6.84324,-0.773576,-1.66092
0.999407,-0.0344216,0.36982618116409227,2.5282387300526077,-1,31.603476376718152,-0.92388,-0.382683,6.12323e-17,1,11.603476376718154,81.019350887833,78.09478543492277,1013.8827811013745,1011.0582156484643,7.9245654529102305,4.10153,3.52449,-0.934044,-2.82457
-0.183998,0.982927,0.0,1.6953974054743797,0.707107,39.67027654472597,1,0,0.92388,0.382683,11.332430863818507,69.67027654472598,77.50947592990569,1012.3632372825102,1006.5468864801738,7.833784568090747,4.15921,5.83945,0.481754,-5.81635
0.814046,0.5808,2.240683711615158,6.772108230418122,-0.707107,28.818518385624387,-1,1.22465e-16,-0.707107,0.707107,8.73447285269193,72.7831908934135,67.66381786827017,1015.3185183856244,1012.7835611176004,6.349572680240526,6.45979,5.25648,0.53849,-2.53496
0.97874,-0.205104,0.42330363189634207,1.5608179182489783,-1.83697e-16,41.93854237212399,1,0,-0.707107,-0.707107,7.8284213089125885,76.93854237212399,88.17157869108742,1010.4841215501453,1008.0417409202591,7.70550605316057,1.99052,4.23309,-3.80973,-2.44238
-0.983709,0.179767,7.0066697999530065,0.0,-0.92388,23.962482375264337,-0.707107,-0.707107,-0.92388,0.382683,5.983325500117482,94.9874941250881,86.02084312485314,1031.3583137502937,1028.4583137502937,7.004168624970629,2.37246,0.805604,1.51167,-2.9
-0.696376,0.717677,0.12122997765447406,3.1,0.382683,26.60614988827237,0.382683,0.92388,0.382683,0.92388,13.60614988827237,64.63689932963422,58.515374720680924,1017.1790646536443,1014.8336770698487,6.696925055863815,8.75046,7.10894,1.13939,-2.34539
-0.150055,0.988678,0.492638534896624,7.267866043551425,6.12323e-17,29.152605494137664,-0.707107,0.707107,0.382683,0.92388,10.07361465103376,75.31058718034546,76.4739450586234,1012.7026880960351,1010.9258477297592,5.46319267448312,4.54485,4.77959,0.568941,-1.77684
0.226116,0.9741,17.58722513135485,4.054053882136606,-0.707107,31.94348941235471,-0.92388,-0.382683,-0.707107,0.707107,9.525798588313961,77.6289929415698,72.15479152988377,1027.5766581171945,1024.3235869172618,7.2628992941569805,5.1558,3.96554,1.71646,-3.25307
-0.973118,0.230306,1.569491316661787,4.2389832491713015,-0.707107,22.33898263332357,-0.92388,0.382683,-0.382683,0.92388,7.000000000000001,69.33898263332358,64.35593053329431,1024.377965882495,1020.6610167508288,7.084745658330894,7.03735,5.78081,2.07966,-3.71695
0.584298,0.811539,0.3834809629631385,0.4212354444399694,-0.382683,30.371678333329385,-0.92388,0.382683,-0.707107,0.707107,6.454273518513692,87.71977462964324,88.43069148149816,1014.763418814811,1013.2221212222189,7.793512037039231,2.03512,2.14815,1.1826,-1.5413
-0.591261,0.80648,1.5074177635876682,4.0256692012550594,6.12323e-17,30.826408306726876,-0.707107,-0.707107,-0.382683,0.92388,7.347183386546245,72.11572779551541,83.90058594260356,1028.2462911182063,1026.801631373812,6.76854440896917,2.77913,5.13004,-0.062758,-1.44466
-0.0988201,0.995105,39.13474549456131,0.0,6.12323e-17,55.402693451499196,6.12323e-17,1,6.12323e-17,1,20.449303812526832,90.42191280556747,95.8164346041756,1005.0358959138758,1002.3139831083083,8.0,0.710275,1.6756,-0.657809,-2.72191
0.541628,-0.840618,2.68323882198966,10.39716347472182,6.12323e-17,31.640536395615307,-0.92388,0.382683,6.12323e-17,1,16.145951472512923,67.85404852748707,64.34863345058946,1013.0747292461551,1011.2067560659359,5.0,7.27462,6.41289,0.161217,-1.86797
-0.989314,0.145799,4.288072596132062,5.181851494583687,-0.92388,26.657359740812147,-0.707107,0.707107,-0.382683,0.92388,14.314719481624294,76.05584155512712,62.11168311025424,1018.771320129594,1016.4741122073503,5.342640259187853,7.80559,4.47865,1.89651,-2.29721
-0.999963,0.008607,11.223088326755077,7.9393598077911305,6.12323e-17,37.133521057148776,-0.382683,0.92388,-0.382683,0.92388,15.981920576626608,72.9819205766266,72.26704211429755,1015.3144635386986,1013.4635595675301,4.830320096104434,5.359,5.23667,-0.940056,-1.8509
-0.0988201,0.995105,3.492981153011109,8.046848361668724,-1.83697e-16,23.53151638331276,-0.707107,-0.707107,1,0,5.2936967233374475,70.47206146831894,56.65042621330041,1015.094770078827,1010.6066610618257,4.059454914993829,9.20832,5.57545,4.01748,-4.48811
-0.577292,0.816538,4.477653676797975,4.343294473671907,-0.707107,35.44692646404051,-0.382683,0.92388,-0.382683,0.92388,14.223463232020254,82.05865808005063,74.31844121575693,1014.9706709599748,1012.0589393439645,5.553073535959489,4.93854,3.27986,1.24106,-2.91173
0.714673,-0.699458,0.8917578982819798,2.373486864262374,0.382683,20.211526439869296,-0.382683,-0.92388,-0.707107,0.707107,7.605763219934649,85.77060525429503,91.41210508590099,1028.1,1026.078847356013,7.0,1.42233,2.41157,0.544092,-2.02115
0.814046,-0.5808,68.70821022334722,1.010564114864108,6.12323e-17,32.479055275607934,-0.382683,0.92388,-0.707107,0.707107,9.138434525250327,84.41530357575098,86.60655867532185,1023.4608393728683,1022.2469959203432,7.734062075035761,2.31772,2.73603,-0.457377,-1.21384
-0.618671,0.78565,0.0,1.4765521523284293,0.382683,19.36034509520527,-0.707107,-0.707107,6.12323e-17,1,9.0,75.27930980958946,68.51378828630517,1014.4467262521216,1010.7386227235601,7.0,6.20831,4.64401,1.29724,-3.7081
0.78298,0.622047,0.0,2.2077092045547237,-0.382683,28.960200548582947,-0.92388,-0.382683,6.12323e-17,1,15.440300822874425,72.96020054858295,49.85944849139689,1011.9276089302633,1011.1817142182692,6.700250685728687,11.5052,5.18892,3.77612,-0.745895
-0.217723,-0.976011,3.8978712827279467,0.2187036612684676,-0.92388,16.093518306342336,-0.707107,-0.707107,-0.92388,0.382683,4.733795765855845,71.76991133266675,63.662042341441555,1021.0172685927802,1018.6093518306343,8.0,7.09865,5.10006,3.80792,-2.40792
-0.0473214,0.99888,0.006463190221930093,0.6518849702153572,6.12323e-17,21.90305214667105,-0.707107,-0.707107,0.382683,0.92388,7.000000000000001,73.4829447822456,63.676840488903494,1023.3032315951109,1020.2418312880026,7.0,7.35685,4.99646,1.85817,-3.0614
0.860961,0.508671,27.591615069159946,0.0,-0.92388,30.196452607534187,-1,1.22465e-16,-0.92388,0.382683,7.077398578858403,92.92260142114161,90.32141895698632,1016.4523783885296,1013.9476216114704,8.0,1.65201,1.19027,0.336307,-2.50476
-0.444378,-0.895839,9.14965784274277,0.4934480650466235,6.12323e-17,33.822413441744374,6.12323e-17,1,6.12323e-17,1,15.82241344174437,80.18707230342847,88.65431262866159,1009.4270682276632,1008.1401720975699,8.0,2.00658,3.67057,-0.529914,-1.2869
0.852078,-0.523416,4.3533234831440835,8.127203342692827,0.382683,30.0,0.382683,-0.92388,0.382683,0.92388,12.588872471906805,77.27511081462906,59.3972181179767,1023.5553299016959,1020.4581117837192,5.4111275280931945,8.51093,4.15861,3.84807,-3.09722
0.192452,-0.981306,17.64370533724813,2.0857771632938764,-0.707107,26.064364637726946,-0.707107,0.707107,-0.382683,0.92388,9.7095764251513,77.52244935269668,76.5808471496974,1018.7962633545487,1016.5401252328123,7.72904235748487,4.30703,4.10993,0.0941602,-2.25614
0.124479,-0.992222,2.653718674418251,0.026637025044749938,-1.83697e-16,15.932295876566247,0.707107,-0.707107,0.382683,-0.92388,6.0,91.53718674418249,94.0699272450775,1021.5742522236127,1019.0873484239708,7.86681487477625,0.974506,1.39801,0.8404,-2.4869
0.999407,-0.0344216,27.34446876386477,4.626722125755314,-0.707107,37.15240075919832,-0.707107,0.707107,-0.382683,0.92388,16.999999999999996,85.01879013042176,61.08559544481004,1009.9686843274305,1008.2772438719115,6.923799620400837,8.12283,2.68087,2.44666,-1.69144
0.055917,-0.998435,0.0,6.077308624724002,-0.707107,27.88106365427077,0.707107,-0.707107,0.707107,0.707107,4.297340864323083,50.95149076583387,71.2863819256246,1017.8621273085415,1016.1312973282395,6.940531827135383,5.29827,10.4871,-1.81455,-1.73083
0.726608,-0.687053,0.16665562309539167,6.991812993986059,6.12323e-17,24.832946808338708,-0.92388,-0.382683,-0.382683,0.92388,6.583360942261521,79.50049696070738,59.66622492381567,1027.9916804711308,1025.4749751519646,4.083195288692396,8.15004,3.55863,4.50845,-2.51671
-0.991677,0.128748,5.196791748678877,0.33506990305533896,-0.382683,19.282560682287606,-0.707107,-0.707107,-1.83697e-16,-1,5.256512136457522,92.41883737881919,90.0,1017.4126269407308,1014.4937895619115,8.0,1.62398,1.20482,1.28637,-2.91884
-0.873807,0.486273,1.2868471725697832,0.1616468963288809,6.12323e-17,22.727411033479964,-1,1.22465e-16,-0.707107,0.707107,6.0,79.35341241468446,91.67670620734225,1012.5869993093978,1009.3213873090746,7.91917655183556,1.41518,3.78758,-1.93233,-3.26561
1,0,0.0,8.957221998067082,6.12323e-17,36.420761059752856,-0.92388,0.382683,6.12323e-17,1,19.420761059752852,55.0,51.91023262038836,1010.8841522119507,1010.5758773699472,6.917251579964693,10.6507,9.84935,-1.41725,-0.308275
0.124479,-0.992222,1.9760746026685851,0.8766614859257927,-0.707107,14.603400682964693,-0.92388,-0.382683,-0.92388,-0.382683,2.0,70.34343176740994,69.34343176740994,1021.092982903555,1019.5436474979253,8.0,5.63409,5.34576,1.72866,-1.54934
0.966848,0.255353,0.0,2.5924630009571294,0.382683,50.26986639193908,6.12323e-17,1,0.707107,0.707107,7.345236382367789,68.30952723526443,62.34523638236779,1010.1960339156675,1007.3234157244835,4.34523638236779,7.82036,6.31603,0.6,-2.87262
0.901502,0.432776,0.2637348178192015,6.269232034408199,6.12323e-17,23.340662955451997,-0.707107,-0.707107,0.707107,0.707107,6.164834261137002,79.47251391705502,59.81317687250701,1012.8802100202796,1010.2340580718918,7.0,8.15831,3.59097,4.28462,-2.64615
-0.997001,0.0773865,0.0,9.7186152784878,-0.707107,43.12121418390242,-1,1.22465e-16,-0.707107,0.707107,16.653683484390204,61.0,56.636357448292756,1023.307789909366,1021.2779195142929,3.822510233170738,9.21003,7.9725,1.19524,-2.02987
-0.444378,0.895839,0.0,8.033754519035458,0.382683,28.0,6.12323e-17,1,0.707107,0.707107,12.334386297588647,64.2208182698818,57.21923882349884,1011.0667193148794,1007.4334386297588,6.110409134940902,9.43209,7.44572,1.64464,-3.63328
0.482508,-0.875892,3.9117779508801878,6.658889754400935,6.12323e-17,27.63740942693552,1,0,0.382683,0.92388,12.03925983626729,69.12703155546073,59.36259057306448,1014.913628360212,1012.5175543438387,7.0,8.62951,6.05761,2.41663,-2.39607
0.690173,-0.723644,0.6058855797337983,5.970626956805579,1,28.220709240017435,1,0,0.92388,0.382683,9.147139493344957,55.08828369600697,69.82343260798605,1013.9544416125376,1010.8985286050665,6.9117163039930265,5.95523,9.8438,-1.42937,-3.05591
-0.944188,0.329408,2.3302169098138226,4.186978309018618,-0.382683,27.609349270558535,0.382683,-0.92388,-0.707107,0.707107,11.493044120248236,87.63717278956558,72.60934927055852,1027.6102393390806,1024.3218698541118,7.0,5.07904,2.07311,2.79254,-3.28837
-0.989314,0.145799,28.86560290088534,0.8245361299736792,6.12323e-17,31.752951900167492,-0.382683,0.92388,-0.382683,0.92388,7.255482100311063,74.01012080057427,65.0,1016.9265602900886,1013.6258855700503,7.250421700023928,6.90412,4.79415,1.8511,-3.30067
0.893919,-0.448229,0.7859788979577182,7.818637748975269,-1,18.964947244894294,-0.707107,-0.707107,0.707107,0.707107,4.785978897957719,66.82103165306343,60.39298944897887,1017.0501852285705,1012.9929894489788,5.8210316530634225,8.23942,6.45709,3.46771,-4.0572
-0.882048,-0.47116,0.4974985324239086,2.362109994298993,-0.92388,30.512507337880454,0.382683,0.92388,-0.382683,0.92388,8.025014675760914,71.12080642777165,86.04576240048891,1012.6774867918151,1011.1283108304999,6.9749853242390865,2.48977,5.67604,-2.30665,-1.54918
-0.983709,0.179767,2.240776360338112,7.9454073458287375,0.707107,30.84540734582874,-0.707107,-0.707107,0.92388,0.382683,11.0,64.08214857919883,61.72367412333701,1017.0532476118485,1012.596339464932,7.0,7.93665,7.18872,2.7171,-4.45691
0.2926,-0.956235,0.37459526816399946,0.8428393533689987,-0.707107,33.127023659180004,-0.707107,0.707107,-0.707107,0.707107,13.254047318360003,65.55541719286998,85.55541719287,1011.323910330909,1009.666749684278,8.0,2.55279,6.9583,-3.13014,-1.65716
-0.798779,0.601624,1.4736437352719824,4.330038451491617,-0.707107,22.147287470543965,-0.92388,0.382683,-0.382683,0.92388,7.000000000000001,69.14728747054397,63.58914988217587,1024.2773259220355,1020.5699615485084,7.036821867635991,7.23078,5.82396,2.20426,-3.70736
-0.349647,0.936881,20.562335081426575,2.362957077163609,-0.707107,35.53540847520253,-0.92388,-0.382683,-1,1.22465e-16,9.803112712803799,90.51984491118354,72.79533093079431,1013.9905056791247,1015.0826458058832,7.0,5.1048,1.59649,2.15198,1.09214
-0.0129103,-0.999917,0.002734392965399457,0.8039069326851793,-0.707107,28.068359824134987,-1,1.22465e-16,-0.382683,0.92388,9.054687859307988,60.01367196482699,53.4785187689449,1026.0742179235917,1023.5919914778667,7.0,9.75628,7.97193,0.704296,-2.48223
0.92264,0.385663,0.0,6.3191382551540904,-0.707107,26.979667784582006,-0.707107,-0.707107,6.12323e-17,1,9.753590603524623,58.82894966387708,55.90430872422955,1020.8171050336123,1018.3623204698238,7.0,9.18849,8.22759,2.85682,-2.45478
-0.534373,0.845249,0.30828560283108797,6.589400546127669,1,20.54142801415544,0.707107,-0.707107,0.707107,0.707107,6.075143191506736,70.62428404246631,65.47399765945285,1016.081886226977,1011.1578007021641,7.0,6.99569,5.67422,2.27591,-4.92409
-0.349647,0.936881,1.0686925500589262,3.4351378798585768,-0.707107,31.877809025324094,-1.83697e-16,-1,-0.707107,0.707107,15.274770200235704,73.65653724970537,63.13738510011785,1016.2122828945816,1014.51532171967,6.068692550058926,7.40125,4.92032,1.27483,-1.69696
0.982126,0.188227,0.8998928993639662,5.474419871554816,-0.707107,28.500178501060056,-0.382683,-0.92388,0.382683,0.92388,11.500178501060057,75.24973224840991,59.24973224840992,1016.0764547836394,1011.8514458585865,4.000357002120113,8.71107,4.65869,4.09996,-4.22501
0.405426,0.914128,0.1910353450331859,0.5644226103253212,-0.707107,21.649850707104786,-0.382683,0.92388,0.382683,0.92388,4.6078397341965,73.0,86.82633150451528,1014.2605027432271,1012.8170856193559,7.826331504515286,2.3005,5.15465,-2.17843,-1.44342
0.9711,-0.238673,37.0595532901915,5.454156075651414,6.12323e-17,28.829700935349056,-0.382683,0.92388,6.12323e-17,1,9.733654209070751,84.75544859697642,72.26634579092925,1016.4956411224188,1013.7541560756514,6.170299064650944,5.43802,2.7635,1.61485,-2.74149
-0.873807,0.486273,0.14522416881436961,1.7821637467784457,6.12323e-17,30.273879155928153,-0.707107,0.707107,-0.707107,0.707107,6.726120844071849,74.9044833762874,81.46491240335337,1020.8356725064432,1018.3477583118563,7.0,3.32387,4.64959,0.314035,-2.48791
-0.938377,-0.345612,0.0,8.040086317140563,-0.92388,25.700431585702812,-0.707107,-0.707107,6.12323e-17,1,11.971675191830176,76.11329923267928,64.0,1018.5866064577694,1015.3509846547057,3.242918797957544,7.23078,4.39712,2.16841,-3.23562
0.87796,-0.478734,22.19090196785077,2.900327471741039,6.12323e-17,36.511402197103145,6.12323e-17,1,6.12323e-17,1,16.999999999999996,74.6677582391368,80.24429890144843,1014.8472342843512,1012.4872997786994,7.622149450724214,3.67876,4.86876,-0.22671,-2.35993
0.14154,0.989932,0.0,6.789301798795558,-0.707107,25.517830335340737,-0.707107,-0.707107,6.12323e-17,1,9.482169664659263,63.3038663112519,57.169763490966695,1020.851783033534,1018.0865897179715,6.035660670681473,8.85244,7.12157,2.95178,-2.76519
-0.0129103,-0.999917,2.3848640144804256,0.8406858468767521,-1.83697e-16,18.07567992759787,0.707107,-0.707107,0.382683,-0.92388,7.435317299545675,89.2587308018173,94.94954671493475,1019.8369333936685,1016.7678518023567,7.794954671493475,0.829165,1.81148,-0.030272,-3.06908
0.941317,0.337523,0.5531733669259566,10.37485575604882,0.382683,27.257212197558992,0.707107,-0.707107,0.382683,0.92388,11.502884879023599,66.76009707658258,56.01153951609438,1017.1101428730285,1012.4627392641497,2.0,9.54058,6.50432,4.42399,-4.6474
-0.973118,0.230306,0.0,1.0044099534569995,-0.92388,19.47258617323318,-0.707107,-0.707107,-0.92388,0.382683,6.175804608922275,63.241953910777255,52.53873547508816,1022.1835517039399,1020.18355170394,8.0,10.0214,7.02279,3.50989,-2
0.738326,0.674444,0.3730097682145016,10.940485347678246,-0.382683,45.43365894048339,0.92388,-0.382683,0.92388,0.382683,11.27950413908862,55.207227649008054,46.40485347678247,1009.2585544701983,1004.1819308774799,2.2433658940483387,13.0642,9.90521,4.28747,-5.07662
-0.397543,-0.917584,0.0,6.231380731789535,-0.92388,24.660427342271113,-0.382683,-0.92388,-0.707107,0.707107,10.147544672354346,79.97423466016646,59.17331001218788,1023.5320854684542,1020.1590178689418,4.634662002437577,8.1967,3.43352,4.4993,-3.37307
-0.708627,0.705584,0.0,9.708398958606676,-0.707107,43.0,-0.707107,0.707107,-0.382683,0.92388,18.51399826434446,53.131014753072115,46.91601041393326,1015.9045932309434,1013.8746938384228,2.7569991321722287,12.4259,10.3442,1.5542,-2.0299
0.192452,-0.981306,0.1125515226989278,8.893792935582441,6.12323e-17,36.39034591871414,-0.92388,0.382683,6.12323e-17,1,19.57793178987902,55.140689403373656,51.51586114570341,1011.0703447016868,1010.6906207064418,7.0,10.7361,9.77764,-1.40621,-0.379724
-0.591261,0.80648,1.1701240287595083,3.1014515467342005,6.12323e-17,32.07468992810123,-0.92388,-0.382683,-0.382683,0.92388,8.612034892151843,71.46265503594938,81.50725773367101,1026.6685668524558,1025.019292625823,7.0,3.25577,5.32659,-0.488071,-1.64927
-0.980469,-0.196673,0.11979760696362882,0.38191488464847334,-1.83697e-16,20.0,-0.92388,-0.382683,1,0,6.0,88.53412041736365,75.44538144924246,1013.902218474203,1010.8645044127516,7.889076289848492,4.37264,1.894,0.975428,-3.03771
-0.413279,0.910605,0.0,8.804770514720678,0.707107,35.98899111987536,-1.83697e-16,-1,0.707107,0.707107,11.996330373291785,52.48715630652126,60.49816518664589,1014.4831197171422,1008.2395415638816,5.007339253416428,8.31523,10.4156,2.00073,-6.24358
-0.632103,-0.774884,0.28572641807340854,6.209303404999745,-0.92388,31.571367909632954,6.12323e-17,1,1,0,10.142735819265916,67.23831766467916,75.81011020688142,1010.7715377626607,1007.8811384104589,4.857264180734085,4.63198,6.59119,-0.0477485,-2.8904
0.421101,-0.907014,0.0,3.6792224635999924,-0.92388,26.843142549687492,-0.92388,-0.382683,-0.92388,0.382683,4.843142549687494,80.44703023168753,79.12154427143753,1025.1894060463374,1022.9533261324249,7.494114470187504,3.72889,3.38079,3.27725,-2.23608
-0.847541,-0.53073,0.24622179181683954,7.3531157379689756,-0.707107,19.230004842060556,-0.92388,-0.382683,0.707107,0.707107,7.461113801144753,74.77109927496308,59.84776755564994,1018.9156648912444,1014.9004416468094,2.8466634386262966,8.25779,4.51361,6.41544,-4.01522
0.37372,-0.927542,32.957114997244126,0.0,0.707107,39.960486174687375,6.12323e-17,1,6.12323e-17,1,13.531085881704497,92.36722852957386,91.36722852957386,1010.6338768540597,1007.7810583684334,8.0,1.49718,1.31409,0.346891,-2.85282
0.24285,0.970064,31.60718672863452,0.05764722220831839,-0.707107,26.160131172800885,-0.707107,-0.707107,-0.707107,0.707107,7.192157407361063,93.5836589507177,77.35947530879646,1008.1330728394257,1004.542680709794,7.967973765439823,4.26566,1.08888,3.14804,-3.59039
-0.882048,0.47116,0.0,9.247543025423811,0.707107,32.73477532990306,0.92388,-0.382683,0.707107,0.707107,14.823183553268706,49.530449340193876,53.176816446731294,1015.2280975024212,1010.9280975024211,3.0,10.3421,11.3078,1.74145,-4.3
-0.986658,0.162807,4.907819345803248,0.7702739939623584,6.12323e-17,21.583635678939267,-0.92388,0.382683,6.12323e-17,1,9.0,96.54272487628744,80.70999623416596,1024.8799074134013,1021.538270981295,7.791817839469633,3.38636,0.555364,1.55836,-3.34164
-0.658402,0.752667,29.062028731668743,0.0,-1,26.510485131486003,-0.707107,0.707107,-0.92388,-0.382683,7.6903969257612745,93.82008820572473,90.87030872003653,1019.6188191782643,1015.2815677919488,7.410044102862364,1.53083,1.02148,0.0719647,-4.33725
-0.890028,0.455907,0.20798161319260997,7.240137901055425,6.12323e-17,37.0,-0.707107,0.707107,6.12323e-17,1,17.400229835092375,61.23944839577829,56.19954032981524,1015.419609280343,1014.0277058110818,7.0,9.44368,8.05378,0.42383,-1.3919
-0.873807,-0.486273,19.817676369654436,1.5559823810607778,-0.92388,35.251787130631655,0.382683,0.92388,-0.707107,0.707107,6.0,82.96339086138268,91.3178568853397,1012.5936601928129,1009.941338725614,7.0,1.50464,3.09725,-0.929822,-2.65232
0.982126,0.188227,0.0,9.781395687350363,6.12323e-17,30.215331736055685,-0.382683,0.92388,6.12323e-17,1,13.430663472111378,60.062014375498784,61.70800958366586,1008.8412582010952,1006.3996562843619,5.21533173605569,8.03728,8.52393,-0.80913,-2.4416
0.124479,0.992222,0.0,5.921381563594394,-1.83697e-16,28.508504425536366,-0.382683,-0.92388,-1,1.22465e-16,9.55744542789697,68.24574778723182,62.78618436405606,1017.1294688789592,1013.6064907078005,7.360638643025758,7.30108,5.91399,2.38362,-3.52298
-0.999667,-0.0258184,2.2931161355503407,0.3704151317132125,6.12323e-17,36.06883864449659,0.707107,0.707107,0.92388,0.382683,4.389910664961277,89.66053601023235,93.9747766624032,1020.176142936062,1016.9025223337596,8.0,1.00052,1.74784,0.30825,-3.27362
-0.999667,-0.0258184,5.756812050937065,9.889851669662745,-0.707107,42.41890635205976,-0.707107,0.707107,-0.382683,0.92388,21.515755293383133,65.32437459176097,50.25903623720386,1017.8605652691632,1014.996153787016,3.387395765293495,11.2389,6.94866,2.31937,-2.86441
0.690173,0.723644,0.0,7.986482492498395,6.12323e-17,29.23452742419458,6.12323e-17,1,0.707107,0.707107,14.53094515161083,64.78990083307022,55.72801052984855,1016.1763833255686,1012.9615624391978,5.4690548483891686,9.67536,7.16567,1.5741,-3.21482
0.935368,0.353676,0.19609254501847556,0.3680205642055506,-0.92388,41.03907454981524,-0.707107,0.707107,-0.382683,0.92388,11.117223649445734,70.9023136254619,80.51156812730945,1016.7651928031373,1015.1671465306282,7.882776350554267,3.60116,5.73328,-1.54725,-1.59805
0.702527,-0.711657,13.622067310078524,3.9012480326636143,-0.707107,36.68896634496074,-0.92388,0.382683,-0.382683,0.92388,9.472790645876966,73.17573645137435,66.27059440732984,1014.8768345706479,1013.0647027963352,7.0,6.71591,5.07598,1.38787,-1.81213
-0.944188,0.329408,17.45836277406304,0.4816778391888587,-0.382683,18.450335175665764,-0.707107,-0.707107,-1.83697e-16,-1,5.090067035133153,94.27328864324457,79.81369085404349,1014.5456510251356,1011.1093154572978,7.363355678377717,3.66664,0.94043,3.8826,-3.43634
0.935368,-0.353676,6.824590052664878,2.441188677585793,-0.707107,31.205943387928965,0.382683,-0.92388,-0.382683,0.92388,7.883709259795581,85.0,77.1229502633244,1012.4182885971404,1011.9136269309564,6.890368782915549,4.10274,2.5601,1.1083,-0.504662
0.421101,-0.907014,5.817586617271486,0.7367077368899221,0.382683,28.18200418210266,0.92388,-0.382683,-1.83697e-16,-1,14.817995817897339,89.72494772371675,70.63803763892395,1012.8996930995307,1008.9450918448998,7.0,5.48938,1.74482,-0.52771,-3.9546
0.957485,-0.288482,0.43583821959013697,1.45009572695379,-1.83697e-16,42.084779228551604,1,0,-0.707107,-0.707107,7.556838575547032,77.0847792285516,88.44316142445297,1010.3859339465439,1008.0104044510247,7.726397032650228,1.94122,4.20433,-3.92254,-2.37553
0.749826,-0.661635,0.0,9.887594290007424,0.707107,29.167875851706217,1,0,0.92388,0.382683,11.905107386201777,58.09489261379822,57.16787585170622,1016.8,1013.7905107386201,7.0,9.20559,8.96688,-0.257661,-3.00949
-0.938377,-0.345612,6.557086568268467,0.0,-1.83697e-16,22.0,0.382683,-0.92388,-0.92388,0.382683,4.196358210335583,81.23634328875843,91.4509104474161,1016.774544776292,1015.2,8.0,1.4465,3.4004,-2.39018,-1.57454
0.405426,-0.914128,11.244921926100291,7.474659789764582,6.12323e-17,38.64188511361309,-0.382683,0.92388,-0.382683,0.92388,16.820942556806546,73.55235639201636,74.47801173285563,1014.9745022244626,1013.1297378636643,5.179057443193454,4.85227,5.10133,-1.23141,-1.84476
-0.645348,0.763889,0.2808162193832198,3.039186405727895,-0.382683,31.595918903083902,0.382683,-0.92388,0.707107,0.707107,7.277553966961455,81.65713535682538,82.74285151761903,1021.9212243290748,1018.6146932614536,6.808162193832198,3.0432,3.21397,1.55306,-3.30653
-0.938377,-0.345612,30.723736213715494,0.10472045520300224,6.12323e-17,53.76832944353465,6.12323e-17,1,6.12323e-17,1,19.287579515864895,90.95279544796998,93.3347840678949,1007.802979573729,1005.2308670845787,8.0,1.14084,1.5756,-0.814161,-2.57211
0.276097,-0.96113,1.3303757654287616,3.737170245792156,-0.382683,36.395283742986926,-0.92388,0.382683,-0.707107,0.707107,13.604716257013074,78.23301379909151,71.53537192759805,1026.6088727037136,1024.8391085165642,7.0,5.31315,3.85641,1.95576,-1.76976
0.97874,0.205104,0.0,4.821169345956736,-0.92388,34.22116934595674,-0.707107,0.707107,-0.382683,0.92388,10.221169345956735,61.150604859434274,57.37177420539101,1017.6796471775674,1016.2628225794609,6.185887102695509,9.13545,8.12561,-0.111532,-1.41682
-0.519744,0.854322,5.507297017212442,6.886587872848444,0.382683,31.78457234437679,-0.707107,0.707107,0.382683,0.92388,15.91869361589234,71.13412127151555,53.64628296686962,1018.7219595761615,1016.1788740450368,7.0,10.2917,5.62343,2.49472,-2.54309
-0.989314,-0.145799,0.0,9.610509698022451,-0.707107,38.368365660074836,-1,1.22465e-16,0.382683,0.92388,15.420914150187091,61.78954292490645,50.63163433992516,1020.0262742450562,1017.0683656600748,5.84209141501871,11.2049,7.90345,2.05265,-2.95791
0.0902516,0.995919,0.9856796795276485,6.723108225868461,0.382683,35.995930637100166,0.382683,0.92388,0.382683,0.92388,14.075670965261587,74.07974032816142,69.30675322394619,1014.2705454864753,1011.8781125830016,7.0,6.14166,5.00438,1.13906,-2.39243
0.833556,0.552435,0.0,11.666882011074065,0.707107,27.86752804429627,0.707107,0.707107,0.92388,0.382683,14.735056088592538,52.46365184496305,46.52988782281493,1016.4264943911407,1013.5132471955703,1.3974158671111951,12.6769,10.711,0.726494,-2.91325
-0.809017,0.587785,5.581655493438146,0.11375837992138989,-0.92388,17.596196463260227,-0.92388,-0.382683,-0.707107,-0.707107,4.321028864832431,89.49552606954903,83.90827746719073,1013.3724832401572,1009.7045861266405,7.045861266404633,2.73315,1.73855,-0.204586,-3.6679
-0.999074,0.0430222,0.0,7.662417053266274,-0.92388,38.07047389748718,-0.92388,0.382683,-0.382683,0.92388,13.96644547537673,66.0,56.0,1017.6597251746739,1015.6288531328646,3.8959715778895436,9.35739,6.67406,1.97215,-2.03087
0.309017,-0.951057,0.27793072658033136,4.308448044935249,-0.707107,30.34741340822541,-0.92388,0.382683,6.12323e-17,1,10.915519550647515,70.68533520563535,67.55861453160664,1023.9549122920791,1021.5896536329018,7.652586591774586,6.30227,5.57237,0.434741,-2.36526
0.570242,-0.821477,0.0,7.813696186617771,-0.707107,30.20913079107851,-0.92388,-0.382683,-0.92388,0.382683,10.581738417842972,68.28129971597932,58.41826158215703,1027.106040592264,1023.7851275131562,3.4182615821570286,8.51219,5.99787,2.20265,-3.32091
0.638749,-0.769415,0.0,11.973894980341521,0.707107,28.840700131056526,0.707107,-0.707107,0.92388,0.382683,10.681400262113046,50.942450458697834,53.26105019658479,1012.3575495413021,1008.4053395019852,4.159299868943477,10.5883,11.1037,2.44646,-3.95221
-0.944188,-0.329408,0.131687357908691,8.714404615949945,6.12323e-17,30.0,-0.707107,-0.707107,6.12323e-17,1,13.68312642091309,69.0,63.63374715817381,1017.4246896313697,1014.5905333103241,4.024689631369635,7.47362,6.10475,1.33663,-2.83416
0.611886,0.790946,0.09254731665718598,2.0266956168278383,-0.92388,36.701892666287435,-0.707107,0.707107,-0.382683,0.92388,9.92547316657186,67.23915608300152,69.18020483229046,1017.3298107333713,1015.7298107333713,7.46273658328593,6.08756,6.59833,-1.06274,-1.6
0.259512,-0.96574,13.34226402068787,2.905535279964069,6.12323e-17,42.38035747695072,6.12323e-17,1,-0.382683,0.92388,14.999999999999998,84.0,77.61964252304928,1014.191428036879,1012.361368457387,6.079761682032856,4.18421,2.86038,1.53435,-1.83006
0.946988,0.32127,0.0,9.301719327138985,-0.707107,37.339064423796614,-1,1.22465e-16,0.382683,0.92388,12.847661059491536,63.076169470254236,51.660935576203386,1019.2542983178474,1016.0390644237966,5.584766105949154,10.9306,7.58214,2.46437,-3.21523
0.738326,-0.674444,0.7601201955641125,1.1003004889102812,6.12323e-17,21.006009778205627,-1,1.22465e-16,0.382683,0.92388,8.001502444551408,83.19338924397381,57.395793155256065,1021.2601201955641,1017.5613221512052,7.400300488910282,8.80952,2.91781,3.05907,-3.6988
0.823923,-0.566702,0.0,7.98833786848466,-1,31.13965124715216,-1.83697e-16,-1,6.12323e-17,1,10.279008163272385,62.11632698412147,47.30233242630307,1014.8557133333449,1010.9371127891267,3.209329705212273,12.1725,7.63831,4.0535,-3.9186
-0.413279,0.910605,0.0,9.861724183367876,1,22.720269089397195,-0.92388,-0.382683,6.12323e-17,1,9.360134544698596,74.0996636382535,58.819932727650695,1013.3543565434513,1010.0704372702705,3.0,8.87425,4.93432,4.04983,-3.28392
-0.819015,0.573772,0.0,8.228396481055011,0.382683,28.0,6.12323e-17,1,0.707107,0.707107,12.820991202637527,63.57201172981664,55.840524925860336,1011.0910495601319,1007.4820991202637,5.786005864908316,9.84249,7.61705,1.73385,-3.60895
-0.777597,0.628763,0.0,1.5586579429720449,-1.83697e-16,30.41166121435753,1,0,0.92388,-0.382683,8.646644857430113,60.41342057027955,60.41342057027954,1012.8583060717875,1010.052475464609,7.411661214357528,8.24728,8.19332,0.876678,-2.80583
0.814046,0.5808,0.0,4.598908167767068,-0.707107,36.005459161164666,-1,1.22465e-16,-0.707107,0.707107,13.0,60.005459161164666,69.50272958058233,1022.4366128863107,1020.625136479029,6.125682395145583,5.92635,8.30503,-0.975409,-1.81148
0.87796,0.478734,7.236566531674106,4.9188412279408436,6.12323e-17,32.6371244937779,-0.92388,0.382683,6.12323e-17,1,10.939055780543155,75.0,68.48755375565474,1017.8689699281679,1015.784205983032,6.454291835407368,6.21936,4.74973,0.114957,-2.08476
0.92264,0.385663,4.729070323503499,8.2489096636132,0.382683,47.46220698540209,-0.707107,0.707107,0.382683,0.92388,13.10755860291958,67.24200685656906,49.430234411678335,1022.8413510606937,1020.3198393401098,6.0268896507298955,11.4658,6.51351,1.41344,-2.52151
0.869589,0.493776,2.149548864078815,9.363096632865537,-1.83697e-16,21.20387079108192,-0.92388,-0.382683,1,0,7.80580618662288,68.0,52.80580618662287,1016.3475480426097,1011.7077415821637,1.7961292089180796,10.3689,6.10445,5.44368,-4.63981
-0.865307,-0.501242,2.1761509340936795,0.7267773845376977,-0.382683,17.656905604562077,-0.92388,-0.382683,-0.92388,-0.382683,6.223849065906321,89.89539626362529,83.5230186818736,1020.0014641593157,1016.753766027503,6.552301868187358,2.80797,1.65133,1.34163,-3.2477
-0.809017,-0.587785,0.0,8.444595056853357,0.382683,24.3564187263111,0.92388,-0.382683,0.707107,0.707107,9.0,53.0692561789333,52.13851235786661,1013.4574325094754,1010.0505068915822,4.534628089466652,10.7567,10.3104,2.15051,-3.40693
-0.115935,-0.993257,2.401479241369843,4.125979444718964,6.12323e-17,22.105743650401482,0.382683,-0.92388,1,0,5.274586860888067,85.72541313911194,69.17623941733581,1016.0042644090316,1011.7634461902409,7.345082627822387,6.06348,2.50895,3.09221,-4.24082
-0.954967,0.296713,0.0,8.303809957654977,0.382683,27.219046284138532,-0.92388,-0.382683,0.707107,0.707107,5.738096072413418,72.56666549862122,62.48095021172511,1017.3780953715861,1013.1042857643448,4.261903927586582,7.63516,5.07971,4.43857,-4.27381
0.833556,-0.552435,0.0,3.749482002980276,0.707107,22.349851496336818,1,0,0.707107,0.707107,9.12721872594066,54.095414044455495,64.87278127405934,1009.5385351111387,1006.4448960474358,6.031804681485165,7.20831,10.1309,-0.157248,-3.09364
-0.683919,-0.729558,0.0,9.905138763170363,0.707107,23.061562217133325,0.707107,-0.707107,0.707107,0.707107,7.902569381585184,57.87687556573336,55.84100716445186,1016.5071736802563,1012.4230729638111,6.097430618414817,9.68989,8.95431,2.39384,-4.0841
-0.976938,0.213521,1.1449223940279631,4.8724611970139815,6.12323e-17,28.0524944514772,-0.382683,-0.92388,-0.707107,0.707107,10.862305985069908,78.48192905225531,70.9475055485228,1027.2364024376827,1023.8760753865628,4.465576496267477,5.45027,3.77372,3.30852,-3.36033
0.966848,-0.255353,21.430687353173568,2.382831508193651,-1.83697e-16,42.66012773592021,1,0,-0.92388,-0.382683,6.3559914842719865,75.32375304388759,90.06797445281596,1005.9064476880768,1003.1912408754945,7.3559914842719865,1.7333,4.74422,-2.8644,-2.71521
-0.999667,0.0258184,0.4442874958371117,9.365303577375554,-0.382683,27.365303577375556,-0.707107,-0.707107,-0.707107,0.707107,10.788434525791851,73.22143747918555,59.846261896832594,1023.3125526747059,1021.0538785690497,3.423130948416297,8.23071,4.92158,3.61636,-2.25867
0.823923,-0.566702,4.879008969521994,0.12574967965992878,-0.92388,18.67372917789537,-0.92388,-0.382683,-0.707107,-0.707107,4.386245194898932,85.10756086461352,82.71251601700357,1014.481486545717,1011.0132336626563,7.128748398299644,2.95611,2.52443,-0.431747,-3.46825
0.749826,0.661635,104.92591908414713,2.407761168055627,6.12323e-17,59.407711193866426,0.382683,0.92388,1,0,13.660199026620312,88.01940292013907,76.0,1002.7573135756941,1001.8631344517357,6.339800973379689,4.60509,2.12106,2.49709,-0.894179
1,0,0.27136689412798837,6.764748294040087,6.12323e-17,37.0,-0.707107,0.707107,6.12323e-17,1,16.607913823400143,63.14100682383965,57.78417235319971,1016.7665465002198,1015.0418703060479,7.0,9.02265,7.54896,1.01014,-1.72468
-0.591261,0.80648,0.18154188275425076,0.5137879931777367,-0.92388,40.26167531017003,-0.707107,0.707107,-0.382683,0.92388,10.815418827542508,70.35396589639878,78.96960710296759,1016.9738324689829,1015.373832468983,7.907709413771254,3.91908,5.86026,-1.50771,-1.6
-0.744104,0.668064,0.0,5.174652164723527,-0.707107,35.2171809108444,-0.707107,0.707107,-0.382683,0.92388,13.811453940562933,54.70740066538078,48.66969145349336,1022.1583786899272,1019.802722308144,5.075418423774828,11.495,9.60798,1.23303,-2.35566
-0.459733,0.888057,9.74120132224908,5.050683321030599,0.707107,24.565631888056917,-0.92388,-0.382683,0.382683,0.92388,8.063354151288248,83.0,70.49772226323132,1012.4845958856199,1008.3592542251047,2.873291697423502,5.73896,3.03083,2.55656,-4.12534
0.527078,-0.849817,1.2279768325134268,7.530057918716433,0.707107,22.0,-0.707107,-0.707107,6.12323e-17,1,7.976685972905478,80.11657013547261,65.13988416256714,1021.8144890492697,1018.5703175560433,4.534971040641784,7.01626,3.56898,3.88601,-3.24417
0.226116,0.9741,0.0,8.765119657778296,0.707107,40.95929012468948,0.92388,-0.382683,0.92388,0.382683,16.37208926913522,62.58720085555426,57.52906695185142,1013.5267383671596,1009.5639472940732,5.529066951851419,9.36018,7.83844,2.35698,-3.96279
0.276097,-0.96113,15.537635447632791,0.0,-0.707107,21.64100175669451,-0.707107,-0.707107,-0.707107,0.707107,8.245428069515855,89.64100175669451,87.96342455612684,1014.4630401719098,1012.9802678900868,8.0,2.10731,1.79409,0.360058,-1.48277
0.793572,0.608477,0.0,12.48884139515032,-1,32.99480995123271,-0.707107,0.707107,6.12323e-17,1,16.98961990246541,60.97404975616353,45.03114029260376,1019.4810563219994,1018.1800183122459,3.0077850731509397,13.1997,8.16477,2.89221,-1.30104
0.761104,-0.64863,4.769668486829897,2.934606346782563,-1,26.263397785928824,-0.92388,0.382683,0.382683,0.92388,7.263397785928826,74.31698892964414,77.55131217739145,1024.0611188196049,1020.0820994838264,7.078107749249108,4.04975,4.71153,0.121436,-3.97902
0.714673,-0.699458,0.5071020460840916,3.5887074807982953,-0.382683,21.098721099848866,-0.382683,0.92388,-0.92388,0.382683,4.760653069126137,70.94389117665568,78.05610882334432,1016.7620734783429,1015.8507809591413,7.0,4.05161,5.6894,-2.55909,-0.911293
-0.873807,-0.486273,0.5972780822554306,2.140272191774457,0.382683,26.570058904809738,-0.382683,0.92388,6.12323e-17,1,9.375502740298874,65.79183424676629,74.18094657578801,1010.566532602587,1008.8859882190382,7.59727808225543,4.92936,6.89123,-0.636189,-1.68054
-0.381689,0.924291,14.822636666957596,3.756346316946058,6.12323e-17,29.91754197520089,-1,1.22465e-16,6.12323e-17,1,13.0,89.83508395040178,66.93128497933408,1023.4216648764409,1020.5955531685878,6.931284979334076,6.57627,1.73728,3.80687,-2.82611
-0.949718,0.313107,2.809771937961998,4.1390228062038,-0.382683,26.17068418611401,-1.83697e-16,-1,-0.707107,0.707107,10.853637416050669,88.75613452191133,71.170684186114,1027.4024321602164,1024.0341368372228,7.0,5.40188,1.87269,3.25611,-3.3683
0.957485,-0.288482,0.0,2.834216259927294,-1.83697e-16,31.987457131603367,1,0,0.92388,0.382683,11.151916481785134,50.92404175910743,51.68362416803309,1015.7164459350182,1012.7531707686248,7.924041759107433,10.8644,11.1381,-0.489896,-2.96328
0.915864,0.401488,0.0,6.512504879805664,-0.707107,35.0,-0.92388,-0.382683,-0.707107,0.707107,14.055533867530384,68.95844719546548,58.29165040064779,1026.6736311725342,1023.1097477056519,6.291650400647787,8.54654,5.83012,2.57918,-3.56388
0.0730951,-0.997325,1.2482318735245552,9.735727994519273,0.707107,23.440267546374486,-0.707107,-0.707107,0.92388,0.382683,7.960178364249659,77.16040131956173,60.20022295531207,1016.9245618473864,1012.6005573882802,6.240044591062414,8.44897,4.2718,3.476,-4.324
0.664855,0.746972,43.97977857887192,1.0094049325497145,6.12323e-17,47.625315079470674,1,0,0.707107,-0.707107,8.343671230132331,84.68734246026467,93.78139178576181,1021.6311145158276,1020.3904942420197,8.0,1.04278,2.72362,-1.99695,-1.24062
0.833556,-0.552435,0.0,8.808722485948051,-1,27.44103212278293,-0.707107,-0.707107,-1,1.22465e-16,11.882064245565859,62.20516061391465,47.83845181582561,1024.626167457844,1022.4025803069572,2.6769036316512107,11.5883,7.27852,5.32052,-2.22359
0.625411,0.780296,1.9875317274977518,10.182312871174682,6.12323e-17,31.0,-0.707107,0.707107,6.12323e-17,1,16.37658637488758,67.06234136251123,62.49873090008993,1013.1870240875337,1011.243385133776,5.124682725022483,7.74918,6.60184,0.293766,-1.94364
0.714673,0.699458,0.0,4.454573820574944,-0.707107,37.07939180521905,-0.707107,-0.707107,6.12323e-17,1,17.522609080937734,67.37486998903151,65.22713089712528,1019.9625130010968,1017.9738695459531,7.0,6.77129,6.20435,1.3807,-1.98864
-0.999963,-0.008607,53.61753158540293,0.013311692858747825,-1,33.26623385717495,-0.707107,0.707107,-0.92388,-0.382683,12.068181499887652,94.46753228565007,92.07142757107547,1016.4412335070514,1009.2204544499663,8.0,1.31431,0.905956,0.145779,-7.22078
0.570242,0.821477,0.27486620216133245,1.2826214278463424,-0.382683,32.18984146217668,-0.92388,0.382683,-0.707107,0.707107,8.189841462176682,84.30748258104995,82.80480662427661,1019.467918812466,1017.8740684640869,7.687165505403331,3.07451,2.75195,1.53797,-1.59385
0.209315,-0.977848,9.395613641442115,0.0,-0.92388,24.333389910495573,-0.707107,-0.707107,-0.92388,0.382683,7.622237309465486,97.22220336316815,80.77779663683185,1021.5200101838893,1017.3866881659883,7.155559327366372,3.32885,0.432059,3.54888,-4.13332
-0.200891,-0.979614,8.713048111708028,5.847006609666982,-0.92388,40.99232464017175,0.382683,0.92388,0.92388,-0.382683,6.749616232008589,75.76036173576814,58.51765332760499,1014.350844289581,1008.8774177383458,4.00153507196565,8.64273,4.3893,4.69785,-5.47343
-0.428892,0.903356,4.004464832166886,10.308025437778356,-0.707107,42.81716708359844,-0.707107,0.707107,-0.382683,0.92388,21.847639236332032,63.73133166560627,49.396137985536726,1018.5044201184841,1015.5470811323112,3.1218886109343766,11.5129,7.34321,2.30609,-2.95734
-0.932289,-0.361714,4.780964196822878,9.529846890233395,-0.707107,34.06228015140221,6.12323e-17,1,0.382683,0.92388,13.531140075701105,70.5311400757011,72.06228015140222,1008.7676856949304,1006.8021156570798,7.0,5.53102,5.92088,-0.806228,-1.96557
-0.0129103,0.999917,10.907717460428263,8.058341331682751,6.12323e-17,29.81267996286187,-1,1.22465e-16,6.12323e-17,1,14.291706658413748,63.14537342824188,56.833173366345,1013.6665386930761,1011.4853666769828,2.6458533292068744,9.56069,7.65494,3.07288,-2.18117
-0.0816764,-0.996659,3.6553153044779534,9.35106105323408,6.12323e-17,26.02836167495917,0.382683,-0.92388,0.382683,0.92388,11.82268933996734,68.94327665008164,61.985819162520414,1019.4347581092862,1016.0922055585401,3.794327665008165,7.81783,6.00507,2.49716,-3.34255
0.192452,-0.981306,0.230712166371458,6.852434583266239,-0.382683,20.677906664519693,-1,1.22465e-16,-0.382683,0.92388,6.943822498792327,65.20973833306496,54.74157000161023,1020.7265915834273,1017.9314607499598,7.0,9.6035,6.73265,3,-2.79513
0.996298,0.0859648,0.0,8.158626767921966,-0.707107,29.838163557343265,-0.92388,-0.382683,-0.707107,0.707107,11.0,60.66562819890397,51.57556876343708,1029.1312973969532,1026.5525189587813,3.262594793906181,10.2921,7.57752,4.51008,-2.57878
-0.413279,0.910605,18.717865654785644,2.1390181073129613,-0.92388,23.640554906283622,-0.382683,-0.92388,-0.707107,0.707107,6.91141939237979,80.99999999999999,84.81771612152404,1017.4255496496389,1015.8703522197726,7.635432243048084,2.70364,3.46176,-0.454173,-1.5552
-0.333469,0.942761,4.313865300656843,2.932618478497949,-0.92388,24.075685828169533,-1.83697e-16,-1,-0.382683,0.92388,9.075685828169528,79.92431417183049,69.64501233145374,1024.7367706318316,1021.4699252514561,7.436034907981163,5.7114,3.54746,0.748292,-3.26685
-0.897743,-0.440519,0.286722025419724,0.5026510268319309,0.382683,16.11503009885448,-0.382683,-0.92388,0.382683,0.92388,3.115030098854482,77.27432011297655,62.955740084732405,1015.8920240790836,1012.2353850917934,6.840709985877931,7.64789,4.2041,3.48407,-3.65664
-0.983709,-0.179767,1.1248860601968786,7.410795671287943,-0.382683,28.0,-0.92388,-0.382683,-0.382683,0.92388,10.643182685151777,72.53522597227234,65.62443030098439,1016.8742024213781,1013.9206798241509,6.553978356439719,6.95983,5.23631,2.57511,-2.95352
0.999407,0.0344216,8.921557170901949,2.191872466440361,-0.707107,28.77738240834152,1,0,0.707107,0.707107,10.81802007613971,79.7985908234722,79.47526864354981,1015.3333926387488,1011.765724856741,6.929328871968953,3.73988,3.66332,0.407067,-3.56767
-0.474951,-0.880012,0.24664328230996024,0.7996492346494036,0.382683,31.83391794225099,0.382683,0.92388,0.382683,0.92388,11.932865646199206,71.46643282309961,77.33567176900398,1013.678807397808,1011.5353454505128,7.533567176900398,4.18365,5.49228,-1.22367,-2.14346
-0.428892,0.903356,0.13141462714434796,6.596877915742612,0.382683,37.227804492939136,0.92388,-0.382683,-1.83697e-16,-1,18.91365822149566,70.94243881433044,58.08878202824345,1012.3968779157426,1008.0282925428869,3.0575611856695613,8.72491,5.56626,0.390878,-4.36859
0.99763,-0.0688024,76.84312242228603,3.673969941430556,6.12323e-17,51.83296187422221,0.382683,0.92388,0.707107,0.707107,12.052060117138888,86.20824046855556,70.31236070283333,1008.3533687700416,1007.2002228754667,6.526030058569444,5.91464,2.47869,2.43698,-1.15315
0.482508,0.875892,0.0,8.667343545081042,6.12323e-17,22.195938729513742,-0.92388,-0.382683,-0.382683,0.92388,9.13062581967583,82.38364405736904,57.61635594263096,1028.4840834426236,1025.1355104303277,2.3551043032793046,8.59595,2.96026,5.41224,-3.34857
-0.964614,-0.263665,0.48094172776673916,5.457174816699783,0.382683,28.0,-0.707107,0.707107,-0.707107,-0.707107,2.7023543194168482,75.10706295825054,71.51177159708423,1017.7910035145129,1014.3772983901923,7.0,5.50069,4.6566,1.5167,-3.41371
0.962309,0.271958,0.0,5.919373152631375,0.92388,28.316238915788254,-0.707107,-0.707107,0.707107,0.707107,11.8774926105255,64.35707471227975,60.9591642035085,1018.158119457894,1014.1907880950873,7.0,8.06852,7.10977,1.83162,-3.96733
-0.413279,0.910605,0.0,7.58108133974316,-0.707107,28.079002576429154,-0.707107,-0.707107,6.12323e-17,1,11.494803091714983,60.49480309171499,58.74220463757247,1017.1993754139561,1014.8656956200704,5.7525984541425075,8.67255,8.09586,1.83576,-2.33368
0.772157,-0.635432,11.51626059052209,0.0,-0.707107,24.789905541311917,-0.707107,-0.707107,-0.92388,0.382683,9.526355049210174,87.0,84.78878663882196,1017.3683366441982,1017.2209721491192,8.0,2.70291,2.28921,-0.24729,-0.147364
0.598181,-0.801361,0.08845154680991252,7.696063921289213,-1.83697e-16,61.4619381276035,0.707107,0.707107,0.707107,0.707107,13.884515468099124,54.65354640429738,63.44225773404956,1014.2692907191405,1008.7653546404297,4.884515468099125,7.5574,9.95561,-0.198032,-5.50394
0.9711,-0.238673,2.0211496085250626,4.40673228266962,0.382683,26.480787392035445,-1,1.22465e-16,0.707107,0.707107,11.0,84.75960630398227,68.03842521592911,1018.3086692832301,1014.691362196298,4.0,6.43414,2.71272,4.25481,-3.61731
-0.0473214,-0.99888,2.00349070439585,2.78084095542302,6.12323e-17,29.146370607024533,6.12323e-17,1,-0.382683,0.92388,9.919873117296227,69.32407789441133,63.195160809366044,1016.0048790202341,1013.953312186216,7.0,7.50367,6.00566,0.425783,-2.05157
-0.890028,0.455907,0.15150905038051574,5.730281676331805,6.12323e-17,33.48490949619484,0.382683,0.92388,0.382683,0.92388,17.48490949619484,69.65140838165902,62.212273740487106,1017.5651408381659,1015.5,6.62122737404871,7.88043,5.97591,1.59844,-2.06514
0.341571,-0.939856,37.5325945070504,1.0123405016157543,-0.707107,34.22638231933013,-0.92388,-0.382683,-0.707107,0.707107,9.65021266451233,80.61319115966506,81.67489366774383,1017.2777870970916,1015.3790211472532,8.0,3.27461,3.50862,-0.942383,-1.89877
-0.0988201,0.995105,0.0,8.91971791771601,0.707107,34.00352602854988,0.92388,-0.382683,0.707107,0.707107,15.200705205709976,50.50528904282482,53.501763014274935,1015.759506356003,1011.4996473971449,3.301057808564963,10.248,11.0159,1.66021,-4.25986
-0.490029,-0.871706,0.15697791108257086,1.4456450776422116,-0.707107,29.177334333119283,-1,1.22465e-16,0.382683,0.92388,10.569779110825708,66.27911644330284,62.41867466495425,1026.3569779110826,1023.8569779110825,7.3924447777064275,7.38337,6.4389,0.564533,-2.5
-0.381689,0.924291,0.0,11.213552426884828,0.707107,28.533881067212068,0.707107,-0.707107,0.707107,0.707107,12.022587378141381,57.68788471011119,57.93223786557585,1010.083778034892,1006.1991783991818,2.511293689070691,9.2466,9.11182,3.00452,-3.8846
0.982126,-0.188227,0.09964953956978805,5.756133057528709,-0.382683,23.003504604302123,-0.92388,-0.382683,6.12323e-17,1,13.0,66.5087615107553,58.021027625812714,1024.8933412518259,1021.4407127985993,5.4982476978489405,8.55769,6.23034,4.79299,-3.45263
-0.819015,-0.573772,8.573136331528225,1.2222893807393818,6.12323e-17,34.6875606310336,-1,1.22465e-16,0.382683,0.92388,11.660696962561829,89.33034848128091,83.07163644925807,1021.4240802919709,1017.6196030138923,7.669651518719086,3.05409,1.84584,1.45622,-3.80448
0.999852,-0.0172134,0.18673836475197492,0.2989245287203761,0.382683,32.53584276631912,0.382683,0.92388,0.382683,0.92388,11.132616352480252,70.33691823759875,80.34229559399687,1011.5652327049604,1009.1387094344645,7.933691823759874,3.55877,5.74745,-1.69444,-2.42652
0.92264,-0.385663,2.39698625474637,10.798493127373186,6.12323e-17,24.05274054193853,-0.92388,0.382683,6.12323e-17,1,11.045206178804449,58.06780926820668,62.0,1012.5037671815671,1010.5045206178804,6.984931273731851,7.82166,8.82469,0.498493,-1.99925
-0.788305,-0.615285,3.2391932511778556,0.0,-0.382683,35.40798714510068,-0.92388,0.382683,-0.707107,0.707107,8.027995179412754,89.9013311908501,90.90133119085012,1014.6703993572551,1013.2830657561113,8.0,1.57578,1.74557,0.874667,-1.38733
0.99763,-0.0688024,6.072782288545011,4.886463413119955,-0.707107,35.0,0.92388,-0.382683,6.12323e-17,1,10.46142727869623,75.25036134423725,79.86607950814856,1016.1615718163911,1013.2732159016297,5.807859081955654,3.73091,4.74126,-1.12897,-2.88836
0.994671,-0.103102,0.0,8.012190199191261,-0.707107,28.975619601617474,-0.92388,-0.382683,-0.707107,0.707107,11.0,61.26838621536602,53.9024784064699,1028.9024380398382,1026.0121901991913,3.0,9.66619,7.5195,3.47072,-2.89025
0.982126,0.188227,16.761308028537833,2.892779560642897,6.12323e-17,34.70163503567229,6.12323e-17,1,6.12323e-17,1,16.70163503567229,65.87874453626019,59.967299286554145,1021.3130802853784,1018.7158729872208,7.149182482163853,8.25773,6.74226,0.716553,-2.59721
0.690173,0.723644,0.0,3.370310099632115,-0.707107,30.91211237545986,-0.92388,0.382683,6.12323e-17,1,9.351550498160575,62.0,80.24224750919711,1013.1140312952176,1012.3558335710452,7.087887624540144,3.6281,7.81524,-1.05938,-0.758198
0.38963,0.920971,0.9377134303836551,5.257535275143318,-0.92388,29.74721601932971,-0.92388,-0.382683,-1,1.22465e-16,6.0,79.717891585624,85.83518932044686,1026.5527839806703,1024.0839272654785,7.0,2.43463,3.56537,1.1271,-2.46886
0.38963,0.920971,0.3777386042572099,1.1727020978491791,-0.707107,33.33392093614185,-0.707107,0.707107,-0.707107,0.707107,13.0,65.61042557450118,84.60866276607561,1012.1687232764965,1010.501939089268,7.944346510643024,2.73281,6.93798,-3.00521,-1.66678
0.192452,-0.981306,0.0,8.29461157882109,-0.92388,41.31537192940363,-0.92388,0.382683,0.382683,0.92388,16.999999999999996,60.9461157882109,58.52694210589455,1014.2115701764909,1011.1111735094244,5.369256141192727,8.88594,8.1935,0.678843,-3.1004
-0.381689,0.924291,0.1896729044250974,7.753528069912939,-1.83697e-16,45.89672904425098,-0.382683,0.92388,0.92388,0.382683,7.309812867247078,68.01892592038426,47.67126121236866,1013.8464719300871,1007.6149764150344,3.2065419114980513,11.8381,6.02969,5.64044,-6.2315
-0.959933,0.280231,0.2729699257134442,6.496017855858343,0.382683,30.6716353342895,-0.382683,-0.92388,6.12323e-17,1,14.854060148573113,77.25539473999704,58.52903196142247,1030.8230479301449,1028.2956842080023,7.0,8.36496,3.96307,4.33615,-2.52736
0.842942,0.538005,3.6908843870992643,6.633315217206127,0.382683,17.909115612900735,-0.92388,-0.382683,0.707107,0.707107,6.3030385376335785,83.63646245160294,62.72734683870221,1017.5091427870916,1013.806104249458,3.5151926881678923,7.55036,2.87079,3.35152,-3.70304
-0.67126,-0.741222,3.139967726811889,1.8947855160599492,-0.707107,37.01646679138963,-0.92388,-0.382683,-0.707107,0.707107,16.983533208610364,88.98902213907358,51.08233395694816,1026.3799654038094,1024.1805142968556,7.002744465231606,10.4195,1.77657,6.68106,-2.19945
-0.912375,-0.409356,0.0,6.724576972305155,-1.83697e-16,27.793220525948044,-0.382683,0.92388,0.707107,0.707107,7.206779474051959,51.55084605538969,54.13728710728577,1015.4522041563869,1010.7659328671156,6.0,9.97804,10.5299,2.6622,-4.68627
0.00430354,0.999991,0.115199683561132,7.87599841780566,-0.707107,30.031988924639624,0.707107,-0.707107,1,0,11.303993671222639,63.1200079109717,76.12795569855848,1015.7703954116364,1013.4679912979311,6.57599841780566,4.42655,7.51755,-2.42639,-2.3024
0.999407,-0.0344216,0.5669582452342127,0.36345930242366115,-0.707107,42.1827034878817,1,0,-0.707107,-0.707107,4.413021934572342,79.82604386914468,90.26530787479616,1009.9095229917618,1008.2938768500815,7.917395613085532,1.61494,3.65828,-4.77221,-1.61565
-0.150055,0.988678,6.037100044783239,9.802650003198803,0.382683,19.074200089566475,-0.707107,-0.707107,6.12323e-17,1,6.074200089566475,71.97349996801198,57.005300006397604,1015.2994699993602,1011.7068900083169,1.0159000191928163,9.21661,5.33025,3.48781,-3.59258
-0.618671,0.78565,0.0,2.4551208933012565,0.382683,20.24932837054857,-0.92388,-0.382683,6.12323e-17,1,9.199462696438859,74.0,56.75067162945142,1019.2606447642734,1015.4528962613764,7.024932837054857,8.99121,4.72453,3.61995,-3.80775
-0.444378,-0.895839,2.2870482909622987,3.4629083010402657,0.382683,22.638768311118234,-1,1.22465e-16,0.382683,-0.92388,4.981497558517569,83.28722192295203,92.41673901332905,1013.7936543694735,1011.7556809564371,7.490748779258785,1.28097,2.96326,-0.531454,-2.03797
0.357698,-0.933837,0.0,9.298787026080804,0.707107,22.0,-1.83697e-16,-1,6.12323e-17,1,10.445792193243552,66.3252468405387,62.61448048310887,1013.9180818029057,1010.3457921932436,5.891584386487103,7.81867,6.76339,2.33131,-3.57229
-0.413279,-0.910605,18.41133422212968,0.08956926342332372,0.382683,42.38775325838018,0.382683,0.92388,6.12323e-17,1,11.746030312073469,86.5963679899137,91.82086147315336,1010.8448986966479,1008.90612337081,8.0,1.41323,2.39149,-0.929932,-1.93878
-0.563151,0.826354,16.532230875057966,1.914490558311435,0.382683,35.3399445208752,0.382683,0.92388,0.382683,0.92388,17.466115437528984,77.40771364581724,67.71845727083655,1018.6495316333385,1016.8116803583423,7.0,6.49224,4.26381,1.16309,-1.83785
-0.938377,0.345612,0.1070073464089821,8.014014692817964,-1,29.745257124314374,-0.707107,-0.707107,-1,1.22465e-16,13.280293856359283,61.420440784538926,55.3503673204491,1025.2382497779054,1022.5987607975188,6.464963267955089,9.25247,7.45529,3.74394,-2.63949
0.852078,0.523416,0.0,5.402874269843787,0.382683,27.04676103174718,6.12323e-17,1,0.707107,0.707107,12.906477936505649,73.14929226189618,70.05577019840183,1011.9532389682529,1009.9690691111078,7.0,6.0246,5.26757,1.0187,-1.98417
0.823923,-0.566702,0.16771651174052496,0.8385825587026248,-0.92388,13.6456697651895,-0.92388,-0.382683,-0.92388,-0.382683,2.3228348825947505,70.42126161946062,70.2283488259475,1021.2417320939242,1019.7094486056648,8.0,5.41995,5.29315,2.04843,-1.53228
0.994671,-0.103102,10.492976206027139,6.3511706323288095,1,32.38476731955162,0.382683,0.92388,6.12323e-17,1,18.974612199252704,75.30860391730974,74.12891415790757,1014.0972637045082,1012.5511706323288,5.794922439850541,5.00284,4.74444,-0.0205078,-1.54609
0.999852,0.0172134,40.46215197987699,0.028805340146189157,0.382683,22.256047467966123,-0.382683,0.92388,0.707107,-0.707107,4.096017800487297,81.51991099756353,90.2318575961016,1005.5728320408771,1004.9088201738855,7.967994066504234,1.65257,3.36112,-3.81757,-0.664012
0.107381,-0.994218,0.746857025395902,2.1077136396774616,0.382683,24.312380169306014,0.92388,-0.382683,0.382683,-0.92388,5.421904957673497,69.86714256348976,78.75761777512227,1013.1071915235533,1011.9204772672043,7.0,3.95268,5.96661,-1.70233,-1.18671
-0.413279,-0.910605,2.20049307266168,0.6586193965472953,-0.382683,17.80295843597008,-0.92388,-0.382683,-0.92388,-0.382683,6.199506927338319,89.79802770935328,84.0098614532336,1019.9795562346045,1016.7805423799277,6.60098614532336,2.71499,1.6676,1.21749,-3.19901
-0.563151,0.826354,0.0,6.318613453163802,-1.83697e-16,30.252449306572785,-0.382683,-0.92388,-1,1.22465e-16,9.944988734793954,67.3737753467136,58.81386546836199,1016.9066314774934,1013.2286359835759,7.263752816301512,8.3148,6.12158,2.44175,-3.678
0.690173,-0.723644,0.10596800463622333,0.4350799884094417,-0.707107,34.88792030135452,-0.707107,0.707107,-0.382683,0.92388,10.059680046362233,65.82824025499228,67.83552064907126,1021.2724877844157,1019.2493438052785,7.529840023181117,6.26349,6.75983,-0.471616,-2.02314
0.996298,0.0859648,3.81904251648,8.66349291392,-0.707107,27.612017513244442,-0.707107,-0.707107,1,0,8.049389330488887,67.12169028693333,52.75661942613333,1013.5608451434666,1008.7144601912888,2.414460191288889,10.4579,6.42014,4.03651,-4.84638
-0.708627,0.705584,0.09288819942286448,3.147895955915639,-0.382683,35.374456510099876,-0.92388,0.382683,-0.707107,0.707107,11.37445651009987,77.48330747835742,72.3410714668147,1026.8380279233738,1025.107694072941,7.232220498557162,5.13777,3.99751,2.17489,-1.73033
-0.413279,-0.910605,0.21745803591793508,4.978561161630708,6.12323e-17,31.523741077538055,-0.707107,0.707107,6.12323e-17,1,13.174580359179348,66.08729017958967,42.7458035917935,1020.7777937485745,1018.5603357126566,7.0,13.7644,6.71875,3.38652,-2.21746
0.24285,-0.970064,0.0,7.656714351995281,0.707107,23.951168349125226,1,0,0.707107,0.707107,10.975584174562611,62.03662373815608,67.9877920872813,1017.8957796726951,1014.3329613643405,6.0,6.35984,7.80984,0.256714,-3.56282
-0.912375,-0.409356,0.18640286845138684,0.4826981699757673,-0.707107,20.543885261944528,-0.382683,-0.92388,-1.83697e-16,-1,2.1359713154861315,78.0,74.02841592545109,1013.286655143205,1010.8370866961702,6.728057369027736,4.95088,4.11466,-0.344496,-2.44957
0.9711,-0.238673,0.6412843843190286,4.460917477634331,-0.707107,29.527064113754655,0.382683,-0.92388,-0.707107,0.707107,13.565137537276117,75.79357807840485,62.28256876863805,1019.2468808713348,1016.9088074478135,5.641284384319029,7.51861,4.37436,2.36472,-2.33807
-0.183998,0.982927,0.0,6.449361131722085,0.382683,25.1877661951158,0.92388,-0.382683,0.707107,0.707107,9.0,55.5632985853474,57.12659717069479,1013.1248935219537,1009.468563663419,5.781649292673697,9.27188,9.60214,1.56856,-3.65633
-0.115935,-0.993257,3.1753821409851066,5.866156521957966,-0.92388,36.030776999232806,-1.83697e-16,-1,1,0,9.676925666410934,72.38460963019791,67.70768396378698,1014.4569215520024,1009.6999981298143,3.584613370569273,6.38641,5.24376,1.77539,-4.75692
0.0730951,0.997325,5.379265344415717,4.256709816691022,-0.92388,26.1829281111236,-0.707107,0.707107,-0.382683,0.92388,13.365856222247201,78.90243133325839,67.80486266651678,1019.0085359444382,1016.8536575111011,5.817071888876399,6.37467,3.87409,1.7186,-2.15488
-0.632103,-0.774884,16.104363298721434,5.13262530049486,-0.707107,39.194412471752614,-0.707107,0.707107,-0.382683,0.92388,14.805587528247388,78.7709532309277,60.9027937641237,1014.3117296204125,1012.2728471260621,7.0,8.13843,3.93317,1.56737,-2.03888
0.999407,-0.0344216,1.9761191276003183,6.323382969833466,-1,24.684907718445682,-0.707107,-0.707107,0.707107,0.707107,6.744609899444886,70.19568791955591,60.00000000000001,1013.0417915266994,1010.0749588925107,7.548921979888977,8.44621,5.755,3.51575,-2.96683
-0.645348,0.763889,0.0,5.603460924660472,6.12323e-17,22.017304623302355,-0.707107,-0.707107,6.12323e-17,1,13.40346092466047,69.0,64.19307815067906,1024.0299633184848,1020.6510015958828,6.798269537669764,7.13321,5.9001,2.15879,-3.37896
-0.890028,0.455907,0.9462853563605003,3.6282292037631168,-1.83697e-16,30.060574053356337,0.92388,0.382683,-1.83697e-16,-1,13.530287026678165,79.25485439876383,84.677712138163,1016.5126846882333,1012.4435415924738,7.315428452120167,2.65285,3.68258,0.378514,-4.06914
0.175531,0.984474,0.0,7.196654922366922,0.707107,27.297055110058746,1,0,0.707107,0.707107,12.648527555029371,59.52720866745594,68.82426377751469,1014.75901083432,1012.0744878007102,6.0,6.25037,8.61245,-0.203345,-2.68452
0.994671,-0.103102,0.0,9.994354682818829,0.707107,37.195277945253736,1,0,0.92388,0.382683,16.167051359347877,71.91762839836969,63.47292749213777,1020.6752885195108,1016.283525679674,3.5552990937680815,7.42795,5.34907,1.96118,-4.39176
0.124479,0.992222,0.0021687195314637367,10.284818963279754,-0.707107,28.00813269824299,-0.92388,0.382683,6.12323e-17,1,16.9728910058567,62.06777248535823,54.06506158594391,1022.9097592378916,1019.8119279574231,3.0108435976573187,10.1247,7.77381,2.49458,-3.09783
-0.284359,0.958718,2.329982361514991,9.994797157422399,6.12323e-17,24.81687244899177,-0.707107,0.707107,6.12323e-17,1,10.533215743433276,59.16696064141682,62.933568513133444,1012.9084362244959,1010.8384185860109,7.0,7.58573,8.53404,0.464991,-2.07002
-0.865307,0.501242,0.0,5.325403911164106,0.382683,21.634168994740545,-1.83697e-16,-1,6.12323e-17,1,12.161002793688647,76.0,64.99015781998595,1013.4966016762132,1010.6341689947405,4.892664804207569,7.1317,4.55053,1.05367,-2.86243
-0.989314,0.145799,5.169763009689341,6.961018810558386,0.382683,23.303731977949255,0.382683,-0.92388,6.12323e-17,1,11.84881504844671,72.81694356832483,70.63524921149236,1018.0270498422985,1014.2088804066152,4.575592475776645,5.71826,5.16393,1.62732,-3.81817
0.87796,-0.478734,13.54406275943657,2.9474367899262175,6.12323e-17,35.0,6.12323e-17,1,6.12323e-17,1,16.999999999999996,63.439973850234765,59.554184850905514,1021.2726155096043,1018.3343286746143,7.205710550033538,8.38982,7.35137,0.794289,-2.93829
0.893919,-0.448229,0.36277745038568254,7.769232324648347,-1.83697e-16,40.146405999092515,-1.83697e-16,-1,6.12323e-17,1,13.0,66.1736917512478,67.10669925011344,1008.4200977503402,1004.9841173004085,6.0,6.79873,7.03192,-0.0158827,-3.43598
-0.788305,0.615285,0.05970901599341812,11.686527666034555,6.12323e-17,28.74636269991773,0.382683,0.92388,0.382683,0.92388,12.70145492003291,51.53763317972027,47.23908809975318,1013.43118341014,1009.9849467281119,2.597090159934181,12.3881,10.9333,0.9358,-3.44624
-0.0645084,0.997917,9.718433065671789,2.0270127372256406,0.382683,46.69766883213334,0.382683,0.92388,6.12323e-17,1,16.999999999999996,74.98389810219487,65.96779620438974,1015.0692381605621,1012.7627974014399,7.745974525548718,6.84591,4.74248,0.933453,-2.30644
-0.999074,0.0430222,0.7097780484768997,10.35062987777049,6.12323e-17,31.817036585871836,0.707107,0.707107,6.12323e-17,1,14.634073171743667,59.68926219183307,59.26814634348733,1011.2518896333114,1009.4689262191833,2.8170365858718336,8.81535,8.64225,0.90252,-1.78296
-0.919286,-0.39359,0.0,5.153056646969969,6.12323e-17,20.26824773160018,-0.707107,-0.707107,6.12323e-17,1,13.0,69.33530966450023,65.7376812619005,1024.8110407891797,1021.3982213019498,7.0,6.68601,5.75663,2.23294,-3.41282
-0.905193,-0.425,0.33061553901357665,0.9909294764573907,-0.707107,13.117916806053922,-0.92388,-0.382683,-0.92388,-0.382683,2.0,68.17233994730958,67.17233994730958,1021.4700672723094,1019.9664390628923,8.0,6.08637,5.77538,1.98004,-1.50363
-0.0129103,-0.999917,3.911025702755968,7.315498370952086,-0.382683,31.280028960851794,-0.92388,-0.382683,-0.382683,0.92388,11.0,75.2800289608518,66.84501629047912,1018.2345197295803,1015.3755200915909,6.589996379893526,6.6096,4.59711,2.7615,-2.859
-0.991677,0.128748,4.9512172267755625,0.30338286797104036,-0.382683,18.688428774457005,-0.707107,-0.707107,-1.83697e-16,-1,5.137685754891401,92.37922858496381,90.0,1017.6383970657063,1014.7591684807425,8.0,1.62246,1.21073,1.23092,-2.87923
