Date_x,Date_y,MinTemp,MaxTemp,RainFall,Evaporation,Sunshine,WindGustDir_x,WindGustDir_y,WindGustSpeed,WindDir9am_x,WindDir9am_y,WindDir3pm_x,WindDir3pm_y,WindSpeed9am,WindSpeed3pm,Humidity9am,Humidity3pm,Pressure9am,Pressure3pm,Cloud9am,Cloud3pm,Temp9am,Temp3pm,dewDiffTemp3pm,dewDiffTemp9am,diffTemp3pm9am,diffPress3pm9am,RainToday
1,0,22.2,33.9,0,9,6.9,-1.83697e-16,-1,44,-0.707107,0.707107,0.92388,0.382683,4,13,60,65,1007.4,1005.1,5,7,29.7,30.9,7.36338,8.61109,1.2,-2.3,0
0.999852,0.0172134,23.2,31.5,0,7.4,0.7,-0.382683,0.92388,30,-0.92388,-0.382683,6.12323e-17,1,11,17,74,47,1009.9,1009.7,8,8,25,29.4,12.5072,4.96624,4.4,-0.2,0
0.999407,0.0344216,21.8,26,4.4,5.4,0,-0.92388,0.382683,41,-0.707107,0.707107,-0.92388,0.382683,15,15,85,86,1015.3,1015.1,8,8,22.7,22.1,2.4564,2.65711,-0.6,-0.2,1
0.998667,0.0516197,20.1,27.5,4.8,4.2,7,-0.382683,0.92388,35,-0.707107,0.707107,-0.707107,0.707107,17,17,55,45,1017.4,1014.7,7,7,25.6,26.3,12.8949,9.72347,0.7,-2.7,1
0.99763,0.0688024,20.4,29,0,7.8,7.7,-0.92388,0.382683,30,-0.707107,0.707107,6.12323e-17,1,11,19,65,54,1014.1,1012.1,7,7,25.8,27.7,10.1678,7.0901,1.9,-2,0
0.996298,0.0859648,20.8,30.5,0,6.4,12.7,6.12323e-17,1,30,-0.382683,0.92388,6.12323e-17,1,9,15,58,49,1013.5,1011.1,3,2,27.3,29.6,11.8648,9.00202,2.3,-2.4,0
0.994671,0.103102,20.9,29.8,0,8.6,11.4,0.707107,0.707107,30,6.12323e-17,1,0.707107,0.707107,9,17,62,57,1013,1010.2,3,7,27.2,28.4,9.3552,7.92699,1.2,-2.8,0
0.990532,0.137279,23.1,30.2,0.6,4.4,2.8,-0.92388,0.382683,43,-1,1.22465e-16,-0.92388,0.382683,9,24,74,47,1011.8,1010.4,8,7,24.9,28.9,12.4615,4.9625,4,-1.4,0
0.988023,0.154309,19,29.1,0.2,6.4,9.6,-0.707107,0.707107,43,-0.707107,0.707107,-0.382683,0.92388,20,22,52,51,1012.4,1010.4,3,5,26,26.3,10.9575,10.6306,0.3,-2,0
0.98522,0.171293,19.6,28.7,0,9,8.9,-0.382683,0.92388,33,-0.707107,0.707107,6.12323e-17,1,9,17,55,56,1012.6,1010.6,7,7,25.5,26.2,9.48322,9.71622,0.7,-2,0
0.982126,0.188227,18.6,29.5,0,7.6,9.5,-0.382683,0.92388,35,6.12323e-17,1,6.12323e-17,1,9,15,60,54,1014.6,1013.2,7,7,26,27.8,10.1753,8.37817,1.8,-1.4,0
0.97874,0.205104,20.2,30.2,0,7.6,11.5,6.12323e-17,1,37,-0.382683,0.92388,6.12323e-17,1,17,20,55,53,1017.2,1015.4,6,4,26.3,27.2,10.4255,9.77428,0.9,-1.8,0
0.975065,0.221922,18.8,29.3,0,9.4,13,0.707107,0.707107,33,6.12323e-17,1,-0.382683,0.92388,13,17,49,39,1017.2,1015.3,3,3,26.7,28.5,15.3188,11.6144,1.8,-1.9,0
0.9711,0.238673,19,31.7,0,8.4,12.8,0.92388,0.382683,30,-1.83697e-16,-1,0.382683,0.92388,7,17,59,45,1016.4,1013.1,3,1,26.1,29.7,13.2208,8.65124,3.6,-3.3,0
0.966848,0.255353,19.8,32.9,0,9,12.4,0.707107,0.707107,31,0.382683,-0.92388,0.707107,0.707107,7,15,54,52,1013.8,1010,1,6,28.1,31.1,11.0372,10.1979,3,-3.8,0
0.962309,0.271958,23.2,31.1,0,9,7.1,-0.382683,0.92388,52,-0.382683,0.92388,-0.707107,0.707107,15,22,65,61,1012.6,1014,7,7,27.9,26.1,8.12147,7.20202,-1.8,1.4,0
0.957485,0.288482,20.3,27.8,0,8.8,5.8,-0.382683,0.92388,33,-0.382683,0.92388,-0.382683,0.92388,13,17,56,56,1019.4,1018.1,7,7,25.4,25.1,9.40573,9.42684,-0.3,-1.3,0
0.952378,0.304921,18.7,28.9,0,7.6,9,0.382683,0.92388,31,-0.707107,0.707107,0.382683,0.92388,13,15,49,50,1019.2,1016.7,7,7,26.4,26.5,11.2828,11.5886,0.1,-2.5,0
0.946988,0.32127,19.3,30.9,0,8.6,12.5,0.382683,0.92388,26,0.382683,0.92388,0.382683,0.92388,9,17,49,42,1017.7,1015.5,4,3,27.4,29.3,14.2604,11.6746,1.9,-2.2,0
0.941317,0.337523,21.9,31.5,0,8.2,11.7,0.707107,0.707107,35,0.92388,0.382683,0.92388,0.382683,11,17,63,54,1016.5,1013.5,5,1,28.4,30.2,10.3565,7.73798,1.8,-3,0
0.935368,0.353676,25,32.3,0,9.2,8.2,0.707107,0.707107,43,0.92388,-0.382683,0.92388,0.382683,11,17,64,58,1014.5,1010.6,5,6,28.4,30.6,9.22371,7.48164,2.2,-3.9,0
0.929141,0.369725,24.2,29.9,26.6,7,0.5,0.92388,0.382683,30,1,0,0.92388,0.382683,2,13,84,77,1012.4,1009.5,7,7,26.6,28.3,4.42991,2.93397,1.7,-2.9,1
0.92264,0.385663,23.6,32.5,4.4,2.8,3.8,0.92388,0.382683,30,-0.707107,-0.707107,0.707107,0.707107,6,13,68,64,1011.5,1007.9,7,7,29.3,30.3,7.58734,6.53355,1,-3.6,1
0.915864,0.401488,25.2,31,0,3.6,3.1,0.382683,0.92388,26,0.382683,0.92388,0.707107,0.707107,7,15,81,80,1013,1012.9,7,7,27.3,27.9,3.78002,3.5564,0.6,-0.1,0
0.908818,0.417194,23.1,30.5,29.8,6.4,7.4,0.707107,0.707107,28,0.92388,0.382683,-0.382683,0.92388,7,11,73,51,1016.3,1015,6,6,27.3,29.5,11.2191,5.27651,2.2,-1.3,1
0.901502,0.432776,22.1,30.5,1.8,5.8,10.4,6.12323e-17,1,39,-0.382683,0.92388,-0.707107,0.707107,15,20,68,55,1016.7,1015.1,6,4,26.9,28,9.8982,6.41803,1.1,-1.6,1
0.893919,0.448229,20.8,30.1,0.2,8.6,10.2,-0.382683,0.92388,35,-0.382683,0.92388,-0.382683,0.92388,15,19,61,54,1016.1,1015.3,6,1,27.8,28.6,10.2355,8.22485,0.8,-0.8,0
0.886071,0.46355,21.1,29,0,7,5.2,6.12323e-17,1,35,0.382683,0.92388,0.382683,0.92388,13,19,67,66,1017.3,1015.5,7,7,26.2,26.7,6.89158,6.62363,0.5,-1.8,0
0.860961,0.508671,22.1,27.9,0.8,7.4,0.1,-0.707107,0.707107,28,-0.92388,-0.382683,-0.382683,0.92388,4,13,80,60,1015.4,1012.9,7,7,23.9,27.3,8.45966,3.6678,3.4,-2.5,0
0.852078,0.523416,23,28.4,1,5.6,1.5,-0.382683,0.92388,37,-0.707107,0.707107,-0.382683,0.92388,19,17,80,62,1012.8,1010.4,7,8,23.6,26.9,7.90931,3.65946,3.3,-2.4,0
0.842942,0.538005,21.9,29.8,6.2,2.4,8.7,0.707107,0.707107,28,-0.92388,0.382683,0.382683,0.92388,6,13,77,59,1011.1,1008,7,4,24.9,28.4,8.80024,4.31831,3.5,-3.1,1
0.833556,0.552435,22.7,30.6,0.6,5.8,11.8,0.382683,0.92388,33,-0.382683,0.92388,6.12323e-17,1,15,19,62,51,1009.2,1007.1,3,2,28.8,29.4,11.2109,8.02159,0.6,-2.1,0
0.823923,0.566702,22,30.4,0,9.2,11.8,6.12323e-17,1,33,-0.707107,0.707107,-0.382683,0.92388,11,19,60,55,1009,1007.3,7,3,28.1,30,10.045,8.50999,1.9,-1.7,0
0.814046,0.5808,21.9,31.1,0,9,12.1,6.12323e-17,1,33,-0.707107,0.707107,6.12323e-17,1,11,19,60,53,1011.4,1010.6,7,2,27.3,29.5,10.6037,8.45966,2.2,-0.8,0
0.803928,0.594727,22.1,30.8,0,9,9,0.382683,0.92388,31,6.12323e-17,1,-0.382683,0.92388,17,17,55,47,1014.4,1012.5,4,2,28.3,29.7,12.5346,9.92015,1.4,-1.9,0
0.793572,0.608477,20.2,30.8,0,8.4,12.2,0.382683,0.92388,50,-1,1.22465e-16,0.382683,0.92388,7,11,62,50,1012.6,1009.4,6,2,27.1,30.3,11.6025,7.9211,3.2,-3.2,0
0.78298,0.622047,20.5,36.1,0,7.4,12,-0.382683,-0.92388,31,-1.83697e-16,-1,0.92388,0.382683,7,13,60,50,1010,1006.5,0,1,27.8,33.1,11.8409,8.4911,5.3,-3.5,0
0.772157,0.635432,24.4,32.3,0,7.2,7.5,0.382683,0.92388,28,6.12323e-17,1,0.707107,0.707107,4,11,66,61,1011,1007.3,7,7,28.5,29.9,8.35343,6.98449,1.4,-3.7,0
0.761104,0.64863,23.3,31.5,1.4,8,9.7,-1,1.22465e-16,30,0.707107,0.707107,6.12323e-17,1,9,17,64,52,1005.8,1004.7,7,7,27.5,30.7,11.005,7.43183,3.2,-1.1,1
0.749826,0.661635,21.7,28,0,6.8,3.3,-0.92388,0.382683,31,-0.92388,0.382683,6.12323e-17,1,13,9,62,82,1012.2,1011.6,7,7,25.5,24.3,3.27694,7.82708,-1.2,-0.6,0
0.738326,0.674444,20.6,23.5,23.8,8,0,-0.92388,0.382683,48,-0.92388,0.382683,-0.707107,0.707107,9,7,91,91,1016.7,1014.9,8,8,21.8,21.8,1.53792,1.53792,0,-1.8,1
0.726608,0.687053,20.1,25.6,36.8,1.6,0.1,-1,1.22465e-16,35,-0.707107,0.707107,-0.92388,-0.382683,13,6,91,73,1011.5,1007.4,8,8,21.5,25.2,5.19404,1.53437,3.7,-4.1,1
0.714673,0.699458,20.8,31.8,2,1.2,11.4,-0.92388,-0.382683,24,-0.382683,-0.92388,0.92388,0.382683,11,9,62,54,1007,1004.8,2,5,25.5,29.5,10.3035,7.82708,4,-2.2,1
0.702527,0.711657,21.1,30.8,0,5.8,9.3,-0.382683,0.92388,30,-1,1.22465e-16,6.12323e-17,1,11,15,59,56,1009.7,1006.8,2,7,26.7,28.9,9.6747,8.68999,2.2,-2.9,0
0.690173,0.723644,21.6,28.4,0,6.4,2.3,0.707107,0.707107,30,-1,1.22465e-16,6.12323e-17,1,6,11,65,73,1009.5,1008.1,7,8,26.7,25.6,5.2097,7.13796,-1.1,-1.4,0
0.677615,0.735417,22.3,27.8,17.4,3.2,2.5,6.12323e-17,1,26,-0.92388,0.382683,-0.707107,0.707107,7,9,76,70,1008.1,1004.9,7,7,26.1,27.5,5.97317,4.5717,1.4,-3.2,1
0.664855,0.746972,21.7,31.6,2.2,2,10.3,-1.83697e-16,-1,31,-0.707107,0.707107,0.382683,0.92388,7,13,72,62,1009.4,1006.1,4,2,27.2,31.1,8.15853,5.49887,3.9,-3.3,1
0.651899,0.758306,23.6,32.5,3.4,7.6,5,-1.83697e-16,-1,33,-0.707107,-0.707107,6.12323e-17,1,4,13,76,68,1011.1,1008.2,7,6,26.5,29.7,6.5529,4.58546,3.2,-2.9,1
0.638749,0.769415,20.9,28.7,35.2,6.2,1.9,-1.83697e-16,-1,28,-0.707107,-0.707107,0.382683,0.92388,6,9,87,72,1011.7,1009.3,7,7,23.1,27.7,5.51943,2.28718,4.6,-2.4,1
0.611886,0.790946,20.8,29.7,0,6.8,11.3,0.382683,0.92388,31,-0.382683,0.92388,6.12323e-17,1,11,19,65,53,1016.6,1015.1,3,1,27,28.7,10.5415,7.15395,1.7,-1.5,0
0.598181,0.801361,19.8,29.8,0,8,10.8,0.382683,0.92388,28,-1.83697e-16,-1,0.707107,0.707107,2,15,61,55,1016.9,1015.3,1,2,27.4,28.7,9.94945,8.20047,1.3,-1.6,0
0.584298,0.811539,20.4,27.9,0,7,1.5,0.707107,0.707107,22,-1.83697e-16,-1,0.382683,0.92388,6,11,70,64,1016.8,1014,7,7,25.3,26.7,7.38768,5.87557,1.4,-2.8,0
0.570242,0.821477,20.9,30.3,0,3.6,10.1,-0.707107,0.707107,43,-0.92388,0.382683,-0.707107,0.707107,13,20,59,55,1015.2,1012.9,3,3,27.3,27.8,9.88359,8.72883,0.5,-2.3,0
0.556017,0.831171,19.9,30.1,0,7.2,11.9,-0.382683,0.92388,44,-1,1.22465e-16,6.12323e-17,1,11,15,51,51,1015.2,1011.8,1,3,25.3,27.9,11.088,10.8764,2.6,-3.4,0
0.541628,0.840618,19.2,32.2,0,7.4,11.8,0.92388,0.382683,26,-0.707107,-0.707107,0.707107,0.707107,7,9,56,45,1012.9,1009.4,2,3,25.3,30.8,13.3271,9.4198,5.5,-3.5,0
0.527078,0.849817,20,33.8,0,6.8,9.2,6.12323e-17,1,22,-1,1.22465e-16,0.92388,0.382683,6,9,63,53,1011.4,1008.1,0,7,27.4,31.7,10.7755,7.68077,4.3,-3.3,0
0.512371,0.858764,23,32.2,0,5.8,10,6.12323e-17,1,28,-0.707107,-0.707107,0.382683,0.92388,6,13,57,55,1014,1012,6,6,28.9,29.8,10.0302,9.38977,0.9,-2,0
0.497513,0.867456,24,30.5,0.2,6,9.8,0.382683,0.92388,24,6.12323e-17,1,0.707107,0.707107,7,13,72,58,1017,1014,6,3,27.8,30.1,9.18996,5.52354,2.3,-3,0
0.482508,0.875892,23.3,31.1,0.2,4.8,10.6,0.382683,0.92388,30,0.707107,0.707107,0.707107,0.707107,11,13,59,56,1014.6,1010,5,3,29,30,9.75324,8.83931,1,-4.6,0
0.467359,0.884068,20.5,31.5,0,7.8,10.7,-0.382683,-0.92388,39,-0.382683,-0.92388,-0.382683,-0.92388,15,7,32,22,1010.4,1007,1,1,24.5,31.3,24.2807,17.7878,6.8,-3.4,0
0.452072,0.891981,20.4,28.8,0,9,9.8,0.382683,0.92388,26,-0.92388,0.382683,0.382683,0.92388,7,15,55,50,1013.2,1010.6,7,2,25,28.4,11.4421,9.68002,3.4,-2.6,0
0.436651,0.899631,20.2,29.8,0,6.2,11.2,0.707107,0.707107,28,-1.83697e-16,-1,0.707107,0.707107,9,17,62,53,1014.8,1011.4,4,3,26.1,28.6,10.5338,7.86227,2.5,-3.4,0
0.421101,0.907014,20.2,30.2,0,7,11.2,6.12323e-17,1,35,6.12323e-17,1,-0.382683,0.92388,15,19,60,54,1014.8,1012.9,4,5,27.1,27.9,10.1828,8.4471,0.8,-1.9,0
0.405426,0.914128,20.7,26.4,0,9.8,0,-0.92388,0.382683,35,-0.707107,0.707107,-0.707107,0.707107,19,17,59,79,1016.1,1013.6,7,8,25.7,23.6,3.86269,8.62546,-2.1,-2.5,0
0.38963,0.920971,21.9,27.4,3.4,3.8,0.1,-0.707107,0.707107,50,-0.707107,0.707107,-0.707107,0.707107,17,20,70,61,1014.8,1013.5,8,8,25.8,25.8,8.1033,5.89768,0,-1.3,1
0.37372,0.927542,20.6,25.8,4.4,6,2.9,-0.382683,0.92388,35,-0.92388,0.382683,-0.707107,0.707107,15,15,88,82,1017.4,1015.7,7,7,22.3,23,3.2447,2.08818,0.7,-1.7,1
0.357698,0.933837,19.9,27.7,5.6,4.4,6.2,0.382683,0.92388,35,-0.382683,0.92388,-0.382683,0.92388,19,15,69,59,1019.8,1017.5,7,7,24.6,26.1,8.65124,6.07501,1.5,-2.3,1
0.341571,0.939856,20.4,25.3,3,6.4,3.9,0.382683,0.92388,30,-0.382683,0.92388,6.12323e-17,1,7,15,75,80,1017.7,1016,6,7,24,22.9,3.64001,4.71309,-1.1,-1.7,1
0.325342,0.945596,19.2,28,6,3.2,9.2,0.382683,0.92388,24,-0.92388,-0.382683,0.707107,0.707107,7,11,73,60,1016.7,1013.1,5,4,24.1,27.4,8.46594,5.15109,3.3,-3.6,1
0.309017,0.951057,19.8,29.6,3,5.6,10.8,0.707107,0.707107,24,-0.92388,0.382683,0.707107,0.707107,6,13,66,55,1014.8,1010.2,4,1,26.2,28.4,9.92747,6.86587,2.2,-4.6,1
0.2926,0.956235,20.2,30.5,0,6.4,9.3,-0.92388,-0.382683,46,-1.83697e-16,-1,0.707107,0.707107,7,13,65,57,1012.5,1007.3,3,1,25.9,29.3,9.41747,7.09541,3.4,-5.2,0
0.276097,0.96113,18.2,30.3,13.2,8.2,10,-0.382683,0.92388,24,-1.83697e-16,-1,0.382683,0.92388,9,13,72,58,1012.6,1009.8,1,2,23.9,28.3,9.06892,5.3641,4.4,-2.8,1
0.259512,0.96574,21.1,28.8,0,4,6.3,-0.382683,0.92388,33,-0.707107,0.707107,6.12323e-17,1,9,17,68,59,1016.7,1014.4,7,8,25.7,27.1,8.71587,6.36065,1.4,-2.3,0
0.24285,0.970064,21.2,26.9,0,6,0,-0.707107,0.707107,30,-1,1.22465e-16,-0.382683,0.92388,7,13,72,68,1016.9,1014.4,8,7,24.2,25.4,6.34634,5.37628,1.2,-2.5,0
0.226116,0.9741,19.8,29.1,0,3.4,5,-0.707107,0.707107,33,6.12323e-17,1,-0.382683,0.92388,9,17,74,55,1015.8,1012.1,7,5,24.8,28.4,9.92747,4.95876,3.6,-3.7,0
0.209315,0.977848,20.8,29.3,0.2,5.4,8.5,-0.92388,0.382683,35,-0.92388,0.382683,-0.707107,0.707107,13,20,68,48,1015,1012.1,6,2,25.4,27.9,12.041,6.34634,2.5,-2.9,0
0.192452,0.981306,19.3,28.6,0,6,10.8,-0.707107,0.707107,37,-1,1.22465e-16,-0.707107,0.707107,11,17,56,51,1015.2,1013,1,3,25.7,27.4,11.0471,9.44796,1.7,-2.2,0
0.175531,0.984474,18.3,28.6,0,6.2,11,-0.92388,0.382683,30,-0.92388,-0.382683,-0.382683,0.92388,7,17,63,47,1017.2,1015.1,2,2,25.2,27,12.2886,7.55563,1.8,-2.1,0
0.158559,0.987349,18.1,28.4,0,6.2,10.9,-0.707107,0.707107,31,-0.92388,0.382683,-0.707107,0.707107,9,15,59,45,1019.4,1017.1,1,2,25.4,27.6,13.019,8.60614,2.2,-2.3,0
0.14154,0.989932,18,28.5,0,8,9.1,6.12323e-17,1,31,-0.92388,0.382683,-0.382683,0.92388,9,13,55,49,1021.9,1019.6,2,5,24.6,27.8,11.7091,9.6511,3.2,-2.3,0
0.124479,0.992222,17.7,28.6,0,5.8,11,6.12323e-17,1,30,-0.92388,-0.382683,-0.382683,0.92388,9,13,58,43,1021.9,1018.8,2,2,24.5,27.9,13.7522,8.81596,3.4,-3.1,0
0.107381,0.994218,17.3,29.4,0,6.2,11,-0.382683,0.92388,30,-0.92388,-0.382683,6.12323e-17,1,7,17,62,44,1019.7,1016.8,1,1,24.2,28.6,13.4654,7.75109,4.4,-2.9,0
0.0902516,0.995919,19.9,28.7,0,5.2,10.5,-0.92388,0.382683,46,-1,1.22465e-16,-0.707107,0.707107,11,22,61,48,1020.1,1017.7,3,3,25.4,27.5,12.0056,8.07909,2.1,-2.4,0
0.0730951,0.997325,19,28.6,3.2,7.6,10.5,-0.707107,0.707107,43,-0.707107,0.707107,-0.382683,0.92388,13,22,63,49,1018.8,1015.8,1,3,24.7,27,11.6401,7.52733,2.3,-3,1
0.055917,0.998435,20.1,27.2,2.2,7,6.8,-0.92388,0.382683,31,-0.382683,-0.92388,-0.707107,0.707107,9,11,81,84,1014.4,1011.7,7,6,22.5,22.7,2.84849,3.42956,0.2,-2.7,1
0.0387223,0.99925,19.4,30,3,4,9.6,-0.382683,-0.92388,30,-1.83697e-16,-1,-1.83697e-16,-1,13,7,59,47,1009.7,1007.1,3,4,24.8,28,12.3794,8.56757,3.2,-2.6,1
0.0215161,0.999769,19,30.5,0.2,4.4,10.7,6.12323e-17,1,28,-0.92388,0.382683,0.382683,0.92388,7,15,67,56,1012.9,1010.9,3,1,26.2,28.9,9.6747,6.62363,2.7,-2,0
0.00430354,0.999991,21.1,24.8,13,4,0,-0.382683,0.92388,54,-0.92388,0.382683,-0.92388,0.382683,15,15,93,94,1015.6,1014.6,8,8,21.3,21.4,1.00795,1.18047,0.1,-1,1
-0.0129103,0.999917,20.1,28.1,66.2,1.8,6.8,6.12323e-17,1,30,-0.382683,0.92388,0.382683,0.92388,7,15,83,67,1017.9,1015.1,6,5,24.7,26.9,6.65837,3.08849,2.2,-2.8,1
-0.0301203,0.999546,21.9,28.1,41,4,4.5,-0.92388,0.382683,22,0.382683,0.92388,0.92388,0.382683,7,11,92,66,1017.2,1013.6,7,7,22.6,26.8,6.89672,1.36901,4.2,-3.6,1
-0.0473214,0.99888,20.8,28.1,0.8,3.6,3.2,6.12323e-17,1,28,-0.92388,-0.382683,-0.382683,0.92388,7,11,73,75,1015.7,1012.2,7,7,24.9,25.4,4.7632,5.18231,0.5,-3.5,0
-0.0645084,0.997917,21.4,29.2,1,2.2,7.5,-0.382683,0.92388,28,-0.92388,-0.382683,-0.382683,0.92388,9,11,72,65,1016,1013.1,7,7,23.8,26.5,7.12731,5.36004,2.7,-2.9,0
-0.0816764,0.996659,20,25.7,1.2,2.8,0.9,-0.382683,0.92388,35,-1,1.22465e-16,-0.707107,0.707107,15,11,70,76,1019.8,1019,7,7,23.7,22.2,4.43866,5.80509,-1.5,-0.8,1
-0.0988201,0.995105,18.1,26.6,1.8,3.6,10.4,-0.92388,0.382683,39,-0.707107,0.707107,-0.382683,0.92388,9,19,57,47,1023.3,1020.6,2,4,23.8,24.8,12.0898,9.04005,1,-2.7,1
-0.115935,0.993257,17,25.6,0,5.2,4.1,-0.707107,0.707107,30,-0.92388,0.382683,6.12323e-17,1,13,13,62,62,1022.6,1020.2,7,8,23.2,23.6,7.71614,7.69288,0.4,-2.4,0
-0.133015,0.991114,17.7,25.8,5.6,3,6.8,-0.382683,0.92388,33,-0.92388,-0.382683,-0.382683,0.92388,7,11,73,80,1023.4,1021.5,7,7,22.7,21.4,3.59852,5.09668,-1.3,-1.9,1
-0.150055,0.988678,18.3,25.8,2.2,3.8,2.6,0.382683,0.92388,28,-0.707107,-0.707107,-0.707107,0.707107,4,7,74,78,1024.5,1022.9,7,8,22.6,23.2,4.05584,4.87676,0.6,-1.6,1
-0.167052,0.985948,19.3,26.5,14.6,4.4,3.7,6.12323e-17,1,30,-1,1.22465e-16,0.382683,0.92388,7,13,90,67,1023.5,1020.7,8,7,21.1,24.9,6.55934,1.70769,3.8,-2.8,1
-0.200891,0.979614,21.2,27.5,43.8,0.6,3.2,6.12323e-17,1,30,6.12323e-17,1,6.12323e-17,1,6,6,77,67,1014.9,1011.9,7,8,25.1,26.6,6.64347,4.32484,1.5,-3,1
-0.217723,0.976011,20.3,30.7,0.4,1.6,9.7,6.12323e-17,1,28,-0.707107,-0.707107,-0.382683,-0.92388,11,9,74,45,1012.5,1009.2,3,3,25.3,30.2,13.2691,4.97748,4.9,-3.3,0
-0.234491,0.972118,19.8,29.5,0,4,10.6,-0.382683,0.92388,22,-0.707107,-0.707107,6.12323e-17,1,9,13,68,41,1014.5,1011.5,1,2,23.9,27.6,14.4541,6.27505,3.7,-3,0
-0.25119,0.967938,15.6,29.7,0,6.4,10.4,-0.707107,-0.707107,30,-0.92388,-0.382683,-0.707107,0.707107,6,11,64,34,1014.8,1011.5,4,2,22,28.8,17.4429,7.13091,6.8,-3.3,0
-0.267814,0.963471,16.5,27.9,0.6,5,10.4,-0.382683,0.92388,24,-0.92388,-0.382683,-1,1.22465e-16,9,7,64,40,1016.3,1012.9,2,2,22.4,27.8,14.8538,7.15259,5.4,-3.4,0
-0.284359,0.958718,16.7,27.2,0.2,4.6,10.6,-0.92388,0.382683,28,-0.382683,-0.92388,-0.92388,-0.382683,13,15,57,41,1014.1,1010.8,1,5,22.2,25.7,14.2534,8.93165,3.5,-3.3,0
-0.30082,0.953681,18.6,27.3,0,3.6,10.2,-0.92388,-0.382683,31,-0.707107,-0.707107,-0.92388,-0.382683,11,13,54,41,1012.6,1010.1,1,6,22.6,26.9,14.38,9.78798,4.3,-2.5,0
-0.317191,0.948362,17.9,26.4,0,5.6,8.7,-0.92388,-0.382683,35,-0.707107,-0.707107,-0.92388,-0.382683,13,9,59,80,1014.9,1013.4,6,6,21.9,21.1,3.59025,8.38234,-0.8,-1.5,0
-0.333469,0.942761,16.5,27.2,1,4.2,9.8,-0.92388,0.382683,31,-0.92388,-0.382683,-0.92388,-0.382683,11,11,62,43,1017.9,1014.4,2,3,21.9,26.5,13.6113,7.61753,4.6,-3.5,0
-0.349647,0.936881,17,26.9,0.2,3.6,10,-0.382683,-0.92388,28,-0.707107,-0.707107,-1,1.22465e-16,11,11,58,43,1017.8,1014.9,1,2,22,26.3,13.5912,8.65142,4.3,-2.9,0
-0.365723,0.930724,14.7,27.2,0,1.4,9.5,0.92388,0.382683,46,-0.707107,-0.707107,0.707107,0.707107,7,13,64,49,1016.7,1011.5,1,1,20.6,25.3,11.4944,7.05528,4.7,-5.2,0
-0.381689,0.924291,15.8,30.3,0,4,9.8,0.92388,-0.382683,28,0.707107,0.707107,0.92388,-0.382683,7,9,68,41,1011.7,1007.5,1,2,22.7,29.8,14.6882,6.21829,7.1,-4.2,0
-0.397543,0.917584,17.9,28.9,0,4.8,10.7,0.382683,-0.92388,33,-1.83697e-16,-1,0.382683,-0.92388,15,17,40,28,1012.1,1008,1,1,25.1,28.4,20.2839,14.5615,3.3,-4.1,0
-0.413279,0.910605,14.3,26.5,0,6.2,10.7,-1.83697e-16,-1,31,-0.707107,-0.707107,-1.83697e-16,-1,9,17,45,30,1016,1013.3,0,0,21.9,25.7,18.889,12.4788,3.8,-2.7,0
-0.428892,0.903356,12.6,26.1,0,6.4,10.8,-0.707107,-0.707107,20,-0.382683,-0.92388,-0.707107,0.707107,9,6,40,25,1020.7,1016.5,0,0,19.5,25.8,21.5315,13.964,6.3,-4.2,0
-0.444378,0.895839,12.1,25.5,0,3.4,9.5,6.12323e-17,1,20,-0.382683,-0.92388,0.382683,0.92388,11,11,59,40,1020.6,1016.5,5,3,17.6,24.4,14.4862,8.11129,6.8,-4.1,0
-0.459733,0.888057,13.3,26.4,0,3.2,10.3,-0.707107,0.707107,43,-0.92388,-0.382683,-1.83697e-16,-1,9,15,64,29,1018,1014.6,1,1,19.7,25.8,19.3959,7.00687,6.1,-3.4,0
-0.474951,0.880012,13.1,24.6,0,5,6.3,-0.382683,0.92388,26,-0.707107,-0.707107,-0.382683,0.92388,11,9,57,55,1022.6,1019.9,1,7,18.8,22.4,9.49282,8.70341,3.6,-2.7,0
-0.490029,0.871706,15.6,24.8,0,4.2,9.7,0.382683,0.92388,26,-0.707107,-0.707107,-0.382683,0.92388,9,13,62,54,1024,1020.5,7,4,20.1,22.5,9.7806,7.51378,2.4,-3.5,0
-0.504961,0.863142,14.2,24.8,0,4,7.7,0.382683,0.92388,31,-0.707107,-0.707107,-0.382683,0.92388,9,11,69,48,1024.3,1021.8,5,5,18.7,22.3,11.5497,5.80781,3.6,-2.5,0
-0.519744,0.854322,14.9,24.9,0,3.2,9,6.12323e-17,1,31,-0.707107,-0.707107,-0.382683,0.92388,9,17,66,55,1025.6,1023.6,2,3,19.3,22.5,9.49999,6.51597,3.2,-2,0
-0.534373,0.845249,13.4,24.4,0,3.6,9.5,-0.707107,0.707107,30,-0.92388,-0.382683,-0.382683,0.92388,11,19,66,45,1027.4,1024.2,3,2,19.4,22.5,12.5351,6.52097,3.1,-3.2,0
-0.548843,0.835925,14,24.4,0,5,6.3,-0.707107,0.707107,35,-0.92388,-0.382683,-0.707107,0.707107,7,15,64,59,1025.8,1022,5,7,19.7,21.5,8.35694,7.00687,1.8,-3.8,0
-0.563151,0.826354,16.6,24.4,1.4,3.6,4.4,-0.92388,0.382683,22,-0.92388,-0.382683,-0.382683,0.92388,9,7,69,63,1024.2,1020.5,7,7,19.8,22.1,7.381,5.85718,2.3,-3.7,1
-0.577292,0.816538,14.4,25.8,2.2,2.2,9.9,-0.92388,0.382683,24,-0.707107,-0.707107,6.12323e-17,1,9,13,73,45,1024.1,1020.9,1,4,20.2,24.4,12.7144,5.00023,4.2,-3.2,1
-0.591261,0.80648,12.5,25.4,0.2,4,9.4,-1.83697e-16,-1,24,-0.707107,-0.707107,-0.707107,-0.707107,11,9,66,42,1022.6,1018.2,1,2,18.9,25.1,13.8269,6.49596,6.2,-4.4,0
-0.605056,0.796183,12.4,25.4,0,3.6,10,-0.707107,-0.707107,50,-0.707107,-0.707107,-0.92388,0.382683,9,7,69,37,1020.3,1017.5,1,1,18.2,24.7,15.6799,5.78544,6.5,-2.8,0
-0.618671,0.78565,14.1,23.6,0,4,10,6.12323e-17,1,35,-0.92388,-0.382683,-0.382683,0.92388,7,15,62,46,1021.9,1018.9,1,2,19.7,22.5,12.2063,7.49082,2.8,-3,0
-0.632103,0.774884,13.8,21.5,0,4.4,1.3,-0.92388,-0.382683,17,-0.707107,-0.707107,0.92388,-0.382683,9,2,73,59,1020.8,1017.3,7,7,16.6,20.9,8.31892,4.86292,4.3,-3.5,0
-0.645348,0.763889,12,24.3,0,1.4,9.2,0.92388,-0.382683,24,-0.707107,-0.707107,-1.83697e-16,-1,9,7,75,37,1018.5,1014.2,5,3,16.4,23.4,15.5295,4.44565,7,-4.3,0
-0.658402,0.752667,12.5,25.4,0,3.6,9.8,-1.83697e-16,-1,26,-0.707107,-0.707107,0.382683,-0.92388,7,9,67,30,1017.2,1013.4,2,1,17.4,25.1,18.8061,6.19444,7.7,-3.8,0
-0.67126,0.741222,10.2,24.9,0,3.6,10.1,0.382683,-0.92388,26,-0.707107,-0.707107,-1.83697e-16,-1,2,11,52,23,1018.1,1014.4,1,1,17.8,24.6,22.5173,9.99225,6.8,-3.7,0
-0.683919,0.729558,9,26.2,0,4,10.4,0.382683,-0.92388,31,-0.707107,-0.707107,-0.382683,-0.92388,7,15,46,21,1016.6,1012.5,0,1,19.1,25.9,24.0103,11.8967,6.8,-4.1,0
-0.696376,0.717677,12.6,26.2,0,5,7.1,-0.382683,0.92388,22,-0.707107,-0.707107,-0.382683,0.92388,7,15,48,57,1017,1015.2,1,7,19.9,22.8,8.97223,11.3421,2.9,-1.8,0
-0.708627,0.705584,15.6,24.5,0,2.8,4.1,-0.707107,0.707107,39,-0.707107,-0.707107,6.12323e-17,1,7,19,69,67,1019.8,1017.9,7,7,19.5,20.6,6.34888,5.8437,1.1,-1.9,0
-0.720667,0.693281,17,21.4,56.6,2.6,0,0.382683,0.92388,37,-0.382683,0.92388,-0.382683,0.92388,9,17,92,65,1019.7,1015.2,8,8,17.2,21,6.83749,1.31294,3.8,-4.5,1
-0.755493,0.655156,13.2,23,0,1.4,6.5,6.12323e-17,1,24,-0.707107,-0.707107,0.707107,0.707107,7,6,77,58,1011.1,1008.8,3,7,17.3,21.7,8.63177,4.07391,4.4,-2.3,0
-0.766659,0.642055,15.1,22.8,5.4,1.6,4.4,-0.707107,0.707107,41,-0.382683,-0.92388,-0.382683,0.92388,19,11,85,70,1008.1,1010.4,7,6,17.7,20.5,5.66537,2.55655,2.8,2.3,1
-0.777597,0.628763,16.8,22.7,2.2,2.6,7.3,-0.707107,0.707107,39,-0.92388,-0.382683,-0.707107,0.707107,7,15,68,65,1020.4,1019.5,4,7,21,20.9,6.83228,6.13832,-0.1,-0.9,1
-0.788305,0.615285,14.8,23.7,2.2,2.4,3,-0.707107,0.707107,31,-0.707107,-0.707107,-0.707107,0.707107,7,11,75,46,1023.1,1020.5,7,6,18.1,22.5,12.2063,4.50481,4.4,-2.6,1
-0.798779,0.601624,15.3,22.3,0,2.6,3.1,-0.382683,0.92388,20,-0.707107,-0.707107,6.12323e-17,1,6,13,69,63,1022.9,1020,7,7,18.6,21.1,7.32509,5.80333,2.5,-2.9,0
-0.809017,0.587785,13.8,24.1,0,2.6,4,0.707107,0.707107,17,-0.382683,-0.92388,1,0,6,7,87,58,1021.1,1018,6,5,16.3,21.8,8.63832,2.16996,5.5,-3.1,0
-0.819015,0.573772,14.6,25.1,0,1,8.4,-0.707107,-0.707107,17,-0.707107,-0.707107,-0.382683,-0.92388,6,6,76,47,1020.4,1016.8,2,6,18.6,24.5,12.0628,4.31757,5.9,-3.6,0
-0.82877,0.559589,14.6,24.6,0,2.4,7.7,-0.92388,0.382683,24,-0.707107,-0.707107,0.382683,0.92388,7,11,80,64,1020.7,1017.1,2,3,18.9,21.7,7.11467,3.52988,2.8,-3.6,0
-0.83828,0.54524,14.5,23.5,5.2,2.6,8,-0.707107,0.707107,28,-0.707107,-0.707107,-0.707107,0.707107,9,7,76,52,1023.7,1021.3,6,5,17.5,22.2,10.3324,4.2809,4.7,-2.4,1
-0.847541,0.53073,12.8,22.4,0.2,2.6,8.2,-0.707107,0.707107,33,-0.707107,-0.707107,-0.707107,0.707107,6,17,67,60,1028.4,1025.9,3,6,17.7,20.7,8.04992,6.20884,3,-2.5,0
-0.856551,0.516062,13.6,21.7,2,3.4,5.3,6.12323e-17,1,35,-0.382683,-0.92388,-0.707107,0.707107,9,13,71,64,1029,1025.8,6,5,17.1,19.5,6.99613,5.30384,2.4,-3.2,1
-0.865307,0.501242,14.5,21.2,4.2,1.6,2.6,6.12323e-17,1,31,-0.92388,-0.382683,0.707107,0.707107,9,17,76,86,1026.8,1024.2,7,7,18.1,16.6,2.35396,4.30089,-1.5,-2.6,1
-0.873807,0.486273,14.1,21.3,6,1.8,2.5,6.12323e-17,1,26,-0.707107,-0.707107,6.12323e-17,1,6,9,82,84,1023.8,1020.4,7,7,17.4,18.6,2.75997,3.10763,1.2,-3.4,1
-0.882048,0.47116,15.2,22.7,1.4,2.4,2.9,-0.382683,-0.92388,13,-1.83697e-16,-1,-0.707107,-0.707107,4,7,93,68,1020.7,1015.9,8,5,16.4,21.7,6.17119,1.13633,5.3,-4.8,1
-0.890028,0.455907,14.8,24.4,1.2,0.2,7.2,-0.92388,-0.382683,30,-0.382683,-0.92388,-0.707107,-0.707107,7,13,85,60,1017.1,1013.4,2,6,18.2,21.3,8.08676,2.56652,3.1,-3.7,1
-0.897743,0.440519,12.4,24.3,0,1.6,10,-1.83697e-16,-1,22,-0.707107,-0.707107,-0.707107,-0.707107,9,6,63,31,1015.5,1011.8,0,1,18.2,23.9,18.1684,7.16411,5.7,-3.7,0
-0.905193,0.425,12.7,23.4,0.2,2,7.9,-0.382683,-0.92388,41,0.92388,-0.382683,-1.83697e-16,-1,7,22,73,43,1013.7,1009.4,4,1,19.9,23,13.2621,4.98871,3.1,-4.3,0
-0.912375,0.409356,8.6,22,1.2,4.4,10,-1.83697e-16,-1,26,0.707107,-0.707107,-1.83697e-16,-1,9,13,46,39,1015.9,1012.8,1,1,18.5,21.5,14.5458,11.8424,3,-3.1,1
-0.919286,0.39359,7.7,21.6,0,4,9.9,-1.83697e-16,-1,39,-1.83697e-16,-1,-1.83697e-16,-1,7,17,54,36,1018,1014,1,1,17.4,21.4,15.6956,9.40789,4,-4,0
-0.925925,0.377708,8.2,20.4,0,5.4,9.7,-1.83697e-16,-1,43,-1.83697e-16,-1,-0.382683,-0.92388,13,19,47,35,1019,1015.5,3,3,15.6,19.7,15.8973,11.2754,4.1,-3.5,0
-0.932289,0.361714,7.6,16.5,0,5,10,-1.83697e-16,-1,35,-0.382683,-0.92388,0.382683,-0.92388,17,13,49,30,1021.8,1018.9,0,0,10.7,16.2,17.5966,10.2785,5.5,-2.9,0
-0.938377,0.345612,5.5,19.9,0,2.4,9.9,-0.707107,-0.707107,20,-0.707107,-0.707107,-0.92388,0.382683,7,6,56,42,1024.1,1020.4,0,1,10.7,19.2,13.2287,8.41972,8.5,-3.7,0
-0.944188,0.329408,7.8,22,0,2,9.8,0.707107,-0.707107,17,-0.707107,-0.707107,0.707107,-0.707107,7,7,70,46,1021.7,1017.2,1,1,13.1,21.9,12.1514,5.34865,8.8,-4.5,0
-0.949718,0.313107,8.6,24.1,0,2.4,9.5,0.92388,-0.382683,20,-0.707107,-0.707107,0.707107,-0.707107,6,9,73,39,1018.7,1014,1,4,13.6,23.3,14.7427,4.74993,9.7,-4.7,0
-0.959933,0.280231,9.6,22.4,0.4,0.6,9.8,-0.382683,-0.92388,24,-0.92388,-0.382683,-0.707107,-0.707107,7,6,69,35,1017.8,1015.9,0,1,15.5,22.2,16.1979,5.66535,6.7,-1.9,0
-0.964614,0.263665,8.9,22.3,0,2.2,9.8,-1.83697e-16,-1,20,-0.707107,-0.707107,0.707107,0.707107,9,6,66,40,1022.6,1020,1,1,14,22.2,14.2506,6.25326,8.2,-2.6,0
-0.96901,0.247022,12,21.1,0,2.4,4.9,-0.92388,-0.382683,22,-0.382683,-0.92388,-0.92388,0.382683,9,9,70,60,1022.3,1020.2,2,7,16.2,19.4,7.97037,5.48024,3.2,-2.1,0
-0.973118,0.230306,12.9,22.8,0,1.9,8.7,-0.382683,0.92388,28,-0.92388,-0.382683,-0.382683,0.92388,9,11,72,59,1021.8,1019.1,1,3,16.8,20.3,8.28098,5.07971,3.5,-2.7,0
-0.976938,0.213521,13.5,22.1,0,2.6,8.3,0.382683,0.92388,30,-0.92388,-0.382683,-0.382683,0.92388,9,11,75,59,1021.7,1019.8,4,4,17.8,20.9,8.31892,4.49434,3.1,-1.9,0
-0.980469,0.196673,14.7,20,0.4,2.8,0,-0.382683,0.92388,31,-0.382683,-0.92388,0.92388,0.382683,4,4,90,89,1022.1,1019.3,8,8,16.9,18.9,1.85563,1.65289,2,-2.8,0
-0.983709,0.179767,16.8,19.8,24.4,0.2,0,-0.92388,-0.382683,31,-0.92388,-0.382683,6.12323e-17,1,6,6,95,92,1019.3,1016.6,8,8,18.5,18.6,1.32737,0.81754,0.1,-2.7,1
-0.986658,0.162807,14.8,23.1,31.2,0.2,7.1,-0.382683,-0.92388,52,-0.382683,-0.92388,-0.92388,-0.382683,13,11,72,59,1017.2,1014.3,3,2,17.9,22.7,8.43324,5.12327,4.8,-2.9,1
-0.989314,0.145799,11.3,23.2,0,2.2,5.2,-0.707107,0.707107,15,-0.707107,-0.707107,0.707107,-0.707107,6,6,95,51,1019.2,1015.2,6,8,13.5,22,10.6107,0.785991,8.5,-4,0
-0.991677,0.128748,10.9,19.3,0.2,1.4,1,-1.83697e-16,-1,13,-0.707107,-0.707107,0.382683,0.92388,7,6,91,70,1018.4,1014.5,7,7,12.7,19.1,5.60477,1.43224,6.4,-3.9,0
-0.993747,0.111659,12.7,19.8,0,0.8,0.2,0.382683,-0.92388,20,-0.92388,-0.382683,1,0,6,6,89,76,1013.9,1010.9,8,8,15.8,16.7,4.25433,1.81122,0.9,-3,0
-0.995521,0.0945367,13.7,20.3,14.8,0.4,4.7,-0.382683,-0.92388,31,-0.707107,-0.707107,-1.83697e-16,-1,7,15,90,59,1006.6,1002.6,7,3,14.6,19.8,8.24942,1.62326,5.2,-4,1
-0.997001,0.0773865,8.8,20.4,0,2.2,8.4,0.707107,-0.707107,24,-0.382683,-0.92388,0.382683,-0.92388,7,9,67,54,1008.8,1006.8,1,5,17.4,19.2,9.53864,6.19444,1.8,-2,0
-0.998186,0.0602133,8.2,21.4,0,3.2,9,-1.83697e-16,-1,24,-0.707107,-0.707107,-0.707107,-0.707107,11,9,57,38,1014.9,1013.2,0,1,14.8,20.6,14.8234,8.43854,5.8,-1.7,0
-0.999963,0.008607,12.5,23.2,0,1.6,8.9,-1.83697e-16,-1,43,6.12323e-17,1,-1.83697e-16,-1,2,22,66,21,1012.2,1010.1,2,1,19.4,22.3,23.388,6.52097,2.9,-2.1,0
-0.999963,-0.008607,12.7,20.8,0,7,9.7,-1.83697e-16,-1,54,-1.83697e-16,-1,-1.83697e-16,-1,17,26,44,34,1011.3,1006.4,1,1,17.1,20.2,16.3699,12.3545,3.1,-4.9,0
-0.999667,-0.0258184,10.6,19.1,0,8,9.9,-1.83697e-16,-1,44,-1.83697e-16,-1,-1.83697e-16,-1,17,24,50,34,1015.1,1013,0,1,13,18.4,16.1493,10.1814,5.4,-2.1,0
-0.999074,-0.0430222,7.4,18.3,0,5.2,6.6,-1.83697e-16,-1,26,-0.707107,-0.707107,-0.707107,-0.707107,13,9,56,43,1017.7,1015.3,7,7,12.5,17.4,12.7124,8.54009,4.9,-2.4,0
-0.998186,-0.0602133,7.2,20.6,0,1.4,7.2,0.382683,0.92388,24,-0.707107,-0.707107,-0.382683,0.92388,7,11,69,57,1021.3,1018.5,5,6,12.4,19,8.71676,5.52899,6.6,-2.8,0
-0.997001,-0.0773865,11.6,16.4,0,1.4,0,-0.92388,-0.382683,17,-0.92388,-0.382683,-0.92388,-0.382683,2,4,83,87,1019.9,1018.2,8,8,13.8,16.1,2.16656,2.83862,2.3,-1.7,0
-0.995521,-0.0945367,11.9,19.1,3.4,2.8,2.9,-0.382683,0.92388,43,-0.92388,-0.382683,-0.707107,0.707107,9,15,68,52,1023.1,1021.6,7,7,15.5,18.2,10.023,5.88306,2.7,-1.5,1
-0.993747,-0.111659,11.1,20.7,0,1.8,9.3,-1,1.22465e-16,41,-0.707107,-0.707107,-0.92388,0.382683,9,15,69,47,1023.1,1020.2,2,2,15.2,19.9,11.6527,5.65208,4.7,-2.9,0
-0.991677,-0.128748,13,20.4,0,2.6,8.1,-0.92388,0.382683,37,-0.92388,-0.382683,-0.92388,0.382683,11,15,62,51,1020.6,1017.7,4,6,16.5,19.7,10.4273,7.30837,3.2,-2.9,0
-0.989314,-0.145799,11.2,21.7,0,3.2,8.2,-0.92388,0.382683,31,-0.707107,-0.707107,-1,1.22465e-16,11,9,66,51,1019.3,1016.6,1,3,15.6,19.9,10.4432,6.33201,4.3,-2.7,0
-0.986658,-0.162807,8.9,22.5,0,2.4,9.9,1,0,17,-0.707107,-0.707107,0.707107,-0.707107,7,6,77,44,1018.7,1014.3,0,1,13.5,22.3,12.8512,3.95434,8.8,-4.4,0
-0.983709,-0.179767,7.9,25.5,0,2.6,10,-1.83697e-16,-1,26,-1,1.22465e-16,0.382683,-0.92388,2,13,73,35,1014.1,1008.7,0,1,15.1,25,16.5377,4.80627,9.9,-5.4,0
-0.980469,-0.196673,11.3,19.4,0,3,6.8,0.382683,-0.92388,30,-0.382683,-0.92388,0.707107,-0.707107,7,11,55,55,1011.9,1009,5,3,17.2,19.2,9.26484,9.1237,2,-2.9,0
-0.976938,-0.213521,6.2,19.7,0,2.6,7.2,-1.83697e-16,-1,30,-0.382683,-0.92388,0.707107,-0.707107,4,9,63,32,1013.5,1010.4,0,2,13.2,18.7,17.0352,6.89066,5.5,-3.1,0
-0.973118,-0.230306,10.9,17.1,0,1.6,8.8,-1.83697e-16,-1,39,-1.83697e-16,-1,0.382683,-0.92388,13,22,61,50,1014,1011.1,1,1,13.6,15.9,10.4134,7.38081,2.3,-2.9,0
-0.96901,-0.247022,8.2,19.9,0,6.2,10,-1.83697e-16,-1,33,-0.382683,-0.92388,-0.92388,-0.382683,15,7,57,40,1017,1015.8,1,1,12.8,18.8,13.8902,8.30759,6,-1.2,0
-0.964614,-0.263665,8.6,21.7,0,4,9,0.92388,-0.382683,19,-0.707107,-0.707107,6.12323e-17,1,9,11,66,50,1023.3,1020.1,1,3,13.6,20,10.7457,6.23364,6.4,-3.2,0
-0.959933,-0.280231,11,22.5,0,1.6,9.2,0.382683,-0.92388,22,-0.92388,-0.382683,1,0,2,7,72,53,1023.7,1020.2,1,3,16.8,21.5,9.99009,5.07971,4.7,-3.5,0
-0.954967,-0.296713,8.1,22.9,0,1.8,9.6,0.92388,0.382683,19,-1,1.22465e-16,0.707107,0.707107,2,9,58,48,1027.4,1023.8,1,1,14.3,21.6,11.4889,8.15405,7.3,-3.6,0
-0.949718,-0.313107,10,23.5,0,2.8,9.2,-1.83697e-16,-1,46,-0.707107,-0.707107,0.382683,0.92388,9,11,81,52,1027,1021.3,1,1,14.2,21.9,10.309,3.21561,7.7,-5.7,0
-0.944188,-0.329408,10.6,24.4,0,2.6,9.1,0.92388,-0.382683,48,-1.83697e-16,-1,0.707107,-0.707107,4,9,62,43,1021.7,1016.3,1,6,18.4,24.1,13.3714,7.41644,5.7,-5.4,0
-0.938377,-0.345612,14.7,25.8,0,4,6.4,-0.382683,-0.92388,31,1,0,-1.83697e-16,-1,6,15,60,42,1015.9,1012.7,4,1,19.8,25.2,13.8372,7.99481,5.4,-3.2,0
-0.932289,-0.361714,9.9,21.7,0,4,9.6,-0.92388,0.382683,24,-0.707107,-0.707107,-0.707107,0.707107,9,9,46,34,1022.2,1020.9,1,2,15.2,19.9,16.333,11.5462,4.7,-1.3,0
-0.925925,-0.377708,10.6,20.9,0,3.4,8.9,-1,1.22465e-16,28,-0.707107,-0.707107,-0.382683,0.92388,7,17,69,53,1025.4,1022.8,3,2,14.2,19,9.80195,5.60797,4.8,-2.6,0
-0.919286,-0.39359,11.5,21.7,0,3,9.2,0.92388,0.382683,22,-0.382683,-0.92388,0.92388,0.382683,9,9,77,55,1023,1018.4,6,6,14.8,20.3,9.3429,3.99505,5.5,-4.6,0
-0.912375,-0.409356,11.6,23.1,0.2,3.2,9.9,-1.83697e-16,-1,39,0.707107,-0.707107,-1.83697e-16,-1,6,15,66,30,1017,1014.6,1,0,19,23.1,18.5311,6.50096,4.1,-2.4,0
-0.905193,-0.425,9.7,22.2,0,5.2,10.1,-0.382683,-0.92388,19,-0.707107,-0.707107,-1.83697e-16,-1,9,7,54,32,1023,1020.3,1,1,15.4,21.9,17.4486,9.26363,6.5,-2.7,0
-0.897743,-0.440519,9,22,0,2.4,10,-1.83697e-16,-1,20,-0.707107,-0.707107,-1.83697e-16,-1,9,11,65,35,1024.9,1022.1,1,1,13.8,21.3,16.0894,6.46695,7.5,-2.8,0
-0.890028,-0.455907,8.3,21.8,0,3,9.6,0.707107,0.707107,19,-0.707107,-0.707107,0.707107,0.707107,9,9,65,45,1025.2,1021.3,1,1,13.7,20.3,12.3291,6.46188,6.6,-3.9,0
-0.882048,-0.47116,8.3,21.3,0,3,10.2,-1.83697e-16,-1,28,-0.707107,-0.707107,0.382683,-0.92388,7,7,61,30,1022.7,1019.2,0,0,14.7,21,18.2443,7.44461,6.3,-3.5,0
-0.873807,-0.486273,8.4,22.5,0,3.2,9.8,-1.83697e-16,-1,19,-0.707107,-0.707107,0.382683,0.92388,9,11,60,52,1025.4,1022.3,1,1,13.7,19.3,10.1076,7.62612,5.6,-3.1,0
-0.865307,-0.501242,8.8,23,0,5.4,10,-0.92388,-0.382683,20,-0.707107,-0.707107,0.92388,0.382683,9,9,69,42,1027.2,1024.1,1,1,14.4,21.8,13.4908,5.61678,7.4,-3.1,0
-0.856551,-0.516062,9.4,24.3,0,3.2,9.1,0.382683,-0.92388,24,-0.92388,-0.382683,0.382683,-0.92388,6,11,73,36,1024.8,1020.1,0,0,15,24.1,16.0143,4.8025,9.1,-4.7,0
-0.847541,-0.53073,9.1,22.8,0,3,9.8,0.707107,0.707107,22,-0.707107,-0.707107,0.707107,0.707107,7,11,66,52,1023.4,1019.3,5,7,15.5,20.9,10.2313,6.32707,5.4,-4.1,0
-0.83828,-0.54524,10.8,23.4,0,2.8,9.8,0.382683,0.92388,22,-0.707107,-0.707107,0.382683,0.92388,9,13,69,46,1021.5,1018.8,6,1,16.3,22,12.1605,5.7008,5.7,-2.7,0
-0.82877,-0.559589,11.3,22.5,0,2.8,10.1,-0.382683,0.92388,26,-0.707107,-0.707107,0.382683,0.92388,9,13,72,49,1023.6,1020,1,1,15.9,21.5,11.1717,5.0442,5.6,-3.6,0
-0.819015,-0.573772,10.4,23.7,0,3.6,10,0.382683,0.92388,19,-0.707107,-0.707107,0.92388,0.382683,7,9,73,50,1021.6,1016.6,1,1,15.9,22.8,10.9755,4.83644,6.9,-5,0
-0.809017,-0.587785,10.5,22.7,0,2.8,10,6.12323e-17,1,28,-0.707107,-0.707107,6.12323e-17,1,9,15,69,47,1019.7,1016.7,1,1,16.4,20.5,11.7058,5.70524,4.1,-3,0
-0.798779,-0.601624,8.2,22,0,5,9.8,0.707107,0.707107,19,-0.707107,-0.707107,0.707107,0.707107,11,9,59,43,1021.3,1017.6,1,1,14.3,21.1,13.0744,7.90619,6.8,-3.7,0
-0.788305,-0.615285,9.3,22.5,0,2.6,10.1,0.382683,0.92388,22,-0.92388,-0.382683,0.382683,0.92388,6,13,71,48,1022.9,1019.7,4,1,15.1,21.1,11.4456,5.22175,6,-3.2,0
-0.777597,-0.628763,9.5,23,0,2.4,10.1,0.707107,0.707107,24,-0.707107,-0.707107,0.707107,0.707107,6,13,70,40,1022.2,1017.8,1,1,16.2,21.9,14.2186,5.48024,5.7,-4.4,0
-0.766659,-0.642055,11.7,23.5,0,3.6,6.9,6.12323e-17,1,56,-0.92388,-0.382683,0.707107,0.707107,6,13,75,62,1018.7,1013.3,7,4,16.8,22.1,7.6291,4.45953,5.3,-5.4,0
-0.755493,-0.655156,10.6,26.8,2.8,3,10,0.707107,0.707107,19,-0.382683,0.92388,0.92388,0.382683,2,9,67,51,1016.4,1012.1,1,1,19.5,25.3,10.8764,6.29558,5.8,-4.3,1
-0.744104,-0.668064,12.1,26.4,0,2.8,9.5,-1.83697e-16,-1,30,-0.707107,-0.707107,-0.92388,-0.382683,7,7,53,22,1018.1,1014.8,1,0,18.6,26.4,23.4427,9.77201,7.8,-3.3,0
-0.732494,-0.680773,10.8,23.4,0,4,10.5,0.92388,0.382683,20,-0.92388,-0.382683,0.707107,0.707107,7,11,68,48,1021.6,1018,1,1,16.5,22.6,11.5757,5.92908,6.1,-3.6,0
-0.720667,-0.693281,10.2,25.4,0,4,10.8,0.92388,0.382683,24,-1,1.22465e-16,0.92388,0.382683,4,15,68,51,1022.2,1017.4,0,0,16.6,23,10.6909,5.93369,6.4,-4.8,0
-0.708627,-0.705584,11.2,27.8,0,4.6,10.4,-1.83697e-16,-1,41,-0.707107,-0.707107,0.382683,0.92388,7,9,69,52,1019,1014.6,0,1,18.5,26.1,10.6385,5.79886,7.6,-4.4,0
-0.696376,-0.717677,13.3,23.4,0.2,5,10.6,6.12323e-17,1,31,-0.92388,-0.382683,-0.382683,0.92388,7,17,50,32,1024.9,1023.5,1,1,19.2,21.7,17.4226,10.6805,2.5,-1.4,0
-0.683919,-0.729558,10.9,23.4,0,5.2,10.5,-0.707107,0.707107,24,-0.707107,-0.707107,6.12323e-17,1,9,7,58,43,1027.9,1023.4,1,1,17.1,20.6,13.0252,8.33327,3.5,-4.5,0
-0.67126,-0.741222,10.7,22.7,0,3.4,9.4,6.12323e-17,1,22,-0.707107,-0.707107,0.92388,0.382683,7,7,68,41,1023,1017.8,1,6,17.5,22.3,13.8975,5.97527,4.8,-5.2,0
-0.645348,-0.763889,14.5,28.1,0,4.6,8.9,6.12323e-17,1,48,0.707107,-0.707107,0.382683,0.92388,2,13,62,50,1014.7,1010.5,1,1,21.2,26.1,11.2493,7.5771,4.9,-4.2,0
-0.632103,-0.774884,14.2,28.3,0,5.6,10.5,0.382683,0.92388,24,-0.92388,-0.382683,0.707107,0.707107,4,15,70,54,1015.7,1011.4,0,1,21.4,25.4,9.99565,5.7045,4,-4.3,0
-0.605056,-0.796183,17.6,33.4,0,5.8,10.8,-1.83697e-16,-1,39,0.382683,-0.92388,0.382683,-0.92388,15,17,29,23,1011.8,1008.3,0,1,29.2,33.1,23.9337,19.8808,3.9,-3.5,0
-0.591261,-0.80648,18,30,0,7.2,10.2,-1.83697e-16,-1,37,-1.83697e-16,-1,-1.83697e-16,-1,11,17,21,8,1016.8,1013.6,1,3,23.6,29.5,37.7256,23.6119,5.9,-3.2,0
-0.577292,-0.816538,10.8,26.5,0,5.6,9.1,6.12323e-17,1,22,-0.382683,-0.92388,0.382683,0.92388,9,11,39,36,1020.1,1016.3,6,3,17.5,25.1,16.1331,14.1125,7.6,-3.8,0
-0.563151,-0.826354,15.8,29.3,0,2.8,9.6,0.92388,-0.382683,28,-0.382683,-0.92388,0.92388,0.382683,7,11,62,57,1018.8,1013.7,1,1,21.6,26,9.19013,7.60019,4.4,-5.1,0
-0.548843,-0.835925,19.2,27.1,0,3.8,9.2,0.92388,0.382683,35,0.92388,-0.382683,0.707107,0.707107,7,17,79,65,1016.8,1010.1,4,1,22,25.2,7.05828,3.81588,3.2,-6.7,0
-0.534373,-0.845249,18,29.2,0,5.8,8.4,-0.382683,-0.92388,35,-0.382683,-0.92388,-1.83697e-16,-1,15,17,40,26,1014.2,1011.9,6,4,25.3,27.8,21.2775,14.5831,2.5,-2.3,0
-0.519744,-0.854322,12.7,22.2,1,9.2,2.8,-1.83697e-16,-1,30,-0.382683,-0.92388,-0.382683,-0.92388,11,13,70,38,1019.6,1016.4,8,5,14.1,20.3,14.79,5.39093,6.2,-3.2,0
-0.504961,-0.863142,8.5,23.2,0.2,2.6,10.6,0.382683,0.92388,26,-0.92388,-0.382683,0.382683,0.92388,7,13,45,47,1022.3,1019.6,0,1,17.1,21.8,11.8213,12.0323,4.7,-2.7,0
-0.490029,-0.871706,11.8,23.6,0,2.4,10.6,6.12323e-17,1,26,-0.92388,-0.382683,0.707107,0.707107,6,13,64,50,1024.4,1021.7,1,1,18.8,21.7,10.885,6.95861,2.9,-2.7,0
-0.474951,-0.880012,11.6,23.9,0,5.2,9.9,0.707107,0.707107,28,-1.83697e-16,-1,0.382683,0.92388,7,15,61,49,1024.4,1020.6,5,2,18.7,21.6,11.1801,7.67886,2.9,-3.8,0
-0.459733,-0.888057,13.7,24.5,0,4.6,6.7,0.92388,0.382683,33,-0.707107,-0.707107,0.707107,0.707107,6,15,68,62,1020.5,1015.7,7,7,20.2,22.5,7.65226,6.10087,2.3,-4.8,0
-0.444378,-0.895839,16.1,27.3,7.8,4.6,8.2,-0.382683,0.92388,35,0.382683,-0.92388,-1.83697e-16,-1,11,15,85,37,1015.3,1011.6,6,3,17.3,26.6,15.9009,2.54859,9.3,-3.7,1
-0.428892,-0.903356,14,25.2,0,5,10.5,0.382683,0.92388,26,-0.92388,-0.382683,0.382683,0.92388,7,15,65,56,1018.6,1015.1,1,2,20.4,23.1,9.26564,6.80623,2.7,-3.5,0
-0.413279,-0.910605,15.5,25.1,0,6.2,3.4,-1.83697e-16,-1,39,1,0,0.92388,0.382683,13,15,64,66,1013.8,1010,3,6,23.4,23.9,6.74825,7.20693,0.5,-3.8,0
-0.397543,-0.917584,16.2,27.3,15.2,3.6,9.1,-1.83697e-16,-1,33,-1.83697e-16,-1,-0.707107,-0.707107,9,11,63,20,1011.1,1007.9,1,2,21.5,27,24.8874,7.34743,5.5,-3.2,1
-0.381689,-0.924291,11.6,25.5,0,4,11.2,-0.382683,-0.92388,35,-1.83697e-16,-1,-1.83697e-16,-1,9,15,46,25,1015.3,1012.1,0,1,20,24.7,21.3594,11.9783,4.7,-3.2,0
-0.365723,-0.930724,10.1,26.1,0,5.6,10.6,0.707107,-0.707107,22,-0.92388,-0.382683,0.707107,0.707107,6,11,45,27,1019.3,1015.4,0,2,19.4,24.5,20.2355,12.2453,5.1,-3.9,0
-0.349647,-0.936881,11.8,26.3,0,4.8,11.2,6.12323e-17,1,33,-0.382683,-0.92388,0.382683,0.92388,7,13,39,25,1023.1,1019.5,1,1,19.7,24.4,21.3125,14.35,4.7,-3.6,0
-0.333469,-0.942761,10.9,25.4,0,5.4,11,0.707107,-0.707107,30,-0.92388,-0.382683,0.382683,0.92388,7,13,53,42,1026.7,1023.9,0,1,20.1,24.4,13.7553,9.88452,4.3,-2.8,0
-0.317191,-0.948362,12,25.3,0,5,11.1,0.382683,0.92388,28,-0.92388,-0.382683,0.382683,0.92388,6,13,62,47,1026.5,1022.5,1,1,19.9,24,12.0179,7.5023,4.1,-4,0
-0.30082,-0.953681,12.4,26.6,0,4.8,10.6,0.382683,0.92388,22,-0.707107,-0.707107,0.707107,0.707107,6,11,65,49,1023.2,1018.6,2,1,20.1,25.1,11.4773,6.79063,5,-4.6,0
-0.284359,-0.958718,12.5,25.7,0,4.8,10.4,0.382683,0.92388,24,-1.83697e-16,-1,0.382683,0.92388,7,11,70,50,1022.1,1017.7,1,1,20.3,24.5,11.1162,5.65669,4.2,-4.4,0
-0.267814,-0.963471,13.8,26.2,0,3.8,11,6.12323e-17,1,24,-0.707107,-0.707107,0.382683,0.92388,7,15,63,51,1022.9,1019.7,1,1,21.2,24.3,10.7955,7.33067,3.1,-3.2,0
-0.25119,-0.967938,14,26.1,0,6,10.3,0.382683,0.92388,28,-1,1.22465e-16,0.92388,0.382683,6,13,62,51,1024.8,1020.7,6,1,21.3,24.5,10.8117,7.58287,3.2,-4.1,0
-0.234491,-0.972118,13.9,28.4,0,5.6,10.1,0.92388,0.382683,28,0.707107,-0.707107,0.382683,0.92388,7,15,58,55,1022.1,1016.4,1,1,22.8,25.8,9.73797,8.70391,3,-5.7,0
-0.217723,-0.976011,16.4,27.3,0,5.2,9.5,6.12323e-17,1,26,-0.92388,0.382683,0.382683,0.92388,7,15,62,57,1019.7,1014,4,6,24.3,25.8,9.17643,7.75692,1.5,-5.7,0
-0.200891,-0.979614,18.5,32.2,0,4,10.7,6.12323e-17,1,31,-0.382683,-0.92388,6.12323e-17,1,7,17,62,48,1015.8,1011.8,1,1,24.5,27.5,12.0056,7.76859,3,-4,0
-0.183998,-0.982927,17,29.3,0,6,9.5,0.707107,0.707107,24,0.382683,-0.92388,0.707107,0.707107,7,15,67,59,1014.9,1010.2,4,1,23.7,26.5,8.67707,6.50027,2.8,-4.7,0
-0.167052,-0.985948,21,28,0.2,5.4,9.9,0.707107,0.707107,33,0.707107,0.707107,0.382683,0.92388,7,17,69,60,1014.4,1009.1,3,1,24.7,26.8,8.42827,6.07959,2.1,-5.3,0
-0.150055,-0.988678,19.8,27.7,0,8,5.2,-1.83697e-16,-1,57,-1.83697e-16,-1,-1.83697e-16,-1,19,26,48,13,1007.4,1005.9,3,7,26.6,25.9,30.5338,11.9261,-0.7,-1.5,0
-0.133015,-0.991114,15.5,30,0,10.8,11.2,-1.83697e-16,-1,33,-0.382683,-0.92388,-0.707107,-0.707107,13,11,35,16,1015.4,1011.5,0,0,21.5,29.6,28.4959,16.1135,8.1,-3.9,0
-0.115935,-0.993257,10.1,28.4,0,10.6,11.2,0.92388,0.382683,30,-0.707107,-0.707107,0.707107,0.707107,7,13,31,29,1017.8,1012.7,0,0,22.2,25.9,19.4101,17.9412,3.7,-5.1,0
-0.0988201,-0.995105,13.6,34.2,0,6.2,9.7,-0.382683,-0.92388,48,0.92388,-0.382683,0.382683,-0.92388,9,17,44,13,1012.3,1005.3,0,0,23.6,33.9,32.3017,12.9768,10.3,-7,0
-0.0816764,-0.996659,15.3,24.7,0,10.6,11.2,-1.83697e-16,-1,54,-0.382683,-0.92388,-1.83697e-16,-1,17,22,23,14,1013.7,1008.6,0,0,19.4,24.1,29.1692,21.6702,4.7,-5.1,0
-0.0645084,-0.997917,8.7,25.6,0,10.6,11.6,0.382683,-0.92388,44,-1.83697e-16,-1,-1.83697e-16,-1,19,24,27,14,1011.7,1006.2,0,0,18.8,24.8,29.3166,19.3978,6,-5.5,0
-0.0473214,-0.99888,10,26.8,0,10.4,11.6,0.382683,0.92388,31,-0.382683,-0.92388,0.92388,0.382683,13,11,30,27,1014.7,1011.5,0,0,19.8,24,20.1613,18.0813,4.2,-3.2,0
-0.0301203,-0.999546,12.5,26.1,0,6,11.6,0.382683,0.92388,28,-0.382683,-0.92388,0.382683,0.92388,6,15,47,31,1020.6,1016.9,1,1,21.6,24.8,18.2893,11.8035,3.2,-3.7,0
-0.0129103,-0.999917,14.1,28.3,0,5.4,10.7,0.707107,0.707107,31,0.707107,-0.707107,0.92388,0.382683,7,13,52,45,1020.7,1015.3,0,0,22.5,25.9,12.8568,10.3558,3.4,-5.4,0
0.00430354,-0.999991,14.6,28.7,0,7.4,10.7,1,0,44,6.12323e-17,1,0.707107,0.707107,7,15,52,49,1016.1,1010.4,0,2,24,26.6,11.6058,10.4731,2.6,-5.7,0
0.0215161,-0.999769,19.7,34.1,0,7.6,9.3,-1.83697e-16,-1,46,0.382683,-0.92388,-1.83697e-16,-1,11,19,45,18,1009.4,1004.9,5,3,28.1,33.6,27.6164,13.067,5.5,-4.5,0
0.0387223,-0.99925,17.5,26.6,0,9.8,9.7,0.382683,0.92388,31,-0.707107,0.707107,6.12323e-17,1,11,20,55,58,1016.6,1013.9,4,4,24,23.3,8.73679,9.60781,-0.7,-2.7,0
0.055917,-0.998435,16.1,28.4,0.4,8.8,10.6,-1,1.22465e-16,31,-0.92388,0.382683,6.12323e-17,1,9,17,59,50,1018,1013.5,3,1,23,24.3,11.0996,8.45237,1.3,-4.5,0
0.0730951,-0.997325,16.1,27.4,0,4,10.9,6.12323e-17,1,30,-0.707107,0.707107,0.382683,0.92388,9,15,56,48,1018.7,1014.9,4,1,23.1,25.3,11.8117,9.26564,2.2,-3.8,0
0.0902516,-0.995919,17.1,28.4,0,7.4,9.2,0.92388,0.382683,30,0.92388,-0.382683,1,0,11,13,54,72,1015.6,1010.1,4,5,24.3,22.9,5.32359,9.91381,-1.4,-5.5,0
0.107381,-0.994218,11.8,27,2.4,6.6,12,-0.382683,-0.92388,35,-0.707107,-0.707107,0.382683,0.92388,13,15,28,33,1016.4,1013.3,0,1,19.7,23.3,17.1861,19.0266,3.6,-3.1,1
0.124479,-0.992222,13.3,26.5,0,6.6,11.7,-0.382683,0.92388,31,-0.92388,-0.382683,6.12323e-17,1,11,19,34,41,1022.1,1018.5,1,2,21.1,23.6,14.0331,16.4807,2.5,-3.6,0
0.14154,-0.989932,13.7,24.9,0,7.8,11,-0.382683,0.92388,35,-0.92388,0.382683,6.12323e-17,1,15,19,48,48,1025.9,1022.5,1,3,21.3,21.5,11.4803,11.4629,0.2,-3.4,0
0.158559,-0.987349,15,22.4,0,7,2.5,0.382683,-0.92388,24,-0.382683,0.92388,0.382683,0.92388,9,7,63,68,1024.1,1020.6,7,7,19.6,18.9,6.04024,7.24161,-0.7,-3.5,0
0.175531,-0.984474,13,26.8,1,2.2,10.7,1,0,43,0.707107,0.707107,0.92388,0.382683,9,19,61,58,1017.6,1010.8,1,1,21.2,24.5,8.81596,7.82705,3.3,-6.8,0
0.192452,-0.981306,18.3,35,1.8,6.6,8.8,-0.382683,-0.92388,93,0.92388,-0.382683,0.707107,-0.707107,13,20,56,25,1009.1,1002.2,2,7,26.7,34,22.8343,9.51854,7.3,-6.9,1
0.209315,-0.977848,16.6,31.4,10.2,8.6,9.2,-1.83697e-16,-1,59,0.382683,-0.92388,-1.83697e-16,-1,24,28,20,14,1008.8,1004.4,1,0,27.2,30.6,30.5511,24.9232,3.4,-4.4,1
0.226116,-0.9741,12.1,31,0.2,13.8,11.8,-1.83697e-16,-1,30,-0.92388,-0.382683,1,0,9,11,23,23,1013.8,1008.7,0,0,25.5,29.4,23.3123,22.6654,3.9,-5.1,0
0.24285,-0.970064,12.9,29.6,0,9.8,12.1,-1.83697e-16,-1,43,-0.382683,-0.92388,-0.382683,-0.92388,15,19,23,14,1013.8,1010.3,0,0,26.4,29.2,30.251,22.814,2.8,-3.5,0
0.259512,-0.96574,14.7,26.2,0,11.8,12.1,0.707107,0.707107,28,-1,1.22465e-16,0.382683,0.92388,9,15,21,37,1019.9,1018.1,2,1,22.7,24,15.5988,23.4568,1.3,-1.8,0
0.276097,-0.96113,14.6,25.7,0,7.8,9.6,0.382683,0.92388,31,-0.382683,0.92388,6.12323e-17,1,7,20,48,50,1024.6,1022.2,2,3,21.8,22.5,10.9508,11.5063,0.7,-2.4,0
0.2926,-0.956235,14.5,25.2,0,7,10.5,-0.382683,0.92388,30,-0.92388,0.382683,6.12323e-17,1,7,15,48,51,1026.5,1023.4,3,2,22.7,22.7,10.6668,11.5844,0,-3.1,0
0.309017,-0.951057,14.2,25.7,0,7,11.9,0.382683,0.92388,28,6.12323e-17,1,0.382683,0.92388,9,17,48,46,1025.9,1022.3,3,1,23.3,24.4,12.381,11.6367,1.1,-3.6,0
0.325342,-0.945596,14.5,28.1,0,6.4,11.6,0.382683,0.92388,30,0.707107,0.707107,0.92388,0.382683,9,13,49,48,1025,1020.8,1,1,24.4,25.7,11.8468,11.4175,1.3,-4.2,0
0.341571,-0.939856,15.2,28,0,7.8,11.4,0.707107,0.707107,30,0.382683,-0.92388,0.707107,0.707107,9,13,50,45,1023,1020.9,1,1,24.9,26.3,12.8949,11.1494,1.4,-2.1,0
0.357698,-0.933837,16.1,28.3,0,6.4,11.7,0.707107,0.707107,31,1,0,0.382683,0.92388,13,15,48,46,1023,1019,2,4,24.3,26.1,12.5383,11.724,1.8,-4,0
0.37372,-0.927542,16,28.8,0,8,10.9,0.92388,0.382683,35,0.707107,-0.707107,0.92388,0.382683,11,17,45,54,1019.9,1014.4,1,1,24.4,26.1,10.0479,12.7144,1.7,-5.5,0
0.38963,-0.920971,16.7,28.9,0.4,7.2,11.9,-0.707107,-0.707107,46,-0.707107,0.707107,0.92388,0.382683,6,19,56,57,1015.6,1011.5,1,1,25.7,25.9,9.18328,9.44796,0.2,-4.1,0
0.405426,-0.914128,18.9,28.5,0,9.4,6.9,-1.83697e-16,-1,44,1,0,0.92388,0.382683,11,13,50,60,1014.7,1013.4,7,7,27.3,24.5,8.28462,11.3497,-2.8,-1.3,0
0.421101,-0.907014,18.1,26.9,35.4,12.2,11.3,6.12323e-17,1,37,0.382683,0.92388,0.382683,0.92388,19,19,61,54,1022.4,1020.9,7,4,24.7,25.1,9.9733,8.03681,0.4,-1.5,1
0.436651,-0.899631,17.9,26.9,1.2,6.6,6.5,-0.382683,0.92388,31,0.382683,0.92388,-0.382683,0.92388,13,15,59,85,1023.3,1021.1,3,7,25.5,20.9,2.62069,8.61258,-4.6,-2.2,1
0.452072,-0.891981,17.7,26.3,4.4,7,11.9,6.12323e-17,1,33,0.382683,0.92388,6.12323e-17,1,15,15,48,47,1023.8,1021.9,7,5,23,24.4,12.0538,11.6105,1.4,-1.9,1
0.467359,-0.884068,16.7,26,0,5.6,9.6,0.382683,0.92388,26,-0.382683,0.92388,0.382683,0.92388,7,13,79,49,1023.6,1021,7,4,19.8,24.6,11.4346,3.75197,4.8,-2.6,0
0.482508,-0.875892,16.3,27.2,0,5.8,11.7,6.12323e-17,1,31,-0.382683,-0.92388,0.382683,0.92388,4,15,52,49,1022.9,1019.9,6,1,24.4,25.1,11.4773,10.5045,0.7,-3,0
0.497513,-0.867456,18.3,24.8,0.4,7.6,6.4,-0.92388,0.382683,39,-0.92388,0.382683,6.12323e-17,1,7,17,67,59,1024.4,1021.3,7,4,22.5,23,8.45237,6.44146,0.5,-3.1,0
0.512371,-0.858764,14.2,26.6,0,4.6,12.6,0.382683,0.92388,28,0.707107,-0.707107,1,0,7,11,50,42,1023.2,1018.9,3,0,22.7,26.3,13.9501,10.9673,3.6,-4.3,0
0.527078,-0.849817,14.9,29.3,0,9.2,12.5,0.92388,0.382683,26,0.382683,-0.92388,0.707107,0.707107,7,13,47,51,1019.3,1014.4,1,0,24.3,27.3,11.039,12.0449,3,-4.9,0
0.541628,-0.840618,18.2,32,0,6.8,12.5,0.382683,0.92388,30,6.12323e-17,1,0.92388,0.382683,7,17,45,50,1016.6,1012.4,1,1,27.3,29.3,11.518,12.9903,2,-4.2,0
0.556017,-0.831171,19.8,29.7,0,8,9.7,-0.707107,-0.707107,46,-0.707107,0.707107,0.382683,0.92388,7,17,56,58,1016.4,1014.4,7,2,27,27.7,9.02875,9.53976,0.7,-2,0
0.570242,-0.821477,18.3,25.5,0.4,6.6,3.1,0.382683,0.92388,28,-0.382683,0.92388,0.382683,0.92388,9,15,73,62,1021.5,1020.2,7,6,24.2,25.2,7.80951,5.15499,1,-1.3,0
0.584298,-0.811539,18.9,26.6,7,4.6,10.3,-0.382683,0.92388,33,0.382683,0.92388,0.382683,0.92388,15,17,63,55,1024.9,1023.3,5,4,24,25.6,9.72347,7.48779,1.6,-1.6,1
0.598181,-0.801361,16.8,27.4,0.2,8,12,6.12323e-17,1,35,-0.382683,0.92388,-0.382683,0.92388,17,15,47,47,1026.4,1023.4,6,5,25.2,25.2,12.1258,12.1258,0,-3,0
0.611886,-0.790946,18.8,25.6,17,8,3.4,6.12323e-17,1,35,6.12323e-17,1,6.12323e-17,1,15,17,62,54,1023.7,1020.7,7,7,22.9,23.9,9.88414,7.67546,1,-3,1
0.625411,-0.780296,17.2,25.6,1.6,4.6,10.9,-0.382683,0.92388,39,-0.707107,0.707107,6.12323e-17,1,11,19,66,49,1021.7,1019.8,2,3,22,24.7,11.4431,6.65182,2.7,-1.9,1
0.638749,-0.769415,15.4,26.2,0.2,8,12.4,0.707107,0.707107,26,6.12323e-17,1,0.707107,0.707107,6,13,59,50,1022.5,1020.1,4,2,23.4,25.4,11.191,8.4779,2,-2.4,0
0.651899,-0.758306,16.1,27.5,0,6.6,12.1,0.707107,0.707107,28,0.92388,-0.382683,0.382683,0.92388,7,17,54,53,1021.7,1018.3,3,1,24.1,25.2,10.2717,9.89897,1.1,-3.4,0
0.664855,-0.746972,17.5,27.8,0,7.8,7.5,6.12323e-17,1,22,6.12323e-17,1,0.382683,0.92388,9,11,52,58,1017.2,1014.1,7,7,24.2,25.1,8.85567,10.4888,0.9,-3.1,0
0.677615,-0.735417,19.2,28.1,0,4.8,11.3,0.707107,0.707107,30,0.707107,0.707107,0.382683,0.92388,9,15,53,55,1016,1013,2,1,26.2,26.5,9.78882,10.3484,0.3,-3,0
0.690173,-0.723644,18.9,30.4,0,9.8,11.8,0.707107,0.707107,31,0.382683,0.92388,0.707107,0.707107,7,15,54,53,1013.6,1009.8,1,1,26,28.5,10.526,10.0404,2.5,-3.8,0
0.702527,-0.711657,19.6,31.4,0,8,12.2,0.92388,-0.382683,35,1,0,0.707107,0.707107,7,15,51,58,1011.7,1007,0,1,28.2,28.9,9.10918,11.1125,0.7,-4.7,0
0.714673,-0.699458,20.9,34.4,0,9.6,11.2,-0.382683,0.92388,50,1,0,0.92388,0.382683,9,15,46,53,1007.3,1002.7,1,1,29.7,31.1,10.7285,12.8745,1.4,-4.6,0
0.726608,-0.687053,20.7,28.2,3.2,8,8.1,0.382683,0.92388,30,-0.382683,0.92388,0.382683,0.92388,15,15,60,61,1013,1011.4,7,3,25.3,26.5,8.14574,8.33445,1.2,-1.6,1
0.761104,-0.64863,22.5,30.7,0,9.2,12.4,0.92388,0.382683,35,0.92388,-0.382683,0.92388,0.382683,11,17,56,57,1014.3,1011.1,1,1,27.7,28.7,9.37594,9.58937,1,-3.2,0
0.772157,-0.635432,22,31.7,0,7.6,11,0.707107,0.707107,35,0.92388,-0.382683,0.92388,0.382683,11,17,48,61,1014.6,1012,1,2,29.2,29.2,8.31047,12.1565,0,-2.6,0
0.78298,-0.622047,22.2,31.3,0,9.6,11.7,0.707107,0.707107,28,0.92388,0.382683,0.92388,0.382683,9,15,52,46,1016.4,1013.5,3,1,28.9,29.6,12.8651,10.8609,0.7,-2.9,0
0.793572,-0.608477,22.4,29.8,1.2,10,12.5,0.382683,0.92388,41,0.382683,0.92388,0.382683,0.92388,17,20,58,43,1020.8,1019.3,3,2,27.5,28.7,13.833,9.01538,1.2,-1.5,1
0.803928,-0.594727,21.6,30.2,0.2,9.4,10,6.12323e-17,1,35,0.382683,0.92388,6.12323e-17,1,15,20,54,46,1021.6,1018.5,4,3,26.8,27.6,12.6778,10.1003,0.8,-3.1,0
0.814046,-0.5808,21,28.6,0,7.4,11,0.382683,0.92388,35,0.382683,0.92388,0.382683,0.92388,17,17,60,61,1019.7,1016.4,3,5,27.6,26.8,8.16397,8.47851,-0.8,-3.3,0
0.823923,-0.566702,22,31.2,0,7.8,12.3,0.92388,0.382683,33,0.707107,-0.707107,0.707107,0.707107,11,17,52,53,1015.5,1010.6,1,1,27.6,28.8,10.5493,10.7573,1.2,-4.9,0
0.833556,-0.552435,22,34.2,0,10,6.4,0.92388,0.382683,24,0.707107,-0.707107,0.707107,0.707107,7,9,51,61,1010.3,1006.1,5,7,29.5,30,8.35958,11.2191,0.5,-4.2,0
0.87796,-0.478734,18,28.3,6.6,4.8,12.1,0.382683,0.92388,33,-0.707107,0.707107,6.12323e-17,1,15,19,52,53,1021,1018.2,3,2,24.7,25.2,10.2717,10.5281,0.5,-2.8,1
0.886071,-0.46355,17.1,30.5,0,8.4,12.7,0.707107,0.707107,30,-0.92388,0.382683,0.707107,0.707107,6,15,50,45,1019.6,1015.6,1,1,26.6,28.4,13.0957,11.2911,1.8,-4,0
0.893919,-0.448229,19.3,29.8,0,9.8,12.9,0.92388,0.382683,37,0.92388,0.382683,0.92388,0.382683,11,15,52,51,1017.3,1012.4,1,1,26.8,28.4,11.1289,10.6939,1.6,-4.9,0
0.901502,-0.432776,20.4,30.6,0,10.2,12.9,0.92388,0.382683,33,0.707107,0.707107,0.92388,0.382683,7,15,43,52,1014.7,1012.5,1,1,28.3,28.9,10.8609,13.7926,0.6,-2.2,0
0.908818,-0.417194,22.2,30.5,0,10.8,12.7,0.92388,0.382683,37,0.707107,-0.707107,0.92388,0.382683,11,19,56,52,1016.7,1012.7,3,1,28.1,29.2,10.8848,9.61777,1.1,-4,0
0.915864,-0.401488,22.2,31.9,0,9.6,12.5,0.707107,0.707107,35,0.92388,0.382683,0.707107,0.707107,9,19,48,59,1013.4,1009.1,1,1,29,29.4,8.8654,12.1387,0.4,-4.3,0
0.92264,-0.385663,22.3,32.7,0,9.6,12.6,0.382683,0.92388,33,1,0,0.92388,0.382683,9,15,47,55,1011.8,1008.3,1,0,28.8,30.3,10.0671,12.4523,1.5,-3.5,0
0.929141,-0.369725,22.6,33,0,10.4,12.4,0.707107,0.707107,33,0.382683,0.92388,0.707107,0.707107,9,19,47,58,1012.6,1009.6,1,1,29.5,29.9,9.17647,12.5163,0.4,-3,0
0.935368,-0.353676,23.2,33.2,0,9,8.8,0.707107,0.707107,30,0.92388,0.382683,0.92388,0.382683,9,17,62,57,1013.6,1010.2,5,4,28.6,29.2,9.41054,8.00973,0.6,-3.4,0
0.941317,-0.337523,23.6,30.8,0,8,7.2,6.12323e-17,1,31,-0.92388,0.382683,0.382683,0.92388,13,15,62,53,1015.9,1012.2,7,7,27.7,29.8,10.627,7.95649,2.1,-3.7,0
0.952378,-0.304921,24.4,31.8,0.2,7.6,5.9,6.12323e-17,1,30,0.382683,0.92388,0.382683,0.92388,6,15,59,53,1017,1015.2,7,7,28.4,29.2,10.5803,8.80024,0.8,-1.8,0
0.962309,-0.271958,20,30,12.2,5,12.7,6.12323e-17,1,31,0.707107,-0.707107,0.707107,0.707107,7,20,59,53,1021.2,1018.8,7,2,26.7,27.9,10.4795,8.68999,1.2,-2.4,1
0.966848,-0.255353,20.5,30.5,0,9.6,11.8,0.92388,0.382683,33,0.707107,0.707107,0.707107,0.707107,15,19,45,56,1021.2,1017.8,3,2,27.5,27.4,9.56809,13.0095,-0.1,-3.4,0
0.9711,-0.238673,22,31.6,0,8.8,12.8,0.707107,0.707107,33,1,0,0.92388,0.382683,11,15,49,49,1017.3,1013.9,3,1,28.7,30,11.8996,11.7868,1.3,-3.4,0
0.975065,-0.221922,23,30.8,0,7.8,2.5,-1.83697e-16,-1,31,0.707107,0.707107,0.92388,0.382683,6,11,51,51,1015.8,1012.7,8,8,28.3,28,11.0962,11.1207,-0.3,-3.1,0
0.97874,-0.205104,21.9,28.1,4.8,5.2,0,-1.83697e-16,-1,22,-0.382683,-0.92388,-0.92388,0.382683,6,2,73,92,1016.5,1015.2,8,8,24.5,22,1.36272,5.16669,-2.5,-1.3,1
0.982126,-0.188227,20.9,29,34,5,5.5,6.12323e-17,1,30,-0.707107,0.707107,-0.382683,0.92388,6,9,61,65,1015.8,1014,5,7,26.6,25.4,7.06888,8.15181,-1.2,-1.8,1
0.98522,-0.171293,20.9,32,0,3.6,8.2,-0.92388,0.382683,41,-0.92388,0.382683,0.382683,0.92388,2,17,60,59,1015,1011.6,5,6,27.1,27.7,8.75476,8.4471,0.6,-3.4,0
0.988023,-0.154309,20.9,30.2,13,6.4,10.3,0.382683,0.92388,33,-0.707107,-0.707107,6.12323e-17,1,4,20,67,58,1015.2,1013,5,4,26.7,27.9,9.04213,6.64844,1.2,-2.2,1
0.990532,-0.137279,21.4,30,1.6,10.6,7.4,0.382683,0.92388,30,1,0,0.382683,0.92388,4,17,71,57,1015.5,1012.7,6,2,26.1,28.1,9.33449,5.68096,2,-2.8,1
0.992749,-0.120208,21.9,29.1,0.2,5.4,6.7,0.382683,0.92388,39,0.382683,0.92388,0.382683,0.92388,19,15,72,70,1013.3,1011,7,7,26.3,27,5.95092,5.46195,0.7,-2.3,0
0.994671,-0.103102,23,29.7,13.2,5,5.9,0.707107,0.707107,33,0.382683,0.92388,0.382683,0.92388,15,20,79,77,1013.4,1012.1,6,6,27,27,4.38708,3.96311,0,-1.3,1
0.996298,-0.0859648,22.7,29.3,21,7.6,3.5,0.382683,0.92388,35,0.707107,0.707107,0.382683,0.92388,17,19,73,71,1016,1013.7,7,7,26.7,27.2,5.72792,5.25288,0.5,-2.3,1
0.99763,-0.0688024,23.1,28.5,21.6,4.9,3.3,0.707107,0.707107,26,0.92388,0.382683,0.382683,0.92388,7,15,92,73,1015.6,1012.5,8,4,23.6,27.7,5.2923,1.37952,4.1,-3.1,1
0.998667,-0.0516197,22.9,29.1,35,4,3.3,0.382683,0.92388,30,-0.92388,-0.382683,0.382683,0.92388,2,11,87,77,1016.5,1015.2,7,8,25.4,26.3,4.3641,2.32752,0.9,-1.3,1
0.999407,-0.0344216,22.8,28.6,7.8,4,8.1,0.382683,0.92388,33,0.382683,0.92388,0.382683,0.92388,15,17,66,58,1018.8,1016.4,5,7,27.8,27.9,9.04213,6.94828,0.1,-2.4,1
0.999852,-0.0172134,20.7,28.6,0.4,8,6.6,6.12323e-17,1,31,0.382683,0.92388,0.382683,0.92388,17,15,74,56,1018,1015.5,6,6,25,28.4,9.6391,4.96624,3.4,-2.5,0
1,0,23.6,29.6,1.4,7.6,6,0.382683,0.92388,31,0.707107,0.707107,0.92388,0.382683,13,13,61,66,1016,1013.5,7,7,27.4,27.8,6.94828,8.20047,0.4,-2.5,1
0.999852,0.0172134,23.9,30.8,0.8,6.4,11.3,0.707107,0.707107,30,0.707107,-0.707107,0.707107,0.707107,7,13,62,66,1012.5,1009,2,3,28.7,29.2,7.02079,8.01566,0.5,-3.5,0
0.999407,0.0344216,24.9,32.2,0,7.4,3.3,6.12323e-17,1,33,0.707107,-0.707107,-0.382683,0.92388,4,17,65,76,1010.7,1010.7,4,8,30,25.6,4.55454,7.31479,-4.4,0,0
0.998667,0.0516197,23.4,27.7,20.6,4.2,0,-0.92388,0.382683,43,-0.707107,0.707107,-0.382683,0.92388,15,15,70,65,1015.8,1015.1,8,7,26.2,26.4,7.12199,5.9154,0.2,-0.7,1
0.99763,0.0688024,21.1,27.8,0,4,0.7,-0.382683,0.92388,31,-0.92388,0.382683,-0.382683,0.92388,9,17,69,56,1017.3,1015.7,7,7,24.9,27.7,9.58937,6.08875,2.8,-1.6,0
0.996298,0.0859648,21.8,29.3,0,4.8,3.3,0.382683,0.92388,24,6.12323e-17,1,0.382683,0.92388,11,11,81,64,1015.5,1013.1,8,7,24.7,28.3,7.4761,3.48741,3.6,-2.4,0
0.994671,0.103102,22.4,28.6,0.6,4.4,1.8,0.707107,0.707107,26,-0.382683,0.92388,6.12323e-17,1,11,17,73,62,1014.8,1012.9,7,7,26.9,27.5,7.94469,5.26076,0.6,-1.9,0
0.992749,0.120208,22.3,30.3,0.2,5.4,6.8,0.382683,0.92388,33,-0.382683,0.92388,0.382683,0.92388,15,19,63,55,1017.6,1016.1,7,3,26.6,29.3,9.99348,7.63515,2.7,-1.5,0
0.990532,0.137279,21.7,30.2,0,4.6,12.9,0.382683,0.92388,35,6.12323e-17,1,6.12323e-17,1,13,15,65,48,1019.2,1017,3,3,28.1,29.6,12.1921,7.21272,1.5,-2.2,0
0.988023,0.154309,21,30.6,0,7.2,13.2,6.12323e-17,1,28,-0.92388,0.382683,0.382683,0.92388,6,17,60,52,1017.7,1014.6,2,1,27.7,29.2,10.8848,8.4848,1.5,-3.1,0
0.98522,0.171293,20.8,30.5,0,7,12.2,0.382683,0.92388,33,-0.707107,0.707107,6.12323e-17,1,9,19,61,52,1016.7,1014.3,3,2,28.1,29.6,10.9168,8.24316,1.5,-2.4,0
0.982126,0.188227,21.3,31,0,8,12.2,-0.382683,0.92388,31,0.707107,0.707107,0.382683,0.92388,6,15,58,61,1015,1012.6,3,2,27.9,29,8.29821,9.04213,1.1,-2.4,0
0.97874,0.205104,20.9,30.1,0,10.8,10.6,0.92388,0.382683,39,0.382683,0.92388,0.707107,0.707107,9,15,58,54,1014.8,1011.5,3,1,27.7,29,10.2657,9.02875,1.3,-3.3,0
0.975065,0.221922,23.2,30.7,0,5.8,10.7,6.12323e-17,1,28,-0.92388,0.382683,0.382683,0.92388,6,19,59,49,1015.6,1012.9,6,1,28,29.4,11.8475,8.77424,1.4,-2.7,0
0.9711,0.238673,21.5,30.8,0,9.2,10.5,6.12323e-17,1,33,6.12323e-17,1,-0.382683,0.92388,11,15,65,42,1015.5,1013,7,4,26.6,30.2,14.3541,7.13263,3.6,-2.5,0
0.966848,0.255353,21.3,29.9,0,8.2,8.6,0.707107,0.707107,26,0.382683,0.92388,0.707107,0.707107,4,13,54,55,1012.7,1009.3,6,1,27.4,29.1,9.97879,10.1453,1.7,-3.4,0
0.962309,0.271958,22.1,32.4,0,7.8,11.8,0.707107,0.707107,30,0.707107,-0.707107,0.92388,0.382683,9,13,55,55,1008.3,1004,1,3,27.7,30.9,10.1113,9.87628,3.2,-4.3,0
0.957485,0.288482,22.1,35.1,4.4,7.6,12.7,0.382683,0.92388,30,-0.707107,-0.707107,0.707107,0.707107,9,17,62,57,1004.2,1000.2,1,3,29.4,31.9,9.59848,8.0572,2.5,-4,1
0.952378,0.304921,17.3,32.8,0,9,12.9,6.12323e-17,1,50,-0.707107,-0.707107,0.382683,0.92388,9,19,42,50,1008.3,1006,1,1,26.2,28.5,11.4505,13.9399,2.3,-2.3,0
0.946988,0.32127,20.2,33,0.2,8.6,13,0.92388,0.382683,26,-0.92388,-0.382683,0.382683,0.92388,6,13,56,39,1012.2,1009,1,0,27.1,30.7,15.5657,9.54684,3.6,-3.2,0
0.941317,0.337523,21.3,32.6,0,8.4,10.5,0.382683,0.92388,24,-0.382683,-0.92388,0.92388,0.382683,6,13,60,50,1013.4,1010.4,6,6,28.4,30.3,11.6025,8.5289,1.9,-3,0
0.935368,0.353676,22.4,30.9,0,7,6.3,0.707107,0.707107,26,0.382683,0.92388,0.707107,0.707107,6,13,56,57,1015.2,1013.7,6,6,27.9,28.8,9.38285,9.60357,0.9,-1.5,0
0.929141,0.369725,21.3,32.1,0,5.6,13,6.12323e-17,1,28,0.707107,-0.707107,0.382683,0.92388,6,13,59,50,1014.4,1011.4,2,1,28.3,30.5,11.6195,8.79374,2.2,-3,0
0.92264,0.385663,21.8,31.7,0,9,12.8,6.12323e-17,1,31,0.382683,0.92388,0.382683,0.92388,11,17,54,50,1014.2,1011.9,2,1,28.6,30.3,11.6025,10.2355,1.7,-2.3,0
0.915864,0.401488,21.5,32.5,0,9,11.6,0.382683,0.92388,28,1,0,0.92388,0.382683,7,13,59,47,1015,1012.2,5,3,28.9,31.9,12.7368,8.83279,3,-2.8,0
0.908818,0.417194,22.4,32.8,0,9.2,12,0.707107,0.707107,31,-0.382683,-0.92388,0.707107,0.707107,4,15,59,56,1014.1,1011.1,5,1,28.3,30.6,9.79621,8.79374,2.3,-3,0
0.901502,0.432776,21.9,33.6,0,9.2,11.8,-0.707107,0.707107,41,-1.83697e-16,-1,0.92388,0.382683,6,15,58,51,1012.7,1010,1,1,28.3,30.9,11.3345,9.06892,2.6,-2.7,0
0.893919,0.448229,24.1,33.8,0,6.8,9.9,0.382683,0.92388,28,6.12323e-17,1,0.707107,0.707107,7,17,58,44,1011.3,1007.9,4,3,29.7,32.2,13.8225,9.16299,2.5,-3.4,0
0.886071,0.46355,21.1,32.6,3.6,9.8,7,-1,1.22465e-16,31,-1.83697e-16,-1,0.707107,0.707107,9,9,72,60,1010.2,1008,6,8,25.6,28.8,8.55415,5.43332,3.2,-2.2,1
0.87796,0.478734,22.8,31.2,3,4.8,7.5,-0.92388,-0.382683,46,-0.92388,0.382683,-0.707107,0.707107,9,22,65,57,1012.4,1011.4,7,7,27.7,27.9,9.32069,7.19132,0.2,-1,1
0.869589,0.493776,22.7,28.1,5.4,8.6,1.9,0.382683,0.92388,50,0.382683,0.92388,6.12323e-17,1,11,17,76,68,1010.7,1008.8,8,8,26.3,26.7,6.40845,4.57858,0.4,-1.9,1
0.860961,0.508671,22,28.2,17.4,2.8,0.3,0.382683,0.92388,46,6.12323e-17,1,-0.382683,0.92388,22,20,69,60,1009.3,1008.3,8,7,26.2,26.5,8.40947,6.14848,0.3,-1,1
0.852078,0.523416,22,29.3,2.6,6.4,5,6.12323e-17,1,46,-0.382683,0.92388,-0.382683,0.92388,19,13,57,64,1009.4,1007.6,7,7,26.9,27.5,7.43183,9.25186,0.6,-1.8,1
0.842942,0.538005,22,30.2,2.4,7.4,11.8,6.12323e-17,1,31,6.12323e-17,1,6.12323e-17,1,17,19,57,51,1009.7,1008.1,6,2,27.7,28.9,11.1699,9.30691,1.2,-1.6,1
0.833556,0.552435,21.5,30.9,0,7.4,10.2,0.707107,0.707107,26,-0.382683,0.92388,0.382683,0.92388,4,15,61,60,1011.1,1008.9,3,6,28.1,28.4,8.5289,8.24316,0.3,-2.2,0
0.823923,0.566702,21.8,31.5,0,7.4,11.9,6.12323e-17,1,28,0.707107,0.707107,0.707107,0.707107,9,17,62,46,1011.3,1009,7,3,28.5,30.1,12.9121,8.00381,1.6,-2.3,0
0.814046,0.5808,24.6,31.6,0,7.2,10.2,6.12323e-17,1,39,0.92388,-0.382683,0.707107,0.707107,6,17,65,62,1012.6,1010.9,7,7,28.2,29.9,8.08694,7.21807,1.7,-1.7,0
0.803928,0.594727,22.3,26.7,89,8.2,0.1,-0.92388,0.382683,30,-0.92388,0.382683,-0.707107,0.707107,11,13,90,73,1017.7,1015.8,8,8,22.3,26,5.22538,1.72351,3.7,-1.9,1
0.793572,0.608477,22,30.3,0.8,2,5.2,6.12323e-17,1,37,-0.92388,0.382683,6.12323e-17,1,11,22,77,53,1019.1,1017,7,6,25.3,28.4,10.5183,4.33137,3.1,-2.1,0
0.78298,0.622047,21.3,29.2,0.2,6.8,8.3,-0.707107,0.707107,48,-0.707107,0.707107,-0.707107,0.707107,13,17,71,66,1019.9,1018.2,6,7,25.8,26.2,6.86587,5.66818,0.4,-1.7,0
0.772157,0.635432,21.4,29.9,7,5.8,9.3,-0.707107,0.707107,33,-0.707107,0.707107,-0.382683,0.92388,11,19,65,54,1018.9,1016.3,7,3,26.5,29.1,10.2733,7.12731,2.6,-2.6,1
0.761104,0.64863,21.4,29.5,0,6.6,12.1,6.12323e-17,1,28,6.12323e-17,1,0.707107,0.707107,4,15,63,52,1018.1,1015,3,2,26.9,29,10.8689,7.65224,2.1,-3.1,0
0.749826,0.661635,21,31.1,0,7,11.8,0.707107,0.707107,26,-0.707107,-0.707107,0.707107,0.707107,7,15,67,54,1015.4,1011.9,4,2,27.1,29.7,10.3186,6.66831,2.6,-3.5,0
0.738326,0.674444,21.6,31.1,0,6.8,11.3,0.707107,0.707107,30,-0.382683,-0.92388,0.707107,0.707107,6,19,62,56,1013.5,1011.2,3,5,28,29.6,9.72465,7.97422,1.6,-2.3,0
0.726608,0.687053,23.6,31.4,0,7.6,12.1,0.92388,0.382683,35,0.707107,-0.707107,0.707107,0.707107,11,17,59,61,1013.1,1008.6,5,2,28,30.3,8.37803,8.77424,2.3,-4.5,0
0.714673,0.699458,24.7,33.1,0,8,11.9,0.92388,0.382683,37,0.92388,-0.382683,0.92388,0.382683,11,19,61,66,1010.6,1006.5,2,1,30.1,30.9,7.10932,8.36573,0.8,-4.1,0
0.702527,0.711657,24.3,32,17.4,7.4,4.2,0.382683,-0.92388,30,1,0,0.707107,0.707107,7,9,72,89,1010.4,1007.9,7,7,28.9,27,1.97418,5.56893,-1.9,-2.5,1
0.690173,0.723644,21.3,28.3,121.4,4.2,0.7,-0.382683,0.92388,24,-0.92388,-0.382683,-0.382683,0.92388,7,13,85,65,1013.8,1012,8,8,22.6,27.4,7.17529,2.65508,4.8,-1.8,1
0.677615,0.735417,22.5,30,0,2.2,3.8,6.12323e-17,1,37,-1,1.22465e-16,-0.707107,0.707107,11,20,69,52,1016.8,1015.5,7,7,25.9,28.4,10.821,6.13467,2.5,-1.3,0
0.664855,0.746972,20.4,29.1,0,5.8,7.9,-0.707107,0.707107,35,-0.92388,0.382683,-0.382683,0.92388,11,17,60,54,1019.6,1017.7,6,6,26.3,27.4,10.1453,8.39694,1.1,-1.9,0
0.651899,0.758306,20.8,29.3,0.4,6.2,5.8,6.12323e-17,1,37,-0.707107,0.707107,6.12323e-17,1,9,15,67,61,1019.5,1017.1,3,7,25.1,27.3,8.19438,6.56921,2.2,-2.4,0
0.638749,0.769415,21.4,29.9,2.2,5.6,9.4,0.382683,0.92388,31,-0.382683,-0.92388,0.382683,0.92388,6,9,76,50,1019.8,1017,7,3,25.7,29.1,11.5011,4.55797,3.4,-2.8,1
0.625411,0.780296,20.3,31,0.2,7,10.6,-0.707107,0.707107,48,-0.92388,-0.382683,0.382683,0.92388,7,15,64,66,1019.2,1015.6,6,3,27,29.3,7.02598,7.40422,2.3,-3.6,0
0.611886,0.790946,22.7,33.5,0,6,11.6,0.382683,0.92388,20,-0.382683,-0.92388,0.382683,0.92388,11,13,66,53,1015.8,1011.8,2,1,27.8,32.3,10.8226,6.94828,4.5,-4,0
0.598181,0.801361,24,30.4,0,6.4,6.5,-0.92388,0.382683,43,-0.92388,0.382683,-0.707107,0.707107,13,17,67,66,1017.2,1016.9,7,7,27.6,26.9,6.90187,6.6932,-0.7,-0.3,0
0.584298,0.811539,23.6,29.1,0,6.6,3.2,-0.707107,0.707107,43,-0.707107,0.707107,-0.707107,0.707107,13,13,67,73,1021.3,1020.8,7,7,25.9,24.4,5.16279,6.60877,-1.5,-0.5,0
0.570242,0.821477,19.6,28.5,1.4,5,6.7,-0.382683,0.92388,46,-0.382683,-0.92388,-0.382683,0.92388,7,17,71,50,1022.2,1018.9,5,6,24,27.5,11.3665,5.59183,3.5,-3.3,1
0.556017,0.831171,20.2,27.4,0.6,6.6,2.2,6.12323e-17,1,35,-1,1.22465e-16,-0.707107,0.707107,7,20,76,67,1018.9,1016.1,7,8,24.6,26.2,6.62363,4.52031,1.6,-2.8,0
0.541628,0.840618,21.9,29.8,9.4,2.6,6.4,0.382683,0.92388,28,-0.707107,0.707107,0.382683,0.92388,9,17,76,65,1017.1,1013.8,4,7,26.6,28.5,7.23415,4.5889,1.9,-3.3,1
0.527078,0.849817,22.9,26.4,26.8,6.6,0,-0.92388,0.382683,31,-0.707107,0.707107,-0.707107,0.707107,6,11,92,82,1013.6,1010.3,8,8,23.6,23.8,3.26452,1.37952,0.2,-3.3,1
0.512371,0.858764,20.9,23.9,60.6,3.2,0,-0.382683,0.92388,37,6.12323e-17,1,-0.382683,0.92388,13,15,93,91,1010.5,1008.2,8,8,21.1,21.9,1.5391,1.17865,0.8,-2.3,1
0.497513,0.867456,20.9,27.2,23.6,3.2,0.8,6.12323e-17,1,44,0.382683,0.92388,-0.382683,0.92388,20,15,84,76,1011.6,1009.5,8,5,23.3,26.4,4.58202,2.86155,3.1,-2.1,1
0.482508,0.875892,21.5,27,20,4.4,0.2,-0.707107,0.707107,35,-0.382683,0.92388,-0.382683,0.92388,13,15,65,58,1013.2,1011.1,8,7,25.8,26.4,8.94201,7.0901,0.6,-2.1,1
0.467359,0.884068,23,28.5,0.2,5,1.2,6.12323e-17,1,35,6.12323e-17,1,6.12323e-17,1,15,17,69,81,1011.9,1009.2,8,8,25.9,25.9,3.51917,6.13467,0,-2.7,0
0.452072,0.891981,23,27,9,4.6,0.2,6.12323e-17,1,39,6.12323e-17,1,6.12323e-17,1,13,15,90,90,1011.9,1010.9,8,8,24.3,23.2,1.73543,1.75004,-1.1,-1,1
0.436651,0.899631,21.9,27.2,3.4,2,2.2,-0.382683,0.92388,35,6.12323e-17,1,0.382683,0.92388,15,17,70,64,1014.4,1012.1,7,7,26.5,26.9,7.39871,5.92871,0.4,-2.3,1
0.421101,0.907014,22.5,27.2,0.6,2.8,0,6.12323e-17,1,15,-0.382683,-0.92388,0.382683,0.92388,6,6,81,64,1016.3,1014.1,7,7,23.9,26.9,7.39871,3.46632,3,-2.2,0
0.405426,0.914128,20.5,32.6,0,2.2,10.7,0.707107,0.707107,22,-0.707107,-0.707107,-0.92388,-0.382683,11,7,78,51,1017,1013.7,1,3,24.4,32.2,11.4422,4.09295,7.8,-3.3,0
0.38963,0.920971,22.7,33.1,0,5.8,8.7,-0.382683,0.92388,31,-0.707107,-0.707107,6.12323e-17,1,7,17,76,65,1017.9,1016,7,7,26.9,29,7.26098,4.59923,2.1,-1.9,0
0.37372,0.927542,21.8,30,0,5.6,9.4,-0.92388,-0.382683,39,-1,1.22465e-16,-0.92388,-0.382683,13,15,58,54,1022.1,1021.1,4,5,27.2,28.6,10.2355,8.99534,1.4,-1,0
0.357698,0.933837,20.1,28.1,1.2,5.6,7.9,-0.382683,0.92388,50,-0.707107,0.707107,-0.707107,0.707107,20,22,58,52,1028.1,1026.2,3,6,25.5,26.1,10.6385,8.88219,0.6,-1.9,1
0.341571,0.939856,18.8,27.4,0.6,6.4,6.4,-0.707107,0.707107,48,-0.707107,0.707107,-0.382683,0.92388,19,24,53,67,1027.5,1025.7,5,6,25.4,22.3,6.43169,10.287,-3.1,-1.8,0
0.325342,0.945596,18.4,27.5,0.6,5.6,8.4,-0.92388,0.382683,37,-0.92388,0.382683,-0.707107,0.707107,11,11,68,72,1024.5,1021.7,5,3,24.1,24.1,5.37222,6.28453,0,-2.8,0
0.309017,0.951057,18.4,28,4.8,6,8.4,-0.92388,0.382683,31,-0.92388,0.382683,-0.92388,0.382683,13,17,68,55,1023.1,1019.4,5,6,23.2,26.2,9.76701,6.24191,3,-3.7,1
0.2926,0.956235,19,28.3,0.2,6,7.5,-0.382683,0.92388,39,-0.92388,0.382683,-0.382683,0.92388,13,19,62,45,1020.5,1018,5,3,24.6,27.3,12.9903,7.77443,2.7,-2.5,0
0.24285,0.970064,18.4,28.6,0,6.2,10.6,-0.382683,0.92388,30,6.12323e-17,1,-0.382683,0.92388,19,17,55,44,1022.4,1020.3,4,2,25.9,27.2,13.3277,9.74523,1.3,-2.1,0
0.226116,0.9741,17.2,28.4,0,8,3.1,-0.382683,0.92388,37,-0.707107,0.707107,-0.382683,0.92388,15,17,59,73,1021.7,1019.8,7,7,24.7,24.4,5.16279,8.56115,-0.3,-1.9,0
0.209315,0.977848,20.9,28.2,1,4.2,2.3,0.707107,0.707107,30,6.12323e-17,1,6.12323e-17,1,17,13,62,66,1020.6,1017.9,7,8,27.3,26.2,6.86587,7.93289,-1.1,-2.7,0
0.192452,0.981306,20.5,28.5,0,2.8,1.9,0.92388,0.382683,20,-0.382683,-0.92388,0.707107,0.707107,7,9,71,68,1018.4,1016.5,8,8,25.5,26.7,6.40845,5.65542,1.2,-1.9,0
0.175531,0.984474,20.7,30,0,2.6,7.2,6.12323e-17,1,30,-0.707107,-0.707107,6.12323e-17,1,7,15,69,61,1019.4,1016.5,5,6,26.5,28.1,8.24316,6.1623,1.6,-2.9,0
0.14154,0.989932,18.4,28.8,0,5.6,10.3,-0.707107,0.707107,28,-0.92388,-0.382683,6.12323e-17,1,6,17,62,54,1022.9,1019.8,1,3,24.9,27.4,10.1453,7.79196,2.5,-3.1,0
0.124479,0.992222,20.4,28.7,3.4,6.4,9,0.92388,0.382683,22,-0.707107,-0.707107,0.382683,0.92388,7,11,77,59,1022.6,1018.8,5,4,23.1,27.7,8.75476,4.25979,4.6,-3.8,1
0.107381,0.994218,18.4,29.1,0,3.8,10.9,0.707107,0.707107,24,-0.707107,-0.707107,0.382683,0.92388,6,11,69,58,1021.1,1018.3,1,1,25.4,26.7,8.96199,6.11169,1.3,-2.8,0
0.0902516,0.995919,20.5,28.6,0,5.8,8,6.12323e-17,1,28,-0.92388,-0.382683,6.12323e-17,1,6,13,69,50,1020.2,1017,7,5,25.6,27.6,11.3749,6.12087,2,-3.2,0
0.0730951,0.997325,20.7,27.8,1.2,6.6,4.7,0.382683,0.92388,30,-0.92388,0.382683,0.707107,0.707107,6,11,83,61,1021.3,1017.8,7,4,22,26.9,8.17005,3.02562,4.9,-3.5,1
0.055917,0.998435,19.5,26.1,3.2,3.8,1.6,0.92388,0.382683,24,-0.707107,-0.707107,0.382683,0.92388,6,13,76,71,1019.8,1016.8,5,6,24.2,24.7,5.62146,4.50665,0.5,-3,1
0.0215161,0.999769,20.5,27.7,1.4,2.8,6.3,-0.382683,0.92388,26,-0.707107,-0.707107,6.12323e-17,1,7,13,76,62,1016.7,1013.7,7,5,23.6,25.9,7.85053,4.4862,2.3,-3,1
0.00430354,0.999991,19.7,27.9,0,4,9,6.12323e-17,1,31,-0.92388,0.382683,-0.382683,0.92388,9,17,65,53,1017.4,1014.4,3,5,25.4,27,10.41,7.06888,1.6,-3,0
-0.0129103,0.999917,19.1,27.6,0,6,9.3,-0.382683,0.92388,35,-0.92388,0.382683,6.12323e-17,1,11,11,62,59,1018.7,1015.4,3,4,24.6,25.9,8.63834,7.77443,1.3,-3.3,0
-0.0301203,0.999546,18.9,26.5,0,6,8.7,-0.382683,0.92388,31,-0.92388,-0.382683,-0.382683,0.92388,7,11,61,54,1018.6,1015.6,3,3,23.6,26.2,10.0554,7.9706,2.6,-3,0
-0.0473214,0.99888,17.9,27.7,0,4,10.2,-0.382683,-0.92388,46,-0.92388,-0.382683,6.12323e-17,1,9,15,60,54,1018.9,1015.9,1,3,23.5,25.1,9.9733,8.22254,1.6,-3,0
-0.0645084,0.997917,17.8,26.1,0,6,6.2,6.12323e-17,1,22,-0.707107,-0.707107,0.382683,0.92388,6,11,68,55,1020.5,1018.3,6,7,22.9,25.3,9.70173,6.22773,2.4,-2.2,0
-0.0816764,0.996659,17.5,27.7,0,4,7.8,0.707107,0.707107,22,-0.382683,-0.92388,0.92388,0.382683,7,9,76,51,1021.7,1018,7,7,21.7,26.9,11.0064,4.42175,5.2,-3.7,0
-0.133015,0.991114,21,31,0,6,7.6,0.92388,0.382683,17,0.382683,-0.92388,0.707107,0.707107,2,7,67,61,1012.5,1008.5,7,3,25.2,29.1,8.30434,6.57415,3.9,-4,0
-0.150055,0.988678,21.2,31.3,0,4,7.6,0.707107,0.707107,20,-0.92388,0.382683,0.707107,0.707107,2,9,85,63,1013,1009.1,4,2,24,29.6,7.8069,2.68357,5.6,-3.9,0
-0.167052,0.985948,23.2,26,0.2,4.2,0,-1.83697e-16,-1,20,-0.382683,-0.92388,-1.83697e-16,-1,2,2,78,76,1012.6,1010.3,7,7,25.8,25,4.53398,4.13644,-0.8,-2.3,0
-0.183998,0.982927,18.5,24.4,2,2,1.4,-0.707107,0.707107,26,-0.382683,-0.92388,-0.707107,0.707107,2,11,81,54,1018,1016.5,8,7,19.3,24.1,9.89897,3.34627,4.8,-1.5,1
-0.200891,0.979614,16.5,26.9,0,3.2,8.3,-0.382683,0.92388,28,-0.92388,-0.382683,-0.707107,0.707107,7,11,64,47,1020.3,1017.8,1,7,22.1,26.6,12.2523,7.13633,4.5,-2.5,0
-0.217723,0.976011,16.2,27.4,0,3.6,7.4,-0.382683,0.92388,26,-0.92388,-0.382683,6.12323e-17,1,4,13,65,49,1020.7,1017.8,7,3,22.7,26.3,11.58,6.92645,3.6,-2.9,0
-0.234491,0.972118,17.3,24.6,0,5,0.7,-0.707107,0.707107,26,0.707107,0.707107,-0.382683,0.92388,4,13,78,50,1023.3,1021,7,7,19.2,24.1,11.083,3.93337,4.9,-2.3,0
-0.25119,0.967938,17,27.5,0.4,2.6,10.4,-0.382683,0.92388,30,-1,1.22465e-16,6.12323e-17,1,6,13,63,48,1023.9,1021.3,1,3,23.8,26.5,11.9173,7.47652,2.7,-2.6,0
-0.267814,0.963471,18.1,26.8,0.6,5.4,6.1,-0.382683,0.92388,33,-0.92388,0.382683,-0.382683,0.92388,2,11,80,68,1024.5,1020.7,7,4,20.8,23.6,6.26083,3.58199,2.8,-3.8,0
-0.284359,0.958718,18.5,26.2,4.6,3.4,4.6,-0.707107,0.707107,30,-0.92388,0.382683,6.12323e-17,1,7,9,74,67,1022.7,1020.2,8,7,22.6,23.3,6.48064,4.87676,0.7,-2.5,1
-0.30082,0.953681,17.9,26.4,1,3.8,3.9,6.12323e-17,1,28,-1,1.22465e-16,0.382683,-0.92388,4,4,79,78,1021.1,1018.4,7,7,22.6,22.3,4.02812,3.8334,-0.3,-2.7,0
-0.317191,0.948362,18.2,23.1,10.2,2.4,0,-0.707107,0.707107,22,-0.707107,0.707107,-0.707107,-0.707107,7,4,93,88,1021.3,1019.3,8,7,20.1,20.5,2.05948,1.16958,0.4,-2,1
-0.333469,0.942761,17.8,25.6,12.8,1,5.3,6.12323e-17,1,22,-0.92388,-0.382683,0.382683,0.92388,4,4,71,66,1022.3,1019.7,7,5,22.8,24.3,6.76863,5.54121,1.5,-2.6,1
-0.349647,0.936881,18,28.4,0.2,3.2,10.5,-0.382683,0.92388,19,-0.92388,-0.382683,6.12323e-17,1,6,9,72,56,1021.6,1018,1,1,23.1,26.7,9.51854,5.33168,3.6,-3.6,0
-0.365723,0.930724,18.5,25.5,0.8,3.4,3.4,0.92388,-0.382683,17,-0.92388,-0.382683,0.382683,0.92388,2,6,83,76,1019.5,1016.2,5,7,22.5,24.3,4.51006,3.03722,1.8,-3.3,0
-0.381689,0.924291,18.3,29.3,2.2,2.6,9.5,-0.382683,-0.92388,22,0.707107,0.707107,0.382683,0.92388,2,9,74,66,1016.9,1012.2,4,6,23.4,27.4,6.92764,4.9065,4,-4.7,1
-0.397543,0.917584,16.7,26.4,0,4,10.3,-0.92388,0.382683,20,-0.92388,-0.382683,-0.382683,0.92388,6,4,48,43,1021.3,1019.6,3,2,21.9,23.9,13.3515,11.5149,2,-1.7,0
-0.413279,0.910605,13.5,25.9,0,4.8,7.5,0.382683,0.92388,17,-0.92388,-0.382683,0.382683,0.92388,6,7,57,53,1022.7,1019.4,3,7,20.1,24.3,10.2028,8.79034,4.2,-3.3,0
-0.428892,0.903356,16.5,27.4,0,3,8.5,0.382683,0.92388,15,-0.707107,-0.707107,0.382683,0.92388,4,9,69,53,1022.2,1018.5,5,1,22.7,26.5,10.3715,5.98832,3.8,-3.7,0
-0.444378,0.895839,18,29.3,0,3,9.5,-1.83697e-16,-1,19,-0.707107,-0.707107,-1.83697e-16,-1,2,9,72,36,1021.5,1017.6,2,3,22.8,29,16.6004,5.31954,6.2,-3.9,0
-0.459733,0.888057,13,28.3,0,3,10.1,-0.382683,0.92388,26,-0.382683,-0.92388,-0.382683,0.92388,4,11,54,59,1022.3,1019.5,1,2,21,25.8,8.6319,9.67026,4.8,-2.8,0
-0.474951,0.880012,17.8,27,0,4.8,10,6.12323e-17,1,28,-0.92388,-0.382683,6.12323e-17,1,4,15,67,59,1025.3,1022.4,4,3,22.6,24.4,8.5419,6.44636,1.8,-2.9,0
-0.490029,0.871706,17.6,27,0.6,4,10.1,6.12323e-17,1,24,-0.92388,-0.382683,0.382683,0.92388,2,9,66,52,1026.1,1022.9,2,2,23,26,10.6306,6.70249,3,-3.2,0
-0.504961,0.863142,16.7,26.4,0.2,4,9.1,-0.707107,0.707107,31,-0.707107,-0.707107,-0.382683,0.92388,4,13,67,53,1025,1021.3,2,5,22.7,24.9,10.2487,6.45125,2.2,-3.7,0
-0.519744,0.854322,17.8,21.2,4.2,4.8,0.9,-0.382683,0.92388,13,-0.382683,-0.92388,6.12323e-17,1,4,7,91,87,1021.3,1017.3,8,7,19.4,20.3,2.23855,1.50968,0.9,-4,1
-0.577292,0.816538,11.6,26.4,0,3.4,9.1,-0.707107,0.707107,24,-0.707107,-0.707107,6.12323e-17,1,7,9,60,55,1019.6,1016.4,6,5,18.8,23.7,9.5862,7.93379,4.9,-3.2,0
-0.591261,0.80648,14.3,25.7,0,2.8,9.7,-0.92388,0.382683,22,-0.92388,-0.382683,-0.707107,0.707107,4,7,67,51,1020.5,1016.9,1,2,21.1,24.1,10.7794,6.37318,3,-3.6,0
-0.605056,0.796183,16.3,24.1,0,3.2,4.5,-0.92388,0.382683,19,-0.707107,-0.707107,0.707107,0.707107,6,6,67,66,1019.9,1016.5,2,7,20.6,22.8,6.69234,6.34888,2.2,-3.4,0
-0.618671,0.78565,15.3,25.8,0,1.8,7.4,-0.382683,-0.92388,30,-0.707107,-0.707107,0.707107,0.707107,2,4,75,67,1017.1,1013,6,6,20,23.5,6.49045,4.57138,3.5,-4.1,0
-0.632103,0.774884,14.6,27.3,12.2,0.8,9.4,-1.83697e-16,-1,33,-0.707107,-0.707107,-0.382683,-0.92388,6,11,82,26,1015.4,1012.4,0,1,18.7,26.8,21.1239,3.13919,8.1,-3,1
-0.645348,0.763889,11.3,24.4,0.2,6.6,9.9,0.382683,-0.92388,24,-0.92388,-0.382683,0.382683,-0.92388,6,9,46,24,1019.6,1014.9,0,1,18.1,23.8,21.7918,11.8063,5.7,-4.7,0
-0.658402,0.752667,9.7,25.3,0,2.6,10,-0.382683,-0.92388,20,-0.382683,-0.92388,-0.92388,-0.382683,6,4,46,25,1017.5,1012.9,0,1,16,24.6,21.3437,11.6177,8.6,-4.6,0
-0.67126,0.741222,9.9,25.1,0,2.4,10.1,-0.382683,-0.92388,19,-0.707107,-0.707107,-0.707107,-0.707107,7,4,56,29,1016.6,1013.3,1,3,15.8,25,19.2826,8.76291,9.2,-3.3,0
-0.683919,0.729558,12.8,20.6,0,2.8,0,-0.707107,-0.707107,13,-0.92388,-0.382683,-1.83697e-16,-1,6,4,73,56,1019.1,1016.5,8,8,15,19.8,9.0367,4.8025,4.8,-2.6,0
-0.696376,0.717677,12.5,20.8,0,1.8,1.3,-0.92388,-0.382683,19,-0.707107,-0.707107,-0.707107,-0.707107,4,6,76,63,1018.1,1014.9,7,7,15.6,19.9,7.25827,4.21792,4.3,-3.2,0
-0.708627,0.705584,10.7,23.5,0,1.4,9.6,-1.83697e-16,-1,19,-0.707107,-0.707107,-1.83697e-16,-1,6,6,63,38,1016.2,1012.9,1,2,17,23.1,15.1034,7.09801,6.1,-3.3,0
-0.720667,0.693281,11.2,24.4,0,2.8,9.1,-0.382683,-0.92388,19,-0.707107,-0.707107,-0.382683,0.92388,9,4,56,48,1018.2,1016.2,1,3,17.9,23.3,11.6367,8.90614,5.4,-2,0
-0.732494,0.680773,12.4,23.4,0,2.6,6.8,-0.382683,0.92388,19,-1,1.22465e-16,-0.382683,0.92388,6,6,65,56,1020.8,1017.9,6,7,19.4,22.4,9.21685,6.75428,3,-2.9,0
-0.744104,0.668064,16.4,19.7,4,2.8,0.1,-0.707107,-0.707107,37,-0.707107,-0.707107,-1,1.22465e-16,4,6,91,81,1019.3,1015.3,8,7,16.5,19.4,3.34886,1.47592,2.9,-4,1
-0.755493,0.655156,11.9,23.7,18.6,1.8,10,-0.382683,-0.92388,19,-0.707107,-0.707107,-1,1.22465e-16,6,6,80,40,1017.3,1014.6,1,2,15.8,23.2,14.3575,3.44568,7.4,-2.7,1
-0.766659,0.642055,11.5,22.5,0,2.8,5.6,-1,1.22465e-16,26,-0.707107,-0.707107,-0.92388,0.382683,6,7,65,59,1018.9,1016.8,1,7,18.1,21.1,8.33158,6.68704,3,-2.1,0
-0.777597,0.628763,16,23.4,0,2,2.5,0.382683,0.92388,20,-0.707107,-0.707107,6.12323e-17,1,4,9,74,57,1019.5,1015.6,7,7,18.3,21.9,8.9114,4.71843,3.6,-3.9,0
-0.788305,0.615285,16.4,21.5,3.6,3,0.1,0.92388,-0.382683,13,-0.707107,-0.707107,0.707107,-0.707107,2,2,88,75,1013.3,1008.6,8,7,17.5,21,4.60661,2.01209,3.5,-4.7,1
-0.798779,0.601624,13.7,23.1,0,1.8,9.3,-1.83697e-16,-1,41,-1.83697e-16,-1,-0.382683,-0.92388,13,13,63,42,1007,1005,1,5,21.5,21.2,13.4301,7.34743,-0.3,-2,0
-0.809017,0.587785,14.5,23.9,0,4,6.5,-0.92388,-0.382683,30,-1.83697e-16,-1,-0.92388,0.382683,11,7,56,62,1012.5,1012,1,7,19.3,21.4,7.58864,9.00226,2.1,-0.5,0
-0.819015,0.573772,13.7,22.3,0,3.2,4.5,6.12323e-17,1,24,-0.707107,-0.707107,6.12323e-17,1,6,13,74,76,1019.4,1017.2,6,7,18.1,19.4,4.34434,4.71112,1.3,-2.2,0
-0.82877,0.559589,17.1,21,6.4,1.8,0.4,0.382683,-0.92388,28,0.707107,-0.707107,-1.83697e-16,-1,4,15,92,69,1013.2,1009.3,8,7,19.3,19.2,5.83023,1.33461,-0.1,-3.9,1
-0.83828,0.54524,11.6,19.8,2.8,1.6,9.6,-1.83697e-16,-1,37,0.382683,-0.92388,-1.83697e-16,-1,13,15,55,42,1011.2,1008.7,1,2,17.6,19.4,13.2488,9.15185,1.8,-2.5,1
-0.847541,0.53073,13.3,21.5,0,4,9,-1.83697e-16,-1,39,-1.83697e-16,-1,-1.83697e-16,-1,13,13,63,47,1013.3,1010.7,1,2,16.6,20.6,11.7147,7.07605,4,-2.6,0
-0.856551,0.516062,11.8,22.4,0,2.6,5.2,-1.83697e-16,-1,19,-0.707107,-0.707107,-0.382683,-0.92388,7,4,60,61,1017,1014.8,1,7,18.4,20.9,7.80919,7.90944,2.5,-2.2,0
-0.865307,0.501242,15.8,20.3,0.4,2.2,0,-0.382683,-0.92388,20,-0.707107,-0.707107,-0.707107,-0.707107,6,6,84,77,1017,1014.8,8,7,17.6,19.4,4.14074,2.73859,1.8,-2.2,0
-0.873807,0.486273,16.1,23.3,0,1.8,8.6,-1.83697e-16,-1,24,-0.707107,-0.707107,-0.707107,-0.707107,9,7,70,55,1016.8,1014,2,5,18.8,21.6,9.43557,5.59182,2.8,-2.8,0
-0.882048,0.47116,10.4,21.9,0,2.4,10,-1.83697e-16,-1,35,-1.83697e-16,-1,-1.83697e-16,-1,4,13,63,49,1013.3,1009.6,1,1,17.7,21.2,11.1464,7.13654,3.5,-3.7,0
-0.890028,0.455907,15.6,25.2,0,3.4,9.6,-0.382683,-0.92388,26,-0.707107,-0.707107,-1.83697e-16,-1,7,9,57,43,1010.4,1008.4,1,1,19.5,24.4,13.4013,8.75017,4.9,-2,0
-0.897743,0.440519,13.3,22.5,0,4.2,9.5,-1.83697e-16,-1,31,-0.92388,0.382683,-1.83697e-16,-1,2,13,55,32,1014.1,1012.5,1,1,18.1,21.9,17.4486,9.18708,3.8,-1.6,0
-0.905193,0.425,10.3,22.3,0,6.2,6.3,-0.707107,-0.707107,19,-0.707107,-0.707107,-0.92388,-0.382683,7,4,51,50,1020.6,1018.7,2,7,16.2,20.7,10.8029,10.1513,4.5,-1.9,0
-0.912375,0.409356,11.5,22.8,0,2,5.4,-0.92388,0.382683,17,-0.92388,-0.382683,-0.382683,0.92388,6,7,67,58,1022.4,1018.6,5,6,17,20.1,8.52737,6.17526,3.1,-3.8,0
-0.919286,0.39359,12.5,23.9,0,1.2,7.4,-1.83697e-16,-1,26,-0.382683,-0.92388,0.382683,-0.92388,2,7,78,53,1018.6,1012.7,7,7,15.8,22.2,10.0431,3.83072,6.4,-5.9,0
-0.925925,0.377708,9.5,19.4,0,4,4.9,-1.83697e-16,-1,33,-1.83697e-16,-1,-0.382683,-0.92388,11,9,44,35,1019.4,1017,3,7,14.9,18.9,15.8017,12.1472,4,-2.4,0
-0.932289,0.361714,11.5,21.3,0,3.6,4.5,-0.382683,-0.92388,17,-0.707107,-0.707107,0.707107,-0.707107,4,4,60,45,1021.7,1017.6,8,1,13,21.1,12.4038,7.58435,8.1,-4.1,0
-0.938377,0.345612,9,19.7,0,2.4,10,-1.83697e-16,-1,22,-0.707107,-0.707107,0.382683,-0.92388,7,9,47,33,1020,1017.9,1,1,13.8,18.9,16.63,11.1193,5.1,-2.1,0
-0.944188,0.329408,8.7,21.6,0,2.8,6.5,-0.382683,0.92388,28,-0.707107,-0.707107,-0.707107,0.707107,7,11,55,52,1025.5,1024,7,7,14.5,19.8,10.1462,8.93483,5.3,-1.5,0
-0.949718,0.313107,12.3,21.9,0,1.6,6.4,6.12323e-17,1,33,-0.707107,-0.707107,-0.382683,0.92388,4,13,78,53,1029.4,1027,7,3,15.2,20.8,9.93724,3.81274,5.6,-2.4,0
-0.954967,0.296713,12.9,22.1,0,3.4,7,-0.707107,0.707107,31,-0.92388,-0.382683,-0.707107,0.707107,6,15,71,46,1029.1,1025.5,6,2,17.1,21.1,12.0783,5.30384,4,-3.6,0
-0.959933,0.280231,13.2,21.3,0,3.4,1.6,-0.92388,0.382683,22,-0.707107,-0.707107,6.12323e-17,1,6,9,65,47,1027.2,1023.9,6,7,17.3,20.4,11.6969,6.64582,3.1,-3.3,0
-0.964614,0.263665,10.8,22.4,0,2.8,4.8,-0.707107,-0.707107,15,-0.707107,-0.707107,0.707107,0.707107,4,4,71,55,1023.1,1018.7,6,7,15.5,21.7,9.44272,5.23812,6.2,-4.4,0
-0.96901,0.247022,14.8,20.4,0,1.2,0.6,-0.92388,-0.382683,15,-0.382683,-0.92388,0.707107,-0.707107,2,4,81,63,1018.9,1015.5,7,8,16.9,20.1,7.26938,3.28446,3.2,-3.4,0
-0.973118,0.230306,15.6,22.3,0,1.4,4.4,-0.707107,-0.707107,17,-0.707107,-0.707107,-1.83697e-16,-1,4,4,66,34,1019.7,1018,6,2,16.5,21.9,16.5795,6.37652,5.4,-1.7,0
-0.976938,0.213521,9.4,23,0,2.2,10,-0.382683,-0.92388,17,-0.382683,-0.92388,0.382683,0.92388,6,6,58,46,1025.3,1023.3,1,1,14.6,21.8,12.1422,8.17317,7.2,-2,0
-0.980469,0.196673,9.8,22.1,0,2.6,9.7,-0.382683,0.92388,20,-0.707107,-0.707107,-0.707107,0.707107,7,9,70,48,1029.5,1027.5,1,1,14.3,21.9,11.5149,5.3994,7.6,-2,0
-0.989314,0.145799,12.5,22.1,4.4,1.8,8.1,6.12323e-17,1,26,-0.707107,-0.707107,6.12323e-17,1,6,11,76,59,1028.8,1025.2,4,3,16.3,20.4,8.28729,4.24107,4.1,-3.6,1
-0.991677,0.128748,9.9,21.7,0,3.4,5.9,-0.707107,0.707107,17,-0.707107,-0.707107,6.12323e-17,1,4,4,72,61,1027.1,1023.6,1,3,15.3,20.1,7.76167,5.0206,4.8,-3.5,0
-0.993747,0.111659,12.5,21.3,0,2.4,5.3,0.92388,0.382683,17,-0.92388,-0.382683,0.382683,0.92388,4,6,92,67,1023.5,1019.3,7,4,14.3,20.6,6.34888,1.28331,6.3,-4.2,0
-0.998186,0.0602133,8.2,16,0,2.2,0.6,-0.382683,-0.92388,22,-0.707107,-0.707107,-1.83697e-16,-1,4,6,50,34,1020.7,1018.6,6,6,12.2,15.9,15.8453,10.1178,3.7,-2.1,0
-0.999074,0.0430222,7.5,18.8,0.8,0.2,1.4,-0.707107,-0.707107,13,-0.707107,-0.707107,0.92388,0.382683,2,4,90,73,1021.2,1018.5,8,7,11.2,18.1,4.91991,1.57994,6.9,-2.7,0
-0.999667,0.0258184,11.2,19.3,2.2,1.2,1.3,-1.83697e-16,-1,19,-0.92388,-0.382683,-0.707107,-0.707107,6,2,52,52,1023.9,1022.1,7,7,13.8,18.2,10.023,9.68777,4.4,-1.8,1
-0.999963,0.008607,11.9,15.9,0.2,1.6,0,-0.707107,-0.707107,13,-0.707107,-0.707107,-0.707107,-0.707107,4,2,74,69,1026.2,1023.3,8,8,13.2,15.7,5.6742,4.53396,2.5,-2.9,0
-0.999963,-0.008607,12.4,18.9,8.6,0.4,9.2,-1.83697e-16,-1,31,-0.382683,-0.92388,-1.83697e-16,-1,9,13,68,39,1025.2,1022.7,4,1,13.2,17.9,14.1556,5.77789,4.7,-2.5,1
-0.999667,-0.0258184,6.7,21.3,0,5,9.6,-0.707107,-0.707107,19,-0.707107,-0.707107,-0.707107,0.707107,6,7,59,46,1027.6,1023.6,1,2,12.4,20.3,12.0055,7.78927,7.9,-4,0
-0.999074,-0.0430222,11.9,22.6,0,3.2,8.6,-0.92388,0.382683,20,-0.92388,-0.382683,6.12323e-17,1,6,7,65,50,1025,1020.8,3,3,16,20.9,10.8193,6.57911,4.9,-4.2,0
-0.998186,-0.0602133,13.3,22.5,0,2.2,2.9,-1.83697e-16,-1,26,-0.92388,-0.382683,-1.83697e-16,-1,2,11,67,62,1020.2,1015.7,6,7,17.8,20.9,7.55981,6.21364,3.1,-4.5,0
-0.997001,-0.0773865,13.5,16.9,0,3.6,0,-1.83697e-16,-1,28,-1.83697e-16,-1,-0.707107,-0.707107,9,6,55,45,1020.8,1018.3,7,8,14.4,16.1,11.9402,8.92787,1.7,-2.5,0
-0.995521,-0.0945367,12.6,21.2,0.4,2.6,3.5,-0.92388,0.382683,28,-0.707107,-0.707107,-0.707107,0.707107,7,13,74,51,1020.9,1017.9,7,7,15.5,20.2,10.4671,4.61671,4.7,-3,0
-0.993747,-0.111659,13.2,22.2,0,2.8,7.6,-0.92388,0.382683,39,-0.707107,-0.707107,-0.707107,0.707107,7,17,62,56,1022.9,1021.5,2,5,17.8,19.9,9.0436,7.38223,2.1,-1.4,0
-0.991677,-0.128748,12.8,22.5,0,3.4,4.5,6.12323e-17,1,28,-0.382683,-0.92388,-0.382683,0.92388,4,11,75,58,1027.3,1023.4,7,3,15.4,20.9,8.57949,4.41103,5.5,-3.9,0
-0.989314,-0.145799,11.6,21.3,0,2.6,2.2,6.12323e-17,1,15,-0.707107,-0.707107,0.382683,0.92388,6,2,80,59,1026.6,1023.4,7,7,14.4,20.7,8.30626,3.40798,6.3,-3.2,0
-0.986658,-0.162807,11.6,23.6,0,1.6,9.9,-0.382683,0.92388,17,-0.707107,-0.707107,0.707107,0.707107,4,7,83,51,1024.2,1020.6,1,1,15.5,22.4,10.6427,2.8769,6.9,-3.6,0
-0.983709,-0.179767,11.6,23.9,0,1.6,9.8,1,0,20,-0.707107,-0.707107,0.707107,0.707107,2,9,78,53,1023,1018.8,1,7,16.8,22,10.0279,3.86077,5.2,-4.2,0
-0.980469,-0.196673,12.6,22.8,0,2.8,6.7,-1.83697e-16,-1,46,1,0,-1.83697e-16,-1,6,13,66,45,1017.8,1015.7,4,4,20.2,20,12.3011,6.5611,-0.2,-2.1,0
-0.964614,-0.263665,8.1,23.6,0,3.8,9.9,0.92388,0.382683,13,-0.707107,-0.707107,0.92388,0.382683,4,4,71,33,1025.5,1021,1,1,13.4,22.9,17.1352,5.15248,9.5,-4.5,0
-0.949718,-0.313107,10.9,20.3,0,3.4,5.8,-1,1.22465e-16,17,-0.707107,-0.707107,-0.92388,0.382683,6,6,65,44,1022.5,1019.6,6,7,14.8,19.1,12.5444,6.51781,4.3,-2.9,0
-0.944188,-0.329408,9,21.4,0,3.6,10,-1,1.22465e-16,24,-0.707107,-0.707107,-0.92388,0.382683,7,7,60,26,1025.4,1022.9,1,2,14.4,20.4,20.1529,7.668,6,-2.5,0
-0.938377,-0.345612,8.3,21.5,0,2.8,9.8,-0.707107,0.707107,26,-0.707107,-0.707107,-0.707107,0.707107,6,9,55,49,1028.3,1025.7,1,3,14.7,19.6,11.0119,8.94876,4.9,-2.6,0
-0.932289,-0.361714,11.6,21.4,0,3.6,2.2,-0.707107,0.707107,22,-0.707107,-0.707107,-0.707107,0.707107,6,9,69,57,1027.8,1024.4,6,7,15.1,20.2,8.79705,5.64766,5.1,-3.4,0
-0.919286,-0.39359,14.4,21.4,2,1.8,4.8,-0.707107,0.707107,24,-0.92388,-0.382683,-0.382683,0.92388,6,9,81,60,1029.5,1027.3,7,7,16.3,20.3,8.0254,3.2691,4,-2.2,1
-0.912375,-0.409356,13.1,20.7,0.2,3.6,2.2,-0.382683,0.92388,30,-0.92388,-0.382683,-0.382683,0.92388,4,9,67,74,1030.9,1027.5,7,7,17.6,19,4.74403,6.20403,1.4,-3.4,0
-0.905193,-0.425,14.9,23.2,5.2,1.2,5.1,0.707107,0.707107,28,-0.707107,-0.707107,0.92388,0.382683,4,11,84,64,1026.5,1022.1,7,7,18.2,21.6,7.10926,2.75141,3.4,-4.4,1
-0.897743,-0.440519,17,23.9,8,2.6,4.2,0.707107,0.707107,15,-1.83697e-16,-1,0.92388,0.382683,6,6,86,73,1022.6,1018.7,6,7,19.1,22.3,5.08119,2.40026,3.2,-3.9,1
-0.890028,-0.455907,15.3,26.4,0,0.2,8,0.707107,0.707107,20,-0.707107,-0.707107,0.707107,0.707107,2,9,95,61,1021.1,1017.5,8,1,17.5,24.3,8.0127,0.811181,6.8,-3.6,0
-0.882048,-0.47116,16.3,26.8,0,2.6,5.5,0.382683,-0.92388,37,0.92388,0.382683,0.382683,-0.92388,4,9,69,58,1019.1,1016.4,1,7,22.6,25.4,8.87556,5.98377,2.8,-2.7,0
-0.873807,-0.486273,13.9,24,0,5,8,-1.83697e-16,-1,26,-0.707107,-0.707107,-1.83697e-16,-1,6,9,58,38,1023.9,1019.2,6,1,19.3,23.6,15.1597,8.4754,4.3,-4.7,0
-0.865307,-0.501242,12.5,20.4,0,4.6,10.2,-1.83697e-16,-1,35,-1.83697e-16,-1,-1.83697e-16,-1,11,19,44,27,1021.2,1016,1,0,16.3,19.9,19.5582,12.2789,3.6,-5.2,0
-0.856551,-0.516062,10.2,20.7,0,9.2,10.2,-1.83697e-16,-1,39,-1.83697e-16,-1,-1.83697e-16,-1,17,13,54,38,1014.9,1012.2,1,1,13.8,20.2,14.7789,9.14899,6.4,-2.7,0
-0.847541,-0.53073,9.2,22.7,0,3.4,10.2,-0.382683,-0.92388,20,-0.382683,-0.92388,-0.707107,0.707107,6,2,53,28,1019.6,1016.4,0,1,16,22.6,19.4416,9.57846,6.6,-3.2,0
-0.83828,-0.54524,8.8,22.5,0,4.6,5.9,6.12323e-17,1,19,-0.707107,-0.707107,0.707107,0.707107,6,6,70,45,1020.2,1015.8,6,7,12.8,20.9,12.3851,5.336,8.1,-4.4,0
-0.82877,-0.559589,12.7,22.4,0,2.6,9.9,-1.83697e-16,-1,28,-0.382683,-0.92388,-0.382683,-0.92388,9,7,53,20,1019.3,1015.9,3,1,17.1,22.1,24.0163,9.66012,5,-3.4,0
-0.819015,-0.573772,8.1,20.1,0,4.8,10,6.12323e-17,1,20,-0.382683,-0.92388,6.12323e-17,1,7,11,47,29,1023.1,1019.6,1,1,14.7,18.9,18.429,11.1972,4.2,-3.5,0
-0.809017,-0.587785,6.6,22.2,0,4,10.1,0.382683,0.92388,19,-0.707107,-0.707107,0.707107,0.707107,6,9,58,37,1022.4,1018.3,1,1,13.4,21.4,15.2995,8.09685,8,-4.1,0
-0.798779,-0.601624,9.6,23.1,0,3.6,4.2,0.382683,0.92388,28,-0.382683,-0.92388,0.707107,0.707107,4,7,70,52,1023.6,1020.6,6,6,14.2,21.4,10.2702,5.39516,7.2,-3,0
-0.788305,-0.615285,14.1,19.7,2.8,1.4,0,6.12323e-17,1,31,0.92388,0.382683,0.92388,0.382683,4,4,92,93,1020.8,1017,7,8,17.9,19.3,1.16235,1.32014,1.4,-3.8,1
-0.777597,-0.628763,16.1,19,78,8.4,2.1,-1.83697e-16,-1,28,0.707107,-0.707107,-1.83697e-16,-1,2,9,89,51,1014.7,1011.1,8,7,16.9,17.7,10.2692,1.82692,0.8,-3.6,1
-0.766659,-0.642055,12.5,19.6,0,4.8,10,-1.83697e-16,-1,65,-1.83697e-16,-1,-1.83697e-16,-1,19,28,53,33,1012.2,1008.2,1,1,15.1,19,16.6425,9.51189,3.9,-4,0
-0.755493,-0.655156,10.4,20.5,0.2,6.6,10.1,-1.83697e-16,-1,33,-0.382683,-0.92388,-1.83697e-16,-1,17,9,51,35,1013.6,1011.5,1,0,13.8,19.9,15.9213,9.96404,6.1,-2.1,0
-0.744104,-0.668064,6.1,22.2,0,5,10.2,0.707107,0.707107,26,-0.92388,0.382683,0.707107,0.707107,2,9,61,45,1018.8,1014.9,0,0,14.3,20.9,12.3851,7.42138,6.6,-3.9,0
-0.720667,-0.693281,7.6,23.5,0,5.2,10.7,-1.83697e-16,-1,37,-0.382683,-0.92388,0.382683,-0.92388,6,13,42,30,1017.5,1013.8,1,1,17.9,23.1,18.5311,13.0986,5.2,-3.7,0
-0.708627,-0.705584,10.2,21.9,0,6.2,10.7,6.12323e-17,1,22,-0.707107,-0.707107,-0.382683,0.92388,7,9,47,45,1021.7,1019.2,1,1,16.7,20.6,12.3571,11.3714,3.9,-2.5,0
-0.696376,-0.717677,9.5,23.4,0,4,10.5,6.12323e-17,1,22,-0.707107,-0.707107,0.707107,0.707107,6,7,65,46,1023.4,1018.9,1,1,16,22.1,12.1697,6.57911,6.1,-4.5,0
-0.683919,-0.729558,11.7,27.8,0,4.4,10,-1.83697e-16,-1,22,-0.92388,-0.382683,0.707107,0.707107,4,9,68,54,1017.9,1013.3,1,1,19.6,25.8,10.0255,6.07285,6.2,-4.6,0
-0.67126,-0.741222,17.5,18.1,8.6,1.8,0,-0.92388,-0.382683,19,0.382683,-0.92388,1,0,6,4,85,86,1017.8,1013.8,8,8,18.1,17.1,2.36319,2.56453,-1,-4,1
-0.658402,-0.752667,6.9,21.8,4.6,3.2,10.8,-1.83697e-16,-1,31,-0.707107,-0.707107,-1.83697e-16,-1,6,7,50,34,1020,1016.5,1,0,16,21.8,16.5671,10.4215,5.8,-3.5,1
-0.645348,-0.763889,8.1,22.3,0,3.8,10.6,6.12323e-17,1,17,-0.707107,-0.707107,0.382683,0.92388,7,9,46,42,1023,1019.2,0,1,15.2,21.5,13.4604,11.5462,6.3,-3.8,0
-0.618671,-0.78565,14,21.1,10.2,1,6.6,0.382683,-0.92388,37,-1.83697e-16,-1,0.382683,-0.92388,15,20,58,45,1015,1012.5,2,7,17.9,18.8,12.1895,8.38482,0.9,-2.5,1
-0.605056,-0.796183,15,18.6,0.2,5.6,0,-1.83697e-16,-1,35,-1.83697e-16,-1,0.382683,-0.92388,9,9,61,53,1013.8,1010.4,8,8,15.4,18.3,9.74958,7.48535,2.9,-3.4,0
-0.591261,-0.80648,14.1,20.8,0,4,7,0.382683,-0.92388,43,-1.83697e-16,-1,-1.83697e-16,-1,9,15,59,33,1013,1008.6,7,2,14.9,20.7,16.8564,7.94329,5.8,-4.4,0
-0.577292,-0.816538,10.3,22.4,0,5,10.8,-1.83697e-16,-1,41,-0.382683,-0.92388,-1.83697e-16,-1,11,15,43,31,1016.1,1013.3,1,0,17.5,21.5,17.848,12.7221,4,-2.8,0
-0.563151,-0.826354,7.4,23.7,0,6.4,9.9,0.382683,0.92388,17,-0.707107,-0.707107,0.382683,0.92388,6,11,50,37,1021.7,1018.6,6,4,17.6,21.6,15.3224,10.5506,4,-3.1,0
-0.548843,-0.835925,12.3,22.4,0,4,7.4,-0.382683,0.92388,28,-0.382683,-0.92388,6.12323e-17,1,4,13,58,46,1026.4,1023.3,3,5,17.7,20.9,12.0601,8.37191,3.2,-3.1,0
-0.534373,-0.845249,10.7,23.2,0,4,8.4,6.12323e-17,1,22,-0.707107,-0.707107,0.382683,0.92388,7,11,62,49,1026.3,1022.6,1,7,17.6,20,11.0455,7.37085,2.4,-3.7,0
-0.519744,-0.854322,11.4,24.2,0,4,10.7,0.382683,0.92388,19,-0.707107,-0.707107,0.707107,0.707107,6,9,63,46,1026.1,1023,1,2,17.7,22,12.1605,7.13654,4.3,-3.1,0
-0.504961,-0.863142,12.1,24.8,0,3.6,9.9,0.707107,0.707107,26,-0.382683,-0.92388,0.707107,0.707107,4,13,63,52,1024.4,1019.4,1,4,19,22.9,10.387,7.20835,3.9,-5,0
-0.490029,-0.871706,11.8,28.4,0,4,10.5,0.92388,0.382683,20,0.707107,0.707107,1,0,4,7,59,35,1021.2,1016,0,1,21,28.1,16.9178,8.32525,7.1,-5.2,0
-0.474951,-0.880012,15.2,27.1,0,4.4,9.6,6.12323e-17,1,37,-0.92388,-0.382683,-0.382683,0.92388,4,11,57,62,1020.2,1018.7,4,1,23,25,7.79781,8.98577,2,-1.5,0
-0.459733,-0.888057,18.5,25.7,0,4,9.8,0.707107,0.707107,39,1,0,0.92388,0.382683,7,17,74,65,1021.3,1016.7,4,3,22.4,24.5,7.02125,4.86934,2.1,-4.6,0
-0.428892,-0.903356,17.3,25.1,26.8,2,6.1,0.707107,0.707107,17,-0.707107,-0.707107,-1.83697e-16,-1,4,6,78,42,1020.3,1017,7,4,19.6,24.4,13.7553,3.94553,4.8,-3.3,1
-0.413279,-0.910605,11.9,25.4,0,4,10.8,-0.92388,-0.382683,19,-0.382683,-0.92388,-0.382683,-0.92388,7,4,51,31,1023.4,1019.5,1,1,18.8,25.1,18.3297,10.356,6.3,-3.9,0
-0.397543,-0.917584,11.6,23.8,0,4,10.2,-0.382683,0.92388,39,-0.707107,-0.707107,-0.382683,0.92388,6,11,62,57,1024.4,1020.6,5,2,17.9,22.6,8.95869,7.38793,4.7,-3.8,0
-0.381689,-0.924291,14.1,25.4,0,3.2,9.8,0.92388,0.382683,26,-0.382683,-0.92388,0.92388,0.382683,4,11,66,60,1020.8,1015.2,1,3,20.2,23.6,8.22874,6.5611,3.4,-5.6,0
-0.365723,-0.930724,18.7,24.1,0,7,0.9,0.382683,-0.92388,30,1,0,0.707107,-0.707107,4,7,67,67,1010.8,1008.2,7,7,22.3,24,6.51502,6.43169,1.7,-2.6,0
-0.349647,-0.936881,12.2,25.3,3.2,1.8,11.1,-1.83697e-16,-1,22,-0.707107,-0.707107,0.382683,0.92388,4,13,40,34,1017.8,1016.2,0,1,20.5,22.8,16.6909,14.0698,2.3,-1.6,1
-0.333469,-0.942761,12.5,23.6,0,5.8,9.5,0.382683,0.92388,20,-0.92388,-0.382683,0.382683,0.92388,2,9,55,53,1022.5,1019.4,2,1,20,21.4,9.98253,9.32158,1.4,-3.1,0
-0.30082,-0.953681,16.1,25.1,0,4.8,4.4,0.707107,0.707107,20,-0.92388,-0.382683,0.382683,0.92388,2,9,70,69,1016.2,1011.9,6,7,22.7,23.7,6.03387,5.76125,1,-4.3,0
-0.284359,-0.958718,17.9,26.1,0.4,4,10.7,-1.83697e-16,-1,52,-1.83697e-16,-1,-0.382683,-0.92388,17,15,40,32,1012.7,1011.1,2,1,21.4,25.7,17.9455,14.1654,4.3,-1.6,0
-0.267814,-0.963471,13.4,23.9,0,10.2,2.5,0.382683,-0.92388,30,-0.382683,-0.92388,0.382683,-0.92388,6,9,49,35,1018.5,1014.6,6,7,18.4,22.7,16.2584,10.9117,4.3,-3.9,0
-0.25119,-0.967938,15.7,21.9,0,6.8,1,0.382683,-0.92388,24,-0.382683,-0.92388,6.12323e-17,1,9,6,40,39,1020.1,1019.4,8,8,19,19.8,14.3609,13.9113,0.8,-0.7,0
-0.234491,-0.972118,13,24.1,0,3.2,3.6,-1.83697e-16,-1,24,-0.707107,-0.707107,-0.382683,-0.92388,4,9,53,27,1019.9,1015.9,7,8,17.3,22.1,19.8808,9.675,4.8,-4,0
-0.217723,-0.976011,16,21,0,3.6,0.4,-0.92388,0.382683,17,-0.707107,-0.707107,-0.92388,0.382683,4,7,55,41,1020.7,1018.7,8,8,17,20.4,13.7005,9.10965,3.4,-2,0
-0.200891,-0.979614,13.1,19.7,8.6,1.2,0,-0.92388,0.382683,15,-0.707107,-0.707107,-0.92388,0.382683,2,2,92,91,1021.4,1018.5,8,8,15,19.3,1.50851,1.29043,4.3,-2.9,1
-0.183998,-0.982927,15,24.4,22.4,0,0.4,-1.83697e-16,-1,19,-0.92388,-0.382683,-1.83697e-16,-1,6,7,93,78,1021.1,1018.7,7,7,18.1,22.8,4.04351,1.15155,4.7,-2.4,1
-0.167052,-0.985948,17.2,24,0,3,4.5,6.12323e-17,1,28,-0.707107,0.707107,-0.382683,0.92388,7,6,79,79,1024.2,1022.1,7,8,20.9,19.9,3.75486,3.78386,-1,-2.1,0
-0.150055,-0.988678,15.1,25.1,0,3.2,5.9,0.382683,0.92388,19,-1.83697e-16,-1,0.92388,0.382683,4,9,76,58,1022.8,1019.9,7,5,19.3,23.6,8.75655,4.34099,4.3,-2.9,0
-0.133015,-0.991114,17.2,25.5,0.2,3.6,6,0.382683,0.92388,19,0.382683,0.92388,0.707107,0.707107,2,7,64,60,1023.2,1020.1,7,7,22.3,23,8.19159,7.14717,0.7,-3.1,0
-0.0988201,-0.995105,13.9,26.6,5.4,3,5.9,6.12323e-17,1,19,0.707107,0.707107,0.382683,0.92388,2,7,64,62,1019.8,1016.8,7,7,22.1,24.4,7.76276,7.13633,2.3,-3,1
-0.0816764,-0.996659,16.4,27.8,0.2,3.8,10,1,0,24,-0.382683,-0.92388,0.92388,0.382683,2,7,68,60,1018.9,1014.1,3,3,23.4,25.2,8.32822,6.25137,1.8,-4.8,0
-0.0473214,-0.99888,18.2,28.1,31.4,4.4,5.6,-0.707107,0.707107,26,-0.707107,-0.707107,6.12323e-17,1,7,7,77,71,1012.5,1010.9,6,6,22.9,23,5.54963,4.25332,0.1,-1.6,1
-0.0301203,-0.999546,16.5,21.9,0.4,3.8,5.7,-0.707107,0.707107,35,-1,1.22465e-16,-0.382683,0.92388,9,17,59,54,1020.9,1020.6,6,5,21.3,21,9.67026,8.34426,-0.3,-0.3,0
-0.0129103,-0.999917,14.2,21.9,0,3.8,0.7,-0.707107,0.707107,28,-0.707107,0.707107,-0.382683,0.92388,9,9,60,53,1026.2,1023.7,7,7,19.4,20.2,9.89204,7.97037,0.8,-2.5,0
0.00430354,-0.999991,14.8,21.1,3.4,3.8,2.5,-0.707107,0.707107,26,-0.92388,0.382683,-0.382683,0.92388,6,7,73,79,1026.3,1022.4,7,8,19.6,19.3,3.73752,4.97721,-0.3,-3.9,1
0.0215161,-0.999769,16.5,23.5,6.6,3.2,0,-0.707107,0.707107,17,-0.707107,-0.707107,-0.382683,0.92388,2,7,91,82,1023.8,1020.1,8,8,18.3,20.9,3.19296,1.49683,2.6,-3.7,1
0.0387223,-0.99925,17.3,28.1,2,0.4,11.4,-1,1.22465e-16,22,-0.707107,-0.707107,0.92388,0.382683,7,6,65,61,1017.9,1013.6,1,4,23.3,26.1,8.12147,6.95798,2.8,-4.3,1
0.055917,-0.998435,17.2,28.3,2.2,3.6,10,-0.707107,0.707107,24,-0.707107,-0.707107,-0.707107,-0.707107,7,4,65,50,1017.1,1014.2,2,6,23.8,27.3,11.3497,6.98431,3.5,-2.9,1
0.0730951,-0.997325,18.5,29.4,0,6.6,11.4,0.382683,0.92388,22,-0.382683,-0.92388,0.382683,0.92388,7,13,59,56,1018.4,1014.8,2,5,23.9,26.4,9.49734,8.50987,2.5,-3.6,0
0.0902516,-0.995919,17.7,29.9,0,5.6,8.1,0.707107,0.707107,19,0.707107,-0.707107,0.707107,0.707107,4,7,66,59,1017.5,1013.1,4,7,24.5,27.3,8.72883,6.77884,2.8,-4.4,0
0.107381,-0.994218,18.5,22.6,54,4.2,0,-0.707107,0.707107,43,-0.92388,-0.382683,-0.707107,0.707107,4,11,85,81,1019.1,1017.1,8,8,21.3,21.1,3.393,2.62876,-0.2,-2,1
0.124479,-0.992222,16.9,19.3,23.4,1.2,0,-0.92388,0.382683,33,-0.92388,0.382683,-0.92388,0.382683,6,13,86,86,1021.6,1019.8,8,8,18.8,17.6,2.37243,2.39468,-1.2,-1.8,1
0.14154,-0.989932,16,19.6,8,2,0,-0.707107,0.707107,44,-1,1.22465e-16,-0.707107,0.707107,9,17,89,89,1023,1021.7,8,8,17.9,17.7,1.83838,1.84125,-0.2,-1.3,1
0.158559,-0.987349,15.1,22.2,93.6,13,0,6.12323e-17,1,37,-0.382683,0.92388,-0.707107,0.707107,11,11,90,89,1026.2,1024.8,8,8,19.1,19.6,1.86573,1.68149,0.5,-1.4,1
0.175531,-0.984474,17.4,22.9,22.4,1.6,2.4,0.382683,0.92388,37,-0.382683,0.92388,6.12323e-17,1,11,17,72,60,1027.9,1024.4,8,7,20.1,22.6,8.16686,5.21095,2.5,-3.5,1
0.192452,-0.981306,14.8,23.9,4.2,3.4,6.6,6.12323e-17,1,31,0.382683,0.92388,0.382683,0.92388,13,9,48,53,1022.7,1019.1,5,7,22.5,21.9,10.0203,11.567,-0.6,-3.6,1
0.209315,-0.977848,14.8,25.6,0.2,7,5.6,0.92388,0.382683,22,0.92388,-0.382683,0.707107,0.707107,4,9,62,66,1017.7,1013.6,5,7,22.5,23.2,6.71264,7.65226,0.7,-4.1,0
0.226116,-0.9741,18.5,25.3,0,3,0,0.92388,0.382683,41,1,0,0.92388,0.382683,6,11,71,81,1011.1,1005.4,8,8,22.4,22.3,3.42433,5.52438,-0.1,-5.7,0
0.24285,-0.970064,14.6,20.8,22.2,4.8,10.3,-1.83697e-16,-1,54,-1.83697e-16,-1,-1.83697e-16,-1,26,20,48,36,1008.3,1007.1,1,1,16.3,20.2,15.5549,11.0341,3.9,-1.2,1
0.259512,-0.96574,9.7,22.2,0,9.6,12.3,-1.83697e-16,-1,26,-0.707107,-0.707107,0.92388,0.382683,7,6,38,35,1016.4,1013.1,0,0,16.7,21.5,16.1135,14.3917,4.8,-3.3,0
0.276097,-0.96113,11,23.7,0,8.6,12.3,6.12323e-17,1,20,0.382683,-0.92388,0.382683,0.92388,4,7,59,40,1020.5,1017.5,1,1,19.4,22.6,14.2933,8.22422,3.2,-3,0
0.2926,-0.956235,12.9,26.7,0,4.8,11.7,-0.382683,0.92388,31,-0.92388,-0.382683,-0.382683,0.92388,4,15,57,45,1022.1,1019.8,1,1,22.2,25.2,12.7902,8.93165,3,-2.3,0
0.309017,-0.951057,16.3,22.2,0.8,6.4,4.7,-0.707107,0.707107,31,-0.92388,0.382683,6.12323e-17,1,4,7,87,78,1026.5,1024.2,5,7,19.4,19.9,3.95467,2.22302,0.5,-2.3,0
0.325342,-0.945596,15.8,22.6,1.6,4,3.4,6.12323e-17,1,24,6.12323e-17,1,6.12323e-17,1,11,9,52,52,1025.9,1022.2,7,7,21.8,21.2,10.2546,10.3013,-0.6,-3.7,1
0.341571,-0.939856,13,25.4,0,3,11.7,6.12323e-17,1,22,-0.92388,0.382683,6.12323e-17,1,4,11,55,47,1023.2,1019,3,2,22,24.2,12.0359,9.46417,2.2,-4.2,0
0.357698,-0.933837,14.9,26.6,0,5.8,12,0.382683,0.92388,22,0.707107,0.707107,0.707107,0.707107,4,9,59,51,1020.3,1015.9,2,1,22.3,25.2,10.8683,8.40777,2.9,-4.4,0
0.37372,-0.927542,15.9,27.1,0,5.4,10.1,0.92388,0.382683,30,0.92388,0.382683,0.707107,0.707107,7,9,58,51,1018.2,1014.1,2,3,24.5,25.6,10.9007,8.81596,1.1,-4.1,0
0.405426,-0.914128,18.1,26.4,0,4.8,7.6,0.382683,0.92388,20,6.12323e-17,1,0.382683,0.92388,6,9,66,63,1019,1015.3,7,3,23,24.7,7.52733,6.70249,1.7,-3.7,0
0.421101,-0.907014,19.5,28,0.4,3.6,10.1,0.382683,0.92388,24,-0.382683,-0.92388,0.707107,0.707107,6,13,65,57,1017.1,1013.6,3,2,24.3,25.5,9.15591,7.01068,1.2,-3.5,0
0.436651,-0.899631,18.3,27.4,0.2,6.2,8.3,-0.707107,0.707107,33,-1,1.22465e-16,-0.382683,0.92388,4,13,61,88,1017,1015.8,4,7,25.4,19.2,2.03887,8.07909,-6.2,-1.2,0
0.452072,-0.891981,16.9,26.5,26.8,7,11.7,6.12323e-17,1,26,-0.382683,0.92388,0.382683,0.92388,9,11,58,51,1018.6,1016.4,2,4,24.4,25.4,10.8845,8.80935,1,-2.2,1
0.467359,-0.884068,16.6,26.5,0,4.6,11.7,0.382683,0.92388,26,0.382683,0.92388,0.382683,0.92388,9,9,56,56,1019,1016,3,6,23.9,24.2,9.34257,9.32156,0.3,-3,0
0.482508,-0.875892,15.8,25.7,0,6,6.2,0.92388,0.382683,19,-0.707107,0.707107,0.382683,0.92388,2,6,63,57,1017.3,1014.3,7,5,22.5,25,9.12176,7.40342,2.5,-3,0
0.497513,-0.867456,16.4,23.3,0,4.2,0.3,0.92388,-0.382683,15,6.12323e-17,1,1,0,6,4,66,67,1015.5,1012.9,8,8,21.9,22.2,6.4268,6.64677,0.3,-2.6,0
0.512371,-0.858764,18.1,27.4,0.2,3.2,12.8,-0.382683,-0.92388,35,-1.83697e-16,-1,-0.382683,-0.92388,6,9,54,30,1015.5,1011.9,3,1,22.6,27.3,19.1109,9.78798,4.7,-3.6,0
0.527078,-0.849817,14.9,26,0,9.2,10.7,-0.382683,0.92388,31,-0.92388,0.382683,6.12323e-17,1,7,15,50,55,1018.1,1015.3,3,3,23.1,24.4,9.63666,11.0003,1.3,-2.8,0
0.541628,-0.840618,19.1,22.6,6.2,5.2,0,6.12323e-17,1,28,0.382683,-0.92388,1,0,4,2,89,79,1018.1,1015.3,8,8,19.4,20.2,3.76355,1.86284,0.8,-2.8,1
0.556017,-0.831171,17.3,23.5,19.6,1.2,1.1,6.12323e-17,1,30,-0.382683,0.92388,-0.382683,0.92388,7,4,68,65,1016,1013.1,7,7,21.5,22.7,6.92645,6.16179,1.2,-2.9,1
0.570242,-0.821477,16.6,27.4,2.6,3,12.2,-0.707107,0.707107,31,-1,1.22465e-16,-1,1.22465e-16,6,11,57,41,1016.8,1014.2,1,2,23.3,26.9,14.38,9.00611,3.6,-2.6,1
0.584298,-0.811539,18.2,26.4,0,5.2,10.9,6.12323e-17,1,30,-0.707107,0.707107,6.12323e-17,1,11,15,63,53,1019.6,1017.9,7,4,23.4,25.5,10.2947,7.45399,2.1,-1.7,0
0.598181,-0.801361,19,26.2,0,7,2.8,6.12323e-17,1,24,0.382683,0.92388,0.382683,0.92388,11,13,63,61,1021.9,1020.3,8,7,24.2,24.3,8.0127,7.49908,0.1,-1.6,0
0.611886,-0.790946,20.4,26.1,0.6,4.8,3.5,6.12323e-17,1,30,0.382683,0.92388,0.382683,0.92388,9,13,67,62,1024.8,1023.3,7,7,24.1,24.6,7.77443,6.51993,0.5,-1.5,0
0.625411,-0.780296,16.7,26.4,0.8,5.6,8.8,1,0,26,0.382683,0.92388,0.382683,0.92388,11,11,55,57,1023.7,1020.3,4,7,25,24.8,9.10812,9.68002,-0.2,-3.4,0
0.638749,-0.769415,16.9,28,0,5.4,12.2,0.707107,0.707107,26,0.707107,0.707107,0.707107,0.707107,2,11,55,65,1018,1014.5,4,5,25.1,25.5,7.07418,9.68725,0.4,-3.5,0
0.651899,-0.758306,19,28,0,6.6,11,0.707107,0.707107,28,0.92388,0.382683,0.92388,0.382683,7,11,71,55,1016.9,1015,5,4,24.6,25.7,9.73072,5.61722,1.1,-1.9,0
0.664855,-0.746972,21.7,27.1,0,7.8,12.5,0.382683,0.92388,30,0.382683,0.92388,0.707107,0.707107,15,11,58,56,1020.6,1019,4,3,25.7,26.1,9.47616,8.89547,0.4,-1.6,0
0.677615,-0.735417,21.2,27.9,0,6,7.5,0.382683,0.92388,28,1,0,0.382683,0.92388,6,13,64,57,1020.7,1017.8,7,3,25.4,26.2,9.20383,7.31622,0.8,-2.9,0
0.690173,-0.723644,17.7,28.2,0.2,5.6,12.4,0.707107,0.707107,28,0.707107,0.707107,0.707107,0.707107,9,11,53,49,1016.9,1013.2,6,4,25.9,26.3,11.58,10.3254,0.4,-3.7,0
0.702527,-0.711657,21.3,27.8,0,8.4,8.4,0.382683,0.92388,31,1,0,0.92388,0.382683,6,9,57,59,1013.6,1010.3,7,5,26.1,26.6,8.68353,9.19698,0.5,-3.3,0
0.714673,-0.699458,20.8,29.5,0,8,9.3,0.382683,0.92388,24,0.707107,-0.707107,0.707107,0.707107,7,9,52,50,1013.6,1010.3,7,4,25.9,28.3,11.4337,10.6227,2.4,-3.3,0
0.726608,-0.687053,20.6,25.2,5.2,8,3,-0.92388,0.382683,17,-0.92388,-0.382683,-0.707107,0.707107,2,7,72,83,1013.7,1012,8,8,25.1,22.7,3.04186,5.41292,-2.4,-1.7,1
0.738326,-0.674444,18.3,27.5,9.4,2.4,1.7,-0.92388,0.382683,33,-0.382683,-0.92388,-0.382683,0.92388,6,11,79,65,1015.8,1015,8,7,22.5,25.6,7.07949,3.83048,3.1,-0.8,1
0.749826,-0.661635,20,25.5,0.2,5.4,0.6,-0.382683,0.92388,41,-0.707107,0.707107,-0.707107,0.707107,13,11,56,66,1021.7,1020.5,7,7,24.2,23,6.70249,9.34257,-1.2,-1.2,0
0.761104,-0.64863,18.2,25.1,1,5,1.7,6.12323e-17,1,33,-1,1.22465e-16,-0.382683,0.92388,4,11,70,49,1021.5,1020.2,8,8,23.7,24.9,11.4602,5.80509,1.2,-1.3,0
0.772157,-0.635432,17.7,26.6,4.4,5.8,10.4,-0.382683,0.92388,37,-0.92388,0.382683,-0.382683,0.92388,6,15,74,47,1021.4,1019.8,5,4,23,25.8,12.18,4.89162,2.8,-1.6,1
0.78298,-0.622047,16.6,26.6,0.2,9.4,10.4,6.12323e-17,1,41,6.12323e-17,1,6.12323e-17,1,22,17,44,47,1023.4,1022,6,6,25,25.4,12.1439,13.1128,0.4,-1.4,0
0.793572,-0.608477,18.5,26.4,1,7.4,5,6.12323e-17,1,37,-0.707107,0.707107,-0.382683,0.92388,15,13,65,47,1023.6,1021.5,7,6,22.4,25.6,12.1619,6.91071,3.2,-2.1,0
0.803928,-0.594727,17.3,26.1,0,7,5.3,6.12323e-17,1,37,-0.382683,0.92388,6.12323e-17,1,9,11,53,57,1021.4,1019.7,6,7,24,23.8,9.04005,10.1799,-0.2,-1.7,0
0.814046,-0.5808,19.1,27.4,0.2,5.2,7.1,6.12323e-17,1,33,6.12323e-17,1,0.382683,0.92388,6,15,68,50,1019.1,1016.4,7,7,22.8,25.7,11.216,6.22301,2.9,-2.7,0
0.823923,-0.566702,17.2,26.7,1.8,7,10.2,6.12323e-17,1,33,0.382683,0.92388,0.382683,0.92388,17,13,54,50,1017.8,1015,4,2,25.3,25.6,11.2076,9.98819,0.3,-2.8,1
0.833556,-0.552435,18.9,26.3,0,8.8,3.2,0.382683,0.92388,24,0.382683,0.92388,0.382683,0.92388,7,11,58,50,1015.3,1012.2,7,7,24.1,25.1,11.166,8.78953,1,-3.1,0
0.842942,-0.538005,17.6,28,0,6.6,11,0.382683,0.92388,28,0.382683,0.92388,0.707107,0.707107,4,11,61,51,1012.7,1010.3,6,2,24.8,27,11.0145,8.04285,2.2,-2.4,0
0.852078,-0.523416,19.4,27.3,4.2,6.8,8.1,6.12323e-17,1,31,0.707107,0.707107,0.382683,0.92388,9,13,60,56,1012.8,1010.5,7,7,25.2,26.8,9.52561,8.32822,1.6,-2.3,1
0.860961,-0.508671,21.5,25.5,3.8,6.6,0.5,0.382683,0.92388,35,0.382683,0.92388,0.382683,0.92388,15,6,71,91,1013.8,1012.6,8,8,24.6,21.7,1.53673,5.61722,-2.9,-1.2,1
0.869589,-0.493776,19.5,26.9,58.6,6.4,0.5,0.707107,0.707107,28,0.92388,0.382683,0.382683,0.92388,2,13,84,72,1016.8,1015.2,8,7,23.1,24.3,5.38035,2.85719,1.2,-1.6,1
0.87796,-0.478734,20.2,24.9,1.2,4.4,0,0.382683,0.92388,30,-0.707107,0.707107,0.707107,0.707107,4,11,77,70,1017,1013.3,8,8,22.8,23.7,5.80509,4.25008,0.9,-3.7,1
0.886071,-0.46355,21.3,24.3,0.2,3.2,0.1,0.382683,0.92388,33,0.382683,0.92388,0.382683,0.92388,15,11,71,82,1011.3,1008.9,8,8,24.1,22.2,3.22494,5.59606,-1.9,-2.4,0
0.893919,-0.448229,19.6,26.1,50.6,4.2,1.2,6.12323e-17,1,28,-0.707107,0.707107,0.382683,0.92388,4,13,94,72,1010.4,1008.1,8,7,21,24.9,5.40477,1.00485,3.9,-2.3,1
0.901502,-0.432776,20.3,26.4,0.8,0.8,2.1,-0.382683,0.92388,30,-0.707107,0.707107,-0.382683,0.92388,7,7,71,82,1010.9,1009.2,7,7,25.8,25,3.29436,5.66818,-0.8,-1.7,0
0.908818,-0.417194,20.9,28.3,8.4,3.2,8.7,6.12323e-17,1,37,-0.92388,0.382683,6.12323e-17,1,9,9,75,84,1013.7,1012.1,7,5,25.8,24.8,2.89436,4.77756,-1,-1.6,1
0.915864,-0.401488,21.1,27.9,5.4,6.4,10.9,6.12323e-17,1,26,0.382683,0.92388,0.382683,0.92388,9,13,69,66,1016.8,1015.2,5,7,25.9,26.9,6.90187,6.13467,1,-1.6,1
0.92264,-0.385663,21.6,28.9,0,6.2,11.4,0.707107,0.707107,24,0.382683,0.92388,0.707107,0.707107,9,11,65,62,1016.9,1014.2,3,1,26.9,27.8,7.9624,7.14862,0.9,-2.7,0
0.929141,-0.369725,21.7,30.4,0,8,12,0.707107,0.707107,31,0.92388,-0.382683,0.707107,0.707107,7,15,59,65,1013,1008.1,4,4,27.3,28.4,7.22879,8.72883,1.1,-4.9,0
0.935368,-0.353676,24.1,30.7,0,7.2,3.7,-1.83697e-16,-1,48,1,0,-0.92388,-0.382683,7,6,65,89,1007.9,1004.9,6,7,28.3,25.4,1.95048,7.22343,-2.9,-3,0
0.941317,-0.337523,20.4,27.2,80.4,12.4,0,-1.83697e-16,-1,15,0.707107,-0.707107,0.707107,0.707107,2,6,81,86,1008.8,1006.9,8,8,23.9,23.7,2.4866,3.46632,-0.2,-1.9,1
0.946988,-0.32127,22,30.2,1.6,2,9.2,0.382683,0.92388,30,-0.92388,-0.382683,6.12323e-17,1,2,13,67,62,1010.8,1008.8,7,1,27.2,28.7,8.01566,6.67329,1.5,-2,1
0.952378,-0.304921,20.8,29.1,0,5.8,9.1,-0.382683,0.92388,33,-0.92388,0.382683,-0.382683,0.92388,7,13,64,60,1011.8,1009.1,6,3,26.5,29,8.56679,7.37667,2.5,-2.7,0
0.957485,-0.288482,20.5,32.1,0.2,5.8,12.4,0.707107,0.707107,24,-0.707107,-0.707107,0.382683,0.92388,4,11,62,55,1011.2,1006.8,1,2,27,29.2,9.98613,7.9152,2.2,-4.4,0
0.975065,-0.221922,21.3,24.2,9.8,5.2,0,-0.382683,-0.92388,22,-0.707107,-0.707107,-1,1.22465e-16,4,6,72,90,1006.7,1005.2,7,8,22.6,19,1.68018,5.31146,-3.6,-1.5,1
0.97874,-0.205104,17.3,28.1,57.4,3.8,12.3,-1.83697e-16,-1,48,-1.83697e-16,-1,-1.83697e-16,-1,17,24,64,31,1002.6,1003.6,7,1,24.1,27.2,18.6134,7.24509,3.1,1,1
0.98522,-0.171293,17.8,23.1,0,8,0,-0.707107,0.707107,24,-0.707107,0.707107,-0.707107,-0.707107,7,4,75,88,1016.6,1015.5,7,8,22.1,20.6,2.06107,4.64551,-1.5,-1.1,0
0.988023,-0.154309,19.2,29.1,12.8,0.6,2.9,-0.382683,0.92388,24,-0.707107,-0.707107,6.12323e-17,1,6,9,87,65,1016.9,1014.8,8,7,21.8,28,7.20737,2.26454,6.2,-2.1,1
0.990532,-0.137279,21.8,27.7,0.2,3.2,0.2,-0.92388,0.382683,41,-0.707107,0.707107,-0.382683,0.92388,15,11,71,81,1016.9,1015.3,7,8,26.8,25.2,3.50063,5.71082,-1.6,-1.6,0
0.992749,-0.120208,21.9,26.2,36.2,6.6,0.2,-0.92388,0.382683,15,-1,1.22465e-16,-0.92388,0.382683,2,6,90,85,1014.8,1011.9,8,8,24.8,24.9,2.70197,1.7567,0.1,-2.9,1
0.996298,-0.0859648,21.6,26.6,60.2,0.6,0,-1.83697e-16,-1,33,1,0,-0.707107,-0.707107,2,7,94,92,1002.3,1000.1,8,8,24.2,21.4,1.35645,1.02981,-2.8,-2.2,1
0.99763,-0.0688024,21.1,25.1,34,2,0,-0.707107,0.707107,46,-0.707107,0.707107,-0.707107,0.707107,17,9,73,70,1012.7,1013.1,8,8,23.6,23.5,5.79631,5.13163,-0.1,0.4,1
0.998667,-0.0516197,20.4,27.5,1,3.4,0,-0.707107,0.707107,33,-0.707107,0.707107,-0.707107,0.707107,17,11,58,56,1015.8,1013.3,8,7,24.5,27.1,9.54684,8.81596,2.6,-2.5,0
0.999407,-0.0344216,19.4,30.4,0,4.4,11.4,6.12323e-17,1,30,-0.92388,0.382683,6.12323e-17,1,7,15,58,57,1015.5,1013.2,6,3,26.7,29.1,9.40362,8.96199,2.4,-2.3,0
0.999852,-0.0172134,20.4,29.5,0,6.8,12.6,-0.382683,0.92388,35,-0.382683,0.92388,6.12323e-17,1,9,17,58,52,1015.3,1013.3,4,1,26.9,28.3,10.813,8.97532,1.4,-2,0
1,0,21.7,28.4,0.4,6.6,0,-0.382683,0.92388,30,-0.92388,0.382683,-0.707107,0.707107,7,6,89,90,1014.4,1012.9,8,8,23,24.1,1.74738,1.91518,1.1,-1.5,0
0.999852,0.0172134,22.7,29.6,3,2.2,11.2,6.12323e-17,1,26,0.707107,0.707107,0.707107,0.707107,7,11,68,63,1013.9,1010.7,4,3,27.4,28.4,7.73798,6.44201,1,-3.2,1
0.999407,0.0344216,22.9,32.1,0,6.2,6.9,6.12323e-17,1,24,-0.707107,-0.707107,-0.382683,0.92388,4,6,67,58,1009.7,1006.3,5,5,27.8,28.6,9.08904,6.70317,0.8,-3.4,0
0.998667,0.0516197,22.2,30.7,0,5.4,7.8,-0.382683,0.92388,28,-1,1.22465e-16,6.12323e-17,1,7,13,60,64,1007.8,1006,6,7,28.5,28.7,7.49829,8.53521,0.2,-1.8,0
0.99763,0.0688024,21.7,29.3,0,5.2,0,-1.83697e-16,-1,26,6.12323e-17,1,0.707107,0.707107,6,9,65,64,1008.1,1004.4,6,6,26.8,27.4,7.4263,7.14329,0.6,-3.7,0
0.996298,0.0859648,20.5,24.8,41.8,4.6,0,-0.382683,-0.92388,22,-0.382683,0.92388,-1,1.22465e-16,7,4,82,91,1005.4,1004.8,8,8,23.9,19.9,1.51554,3.267,-4,-0.6,1
0.992749,0.120208,21.1,27.3,11.6,2,2.1,-0.707107,0.707107,37,-0.92388,0.382683,-0.92388,0.382683,15,15,65,73,1008.1,1005.1,7,8,26.7,25.9,5.22146,7.13796,-0.8,-3,1
0.98522,0.171293,23.8,28.6,15.4,2,0,6.12323e-17,1,33,6.12323e-17,1,6.12323e-17,1,15,15,88,94,1007.7,1007.4,8,8,25,24.1,1.02902,2.13159,-0.9,-0.3,1
0.97874,0.205104,22.1,28.4,0.4,7.8,6.9,0.382683,0.92388,31,-0.382683,0.92388,-0.382683,0.92388,13,13,58,57,1013.1,1010.8,3,5,27.2,27.1,9.26561,8.99534,-0.1,-2.3,0
0.975065,0.221922,19.4,28.9,0,8.2,11.8,6.12323e-17,1,31,-0.382683,0.92388,6.12323e-17,1,11,13,60,59,1011.5,1009,7,5,26.1,27.1,8.71587,8.38443,1,-2.5,0
0.9711,0.238673,20.2,28.8,0.4,7.2,9.2,6.12323e-17,1,26,-0.707107,-0.707107,6.12323e-17,1,4,7,77,52,1009.3,1006.6,7,5,24,28,10.7892,4.289,4,-2.7,0
0.957485,0.288482,23.2,34.9,0,7.2,10.1,0.382683,0.92388,30,-0.707107,-0.707107,6.12323e-17,1,6,11,57,53,1003.8,1003.5,1,3,31.6,31.2,10.7363,9.57751,-0.4,-0.3,0
0.952378,0.304921,23.4,31.2,3.4,4.6,10.3,-0.707107,-0.707107,33,6.12323e-17,1,0.382683,0.92388,7,13,70,71,1007.4,1005.7,6,7,29.4,28.7,5.79226,6.05808,-0.7,-1.7,1
0.946988,0.32127,20.6,29.8,36.2,4.2,8.6,-0.707107,0.707107,33,-1,1.22465e-16,-0.382683,0.92388,4,11,67,70,1008.8,1008.6,6,7,28,26.5,5.92871,6.71314,-1.5,-0.2,1
0.941317,0.337523,20.7,28.5,4.4,6,8,-0.382683,0.92388,43,-0.707107,0.707107,-0.707107,0.707107,11,15,77,51,1012.2,1010.7,7,5,23.8,27.9,11.088,4.2825,4.1,-1.5,1
0.935368,0.353676,18.9,29.4,0,6.4,12.5,-0.92388,0.382683,39,-1,1.22465e-16,-0.382683,0.92388,9,20,54,48,1012.9,1011.7,3,4,26.7,27.8,12.0322,10.0928,1.1,-1.2,0
0.929141,0.369725,18.8,29.8,0,9.8,11.6,-0.382683,0.92388,37,-0.92388,0.382683,-0.707107,0.707107,9,11,49,43,1010.9,1008.4,3,2,26.6,28.7,13.833,11.6058,2.1,-2.5,0
0.92264,0.385663,19.1,29.4,0,8.4,12.5,0.707107,0.707107,20,0.92388,0.382683,0.382683,0.92388,2,7,52,47,1010.2,1007.3,1,1,26.1,28.9,12.4615,10.6385,2.8,-2.9,0
0.915864,0.401488,20.2,30.4,0,5.8,12.8,0.92388,0.382683,24,1,0,0.707107,0.707107,4,11,58,56,1011.4,1009.9,1,1,28.2,28.9,9.6747,9.06222,0.7,-1.5,0
0.908818,0.417194,21.5,30.5,0,7.4,12.8,0.382683,0.92388,28,-0.382683,0.92388,0.382683,0.92388,2,11,57,59,1015.3,1013.7,3,1,27.3,28.9,8.83279,9.27937,1.6,-1.6,0
0.901502,0.432776,20.6,31,0,7,12.6,6.12323e-17,1,22,-0.707107,0.707107,0.707107,0.707107,4,9,61,56,1015.5,1012.5,3,1,27.2,29.9,9.74609,8.1883,2.7,-3,0
0.893919,0.448229,21.9,31.4,0,8.2,9.6,-0.707107,0.707107,31,-0.92388,0.382683,-0.382683,0.92388,6,15,65,54,1013.5,1013.1,5,3,27.8,30.1,10.3489,7.19667,2.3,-0.4,0
0.886071,0.46355,23.1,29.7,0.2,8,10.4,6.12323e-17,1,46,-0.707107,0.707107,-0.707107,0.707107,15,17,58,44,1018,1016.1,5,2,25.5,29.1,13.5147,8.88219,3.6,-1.9,0
0.87796,0.478734,20.8,30,0,8,4.1,-0.382683,0.92388,31,-0.382683,0.92388,6.12323e-17,1,11,15,63,62,1019.6,1017.6,7,7,27,27.4,7.93879,7.65794,0.4,-2,0
0.869589,0.493776,21.1,31.1,0,5.8,12.4,0.382683,0.92388,24,0.382683,0.92388,0.707107,0.707107,9,9,61,55,1018.3,1015.3,3,3,27.6,30,10.045,8.21266,2.4,-3,0
0.860961,0.508671,23.2,30.7,3.6,7.6,6.8,0.382683,0.92388,26,0.382683,0.92388,0.382683,0.92388,9,11,81,67,1017.5,1014.8,5,7,27.1,29.7,6.79822,3.55107,2.6,-2.7,1
0.803928,0.594727,24.2,30.4,1.6,4.6,1.8,-0.707107,0.707107,31,-0.707107,-0.707107,-0.707107,0.707107,4,13,81,58,1018.2,1014.9,7,7,24.6,29.2,9.12934,3.48477,4.6,-3.3,1
0.78298,0.622047,21,29,14.2,2.2,8.3,-0.707107,0.707107,43,-0.707107,0.707107,-0.382683,0.92388,13,17,59,45,1019.9,1019,5,3,26.6,28.3,13.0861,8.68353,1.7,-0.9,1
0.738326,0.674444,20.7,30.8,0,6.4,10.4,6.12323e-17,1,22,-0.382683,-0.92388,0.382683,0.92388,6,11,65,59,1016.1,1013.1,5,3,26.4,28.9,8.83279,7.12199,2.5,-3,0
0.726608,0.687053,21.4,31.8,0,6.4,12,6.12323e-17,1,33,-0.707107,0.707107,6.12323e-17,1,11,17,61,48,1016.1,1014.3,5,3,27.8,30.5,12.2725,8.22485,2.7,-1.8,0
0.702527,0.711657,20.3,28.8,21,4.8,3.6,-0.707107,0.707107,30,-1,1.22465e-16,-1,1.22465e-16,6,2,79,84,1016.9,1014.4,5,6,25.4,24.7,2.89217,3.91569,-0.7,-2.5,1
0.690173,0.723644,21.9,28.7,2.2,3.6,7,6.12323e-17,1,20,-0.92388,0.382683,-1.83697e-16,-1,4,2,75,80,1014.6,1012.3,7,5,26.6,26.5,3.74055,4.80635,-0.1,-2.3,1
0.677615,0.735417,21,31.3,19,4.4,11.7,6.12323e-17,1,24,-0.707107,0.707107,6.12323e-17,1,6,15,69,60,1013.7,1011.5,3,2,27,29.6,8.60476,6.18537,2.6,-2.2,1
0.664855,0.746972,22.1,31.9,0,8,12.2,0.382683,0.92388,20,6.12323e-17,1,0.382683,0.92388,6,9,68,56,1014.1,1011.4,4,1,28.2,30.3,9.77472,6.48048,2.1,-2.7,0
0.651899,0.758306,22.1,35.3,0,3.6,12.3,0.382683,0.92388,20,-0.382683,-0.92388,0.707107,0.707107,4,9,55,51,1011.9,1007.3,0,1,28.7,33.6,11.5586,9.94945,4.9,-4.6,0
0.638749,0.769415,24.4,34.5,0,8,8.1,0.382683,-0.92388,41,0.382683,-0.92388,0.382683,0.92388,4,13,65,67,1008.1,1004.6,4,6,30.7,30.3,6.82838,7.35257,-0.4,-3.5,0
0.625411,0.780296,21.9,28.4,68.8,10.6,9.1,-0.707107,0.707107,48,-0.92388,0.382683,-0.707107,0.707107,22,17,59,55,1014.4,1014.5,5,7,25.8,26,9.75249,8.6319,0.2,0.1,1
0.598181,0.801361,18.8,27.7,3.6,6.6,9,-0.92388,0.382683,30,-1,1.22465e-16,-0.382683,0.92388,4,11,63,54,1017.3,1014.4,6,5,23.9,27,10.1153,7.48215,3.1,-2.9,1
0.584298,0.811539,18.3,29.3,0,4.2,11.2,6.12323e-17,1,22,-0.707107,-0.707107,0.382683,0.92388,4,11,61,56,1015.2,1012.4,2,2,25.5,27.9,9.60357,8.08514,2.4,-2.8,0
0.570242,0.821477,19.2,30.6,0,7.4,11,0.382683,0.92388,22,-0.707107,-0.707107,0.382683,0.92388,4,11,63,49,1014.3,1010.9,2,1,26,28.5,11.7695,7.60102,2.5,-3.4,0
0.527078,0.849817,21.9,33.2,0,7.4,11.9,0.92388,0.382683,24,0.707107,-0.707107,0.92388,0.382683,4,9,61,54,1011.3,1008.1,1,1,27.9,32.2,10.5087,8.23096,4.3,-3.2,0
0.512371,0.858764,20.4,30.9,22.6,7,8,-0.92388,0.382683,30,-0.707107,-0.707107,6.12323e-17,1,7,11,78,55,1013.2,1010.2,6,1,25.9,30.4,10.0744,4.13956,4.5,-3,1
0.497513,0.867456,23.8,33.1,1.2,5,7.1,-0.92388,0.382683,28,-0.382683,-0.92388,0.382683,0.92388,4,11,76,60,1012,1007.8,4,3,26.7,30.9,8.6873,4.59234,4.2,-4.2,1
0.482508,0.875892,22.6,25,23.4,1.2,0,-0.92388,0.382683,17,-0.92388,0.382683,-0.92388,0.382683,2,9,91,87,1011.8,1009,8,8,23.1,24.1,2.30468,1.55332,1,-2.8,1
0.467359,0.884068,21.1,27,29.2,2.2,0,-0.707107,0.707107,41,-0.707107,-0.707107,-0.92388,0.382683,4,11,87,59,1014.2,1014.2,8,8,24.1,26.8,8.69646,2.30468,2.7,0,1
0.452072,0.891981,19.2,27.4,1.4,5,8.2,-0.707107,0.707107,48,-0.707107,0.707107,-0.707107,0.707107,13,20,57,44,1020.5,1019.4,3,3,25.3,26.4,13.2494,9.14225,1.1,-1.1,1
0.436651,0.899631,18.5,27.5,0.4,6.6,9.5,-0.382683,0.92388,33,-0.707107,0.707107,-0.382683,0.92388,7,15,63,45,1020.4,1017.7,7,3,23.2,26.6,12.9235,7.44274,3.4,-2.7,0
0.421101,0.907014,18.1,27,0.8,6.2,10,-0.382683,0.92388,33,0.707107,0.707107,6.12323e-17,1,4,11,76,53,1018.7,1016,7,3,23.1,25.4,10.287,4.46919,2.3,-2.7,0
0.38963,0.920971,19.7,27.6,0.2,6.8,4.7,0.707107,0.707107,24,6.12323e-17,1,0.707107,0.707107,4,9,60,58,1015.7,1013.2,6,7,26.4,27.2,8.99534,8.4032,0.8,-2.5,0
0.37372,0.927542,20.7,29.2,0,3.2,8.6,0.382683,0.92388,26,0.382683,0.92388,0.382683,0.92388,6,13,61,58,1016.5,1015.3,6,7,26.9,27.8,9.03544,8.17005,0.9,-1.2,0
0.357698,0.933837,21.2,28.9,0.2,5.6,7.9,6.12323e-17,1,30,0.382683,0.92388,0.382683,0.92388,11,13,64,58,1020.1,1018.7,6,6,27.4,27.6,9.02207,7.4263,0.2,-1.4,0
0.2926,0.956235,21.3,30.4,0,5.6,8.5,0.382683,0.92388,22,-1,1.22465e-16,0.382683,0.92388,4,9,68,61,1018.1,1014.8,6,6,26.2,28.7,8.27984,6.38453,2.5,-3.3,0
0.259512,0.96574,21.8,28.7,0,5,0.2,0.382683,0.92388,15,-0.382683,-0.92388,0.382683,0.92388,6,2,76,62,1015,1011.2,7,7,24.4,27.9,7.96831,4.51348,3.5,-3.8,0
0.24285,0.970064,22.3,23.9,1.4,2.4,0,6.12323e-17,1,22,-0.707107,0.707107,-0.92388,0.382683,7,6,80,92,1011.9,1008.4,8,8,23.6,21.7,1.35959,3.65946,-1.9,-3.5,1
0.226116,0.9741,20.3,27.2,32.6,2,0,-0.707107,0.707107,26,-0.707107,-0.707107,-0.707107,0.707107,2,7,94,78,1007.8,1004.2,8,8,22.4,25.5,4.1271,1.01573,3.1,-3.6,1
0.209315,0.977848,22.2,31.1,1.2,1.4,8.1,0.382683,0.92388,15,-0.707107,-0.707107,0.382683,0.92388,4,9,70,68,1005.1,1001.9,5,5,26.9,28.6,6.49975,5.94647,1.7,-3.2,1
0.192452,0.981306,23.1,34.5,0,3,8.5,0.382683,-0.92388,28,-1.83697e-16,-1,0.382683,-0.92388,4,13,76,39,1003.2,1000.1,7,2,27.4,33.9,15.928,4.61648,6.5,-3.1,0
0.175531,0.984474,19.6,32.4,0,5.4,11.6,-1.83697e-16,-1,30,-0.382683,-0.92388,0.382683,-0.92388,6,11,48,40,1006.7,1003.4,1,3,28,31.8,15.2918,12.0499,3.8,-3.3,0
0.158559,0.987349,20.7,30.9,0,7.8,11.2,-1.83697e-16,-1,31,-1.83697e-16,-1,-1.83697e-16,-1,9,15,52,34,1009.8,1006.5,1,2,26.3,30.3,17.6333,10.6543,4,-3.3,0
0.14154,0.989932,16.3,29.9,0,7.8,8.6,-1.83697e-16,-1,37,-0.707107,-0.707107,-1.83697e-16,-1,4,15,43,34,1011.7,1008.7,1,4,25.8,29.3,17.5063,13.5411,3.5,-3,0
0.124479,0.992222,19.1,28.7,0,8,10.7,-0.707107,0.707107,31,-0.92388,-0.382683,-0.707107,0.707107,4,13,56,48,1014.8,1013.8,3,3,25.7,27.4,11.9968,9.44796,1.7,-1,0
0.107381,0.994218,19.4,27,0,8,5.2,-0.707107,0.707107,41,-1,1.22465e-16,-0.707107,0.707107,9,13,57,52,1020,1018.2,5,7,25.2,25.8,10.6148,9.13541,0.6,-1.8,0
0.0902516,0.995919,18.1,26.8,0,7.2,4.8,-0.707107,0.707107,35,-1,1.22465e-16,-0.707107,0.707107,6,13,59,69,1022.6,1020.6,4,6,24.7,23.8,6.03843,8.56115,-0.9,-2,0
0.0730951,0.997325,19.2,26.6,6,3.2,0.9,6.12323e-17,1,28,-0.92388,-0.382683,6.12323e-17,1,2,13,75,52,1022.3,1019.7,7,8,24.2,25.5,10.5911,4.72023,1.3,-2.6,1
0.0387223,0.99925,19.3,27.6,16,1,6.6,-0.382683,-0.92388,22,-0.707107,-0.707107,6.12323e-17,1,2,9,79,70,1020,1017.6,7,7,22.8,25.4,5.87999,3.83925,2.6,-2.4,1
-0.474951,0.880012,14.7,27.1,0.2,3.4,10.1,-1.83697e-16,-1,20,-0.382683,-0.92388,-1,1.22465e-16,6,6,66,37,1015.3,1011.5,0,1,20.8,26.3,15.8659,6.59127,5.5,-3.8,0
-0.490029,0.871706,14.1,27.6,0,3,10.1,6.12323e-17,1,17,-0.92388,-0.382683,0.382683,0.92388,4,4,66,47,1015.6,1012.2,1,3,20.9,25.7,12.1709,6.59631,4.8,-3.4,0
-0.519744,0.854322,14.8,25.3,19.6,3.4,8.8,-0.382683,-0.92388,20,-0.707107,-0.707107,-0.92388,0.382683,6,6,72,47,1014,1011.5,1,3,19.6,24.4,12.0538,5.19096,4.8,-2.5,1
-0.534373,0.845249,14.2,25.6,0.2,3.4,8.8,-0.92388,0.382683,26,-0.382683,-0.92388,-0.707107,-0.707107,6,7,61,45,1016.3,1014.5,1,3,20.1,25.4,12.8092,7.76167,5.3,-1.8,0
-0.548843,0.835925,14.3,24.9,0,4,9.6,-0.707107,-0.707107,19,-0.707107,-0.707107,-1.83697e-16,-1,7,6,53,43,1020.4,1016.5,6,6,19.6,23.3,13.2919,9.84695,3.7,-3.9,0
-0.563151,0.826354,12.3,25,0,4,10,-1.83697e-16,-1,13,-0.707107,-0.707107,-1.83697e-16,-1,6,4,67,38,1018.3,1014.3,1,3,18.1,24,15.2048,6.22806,5.9,-4,0
-0.591261,0.80648,16.2,18.9,5.6,2,0.1,-0.92388,-0.382683,17,-0.707107,-0.707107,-1.83697e-16,-1,4,4,90,84,1013.4,1009.7,8,7,16.8,16.6,2.71729,1.6516,-0.2,-3.7,1
-0.605056,0.796183,13.2,22.5,3.8,1.6,10.1,-0.382683,-0.92388,31,-0.382683,-0.92388,-1.83697e-16,-1,11,13,69,47,1011.8,1009.8,2,2,16.9,20.8,11.7324,5.72746,3.9,-2,1
-0.618671,0.78565,10.3,21.5,0,3.4,10.2,0.382683,-0.92388,35,-1.83697e-16,-1,0.382683,-0.92388,4,13,49,32,1014.7,1010.9,0,0,18,21.2,17.3577,10.8783,3.2,-3.8,0
-0.632103,0.774884,11.8,21.7,0,5.4,10.2,-1.83697e-16,-1,41,-0.382683,-0.92388,-1.83697e-16,-1,11,17,44,36,1014.9,1010.6,1,1,16.4,21.2,15.6721,12.2883,4.8,-4.3,0
-0.645348,0.763889,7.9,22.9,0,5.6,10.3,-1.83697e-16,-1,22,-0.707107,-0.707107,-0.707107,-0.707107,6,7,47,35,1016.6,1012.2,0,1,16.2,22.3,16.21,11.3277,6.1,-4.4,0
-0.658402,0.752667,8.2,23,0,4,10.3,-1.83697e-16,-1,28,-0.707107,-0.707107,-0.382683,-0.92388,6,6,48,31,1016.2,1014.4,2,2,18.3,22.7,18.0079,11.2047,4.4,-1.8,0
-0.67126,0.741222,11.5,23.2,0,4,10,-0.707107,-0.707107,19,-0.707107,-0.707107,-1,1.22465e-16,6,4,43,32,1026,1024.5,1,2,16.5,22.2,17.4875,12.625,5.7,-1.5,0
-0.683919,0.729558,10.5,23.7,0,4.4,8.1,-1.83697e-16,-1,17,-0.707107,-0.707107,0.92388,-0.382683,6,2,59,79,1029.5,1026,2,5,17.4,18.7,3.72021,8.09878,1.3,-3.5,0
-0.696376,0.717677,11.2,24.9,0.4,3.2,8.1,-0.382683,0.92388,19,-0.707107,-0.707107,-0.382683,0.92388,4,9,75,53,1027.7,1024.2,1,2,16.6,22.2,10.0431,4.45259,5.6,-3.5,0
-0.708627,0.705584,12.1,23.8,0.2,4,7.3,-0.707107,0.707107,28,-0.707107,-0.707107,-0.707107,0.707107,4,9,64,51,1028.6,1025.7,3,5,18,22.7,10.6668,6.91586,4.7,-2.9,0
-0.720667,0.693281,14.5,22.5,0.2,3,6.5,-0.92388,0.382683,28,-0.92388,-0.382683,-0.707107,0.707107,4,6,77,87,1028.3,1026.2,5,7,18.6,19.3,2.2213,4.11522,0.7,-2.1,0
-0.732494,0.680773,14.2,24.1,4.2,3,8.9,-0.382683,0.92388,24,-0.92388,-0.382683,6.12323e-17,1,4,7,73,57,1027,1023.9,1,6,18.9,22.4,8.94517,4.95043,3.5,-3.1,1
-0.744104,0.668064,14.1,23.2,0.4,3,4.5,6.12323e-17,1,22,-0.382683,-0.92388,-0.707107,0.707107,4,9,85,77,1025.7,1022.2,7,4,17,21.1,4.19524,2.54263,4.1,-3.5,0
-0.755493,0.655156,17,24.5,10.8,2.2,4.7,6.12323e-17,1,15,-0.707107,-0.707107,0.382683,0.92388,4,7,89,64,1022.9,1017.9,7,7,18.7,23.1,7.19061,1.85275,4.4,-5,1
-0.777597,0.628763,14.1,22.6,11.4,0.8,9.7,-1.83697e-16,-1,31,-1.83697e-16,-1,-1.83697e-16,-1,9,9,63,42,1009.3,1005.4,1,3,18.9,22.1,13.5212,7.20281,3.2,-3.9,1
-0.788305,0.615285,11.7,19.4,0,5.6,10.1,-1.83697e-16,-1,44,-1.83697e-16,-1,-1.83697e-16,-1,11,15,61,46,1009.6,1006.5,1,1,16,19.2,11.9057,7.52036,3.2,-3.1,0
-0.798779,0.601624,11,22.2,0,6,9.6,-0.382683,-0.92388,24,-0.382683,-0.92388,-1.83697e-16,-1,7,7,55,43,1013.4,1012.2,1,2,16.4,21.1,13.0744,9.06754,4.7,-1.2,0
-0.809017,0.587785,9.6,23.7,0,3.2,9.8,-0.707107,-0.707107,19,-0.707107,-0.707107,-0.382683,-0.92388,6,4,64,39,1018.8,1015.8,1,1,16.3,22.6,14.666,6.82543,6.3,-3,0
-0.819015,0.573772,10.4,22.8,0,3,5.5,-0.707107,0.707107,15,-0.707107,-0.707107,6.12323e-17,1,6,6,71,59,1021.5,1019.2,1,7,15.6,20.8,8.31259,5.24221,5.2,-2.3,0
-0.82877,0.559589,14.4,23.1,0,2.8,7.5,-0.382683,0.92388,24,-0.92388,-0.382683,6.12323e-17,1,4,13,69,64,1023,1018.8,4,5,17.9,20.7,7.06067,5.77203,2.8,-4.2,0
-0.83828,0.54524,14.4,22.7,12,2,8.3,-0.382683,-0.92388,22,-0.707107,-0.707107,-0.382683,-0.92388,4,4,87,51,1018.1,1013.7,4,4,16.4,21.9,10.6027,2.17167,5.5,-4.4,1
-0.847541,0.53073,10.4,19.9,0.2,2,7.9,-0.382683,0.92388,19,-0.707107,-0.707107,-0.382683,-0.92388,6,6,76,56,1015.2,1012.7,5,6,14.3,19.6,9.02292,4.1751,5.3,-2.5,0
-0.865307,0.501242,12.5,24,0,0.4,7.4,-0.707107,-0.707107,26,-0.707107,-0.707107,-0.92388,-0.382683,7,7,72,54,1017.6,1015.4,1,6,18.6,22.2,9.75849,5.15109,3.6,-2.2,0
-0.873807,0.486273,13.4,23.9,0,3.4,9.8,-0.382683,-0.92388,19,-0.382683,-0.92388,-1.83697e-16,-1,9,9,59,44,1018.6,1015.2,0,1,18.6,23.2,12.9381,8.17394,4.6,-3.4,0
-0.882048,0.47116,10.5,24.3,0,2.8,9.8,0.382683,-0.92388,19,-1.83697e-16,-1,0.382683,-0.92388,4,7,73,40,1018.9,1015.2,0,2,15.1,23.5,14.3896,4.80627,8.4,-3.7,0
-0.890028,0.455907,11.1,22.8,0,2.8,2.1,-0.382683,-0.92388,13,-0.707107,-0.707107,-1.83697e-16,-1,4,6,80,49,1018.9,1014.7,7,6,14.5,21.9,11.2054,3.41067,7.4,-4.2,0
-0.897743,0.440519,10.6,25.8,0,4,10.1,-1.83697e-16,-1,20,-0.707107,-0.707107,0.382683,-0.92388,2,6,69,39,1017.4,1014.5,1,2,17.9,25.1,14.941,5.77203,7.2,-2.9,0
-0.919286,0.39359,12.2,12.6,0,2.8,0,-1.83697e-16,-1,22,-1.83697e-16,-1,-1.83697e-16,-1,7,7,42,45,1017.4,1014.9,7,7,12.4,12,11.5664,12.5548,-0.4,-2.5,0
-0.925925,0.377708,6.8,20.4,0,3.4,9.2,-1.83697e-16,-1,28,-0.382683,-0.92388,-1.83697e-16,-1,7,6,51,33,1017.8,1015.9,1,2,12.4,19.6,16.7179,9.85559,7.2,-1.9,0
-0.932289,0.361714,9.5,15.5,0,2.4,0,-0.382683,-0.92388,17,-0.382683,-0.92388,-0.382683,-0.92388,4,4,68,65,1020.6,1017.8,8,8,12.1,15.3,6.54332,5.72791,3.2,-2.8,0
-0.938377,0.345612,12.1,18.8,3.8,0.4,1.7,-0.707107,-0.707107,26,-0.707107,-0.707107,-0.382683,-0.92388,4,11,93,79,1016.9,1014,8,7,14.1,17,3.6714,1.11589,2.9,-2.9,1
-0.944188,0.329408,12.5,22.5,0.2,3.2,9.5,-0.382683,-0.92388,28,-0.382683,-0.92388,-0.92388,-0.382683,9,6,70,54,1014.2,1010.3,3,2,16.5,21.9,9.73639,5.49306,5.4,-3.9,0
-0.949718,0.313107,9.6,20.1,0,3.6,9.8,-1.83697e-16,-1,33,-1.83697e-16,-1,0.382683,-0.92388,13,15,66,54,1012.1,1009.8,1,4,16.1,19.1,9.53135,6.35672,3,-2.3,0
-0.959933,0.280231,7.7,22,0,2.2,9.5,-0.382683,-0.92388,30,-1.83697e-16,-1,-0.382683,-0.92388,11,9,65,48,1015.6,1012.5,1,2,15,20.7,11.4111,6.52801,5.7,-3.1,0
-0.964614,0.263665,8,21.7,0,3.4,10.2,-1.83697e-16,-1,43,-0.382683,-0.92388,-1.83697e-16,-1,4,11,60,43,1014.1,1009.3,1,2,17.4,21.1,13.0744,7.84874,3.7,-4.8,0
-0.96901,0.247022,8.5,20.3,0,5.8,9.7,-1.83697e-16,-1,35,-0.382683,-0.92388,-1.83697e-16,-1,9,17,45,33,1013.6,1010.5,1,1,15.1,19.7,16.7304,11.8485,4.6,-3.1,0
-0.973118,0.230306,7.7,20.1,0,5,9.1,-0.382683,-0.92388,19,-0.382683,-0.92388,-0.382683,-0.92388,7,4,58,41,1017.5,1015.2,0,0,13.5,19.5,13.6076,8.1032,6,-2.3,0
-0.983709,0.179767,8.2,18.5,0,3.6,9.9,-0.382683,-0.92388,37,-1.83697e-16,-1,-1.83697e-16,-1,11,13,58,30,1015.9,1013.8,1,0,14.8,18,17.8382,8.18592,3.2,-2.1,0
-0.986658,0.162807,6,20.5,0,6.4,9.9,-0.382683,-0.92388,17,-0.707107,-0.707107,0.382683,-0.92388,6,6,57,33,1020.4,1018.1,0,0,12.7,20.1,16.7808,8.30107,7.4,-2.3,0
-0.989314,0.145799,7.7,23.1,0,3,9.6,-0.707107,-0.707107,17,-0.707107,-0.707107,-0.92388,0.382683,4,4,63,45,1025.5,1023,1,2,13.6,23,12.5822,6.91235,9.4,-2.5,0
-0.991677,0.128748,12.3,22.5,0.2,2.8,9.4,6.12323e-17,1,30,-0.92388,-0.382683,-0.382683,0.92388,6,13,69,48,1028.5,1025.9,1,1,17,20.9,11.4283,5.73191,3.9,-2.6,0
-0.993747,0.111659,13,22.7,0,3.6,9.1,0.707107,0.707107,24,-0.382683,-0.92388,-0.382683,0.92388,6,7,69,56,1028.4,1024.9,2,1,16.8,20.5,9.08503,5.72302,3.7,-3.5,0
-0.995521,0.0945367,12.5,22.6,0,2.8,0.1,-0.382683,-0.92388,13,-0.382683,-0.92388,0.707107,0.707107,2,4,77,47,1027.3,1024.3,7,6,15,21.3,11.7768,4.00133,6.3,-3,0
-0.997001,0.0773865,12,22.4,0,2.2,8.8,6.12323e-17,1,30,-0.92388,-0.382683,-0.707107,0.707107,6,11,62,58,1029.3,1026.8,1,3,16.6,20.3,8.54039,7.31404,3.7,-2.5,0
-0.998186,0.0602133,13.8,19.3,0,3.6,4.1,-0.382683,0.92388,37,-0.92388,0.382683,-0.707107,0.707107,9,13,74,67,1030.6,1028.8,7,7,16.4,18.9,6.2666,4.64928,2.5,-1.8,0
-0.999074,0.0430222,12.3,20.8,6.4,1.8,4.9,-0.92388,0.382683,37,-0.707107,-0.707107,-0.92388,0.382683,4,13,82,53,1031.1,1027.6,5,4,15.3,19.5,9.83944,3.05698,4.2,-3.5,1
-0.999667,0.0258184,11.4,21.6,0.2,3,8.8,-0.707107,0.707107,22,-0.707107,-0.707107,-0.92388,0.382683,7,7,70,48,1026.5,1022.7,2,6,15.9,21,11.437,5.46744,5.1,-3.8,0
-0.999963,0.008607,11.3,22.1,0,2.8,8.7,-0.707107,0.707107,24,-0.382683,-0.92388,-0.707107,-0.707107,7,2,71,47,1024.6,1021,6,2,15.8,21.1,11.759,5.25041,5.3,-3.6,0
-0.999963,-0.008607,12.3,20.9,0,3,1.2,-0.382683,-0.92388,15,-0.707107,-0.707107,0.707107,0.707107,4,6,72,63,1023.4,1021,7,7,15.9,19.2,7.21943,5.0442,3.3,-2.4,0
-0.999667,-0.0258184,10.6,23.5,0,2.8,9.5,-1.83697e-16,-1,19,-0.707107,-0.707107,0.382683,-0.92388,4,7,79,39,1022.5,1017.2,0,1,14.8,23,14.7098,3.6087,8.2,-5.3,0
-0.999074,-0.0430222,11.1,22.3,0,2.6,10.2,-1.83697e-16,-1,43,-1.83697e-16,-1,-1.83697e-16,-1,9,17,55,27,1017.3,1013,1,0,19.5,21.6,19.8072,9.28609,2.1,-4.3,0
-0.998186,-0.0602133,7.2,21.4,0,8.2,9.9,-0.382683,-0.92388,31,-0.382683,-0.92388,-1.83697e-16,-1,11,13,35,26,1016.2,1012.8,0,0,16.3,20.9,20.228,15.4928,4.6,-3.4,0
-0.997001,-0.0773865,7.4,20.9,0,6.2,9.9,-1.83697e-16,-1,39,-0.382683,-0.92388,-1.83697e-16,-1,4,13,36,32,1017.9,1015.9,0,1,17.2,20.6,17.2801,15.2058,3.4,-2,0
-0.995521,-0.0945367,6.5,20.8,0,5,9.7,0.382683,-0.92388,22,-0.707107,-0.707107,-0.707107,-0.707107,4,4,53,32,1024.4,1020.8,1,1,14,20.3,17.2413,9.43084,6.3,-3.6,0
-0.993747,-0.111659,9,20,0,4,10.1,-1.83697e-16,-1,33,-1.83697e-16,-1,-1.83697e-16,-1,13,15,41,28,1020.8,1016.9,0,0,13.7,19.7,19.0266,13.0164,6,-3.9,0
-0.991677,-0.128748,6.8,19.2,0,6,10,-0.382683,-0.92388,33,-0.707107,-0.707107,0.382683,-0.92388,6,11,47,29,1019.2,1015.1,0,0,12.1,19,18.4428,10.9727,6.9,-4.1,0
-0.989314,-0.145799,10,21.9,0,7.2,9.9,-1.83697e-16,-1,35,-1.83697e-16,-1,0.382683,-0.92388,9,9,42,29,1018.9,1017.8,5,2,14.7,20.7,18.679,12.7808,6,-1.1,0
-0.986658,-0.162807,6.7,21.6,0,5,9.9,0.92388,0.382683,15,-0.707107,-0.707107,-0.707107,-0.707107,4,2,62,36,1024.9,1021.2,1,0,11.6,21.3,15.6838,7.03323,9.7,-3.7,0
-0.983709,-0.179767,5.6,23.5,0,2.4,9.6,-1.83697e-16,-1,20,-0.707107,-0.707107,-0.382683,-0.92388,2,4,63,21,1022.2,1018.5,7,3,11.7,23,23.5084,6.80963,11.3,-3.7,0
-0.973118,-0.230306,12,16.4,10.8,2.6,0.6,-0.92388,0.382683,22,-0.92388,-0.382683,-1,1.22465e-16,4,4,91,77,1028.1,1024.1,8,7,13.1,15.9,4.02965,1.43681,2.8,-4,1
-0.96901,-0.247022,12.2,21.8,1,1.2,7.8,-0.92388,0.382683,17,-0.707107,-0.707107,-0.92388,0.382683,6,2,74,58,1022.8,1019,1,3,15.6,20.6,8.55993,4.62032,5,-3.8,0
-0.964614,-0.263665,10.1,23.4,0.2,2.6,9.9,-0.707107,-0.707107,19,-0.707107,-0.707107,-0.382683,-0.92388,6,6,80,40,1019.4,1015.2,1,3,14.8,23.2,14.3575,3.41873,8.4,-4.2,0
-0.959933,-0.280231,8.3,19.6,0,3.2,10.2,-0.382683,-0.92388,37,-1.83697e-16,-1,-1.83697e-16,-1,7,17,60,30,1016.7,1012.4,1,0,15.6,18.9,17.9596,7.74005,3.3,-4.3,0
-0.954967,-0.296713,10,18,0,6,10,-1.83697e-16,-1,43,-1.83697e-16,-1,-1.83697e-16,-1,13,20,56,49,1012,1009.3,1,1,13.5,17.2,10.8118,8.60732,3.7,-2.7,0
-0.949718,-0.313107,10.8,23.2,0,6.2,10,-1.83697e-16,-1,30,-0.382683,-0.92388,0.382683,-0.92388,7,15,51,34,1012,1008.2,0,1,17.6,22.8,16.6909,10.2613,5.2,-3.8,0
-0.944188,-0.329408,12.3,23.6,0,6.2,10,-0.92388,-0.382683,30,-0.382683,-0.92388,-0.92388,-0.382683,9,9,51,40,1012.1,1009.4,1,1,17.2,22.6,14.2933,10.2298,5.4,-2.7,0
-0.938377,-0.345612,11.4,22.1,0,4,9.8,-0.92388,-0.382683,24,-0.382683,-0.92388,-0.707107,-0.707107,7,7,54,35,1014.8,1013.4,1,3,16.5,20.8,16.0293,9.34284,4.3,-1.4,0
-0.932289,-0.361714,8.4,21.3,0,4.8,9.8,-0.382683,-0.92388,17,-0.707107,-0.707107,0.382683,-0.92388,4,7,56,34,1019.3,1016.5,0,2,14.7,20.1,16.3576,8.68833,5.4,-2.8,0
-0.925925,-0.377708,7.7,22.2,0,2.4,10.1,-0.382683,-0.92388,19,-0.707107,-0.707107,-0.382683,-0.92388,4,4,67,30,1021.4,1018.2,0,1,12.4,22,18.3806,5.95683,9.6,-3.2,0
-0.919286,-0.39359,7.5,24.1,0.2,3.6,7.6,-1.83697e-16,-1,22,-0.707107,-0.707107,0.382683,-0.92388,4,6,62,28,1024.1,1019.9,3,6,13,22.2,19.3841,7.11132,9.2,-4.2,0
-0.912375,-0.409356,8.8,22.9,0,3.2,9.7,-0.382683,-0.92388,22,-0.707107,-0.707107,-1.83697e-16,-1,2,6,56,30,1025.4,1022.5,1,2,15.5,22.4,18.4352,8.74254,6.9,-2.9,0
-0.905193,-0.425,7.2,21.5,0,4,9.7,-0.92388,0.382683,20,-0.92388,-0.382683,-0.707107,0.707107,6,7,59,42,1027.9,1024.1,1,2,13.8,21.4,13.4503,7.87534,7.6,-3.8,0
-0.897743,-0.440519,10.8,21.8,0,4,8.2,6.12323e-17,1,26,-0.707107,-0.707107,-0.382683,0.92388,7,9,63,49,1026.5,1023.2,3,4,15.5,20.4,11.0791,7.01581,4.9,-3.3,0
-0.890028,-0.455907,10.1,21.4,0,3.2,8.5,0.382683,0.92388,30,-0.707107,-0.707107,-0.382683,0.92388,4,11,67,52,1024.7,1021.5,2,5,15.2,19.1,10.0922,6.08933,3.9,-3.2,0
-0.882048,-0.47116,9,22.4,0,4,8.7,-0.382683,0.92388,20,-0.707107,-0.707107,6.12323e-17,1,6,7,69,49,1023.8,1020.1,1,3,14.7,19.2,10.9785,5.63,4.5,-3.7,0
-0.873807,-0.486273,8.8,23,0,3.4,10,6.12323e-17,1,19,-0.92388,-0.382683,0.382683,0.92388,4,7,72,40,1024.5,1021,1,1,14.6,21.6,14.1867,4.99313,7,-3.5,0
-0.865307,-0.501242,9.8,23.2,0,3.4,9.8,6.12323e-17,1,17,-0.707107,-0.707107,0.382683,0.92388,4,7,74,50,1025.3,1022.2,1,1,14.8,21.7,10.885,4.59145,6.9,-3.1,0
-0.856551,-0.516062,9.7,22.9,0,3.2,10,6.12323e-17,1,24,-0.707107,-0.707107,-0.382683,0.92388,4,9,73,43,1026.4,1024,1,2,15.5,21.7,13.1335,4.82134,6.2,-2.4,0
-0.847541,-0.53073,9.1,21.9,0,4,9.9,6.12323e-17,1,22,-0.707107,-0.707107,6.12323e-17,1,4,11,72,50,1029.1,1026.9,1,2,15.4,19.9,10.7375,5.02453,4.5,-2.2,0
-0.83828,-0.54524,10.3,21.7,0,3.6,4.8,6.12323e-17,1,30,-0.382683,-0.92388,0.382683,0.92388,6,9,67,53,1028.9,1025.8,6,5,16.6,21.4,9.98253,6.15611,4.8,-3.1,0
-0.82877,-0.559589,9.5,23.5,0,2.8,9,0.707107,0.707107,20,-0.382683,-0.92388,0.92388,0.382683,6,6,73,49,1026.2,1021.4,1,4,15.4,21.9,11.2054,4.81757,6.5,-4.8,0
-0.819015,-0.573772,13.9,24.8,0,2.8,7.3,0.707107,0.707107,19,-0.707107,-0.707107,0.707107,0.707107,4,9,65,54,1020.9,1016,3,2,18.7,22.6,9.78798,6.71803,3.9,-4.9,0
-0.809017,-0.587785,12.9,23.9,0,4,10.1,-1.83697e-16,-1,31,-1.83697e-16,-1,0.382683,-0.92388,13,9,61,31,1014.1,1009.2,6,2,18.6,23.4,18.1015,7.67296,4.8,-4.9,0
-0.798779,-0.601624,5.3,22.1,0,6.4,10.2,-1.83697e-16,-1,37,0.382683,-0.92388,0.382683,-0.92388,6,15,44,24,1012.5,1008,1,3,16.4,21.4,21.41,12.2883,5,-4.5,0
-0.788305,-0.615285,5.6,22.8,0,6,10.1,0.382683,-0.92388,33,0.92388,0.382683,-1.83697e-16,-1,4,13,45,25,1012.4,1007.4,0,1,16.4,22.3,20.986,11.9678,5.9,-5,0
-0.777597,-0.628763,9.7,21,0,4.6,4.5,0.382683,0.92388,17,-0.382683,-0.92388,0.707107,0.707107,6,9,59,53,1010.4,1006.6,6,7,13.2,19,9.80195,7.8384,5.8,-3.8,0
-0.766659,-0.642055,9.2,22.7,0,2.2,10.3,-1.83697e-16,-1,20,-0.707107,-0.707107,0.382683,-0.92388,6,4,53,25,1015.7,1013.6,0,1,15.1,22.6,21.0325,9.51189,7.5,-2.1,0
-0.755493,-0.655156,9.1,22.5,0,4,10.8,-0.382683,0.92388,22,-0.382683,-0.92388,0.382683,0.92388,7,11,59,48,1023.2,1020.4,1,3,15.9,21.1,11.4456,8.00532,5.2,-2.8,0
-0.744104,-0.668064,11,22.4,0,4,7.3,-0.382683,-0.92388,20,-0.707107,-0.707107,0.382683,0.92388,4,7,78,54,1025.1,1021.4,5,6,14.5,19.3,9.54593,3.79183,4.8,-3.7,0
-0.732494,-0.680773,9.5,22.5,2.2,3.8,10.4,0.707107,0.707107,19,-0.707107,-0.707107,0.707107,0.707107,6,7,74,45,1024.2,1019.5,1,3,14.4,20.9,12.3851,4.57704,6.5,-4.7,1
-0.720667,-0.693281,10.5,23.6,0,4,10.5,6.12323e-17,1,24,-0.707107,-0.707107,0.382683,0.92388,7,9,67,54,1021.6,1017.5,2,3,16.2,21.1,9.6776,6.137,4.9,-4.1,0
-0.708627,-0.705584,11.4,21.8,0,4,4.9,0.382683,0.92388,22,-0.707107,-0.707107,0.707107,0.707107,4,6,70,60,1020.5,1017.8,3,6,16.3,19.1,7.95207,5.48452,2.8,-2.7,0
-0.696376,-0.717677,13.8,21.8,0,3.4,5.6,-1.83697e-16,-1,43,0.707107,0.707107,-1.83697e-16,-1,4,17,81,34,1015,1012.3,6,1,16.2,21.3,16.5054,3.26654,5.1,-2.7,0
-0.683919,-0.729558,6,21.4,0,4.6,10.8,-1.83697e-16,-1,33,-0.382683,-0.92388,-0.382683,-0.92388,9,11,42,33,1017.9,1014.6,1,2,16.1,21.1,16.907,12.9194,5,-3.3,0
-0.67126,-0.741222,8.7,22.2,0,5.2,7.8,-1,1.22465e-16,26,-0.707107,-0.707107,-1,1.22465e-16,7,9,55,50,1021.6,1018.8,1,7,15.4,20,10.7457,8.99758,4.6,-2.8,0
-0.658402,-0.752667,12.1,21.5,3,4.4,1.9,-0.707107,0.707107,37,-0.92388,-0.382683,-0.707107,0.707107,6,17,89,51,1026.4,1024.2,8,7,13.2,19.9,10.4432,1.77439,6.7,-2.2,1
-0.645348,-0.763889,12.4,21.2,8,5.8,8.3,-0.707107,0.707107,48,-0.707107,-0.707107,-0.92388,0.382683,6,20,70,49,1028.2,1026.1,6,5,16,20.3,11.0707,5.47171,4.3,-2.1,1
-0.632103,-0.774884,13.9,21.6,15.2,3.2,6.6,-0.382683,0.92388,44,-0.707107,-0.707107,-0.382683,0.92388,4,11,88,74,1026.9,1024.2,3,5,17,20,4.78072,2.00424,3,-2.7,1
-0.618671,-0.78565,13.4,22.3,6.8,3.6,5.2,-0.92388,0.382683,35,-0.92388,-0.382683,-0.707107,0.707107,6,15,66,55,1025.7,1022.7,7,7,17.8,20.6,9.36425,6.44108,2.8,-3,1
-0.605056,-0.796183,14.2,23,0,4,6.1,-0.92388,0.382683,24,-0.707107,-0.707107,-0.382683,0.92388,7,9,61,64,1025,1022.4,7,4,19,21.2,7.08764,7.69657,2.2,-2.6,0
-0.591261,-0.80648,13.2,22.1,0,4,5.2,6.12323e-17,1,20,-0.707107,-0.707107,6.12323e-17,1,6,13,69,65,1025.2,1021.7,1,7,19.3,21.6,6.86883,5.83472,2.3,-3.5,0
-0.577292,-0.816538,16.1,20.3,5.2,4,0,0.707107,0.707107,22,6.12323e-17,1,0.382683,0.92388,7,7,94,93,1021.9,1015.7,8,8,17.9,18.9,1.15874,0.980953,1,-6.2,1
-0.563151,-0.826354,15.4,24.9,23.6,2,8.4,-1.83697e-16,-1,20,-0.382683,-0.92388,0.382683,0.92388,7,6,69,56,1019.7,1016.5,5,4,19.4,22.5,9.22381,5.83921,3.1,-3.2,1
-0.548843,-0.835925,13.7,25.4,0,2.6,10.2,6.12323e-17,1,19,-0.707107,-0.707107,0.707107,0.707107,4,7,73,54,1020.7,1017.3,1,3,19,24.2,9.90639,4.95425,5.2,-3.4,0
-0.534373,-0.845249,15.9,22.5,0,3.6,2.8,0.707107,0.707107,28,-1.83697e-16,-1,0.382683,0.92388,2,7,76,62,1020.8,1017,7,7,17.8,21.2,7.5771,4.29089,3.4,-3.8,0
-0.519744,-0.854322,12.5,24.2,12.8,2.8,10.9,6.12323e-17,1,20,-0.707107,-0.707107,0.382683,0.92388,7,9,80,52,1022.7,1019.4,1,1,16.1,22.3,10.3402,3.45379,6.2,-3.3,1
-0.504961,-0.863142,12.8,23.9,0,3.6,10.8,6.12323e-17,1,22,-0.92388,-0.382683,0.707107,0.707107,2,9,69,45,1024,1019.8,1,2,18.4,22.8,12.5634,5.79438,4.4,-4.2,0
-0.490029,-0.871706,13.1,23.8,0,3.6,9.9,-0.382683,0.92388,31,-0.92388,-0.382683,-0.382683,0.92388,4,13,69,54,1025.1,1022.9,1,5,19.4,20.6,9.64093,5.83921,1.2,-2.2,0
-0.474951,-0.880012,11.8,22.1,0,5.6,9.2,-0.707107,0.707107,30,-0.92388,-0.382683,-0.382683,0.92388,6,11,58,40,1029.2,1026,3,6,18.3,21.4,14.1654,8.41065,3.1,-3.2,0
-0.459733,-0.888057,12.6,21.6,0,5.8,8.3,-0.707107,0.707107,24,-0.92388,-0.382683,6.12323e-17,1,4,11,57,53,1029,1025.7,6,3,17.8,20.2,9.89204,8.63682,2.4,-3.3,0
-0.444378,-0.895839,13.4,22.5,0.4,3.8,9.2,6.12323e-17,1,33,-0.92388,-0.382683,6.12323e-17,1,4,15,72,42,1028.5,1024.6,3,2,18.7,21.4,13.4503,5.15507,2.7,-3.9,0
-0.428892,-0.903356,12.2,23.5,0.2,5,10,0.382683,0.92388,22,-0.382683,-0.92388,6.12323e-17,1,4,11,62,56,1024.6,1019.9,4,4,18.5,21.7,9.16818,7.42215,3.2,-4.7,0
-0.413279,-0.910605,12.6,25.3,0,3.4,10.6,0.382683,0.92388,22,-0.707107,-0.707107,0.707107,0.707107,7,9,73,43,1020.8,1017.4,1,1,18.8,24.2,13.3814,4.94661,5.4,-3.4,0
-0.397543,-0.917584,12.7,25.2,0,4.8,11,0.382683,0.92388,26,-1.83697e-16,-1,0.707107,0.707107,4,11,65,44,1020.6,1016.2,1,8,19.8,24,13.0156,6.77504,4.2,-4.4,0
-0.381689,-0.924291,15.2,22.7,0,5,2,0.382683,-0.92388,37,1,0,-0.707107,-0.707107,7,7,67,80,1012.6,1008.4,6,7,19.7,14.5,3.41067,6.30526,-5.2,-4.2,0
-0.365723,-0.930724,10.7,19.6,14.6,4.2,11.2,-1.83697e-16,-1,46,-1.83697e-16,-1,-1.83697e-16,-1,19,22,50,28,1013.4,1010.1,1,1,13.8,19,18.9271,10.2451,5.2,-3.3,1
-0.349647,-0.936881,7,22.9,0,9.2,11.2,-0.382683,-0.92388,31,-1.83697e-16,-1,-1.83697e-16,-1,13,13,42,27,1017.2,1012.8,0,1,15.8,22.6,19.9544,12.8896,6.8,-4.4,0
-0.333469,-0.942761,8.8,21.6,0,7.4,8.3,0.382683,0.92388,26,-0.92388,-0.382683,0.707107,0.707107,6,6,42,38,1021,1020,1,7,17.7,19,14.6456,13.0786,1.3,-1,0
-0.317191,-0.948362,11.4,22.2,0,4.6,9.6,6.12323e-17,1,24,-1,1.22465e-16,0.382683,0.92388,6,9,55,52,1027.8,1024.5,3,2,18.4,20.2,10.1771,9.20826,1.8,-3.3,0
-0.30082,-0.953681,9.7,26.2,0,4.8,10.8,0.382683,-0.92388,24,-0.92388,-0.382683,0.92388,0.382683,4,7,59,36,1027.1,1021.5,0,0,18.7,24.9,16.1093,8.18021,6.2,-5.6,0
-0.284359,-0.958718,10.2,27.7,0,6,11.3,0.707107,0.707107,20,-0.707107,-0.707107,0.382683,0.92388,6,9,49,21,1024.2,1019.4,0,1,18.9,25.8,23.9929,10.9534,6.9,-4.8,0
-0.267814,-0.963471,10.3,29.4,0,5.4,11.3,-1.83697e-16,-1,20,-0.707107,-0.707107,0.707107,0.707107,2,6,43,21,1021.4,1016.2,0,1,20.2,28.5,24.4643,12.9859,8.3,-5.2,0
-0.25119,-0.967938,11.2,31.6,0,5.6,11,0.92388,0.382683,17,-0.707107,-0.707107,0.92388,0.382683,2,7,44,23,1019.8,1016.1,0,0,21.7,30.5,23.4963,12.7934,8.8,-3.7,0
-0.234491,-0.972118,13.9,32.3,0,5.8,10.6,0.707107,0.707107,19,-0.382683,-0.92388,0.707107,0.707107,4,7,47,25,1021.1,1017.2,0,0,21.7,30.2,22.2262,11.8124,8.5,-3.9,0
-0.217723,-0.976011,13.9,30.6,0,5.2,10.6,0.382683,0.92388,24,-0.92388,-0.382683,0.382683,0.92388,4,11,48,28,1021.2,1016.6,0,0,21.8,28.4,20.2839,11.5063,6.6,-4.6,0
-0.200891,-0.979614,13.6,26.3,0,4.4,10.3,0.92388,0.382683,31,0.382683,0.92388,0.707107,0.707107,4,9,55,57,1018.1,1012.7,0,8,21.9,23.9,9.04685,9.45702,2,-5.4,0
-0.183998,-0.982927,15.8,25.1,0,5,11.2,6.12323e-17,1,31,-0.707107,0.707107,6.12323e-17,1,15,15,56,46,1019.2,1017.1,2,1,22.5,23.6,12.3073,9.22381,1.1,-2.1,0
-0.167052,-0.985948,14.2,24.7,0,7.2,11,-0.382683,0.92388,26,-0.382683,0.92388,0.382683,0.92388,6,13,55,45,1024.7,1021.3,3,1,21.9,23.3,12.6105,9.45702,1.4,-3.4,0
-0.150055,-0.988678,12.3,25.7,0,6.2,10.7,0.382683,0.92388,22,-1.83697e-16,-1,0.707107,0.707107,4,9,58,51,1022.8,1017.8,1,1,20.5,24.3,10.7955,8.55341,3.8,-5,0
-0.133015,-0.991114,14.8,26.4,0,5.2,9.9,1,0,24,0.382683,-0.92388,0.92388,0.382683,2,9,65,52,1020.2,1016,7,2,21,24.9,10.5439,6.83749,3.9,-4.2,0
-0.115935,-0.993257,17.5,26.1,0.2,6.4,9.4,0.707107,0.707107,28,0.707107,-0.707107,0.707107,0.707107,11,13,62,66,1015.4,1009,4,5,22.3,23.1,6.70757,7.64067,0.8,-6.4,0
-0.0988201,-0.995105,13.5,23.8,0,4.8,8.2,-0.707107,0.707107,28,-0.92388,-0.382683,-0.707107,0.707107,6,9,53,55,1017.4,1015.6,2,7,20.6,21.6,9.43557,9.92216,1,-1.8,0
-0.0816764,-0.996659,13.1,23.3,0,4.8,11.2,6.12323e-17,1,24,-1,1.22465e-16,-0.382683,0.92388,6,11,54,47,1021.7,1018.2,1,2,20.8,22.3,11.8658,9.65559,1.5,-3.5,0
-0.0645084,-0.997917,12.4,22.6,0,5.8,3.1,0.707107,0.707107,19,-0.382683,-0.92388,0.382683,0.92388,2,6,57,54,1020,1016.5,7,7,20,21.1,9.6776,8.78364,1.1,-3.5,0
-0.0473214,-0.99888,16.9,22.1,0,4,3.1,0.92388,-0.382683,28,1,0,0.92388,-0.382683,4,9,69,66,1013.2,1006.7,8,2,18.5,21.4,6.62152,5.79886,2.9,-6.5,0
-0.0301203,-0.999546,9.9,26.3,3.2,3.8,11.6,0.382683,-0.92388,39,-0.382683,-0.92388,-1.83697e-16,-1,15,15,30,21,1011,1006.2,0,0,20.9,25.4,23.9234,18.2307,4.5,-4.8,1
-0.0129103,-0.999917,12,27.4,0,8,9.4,-1.83697e-16,-1,44,-0.382683,-0.92388,-0.382683,-0.92388,6,15,55,23,1006,1001.9,1,3,18.9,25.5,22.6654,9.2436,6.6,-4.1,0
0.00430354,-0.999991,12.4,22.5,0,9.4,11.5,-1.83697e-16,-1,48,-0.382683,-0.92388,-0.382683,-0.92388,15,20,40,30,1010.5,1009,1,5,17.9,20.8,18.2171,13.7955,2.9,-1.5,0
0.0215161,-0.999769,13.3,22.6,0,9.6,6,-0.92388,0.382683,28,-1,1.22465e-16,0.707107,0.707107,9,4,50,72,1018.1,1016.5,2,7,20,17.9,5.12327,10.7457,-2.1,-1.6,0
0.0387223,-0.99925,10.6,24.7,6,5.2,11.4,-0.92388,0.382683,28,-0.382683,-0.92388,0.382683,0.92388,6,13,53,44,1022,1018.1,0,1,18.3,22.1,12.8319,9.74958,3.8,-3.9,1
0.055917,-0.998435,12.2,22.6,0.2,5.8,7.3,6.12323e-17,1,19,-0.92388,0.382683,6.12323e-17,1,6,6,56,52,1021.9,1017.4,7,7,19.6,21.1,10.2469,9.02292,1.5,-4.5,0
0.0902516,-0.995919,15.9,26.3,5.4,2.4,8.4,-1.83697e-16,-1,20,-0.707107,-0.707107,1,0,4,6,68,51,1014,1009.3,4,3,21.3,25.6,10.9007,6.1524,4.3,-4.7,1
0.107381,-0.994218,15.5,24.7,14.6,6.4,3.6,-0.382683,-0.92388,43,-0.382683,-0.92388,0.382683,-0.92388,13,9,93,46,1011.6,1005.9,8,7,15.6,23.6,12.3073,1.1292,8,-5.7,1
0.124479,-0.992222,12.7,29.1,1.4,1.4,11.1,-1.83697e-16,-1,33,-1,1.22465e-16,-1.83697e-16,-1,4,9,53,29,1010.9,1005.6,1,7,23.1,28.3,19.7519,10.1114,5.2,-5.3,1
0.14154,-0.989932,14.8,25.8,0,5.4,5.1,-1.83697e-16,-1,19,-0.707107,-0.707107,-0.707107,-0.707107,6,6,67,39,1012,1008.4,7,4,18.5,25.1,14.941,6.24732,6.6,-3.6,0
0.158559,-0.987349,14.2,27.7,0,3.8,11.8,0.707107,0.707107,28,1,0,1,0,2,7,52,44,1012.8,1008.3,2,2,23.4,26,13.2103,10.4261,2.6,-4.5,0
0.175531,-0.984474,15.7,27.6,0,5.8,10.9,0.382683,0.92388,24,-0.707107,0.707107,0.382683,0.92388,6,13,65,59,1015.2,1012.1,5,1,22.9,25.5,8.61258,6.93695,2.6,-3.1,0
0.192452,-0.981306,18.5,27.3,0,4,6.8,6.12323e-17,1,30,6.12323e-17,1,0.707107,0.707107,9,13,69,63,1019.2,1016.1,7,7,24.1,25.1,7.54997,6.05213,1,-3.1,0
0.209315,-0.977848,17.1,26.9,30.8,8.6,7.8,6.12323e-17,1,24,-1,1.22465e-16,6.12323e-17,1,2,13,78,62,1017.8,1013.1,7,2,21.4,25.7,7.8388,4.0005,4.3,-4.7,1
0.226116,-0.9741,19.4,27.5,13.8,4.4,5.8,-1,1.22465e-16,28,-0.92388,-0.382683,0.382683,0.92388,4,9,83,68,1009.3,1004.8,8,1,22.1,25,6.32729,3.02794,2.9,-4.5,1
0.24285,-0.970064,15.2,29.3,6.2,5.6,12,0.382683,0.92388,20,-0.382683,-0.92388,0.382683,0.92388,4,11,64,49,1014.2,1013.2,0,1,23.5,26.9,11.6315,7.21238,3.4,-1,1
0.259512,-0.96574,19.7,22.5,0.6,4.2,1,-0.92388,0.382683,54,-0.707107,0.707107,-0.707107,0.707107,13,17,74,63,1025.9,1026.5,7,7,21.3,20.3,7.28051,4.82862,-1,0.6,0
0.276097,-0.96113,16.9,23.8,0.4,5.8,9,-0.707107,0.707107,33,-0.382683,0.92388,-0.382683,0.92388,15,19,42,47,1031,1028.5,5,6,21.4,22.5,11.8837,13.4503,1.1,-2.5,0
0.2926,-0.956235,15.9,23.2,0,7.8,8.8,6.12323e-17,1,31,-0.92388,0.382683,6.12323e-17,1,7,15,65,48,1029.9,1026.4,7,7,20.6,22.4,11.5583,6.81664,1.8,-3.5,0
0.309017,-0.951057,15.3,24,0,6.4,5.7,6.12323e-17,1,26,6.12323e-17,1,6.12323e-17,1,7,13,52,50,1028.3,1024.7,7,6,21.6,23.2,11.0085,10.2857,1.6,-3.6,0
0.325342,-0.945596,16.1,25.6,0,4,10.4,6.12323e-17,1,30,-0.382683,0.92388,6.12323e-17,1,11,13,59,51,1025.8,1022.5,7,5,22.2,24.1,10.7794,8.40141,1.9,-3.3,0
0.341571,-0.939856,15.6,25.2,0,6,7.9,0.382683,0.92388,30,-0.382683,0.92388,6.12323e-17,1,6,17,63,63,1024.5,1022.2,7,6,22.3,22.8,7.42026,7.3922,0.5,-2.3,0
0.357698,-0.933837,15.3,25.1,0,6,12,6.12323e-17,1,28,6.12323e-17,1,0.382683,0.92388,7,11,56,53,1023.8,1020.8,4,2,22.7,24,10.1799,9.23774,1.3,-3,0
0.37372,-0.927542,14.4,26.4,0,5.2,11.5,6.12323e-17,1,24,-0.382683,-0.92388,0.707107,0.707107,4,9,60,47,1019.9,1015.3,5,7,23,25.6,12.1619,8.19159,2.6,-4.6,0
0.38963,-0.920971,16.2,28.3,0,5.8,11.1,0.92388,0.382683,28,6.12323e-17,1,0.92388,0.382683,2,11,58,58,1015.5,1011.5,2,6,25.1,26.4,8.94201,8.85567,1.3,-4,0
0.405426,-0.914128,20.3,27.4,0,6.2,7.1,6.12323e-17,1,30,-0.92388,0.382683,6.12323e-17,1,6,11,69,62,1015.8,1013.4,7,2,24.3,25.5,7.82708,6.06128,1.2,-2.4,0
0.421101,-0.907014,16.8,25.7,6.2,7.2,6.1,-0.92388,0.382683,35,-1,1.22465e-16,-0.707107,0.707107,6,15,68,67,1018,1015.9,5,5,23.6,23.3,6.48064,6.26083,-0.3,-2.1,1
0.436651,-0.899631,19.3,23.9,0,5.6,0.8,-0.707107,0.707107,22,-0.382683,0.92388,6.12323e-17,1,11,9,62,62,1019,1016.2,6,7,23,23.3,7.69869,7.68126,0.3,-2.8,0
0.452072,-0.891981,19.8,26.4,0,4.8,5.7,0.382683,0.92388,19,0.92388,-0.382683,0.707107,0.707107,4,7,62,60,1016.2,1013.1,8,2,22.6,24.9,8.30952,7.65806,2.3,-3.1,0
0.467359,-0.884068,18.2,27.8,0,4,7.3,-0.707107,0.707107,26,0.707107,-0.707107,0.92388,0.382683,2,9,66,60,1014.1,1010.3,6,6,24.6,27.3,8.45966,6.78394,2.7,-3.8,0
0.482508,-0.875892,20.3,25.6,28.4,5,1.5,-0.707107,0.707107,39,-0.707107,0.707107,-0.707107,0.707107,17,15,71,60,1015.7,1014.9,8,7,22.9,23.2,8.20396,5.54542,0.3,-0.8,1
0.497513,-0.867456,18.1,24.9,0,7.2,8.9,-1,1.22465e-16,24,-0.92388,0.382683,6.12323e-17,1,9,7,58,51,1018.7,1014.4,6,6,22.2,24.1,10.7794,8.66453,1.9,-4.3,0
0.512371,-0.858764,18.1,28,0,5,12,0.382683,0.92388,26,0.92388,0.382683,0.92388,0.382683,6,7,58,55,1014,1008.9,4,3,24.2,27,9.82522,8.79613,2.8,-5.1,0
0.527078,-0.849817,17.1,28.2,0,6.2,12.3,-0.707107,0.707107,30,-1,1.22465e-16,0.382683,0.92388,4,13,54,62,1010.8,1007.6,1,1,26,26.4,7.8799,10.0404,0.4,-3.2,0
0.541628,-0.840618,20.4,26.9,0,6.6,9.8,6.12323e-17,1,30,-0.382683,0.92388,0.382683,0.92388,13,17,57,54,1016.4,1014.7,3,2,24.2,25.5,10.0031,9.06725,1.3,-1.7,0
0.556017,-0.831171,18.6,25.2,0,9.4,7,6.12323e-17,1,20,-0.382683,0.92388,0.382683,0.92388,7,9,64,49,1020.3,1017.5,7,7,23,24.5,11.4261,7.18517,1.5,-2.8,0
0.570242,-0.821477,16.1,26.5,0,5.2,9.9,0.707107,0.707107,28,0.707107,0.707107,0.707107,0.707107,6,11,55,49,1018.2,1014.8,3,6,23.1,24.9,11.4602,9.54304,1.8,-3.4,0
0.584298,-0.811539,15.8,27,0,9.2,12,0.707107,0.707107,26,0.92388,0.382683,0.92388,0.382683,7,9,52,53,1018.5,1015.4,1,1,25.5,26,10.3331,10.5911,0.5,-3.1,0
0.598181,-0.801361,18,27.6,0,7.4,13.1,0.92388,0.382683,28,0.707107,-0.707107,0.707107,0.707107,9,11,53,46,1019.7,1016.1,2,1,24.3,26.7,12.594,10.2028,2.4,-3.6,0
0.611886,-0.790946,18,28.4,0,7.8,12.4,0.707107,0.707107,28,0.92388,-0.382683,0.707107,0.707107,7,11,55,56,1019.6,1016,2,1,25.8,26.9,9.53268,9.73797,1.1,-3.6,0
0.625411,-0.780296,18.1,29.9,0,8,12.2,0.92388,0.382683,28,1,0,0.707107,0.707107,6,11,48,55,1017.5,1014,1,2,26.8,28,9.8982,11.9437,1.2,-3.5,0
0.638749,-0.769415,21.6,29.3,0,8.6,9.7,6.12323e-17,1,28,0.382683,0.92388,0.382683,0.92388,7,15,66,54,1020,1017.9,7,1,25.5,27.9,10.1828,6.82997,2.4,-2.1,0
0.651899,-0.758306,21.4,28.2,0,8.2,12.5,6.12323e-17,1,22,0.707107,0.707107,0.382683,0.92388,7,7,56,47,1019.2,1016.3,4,1,25.8,27.2,12.3067,9.45501,1.4,-2.9,0
0.664855,-0.746972,20.5,28.5,0,7.6,11,0.707107,0.707107,30,1,0,0.707107,0.707107,6,11,56,55,1017.7,1013.7,6,7,25.8,26.8,9.81065,9.45501,1,-4,0
0.677615,-0.735417,22.1,29.9,0,8,12.2,0.382683,0.92388,30,0.92388,0.382683,0.707107,0.707107,9,13,51,58,1016.5,1013.3,2,1,27.1,27.3,9.00202,11.0227,0.2,-3.2,0
0.690173,-0.723644,19.4,32.4,0,9,12.2,0.382683,0.92388,22,1,0,0.92388,0.382683,4,11,51,52,1017.3,1014.6,0,1,27.9,29.6,10.9168,11.088,1.7,-2.7,0
0.702527,-0.711657,21.9,30.4,0,8,10.5,0.92388,0.382683,26,0.92388,-0.382683,0.707107,0.707107,6,13,50,45,1018.7,1015.5,1,3,28.6,28.3,13.0861,11.4589,-0.3,-3.2,0
0.714673,-0.699458,21.8,28.9,0,8.4,6.5,0.382683,0.92388,20,0.382683,0.92388,0.92388,0.382683,9,7,53,52,1019.1,1015.8,6,7,26.8,27.7,10.7653,10.3946,0.9,-3.3,0
0.726608,-0.687053,20.8,28.5,0,6.2,3.8,0.707107,0.707107,22,0.92388,0.382683,0.707107,0.707107,6,7,60,52,1018.8,1015.5,6,5,25.9,27,10.7097,8.37192,1.1,-3.3,0
0.738326,-0.674444,18.7,28.6,0,7,12.5,0.382683,0.92388,24,0.382683,0.92388,0.382683,0.92388,7,11,54,50,1019.1,1016.2,3,1,26.4,26.9,11.3162,10.0703,0.5,-2.9,0
0.749826,-0.661635,19,29.6,0,9.4,12.4,0.92388,0.382683,30,0.707107,0.707107,0.92388,0.382683,9,13,54,53,1018.1,1013.3,2,1,26.4,27.8,10.4718,10.0703,1.4,-4.8,0
0.761104,-0.64863,19.5,29.9,0,11.4,12.5,6.12323e-17,1,28,0.707107,-0.707107,0.92388,0.382683,6,9,50,39,1016.1,1013.2,2,1,27.4,28.8,15.3524,11.3581,1.4,-2.9,0
0.772157,-0.635432,19.7,29,0,11.2,9.2,0.707107,0.707107,39,0.707107,0.707107,0.707107,0.707107,9,15,55,57,1015.3,1011.1,7,7,25.9,27.5,9.29313,9.74523,1.6,-4.2,0
0.78298,-0.622047,22.4,30.9,0,10,7.1,0.707107,0.707107,28,1,0,0.707107,0.707107,6,13,59,69,1014.1,1011.6,7,6,28.2,27.9,6.22701,8.78723,-0.3,-2.5,0
0.793572,-0.608477,20.4,24.8,1.6,6.8,0,-0.707107,-0.707107,17,-0.92388,-0.382683,-1,1.22465e-16,4,4,90,80,1018.6,1016.4,7,7,20.9,24.1,3.67338,1.70506,3.2,-2.2,1
0.814046,-0.5808,22.8,29.5,0.6,7.6,5.9,1,0,28,1,0,0.92388,0.382683,9,9,55,70,1013.9,1010.9,6,7,27.7,26.2,5.9154,9.87628,-1.5,-3,0
0.823923,-0.566702,20.9,33.9,3.2,7.2,12.6,0.707107,0.707107,24,-0.92388,-0.382683,0.382683,0.92388,4,13,60,56,1012.3,1009.5,1,2,27.7,29.9,9.74609,8.4848,2.2,-2.8,1
0.852078,-0.523416,20.8,29,0,9.4,7.5,0.382683,0.92388,26,0.382683,0.92388,0.382683,0.92388,7,9,57,61,1016.4,1012.6,7,4,27.4,27.9,8.23096,9.28625,0.5,-3.8,0
0.860961,-0.508671,21.9,28.3,0,6.2,0.9,-0.707107,0.707107,35,-0.382683,-0.92388,-0.707107,0.707107,6,11,65,71,1011.7,1010.6,7,7,27.4,23.5,5.57071,7.17529,-3.9,-1.1,0
0.869589,-0.493776,16.7,24.9,13,5,2.3,-0.92388,0.382683,33,-0.92388,-0.382683,-0.707107,0.707107,7,13,58,57,1015.3,1014.2,7,7,22.8,23.6,9.02647,8.70391,0.8,-1.1,1
0.87796,-0.478734,15.8,27.1,0,7,12.2,6.12323e-17,1,30,-0.707107,0.707107,6.12323e-17,1,13,13,49,44,1017.8,1014.9,3,2,24,25.3,13.142,11.3835,1.3,-2.9,0
0.886071,-0.46355,16.4,27.9,0,9.8,8.7,6.12323e-17,1,22,0.382683,0.92388,0.707107,0.707107,4,9,58,54,1015.6,1011.2,7,7,24.5,26,10.0404,8.81596,1.5,-4.4,0
0.893919,-0.448229,19.4,25.6,0,6.8,2.4,-0.382683,0.92388,37,-0.92388,0.382683,-0.382683,0.92388,11,15,64,58,1015.3,1013.4,7,7,23.2,23.3,8.73679,7.19605,0.1,-1.9,0
0.901502,-0.432776,17.9,23.6,0,8.6,0,-0.92388,0.382683,33,-0.92388,0.382683,-0.707107,0.707107,15,15,55,57,1015.5,1013.2,7,7,22.1,21.7,8.89791,9.47133,-0.4,-2.3,0
0.908818,-0.417194,16.8,19.9,5.8,12.2,0,-0.707107,0.707107,20,-1,1.22465e-16,6.12323e-17,1,7,7,93,93,1011.2,1009.5,8,8,17.3,18,1.15065,1.14437,0.7,-1.7,1
0.915864,-0.401488,17.3,25.4,36,2.8,1.7,-0.707107,0.707107,37,-0.92388,-0.382683,-0.707107,0.707107,6,17,96,69,1008.8,1007.8,8,7,19.6,23,6.00197,0.656663,3.4,-1,1
0.92264,-0.385663,16.9,27.5,2.4,3.8,10.8,6.12323e-17,1,24,-0.92388,0.382683,6.12323e-17,1,9,11,58,62,1012.5,1010.5,4,7,24.9,25.4,7.82122,8.84242,0.5,-2,1
0.929141,-0.369725,18.7,26.9,19.4,4.8,2.2,0.707107,0.707107,20,-0.92388,-0.382683,0.707107,0.707107,2,9,91,82,1011.6,1006.6,7,6,20.7,23,3.2447,1.52494,2.3,-5,1
0.935368,-0.353676,18.5,30.4,1.6,5,6.8,-0.382683,-0.92388,30,-0.707107,0.707107,0.382683,-0.92388,4,4,72,88,1005.5,1004.1,2,7,26.8,24.6,2.12513,5.48244,-2.2,-1.4,1
0.941317,-0.337523,21.3,32.9,10,3.2,10.2,-1.83697e-16,-1,33,-0.92388,-0.382683,-1.83697e-16,-1,4,15,74,41,1002.2,999.1,6,4,27.2,32.4,14.9671,5.04897,5.2,-3.1,1
0.946988,-0.32127,18.4,31.1,0,5.2,11.1,0.382683,0.92388,28,0.92388,-0.382683,0.382683,0.92388,4,15,54,66,1006,1005,1,3,26.1,27.2,6.91732,10.0479,1.1,-1,0
0.952378,-0.304921,19.2,28.4,2,8.2,10.6,6.12323e-17,1,31,-0.92388,0.382683,6.12323e-17,1,4,17,67,62,1013,1011.1,4,5,26.1,26.4,7.8799,6.61867,0.3,-1.9,1
0.957485,-0.288482,18.5,24.6,1.2,7.2,0,-0.707107,0.707107,26,6.12323e-17,1,-0.382683,0.92388,7,15,83,71,1017,1015.1,8,8,21.5,22.2,5.51598,3.01405,0.7,-1.9,1
0.962309,-0.271958,19.6,25.7,0.2,2,2.4,-0.707107,0.707107,30,-0.382683,0.92388,-0.382683,0.92388,11,17,55,55,1018.2,1017.3,8,6,23.8,23.4,9.56461,9.5934,-0.4,-0.9,0
0.966848,-0.255353,17.3,27.1,0,6.6,10.9,0.382683,0.92388,35,-0.707107,0.707107,-0.382683,0.92388,11,19,52,50,1019.8,1017.6,5,4,24.2,24.9,11.1494,10.4888,0.7,-2.2,0
0.9711,-0.238673,16.8,25.5,0,9.2,2.1,6.12323e-17,1,24,-0.707107,0.707107,0.382683,0.92388,7,9,60,54,1018.6,1016,7,8,24.4,24.3,9.91381,8.27841,-0.1,-2.6,0
0.975065,-0.221922,17.6,27,0,5.8,6,0.382683,0.92388,28,0.92388,0.382683,0.707107,0.707107,6,11,61,54,1015.3,1011.9,7,7,23.8,25.9,10.0329,7.98262,2.1,-3.4,0
0.97874,-0.205104,19.1,29.1,0,7,12.2,0.92388,0.382683,26,0.707107,-0.707107,0.92388,0.382683,6,9,54,51,1013.2,1011.4,6,4,26,27.3,11.039,10.0404,1.3,-1.8,0
0.982126,-0.188227,21.7,27.9,0,7.2,9.3,0.382683,0.92388,24,-1.83697e-16,-1,0.382683,0.92388,2,15,76,56,1015.2,1013,5,3,24.3,26.3,9.49028,4.51006,2,-2.2,0
0.98522,-0.171293,19,28.2,3.4,7.8,10.9,6.12323e-17,1,33,-0.382683,0.92388,6.12323e-17,1,13,15,61,52,1014.9,1012.9,6,7,26.1,26.9,10.7018,8.12147,0.8,-2,1
0.988023,-0.154309,20.6,27.6,0.4,7.4,0.9,-0.707107,0.707107,33,-0.707107,0.707107,-0.707107,0.707107,15,13,66,86,1011,1009.4,7,8,25.9,22.7,2.4677,6.85048,-3.2,-1.6,0
0.990532,-0.137279,20.4,27.6,29.6,3.6,4.2,-0.707107,0.707107,37,-0.707107,0.707107,-0.382683,0.92388,13,17,87,62,1009.1,1007.5,8,7,23.9,26.4,7.8799,2.30117,2.5,-1.6,1
0.992749,-0.120208,19.4,28.9,1.8,6.6,12.3,-0.707107,0.707107,37,-0.707107,0.707107,-0.382683,0.92388,11,19,62,52,1008.6,1006.4,3,1,25.7,27.5,10.7494,7.8388,1.8,-2.2,1
0.994671,-0.103102,18.7,31.5,0,10.4,13.1,0.382683,0.92388,26,-0.382683,-0.92388,6.12323e-17,1,9,13,55,50,1007.5,1003.9,1,1,25.6,29.1,11.5011,9.72347,3.5,-3.6,0
0.996298,-0.0859648,21.4,32.5,0,7.4,4.5,-0.707107,0.707107,43,-0.382683,-0.92388,6.12323e-17,1,4,4,67,48,1004.6,1001.1,7,6,26.6,31.7,12.38,6.64347,5.1,-3.5,0
0.99763,-0.0688024,18.5,28.9,5.4,3.2,11,-0.92388,0.382683,24,-0.92388,-0.382683,-0.707107,0.707107,7,4,56,56,1008.1,1006,2,6,26,27.4,9.56809,9.46911,1.4,-2.1,1
0.998667,-0.0516197,19.7,28.1,0,2.4,7.8,6.12323e-17,1,30,-0.92388,-0.382683,-0.382683,0.92388,4,9,57,56,1010.4,1009.3,7,7,24.6,26.8,9.52561,9.09449,2.2,-1.1,0
0.999407,-0.0344216,20.2,28.4,0,7.4,5.3,-0.707107,0.707107,43,-1,1.22465e-16,-0.382683,0.92388,6,19,56,61,1014.5,1013.1,6,6,24.6,25.5,8.08514,9.37062,0.9,-1.4,0
0.999852,-0.0172134,18.8,25.9,0.2,6.2,5.5,-0.707107,0.707107,33,-0.92388,0.382683,-0.92388,0.382683,11,13,58,59,1016.5,1014.7,6,7,25.1,24.5,8.54832,8.85567,-0.6,-1.8,0
1,0,18,27.9,2.4,5.6,13.1,6.12323e-17,1,33,-0.92388,0.382683,-0.382683,0.92388,9,15,55,46,1016.4,1013.9,4,3,25.1,26.9,12.6126,9.68725,1.8,-2.5,1
0.999852,0.0172134,17.8,28.4,0,8,13,6.12323e-17,1,28,-0.92388,0.382683,6.12323e-17,1,7,11,53,45,1018,1015.7,2,2,25.8,27.2,12.9808,10.3177,1.4,-2.3,0
0.998667,0.0516197,17.4,28.8,0,7.6,12.7,0.92388,0.382683,28,-0.382683,0.92388,0.707107,0.707107,2,9,52,48,1017.4,1013,2,2,25.3,28.3,12.0765,10.5754,3,-4.4,0
0.99763,0.0688024,19.8,27.7,0,7.8,6.6,0.382683,0.92388,26,0.382683,0.92388,0.707107,0.707107,2,11,68,59,1015.5,1013.2,7,3,26.3,26.2,8.65769,6.38931,-0.1,-2.3,0
0.996298,0.0859648,18.6,31.3,0,7.2,8.3,0.707107,0.707107,22,-0.707107,-0.707107,0.382683,0.92388,4,11,62,54,1012.2,1009.5,7,2,25.5,29.1,10.2733,7.82708,3.6,-2.7,0
0.994671,0.103102,21.4,28.2,0,7,5.8,6.12323e-17,1,20,-0.382683,0.92388,6.12323e-17,1,4,9,75,65,1014.9,1012.7,7,5,24.2,27,7.15395,4.72023,2.8,-2.2,0
0.992749,0.120208,23.4,30.5,0,6.4,11.6,0.382683,0.92388,26,0.92388,-0.382683,0.92388,0.382683,6,11,65,62,1013.1,1009.1,2,1,26.9,28.9,8.02752,7.14862,2,-4,0
0.990532,0.137279,22.8,33.8,0,8,12.7,0.382683,0.92388,24,0.707107,-0.707107,0.382683,0.92388,6,11,54,57,1007.8,1003.5,2,2,29.7,33,9.67556,10.3186,3.3,-4.3,0
0.988023,0.154309,24.6,32.9,0,9,10.6,6.12323e-17,1,28,-1,1.22465e-16,6.12323e-17,1,4,15,71,56,1008.7,1005.5,6,1,28.6,30.4,9.78188,5.78796,1.8,-3.2,0
0.98522,0.171293,23.2,37.1,0,7.6,11.9,-1.83697e-16,-1,33,-0.382683,-0.92388,-0.382683,-0.92388,9,11,37,16,1007.3,1003.1,7,5,31.5,36.3,29.8625,16.4776,4.8,-4.2,0
0.982126,0.188227,20.9,28.6,0,12.4,9.6,-0.707107,0.707107,35,-0.707107,0.707107,6.12323e-17,1,7,17,46,49,1012.1,1011.4,4,5,27.2,25.8,11.5371,12.6405,-1.4,-0.7,0
0.97874,0.205104,20.8,28.1,0,10.6,9.7,6.12323e-17,1,28,6.12323e-17,1,0.382683,0.92388,6,11,55,53,1016.4,1013.6,5,5,24.8,25.9,10.3254,9.66556,1.1,-2.8,0
0.975065,0.221922,19.1,27,0,8,3.1,0.382683,0.92388,26,0.382683,0.92388,0.382683,0.92388,6,13,61,57,1015.3,1012.5,7,7,24.6,25.8,9.17643,8.03078,1.2,-2.8,0
0.9711,0.238673,19.7,26.3,2.4,7.2,2.8,0.382683,0.92388,37,-0.382683,0.92388,-0.707107,0.707107,11,6,64,63,1014.5,1013,7,7,25.1,25.1,7.54997,7.29977,0,-1.5,1
0.966848,0.255353,18.8,25,44.4,3.6,0.2,-0.707107,0.707107,43,-0.382683,0.92388,-0.382683,0.92388,9,13,90,75,1016.5,1015,7,7,21.6,23.8,4.70596,1.71428,2.2,-1.5,1
0.962309,0.271958,19.4,26.3,34.2,3.6,0,-0.707107,0.707107,26,6.12323e-17,1,-0.707107,0.707107,9,6,96,93,1016,1013.6,7,7,22.2,22.7,1.19324,0.669984,0.5,-2.4,1
0.957485,0.288482,20,29.4,5.4,1.6,7.5,6.12323e-17,1,20,-0.382683,-0.92388,0.382683,0.92388,6,11,72,70,1012.7,1010.7,2,7,26.2,27.6,5.97762,5.45785,1.4,-2,1
0.952378,0.304921,20.7,30.9,0,5,12.3,-0.382683,0.92388,31,-0.707107,0.707107,-0.382683,0.92388,7,17,65,62,1013.9,1011.7,3,2,27.5,29.1,8.03939,7.18063,1.6,-2.2,0
0.946988,0.32127,20.6,30.3,0,10,8.8,-0.707107,0.707107,35,-0.92388,0.382683,-0.707107,0.707107,7,17,64,61,1013.7,1011.9,7,4,26.7,27.5,8.20656,7.38768,0.8,-1.8,0
0.941317,0.337523,20,30.2,0,7.6,9.7,-0.382683,0.92388,35,-0.92388,0.382683,-0.707107,0.707107,7,15,56,63,1012.5,1010.3,3,7,27.1,27.3,7.67506,9.54684,0.2,-2.2,0
0.935368,0.353676,21.1,29.6,0,8,9.7,0.382683,0.92388,37,-0.382683,0.92388,-0.382683,0.92388,13,11,58,56,1014.3,1012.3,7,7,26.9,28.1,9.61777,8.97532,1.2,-2,0
0.929141,0.369725,21.1,27.5,0.6,6.6,0.5,-0.92388,0.382683,30,-0.382683,0.92388,-0.382683,0.92388,9,7,73,91,1013.6,1012.7,7,8,26.6,23.2,1.55451,5.24895,-3.4,-0.9,0
0.92264,0.385663,21.1,23.5,31.2,2.2,0,6.12323e-17,1,33,-0.382683,0.92388,-0.382683,0.92388,9,13,97,96,1012,1009.9,8,8,23,22.6,0.672045,0.503315,-0.4,-2.1,1
0.915864,0.401488,21.3,26.6,168.4,2.6,0.7,0.707107,0.707107,26,-1,1.22465e-16,0.707107,0.707107,2,6,98,88,1008.5,1005.8,8,8,23.3,24.6,2.12513,0.33482,1.3,-2.7,1
0.901502,0.432776,23.2,25.4,8.6,3.2,0,-0.382683,0.92388,33,6.12323e-17,1,-0.382683,0.92388,2,13,95,97,1011.3,1009.3,8,8,24.2,24,0.50718,0.854262,-0.2,-2,1
0.886071,0.46355,21.8,26.3,18,4.6,0,6.12323e-17,1,30,-0.382683,0.92388,0.382683,0.92388,4,7,98,95,1010.2,1007.8,8,8,23.3,25,0.85948,0.33482,1.7,-2.4,1
0.87796,0.478734,22.3,28.2,15.8,2.2,6.3,0.707107,0.707107,26,0.382683,0.92388,0.707107,0.707107,11,11,83,72,1009.4,1006.7,6,5,25.9,27.6,5.51531,3.11663,1.7,-2.7,1
0.852078,0.523416,22.4,28.4,0.4,7,9.9,6.12323e-17,1,33,0.382683,0.92388,0.382683,0.92388,17,11,66,60,1006.2,1004.2,6,6,27.1,27.1,8.4471,6.91217,0,-2,0
0.833556,0.552435,20.3,29.4,0.2,4.4,8.6,-0.382683,0.92388,22,-0.92388,0.382683,-0.707107,0.707107,6,9,61,55,1003.8,1001.5,2,6,26.9,28.1,9.90552,8.17005,1.2,-2.3,0
0.823923,0.566702,19.9,31.7,0,5.8,11.1,6.12323e-17,1,24,-0.707107,-0.707107,0.382683,0.92388,4,9,63,54,1003.7,999.5,3,2,26.4,30.3,10.3641,7.62376,3.9,-4.2,0
0.814046,0.5808,22.3,34,0,7,11.2,6.12323e-17,1,22,0.382683,-0.92388,6.12323e-17,1,4,15,68,62,1001.1,998.8,1,5,27.6,30.4,8.11673,6.45162,2.8,-2.3,0
0.803928,0.594727,23.3,30.5,0,5,10.6,-0.382683,-0.92388,31,-0.707107,0.707107,0.382683,0.92388,6,9,65,65,1004.8,1002.2,4,2,28.6,29.1,7.26635,7.23951,0.5,-2.6,0
0.78298,0.622047,19.9,30.5,32.2,6.4,12.1,-0.707107,0.707107,35,-0.92388,-0.382683,-0.707107,0.707107,7,17,68,59,1010.1,1008.1,3,4,26.5,27.6,8.74827,6.39887,1.1,-2,1
0.772157,0.635432,19.8,29,0,6.4,12,6.12323e-17,1,24,-1,1.22465e-16,6.12323e-17,1,6,11,62,57,1012.4,1009.8,2,1,26,27.6,9.30002,7.8564,1.6,-2.6,0
0.761104,0.64863,20,30.2,0,6.4,10.6,0.707107,0.707107,22,-0.707107,-0.707107,6.12323e-17,1,4,9,75,59,1012.4,1008.9,6,3,24.8,29.3,8.85888,4.74169,4.5,-3.5,0
0.749826,0.661635,20.7,32.2,1.2,7.8,10,-0.707107,-0.707107,35,-0.707107,-0.707107,0.382683,0.92388,2,13,69,58,1014.3,1010.9,1,2,27.2,30.8,9.23723,6.19462,3.6,-3.4,1
0.738326,0.674444,21,29.5,14.8,6.6,8.1,-0.707107,0.707107,35,0.707107,0.707107,0.382683,0.92388,4,13,73,65,1015.9,1013.1,3,5,27.2,28.5,7.23415,5.27257,1.3,-2.8,1
0.726608,0.687053,20.9,29.3,1.6,6.4,10.9,6.12323e-17,1,33,-0.707107,0.707107,-0.382683,0.92388,9,17,64,63,1017.4,1015.2,1,3,26.6,27.6,7.69219,7.38217,1,-2.2,1
0.714673,0.699458,19.9,29.7,0,7.8,11.6,-0.707107,0.707107,35,-0.707107,0.707107,-0.382683,0.92388,11,17,61,52,1018.5,1015.7,2,1,26.1,28.1,10.7971,8.12147,2,-2.8,0
0.702527,0.711657,19.6,29.4,0,9.6,11.6,-0.707107,0.707107,31,-0.92388,0.382683,-0.382683,0.92388,9,13,60,53,1017.8,1015.4,2,2,26.5,28.1,10.495,8.40947,1.6,-2.4,0
0.690173,0.723644,20.1,29.9,0,9.2,11.9,-0.382683,0.92388,35,-0.92388,-0.382683,-0.382683,0.92388,7,13,64,55,1016.9,1014.2,2,3,26.2,28.4,9.92747,7.36016,2.2,-2.7,0
0.677615,0.735417,20.1,29.7,0,8.6,8.7,6.12323e-17,1,26,-1,1.22465e-16,0.382683,0.92388,7,11,65,61,1016.9,1014.3,4,5,26.4,29.1,8.30434,7.12199,2.7,-2.6,0
0.664855,0.746972,21.5,31.3,0,5.6,8.9,0.382683,0.92388,22,-1,1.22465e-16,0.382683,0.92388,4,11,68,61,1017.3,1013.4,4,3,27.4,30.3,8.37803,6.44201,2.9,-3.9,0
0.651899,0.758306,21.9,32.4,0,6,11.2,0.707107,0.707107,22,-1.83697e-16,-1,0.92388,0.382683,4,7,75,59,1013.9,1009.6,6,6,26.5,30,8.90461,4.80274,3.5,-4.3,0
0.638749,0.769415,22.6,31.2,20,7,5.3,-0.382683,0.92388,26,1,0,0.707107,0.707107,6,6,83,77,1009.4,1006.3,7,7,26.1,27.8,4.41341,3.12134,1.7,-3.1,1
0.625411,0.780296,22.9,29.5,0.2,5.4,9.5,-0.382683,0.92388,33,-0.92388,0.382683,6.12323e-17,1,11,15,64,62,1013.7,1011.9,2,7,26.5,27.5,7.94469,7.37667,1,-1.8,0
0.611886,0.790946,21.1,23.5,5.2,6.4,0,-0.707107,0.707107,19,-0.707107,-0.707107,-0.92388,0.382683,2,9,87,94,1018.5,1018.3,8,8,22.9,21.6,1.0095,2.28369,-1.3,-0.2,1
0.598181,0.801361,20.1,27.1,10.4,5,0,-0.92388,0.382683,24,-0.707107,0.707107,-0.382683,0.92388,6,9,92,94,1020.1,1018.6,8,8,21.4,22.3,1.01495,1.35645,0.9,-1.5,1
0.584298,0.811539,20.7,28.9,58.4,3,5.7,6.12323e-17,1,39,6.12323e-17,1,6.12323e-17,1,13,17,84,79,1019.7,1017.9,7,7,27,26.4,3.94529,2.9428,-0.6,-1.8,1
0.570242,0.821477,22.3,29.2,14,3.8,6.2,6.12323e-17,1,28,-0.382683,0.92388,-0.382683,0.92388,9,11,74,71,1020.8,1017.8,5,6,26.5,26,5.6767,5.02258,-0.5,-3,1
0.541628,0.840618,21.1,29.7,0,7.2,11.6,0.382683,0.92388,26,6.12323e-17,1,0.382683,0.92388,15,9,64,58,1016.8,1014.8,2,3,27.1,28.6,9.08904,7.40974,1.5,-2,0
0.512371,0.858764,20.6,31.2,0,6.6,10.8,0.707107,0.707107,24,-1.83697e-16,-1,0.707107,0.707107,4,11,68,57,1013,1009,7,7,26.8,29.7,9.44521,6.41324,2.9,-4,0
0.497513,0.867456,19.5,32.1,0,8,11.2,0.382683,0.92388,20,-0.707107,-0.707107,0.707107,0.707107,4,7,61,50,1011,1008.5,6,1,27.4,31.4,11.6959,8.20047,4,-2.5,0
0.482508,0.875892,22.7,28.1,0.8,6.8,6,6.12323e-17,1,28,-0.707107,0.707107,-0.382683,0.92388,9,7,78,88,1015.2,1013.5,7,7,26.6,26.9,2.16241,4.1614,0.3,-1.7,0
0.467359,0.884068,21,30,16.4,4.4,4.5,6.12323e-17,1,28,-0.382683,0.92388,6.12323e-17,1,4,6,86,76,1015.5,1012.8,7,7,26.2,27.4,4.61648,2.53416,1.2,-2.7,1
0.452072,0.891981,23.1,25.9,22.2,4.4,0,6.12323e-17,1,22,6.12323e-17,1,-0.382683,0.92388,9,11,98,91,1012.5,1009.9,8,8,23.9,24.7,1.57238,0.33636,0.8,-2.6,1
0.436651,0.899631,21.6,26.1,7.6,2.6,2.9,-0.707107,0.707107,28,-0.92388,0.382683,-0.92388,0.382683,7,9,78,70,1012.7,1010.9,7,6,25.1,25,5.86232,4.11467,-0.1,-1.8,1
0.421101,0.907014,19.2,28.7,7.4,2.8,10.3,-0.707107,0.707107,30,-1,1.22465e-16,-0.382683,0.92388,7,9,66,53,1012,1008.1,1,5,24.4,27.2,10.4255,6.77373,2.8,-3.9,1
0.405426,0.914128,18.3,29,0,7,9.6,6.12323e-17,1,20,-0.92388,-0.382683,0.382683,0.92388,4,9,63,62,1011.5,1007.8,4,4,24.2,26.6,7.89166,7.49908,2.4,-3.7,0
0.38963,0.920971,19.9,31.7,0,7,11.7,-0.707107,-0.707107,24,-0.707107,-0.707107,-0.92388,-0.382683,7,6,68,32,1011.5,1008.3,1,1,25.1,30.7,18.6092,6.33205,5.6,-3.2,0
0.37372,0.927542,16.9,31.4,0,4.6,11.5,6.12323e-17,1,20,-0.382683,-0.92388,0.382683,0.92388,7,7,50,50,1013.3,1011.4,1,2,24.7,29.4,11.5264,11.1328,4.7,-1.9,0
0.341571,0.939856,20.3,27.6,0.2,4.6,8.6,6.12323e-17,1,31,-0.707107,0.707107,6.12323e-17,1,4,13,67,60,1018.7,1017.3,4,4,25.7,25.8,8.36567,6.59887,0.1,-1.4,0
0.325342,0.945596,18.4,28.4,0,7,9.8,-0.707107,0.707107,39,-0.707107,0.707107,-0.382683,0.92388,9,17,61,50,1020.5,1017.7,5,6,25.8,27.6,11.3749,8.1033,1.8,-2.8,0
0.2926,0.956235,20.5,27.3,8.2,2,2.8,0.707107,0.707107,26,-0.92388,0.382683,6.12323e-17,1,9,13,79,79,1016,1012.8,7,8,25.2,25.3,3.91274,3.90979,0.1,-3.2,1
0.276097,0.96113,20.3,29.7,0.6,4.2,11.1,-0.707107,0.707107,26,-0.92388,0.382683,6.12323e-17,1,9,13,72,61,1014.1,1010.9,2,1,26.3,28,8.23706,5.46195,1.7,-3.2,0
0.259512,0.96574,22.5,28.4,0.4,5.6,2.4,-1,1.22465e-16,31,-0.92388,-0.382683,6.12323e-17,1,4,11,82,79,1013.4,1010.5,7,8,26.8,25.7,3.92456,3.33937,-1.1,-2.9,0
0.24285,0.970064,20.1,26,22.2,4,0,-0.707107,0.707107,33,-0.92388,-0.382683,-0.707107,0.707107,4,13,88,68,1015.7,1013.6,8,7,23,25.2,6.33681,2.09939,2.2,-2.1,1
0.226116,0.9741,18.4,28.1,0.2,4.4,6.3,-0.382683,0.92388,28,-0.92388,-0.382683,-0.92388,-0.382683,6,2,73,68,1016,1012.2,3,7,23.3,25.8,6.36542,5.11996,2.5,-3.8,0
0.209315,0.977848,20.7,27.9,4.4,3.8,7.1,-0.707107,0.707107,37,-0.382683,0.92388,-0.382683,0.92388,13,15,84,65,1014,1010.7,5,4,24.5,27.1,7.15928,2.88778,2.6,-3.3,1
0.192452,0.981306,19.4,28.3,3.4,5,2.6,-0.382683,0.92388,22,-0.382683,0.92388,-0.382683,0.92388,7,11,76,73,1009.4,1005.7,7,7,24.5,25.3,5.19795,4.51689,0.8,-3.7,1
0.175531,0.984474,22.2,25.1,0.2,4,0,0.382683,0.92388,26,-0.382683,0.92388,-0.707107,0.707107,11,9,83,97,1006.8,1004.9,8,8,24.9,21.7,0.498313,3.09317,-3.2,-1.9,0
0.158559,0.987349,19.8,30.1,16,0.8,3.4,0.382683,-0.92388,19,-0.707107,-0.707107,-1.83697e-16,-1,4,4,93,66,1004.4,1001.8,7,5,21.7,29.2,7.02079,1.18411,7.5,-2.6,1
0.14154,0.989932,18.5,27.9,0,4.2,9.2,-0.382683,0.92388,28,-0.707107,-0.707107,6.12323e-17,1,6,13,48,64,1010.9,1010.8,6,5,24.3,26.7,7.38768,11.724,2.4,-0.1,0
0.124479,0.992222,19,26.8,0,5.4,8.6,-0.707107,0.707107,33,-0.707107,0.707107,-0.382683,0.92388,11,15,60,60,1018.6,1017.8,6,3,24.6,24.4,8.27841,8.29085,-0.2,-0.8,0
0.107381,0.994218,17,26.5,0,8,10.8,6.12323e-17,1,28,-0.92388,0.382683,-0.382683,0.92388,6,13,64,52,1021.4,1019.2,2,1,24.4,25.4,10.5832,7.26148,1,-2.2,0
0.0902516,0.995919,16.8,26.9,0,7,8,6.12323e-17,1,33,-1,1.22465e-16,-0.382683,0.92388,6,15,66,54,1021.6,1019,1,6,23.9,25.4,9.99565,6.74825,1.5,-2.6,0
0.0730951,0.997325,18,27.2,0,5.2,9.2,-0.707107,0.707107,30,-0.707107,0.707107,-0.382683,0.92388,7,15,65,50,1020.4,1017,5,2,24.5,26.1,11.2493,7.02125,1.6,-3.4,0
0.055917,0.998435,18,27.6,0,6.8,8.2,-0.92388,0.382683,30,-0.92388,-0.382683,-0.382683,0.92388,6,13,65,58,1018.4,1014.7,3,4,23.8,26.1,8.92205,6.98431,2.3,-3.7,0
0.0387223,0.99925,18.1,28.2,0.2,5,9.5,6.12323e-17,1,30,-0.707107,-0.707107,6.12323e-17,1,4,13,69,65,1016.4,1013.6,1,3,24.6,25.8,7.0901,6.07501,1.2,-2.8,0
0.0215161,0.999769,17.5,28.5,2,6.2,11,-0.707107,0.707107,30,-0.92388,-0.382683,-0.707107,0.707107,6,13,70,55,1016.8,1013.4,1,1,23.6,26.7,9.80337,5.8007,3.1,-3.4,1
0.00430354,0.999991,17.6,28.7,0.2,6,8.2,-0.92388,0.382683,30,-0.382683,-0.92388,-0.92388,-0.382683,6,6,69,52,1016,1012.4,1,4,23.3,27.7,10.7653,6.01563,4.4,-3.6,0
-0.0129103,0.999917,18,30.3,0,6.6,10.7,-0.707107,0.707107,20,-0.707107,-0.707107,-0.382683,-0.92388,7,6,65,42,1015.6,1011.9,1,3,23.8,29.8,14.3125,6.98431,6,-3.7,0
-0.0301203,0.999546,18.3,30.5,0,5.2,10.4,-0.707107,0.707107,24,-0.92388,-0.382683,-1,1.22465e-16,6,6,66,39,1015.6,1012.2,1,2,23.9,29.8,15.4644,6.74825,5.9,-3.4,0
-0.0473214,0.99888,17.7,28.8,0,5.2,10.5,0.382683,0.92388,24,-0.382683,-0.92388,-0.382683,0.92388,7,11,68,53,1016.8,1014,1,2,23.9,26.6,10.3792,6.27505,2.7,-2.8,0
-0.0645084,0.997917,17.9,28.4,0,6.6,8.7,6.12323e-17,1,26,-0.707107,-0.707107,-0.382683,0.92388,4,11,70,53,1019.3,1016.1,2,2,23.5,26.1,10.3407,5.79631,2.6,-3.2,0
-0.0816764,0.996659,17.7,27.4,0,8,10.6,6.12323e-17,1,26,-1,1.22465e-16,-0.382683,0.92388,6,13,63,58,1020,1016.4,5,4,23.5,24.7,8.82919,7.45962,1.2,-3.6,0
-0.0988201,0.995105,16.1,29.3,0,6.4,10.6,0.382683,-0.92388,15,-0.92388,-0.382683,-0.707107,0.707107,4,6,68,45,1018.3,1014.3,1,1,22.6,28.2,13.0766,6.21357,5.6,-4,0
-0.115935,0.993257,17.5,27.3,0,4.6,8.8,6.12323e-17,1,22,-0.92388,-0.382683,6.12323e-17,1,4,11,70,67,1020,1016.9,2,6,23.5,25.7,6.59887,5.79631,2.2,-3.1,0
-0.133015,0.991114,17,30.5,0,4.8,10.7,0.707107,0.707107,20,-0.92388,-0.382683,0.707107,0.707107,4,6,80,59,1017.6,1013.1,1,1,22.4,28.6,8.81325,3.62615,6.2,-4.5,0
-0.150055,0.988678,18.5,28.4,0,5.8,9.5,-0.382683,0.92388,35,-0.707107,-0.707107,6.12323e-17,1,6,17,62,57,1018,1016.7,4,2,22.9,23.6,9.02647,7.67546,0.7,-1.3,0
-0.167052,0.985948,15.1,24.4,0,7.8,8.7,-0.382683,0.92388,31,-0.92388,-0.382683,-0.382683,0.92388,7,13,56,50,1025,1022.9,2,4,20.4,23.4,11.0251,9.07812,3,-2.1,0
-0.183998,0.982927,14.9,24.9,0,6.2,8.6,-0.707107,0.707107,39,-1,1.22465e-16,-0.707107,0.707107,7,9,61,69,1027.9,1026.4,1,5,21.1,21,5.91127,7.82109,-0.1,-1.5,0
-0.200891,0.979614,16.1,25.8,3.4,4.6,6.3,-0.382683,0.92388,30,-0.382683,-0.92388,-0.382683,0.92388,6,11,88,59,1028.6,1025.9,6,7,18.9,23.9,8.50987,2.03413,5,-2.7,1
-0.217723,0.976011,17.2,25.2,2.4,4.4,6.5,-0.382683,0.92388,28,-0.707107,-0.707107,-0.382683,0.92388,4,7,78,72,1025.8,1022.3,3,2,22.3,23.6,5.35193,4.02812,1.3,-3.5,1
-0.234491,0.972118,18.3,23.9,12.4,3.4,5.1,-0.92388,0.382683,20,-0.92388,-0.382683,-0.92388,0.382683,4,6,90,93,1023.8,1020.5,7,7,21.1,21.7,1.18411,1.70769,0.6,-3.3,1
-0.25119,0.967938,18.6,25.3,7.6,3.6,3.7,6.12323e-17,1,20,-0.92388,-0.382683,6.12323e-17,1,4,9,91,72,1021,1017.5,7,7,21.8,23.2,5.33573,1.53792,1.4,-3.5,1
-0.267814,0.963471,18.4,25.4,7.2,3.8,4.6,6.12323e-17,1,26,-0.707107,0.707107,6.12323e-17,1,2,9,92,61,1018.2,1014.8,7,3,20.8,24.6,8.03078,1.35019,3.8,-3.4,1
-0.284359,0.958718,17.7,26.6,0,2.8,10,-0.382683,0.92388,26,-0.92388,0.382683,-0.382683,0.92388,2,13,73,67,1016.7,1013.1,5,3,23.2,24.6,6.54455,5.11608,1.4,-3.6,0
-0.30082,0.953681,18,27.9,0.2,5.6,10.5,6.12323e-17,1,19,-0.707107,-0.707107,0.382683,0.92388,6,7,73,62,1016.5,1013.3,3,2,23.4,26.9,7.90931,5.12385,3.5,-3.2,0
-0.317191,0.948362,18.6,27.2,0.2,3.6,3.4,-0.382683,0.92388,24,-0.707107,-0.707107,-0.707107,0.707107,4,11,78,72,1016.3,1013.2,6,7,24.3,25,5.40884,4.08985,0.7,-3.1,0
-0.333469,0.942761,18.1,29.9,0,3.2,10.4,0.382683,0.92388,17,-0.382683,-0.92388,0.382683,0.92388,6,9,72,61,1014.6,1011.1,1,3,23.6,27.8,8.22485,5.35193,4.2,-3.5,0
-0.349647,0.936881,18.2,28.6,0.2,3.4,8.7,0.382683,-0.92388,22,-0.382683,-0.92388,0.707107,0.707107,6,7,79,65,1015.5,1012,8,7,22.5,26.6,7.13263,3.83048,4.1,-3.5,0
-0.365723,0.930724,18.2,27.6,0,3.2,6.5,0.382683,0.92388,17,-1.83697e-16,-1,0.707107,0.707107,6,7,98,68,1016.1,1011.9,7,7,20.5,26.3,6.38931,0.327679,5.8,-4.2,0
-0.381689,0.924291,20.4,25.8,0,2.6,1,-1.83697e-16,-1,22,-0.707107,-0.707107,-1,1.22465e-16,2,6,88,81,1014,1012,7,8,24.1,24.3,3.47686,2.11707,0.2,-2,0
-0.397543,0.917584,19.3,22.8,0.2,3.4,1.9,-1.83697e-16,-1,30,-1.83697e-16,-1,0.382683,-0.92388,7,7,73,49,1015.5,1012,7,7,20.8,22.7,11.2731,5.02329,1.9,-3.5,0
-0.413279,0.910605,11.6,24.4,0,3.4,10.5,-1.83697e-16,-1,20,-0.92388,-0.382683,-0.382683,-0.92388,6,4,44,32,1018.3,1015.8,1,2,18.1,23.7,17.6831,12.4493,5.6,-2.5,0
-0.428892,0.903356,13.9,20.4,0.2,4,0.1,-0.92388,0.382683,19,-0.707107,-0.707107,-0.382683,-0.92388,6,6,83,79,1021.8,1019,8,8,16.2,19.6,3.74618,2.89274,3.4,-2.8,0
-0.474951,0.880012,16.9,24.6,0,3,8.2,-0.707107,0.707107,35,-0.92388,-0.382683,-0.707107,0.707107,6,13,67,55,1023.2,1020.5,1,2,21.3,23.5,9.5718,6.38292,2.2,-2.7,0
-0.490029,0.871706,15.1,23.7,0,4.8,4.2,-0.707107,0.707107,28,-1,1.22465e-16,-0.382683,0.92388,6,7,72,63,1025.4,1022.4,1,7,21,22.7,7.41464,5.24702,1.7,-3,0
-0.504961,0.863142,17.1,24.3,4.2,2.2,7.1,6.12323e-17,1,20,-0.92388,-0.382683,6.12323e-17,1,4,9,83,57,1023.4,1019.5,7,2,20,23,8.98577,2.97947,3,-3.9,1
-0.519744,0.854322,16.1,25,0,4.6,7.7,0.382683,0.92388,22,-0.707107,-0.707107,0.382683,0.92388,4,6,74,70,1019.5,1015.8,3,6,20.8,23.5,5.79631,4.81017,2.7,-3.7,0
-0.534373,0.845249,16.8,24.8,7.8,3.2,6.7,-0.707107,0.707107,20,-0.382683,-0.92388,-0.382683,0.92388,4,7,85,68,1017.5,1013.4,7,5,19.2,23.7,6.26557,2.58652,4.5,-4.1,1
-0.548843,0.835925,14.8,25.2,0,3.6,10.2,-1.83697e-16,-1,22,-0.707107,-0.707107,-1.83697e-16,-1,6,9,68,39,1014.8,1011.8,1,1,20.6,24.4,14.8637,6.11958,3.8,-3,0
-0.563151,0.826354,10.6,24.7,0,4.8,10.2,-0.382683,-0.92388,17,-0.707107,-0.707107,-0.382683,-0.92388,4,4,56,31,1018,1014.9,1,1,17.4,24.1,18.1953,8.87194,6.7,-3.1,0
-0.577292,0.816538,11.2,25.4,0,3.6,10.3,-0.707107,-0.707107,15,-0.707107,-0.707107,0.707107,0.707107,6,2,64,42,1018.6,1014.5,2,1,17.4,24.9,13.8065,6.88388,7.5,-4.1,0
-0.591261,0.80648,11.8,26.3,0,4,10.2,6.12323e-17,1,17,-0.707107,-0.707107,-1,1.22465e-16,6,4,65,35,1018.1,1015.3,2,1,17.5,26,16.6599,6.65611,8.5,-2.8,0
-0.605056,0.796183,12.8,26.1,0,2.6,9.9,0.382683,0.92388,13,-0.707107,-0.707107,0.707107,0.707107,4,7,73,43,1022.7,1019.9,0,1,18.5,24.6,13.4212,4.93516,6.1,-2.8,0
-0.618671,0.78565,13.1,26.7,0,3.4,9.7,0.707107,0.707107,17,-0.707107,-0.707107,0.92388,0.382683,4,7,73,49,1024.3,1020.2,1,1,18.9,24.9,11.4602,4.95043,6,-4.1,0
-0.632103,0.774884,13.4,25.8,0,3.6,10.1,0.92388,-0.382683,15,-0.707107,-0.707107,0.92388,0.382683,4,6,81,53,1023.1,1018.2,1,1,18.9,24.3,10.2028,3.33593,5.4,-4.9,0
-0.645348,0.763889,13.4,27.2,0,3.8,10.1,-1.83697e-16,-1,13,-0.707107,-0.707107,0.707107,-0.707107,2,6,83,38,1019.1,1014.6,0,1,17.6,27.1,15.5564,2.92454,9.5,-4.5,0
-0.658402,0.752667,12.8,25.8,0,3.2,10,-1.83697e-16,-1,39,-1.83697e-16,-1,-1.83697e-16,-1,4,20,59,29,1016.3,1013.1,0,0,20.8,25.1,19.2968,8.31259,4.3,-3.2,0
-0.67126,0.741222,10,21.4,0,7.2,9.9,-0.382683,-0.92388,22,-0.707107,-0.707107,0.382683,0.92388,6,7,43,35,1020,1018.4,0,1,16.1,20,15.9333,12.5863,3.9,-1.6,0
-0.683919,0.729558,8.1,23.4,0,5.4,9.5,-0.707107,-0.707107,19,-0.707107,-0.707107,-0.707107,-0.707107,7,4,52,38,1022.5,1018.7,1,1,15.2,23.2,15.1146,9.79382,8,-3.8,0
-0.696376,0.717677,10.2,24.3,0,4.8,9.9,-0.382683,-0.92388,17,-0.707107,-0.707107,-1,1.22465e-16,7,2,67,36,1022.8,1019.4,1,1,16.4,23.4,15.9314,6.14655,7,-3.4,0
-0.708627,0.705584,10.9,24.9,0,3.8,9.8,6.12323e-17,1,20,-0.707107,-0.707107,0.92388,0.382683,7,4,69,60,1023.6,1020.4,1,2,16.8,22.8,8.17922,5.72302,6,-3.2,0
-0.720667,0.693281,11.9,24.1,0,3.8,8.7,6.12323e-17,1,19,-0.707107,-0.707107,-0.382683,0.92388,6,7,76,48,1024.2,1021.1,1,5,17.3,22,11.5236,4.27425,4.7,-3.1,0
-0.732494,0.680773,10.8,24.4,0,3.4,9.3,-0.382683,0.92388,17,-0.92388,-0.382683,0.382683,0.92388,4,9,75,51,1023.8,1020.4,1,1,17,22.6,10.6588,4.46648,5.6,-3.4,0
-0.744104,0.668064,11.3,24,0,3.8,9.4,-0.382683,0.92388,20,-0.92388,-0.382683,6.12323e-17,1,2,7,78,49,1023.8,1020.5,1,5,16.5,22.1,11.2223,3.85174,5.6,-3.3,0
-0.755493,0.655156,11.7,22.9,0,3.2,5.9,-0.92388,0.382683,20,-0.707107,-0.707107,6.12323e-17,1,6,7,72,61,1024.5,1022,3,6,17,22,7.87476,5.08762,5,-2.5,0
-0.766659,0.642055,13.7,24.8,0,2.2,9.8,0.382683,0.92388,17,-0.382683,-0.92388,0.92388,0.382683,6,6,76,50,1025.8,1022.3,2,3,18.4,23.8,11.0582,4.31089,5.4,-3.5,0
-0.777597,0.628763,13,23.7,0,3.8,7.4,0.382683,0.92388,20,-0.382683,-0.92388,0.92388,0.382683,4,7,79,57,1026.3,1022.8,2,5,17.9,23.5,9.01968,3.6972,5.6,-3.5,0
-0.809017,0.587785,11.3,19.7,10.6,1.8,8.2,-1.83697e-16,-1,30,-1.83697e-16,-1,-1.83697e-16,-1,9,13,67,45,1019.2,1015,6,3,13.2,19.3,12.236,5.99454,6.1,-4.2,1
-0.819015,0.573772,8.4,22.6,0.2,4,8.9,-0.707107,-0.707107,22,-0.707107,-0.707107,-0.92388,0.382683,6,4,56,45,1018.7,1015.8,1,3,14.8,21.2,12.4132,8.6951,6.4,-2.9,0
-0.82877,0.559589,10.2,22.7,0,3,8.7,-0.92388,0.382683,26,-0.707107,-0.707107,-1,1.22465e-16,7,9,63,51,1021.6,1019.5,1,6,15.7,21.9,10.6027,7.02674,6.2,-2.1,0
-0.83828,0.54524,13.3,22.5,0,3.2,9.6,-0.707107,0.707107,35,-0.92388,-0.382683,-0.707107,0.707107,6,17,70,56,1025.3,1024.2,1,4,18.2,22.1,9.19597,5.56597,3.9,-1.1,0
-0.847541,0.53073,13.2,22.9,0,3.6,7.2,-0.707107,0.707107,35,-0.92388,-0.382683,-0.707107,0.707107,2,11,85,56,1029.5,1026.7,6,4,16.7,21.8,9.17512,2.53667,5.1,-2.8,0
-0.856551,0.516062,14.7,21,13.2,3.6,2.4,-0.707107,0.707107,31,-1,1.22465e-16,-0.92388,0.382683,7,7,91,72,1028.6,1026.1,6,8,16.9,19.1,5.171,1.48055,2.2,-2.5,1
-0.865307,0.501242,13.7,22,6,0,3.2,-0.382683,0.92388,26,-0.92388,0.382683,6.12323e-17,1,6,11,88,85,1024.9,1021.6,7,7,18.5,19.1,2.58452,2.02782,0.6,-3.3,1
-0.873807,0.486273,15.2,22.4,13,1.6,0.8,0.382683,0.92388,26,-0.707107,-0.707107,6.12323e-17,1,2,9,94,82,1019.6,1015.6,7,7,16.8,20.4,3.1807,0.972544,3.6,-4,1
-0.890028,0.455907,13.8,22.4,0.2,1,9.7,-1.83697e-16,-1,44,-1.83697e-16,-1,-1.83697e-16,-1,9,19,74,47,1007.7,1004.5,1,2,18.8,21.5,11.7946,4.73671,2.7,-3.2,0
-0.897743,0.440519,12.1,17.9,0,6.6,9.9,0.382683,-0.92388,46,-1.83697e-16,-1,0.382683,-0.92388,17,20,55,43,1007.6,1004.1,1,2,14.7,17.2,12.6929,8.94876,2.5,-3.5,0
-0.905193,0.425,10.7,22,0,5.6,8.3,-1.83697e-16,-1,30,-0.382683,-0.92388,-1,1.22465e-16,11,7,58,42,1011,1010.3,1,2,14.7,21.6,13.4705,8.17954,6.9,-0.7,0
-0.912375,0.409356,12.1,21.1,0,5.4,7.5,-0.707107,0.707107,22,-0.707107,-0.707107,-0.382683,0.92388,7,9,68,51,1018.2,1016.7,1,4,16.3,20.1,10.4591,5.91986,3.8,-1.5,0
-0.919286,0.39359,11,20.7,0,3.2,4,-0.92388,0.382683,28,-0.92388,-0.382683,-0.382683,0.92388,6,11,72,57,1022.8,1020.8,6,7,15.3,18.8,8.70341,5.0206,3.5,-2,0
-0.925925,0.377708,12.7,20.3,0,2.4,6,-0.92388,0.382683,26,-0.382683,-0.92388,-0.707107,0.707107,6,11,79,61,1023.8,1020.5,6,5,14.9,18.9,7.69066,3.61153,4,-3.3,0
-0.932289,0.361714,12.8,17.9,7,0.2,0,-0.92388,0.382683,22,-0.707107,-0.707107,-0.92388,0.382683,4,7,98,80,1021.1,1016.5,7,7,13.2,17.2,3.48358,0.309424,4,-4.6,1
-0.938377,0.345612,13.2,19,5.2,1.6,0.4,-0.707107,-0.707107,30,-0.92388,-0.382683,-0.707107,-0.707107,7,11,79,82,1012.8,1009.8,7,8,15.9,15.6,3.06419,3.63998,-0.3,-3,1
-0.944188,0.329408,14,21.9,1.6,2.4,8.8,-0.707107,-0.707107,33,-0.707107,-0.707107,-0.92388,-0.382683,7,7,66,59,1010.2,1009.5,1,1,18.9,20.8,8.31259,6.49596,1.9,-0.7,1
-0.949718,0.313107,13.5,22.7,0.4,3.4,7.9,-1,1.22465e-16,26,-0.92388,-0.382683,-1,1.22465e-16,7,4,68,53,1014.9,1013.3,2,2,17.5,21.9,10.0203,5.97527,4.4,-1.6,0
-0.954967,0.296713,12.7,23.3,0.2,3.6,9,-1.83697e-16,-1,24,-0.707107,-0.707107,-0.92388,-0.382683,7,6,72,52,1017.3,1015.3,0,2,17.2,21.8,10.3013,5.09553,4.6,-2,0
-0.959933,0.280231,10.2,23.5,0,3,9.8,-0.707107,-0.707107,13,-0.707107,-0.707107,1,0,2,4,79,53,1020.5,1017.7,1,1,15.3,22.2,10.0431,3.6229,6.9,-2.8,0
-0.96901,0.247022,13.2,23.4,0,2.2,9.9,-1.83697e-16,-1,26,-1.83697e-16,-1,-1.83697e-16,-1,7,9,64,33,1021.3,1018.4,1,0,18,22.8,17.1225,6.91586,4.8,-2.9,0
-0.973118,0.230306,9.2,21.2,0,3.2,9.9,-0.382683,-0.92388,20,-0.382683,-0.92388,-0.382683,-0.92388,9,2,56,41,1022.6,1018.9,0,0,15.1,20.9,13.7522,8.71541,5.8,-3.7,0
-0.976938,0.213521,8.4,21.8,0,2.8,10,-1.83697e-16,-1,20,-0.382683,-0.92388,-1.83697e-16,-1,6,11,71,39,1022.4,1018.4,0,1,13.8,20.3,14.4151,5.16874,6.5,-4,0
-0.980469,0.196673,8.5,22.6,0,2,9.8,0.707107,0.707107,19,-0.707107,-0.707107,0.92388,0.382683,6,6,67,53,1023,1019.9,1,2,13.8,20.9,9.94478,6.0229,7.1,-3.1,0
-0.983709,0.179767,8.2,22.9,0,3.4,9.8,0.707107,-0.707107,19,-1,1.22465e-16,0.92388,-0.382683,2,6,98,38,1021.8,1017.1,1,0,10.6,22.4,15.0247,0.303048,11.8,-4.7,0
-0.989314,0.145799,12.9,19.1,0,3.2,0.4,-0.382683,-0.92388,24,-0.382683,-0.92388,0.707107,-0.707107,9,4,53,41,1022.2,1020.4,7,7,14.4,18.2,13.474,9.46027,3.8,-1.8,0
-0.991677,0.128748,11.8,19.6,0,3.8,1.2,-0.707107,0.707107,22,-0.382683,-0.92388,-0.707107,0.707107,6,9,68,55,1027.7,1025.4,6,7,13.8,18.6,9.22239,5.80523,4.8,-2.3,0
-0.993747,0.111659,13.4,17.4,0.2,2.8,0.2,-0.382683,-0.92388,17,-0.707107,-0.707107,-0.382683,-0.92388,6,4,60,63,1027.9,1024.6,8,8,14.2,17.3,7.11451,7.65602,3.1,-3.3,0
-0.995521,0.0945367,13.3,16.1,0,2,0,-0.382683,-0.92388,17,-1,1.22465e-16,-0.92388,-0.382683,2,2,76,90,1025.1,1023.5,8,8,15.8,14.1,1.61685,4.22453,-1.7,-1.6,0
-0.997001,0.0773865,11.9,15.1,27.2,2,0,-0.92388,0.382683,37,-0.382683,-0.92388,-0.92388,-0.382683,6,4,98,98,1024.2,1020.8,8,8,12.6,14.3,0.312141,0.307946,1.7,-3.4,1
-0.998186,0.0602133,12.6,19,21.4,1.4,0,-0.92388,0.382683,33,-0.707107,-0.707107,-0.92388,0.382683,6,17,98,89,1017.5,1012.4,8,7,14.7,17.8,1.83981,0.313132,3.1,-5.1,1
-0.999074,0.0430222,14.7,23.3,13.2,1.2,8.8,-0.92388,0.382683,24,-0.707107,-0.707107,-1,1.22465e-16,6,6,88,61,1012.5,1010,4,3,18,22.7,7.91662,2.01995,4.7,-2.5,1
-0.999667,0.0258184,11.6,23,0,2,9.8,-1.83697e-16,-1,17,-0.707107,-0.707107,-0.707107,-0.707107,7,2,87,47,1015.8,1012.7,1,1,15.4,22.9,11.9194,2.15468,7.5,-3.1,0
-0.999963,0.008607,9.8,23.4,0,1.6,9.5,-1.83697e-16,-1,22,-0.92388,-0.382683,0.382683,-0.92388,4,7,84,49,1018.4,1014.4,1,2,13.9,22.9,11.29,2.6602,9,-4,0
-0.999963,-0.008607,6.5,19.6,0,3.4,10.1,-1.83697e-16,-1,26,-0.382683,-0.92388,-1.83697e-16,-1,7,11,48,34,1019.8,1016.3,0,0,13.9,19.1,16.2349,10.831,5.2,-3.5,0
-0.999667,-0.0258184,6,19.5,0,3.6,10.2,0.382683,-0.92388,15,-0.707107,-0.707107,-1.83697e-16,-1,4,4,58,42,1020.1,1016.8,0,0,12.9,18.9,13.1986,8.06516,6,-3.3,0
-0.999074,-0.0430222,6.8,19.3,0,2.8,10.1,-0.707107,-0.707107,20,-0.92388,-0.382683,-0.382683,-0.92388,4,6,58,35,1022.9,1021,1,0,12.4,18.9,15.8017,8.03352,6.5,-1.9,0
-0.998186,-0.0602133,7.1,22,0,2.4,9.2,-0.707107,-0.707107,20,-0.382683,-0.92388,-0.92388,-0.382683,7,6,61,43,1025.8,1023.2,1,3,13.3,21,13.0645,7.36346,7.7,-2.6,0
-0.997001,-0.0773865,9.9,20.4,0,3.2,9.6,-0.707107,0.707107,33,-0.92388,-0.382683,-0.92388,0.382683,9,11,65,52,1027.1,1024.9,1,2,15.3,18.9,10.0768,6.54332,3.6,-2.2,0
-0.995521,-0.0945367,10.7,21.4,0,3.4,4.8,-0.382683,0.92388,26,-0.707107,-0.707107,-0.382683,0.92388,4,11,75,53,1028,1025.6,3,5,15,19.8,9.86197,4.39722,4.8,-2.4,0
-0.993747,-0.111659,10.7,21.3,0,2.8,9.3,6.12323e-17,1,24,-0.707107,-0.707107,-0.382683,0.92388,6,11,77,53,1028.4,1025.9,2,3,14.1,19.5,9.83944,3.9731,5.4,-2.5,0
-0.991677,-0.128748,11.4,21,0,3,7.7,6.12323e-17,1,28,-0.707107,-0.707107,-0.382683,0.92388,4,13,74,66,1029,1025.2,3,3,15.3,19.1,6.50596,4.60948,3.8,-3.8,0
-0.989314,-0.145799,12.3,18.7,4.2,2.4,0,6.12323e-17,1,22,-0.92388,0.382683,6.12323e-17,1,2,9,98,83,1025.9,1022.6,7,8,15.9,17.5,2.92227,0.316115,1.6,-3.3,1
-0.980469,-0.196673,18.7,22.9,19.2,1.4,0.8,-0.707107,-0.707107,17,0.707107,0.707107,0.707107,0.707107,2,6,98,95,1017.1,1013.8,7,8,21,21.3,0.835479,0.328949,0.3,-3.3,1
-0.976938,-0.213521,17.8,24.5,12,0.2,4.3,0.382683,-0.92388,28,-0.382683,-0.92388,-1.83697e-16,-1,6,9,82,57,1016.9,1014.8,6,7,19.9,21.9,8.9114,3.16846,2,-2.1,1
-0.973118,-0.230306,15.7,21.1,0.4,3.4,4.8,-1.83697e-16,-1,30,-1.83697e-16,-1,-0.382683,-0.92388,9,11,75,39,1020.4,1018,8,2,15.8,20.6,14.4477,4.42486,4.8,-2.4,0
-0.96901,-0.247022,8.5,21.3,0.2,3.6,4,-0.382683,0.92388,22,-0.707107,-0.707107,6.12323e-17,1,6,13,64,52,1026.8,1024.1,0,6,13.8,20.6,10.2081,6.69351,6.8,-2.7,0
-0.964614,-0.263665,12,21.4,2,2.8,6,-0.382683,0.92388,20,-0.707107,-0.707107,6.12323e-17,1,2,9,78,58,1026.4,1022.1,7,3,15.4,21.1,8.59255,3.81873,5.7,-4.3,1
-0.959933,-0.280231,13.2,20.8,0.6,2.6,0.7,0.382683,0.92388,13,-1,1.22465e-16,0.382683,0.92388,2,6,92,63,1021.1,1015.8,8,7,15.7,20,7.26382,1.29757,4.3,-5.3,0
-0.954967,-0.296713,13.9,22.2,7.4,3.4,9.6,-0.92388,0.382683,22,-0.707107,-0.707107,-0.92388,-0.382683,7,7,81,50,1016.1,1013.5,1,3,16.9,21.2,10.8439,3.28446,4.3,-2.6,1
-0.949718,-0.313107,9.8,21.9,0.2,1.8,9.8,-0.382683,-0.92388,20,-0.707107,-0.707107,-0.707107,-0.707107,9,6,59,46,1020.4,1017.6,1,3,14.9,21.6,12.124,7.94329,6.7,-2.8,0
-0.944188,-0.329408,12.7,22,0,3.8,6.4,-0.92388,-0.382683,22,-0.707107,-0.707107,-0.92388,-0.382683,7,9,63,58,1021.8,1020.2,6,6,16.9,20.1,8.52737,7.09252,3.2,-1.6,0
-0.938377,-0.345612,12.4,21.2,0,3.6,7.8,-0.707107,-0.707107,31,-0.707107,-0.707107,-0.92388,-0.382683,7,9,64,58,1023,1021.2,1,6,17.1,18.2,8.40419,6.86792,1.1,-1.8,0
-0.932289,-0.361714,10.9,21.5,0,3.6,8.2,-1,1.22465e-16,22,-0.707107,-0.707107,-0.92388,-0.382683,6,7,68,48,1022.7,1019.7,1,2,15.5,21.3,11.4629,5.88306,5.8,-3,0
-0.925925,-0.377708,11.2,22.1,0,3,9,-0.707107,0.707107,20,-0.707107,-0.707107,-1,1.22465e-16,6,4,67,48,1024.4,1021.3,1,6,15.9,20.3,11.3765,6.12268,4.4,-3.1,0
-0.919286,-0.39359,10.5,21.3,0,3.8,7.2,-1,1.22465e-16,20,-0.92388,-0.382683,0.382683,0.92388,6,7,73,57,1022.9,1020.3,3,4,15.5,20.4,8.81046,4.82134,4.9,-2.6,0
-0.912375,-0.409356,12.8,22,0,2.2,6.4,0.707107,0.707107,17,-0.382683,-0.92388,0.707107,0.707107,6,9,75,57,1019.9,1015.1,5,6,16.4,20.3,8.80375,4.44565,3.9,-4.8,0
-0.905193,-0.425,10.3,22.6,0,2.2,7.4,-1.83697e-16,-1,26,-0.707107,-0.707107,0.92388,-0.382683,6,6,82,46,1015,1010.2,2,4,14.9,20,11.9783,3.04738,5.1,-4.8,0
-0.897743,-0.440519,7.7,19.8,0,3.6,10.3,0.382683,-0.92388,31,-1.83697e-16,-1,-1.83697e-16,-1,11,11,54,39,1017.4,1015.1,1,2,14.2,19.6,14.3392,9.17759,5.4,-2.3,0
-0.890028,-0.455907,6.6,20.4,0,6,9.7,-1.83697e-16,-1,20,-0.707107,-0.707107,-0.707107,-0.707107,4,6,62,41,1022.2,1019.1,0,2,13.6,19.9,13.6489,7.14492,6.3,-3.1,0
-0.882048,-0.47116,7.9,21.6,0,4.2,9.9,-0.382683,-0.92388,17,-0.707107,-0.707107,-1.83697e-16,-1,6,6,66,32,1021.4,1017.2,1,1,13.9,21,17.3318,6.24835,7.1,-4.2,0
-0.873807,-0.486273,8.5,21.4,0,3.6,10,-0.707107,-0.707107,22,-0.92388,-0.382683,-1.83697e-16,-1,7,2,54,36,1023.3,1019.1,1,2,14.4,21.2,15.6721,9.1919,6.8,-4.2,0
-0.865307,-0.501242,7.8,21.1,0,3.6,10,-0.382683,-0.92388,20,-0.707107,-0.707107,-0.382683,-0.92388,4,6,70,32,1022.4,1017.7,0,1,13.9,21.1,17.3448,5.38246,7.2,-4.7,0
-0.856551,-0.516062,4.6,20.7,0,2.4,10.4,0.382683,-0.92388,22,-0.707107,-0.707107,-0.92388,-0.382683,6,2,52,28,1021.6,1018.2,0,0,13.4,20.3,19.1121,9.65757,6.9,-3.4,0
-0.847541,-0.53073,4.1,21.6,0,3.6,9.3,-1.83697e-16,-1,24,-0.707107,-0.707107,-0.382683,-0.92388,2,9,61,26,1020.3,1016.4,1,2,12.5,21.3,20.2882,7.31728,8.8,-3.9,0
-0.83828,-0.54524,5.4,22.5,0,4.4,10.2,0.382683,0.92388,19,-0.707107,-0.707107,-0.92388,-0.382683,4,4,54,28,1021.3,1017.1,0,0,13.8,22.1,19.3697,9.14899,8.3,-4.2,0
-0.82877,-0.559589,5.9,23.6,0,4,10.2,-1.83697e-16,-1,26,-0.382683,-0.92388,-1,1.22465e-16,6,4,65,25,1021.4,1016.1,0,1,12.1,23.1,21.1101,6.38093,11,-5.3,0
-0.819015,-0.573772,7.1,25.1,0,3.6,10.3,-0.382683,-0.92388,28,-0.92388,-0.382683,-1.83697e-16,-1,2,11,58,22,1019.9,1016.6,0,1,14.4,24.9,23.1889,8.16042,10.5,-3.3,0
-0.798779,-0.601624,6.7,23.7,0,3.4,10.1,0.92388,-0.382683,19,-0.707107,-0.707107,0.382683,-0.92388,4,7,57,16,1024.3,1019.3,0,0,13.2,23.4,27.2567,8.3337,10.2,-5,0
-0.788305,-0.615285,7.3,25.5,0,3.8,8.7,-1.83697e-16,-1,30,-0.92388,-0.382683,0.382683,-0.92388,2,17,50,23,1018.1,1011.4,5,3,16.2,24.7,22.5337,10.4376,8.5,-6.7,0
-0.777597,-0.628763,10.5,19.3,0,6,10.3,-0.707107,-0.707107,39,-0.707107,-0.707107,-0.382683,-0.92388,9,13,41,22,1015.7,1012.2,1,0,13.8,18.8,22.1696,13.0264,5,-3.5,0
-0.766659,-0.642055,9.7,21.9,0,7,10.2,-1.83697e-16,-1,28,-0.382683,-0.92388,-0.92388,-0.382683,7,6,40,28,1017.9,1014.8,1,5,14.6,20.8,19.1835,13.4509,6.2,-3.1,0
-0.755493,-0.655156,9,22.1,0,4.6,7.2,-0.707107,0.707107,20,-0.707107,-0.707107,-1,1.22465e-16,6,7,51,38,1020.7,1017.9,3,6,16.6,20.9,14.8569,10.1827,4.3,-2.8,0
-0.744104,-0.668064,10,21.7,0,4,9.7,-0.707107,0.707107,20,-0.707107,-0.707107,-0.707107,0.707107,6,6,57,47,1024.6,1021.5,1,4,15.7,19.6,11.6262,8.49779,3.9,-3.1,0
-0.732494,-0.680773,8.1,23.3,0,3.4,10,-1.83697e-16,-1,22,-0.382683,-0.92388,0.382683,-0.92388,4,7,72,28,1024.2,1019.8,1,5,13.9,23,19.4991,4.96573,9.1,-4.4,0
-0.720667,-0.693281,7.8,24.8,0,3.2,10.2,-1.83697e-16,-1,24,-0.92388,-0.382683,0.382683,-0.92388,2,6,60,26,1022.5,1017.8,0,1,14.8,24.3,20.7421,7.69198,9.5,-4.7,0
-0.696376,-0.717677,10.4,26.6,0,4,9.9,0.92388,-0.382683,30,0.382683,0.92388,0.707107,0.707107,2,7,68,50,1015.8,1010.4,3,3,17.8,23.7,11.0499,5.98916,5.9,-5.4,0
-0.683919,-0.729558,12.5,21.6,0,4.8,10.9,0.382683,-0.92388,43,-1.83697e-16,-1,-1.83697e-16,-1,9,17,28,21,1016.7,1013.7,1,1,17.3,20.9,23.148,18.6863,3.6,-3,0
-0.67126,-0.741222,7.3,20.4,0,7.6,8.9,-1.83697e-16,-1,19,-0.707107,-0.707107,0.707107,0.707107,9,7,39,34,1021.7,1019.4,2,8,15.6,18.9,16.2105,13.9089,3.3,-2.3,0
-0.658402,-0.752667,11.4,22.6,0,3,9.7,6.12323e-17,1,20,-0.382683,-0.92388,0.382683,0.92388,4,11,55,44,1023.1,1018.9,2,1,16.1,20.7,12.6974,9.04652,4.6,-4.2,0
-0.645348,-0.763889,10.5,22.3,0,3.6,7.2,0.382683,0.92388,20,-0.92388,0.382683,0.382683,0.92388,4,9,69,49,1023.1,1019.3,7,7,17.4,21.1,11.1379,5.74973,3.7,-3.8,0
-0.632103,-0.774884,11.4,24.1,0,2.8,8.1,0.382683,0.92388,17,-0.382683,-0.92388,0.382683,0.92388,6,6,79,57,1021.5,1016.7,6,2,16.4,22.7,8.96546,3.65424,6.3,-4.8,0
-0.618671,-0.78565,12.8,26.1,0,2.2,10.2,0.92388,0.382683,22,0.382683,0.92388,0.707107,0.707107,2,11,67,64,1020.1,1015.5,1,1,21.7,24.9,7.28882,6.4024,3.2,-4.6,0
-0.605056,-0.796183,17.9,27.6,0,3.8,7.1,0.92388,-0.382683,22,0.707107,-0.707107,0.382683,0.92388,4,9,77,63,1018.9,1014.7,6,5,21.4,25.2,7.55563,4.20489,3.8,-4.2,0
-0.591261,-0.80648,11.7,25.6,0,4,10.5,-0.382683,-0.92388,20,-0.382683,-0.92388,-0.707107,-0.707107,7,4,34,18,1021.1,1016.3,1,0,18.9,25.3,26.0336,16.2105,6.4,-4.8,0
-0.577292,-0.816538,9.5,25.8,0,5.4,10.9,0.382683,-0.92388,20,-0.707107,-0.707107,-1,1.22465e-16,6,4,54,24,1019.8,1014.8,0,1,16.5,24.9,21.9678,9.34284,8.4,-5,0
-0.563151,-0.826354,13.2,22.6,0,5,9.2,-0.382683,0.92388,28,-0.707107,0.707107,6.12323e-17,1,13,11,58,43,1022.2,1019.6,7,2,19.5,20.9,13.0547,8.48838,1.4,-2.6,0
-0.548843,-0.835925,10.6,22.4,0,7,9.8,0.382683,0.92388,19,-0.92388,-0.382683,0.707107,0.707107,4,9,60,46,1024.9,1020.8,1,2,17.3,21.1,12.0783,7.84269,3.8,-4.1,0
-0.534373,-0.845249,10.4,22.9,0,4.6,10.6,1,0,20,-0.707107,-0.707107,0.707107,0.707107,6,11,66,53,1023.2,1017.7,5,1,16.2,21.5,9.99009,6.36167,5.3,-5.5,0
-0.519744,-0.854322,11.3,25.6,0,4.4,10.3,0.707107,0.707107,24,0.92388,0.382683,0.707107,0.707107,4,11,63,60,1018.6,1013.1,1,1,19.9,23.7,8.23494,7.25827,3.8,-5.5,0
-0.504961,-0.863142,15.8,22.2,0.2,4.6,2.3,-1.83697e-16,-1,24,-1.83697e-16,-1,-1.83697e-16,-1,7,4,68,41,1016.1,1014.5,6,7,19.8,21,13.7626,6.08218,1.2,-1.6,0
-0.490029,-0.871706,9.3,22.2,0,6.4,10.5,-1.83697e-16,-1,26,-0.92388,-0.382683,-1.83697e-16,-1,6,6,35,23,1020.4,1016.8,0,0,15.8,22.1,22.1082,15.4337,6.3,-3.6,0
-0.474951,-0.880012,7.3,22.4,0,4.8,11,-1,1.22465e-16,20,-0.707107,-0.707107,0.707107,0.707107,6,9,55,36,1024,1019.8,0,1,14.8,20.7,15.6134,8.95572,5.9,-4.2,0
-0.459733,-0.888057,8.6,24.6,0,4,10.9,0.92388,0.382683,15,-0.382683,-0.92388,0.382683,0.92388,4,7,60,40,1023.9,1018.8,0,1,16.5,22.9,14.3254,7.79431,6.4,-5.1,0
-0.444378,-0.895839,10.2,24.6,0,4,10.8,0.92388,0.382683,20,-0.382683,-0.92388,0.92388,0.382683,9,7,62,41,1025.3,1021.1,1,1,16.9,23.6,14.0331,7.33106,6.7,-4.2,0
-0.428892,-0.903356,11.1,23.7,0,6.6,10.7,0.707107,0.707107,30,-0.707107,-0.707107,0.707107,0.707107,4,13,65,43,1024.1,1019,1,1,18.5,22.2,13.1829,6.70769,3.7,-5.1,0
-0.413279,-0.910605,14.6,27.3,0,5.8,10.6,0.707107,-0.707107,33,0.707107,-0.707107,0.92388,0.382683,11,11,52,49,1019.9,1014.8,1,1,21.5,24.5,11.4261,10.2779,3,-5.1,0
-0.397543,-0.917584,15.6,27.4,0,6.4,9.6,6.12323e-17,1,20,0.92388,-0.382683,0.382683,0.92388,7,9,56,52,1015.4,1010.2,1,1,22.1,25.4,10.5832,9.19597,3.3,-5.2,0
-0.381689,-0.924291,12.1,27.1,0,7.8,11.2,-0.382683,-0.92388,30,-0.382683,-0.92388,0.382683,-0.92388,11,13,25,16,1018.1,1013.2,0,0,19.1,26.5,27.8732,20.493,7.4,-4.9,0
-0.365723,-0.930724,12.3,24.5,0,8,10.8,-0.382683,0.92388,24,-0.382683,-0.92388,0.382683,0.92388,7,13,36,55,1020.9,1018.9,1,2,19.4,22.8,9.5215,15.4614,3.4,-2,0
-0.349647,-0.936881,16,23.3,0,6.2,5,-0.707107,0.707107,24,-0.382683,0.92388,0.382683,0.92388,11,9,52,54,1026.1,1023.1,7,8,20.7,21.7,9.72168,10.2158,1,-3,0
-0.333469,-0.942761,12.4,25,0,4,10.1,6.12323e-17,1,19,-0.382683,-0.92388,0.382683,0.92388,7,9,66,39,1025.6,1020.9,1,1,19.3,24.6,14.8858,6.51597,5.3,-4.7,0
-0.317191,-0.948362,13.1,25.6,0,4.6,10.6,0.707107,0.707107,22,0.92388,-0.382683,0.382683,0.92388,2,11,62,43,1024.1,1019.9,1,1,20.8,24.3,13.3913,7.55405,3.5,-4.2,0
-0.30082,-0.953681,14,25.3,0,4.8,10.5,0.92388,0.382683,30,1,0,0.92388,0.382683,6,9,61,57,1018.7,1011.8,1,1,21.4,24.3,9.07405,7.83896,2.9,-6.9,0
-0.284359,-0.958718,13,23.2,0,7.6,10.5,-0.382683,-0.92388,28,-0.707107,-0.707107,-0.382683,0.92388,7,9,35,35,1017.5,1015.1,1,1,17.6,22.2,16.1979,15.6469,4.6,-2.4,0
-0.267814,-0.963471,10.9,23.4,0,6.8,10.4,0.707107,0.707107,26,-0.707107,-0.707107,6.12323e-17,1,6,11,53,45,1023.1,1019.9,1,1,18.6,21.8,12.4694,9.77201,3.2,-3.2,0
-0.25119,-0.967938,11.1,23.5,0,5.4,10.6,6.12323e-17,1,19,-1.83697e-16,-1,0.707107,0.707107,6,9,60,46,1022.6,1017.7,5,5,17.5,22.3,12.188,7.8548,4.8,-4.9,0
-0.234491,-0.972118,13.3,23.6,0,4.6,7.5,6.12323e-17,1,24,-1,1.22465e-16,0.707107,0.707107,4,11,63,51,1020.3,1017,3,7,20.9,22.4,10.6427,7.31393,1.5,-3.3,0
-0.217723,-0.976011,15,21.1,0.2,4.6,4.3,6.12323e-17,1,26,6.12323e-17,1,0.382683,0.92388,9,11,70,72,1019.8,1016.9,8,5,19.8,19.6,5.19096,5.63503,-0.2,-2.9,0
-0.200891,-0.979614,13.2,27.6,1.2,3.8,10.6,0.707107,0.707107,31,-1,1.22465e-16,0.707107,0.707107,2,11,73,55,1018.7,1013.6,3,2,19.4,24.5,9.64388,4.96955,5.1,-5.1,1
-0.183998,-0.982927,14.8,28.4,0.2,3.8,10.8,0.382683,0.92388,22,-0.382683,-0.92388,0.707107,0.707107,6,11,67,53,1019.2,1014.5,1,0,21.4,25.1,10.264,6.38779,3.7,-4.7,0
-0.167052,-0.985948,15.1,26.2,0,3,3.5,0.92388,-0.382683,20,0.707107,-0.707107,1,0,2,6,84,75,1018.2,1014.2,7,7,19.2,22.3,4.6526,2.77284,3.1,-4,0
-0.150055,-0.988678,13.8,29.9,0.2,2.2,10.8,6.12323e-17,1,28,-0.707107,-0.707107,0.382683,0.92388,4,15,59,55,1014.9,1010.9,1,1,24.7,25.4,9.70897,8.56115,0.7,-4,0
-0.133015,-0.991114,16.4,30.8,0,4,10.4,0.707107,0.707107,22,-0.92388,-0.382683,0.382683,0.92388,6,9,65,54,1013.3,1009.3,1,1,23.7,27.1,10.1228,6.97904,3.4,-4,0
-0.115935,-0.993257,18.2,30.6,0,6,4.4,0.92388,-0.382683,28,0.382683,-0.92388,0.707107,0.707107,6,6,83,66,1013.1,1009.1,7,8,19.8,24.6,6.78394,2.97487,4.8,-4,0
-0.0988201,-0.995105,15.9,25.6,0.6,4.6,10.6,6.12323e-17,1,31,-0.382683,0.92388,-0.382683,0.92388,13,15,58,53,1018.5,1016.9,2,5,22.9,23.8,10.1647,8.71048,0.9,-1.6,0
-0.0816764,-0.996659,15.3,24.7,0,7,6.9,0.382683,0.92388,28,6.12323e-17,1,6.12323e-17,1,9,13,53,42,1021.6,1018.5,4,3,21.7,23.2,13.6329,10.0052,1.5,-3.1,0
-0.0645084,-0.997917,14.2,26.1,0,6.4,9.9,0.382683,0.92388,22,0.707107,0.707107,0.382683,0.92388,4,11,51,49,1022,1017.9,3,2,22.7,23.9,11.375,10.6668,1.2,-4.1,0
-0.0473214,-0.99888,13.8,25.5,0,4.8,10.8,0.707107,0.707107,28,1,0,0.92388,0.382683,7,15,56,59,1019.9,1014.8,1,1,22.5,23.9,8.50987,9.22381,1.4,-5.1,0
-0.0301203,-0.999546,14.9,29.3,0,7.8,7.5,-1.83697e-16,-1,28,1,0,0.707107,0.707107,9,7,50,53,1016.3,1011.5,5,6,22.6,25.5,10.2947,10.959,2.9,-4.8,0
-0.0129103,-0.999917,17.8,23.8,3.2,5.2,0.8,6.12323e-17,1,20,-0.707107,-0.707107,6.12323e-17,1,4,6,70,57,1018.9,1017.2,8,7,20.6,23.7,9.03326,5.66971,3.1,-1.7,1
0.00430354,-0.999991,15.2,21.9,0.6,2.6,0,-0.382683,0.92388,26,-0.92388,-0.382683,-0.382683,0.92388,4,11,86,58,1024.8,1023.5,8,8,16.8,20.1,8.52737,2.35765,3.3,-1.3,0
0.0387223,-0.99925,14.2,25.1,0,7.6,9.6,0.382683,0.92388,30,-1,1.22465e-16,0.382683,0.92388,6,9,52,46,1028,1024,7,2,21.4,23.5,12.2981,10.2702,2.1,-4,0
0.055917,-0.998435,12.6,27.9,0,5.6,11.5,0.92388,-0.382683,28,-1,1.22465e-16,0.707107,0.707107,4,9,58,48,1024.7,1019.4,2,0,21.7,24.9,11.7766,8.63177,3.2,-5.3,0
0.0730951,-0.997325,12.9,29,0,7,11.3,0.707107,0.707107,26,-0.707107,-0.707107,0.92388,0.382683,2,11,56,49,1022.6,1017.9,0,1,23.5,27,11.6401,9.29358,3.5,-4.7,0
0.0902516,-0.995919,14.3,30.9,0,5.4,11.4,0.707107,0.707107,20,6.12323e-17,1,0.707107,0.707107,6,11,45,48,1018.4,1013.1,0,1,26.1,28.6,12.1031,12.8758,2.5,-5.3,0
0.107381,-0.994218,15.2,31.6,0,6.8,10.8,-0.707107,0.707107,43,0.707107,0.707107,0.382683,0.92388,4,11,45,43,1013.3,1006.5,0,2,27,30.3,13.9953,12.9617,3.3,-6.8,0
0.124479,-0.992222,18.1,24.8,0,7.8,6.1,6.12323e-17,1,26,-0.382683,0.92388,6.12323e-17,1,6,9,64,62,1014.8,1010.6,7,3,20.5,22.6,7.65806,7.04989,2.1,-4.2,0
0.14154,-0.989932,16.6,31.2,0,5,11.2,0.382683,-0.92388,33,0.382683,-0.92388,-1.83697e-16,-1,6,11,60,19,1012.1,1006.7,4,1,23.6,30.8,26.3077,8.22874,7.2,-5.4,0
0.158559,-0.987349,17.2,28.3,0,9,9.1,0.92388,0.382683,31,0.382683,0.92388,0.92388,0.382683,6,11,66,68,1014.6,1008.8,7,1,22.9,26.9,6.41803,6.69741,4,-5.8,0
0.175531,-0.984474,20.9,24.2,0.6,5.8,0,-1.83697e-16,-1,44,1,0,-0.707107,-0.707107,7,4,79,92,1009.1,1007.6,8,8,22.5,17.1,1.31192,3.83048,-5.4,-1.5,0
0.192452,-0.981306,12.7,20,11.6,1.4,11.9,-1.83697e-16,-1,57,-1.83697e-16,-1,-0.382683,-0.92388,24,20,43,30,1015.2,1014.4,2,1,15.2,19.3,18.0136,12.4994,4.1,-0.8,1
0.209315,-0.977848,8.8,25.4,0,11.8,12.1,0.92388,0.382683,24,-0.707107,-0.707107,0.92388,0.382683,6,7,37,26,1022.3,1017.6,0,1,19.8,23.5,20.6206,15.1166,3.7,-4.7,0
0.226116,-0.9741,11.3,27.9,0,6.8,11.8,-0.707107,0.707107,41,-0.707107,-0.707107,0.382683,0.92388,6,11,47,33,1023.3,1018.9,1,1,20.4,24.7,17.3648,11.6969,4.3,-4.4,0
0.259512,-0.96574,13.9,26.2,0,6.2,11.8,0.707107,0.707107,28,6.12323e-17,1,0.707107,0.707107,6,13,56,49,1024.6,1020.4,3,1,22.9,24.4,11.4175,9.25169,1.5,-4.2,0
0.276097,-0.96113,13.9,28.7,0,6.8,12,0.707107,0.707107,22,1,0,0.92388,0.382683,6,11,45,46,1020.9,1015.8,0,0,24.1,26.5,12.5754,12.686,2.4,-5.1,0
0.2926,-0.956235,16.5,28.6,0,9,10.3,0.707107,0.707107,30,-0.382683,0.92388,0.382683,0.92388,7,17,57,63,1020.5,1017.6,2,4,25.9,25.5,7.57263,9.18328,-0.4,-2.9,0
0.309017,-0.951057,19.4,27.2,0.4,5.6,11.5,0.707107,0.707107,28,1,0,0.707107,0.707107,7,11,58,58,1020.1,1015.6,2,8,24.7,25.6,8.88883,8.82919,0.9,-4.5,0
0.325342,-0.945596,16.7,30.2,0,8,11.2,0.707107,0.707107,28,0.92388,-0.382683,0.707107,0.707107,6,11,49,57,1016.4,1011,1,1,26.9,28.2,9.34139,11.6315,1.3,-5.4,0
0.341571,-0.939856,16.3,31.6,0,6.6,11.2,6.12323e-17,1,24,0.382683,0.92388,0.707107,0.707107,4,9,53,46,1015.6,1012.2,0,1,27.3,29.4,12.8463,10.4332,2.1,-3.4,0
0.357698,-0.933837,20.6,33.2,0,5.6,11.2,-0.382683,0.92388,41,0.707107,0.707107,0.707107,0.707107,4,9,53,51,1013.8,1007.6,6,2,27.5,30,11.2603,10.4486,2.5,-6.2,0
0.37372,-0.927542,15.3,24.8,0,9.4,10.7,-0.707107,0.707107,37,-1,1.22465e-16,-0.382683,0.92388,9,13,35,46,1021.2,1018.6,1,7,21.6,22,12.1605,16.1256,0.4,-2.6,0
0.38963,-0.920971,14.8,25.7,0,8.8,11.9,-0.707107,0.707107,39,-0.92388,0.382683,6.12323e-17,1,11,19,45,44,1022.1,1017.6,3,2,21.9,24.1,13.0253,12.4788,2.2,-4.5,0
0.405426,-0.914128,13.7,26.5,0,8,11.1,0.382683,0.92388,26,-0.382683,-0.92388,0.382683,0.92388,7,13,52,42,1018.1,1012.5,7,3,21.1,25.2,13.8372,10.2469,4.1,-5.6,0
0.421101,-0.907014,13.7,31.3,0,7.8,11.4,0.707107,0.707107,24,0.382683,0.92388,0.92388,0.382683,4,11,50,54,1010.9,1006.3,0,0,24.8,27.3,10.1378,11.1411,2.5,-4.6,0
0.436651,-0.899631,18.9,29.6,0,5.4,8.8,6.12323e-17,1,37,-0.92388,0.382683,6.12323e-17,1,7,20,55,51,1011,1010.7,2,7,27,25.5,10.8926,9.82522,-1.5,-0.3,0
0.452072,-0.891981,18.1,23.4,8.2,8.4,0.2,-0.382683,0.92388,37,-0.707107,0.707107,-0.382683,0.92388,15,15,55,54,1022.1,1020.2,7,7,21.3,21.3,9.69228,9.41415,0,-1.9,1
0.467359,-0.884068,16,25.6,0,5.6,3.7,-0.382683,0.92388,30,-0.92388,0.382683,-0.382683,0.92388,13,11,58,43,1022.1,1018.8,7,6,20.9,23.4,13.3018,8.57949,2.5,-3.3,0
0.482508,-0.875892,14.8,25.7,0,5.8,5.8,0.382683,0.92388,19,-0.382683,0.92388,0.382683,0.92388,4,9,59,55,1019.5,1016.1,6,6,22.2,23.9,9.6006,8.40141,1.7,-3.4,0
0.497513,-0.867456,16.8,29.2,0,4,8.9,-0.382683,0.92388,31,-0.92388,-0.382683,0.707107,0.707107,6,9,56,74,1017.7,1014.7,2,5,25.1,24,4.92886,9.40573,-1.1,-3,0
0.512371,-0.858764,15.8,29.6,0.4,4.8,12.5,0.92388,0.382683,31,0.92388,0.382683,0.707107,0.707107,6,15,59,59,1014.9,1008.7,1,6,25,26.9,8.70293,8.58042,1.9,-6.2,0
0.527078,-0.849817,18.6,29.4,0,6,10.6,6.12323e-17,1,46,-0.382683,0.92388,-0.382683,0.92388,13,20,52,52,1008.6,1009.8,5,1,27.8,25.3,10.5754,10.7732,-2.5,1.2,0
0.541628,-0.840618,19.4,26.5,0,11,7.4,0.382683,0.92388,30,6.12323e-17,1,6.12323e-17,1,11,13,57,51,1017.7,1016.3,7,7,22.6,23.8,10.7552,8.95869,1.2,-1.4,0
0.556017,-0.831171,17.6,26.3,0.6,7,9.1,0.382683,0.92388,22,6.12323e-17,1,6.12323e-17,1,6,9,71,49,1020.6,1017.6,6,3,21.2,24.4,11.4175,5.47406,3.2,-3,0
0.570242,-0.821477,15.6,27.1,0.2,9.6,12.2,0.382683,0.92388,26,0.92388,-0.382683,0.382683,0.92388,2,13,58,52,1020.6,1017.7,5,1,23.5,25.2,10.5675,8.74996,1.7,-2.9,0
0.584298,-0.811539,15.5,27,0,6.6,11.3,0.382683,0.92388,30,0.382683,0.92388,0.382683,0.92388,6,15,49,50,1019.8,1016.9,5,2,24.9,24.9,11.1494,11.4602,0,-2.9,0
0.598181,-0.801361,15.7,28,0,6.8,8.2,6.12323e-17,1,22,0.707107,0.707107,0.707107,0.707107,4,11,65,53,1017.8,1014.4,6,6,22.6,26,10.3331,6.9212,3.4,-3.4,0
0.611886,-0.790946,19.8,28,0,4.2,8,0.707107,0.707107,33,0.382683,0.92388,0.707107,0.707107,9,17,73,60,1015.9,1013.5,7,2,24.4,25.8,8.36567,5.16279,1.4,-2.4,0
0.625411,-0.780296,21.5,29.3,0,9.6,8.3,0.707107,0.707107,33,1,0,0.92388,0.382683,7,13,57,61,1016.8,1013.9,2,7,27,25.1,8.06096,9.25874,-1.9,-2.9,0
0.638749,-0.769415,20.4,22.4,8,5.4,0,0.382683,-0.92388,22,0.382683,-0.92388,-0.92388,0.382683,4,6,88,91,1017,1015.2,8,8,22.1,19.8,1.51437,2.08498,-2.3,-1.8,1
0.651899,-0.758306,16.9,25.8,22,3,7.1,-0.92388,0.382683,46,-0.92388,0.382683,-0.707107,0.707107,15,19,62,37,1021.8,1019.9,7,2,22.3,24.6,15.6683,7.64067,2.3,-1.9,1
0.664855,-0.746972,15.3,25.8,0,8,11.7,6.12323e-17,1,30,-0.707107,0.707107,6.12323e-17,1,9,13,58,45,1024.9,1021.2,7,2,21.3,24.2,12.6955,8.60561,2.9,-3.7,0
0.677615,-0.735417,14.1,26.8,0,7.2,11.9,0.707107,0.707107,22,0.382683,-0.92388,0.92388,0.382683,4,9,50,48,1022.1,1018,1,2,23.4,25.5,11.8292,11.0251,2.1,-4.1,0
0.690173,-0.723644,14.8,27.9,0,8,12.3,0.707107,0.707107,26,1,0,0.92388,0.382683,6,13,53,56,1019.5,1015.6,1,1,24.3,26.3,9.49028,10.2028,2,-3.9,0
0.702527,-0.711657,17.8,28.5,0,6.6,11.6,0.707107,0.707107,33,0.707107,0.707107,0.707107,0.707107,6,13,56,59,1016.6,1012,1,2,25.7,27.1,8.71587,9.44796,1.4,-4.6,0
0.714673,-0.699458,17.9,31.1,0,7.6,12.1,0.707107,0.707107,30,0.707107,-0.707107,0.707107,0.707107,7,13,39,59,1012.1,1007,1,1,27.4,28.9,8.83279,15.1961,1.5,-5.1,0
0.726608,-0.687053,22.4,27.2,0,8,4.7,-0.382683,-0.92388,70,0.382683,0.92388,0.92388,0.382683,6,6,71,61,1011.9,1009.7,7,3,25.9,26.5,8.14574,5.67244,0.6,-2.2,0
0.749826,-0.661635,17.6,34.4,16.6,5.8,12.4,0.382683,-0.92388,35,-1.83697e-16,-1,0.382683,-0.92388,6,13,71,20,1011.4,1007,1,2,26,33.7,26.1011,5.6767,7.7,-4.4,1
0.761104,-0.64863,18.2,28.1,0,9,12,0.382683,0.92388,26,-1,1.22465e-16,0.382683,0.92388,6,9,44,43,1017,1014.6,6,1,23.4,25.7,13.5311,12.9574,2.3,-2.4,0
0.772157,-0.635432,17.7,28.1,0,8,12.1,-0.707107,0.707107,28,-0.707107,0.707107,6.12323e-17,1,9,13,56,61,1017,1013.7,4,4,25.5,24.7,8.03681,9.43387,-0.8,-3.3,0
0.78298,-0.622047,18.1,28.9,0,5.6,9,0.382683,0.92388,24,-1.83697e-16,-1,0.92388,0.382683,4,7,58,57,1014.2,1010.5,2,7,25.1,27.1,9.26561,8.85567,2,-3.7,0
0.793572,-0.608477,22.4,28.1,0,7.8,8.6,0.382683,0.92388,26,0.382683,0.92388,0.382683,0.92388,7,9,58,60,1017,1015.3,3,7,26,25.7,8.35942,8.9154,-0.3,-1.7,0
0.803928,-0.594727,19.1,27.7,0,7,11.6,0.707107,0.707107,26,0.382683,0.92388,0.382683,0.92388,11,11,58,57,1019.3,1016.7,7,7,24.4,26,9.19013,8.80935,1.6,-2.6,0
0.814046,-0.5808,19.8,28.1,0,6.8,11.7,0.382683,0.92388,28,0.92388,0.382683,0.707107,0.707107,7,9,57,54,1019,1016.3,3,1,26,27,10.1153,9.19013,1,-2.7,0
0.823923,-0.566702,21.2,28.8,0,7.6,9.7,6.12323e-17,1,30,0.92388,0.382683,0.707107,0.707107,4,13,65,46,1019.1,1015.7,3,3,25,27.6,12.6778,7.04769,2.6,-3.4,0
0.833556,-0.552435,19,29.4,0,7.8,11,0.92388,0.382683,26,0.707107,-0.707107,0.92388,0.382683,6,7,62,53,1018.1,1015,7,7,25.6,28.1,10.495,7.83294,2.5,-3.1,0
0.842942,-0.538005,20.7,30.3,0,8.4,11.2,0.707107,0.707107,26,0.707107,0.707107,0.92388,0.382683,4,11,59,54,1016.8,1013.7,6,7,27.3,28.4,10.2205,8.72883,1.1,-3.1,0
0.852078,-0.523416,20.5,29.9,5,7,11.3,0.92388,0.382683,20,6.12323e-17,1,0.92388,0.382683,4,9,57,53,1016.6,1013.9,2,1,26.6,29.2,10.5803,9.23126,2.6,-2.7,1
0.860961,-0.508671,20,30.6,0,7,13.2,0.707107,0.707107,26,6.12323e-17,1,0.92388,0.382683,6,11,58,48,1017.2,1015,1,1,27.6,29.6,12.1921,9.02207,2,-2.2,0
1,0,20.1,30.1,0,7.2,8.9,0.382683,0.92388,22,0.382683,0.92388,0.382683,0.92388,6,11,63,51,1016.2,1013,6,7,27.8,28.2,11.1125,7.70362,0.4,-3.2,0
0.999852,0.0172134,21.4,34.8,0,8,13.1,-0.707107,0.707107,30,-0.707107,-0.707107,0.382683,0.92388,4,13,56,47,1011.4,1007.7,1,1,28.6,32.9,12.8292,9.65333,4.3,-3.7,0
0.999407,0.0344216,23.5,30.7,0,11.8,11.7,-0.382683,0.92388,37,-0.707107,0.707107,6.12323e-17,1,15,19,54,53,1015.3,1013,3,1,28.1,28.3,10.5105,10.1979,0.2,-2.3,0
0.998667,0.0516197,21.6,29.8,0,10.8,12.1,0.382683,0.92388,33,-0.382683,0.92388,-0.382683,0.92388,11,15,51,44,1016,1013.9,5,2,27,28.8,13.4851,11.0145,1.8,-2.1,0
0.99763,0.0688024,21.7,28.5,0,9.8,6.1,0.382683,0.92388,33,-0.382683,0.92388,0.382683,0.92388,6,13,58,60,1017,1015.5,6,5,26.3,27.4,8.46594,8.93535,1.1,-1.5,0
0.996298,0.0859648,21.1,29.2,2,7.4,6.5,6.12323e-17,1,31,-0.92388,0.382683,6.12323e-17,1,7,19,79,54,1018.4,1017.4,6,6,25.5,27.8,10.1753,3.91865,2.3,-1,1
0.994671,0.103102,19.8,30.5,0.2,8.8,8.9,-0.382683,0.92388,35,6.12323e-17,1,-0.382683,0.92388,17,11,54,49,1019.3,1016.9,7,7,26.7,28.5,11.7695,10.0928,1.8,-2.4,0
0.992749,0.120208,20.4,30.3,0,10.4,11.2,0.92388,0.382683,28,-1.83697e-16,-1,0.707107,0.707107,2,13,66,54,1014,1008.1,6,1,25.8,29.8,10.3262,6.84535,4,-5.9,0
0.990532,0.137279,21.6,33.3,0,8.8,12.6,0.707107,0.707107,35,1,0,0.92388,0.382683,6,15,54,59,1004.7,999.3,1,2,28.6,30.8,8.95703,10.2355,2.2,-5.4,0
0.988023,0.154309,23.5,31.7,0,10,11.1,6.12323e-17,1,30,0.382683,0.92388,0.382683,0.92388,6,17,54,57,1006,1005.9,5,7,30.6,30.3,9.48689,10.3869,-0.3,-0.1,0
0.98522,0.171293,25.8,33.4,0,9.8,11.4,0.707107,0.707107,30,0.707107,0.707107,0.92388,0.382683,9,13,66,48,1012.1,1009.9,5,3,29.7,31.9,12.398,7.04677,2.2,-2.2,0
0.982126,0.188227,26.1,34.2,0,9.4,9.8,0.707107,0.707107,30,0.92388,-0.382683,0.92388,0.382683,6,11,56,60,1012.7,1009.3,1,1,31.9,31.7,8.73828,9.88962,-0.2,-3.4,0
0.97874,0.205104,24.6,33.9,0,9.8,12.9,0.707107,0.707107,28,0.707107,-0.707107,0.707107,0.707107,4,11,60,57,1011.1,1007.9,1,1,29.9,31.4,9.56354,8.62377,1.5,-3.2,0
0.975065,0.221922,24.2,32.1,0,10.8,3.1,-0.707107,0.707107,46,-0.92388,0.382683,-0.707107,0.707107,7,17,51,69,1008.7,1009.5,7,7,30.9,26.3,6.15308,11.3345,-4.6,0.8,0
0.9711,0.238673,21.9,29.4,0,6.6,6.3,-0.92388,0.382683,33,-0.707107,0.707107,6.12323e-17,1,15,15,63,51,1016.7,1014.4,7,6,23.7,28.1,11.1043,7.47088,4.4,-2.3,0
0.966848,0.255353,19.9,29.9,0,6.8,12.3,6.12323e-17,1,28,-0.382683,0.92388,0.382683,0.92388,4,11,53,52,1015.5,1013,3,2,26.5,29.1,10.8768,10.3715,2.6,-2.5,0
0.962309,0.271958,19.9,30,0,7.8,11.5,0.382683,0.92388,28,0.382683,0.92388,0.382683,0.92388,4,13,56,47,1013.5,1010.3,4,1,26.9,28.8,12.4523,9.53268,1.9,-3.2,0
0.957485,0.288482,21.4,32.6,0,7.6,12.3,0.707107,0.707107,31,0.92388,-0.382683,0.92388,0.382683,7,11,57,52,1011.6,1006.8,1,1,27.9,30.3,10.9729,9.32069,2.4,-4.8,0
0.952378,0.304921,23.1,35.4,0,10.2,11.2,0.382683,0.92388,30,-1.83697e-16,-1,0.707107,0.707107,4,13,56,57,1008.7,1006,5,1,30.1,31.9,9.59848,9.7604,1.8,-2.7,0
0.946988,0.32127,23.5,32.2,1.2,8.4,10.8,0.382683,0.92388,31,0.92388,0.382683,6.12323e-17,1,4,13,65,56,1012.6,1010,3,2,27.8,30.5,9.78904,7.19667,2.7,-2.6,1
0.941317,0.337523,22.1,29.7,1.2,9.4,6.1,-0.707107,0.707107,26,-1,1.22465e-16,-0.707107,0.707107,4,7,73,72,1012.5,1009.9,6,7,26.3,26.6,5.47424,5.23716,0.3,-2.6,1
0.929141,0.369725,21.1,31.3,0.4,6.4,6.6,6.12323e-17,1,26,-0.382683,0.92388,0.382683,0.92388,4,13,65,63,1012.7,1010.3,6,6,27.8,28.7,7.75518,7.19667,0.9,-2.4,0
0.92264,0.385663,23,26.7,0,6.2,0,0.707107,0.707107,24,-0.707107,0.707107,-0.382683,0.92388,7,4,79,81,1012.7,1010.6,7,8,25.5,25.7,3.51387,3.91865,0.2,-2.1,0
0.915864,0.401488,22.6,27.4,21.6,4.8,0,0.382683,0.92388,44,0.382683,0.92388,6.12323e-17,1,9,13,90,92,1010.2,1008.1,8,8,24.7,24.2,1.38585,1.75537,-0.5,-2.1,1
0.908818,0.417194,23.1,26.1,39.2,1.6,0,0.707107,0.707107,44,0.382683,0.92388,6.12323e-17,1,17,15,92,91,1008.1,1006,8,8,24.9,25.1,1.57716,1.39325,0.2,-2.1,1
0.901502,0.432776,23.2,25.3,54.6,2,0,6.12323e-17,1,70,6.12323e-17,1,6.12323e-17,1,22,24,92,97,1003.3,999,8,8,24.2,23.7,0.506019,1.38585,-0.5,-4.3,1
0.893919,0.448229,23.1,28.8,145,2.1,3.2,6.12323e-17,1,67,0.382683,0.92388,0.707107,0.707107,37,13,90,76,998.4,998.1,8,7,25.2,27.4,4.61648,1.76204,2.2,-0.3,1
0.527078,0.849817,22.6,26.7,0,4.8,0,6.12323e-17,1,17,1,0,0.707107,0.707107,4,6,78,81,1009.9,1008,8,8,24.9,25.2,3.50063,4.10845,0.3,-1.9,0
0.512371,0.858764,20.6,23.9,14.8,2.6,0.3,6.12323e-17,1,22,-0.92388,-0.382683,-0.382683,0.92388,6,9,92,97,1009.6,1009.7,7,8,23.1,20.7,0.494482,1.37426,-2.4,0.1,1
0.497513,0.867456,20.3,26.3,91.6,1.8,0.3,-0.382683,0.92388,20,-0.707107,0.707107,-1,1.22465e-16,2,4,89,87,1013.3,1011.1,8,8,23.1,23.8,2.29942,1.91665,0.7,-2.2,1
0.482508,0.875892,20.5,28.1,11.8,2.8,7.6,6.12323e-17,1,39,-0.382683,0.92388,-0.382683,0.92388,15,17,74,76,1014.5,1012.7,4,5,26.1,24.6,4.52031,5.00752,-1.5,-1.8,1
0.467359,0.884068,20.7,27.5,4.6,6.8,4.7,6.12323e-17,1,41,6.12323e-17,1,-0.382683,0.92388,17,15,84,79,1016.4,1014.8,7,7,23.2,23.4,3.85683,2.85937,0.2,-1.6,1
0.452072,0.891981,20,27.3,2.2,5.6,6.5,-0.707107,0.707107,39,-0.382683,0.92388,6.12323e-17,1,13,11,73,85,1017,1015.1,7,6,24.1,23.2,2.66727,5.15109,-0.9,-1.9,1
0.421101,0.907014,19.4,28.1,1.8,6.4,6.5,6.12323e-17,1,33,-0.707107,0.707107,-0.707107,0.707107,13,11,64,61,1019,1016.3,7,5,25.4,26.3,8.1336,7.31622,0.9,-2.7,1
0.405426,0.914128,19.8,26.7,5,4.2,5.9,-0.707107,0.707107,41,-0.92388,0.382683,-0.382683,0.92388,9,13,72,60,1018.6,1016.2,7,7,24.8,25.6,8.35318,5.40069,0.8,-2.4,1
0.38963,0.920971,19.2,28.3,3.2,6,7.5,6.12323e-17,1,30,-0.92388,-0.382683,-0.382683,0.92388,4,15,77,52,1017.5,1014.7,7,4,23.6,27.4,10.7415,4.27601,3.8,-2.8,1
0.37372,0.927542,19.7,28,0.8,7,8.4,-0.707107,0.707107,37,-0.707107,0.707107,-0.382683,0.92388,11,15,66,57,1016.9,1014.8,6,5,25.9,26.4,9.21754,6.85048,0.5,-2.1,0
0.357698,0.933837,18.9,27.6,0.2,7,8.5,-0.707107,0.707107,43,-0.92388,0.382683,-0.707107,0.707107,11,13,68,64,1016.3,1013.7,4,6,25.2,24.5,7.26694,6.33681,-0.7,-2.6,0
0.341571,0.939856,19.3,28.5,1.4,5,8.9,-0.707107,0.707107,35,-0.707107,0.707107,-0.382683,0.92388,11,15,64,57,1011.9,1008.2,1,6,24.8,27.1,9.26561,7.28335,2.3,-3.7,1
0.325342,0.945596,17.9,29.9,0,8,8,-0.92388,0.382683,22,-0.382683,-0.92388,-0.707107,0.707107,6,13,62,51,1009.3,1006.7,2,7,24.8,28.3,11.1207,7.78612,3.5,-2.6,0
0.309017,0.951057,18.3,30.8,0,4.8,10.5,6.12323e-17,1,19,-0.382683,-0.92388,0.707107,0.707107,6,7,63,50,1014.1,1011.5,1,1,24.8,28.1,11.4169,7.53298,3.3,-2.6,0
0.2926,0.956235,20.1,31.2,0,5.4,11.1,0.382683,0.92388,22,-0.707107,-0.707107,0.92388,0.382683,4,7,65,55,1015.2,1011.2,1,1,25.9,29.5,10.0082,7.09541,3.6,-4,0
0.276097,0.96113,20.3,32.4,0,5.2,10.2,-0.707107,0.707107,43,0.707107,0.707107,0.707107,0.707107,2,7,70,62,1010.7,1007,0,2,27.2,30.8,8.1406,5.95981,3.6,-3.7,0
0.259512,0.96574,20.3,27.1,0,8,7.2,-0.707107,0.707107,35,-0.707107,0.707107,6.12323e-17,1,7,19,62,55,1017.6,1016.1,7,4,24.1,25.6,9.72347,7.74526,1.5,-1.5,0
0.24285,0.970064,17.5,26.8,0,7,8.4,0.382683,0.92388,37,6.12323e-17,1,6.12323e-17,1,6,17,64,50,1020.8,1019.2,4,7,24.2,25,11.1577,7.25055,0.8,-1.6,0
0.226116,0.9741,20.3,27.2,0,8.4,1.2,6.12323e-17,1,35,-0.92388,-0.382683,-0.382683,0.92388,4,13,70,72,1022.5,1019.9,7,7,23.3,22.3,5.29935,5.78753,-1,-2.6,0
0.209315,0.977848,19.2,26.9,5,2.6,5.6,6.12323e-17,1,26,-0.382683,0.92388,0.382683,0.92388,4,13,69,67,1021,1017.9,5,7,25,25.4,6.58403,6.09333,0.4,-3.1,1
0.192452,0.981306,20.8,28.1,0.4,5,4.9,0.382683,0.92388,19,0.382683,-0.92388,0.382683,0.92388,2,9,79,73,1020.9,1017.3,7,7,24.7,26.4,5.24109,3.89504,1.7,-3.6,0
0.175531,0.984474,21.4,31.2,0,4,8.6,0.707107,0.707107,20,-1.83697e-16,-1,0.92388,0.382683,6,9,72,63,1019.2,1014.8,7,1,26,29.1,7.77814,5.44967,3.1,-4.4,0
0.14154,0.989932,19.5,30.8,21.2,8.8,10.3,6.12323e-17,1,24,-0.382683,-0.92388,6.12323e-17,1,4,9,75,60,1017.4,1014,4,1,25.3,30,8.63011,4.75961,4.7,-3.4,1
0.124479,0.992222,19.7,29.1,0,4.8,10.8,6.12323e-17,1,24,6.12323e-17,1,6.12323e-17,1,7,15,69,54,1019.5,1016.5,3,3,25.8,27.7,10.1678,6.13007,1.9,-3,0
0.107381,0.994218,20.7,28.2,0.4,5.6,9.3,6.12323e-17,1,28,-0.92388,0.382683,0.382683,0.92388,6,11,77,59,1020.1,1017.4,6,2,25,27.6,8.74827,4.32157,2.6,-2.7,0
0.0902516,0.995919,19.4,28.2,0.6,5.6,9.6,6.12323e-17,1,20,-1,1.22465e-16,6.12323e-17,1,2,7,76,59,1020.1,1016.4,6,3,25.4,26,8.64479,4.54768,0.6,-3.7,0
0.0730951,0.997325,18.7,30.2,0.2,5.4,6.8,-0.92388,0.382683,20,-0.707107,-0.707107,-1,1.22465e-16,4,7,70,51,1015.8,1012.8,1,5,24.6,29.4,11.2109,5.84468,4.8,-3,0
0.055917,0.998435,21.1,26.7,0,6.2,3,-0.707107,0.707107,24,-0.707107,0.707107,6.12323e-17,1,11,11,63,60,1017.1,1013.7,7,2,24.6,25.8,8.36567,7.52167,1.2,-3.4,0
0.0387223,0.99925,18,28.3,0,3.8,4.7,-1.83697e-16,-1,33,-0.92388,-0.382683,0.382683,0.92388,4,6,73,73,1014.7,1011.1,5,8,23.6,24.6,5.17059,5.13163,1,-3.6,0
0.0215161,0.999769,18.3,26.4,24.2,5.6,5.9,6.12323e-17,1,20,-0.707107,-0.707107,6.12323e-17,1,7,7,73,64,1014.7,1012.2,6,7,22.1,25.1,7.29977,5.07345,3,-2.5,1
0.00430354,0.999991,18.2,28.4,0,3.2,8,0.382683,0.92388,20,-0.92388,-0.382683,-0.382683,0.92388,6,9,65,58,1015.4,1012.8,1,4,23.7,25.8,8.90211,6.97904,2.1,-2.6,0
-0.0129103,0.999917,19,28,0,3.6,6.5,-0.382683,0.92388,26,-0.92388,-0.382683,6.12323e-17,1,4,11,70,58,1017.7,1015.4,2,3,24.4,26.4,8.94201,5.83587,2,-2.3,0
-0.0301203,0.999546,17.6,26.8,2.4,4.4,8.4,-0.382683,0.92388,37,-0.92388,0.382683,-0.707107,0.707107,7,13,65,56,1023.2,1021.3,7,5,22.9,25.1,9.40573,6.93695,2.2,-1.9,1
-0.0473214,0.99888,17.8,26.1,6,8.6,9.2,-0.92388,0.382683,39,-1,1.22465e-16,-0.707107,0.707107,6,15,72,52,1025.5,1023.2,2,4,22.9,24.3,10.4967,5.32359,1.4,-2.3,1
-0.0645084,0.997917,16.9,24.6,2,6.4,2.7,-0.707107,0.707107,30,-0.92388,-0.382683,-1,1.22465e-16,4,4,76,68,1024.4,1020.7,7,8,21.4,22.1,6.19001,4.41161,0.7,-3.7,1
-0.0816764,0.996659,17.7,24.9,0.2,4.8,3.1,-0.382683,0.92388,24,-0.707107,-0.707107,6.12323e-17,1,6,2,71,68,1022.2,1019.5,7,7,21.8,22,6.1853,5.4992,0.2,-2.7,0
-0.0988201,0.995105,16.9,25,1.4,1.6,5.5,6.12323e-17,1,35,-0.92388,0.382683,0.382683,0.92388,4,9,79,66,1022.7,1020.5,7,7,20.8,24.1,6.75844,3.78095,3.3,-2.2,1
-0.115935,0.993257,16.7,25.9,0.4,3.2,8.8,-0.92388,0.382683,26,-0.707107,0.707107,6.12323e-17,1,7,11,71,56,1023.5,1019.9,6,6,21.7,24.7,9.37763,5.495,3,-3.6,0
-0.133015,0.991114,17.3,23.9,0.4,5.2,2.1,6.12323e-17,1,30,-0.92388,0.382683,6.12323e-17,1,7,7,79,67,1021.8,1019.1,7,7,20.1,23,6.46594,3.76065,2.9,-2.7,0
-0.150055,0.988678,17.1,25.8,0.4,7,6.4,-0.382683,0.92388,39,-1,1.22465e-16,-0.382683,0.92388,6,11,66,66,1021,1019.4,3,7,23.3,23.5,6.72789,6.71773,0.2,-1.6,0
-0.167052,0.985948,18.2,23.7,0.2,2.2,1.7,6.12323e-17,1,30,-0.92388,0.382683,-0.707107,0.707107,7,7,76,79,1021,1017.8,8,7,21.4,22.7,3.83632,4.41161,1.3,-3.2,0
-0.183998,0.982927,18.4,22.5,36.6,4.3,0,-0.92388,0.382683,26,-1,1.22465e-16,-0.92388,-0.382683,2,4,96,92,1016.9,1013.5,8,8,20.2,20.9,1.35123,0.659725,0.7,-3.4,1
-0.200891,0.979614,17.1,28.3,17.4,2.6,8.1,-0.382683,-0.92388,19,-0.707107,-0.707107,-0.92388,0.382683,7,4,71,52,1013.8,1010.9,1,7,22.4,26.5,10.6701,5.52438,4.1,-2.9,1
-0.217723,0.976011,17.6,27.5,0,1.8,7.2,0.707107,0.707107,19,-0.707107,-0.707107,0.707107,0.707107,4,9,84,63,1012.8,1009.1,7,5,21.3,26.3,7.61807,2.8181,5,-3.7,0
-0.234491,0.972118,17.3,29.2,0,2.6,6,0.382683,-0.92388,43,-0.382683,-0.92388,-0.92388,-0.382683,2,6,85,71,1013.5,1011.8,5,7,21.1,21,5.4657,2.62473,-0.1,-1.7,0
-0.25119,0.967938,16.3,26.9,6,2.6,9.8,0.382683,0.92388,19,-1.83697e-16,-1,6.12323e-17,1,2,6,72,57,1015.3,1011.7,1,1,22.9,26.4,9.21754,5.32359,3.5,-3.6,1
-0.267814,0.963471,18.4,29.9,7,7,9,-1.83697e-16,-1,24,-1.83697e-16,-1,-1.83697e-16,-1,4,7,77,52,1014.9,1010.7,1,5,22.9,29.3,10.8928,4.25332,6.4,-4.2,1
-0.284359,0.958718,13.8,28.2,0,4.2,10.4,-1.83697e-16,-1,31,-0.707107,-0.707107,-0.382683,-0.92388,4,11,52,27,1012.9,1008.9,1,2,22.2,27.9,20.7429,10.3324,5.7,-4,0
-0.30082,0.953681,14,25.5,0,6.8,10.7,-1.83697e-16,-1,30,-0.707107,-0.707107,-0.382683,-0.92388,4,13,43,25,1011.7,1008.1,2,1,20,24.9,21.3906,12.9662,4.9,-3.6,0
-0.317191,0.948362,12,26.2,0,6.4,10.8,6.12323e-17,1,17,-0.707107,-0.707107,0.707107,0.707107,6,6,52,50,1014.1,1011.3,1,2,19.6,24.1,11.083,10.1308,4.5,-2.8,0
-0.333469,0.942761,15,27.4,0,3.2,10.2,0.382683,0.92388,20,-0.382683,-0.92388,0.707107,0.707107,4,7,77,54,1014.7,1010.2,5,1,20.6,26,10.0404,4.17917,5.4,-4.5,0
-0.349647,0.936881,16.4,30.2,0,6,10.1,0.382683,0.92388,19,-0.707107,-0.707107,0.707107,0.707107,2,7,69,56,1013.3,1010.6,1,5,22.4,28.2,9.62488,5.97469,5.8,-2.7,0
-0.365723,0.930724,17.1,26.6,0,3.2,10.5,6.12323e-17,1,20,-0.707107,-0.707107,6.12323e-17,1,6,11,69,53,1018.4,1015.7,1,1,21.4,26.1,10.3407,5.92936,4.7,-2.7,0
-0.381689,0.924291,16,28.6,0,4,10.5,-1.83697e-16,-1,15,-0.382683,-0.92388,-1.83697e-16,-1,6,7,71,38,1020.6,1017.4,1,1,21.4,27.9,15.6478,5.48244,6.5,-3.2,0
-0.397543,0.917584,15.4,26.8,0,3.2,10,-0.382683,0.92388,20,-0.92388,-0.382683,6.12323e-17,1,4,9,65,68,1022.7,1020.4,2,7,21.7,24,6.27979,6.87405,2.3,-2.3,0
-0.413279,0.910605,16,26.1,0,4,9,0.382683,0.92388,20,-0.382683,-0.92388,-0.382683,0.92388,6,9,72,41,1023.4,1019.8,3,6,21.5,25.2,14.2008,5.26712,3.7,-3.6,0
-0.428892,0.903356,14.1,27.6,0,3.8,10.6,-0.707107,-0.707107,13,-0.707107,-0.707107,-0.382683,0.92388,2,6,71,47,1022.3,1018.9,1,1,20.6,26.5,12.2433,5.44899,5.9,-3.4,0
-0.444378,0.895839,15.8,27.2,0,4,10.4,0.707107,0.707107,19,-0.382683,-0.92388,0.382683,0.92388,6,9,73,59,1023.6,1021.4,1,1,21.3,26.1,8.65124,5.04256,4.8,-2.2,0
-0.459733,0.888057,16.6,27,0,4,7.4,0.382683,0.92388,22,-0.707107,-0.707107,6.12323e-17,1,4,9,81,57,1023.5,1020.8,7,1,20.1,25.5,9.15591,3.367,5.4,-2.7,0
-0.474951,0.880012,15.9,27.3,0,3.6,8.6,-0.382683,0.92388,20,-0.707107,-0.707107,0.382683,0.92388,6,7,74,59,1021.2,1017.3,2,5,21.4,25.1,8.58684,4.83231,3.7,-3.9,0
-0.490029,0.871706,15.9,27.3,0,3.2,8.5,-0.707107,0.707107,39,-0.382683,-0.92388,-0.707107,0.707107,4,17,83,62,1018.8,1017.7,0,3,20.1,24.8,7.78612,2.98177,4.7,-1.1,0
-0.504961,0.863142,16.8,24.8,0,5.4,9.6,-0.707107,0.707107,26,-0.707107,-0.707107,-0.382683,0.92388,7,7,60,51,1025.2,1021.3,2,3,20.4,23.7,10.7472,8.03153,3.3,-3.9,0
-0.519744,0.854322,12.9,28.6,0,4.8,10.1,-1.83697e-16,-1,28,-0.707107,-0.707107,-0.382683,-0.92388,4,9,71,34,1021.7,1016.1,1,1,19.1,28.1,17.3544,5.38655,9,-5.6,0
-0.534373,0.845249,14.8,24,0,4.8,7,6.12323e-17,1,26,-0.707107,-0.707107,0.382683,0.92388,4,6,67,68,1021.9,1018.3,5,5,20.7,22.4,6.20414,6.35374,1.7,-3.6,0
-0.548843,0.835925,14.8,23.9,0,2.6,7.8,6.12323e-17,1,26,-0.92388,-0.382683,-0.382683,0.92388,2,9,70,63,1023.1,1020.2,3,4,20.4,21.7,7.35861,5.66103,1.3,-2.9,0
-0.563151,0.826354,14.9,23.9,0,4.4,8.4,-0.382683,0.92388,26,-0.707107,-0.707107,-0.382683,0.92388,6,13,73,57,1025.6,1023.1,3,7,19.1,22.4,8.94517,4.95808,3.3,-2.5,0
-0.577292,0.816538,15,24,0,4.4,9.1,-0.92388,0.382683,31,-0.707107,-0.707107,-0.382683,0.92388,4,9,69,49,1028.4,1025.5,5,3,20.1,22.3,11.2392,5.87068,2.2,-2.9,0
-0.591261,0.80648,14.3,24.4,0,5,7.5,-0.707107,0.707107,30,-0.92388,-0.382683,-0.92388,0.382683,2,11,71,58,1028.8,1025.5,5,3,19.1,21.7,8.63177,5.38655,2.6,-3.3,0
-0.605056,0.796183,15.8,23.5,1.2,3.4,4.8,-0.382683,0.92388,30,-0.707107,-0.707107,-0.382683,0.92388,6,13,78,65,1027.6,1025,6,4,18.2,21.6,6.86883,3.90304,3.4,-2.6,1
-0.618671,0.78565,13.9,22.6,0.8,2.4,3,-0.707107,0.707107,26,-0.707107,-0.707107,-0.382683,0.92388,4,7,81,89,1026.6,1024.1,6,8,18,18.4,1.84843,3.31272,0.4,-2.5,0
-0.632103,0.774884,14.8,23.8,4.6,2.2,6.5,-0.707107,0.707107,22,-1,1.22465e-16,-0.707107,0.707107,4,9,87,69,1025.9,1022.2,7,6,17.3,21.9,5.952,2.18701,4.6,-3.7,1
-0.658402,0.752667,17.6,23.9,1.8,1.2,4.2,-1.83697e-16,-1,26,-0.382683,-0.92388,-1.83697e-16,-1,2,6,96,62,1014.6,1010.5,8,7,18.6,23.6,7.71614,0.651575,5,-4.1,1
-0.67126,0.741222,15.4,23.2,1.2,2.6,9.4,-0.707107,-0.707107,20,-0.382683,-0.92388,-1.83697e-16,-1,11,7,54,35,1014.8,1012.2,7,7,18.5,22.2,16.1979,9.48769,3.7,-2.6,1
-0.683919,0.729558,15.4,18.6,0,4,0,-0.382683,-0.92388,19,-0.382683,-0.92388,0.382683,-0.92388,2,7,55,55,1015,1012.7,7,7,17.2,17.7,9.15889,9.1237,0.5,-2.3,0
-0.696376,0.717677,9.9,23.4,0,1.6,10.2,0.382683,-0.92388,39,-1.83697e-16,-1,-0.382683,-0.92388,6,13,55,35,1016.8,1012.7,0,1,18.5,23.1,16.3068,9.21532,4.6,-4.1,0
-0.708627,0.705584,8.6,22.8,0,5.2,10.2,-1.83697e-16,-1,35,-0.707107,-0.707107,-1.83697e-16,-1,4,13,46,32,1017.1,1012.6,0,1,17.8,22.2,17.4875,11.7793,4.4,-4.5,0
-0.720667,0.693281,8.6,21.6,0,5.4,10.1,-1.83697e-16,-1,30,-0.382683,-0.92388,-1.83697e-16,-1,7,11,45,33,1018.5,1015,0,0,16.6,20.9,16.8817,11.9862,4.3,-3.5,0
-0.732494,0.680773,8.3,22.3,0,5,9.6,0.707107,-0.707107,17,-0.707107,-0.707107,0.382683,-0.92388,4,7,59,32,1019.5,1015.1,6,1,14.4,21.9,17.4486,7.91237,7.5,-4.4,0
-0.744104,0.668064,9.2,21.8,0,3.6,6,-0.707107,-0.707107,13,-0.707107,-0.707107,-0.382683,-0.92388,4,2,58,42,1019.6,1015.4,7,7,14.1,20.7,13.3796,8.14133,6.6,-4.2,0
-0.755493,0.655156,11.2,18,0,1.8,0,0.707107,0.707107,24,-0.707107,-0.707107,-0.382683,-0.92388,7,7,69,83,1015.6,1012.7,8,8,15,14.4,2.8521,5.64324,-0.6,-2.9,0
-0.766659,0.642055,11.6,22.1,5,0.4,10,-1.83697e-16,-1,33,-1.83697e-16,-1,-1.83697e-16,-1,9,15,69,48,1010.2,1007.3,2,3,17.9,21.3,11.4629,5.77203,3.4,-2.9,1
-0.777597,0.628763,10.4,20.8,0,7,7.3,-0.382683,-0.92388,44,-1.83697e-16,-1,-0.382683,-0.92388,20,17,68,60,1010.2,1008.9,1,7,16,17.4,7.84874,5.90605,1.4,-1.3,0
-0.788305,0.615285,14.2,24.4,1,4.8,8.3,-0.707107,-0.707107,30,-0.707107,-0.707107,-0.92388,-0.382683,7,7,54,49,1018,1018,1,7,19.3,21.7,11.1885,9.54593,2.4,0,0
-0.798779,0.601624,12,23.8,0,4.6,8.2,-0.382683,-0.92388,19,-0.707107,-0.707107,-0.92388,-0.382683,7,4,58,45,1024.6,1021.2,2,4,17.3,23,12.5822,8.34614,5.7,-3.4,0
-0.809017,0.587785,11.7,24.5,0,3.2,9.2,-0.707107,0.707107,28,-0.707107,-0.707107,-0.707107,0.707107,6,13,65,47,1025.8,1023.8,1,1,17.4,23,11.9283,6.65097,5.6,-2,0
-0.819015,0.573772,14.9,22.2,1.6,4,3.8,6.12323e-17,1,31,-0.707107,-0.707107,-0.382683,0.92388,6,7,72,85,1028.2,1026.9,3,7,18.9,18.6,2.57451,5.16303,-0.3,-1.3,1
-0.82877,0.559589,13.7,23.2,4.4,3.2,6.3,6.12323e-17,1,30,-0.92388,0.382683,6.12323e-17,1,6,13,77,60,1030.4,1027.9,7,6,19.3,21.3,8.08676,4.13755,2,-2.5,1
-0.83828,0.54524,14.1,21.4,0.8,3,1.8,0.382683,0.92388,17,-0.382683,-0.92388,-0.707107,0.707107,4,6,86,96,1028.1,1026.4,6,7,17.4,17.6,0.646507,2.36873,0.2,-1.7,0
-0.847541,0.53073,14.3,23.1,17.4,3.8,8.5,0.382683,0.92388,26,-0.707107,-0.707107,6.12323e-17,1,4,13,90,60,1028.1,1025,6,5,18.9,21.6,8.10521,1.67888,2.7,-3.1,1
-0.856551,0.516062,13.4,22.2,2.6,4,0.9,-0.382683,0.92388,13,-0.707107,-0.707107,0.382683,0.92388,4,4,85,59,1024.1,1019.1,7,7,17,21.7,8.36963,2.54263,4.7,-5,1
-0.865307,0.501242,15.1,24.7,0,1.8,5.3,-1.83697e-16,-1,37,0.92388,0.382683,-1.83697e-16,-1,4,17,72,79,1013.8,1009.1,7,7,20.4,20.4,3.76935,5.22296,0,-4.7,0
-0.873807,0.486273,12.9,22.7,1.4,3.2,10.1,-0.382683,-0.92388,26,-0.382683,-0.92388,-0.707107,-0.707107,7,7,59,36,1016.1,1015.6,1,1,17.9,21.8,15.7426,8.13006,3.9,-0.5,1
-0.882048,0.47116,9.9,23.6,0,4,9.8,-0.382683,-0.92388,20,-0.707107,-0.707107,-0.707107,0.707107,7,2,57,45,1024,1021.6,0,4,16.1,22.7,12.554,8.52419,6.6,-2.4,0
-0.890028,0.455907,11.7,20.9,0,2.4,0.2,-0.382683,-0.92388,13,-0.382683,-0.92388,0.382683,-0.92388,6,4,75,65,1026.1,1023.2,8,7,15.4,20.6,6.81664,4.41103,5.2,-2.9,0
-0.905193,0.425,14.8,24.5,0,2.2,3.3,-1,1.22465e-16,11,-0.707107,-0.707107,0.382683,-0.92388,6,2,78,55,1025.5,1021.7,7,6,17.6,23.5,9.5718,3.8849,5.9,-3.8,0
-0.912375,0.409356,13.4,23,0,1.8,2.6,-0.92388,0.382683,26,-0.707107,-0.707107,-0.92388,0.382683,6,4,85,83,1026.1,1024.1,7,8,15.8,19.6,2.97028,2.51885,3.8,-2,0
-0.919286,0.39359,15.8,22.1,6,0.6,1.3,-0.382683,0.92388,33,-0.382683,0.92388,-0.707107,0.707107,2,13,92,57,1026.1,1022.9,7,7,17.3,20.6,8.82389,1.31397,3.3,-3.2,1
-0.925925,0.377708,15.1,18.7,3,4.2,0,-1.83697e-16,-1,15,-1,1.22465e-16,-0.382683,-0.92388,2,6,95,97,1022.4,1019.7,8,8,16.4,17.6,0.482699,0.804214,1.2,-2.7,1
-0.938377,0.345612,16.3,22,0.2,0,1.5,0.92388,0.382683,26,-0.382683,-0.92388,0.707107,0.707107,4,13,97,83,1018.1,1013.5,8,6,17.9,21.3,3.00943,0.483833,3.4,-4.6,0
-0.944188,0.329408,15.9,22.8,2.4,1.6,1.7,-0.382683,-0.92388,13,-0.707107,-0.707107,-0.382683,-0.92388,4,6,85,74,1012.2,1009.3,6,7,20,21.5,4.83601,2.60257,1.5,-2.9,1
-0.949718,0.313107,14.8,20.9,0,2,10,-1.83697e-16,-1,35,-1.83697e-16,-1,-1.83697e-16,-1,11,15,58,45,1011.5,1008.5,1,1,17.5,20.7,12.3664,8.35902,3.2,-3,0
-0.954967,0.296713,11.4,20.1,0,4,9.9,-1.83697e-16,-1,39,-1.83697e-16,-1,-1.83697e-16,-1,13,19,60,48,1011.8,1011.3,1,1,15.9,18.8,11.2475,7.75812,2.9,-0.5,0
-0.959933,0.280231,10.8,21.7,0,5.8,9.8,-1.83697e-16,-1,13,-0.707107,-0.707107,-0.707107,-0.707107,4,2,63,45,1014.9,1011.2,1,1,15.5,21.3,12.4225,7.01581,5.8,-3.7,0
-0.964614,0.263665,8.9,20.3,0,2.2,9.8,-1.83697e-16,-1,33,-1.83697e-16,-1,-1.83697e-16,-1,9,13,50,36,1011.7,1008.1,1,1,15.1,19.6,15.4848,10.3492,4.5,-3.6,0
-0.96901,0.247022,6.7,20.2,0,4.6,9.8,-1.83697e-16,-1,22,-0.382683,-0.92388,0.382683,-0.92388,7,11,54,31,1014.1,1011.4,1,1,14,19.3,17.5566,9.16328,5.3,-2.7,0
-0.973118,0.230306,8.6,20.1,0,3,9.1,-0.707107,-0.707107,24,-0.382683,-0.92388,-0.92388,-0.382683,11,4,53,35,1018,1016.2,1,4,13.9,19,15.8137,9.42349,5.1,-1.8,0
-0.976938,0.213521,12.3,19.3,0,4.8,1,-0.707107,-0.707107,15,-0.707107,-0.707107,-0.382683,-0.92388,4,6,63,58,1020.7,1017.7,7,7,14.8,18.8,8.44299,6.9776,4,-3,0
-0.980469,0.196673,12.3,13.6,2.6,2.2,0,-0.382683,-0.92388,13,-0.707107,-0.707107,-0.707107,-0.707107,4,4,92,90,1019.8,1017.3,8,8,12.7,13.4,1.6079,1.26711,0.7,-2.5,1
-0.983709,0.179767,9.8,20.7,6,0.2,9.2,-1.83697e-16,-1,17,-0.382683,-0.92388,-0.707107,0.707107,6,4,86,50,1021.7,1019.3,1,3,12.4,20.1,10.7539,2.2772,7.7,-2.4,1
-0.986658,0.162807,8.6,22.1,0,2.6,8,-0.382683,-0.92388,19,-0.707107,-0.707107,-1,1.22465e-16,6,4,73,45,1024.7,1021.2,3,5,14.2,20.4,12.3384,4.77243,6.2,-3.5,0
-0.989314,0.145799,10.5,21,0,2.6,9.6,-1.83697e-16,-1,26,-0.707107,-0.707107,-0.382683,-0.92388,4,7,70,33,1022,1017.6,2,2,16,20.7,16.8564,5.47171,4.7,-4.4,0
-0.991677,0.128748,5.7,19.4,0,3.2,8.3,-1.83697e-16,-1,37,-0.707107,0.707107,-1.83697e-16,-1,4,9,61,34,1018.7,1013.5,1,3,12.7,19.1,16.2349,7.32881,6.4,-5.2,0
-0.993747,0.111659,7.3,20.1,0,5,10.1,-1.83697e-16,-1,24,-0.382683,-0.92388,-0.382683,-0.92388,9,9,61,35,1016.8,1013.2,1,1,12.9,19.9,15.9213,7.34035,7,-3.6,0
-0.995521,0.0945367,11.1,19.6,0,2.4,3.3,-0.382683,-0.92388,17,-0.382683,-0.92388,-0.707107,0.707107,6,7,74,89,1018.6,1016.1,6,8,15.5,17.5,1.83551,4.61671,2,-2.5,0
-0.997001,0.0773865,14.7,22.1,1.8,0.8,2.1,-0.382683,0.92388,22,-0.382683,-0.92388,-0.382683,0.92388,7,9,84,68,1020.6,1017.7,7,6,16.5,19.9,6.08685,2.71516,3.4,-2.9,1
-0.999074,0.0430222,13.9,15.9,2.4,0.6,0.1,-0.382683,-0.92388,19,-0.92388,-0.382683,-0.92388,-0.382683,4,6,89,88,1019.8,1017,8,7,15.1,15.3,1.97768,1.80127,0.2,-2.8,1
-0.999667,0.0258184,13.1,17.9,8.8,0.8,0.8,-0.382683,-0.92388,28,-0.707107,-0.707107,-0.382683,-0.92388,9,7,93,90,1014.1,1010.6,7,8,14.3,16.4,1.64643,1.11766,2.1,-3.5,1
-0.999963,0.008607,14.1,23.3,15.4,1.2,3.7,-0.707107,-0.707107,26,-0.707107,-0.707107,-1,1.22465e-16,6,9,79,61,1015,1014.8,7,5,17.9,22.4,7.89866,3.6972,4.5,-0.2,1
-0.999963,-0.008607,15.7,23.6,0,2,8.5,-0.92388,0.382683,24,-0.707107,-0.707107,-0.707107,0.707107,6,11,69,61,1022.2,1020.7,2,3,18.7,22.4,7.89866,5.80781,3.7,-1.5,0
-0.999667,-0.0258184,16.5,23.9,0.4,3,8.9,6.12323e-17,1,19,-0.707107,-0.707107,0.707107,0.707107,4,6,76,49,1022,1017.4,3,5,19.5,23.1,11.307,4.34769,3.6,-4.6,0
-0.999074,-0.0430222,13.4,23.8,0,3.4,4.7,0.382683,0.92388,15,-0.92388,0.382683,0.382683,0.92388,2,7,78,70,1018.2,1014.4,5,6,18.8,22.8,5.76562,3.92122,4,-3.8,0
-0.998186,-0.0602133,12.5,25.4,0,2,9.7,0.382683,0.92388,13,-0.382683,-0.92388,0.92388,0.382683,6,6,82,31,1021.7,1019.1,1,1,16.1,24.4,18.2355,3.07623,8.3,-2.6,0
-0.997001,-0.0773865,11.4,22.8,0,3.2,9.2,6.12323e-17,1,19,-0.707107,-0.707107,6.12323e-17,1,4,9,72,52,1026.1,1024.1,7,2,14.9,21.6,10.2857,5.00489,6.7,-2,0
-0.995521,-0.0945367,12.1,22.8,0,3.2,9.6,-1.83697e-16,-1,17,-0.707107,-0.707107,-1.83697e-16,-1,4,6,69,47,1030.6,1027.3,6,1,15.7,21.6,11.8035,5.6742,5.9,-3.3,0
-0.993747,-0.111659,10.7,20.6,0,3.4,5.8,-0.92388,0.382683,30,-0.92388,-0.382683,-0.382683,0.92388,6,9,66,56,1030.2,1027.3,2,7,15.3,18.7,8.961,6.31721,3.4,-2.9,0
-0.991677,-0.128748,12.6,17.4,1.6,2.6,0,-0.707107,-0.707107,17,-0.707107,-0.707107,-0.382683,0.92388,6,6,94,76,1030.1,1028,8,8,13.6,17.3,4.27425,0.948287,3.7,-2.1,1
-0.989314,-0.145799,12.9,21.4,0.6,0.4,9.6,-0.382683,0.92388,22,-0.707107,-0.707107,-0.382683,0.92388,4,9,76,57,1031.6,1029.4,3,2,16.6,19.5,8.75017,4.25101,2.9,-2.2,0
-0.986658,-0.162807,12.4,20.7,0.2,5,5.2,-0.92388,0.382683,19,-0.92388,-0.382683,-0.707107,0.707107,4,4,75,62,1030,1026.4,6,7,16.7,19.8,7.49656,4.45606,3.1,-3.6,0
-0.983709,-0.179767,10.1,21.8,0,3.2,9.2,6.12323e-17,1,19,-0.92388,-0.382683,-0.382683,0.92388,4,7,87,53,1028.2,1025.1,3,2,13.6,19.9,9.86948,2.12427,6.3,-3.1,0
-0.980469,-0.196673,11.6,19.6,1.6,2.2,2.3,-0.382683,-0.92388,15,-0.92388,-0.382683,-0.707107,-0.707107,4,2,95,71,1027.4,1025.1,7,7,13,18.4,5.35753,0.78287,5.4,-2.3,1
-0.976938,-0.213521,12.9,20.3,0.2,0.6,3.1,6.12323e-17,1,22,-0.707107,-0.707107,1,0,4,6,84,71,1026.7,1023.8,7,7,16.1,18.7,5.36995,2.70667,2.6,-2.9,0
-0.973118,-0.230306,13.1,22.2,0,1.6,8.7,6.12323e-17,1,22,-0.707107,-0.707107,0.382683,0.92388,6,9,80,65,1026.8,1024,2,6,16.8,20.4,6.80623,3.47273,3.6,-2.8,0
-0.96901,-0.247022,13.5,22.1,0.2,2.6,8.1,6.12323e-17,1,20,-0.382683,-0.92388,0.382683,0.92388,6,11,88,58,1025.8,1022.9,5,4,16.3,20.9,8.57949,1.99328,4.6,-2.9,0
-0.964614,-0.263665,12.4,22.2,0.4,3.2,7,6.12323e-17,1,20,-0.382683,-0.92388,0.382683,0.92388,4,7,81,65,1024.8,1022,5,5,17.9,21,6.83749,3.31014,3.1,-2.8,0
-0.959933,-0.280231,13.2,23.5,1.6,1.4,5.1,0.382683,0.92388,20,-0.707107,-0.707107,0.707107,0.707107,2,7,92,69,1021.9,1017.5,5,7,17.9,21.6,5.93841,1.32014,3.7,-4.4,1
-0.954967,-0.296713,16.3,23.4,2.8,1.4,3.5,-1.83697e-16,-1,37,0.92388,-0.382683,0.382683,-0.92388,4,6,84,85,1015.5,1012.5,5,7,20.1,17.8,2.55855,2.79219,-2.3,-3,1
-0.949718,-0.313107,13,22.2,0.2,2.4,9.2,-1.83697e-16,-1,19,-1.83697e-16,-1,0.382683,-0.92388,9,9,64,43,1018.7,1016.1,1,6,16.9,21.5,13.1138,6.85728,4.6,-2.6,0
-0.944188,-0.329408,11.8,18,0.2,3.6,1,-0.707107,-0.707107,13,-0.707107,-0.707107,-0.707107,-0.707107,6,2,68,67,1021.5,1020,7,8,13.9,15.9,6.12268,5.8098,2,-1.5,0
-0.938377,-0.345612,11.8,20,3,1.4,9.4,-1.83697e-16,-1,26,-0.707107,-0.707107,-1.83697e-16,-1,4,11,65,33,1022.8,1018.9,5,1,15.3,19.7,16.7304,6.54332,4.4,-3.9,1
-0.932289,-0.361714,7.9,21.3,0,4.8,9.8,-0.707107,0.707107,26,-0.707107,-0.707107,-0.707107,-0.707107,7,4,57,41,1023.1,1020.6,1,1,13.4,20.9,13.7522,8.34677,7.5,-2.5,0
-0.925925,-0.377708,12.1,21.6,0,3.4,6.2,-0.382683,0.92388,26,-0.707107,-0.707107,-0.382683,0.92388,6,9,56,59,1026.9,1024.4,5,6,16.9,19.8,8.24942,8.8378,2.9,-2.5,0
-0.919286,-0.39359,14.2,22.3,0,2.8,6,6.12323e-17,1,15,-0.92388,0.382683,0.382683,0.92388,4,7,72,67,1027.5,1024.9,7,6,16.6,19.4,6.29075,5.07181,2.8,-2.6,0
-0.912375,-0.409356,11.1,22.3,0,2.6,9.5,-0.382683,0.92388,22,-0.707107,-0.707107,6.12323e-17,1,4,13,81,56,1028.9,1026.4,2,4,15.8,20.6,9.09195,3.25632,4.8,-2.5,0
-0.905193,-0.425,11.4,22.1,0,3.2,5.6,6.12323e-17,1,33,-0.382683,-0.92388,6.12323e-17,1,4,13,77,53,1028.7,1025.9,1,4,17.1,20.8,9.93724,4.06757,3.7,-2.8,0
-0.897743,-0.440519,13.1,21.8,1,2.8,4.9,6.12323e-17,1,19,-0.92388,-0.382683,-0.382683,-0.92388,4,2,86,73,1025.4,1022,3,6,16.3,19.4,4.96955,2.34844,3.1,-3.4,0
-0.882048,-0.47116,10.7,22.8,0.6,2.2,9,-0.707107,-0.707107,20,-0.92388,-0.382683,-0.92388,-0.382683,6,6,69,54,1017.6,1015.3,1,5,17.1,22,9.74375,5.73636,4.9,-2.3,0
-0.873807,-0.486273,12.4,22.7,0,3.4,7.7,-0.92388,0.382683,24,-0.92388,-0.382683,-0.92388,0.382683,4,6,67,55,1019.5,1016.8,5,7,18.2,21.6,9.43557,6.23287,3.4,-2.7,0
-0.865307,-0.501242,11.4,24.3,0,2.6,9.1,0.92388,-0.382683,15,-0.707107,-0.707107,0.92388,0.382683,6,7,75,55,1020,1015.7,1,3,16.7,22.5,9.49999,4.45606,5.8,-4.3,0
-0.856551,-0.516062,11.6,24.1,0,3,10.3,0.382683,-0.92388,33,-0.707107,-0.707107,-1.83697e-16,-1,2,11,51,22,1018.7,1014.7,0,0,18.5,23.4,22.9363,10.3323,4.9,-4,0
-0.83828,-0.54524,8.9,23.9,0,4.6,10.1,0.382683,-0.92388,22,-0.92388,0.382683,-1.83697e-16,-1,4,9,53,34,1021,1016.8,0,1,17.2,23,16.7158,9.66756,5.8,-4.2,0
-0.82877,-0.559589,8.5,24.8,0,3.6,10,-1.83697e-16,-1,24,-0.707107,-0.707107,0.382683,-0.92388,2,7,64,30,1019.6,1014.5,3,2,15.4,24.5,18.7234,6.7778,9.1,-5.1,0
-0.819015,-0.573772,9.2,25.9,0,3.4,10,0.382683,-0.92388,20,-0.92388,-0.382683,0.382683,-0.92388,2,7,60,29,1016.8,1011.4,1,1,16.6,25.2,19.3109,7.80035,8.6,-5.4,0
-0.809017,-0.587785,9.1,22.6,0,3.6,10.3,-1.83697e-16,-1,46,-0.707107,-0.707107,-1.83697e-16,-1,2,20,55,25,1011.4,1008.1,0,1,17.3,21.3,20.8314,9.13073,4,-3.3,0
-0.798779,-0.601624,9.8,23,0,9.2,10.2,-0.707107,-0.707107,28,-0.707107,-0.707107,0.382683,-0.92388,11,7,46,36,1017.2,1014,0,1,16.1,22.6,15.8368,11.6266,6.5,-3.2,0
-0.788305,-0.615285,8.8,26.5,0,4,10.1,-0.382683,-0.92388,19,-0.707107,-0.707107,-0.707107,-0.707107,4,4,47,28,1017.4,1015.3,0,1,17.4,26.2,19.9624,11.4326,8.8,-2.1,0
-0.777597,-0.628763,10.8,26.9,0,3,10,0.382683,0.92388,15,-0.707107,-0.707107,0.382683,0.92388,2,9,58,37,1019.6,1015.8,4,1,17.5,25.3,15.7495,8.35902,7.8,-3.8,0
-0.755493,-0.655156,13.1,28,0,3.8,10.1,6.12323e-17,1,26,-0.382683,-0.92388,6.12323e-17,1,2,13,56,47,1015.1,1013.7,1,1,21.9,24.9,12.0988,9.18207,3,-1.4,0
-0.744104,-0.668064,13.2,25.1,0,4.6,7.7,0.707107,0.707107,22,-0.92388,-0.382683,0.382683,0.92388,2,11,70,69,1017.7,1012.6,1,6,19.9,22.9,5.99742,5.63936,3,-5.1,0
-0.732494,-0.680773,13.4,25.7,0.2,3,10.6,-1.83697e-16,-1,35,-0.382683,-0.92388,-0.382683,-0.92388,6,13,43,19,1017.1,1014.9,1,0,21.9,24.9,25.2185,13.1533,3,-2.2,0
-0.720667,-0.693281,10.2,21.8,0,8.2,10.4,0.382683,0.92388,22,-0.92388,-0.382683,0.382683,0.92388,6,13,46,52,1024,1019.4,1,1,16.4,20.9,10.2313,11.6535,4.5,-4.6,0
-0.708627,-0.705584,11.5,24.4,0,3.6,9.3,0.382683,0.92388,28,-0.707107,-0.707107,0.707107,0.707107,2,11,69,59,1019.3,1013.7,6,2,17.7,22.4,8.41413,5.76311,4.7,-5.6,0
-0.696376,-0.717677,14.1,26.5,0,3.8,10.5,6.12323e-17,1,20,-0.92388,-0.382683,-0.382683,-0.92388,4,2,87,29,1019.4,1015.6,1,1,16.4,26.3,19.4669,2.17167,9.9,-3.8,0
-0.683919,-0.729558,13,26.1,0,4,10.4,-1.83697e-16,-1,26,-0.707107,-0.707107,-1.83697e-16,-1,4,9,69,30,1017,1010.5,6,5,18.6,24.9,18.7785,5.80333,6.3,-6.5,0
-0.67126,-0.741222,10.7,21.4,0,4,10.7,-1.83697e-16,-1,39,0.382683,-0.92388,-1.83697e-16,-1,7,19,40,22,1013.8,1011.2,1,1,18.8,20.5,22.4515,13.8902,1.7,-2.6,0
-0.658402,-0.752667,7.7,20.8,0,8.2,10.7,-0.382683,-0.92388,22,-0.382683,-0.92388,0.707107,-0.707107,7,6,38,21,1017.5,1013.3,1,0,13.4,20.1,23.0114,14.031,6.7,-4.2,0
-0.645348,-0.763889,6.8,21.9,0,6,10.8,-1.83697e-16,-1,22,-0.92388,-0.382683,-1.83697e-16,-1,6,6,41,22,1018.2,1014.3,1,3,15,21.4,22.6015,13.1478,6.4,-3.9,0
-0.632103,-0.774884,6,23.9,0,2.8,11,0.382683,-0.92388,41,-0.382683,-0.92388,-1.83697e-16,-1,2,19,48,20,1019,1014.6,1,0,15.3,23,24.1752,10.9492,7.7,-4.4,0
-0.618671,-0.78565,9,25.7,0,7.4,11,-0.382683,-0.92388,24,-0.382683,-0.92388,0.382683,0.92388,4,13,36,31,1020.4,1018.7,0,0,19.7,23.2,18.0747,15.4964,3.5,-1.7,0
-0.605056,-0.796183,11,24.5,0,4.8,10,6.12323e-17,1,24,-0.707107,-0.707107,0.382683,0.92388,6,11,61,53,1026.3,1022.4,1,1,18.1,22.7,10.081,7.6435,4.6,-3.9,0
-0.591261,-0.80648,12.6,25,0,3.4,9.9,0.92388,0.382683,19,-0.707107,-0.707107,0.92388,0.382683,4,9,71,52,1025.5,1021.2,1,1,19.1,23.1,10.4027,5.38655,4,-4.3,0
-0.577292,-0.816538,12.1,25.8,0,4.2,10.5,0.707107,0.707107,20,-0.707107,-0.707107,0.92388,0.382683,4,7,69,51,1023.3,1018.4,1,1,19.3,24.2,10.7875,5.83472,4.9,-4.9,0
-0.563151,-0.826354,11.2,28.5,0,3.6,10.6,0.382683,-0.92388,19,-0.707107,-0.707107,0.707107,-0.707107,2,6,63,26,1021.2,1017,0,1,19.7,28.3,21.3545,7.24716,8.6,-4.2,0
-0.548843,-0.835925,13.4,25.9,0,4.4,10.6,6.12323e-17,1,24,-0.707107,-0.707107,0.382683,0.92388,4,11,61,52,1024.4,1020.2,1,1,20.1,23.7,10.4496,7.76167,3.6,-4.2,0
-0.534373,-0.845249,13.1,25.4,0,4.8,10.3,0.92388,0.382683,26,-0.707107,-0.707107,0.92388,0.382683,4,9,71,53,1024,1019.5,1,1,19.7,23.6,10.1494,5.41148,3.9,-4.5,0
-0.519744,-0.854322,14.2,26.8,0,4.6,10.2,0.707107,0.707107,19,0.92388,0.382683,0.707107,0.707107,4,9,67,58,1023.3,1019.2,1,2,21.8,25.9,8.90875,6.40728,4.1,-4.1,0
-0.504961,-0.863142,16.6,26.1,0,4.2,9.6,-0.382683,0.92388,30,-0.707107,0.707107,-0.382683,0.92388,9,11,59,47,1025.7,1023.4,2,3,23.7,23.8,12,8.49708,0.1,-2.3,0
-0.490029,-0.871706,13.7,25.6,0,6.6,6.7,6.12323e-17,1,31,-0.707107,-0.707107,-0.382683,0.92388,4,13,64,54,1029.3,1026.4,7,3,19.6,23.2,9.8323,7.0015,3.6,-2.9,0
-0.474951,-0.880012,15.1,23.5,0,5.2,8.9,-0.382683,0.92388,41,-0.92388,0.382683,-0.707107,0.707107,6,15,66,49,1031.1,1028.7,6,3,19.4,22.1,11.2223,6.52097,2.7,-2.4,0
-0.459733,-0.888057,12.6,23.5,0.4,7.2,10.5,-0.382683,0.92388,31,-0.92388,-0.382683,-0.382683,0.92388,4,15,52,44,1031.4,1029.2,2,2,20.6,21.8,12.803,10.2081,1.2,-2.2,0
-0.444378,-0.895839,12.2,24.3,0,6.4,9.8,0.707107,0.707107,24,-0.92388,-0.382683,-0.382683,0.92388,4,7,59,44,1030.5,1026.8,2,1,19.6,23.1,12.9284,8.23682,3.5,-3.7,0
-0.428892,-0.903356,11,24.7,0,4.6,10.7,0.382683,0.92388,20,-0.707107,-0.707107,0.707107,0.707107,6,7,65,46,1029.9,1025.4,1,0,18.1,23.6,12.3073,6.68704,5.5,-4.5,0
-0.413279,-0.910605,12.3,25.6,0,4.2,10.6,1,0,24,-1.83697e-16,-1,0.92388,0.382683,4,7,63,54,1028.4,1023.5,0,0,20,23.5,9.8545,7.26382,3.5,-4.9,0
-0.397543,-0.917584,12.1,26.2,0,5.8,10.1,0.707107,0.707107,20,-0.382683,0.92388,0.707107,0.707107,4,9,63,49,1025.3,1020.6,1,3,21.4,24,11.3835,7.34184,2.6,-4.7,0
-0.381689,-0.924291,12,25,0,5.2,10.4,0.382683,0.92388,22,-0.382683,0.92388,0.707107,0.707107,4,7,62,45,1023.6,1018.8,1,1,21.4,24.1,12.686,7.58864,2.7,-4.8,0
-0.365723,-0.930724,15.7,26.5,0,6,7.1,0.707107,0.707107,26,0.382683,-0.92388,0.707107,0.707107,4,9,66,60,1016.9,1011.4,5,7,21.7,24.1,8.25976,6.63666,2.4,-5.5,0
-0.349647,-0.936881,13.1,31.5,0,3.6,10.7,0.92388,0.382683,20,-0.707107,-0.707107,0.707107,0.707107,2,7,59,44,1013.7,1008.7,1,1,22,27.7,13.3768,8.38869,5.7,-5,0
-0.333469,-0.942761,15.2,30.9,0,4.8,10.6,0.382683,0.92388,28,-0.707107,-0.707107,0.382683,0.92388,6,15,44,66,1014.6,1010.6,1,1,23.2,25.4,6.82485,12.9381,2.2,-4,0
-0.317191,-0.948362,16.9,26.1,0,5.6,8,6.12323e-17,1,30,-0.382683,0.92388,6.12323e-17,1,9,15,58,60,1017.4,1016,2,3,24.2,23.2,8.20396,8.79613,-1,-1.4,0
-0.30082,-0.953681,19.6,26,0.2,6.2,8.8,0.707107,0.707107,31,0.707107,0.707107,0.707107,0.707107,9,13,71,71,1016.7,1010.5,5,2,23.2,25,5.63419,5.55806,1.8,-6.2,0
-0.284359,-0.958718,15.1,27.8,0,5,10.7,0.382683,0.92388,24,-0.92388,0.382683,0.707107,0.707107,7,9,52,48,1016.9,1013.3,1,1,24,25.8,11.8556,10.4731,1.8,-3.6,0
-0.25119,-0.967938,17,29.1,11.8,3.8,8.2,0.382683,-0.92388,37,1,0,0.707107,-0.707107,6,9,75,45,1009.4,1003,6,4,21.7,29,13.1534,4.63135,7.3,-6.4,1
-0.234491,-0.972118,12.6,29.4,0.2,5,11.3,-1.83697e-16,-1,37,0.382683,-0.92388,-1.83697e-16,-1,6,13,41,22,1010.4,1006.1,1,0,23.7,29.2,23.9199,14.0435,5.5,-4.3,0
-0.217723,-0.976011,12.6,30,0,5,9.5,0.382683,0.92388,22,0.92388,0.382683,0.382683,0.92388,4,11,60,52,1010.1,1004.3,0,1,22.9,28.9,10.8609,8.1854,6,-5.8,0
-0.200891,-0.979614,15.2,28.1,0,5.8,11.4,-1.83697e-16,-1,37,-0.382683,-0.92388,-1.83697e-16,-1,7,15,28,20,1012.4,1008.6,0,0,24,27.9,25.0489,19.6434,3.9,-3.8,0
-0.183998,-0.982927,10.9,25,0,11.4,11,0.382683,0.92388,24,-0.92388,-0.382683,6.12323e-17,1,2,13,32,43,1014.7,1011.7,0,1,22.4,23.3,13.2919,17.5136,0.9,-3,0
-0.167052,-0.985948,14.7,25.4,0,5.8,10.5,0.382683,0.92388,28,-1,1.22465e-16,0.92388,0.382683,2,11,57,57,1016.1,1012.3,2,1,21.6,23.9,9.04685,8.89117,2.3,-3.8,0
-0.150055,-0.988678,14.4,27.9,0,6,11,0.707107,0.707107,20,-0.707107,-0.707107,0.707107,0.707107,6,7,65,47,1017.4,1012.3,5,1,21.6,27.4,12.3249,6.86883,5.8,-5.1,0
-0.133015,-0.991114,15.3,32.8,0,4.8,10.4,0.707107,-0.707107,28,0.382683,0.92388,0.707107,0.707107,4,13,57,44,1013.4,1007.5,1,2,23.9,29.4,13.5444,9.04685,5.5,-5.9,0
-0.115935,-0.993257,16.3,31.2,0,7.8,10.8,6.12323e-17,1,24,-0.707107,-0.707107,0.707107,0.707107,4,13,48,26,1012.3,1010.2,0,0,27.7,29.3,21.5088,12.0233,1.6,-2.1,0
-0.0988201,-0.995105,18.6,29.3,0,6.4,9.8,0.92388,0.382683,26,6.12323e-17,1,0.707107,0.707107,2,9,73,61,1013.7,1008.9,2,0,24.3,28.1,8.24316,5.15889,3.8,-4.8,0
-0.0816764,-0.996659,19.3,28.1,0,5.6,11,-0.382683,0.92388,37,-0.707107,0.707107,6.12323e-17,1,19,20,45,51,1017.9,1015.4,0,0,26,24.8,10.8359,12.8663,-1.2,-2.5,0
-0.0645084,-0.997917,18,27.1,0.2,8.8,2.1,0.382683,0.92388,20,-0.92388,-0.382683,0.382683,-0.92388,4,6,83,52,1017.8,1012.8,8,6,19.4,25.1,10.5596,2.96569,5.7,-5,0
-0.0473214,-0.99888,14.8,30.1,0.4,1.6,11,6.12323e-17,1,39,-0.92388,-0.382683,6.12323e-17,1,6,17,52,55,1015.9,1013.4,1,2,26.6,25.4,9.70897,10.678,-1.2,-2.5,0
-0.0301203,-0.999546,16.4,27,0,7,9.5,0.92388,0.382683,22,0.707107,0.707107,0.707107,0.707107,4,9,66,63,1021.1,1017.2,7,5,22.9,24.6,7.52167,6.69741,1.7,-3.9,0
-0.0129103,-0.999917,18.4,30.8,0,5.2,10.2,0.707107,0.707107,33,1,0,0.92388,0.382683,7,13,63,60,1018.7,1012.3,2,7,24.7,28.1,8.50999,7.52733,3.4,-6.4,0
0.00430354,-0.999991,18,29.7,1.2,8,9.2,-1.83697e-16,-1,24,0.707107,0.707107,0.707107,0.707107,6,11,61,39,1017.1,1012.5,2,1,23.5,27.5,15.2072,7.96459,4,-4.6,1
0.0215161,-0.999769,17.1,32.6,0,6.2,11.1,-1.83697e-16,-1,44,0.92388,0.382683,-1.83697e-16,-1,2,17,56,19,1012,1008,1,2,26.5,31.2,26.3823,9.5044,4.7,-4,0
0.0387223,-0.99925,12.8,24.9,0,15,11.3,6.12323e-17,1,26,-0.92388,-0.382683,0.382683,0.92388,6,13,33,35,1019.9,1016.9,0,1,20.8,22.4,16.2221,16.8691,1.6,-3,0
0.055917,-0.998435,12.7,29.4,0,6.2,11.4,-0.92388,0.382683,19,-0.707107,-0.707107,0.382683,0.92388,4,11,52,36,1019.3,1013.4,0,0,21.1,26.1,16.2523,10.2469,5,-5.9,0
0.0730951,-0.997325,13.4,31.6,0,6.6,11.8,0.707107,0.707107,26,6.12323e-17,1,0.707107,0.707107,6,11,50,39,1014.5,1008.5,0,0,24.4,29.5,15.4308,11.1079,5.1,-6,0
0.0902516,-0.995919,15.2,34.7,0,5.4,10.5,-0.707107,0.707107,43,6.12323e-17,1,0.382683,0.92388,2,9,45,37,1009.6,1004,0,3,26.9,30.8,16.3946,12.9521,3.9,-5.6,0
0.107381,-0.994218,18.2,31,0,7.4,10.5,0.382683,0.92388,33,-1.83697e-16,-1,0.707107,0.707107,4,13,57,54,1013,1009,4,2,23.9,25.5,10.0031,9.04685,1.6,-4,0
0.124479,-0.992222,15.1,26.2,0,8.2,11.9,0.382683,0.92388,28,-0.382683,0.92388,0.707107,0.707107,4,11,46,49,1021.5,1018.9,2,1,23.2,23.7,11.3579,12.2705,0.5,-2.6,0
0.14154,-0.989932,14.3,28.3,0,6.8,11.5,0.707107,0.707107,30,-1.83697e-16,-1,0.707107,0.707107,4,15,52,52,1019.9,1013.3,0,0,23.4,26.8,10.6939,10.4261,3.4,-6.6,0
0.158559,-0.987349,16.3,31.7,0,7.8,11.6,-0.382683,0.92388,41,1,0,0.382683,0.92388,6,11,40,46,1012.8,1009.2,0,1,27,30.1,12.9121,14.7669,3.1,-3.6,0
0.175531,-0.984474,20.7,28,0,7.6,8.6,0.707107,0.707107,30,6.12323e-17,1,0.707107,0.707107,11,11,77,60,1018.2,1014.1,7,5,23.8,26.9,8.43454,4.2825,3.1,-4.1,0
0.192452,-0.981306,18.7,30.9,0,7.6,11.2,0.92388,0.382683,31,0.92388,-0.382683,0.707107,0.707107,9,13,49,55,1015,1008.5,1,1,25.9,27.4,9.85438,11.5457,1.5,-6.5,0
0.209315,-0.977848,20.9,29,0,10.6,11.7,-1.83697e-16,-1,48,-1.83697e-16,-1,-0.707107,-0.707107,13,9,26,14,1013.1,1012,1,0,24.9,28.3,30.0588,20.8334,3.4,-1.1,0
0.226116,-0.9741,13.8,27,0,12,12.2,0.382683,0.92388,26,1,0,0.382683,0.92388,4,11,53,40,1022.2,1019,2,1,22.8,24.9,14.54,10.0886,2.1,-3.2,0
0.24285,-0.970064,16,26.6,0,6.6,8.8,0.92388,0.382683,31,1,0,0.707107,0.707107,7,15,54,51,1023.7,1019.1,2,6,23.2,24,10.7713,9.8323,0.8,-4.6,0
0.259512,-0.96574,15.8,27.8,0,8.4,11.8,0.707107,0.707107,33,1,0,0.92388,0.382683,9,15,48,57,1020.3,1015.4,1,2,25.3,25.4,9.14908,11.8117,0.1,-4.9,0
0.276097,-0.96113,18.4,24.8,0,8,2,6.12323e-17,1,31,-1,1.22465e-16,-0.707107,0.707107,7,6,72,88,1020.4,1019.8,7,7,22.3,20,2.05154,5.29935,-2.3,-0.6,0
0.2926,-0.956235,15,27.4,12.2,4.4,11.9,6.12323e-17,1,30,-1,1.22465e-16,6.12323e-17,1,7,15,50,50,1024.5,1020,1,2,23.6,25.4,11.191,11.0416,1.8,-4.5,1
0.309017,-0.951057,16.9,27.4,0,7.6,10,6.12323e-17,1,28,-0.382683,0.92388,0.382683,0.92388,7,17,62,62,1022.8,1018.9,4,6,23.9,24.3,7.75692,7.7336,0.4,-3.9,0
0.325342,-0.945596,18,28,0,6,11.7,0.382683,0.92388,24,0.92388,0.382683,0.382683,0.92388,4,11,58,53,1020.7,1017.1,6,1,24.8,26.6,10.3792,8.8358,1.8,-3.6,0
0.341571,-0.939856,17.8,28.4,0,8,11.2,0.707107,0.707107,26,0.707107,-0.707107,0.707107,0.707107,7,11,61,47,1019.3,1014.9,2,1,24.3,26.4,12.2342,8.0127,2.1,-4.4,0
0.357698,-0.933837,19.5,29.6,0,7.6,11.4,0.382683,0.92388,31,0.707107,-0.707107,0.92388,0.382683,9,13,56,56,1015.7,1011.1,1,1,25.4,27.3,9.56101,9.42684,1.9,-4.6,0
0.37372,-0.927542,20.1,33,0,10.6,7.4,-1.83697e-16,-1,24,1,0,-1.83697e-16,-1,7,4,47,44,1013.2,1011.6,4,8,28.1,28.4,13.4457,12.3885,0.3,-1.6,0
0.38963,-0.920971,19.2,26.2,0.2,5.2,8.7,-0.382683,0.92388,39,-0.707107,0.707107,6.12323e-17,1,19,15,56,55,1021.6,1019.5,7,3,23.9,23.6,9.579,9.32156,-0.3,-2.1,0
0.405426,-0.914128,16.8,29.2,0,7.6,11.9,0.707107,0.707107,26,0.92388,0.382683,1,0,6,9,55,50,1020.9,1015.6,1,1,25.3,27.9,11.4001,9.70173,2.6,-5.3,0
0.421101,-0.907014,17.9,26.7,0,7.8,11.5,-0.382683,0.92388,30,-0.382683,0.92388,0.382683,0.92388,11,15,57,48,1021.9,1019,6,1,24,25.2,11.8029,9.05364,1.2,-2.9,0
0.436651,-0.899631,16.6,26.8,0,9.6,10.3,0.707107,0.707107,37,0.707107,0.707107,0.707107,0.707107,7,13,59,57,1022,1017.1,7,1,23.6,25.4,9.14908,8.49068,1.8,-4.9,0
0.452072,-0.891981,19,31.3,0,8,7.7,0.707107,0.707107,35,1,0,6.12323e-17,1,9,13,51,80,1015.5,1010.7,1,7,26,24.5,3.68453,10.9332,-1.5,-4.8,0
0.467359,-0.884068,16.5,27.2,8.8,6.6,6.8,6.12323e-17,1,37,-0.92388,0.382683,-0.382683,0.92388,11,17,67,51,1015.6,1013.6,7,1,21.9,25.4,10.8845,6.41216,3.5,-2,1
0.482508,-0.875892,18.4,26.3,0.2,8.4,10.2,6.12323e-17,1,31,-0.382683,0.92388,6.12323e-17,1,11,13,58,51,1020.4,1017.8,4,2,22.7,25.1,10.8602,8.69734,2.4,-2.6,0
0.497513,-0.867456,15.6,26.5,0,9,12.5,0.382683,0.92388,30,6.12323e-17,1,0.382683,0.92388,6,13,46,38,1023.1,1020,4,2,24.5,25.2,15.3404,12.3902,0.7,-3.1,0
0.512371,-0.858764,15.5,28.2,0,8.4,12.3,0.707107,0.707107,26,0.707107,0.707107,0.92388,0.382683,4,11,52,46,1022,1017.5,3,5,24.8,26.1,12.5383,10.536,1.3,-4.5,0
0.527078,-0.849817,17.1,31.3,0,7.6,12.2,0.382683,0.92388,24,-0.707107,-0.707107,0.707107,0.707107,2,11,47,53,1018.3,1012.5,1,1,25.4,28.6,10.5338,12.1439,3.2,-5.8,0
0.541628,-0.840618,20,26.1,0,8.4,8.2,6.12323e-17,1,37,-0.707107,0.707107,-0.382683,0.92388,9,19,56,56,1017.7,1016.8,4,7,23.9,23,9.25866,9.32156,-0.9,-0.9,0
0.556017,-0.831171,16.7,24.9,0,14.4,10.3,-0.382683,0.92388,61,6.12323e-17,1,6.12323e-17,1,13,19,50,54,1024.3,1021.5,3,2,22.2,23.1,9.82491,10.9261,0.9,-2.8,0
0.570242,-0.821477,15.9,26.3,0,5,9.7,0.707107,0.707107,26,-0.382683,0.92388,0.382683,0.92388,9,13,38,45,1022.9,1018.8,7,7,23.4,23.6,12.6388,15.1371,0.2,-4.1,0
0.584298,-0.811539,14.5,27.8,0,7.6,12.5,0.382683,0.92388,24,-1.83697e-16,-1,0.707107,0.707107,4,11,47,43,1019.3,1015.1,1,1,23.4,26,13.5612,11.9641,2.6,-4.2,0
0.598181,-0.801361,15.1,29.2,0,7.4,12.1,0.707107,0.707107,31,-1.83697e-16,-1,0.92388,0.382683,4,13,49,39,1016.6,1012.9,0,1,24.7,26.6,15.1071,11.4431,1.9,-3.7,0
0.611886,-0.790946,17.1,29.7,0,9.6,12.2,0.707107,0.707107,37,0.92388,0.382683,0.707107,0.707107,6,11,46,57,1014.6,1010.4,0,2,26.6,26.4,9.21754,12.5847,-0.2,-4.2,0
0.625411,-0.780296,20.3,30.9,0,9.6,8.2,-1,1.22465e-16,31,-0.707107,0.707107,6.12323e-17,1,2,13,51,57,1012.2,1010.5,2,6,27.2,27.1,9.26561,11.0308,-0.1,-1.7,0
0.638749,-0.769415,20.7,28.7,4,7.4,6.1,0.707107,0.707107,31,1,0,0.92388,0.382683,9,13,53,57,1014.5,1011.3,7,7,26.4,26.8,9.24499,10.3638,0.4,-3.2,1
0.651899,-0.758306,21.2,29.1,1.8,6.4,10.7,0.707107,0.707107,33,0.92388,0.382683,0.92388,0.382683,9,13,59,53,1015.7,1012.8,5,2,26,27.6,10.4563,8.64479,1.6,-2.9,1
0.664855,-0.746972,19,30.1,5.8,7.6,10.9,0.382683,0.92388,30,0.382683,-0.92388,0.382683,0.92388,7,15,61,60,1015.9,1012.2,3,3,26,28.1,8.50999,8.11541,2.1,-3.7,1
0.677615,-0.735417,19.4,27.7,12.8,6.4,6.6,-0.92388,0.382683,35,0.92388,-0.382683,0.382683,0.92388,6,13,67,64,1015.4,1010.1,6,2,25.8,27.4,7.4263,6.60382,1.6,-5.3,1
0.690173,-0.723644,17.1,29.1,22.4,7.4,11.6,0.707107,0.707107,24,0.382683,0.92388,0.707107,0.707107,9,9,64,63,1013.7,1009.3,1,5,25.5,26.7,7.64084,7.3217,1.2,-4.4,1
0.702527,-0.711657,20.2,27.2,0,8,6.9,0.382683,0.92388,33,6.12323e-17,1,0.382683,0.92388,9,17,58,63,1011.3,1007.4,6,6,24.7,24.8,7.53298,8.82919,0.1,-3.9,0
0.714673,-0.699458,18.4,25.5,0,5.6,2.2,0.382683,0.92388,20,-0.382683,0.92388,0.382683,0.92388,4,4,64,70,1012,1010.2,8,7,22.9,23.1,5.77876,7.17974,0.2,-1.8,0
0.726608,-0.687053,17.3,28.4,9.2,3,9.1,-0.707107,-0.707107,39,0.382683,-0.92388,0.92388,0.382683,4,7,65,53,1011,1006.2,1,6,22.2,25,10.2564,6.90023,2.8,-4.8,1
0.738326,-0.674444,14.7,31,5.8,6.4,12.4,-0.382683,-0.92388,28,-1.83697e-16,-1,6.12323e-17,1,13,15,51,47,1008.9,1005.6,1,6,24.1,27.3,12.3158,10.7794,3.2,-3.3,1
0.749826,-0.661635,17.6,28.8,0,8,12.9,6.12323e-17,1,28,-1.83697e-16,-1,6.12323e-17,1,6,11,57,56,1011.1,1008.2,3,2,25.1,27.4,9.56809,9.12859,2.3,-2.9,0
0.761104,-0.64863,17.8,28.8,0,7.6,13,6.12323e-17,1,26,-0.92388,0.382683,0.382683,0.92388,6,11,56,53,1012.9,1009.8,3,1,25.5,27.4,10.4409,9.43387,1.9,-3.1,0
0.772157,-0.635432,18.8,28.1,0,7.6,9.1,0.382683,0.92388,26,-0.707107,0.707107,0.382683,0.92388,4,11,55,60,1012.3,1009.2,2,7,26.2,25.7,8.35942,9.76701,-0.5,-3.1,0
0.78298,-0.622047,22.1,29.4,0.2,7.2,8.4,-1.83697e-16,-1,43,0.92388,-0.382683,0.92388,0.382683,6,13,62,62,1009.5,1004.9,7,1,26.3,27.8,7.9624,7.87402,1.5,-4.6,0
0.793572,-0.608477,19.9,31.2,10.6,7.6,8.7,-1,1.22465e-16,37,0.92388,-0.382683,0.92388,0.382683,6,4,67,72,1006.8,1002.1,5,5,27.4,25.2,5.41699,6.68324,-2.2,-4.7,1
0.803928,-0.594727,20.2,29.3,8.8,6.8,11.3,0.707107,0.707107,30,-0.92388,0.382683,6.12323e-17,1,4,15,59,61,1006.1,1003.8,4,7,27,26,8.11541,8.7094,-1,-2.3,1
0.814046,-0.5808,20.4,27.2,0,7.8,11.5,-0.382683,0.92388,35,-0.707107,0.707107,-0.382683,0.92388,6,15,54,55,1011.7,1010.5,5,2,25.2,25.5,9.71622,9.98074,0.3,-1.2,0
0.823923,-0.566702,16.3,27.1,0,10.4,12.7,0.382683,0.92388,28,-1,1.22465e-16,0.382683,0.92388,6,11,45,49,1016.5,1013.6,1,2,24.3,25.2,11.4858,12.7049,0.9,-2.9,0
0.833556,-0.552435,17.1,28.9,0,7,12.9,0.707107,0.707107,28,0.92388,0.382683,0.707107,0.707107,6,11,56,56,1015.1,1010.9,1,1,25.4,27.1,9.54684,9.42684,1.7,-4.2,0
0.842942,-0.538005,18.4,33.5,0,8.6,10.1,0.707107,0.707107,33,-1.83697e-16,-1,0.92388,0.382683,6,11,49,60,1009.9,1005.4,5,7,27.4,29.6,8.60476,11.6746,2.2,-4.5,0
0.852078,-0.523416,19.1,24.4,23.4,8.8,1.6,-0.707107,0.707107,35,-0.92388,-0.382683,-1,1.22465e-16,6,9,94,74,1013,1014.4,8,7,19.4,21.9,4.85081,0.992478,2.5,1.4,1
0.860961,-0.508671,16,25.6,14,3.6,12.8,-0.707107,0.707107,39,-0.92388,0.382683,-0.382683,0.92388,7,17,50,48,1022,1019.2,4,2,24,23.6,11.6629,11.0747,-0.4,-2.8,1
0.869589,-0.493776,16,27,0,9,13.1,6.12323e-17,1,28,-0.92388,0.382683,6.12323e-17,1,7,13,45,45,1021.1,1016.5,2,2,23.6,25.2,12.7902,12.6388,1.6,-4.6,0
0.87796,-0.478734,15.2,27.8,0,8,13,6.12323e-17,1,28,-1,1.22465e-16,0.382683,0.92388,6,11,47,52,1016.9,1013.3,2,2,24.4,25.8,10.6148,12.0538,1.4,-3.6,0
0.886071,-0.46355,16.2,28.3,0,8.2,12.5,0.92388,0.382683,26,-1.83697e-16,-1,0.707107,0.707107,6,9,57,47,1013.3,1007.8,3,6,23.2,27.1,12.2976,8.99933,3.9,-5.5,0
0.893919,-0.448229,19.9,35.5,0,8.8,9.4,0.382683,-0.92388,30,0.707107,-0.707107,0.92388,0.382683,7,11,51,49,1004.4,999.3,2,6,27.8,31.4,12.0215,11.0798,3.6,-5.1,0
0.901502,-0.432776,17.6,29.8,0.8,8.6,12.8,-0.382683,-0.92388,28,-0.707107,-0.707107,6.12323e-17,1,9,15,24,36,1013.7,1012.1,5,1,23.4,25.6,16.1926,21.7279,2.2,-1.6,0
0.908818,-0.417194,15,26.9,0,3.8,12.9,6.12323e-17,1,26,6.12323e-17,1,0.382683,0.92388,7,11,46,37,1021,1018.1,1,1,24.5,26.3,15.8659,12.3902,1.8,-2.9,0
0.915864,-0.401488,17,27.6,0,12.2,13.1,6.12323e-17,1,24,0.707107,0.707107,0.92388,0.382683,4,7,49,48,1019.9,1016.4,4,2,24.6,27,11.9614,11.4346,2.4,-3.5,0
0.92264,-0.385663,16.9,27.7,0,8.6,13.1,0.382683,0.92388,31,0.92388,0.382683,0.92388,0.382683,7,13,52,48,1015.9,1011.6,2,4,25.7,26.4,11.9084,10.6069,0.7,-4.3,0
0.929141,-0.369725,19.5,29.6,0,9.6,10,0.707107,0.707107,28,0.707107,0.707107,0.707107,0.707107,6,11,54,55,1010.8,1007.6,7,7,26.3,27.1,9.8325,10.0628,0.8,-3.2,0
0.935368,-0.353676,22.8,30.8,0,9.4,3.6,0.707107,0.707107,22,1,0,0.707107,0.707107,7,9,54,65,1009.3,1006.2,7,6,27.6,27.5,7.18063,10.1603,-0.1,-3.1,0
0.941317,-0.337523,21.3,27.3,2,3.4,0.2,0.382683,-0.92388,17,-0.707107,-0.707107,-0.707107,0.707107,6,2,85,83,1009.6,1008.7,8,8,23.3,24.4,3.08147,2.66931,1.1,-0.9,1
0.946988,-0.32127,19.2,30.1,0.4,1.4,11.9,0.382683,0.92388,28,-0.382683,0.92388,6.12323e-17,1,4,6,58,70,1012.5,1010.7,1,4,26.9,26.1,5.91097,8.97532,-0.8,-1.8,0
0.952378,-0.304921,19.4,30.2,0.4,6.8,12.9,0.382683,0.92388,26,-0.707107,-0.707107,0.382683,0.92388,2,13,64,56,1014.7,1011.7,4,2,25.8,28.2,9.62488,7.33817,2.4,-3,0
0.957485,-0.288482,20.5,30.5,0.2,8,10.7,6.12323e-17,1,26,6.12323e-17,1,0.382683,0.92388,6,13,62,47,1016.7,1013.8,3,2,27.1,28.7,12.4432,7.9211,1.6,-2.9,0
0.962309,-0.271958,21.3,29.7,0,9.8,10,6.12323e-17,1,28,0.382683,0.92388,0.382683,0.92388,7,15,50,49,1018.3,1015.6,5,5,27.3,28,11.7263,11.3497,0.7,-2.7,0
0.966848,-0.255353,20.7,28,0,9,6.9,6.12323e-17,1,33,-0.382683,0.92388,6.12323e-17,1,9,17,61,52,1019.3,1017.7,7,5,24.6,26.1,10.6385,8.03078,1.5,-1.6,0
0.9711,-0.238673,18.1,29.3,0,7.8,12.6,6.12323e-17,1,39,-0.707107,0.707107,-0.382683,0.92388,11,19,55,38,1021.4,1019.9,5,1,25.5,27,15.545,9.71622,1.5,-1.5,0
0.975065,-0.221922,18.1,28.7,0.2,10.6,11.2,6.12323e-17,1,31,-0.382683,0.92388,-0.382683,0.92388,13,13,50,40,1022.1,1019.8,5,2,26,27.4,14.8103,11.241,1.4,-2.3,0
0.97874,-0.205104,17.7,29.2,0,9.2,13.2,6.12323e-17,1,26,-0.382683,0.92388,0.382683,0.92388,7,13,54,50,1021.1,1017.2,3,1,26.9,27.5,11.3665,10.1078,0.6,-3.9,0
0.982126,-0.188227,20.1,30.9,0,9,12.3,0.707107,0.707107,28,0.92388,-0.382683,0.707107,0.707107,4,13,49,42,1017.4,1014.1,2,1,27.1,28.8,14.2085,11.6487,1.7,-3.3,0
0.98522,-0.171293,19,30,0,9.4,12.7,0.382683,0.92388,26,0.92388,-0.382683,0.382683,0.92388,4,11,54,52,1017.6,1014.9,2,2,26.2,28.4,10.821,10.0554,2.2,-2.7,0
0.988023,-0.154309,21.5,30.1,0,9,12.9,0.707107,0.707107,31,1,0,0.707107,0.707107,9,11,51,54,1016,1013.2,3,3,26.7,28.1,10.1979,10.9901,1.4,-2.8,0
0.990532,-0.137279,19.7,32.5,0,11,12,0.382683,0.92388,26,-0.92388,-0.382683,0.92388,0.382683,6,9,49,47,1015.9,1013.3,3,6,28,30.8,12.6355,11.7263,2.8,-2.6,0
0.992749,-0.120208,22.7,30.7,0,10,9.3,0.382683,0.92388,26,0.382683,0.92388,0.707107,0.707107,7,9,62,54,1017,1014,7,7,26.8,29,10.2657,7.90343,2.2,-3,0
0.994671,-0.103102,22.5,32.7,0,7.8,9.8,0.707107,0.707107,24,0.707107,-0.707107,0.707107,0.707107,7,11,52,57,1012.9,1008.7,4,6,28.8,29,9.39669,10.8529,0.2,-4.2,0
0.996298,-0.0859648,22.6,31,0,7.2,6.5,-0.382683,0.92388,33,6.12323e-17,1,-0.707107,0.707107,9,15,76,60,1010.6,1008.2,7,7,26.1,27.3,8.45966,4.5717,1.2,-2.4,0
0.99763,-0.0688024,22,29.8,0,7.8,4.1,0.382683,0.92388,26,0.382683,0.92388,0.382683,0.92388,6,9,59,61,1011.7,1008.5,7,3,27,28.5,8.26761,8.7094,1.5,-3.2,0
0.998667,-0.0516197,23.4,34.8,0,6,11.5,-0.382683,-0.92388,33,0.707107,-0.707107,0.92388,0.382683,4,9,55,52,1009.3,1004.7,1,1,29.5,33,11.1905,10.0082,3.5,-4.6,0
0.999407,-0.0344216,22,31.1,1.2,11,8.8,-0.382683,0.92388,31,-0.382683,0.92388,-0.382683,0.92388,7,13,57,51,1012.9,1009.6,7,2,26.6,28.2,11.1125,9.23126,1.6,-3.3,1
0.999852,-0.0172134,23.2,29,0,9,0.5,6.12323e-17,1,20,-0.382683,0.92388,-0.382683,0.92388,6,9,66,60,1011.2,1009.5,8,6,25.8,28,8.50369,6.84535,2.2,-1.7,0
1,0,20.6,30.6,0,3.4,12.5,0.382683,0.92388,31,-0.707107,0.707107,0.382683,0.92388,7,11,52,52,1015.2,1013.1,4,1,28.8,28.9,10.8609,10.8529,0.1,-2.1,0
0.999852,0.0172134,21.1,31.8,0,9,8.6,0.707107,0.707107,24,0.92388,-0.382683,0.92388,0.382683,6,9,58,54,1011.9,1008.1,7,7,26.8,29.8,10.3262,8.96866,3,-3.8,0
0.999407,0.0344216,22.7,34.5,1,8.6,11.2,0.92388,0.382683,35,0.92388,0.382683,0.92388,0.382683,4,15,55,57,1006.7,1001.7,2,2,30.6,32,9.60547,10.0892,1.4,-5,0
0.998667,0.0516197,23.8,38.7,0,10.4,12.8,6.12323e-17,1,30,1,0,0.707107,0.707107,7,15,45,47,1001.3,997.5,1,1,34.4,35.5,13.071,13.6778,1.1,-3.8,0
0.99763,0.0688024,23.9,33.6,0,11,6.1,0.382683,0.92388,26,-0.92388,-0.382683,0.382683,0.92388,4,13,64,59,1008.4,1005.5,8,4,27.8,31.6,9.00958,7.44842,3.8,-2.9,0
0.996298,0.0859648,25.9,34.8,0,4.2,6.4,-1.83697e-16,-1,46,0.707107,0.707107,0.382683,0.92388,2,11,68,66,1007.9,1004.9,6,6,29.4,30.3,7.07801,6.53838,0.9,-3,0
0.992749,0.120208,21.8,29.6,0.4,13,9.3,-0.382683,0.92388,33,6.12323e-17,1,-0.382683,0.92388,15,17,50,48,1018.3,1016.7,7,7,27.3,28.1,12.0588,11.3497,0.8,-1.6,0
0.990532,0.137279,20.4,28.6,0.2,8.2,4.9,6.12323e-17,1,31,-0.707107,0.707107,6.12323e-17,1,9,13,66,41,1020.9,1018.7,8,7,23.6,27.1,14.4012,6.73298,3.5,-2.2,0
0.988023,0.154309,19.4,27.8,1.4,7,1.5,6.12323e-17,1,30,-0.92388,0.382683,0.382683,0.92388,7,9,65,61,1020.4,1018.3,5,7,25.8,25.9,8.10935,7.0901,0.1,-2.1,1
0.98522,0.171293,19.6,29.8,0,4.4,10.5,0.382683,0.92388,26,6.12323e-17,1,6.12323e-17,1,7,11,52,45,1018.9,1015.2,5,2,27.2,28.8,13.1342,10.7256,1.6,-3.7,0
0.982126,0.188227,19.5,30.6,0,8.4,10.5,6.12323e-17,1,33,-0.92388,0.382683,6.12323e-17,1,6,15,51,50,1016.5,1014.3,4,2,27.8,28.6,11.4589,11.0798,0.8,-2.2,0
0.97874,0.205104,19.5,29.6,0,8.4,13.2,-0.382683,0.92388,35,-0.92388,0.382683,6.12323e-17,1,11,15,58,51,1018.3,1016.4,4,1,25.9,28.2,11.1125,8.90875,2.3,-1.9,0
0.975065,0.221922,20.4,30.2,0,9.2,12.7,6.12323e-17,1,33,6.12323e-17,1,6.12323e-17,1,11,15,49,55,1019.7,1018.8,4,4,27.3,27.1,9.8325,11.666,-0.2,-0.9,0
0.9711,0.238673,19.1,30.4,0,8.6,12.2,6.12323e-17,1,31,6.12323e-17,1,6.12323e-17,1,13,19,56,49,1021.3,1019.4,3,2,27.4,28.4,11.7609,9.56809,1,-1.9,0
0.962309,0.271958,20.8,30.8,0.2,10.4,12.2,6.12323e-17,1,35,6.12323e-17,1,6.12323e-17,1,13,15,55,47,1016.4,1013.5,3,1,26.5,28.8,12.4523,9.78882,2.3,-2.9,0
0.957485,0.288482,20.1,30.4,0,9.6,11.4,0.382683,0.92388,37,-0.707107,0.707107,6.12323e-17,1,6,11,54,44,1014.1,1010.7,4,2,27.3,29.8,13.5839,10.1378,2.5,-3.4,0
0.952378,0.304921,20.1,31.8,0,9.6,12.2,0.382683,0.92388,28,-0.707107,0.707107,0.382683,0.92388,6,15,56,51,1009.7,1006.2,4,1,26.6,29.3,11.2027,9.51147,2.7,-3.5,0
0.946988,0.32127,20.5,33.5,0,8,12.6,0.707107,0.707107,30,-1,1.22465e-16,0.707107,0.707107,6,13,58,48,1009.1,1005.6,2,1,28.3,31.7,12.38,9.06892,3.4,-3.5,0
0.941317,0.337523,23.6,32.9,0,8.6,12.5,0.92388,0.382683,39,0.92388,0.382683,0.92388,0.382683,6,15,53,62,1009.6,1005.2,1,1,30.2,31.1,8.15853,10.6582,0.9,-4.4,0
0.935368,0.353676,25.5,35.3,0,10,8.2,6.12323e-17,1,33,-1,1.22465e-16,6.12323e-17,1,6,15,55,54,1011.4,1010.6,5,3,31,33.4,10.6005,10.1187,2.4,-0.8,0
0.929141,0.369725,23.9,30.1,2.2,8.4,3.9,-0.707107,0.707107,35,0.707107,-0.707107,6.12323e-17,1,4,9,80,89,1016.6,1015.1,6,8,26.6,23.9,1.92838,3.74336,-2.7,-1.5,1
0.915864,0.401488,23.6,28.7,2,3,1.2,-0.707107,0.707107,37,-1.83697e-16,-1,-0.707107,0.707107,9,19,69,65,1009.6,1009.3,7,7,27.8,26.7,7.13796,6.22238,-1.1,-0.3,1
0.908818,0.417194,21.4,28.5,1.2,6.4,8.9,-0.707107,0.707107,46,-0.707107,0.707107,-0.707107,0.707107,11,19,60,46,1018.7,1017.7,7,6,25.3,27.4,12.6592,8.33445,2.1,-1,1
0.901502,0.432776,19.8,28.6,0,9.2,7.3,-0.382683,0.92388,37,-0.382683,0.92388,6.12323e-17,1,13,20,49,50,1020,1018.9,7,7,25.8,26.4,11.2744,11.5371,0.6,-1.1,0
0.893919,0.448229,21.5,26.7,0,9.4,3.7,6.12323e-17,1,37,6.12323e-17,1,6.12323e-17,1,20,20,61,63,1019.5,1017.2,7,7,24.6,24.8,7.53298,8.03078,0.2,-2.3,0
0.886071,0.46355,19.7,27.4,0.8,6.8,4.5,6.12323e-17,1,35,-0.382683,0.92388,6.12323e-17,1,4,13,78,60,1017.2,1015.2,7,6,23.3,25.4,8.34069,4.05893,2.1,-2,0
0.87796,0.478734,21.4,28.4,0.2,8.4,3.6,6.12323e-17,1,35,-0.382683,0.92388,6.12323e-17,1,6,19,64,49,1017.5,1015.9,7,5,25,26.3,11.58,7.2943,1.3,-1.6,0
0.869589,0.493776,22.7,26.9,0,6.8,1.2,0.707107,0.707107,33,6.12323e-17,1,-0.382683,0.92388,15,15,54,57,1014.8,1013.3,7,7,25,25.6,9.16275,9.96585,0.6,-1.5,0
0.860961,0.508671,21.5,28.8,0,6.6,10.9,6.12323e-17,1,35,6.12323e-17,1,6.12323e-17,1,19,13,56,55,1013.2,1011.4,7,3,25.8,27.5,9.86168,9.45501,1.7,-1.8,0
0.852078,0.523416,21,30,0,9,9.2,6.12323e-17,1,28,-0.382683,0.92388,6.12323e-17,1,9,15,57,49,1014.3,1012.1,5,2,26.8,28.4,11.7609,9.24499,1.6,-2.2,0
0.842942,0.538005,19.7,28.7,1.6,9.6,7.4,6.12323e-17,1,31,6.12323e-17,1,6.12323e-17,1,7,13,63,59,1013.6,1012.2,5,5,24.7,26.3,8.66415,7.52733,1.6,-1.4,1
0.833556,0.552435,19,29.7,0.6,7,10.6,0.382683,0.92388,31,-0.92388,0.382683,6.12323e-17,1,4,17,62,54,1013.5,1012,4,1,25.5,27.9,10.1828,7.82708,2.4,-1.5,0
0.823923,0.566702,20,29.9,0,7.2,9.1,-0.92388,0.382683,39,-0.92388,0.382683,-0.707107,0.707107,17,17,53,46,1015.6,1013.6,3,6,26.4,28.6,12.7713,10.3638,2.2,-2,0
0.814046,0.5808,19.1,27.4,0.2,8.8,4.5,-0.92388,0.382683,31,-0.707107,0.707107,6.12323e-17,1,13,13,55,57,1016,1013.9,7,8,24.7,25.8,9.17643,9.65833,1.1,-2.1,0
0.803928,0.594727,19.6,28.6,0,8,2.9,0.382683,0.92388,30,-0.92388,0.382683,6.12323e-17,1,9,13,60,58,1016.5,1015.3,7,7,24.5,25.5,8.88219,8.28462,1,-1.2,0
0.793572,0.608477,19.9,29.2,0,6.4,10.7,6.12323e-17,1,28,6.12323e-17,1,0.382683,0.92388,11,13,56,55,1018.1,1016.5,6,3,25.8,27.6,9.86898,9.45501,1.8,-1.6,0
0.78298,0.622047,21.8,29.1,0,8.6,3.9,6.12323e-17,1,22,6.12323e-17,1,0.382683,0.92388,9,9,59,66,1019.8,1017.1,7,7,26.8,26.4,6.87615,8.69646,-0.4,-2.7,0
0.772157,0.635432,21.9,28.8,0,5,5.1,6.12323e-17,1,24,-0.707107,0.707107,0.382683,0.92388,2,11,67,56,1016.8,1014.4,7,4,25.3,28.4,9.6391,6.57909,3.1,-2.4,0
0.761104,0.64863,19.5,29.2,0,7.2,10.7,0.382683,0.92388,24,-0.707107,-0.707107,0.707107,0.707107,6,11,59,51,1016.5,1013.3,6,6,25.5,28.2,11.1125,8.61258,2.7,-3.2,0
0.749826,0.661635,19.2,29.8,0,8,12.1,0.707107,0.707107,30,-0.92388,0.382683,0.382683,0.92388,6,11,56,47,1016.2,1013.5,3,1,26.1,28.9,12.4615,9.47616,2.8,-2.7,0
0.714673,0.699458,23.2,31.6,0,8,8.7,0.707107,0.707107,35,0.707107,0.707107,0.707107,0.707107,4,15,60,60,1006.6,1002.6,7,4,27.8,29.6,8.60476,8.4911,1.8,-4,0
0.702527,0.711657,23.7,32.6,0,9.4,12,0.707107,0.707107,35,0.92388,0.382683,0.92388,0.382683,7,17,59,65,1006.2,1002.1,6,1,29.6,30.4,7.33636,8.87846,0.8,-4.1,0
0.690173,0.723644,23.4,34.1,0,10.8,9.7,6.12323e-17,1,33,0.707107,0.707107,6.12323e-17,1,6,17,52,64,1009.3,1008.7,1,4,30.4,28.7,7.49829,10.9809,-1.7,-0.6,0
0.677615,0.735417,23.4,31.3,8.4,7.8,9.3,0.382683,0.92388,24,-0.707107,0.707107,0.382683,0.92388,4,9,85,61,1012.1,1008.2,6,2,25.3,29.9,8.35343,2.71016,4.6,-3.9,1
0.664855,0.746972,23,31.9,0.2,7.4,11.7,0.707107,0.707107,33,0.92388,0.382683,0.92388,0.382683,7,13,57,58,1009.4,1005.3,1,1,29.1,30.3,9.20345,9.40362,1.2,-4.1,0
0.651899,0.758306,25.6,33.4,0,9,7.9,0.92388,0.382683,26,0.92388,-0.382683,0.707107,0.707107,9,15,64,60,1009.4,1007.1,6,1,29.3,31.2,8.7064,7.53162,1.9,-2.3,0
0.638749,0.769415,24.6,34,0,9.6,9.1,-0.92388,0.382683,31,-0.707107,-0.707107,6.12323e-17,1,6,15,64,64,1012,1009.9,6,4,30.3,30.5,7.59851,7.58734,0.2,-2.1,0
0.625411,0.780296,23.2,27.4,2.2,8.2,0,-0.707107,0.707107,31,-0.707107,0.707107,-0.707107,0.707107,13,13,65,67,1015.5,1015,7,7,25.5,25,6.56428,7.07418,-0.5,-0.5,1
0.611886,0.790946,21.2,30.2,0,8,10,-0.707107,0.707107,43,-0.707107,0.707107,-0.382683,0.92388,17,19,49,44,1017.8,1015.6,6,3,26.6,28.3,13.4358,11.6058,1.7,-2.2,0
0.598181,0.801361,19.6,28.5,1.2,8.4,7.8,-0.92388,0.382683,28,-0.707107,0.707107,-0.382683,0.92388,9,17,68,46,1018.1,1015.4,1,4,24.9,27.3,12.6499,6.32253,2.4,-2.7,1
0.584298,0.811539,19.9,29.6,1.4,9.2,8.4,6.12323e-17,1,31,-0.92388,0.382683,6.12323e-17,1,9,15,64,51,1016.9,1013.3,4,6,25.4,28.3,11.1207,7.31622,2.9,-3.6,1
0.570242,0.821477,19.1,29.5,0,8.4,10.7,0.382683,0.92388,24,-0.92388,-0.382683,0.382683,0.92388,4,13,58,50,1016.1,1013.1,4,2,25.9,28.6,11.4589,8.90875,2.7,-3,0
0.556017,0.831171,19.3,30.7,0,7.2,12.2,0.707107,0.707107,24,0.382683,-0.92388,0.707107,0.707107,6,13,56,46,1016.5,1013.7,2,1,26.6,29,12.8088,9.51147,2.4,-2.8,0
0.541628,0.840618,20.6,30.9,0,8,7.4,6.12323e-17,1,35,-0.382683,0.92388,6.12323e-17,1,9,17,59,48,1017.9,1015.1,5,4,27.1,28.9,12.1298,8.71587,1.8,-2.8,0
0.527078,0.849817,19.9,30.4,0.6,8,10.2,0.382683,0.92388,30,-0.382683,0.92388,6.12323e-17,1,7,13,55,46,1016,1013.2,3,2,26.8,28.9,12.7994,9.81065,2.1,-2.8,0
0.512371,0.858764,20,30.2,0,7.4,10,6.12323e-17,1,28,6.12323e-17,1,6.12323e-17,1,6,13,53,46,1016.3,1014.4,2,3,27.2,28.6,12.7713,10.4255,1.4,-1.9,0
0.497513,0.867456,20.3,27.8,1.6,9.4,6.4,6.12323e-17,1,43,6.12323e-17,1,-0.382683,0.92388,9,13,86,65,1021.4,1019.8,6,6,22.3,25,7.04769,2.46016,2.7,-1.6,1
0.482508,0.875892,19.5,28.6,4.6,7,8.3,-0.382683,0.92388,48,-0.707107,0.707107,-0.382683,0.92388,7,13,67,49,1023,1020.5,5,6,25.1,26.5,11.5972,6.56921,1.4,-2.5,1
0.467359,0.884068,19,27.9,3.4,6.6,5.1,0.382683,0.92388,26,-0.92388,0.382683,0.382683,0.92388,7,13,82,52,1020,1016.2,7,3,21.6,26.4,10.6622,3.21016,4.8,-3.8,1
0.452072,0.891981,18,29.1,0,5,11.7,0.707107,0.707107,28,-1,1.22465e-16,0.382683,0.92388,4,13,56,50,1018.5,1016.4,2,3,25.8,27.9,11.4001,9.45501,2.1,-2.1,0
0.436651,0.899631,18.5,28.8,0,8.4,6.3,0.92388,0.382683,28,-0.707107,0.707107,0.382683,0.92388,9,13,65,50,1019.8,1017.5,6,3,24.3,27.4,11.3581,7.01068,3.1,-2.3,0
0.421101,0.907014,18.1,28.9,0.2,6.4,10.3,6.12323e-17,1,37,-0.382683,0.92388,6.12323e-17,1,9,17,62,43,1020,1017.9,4,5,25.3,28.1,13.7724,7.81536,2.8,-2.1,0
0.405426,0.914128,19.5,28.3,1.2,9.6,1.9,6.12323e-17,1,37,-0.382683,0.92388,6.12323e-17,1,11,17,62,67,1020.2,1018.2,7,7,25.2,24,6.51502,7.80951,-1.2,-2,1
0.38963,0.920971,19.7,28.9,2.2,7,7.3,-0.382683,0.92388,35,-0.707107,0.707107,-0.382683,0.92388,11,15,67,44,1020.1,1018.2,5,7,24.5,27.5,13.3572,6.53962,3,-1.9,1
0.37372,0.927542,19.1,28.7,4.6,8.8,7.9,-0.707107,0.707107,35,-0.382683,0.92388,-0.707107,0.707107,4,15,86,41,1020.4,1017.4,7,2,22.5,27.9,14.4859,2.46393,5.4,-3,1
0.357698,0.933837,19.5,29.3,0.8,7,10.4,6.12323e-17,1,30,-0.92388,0.382683,0.382683,0.92388,7,15,63,51,1018.5,1015.2,3,2,24.6,27.5,11.0553,7.52167,2.9,-3.3,0
0.341571,0.939856,18.6,29.6,0,7.8,11,6.12323e-17,1,33,-0.707107,0.707107,6.12323e-17,1,9,19,58,45,1018.4,1015.5,3,2,26.2,28,13.0574,8.9287,1.8,-2.9,0
0.325342,0.945596,19.3,29,0,8,8.4,6.12323e-17,1,30,-1,1.22465e-16,6.12323e-17,1,4,15,57,48,1017.3,1013.9,3,3,26.1,27.3,11.9879,9.19698,1.2,-3.4,0
0.309017,0.951057,18.6,30.2,0.6,6.6,11.1,0.382683,0.92388,24,-1,1.22465e-16,0.707107,0.707107,4,9,61,48,1015.9,1011.4,3,1,25.1,28.2,12.0676,8.06096,3.1,-4.5,0
0.2926,0.956235,19.6,32.8,0,6.8,10.4,0.707107,0.707107,28,1,0,0.707107,0.707107,7,9,54,55,1014.4,1008.5,1,1,26.8,30.5,10.0818,10.1003,3.7,-5.9,0
0.276097,0.96113,21.6,31.8,4.6,8.4,10.7,0.382683,0.92388,30,-0.92388,0.382683,6.12323e-17,1,6,15,61,54,1015.9,1013.8,1,1,28.1,30,10.3414,8.24316,1.9,-2.1,1
0.24285,0.970064,23.8,30.6,0,6.6,8.7,6.12323e-17,1,26,6.12323e-17,1,6.12323e-17,1,7,15,67,54,1022,1019,7,2,26.4,28.9,10.2582,6.63355,2.5,-3,0
0.226116,0.9741,20.6,30,0.6,9.6,10.4,0.382683,0.92388,35,6.12323e-17,1,6.12323e-17,1,15,20,56,50,1022,1019.4,5,5,27.6,27.7,11.3833,9.58227,0.1,-2.6,0
0.209315,0.977848,19.2,29,0.2,7.8,8.7,0.707107,0.707107,28,-0.382683,0.92388,0.382683,0.92388,9,9,64,51,1019.7,1016.4,6,2,25.3,28.7,11.1535,7.31074,3.4,-3.3,0
0.192452,0.981306,19.6,29.5,0.6,6.2,9.9,6.12323e-17,1,24,-1,1.22465e-16,0.382683,0.92388,6,13,64,55,1018.2,1015.3,6,1,25.7,27.6,9.86898,7.33268,1.9,-2.9,0
0.175531,0.984474,19.2,31.6,0,7,10.8,0.382683,0.92388,24,-1,1.22465e-16,0.382683,0.92388,4,13,68,55,1018.3,1014.2,7,2,25.4,28.7,9.94945,6.34634,3.3,-4.1,0
0.158559,0.987349,20.1,28.8,0,5.2,5.2,0.92388,0.382683,24,-1.83697e-16,-1,0.707107,0.707107,4,9,61,60,1016,1012.8,6,7,26,27.4,8.46594,8.11541,1.4,-3.2,0
0.14154,0.989932,19.8,26.5,22.4,5,1.1,-0.92388,-0.382683,22,-0.382683,-0.92388,-0.707107,0.707107,4,6,81,85,1018.1,1016.8,7,8,24,23.4,2.67134,3.46895,-0.6,-1.3,1
0.124479,0.992222,21.7,27.2,21.6,3.4,0,0.382683,0.92388,39,0.382683,0.92388,0.382683,0.92388,17,20,76,68,1019.1,1017.6,8,7,25.4,26,6.37497,4.54768,0.6,-1.5,1
0.107381,0.994218,21.1,23.8,5.6,3,0,6.12323e-17,1,37,-0.707107,0.707107,0.382683,0.92388,4,11,89,91,1020.4,1016.1,8,8,23,23.3,1.55569,1.91518,0.3,-4.3,1
0.0730951,0.997325,21.8,32.6,3.2,2.8,10.1,1,0,15,0.707107,-0.707107,0.92388,0.382683,4,6,75,59,1016.7,1012.9,7,7,26.5,30.6,8.94391,4.80274,4.1,-3.8,1
0.055917,0.998435,22.7,25.6,0.8,6,0.5,-0.92388,0.382683,22,-1,1.22465e-16,-0.707107,-0.707107,6,4,88,87,1018.8,1016.5,7,8,25.1,24.3,2.30819,2.13321,-0.8,-2.3,0
0.0387223,0.99925,20.3,29.3,2.2,0,9.5,6.12323e-17,1,28,-0.707107,-0.707107,6.12323e-17,1,7,15,74,61,1019.8,1016.8,3,3,25.6,27.4,8.20047,4.98874,1.8,-3,1
0.0215161,0.999769,19.7,29.3,0.6,6.4,10.3,6.12323e-17,1,24,-0.707107,0.707107,6.12323e-17,1,7,13,66,50,1019.3,1015.9,2,1,26.1,28.2,11.4253,6.86074,2.1,-3.4,0
0.00430354,0.999991,19.2,29.9,0,6.8,10.5,0.382683,0.92388,22,-1,1.22465e-16,0.382683,0.92388,4,13,67,53,1017.8,1014.6,4,2,25.6,27.9,10.4795,6.59392,2.3,-3.2,0
-0.0129103,0.999917,19.1,29.5,0,6.2,10.8,0.382683,0.92388,24,-0.707107,0.707107,0.707107,0.707107,4,11,64,53,1017.9,1015.5,2,2,25.7,28.1,10.495,7.33268,2.4,-2.4,0
-0.0301203,0.999546,18.9,29.5,0,5,9.8,0.707107,0.707107,20,-0.382683,-0.92388,0.707107,0.707107,4,9,70,60,1018.8,1015.7,2,3,24.4,27.7,8.4848,5.83587,3.3,-3.1,0
-0.0473214,0.99888,19.9,30.9,0,5.8,10.5,0.707107,0.707107,19,0.382683,-0.92388,0.707107,0.707107,4,7,71,48,1019.3,1015.3,3,2,25.9,29.3,12.1654,5.67244,3.4,-4,0
-0.0645084,0.997917,21.1,31,0,5.6,8.6,-0.707107,0.707107,35,-1,1.22465e-16,0.382683,0.92388,4,7,66,54,1017.5,1013.7,3,5,26.3,29.7,10.3186,6.87101,3.4,-3.8,0
-0.0816764,0.996659,19.6,27.8,1.8,5.8,6.2,-0.707107,0.707107,37,-0.92388,-0.382683,-0.707107,0.707107,11,11,68,54,1020.2,1017.6,5,6,22.6,25,9.96585,6.21357,2.4,-2.6,1
-0.0988201,0.995105,17.8,27,0,6.2,5.5,-0.92388,0.382683,26,-0.92388,-0.382683,-1,1.22465e-16,9,9,59,58,1019.9,1017,3,6,23.1,25.3,8.86893,8.45875,2.2,-2.9,0
-0.115935,0.993257,18.4,27.8,0,3.2,8.8,-0.382683,0.92388,26,-0.707107,-0.707107,6.12323e-17,1,6,11,64,55,1019.9,1016,4,6,23.4,26.1,9.75975,7.20693,2.7,-3.9,0
-0.133015,0.991114,17.3,26.3,0,6.6,9.2,1,0,15,-0.382683,-0.92388,0.707107,0.707107,4,6,66,58,1017.4,1013.4,7,5,22.8,25.9,8.90875,6.69234,3.1,-4,0
-0.150055,0.988678,16.4,29.7,0,4,10.2,0.707107,0.707107,19,0.382683,-0.92388,0.92388,0.382683,4,9,66,60,1012.1,1007.2,1,2,23.2,28.6,8.54152,6.71264,5.4,-4.9,0
-0.167052,0.985948,20.4,31.3,0,4.8,5.4,0.707107,-0.707107,24,0.382683,-0.92388,0.707107,-0.707107,4,6,60,54,1010.2,1007.9,2,5,27.1,28.8,10.2506,8.4471,1.7,-2.3,0
-0.183998,0.982927,22.8,24.6,0,5.2,0,-0.707107,0.707107,20,-0.382683,0.92388,-0.382683,0.92388,7,4,73,87,1014,1012.6,8,8,24.2,21.9,2.26628,5.15499,-2.3,-1.4,0
-0.200891,0.979614,20.3,24.9,8.8,2.8,0.5,-0.707107,0.707107,41,-0.92388,0.382683,-0.707107,0.707107,6,15,73,79,1013.7,1011.7,7,6,23.1,22.6,3.8334,5.1122,-0.5,-2,1
-0.217723,0.976011,17.8,25.8,0,2.4,7.5,-0.92388,0.382683,28,-0.707107,-0.707107,-0.92388,0.382683,7,9,62,56,1016.6,1013.7,6,6,23,24.3,9.34957,7.68126,1.3,-2.9,0
-0.234491,0.972118,15.8,28.2,0,4.6,9.8,-1.83697e-16,-1,24,-0.382683,-0.92388,-1,1.22465e-16,9,6,58,41,1016.9,1013.1,1,2,21.6,27.9,14.4859,8.62523,6.3,-3.8,0
-0.25119,0.967938,16.2,28,0,5.6,10.7,0.382683,0.92388,19,-0.382683,-0.92388,0.382683,-0.92388,7,7,59,39,1018.4,1014.2,1,2,21.9,27.7,15.2295,8.38234,5.8,-4.2,0
-0.267814,0.963471,16.6,28.4,0,4,10,-1.83697e-16,-1,20,-0.382683,-0.92388,-1.83697e-16,-1,6,7,69,39,1017.4,1013,1,1,21.9,27.8,15.2407,5.952,5.9,-4.4,0
-0.284359,0.958718,14.5,28.6,0,4.8,11.1,-1.83697e-16,-1,20,-0.382683,-0.92388,0.382683,-0.92388,7,7,51,31,1016.9,1012.9,0,0,22,27.6,18.6677,10.6107,5.6,-4,0
-0.30082,0.953681,15.3,28.5,0,7,10.7,0.382683,0.92388,17,-0.707107,-0.707107,1,0,4,6,61,35,1018.6,1015.5,1,1,22,27.5,16.8439,7.87476,5.5,-3.1,0
-0.317191,0.948362,15.9,29.2,0,5.2,10.8,0.707107,0.707107,19,-0.382683,-0.92388,0.92388,0.382683,6,7,63,43,1021.4,1017.8,1,1,22.1,27.6,13.7219,7.381,5.5,-3.6,0
-0.333469,0.942761,16.8,27.5,0,5,10.5,6.12323e-17,1,20,-0.707107,-0.707107,0.707107,0.707107,6,9,68,41,1022,1018.4,1,7,22.7,26.8,14.3694,6.21829,4.1,-3.6,0
-0.349647,0.936881,16.6,28.2,0,4.8,9.4,0.92388,0.382683,17,-0.382683,-0.92388,0.707107,0.707107,4,6,70,46,1020,1015.5,6,5,21.8,26.7,12.594,5.72193,4.9,-4.5,0
-0.365723,0.930724,16.2,29,0,5.6,10.2,0.707107,0.707107,17,-0.382683,-0.92388,0.707107,0.707107,6,6,73,53,1018.1,1013.6,5,2,21.6,27.7,10.4641,5.05413,6.1,-4.5,0
-0.381689,0.924291,17.2,28.9,0,3.6,10.7,6.12323e-17,1,26,-0.707107,-0.707107,6.12323e-17,1,6,15,74,51,1019.2,1015.6,3,2,21.5,27.1,11.0227,4.83601,5.6,-3.6,0
-0.397543,0.917584,17.2,29.1,0,5,9.6,0.382683,0.92388,15,-0.707107,-0.707107,-1.83697e-16,-1,7,4,69,46,1019.3,1014.5,3,7,22.2,28.7,12.7806,5.96561,6.5,-4.8,0
-0.413279,0.910605,19.1,29.4,0,4.4,6.8,-0.707107,0.707107,31,-0.707107,-0.707107,-0.92388,0.382683,4,7,78,45,1019.1,1015.8,6,4,22.2,28.7,13.1246,4.02505,6.5,-3.3,0
-0.428892,0.903356,18.7,24.6,2.6,5.6,2.7,-0.92388,0.382683,37,-1,1.22465e-16,-0.707107,0.707107,4,17,90,59,1021.7,1018.9,7,7,19.2,23.8,8.50348,1.68279,4.6,-2.8,1
-0.444378,0.895839,16.5,26,0.4,2.4,8.5,-0.92388,0.382683,24,-0.707107,-0.707107,6.12323e-17,1,7,6,73,48,1020.3,1016.7,7,4,20.5,24.1,11.7065,5.01175,3.6,-3.6,0
-0.459733,0.888057,14.5,27.1,0,4.4,5.5,-1,1.22465e-16,17,-0.707107,-0.707107,0.707107,0.707107,4,4,68,60,1016.5,1012.6,3,7,21.1,25,8.31575,6.14301,3.9,-3.9,0
-0.474951,0.880012,18.4,27.4,4.6,0.2,7.3,0.382683,0.92388,17,-0.92388,-0.382683,0.707107,0.707107,7,6,80,60,1015.6,1012.2,3,2,21.7,24.9,8.30952,3.6068,3.2,-3.4,1
-0.504961,0.863142,15.4,21.1,13.8,6,9,0.382683,-0.92388,44,-1.83697e-16,-1,-1.83697e-16,-1,20,20,52,33,1005.8,1004.3,5,6,16.9,19.2,16.6676,9.92335,2.3,-1.5,1
-0.577292,0.816538,15.3,24.2,0,4.6,3.5,-0.707107,0.707107,33,-0.92388,-0.382683,-1,1.22465e-16,7,7,61,59,1022,1019.3,5,7,20.5,21.2,8.33792,7.78541,0.7,-2.7,0
-0.591261,0.80648,14.7,24.7,0,4,8.9,-0.92388,0.382683,28,-0.707107,-0.707107,-0.382683,0.92388,9,13,63,47,1024.3,1021.1,2,7,19.9,23.4,11.9641,7.25827,3.5,-3.2,0
-0.605056,0.796183,15.6,24,0,6,1.8,6.12323e-17,1,28,-0.382683,-0.92388,6.12323e-17,1,4,9,64,64,1024.6,1021.9,7,8,19.1,20.7,7.06067,6.97468,1.6,-2.7,0
-0.618671,0.78565,13.7,25.4,0.2,2.8,9.4,-0.707107,-0.707107,15,-0.382683,-0.92388,0.707107,0.707107,7,6,76,48,1024.6,1021.4,1,1,18.6,23.6,11.6629,4.31757,5,-3.2,0
-0.632103,0.774884,13.8,24.7,0,2.4,7.5,-0.707107,0.707107,26,-0.92388,-0.382683,6.12323e-17,1,9,11,68,61,1026.6,1023.9,2,4,19.7,22.4,7.89866,6.07751,2.7,-2.7,0
-0.645348,0.763889,13.9,24.8,3.6,4,10.2,-0.707107,0.707107,30,-0.707107,-0.707107,-0.382683,0.92388,7,17,70,53,1026.5,1023.3,1,5,19.4,23.6,10.1494,5.61773,4.2,-3.2,1
-0.658402,0.752667,15.1,23.2,0,5,6.3,-0.707107,0.707107,31,-0.92388,-0.382683,-0.382683,0.92388,6,15,70,68,1026.1,1023.5,6,7,19.6,21.4,6.15709,5.62637,1.8,-2.6,0
-0.67126,0.741222,15.2,24.8,0,3,9.6,6.12323e-17,1,31,-0.707107,-0.707107,6.12323e-17,1,6,15,68,47,1026.5,1024.1,2,2,20.5,23.7,11.991,6.1149,3.2,-2.4,0
-0.683919,0.729558,15.2,23,0.4,5.8,3.9,6.12323e-17,1,33,-0.707107,-0.707107,-0.382683,0.92388,6,6,69,69,1027.7,1026,6,7,20.4,22.4,5.97469,5.8842,2,-1.7,0
-0.696376,0.717677,14.8,24.6,1.2,1.6,6,0.382683,0.92388,31,-0.382683,-0.92388,-0.707107,0.707107,2,9,70,61,1029.9,1026.8,7,5,19,22.4,7.89866,5.60045,3.4,-3.1,1
-0.708627,0.705584,15,25.1,0.6,3.4,5.4,6.12323e-17,1,30,-0.707107,-0.707107,-0.382683,0.92388,4,7,71,55,1028.4,1026.5,5,7,20.7,22.2,9.47849,5.45316,1.5,-1.9,0
-0.720667,0.693281,14.4,24.7,0.2,4,2.1,0.382683,0.92388,17,-0.707107,-0.707107,6.12323e-17,1,4,7,76,54,1027.8,1024.4,7,7,18,23.2,9.8323,4.29755,5.2,-3.4,0
-0.732494,0.680773,14.6,24.7,0,2.4,5.1,-1.83697e-16,-1,15,-0.707107,-0.707107,6.12323e-17,1,6,6,69,56,1024.7,1021.3,3,8,18.8,22.9,9.25169,5.81229,4.1,-3.4,0
-0.744104,0.668064,14.7,25.1,0,2.8,10,-0.382683,0.92388,28,-0.707107,-0.707107,-0.707107,0.707107,6,11,71,59,1022.9,1020.8,1,3,19.7,23.2,8.46513,5.41148,3.5,-2.1,0
-0.755493,0.655156,17.8,26.1,1.2,2,7.4,0.382683,0.92388,22,-0.707107,-0.707107,6.12323e-17,1,2,11,74,61,1023.9,1020.5,3,5,21.5,23.5,7.96459,4.83601,2,-3.4,1
-0.777597,0.628763,16.7,27,0.6,1.6,10.1,-0.382683,-0.92388,24,-0.382683,-0.92388,-0.707107,-0.707107,2,7,79,46,1017.8,1014.2,2,5,21.4,25.8,12.5104,3.7984,4.4,-3.6,0
-0.788305,0.615285,13.5,28.4,0,4,10.4,-0.707107,-0.707107,15,-0.707107,-0.707107,-1.83697e-16,-1,4,2,71,36,1020.9,1018.4,0,1,19.2,27.9,16.4679,5.3907,8.7,-2.5,0
-0.798779,0.601624,13.5,28.4,0.2,4.4,10.1,0.707107,0.707107,15,-0.707107,-0.707107,0.382683,0.92388,6,7,71,42,1024.6,1021.3,5,3,18.6,26.4,13.9604,5.36581,7.8,-3.3,0
-0.809017,0.587785,13.8,26.9,0,2.8,9.7,0.382683,0.92388,22,-0.707107,-0.707107,0.707107,0.707107,6,11,73,60,1023.6,1018.2,5,6,19.9,24.8,8.30329,4.98871,4.9,-5.4,0
-0.82877,0.559589,15.3,28.6,0,3.4,9.7,6.12323e-17,1,22,-0.707107,-0.707107,0.382683,0.92388,4,9,77,51,1021.7,1018.4,1,1,20.2,25.9,10.925,4.16634,5.7,-3.3,0
-0.83828,0.54524,18.8,24.9,0,3.6,3.1,6.12323e-17,1,22,-0.707107,-0.707107,6.12323e-17,1,4,11,69,54,1024.1,1021,7,7,20,24,9.89155,5.86618,4,-3.1,0
-0.847541,0.53073,16,23.4,0.6,3.4,3.8,6.12323e-17,1,20,-0.382683,-0.92388,6.12323e-17,1,6,7,89,80,1023.6,1020.3,8,7,17.9,20.8,3.58199,1.84125,2.9,-3.3,0
-0.856551,0.516062,14.4,24.8,0.4,3,8.3,0.382683,0.92388,15,-0.707107,-0.707107,0.382683,0.92388,6,7,86,53,1021.1,1017.7,7,6,17,23.5,10.1418,2.36134,6.5,-3.4,0
-0.865307,0.501242,13.8,25.8,0,2.4,9.7,0.382683,0.92388,19,-0.707107,-0.707107,0.707107,0.707107,6,7,75,57,1019.7,1016.3,1,4,18.7,24.6,9.09449,4.52578,5.9,-3.4,0
-0.873807,0.486273,16.8,24.6,0,3,5,0.382683,-0.92388,19,-0.382683,-0.92388,-1.83697e-16,-1,6,6,92,66,1019.7,1017.1,7,7,18.4,23.6,6.73298,1.3253,5.2,-2.6,0
-0.882048,0.47116,15.1,25.8,0,1.8,7.8,-0.382683,-0.92388,13,-0.707107,-0.707107,0.382683,0.92388,4,6,69,64,1022.5,1020.6,3,7,19.5,23.4,7.20693,5.8437,3.9,-1.9,0
-0.890028,0.455907,13.8,26.1,0,3.6,9.1,-0.707107,0.707107,22,-0.707107,-0.707107,-1,1.22465e-16,6,6,66,46,1023.5,1019.7,1,5,18.5,24.9,12.4271,6.47597,6.4,-3.8,0
-0.897743,0.440519,14.4,25.9,0,3.4,9.1,-0.707107,0.707107,19,-0.92388,-0.382683,6.12323e-17,1,6,9,71,55,1022.3,1018.6,1,2,19.2,23,9.53586,5.3907,3.8,-3.7,0
-0.905193,0.425,13.3,24.4,0,3.6,9.8,-0.92388,-0.382683,24,-0.707107,-0.707107,-0.92388,-0.382683,7,11,64,43,1022.8,1019.3,2,6,18.6,23,13.2621,6.94791,4.4,-3.5,0
-0.912375,0.409356,13.9,23.3,0,5,6.5,-0.707107,-0.707107,20,-0.92388,-0.382683,-0.707107,0.707107,7,7,62,53,1022.3,1019.6,6,7,18,22,10.0279,7.39363,4,-2.7,0
-0.919286,0.39359,14.4,22.4,0,4.4,3.9,-0.707107,0.707107,28,-0.707107,-0.707107,-0.707107,0.707107,9,11,57,51,1022.6,1020.7,7,7,18.3,20.9,10.5228,8.67008,2.6,-1.9,0
-0.925925,0.377708,13.6,23.9,0,4,9.2,-0.92388,0.382683,41,-0.707107,-0.707107,-0.707107,0.707107,6,15,62,50,1023.9,1019.6,4,3,18,21.8,10.8932,7.39363,3.8,-4.3,0
-0.932289,0.361714,13.9,22.8,0,4.6,4.9,-0.707107,0.707107,30,-0.382683,-0.92388,-0.707107,0.707107,7,15,69,47,1022.5,1019.3,5,1,16.7,21.3,11.7768,5.71857,4.6,-3.2,0
-0.938377,0.345612,14.4,23.6,0,4.6,6.5,-0.707107,0.707107,26,-0.707107,-0.707107,6.12323e-17,1,6,9,58,55,1020.9,1018.4,2,7,18.7,21.7,9.44272,8.43652,3,-2.5,0
-0.944188,0.329408,14.6,24.1,1.4,3.6,6.8,-0.382683,0.92388,20,-0.92388,-0.382683,0.707107,0.707107,6,7,83,57,1020.3,1016.1,3,7,17.6,22.5,8.95193,2.92454,4.9,-4.2,1
-0.949718,0.313107,15.3,21,0.8,2.6,0.4,-1.83697e-16,-1,26,-0.707107,-0.707107,0.92388,-0.382683,2,7,88,70,1015.9,1011.7,7,7,17.5,20.4,5.66103,2.01209,2.9,-4.2,0
-0.954967,0.296713,9.8,20.6,0.6,2.2,9.8,-1.83697e-16,-1,43,-0.382683,-0.92388,-1.83697e-16,-1,6,13,57,42,1015.8,1013.9,2,2,16.6,19.7,13.2789,8.55724,3.1,-1.9,0
-0.959933,0.280231,10.2,21.6,0,5.4,9.5,-1.83697e-16,-1,20,-0.382683,-0.92388,-0.92388,-0.382683,9,4,57,38,1021.7,1020.4,6,4,15.2,20.6,14.8234,8.46485,5.4,-1.3,0
-0.964614,0.263665,8.5,22.9,0,3.4,9.8,-1,1.22465e-16,15,-0.707107,-0.707107,-0.92388,-0.382683,6,6,62,37,1024.8,1021.8,1,1,14.9,22.1,15.3798,7.21797,7.2,-3,0
-0.96901,0.247022,9.6,24.3,0,2,9.2,-0.382683,0.92388,20,-0.707107,-0.707107,-1,1.22465e-16,4,4,61,45,1027.3,1024.5,1,4,16.4,22.4,12.5257,7.54374,6,-2.8,0
-0.973118,0.230306,13.8,20.3,0,3.4,1.5,-0.382683,-0.92388,15,-0.707107,-0.707107,-0.707107,0.707107,6,7,78,83,1027,1024.3,7,7,17.3,17.9,2.93138,3.87584,0.6,-2.7,0
-0.976938,0.213521,15.7,22.5,5.8,0.6,3.3,-1.83697e-16,-1,13,-0.707107,-0.707107,-0.92388,-0.382683,4,2,90,65,1024.5,1019.8,7,3,17.4,21.8,6.87928,1.65937,4.4,-4.7,1
-0.980469,0.196673,14.9,25.6,0,1.4,7.9,-0.92388,-0.382683,15,-0.382683,-0.92388,-0.707107,-0.707107,4,4,87,46,1021.6,1017.7,7,2,17.1,25.2,12.4549,2.1836,8.1,-3.9,0
-0.983709,0.179767,13.2,24.2,5.2,3.4,9.1,0.382683,-0.92388,19,-0.707107,-0.707107,-0.707107,-0.707107,4,4,93,47,1021.3,1017.1,2,1,15,23.6,11.9821,1.12387,8.6,-4.2,1
-0.986658,0.162807,10.8,24.1,0.2,2.4,9.2,0.382683,0.92388,17,-0.707107,-0.707107,0.707107,0.707107,6,9,77,52,1019.8,1014.4,3,5,15,22.4,10.348,4.00133,7.4,-5.4,0
-0.989314,0.145799,10.2,20.9,0,2.2,2.3,-1.83697e-16,-1,43,0.382683,-0.92388,-1.83697e-16,-1,11,19,47,30,1014.5,1012.1,7,7,18.1,20.1,18.122,11.494,2,-2.4,0
-0.991677,0.128748,13.4,21.8,0,5.4,8.8,-0.382683,-0.92388,35,-0.382683,-0.92388,-1.83697e-16,-1,9,13,46,36,1019.8,1016.5,6,1,15.7,21.7,15.7308,11.5909,6,-3.3,0
-0.993747,0.111659,10,24.2,0,6.8,9.9,-1.83697e-16,-1,22,-0.707107,-0.707107,-0.92388,-0.382683,6,4,47,26,1024.1,1021.5,0,0,16.3,24.2,20.7269,11.3364,7.9,-2.6,0
-0.995521,0.0945367,6.8,23.6,0,3.4,9.9,0.382683,0.92388,15,-0.707107,-0.707107,0.707107,0.707107,4,7,66,39,1023.9,1019.3,0,0,11.8,21.5,14.5458,6.14575,9.7,-4.6,0
-0.998186,0.0602133,12.3,19.9,1.6,3.6,10,-1.83697e-16,-1,54,-1.83697e-16,-1,-1.83697e-16,-1,9,20,41,34,1013.7,1010.7,0,1,15.6,19,16.2227,13.2087,3.4,-3,1
-0.999074,0.0430222,5.2,19.1,0.2,8,9.9,-1.83697e-16,-1,43,-0.707107,-0.707107,-1.83697e-16,-1,6,20,44,30,1019.2,1017.5,1,2,15,18.4,17.8921,12.1565,3.4,-1.7,0
-0.999667,0.0258184,5.2,19.8,0,7,10.2,-1.83697e-16,-1,28,-0.382683,-0.92388,-1,1.22465e-16,7,6,49,25,1025.7,1023.3,0,0,12.1,18.9,20.4624,10.3923,6.8,-2.4,0
-0.999963,0.008607,5.3,21.2,0,2.6,10.2,-0.92388,-0.382683,20,-0.707107,-0.707107,0.382683,-0.92388,6,6,63,30,1026.4,1022.9,1,1,11.6,20.7,18.2035,6.80425,9.1,-3.5,0
-0.999963,-0.008607,7.4,22.6,0,3.6,9.8,-0.382683,-0.92388,17,-0.707107,-0.707107,6.12323e-17,1,4,7,60,45,1027.1,1023.1,1,1,13.8,21.8,12.4694,7.6321,8,-4,0
-0.999667,-0.0258184,9.4,23.9,0,3,8.7,6.12323e-17,1,15,-0.707107,-0.707107,0.92388,0.382683,6,4,78,47,1024.7,1020.5,3,4,13.7,21.9,11.8302,3.76799,8.2,-4.2,0
-0.999074,-0.0430222,11.5,24.4,0.4,2.6,9.8,-0.707107,-0.707107,20,-0.382683,-0.92388,-0.707107,-0.707107,4,6,78,41,1019.5,1014.8,1,3,16.4,23.6,14.0331,3.84874,7.2,-4.7,0
-0.998186,-0.0602133,5.3,20.5,0,4,10.2,-1.83697e-16,-1,31,-0.382683,-0.92388,-1.83697e-16,-1,7,13,43,27,1016.7,1012,0,0,15.1,20.4,19.6313,12.4898,5.3,-4.7,0
-0.997001,-0.0773865,8,19.9,0,7.6,10,-1.83697e-16,-1,26,-0.382683,-0.92388,-0.382683,-0.92388,11,6,43,28,1016.4,1013.4,0,1,13.5,19.7,19.0266,12.336,6.2,-3,0
-0.995521,-0.0945367,6.2,21.7,0,4,9.9,0.92388,0.382683,15,-0.382683,-0.92388,0.707107,0.707107,6,6,55,34,1018.4,1013.5,0,0,12.6,20.6,16.4191,8.80306,8,-4.9,0
-0.991677,-0.128748,10,20,0,5,9.8,0.382683,-0.92388,48,-1.83697e-16,-1,-1.83697e-16,-1,17,26,28,25,1013.5,1011.9,0,1,15.8,18.7,20.4317,18.4751,2.9,-1.6,0
-0.989314,-0.145799,9.3,22.4,0,9.6,9.9,-0.382683,-0.92388,33,-1.83697e-16,-1,0.707107,-0.707107,9,6,38,19,1021.4,1017.9,0,0,14.6,21.6,24.6184,14.1616,7,-3.5,0
-0.986658,-0.162807,2.6,22.6,0,4.6,9.9,-1.83697e-16,-1,22,-0.707107,-0.707107,-1.83697e-16,-1,4,11,46,22,1021.4,1017.6,0,0,14.4,21.7,22.6516,11.4749,7.3,-3.8,0
-0.983709,-0.179767,7.5,21.8,0,4.8,9.7,-0.382683,0.92388,20,-0.382683,-0.92388,-0.382683,0.92388,7,6,44,27,1022.9,1021.1,0,2,14.2,20.6,19.6605,12.0815,6.4,-1.8,0
-0.980469,-0.196673,10.5,21.4,0,3.8,9,-0.382683,0.92388,30,-0.707107,-0.707107,-0.707107,0.707107,9,15,59,45,1028.5,1024.7,2,2,14.7,20.1,12.3104,7.93092,5.4,-3.8,0
-0.976938,-0.213521,12.5,20.5,0,4.2,2.6,-0.707107,0.707107,22,-0.92388,-0.382683,1,0,2,2,82,67,1025.3,1021.3,7,7,14.4,18.9,6.2666,3.0354,4.5,-4,0
-0.964614,-0.263665,7.3,18.7,0.2,6.6,9.9,-1.83697e-16,-1,56,-1.83697e-16,-1,-1.83697e-16,-1,15,22,41,23,1014.8,1011.7,1,0,16.2,17.8,21.4126,13.2697,1.6,-3.1,0
-0.959933,-0.280231,6.7,20.3,0,9,10,-0.382683,-0.92388,28,-1.83697e-16,-1,-1.83697e-16,-1,11,13,47,23,1019.4,1016.1,0,1,11.8,19.7,21.7187,10.947,7.9,-3.3,0
-0.954967,-0.296713,8.2,23.2,0,5,10.1,-1.83697e-16,-1,24,-0.707107,-0.707107,-1,1.22465e-16,6,6,46,33,1021.4,1018.9,6,5,14.4,22.2,17.0463,11.4749,7.8,-2.5,0
-0.949718,-0.313107,11,22.2,0,3.8,6.9,-0.382683,0.92388,20,-0.382683,-0.92388,-0.382683,0.92388,6,7,70,56,1023.5,1020.1,4,7,15.7,20.3,9.07121,5.45891,4.6,-3.4,0
-0.944188,-0.329408,10.5,22.6,0,3.2,7.1,-0.707107,0.707107,28,-0.382683,-0.92388,0.382683,-0.92388,6,4,78,47,1022.7,1018.2,2,3,15.5,21.4,11.7857,3.82173,5.9,-4.5,0
-0.938377,-0.345612,9.4,22.8,2.4,3.6,9.8,6.12323e-17,1,20,-0.707107,-0.707107,0.707107,0.707107,7,6,76,54,1023.7,1020.3,1,3,14.5,19.8,9.58241,4.18167,5.3,-3.4,1
-0.932289,-0.361714,11.2,23.3,0.2,3,9.5,6.12323e-17,1,19,-0.92388,-0.382683,0.707107,0.707107,4,9,65,49,1023.2,1021.2,2,1,16.5,21.5,11.1717,6.60473,5,-2,0
-0.925925,-0.377708,10.1,23.8,0,3.6,9.9,0.707107,0.707107,22,-0.382683,-0.92388,0.707107,0.707107,4,9,75,57,1027.1,1023.7,1,3,16.4,22.6,8.95869,4.44565,6.2,-3.4,0
-0.919286,-0.39359,12.2,22.7,0,2.6,0.5,-1.83697e-16,-1,20,-0.707107,-0.707107,0.707107,0.707107,4,6,88,65,1027.6,1023.1,7,8,16.2,21.4,6.85837,1.99172,5.2,-4.5,0
-0.912375,-0.409356,12,24.4,8,2.4,10.3,-0.382683,-0.92388,22,-0.707107,-0.707107,-0.382683,-0.92388,6,6,80,32,1023.8,1020.7,1,1,17.4,23.6,17.6701,3.48902,6.2,-3.1,1
-0.905193,-0.425,9.4,23.7,0.2,3.4,9.8,-1.83697e-16,-1,22,-0.707107,-0.707107,-1.83697e-16,-1,4,7,72,32,1024.4,1020.1,1,1,14.7,23.2,17.6178,4.99705,8.5,-4.3,0
-0.897743,-0.440519,7.3,25.1,0,3.2,10.2,-1.83697e-16,-1,24,-1.83697e-16,-1,-1.83697e-16,-1,4,11,59,20,1023.1,1018.9,0,0,14.4,24.5,24.4412,7.91237,10.1,-4.2,0
-0.890028,-0.455907,7.8,25.9,0,4.8,9.8,0.382683,-0.92388,17,-0.382683,-0.92388,-0.92388,-0.382683,4,4,58,17,1023.2,1018.4,0,0,13.7,25.3,26.8129,8.1159,11.6,-4.8,0
-0.865307,-0.501242,12.3,21.4,0,7.6,10.1,-0.382683,-0.92388,28,-0.382683,-0.92388,-0.382683,0.92388,11,6,29,9,1023.3,1021.9,1,0,15,20.6,33.9864,17.8925,5.6,-1.4,0
-0.856551,-0.516062,9.8,21.4,0,7,8.5,-0.707107,0.707107,28,-0.92388,-0.382683,-0.707107,0.707107,6,11,52,50,1029,1026.5,3,3,15.2,19.5,10.7049,9.79382,4.3,-2.5,0
-0.847541,-0.53073,11.9,20.2,2,4,3.2,-0.92388,0.382683,31,-0.382683,-0.92388,-0.707107,0.707107,6,13,82,47,1030.6,1029,7,7,15.7,19.1,11.5821,3.0666,3.4,-1.6,1
-0.819015,-0.573772,9,24,0,4,10,-0.382683,-0.92388,15,-0.382683,-0.92388,-0.707107,0.707107,4,4,67,25,1028.9,1024.5,1,1,15.6,23.2,21.1257,6.10837,7.6,-4.4,0
-0.809017,-0.587785,9.4,23.3,0,3.8,6.7,-0.92388,-0.382683,17,-0.92388,-0.382683,6.12323e-17,1,7,7,62,42,1030.2,1026.9,1,6,16,21.6,13.4705,7.28006,5.6,-3.3,0
-0.798779,-0.601624,11,21.9,0,4,3,6.12323e-17,1,28,-0.92388,-0.382683,-0.382683,0.92388,6,11,67,64,1030,1026.9,2,7,17.2,19.1,6.97468,6.18484,1.9,-3.1,0
-0.788305,-0.615285,11.6,24.6,0,2.8,9.8,0.92388,0.382683,19,-0.707107,-0.707107,0.92388,-0.382683,6,4,73,45,1026.2,1020.5,1,2,17.3,23.4,12.6199,4.88947,6.1,-5.7,0
-0.777597,-0.628763,11.3,25.9,0,4.6,9.9,-0.382683,0.92388,26,-0.707107,-0.707107,6.12323e-17,1,6,11,64,33,1022.2,1018.4,1,2,17,23.5,17.2116,6.8626,6.5,-3.8,0
-0.766659,-0.642055,11.4,22.1,0,4,9.3,-0.382683,0.92388,30,-1,1.22465e-16,-0.382683,0.92388,4,13,60,52,1025.2,1022.9,1,6,17.8,19.7,10.1385,7.873,1.9,-2.3,0
-0.755493,-0.655156,12.1,22.6,0,5.6,9.2,6.12323e-17,1,28,-0.92388,-0.382683,-0.382683,0.92388,7,15,59,48,1028.4,1026.3,2,3,16.6,19.8,11.3335,8.04887,3.2,-2.1,0
-0.744104,-0.668064,10.8,21.6,0,3.4,5.5,-0.382683,0.92388,30,-0.707107,-0.707107,-0.382683,0.92388,7,13,62,44,1030.5,1028,3,2,17.2,20.9,12.7165,7.3481,3.7,-2.5,0
-0.732494,-0.680773,12,20.9,0,4,0.6,-0.707107,0.707107,30,-0.382683,-0.92388,-0.382683,0.92388,4,13,73,57,1028.3,1024,7,7,15.8,19.6,8.75686,4.83267,3.8,-4.3,0
-0.720667,-0.693281,13.6,17.4,4,2.2,0,0.707107,0.707107,26,-0.707107,0.707107,0.382683,0.92388,2,6,95,92,1021,1015.9,8,8,15.3,17.1,1.31192,0.797277,1.8,-5.1,1
-0.696376,-0.717677,11.7,20.9,0,7.2,9.8,0.382683,-0.92388,56,-1.83697e-16,-1,-1.83697e-16,-1,20,20,55,44,1011.6,1008.5,5,3,15.5,19.2,12.554,9.00456,3.7,-3.1,0
-0.683919,-0.729558,13.6,24.3,0,9,10.6,-1.83697e-16,-1,39,-1.83697e-16,-1,-1.83697e-16,-1,15,15,53,35,1013.8,1011,1,1,18.1,23.5,16.3553,9.73464,5.4,-2.8,0
-0.67126,-0.741222,9.8,24.2,0,6.4,9.9,6.12323e-17,1,24,-0.382683,-0.92388,0.382683,0.92388,7,9,54,47,1020.2,1017.7,0,2,17.9,21.7,11.8124,9.44412,3.8,-2.5,0
-0.658402,-0.752667,12.1,23.2,0,6.6,10.2,-0.382683,0.92388,39,-0.92388,-0.382683,-0.707107,0.707107,7,17,58,52,1023.2,1020.7,1,3,18.3,21.4,10.2702,8.41065,3.1,-2.5,0
-0.645348,-0.763889,14,17.1,3.2,4.2,0,-0.92388,0.382683,24,-0.92388,-0.382683,-0.92388,0.382683,6,13,83,88,1025.9,1023.2,8,8,15.8,15.9,1.98703,2.88368,0.1,-2.7,1
-0.632103,-0.774884,13.8,18.5,22.4,4,0,-0.92388,0.382683,37,-0.707107,-0.707107,-0.92388,0.382683,7,11,93,85,1023.8,1022.2,8,8,14.7,15.8,2.51885,1.1212,1.1,-1.6,1
-0.618671,-0.78565,14,22.8,6,1.4,3.5,-0.707107,0.707107,31,-1,1.22465e-16,-0.92388,0.382683,7,11,72,43,1023.9,1020.4,8,7,18,22.5,13.2126,5.12724,4.5,-3.5,1
-0.605056,-0.796183,13.7,24,0,4.2,8.9,-0.707107,0.707107,26,-0.92388,-0.382683,-1,1.22465e-16,9,9,64,51,1021.7,1017.9,1,2,19.3,22.7,10.6668,6.9854,3.4,-3.8,0
-0.591261,-0.80648,12.8,23.9,0,4,9.1,-0.707107,0.707107,28,-0.707107,-0.707107,-0.707107,0.707107,6,9,64,40,1018.3,1014.3,1,1,18.4,23.7,14.411,6.93722,5.3,-4,0
-0.577292,-0.816538,12,23.8,0,4,7.4,-1.83697e-16,-1,35,-0.382683,-0.92388,-1,1.22465e-16,9,11,65,48,1016.3,1012.2,1,7,18.4,21,11.437,6.70253,2.6,-4.1,0
-0.563151,-0.826354,12.7,23.7,3.6,4.4,7.6,-0.92388,-0.382683,35,-0.92388,-0.382683,-1,1.22465e-16,13,11,63,37,1016.2,1017.2,5,2,19.5,22.6,15.4373,7.23606,3.1,1,1
-0.548843,-0.835925,12.3,23.9,0,6,10.9,6.12323e-17,1,20,-0.707107,-0.707107,-1,1.22465e-16,7,6,52,32,1023.2,1018.7,1,1,17.4,22.8,17.5657,9.9616,5.4,-4.5,0
-0.534373,-0.845249,9.7,24.3,0,4,10.5,0.707107,0.707107,19,-0.92388,-0.382683,-0.92388,0.382683,7,6,61,40,1020.4,1016.2,1,2,16.7,23.1,14.3468,7.5613,6.4,-4.2,0
-0.519744,-0.854322,13.6,25.8,0,4,10.9,6.12323e-17,1,24,-0.707107,-0.707107,0.707107,0.707107,6,9,58,46,1019.2,1015.5,1,1,19.5,23.2,12.2705,8.48838,3.7,-3.7,0
-0.504961,-0.863142,13.4,25.3,0,4.6,10.3,0.707107,0.707107,24,-0.382683,-0.92388,0.92388,0.382683,4,9,69,56,1019.8,1014.9,1,1,19.8,22.8,9.24471,5.85718,3,-4.9,0
-0.490029,-0.871706,12,29.1,0,4.6,6.7,0.382683,-0.92388,43,0.92388,-0.382683,0.707107,-0.707107,4,9,60,27,1013.6,1005.9,7,4,18.3,29,20.9083,7.90336,10.7,-7.7,0
-0.474951,-0.880012,10.9,23.1,0,10.8,10.9,-1.83697e-16,-1,44,-1.83697e-16,-1,-1.83697e-16,-1,15,11,37,18,1012.7,1009.3,1,1,16.3,22.5,25.5091,14.7202,6.2,-3.4,0
-0.459733,-0.888057,10,23.9,0,8.8,10.1,0.382683,-0.92388,26,-0.707107,-0.707107,-0.707107,-0.707107,6,6,31,15,1015,1011,1,1,17.3,23.7,28.1744,17.2936,6.4,-4,0
-0.444378,-0.895839,9.1,23.8,0,5.8,10.7,0.382683,0.92388,24,-0.707107,-0.707107,0.707107,0.707107,6,9,48,38,1018.2,1015.4,1,3,16.7,21.5,14.9239,11.0681,4.8,-2.8,0
-0.428892,-0.903356,11.5,23.4,0,6.4,8.2,-0.707107,0.707107,30,-0.382683,-0.92388,-0.382683,0.92388,9,11,56,50,1025.1,1022.7,1,7,17.6,20.3,10.7702,8.88561,2.7,-2.4,0
-0.413279,-0.910605,12.9,23.1,0,6.4,8.5,-0.382683,0.92388,30,-0.707107,0.707107,-0.382683,0.92388,11,15,56,52,1027.1,1024,5,6,19.5,20.9,10.2313,9.01603,1.4,-3.1,0
-0.397543,-0.917584,13.8,23,3,4.4,5.6,-0.382683,0.92388,33,-0.92388,0.382683,6.12323e-17,1,7,11,70,52,1025.9,1022.1,6,5,18.9,21.3,10.2624,5.59613,2.4,-3.8,1
-0.381689,-0.924291,12.4,23.6,0,4,10.5,0.707107,0.707107,24,-0.382683,-0.92388,0.382683,0.92388,4,13,66,59,1022.6,1018.3,5,3,19.3,22.4,8.41413,6.51597,3.1,-4.3,0
-0.365723,-0.930724,13.3,28.3,0,4,10.3,0.707107,0.707107,26,0.382683,-0.92388,0.707107,0.707107,6,7,63,65,1016.9,1011,2,5,21.3,23.8,6.98431,7.33625,2.5,-5.9,0
-0.349647,-0.936881,11.7,27,0,3.8,10.6,0.707107,0.707107,22,-0.382683,-0.92388,0.707107,0.707107,6,9,50,33,1017.8,1015.1,0,0,20.7,24.5,17.3392,10.8029,3.8,-2.7,0
-0.333469,-0.942761,13.8,25.2,0,4,10.2,0.707107,0.707107,28,-1,1.22465e-16,6.12323e-17,1,6,11,69,49,1022.6,1020.4,5,2,20.6,23.8,11.3664,5.89322,3.2,-2.2,0
-0.317191,-0.948362,15.1,24.2,0,5,7.2,0.707107,0.707107,24,0.707107,0.707107,0.707107,0.707107,7,7,55,52,1024.2,1021.8,5,7,22.2,22.3,10.3402,9.47849,0.1,-2.4,0
-0.30082,-0.953681,12.8,24.7,0,4.2,10.1,0.382683,0.92388,22,-0.382683,-0.92388,0.707107,0.707107,6,9,66,50,1023.4,1018.8,1,1,19.6,23.2,11.0085,6.53099,3.6,-4.6,0
-0.284359,-0.958718,12.8,26.3,0,5,10.4,0.92388,0.382683,24,-0.382683,-0.92388,0.707107,0.707107,6,13,63,50,1019.8,1014.3,1,1,20.1,23.7,11.0499,7.26938,3.6,-5.5,0
-0.267814,-0.963471,13.3,26.9,0,5.4,9.7,0.707107,0.707107,30,1,0,0.707107,0.707107,6,13,49,62,1017,1011.3,1,4,22.4,24.3,7.75692,11.2477,1.9,-5.7,0
-0.25119,-0.967938,11.9,29.5,0,6.2,11,0.707107,-0.707107,33,-0.707107,-0.707107,0.382683,-0.92388,6,20,35,18,1015.2,1010.5,0,1,24.4,28.8,26.6959,16.4646,4.4,-4.7,0
-0.234491,-0.972118,11.1,27.3,0,9,11.3,-0.382683,-0.92388,26,-0.382683,-0.92388,0.382683,-0.92388,7,6,25,15,1019.5,1015.2,1,0,22.2,26.8,28.8098,20.9706,4.6,-4.3,0
-0.217723,-0.976011,11.2,24.7,0,7.6,11,0.382683,0.92388,28,-0.707107,-0.707107,0.92388,0.382683,4,11,51,43,1021.5,1016.4,1,1,20.2,23.1,13.272,10.4671,2.9,-5.1,0
-0.200891,-0.979614,14.4,24,0,5.6,6.9,6.12323e-17,1,31,-1,1.22465e-16,6.12323e-17,1,6,15,66,54,1022,1018.8,5,4,19.5,21.9,9.73639,6.52598,2.4,-3.2,0
-0.183998,-0.982927,12.6,24.4,0,5.6,10.1,6.12323e-17,1,33,-0.92388,0.382683,-0.382683,0.92388,9,15,52,47,1026.5,1023.9,5,4,20.8,22.6,11.8926,10.2236,1.8,-2.6,0
-0.167052,-0.985948,13.4,23.4,0.6,6.8,7.1,-0.382683,0.92388,35,-0.707107,0.707107,6.12323e-17,1,9,17,67,53,1027.7,1025.5,6,7,20.2,21.4,9.98253,6.32948,1.2,-2.2,0
-0.150055,-0.988678,15.5,23.9,3,4.8,9.7,6.12323e-17,1,31,-0.707107,0.707107,6.12323e-17,1,11,13,53,41,1028.7,1025.3,6,3,21.1,22.2,13.8871,9.95987,1.1,-3.4,1
-0.133015,-0.991114,13.9,23.4,0.8,6.2,6.8,6.12323e-17,1,24,0.382683,-0.92388,0.707107,0.707107,6,11,76,56,1025,1020.4,7,3,19.1,22.4,9.21685,4.33429,3.3,-4.6,0
-0.115935,-0.993257,14.8,26.3,0,5,7.5,0.707107,0.707107,39,0.382683,-0.92388,0.707107,0.707107,9,13,56,61,1019.1,1011.1,5,3,22.8,24.6,8.03078,9.24471,1.8,-8,0
-0.0988201,-0.995105,13.9,25.5,9.8,5.2,10.2,-1.83697e-16,-1,26,-0.382683,-0.92388,0.382683,0.92388,9,11,56,57,1015.5,1013.2,1,5,21.7,22.8,8.97223,9.16818,1.1,-2.3,1
-0.0816764,-0.996659,14.5,26.6,0,6.6,9.5,-1,1.22465e-16,26,-1.83697e-16,-1,0.382683,0.92388,6,13,60,47,1019.3,1015.2,4,2,21.1,24.7,12.0808,8.07447,3.6,-4.1,0
-0.0645084,-0.997917,15,23.9,10.4,5,9.2,0.707107,0.707107,24,-0.707107,0.707107,0.382683,0.92388,11,9,62,53,1022.4,1019.2,2,2,20.3,23.1,10.1114,7.52528,2.8,-3.2,1
-0.0473214,-0.99888,13.2,24.9,0,5.8,10.4,0.382683,0.92388,24,-0.382683,0.92388,0.382683,0.92388,2,11,59,52,1021.5,1017.3,2,1,21.2,23.7,10.4496,8.33792,2.5,-4.2,0
-0.0301203,-0.999546,13.6,26.2,0,6,10.8,0.707107,0.707107,28,0.92388,0.382683,0.707107,0.707107,4,9,53,53,1021,1016.9,0,0,22.6,25.1,10.264,10.0734,2.5,-4.1,0
-0.0129103,-0.999917,15.9,31.4,0,5.6,10.3,-0.707107,0.707107,43,0.707107,-0.707107,0.707107,0.707107,6,11,55,53,1017.6,1011.8,0,1,23.4,27.5,10.4486,9.56461,4.1,-5.8,0
0.00430354,-0.999991,17.6,23.2,0,7,7.7,-0.707107,0.707107,37,6.12323e-17,1,0.382683,0.92388,7,11,55,53,1022.3,1019.6,7,5,20.3,22,10.0279,9.3429,1.7,-2.7,0
0.0215161,-0.999769,13.3,26,0,8.8,10.2,0.382683,0.92388,26,6.12323e-17,1,0.92388,0.382683,4,7,58,55,1020.3,1017,0,1,21.4,24.7,9.65833,8.61215,3.3,-3.3,0
0.055917,-0.998435,15.7,26.9,0,7,10.8,0.707107,0.707107,26,0.382683,-0.92388,0.707107,0.707107,4,11,56,45,1021.9,1017.6,4,1,23.1,25.3,12.7997,9.26564,2.2,-4.3,0
0.0730951,-0.997325,14.4,27.2,0,7.2,11.2,0.382683,0.92388,24,6.12323e-17,1,0.382683,0.92388,2,11,49,39,1020.4,1015.9,1,1,23.6,25.6,14.9963,11.3494,2,-4.5,0
0.0902516,-0.995919,14.4,26.9,0,7.4,10.9,0.707107,0.707107,28,0.92388,-0.382683,0.707107,0.707107,9,11,47,52,1016.8,1012.1,0,2,24,25.1,10.5596,12.0179,1.1,-4.7,0
0.107381,-0.994218,16.9,31.7,0,6,8.8,-0.382683,0.92388,37,0.707107,-0.707107,6.12323e-17,1,4,17,55,67,1013.9,1011.7,1,4,25.5,25.3,6.57909,9.71622,-0.2,-2.2,0
0.124479,-0.992222,19.4,25.3,0,5.2,7.3,6.12323e-17,1,33,-0.707107,0.707107,6.12323e-17,1,11,13,56,49,1020.4,1018.2,6,4,23.5,24,11.3835,9.29358,0.5,-2.2,0
0.14154,-0.989932,14.9,25.4,0,8,9.9,0.707107,0.707107,24,0.707107,-0.707107,0.707107,0.707107,6,11,58,50,1020.8,1016.7,4,1,21.6,24,11.0747,8.62523,2.4,-4.1,0
0.158559,-0.987349,17.7,26.4,0,6.6,7.7,6.12323e-17,1,24,-1,1.22465e-16,0.382683,0.92388,2,11,62,52,1019.3,1015.3,7,1,21.7,25.2,10.5675,7.60596,3.5,-4,0
0.175531,-0.984474,17.4,26.2,0,5.8,10.2,0.382683,0.92388,28,6.12323e-17,1,0.382683,0.92388,6,15,58,57,1019.6,1016.6,4,1,23.9,23.7,9.03326,8.77633,-0.2,-3,0
0.192452,-0.981306,16.2,26.9,0,7,10.5,0.382683,0.92388,37,1,0,0.92388,0.382683,7,13,57,56,1016.7,1011.5,3,3,23.2,25.2,9.41277,8.99933,2,-5.2,0
0.209315,-0.977848,17.3,27.7,3.2,8.6,10.9,-1.83697e-16,-1,41,0.707107,-0.707107,-1.83697e-16,-1,13,19,60,26,1010.7,1008.4,6,1,23.4,26.8,21.1239,8.21635,3.4,-2.3,1
0.226116,-0.9741,13.3,26.2,0,12.4,12.5,0.382683,-0.92388,35,-1.83697e-16,-1,-1.83697e-16,-1,13,13,34,25,1015.9,1012.3,0,1,18.3,25.3,21.4531,16.1371,7,-3.6,0
0.24285,-0.970064,13.2,26.7,0,7.6,12.1,6.12323e-17,1,26,-0.92388,-0.382683,0.382683,0.92388,7,11,45,37,1019.2,1015.7,1,1,22.8,25.7,15.796,12.5634,2.9,-3.5,0
0.259512,-0.96574,15.5,30.2,0,5.2,11.9,6.12323e-17,1,30,-1,1.22465e-16,0.382683,0.92388,7,13,54,38,1020.7,1016.6,2,4,23.8,26.7,15.5108,9.87672,2.9,-4.1,0
0.276097,-0.96113,16.1,26.5,0,7.8,11.8,-0.382683,0.92388,39,-1,1.22465e-16,-0.382683,0.92388,9,15,48,46,1026,1023.3,1,2,23.2,24,12.3441,11.628,0.8,-2.7,0
0.2926,-0.956235,15.2,26.9,0,7.6,12.1,6.12323e-17,1,30,-0.707107,0.707107,0.382683,0.92388,6,17,47,46,1027.7,1023.2,2,1,23.1,24.5,12.3902,11.9373,1.4,-4.5,0
0.309017,-0.951057,14.2,26.6,0,8.8,12.3,0.707107,0.707107,24,-0.92388,0.382683,0.382683,0.92388,4,13,49,46,1025.6,1021.7,1,1,22.4,24.7,12.4087,11.2477,2.3,-3.9,0
0.325342,-0.945596,16.6,27.1,0,7.2,3.4,-0.382683,0.92388,37,-0.92388,0.382683,-0.382683,0.92388,17,19,53,55,1027.1,1024.4,7,6,23.2,23.7,9.5862,10.119,0.5,-2.7,0
0.341571,-0.939856,16.6,25.5,0,7.8,9.2,6.12323e-17,1,31,-0.92388,0.382683,6.12323e-17,1,9,17,48,48,1025.6,1022,5,2,22.2,24,11.6978,11.541,1.8,-3.6,0
0.357698,-0.933837,12.7,27,0,7.6,11.6,0.707107,0.707107,30,0.707107,-0.707107,0.707107,0.707107,4,9,50,47,1022.6,1017.3,1,1,22.2,25.7,12.1709,10.9261,3.5,-5.3,0
0.37372,-0.927542,16.1,27.3,0,7.8,11,0.707107,0.707107,31,0.92388,0.382683,0.707107,0.707107,6,13,50,54,1022.8,1019.3,1,1,24.8,25,9.96585,11.1411,0.2,-3.5,0
0.38963,-0.920971,17.3,28.6,0,10,11.7,0.382683,0.92388,30,1,0,0.707107,0.707107,6,13,49,57,1020.6,1015,2,1,24.6,26.2,9.20383,11.4346,1.6,-5.6,0
0.421101,-0.907014,20.5,34,0,8,9.8,0.707107,0.707107,26,0.92388,0.382683,0.382683,0.92388,6,15,55,59,1011.6,1005.8,0,2,27.4,29.2,8.85235,9.85438,1.8,-5.8,0
0.436651,-0.899631,21.2,34.2,2.6,9.8,10.5,6.12323e-17,1,37,-0.382683,0.92388,0.382683,0.92388,7,11,29,58,1010.3,1009.2,1,1,33.9,28.1,9.05552,20.5602,-5.8,-1.1,1
0.452072,-0.891981,17.5,30.7,0,7.4,11.6,6.12323e-17,1,35,-1,1.22465e-16,6.12323e-17,1,7,20,50,35,1014.8,1013.1,1,0,27.9,28.2,16.9301,11.4001,0.3,-1.7,0
0.497513,-0.867456,20.9,30.9,0,9.2,11.6,0.92388,0.382683,35,0.92388,-0.382683,0.92388,0.382683,7,15,58,61,1016.5,1009.5,7,1,26.9,27.7,8.21876,8.97532,0.8,-7,0
0.512371,-0.858764,21.2,31.2,0,8.8,8.7,6.12323e-17,1,37,-1,1.22465e-16,-0.382683,0.92388,6,20,50,55,1014.4,1014.5,5,3,30,26.2,9.76701,11.5771,-3.8,0.1,0
0.527078,-0.849817,20.6,23.8,0,11.6,1.2,6.12323e-17,1,30,-0.382683,0.92388,-0.382683,0.92388,11,13,56,54,1022.3,1020.7,7,7,23.6,22.9,9.81013,9.30057,-0.7,-1.6,0
0.541628,-0.840618,15.3,26.4,0,5.3,10.2,6.12323e-17,1,28,0.382683,0.92388,0.382683,0.92388,6,15,56,49,1023.8,1020.4,4,3,22.4,23.7,11.3579,9.21685,1.3,-3.4,0
0.556017,-0.831171,16.3,27,0,7,9.3,0.382683,0.92388,30,0.707107,0.707107,0.382683,0.92388,6,13,54,50,1021.4,1016.8,6,2,23.5,24.8,11.1411,9.8545,1.3,-4.6,0
0.570242,-0.821477,18.2,28.4,0,8.8,9,0.707107,0.707107,33,0.92388,-0.382683,0.707107,0.707107,4,15,49,53,1015.9,1011.6,1,3,24.8,26.4,10.3638,11.4516,1.6,-4.3,0
0.584298,-0.811539,19.5,29.1,9.2,7.8,10.6,0.382683,0.92388,24,1,0,0.92388,0.382683,2,11,59,53,1017.1,1015,5,7,26,27.7,10.4641,8.64479,1.7,-2.1,1
0.598181,-0.801361,20.7,29.1,0,7.6,12,0.382683,0.92388,31,-0.382683,0.92388,0.707107,0.707107,7,13,47,44,1021.2,1018.2,1,1,26,26.9,13.2983,12.198,0.9,-3,0
0.611886,-0.790946,17,28.5,0,9.2,12.5,0.707107,0.707107,24,0.382683,-0.92388,0.382683,0.92388,7,13,50,50,1020.1,1017,1,1,24.8,26.7,11.2995,11.1411,1.9,-3.1,0
0.625411,-0.780296,19.9,29.2,0,8,10.6,0.707107,0.707107,28,1,0,0.92388,0.382683,7,13,53,50,1019.2,1015.5,5,7,26.9,26.9,11.3162,10.4023,0,-3.7,0
0.638749,-0.769415,18.8,29.9,0,9,10.2,0.707107,0.707107,28,0.382683,0.92388,0.382683,0.92388,6,13,53,52,1016.6,1013.8,1,1,25.9,28.1,10.7971,10.3254,2.2,-2.8,0
0.651899,-0.758306,22.1,28.3,0,7.4,8.1,-0.382683,0.92388,30,0.382683,0.92388,6.12323e-17,1,7,15,61,63,1016.8,1014.3,6,5,25.8,25.7,7.58398,8.1033,-0.1,-2.5,0
0.664855,-0.746972,20.3,28.6,9.2,5.4,7.6,6.12323e-17,1,28,-0.707107,0.707107,0.382683,0.92388,4,13,78,61,1018.5,1016.2,7,6,23.9,26.2,8.12754,4.07747,2.3,-2.3,1
0.677615,-0.735417,20.9,30,0.2,7.2,12.5,0.92388,0.382683,31,1,0,0.707107,0.707107,7,11,47,57,1018.7,1014.1,1,2,27.9,28.7,9.37594,12.3703,0.8,-4.6,0
0.690173,-0.723644,21.4,32.2,0,6,12.9,0.707107,0.707107,30,0.382683,0.92388,0.92388,0.382683,6,13,51,56,1013.4,1007.3,0,0,29.6,30.9,9.81773,11.2274,1.3,-6.1,0
0.702527,-0.711657,23,38.9,0,9,10.8,-1.83697e-16,-1,35,0.382683,0.92388,0.707107,0.707107,6,7,51,54,1007.2,1003.8,5,7,31.3,33.2,10.5852,11.3676,1.9,-3.4,0
0.714673,-0.699458,23.4,30.3,0,6.2,11.9,6.12323e-17,1,31,-0.382683,0.92388,6.12323e-17,1,11,15,53,57,1013,1011.5,1,6,28.9,26.6,9.23126,10.557,-2.3,-1.5,0
0.726608,-0.687053,22.3,28.3,2.6,9.6,4.2,0.382683,0.92388,24,-1,1.22465e-16,0.707107,0.707107,4,11,86,73,1016.2,1012.5,8,4,24,27.8,5.29625,2.49228,3.8,-3.7,1
0.738326,-0.674444,24,30,13.8,5,4.5,-0.707107,-0.707107,41,0.382683,0.92388,0.382683,0.92388,11,17,74,79,1017.7,1014,7,7,27.4,25.9,3.93048,5.05653,-1.5,-3.7,1
0.749826,-0.661635,19.1,28.9,56,7,10.8,0.707107,0.707107,33,0.707107,0.707107,0.707107,0.707107,7,13,64,64,1018.2,1014.6,4,4,26.4,27.9,7.45395,7.37116,1.5,-3.6,1
0.761104,-0.64863,22.8,30.4,0,6.6,11.7,0.707107,0.707107,37,0.92388,-0.382683,0.707107,0.707107,7,13,62,67,1015.6,1011.1,5,5,28.4,28.9,6.75812,7.99789,0.5,-4.5,0
0.772157,-0.635432,24.2,31.5,0,10.2,10.8,0.707107,0.707107,37,0.92388,-0.382683,0.707107,0.707107,4,15,59,67,1014.8,1011.6,5,2,29.6,29.1,6.76814,8.87846,-0.5,-3.2,0
0.78298,-0.622047,24.1,30.4,0,9.8,11.2,0.707107,0.707107,33,0.92388,0.382683,0.92388,0.382683,6,13,58,54,1017.8,1014.2,6,2,29.5,29.2,10.2808,9.14953,-0.3,-3.6,0
0.793572,-0.608477,22.6,30.5,0,11,12.2,0.707107,0.707107,35,0.92388,-0.382683,0.707107,0.707107,9,15,52,65,1017.6,1013.1,3,5,28.2,27.6,7.18598,10.8051,-0.6,-4.5,0
0.803928,-0.594727,21.4,31.1,0,10.2,12.1,0.92388,0.382683,28,0.707107,-0.707107,0.92388,0.382683,7,9,48,52,1015.3,1011.6,3,5,28,29.9,10.9408,12.0499,1.9,-3.7,0
0.814046,-0.5808,23.4,29.1,3.6,7.8,5.1,0.382683,0.92388,24,1,0,0.382683,0.92388,7,11,79,63,1017.2,1014.7,7,7,24.5,27.8,7.70362,3.88915,3.3,-2.5,1
0.823923,-0.566702,23.4,32,3,6.8,10.4,-0.707107,-0.707107,83,0.92388,-0.382683,0.707107,0.707107,6,13,54,51,1016.3,1012.1,6,1,28.7,30.1,11.2685,10.2431,1.4,-4.2,1
0.833556,-0.552435,17.8,27.4,43.4,9.4,6.4,-0.382683,0.92388,35,-0.707107,0.707107,6.12323e-17,1,7,17,71,59,1018.7,1017.9,7,7,25.2,24.9,8.57399,5.64268,-0.3,-0.8,1
0.842942,-0.538005,19.4,27.3,1,7.8,12.3,0.382683,0.92388,31,-0.382683,0.92388,6.12323e-17,1,11,13,48,47,1019.4,1016.6,3,2,24.8,25.7,12.1709,11.7678,0.9,-2.8,0
0.852078,-0.523416,16.4,27.8,0,9.6,12.9,0.707107,0.707107,26,0.707107,-0.707107,0.382683,0.92388,4,15,50,48,1017.3,1013.7,3,5,25.2,26.5,11.9173,11.1743,1.3,-3.6,0
0.860961,-0.508671,19.1,28.4,0,7.6,11.4,0.92388,0.382683,26,0.382683,0.92388,0.707107,0.707107,7,11,51,46,1015.3,1012.2,3,1,25.1,26.8,12.6033,10.8602,1.7,-3.1,0
0.869589,-0.493776,21.6,29.1,0,9.6,6.1,0.382683,0.92388,24,0.707107,0.707107,0.707107,0.707107,9,11,64,54,1016.4,1014.4,7,5,25.8,26.5,10.0778,7.33817,0.7,-2,0
0.87796,-0.478734,20.2,29.8,0.2,8,12.5,0.382683,0.92388,31,1,0,0.707107,0.707107,2,15,59,62,1017.8,1014.7,3,3,27.1,27.5,7.94469,8.71587,0.4,-3.1,0
0.886071,-0.46355,22.7,30.3,0,7.8,9.9,0.707107,0.707107,33,0.92388,-0.382683,0.707107,0.707107,9,15,59,57,1016.8,1013.2,6,7,27.6,28,9.32759,8.74827,0.4,-3.6,0
0.893919,-0.448229,23.5,30,0,9.2,4.5,0.382683,0.92388,26,0.92388,-0.382683,0.707107,0.707107,6,9,58,62,1012.8,1008.9,7,7,26.3,27.3,7.93289,8.93535,1,-3.9,0
0.908818,-0.417194,22,30.3,1.4,4,11.1,0.92388,0.382683,31,0.92388,-0.382683,0.707107,0.707107,7,13,65,62,1008.6,1006.4,7,3,26.5,29,8.03345,7.12731,2.5,-2.2,1
0.915864,-0.401488,24.4,30.4,0,7.4,3.3,0.707107,0.707107,30,0.92388,0.382683,0.92388,0.382683,6,6,73,79,1012.2,1010.4,7,8,28.4,27.7,3.98394,5.31997,-0.7,-1.8,0
0.92264,-0.385663,21.7,33.2,25.2,5,8.5,0.382683,0.92388,28,0.382683,-0.92388,0.92388,0.382683,6,13,64,59,1014.4,1010,6,6,27.9,30.1,8.91116,7.45395,2.2,-4.4,1
0.935368,-0.353676,24.4,32.2,0,7.4,4.1,0.382683,-0.92388,30,0.92388,-0.382683,0.382683,-0.92388,7,13,67,87,1009.9,1005.4,5,7,29.2,24.4,2.30994,6.77315,-4.8,-4.5,0
0.941317,-0.337523,20.4,24.7,27,9.8,0.8,-0.707107,0.707107,30,-0.92388,0.382683,0.707107,0.707107,6,4,75,76,1009.1,1008.2,8,7,20.6,22.9,4.4624,4.5925,2.3,-0.9,1
0.946988,-0.32127,18.7,24.9,3.8,5,0.1,-0.92388,0.382683,35,-0.92388,0.382683,-0.707107,0.707107,11,17,64,57,1011.2,1009.2,8,8,22.3,24,9.05364,7.14717,1.7,-2,1
0.952378,-0.304921,18.7,26.3,0,4.8,4,-0.707107,0.707107,28,-0.92388,0.382683,-0.382683,0.92388,9,13,56,57,1010.4,1008.5,6,7,23.9,25.2,9.13541,9.32156,1.3,-1.9,0
0.957485,-0.288482,17.6,28.8,0,7.2,13.3,0.707107,0.707107,26,-1,1.22465e-16,6.12323e-17,1,6,13,49,50,1011.5,1008.7,2,1,25.1,27.5,11.3665,11.4773,2.4,-2.8,0
0.962309,-0.271958,17.5,30,0,7.8,11.5,0.707107,0.707107,26,0.92388,0.382683,0.707107,0.707107,7,11,54,58,1010.5,1005.7,6,3,26.2,27.9,9.04213,10.0554,1.7,-4.8,0
0.966848,-0.255353,22.4,35,0,7.8,12.6,0.707107,0.707107,24,0.382683,0.92388,0.707107,0.707107,2,9,58,40,1006.7,1003.1,1,3,29.9,33.8,15.5131,9.17647,3.9,-3.6,0
0.9711,-0.238673,24.2,32.4,1.2,8,6.6,-1.83697e-16,-1,56,0.707107,0.707107,0.707107,0.707107,7,9,67,69,1010.5,1005.7,6,7,29,30.1,6.32937,6.76313,1.1,-4.8,1
0.975065,-0.221922,20.8,34.7,16.8,9.2,9.9,6.12323e-17,1,28,0.382683,-0.92388,-0.382683,-0.92388,7,7,65,24,1011.7,1008.2,4,1,26,34.2,23.4818,7.10072,8.2,-3.5,1
0.97874,-0.205104,21.8,29.1,0,6.8,12.5,6.12323e-17,1,33,-0.382683,0.92388,6.12323e-17,1,11,13,58,47,1016,1013.5,2,1,26.3,28.1,12.3885,8.93535,1.8,-2.5,0
0.982126,-0.188227,20.7,29.3,0,10.4,10.6,0.382683,0.92388,24,0.92388,0.382683,0.707107,0.707107,6,13,62,55,1018.3,1015.6,4,1,25,27.4,9.85438,7.79781,2.4,-2.7,0
0.98522,-0.171293,18.9,28.5,0,7.2,12.1,0.382683,0.92388,30,-0.382683,0.92388,6.12323e-17,1,9,19,56,53,1017.9,1015.5,2,2,25.5,26.8,10.3946,9.43387,1.3,-2.4,0
0.988023,-0.154309,19.1,28.8,0,9.4,11.9,6.12323e-17,1,30,6.12323e-17,1,0.92388,0.382683,6,13,55,54,1016.9,1014.1,3,3,26.3,27.3,10.1378,9.77428,1,-2.8,0
0.990532,-0.137279,20.8,30.3,0,8,12.1,0.707107,0.707107,24,0.92388,0.382683,0.707107,0.707107,4,13,55,52,1014.3,1011.5,1,1,27.3,28.7,10.8449,9.84708,1.4,-2.8,0
0.992749,-0.120208,21,30.2,0,9,11.2,0.707107,0.707107,24,0.92388,0.382683,0.707107,0.707107,4,11,63,52,1013.9,1009.9,3,3,26.3,29.4,10.9008,7.61807,3.1,-4,0
0.994671,-0.103102,24.4,31.7,0,8.8,6.9,0.707107,0.707107,22,1,0,0.92388,0.382683,6,9,61,57,1011.8,1009.1,6,7,28.1,30,9.46604,8.24316,1.9,-2.7,0
0.996298,-0.0859648,20.9,23.4,7.2,8.6,0,-0.707107,-0.707107,30,-0.707107,-0.707107,-0.707107,-0.707107,2,6,89,90,1014.5,1013.9,8,8,21.9,21.4,1.71164,1.89911,-0.5,-0.6,1
0.99763,-0.0688024,19.6,27,22.4,0.2,0.3,-0.382683,-0.92388,13,-0.707107,-0.707107,-0.707107,-0.707107,2,4,95,74,1014.8,1011.4,8,7,21.1,26,5.00376,0.834191,4.9,-3.4,1
0.999407,-0.0344216,22.1,35.5,1,5.2,11.7,-0.92388,0.382683,22,0.382683,-0.92388,1,0,4,6,70,51,1009.4,1005.6,5,2,29,34,11.592,6.04016,5,-3.8,0
0.999852,-0.0172134,23.8,33.9,0,5.8,10.7,6.12323e-17,1,30,-0.92388,0.382683,0.382683,0.92388,4,13,55,62,1009.6,1009.2,2,6,31,30.5,8.12269,10.1187,-0.5,-0.4,0
1,0,25.2,31.3,12.2,7,12.1,6.12323e-17,1,26,0.92388,0.382683,0.707107,0.707107,6,13,67,64,1014.9,1012.7,5,4,29.4,30.2,7.58176,6.78317,0.8,-2.2,1
0.999852,0.0172134,24.8,30.5,0.2,9,10.3,0.382683,0.92388,28,0.707107,0.707107,0.707107,0.707107,9,13,68,69,1018.2,1016.6,5,7,28.1,27.8,6.22238,6.47566,-0.3,-1.6,0
0.999407,0.0344216,24.6,28.9,1.2,4.2,4.2,6.12323e-17,1,35,0.382683,0.92388,0.707107,0.707107,6,11,82,64,1019.4,1017.3,8,6,25.6,28.3,7.4761,3.30933,2.7,-2.1,1
0.998667,0.0516197,21.1,30.2,16.8,7.6,12,0.382683,0.92388,26,6.12323e-17,1,0.382683,0.92388,9,13,59,53,1018,1014.5,4,3,27.6,28.8,10.5493,8.74827,1.2,-3.5,1
0.99763,0.0688024,21.8,28.1,0,8.8,3.8,-0.382683,0.92388,20,-0.382683,0.92388,-0.92388,-0.382683,6,4,69,80,1015.9,1015.2,7,7,26.8,23.7,3.66224,6.17614,-3.1,-0.7,0
0.996298,0.0859648,21.5,29.5,21.6,5.8,12.1,6.12323e-17,1,33,-0.382683,0.92388,6.12323e-17,1,15,17,62,48,1017.5,1016.4,7,3,26.9,28.5,12.0942,7.90931,1.6,-1.1,1
0.994671,0.103102,20.6,27.1,0,9,3.6,-0.92388,0.382683,33,-0.707107,0.707107,-0.382683,0.92388,15,9,64,59,1017.7,1016.1,7,7,26.9,26.3,8.66415,7.39871,-0.6,-1.6,0
0.992749,0.120208,19.8,28.4,1.8,5.6,3.9,6.12323e-17,1,31,-0.707107,0.707107,6.12323e-17,1,11,7,68,70,1016,1013.4,6,7,25.5,25.7,5.89326,6.35111,0.2,-2.6,1
0.990532,0.137279,20.8,29.5,3.6,4.2,11.8,6.12323e-17,1,26,6.12323e-17,1,0.382683,0.92388,4,13,63,60,1013.4,1010.5,4,2,26.8,28.8,8.55415,7.64654,2,-2.9,1
0.988023,0.154309,22.1,30.2,0,7.6,10.9,0.707107,0.707107,28,0.707107,0.707107,0.382683,0.92388,11,13,63,55,1012.8,1010.9,3,6,28,29.1,9.97879,7.71507,1.1,-1.9,0
0.98522,0.171293,23.4,28.2,0,7.8,0.9,0.382683,0.92388,19,-1.83697e-16,-1,6.12323e-17,1,4,9,76,75,1011.6,1008,7,7,26.8,26.8,4.81356,4.59579,0,-3.6,0
0.982126,0.188227,22.5,30.4,14.6,4.2,1.1,-0.382683,0.92388,31,-0.707107,-0.707107,-0.382683,0.92388,4,6,81,94,1009.9,1007.5,8,8,25.9,23.5,1.02432,3.51917,-2.4,-2.4,1
0.97874,0.205104,22.6,28.4,38.6,2.6,2.2,0.382683,0.92388,24,6.12323e-17,1,0.707107,0.707107,7,13,78,69,1009.7,1007,7,7,26.4,26.9,6.18076,4.15515,0.5,-2.7,1
0.966848,0.255353,23.1,32.5,0,10.4,13.1,0.382683,0.92388,24,-0.92388,-0.382683,0.707107,0.707107,4,13,56,60,1008.8,1006,1,1,29.2,30.8,8.68093,9.69609,1.6,-2.8,0
0.962309,0.271958,24,35.3,0,8,12.7,0.382683,0.92388,24,-0.382683,-0.92388,0.92388,0.382683,6,9,67,60,1009.4,1005.6,1,3,29,32,8.75744,6.76313,3,-3.8,0
0.957485,0.288482,25.9,36.7,0,8,11.7,6.12323e-17,1,30,-0.92388,-0.382683,0.382683,0.92388,6,13,65,52,1009.5,1005.7,3,2,31,33.5,11.231,7.36879,2.5,-3.8,0
0.952378,0.304921,26.5,31.8,0,7.6,9.3,0.382683,0.92388,31,-0.707107,0.707107,0.382683,0.92388,13,15,71,58,1008.7,1006.8,4,3,29.6,30.6,9.22371,5.83104,1,-1.9,0
0.946988,0.32127,20.6,29.2,35.8,10.8,9.4,-0.382683,0.92388,35,0.382683,0.92388,6.12323e-17,1,13,17,67,58,1012.7,1008.8,7,6,25.9,27.5,9.01538,6.60877,1.6,-3.9,1
0.941317,0.337523,21.3,30,0.2,7.4,8,6.12323e-17,1,28,-0.92388,0.382683,-0.382683,0.92388,6,13,82,64,1009.9,1007.7,7,7,23.6,27.6,7.43735,3.25956,4,-2.2,0
0.935368,0.353676,23.2,28.6,1,9.2,2.1,0.382683,0.92388,31,-0.382683,0.92388,6.12323e-17,1,7,13,67,77,1009.6,1008,8,8,27.6,26.4,4.36737,6.6932,-1.2,-1.6,0
0.92264,0.385663,20,30.8,65.2,3,5.4,-0.382683,0.92388,22,-0.707107,0.707107,6.12323e-17,1,7,2,84,59,1006.3,1004.4,8,6,24.8,30.3,8.92425,2.89436,5.5,-1.9,1
0.915864,0.401488,22.1,36.7,0,3.4,12.6,-1.83697e-16,-1,28,0.382683,-0.92388,0.707107,0.707107,4,9,67,59,1006.2,1002.6,1,2,29.3,32.2,9.0491,6.77816,2.9,-3.6,0
0.908818,0.417194,24.9,33.1,0,6.2,7.8,-0.382683,0.92388,30,0.382683,0.92388,-0.382683,0.92388,4,15,66,54,1006.8,1004.9,3,6,31,32,10.4934,7.11454,1,-1.9,0
0.901502,0.432776,23.7,30.2,0,7.8,9.2,6.12323e-17,1,30,-0.382683,0.92388,6.12323e-17,1,9,13,62,63,1007.7,1005,5,5,28.5,28.1,7.72079,8.00381,-0.4,-2.7,0
0.893919,0.448229,19.5,28.1,5.2,7.2,1,-0.92388,0.382683,33,-0.707107,-0.707107,-0.92388,0.382683,7,11,85,61,1006.8,1005.4,7,8,21,26.1,8.12147,2.62271,5.1,-1.4,1
0.886071,0.46355,20.4,28.9,0,4.6,11,6.12323e-17,1,26,-0.92388,-0.382683,6.12323e-17,1,7,15,53,58,1008.9,1006.4,5,3,24.8,26.6,8.95533,10.2411,1.8,-2.5,0
0.87796,0.478734,20.2,29,3.8,7.8,11.2,0.707107,0.707107,22,0.707107,0.707107,0.92388,0.382683,4,9,63,58,1009.9,1006.3,6,2,25.2,28.3,9.06892,7.55563,3.1,-3.6,1
0.869589,0.493776,19.8,31.8,0,7.4,11.4,-0.92388,0.382683,33,6.12323e-17,1,0.707107,0.707107,6,13,62,62,1008.2,1003.5,1,2,26.8,29.8,8.08099,7.90343,3,-4.7,0
0.860961,0.508671,20.3,34.4,17.2,7.8,12.8,0.382683,0.92388,24,-0.707107,-0.707107,-0.707107,-0.707107,4,7,71,26,1007.6,1003.6,1,1,26.8,34.2,22.2726,5.71082,7.4,-4,1
0.852078,0.523416,22.1,29.6,0,5.6,8.8,-0.92388,0.382683,43,-0.92388,0.382683,-0.382683,0.92388,9,17,66,56,1010,1008.5,6,2,26.8,27.9,9.60357,6.89672,1.1,-1.5,0
0.823923,0.566702,20.7,29.2,0,6.8,9.6,-0.92388,0.382683,39,-0.707107,0.707107,-0.382683,0.92388,15,15,50,51,1017.6,1016.9,4,3,26.5,28.3,11.1207,11.2828,1.8,-0.7,0
0.814046,0.5808,20.2,28.3,2.8,8.8,10.4,-0.92388,0.382683,37,-0.707107,0.707107,-0.382683,0.92388,17,17,60,44,1022.6,1020.7,5,1,25.6,27.9,13.3965,8.35318,2.3,-1.9,1
0.803928,0.594727,19.5,29.3,0.2,11,11.2,6.12323e-17,1,26,-0.92388,0.382683,6.12323e-17,1,11,11,73,54,1023.5,1019.9,7,7,22.3,27,10.1153,5.08119,4.7,-3.6,0
0.793572,0.608477,20.8,29.9,0.2,7.4,11.9,0.382683,0.92388,22,-0.92388,0.382683,0.382683,0.92388,4,11,60,58,1020.5,1017.8,2,1,25.9,28.7,9.09575,8.37192,2.8,-2.7,0
0.78298,0.622047,19.6,30.3,0,6.4,12.5,-0.707107,0.707107,33,-0.707107,0.707107,6.12323e-17,1,9,17,61,45,1019.5,1018.2,3,3,26.7,29.6,13.2112,8.15789,2.9,-1.3,0
0.772157,0.635432,20.6,29,5.2,9,9.4,-0.382683,0.92388,39,-0.707107,0.707107,6.12323e-17,1,7,13,80,89,1020.5,1019.6,2,7,24.6,22.6,1.90933,3.68732,-2,-0.9,1
0.761104,0.64863,20.3,28.9,12.2,8,9,6.12323e-17,1,30,-1,1.22465e-16,-0.382683,0.92388,9,11,82,47,1020.2,1017.6,6,1,22.5,28.5,12.425,3.23234,6,-2.6,1
0.749826,0.661635,20.6,28.9,8.4,7.2,9.6,6.12323e-17,1,28,-0.382683,0.92388,-0.382683,0.92388,7,11,68,54,1019.3,1017.2,7,4,26.6,28.4,10.2205,6.40366,1.8,-2.1,1
0.738326,0.674444,20.2,29.6,1.6,7.4,8.2,-0.382683,0.92388,35,-0.382683,0.92388,6.12323e-17,1,11,17,70,68,1019.7,1018.7,5,6,26.4,25.7,6.36065,5.92427,-0.7,-1,1
0.726608,0.687053,19.8,29,0.4,6.6,10.2,-0.92388,0.382683,30,-0.707107,0.707107,6.12323e-17,1,9,15,65,49,1021.4,1017.9,5,3,26.1,28,11.7263,7.10604,1.9,-3.5,0
0.714673,0.699458,21.1,28.8,0.2,8.4,9.5,6.12323e-17,1,24,-1.83697e-16,-1,6.12323e-17,1,4,11,72,49,1018.5,1014.9,6,3,24.1,27.9,11.7177,5.37222,3.8,-3.6,0
0.702527,0.711657,19.5,29.4,0.4,8,11.8,-0.382683,0.92388,26,-0.707107,0.707107,6.12323e-17,1,7,13,62,48,1016.8,1013.6,3,3,26.8,28.3,12.0765,7.90343,1.5,-3.2,0
0.690173,0.723644,20.1,29.1,0.4,9,11.6,-0.707107,0.707107,33,-0.382683,0.92388,-0.707107,0.707107,11,11,60,62,1016.2,1014.8,6,4,26.2,26.3,7.87402,8.39068,0.1,-1.4,0
0.677615,0.735417,20.2,29.2,0.2,8.2,5.9,-0.382683,0.92388,35,-0.382683,0.92388,-0.382683,0.92388,15,9,60,86,1016.4,1014.8,5,5,27.6,24.3,2.49797,8.47851,-3.3,-1.6,0
0.664855,0.746972,22.5,26.8,4.6,5.2,0,-0.707107,0.707107,33,-0.382683,0.92388,-0.382683,0.92388,13,13,79,89,1016.5,1014.2,8,8,25.5,24.6,1.93868,3.91865,-0.9,-2.3,1
0.651899,0.758306,21.8,22.6,54,4.8,0,-0.707107,0.707107,30,-0.92388,0.382683,-0.707107,-0.707107,2,6,95,95,1012.3,1009.8,8,8,22.4,22,0.839994,0.842579,-0.4,-2.5,1
0.638749,0.769415,21.4,27.3,89.2,6,0,-0.92388,0.382683,37,-1,1.22465e-16,-0.92388,0.382683,6,9,96,96,1007.3,1003.7,8,8,22,23.9,0.678766,0.668954,1.9,-3.6,1
0.611886,0.790946,22.6,30.6,4.4,4.6,10.9,-0.92388,0.382683,33,-0.92388,0.382683,-0.707107,0.707107,9,13,72,59,1011.6,1009.2,7,2,26.6,30.1,8.91116,5.47424,3.5,-2.4,1
0.598181,0.801361,22.3,30.8,0.4,6.6,10.5,-0.707107,0.707107,31,-0.707107,0.707107,6.12323e-17,1,11,20,74,60,1012,1008.7,6,1,25.9,28.8,8.55415,5.00001,2.9,-3.3,0
0.584298,0.811539,21.8,29.8,0,6.6,10.6,-0.92388,0.382683,31,-0.707107,0.707107,6.12323e-17,1,7,15,69,60,1012.4,1009.7,7,3,26.4,28.8,8.55415,6.15769,2.4,-2.7,0
0.570242,0.821477,20.5,29.8,0.2,8,9.9,6.12323e-17,1,22,-0.707107,0.707107,6.12323e-17,1,6,11,62,60,1010.1,1007,3,3,26.4,27.8,8.4911,7.8799,1.4,-3.1,0
0.556017,0.831171,22.1,30.2,1.8,6.4,8.4,0.382683,0.92388,20,-1.83697e-16,-1,0.707107,0.707107,6,9,83,56,1009.2,1006.6,7,1,24.3,29.5,9.7175,3.07913,5.2,-2.6,1
0.541628,0.840618,22.6,30.1,0.2,6.2,9.4,0.382683,0.92388,24,0.92388,-0.382683,6.12323e-17,1,4,11,65,64,1011.1,1008.6,4,3,27.2,28.6,7.49274,7.16462,1.4,-2.5,0
0.527078,0.849817,21.8,31.3,0,6.2,9.5,0.92388,0.382683,20,-1.83697e-16,-1,0.707107,0.707107,6,7,73,59,1011.1,1007.8,4,1,27,30.2,8.9177,5.26469,3.2,-3.3,0
0.512371,0.858764,23,31.6,0,6.4,11.3,-0.707107,0.707107,33,-0.92388,-0.382683,-0.382683,0.92388,7,15,64,57,1013,1011,5,4,27.8,29.1,9.40362,7.44842,1.3,-2,0
0.497513,0.867456,21.1,30.6,0,8.4,11.5,0.382683,0.92388,24,-0.707107,0.707107,0.382683,0.92388,7,15,63,56,1015.9,1012.6,3,1,27.2,29.1,9.68896,7.66935,1.9,-3.3,0
0.482508,0.875892,19.9,30.5,0,7,11.8,0.382683,0.92388,22,0.707107,-0.707107,0.92388,0.382683,4,7,60,50,1014.8,1010.9,2,1,27.2,29.9,11.5687,8.45337,2.7,-3.9,0
0.452072,0.891981,23.1,28.6,0,8.4,6.3,-0.92388,0.382683,37,6.12323e-17,1,0.382683,0.92388,9,9,59,57,1009.7,1006.3,7,4,27.3,27.5,9.29313,8.72883,0.2,-3.4,0
0.436651,0.899631,20.6,30.2,0,4.8,10.9,0.382683,0.92388,24,-1.83697e-16,-1,0.707107,0.707107,6,11,67,62,1010.9,1009.4,1,2,26.3,29.3,8.05126,6.62859,3,-1.5,0
0.421101,0.907014,21,30.9,0,6.4,11.3,6.12323e-17,1,24,-1,1.22465e-16,0.382683,0.92388,4,11,65,57,1013,1010.3,2,2,27.4,29.3,9.41747,7.17529,1.9,-2.7,0
0.405426,0.914128,22.8,31.6,0,6.6,10.3,0.382683,0.92388,24,-0.92388,-0.382683,0.382683,0.92388,6,9,69,57,1012.6,1010,5,3,27.5,30.1,9.47299,6.20849,2.6,-2.6,0
0.38963,0.920971,23.6,30.6,0,5.8,10.8,6.12323e-17,1,30,6.12323e-17,1,6.12323e-17,1,9,13,66,57,1014.6,1012.9,2,1,28.4,29.7,9.44521,6.97931,1.3,-1.7,0
0.37372,0.927542,21.3,30.1,0,8.4,10,6.12323e-17,1,33,-0.382683,0.92388,6.12323e-17,1,9,15,65,57,1015.7,1013.2,4,3,27.7,28.9,9.38977,7.19132,1.2,-2.5,0
0.357698,0.933837,20.9,29.9,0,8,10,6.12323e-17,1,28,-0.92388,0.382683,-0.382683,0.92388,7,13,65,46,1014.5,1011.8,7,2,26.2,28.5,12.7619,7.11135,2.3,-2.7,0
0.341571,0.939856,19.9,29.5,0,7.6,9,-0.707107,0.707107,35,-0.707107,0.707107,-0.382683,0.92388,9,17,60,51,1014,1011.9,1,2,26.9,28.8,11.1617,8.43454,1.9,-2.1,0
0.325342,0.945596,19.9,28.8,0,7.6,9.9,-0.382683,0.92388,31,-0.707107,-0.707107,-0.382683,0.92388,9,11,60,50,1014.5,1010.3,7,2,24.2,27.8,11.3917,8.26598,3.6,-4.2,0
0.309017,0.951057,17.8,32.3,0,7,11.2,6.12323e-17,1,37,-0.707107,-0.707107,-0.92388,-0.382683,7,9,58,31,1009.7,1006.2,1,4,24.3,31.1,19.1457,8.80274,6.8,-3.5,0
0.2926,0.956235,19,28.5,0,7.4,11.1,6.12323e-17,1,26,-0.92388,-0.382683,-0.382683,0.92388,9,13,52,52,1014.8,1011.9,1,2,24.6,26.5,10.6701,10.5203,1.9,-2.9,0
0.276097,0.96113,21.1,28.8,0,7.4,9.7,0.382683,0.92388,20,-0.382683,-0.92388,0.382683,0.92388,2,7,51,49,1016.5,1013.1,1,1,26.1,26.9,11.6315,10.9413,0.8,-3.4,0
0.259512,0.96574,21.8,28.9,0,8,7.4,-0.707107,-0.707107,31,-0.707107,-0.707107,0.707107,-0.707107,11,7,61,56,1018.1,1011,7,3,24.4,28.5,9.64622,8.01873,4.1,-7.1,0
0.24285,0.970064,19.8,33.5,7.6,4.8,11.1,0.382683,0.92388,20,0.92388,-0.382683,0.382683,0.92388,6,13,55,58,1013.2,1009.4,1,1,27.8,31.6,9.29141,9.88359,3.8,-3.8,1
0.226116,0.9741,23.9,32.4,0,6.4,8.1,0.92388,0.382683,20,-0.707107,-0.707107,0.92388,0.382683,4,7,76,62,1014.5,1011.5,7,1,27.3,31.7,8.19443,4.61303,4.4,-3,0
0.209315,0.977848,24.7,30.3,0.2,5.8,1.9,6.12323e-17,1,57,0.707107,0.707107,0.707107,-0.707107,4,6,80,98,1017.6,1016.5,7,8,26.5,22.3,0.332261,3.74055,-4.2,-1.1,0
0.175531,0.984474,20.1,28.3,81.8,3.2,8.8,6.12323e-17,1,19,-0.92388,0.382683,0.707107,0.707107,6,9,81,57,1018.3,1014.4,6,1,23.6,27.6,9.30002,3.45843,4,-3.9,1
0.158559,0.987349,20,30.5,0,5,10.6,0.707107,0.707107,20,-0.707107,-0.707107,0.707107,0.707107,6,9,76,59,1017,1012.6,6,1,24.8,29.1,8.84583,4.52714,4.3,-4.4,0
0.14154,0.989932,22.7,31.7,0,7.2,9.4,0.707107,0.707107,24,0.707107,-0.707107,0.707107,0.707107,6,9,66,67,1015.6,1013,2,1,27.5,29.9,6.80827,6.9328,2.4,-2.6,0
0.124479,0.992222,23.4,30.7,3.8,6,8.3,6.12323e-17,1,24,1,0,0.707107,0.707107,6,9,72,64,1018.1,1015,6,4,28.2,28.9,7.50939,5.54003,0.7,-3.1,1
0.107381,0.994218,22.5,31.1,0,6,8.4,6.12323e-17,1,26,-0.707107,-0.707107,-0.382683,0.92388,6,9,74,65,1018.8,1015.8,6,4,27,28.1,7.21272,5.04142,1.1,-3,0
0.0902516,0.995919,22.3,28.5,0,5.8,4.7,0.382683,0.92388,24,-0.92388,0.382683,6.12323e-17,1,7,13,75,50,1020.9,1018.7,7,5,25.5,27.8,11.3917,4.76678,2.3,-2.2,0
0.0730951,0.997325,19.9,28.5,0,6,9.9,0.382683,0.92388,24,0.382683,0.92388,0.382683,0.92388,11,11,59,53,1023.3,1020.9,5,3,26.2,27.4,10.4409,8.65769,1.2,-2.4,0
0.055917,0.998435,19.9,28.1,0,5.8,4.6,0.382683,0.92388,26,-0.707107,-0.707107,0.382683,0.92388,4,9,73,55,1024.1,1020.7,7,6,23.1,25.7,9.73072,5.1122,2.6,-3.4,0
0.0387223,0.99925,19.8,26.1,0,5.8,0.5,6.12323e-17,1,22,-0.707107,-0.707107,0.382683,0.92388,4,7,74,64,1023.3,1020.3,7,7,23,24.8,7.28335,4.89162,1.8,-3,0
0.00430354,0.999991,19.3,26.7,8.8,2.4,3,0.382683,0.92388,30,-1,1.22465e-16,-1,1.22465e-16,6,4,75,83,1019.5,1015.8,5,7,24.7,24.2,3.0768,4.73811,-0.5,-3.7,1
-0.0129103,0.999917,21,27.7,38.4,6,8.1,6.12323e-17,1,28,-1,1.22465e-16,0.382683,0.92388,2,15,87,67,1019.1,1015.9,7,3,24,26.8,6.6534,2.30293,2.8,-3.2,1
-0.0301203,0.999546,21,28.5,0.4,5.6,6.3,0.382683,0.92388,19,-0.382683,-0.92388,0.707107,0.707107,2,7,84,64,1014.9,1009.9,7,7,23.6,27.9,7.45395,2.8681,4.3,-5,0
-0.0473214,0.99888,21.7,28.5,1.8,1.8,8.2,0.382683,-0.92388,33,0.707107,-0.707107,0.382683,-0.92388,6,17,85,52,1008.8,1005.8,6,3,24.1,27.9,10.7812,2.68561,3.8,-3,1
-0.0988201,0.995105,16.8,26.5,0,6,10.8,-0.382683,-0.92388,33,-1.83697e-16,-1,-1.83697e-16,-1,7,11,34,28,1017.4,1014.2,3,1,21,26.3,19.977,16.4684,5.3,-3.2,0
-0.115935,0.993257,14.1,26.9,0,9,10.5,0.382683,0.92388,20,-0.707107,-0.707107,0.707107,0.707107,7,7,51,45,1019.3,1016.5,5,4,20.5,25.6,12.8282,10.4909,5.1,-2.8,0
-0.133015,0.991114,16.8,27.2,0,5.2,9,6.12323e-17,1,20,-0.92388,-0.382683,-1,1.22465e-16,6,6,55,46,1020.8,1017.6,1,6,22.2,25.8,12.5104,9.47849,3.6,-3.2,0
-0.150055,0.988678,19,26.5,0,6.2,7.9,-0.92388,0.382683,26,-0.92388,-0.382683,-0.382683,0.92388,7,13,65,55,1019.6,1016.4,7,4,21.5,25.6,9.72347,6.8636,4.1,-3.2,0
-0.167052,0.985948,16.7,28.7,0,5.2,10.4,-1.83697e-16,-1,20,-0.707107,-0.707107,0.707107,0.707107,6,7,65,56,1018.7,1014.5,1,4,22.3,25.6,9.44092,6.90547,3.3,-4.2,0
-0.183998,0.982927,18.4,27,0,4.6,9.4,-0.707107,0.707107,28,-0.92388,-0.382683,6.12323e-17,1,4,11,65,53,1019.9,1017.5,2,3,23.3,25.7,10.31,6.95798,2.4,-2.4,0
-0.200891,0.979614,16.8,26.6,0,5.2,9.6,-0.92388,0.382683,24,-0.707107,-0.707107,6.12323e-17,1,6,6,64,52,1022.4,1020.3,2,3,22,26.6,10.678,7.13091,4.6,-2.1,0
-0.217723,0.976011,17.7,26.3,0,4.8,8.3,6.12323e-17,1,24,-0.92388,-0.382683,0.707107,0.707107,6,6,69,63,1025.5,1023,6,7,23.2,24.6,7.52167,6.01107,1.4,-2.5,0
-0.234491,0.972118,16.7,28.2,0.2,4.2,10.8,-0.382683,0.92388,20,-0.707107,-0.707107,0.382683,0.92388,6,9,71,53,1026.4,1022.3,1,1,22.3,26.5,10.3715,5.52018,4.2,-4.1,0
-0.25119,0.967938,17.1,28,0,3.4,10.6,6.12323e-17,1,20,-0.707107,-0.707107,0.707107,0.707107,4,11,73,58,1024.6,1020.5,3,2,23.1,26.1,8.92205,5.1122,3,-4.1,0
-0.267814,0.963471,18.6,27.7,3.4,4.6,10.3,0.382683,0.92388,24,-0.707107,-0.707107,0.382683,0.92388,4,9,81,62,1023.1,1018.8,3,5,22.5,26.3,7.87402,3.42956,3.8,-4.3,1
-0.284359,0.958718,19.3,29,0.4,4,7.1,0.92388,0.382683,19,-0.382683,-0.92388,1,0,4,6,83,63,1019.6,1016.2,6,7,22.8,26.9,7.65224,3.04418,4.1,-3.4,0
-0.30082,0.953681,19.7,21.3,14.6,6.4,0,-1.83697e-16,-1,26,-0.92388,-0.382683,-0.92388,-0.382683,4,2,87,86,1018.2,1016.3,7,8,20.8,20.6,2.42824,2.24719,-0.2,-1.9,1
-0.317191,0.948362,14.6,21.3,2,2.4,9.4,-1.83697e-16,-1,35,-1.83697e-16,-1,-0.382683,-0.92388,13,15,49,45,1017.6,1014.9,6,1,17.1,19.9,12.2918,10.8035,2.8,-2.7,1
-0.333469,0.942761,12,23.8,0.2,3.8,10.8,-1.83697e-16,-1,28,-1.83697e-16,-1,-1.83697e-16,-1,13,6,61,45,1014.8,1011.2,1,1,17.5,23.3,12.6105,7.60821,5.8,-3.6,0
-0.349647,0.936881,12.8,25.7,0,4,11,-0.382683,-0.92388,17,-0.382683,-0.92388,-1,1.22465e-16,9,6,61,40,1013.3,1009.3,1,1,19.4,25.5,14.6046,7.72021,6.1,-4,0
-0.365723,0.930724,15.6,28.3,0,4,9.3,0.382683,-0.92388,24,-0.707107,-0.707107,-0.382683,-0.92388,6,4,70,44,1011.2,1007.5,7,2,20.2,28,13.4063,5.65236,7.8,-3.7,0
-0.397543,0.917584,16.7,23.4,0,8,11,-1.83697e-16,-1,50,-0.382683,-0.92388,-1.83697e-16,-1,15,15,42,30,1012,1010.7,0,1,19.3,22.7,18.4763,13.2387,3.4,-1.3,0
-0.459733,0.888057,16.6,18,7.8,4.2,0,-0.92388,0.382683,22,-0.707107,-0.707107,-0.92388,-0.382683,4,6,90,91,1026.4,1022.2,8,8,17.3,17.1,1.48287,1.65807,-0.2,-4.2,1
-0.474951,0.880012,16.2,21,56.2,3.4,0,-1,1.22465e-16,33,-0.707107,0.707107,-0.92388,-0.382683,9,13,95,95,1017.2,1009.5,8,8,17.9,17.5,0.811181,0.813722,-0.4,-7.7,1
-0.490029,0.871706,16.6,24.9,182.6,1.6,9.5,-0.92388,-0.382683,19,0.382683,-0.92388,-0.382683,-0.92388,6,7,71,58,1013,1010,1,1,19.8,24.4,8.80935,5.41564,4.6,-3,1
-0.504961,0.863142,16.7,24.2,0,3.4,7,-1.83697e-16,-1,24,-0.92388,0.382683,-1.83697e-16,-1,4,13,69,64,1012.4,1010,7,7,20.6,22.7,7.16887,5.89322,2.1,-2.4,0
-0.519744,0.854322,15.8,27.3,0,3.4,10.1,-1.83697e-16,-1,17,-0.382683,-0.92388,0.707107,0.707107,6,6,79,49,1014.3,1011.4,0,1,20.3,26.6,11.6058,3.76645,6.3,-2.9,0
-0.591261,0.80648,11.7,23.7,0,4,10.3,-1.83697e-16,-1,20,-0.707107,-0.707107,0.382683,-0.92388,6,9,60,34,1018.9,1015.2,1,0,17.6,23.4,16.7654,7.86087,5.8,-3.7,0
-0.605056,0.796183,9.9,25.1,0,4.8,10.3,0.382683,-0.92388,22,-0.707107,-0.707107,0.382683,-0.92388,6,11,50,29,1017.4,1013,0,0,18,24.5,19.212,10.583,6.5,-4.4,0
-0.618671,0.78565,10.3,26,0,5.2,10.2,0.382683,-0.92388,39,-1.83697e-16,-1,-1.83697e-16,-1,9,15,41,33,1016.3,1012.7,0,0,19.9,25.3,17.4417,13.6489,5.4,-3.6,0
-0.645348,0.763889,9.8,24.9,0,3,10.2,-1.83697e-16,-1,30,-1.83697e-16,-1,-1.83697e-16,-1,6,9,52,36,1016.2,1012.9,0,1,19.5,24.9,16.1093,10.123,5.4,-3.3,0
-0.658402,0.752667,9.7,20.9,0,8,10.3,-1.83697e-16,-1,24,-0.382683,-0.92388,0.707107,-0.707107,11,4,39,30,1023.9,1022.4,0,0,13.6,20.6,18.1899,13.696,7,-1.5,0
-0.67126,0.741222,8.1,24.1,0,4.8,9.5,-1.83697e-16,-1,20,-0.707107,-0.707107,-0.382683,0.92388,6,7,49,44,1027.4,1024.9,1,1,16.2,22.6,12.8801,10.7289,6.4,-2.5,0
-0.683919,0.729558,14.2,24,0,4,7.6,-0.707107,0.707107,35,-0.92388,-0.382683,-0.707107,0.707107,7,17,65,67,1029.3,1027.8,1,6,20.1,20.6,6.34888,6.79063,0.5,-1.5,0
-0.696376,0.717677,14.9,23,1,3.8,5.2,-0.92388,0.382683,28,-1.83697e-16,-1,-0.382683,0.92388,7,13,76,57,1030.1,1027.4,4,7,19.7,21.8,8.90465,4.3544,2.1,-2.7,0
-0.708627,0.705584,16.9,22.9,6.6,2.2,6.2,-0.707107,0.707107,31,-0.92388,-0.382683,-0.382683,0.92388,7,15,89,76,1027.7,1024.9,6,5,18.7,20.2,4.37119,1.85275,1.5,-2.8,1
-0.720667,0.693281,15.9,22.7,0.8,3.2,2.9,-0.92388,-0.382683,13,-1,1.22465e-16,1,0,6,2,78,77,1022.6,1018.9,6,6,19.3,21.7,4.21455,3.93641,2.4,-3.7,0
-0.744104,0.668064,17.2,25.2,0.2,3,4.4,-0.707107,-0.707107,22,0.707107,0.707107,-1.83697e-16,-1,2,9,89,71,1018.9,1016,7,7,20.1,22.3,5.52018,1.87296,2.2,-2.9,0
-0.755493,0.655156,15.4,19.9,1.4,2.8,9.9,-1.83697e-16,-1,46,-1.83697e-16,-1,-1.83697e-16,-1,13,17,56,45,1017.6,1014.8,2,1,17.2,19.3,12.236,8.85827,2.1,-2.8,1
-0.766659,0.642055,14,22.8,0,6.8,8.9,-0.382683,0.92388,35,-0.707107,-0.707107,-0.707107,0.707107,9,13,56,43,1023.2,1023,1,2,18.7,21.5,13.1138,8.961,2.8,-0.2,0
-0.777597,0.628763,13.7,23.6,0,5,9.6,-0.92388,0.382683,24,-0.92388,-0.382683,-0.382683,0.92388,7,9,65,53,1028.4,1026.7,1,1,18.3,22.3,10.0507,6.69736,4,-1.7,0
-0.788305,0.615285,12.7,23.5,0,4.6,9.3,-0.92388,0.382683,20,-0.707107,-0.707107,-0.382683,0.92388,4,11,69,49,1030.9,1027.6,1,7,18.3,22.2,11.2308,5.78991,3.9,-3.3,0
-0.82877,0.559589,13.1,25.5,0,3,9.7,0.707107,0.707107,15,-0.382683,-0.92388,-0.707107,0.707107,6,2,81,59,1024.8,1021.2,5,5,17.6,25.2,8.59327,3.30243,7.6,-3.6,0
-0.83828,0.54524,15.3,27.6,0,2.2,9.5,0.92388,0.382683,15,-0.707107,-0.707107,0.707107,0.707107,2,2,84,55,1023,1018.1,6,6,18.3,25.4,9.70897,2.75355,7.1,-4.9,0
-0.856551,0.516062,18.2,20.5,0,2.8,0,0.382683,-0.92388,30,-1.83697e-16,-1,-1.83697e-16,-1,11,13,68,50,1016.8,1014.6,7,7,19.2,19.2,10.6805,6.0542,0,-2.2,0
-0.865307,0.501242,9,19.5,0,5.2,10.1,-0.382683,-0.92388,20,-0.382683,-0.92388,-0.382683,-0.92388,6,6,56,42,1022.6,1019.2,0,1,14.1,19,13.2086,8.64778,4.9,-3.4,0
-0.873807,0.486273,7,19.7,0,3,6,-0.92388,-0.382683,15,-0.707107,-0.707107,-0.707107,-0.707107,6,6,63,45,1022.9,1019.2,7,7,12.7,18.6,12.171,6.8636,5.9,-3.7,0
-0.882048,0.47116,7.4,22.3,0,2,9.8,-0.92388,-0.382683,17,-0.92388,-0.382683,-0.382683,-0.92388,4,7,67,45,1022.5,1018.5,1,1,13.4,21.5,12.4413,6.00399,8.1,-4,0
-0.890028,0.455907,7,21.4,0,2.4,10.3,-1.83697e-16,-1,31,-0.382683,-0.92388,0.382683,-0.92388,6,13,45,30,1019.4,1015.6,0,1,16.1,20.5,18.1763,11.9402,4.4,-3.8,0
-0.897743,0.440519,9.7,22.1,0,5.8,7.9,-0.382683,-0.92388,28,-0.707107,-0.707107,-0.707107,-0.707107,9,9,53,56,1022.6,1022.4,1,4,16,21,9.11963,9.57846,5,-0.2,0
-0.905193,0.425,12.3,22.8,0,3,8.5,-0.92388,0.382683,26,-0.92388,-0.382683,-0.92388,0.382683,6,9,69,53,1028.4,1026.1,3,3,17.5,21.6,9.99765,5.75419,4.1,-2.3,0
-0.912375,0.409356,11.8,24.5,0.2,3.8,9.1,0.382683,0.92388,15,-0.707107,-0.707107,0.707107,0.707107,6,6,71,56,1028,1024.2,1,6,17.1,21.1,9.12656,5.30384,4,-3.8,0
-0.919286,0.39359,11.7,24.2,0,3.4,3.5,-0.707107,-0.707107,17,-0.707107,-0.707107,-1.83697e-16,-1,7,4,74,51,1025.7,1022.7,7,7,16.6,23,10.6909,4.65654,6.4,-3,0
-0.925925,0.377708,12.7,24.2,0,1,6.1,-0.707107,0.707107,26,-0.707107,-0.707107,-0.382683,0.92388,7,11,76,53,1026.1,1024.4,5,7,17.2,22.6,10.0734,4.27093,5.4,-1.7,0
-0.932289,0.361714,15.1,21.8,0,7.4,2.9,-0.707107,0.707107,35,-0.92388,0.382683,-0.707107,0.707107,11,13,69,79,1029.6,1028.2,4,7,20.9,18.5,3.71445,5.90676,-2.4,-1.4,0
-0.938377,0.345612,13.4,20.1,4.6,3.4,5.5,-0.707107,0.707107,28,-0.92388,-0.382683,-0.707107,0.707107,7,9,75,69,1030.6,1026.9,7,7,16.6,19,5.82126,4.45259,2.4,-3.7,1
-0.944188,0.329408,14.2,21.4,1.2,0.6,4.3,-0.382683,0.92388,31,-0.382683,-0.92388,-0.707107,0.707107,4,13,85,76,1028.1,1025,7,7,17.7,19.4,4.34434,2.55655,1.7,-3.1,1
-0.949718,0.313107,15.6,22.2,4.2,3.4,4,-0.382683,0.92388,22,-1.83697e-16,-1,-0.92388,0.382683,4,9,92,67,1026.8,1023.2,8,7,16.6,21.2,6.37805,1.30678,4.6,-3.6,1
-0.954967,0.296713,16,23.2,4,0.8,6.5,-0.382683,0.92388,24,-0.92388,-0.382683,-0.707107,0.707107,6,7,91,60,1025.6,1022.5,7,2,17.6,22.1,8.13601,1.48868,4.5,-3.1,1
-0.96901,0.247022,12,22.7,2.4,1,7.8,0.382683,-0.92388,26,-0.707107,-0.707107,0.382683,-0.92388,2,11,98,48,1017.2,1014,3,1,14.2,22.4,11.5583,0.311894,8.2,-3.2,1
-0.973118,0.230306,10.4,21.6,0,2.6,9.2,-1.83697e-16,-1,35,-0.382683,-0.92388,-0.382683,-0.92388,9,11,62,39,1017.1,1014,2,4,16.9,21.3,14.524,7.33106,4.4,-3.1,0
-0.976938,0.213521,9.2,20.9,0,4.6,9.2,-0.707107,-0.707107,20,-0.707107,-0.707107,-0.707107,-0.707107,7,6,65,44,1020.5,1018.3,1,2,14.9,19.4,12.573,6.52291,4.5,-2.2,0
-0.980469,0.196673,10,21.1,0,3.2,9.5,-0.382683,0.92388,20,-0.707107,-0.707107,-0.707107,0.707107,7,7,63,46,1025.5,1023.3,1,1,14.7,20.6,12.0328,6.97215,5.9,-2.2,0
-0.983709,0.179767,12.6,20.5,0,3.8,3,-0.92388,0.382683,17,-0.707107,-0.707107,-0.382683,0.92388,4,7,71,61,1028.2,1026,5,7,15.6,19.6,7.73205,5.24221,4,-2.2,0
-0.986658,0.162807,12.2,20.6,0,2.2,2.4,-1.83697e-16,-1,15,-1.83697e-16,-1,-1,1.22465e-16,6,2,83,64,1027.7,1025.1,7,7,14.7,20.1,7.02836,2.85885,5.4,-2.6,0
-0.989314,0.145799,12.5,19.6,0,1.4,1.5,-0.92388,0.382683,17,-0.707107,-0.707107,-0.382683,0.92388,4,4,84,66,1025.6,1022,8,7,15.4,19.1,6.50596,2.69184,3.7,-3.6,0
-0.991677,0.128748,11.2,19.6,0,1,1.9,-1.83697e-16,-1,19,-0.707107,-0.707107,-0.382683,-0.92388,7,7,96,71,1022.2,1019.9,7,7,13.2,18.6,5.36581,0.624442,5.4,-2.3,0
-0.993747,0.111659,12.6,22.7,0.2,2.2,6.8,-0.92388,0.382683,31,-0.92388,-0.382683,-0.707107,0.707107,6,11,73,60,1026.2,1025.1,2,3,17.8,21.3,8.08676,4.90848,3.5,-1.1,0
-0.995521,0.0945367,14.9,22.6,0,3.2,6.8,-0.707107,0.707107,20,-0.707107,-0.707107,-1,1.22465e-16,7,9,66,68,1030.6,1027.6,4,5,18.3,20.7,6.12426,6.46599,2.4,-3,0
-0.997001,0.0773865,14.6,22.2,2.4,2.4,4.6,0.707107,0.707107,22,-0.707107,-0.707107,6.12323e-17,1,4,7,85,71,1030.8,1027.8,2,6,17.7,21,5.4657,2.55655,3.3,-3,1
-0.998186,0.0602133,15.4,18.4,7,2.2,0,-0.92388,0.382683,24,-0.707107,-0.707107,-0.92388,0.382683,2,6,95,86,1031.4,1028.5,8,7,16.3,17.8,2.37613,0.803582,1.5,-2.9,1
-0.999074,0.0430222,14.2,23.1,4,1.4,8.3,-0.92388,-0.382683,19,-0.707107,-0.707107,0.707107,0.707107,6,6,83,56,1028,1023.9,1,3,16.9,21.7,9.16818,2.90862,4.8,-4.1,1
-0.999667,0.0258184,12.4,23.3,0.2,2.8,7.4,0.382683,-0.92388,17,-0.707107,-0.707107,-1.83697e-16,-1,4,7,86,53,1024.5,1020.5,7,3,15.8,22.7,10.081,2.33924,6.9,-4,0
-0.999963,0.008607,12.2,19.6,0,1.2,8.7,-1.83697e-16,-1,33,-0.382683,-0.92388,-1.83697e-16,-1,6,13,66,32,1022.4,1018.1,1,4,16.5,19.4,17.1252,6.37652,2.9,-4.3,0
-0.999963,-0.008607,7.8,20.7,0,4.4,9.5,-1.83697e-16,-1,26,-0.707107,-0.707107,-0.92388,-0.382683,9,6,53,39,1023.2,1021,0,2,12.8,20.5,14.4369,9.3428,7.7,-2.2,0
-0.999667,-0.0258184,9.9,21.3,0,3.4,6.8,-0.92388,-0.382683,17,-0.382683,-0.92388,0.382683,-0.92388,6,6,67,50,1024.3,1020.7,3,1,14.5,20.8,10.8111,6.05607,6.3,-3.6,0
-0.999074,-0.0430222,9.7,22.8,0,2.8,9.7,-1.83697e-16,-1,20,-0.382683,-0.92388,0.382683,-0.92388,6,9,80,37,1023.1,1019.6,2,1,14.7,22,15.3683,3.41604,7.3,-3.5,0
-0.998186,-0.0602133,9.3,24.1,0,2.4,9.8,0.382683,-0.92388,19,-0.382683,-0.92388,0.382683,-0.92388,4,7,72,41,1020,1015.3,1,1,14.4,23.6,14.0331,4.98529,9.2,-4.7,0
-0.997001,-0.0773865,10.2,23,0,2.8,10,-1.83697e-16,-1,20,-0.92388,-0.382683,-1,1.22465e-16,4,6,56,24,1018.6,1016.5,0,0,16.9,22.6,21.6005,8.8378,5.7,-2.1,0
-0.995521,-0.0945367,7,20.4,0,5,6.8,-0.92388,0.382683,24,-0.92388,-0.382683,-0.707107,0.707107,6,9,61,56,1024.2,1023.1,1,7,14.7,18.7,8.961,7.44461,4,-1.1,0
-0.993747,-0.111659,11.9,19.4,0,2,5.4,-0.707107,0.707107,24,-0.382683,-0.92388,-0.382683,0.92388,6,7,71,62,1028.1,1025.5,2,6,15.6,18.2,7.40503,5.24221,2.6,-2.6,0
-0.991677,-0.128748,9.7,20.2,0.2,2.2,1.6,0.707107,0.707107,24,-0.707107,-0.707107,0.382683,0.92388,6,7,74,73,1025.9,1021.4,5,7,14.8,17.9,4.91229,4.59145,3.1,-4.5,0
-0.989314,-0.145799,11.4,21.2,0.4,1.8,7.7,0.92388,-0.382683,24,-0.92388,-0.382683,0.707107,0.707107,4,7,92,72,1019.7,1013.9,6,6,13.7,20.2,5.21495,1.27722,6.5,-5.8,0
-0.986658,-0.162807,12.2,18.3,0.6,2.8,9.9,-1.83697e-16,-1,54,-0.382683,-0.92388,-1.83697e-16,-1,19,19,50,28,1015.4,1011.3,1,0,13,17.8,18.757,10.1814,4.8,-4.1,0
-0.983709,-0.179767,8.4,18.2,0.2,6.8,9.7,0.382683,-0.92388,48,-1.83697e-16,-1,-1.83697e-16,-1,13,22,49,42,1015.9,1012.3,1,2,12.9,16.8,12.9889,10.4576,3.9,-3.6,0
-0.980469,-0.196673,10.2,19.2,0,7.4,10,-0.382683,-0.92388,41,-1.83697e-16,-1,-1.83697e-16,-1,9,19,49,37,1018,1014.2,1,1,13.3,18.4,14.9575,10.4903,5.1,-3.8,0
-0.976938,-0.213521,5.4,18.2,0,3.8,3.2,-0.707107,-0.707107,11,-0.707107,-0.707107,-0.707107,0.707107,4,4,66,45,1020.2,1016.8,7,6,11.1,16.7,11.9954,6.11174,5.6,-3.4,0
-0.973118,-0.230306,7.6,17.4,0,2.6,5.2,-1.83697e-16,-1,19,-0.92388,-0.382683,0.382683,-0.92388,4,7,80,49,1019.6,1015.3,7,7,10.5,16.1,10.7206,3.30405,5.6,-4.3,0
-0.96901,-0.247022,6.9,16.1,0,3.2,9.7,-1.83697e-16,-1,56,-1.83697e-16,-1,-1.83697e-16,-1,19,20,57,48,1018.2,1015.8,1,1,10.1,14.3,10.8647,8.13237,4.2,-2.4,0
-0.964614,-0.263665,6.9,19.4,0,5,10,-0.382683,-0.92388,22,-0.382683,-0.92388,0.707107,0.707107,9,2,52,37,1023.4,1022.2,0,1,11.9,18.9,15.0142,9.54472,7,-1.2,0
-0.959933,-0.280231,8.2,19.3,0,3.2,5.1,-0.382683,0.92388,26,-0.707107,-0.707107,-0.92388,0.382683,9,7,63,60,1028.2,1025.4,4,6,13.9,18.4,7.90944,6.92863,4.5,-2.8,0
-0.954967,-0.296713,11.7,20.9,0,2.8,7.3,6.12323e-17,1,35,-0.382683,-0.92388,-0.382683,0.92388,6,13,74,53,1030.4,1027.8,7,1,14.4,19.7,9.85445,4.57704,5.3,-2.6,0
-0.949718,-0.313107,10.6,21.6,0.2,4,6.6,0.382683,0.92388,31,-0.382683,-0.92388,6.12323e-17,1,6,15,77,58,1031,1028.5,7,7,15.3,19.7,8.50136,4.01076,4.4,-2.5,0
-0.944188,-0.329408,10.1,18.7,2.8,3,0,-0.382683,0.92388,19,-0.707107,-0.707107,-0.382683,0.92388,2,4,86,92,1029.6,1025.4,8,8,13.3,17.7,1.31808,2.29354,4.4,-4.2,1
-0.938377,-0.345612,12.9,23.1,4.4,0.4,8.1,6.12323e-17,1,17,-1,1.22465e-16,6.12323e-17,1,4,7,86,70,1025.6,1022,4,2,17.6,21.5,5.70885,2.37243,3.9,-3.6,1
-0.932289,-0.361714,14.1,24.4,0,1.6,6.6,-1.83697e-16,-1,24,-0.707107,-0.707107,0.707107,0.707107,4,9,97,65,1022.7,1017.7,7,5,17,23.7,6.97904,0.480435,6.7,-5,0
-0.925925,-0.377708,16.5,24.3,0,2.4,4.1,-1.83697e-16,-1,22,-0.382683,-0.92388,-1.83697e-16,-1,6,6,76,52,1022.2,1018.8,7,1,17.6,24.1,10.481,4.28423,6.5,-3.4,0
-0.919286,-0.39359,13.1,25.1,0.2,1.6,6,-1.83697e-16,-1,26,-0.382683,-0.92388,-0.382683,-0.92388,2,11,79,64,1021.6,1017.7,6,7,17.2,23.8,7.22873,3.67712,6.6,-3.9,0
-0.912375,-0.409356,13.5,22.9,0,3.6,9.2,-1.83697e-16,-1,24,0.382683,-0.92388,-1.83697e-16,-1,11,11,53,35,1024.6,1021.6,1,5,18.2,21.9,16.1617,9.74211,3.7,-3,0
-0.905193,-0.425,10,21.4,0,4.8,9.1,-0.382683,0.92388,22,-0.707107,-0.707107,-1,1.22465e-16,7,4,51,36,1030.2,1027.6,3,2,14.8,21.3,15.6838,10.0419,6.5,-2.6,0
-0.897743,-0.440519,7.8,21.7,0,4.6,10,-0.382683,-0.92388,19,-0.707107,-0.707107,-0.92388,0.382683,7,7,54,32,1032.4,1027.9,1,1,14,20.8,17.3059,9.16328,6.8,-4.5,0
-0.890028,-0.455907,10.2,22.8,0,4,10.1,-0.707107,-0.707107,19,-0.707107,-0.707107,0.382683,0.92388,7,6,60,48,1028.5,1024,1,1,15.2,21.9,11.5149,7.716,6.7,-4.5,0
-0.882048,-0.47116,9.7,24.1,0,3,10.2,-1.83697e-16,-1,24,-0.92388,-0.382683,-1.83697e-16,-1,4,7,81,35,1024.5,1020.1,1,0,13.6,23.5,16.3553,3.2004,9.9,-4.4,0
-0.873807,-0.486273,9.1,23.6,0,3,10,0.382683,0.92388,19,-0.382683,-0.92388,0.382683,0.92388,4,9,63,49,1024.4,1020.8,0,1,14.5,22.2,11.2308,6.96126,7.7,-3.6,0
-0.865307,-0.501242,10,25.7,0,4,10.1,1,0,22,-0.92388,-0.382683,0.707107,0.707107,4,9,68,56,1023.5,1018.8,0,1,15.6,23.6,9.30057,5.88766,8,-4.7,0
-0.856551,-0.516062,10.6,26.7,0,3.6,9.8,-0.382683,-0.92388,26,-0.382683,-0.92388,0.382683,0.92388,6,9,71,54,1019.5,1014.3,2,1,18.6,25.1,9.9733,5.36581,6.5,-5.2,0
-0.847541,-0.53073,13.5,21.8,0,3.8,6.8,-1.83697e-16,-1,30,-0.707107,-0.707107,-1,1.22465e-16,6,6,47,52,1019.6,1016.7,4,5,16.9,20,10.1617,11.3889,3.1,-2.9,0
-0.83828,-0.54524,7.9,19.1,0,5.6,10.3,0.382683,-0.92388,33,-0.382683,-0.92388,-1.83697e-16,-1,9,15,44,29,1017.2,1013.1,0,0,12.2,18.6,18.3874,11.895,6.4,-4.1,0
-0.82877,-0.559589,6.1,21.1,0,5.6,10.2,-0.382683,-0.92388,26,-0.382683,-0.92388,-1.83697e-16,-1,9,6,46,27,1018,1014.8,0,1,14.2,20.5,19.6459,11.4571,6.3,-3.2,0
-0.819015,-0.573772,7.7,21.4,0,3.2,9.7,-0.707107,-0.707107,24,-0.382683,-0.92388,-0.92388,0.382683,9,2,47,32,1022.4,1019.5,0,3,14.3,20,17.2025,11.1625,5.7,-2.9,0
-0.809017,-0.587785,7.5,22.1,0,3.4,10.1,0.382683,0.92388,19,-0.92388,-0.382683,0.382683,0.92388,6,7,56,33,1022.8,1018.9,0,2,13.2,20.4,16.8186,8.58712,7.2,-3.9,0
-0.798779,-0.601624,7.8,22.5,0,4.4,10.2,0.382683,0.92388,20,-0.707107,-0.707107,0.382683,0.92388,6,9,63,48,1023.5,1019.2,1,1,14.5,20.9,11.4283,6.96126,6.4,-4.3,0
-0.788305,-0.615285,9.3,23,0,2.8,10,0.382683,0.92388,19,-0.382683,-0.92388,0.707107,0.707107,4,9,72,55,1021.4,1016.2,1,1,15.4,21.6,9.43557,5.02453,6.2,-5.2,0
-0.777597,-0.628763,8.6,26.4,0,2.4,10.1,0.707107,0.707107,20,-0.92388,-0.382683,0.92388,0.382683,4,7,62,52,1019.5,1015,0,1,14.6,23.3,10.4183,7.20108,8.7,-4.5,0
-0.766659,-0.642055,11.8,28.4,0.2,4,7.8,-1.83697e-16,-1,46,-0.382683,0.92388,0.92388,-0.382683,2,7,69,47,1013.8,1007.3,3,3,18.3,24.4,12.0538,5.78991,6.1,-6.5,0
-0.755493,-0.655156,12.3,22.3,3.6,7,10.5,-1.83697e-16,-1,39,-0.382683,-0.92388,-0.382683,-0.92388,15,15,39,23,1018,1016.4,0,0,15.4,21.8,22.0593,13.8875,6.4,-1.6,1
-0.744104,-0.668064,8.4,23,0,6.8,10.2,-0.707107,-0.707107,17,-0.707107,-0.707107,-0.92388,0.382683,7,4,48,27,1025.2,1022.1,0,0,15.3,22.4,19.9249,10.9492,7.1,-3.1,0
-0.732494,-0.680773,8,22.6,0,4,9.1,0.382683,0.92388,20,-0.707107,-0.707107,0.382683,0.92388,6,7,62,56,1028.1,1025.1,4,2,13.4,19.9,9.0436,7.13371,6.5,-3,0
-0.720667,-0.693281,10.7,21.7,0,3.8,4.3,-0.707107,0.707107,22,-0.707107,-0.707107,-0.707107,0.707107,9,7,66,62,1026.2,1022.4,5,7,16.4,19.5,7.47936,6.37157,3.1,-3.8,0
-0.708627,-0.705584,11.3,23.4,0,2.8,10.3,0.707107,0.707107,20,-0.382683,-0.92388,1,0,6,6,73,49,1020.6,1015.5,1,3,17,21.9,11.2054,4.87809,4.9,-5.1,0
-0.696376,-0.717677,10.3,24.2,0,3.2,10.5,6.12323e-17,1,19,-0.707107,-0.707107,0.382683,0.92388,7,9,53,37,1020.6,1017.5,0,1,17,22.1,15.3798,9.65268,5.1,-3.1,0
-0.683919,-0.729558,10,22.8,0,4.8,10,-0.92388,0.382683,20,-0.707107,-0.707107,6.12323e-17,1,6,9,60,48,1024.9,1022.4,2,2,15.6,20.5,11.3938,7.74005,4.9,-2.5,0
-0.67126,-0.741222,11.4,22.1,0,4.4,6.3,6.12323e-17,1,28,-0.707107,-0.707107,6.12323e-17,1,6,11,65,53,1027.2,1024.4,2,6,17.5,20.6,9.92216,6.65611,3.1,-2.8,0
-0.658402,-0.752667,15.3,22.4,0.4,3,2.6,-0.707107,0.707107,31,-1,1.22465e-16,0.382683,0.92388,2,13,76,77,1026.6,1024.1,7,8,18.5,18.7,4.11841,4.31423,0.2,-2.5,0
-0.645348,-0.763889,16.9,24.5,2.2,4,9.5,6.12323e-17,1,20,-0.92388,-0.382683,0.92388,0.382683,4,9,83,64,1025.8,1021.6,5,3,19.7,23.5,7.21238,2.97257,3.8,-4.2,1
-0.618671,-0.78565,17.1,25.3,0,2.4,8.2,0.707107,0.707107,20,1,0,0.707107,0.707107,6,9,65,67,1021.6,1017,2,6,22.6,23.4,6.48555,6.9212,0.8,-4.6,0
-0.605056,-0.796183,16.8,29.1,2.2,4.6,9.9,-1.83697e-16,-1,28,-1.83697e-16,-1,0.382683,0.92388,6,4,75,55,1019.2,1016,1,2,21.9,27.2,9.83979,4.63843,5.3,-3.2,1
-0.591261,-0.80648,15.7,28.5,0,5.2,10.2,-1.83697e-16,-1,20,-0.382683,-0.92388,0.707107,-0.707107,9,9,44,36,1021.1,1017.1,3,2,21.7,28.1,16.492,12.7934,6.4,-4,0
-0.577292,-0.816538,16.2,23.9,0,4,0.3,-0.707107,-0.707107,30,-0.92388,-0.382683,-0.707107,-0.707107,2,7,52,74,1021.8,1019.9,7,8,18.9,16.9,4.66743,10.0768,-2,-1.9,0
-0.563151,-0.826354,14.8,24.7,5,1.6,6.1,-1.83697e-16,-1,19,-0.382683,-0.92388,-0.707107,0.707107,4,4,84,44,1022.4,1018.5,7,1,17.5,24.4,13.0544,2.73645,6.9,-3.9,1
-0.548843,-0.835925,11.9,22.9,0.2,4,5.2,0.382683,0.92388,19,-0.707107,-0.707107,0.382683,0.92388,6,7,58,54,1023.4,1018.5,7,7,17.4,21,9.67026,8.35258,3.6,-4.9,0
-0.534373,-0.845249,14.1,23.2,13.6,5.6,9.2,-1.83697e-16,-1,33,-1.83697e-16,-1,-1.83697e-16,-1,7,15,59,29,1017.9,1013.6,4,1,18.1,22.3,18.9026,8.14258,4.2,-4.3,1
-0.519744,-0.854322,11.3,23.7,0.2,10,11.1,-1.83697e-16,-1,26,-0.382683,-0.92388,-1.83697e-16,-1,7,11,44,25,1016.9,1013,1,1,17.8,22.9,21.0791,12.4208,5.1,-3.9,0
-0.474951,-0.880012,16.3,25.3,2.4,3,7.6,0.382683,-0.92388,48,1,0,-1.83697e-16,-1,6,19,85,21,1011.6,1008.6,7,1,19.7,25.3,23.906,2.59655,5.6,-3,1
-0.459733,-0.888057,12.7,24.9,0.2,8.2,9.8,-1.83697e-16,-1,26,-0.382683,-0.92388,0.92388,0.382683,9,7,45,44,1018.4,1016.6,1,3,18.6,22.7,12.8898,12.171,4.1,-1.8,0
-0.444378,-0.895839,12,23.6,0,6.8,9.3,6.12323e-17,1,22,-0.92388,-0.382683,-0.382683,0.92388,6,11,61,53,1022.7,1018.8,1,3,19.4,21.3,9.97497,7.72021,1.9,-3.9,0
-0.428892,-0.903356,13.4,24,0,4.2,6.1,0.92388,0.382683,19,-1.83697e-16,-1,0.707107,0.707107,6,7,69,53,1023.9,1019.5,6,6,19.2,23.2,10.119,5.83023,4,-4.4,0
-0.413279,-0.910605,13.8,25.5,0,4,8.6,0.707107,0.707107,26,0.707107,0.707107,0.707107,0.707107,2,11,68,65,1023.1,1019.3,3,3,21,22.3,6.90547,6.13832,1.3,-3.8,0
-0.397543,-0.917584,14.8,28.1,0,5,9.5,-1.83697e-16,-1,31,0.92388,-0.382683,0.707107,-0.707107,6,6,54,38,1020.3,1014.6,3,4,21.9,27.3,15.5792,9.73639,5.4,-5.7,0
-0.381689,-0.924291,10.7,25.6,0,6.6,10.8,0.382683,-0.92388,28,-0.382683,-0.92388,-1.83697e-16,-1,7,6,36,21,1022.6,1018.6,0,0,18.9,25.2,23.8887,15.4031,6.3,-4,0
-0.365723,-0.930724,11,25,0,5.2,10.8,6.12323e-17,1,37,-0.707107,-0.707107,6.12323e-17,1,6,13,54,47,1027.6,1025.1,1,2,19.1,22.1,11.848,9.53135,3,-2.5,0
-0.349647,-0.936881,13.3,21.6,0,6.2,1.9,-0.707107,0.707107,35,-0.707107,-0.707107,-0.382683,0.92388,6,11,60,67,1030.2,1027.8,7,7,19.2,19.6,6.30042,7.95817,0.4,-2.4,0
-0.333469,-0.942761,15.7,24.5,0,3.4,7.1,-0.382683,0.92388,31,-0.92388,-0.382683,-0.382683,0.92388,4,9,52,42,1029.3,1025.1,6,4,20.8,23.7,13.6838,10.2236,2.9,-4.2,0
-0.317191,-0.948362,13.2,25.4,0,5,9.4,6.12323e-17,1,28,-0.382683,-0.92388,-0.382683,0.92388,4,11,62,49,1028.1,1024.6,3,3,20,23.6,11.3494,7.50804,3.6,-3.5,0
-0.30082,-0.953681,12.7,25.4,0,5.2,8.3,0.707107,0.707107,24,-0.92388,-0.382683,0.707107,0.707107,4,11,62,52,1026.9,1023,5,5,19.4,23.8,10.4575,7.47363,4.4,-3.9,0
-0.284359,-0.958718,13.4,25.6,0,4.6,10.8,0.707107,0.707107,24,-0.382683,-0.92388,0.707107,0.707107,4,11,64,56,1023.2,1018.3,2,1,21.1,23.5,9.29358,7.08224,2.4,-4.9,0
-0.267814,-0.963471,13,27.4,0,5,10.4,-0.382683,-0.92388,26,0.707107,-0.707107,0.382683,0.92388,2,11,65,54,1019.7,1014.6,1,2,21.1,25.7,10.018,6.84271,4.6,-5.1,0
-0.234491,-0.972118,12.5,22.8,18,0.8,7.3,-0.92388,0.382683,37,-1,1.22465e-16,-1,1.22465e-16,13,13,56,80,1018.3,1018.4,1,7,18.1,17.4,3.48902,8.91984,-0.7,0.1,1
-0.217723,-0.976011,13,24,0.6,4.4,9,-0.92388,0.382683,33,-1,1.22465e-16,6.12323e-17,1,7,19,53,48,1021.7,1018.3,3,7,20.5,22.4,11.5583,9.91463,1.9,-3.4,0
-0.200891,-0.979614,13.4,23.3,0,5.6,9,-0.92388,0.382683,31,-0.92388,-0.382683,-0.92388,0.382683,7,9,58,60,1020.7,1017.3,2,5,20.3,21,8.06833,8.54039,0.7,-3.4,0
-0.183998,-0.982927,14.2,24.3,1.6,5.2,10.8,6.12323e-17,1,24,-1,1.22465e-16,6.12323e-17,1,7,9,59,56,1021,1017.5,2,2,20.8,22.1,9.19597,8.31259,1.3,-3.5,1
-0.167052,-0.985948,13.5,29.4,0,5.4,10.3,0.382683,-0.92388,28,0.382683,-0.92388,-1.83697e-16,-1,2,7,60,27,1018.2,1012.9,0,5,21.7,27.8,20.7279,8.11137,6.1,-5.3,0
-0.150055,-0.988678,14.7,23.5,0,6,7.6,0.382683,0.92388,28,-0.382683,-0.92388,-0.382683,0.92388,9,11,51,57,1019,1016.7,2,5,19.1,18.9,8.71008,10.3798,-0.2,-2.3,0
-0.133015,-0.991114,11.1,23.1,0.6,5.4,11.2,6.12323e-17,1,28,-0.92388,-0.382683,0.382683,0.92388,7,20,39,41,1022,1017.8,1,1,17.4,20.6,13.7212,14.1018,3.2,-4.2,0
-0.115935,-0.993257,9.4,23.4,0.2,6.8,6.9,-1,1.22465e-16,26,-0.382683,-0.92388,-1,1.22465e-16,9,6,51,39,1022.8,1019.3,2,4,18.7,22.6,14.666,10.3481,3.9,-3.5,0
-0.0988201,-0.995105,13.7,23.1,0,3.6,8.1,-0.382683,0.92388,35,-1,1.22465e-16,-0.92388,0.382683,9,13,53,55,1022.9,1019.5,3,5,20.6,20.4,9.35002,9.92216,-0.2,-3.4,0
-0.0816764,-0.996659,12.4,24.1,0.4,5.4,8.4,6.12323e-17,1,24,-0.707107,-0.707107,0.382683,0.92388,6,7,57,90,1022.2,1018.8,2,5,19.7,15.8,1.63869,8.76355,-3.9,-3.4,0
-0.0645084,-0.997917,11.8,24.8,12.2,4.4,10.5,0.707107,0.707107,22,-0.92388,-0.382683,0.707107,0.707107,6,7,68,51,1021.4,1016.7,3,1,18.5,24,10.7713,6.02164,5.5,-4.7,1
-0.0473214,-0.99888,13.1,25.7,0,4,8.2,0.382683,-0.92388,31,-1,1.22465e-16,0.707107,-0.707107,2,6,61,73,1021.8,1018.2,1,7,22.1,16.2,4.84778,7.88073,-5.9,-3.6,0
-0.0301203,-0.999546,12,26.6,7.8,6.4,10.8,0.707107,0.707107,26,0.707107,0.707107,0.707107,0.707107,4,15,59,57,1023,1019.3,0,3,21.7,24.2,9.06725,8.36963,2.5,-3.7,1
-0.0129103,-0.999917,14,27.7,0,5,10.8,0.382683,0.92388,22,0.707107,0.707107,0.382683,0.92388,2,11,53,46,1026.9,1024,0,2,22.6,25.7,12.5012,10.0734,3.1,-2.9,0
0.00430354,-0.999991,14.8,29.3,0,5,11.3,0.382683,0.92388,26,-0.707107,-0.707107,0.382683,0.92388,4,9,64,21,1031.1,1028.3,1,1,22.3,28.3,24.4292,7.14717,6,-2.8,0
0.0215161,-0.999769,15.8,27.8,0,6.8,11.6,6.12323e-17,1,26,-0.92388,0.382683,6.12323e-17,1,9,13,55,41,1032.7,1028.2,1,1,23.6,26,14.285,9.579,2.4,-4.5,0
0.0387223,-0.99925,14.2,29,0,7.4,11.3,0.707107,0.707107,17,-0.382683,-0.92388,0.707107,0.707107,4,7,64,40,1029.3,1024.9,0,0,22.3,27.7,14.8429,7.14717,5.4,-4.4,0
0.055917,-0.998435,13.3,33.8,0,6,11.4,0.382683,0.92388,20,-0.707107,-0.707107,0.707107,0.707107,6,7,45,17,1026.7,1022.9,0,0,24.9,31.4,28.0049,12.7618,6.5,-3.8,0
0.0730951,-0.997325,12.9,30.7,0,7.2,10,0.382683,0.92388,20,0.382683,-0.92388,0.707107,0.707107,4,9,51,21,1027,1023.3,0,0,23.9,29.8,24.6927,10.7633,5.9,-3.7,0
0.0902516,-0.995919,14.6,28.3,0,6.2,11.4,0.707107,0.707107,20,0.92388,0.382683,0.382683,0.92388,4,7,58,48,1027,1024.2,1,0,23.9,27.1,11.9702,8.77633,3.2,-2.8,0
0.107381,-0.994218,17.2,25.7,0,6.4,5.8,-0.707107,0.707107,39,-0.707107,0.707107,-0.707107,0.707107,11,13,59,61,1032,1029.2,6,7,23.3,23.6,7.9706,8.47152,0.3,-2.8,0
0.124479,-0.992222,18.5,25.1,5.8,6.6,2.6,-0.382683,0.92388,33,-0.707107,0.707107,6.12323e-17,1,15,15,73,60,1032.1,1028.7,7,5,20.8,23,8.19159,5.02329,2.2,-3.4,1
0.14154,-0.989932,17.2,25.6,0.2,4.6,9.6,6.12323e-17,1,26,-0.382683,0.92388,0.382683,0.92388,13,9,52,48,1029.8,1026.3,5,3,22.6,23.8,11.6803,10.3636,1.2,-3.5,0
0.158559,-0.987349,14.7,25.9,0,7.2,11.3,0.382683,0.92388,26,0.92388,0.382683,0.707107,0.707107,6,11,48,48,1026.5,1022.1,3,1,23.1,24.6,11.7503,11.6193,1.5,-4.4,0
0.175531,-0.984474,15.1,27.4,0,7.2,11.4,0.707107,0.707107,31,0.92388,-0.382683,0.707107,0.707107,9,13,51,53,1023.5,1018.3,1,1,23.8,25.6,10.3023,10.7552,1.8,-5.2,0
0.192452,-0.981306,16.6,28,0,7.6,9.1,6.12323e-17,1,30,0.707107,0.707107,0.707107,0.707107,6,13,53,65,1020.8,1017.5,1,7,25.3,24.6,7.02653,10.2793,-0.7,-3.3,0
0.226116,-0.9741,17.6,26.9,4.4,3.2,10.2,6.12323e-17,1,28,-0.382683,0.92388,0.382683,0.92388,7,11,60,51,1025.4,1021.8,4,2,24.5,25.7,10.9088,8.28462,1.2,-3.6,1
0.24285,-0.970064,16.9,26.6,0,6.8,11.8,0.382683,0.92388,26,-0.707107,0.707107,0.382683,0.92388,9,13,58,54,1025,1022,3,4,24.1,25.5,10.0031,8.78953,1.4,-3,0
0.259512,-0.96574,16.3,27.6,0,6.8,10.8,0.382683,0.92388,24,-1.83697e-16,-1,0.382683,0.92388,6,13,59,49,1024.7,1021.4,3,1,23.3,26.3,11.58,8.47152,3,-3.3,0
0.276097,-0.96113,17.3,27.1,0,5.8,11.2,6.12323e-17,1,35,6.12323e-17,1,6.12323e-17,1,7,15,55,51,1025.7,1023.5,6,2,24.2,25.8,10.9169,9.62223,1.6,-2.2,0
0.2926,-0.956235,15.2,26.5,0,7.4,11.2,0.382683,0.92388,30,6.12323e-17,1,-0.382683,0.92388,7,15,61,50,1026,1022.8,4,3,23.9,25,11.1577,7.98863,1.1,-3.2,0
0.309017,-0.951057,14.4,26.8,0,7.4,12,0.382683,0.92388,24,-1.83697e-16,-1,0.382683,0.92388,4,13,58,52,1024.4,1020.9,3,2,23.8,25.1,10.5596,8.76973,1.3,-3.5,0
0.325342,-0.945596,15.5,27.2,0,5.6,12.1,0.382683,0.92388,31,0.382683,0.92388,0.707107,0.707107,6,13,55,46,1020.5,1015.9,1,1,24.1,25.7,12.5012,9.61502,1.6,-4.6,0
0.341571,-0.939856,16.6,29.3,0,9,6.9,-1.83697e-16,-1,65,0.707107,0.707107,0.707107,0.707107,9,13,52,63,1014.8,1008.5,3,4,25.6,25.8,7.58966,10.599,0.2,-6.3,0
0.357698,-0.933837,18.9,27.3,20.8,7.4,10.7,-0.382683,0.92388,33,-1,1.22465e-16,-0.382683,0.92388,4,17,69,50,1017.3,1015.2,1,1,23.6,26.1,11.2493,6.02931,2.5,-2.1,1
0.37372,-0.927542,17.4,24.3,0,7.6,2.8,-0.382683,0.92388,22,-0.382683,0.92388,-0.382683,0.92388,9,9,61,67,1023.2,1020.4,7,7,22.7,22,6.41704,7.91662,-0.7,-2.8,0
0.38963,-0.920971,18.4,25.4,1.2,4,6.5,0.382683,0.92388,24,0.92388,0.382683,0.707107,0.707107,4,9,62,59,1024.2,1020.9,7,6,23.1,24.1,8.52268,7.68707,1,-3.3,1
0.405426,-0.914128,17.9,28.4,0,6.2,10.2,0.707107,0.707107,33,0.382683,-0.92388,0.707107,0.707107,7,15,62,68,1021.5,1017,3,4,24.2,24.7,6.31302,7.75109,0.5,-4.5,0
0.421101,-0.907014,17.9,30.7,4.8,7.4,10.5,-0.382683,0.92388,37,0.707107,-0.707107,-0.707107,0.707107,4,17,53,62,1018.5,1016.7,1,4,25.9,26.2,7.86814,10.3254,0.3,-1.8,1
0.436651,-0.899631,17.6,22.3,13.2,7.6,1.3,-0.707107,0.707107,22,-0.92388,0.382683,-0.382683,0.92388,7,7,74,82,1022.4,1019.9,7,8,21,20.2,3.1758,4.81754,-0.8,-2.5,1
0.452072,-0.891981,17.3,23.1,5,3.4,0.4,6.12323e-17,1,22,-0.707107,0.707107,-0.382683,0.92388,6,9,80,64,1022.3,1019.9,7,7,19.9,21.6,7.10926,3.55726,1.7,-2.4,1
0.467359,-0.884068,18,24.1,0.2,4,5.5,6.12323e-17,1,24,-0.382683,0.92388,0.382683,0.92388,6,9,56,57,1023.1,1020.8,7,7,22.7,22.7,8.96546,9.23774,0,-2.3,0
0.482508,-0.875892,16.2,25.2,0,4.8,11.6,0.382683,0.92388,26,0.92388,0.382683,0.382683,0.92388,7,13,54,50,1022.7,1019.7,3,2,22.9,23.8,11.0582,9.81013,0.9,-3,0
0.497513,-0.867456,16.6,27,0,6.6,8.5,0.707107,0.707107,26,0.707107,-0.707107,0.707107,0.707107,7,9,56,48,1020.6,1016.4,7,7,23.6,24.9,11.7766,9.30057,1.3,-4.2,0
0.512371,-0.858764,18.8,29.5,0,9,12,0.382683,0.92388,33,0.382683,-0.92388,0.707107,0.707107,6,15,51,61,1018.4,1014,3,2,25.8,26.7,8.15789,10.9169,0.9,-4.4,0
0.527078,-0.849817,18.3,30.5,0,8,11.5,0.707107,0.707107,28,0.707107,0.707107,0.707107,0.707107,6,13,51,57,1015.4,1012.8,1,3,28.1,27.9,9.32069,11.1043,-0.2,-2.6,0
0.541628,-0.840618,20.1,29.8,11.6,9,9.4,0.92388,0.382683,24,0.382683,0.92388,0.92388,0.382683,2,7,72,63,1015.9,1011.8,6,3,25.6,27.7,7.69791,5.43332,2.1,-4.1,1
0.556017,-0.831171,22.1,29.1,0,5.8,8.8,0.707107,0.707107,22,0.382683,-0.92388,0.382683,0.92388,6,11,63,64,1014.5,1010.9,6,7,26.1,27.6,7.43735,7.6067,1.5,-3.6,0
0.570242,-0.821477,19.8,29.3,19,7.8,5.5,0.92388,-0.382683,26,0.707107,0.707107,0.382683,0.92388,2,13,67,69,1013.3,1008.7,7,3,25,26.7,6.17153,6.56428,1.7,-4.6,1
0.584298,-0.811539,19.5,33.3,0,4,9.2,-0.92388,0.382683,37,0.707107,-0.707107,0.382683,0.92388,6,13,48,52,1011.3,1007.6,4,5,29.2,30,10.9488,12.1565,0.8,-3.7,0
0.598181,-0.801361,22.1,25,0.4,7.8,0.7,-0.707107,0.707107,28,6.12323e-17,1,0.707107,0.707107,11,6,75,71,1014.5,1012.4,8,8,23.6,24.2,5.60029,4.69883,0.6,-2.1,0
0.611886,-0.790946,18.3,25.9,14,3.8,0.4,-0.382683,0.92388,39,-1,1.22465e-16,-0.382683,0.92388,6,17,78,55,1017.1,1014.4,7,7,21.7,24.5,9.64388,4.0097,2.8,-2.7,1
0.625411,-0.780296,17,26.6,0,5.6,11.9,0.382683,0.92388,24,6.12323e-17,1,0.382683,0.92388,2,11,59,53,1016.2,1013,4,2,23.3,24.8,10.2411,8.47152,1.5,-3.2,0
0.638749,-0.769415,17.3,26.5,0,6.4,8.9,0.382683,0.92388,28,-0.707107,0.707107,6.12323e-17,1,7,15,70,46,1019.1,1017.3,7,3,22.1,26,12.529,5.73502,3.9,-1.8,0
0.651899,-0.758306,17.2,26.4,0,7.2,7.8,6.12323e-17,1,26,-0.382683,0.92388,0.382683,0.92388,11,9,60,60,1021.2,1018.1,7,7,24.2,24.6,8.29085,8.26598,0.4,-3.1,0
0.664855,-0.746972,19,28.1,0,6.6,12.3,0.707107,0.707107,28,0.707107,0.707107,0.707107,0.707107,4,11,65,56,1016.6,1012.1,5,1,24.5,27,9.53976,7.02125,2.5,-4.5,0
0.677615,-0.735417,19.8,26.7,1,7,3.2,1,0,24,-1,1.22465e-16,0.92388,0.382683,4,4,81,80,1012.9,1006.8,7,7,22.7,23.8,3.66502,3.4348,1.1,-6.1,0
0.690173,-0.723644,19.7,27.3,10.6,3.6,8.8,-0.707107,0.707107,41,-0.92388,-0.382683,-0.707107,0.707107,9,19,65,54,1010.9,1009.5,7,5,24.5,25.9,10.0329,7.02125,1.4,-1.4,1
0.702527,-0.711657,17.9,27,0.2,6.4,9.8,-0.382683,0.92388,35,-0.92388,0.382683,6.12323e-17,1,9,13,47,54,1016,1013.7,4,7,24.6,24.7,9.94353,12.0718,0.1,-2.3,0
0.714673,-0.699458,16.5,26,0.6,7,12.6,6.12323e-17,1,28,-0.707107,0.707107,0.707107,0.707107,7,11,55,51,1019.5,1017.6,5,2,23.8,23.9,10.7633,9.5934,0.1,-1.9,0
0.726608,-0.687053,16.1,28.2,0,7.6,13,1,0,22,0.707107,0.707107,0.92388,0.382683,4,7,53,48,1020.1,1016.5,2,1,24.1,27.4,11.9968,10.1876,3.3,-3.6,0
0.738326,-0.674444,17.2,33.4,0,7,11.9,0.382683,0.92388,22,1,0,0.382683,0.92388,2,11,54,53,1018,1014.1,0,1,26.8,30.2,10.6582,10.1003,3.4,-3.9,0
0.749826,-0.661635,18.7,30.9,0,8,12.7,0.707107,0.707107,26,0.382683,0.92388,0.92388,0.382683,7,11,48,46,1017.5,1014,0,1,30.1,29.9,12.8933,12.2367,-0.2,-3.5,0
0.761104,-0.64863,19.9,33.3,0,9.2,12.2,-0.382683,0.92388,41,0.382683,0.92388,0.382683,0.92388,6,13,39,54,1015.5,1011.2,0,0,29.6,30.3,10.3641,15.442,0.7,-4.3,0
0.772157,-0.635432,22.4,28.4,0,9,1.8,-0.707107,0.707107,31,6.12323e-17,1,-0.382683,0.92388,13,9,71,73,1017.9,1015.1,8,8,24.6,24.5,5.16669,5.61722,-0.1,-2.8,0
0.78298,-0.622047,22,29.9,0,3.8,11.6,0.707107,0.707107,31,0.382683,0.92388,0.707107,0.707107,7,13,59,59,1014.6,1010.7,3,1,27.5,28.4,8.80024,8.74179,0.9,-3.9,0
0.793572,-0.608477,20.2,30.5,0,7.8,11.1,6.12323e-17,1,24,6.12323e-17,1,6.12323e-17,1,6,13,59,62,1014.7,1012.4,3,5,28.1,28.2,7.98605,8.78074,0.1,-2.3,0
0.803928,-0.594727,23.3,31,0,9.6,12.4,0.707107,0.707107,24,1,0,0.707107,0.707107,6,9,60,54,1016.1,1012.2,4,1,27.7,29.7,10.3186,8.4848,2,-3.9,0
0.814046,-0.5808,21.6,31.8,0,8.4,12.1,0.707107,0.707107,31,1,0,0.92388,0.382683,6,13,56,62,1013.4,1008.3,1,2,28.2,29.7,8.07504,9.62488,1.5,-5.1,0
0.823923,-0.566702,23.5,31.1,0,8.6,10.1,6.12323e-17,1,35,6.12323e-17,1,0.382683,0.92388,15,11,59,57,1012.1,1010.1,3,3,28.1,29.8,9.45215,8.78074,1.7,-2,0
0.833556,-0.552435,23.1,30.4,0,8.2,7.3,6.12323e-17,1,24,0.92388,-0.382683,0.707107,0.707107,4,11,62,65,1014.5,1012.4,6,5,27.4,29.4,7.28248,7.93879,2,-2.1,0
0.842942,-0.538005,24.1,31,0.2,6.7,8.7,0.382683,-0.92388,57,0.92388,0.382683,0.707107,0.707107,7,15,58,64,1013.6,1009.1,3,6,29.7,29,7.51494,9.16299,-0.7,-4.5,0
0.852078,-0.523416,20.6,31.8,16.6,11,10.3,0.707107,0.707107,28,0.92388,0.382683,0.707107,0.707107,7,11,63,65,1012.7,1009.8,3,6,29,29.9,7.3094,7.7724,0.9,-2.9,1
0.860961,-0.508671,22.1,31.3,0,8,8.2,0.707107,0.707107,30,0.92388,0.382683,0.707107,0.707107,6,11,58,64,1015.6,1013.2,3,8,29.2,28.5,7.48719,9.12934,-0.7,-2.4,0
0.869589,-0.493776,23.8,27.9,0.4,7.6,0.2,0.382683,-0.92388,22,0.92388,-0.382683,0.382683,-0.92388,6,6,69,75,1016.2,1015.1,7,7,26.6,25.1,4.75244,6.16691,-1.5,-1.1,0
0.87796,-0.478734,21.2,27.9,2,2,6.9,-0.707107,0.707107,35,-0.92388,-0.382683,-0.92388,0.382683,7,13,78,42,1020.5,1019.9,7,7,24.1,26.5,13.9707,4.08365,2.4,-0.6,1
0.886071,-0.46355,17.3,25.6,0.2,10,4.2,-0.92388,0.382683,33,-1,1.22465e-16,-0.92388,0.382683,9,11,52,56,1022,1019.8,7,7,23.8,24,9.32856,10.4575,0.2,-2.2,0
0.893919,-0.448229,16.9,28.4,0,5.6,12.7,-0.382683,0.92388,33,-1,1.22465e-16,-0.382683,0.92388,7,17,51,48,1020.2,1016.9,4,2,25.4,25.8,11.8556,10.8845,0.4,-3.3,0
0.901502,-0.432776,17.5,29.1,0,9,13.1,6.12323e-17,1,35,-0.382683,0.92388,6.12323e-17,1,6,15,50,42,1018.9,1016.1,3,1,25.9,27.1,14.0326,11.2327,1.2,-2.8,0
0.908818,-0.417194,18,29.8,0,9.6,13.1,0.382683,0.92388,28,-0.382683,0.92388,0.382683,0.92388,6,11,55,54,1019.9,1017.6,2,5,27.5,28.4,10.2205,9.86168,0.9,-2.3,0
0.915864,-0.401488,18.3,30.7,0,4,12.8,0.382683,0.92388,26,0.707107,0.707107,0.707107,0.707107,7,11,51,51,1021.6,1018.5,3,2,28.5,28.8,11.1617,11.1371,0.3,-3.1,0
0.92264,-0.385663,20.7,30.8,0,8.4,8.7,0.707107,0.707107,26,0.707107,-0.707107,0.707107,0.707107,6,11,58,59,1020,1016.3,7,7,27.5,27.7,8.75476,9.01538,0.2,-3.7,0
0.929141,-0.369725,23.1,32.3,0,8.8,8.7,-0.707107,0.707107,41,-0.382683,-0.92388,0.92388,0.382683,4,7,56,60,1016.4,1012.5,6,6,28.2,28.4,8.5289,9.62488,0.2,-3.9,0
0.935368,-0.353676,20,32.5,0.6,7.8,9.4,0.92388,0.382683,33,0.92388,0.382683,0.707107,0.707107,4,11,60,67,1012.4,1007,1,5,28.9,28.3,6.72812,8.56047,-0.6,-5.4,0
0.946988,-0.32127,19.7,27.3,9.8,4.4,4.5,6.12323e-17,1,28,-0.92388,-0.382683,-0.707107,0.707107,6,11,91,41,1018.7,1016.6,8,4,20.7,26.7,14.3589,1.52494,6,-2.1,1
0.952378,-0.304921,17.6,29.1,0.8,3.8,12.8,0.382683,0.92388,24,0.707107,0.707107,0.382683,0.92388,6,11,55,52,1017.9,1014.8,5,1,26.4,27.6,10.7573,9.78155,1.2,-3.1,0
0.957485,-0.288482,19.8,29.9,0,7.2,8.5,6.12323e-17,1,31,0.92388,0.382683,0.382683,0.92388,4,13,59,56,1016.1,1012.8,7,7,26.1,27.6,9.58227,8.65124,1.5,-3.3,0
0.962309,-0.271958,21.9,27.3,0,7.2,1.3,6.12323e-17,1,20,6.12323e-17,1,-0.382683,0.92388,6,6,58,51,1015.7,1013.3,7,7,25.9,26.5,10.9738,8.90875,0.6,-2.4,0
0.966848,-0.255353,19.8,29.7,3.8,4.8,10.1,6.12323e-17,1,33,-0.382683,0.92388,-0.382683,0.92388,11,15,52,42,1015.1,1013.5,7,4,26,28.2,14.1463,10.6306,2.2,-1.6,1
0.9711,-0.238673,18.7,28.6,3.2,9,10.9,0.707107,0.707107,28,-0.382683,0.92388,0.382683,0.92388,7,11,59,49,1017.1,1014.8,7,2,25.6,27.2,11.6574,8.61901,1.6,-2.3,1
0.975065,-0.221922,18.4,28.7,0,7.6,13.2,0.382683,0.92388,30,0.707107,-0.707107,0.382683,0.92388,6,15,58,52,1017.3,1015.3,3,1,25.1,27.2,10.7256,8.85567,2.1,-2,0
0.97874,-0.205104,18.8,30.1,0,10,12.1,0.707107,0.707107,28,0.92388,0.382683,0.382683,0.92388,6,13,43,59,1019.1,1016.2,3,3,28,27.7,8.75476,13.7623,-0.3,-2.9,0
0.982126,-0.188227,21.9,31.2,0,7.4,11.5,0.707107,0.707107,26,0.707107,0.707107,0.92388,0.382683,6,11,45,39,1019,1015.9,2,1,28.2,29.6,15.442,13.0766,1.4,-3.1,0
0.98522,-0.171293,21.6,30.5,0,10.4,9.6,0.707107,0.707107,24,0.382683,0.92388,0.707107,0.707107,7,11,53,55,1018.2,1014.9,6,7,27.1,27.5,9.86168,10.4177,0.4,-3.3,0
0.988023,-0.154309,20.8,30.6,0,8.2,12,6.12323e-17,1,28,0.382683,0.92388,0.382683,0.92388,7,13,49,45,1014.7,1011,6,2,28.2,29.3,13.1823,11.7436,1.1,-3.7,0
0.990532,-0.137279,20.8,28.1,3.2,8.8,1.3,-0.92388,0.382683,28,-0.92388,-0.382683,0.382683,0.92388,6,7,63,59,1014.2,1011.9,7,7,26,26.9,8.70293,7.60102,0.9,-2.3,1
0.992749,-0.120208,19.7,28.4,9.2,4.6,10.3,-0.707107,0.707107,26,-0.707107,-0.707107,-0.707107,0.707107,7,13,64,54,1014.1,1011.4,7,6,24.8,27.1,10.1228,7.28335,2.3,-2.7,1
0.994671,-0.103102,19,32,0.4,7.2,12.9,1,0,24,-0.382683,0.92388,0.707107,0.707107,2,9,57,52,1012.6,1008.8,5,2,26.1,30.4,10.9809,9.19698,4.3,-3.8,0
0.996298,-0.0859648,23.6,31.2,0.8,8.8,0.8,-0.707107,0.707107,26,0.92388,0.382683,0.382683,0.92388,4,4,65,76,1012.7,1010.5,8,8,28.1,27.6,4.62339,7.21272,-0.5,-2.2,0
0.99763,-0.0688024,20.1,29,0.8,5.8,5.1,-0.92388,0.382683,35,-0.707107,0.707107,-0.707107,0.707107,13,11,51,56,1017.1,1014.8,6,7,25.6,25.9,9.46205,10.9007,0.3,-2.3,0
0.998667,-0.0516197,18.5,26.5,0,9,8.2,-0.92388,0.382683,33,-1,1.22465e-16,-0.707107,0.707107,11,11,51,51,1016.9,1014.8,4,6,23.4,25.2,10.8683,10.723,1.8,-2.1,0
0.999407,-0.0344216,19.1,29.8,0,8,11.6,-0.92388,0.382683,33,-1,1.22465e-16,-0.382683,0.92388,7,13,47,48,1015.9,1013.5,3,3,26.2,27.1,11.9702,12.2161,0.9,-2.4,0
0.999852,-0.0172134,19.4,29.9,0,10.8,11.4,6.12323e-17,1,35,-0.92388,0.382683,-0.707107,0.707107,7,17,44,43,1015,1012.5,7,1,26,28.2,13.7825,13.2103,2.2,-2.5,0
